shopping,shopping_sigla,campanha_id,campanha,tipo_canal,data,impressoes,alcance,frequencia,custo,cliques,conversoes
GERAL,GERAL,21741027756,[APP INSTAL - GS],MULTI_CHANNEL,2025-06-06,581,304,1.9111842105263157,21.409528,40,18.0
GERAL,GERAL,21741027756,[APP INSTAL - GS],MULTI_CHANNEL,2025-06-07,1527,744,2.0524193548387095,21.5248,73,30.0
GERAL,GERAL,21741027756,[APP INSTAL - GS],MULTI_CHANNEL,2025-06-08,771,338,2.2810650887573964,20.771182,41,17.0
GERAL,GERAL,21741027756,[APP INSTAL - GS],MULTI_CHANNEL,2025-06-09,236,131,1.8015267175572518,11.350339,30,16.0
GERAL,GERAL,21741027756,[APP INSTAL - GS],MULTI_CHANNEL,2025-06-10,240,141,1.702127659574468,10.979816,19,7.0
GERAL,GERAL,21741027756,[APP INSTAL - GS],MULTI_CHANNEL,2025-06-11,316,162,1.9506172839506173,10.09904,15,4.0
GERAL,GERAL,21741027756,[APP INSTAL - GS],MULTI_CHANNEL,2025-06-12,647,388,1.6675257731958764,10.466375,34,22.0
GERAL,GERAL,21741027756,[APP INSTAL - GS],MULTI_CHANNEL,2025-06-13,223,148,1.5067567567567568,9.872526,19,4.0
GERAL,GERAL,21741027756,[APP INSTAL - GS],MULTI_CHANNEL,2025-06-14,180,108,1.6666666666666667,10.573687,21,10.0
GERAL,GERAL,21741027756,[APP INSTAL - GS],MULTI_CHANNEL,2025-06-15,144,103,1.3980582524271845,9.883469,14,5.0
GERAL,GERAL,21741027756,[APP INSTAL - GS],MULTI_CHANNEL,2025-06-16,236,150,1.5733333333333333,10.355606,17,6.0
GERAL,GERAL,21741027756,[APP INSTAL - GS],MULTI_CHANNEL,2025-06-17,375,209,1.7942583732057416,9.866688,19,3.0
GERAL,GERAL,21741027756,[APP INSTAL - GS],MULTI_CHANNEL,2025-06-18,132,87,1.5172413793103448,10.152437,19,5.0
GERAL,GERAL,21741027756,[APP INSTAL - GS],MULTI_CHANNEL,2025-06-19,378,188,2.0106382978723403,10.557672,19,7.0
GERAL,GERAL,21741027756,[APP INSTAL - GS],MULTI_CHANNEL,2025-06-20,577,306,1.8856209150326797,9.563801,37,12.0
GERAL,GERAL,21741027756,[APP INSTAL - GS],MULTI_CHANNEL,2025-06-21,599,350,1.7114285714285715,9.846092,31,12.0
GERAL,GERAL,21741027756,[APP INSTAL - GS],MULTI_CHANNEL,2025-06-22,368,183,2.010928961748634,9.839195,22,5.0
GERAL,GERAL,21741027756,[APP INSTAL - GS],MULTI_CHANNEL,2025-06-23,345,186,1.8548387096774193,10.561431,19,8.0
GERAL,GERAL,21741027756,[APP INSTAL - GS],MULTI_CHANNEL,2025-06-24,248,129,1.9224806201550388,9.642336,16,5.0
GERAL,GERAL,21741027756,[APP INSTAL - GS],MULTI_CHANNEL,2025-06-25,442,248,1.782258064516129,9.548958,22,3.0
GERAL,GERAL,21741027756,[APP INSTAL - GS],MULTI_CHANNEL,2025-06-26,222,118,1.88135593220339,10.339506,18,6.0
GERAL,GERAL,21741027756,[APP INSTAL - GS],MULTI_CHANNEL,2025-06-27,435,228,1.9078947368421053,9.482545,28,6.0
GERAL,GERAL,21741027756,[APP INSTAL - GS],MULTI_CHANNEL,2025-06-28,346,204,1.696078431372549,9.494889,35,11.0
GERAL,GERAL,21741027756,[APP INSTAL - GS],MULTI_CHANNEL,2025-06-29,561,358,1.5670391061452513,9.44514,29,11.0
GERAL,GERAL,21741027756,[APP INSTAL - GS],MULTI_CHANNEL,2025-06-30,291,179,1.6256983240223464,9.006578,17,6.0
GERAL,GERAL,21741027756,[APP INSTAL - GS],MULTI_CHANNEL,2025-07-01,184,109,1.688073394495413,10.340752,16,3.0
GERAL,GERAL,21741027756,[APP INSTAL - GS],MULTI_CHANNEL,2025-07-02,528,342,1.543859649122807,9.783122,28,8.0
GERAL,GERAL,21741027756,[APP INSTAL - GS],MULTI_CHANNEL,2025-07-03,344,223,1.5426008968609866,10.253954,17,5.0
GERAL,GERAL,21741027756,[APP INSTAL - GS],MULTI_CHANNEL,2025-07-04,197,114,1.7280701754385965,10.256631,15,6.0
GERAL,GERAL,21741027756,[APP INSTAL - GS],MULTI_CHANNEL,2025-07-05,389,213,1.8262910798122065,10.552014,20,10.0
GERAL,GERAL,21741027756,[APP INSTAL - GS],MULTI_CHANNEL,2025-07-06,498,302,1.6490066225165563,10.60432,38,17.0
GERAL,GERAL,21741027756,[APP INSTAL - GS],MULTI_CHANNEL,2025-07-07,502,264,1.9015151515151516,20.434411,38,11.0
GERAL,GERAL,21741027756,[APP INSTAL - GS],MULTI_CHANNEL,2025-07-08,614,346,1.7745664739884393,20.940304,33,14.0
GERAL,GERAL,21741027756,[APP INSTAL - GS],MULTI_CHANNEL,2025-07-09,862,504,1.7103174603174602,20.532495,42,12.0
GERAL,GERAL,21741027756,[APP INSTAL - GS],MULTI_CHANNEL,2025-07-10,709,353,2.008498583569405,20.858275,41,13.0
GERAL,GERAL,21741027756,[APP INSTAL - GS],MULTI_CHANNEL,2025-07-11,729,398,1.8316582914572865,21.880049,30,12.0
GERAL,GERAL,21741027756,[APP INSTAL - GS],MULTI_CHANNEL,2025-07-12,476,281,1.6939501779359432,21.47467,34,9.0
GERAL,GERAL,21741027756,[APP INSTAL - GS],MULTI_CHANNEL,2025-07-13,817,493,1.6572008113590264,19.95078,53,18.0
GERAL,GERAL,21741027756,[APP INSTAL - GS],MULTI_CHANNEL,2025-07-14,869,489,1.7770961145194275,19.938306,45,18.0
GERAL,GERAL,21741027756,[APP INSTAL - GS],MULTI_CHANNEL,2025-07-15,1095,652,1.6794478527607362,19.778493,47,6.0
GERAL,GERAL,21741027756,[APP INSTAL - GS],MULTI_CHANNEL,2025-07-16,904,559,1.6171735241502683,20.525098,49,8.0
GERAL,GERAL,21741027756,[APP INSTAL - GS],MULTI_CHANNEL,2025-07-17,663,407,1.628992628992629,21.885613,41,18.0
GERAL,GERAL,21741027756,[APP INSTAL - GS],MULTI_CHANNEL,2025-07-18,522,320,1.63125,20.79856,38,17.0
GERAL,GERAL,21741027756,[APP INSTAL - GS],MULTI_CHANNEL,2025-07-19,1065,600,1.775,19.450923,49,19.0
GERAL,GERAL,21741027756,[APP INSTAL - GS],MULTI_CHANNEL,2025-07-20,345,220,1.5681818181818181,18.400041,29,11.0
GERAL,GERAL,21741027756,[APP INSTAL - GS],MULTI_CHANNEL,2025-07-21,419,203,2.064039408866995,21.751861,33,15.0
GERAL,GERAL,21741027756,[APP INSTAL - GS],MULTI_CHANNEL,2025-07-22,702,439,1.5990888382687927,20.467898,46,14.0
GERAL,GERAL,21741027756,[APP INSTAL - GS],MULTI_CHANNEL,2025-07-23,310,189,1.6402116402116402,19.130004,28,8.0
GERAL,GERAL,21741027756,[APP INSTAL - GS],MULTI_CHANNEL,2025-07-24,706,443,1.5936794582392777,19.247434,44,16.0
GERAL,GERAL,21741027756,[APP INSTAL - GS],MULTI_CHANNEL,2025-07-25,911,558,1.6326164874551972,20.580823,47,10.0
GERAL,GERAL,21741027756,[APP INSTAL - GS],MULTI_CHANNEL,2025-07-26,379,224,1.6919642857142858,19.96517,33,8.0
GERAL,GERAL,21741027756,[APP INSTAL - GS],MULTI_CHANNEL,2025-07-27,675,424,1.5919811320754718,19.1522,53,24.0
GERAL,GERAL,21741027756,[APP INSTAL - GS],MULTI_CHANNEL,2025-07-28,599,304,1.9703947368421053,18.643851,43,14.0
GERAL,GERAL,21741027756,[APP INSTAL - GS],MULTI_CHANNEL,2025-07-29,367,223,1.6457399103139014,19.226785,33,12.0
GERAL,GERAL,21741027756,[APP INSTAL - GS],MULTI_CHANNEL,2025-07-30,294,199,1.4773869346733668,10.779448,21,14.0
GERAL,GERAL,21741027756,[APP INSTAL - GS],MULTI_CHANNEL,2025-07-31,198,108,1.8333333333333333,10.040374,21,9.0
GERAL,GERAL,21741027756,[APP INSTAL - GS],MULTI_CHANNEL,2025-08-01,173,121,1.4297520661157024,11.061877,19,9.0
GERAL,GERAL,21741027756,[APP INSTAL - GS],MULTI_CHANNEL,2025-08-02,429,279,1.5376344086021505,10.092793,40,25.0
GERAL,GERAL,21741027756,[APP INSTAL - GS],MULTI_CHANNEL,2025-08-03,395,228,1.7324561403508771,10.200395,21,12.0
GERAL,GERAL,21741027756,[APP INSTAL - GS],MULTI_CHANNEL,2025-08-04,416,248,1.6774193548387097,11.239983,21,6.0
GERAL,GERAL,21741027756,[APP INSTAL - GS],MULTI_CHANNEL,2025-08-05,428,268,1.5970149253731343,10.265237,15,5.0
GERAL,GERAL,21741027756,[APP INSTAL - GS],MULTI_CHANNEL,2025-08-06,322,190,1.694736842105263,9.961262,15,3.0
GERAL,GERAL,21741027756,[APP INSTAL - GS],MULTI_CHANNEL,2025-08-07,209,125,1.672,10.15757,11,5.0
GERAL,GERAL,21741027756,[APP INSTAL - GS],MULTI_CHANNEL,2025-08-08,142,96,1.4791666666666667,9.518999,16,4.0
GERAL,GERAL,21741027756,[APP INSTAL - GS],MULTI_CHANNEL,2025-08-09,561,359,1.5626740947075208,10.283496,35,22.0
GERAL,GERAL,21741027756,[APP INSTAL - GS],MULTI_CHANNEL,2025-08-10,372,273,1.3626373626373627,9.70859,31,16.0
GERAL,GERAL,21741027756,[APP INSTAL - GS],MULTI_CHANNEL,2025-08-11,382,209,1.8277511961722488,10.248044,21,8.0
GERAL,GERAL,21741027756,[APP INSTAL - GS],MULTI_CHANNEL,2025-08-12,171,110,1.5545454545454545,10.185812,17,12.0
GERAL,GERAL,21741027756,[APP INSTAL - GS],MULTI_CHANNEL,2025-08-13,179,115,1.5565217391304347,10.652761,17,6.0
GERAL,GERAL,21741027756,[APP INSTAL - GS],MULTI_CHANNEL,2025-08-14,307,196,1.566326530612245,10.66319,18,6.0
GERAL,GERAL,21741027756,[APP INSTAL - GS],MULTI_CHANNEL,2025-08-15,351,231,1.5194805194805194,9.759878,24,9.0
GERAL,GERAL,21741027756,[APP INSTAL - GS],MULTI_CHANNEL,2025-08-16,168,103,1.6310679611650485,9.357848,15,6.0
GERAL,GERAL,21741027756,[APP INSTAL - GS],MULTI_CHANNEL,2025-08-17,225,140,1.6071428571428572,9.883826,15,6.0
GERAL,GERAL,21741027756,[APP INSTAL - GS],MULTI_CHANNEL,2025-08-18,351,206,1.703883495145631,9.652592,26,11.0
GERAL,GERAL,21741027756,[APP INSTAL - GS],MULTI_CHANNEL,2025-08-19,200,119,1.680672268907563,9.899392,14,6.0
GERAL,GERAL,21741027756,[APP INSTAL - GS],MULTI_CHANNEL,2025-08-20,121,84,1.4404761904761905,10.095634,15,6.0
GERAL,GERAL,21741027756,[APP INSTAL - GS],MULTI_CHANNEL,2025-08-21,146,84,1.7380952380952381,9.346499,16,3.0
GERAL,GERAL,21741027756,[APP INSTAL - GS],MULTI_CHANNEL,2025-08-22,289,182,1.5879120879120878,9.953844,19,7.0
GERAL,GERAL,21741027756,[APP INSTAL - GS],MULTI_CHANNEL,2025-08-23,210,139,1.5107913669064748,9.816019,13,5.0
GERAL,GERAL,21741027756,[APP INSTAL - GS],MULTI_CHANNEL,2025-08-24,208,143,1.4545454545454546,9.356933,17,3.0
GERAL,GERAL,21741027756,[APP INSTAL - GS],MULTI_CHANNEL,2025-08-25,180,124,1.4516129032258065,8.498761,13,5.0
GERAL,GERAL,21741027756,[APP INSTAL - GS],MULTI_CHANNEL,2025-08-26,90,72,1.25,9.412893,12,3.0
GERAL,GERAL,21741027756,[APP INSTAL - GS],MULTI_CHANNEL,2025-08-27,244,175,1.3942857142857144,10.504156,19,7.0
GERAL,GERAL,21741027756,[APP INSTAL - GS],MULTI_CHANNEL,2025-08-28,226,144,1.5694444444444444,9.165906,11,5.0
GERAL,GERAL,21741027756,[APP INSTAL - GS],MULTI_CHANNEL,2025-08-29,324,242,1.3388429752066116,8.762222,20,7.0
GERAL,GERAL,21741027756,[APP INSTAL - GS],MULTI_CHANNEL,2025-08-30,333,223,1.493273542600897,8.875958,20,14.0
GERAL,GERAL,21741027756,[APP INSTAL - GS],MULTI_CHANNEL,2025-08-31,374,287,1.3031358885017421,8.594103,26,16.0
GERAL,GERAL,21741027756,[APP INSTAL - GS],MULTI_CHANNEL,2025-09-01,317,196,1.6173469387755102,14.433443,19,6.0
GERAL,GERAL,21741027756,[APP INSTAL - GS],MULTI_CHANNEL,2025-09-02,351,226,1.5530973451327434,12.951836,26,9.0
GERAL,GERAL,21741027756,[APP INSTAL - GS],MULTI_CHANNEL,2025-09-03,386,282,1.3687943262411348,12.796363,31,2.0
GERAL,GERAL,21741076989,[APP INSTAL - NK],MULTI_CHANNEL,2025-06-06,569,288,1.9756944444444444,20.68865,37,18.0
GERAL,GERAL,21741076989,[APP INSTAL - NK],MULTI_CHANNEL,2025-06-07,535,260,2.0576923076923075,22.800434,39,17.0
GERAL,GERAL,21741076989,[APP INSTAL - NK],MULTI_CHANNEL,2025-06-08,1120,599,1.8697829716193657,20.193685,80,39.0
GERAL,GERAL,21741076989,[APP INSTAL - NK],MULTI_CHANNEL,2025-06-09,322,161,2.0,10.546195,24,11.0
GERAL,GERAL,21741076989,[APP INSTAL - NK],MULTI_CHANNEL,2025-06-10,259,163,1.5889570552147239,10.023846,36,17.0
GERAL,GERAL,21741076989,[APP INSTAL - NK],MULTI_CHANNEL,2025-06-11,222,119,1.865546218487395,10.765622,16,10.0
GERAL,GERAL,21741076989,[APP INSTAL - NK],MULTI_CHANNEL,2025-06-12,249,140,1.7785714285714285,11.869277,15,8.0
GERAL,GERAL,21741076989,[APP INSTAL - NK],MULTI_CHANNEL,2025-06-13,133,72,1.8472222222222223,10.487251,13,4.0
GERAL,GERAL,21741076989,[APP INSTAL - NK],MULTI_CHANNEL,2025-06-14,261,157,1.6624203821656052,9.846001,28,19.0
GERAL,GERAL,21741076989,[APP INSTAL - NK],MULTI_CHANNEL,2025-06-15,114,70,1.6285714285714286,10.131077,15,5.0
GERAL,GERAL,21741076989,[APP INSTAL - NK],MULTI_CHANNEL,2025-06-16,220,127,1.7322834645669292,9.182153,13,6.0
GERAL,GERAL,21741076989,[APP INSTAL - NK],MULTI_CHANNEL,2025-06-17,196,136,1.4411764705882353,9.761238,27,13.0
GERAL,GERAL,21741076989,[APP INSTAL - NK],MULTI_CHANNEL,2025-06-18,461,254,1.81496062992126,10.685355,27,11.0
GERAL,GERAL,21741076989,[APP INSTAL - NK],MULTI_CHANNEL,2025-06-19,603,316,1.9082278481012658,9.935172,36,16.0
GERAL,GERAL,21741076989,[APP INSTAL - NK],MULTI_CHANNEL,2025-06-20,281,160,1.75625,10.034403,24,9.0
GERAL,GERAL,21741076989,[APP INSTAL - NK],MULTI_CHANNEL,2025-06-21,366,207,1.7681159420289856,9.967465,22,9.0
GERAL,GERAL,21741076989,[APP INSTAL - NK],MULTI_CHANNEL,2025-06-22,214,123,1.7398373983739837,10.928174,25,7.0
GERAL,GERAL,21741076989,[APP INSTAL - NK],MULTI_CHANNEL,2025-06-23,208,121,1.71900826446281,9.781225,14,4.0
GERAL,GERAL,21741076989,[APP INSTAL - NK],MULTI_CHANNEL,2025-06-24,417,231,1.8051948051948052,9.885723,25,12.0
GERAL,GERAL,21741076989,[APP INSTAL - NK],MULTI_CHANNEL,2025-06-25,188,103,1.825242718446602,10.298412,13,5.0
GERAL,GERAL,21741076989,[APP INSTAL - NK],MULTI_CHANNEL,2025-06-26,129,68,1.8970588235294117,9.282459,12,4.0
GERAL,GERAL,21741076989,[APP INSTAL - NK],MULTI_CHANNEL,2025-06-27,220,146,1.5068493150684932,9.551585,22,5.0
GERAL,GERAL,21741076989,[APP INSTAL - NK],MULTI_CHANNEL,2025-06-28,383,206,1.8592233009708738,9.846353,36,19.0
GERAL,GERAL,21741076989,[APP INSTAL - NK],MULTI_CHANNEL,2025-06-29,241,146,1.6506849315068493,8.35061,16,8.0
GERAL,GERAL,21741076989,[APP INSTAL - NK],MULTI_CHANNEL,2025-06-30,217,133,1.631578947368421,8.977019,21,6.0
GERAL,GERAL,21741076989,[APP INSTAL - NK],MULTI_CHANNEL,2025-07-01,253,159,1.5911949685534592,9.994632,21,8.0
GERAL,GERAL,21741076989,[APP INSTAL - NK],MULTI_CHANNEL,2025-07-02,270,174,1.5517241379310345,10.49611,24,8.0
GERAL,GERAL,21741076989,[APP INSTAL - NK],MULTI_CHANNEL,2025-07-03,426,255,1.6705882352941177,10.187723,25,7.0
GERAL,GERAL,21741076989,[APP INSTAL - NK],MULTI_CHANNEL,2025-07-04,169,82,2.0609756097560976,10.2083,14,4.0
GERAL,GERAL,21741076989,[APP INSTAL - NK],MULTI_CHANNEL,2025-07-05,432,261,1.6551724137931034,10.061239,29,16.0
GERAL,GERAL,21741076989,[APP INSTAL - NK],MULTI_CHANNEL,2025-07-06,147,80,1.8375,10.374614,13,6.0
GERAL,GERAL,21741076989,[APP INSTAL - NK],MULTI_CHANNEL,2025-07-07,252,147,1.7142857142857142,10.75835,19,9.0
GERAL,GERAL,21741076989,[APP INSTAL - NK],MULTI_CHANNEL,2025-07-08,406,216,1.8796296296296295,9.038444,27,13.0
GERAL,GERAL,21741076989,[APP INSTAL - NK],MULTI_CHANNEL,2025-07-09,337,218,1.5458715596330275,10.140656,25,8.0
GERAL,GERAL,21741076989,[APP INSTAL - NK],MULTI_CHANNEL,2025-07-10,310,154,2.012987012987013,11.383514,17,6.0
GERAL,GERAL,21741076989,[APP INSTAL - NK],MULTI_CHANNEL,2025-07-11,370,215,1.7209302325581395,13.544063,25,13.0
GERAL,GERAL,21741076989,[APP INSTAL - NK],MULTI_CHANNEL,2025-07-12,489,262,1.866412213740458,10.971799,18,6.0
GERAL,GERAL,21741076989,[APP INSTAL - NK],MULTI_CHANNEL,2025-07-13,176,88,2.0,9.451829,13,4.0
GERAL,GERAL,21741076989,[APP INSTAL - NK],MULTI_CHANNEL,2025-07-14,255,153,1.6666666666666667,9.730854,20,7.0
GERAL,GERAL,21741076989,[APP INSTAL - NK],MULTI_CHANNEL,2025-07-15,563,316,1.7816455696202531,10.05045,26,12.0
GERAL,GERAL,21741076989,[APP INSTAL - NK],MULTI_CHANNEL,2025-07-16,393,227,1.7312775330396475,9.384188,24,5.0
GERAL,GERAL,21741076989,[APP INSTAL - NK],MULTI_CHANNEL,2025-07-17,280,200,1.4,9.251639,26,11.0
GERAL,GERAL,21741076989,[APP INSTAL - NK],MULTI_CHANNEL,2025-07-18,394,259,1.5212355212355213,9.538613,29,15.0
GERAL,GERAL,21741076989,[APP INSTAL - NK],MULTI_CHANNEL,2025-07-19,204,144,1.4166666666666667,10.528572,42,25.0
GERAL,GERAL,21741076989,[APP INSTAL - NK],MULTI_CHANNEL,2025-07-20,192,131,1.465648854961832,9.326941,18,5.0
GERAL,GERAL,21741076989,[APP INSTAL - NK],MULTI_CHANNEL,2025-07-21,144,79,1.8227848101265822,9.703528,16,2.0
GERAL,GERAL,21741076989,[APP INSTAL - NK],MULTI_CHANNEL,2025-07-22,185,113,1.6371681415929205,9.130371,14,3.0
GERAL,GERAL,21741076989,[APP INSTAL - NK],MULTI_CHANNEL,2025-07-23,99,60,1.65,9.334564,17,4.0
GERAL,GERAL,21741076989,[APP INSTAL - NK],MULTI_CHANNEL,2025-07-24,375,239,1.5690376569037656,10.909699,29,18.0
GERAL,GERAL,21741076989,[APP INSTAL - NK],MULTI_CHANNEL,2025-07-25,359,227,1.5814977973568283,8.662046,42,23.0
GERAL,GERAL,21741076989,[APP INSTAL - NK],MULTI_CHANNEL,2025-07-26,162,110,1.4727272727272727,10.276639,23,7.0
GERAL,GERAL,21741076989,[APP INSTAL - NK],MULTI_CHANNEL,2025-07-27,176,97,1.8144329896907216,8.634002,17,6.0
GERAL,GERAL,21741076989,[APP INSTAL - NK],MULTI_CHANNEL,2025-07-28,211,128,1.6484375,7.362787,15,5.0
GERAL,GERAL,21741076989,[APP INSTAL - NK],MULTI_CHANNEL,2025-07-29,171,105,1.6285714285714286,11.137533,16,6.0
GERAL,GERAL,21741076989,[APP INSTAL - NK],MULTI_CHANNEL,2025-07-30,284,133,2.1353383458646618,7.603533,15,7.0
GERAL,GERAL,21741076989,[APP INSTAL - NK],MULTI_CHANNEL,2025-07-31,205,137,1.4963503649635037,7.799577,13,8.0
GERAL,GERAL,21741076989,[APP INSTAL - NK],MULTI_CHANNEL,2025-08-01,199,138,1.4420289855072463,9.829407,15,4.0
GERAL,GERAL,21741076989,[APP INSTAL - NK],MULTI_CHANNEL,2025-08-02,333,186,1.7903225806451613,10.459564,21,9.0
GERAL,GERAL,21741076989,[APP INSTAL - NK],MULTI_CHANNEL,2025-08-03,220,113,1.9469026548672566,10.770237,19,9.0
GERAL,GERAL,21741076989,[APP INSTAL - NK],MULTI_CHANNEL,2025-08-04,345,216,1.5972222222222223,10.171016,22,8.0
GERAL,GERAL,21741076989,[APP INSTAL - NK],MULTI_CHANNEL,2025-08-05,332,196,1.6938775510204083,9.851884,21,9.0
GERAL,GERAL,21741076989,[APP INSTAL - NK],MULTI_CHANNEL,2025-08-06,249,174,1.4310344827586208,10.180319,20,9.0
GERAL,GERAL,21741076989,[APP INSTAL - NK],MULTI_CHANNEL,2025-08-07,246,156,1.5769230769230769,10.642586,17,8.0
GERAL,GERAL,21741076989,[APP INSTAL - NK],MULTI_CHANNEL,2025-08-08,198,118,1.6779661016949152,10.268698,16,7.0
GERAL,GERAL,21741076989,[APP INSTAL - NK],MULTI_CHANNEL,2025-08-09,229,148,1.5472972972972974,10.252941,22,10.0
GERAL,GERAL,21741076989,[APP INSTAL - NK],MULTI_CHANNEL,2025-08-10,276,160,1.725,9.512878,23,11.0
GERAL,GERAL,21741076989,[APP INSTAL - NK],MULTI_CHANNEL,2025-08-11,242,154,1.5714285714285714,10.239233,25,8.0
GERAL,GERAL,21741076989,[APP INSTAL - NK],MULTI_CHANNEL,2025-08-12,183,121,1.512396694214876,11.409837,21,7.0
GERAL,GERAL,21741076989,[APP INSTAL - NK],MULTI_CHANNEL,2025-08-13,164,122,1.3442622950819672,10.03172,21,9.0
GERAL,GERAL,21741076989,[APP INSTAL - NK],MULTI_CHANNEL,2025-08-14,293,141,2.078014184397163,9.960217,15,6.0
GERAL,GERAL,21741076989,[APP INSTAL - NK],MULTI_CHANNEL,2025-08-15,268,156,1.7179487179487178,10.115307,17,6.0
GERAL,GERAL,21741076989,[APP INSTAL - NK],MULTI_CHANNEL,2025-08-16,299,199,1.5025125628140703,8.942329,17,6.0
GERAL,GERAL,21741076989,[APP INSTAL - NK],MULTI_CHANNEL,2025-08-17,188,119,1.5798319327731092,9.798525,20,8.0
GERAL,GERAL,21741076989,[APP INSTAL - NK],MULTI_CHANNEL,2025-08-18,257,167,1.5389221556886228,9.666016,25,10.0
GERAL,GERAL,21741076989,[APP INSTAL - NK],MULTI_CHANNEL,2025-08-19,345,244,1.4139344262295082,9.899643,21,12.0
GERAL,GERAL,21741076989,[APP INSTAL - NK],MULTI_CHANNEL,2025-08-20,188,134,1.4029850746268657,9.547203,23,13.0
GERAL,GERAL,21741076989,[APP INSTAL - NK],MULTI_CHANNEL,2025-08-21,225,129,1.744186046511628,9.361036,18,8.0
GERAL,GERAL,21741076989,[APP INSTAL - NK],MULTI_CHANNEL,2025-08-22,176,89,1.9775280898876404,10.259016,14,6.0
GERAL,GERAL,21741076989,[APP INSTAL - NK],MULTI_CHANNEL,2025-08-23,256,161,1.5900621118012421,10.020066,20,7.0
GERAL,GERAL,21741076989,[APP INSTAL - NK],MULTI_CHANNEL,2025-08-24,120,85,1.411764705882353,9.45286,15,4.0
GERAL,GERAL,21741076989,[APP INSTAL - NK],MULTI_CHANNEL,2025-08-25,172,96,1.7916666666666667,9.548314,15,8.0
GERAL,GERAL,21741076989,[APP INSTAL - NK],MULTI_CHANNEL,2025-08-26,230,155,1.4838709677419355,8.794221,16,8.0
GERAL,GERAL,21741076989,[APP INSTAL - NK],MULTI_CHANNEL,2025-08-27,202,133,1.518796992481203,11.599568,18,3.0
GERAL,GERAL,21741076989,[APP INSTAL - NK],MULTI_CHANNEL,2025-08-28,157,68,2.3088235294117645,8.876636,10,5.0
GERAL,GERAL,21741076989,[APP INSTAL - NK],MULTI_CHANNEL,2025-08-29,355,256,1.38671875,9.316637,28,14.0
GERAL,GERAL,21741076989,[APP INSTAL - NK],MULTI_CHANNEL,2025-08-30,204,151,1.3509933774834437,10.626641,33,14.0
GERAL,GERAL,21741076989,[APP INSTAL - NK],MULTI_CHANNEL,2025-08-31,95,75,1.2666666666666666,6.230251,12,5.0
GERAL,GERAL,21741076989,[APP INSTAL - NK],MULTI_CHANNEL,2025-09-01,344,251,1.3705179282868525,13.628119,33,16.0
GERAL,GERAL,21741076989,[APP INSTAL - NK],MULTI_CHANNEL,2025-09-02,334,215,1.5534883720930233,12.625251,21,10.0
GERAL,GERAL,21741076989,[APP INSTAL - NK],MULTI_CHANNEL,2025-09-03,206,143,1.4405594405594406,12.564077,20,4.0
GERAL,GERAL,21741092154,[APP INSTAL - NS],MULTI_CHANNEL,2025-06-06,728,396,1.8383838383838385,21.191563,63,20.0
GERAL,GERAL,21741092154,[APP INSTAL - NS],MULTI_CHANNEL,2025-06-07,429,216,1.9861111111111112,21.740101,30,13.0
GERAL,GERAL,21741092154,[APP INSTAL - NS],MULTI_CHANNEL,2025-06-08,543,278,1.9532374100719425,19.232285,37,14.0
GERAL,GERAL,21741092154,[APP INSTAL - NS],MULTI_CHANNEL,2025-06-09,258,141,1.8297872340425532,10.689036,24,5.0
GERAL,GERAL,21741092154,[APP INSTAL - NS],MULTI_CHANNEL,2025-06-10,236,158,1.4936708860759493,10.045957,27,11.0
GERAL,GERAL,21741092154,[APP INSTAL - NS],MULTI_CHANNEL,2025-06-11,236,112,2.107142857142857,11.33951,18,9.0
GERAL,GERAL,21741092154,[APP INSTAL - NS],MULTI_CHANNEL,2025-06-12,291,154,1.8896103896103895,10.151129,22,13.0
GERAL,GERAL,21741092154,[APP INSTAL - NS],MULTI_CHANNEL,2025-06-13,236,136,1.7352941176470589,9.958758,16,6.0
GERAL,GERAL,21741092154,[APP INSTAL - NS],MULTI_CHANNEL,2025-06-14,176,92,1.9130434782608696,10.304091,18,11.0
GERAL,GERAL,21741092154,[APP INSTAL - NS],MULTI_CHANNEL,2025-06-15,401,202,1.9851485148514851,10.708088,38,24.0
GERAL,GERAL,21741092154,[APP INSTAL - NS],MULTI_CHANNEL,2025-06-16,258,149,1.7315436241610738,10.507984,17,5.0
GERAL,GERAL,21741092154,[APP INSTAL - NS],MULTI_CHANNEL,2025-06-17,192,108,1.7777777777777777,10.717884,20,9.0
GERAL,GERAL,21741092154,[APP INSTAL - NS],MULTI_CHANNEL,2025-06-18,371,181,2.0497237569060776,9.8744,23,6.0
GERAL,GERAL,21741092154,[APP INSTAL - NS],MULTI_CHANNEL,2025-06-19,222,108,2.0555555555555554,9.592558,16,5.0
GERAL,GERAL,21741092154,[APP INSTAL - NS],MULTI_CHANNEL,2025-06-20,470,226,2.079646017699115,10.114033,31,9.0
GERAL,GERAL,21741092154,[APP INSTAL - NS],MULTI_CHANNEL,2025-06-21,271,150,1.8066666666666666,10.192891,19,6.0
GERAL,GERAL,21741092154,[APP INSTAL - NS],MULTI_CHANNEL,2025-06-22,267,147,1.816326530612245,9.880234,20,6.0
GERAL,GERAL,21741092154,[APP INSTAL - NS],MULTI_CHANNEL,2025-06-23,382,183,2.087431693989071,9.432008,21,7.0
GERAL,GERAL,21741092154,[APP INSTAL - NS],MULTI_CHANNEL,2025-06-24,328,165,1.9878787878787878,9.947899,16,4.0
GERAL,GERAL,21741092154,[APP INSTAL - NS],MULTI_CHANNEL,2025-06-25,343,198,1.7323232323232323,10.289135,25,11.0
GERAL,GERAL,21741092154,[APP INSTAL - NS],MULTI_CHANNEL,2025-06-26,233,118,1.9745762711864407,10.148118,17,4.0
GERAL,GERAL,21741092154,[APP INSTAL - NS],MULTI_CHANNEL,2025-06-27,272,148,1.837837837837838,9.830075,21,5.0
GERAL,GERAL,21741092154,[APP INSTAL - NS],MULTI_CHANNEL,2025-06-28,143,92,1.5543478260869565,9.234873,17,10.0
GERAL,GERAL,21741092154,[APP INSTAL - NS],MULTI_CHANNEL,2025-06-29,257,126,2.0396825396825395,9.332129,21,4.0
GERAL,GERAL,21741092154,[APP INSTAL - NS],MULTI_CHANNEL,2025-06-30,244,123,1.983739837398374,8.425032,19,7.0
GERAL,GERAL,21741092154,[APP INSTAL - NS],MULTI_CHANNEL,2025-07-01,386,230,1.6782608695652175,10.348971,24,6.0
GERAL,GERAL,21741092154,[APP INSTAL - NS],MULTI_CHANNEL,2025-07-02,358,210,1.7047619047619047,9.911569,28,9.0
GERAL,GERAL,21741092154,[APP INSTAL - NS],MULTI_CHANNEL,2025-07-03,258,172,1.5,10.986569,24,6.0
GERAL,GERAL,21741092154,[APP INSTAL - NS],MULTI_CHANNEL,2025-07-04,288,161,1.7888198757763976,10.280715,22,8.0
GERAL,GERAL,21741092154,[APP INSTAL - NS],MULTI_CHANNEL,2025-07-05,254,139,1.8273381294964028,9.782639,15,6.0
GERAL,GERAL,21741092154,[APP INSTAL - NS],MULTI_CHANNEL,2025-07-06,180,77,2.3376623376623376,10.046314,14,4.0
GERAL,GERAL,21741092154,[APP INSTAL - NS],MULTI_CHANNEL,2025-07-07,359,220,1.6318181818181818,19.852154,31,13.0
GERAL,GERAL,21741092154,[APP INSTAL - NS],MULTI_CHANNEL,2025-07-08,461,245,1.8816326530612244,21.622985,48,19.0
GERAL,GERAL,21741092154,[APP INSTAL - NS],MULTI_CHANNEL,2025-07-09,529,262,2.019083969465649,21.30068,30,11.0
GERAL,GERAL,21741092154,[APP INSTAL - NS],MULTI_CHANNEL,2025-07-10,589,321,1.8348909657320873,19.783435,43,20.0
GERAL,GERAL,21741092154,[APP INSTAL - NS],MULTI_CHANNEL,2025-07-11,560,306,1.8300653594771241,22.174435,32,10.0
GERAL,GERAL,21741092154,[APP INSTAL - NS],MULTI_CHANNEL,2025-07-12,766,468,1.6367521367521367,20.446459,45,15.0
GERAL,GERAL,21741092154,[APP INSTAL - NS],MULTI_CHANNEL,2025-07-13,747,412,1.8131067961165048,19.810663,54,20.0
GERAL,GERAL,21741092154,[APP INSTAL - NS],MULTI_CHANNEL,2025-07-14,749,406,1.8448275862068966,20.531788,43,15.0
GERAL,GERAL,21741092154,[APP INSTAL - NS],MULTI_CHANNEL,2025-07-15,831,450,1.8466666666666667,20.752343,50,19.0
GERAL,GERAL,21741092154,[APP INSTAL - NS],MULTI_CHANNEL,2025-07-16,558,324,1.7222222222222223,21.068782,33,13.0
GERAL,GERAL,21741092154,[APP INSTAL - NS],MULTI_CHANNEL,2025-07-17,422,260,1.623076923076923,21.459236,38,16.0
GERAL,GERAL,21741092154,[APP INSTAL - NS],MULTI_CHANNEL,2025-07-18,614,350,1.7542857142857142,20.719599,43,16.0
GERAL,GERAL,21741092154,[APP INSTAL - NS],MULTI_CHANNEL,2025-07-19,330,169,1.952662721893491,19.891957,31,9.0
GERAL,GERAL,21741092154,[APP INSTAL - NS],MULTI_CHANNEL,2025-07-20,350,200,1.75,19.231093,28,17.0
GERAL,GERAL,21741092154,[APP INSTAL - NS],MULTI_CHANNEL,2025-07-21,491,248,1.9798387096774193,20.126859,33,8.0
GERAL,GERAL,21741092154,[APP INSTAL - NS],MULTI_CHANNEL,2025-07-22,509,300,1.6966666666666668,21.009741,32,5.0
GERAL,GERAL,21741092154,[APP INSTAL - NS],MULTI_CHANNEL,2025-07-23,907,562,1.613879003558719,19.164833,46,20.0
GERAL,GERAL,21741092154,[APP INSTAL - NS],MULTI_CHANNEL,2025-07-24,358,173,2.069364161849711,18.475327,27,13.0
GERAL,GERAL,21741092154,[APP INSTAL - NS],MULTI_CHANNEL,2025-07-25,604,381,1.5853018372703411,20.018251,48,18.0
GERAL,GERAL,21741092154,[APP INSTAL - NS],MULTI_CHANNEL,2025-07-26,738,445,1.658426966292135,19.216199,55,13.0
GERAL,GERAL,21741092154,[APP INSTAL - NS],MULTI_CHANNEL,2025-07-27,916,584,1.5684931506849316,19.479586,77,26.0
GERAL,GERAL,21741092154,[APP INSTAL - NS],MULTI_CHANNEL,2025-07-28,896,510,1.7568627450980392,19.828831,51,10.0
GERAL,GERAL,21741092154,[APP INSTAL - NS],MULTI_CHANNEL,2025-07-29,508,285,1.7824561403508772,18.704041,35,7.0
GERAL,GERAL,21741092154,[APP INSTAL - NS],MULTI_CHANNEL,2025-07-30,261,145,1.8,10.732624,23,9.0
GERAL,GERAL,21741092154,[APP INSTAL - NS],MULTI_CHANNEL,2025-07-31,315,181,1.7403314917127073,9.537308,15,5.0
GERAL,GERAL,21741092154,[APP INSTAL - NS],MULTI_CHANNEL,2025-08-01,532,294,1.8095238095238095,10.224276,23,12.0
GERAL,GERAL,21741092154,[APP INSTAL - NS],MULTI_CHANNEL,2025-08-02,380,237,1.6033755274261603,10.003141,37,17.0
GERAL,GERAL,21741092154,[APP INSTAL - NS],MULTI_CHANNEL,2025-08-03,187,97,1.9278350515463918,11.014407,20,10.0
GERAL,GERAL,21741092154,[APP INSTAL - NS],MULTI_CHANNEL,2025-08-04,282,143,1.972027972027972,9.948153,20,5.0
GERAL,GERAL,21741092154,[APP INSTAL - NS],MULTI_CHANNEL,2025-08-05,180,113,1.592920353982301,10.187379,12,6.0
GERAL,GERAL,21741092154,[APP INSTAL - NS],MULTI_CHANNEL,2025-08-06,256,141,1.8156028368794326,10.749115,18,7.0
GERAL,GERAL,21741092154,[APP INSTAL - NS],MULTI_CHANNEL,2025-08-07,296,162,1.8271604938271604,10.163937,17,4.0
GERAL,GERAL,21741092154,[APP INSTAL - NS],MULTI_CHANNEL,2025-08-08,242,158,1.5316455696202531,10.142715,16,8.0
GERAL,GERAL,21741092154,[APP INSTAL - NS],MULTI_CHANNEL,2025-08-09,368,236,1.5593220338983051,9.764331,32,10.0
GERAL,GERAL,21741092154,[APP INSTAL - NS],MULTI_CHANNEL,2025-08-10,275,177,1.5536723163841808,10.340599,19,7.0
GERAL,GERAL,21741092154,[APP INSTAL - NS],MULTI_CHANNEL,2025-08-11,359,205,1.751219512195122,9.502125,22,9.0
GERAL,GERAL,21741092154,[APP INSTAL - NS],MULTI_CHANNEL,2025-08-12,138,70,1.9714285714285715,10.98629,18,4.0
GERAL,GERAL,21741092154,[APP INSTAL - NS],MULTI_CHANNEL,2025-08-13,419,238,1.7605042016806722,10.264851,24,6.0
GERAL,GERAL,21741092154,[APP INSTAL - NS],MULTI_CHANNEL,2025-08-14,201,118,1.7033898305084745,9.813373,19,7.0
GERAL,GERAL,21741092154,[APP INSTAL - NS],MULTI_CHANNEL,2025-08-15,382,200,1.91,9.180876,19,6.0
GERAL,GERAL,21741092154,[APP INSTAL - NS],MULTI_CHANNEL,2025-08-16,174,99,1.7575757575757576,11.162037,17,7.0
GERAL,GERAL,21741092154,[APP INSTAL - NS],MULTI_CHANNEL,2025-08-17,266,140,1.9,10.063182,18,5.0
GERAL,GERAL,21741092154,[APP INSTAL - NS],MULTI_CHANNEL,2025-08-18,318,197,1.614213197969543,9.387018,20,9.0
GERAL,GERAL,21741092154,[APP INSTAL - NS],MULTI_CHANNEL,2025-08-19,204,135,1.511111111111111,9.820447,16,9.0
GERAL,GERAL,21741092154,[APP INSTAL - NS],MULTI_CHANNEL,2025-08-20,215,135,1.5925925925925926,8.548017,22,6.0
GERAL,GERAL,21741092154,[APP INSTAL - NS],MULTI_CHANNEL,2025-08-21,307,214,1.4345794392523366,9.464777,28,8.0
GERAL,GERAL,21741092154,[APP INSTAL - NS],MULTI_CHANNEL,2025-08-22,130,88,1.4772727272727273,9.907784,13,6.0
GERAL,GERAL,21741092154,[APP INSTAL - NS],MULTI_CHANNEL,2025-08-23,379,227,1.669603524229075,10.650952,24,7.0
GERAL,GERAL,21741092154,[APP INSTAL - NS],MULTI_CHANNEL,2025-08-24,192,130,1.476923076923077,9.404396,17,6.0
GERAL,GERAL,21741092154,[APP INSTAL - NS],MULTI_CHANNEL,2025-08-25,181,104,1.7403846153846154,9.963778,11,3.0
GERAL,GERAL,21741092154,[APP INSTAL - NS],MULTI_CHANNEL,2025-08-26,347,204,1.7009803921568627,9.542842,23,7.0
GERAL,GERAL,21741092154,[APP INSTAL - NS],MULTI_CHANNEL,2025-08-27,192,117,1.641025641025641,9.986679,24,13.0
GERAL,GERAL,21741092154,[APP INSTAL - NS],MULTI_CHANNEL,2025-08-28,280,182,1.5384615384615385,9.056795,15,3.0
GERAL,GERAL,21741092154,[APP INSTAL - NS],MULTI_CHANNEL,2025-08-29,206,147,1.401360544217687,9.303316,11,3.0
GERAL,GERAL,21741092154,[APP INSTAL - NS],MULTI_CHANNEL,2025-08-30,196,117,1.6752136752136753,9.112282,17,5.0
GERAL,GERAL,21741092154,[APP INSTAL - NS],MULTI_CHANNEL,2025-08-31,237,164,1.4451219512195121,7.800427,13,5.0
GERAL,GERAL,21741092154,[APP INSTAL - NS],MULTI_CHANNEL,2025-09-01,260,181,1.4364640883977902,13.675875,21,10.0
GERAL,GERAL,21741092154,[APP INSTAL - NS],MULTI_CHANNEL,2025-09-02,249,142,1.7535211267605635,13.595374,17,8.0
GERAL,GERAL,21741092154,[APP INSTAL - NS],MULTI_CHANNEL,2025-09-03,153,102,1.5,13.792898,20,8.0
GERAL,GERAL,21747173498,[APP INSTAL - CS],MULTI_CHANNEL,2025-06-06,514,300,1.7133333333333334,21.638559,44,25.0
GERAL,GERAL,21747173498,[APP INSTAL - CS],MULTI_CHANNEL,2025-06-07,626,368,1.701086956521739,20.829824,46,14.0
GERAL,GERAL,21747173498,[APP INSTAL - CS],MULTI_CHANNEL,2025-06-08,743,376,1.976063829787234,21.103184,74,34.0
GERAL,GERAL,21747173498,[APP INSTAL - CS],MULTI_CHANNEL,2025-06-09,501,272,1.8419117647058822,10.076862,37,20.0
GERAL,GERAL,21747173498,[APP INSTAL - CS],MULTI_CHANNEL,2025-06-10,497,297,1.6734006734006734,10.588464,41,20.0
GERAL,GERAL,21747173498,[APP INSTAL - CS],MULTI_CHANNEL,2025-06-11,420,220,1.9090909090909092,9.774462,30,13.0
GERAL,GERAL,21747173498,[APP INSTAL - CS],MULTI_CHANNEL,2025-06-12,458,313,1.463258785942492,11.222854,36,18.0
GERAL,GERAL,21747173498,[APP INSTAL - CS],MULTI_CHANNEL,2025-06-13,193,112,1.7232142857142858,9.94931,15,8.0
GERAL,GERAL,21747173498,[APP INSTAL - CS],MULTI_CHANNEL,2025-06-14,236,138,1.710144927536232,11.008057,20,12.0
GERAL,GERAL,21747173498,[APP INSTAL - CS],MULTI_CHANNEL,2025-06-15,209,118,1.771186440677966,11.200586,22,10.0
GERAL,GERAL,21747173498,[APP INSTAL - CS],MULTI_CHANNEL,2025-06-16,286,167,1.7125748502994012,7.872963,21,8.0
GERAL,GERAL,21747173498,[APP INSTAL - CS],MULTI_CHANNEL,2025-06-17,254,150,1.6933333333333334,9.43616,16,6.0
GERAL,GERAL,21747173498,[APP INSTAL - CS],MULTI_CHANNEL,2025-06-18,234,132,1.7727272727272727,12.438903,21,7.0
GERAL,GERAL,21747173498,[APP INSTAL - CS],MULTI_CHANNEL,2025-06-19,349,186,1.8763440860215055,10.792114,27,11.0
GERAL,GERAL,21747173498,[APP INSTAL - CS],MULTI_CHANNEL,2025-06-20,243,126,1.9285714285714286,8.834987,18,8.0
GERAL,GERAL,21747173498,[APP INSTAL - CS],MULTI_CHANNEL,2025-06-21,218,130,1.676923076923077,8.165674,16,10.0
GERAL,GERAL,21747173498,[APP INSTAL - CS],MULTI_CHANNEL,2025-06-22,494,260,1.9,9.571648,30,12.0
GERAL,GERAL,21747173498,[APP INSTAL - CS],MULTI_CHANNEL,2025-06-23,549,292,1.88013698630137,11.416957,28,9.0
GERAL,GERAL,21747173498,[APP INSTAL - CS],MULTI_CHANNEL,2025-06-24,467,253,1.8458498023715415,11.310293,19,4.0
GERAL,GERAL,21747173498,[APP INSTAL - CS],MULTI_CHANNEL,2025-06-25,299,162,1.845679012345679,11.084246,18,3.0
GERAL,GERAL,21747173498,[APP INSTAL - CS],MULTI_CHANNEL,2025-06-26,604,356,1.696629213483146,9.870752,28,8.0
GERAL,GERAL,21747173498,[APP INSTAL - CS],MULTI_CHANNEL,2025-06-27,364,208,1.75,8.874335,24,5.0
GERAL,GERAL,21747173498,[APP INSTAL - CS],MULTI_CHANNEL,2025-06-28,236,132,1.7878787878787878,9.344992,19,3.0
GERAL,GERAL,21747173498,[APP INSTAL - CS],MULTI_CHANNEL,2025-06-29,251,154,1.62987012987013,9.092238,20,5.0
GERAL,GERAL,21747173498,[APP INSTAL - CS],MULTI_CHANNEL,2025-06-30,380,213,1.784037558685446,8.923065,21,8.0
GERAL,GERAL,21747173498,[APP INSTAL - CS],MULTI_CHANNEL,2025-07-01,193,115,1.6782608695652175,10.001981,20,11.0
GERAL,GERAL,21747173498,[APP INSTAL - CS],MULTI_CHANNEL,2025-07-02,318,195,1.6307692307692307,10.288599,18,7.0
GERAL,GERAL,21747173498,[APP INSTAL - CS],MULTI_CHANNEL,2025-07-03,328,206,1.5922330097087378,10.755948,22,6.0
GERAL,GERAL,21747173498,[APP INSTAL - CS],MULTI_CHANNEL,2025-07-04,258,147,1.7551020408163265,10.735688,24,14.0
GERAL,GERAL,21747173498,[APP INSTAL - CS],MULTI_CHANNEL,2025-07-05,308,190,1.6210526315789473,12.066119,24,5.0
GERAL,GERAL,21747173498,[APP INSTAL - CS],MULTI_CHANNEL,2025-07-06,231,128,1.8046875,9.816153,16,8.0
GERAL,GERAL,21747173498,[APP INSTAL - CS],MULTI_CHANNEL,2025-07-07,579,330,1.7545454545454546,18.971572,35,12.0
GERAL,GERAL,21747173498,[APP INSTAL - CS],MULTI_CHANNEL,2025-07-08,622,404,1.5396039603960396,19.044769,39,9.0
GERAL,GERAL,21747173498,[APP INSTAL - CS],MULTI_CHANNEL,2025-07-09,889,544,1.6341911764705883,20.682333,54,16.0
GERAL,GERAL,21747173498,[APP INSTAL - CS],MULTI_CHANNEL,2025-07-10,920,544,1.6911764705882353,19.737279,45,18.0
GERAL,GERAL,21747173498,[APP INSTAL - CS],MULTI_CHANNEL,2025-07-11,511,253,2.0197628458498023,19.77217,33,13.0
GERAL,GERAL,21747173498,[APP INSTAL - CS],MULTI_CHANNEL,2025-07-12,424,255,1.6627450980392158,20.049808,35,8.0
GERAL,GERAL,21747173498,[APP INSTAL - CS],MULTI_CHANNEL,2025-07-13,493,254,1.9409448818897639,19.772882,36,14.0
GERAL,GERAL,21747173498,[APP INSTAL - CS],MULTI_CHANNEL,2025-07-14,725,458,1.5829694323144106,19.506075,40,12.0
GERAL,GERAL,21747173498,[APP INSTAL - CS],MULTI_CHANNEL,2025-07-15,758,433,1.7505773672055427,19.537094,37,12.0
GERAL,GERAL,21747173498,[APP INSTAL - CS],MULTI_CHANNEL,2025-07-16,1103,656,1.6814024390243902,20.179727,52,16.0
GERAL,GERAL,21747173498,[APP INSTAL - CS],MULTI_CHANNEL,2025-07-17,434,256,1.6953125,18.878419,39,14.0
GERAL,GERAL,21747173498,[APP INSTAL - CS],MULTI_CHANNEL,2025-07-18,731,479,1.5260960334029228,19.04551,49,24.0
GERAL,GERAL,21747173498,[APP INSTAL - CS],MULTI_CHANNEL,2025-07-19,602,325,1.8523076923076922,17.414579,37,12.0
GERAL,GERAL,21747173498,[APP INSTAL - CS],MULTI_CHANNEL,2025-07-20,816,513,1.590643274853801,18.734173,61,26.0
GERAL,GERAL,21747173498,[APP INSTAL - CS],MULTI_CHANNEL,2025-07-21,390,258,1.5116279069767442,21.117448,31,10.0
GERAL,GERAL,21747173498,[APP INSTAL - CS],MULTI_CHANNEL,2025-07-22,383,246,1.556910569105691,18.183821,32,11.0
GERAL,GERAL,21747173498,[APP INSTAL - CS],MULTI_CHANNEL,2025-07-23,454,268,1.6940298507462686,19.524065,36,15.0
GERAL,GERAL,21747173498,[APP INSTAL - CS],MULTI_CHANNEL,2025-07-24,904,577,1.5667244367417679,18.253293,60,30.0
GERAL,GERAL,21747173498,[APP INSTAL - CS],MULTI_CHANNEL,2025-07-25,550,336,1.6369047619047619,17.925707,41,16.0
GERAL,GERAL,21747173498,[APP INSTAL - CS],MULTI_CHANNEL,2025-07-26,374,242,1.5454545454545454,18.449597,27,6.0
GERAL,GERAL,21747173498,[APP INSTAL - CS],MULTI_CHANNEL,2025-07-27,428,214,2.0,19.569574,30,7.0
GERAL,GERAL,21747173498,[APP INSTAL - CS],MULTI_CHANNEL,2025-07-28,678,430,1.5767441860465117,20.163193,47,16.0
GERAL,GERAL,21747173498,[APP INSTAL - CS],MULTI_CHANNEL,2025-07-29,414,282,1.4680851063829787,11.819393,39,21.0
GERAL,GERAL,21747173498,[APP INSTAL - CS],MULTI_CHANNEL,2025-07-30,158,120,1.3166666666666667,10.351633,26,12.0
GERAL,GERAL,21747173498,[APP INSTAL - CS],MULTI_CHANNEL,2025-07-31,254,147,1.727891156462585,9.906047,17,6.0
GERAL,GERAL,21747173498,[APP INSTAL - CS],MULTI_CHANNEL,2025-08-01,194,140,1.3857142857142857,11.150062,18,3.0
GERAL,GERAL,21747173498,[APP INSTAL - CS],MULTI_CHANNEL,2025-08-02,225,135,1.6666666666666667,10.467656,23,9.0
GERAL,GERAL,21747173498,[APP INSTAL - CS],MULTI_CHANNEL,2025-08-03,288,128,2.25,10.683882,19,8.0
GERAL,GERAL,21747173498,[APP INSTAL - CS],MULTI_CHANNEL,2025-08-04,413,261,1.582375478927203,10.002018,28,9.0
GERAL,GERAL,21747173498,[APP INSTAL - CS],MULTI_CHANNEL,2025-08-05,425,282,1.5070921985815602,10.214131,25,8.0
GERAL,GERAL,21747173498,[APP INSTAL - CS],MULTI_CHANNEL,2025-08-06,403,270,1.4925925925925927,9.989205,17,3.0
GERAL,GERAL,21747173498,[APP INSTAL - CS],MULTI_CHANNEL,2025-08-07,311,223,1.3946188340807175,9.976412,36,23.0
GERAL,GERAL,21747173498,[APP INSTAL - CS],MULTI_CHANNEL,2025-08-08,224,136,1.6470588235294117,9.849863,15,7.0
GERAL,GERAL,21747173498,[APP INSTAL - CS],MULTI_CHANNEL,2025-08-09,212,108,1.962962962962963,10.761162,14,4.0
GERAL,GERAL,21747173498,[APP INSTAL - CS],MULTI_CHANNEL,2025-08-10,219,131,1.6717557251908397,10.001415,15,6.0
GERAL,GERAL,21747173498,[APP INSTAL - CS],MULTI_CHANNEL,2025-08-11,272,183,1.4863387978142077,9.64737,21,14.0
GERAL,GERAL,21747173498,[APP INSTAL - CS],MULTI_CHANNEL,2025-08-12,178,121,1.4710743801652892,11.122951,14,3.0
GERAL,GERAL,21747173498,[APP INSTAL - CS],MULTI_CHANNEL,2025-08-13,260,165,1.5757575757575757,10.309946,20,9.0
GERAL,GERAL,21747173498,[APP INSTAL - CS],MULTI_CHANNEL,2025-08-14,134,62,2.161290322580645,9.932119,15,6.0
GERAL,GERAL,21747173498,[APP INSTAL - CS],MULTI_CHANNEL,2025-08-15,643,397,1.619647355163728,9.970947,35,19.0
GERAL,GERAL,21747173498,[APP INSTAL - CS],MULTI_CHANNEL,2025-08-16,231,158,1.4620253164556962,9.976491,34,22.0
GERAL,GERAL,21747173498,[APP INSTAL - CS],MULTI_CHANNEL,2025-08-17,250,149,1.6778523489932886,9.739692,22,9.0
GERAL,GERAL,21747173498,[APP INSTAL - CS],MULTI_CHANNEL,2025-08-18,209,147,1.4217687074829932,10.938753,16,7.0
GERAL,GERAL,21747173498,[APP INSTAL - CS],MULTI_CHANNEL,2025-08-19,277,180,1.538888888888889,9.542967,20,6.0
GERAL,GERAL,21747173498,[APP INSTAL - CS],MULTI_CHANNEL,2025-08-20,146,101,1.4455445544554455,10.324149,23,12.0
GERAL,GERAL,21747173498,[APP INSTAL - CS],MULTI_CHANNEL,2025-08-21,149,88,1.6931818181818181,9.404999,12,7.0
GERAL,GERAL,21747173498,[APP INSTAL - CS],MULTI_CHANNEL,2025-08-22,162,109,1.4862385321100917,9.383911,20,9.0
GERAL,GERAL,21747173498,[APP INSTAL - CS],MULTI_CHANNEL,2025-08-23,406,289,1.4048442906574394,8.908355,31,11.0
GERAL,GERAL,21747173498,[APP INSTAL - CS],MULTI_CHANNEL,2025-08-24,223,154,1.448051948051948,9.031236,21,9.0
GERAL,GERAL,21747173498,[APP INSTAL - CS],MULTI_CHANNEL,2025-08-25,324,247,1.311740890688259,8.873454,29,13.0
GERAL,GERAL,21747173498,[APP INSTAL - CS],MULTI_CHANNEL,2025-08-26,101,53,1.9056603773584906,9.770759,12,6.0
GERAL,GERAL,21747173498,[APP INSTAL - CS],MULTI_CHANNEL,2025-08-27,301,206,1.4611650485436893,10.298462,22,9.0
GERAL,GERAL,21747173498,[APP INSTAL - CS],MULTI_CHANNEL,2025-08-28,181,115,1.5739130434782609,9.98745,14,3.0
GERAL,GERAL,21747173498,[APP INSTAL - CS],MULTI_CHANNEL,2025-08-29,293,222,1.3198198198198199,8.454392,29,16.0
GERAL,GERAL,21747173498,[APP INSTAL - CS],MULTI_CHANNEL,2025-08-30,227,164,1.3841463414634145,9.112735,18,11.0
GERAL,GERAL,21747173498,[APP INSTAL - CS],MULTI_CHANNEL,2025-08-31,145,87,1.6666666666666667,7.104088,12,6.0
GERAL,GERAL,21747173498,[APP INSTAL - CS],MULTI_CHANNEL,2025-09-01,325,209,1.555023923444976,18.844324,27,9.0
GERAL,GERAL,21747173498,[APP INSTAL - CS],MULTI_CHANNEL,2025-09-02,207,127,1.6299212598425197,13.951888,17,5.0
GERAL,GERAL,21747173498,[APP INSTAL - CS],MULTI_CHANNEL,2025-09-03,142,99,1.4343434343434343,13.208695,17,7.0
GERAL,GERAL,21750784471,[APP INSTAL - BS],MULTI_CHANNEL,2025-06-06,997,535,1.8635514018691588,20.859625,52,25.0
GERAL,GERAL,21750784471,[APP INSTAL - BS],MULTI_CHANNEL,2025-06-07,552,303,1.8217821782178218,20.673092,42,17.0
GERAL,GERAL,21750784471,[APP INSTAL - BS],MULTI_CHANNEL,2025-06-08,1134,602,1.8837209302325582,20.988075,62,31.0
GERAL,GERAL,21750784471,[APP INSTAL - BS],MULTI_CHANNEL,2025-06-09,466,255,1.8274509803921568,10.403691,26,10.0
GERAL,GERAL,21750784471,[APP INSTAL - BS],MULTI_CHANNEL,2025-06-10,299,146,2.047945205479452,10.076747,22,11.0
GERAL,GERAL,21750784471,[APP INSTAL - BS],MULTI_CHANNEL,2025-06-11,261,126,2.0714285714285716,10.754657,21,12.0
GERAL,GERAL,21750784471,[APP INSTAL - BS],MULTI_CHANNEL,2025-06-12,332,209,1.5885167464114833,11.045567,23,13.0
GERAL,GERAL,21750784471,[APP INSTAL - BS],MULTI_CHANNEL,2025-06-13,377,189,1.9947089947089947,10.321725,27,15.0
GERAL,GERAL,21750784471,[APP INSTAL - BS],MULTI_CHANNEL,2025-06-14,136,80,1.7,10.259576,14,6.0
GERAL,GERAL,21750784471,[APP INSTAL - BS],MULTI_CHANNEL,2025-06-15,292,174,1.6781609195402298,10.319918,26,12.0
GERAL,GERAL,21750784471,[APP INSTAL - BS],MULTI_CHANNEL,2025-06-16,380,220,1.7272727272727273,9.298934,18,10.0
GERAL,GERAL,21750784471,[APP INSTAL - BS],MULTI_CHANNEL,2025-06-17,313,172,1.819767441860465,10.719655,19,4.0
GERAL,GERAL,21750784471,[APP INSTAL - BS],MULTI_CHANNEL,2025-06-18,349,206,1.6941747572815533,9.968952,27,7.0
GERAL,GERAL,21750784471,[APP INSTAL - BS],MULTI_CHANNEL,2025-06-19,384,239,1.606694560669456,10.790307,27,14.0
GERAL,GERAL,21750784471,[APP INSTAL - BS],MULTI_CHANNEL,2025-06-20,338,196,1.7244897959183674,9.616834,21,6.0
GERAL,GERAL,21750784471,[APP INSTAL - BS],MULTI_CHANNEL,2025-06-21,363,209,1.736842105263158,10.004955,24,8.0
GERAL,GERAL,21750784471,[APP INSTAL - BS],MULTI_CHANNEL,2025-06-22,308,188,1.6382978723404256,10.489711,21,10.0
GERAL,GERAL,21750784471,[APP INSTAL - BS],MULTI_CHANNEL,2025-06-23,216,112,1.9285714285714286,10.008324,17,5.0
GERAL,GERAL,21750784471,[APP INSTAL - BS],MULTI_CHANNEL,2025-06-24,333,211,1.5781990521327014,10.712435,17,7.0
GERAL,GERAL,21750784471,[APP INSTAL - BS],MULTI_CHANNEL,2025-06-25,276,171,1.6140350877192982,8.469416,22,6.0
GERAL,GERAL,21750784471,[APP INSTAL - BS],MULTI_CHANNEL,2025-06-26,363,228,1.5921052631578947,9.350372,22,7.0
GERAL,GERAL,21750784471,[APP INSTAL - BS],MULTI_CHANNEL,2025-06-27,256,146,1.7534246575342465,9.338746,19,3.0
GERAL,GERAL,21750784471,[APP INSTAL - BS],MULTI_CHANNEL,2025-06-28,373,219,1.7031963470319635,9.434325,27,15.0
GERAL,GERAL,21750784471,[APP INSTAL - BS],MULTI_CHANNEL,2025-06-29,328,193,1.6994818652849741,9.499263,21,5.0
GERAL,GERAL,21750784471,[APP INSTAL - BS],MULTI_CHANNEL,2025-06-30,195,90,2.1666666666666665,10.65903,19,8.0
GERAL,GERAL,21750784471,[APP INSTAL - BS],MULTI_CHANNEL,2025-07-01,314,192,1.6354166666666667,10.307685,21,10.0
GERAL,GERAL,21750784471,[APP INSTAL - BS],MULTI_CHANNEL,2025-07-02,214,128,1.671875,10.339987,17,6.0
GERAL,GERAL,21750784471,[APP INSTAL - BS],MULTI_CHANNEL,2025-07-03,394,242,1.628099173553719,10.018906,23,6.0
GERAL,GERAL,21750784471,[APP INSTAL - BS],MULTI_CHANNEL,2025-07-04,371,227,1.6343612334801763,9.760135,24,5.0
GERAL,GERAL,21750784471,[APP INSTAL - BS],MULTI_CHANNEL,2025-07-05,367,186,1.9731182795698925,10.747439,25,7.0
GERAL,GERAL,21750784471,[APP INSTAL - BS],MULTI_CHANNEL,2025-07-06,376,248,1.5161290322580645,9.725073,31,9.0
GERAL,GERAL,21750784471,[APP INSTAL - BS],MULTI_CHANNEL,2025-07-07,450,234,1.9230769230769231,19.369354,35,14.0
GERAL,GERAL,21750784471,[APP INSTAL - BS],MULTI_CHANNEL,2025-07-08,812,467,1.7387580299785867,19.781495,41,17.0
GERAL,GERAL,21750784471,[APP INSTAL - BS],MULTI_CHANNEL,2025-07-09,680,404,1.683168316831683,19.86886,44,17.0
GERAL,GERAL,21750784471,[APP INSTAL - BS],MULTI_CHANNEL,2025-07-10,412,205,2.0097560975609756,19.45619,29,13.0
GERAL,GERAL,21750784471,[APP INSTAL - BS],MULTI_CHANNEL,2025-07-11,1000,605,1.6528925619834711,19.486626,40,15.0
GERAL,GERAL,21750784471,[APP INSTAL - BS],MULTI_CHANNEL,2025-07-12,383,220,1.740909090909091,19.858636,34,14.0
GERAL,GERAL,21750784471,[APP INSTAL - BS],MULTI_CHANNEL,2025-07-13,775,494,1.5688259109311742,21.239934,55,29.0
GERAL,GERAL,21750784471,[APP INSTAL - BS],MULTI_CHANNEL,2025-07-14,568,308,1.844155844155844,19.063186,31,11.0
GERAL,GERAL,21750784471,[APP INSTAL - BS],MULTI_CHANNEL,2025-07-15,1021,586,1.742320819112628,20.059335,48,19.0
GERAL,GERAL,21750784471,[APP INSTAL - BS],MULTI_CHANNEL,2025-07-16,681,407,1.6732186732186731,18.41379,32,12.0
GERAL,GERAL,21750784471,[APP INSTAL - BS],MULTI_CHANNEL,2025-07-17,612,374,1.6363636363636365,20.626411,48,21.0
GERAL,GERAL,21750784471,[APP INSTAL - BS],MULTI_CHANNEL,2025-07-18,463,275,1.6836363636363636,18.598732,43,22.0
GERAL,GERAL,21750784471,[APP INSTAL - BS],MULTI_CHANNEL,2025-07-19,302,153,1.973856209150327,17.684315,28,11.0
GERAL,GERAL,21750784471,[APP INSTAL - BS],MULTI_CHANNEL,2025-07-20,591,382,1.5471204188481675,19.473093,42,18.0
GERAL,GERAL,21750784471,[APP INSTAL - BS],MULTI_CHANNEL,2025-07-21,444,252,1.7619047619047619,17.25964,28,11.0
GERAL,GERAL,21750784471,[APP INSTAL - BS],MULTI_CHANNEL,2025-07-22,596,325,1.833846153846154,20.154603,29,6.0
GERAL,GERAL,21750784471,[APP INSTAL - BS],MULTI_CHANNEL,2025-07-23,1026,684,1.5,18.560679,55,27.0
GERAL,GERAL,21750784471,[APP INSTAL - BS],MULTI_CHANNEL,2025-07-24,235,147,1.598639455782313,18.836481,28,10.0
GERAL,GERAL,21750784471,[APP INSTAL - BS],MULTI_CHANNEL,2025-07-25,671,407,1.6486486486486487,19.206865,59,25.0
GERAL,GERAL,21750784471,[APP INSTAL - BS],MULTI_CHANNEL,2025-07-26,1002,606,1.6534653465346534,19.513279,72,28.0
GERAL,GERAL,21750784471,[APP INSTAL - BS],MULTI_CHANNEL,2025-07-27,1167,740,1.577027027027027,18.577634,73,30.0
GERAL,GERAL,21750784471,[APP INSTAL - BS],MULTI_CHANNEL,2025-07-28,622,414,1.502415458937198,19.736835,44,14.0
GERAL,GERAL,21750784471,[APP INSTAL - BS],MULTI_CHANNEL,2025-07-29,492,312,1.5769230769230769,10.591952,39,17.0
GERAL,GERAL,21750784471,[APP INSTAL - BS],MULTI_CHANNEL,2025-07-30,290,176,1.6477272727272727,9.842061,25,12.0
GERAL,GERAL,21750784471,[APP INSTAL - BS],MULTI_CHANNEL,2025-07-31,388,272,1.4264705882352942,10.043925,32,12.0
GERAL,GERAL,21750784471,[APP INSTAL - BS],MULTI_CHANNEL,2025-08-01,388,241,1.6099585062240664,11.143855,24,11.0
GERAL,GERAL,21750784471,[APP INSTAL - BS],MULTI_CHANNEL,2025-08-02,285,146,1.952054794520548,11.357227,21,4.0
GERAL,GERAL,21750784471,[APP INSTAL - BS],MULTI_CHANNEL,2025-08-03,363,209,1.736842105263158,9.660892,19,8.0
GERAL,GERAL,21750784471,[APP INSTAL - BS],MULTI_CHANNEL,2025-08-04,367,216,1.6990740740740742,8.920749,15,7.0
GERAL,GERAL,21750784471,[APP INSTAL - BS],MULTI_CHANNEL,2025-08-05,189,85,2.223529411764706,9.573218,13,5.0
GERAL,GERAL,21750784471,[APP INSTAL - BS],MULTI_CHANNEL,2025-08-06,216,119,1.815126050420168,10.273749,14,5.0
GERAL,GERAL,21750784471,[APP INSTAL - BS],MULTI_CHANNEL,2025-08-07,192,112,1.7142857142857142,9.464991,14,6.0
GERAL,GERAL,21750784471,[APP INSTAL - BS],MULTI_CHANNEL,2025-08-08,248,150,1.6533333333333333,11.037236,16,6.0
GERAL,GERAL,21750784471,[APP INSTAL - BS],MULTI_CHANNEL,2025-08-09,350,247,1.417004048582996,11.847678,25,12.0
GERAL,GERAL,21750784471,[APP INSTAL - BS],MULTI_CHANNEL,2025-08-10,364,260,1.4,9.651685,43,20.0
GERAL,GERAL,21750784471,[APP INSTAL - BS],MULTI_CHANNEL,2025-08-11,272,182,1.4945054945054945,10.884298,23,12.0
GERAL,GERAL,21750784471,[APP INSTAL - BS],MULTI_CHANNEL,2025-08-12,306,211,1.4502369668246446,10.496916,26,17.0
GERAL,GERAL,21750784471,[APP INSTAL - BS],MULTI_CHANNEL,2025-08-13,233,160,1.45625,12.620128,19,7.0
GERAL,GERAL,21750784471,[APP INSTAL - BS],MULTI_CHANNEL,2025-08-14,270,176,1.5340909090909092,10.211113,16,6.0
GERAL,GERAL,21750784471,[APP INSTAL - BS],MULTI_CHANNEL,2025-08-15,359,240,1.4958333333333333,9.551278,21,8.0
GERAL,GERAL,21750784471,[APP INSTAL - BS],MULTI_CHANNEL,2025-08-16,206,118,1.7457627118644068,9.39777,17,4.0
GERAL,GERAL,21750784471,[APP INSTAL - BS],MULTI_CHANNEL,2025-08-17,206,140,1.4714285714285715,10.611079,23,12.0
GERAL,GERAL,21750784471,[APP INSTAL - BS],MULTI_CHANNEL,2025-08-18,295,200,1.475,9.231603,30,13.0
GERAL,GERAL,21750784471,[APP INSTAL - BS],MULTI_CHANNEL,2025-08-19,300,219,1.36986301369863,9.211468,21,7.0
GERAL,GERAL,21750784471,[APP INSTAL - BS],MULTI_CHANNEL,2025-08-20,390,293,1.3310580204778157,9.725266,27,15.0
GERAL,GERAL,21750784471,[APP INSTAL - BS],MULTI_CHANNEL,2025-08-21,389,277,1.404332129963899,9.131247,24,7.0
GERAL,GERAL,21750784471,[APP INSTAL - BS],MULTI_CHANNEL,2025-08-22,484,340,1.423529411764706,8.486393,27,8.0
GERAL,GERAL,21750784471,[APP INSTAL - BS],MULTI_CHANNEL,2025-08-23,490,344,1.4244186046511629,9.086406,41,24.0
GERAL,GERAL,21750784471,[APP INSTAL - BS],MULTI_CHANNEL,2025-08-24,218,154,1.4155844155844155,9.140979,14,5.0
GERAL,GERAL,21750784471,[APP INSTAL - BS],MULTI_CHANNEL,2025-08-25,173,108,1.6018518518518519,9.602031,13,4.0
GERAL,GERAL,21750784471,[APP INSTAL - BS],MULTI_CHANNEL,2025-08-26,218,151,1.4437086092715232,9.099554,18,8.0
GERAL,GERAL,21750784471,[APP INSTAL - BS],MULTI_CHANNEL,2025-08-27,219,153,1.4313725490196079,10.02846,13,5.0
GERAL,GERAL,21750784471,[APP INSTAL - BS],MULTI_CHANNEL,2025-08-28,277,155,1.7870967741935484,9.091981,15,5.0
GERAL,GERAL,21750784471,[APP INSTAL - BS],MULTI_CHANNEL,2025-08-29,403,328,1.228658536585366,9.759801,25,12.0
GERAL,GERAL,21750784471,[APP INSTAL - BS],MULTI_CHANNEL,2025-08-30,237,146,1.6232876712328768,8.979272,14,4.0
GERAL,GERAL,21750784471,[APP INSTAL - BS],MULTI_CHANNEL,2025-08-31,301,229,1.314410480349345,7.349321,16,6.0
GERAL,GERAL,21750784471,[APP INSTAL - BS],MULTI_CHANNEL,2025-09-01,599,442,1.3552036199095023,14.168525,31,8.0
GERAL,GERAL,21750784471,[APP INSTAL - BS],MULTI_CHANNEL,2025-09-02,761,506,1.5039525691699605,13.700381,41,20.0
GERAL,GERAL,21750784471,[APP INSTAL - BS],MULTI_CHANNEL,2025-09-03,218,152,1.4342105263157894,12.72003,22,10.0
GERAL,GERAL,21751147342,[APP INSTAL - NR],MULTI_CHANNEL,2025-06-06,559,265,2.109433962264151,23.256699,31,15.0
GERAL,GERAL,21751147342,[APP INSTAL - NR],MULTI_CHANNEL,2025-06-07,959,486,1.9732510288065843,21.047859,37,15.0
GERAL,GERAL,21751147342,[APP INSTAL - NR],MULTI_CHANNEL,2025-06-08,646,332,1.9457831325301205,20.668492,44,18.0
GERAL,GERAL,21751147342,[APP INSTAL - NR],MULTI_CHANNEL,2025-06-09,391,191,2.0471204188481678,10.141308,24,11.0
GERAL,GERAL,21751147342,[APP INSTAL - NR],MULTI_CHANNEL,2025-06-10,318,160,1.9875,10.490708,18,10.0
GERAL,GERAL,21751147342,[APP INSTAL - NR],MULTI_CHANNEL,2025-06-11,259,137,1.8905109489051095,11.213773,21,6.0
GERAL,GERAL,21751147342,[APP INSTAL - NR],MULTI_CHANNEL,2025-06-12,457,266,1.718045112781955,19.437932,39,18.0
GERAL,GERAL,21751147342,[APP INSTAL - NR],MULTI_CHANNEL,2025-06-13,252,149,1.691275167785235,19.320927,24,10.0
GERAL,GERAL,21751147342,[APP INSTAL - NR],MULTI_CHANNEL,2025-06-14,522,271,1.9261992619926198,17.674998,44,13.0
GERAL,GERAL,21751147342,[APP INSTAL - NR],MULTI_CHANNEL,2025-06-15,245,137,1.7883211678832116,19.431534,25,12.0
GERAL,GERAL,21751147342,[APP INSTAL - NR],MULTI_CHANNEL,2025-06-16,418,238,1.7563025210084033,20.458205,38,16.0
GERAL,GERAL,21751147342,[APP INSTAL - NR],MULTI_CHANNEL,2025-06-17,404,187,2.160427807486631,19.614266,28,10.0
GERAL,GERAL,21751147342,[APP INSTAL - NR],MULTI_CHANNEL,2025-06-18,372,186,2.0,18.746576,24,6.0
GERAL,GERAL,21751147342,[APP INSTAL - NR],MULTI_CHANNEL,2025-06-19,421,203,2.0738916256157633,20.340959,26,8.0
GERAL,GERAL,21751147342,[APP INSTAL - NR],MULTI_CHANNEL,2025-06-20,613,345,1.7768115942028986,18.156419,40,15.0
GERAL,GERAL,21751147342,[APP INSTAL - NR],MULTI_CHANNEL,2025-06-21,425,233,1.8240343347639485,20.2543,34,12.0
GERAL,GERAL,21751147342,[APP INSTAL - NR],MULTI_CHANNEL,2025-06-22,683,383,1.783289817232376,19.868618,41,13.0
GERAL,GERAL,21751147342,[APP INSTAL - NR],MULTI_CHANNEL,2025-06-23,360,170,2.1176470588235294,19.900045,27,11.0
GERAL,GERAL,21751147342,[APP INSTAL - NR],MULTI_CHANNEL,2025-06-24,464,215,2.158139534883721,19.455871,30,11.0
GERAL,GERAL,21751147342,[APP INSTAL - NR],MULTI_CHANNEL,2025-06-25,463,268,1.7276119402985075,19.454623,34,8.0
GERAL,GERAL,21751147342,[APP INSTAL - NR],MULTI_CHANNEL,2025-06-26,532,278,1.9136690647482015,18.705885,33,6.0
GERAL,GERAL,21751147342,[APP INSTAL - NR],MULTI_CHANNEL,2025-06-27,294,157,1.872611464968153,18.622083,29,8.0
GERAL,GERAL,21751147342,[APP INSTAL - NR],MULTI_CHANNEL,2025-06-28,241,148,1.6283783783783783,17.801132,26,6.0
GERAL,GERAL,21751147342,[APP INSTAL - NR],MULTI_CHANNEL,2025-06-29,479,286,1.6748251748251748,17.821997,32,7.0
GERAL,GERAL,21751147342,[APP INSTAL - NR],MULTI_CHANNEL,2025-06-30,283,160,1.76875,18.878895,28,8.0
GERAL,GERAL,21751147342,[APP INSTAL - NR],MULTI_CHANNEL,2025-07-01,463,272,1.7022058823529411,19.0124,44,17.0
GERAL,GERAL,21751147342,[APP INSTAL - NR],MULTI_CHANNEL,2025-07-02,527,389,1.3547557840616966,19.998686,37,12.0
GERAL,GERAL,21751147342,[APP INSTAL - NR],MULTI_CHANNEL,2025-07-03,449,289,1.5536332179930796,18.909547,36,12.0
GERAL,GERAL,21751147342,[APP INSTAL - NR],MULTI_CHANNEL,2025-07-04,575,338,1.7011834319526626,18.71924,34,10.0
GERAL,GERAL,21751147342,[APP INSTAL - NR],MULTI_CHANNEL,2025-07-05,382,228,1.6754385964912282,16.172137,26,8.0
GERAL,GERAL,21751147342,[APP INSTAL - NR],MULTI_CHANNEL,2025-07-06,545,298,1.8288590604026846,19.47343,49,20.0
GERAL,GERAL,21751147342,[APP INSTAL - NR],MULTI_CHANNEL,2025-07-07,643,357,1.8011204481792717,22.203914,41,14.0
GERAL,GERAL,21751147342,[APP INSTAL - NR],MULTI_CHANNEL,2025-07-08,538,299,1.7993311036789297,18.584196,33,10.0
GERAL,GERAL,21751147342,[APP INSTAL - NR],MULTI_CHANNEL,2025-07-09,719,410,1.7536585365853659,19.803488,34,10.0
GERAL,GERAL,21751147342,[APP INSTAL - NR],MULTI_CHANNEL,2025-07-10,378,179,2.111731843575419,19.417686,21,7.0
GERAL,GERAL,21751147342,[APP INSTAL - NR],MULTI_CHANNEL,2025-07-11,424,197,2.1522842639593907,19.706386,28,8.0
GERAL,GERAL,21751147342,[APP INSTAL - NR],MULTI_CHANNEL,2025-07-12,985,598,1.6471571906354514,20.285346,46,18.0
GERAL,GERAL,21751147342,[APP INSTAL - NR],MULTI_CHANNEL,2025-07-13,714,401,1.7805486284289276,18.767988,48,16.0
GERAL,GERAL,21751147342,[APP INSTAL - NR],MULTI_CHANNEL,2025-07-14,690,357,1.9327731092436975,39.3011,51,14.0
GERAL,GERAL,21751147342,[APP INSTAL - NR],MULTI_CHANNEL,2025-07-15,910,453,2.0088300220750552,38.117423,52,18.0
GERAL,GERAL,21751147342,[APP INSTAL - NR],MULTI_CHANNEL,2025-07-16,1469,846,1.7364066193853427,39.858846,61,24.0
GERAL,GERAL,21751147342,[APP INSTAL - NR],MULTI_CHANNEL,2025-07-17,1164,711,1.6371308016877637,39.626198,80,25.0
GERAL,GERAL,21751147342,[APP INSTAL - NR],MULTI_CHANNEL,2025-07-18,1074,600,1.79,39.522277,70,29.0
GERAL,GERAL,21751147342,[APP INSTAL - NR],MULTI_CHANNEL,2025-07-19,1350,758,1.7810026385224274,40.138632,84,44.0
GERAL,GERAL,21751147342,[APP INSTAL - NR],MULTI_CHANNEL,2025-07-20,770,372,2.0698924731182795,38.588298,61,22.0
GERAL,GERAL,21751147342,[APP INSTAL - NR],MULTI_CHANNEL,2025-07-21,1462,795,1.838993710691824,38.233157,78,30.0
GERAL,GERAL,21751147342,[APP INSTAL - NR],MULTI_CHANNEL,2025-07-22,672,356,1.8876404494382022,38.773072,53,18.0
GERAL,GERAL,21751147342,[APP INSTAL - NR],MULTI_CHANNEL,2025-07-23,660,390,1.6923076923076923,37.905482,57,24.0
GERAL,GERAL,21751147342,[APP INSTAL - NR],MULTI_CHANNEL,2025-07-24,359,229,1.5676855895196506,10.842426,21,9.0
GERAL,GERAL,21751147342,[APP INSTAL - NR],MULTI_CHANNEL,2025-07-25,87,54,1.6111111111111112,9.99201,15,7.0
GERAL,GERAL,21751147342,[APP INSTAL - NR],MULTI_CHANNEL,2025-07-26,432,248,1.7419354838709677,10.980827,30,15.0
GERAL,GERAL,21751147342,[APP INSTAL - NR],MULTI_CHANNEL,2025-07-27,214,147,1.4557823129251701,10.096175,19,9.0
GERAL,GERAL,21751147342,[APP INSTAL - NR],MULTI_CHANNEL,2025-07-28,321,196,1.6377551020408163,9.942179,28,16.0
GERAL,GERAL,21751147342,[APP INSTAL - NR],MULTI_CHANNEL,2025-07-29,374,231,1.619047619047619,9.797577,23,11.0
GERAL,GERAL,21751147342,[APP INSTAL - NR],MULTI_CHANNEL,2025-07-30,453,301,1.504983388704319,10.360381,26,12.0
GERAL,GERAL,21751147342,[APP INSTAL - NR],MULTI_CHANNEL,2025-07-31,245,141,1.7375886524822695,8.602357,12,2.0
GERAL,GERAL,21751147342,[APP INSTAL - NR],MULTI_CHANNEL,2025-08-01,415,209,1.985645933014354,11.33605,21,8.0
GERAL,GERAL,21751147342,[APP INSTAL - NR],MULTI_CHANNEL,2025-08-02,102,62,1.6451612903225807,10.484173,13,6.0
GERAL,GERAL,21751147342,[APP INSTAL - NR],MULTI_CHANNEL,2025-08-03,279,154,1.8116883116883118,10.493706,21,12.0
GERAL,GERAL,21751147342,[APP INSTAL - NR],MULTI_CHANNEL,2025-08-04,168,110,1.5272727272727273,9.633134,18,6.0
GERAL,GERAL,21751147342,[APP INSTAL - NR],MULTI_CHANNEL,2025-08-05,214,108,1.9814814814814814,9.94828,14,5.0
GERAL,GERAL,21751147342,[APP INSTAL - NR],MULTI_CHANNEL,2025-08-06,198,123,1.6097560975609757,10.016026,15,4.0
GERAL,GERAL,21751147342,[APP INSTAL - NR],MULTI_CHANNEL,2025-08-07,313,185,1.691891891891892,19.491379,29,11.0
GERAL,GERAL,21751147342,[APP INSTAL - NR],MULTI_CHANNEL,2025-08-08,660,420,1.5714285714285714,19.738229,50,24.0
GERAL,GERAL,21751147342,[APP INSTAL - NR],MULTI_CHANNEL,2025-08-09,329,200,1.645,21.413827,34,14.0
GERAL,GERAL,21751147342,[APP INSTAL - NR],MULTI_CHANNEL,2025-08-10,413,237,1.7426160337552743,23.604897,47,22.0
GERAL,GERAL,21751147342,[APP INSTAL - NR],MULTI_CHANNEL,2025-08-11,469,249,1.8835341365461848,19.324358,31,10.0
GERAL,GERAL,21751147342,[APP INSTAL - NR],MULTI_CHANNEL,2025-08-12,444,238,1.865546218487395,21.477878,29,10.0
GERAL,GERAL,21751147342,[APP INSTAL - NR],MULTI_CHANNEL,2025-08-13,471,304,1.549342105263158,19.671729,38,18.0
GERAL,GERAL,21751147342,[APP INSTAL - NR],MULTI_CHANNEL,2025-08-14,740,509,1.4538310412573674,20.526037,49,21.0
GERAL,GERAL,21751147342,[APP INSTAL - NR],MULTI_CHANNEL,2025-08-15,905,596,1.5184563758389262,22.111551,55,28.0
GERAL,GERAL,21751147342,[APP INSTAL - NR],MULTI_CHANNEL,2025-08-16,626,413,1.5157384987893463,19.712752,72,46.0
GERAL,GERAL,21751147342,[APP INSTAL - NR],MULTI_CHANNEL,2025-08-17,668,454,1.47136563876652,20.171911,53,28.0
GERAL,GERAL,21751147342,[APP INSTAL - NR],MULTI_CHANNEL,2025-08-18,417,268,1.5559701492537314,22.119654,37,5.0
GERAL,GERAL,21751147342,[APP INSTAL - NR],MULTI_CHANNEL,2025-08-19,689,450,1.531111111111111,19.438873,34,13.0
GERAL,GERAL,21751147342,[APP INSTAL - NR],MULTI_CHANNEL,2025-08-20,544,346,1.5722543352601157,21.14203,30,15.0
GERAL,GERAL,21751147342,[APP INSTAL - NR],MULTI_CHANNEL,2025-08-21,634,409,1.550122249388753,19.375118,47,16.0
GERAL,GERAL,21751147342,[APP INSTAL - NR],MULTI_CHANNEL,2025-08-22,558,373,1.4959785522788205,19.549167,33,9.0
GERAL,GERAL,21751147342,[APP INSTAL - NR],MULTI_CHANNEL,2025-08-23,320,205,1.5609756097560976,20.583949,31,12.0
GERAL,GERAL,21751147342,[APP INSTAL - NR],MULTI_CHANNEL,2025-08-24,754,492,1.532520325203252,20.671783,55,27.0
GERAL,GERAL,21751147342,[APP INSTAL - NR],MULTI_CHANNEL,2025-08-25,344,213,1.6150234741784038,18.968494,27,9.0
GERAL,GERAL,21751147342,[APP INSTAL - NR],MULTI_CHANNEL,2025-08-26,773,534,1.4475655430711611,19.726336,41,20.0
GERAL,GERAL,21751147342,[APP INSTAL - NR],MULTI_CHANNEL,2025-08-27,591,397,1.4886649874055415,18.742318,35,12.0
GERAL,GERAL,21751147342,[APP INSTAL - NR],MULTI_CHANNEL,2025-08-28,321,189,1.6984126984126984,18.887729,25,6.0
GERAL,GERAL,21751147342,[APP INSTAL - NR],MULTI_CHANNEL,2025-08-29,464,305,1.521311475409836,18.927297,34,12.0
GERAL,GERAL,21751147342,[APP INSTAL - NR],MULTI_CHANNEL,2025-08-30,381,233,1.6351931330472103,18.640276,25,7.0
GERAL,GERAL,21751147342,[APP INSTAL - NR],MULTI_CHANNEL,2025-08-31,329,206,1.5970873786407767,17.265807,30,5.0
GERAL,GERAL,21751147342,[APP INSTAL - NR],MULTI_CHANNEL,2025-09-01,1291,943,1.3690349946977731,28.034301,64,28.0
GERAL,GERAL,21751147342,[APP INSTAL - NR],MULTI_CHANNEL,2025-09-02,651,480,1.35625,25.369591,45,18.0
GERAL,GERAL,21751147342,[APP INSTAL - NR],MULTI_CHANNEL,2025-09-03,419,297,1.4107744107744107,25.51546,35,14.0
GERAL,GERAL,21853231865,App Engajamento - Estacionamento,MULTI_CHANNEL,2025-06-06,2515,325,7.7384615384615385,18.087272,18,20.0
GERAL,GERAL,21853231865,App Engajamento - Estacionamento,MULTI_CHANNEL,2025-06-07,2765,346,7.991329479768786,28.17536,29,51.0
GERAL,GERAL,21853231865,App Engajamento - Estacionamento,MULTI_CHANNEL,2025-06-08,3425,367,9.33242506811989,14.52958,16,12.0
GERAL,GERAL,21853231865,App Engajamento - Estacionamento,MULTI_CHANNEL,2025-06-09,1635,246,6.646341463414634,11.669735,8,3.0
GERAL,GERAL,21853231865,App Engajamento - Estacionamento,MULTI_CHANNEL,2025-06-10,1457,266,5.477443609022556,9.895812,11,10.0
GERAL,GERAL,21853231865,App Engajamento - Estacionamento,MULTI_CHANNEL,2025-06-11,1610,273,5.897435897435898,12.278261,11,13.0
GERAL,GERAL,21853231865,App Engajamento - Estacionamento,MULTI_CHANNEL,2025-06-12,526,102,5.1568627450980395,4.535785,6,19.0
GERAL,GERAL,22098634980,[Pmax] App - CS,PERFORMANCE_MAX,2025-06-26,4136,3264,1.267156862745098,7.284581,7,97.0
GERAL,GERAL,22098634980,[Pmax] App - CS,PERFORMANCE_MAX,2025-06-27,10519,7814,1.3461735346813413,31.149818,25,180.0
GERAL,GERAL,22098634980,[Pmax] App - CS,PERFORMANCE_MAX,2025-06-28,7773,5991,1.2974461692538808,21.521385,21,235.0
GERAL,GERAL,22098634980,[Pmax] App - CS,PERFORMANCE_MAX,2025-06-29,6256,4824,1.296849087893864,17.919523,22,164.0
GERAL,GERAL,22098634980,[Pmax] App - CS,PERFORMANCE_MAX,2025-06-30,8956,6605,1.3559424678274035,20.789246,14,136.0
GERAL,GERAL,22098634980,[Pmax] App - CS,PERFORMANCE_MAX,2025-07-01,9845,7388,1.3325663237682728,19.626026,22,206.0
GERAL,GERAL,22098634980,[Pmax] App - CS,PERFORMANCE_MAX,2025-07-02,9609,7234,1.3283107547691457,19.173044,19,149.0
GERAL,GERAL,22098634980,[Pmax] App - CS,PERFORMANCE_MAX,2025-07-03,8930,6628,1.3473144236572119,19.930891,9,130.0
GERAL,GERAL,22098634980,[Pmax] App - CS,PERFORMANCE_MAX,2025-07-04,10533,7963,1.3227426849177446,22.585912,26,217.0
GERAL,GERAL,22098634980,[Pmax] App - CS,PERFORMANCE_MAX,2025-07-05,8549,6682,1.2794073630649505,19.001927,25,218.0
GERAL,GERAL,22098634980,[Pmax] App - CS,PERFORMANCE_MAX,2025-07-06,6583,5200,1.2659615384615384,16.474552,24,123.0
GERAL,GERAL,22098634980,[Pmax] App - CS,PERFORMANCE_MAX,2025-07-07,8775,6820,1.2866568914956011,20.230417,14,114.0
GERAL,GERAL,22098634980,[Pmax] App - CS,PERFORMANCE_MAX,2025-07-08,12686,9811,1.293038426256243,23.559292,29,194.0
GERAL,GERAL,22098634980,[Pmax] App - CS,PERFORMANCE_MAX,2025-07-09,11496,8894,1.2925567798515853,30.757378,20,190.0
GERAL,GERAL,22098634980,[Pmax] App - CS,PERFORMANCE_MAX,2025-07-10,11928,9063,1.3161204899040053,32.718076,28,208.0
GERAL,GERAL,22098634980,[Pmax] App - CS,PERFORMANCE_MAX,2025-07-11,11149,8588,1.2982068001863065,32.157753,29,239.0
GERAL,GERAL,22098634980,[Pmax] App - CS,PERFORMANCE_MAX,2025-07-12,9922,7871,1.2605768009147504,30.056425,34,257.0
GERAL,GERAL,22098634980,[Pmax] App - CS,PERFORMANCE_MAX,2025-07-13,9557,7554,1.265157532433148,26.901433,48,195.0
GERAL,GERAL,22098634980,[Pmax] App - CS,PERFORMANCE_MAX,2025-07-14,11886,9298,1.2783394278339428,34.602028,26,214.0
GERAL,GERAL,22098634980,[Pmax] App - CS,PERFORMANCE_MAX,2025-07-15,11293,8578,1.316507344369317,33.725486,22,221.0
GERAL,GERAL,22098634980,[Pmax] App - CS,PERFORMANCE_MAX,2025-07-16,10637,8463,1.2568829020441923,32.233166,21,210.0
GERAL,GERAL,22098634980,[Pmax] App - CS,PERFORMANCE_MAX,2025-07-17,6117,4933,1.2400162173119806,23.924078,23,112.0
GERAL,GERAL,22098634980,[Pmax] App - CS,PERFORMANCE_MAX,2025-07-18,7107,5719,1.2426997726875328,39.512764,41,129.0
GERAL,GERAL,22098634980,[Pmax] App - CS,PERFORMANCE_MAX,2025-07-19,4512,3814,1.1830099632931306,29.245053,36,92.0
GERAL,GERAL,22098634980,[Pmax] App - CS,PERFORMANCE_MAX,2025-07-20,1594,1315,1.2121673003802282,14.102047,29,45.0
GERAL,GERAL,22098634980,[Pmax] App - CS,PERFORMANCE_MAX,2025-07-21,10685,8758,1.2200274035167846,55.65503,26,136.0
GERAL,GERAL,22098634980,[Pmax] App - CS,PERFORMANCE_MAX,2025-07-22,6585,5371,1.2260286725004654,28.143894,32,106.0
GERAL,GERAL,22098634980,[Pmax] App - CS,PERFORMANCE_MAX,2025-07-23,8072,6573,1.2280541609615092,31.153216,33,139.0
GERAL,GERAL,22098634980,[Pmax] App - CS,PERFORMANCE_MAX,2025-07-24,7069,5654,1.2502652989034313,32.373073,36,149.0
GERAL,GERAL,22098634980,[Pmax] App - CS,PERFORMANCE_MAX,2025-07-25,6748,5502,1.2264631043256997,30.575852,46,152.0
GERAL,GERAL,22098634980,[Pmax] App - CS,PERFORMANCE_MAX,2025-07-26,5586,4681,1.1933347575304423,27.675229,35,143.0
GERAL,GERAL,22098634980,[Pmax] App - CS,PERFORMANCE_MAX,2025-07-27,5052,4166,1.2126740278444552,23.628933,45,112.0
GERAL,GERAL,22098634980,[Pmax] App - CS,PERFORMANCE_MAX,2025-07-28,4446,3671,1.2111141378371015,29.263452,28,125.0
GERAL,GERAL,22098634980,[Pmax] App - CS,PERFORMANCE_MAX,2025-07-29,4685,3891,1.2040606527884863,13.514571,25,103.0
GERAL,GERAL,22098634980,[Pmax] App - CS,PERFORMANCE_MAX,2025-07-30,6648,5385,1.2345403899721448,16.288364,19,115.0
GERAL,GERAL,22098634980,[Pmax] App - CS,PERFORMANCE_MAX,2025-07-31,6252,5121,1.220855301698887,15.17984,15,117.0
GERAL,GERAL,22098634980,[Pmax] App - CS,PERFORMANCE_MAX,2025-08-01,5709,4616,1.2367850953206239,15.08842,22,145.0
GERAL,GERAL,22098634980,[Pmax] App - CS,PERFORMANCE_MAX,2025-08-02,5056,4289,1.1788295640009325,14.334299,30,129.0
GERAL,GERAL,22098634980,[Pmax] App - CS,PERFORMANCE_MAX,2025-08-03,2649,2273,1.1654201495820502,10.000841,25,91.0
GERAL,GERAL,22098634980,[Pmax] App - CS,PERFORMANCE_MAX,2025-08-04,5089,4319,1.1782820097244733,17.683553,23,79.0
GERAL,GERAL,22098634980,[Pmax] App - CS,PERFORMANCE_MAX,2025-08-05,5549,4777,1.1616077035796526,18.634762,16,69.0
GERAL,GERAL,22098634980,[Pmax] App - CS,PERFORMANCE_MAX,2025-08-06,4290,3765,1.1394422310756973,13.426479,12,58.0
GERAL,GERAL,22098634980,[Pmax] App - CS,PERFORMANCE_MAX,2025-08-07,3238,2755,1.175317604355717,18.684375,17,58.0
GERAL,GERAL,22098634980,[Pmax] App - CS,PERFORMANCE_MAX,2025-08-08,4107,3442,1.1932016269610692,15.23163,12,65.0
GERAL,GERAL,22098634980,[Pmax] App - CS,PERFORMANCE_MAX,2025-08-09,3397,2926,1.1609706083390294,14.555803,18,72.0
GERAL,GERAL,22098634980,[Pmax] App - CS,PERFORMANCE_MAX,2025-08-10,3843,3206,1.1986899563318778,15.262243,22,51.0
GERAL,GERAL,22098634980,[Pmax] App - CS,PERFORMANCE_MAX,2025-08-11,4336,3529,1.228676678945877,13.777491,13,65.0
GERAL,GERAL,22098634980,[Pmax] App - CS,PERFORMANCE_MAX,2025-08-12,6630,5522,1.2006519377037306,15.202176,14,86.0
GERAL,GERAL,22098634980,[Pmax] App - CS,PERFORMANCE_MAX,2025-08-13,5910,4918,1.2017080113867427,15.972612,17,71.0
GERAL,GERAL,22098634980,[Pmax] App - CS,PERFORMANCE_MAX,2025-08-14,5014,4025,1.2457142857142858,13.804495,22,64.0
GERAL,GERAL,22098634980,[Pmax] App - CS,PERFORMANCE_MAX,2025-08-15,6082,5144,1.182348367029549,16.670908,21,90.0
GERAL,GERAL,22098634980,[Pmax] App - CS,PERFORMANCE_MAX,2025-08-16,4397,3688,1.1922451193058567,14.949254,24,89.0
GERAL,GERAL,22098634980,[Pmax] App - CS,PERFORMANCE_MAX,2025-08-17,5111,4406,1.1600090785292783,12.345211,19,84.0
GERAL,GERAL,22098634980,[Pmax] App - CS,PERFORMANCE_MAX,2025-08-18,4746,3990,1.1894736842105262,17.718734,27,91.0
GERAL,GERAL,22098634980,[Pmax] App - CS,PERFORMANCE_MAX,2025-08-19,5920,4806,1.2317935913441531,14.383742,19,79.0
GERAL,GERAL,22098634980,[Pmax] App - CS,PERFORMANCE_MAX,2025-08-20,5375,4490,1.1971046770601337,16.119177,26,97.0
GERAL,GERAL,22098634980,[Pmax] App - CS,PERFORMANCE_MAX,2025-08-21,4604,3819,1.2055511914113641,12.721902,22,62.0
GERAL,GERAL,22098634980,[Pmax] App - CS,PERFORMANCE_MAX,2025-08-22,5891,5008,1.176317891373802,15.729193,18,105.0
GERAL,GERAL,22098634980,[Pmax] App - CS,PERFORMANCE_MAX,2025-08-23,4516,3840,1.1760416666666667,14.764556,36,99.0
GERAL,GERAL,22098634980,[Pmax] App - CS,PERFORMANCE_MAX,2025-08-24,3381,2848,1.1871488764044944,10.050268,35,49.0
GERAL,GERAL,22098634980,[Pmax] App - CS,PERFORMANCE_MAX,2025-08-25,5748,4763,1.2068024354398488,17.900569,38,77.0
GERAL,GERAL,22098634980,[Pmax] App - CS,PERFORMANCE_MAX,2025-08-26,4893,4125,1.1861818181818182,14.107227,34,51.0
GERAL,GERAL,22098634980,[Pmax] App - CS,PERFORMANCE_MAX,2025-08-27,5793,4964,1.1670024174053182,14.472193,22,82.0
GERAL,GERAL,22098634980,[Pmax] App - CS,PERFORMANCE_MAX,2025-08-28,6503,5428,1.1980471628592484,14.029227,19,93.0
GERAL,GERAL,22098634980,[Pmax] App - CS,PERFORMANCE_MAX,2025-08-29,6139,5154,1.1911136980985642,13.563336,30,114.0
GERAL,GERAL,22098634980,[Pmax] App - CS,PERFORMANCE_MAX,2025-08-30,3555,3043,1.1682550115018073,12.063133,44,83.0
GERAL,GERAL,22098634980,[Pmax] App - CS,PERFORMANCE_MAX,2025-08-31,3140,2681,1.1712047743379337,11.354633,26,54.0
GERAL,GERAL,22098634980,[Pmax] App - CS,PERFORMANCE_MAX,2025-09-01,5617,4791,1.1724065957002714,22.838266,37,75.0
GERAL,GERAL,22098634980,[Pmax] App - CS,PERFORMANCE_MAX,2025-09-02,4099,3502,1.1704740148486579,18.393506,38,85.0
GERAL,GERAL,22098634980,[Pmax] App - CS,PERFORMANCE_MAX,2025-09-03,4929,4172,1.1814477468839886,17.902471,26,58.0
GERAL,GERAL,22098643371,[Pmax] App - BS,PERFORMANCE_MAX,2025-06-26,1294,1059,1.2219074598678,4.212157,13,90.0
GERAL,GERAL,22098643371,[Pmax] App - BS,PERFORMANCE_MAX,2025-06-27,7590,5792,1.31042817679558,36.535223,22,324.0
GERAL,GERAL,22098643371,[Pmax] App - BS,PERFORMANCE_MAX,2025-06-28,4411,3583,1.2310912643036562,20.428458,52,334.0
GERAL,GERAL,22098643371,[Pmax] App - BS,PERFORMANCE_MAX,2025-06-29,3151,2523,1.2489100277447482,14.09954,37,202.0
GERAL,GERAL,22098643371,[Pmax] App - BS,PERFORMANCE_MAX,2025-06-30,6008,4823,1.2456976985278871,23.080658,32,269.0
GERAL,GERAL,22098643371,[Pmax] App - BS,PERFORMANCE_MAX,2025-07-01,5182,4099,1.2642107831178335,19.613479,21,289.0
GERAL,GERAL,22098643371,[Pmax] App - BS,PERFORMANCE_MAX,2025-07-02,4817,3804,1.2662986330178758,18.549952,39,245.0
GERAL,GERAL,22098643371,[Pmax] App - BS,PERFORMANCE_MAX,2025-07-03,5944,4677,1.270900149668591,20.146837,32,254.0
GERAL,GERAL,22098643371,[Pmax] App - BS,PERFORMANCE_MAX,2025-07-04,6580,5263,1.2502375071252139,21.724833,32,384.0
GERAL,GERAL,22098643371,[Pmax] App - BS,PERFORMANCE_MAX,2025-07-05,4969,4109,1.2092966658554394,21.834851,41,359.0
GERAL,GERAL,22098643371,[Pmax] App - BS,PERFORMANCE_MAX,2025-07-06,5107,4123,1.2386611690516613,18.122374,42,274.0
GERAL,GERAL,22098643371,[Pmax] App - BS,PERFORMANCE_MAX,2025-07-07,5392,4294,1.255705635770843,21.025558,63,241.0
GERAL,GERAL,22098643371,[Pmax] App - BS,PERFORMANCE_MAX,2025-07-08,6337,5217,1.2146827678742573,20.204443,37,249.0
GERAL,GERAL,22098643371,[Pmax] App - BS,PERFORMANCE_MAX,2025-07-09,5605,4497,1.2463864798754725,22.246719,50,271.0
GERAL,GERAL,22098643371,[Pmax] App - BS,PERFORMANCE_MAX,2025-07-10,5951,4932,1.206609894566099,20.140827,40,284.0
GERAL,GERAL,22098643371,[Pmax] App - BS,PERFORMANCE_MAX,2025-07-11,5662,4638,1.2207848210435532,19.917741,58,357.0
GERAL,GERAL,22098643371,[Pmax] App - BS,PERFORMANCE_MAX,2025-07-12,5866,4788,1.2251461988304093,24.49776,61,409.0
GERAL,GERAL,22098643371,[Pmax] App - BS,PERFORMANCE_MAX,2025-07-13,4570,3740,1.2219251336898396,17.478565,76,265.0
GERAL,GERAL,22098643371,[Pmax] App - BS,PERFORMANCE_MAX,2025-07-14,4894,4056,1.2066074950690335,17.911574,70,221.0
GERAL,GERAL,22098643371,[Pmax] App - BS,PERFORMANCE_MAX,2025-07-15,6379,5068,1.2586819258089976,23.340274,53,297.0
GERAL,GERAL,22098643371,[Pmax] App - BS,PERFORMANCE_MAX,2025-07-16,5447,4478,1.2163912460920054,20.057649,63,251.0
GERAL,GERAL,22098643371,[Pmax] App - BS,PERFORMANCE_MAX,2025-07-17,4617,3915,1.1793103448275861,17.876512,64,188.0
GERAL,GERAL,22098643371,[Pmax] App - BS,PERFORMANCE_MAX,2025-07-18,3741,3137,1.1925406439273192,16.770682,60,177.0
GERAL,GERAL,22098643371,[Pmax] App - BS,PERFORMANCE_MAX,2025-07-19,4001,3354,1.1929039952295766,22.374456,42,190.0
GERAL,GERAL,22098643371,[Pmax] App - BS,PERFORMANCE_MAX,2025-07-20,4947,4018,1.231209556993529,17.745861,62,147.0
GERAL,GERAL,22098643371,[Pmax] App - BS,PERFORMANCE_MAX,2025-07-21,10393,8279,1.2553448484116438,30.956955,41,285.0
GERAL,GERAL,22098643371,[Pmax] App - BS,PERFORMANCE_MAX,2025-07-22,5537,4608,1.2016059027777777,30.086743,89,239.0
GERAL,GERAL,22098643371,[Pmax] App - BS,PERFORMANCE_MAX,2025-07-23,6105,4992,1.2229567307692308,34.138919,87,357.0
GERAL,GERAL,22098643371,[Pmax] App - BS,PERFORMANCE_MAX,2025-07-24,7414,5921,1.2521533524742443,34.170169,81,372.0
GERAL,GERAL,22098643371,[Pmax] App - BS,PERFORMANCE_MAX,2025-07-25,5771,4715,1.223966065747614,28.43827,107,330.0
GERAL,GERAL,22098643371,[Pmax] App - BS,PERFORMANCE_MAX,2025-07-26,6499,5441,1.194449549715126,32.584749,89,373.0
GERAL,GERAL,22098643371,[Pmax] App - BS,PERFORMANCE_MAX,2025-07-27,4619,3983,1.1596786341953302,17.551899,78,212.0
GERAL,GERAL,22098643371,[Pmax] App - BS,PERFORMANCE_MAX,2025-07-28,6193,5204,1.1900461183704842,33.538027,61,273.0
GERAL,GERAL,22098643371,[Pmax] App - BS,PERFORMANCE_MAX,2025-07-29,3971,3319,1.1964447122627297,14.184217,54,205.0
GERAL,GERAL,22098643371,[Pmax] App - BS,PERFORMANCE_MAX,2025-07-30,5216,4374,1.1925011431184271,15.483186,36,210.0
GERAL,GERAL,22098643371,[Pmax] App - BS,PERFORMANCE_MAX,2025-07-31,5313,4450,1.1939325842696629,15.210806,62,245.0
GERAL,GERAL,22098643371,[Pmax] App - BS,PERFORMANCE_MAX,2025-08-01,4892,4108,1.1908471275559882,14.71225,39,211.0
GERAL,GERAL,22098643371,[Pmax] App - BS,PERFORMANCE_MAX,2025-08-02,4787,4149,1.153771993251386,14.762884,40,228.0
GERAL,GERAL,22098643371,[Pmax] App - BS,PERFORMANCE_MAX,2025-08-03,3902,3251,1.200246078129806,13.856939,66,192.0
GERAL,GERAL,22098643371,[Pmax] App - BS,PERFORMANCE_MAX,2025-08-04,3757,3148,1.1934561626429478,15.425131,62,165.0
GERAL,GERAL,22098643371,[Pmax] App - BS,PERFORMANCE_MAX,2025-08-05,2867,2454,1.1682966585167074,11.450532,34,106.0
GERAL,GERAL,22098643371,[Pmax] App - BS,PERFORMANCE_MAX,2025-08-06,3588,2982,1.2032193158953723,18.494599,47,118.0
GERAL,GERAL,22098643371,[Pmax] App - BS,PERFORMANCE_MAX,2025-08-07,3860,3254,1.1862323294406885,18.037993,23,105.0
GERAL,GERAL,22098643371,[Pmax] App - BS,PERFORMANCE_MAX,2025-08-08,2276,1895,1.2010554089709762,15.883834,43,107.0
GERAL,GERAL,22098643371,[Pmax] App - BS,PERFORMANCE_MAX,2025-08-09,3897,3341,1.1664172403472015,14.63728,30,134.0
GERAL,GERAL,22098643371,[Pmax] App - BS,PERFORMANCE_MAX,2025-08-10,3527,2985,1.181574539363484,12.050196,36,126.0
GERAL,GERAL,22098643371,[Pmax] App - BS,PERFORMANCE_MAX,2025-08-11,5849,4920,1.188821138211382,18.325222,37,169.0
GERAL,GERAL,22098643371,[Pmax] App - BS,PERFORMANCE_MAX,2025-08-12,4321,3594,1.2022815804117974,13.420238,29,126.0
GERAL,GERAL,22098643371,[Pmax] App - BS,PERFORMANCE_MAX,2025-08-13,5486,4589,1.1954674220963173,15.878074,18,101.0
GERAL,GERAL,22098643371,[Pmax] App - BS,PERFORMANCE_MAX,2025-08-14,4447,3753,1.1849187316813217,14.664796,26,122.0
GERAL,GERAL,22098643371,[Pmax] App - BS,PERFORMANCE_MAX,2025-08-15,5658,4844,1.1680429397192402,16.700687,17,175.0
GERAL,GERAL,22098643371,[Pmax] App - BS,PERFORMANCE_MAX,2025-08-16,4958,4261,1.1635766252053508,15.372597,28,205.0
GERAL,GERAL,22098643371,[Pmax] App - BS,PERFORMANCE_MAX,2025-08-17,4507,3926,1.1479877738155884,12.923186,47,150.0
GERAL,GERAL,22098643371,[Pmax] App - BS,PERFORMANCE_MAX,2025-08-18,4829,4141,1.1661434436126539,14.767027,25,123.0
GERAL,GERAL,22098643371,[Pmax] App - BS,PERFORMANCE_MAX,2025-08-19,5234,4390,1.192255125284738,16.047884,28,122.0
GERAL,GERAL,22098643371,[Pmax] App - BS,PERFORMANCE_MAX,2025-08-20,4426,3816,1.159853249475891,14.768737,34,149.0
GERAL,GERAL,22098643371,[Pmax] App - BS,PERFORMANCE_MAX,2025-08-21,5121,4323,1.1845940319222763,13.809043,32,134.0
GERAL,GERAL,22098643371,[Pmax] App - BS,PERFORMANCE_MAX,2025-08-22,4530,3871,1.1702402479979332,15.929263,38,157.0
GERAL,GERAL,22098643371,[Pmax] App - BS,PERFORMANCE_MAX,2025-08-23,4653,4097,1.1357090554063949,14.574547,41,174.0
GERAL,GERAL,22098643371,[Pmax] App - BS,PERFORMANCE_MAX,2025-08-24,4602,3824,1.2034518828451883,10.44205,79,137.0
GERAL,GERAL,22098643371,[Pmax] App - BS,PERFORMANCE_MAX,2025-08-25,5324,4476,1.1894548704200179,19.84162,64,168.0
GERAL,GERAL,22098643371,[Pmax] App - BS,PERFORMANCE_MAX,2025-08-26,5009,4245,1.1799764428739694,12.941649,42,111.0
GERAL,GERAL,22098643371,[Pmax] App - BS,PERFORMANCE_MAX,2025-08-27,5563,4689,1.1863936873533802,14.324976,29,126.0
GERAL,GERAL,22098643371,[Pmax] App - BS,PERFORMANCE_MAX,2025-08-28,4819,4076,1.1822865554465163,13.188432,32,113.0
GERAL,GERAL,22098643371,[Pmax] App - BS,PERFORMANCE_MAX,2025-08-29,5046,4352,1.1594669117647058,12.819309,36,129.0
GERAL,GERAL,22098643371,[Pmax] App - BS,PERFORMANCE_MAX,2025-08-30,3814,3298,1.156458459672529,13.806891,58,148.0
GERAL,GERAL,22098643371,[Pmax] App - BS,PERFORMANCE_MAX,2025-08-31,4741,4099,1.1566235667235911,11.680835,42,98.0
GERAL,GERAL,22098643371,[Pmax] App - BS,PERFORMANCE_MAX,2025-09-01,6388,5416,1.1794682422451994,24.316963,49,145.0
GERAL,GERAL,22098643371,[Pmax] App - BS,PERFORMANCE_MAX,2025-09-02,5769,4903,1.176626555170304,26.742989,55,172.0
GERAL,GERAL,22098643371,[Pmax] App - BS,PERFORMANCE_MAX,2025-09-03,5420,4665,1.1618435155412647,24.127743,48,177.0
GERAL,GERAL,22098681981,[Pmax] App - GS,PERFORMANCE_MAX,2025-06-26,3963,2962,1.337947332883187,11.120098,16,150.0
GERAL,GERAL,22098681981,[Pmax] App - GS,PERFORMANCE_MAX,2025-06-27,8408,6118,1.374305328538738,29.630807,25,244.0
GERAL,GERAL,22098681981,[Pmax] App - GS,PERFORMANCE_MAX,2025-06-28,5667,4228,1.3403500473036898,20.048847,26,279.0
GERAL,GERAL,22098681981,[Pmax] App - GS,PERFORMANCE_MAX,2025-06-29,4205,3194,1.3165309956167814,16.087028,34,166.0
GERAL,GERAL,22098681981,[Pmax] App - GS,PERFORMANCE_MAX,2025-06-30,7997,5781,1.3833246843106728,21.73002,30,250.0
GERAL,GERAL,22098681981,[Pmax] App - GS,PERFORMANCE_MAX,2025-07-01,7088,5168,1.3715170278637772,19.613152,16,258.0
GERAL,GERAL,22098681981,[Pmax] App - GS,PERFORMANCE_MAX,2025-07-02,7741,5478,1.4131069733479371,18.377089,20,256.0
GERAL,GERAL,22098681981,[Pmax] App - GS,PERFORMANCE_MAX,2025-07-03,8375,6070,1.3797364085667216,22.490745,18,255.0
GERAL,GERAL,22098681981,[Pmax] App - GS,PERFORMANCE_MAX,2025-07-04,8223,5852,1.4051606288448393,20.831449,20,295.0
GERAL,GERAL,22098681981,[Pmax] App - GS,PERFORMANCE_MAX,2025-07-05,6775,5087,1.3318262237074896,19.453823,34,358.0
GERAL,GERAL,22098681981,[Pmax] App - GS,PERFORMANCE_MAX,2025-07-06,5123,3847,1.3316870288536522,17.054375,24,190.0
GERAL,GERAL,22098681981,[Pmax] App - GS,PERFORMANCE_MAX,2025-07-07,8800,6410,1.3728549141965678,26.124567,23,228.0
GERAL,GERAL,22098681981,[Pmax] App - GS,PERFORMANCE_MAX,2025-07-08,10028,7337,1.3667711598746082,34.913348,32,326.0
GERAL,GERAL,22098681981,[Pmax] App - GS,PERFORMANCE_MAX,2025-07-09,9039,6412,1.4097005614472864,34.882998,24,277.0
GERAL,GERAL,22098681981,[Pmax] App - GS,PERFORMANCE_MAX,2025-07-10,9608,7226,1.3296429559922502,32.373394,25,283.0
GERAL,GERAL,22098681981,[Pmax] App - GS,PERFORMANCE_MAX,2025-07-11,9392,6945,1.3523398128149748,31.429395,32,342.0
GERAL,GERAL,22098681981,[Pmax] App - GS,PERFORMANCE_MAX,2025-07-12,8425,6709,1.255775823520644,31.229621,35,338.0
GERAL,GERAL,22098681981,[Pmax] App - GS,PERFORMANCE_MAX,2025-07-13,7022,5573,1.2600035887313834,27.177165,39,240.0
GERAL,GERAL,22098681981,[Pmax] App - GS,PERFORMANCE_MAX,2025-07-14,9234,6809,1.3561462769863417,31.735491,39,226.0
GERAL,GERAL,22098681981,[Pmax] App - GS,PERFORMANCE_MAX,2025-07-15,8868,6390,1.387793427230047,30.657776,26,249.0
GERAL,GERAL,22098681981,[Pmax] App - GS,PERFORMANCE_MAX,2025-07-16,9431,6901,1.3666135342703956,36.213774,41,290.0
GERAL,GERAL,22098681981,[Pmax] App - GS,PERFORMANCE_MAX,2025-07-17,4226,3189,1.3251803073063657,14.513388,21,117.0
GERAL,GERAL,22098681981,[Pmax] App - GS,PERFORMANCE_MAX,2025-07-18,3347,2749,1.2175336485994908,23.891884,22,73.0
GERAL,GERAL,22098681981,[Pmax] App - GS,PERFORMANCE_MAX,2025-07-19,365,309,1.1812297734627832,18.218331,34,35.0
GERAL,GERAL,22098681981,[Pmax] App - GS,PERFORMANCE_MAX,2025-07-20,550,463,1.187904967602592,47.0829,59,49.0
GERAL,GERAL,22098681981,[Pmax] App - GS,PERFORMANCE_MAX,2025-07-21,1030,850,1.2117647058823529,50.55367,50,49.0
GERAL,GERAL,22098681981,[Pmax] App - GS,PERFORMANCE_MAX,2025-07-22,213,178,1.196629213483146,13.803317,19,22.0
GERAL,GERAL,22098681981,[Pmax] App - GS,PERFORMANCE_MAX,2025-07-30,1223,1220,1.0024590163934426,30.009958,31,9.0
GERAL,GERAL,22098681981,[Pmax] App - GS,PERFORMANCE_MAX,2025-07-31,6044,4840,1.2487603305785124,29.993803,30,178.0
GERAL,GERAL,22098681981,[Pmax] App - GS,PERFORMANCE_MAX,2025-08-01,3878,2986,1.2987273945077027,14.860673,29,130.0
GERAL,GERAL,22098681981,[Pmax] App - GS,PERFORMANCE_MAX,2025-08-02,4050,3249,1.2465373961218837,14.929924,91,183.0
GERAL,GERAL,22098681981,[Pmax] App - GS,PERFORMANCE_MAX,2025-08-03,4150,3249,1.2773160972606956,13.338228,88,175.0
GERAL,GERAL,22098681981,[Pmax] App - GS,PERFORMANCE_MAX,2025-08-04,2842,2241,1.2681838464970996,8.243249,55,66.0
GERAL,GERAL,22098681981,[Pmax] App - GS,PERFORMANCE_MAX,2025-08-05,3305,2695,1.2263450834879406,22.29501,41,77.0
GERAL,GERAL,22098681981,[Pmax] App - GS,PERFORMANCE_MAX,2025-08-06,3419,2697,1.267704857248795,14.725305,22,61.0
GERAL,GERAL,22098681981,[Pmax] App - GS,PERFORMANCE_MAX,2025-08-07,5151,4242,1.2142857142857142,27.003422,38,109.0
GERAL,GERAL,22098681981,[Pmax] App - GS,PERFORMANCE_MAX,2025-08-08,3183,2382,1.336272040302267,24.059087,131,127.0
GERAL,GERAL,22098681981,[Pmax] App - GS,PERFORMANCE_MAX,2025-08-09,3764,3085,1.220097244732577,30.866146,89,143.0
GERAL,GERAL,22098681981,[Pmax] App - GS,PERFORMANCE_MAX,2025-08-10,2870,2316,1.2392055267702937,15.114543,74,84.0
GERAL,GERAL,22098681981,[Pmax] App - GS,PERFORMANCE_MAX,2025-08-11,4843,3644,1.329034028540066,34.874042,44,105.0
GERAL,GERAL,22098681981,[Pmax] App - GS,PERFORMANCE_MAX,2025-08-12,4966,4072,1.219548133595285,25.566494,85,129.0
GERAL,GERAL,22098681981,[Pmax] App - GS,PERFORMANCE_MAX,2025-08-13,4242,3511,1.2082027912275706,28.787344,84,123.0
GERAL,GERAL,22098681981,[Pmax] App - GS,PERFORMANCE_MAX,2025-08-14,3723,2917,1.2763112787110045,31.084168,111,107.0
GERAL,GERAL,22098681981,[Pmax] App - GS,PERFORMANCE_MAX,2025-08-15,6389,5010,1.275249500998004,32.824292,102,156.0
GERAL,GERAL,22098681981,[Pmax] App - GS,PERFORMANCE_MAX,2025-08-16,4054,3194,1.2692548528490921,27.250023,124,156.0
GERAL,GERAL,22098681981,[Pmax] App - GS,PERFORMANCE_MAX,2025-08-17,5229,4157,1.2578782776040414,27.549342,110,191.0
GERAL,GERAL,22098681981,[Pmax] App - GS,PERFORMANCE_MAX,2025-08-18,4392,3533,1.243136144919332,17.60775,57,91.0
GERAL,GERAL,22098681981,[Pmax] App - GS,PERFORMANCE_MAX,2025-08-19,6564,5106,1.2855464159811987,37.329631,98,188.0
GERAL,GERAL,22098681981,[Pmax] App - GS,PERFORMANCE_MAX,2025-08-20,5108,4134,1.2356071601354621,25.459232,90,153.0
GERAL,GERAL,22098681981,[Pmax] App - GS,PERFORMANCE_MAX,2025-08-21,6025,4820,1.25,29.909018,78,191.0
GERAL,GERAL,22098681981,[Pmax] App - GS,PERFORMANCE_MAX,2025-08-22,4327,3458,1.2513013302486986,26.712443,80,147.0
GERAL,GERAL,22098681981,[Pmax] App - GS,PERFORMANCE_MAX,2025-08-23,4317,3571,1.208905068608233,27.427792,132,192.0
GERAL,GERAL,22098681981,[Pmax] App - GS,PERFORMANCE_MAX,2025-08-24,4329,3481,1.2436081585751222,21.15055,137,182.0
GERAL,GERAL,22098681981,[Pmax] App - GS,PERFORMANCE_MAX,2025-08-25,5476,4359,1.2562514338150952,30.126675,73,138.0
GERAL,GERAL,22098681981,[Pmax] App - GS,PERFORMANCE_MAX,2025-08-26,5086,3994,1.273410115172759,29.376026,109,153.0
GERAL,GERAL,22098681981,[Pmax] App - GS,PERFORMANCE_MAX,2025-08-27,5373,4332,1.2403047091412742,26.183548,81,135.0
GERAL,GERAL,22098681981,[Pmax] App - GS,PERFORMANCE_MAX,2025-08-28,5654,4468,1.26544315129812,26.110753,114,166.0
GERAL,GERAL,22098681981,[Pmax] App - GS,PERFORMANCE_MAX,2025-08-29,5688,4373,1.3007088954950834,24.068639,182,181.0
GERAL,GERAL,22098681981,[Pmax] App - GS,PERFORMANCE_MAX,2025-08-30,3633,2807,1.2942643391521198,22.569916,219,164.0
GERAL,GERAL,22098681981,[Pmax] App - GS,PERFORMANCE_MAX,2025-08-31,3079,2463,1.250101502233049,14.862871,154,87.0
GERAL,GERAL,22098681981,[Pmax] App - GS,PERFORMANCE_MAX,2025-09-01,4796,4007,1.1969054155228351,27.907262,86,100.0
GERAL,GERAL,22098681981,[Pmax] App - GS,PERFORMANCE_MAX,2025-09-02,2946,2335,1.2616702355460385,29.776979,117,129.0
GERAL,GERAL,22098681981,[Pmax] App - GS,PERFORMANCE_MAX,2025-09-03,4292,3567,1.2032520325203253,30.749359,113,127.0
GERAL,GERAL,22098726441,[Pmax] App - NS,PERFORMANCE_MAX,2025-06-26,2884,2292,1.2582897033158813,10.254137,11,106.0
GERAL,GERAL,22098726441,[Pmax] App - NS,PERFORMANCE_MAX,2025-06-27,6119,4412,1.3868993653671804,30.366035,22,191.0
GERAL,GERAL,22098726441,[Pmax] App - NS,PERFORMANCE_MAX,2025-06-28,3781,2849,1.3271323271323272,20.5262,33,216.0
GERAL,GERAL,22098726441,[Pmax] App - NS,PERFORMANCE_MAX,2025-06-29,2899,2251,1.2878720568636162,14.292069,23,125.0
GERAL,GERAL,22098726441,[Pmax] App - NS,PERFORMANCE_MAX,2025-06-30,6525,4986,1.3086642599277978,23.817651,19,184.0
GERAL,GERAL,22098726441,[Pmax] App - NS,PERFORMANCE_MAX,2025-07-01,4846,3548,1.3658399098083427,19.547374,19,206.0
GERAL,GERAL,22098726441,[Pmax] App - NS,PERFORMANCE_MAX,2025-07-02,5889,4498,1.3092485549132948,20.469987,22,168.0
GERAL,GERAL,22098726441,[Pmax] App - NS,PERFORMANCE_MAX,2025-07-03,5175,3871,1.3368638594678377,19.071391,13,158.0
GERAL,GERAL,22098726441,[Pmax] App - NS,PERFORMANCE_MAX,2025-07-04,5569,4137,1.3461445491902344,21.479939,22,177.0
GERAL,GERAL,22098726441,[Pmax] App - NS,PERFORMANCE_MAX,2025-07-05,4835,3739,1.2931265044129447,21.02678,37,192.0
GERAL,GERAL,22098726441,[Pmax] App - NS,PERFORMANCE_MAX,2025-07-06,3802,2968,1.2809973045822103,17.086693,23,122.0
GERAL,GERAL,22098726441,[Pmax] App - NS,PERFORMANCE_MAX,2025-07-07,6344,4722,1.3434985175772978,25.022544,32,137.0
GERAL,GERAL,22098726441,[Pmax] App - NS,PERFORMANCE_MAX,2025-07-08,7022,5381,1.304961902992009,26.770413,18,192.0
GERAL,GERAL,22098726441,[Pmax] App - NS,PERFORMANCE_MAX,2025-07-09,4498,3412,1.3182883939038688,22.140698,18,143.0
GERAL,GERAL,22098726441,[Pmax] App - NS,PERFORMANCE_MAX,2025-07-10,6140,4499,1.364747721715937,32.415213,25,161.0
GERAL,GERAL,22098726441,[Pmax] App - NS,PERFORMANCE_MAX,2025-07-11,6021,4584,1.3134816753926701,27.3001,32,189.0
GERAL,GERAL,22098726441,[Pmax] App - NS,PERFORMANCE_MAX,2025-07-12,4812,3629,1.3259851198677322,25.862507,42,245.0
GERAL,GERAL,22098726441,[Pmax] App - NS,PERFORMANCE_MAX,2025-07-13,3731,2837,1.3151216073316885,19.510299,44,158.0
GERAL,GERAL,22098726441,[Pmax] App - NS,PERFORMANCE_MAX,2025-07-14,8389,6487,1.2932017881917681,33.714511,35,207.0
GERAL,GERAL,22098726441,[Pmax] App - NS,PERFORMANCE_MAX,2025-07-15,5235,3888,1.3464506172839505,22.566769,24,173.0
GERAL,GERAL,22098726441,[Pmax] App - NS,PERFORMANCE_MAX,2025-07-16,7235,5485,1.3190519598906107,31.898712,27,217.0
GERAL,GERAL,22098726441,[Pmax] App - NS,PERFORMANCE_MAX,2025-07-17,3729,2837,1.3144166372929151,19.042656,26,120.0
GERAL,GERAL,22098726441,[Pmax] App - NS,PERFORMANCE_MAX,2025-07-18,2399,1981,1.2110045431600203,20.107071,25,69.0
GERAL,GERAL,22098726441,[Pmax] App - NS,PERFORMANCE_MAX,2025-07-19,2827,2376,1.1898148148148149,33.98716,43,98.0
GERAL,GERAL,22098726441,[Pmax] App - NS,PERFORMANCE_MAX,2025-07-20,1369,1130,1.211504424778761,13.981412,24,37.0
GERAL,GERAL,22098726441,[Pmax] App - NS,PERFORMANCE_MAX,2025-07-21,4419,3519,1.2557544757033248,45.637246,25,96.0
GERAL,GERAL,22098726441,[Pmax] App - NS,PERFORMANCE_MAX,2025-07-22,1953,1557,1.254335260115607,25.500196,27,83.0
GERAL,GERAL,22098726441,[Pmax] App - NS,PERFORMANCE_MAX,2025-07-23,4051,3141,1.2897166507481694,26.417104,24,114.0
GERAL,GERAL,22098726441,[Pmax] App - NS,PERFORMANCE_MAX,2025-07-24,5130,4055,1.2651048088779284,27.011957,29,154.0
GERAL,GERAL,22098726441,[Pmax] App - NS,PERFORMANCE_MAX,2025-07-25,4036,3179,1.2695816294432212,23.51642,34,136.0
GERAL,GERAL,22098726441,[Pmax] App - NS,PERFORMANCE_MAX,2025-07-26,4261,3466,1.2293710328909406,25.789117,34,159.0
GERAL,GERAL,22098726441,[Pmax] App - NS,PERFORMANCE_MAX,2025-07-27,4024,3236,1.2435105067985166,25.021724,36,126.0
GERAL,GERAL,22098726441,[Pmax] App - NS,PERFORMANCE_MAX,2025-07-28,4091,3185,1.284458398744113,22.404652,24,123.0
GERAL,GERAL,22098726441,[Pmax] App - NS,PERFORMANCE_MAX,2025-07-29,4028,3174,1.2690611216131065,13.222378,22,99.0
GERAL,GERAL,22098726441,[Pmax] App - NS,PERFORMANCE_MAX,2025-07-30,4629,3687,1.2554922701383238,16.967651,22,128.0
GERAL,GERAL,22098726441,[Pmax] App - NS,PERFORMANCE_MAX,2025-07-31,4537,3469,1.3078697030844624,14.223291,32,140.0
GERAL,GERAL,22098726441,[Pmax] App - NS,PERFORMANCE_MAX,2025-08-01,4789,3798,1.260926803580832,14.709705,21,152.0
GERAL,GERAL,22098726441,[Pmax] App - NS,PERFORMANCE_MAX,2025-08-02,4374,3497,1.2507863883328567,14.708196,37,187.0
GERAL,GERAL,22098726441,[Pmax] App - NS,PERFORMANCE_MAX,2025-08-03,3475,2815,1.2344582593250444,11.854543,31,112.0
GERAL,GERAL,22098726441,[Pmax] App - NS,PERFORMANCE_MAX,2025-08-04,3433,2742,1.2520058351568197,12.324133,24,92.0
GERAL,GERAL,22098726441,[Pmax] App - NS,PERFORMANCE_MAX,2025-08-05,4760,4043,1.1773435567647785,20.636142,25,96.0
GERAL,GERAL,22098726441,[Pmax] App - NS,PERFORMANCE_MAX,2025-08-06,3062,2591,1.1817830953299884,16.732966,27,78.0
GERAL,GERAL,22098726441,[Pmax] App - NS,PERFORMANCE_MAX,2025-08-07,4961,4108,1.2076436222005842,20.399177,20,96.0
GERAL,GERAL,22098726441,[Pmax] App - NS,PERFORMANCE_MAX,2025-08-08,10386,7842,1.324407039020658,25.864473,19,223.0
GERAL,GERAL,22098726441,[Pmax] App - NS,PERFORMANCE_MAX,2025-08-09,7756,6069,1.2779700115340253,25.655546,27,146.0
GERAL,GERAL,22098726441,[Pmax] App - NS,PERFORMANCE_MAX,2025-08-10,2963,2466,1.2015409570154096,15.036086,20,65.0
GERAL,GERAL,22098726441,[Pmax] App - NS,PERFORMANCE_MAX,2025-08-11,7052,5686,1.240239183960605,32.971425,22,128.0
GERAL,GERAL,22098726441,[Pmax] App - NS,PERFORMANCE_MAX,2025-08-12,5035,4149,1.2135454326343698,20.001116,34,105.0
GERAL,GERAL,22098726441,[Pmax] App - NS,PERFORMANCE_MAX,2025-08-13,6385,5184,1.2316743827160495,25.767486,31,125.0
GERAL,GERAL,22098726441,[Pmax] App - NS,PERFORMANCE_MAX,2025-08-14,6904,5631,1.2260699698099804,22.694479,27,136.0
GERAL,GERAL,22098726441,[Pmax] App - NS,PERFORMANCE_MAX,2025-08-15,6414,5298,1.2106455266138165,26.311579,32,158.0
GERAL,GERAL,22098726441,[Pmax] App - NS,PERFORMANCE_MAX,2025-08-16,6946,5600,1.240357142857143,24.585144,30,210.0
GERAL,GERAL,22098726441,[Pmax] App - NS,PERFORMANCE_MAX,2025-08-17,5077,4215,1.2045077105575326,16.746977,27,119.0
GERAL,GERAL,22098726441,[Pmax] App - NS,PERFORMANCE_MAX,2025-08-18,9270,7252,1.2782680639823496,27.701751,26,160.0
GERAL,GERAL,22098726441,[Pmax] App - NS,PERFORMANCE_MAX,2025-08-19,6263,4994,1.2541049259110932,19.189604,20,118.0
GERAL,GERAL,22098726441,[Pmax] App - NS,PERFORMANCE_MAX,2025-08-20,9941,7753,1.282213336772862,28.691709,17,190.0
GERAL,GERAL,22098726441,[Pmax] App - NS,PERFORMANCE_MAX,2025-08-21,7142,5723,1.2479468810064651,22.285598,19,151.0
GERAL,GERAL,22098726441,[Pmax] App - NS,PERFORMANCE_MAX,2025-08-22,7136,5847,1.2204549341542672,23.589754,26,187.0
GERAL,GERAL,22098726441,[Pmax] App - NS,PERFORMANCE_MAX,2025-08-23,7451,5997,1.2424545606136401,23.578452,40,180.0
GERAL,GERAL,22098726441,[Pmax] App - NS,PERFORMANCE_MAX,2025-08-24,7201,5749,1.2525656635936684,20.388483,41,124.0
GERAL,GERAL,22098726441,[Pmax] App - NS,PERFORMANCE_MAX,2025-08-25,8167,6522,1.2522232444035573,24.345471,41,167.0
GERAL,GERAL,22098726441,[Pmax] App - NS,PERFORMANCE_MAX,2025-08-26,7782,6195,1.2561743341404359,22.300709,33,166.0
GERAL,GERAL,22098726441,[Pmax] App - NS,PERFORMANCE_MAX,2025-08-27,8969,7040,1.2740056818181817,22.903235,30,189.0
GERAL,GERAL,22098726441,[Pmax] App - NS,PERFORMANCE_MAX,2025-08-28,9395,7196,1.3055864369093941,22.305379,29,268.0
GERAL,GERAL,22098726441,[Pmax] App - NS,PERFORMANCE_MAX,2025-08-29,9481,7129,1.329920044887081,21.010839,30,275.0
GERAL,GERAL,22098726441,[Pmax] App - NS,PERFORMANCE_MAX,2025-08-30,7080,5260,1.3460076045627376,13.338257,22,148.0
GERAL,GERAL,22098726441,[Pmax] App - NS,PERFORMANCE_MAX,2025-08-31,7022,5275,1.3311848341232226,22.001416,36,126.0
GERAL,GERAL,22098726441,[Pmax] App - NS,PERFORMANCE_MAX,2025-09-01,12731,8113,1.569209910020954,28.887641,24,151.0
GERAL,GERAL,22098726441,[Pmax] App - NS,PERFORMANCE_MAX,2025-09-02,10532,6443,1.6346422474002793,25.888261,26,170.0
GERAL,GERAL,22098726441,[Pmax] App - NS,PERFORMANCE_MAX,2025-09-03,12460,7577,1.6444503101491355,25.780083,19,211.0
GERAL,GERAL,22099094772,[Gen] App - BS,DEMAND_GEN,2025-06-26,508,413,1.2300242130750605,7.98238,4,0.0
GERAL,GERAL,22099094772,[Gen] App - BS,DEMAND_GEN,2025-06-30,280,189,1.4814814814814814,2.171207,0,0.0
GERAL,GERAL,22099094772,[Gen] App - BS,DEMAND_GEN,2025-07-01,2363,1714,1.3786464410735122,19.589561,9,0.0
GERAL,GERAL,22099094772,[Gen] App - BS,DEMAND_GEN,2025-07-02,2028,1472,1.377717391304348,20.514754,15,0.0
GERAL,GERAL,22099094772,[Gen] App - BS,DEMAND_GEN,2025-07-03,1847,1298,1.4229583975346687,20.808844,13,0.0
GERAL,GERAL,22099094772,[Gen] App - BS,DEMAND_GEN,2025-07-04,1770,1228,1.4413680781758957,20.359848,8,0.0
GERAL,GERAL,22099094772,[Gen] App - BS,DEMAND_GEN,2025-07-05,1939,1304,1.486963190184049,20.473532,12,0.0
GERAL,GERAL,22099094772,[Gen] App - BS,DEMAND_GEN,2025-07-06,1989,1336,1.4887724550898203,20.430892,18,0.0
GERAL,GERAL,22099094772,[Gen] App - BS,DEMAND_GEN,2025-07-07,1942,1382,1.4052098408104197,23.635255,12,0.0
GERAL,GERAL,22099094772,[Gen] App - BS,DEMAND_GEN,2025-07-08,1638,1102,1.486388384754991,23.246348,24,0.0
GERAL,GERAL,22099094772,[Gen] App - BS,DEMAND_GEN,2025-07-09,1276,902,1.4146341463414633,19.032527,73,0.0
GERAL,GERAL,22099094772,[Gen] App - BS,DEMAND_GEN,2025-07-10,1114,837,1.3309438470728794,18.897482,97,0.0
GERAL,GERAL,22099094772,[Gen] App - BS,DEMAND_GEN,2025-07-11,1138,911,1.2491767288693743,19.078656,158,0.0
GERAL,GERAL,22099094772,[Gen] App - BS,DEMAND_GEN,2025-07-12,1247,910,1.3703296703296703,19.731477,159,0.0
GERAL,GERAL,22099094772,[Gen] App - BS,DEMAND_GEN,2025-07-13,1278,981,1.3027522935779816,20.289353,160,0.0
GERAL,GERAL,22099094772,[Gen] App - BS,DEMAND_GEN,2025-07-14,372,327,1.1376146788990826,6.591808,65,0.0
GERAL,GERAL,22099827732,[Gen] App - NK,DEMAND_GEN,2025-06-26,617,549,1.1238615664845173,9.439919,2,0.0
GERAL,GERAL,22099827732,[Gen] App - NK,DEMAND_GEN,2025-06-28,74,70,1.0571428571428572,0.404417,1,0.0
GERAL,GERAL,22099827732,[Gen] App - NK,DEMAND_GEN,2025-06-29,2250,2001,1.1244377811094453,44.931735,17,0.0
GERAL,GERAL,22099827732,[Gen] App - NK,DEMAND_GEN,2025-06-30,2691,2402,1.1203164029975021,40.29733,22,0.0
GERAL,GERAL,22099827732,[Gen] App - NK,DEMAND_GEN,2025-07-01,1143,1001,1.141858141858142,23.565057,17,0.0
GERAL,GERAL,22099827732,[Gen] App - NK,DEMAND_GEN,2025-07-02,1760,1414,1.2446958981612446,22.991551,28,0.0
GERAL,GERAL,22099827732,[Gen] App - NK,DEMAND_GEN,2025-07-03,1917,1382,1.3871201157742403,24.11855,33,0.0
GERAL,GERAL,22099827732,[Gen] App - NK,DEMAND_GEN,2025-07-04,1524,1172,1.3003412969283277,23.353811,62,0.0
GERAL,GERAL,22099827732,[Gen] App - NK,DEMAND_GEN,2025-07-05,1710,1253,1.3647246608140462,23.377253,94,0.0
GERAL,GERAL,22099827732,[Gen] App - NK,DEMAND_GEN,2025-07-06,979,773,1.2664941785252264,20.870189,94,0.0
GERAL,GERAL,22099827732,[Gen] App - NK,DEMAND_GEN,2025-07-07,1278,996,1.283132530120482,17.913533,170,0.0
GERAL,GERAL,22099827732,[Gen] App - NK,DEMAND_GEN,2025-07-08,1162,923,1.2589382448537378,19.000688,158,0.0
GERAL,GERAL,22099827732,[Gen] App - NK,DEMAND_GEN,2025-07-09,1131,857,1.3197199533255544,18.987295,150,0.0
GERAL,GERAL,22099827732,[Gen] App - NK,DEMAND_GEN,2025-07-10,1287,974,1.3213552361396304,19.060659,167,0.0
GERAL,GERAL,22099827732,[Gen] App - NK,DEMAND_GEN,2025-07-11,1195,915,1.3060109289617485,19.527117,153,0.0
GERAL,GERAL,22099827732,[Gen] App - NK,DEMAND_GEN,2025-07-12,666,552,1.2065217391304348,18.908967,127,0.0
GERAL,GERAL,22099827732,[Gen] App - NK,DEMAND_GEN,2025-07-13,865,699,1.2374821173104436,19.341325,131,0.0
GERAL,GERAL,22099827732,[Gen] App - NK,DEMAND_GEN,2025-07-14,294,254,1.1574803149606299,9.992195,60,0.0
GERAL,GERAL,22105322561,[Gen] App - CS,DEMAND_GEN,2025-07-12,1056,790,1.3367088607594937,14.813148,87,0.0
GERAL,GERAL,22105322561,[Gen] App - CS,DEMAND_GEN,2025-07-13,2231,1624,1.373768472906404,39.715676,202,0.0
GERAL,GERAL,22105322561,[Gen] App - CS,DEMAND_GEN,2025-07-14,1019,870,1.171264367816092,24.857049,157,0.0
GERAL,GERAL,22106053379,[Gen] App - NS,DEMAND_GEN,2025-07-12,515,342,1.5058479532163742,5.9355,5,0.0
GERAL,GERAL,22106053379,[Gen] App - NS,DEMAND_GEN,2025-07-13,2726,1539,1.7712800519818064,40.267722,97,0.0
GERAL,GERAL,22106053379,[Gen] App - NS,DEMAND_GEN,2025-07-14,793,630,1.2587301587301587,15.981199,51,0.0
GERAL,GERAL,22106107877,[Gen] App - NR,DEMAND_GEN,2025-07-09,130,73,1.7808219178082192,1.180629,1,0.0
GERAL,GERAL,22106107877,[Gen] App - NR,DEMAND_GEN,2025-07-10,3168,1700,1.8635294117647059,37.966582,66,0.0
GERAL,GERAL,22106107877,[Gen] App - NR,DEMAND_GEN,2025-07-11,2651,1614,1.6425030978934325,39.919004,61,0.0
GERAL,GERAL,22106107877,[Gen] App - NR,DEMAND_GEN,2025-07-12,2739,1737,1.5768566493955094,39.416256,80,0.0
GERAL,GERAL,22106107877,[Gen] App - NR,DEMAND_GEN,2025-07-13,2575,1658,1.5530759951749096,39.062809,77,0.0
GERAL,GERAL,22106107877,[Gen] App - NR,DEMAND_GEN,2025-07-14,708,569,1.2442882249560632,15.781587,35,0.0
GERAL,GERAL,22108893514,[Pmax] App - NR,PERFORMANCE_MAX,2025-06-26,2269,1846,1.2291440953412784,5.512006,18,78.0
GERAL,GERAL,22108893514,[Pmax] App - NR,PERFORMANCE_MAX,2025-06-27,8822,6722,1.3124070217197263,35.071839,32,209.0
GERAL,GERAL,22108893514,[Pmax] App - NR,PERFORMANCE_MAX,2025-06-28,4462,3554,1.2554867754642656,20.679414,54,180.0
GERAL,GERAL,22108893514,[Pmax] App - NR,PERFORMANCE_MAX,2025-06-29,1696,1422,1.1926863572433193,12.97124,41,54.0
GERAL,GERAL,22108893514,[Pmax] App - NR,PERFORMANCE_MAX,2025-06-30,7773,6185,1.2567502021018593,24.310705,33,134.0
GERAL,GERAL,22108893514,[Pmax] App - NR,PERFORMANCE_MAX,2025-07-01,6199,4783,1.296048505122308,19.8297,29,212.0
GERAL,GERAL,22108893514,[Pmax] App - NR,PERFORMANCE_MAX,2025-07-02,5380,4286,1.2552496500233319,15.811947,21,163.0
GERAL,GERAL,22108893514,[Pmax] App - NR,PERFORMANCE_MAX,2025-07-03,7582,5853,1.295404066290791,24.97135,32,193.0
GERAL,GERAL,22108893514,[Pmax] App - NR,PERFORMANCE_MAX,2025-07-04,6459,5091,1.2687094873305833,20.882759,29,212.0
GERAL,GERAL,22108893514,[Pmax] App - NR,PERFORMANCE_MAX,2025-07-05,6169,4920,1.2538617886178862,19.66771,37,233.0
GERAL,GERAL,22108893514,[Pmax] App - NR,PERFORMANCE_MAX,2025-07-06,4999,4046,1.235541275333663,17.161341,51,149.0
GERAL,GERAL,22108893514,[Pmax] App - NR,PERFORMANCE_MAX,2025-07-07,10329,7883,1.3102879614360015,29.796184,25,181.0
GERAL,GERAL,22108893514,[Pmax] App - NR,PERFORMANCE_MAX,2025-07-08,10628,8218,1.293258700413726,30.543995,42,250.0
GERAL,GERAL,22108893514,[Pmax] App - NR,PERFORMANCE_MAX,2025-07-09,12235,9514,1.2859995795669539,35.583105,35,230.0
GERAL,GERAL,22108893514,[Pmax] App - NR,PERFORMANCE_MAX,2025-07-10,11103,8763,1.267031838411503,31.94813,25,232.0
GERAL,GERAL,22108893514,[Pmax] App - NR,PERFORMANCE_MAX,2025-07-11,10379,8161,1.271780419066291,32.402022,24,238.0
GERAL,GERAL,22108893514,[Pmax] App - NR,PERFORMANCE_MAX,2025-07-12,10292,8266,1.2451004113234938,32.529281,34,269.0
GERAL,GERAL,22108893514,[Pmax] App - NR,PERFORMANCE_MAX,2025-07-13,6340,5238,1.2103856433753342,20.558666,25,130.0
GERAL,GERAL,22108893514,[Pmax] App - NR,PERFORMANCE_MAX,2025-07-14,14079,10928,1.2883418740849195,42.096016,21,225.0
GERAL,GERAL,22108893514,[Pmax] App - NR,PERFORMANCE_MAX,2025-07-15,10799,8298,1.3013979272113763,32.157741,37,195.0
GERAL,GERAL,22108893514,[Pmax] App - NR,PERFORMANCE_MAX,2025-07-16,10545,8162,1.2919627542269052,31.565016,22,190.0
GERAL,GERAL,22108893514,[Pmax] App - NR,PERFORMANCE_MAX,2025-07-17,8555,6807,1.2567944762744234,24.274136,22,131.0
GERAL,GERAL,22108893514,[Pmax] App - NR,PERFORMANCE_MAX,2025-07-18,7964,6643,1.198855938581966,34.907569,10,100.0
GERAL,GERAL,22108893514,[Pmax] App - NR,PERFORMANCE_MAX,2025-07-19,3317,2879,1.1521361583883294,14.641433,28,54.0
GERAL,GERAL,22108893514,[Pmax] App - NR,PERFORMANCE_MAX,2025-07-20,7753,6345,1.2219070133963752,38.57396,19,94.0
GERAL,GERAL,22108893514,[Pmax] App - NR,PERFORMANCE_MAX,2025-07-21,6896,5617,1.2277016200818942,46.86293,17,85.0
GERAL,GERAL,22108893514,[Pmax] App - NR,PERFORMANCE_MAX,2025-07-22,8341,6766,1.2327815548329886,29.299973,20,115.0
GERAL,GERAL,22108893514,[Pmax] App - NR,PERFORMANCE_MAX,2025-07-23,10312,8257,1.2488797384037786,32.108357,16,154.0
GERAL,GERAL,22108893514,[Pmax] App - NR,PERFORMANCE_MAX,2025-07-24,10225,8099,1.2625015434004199,30.395181,33,169.0
GERAL,GERAL,22108893514,[Pmax] App - NR,PERFORMANCE_MAX,2025-07-25,10032,7867,1.2752002033812126,31.120912,21,154.0
GERAL,GERAL,22108893514,[Pmax] App - NR,PERFORMANCE_MAX,2025-07-26,8953,7257,1.2337053879013367,29.001884,28,156.0
GERAL,GERAL,22108893514,[Pmax] App - NR,PERFORMANCE_MAX,2025-07-27,6541,5418,1.2072720561092654,21.755986,18,117.0
GERAL,GERAL,22108893514,[Pmax] App - NR,PERFORMANCE_MAX,2025-07-28,6929,5652,1.225937721160651,27.579632,15,126.0
GERAL,GERAL,22108893514,[Pmax] App - NR,PERFORMANCE_MAX,2025-07-29,6970,5698,1.2232362232362233,14.992097,16,95.0
GERAL,GERAL,22108893514,[Pmax] App - NR,PERFORMANCE_MAX,2025-07-30,5976,4895,1.2208375893769152,14.938536,18,105.0
GERAL,GERAL,22108893514,[Pmax] App - NR,PERFORMANCE_MAX,2025-07-31,6727,5648,1.191041076487252,15.032051,12,131.0
GERAL,GERAL,22108893514,[Pmax] App - NR,PERFORMANCE_MAX,2025-08-01,6221,5070,1.2270216962524654,14.713976,16,138.0
GERAL,GERAL,22108893514,[Pmax] App - NR,PERFORMANCE_MAX,2025-08-02,5971,5036,1.1856632247815726,14.698238,16,127.0
GERAL,GERAL,22108893514,[Pmax] App - NR,PERFORMANCE_MAX,2025-08-03,5429,4447,1.2208230267596132,12.576872,30,144.0
GERAL,GERAL,22108893514,[Pmax] App - NR,PERFORMANCE_MAX,2025-08-04,7726,6380,1.2109717868338559,20.321332,12,99.0
GERAL,GERAL,22108893514,[Pmax] App - NR,PERFORMANCE_MAX,2025-08-05,3068,2598,1.180908391070054,9.477978,6,33.0
GERAL,GERAL,22108893514,[Pmax] App - NR,PERFORMANCE_MAX,2025-08-06,6596,5405,1.2203515263644773,20.12708,7,69.0
GERAL,GERAL,22108893514,[Pmax] App - NR,PERFORMANCE_MAX,2025-08-07,5169,4164,1.2413544668587897,23.013073,12,46.0
GERAL,GERAL,22108893514,[Pmax] App - NR,PERFORMANCE_MAX,2025-08-08,6627,5400,1.2272222222222222,22.954197,10,99.0
GERAL,GERAL,22108893514,[Pmax] App - NR,PERFORMANCE_MAX,2025-08-09,5853,4956,1.180992736077482,24.0681,31,135.0
GERAL,GERAL,22108893514,[Pmax] App - NR,PERFORMANCE_MAX,2025-08-10,2367,1965,1.2045801526717557,8.4494,5,33.0
GERAL,GERAL,22108893514,[Pmax] App - NR,PERFORMANCE_MAX,2025-08-11,9251,7569,1.2222222222222223,39.025867,10,150.0
GERAL,GERAL,22108893514,[Pmax] App - NR,PERFORMANCE_MAX,2025-08-12,8092,6590,1.2279210925644917,21.773842,17,103.0
GERAL,GERAL,22108893514,[Pmax] App - NR,PERFORMANCE_MAX,2025-08-13,8708,7039,1.2371075436851826,24.555436,15,124.0
GERAL,GERAL,22108893514,[Pmax] App - NR,PERFORMANCE_MAX,2025-08-14,7750,6401,1.21074832057491,21.201737,13,100.0
GERAL,GERAL,22108893514,[Pmax] App - NR,PERFORMANCE_MAX,2025-08-15,8430,6836,1.2331772966647163,27.411494,30,146.0
GERAL,GERAL,22108893514,[Pmax] App - NR,PERFORMANCE_MAX,2025-08-16,9583,7955,1.2046511627906977,26.974099,19,147.0
GERAL,GERAL,22108893514,[Pmax] App - NR,PERFORMANCE_MAX,2025-08-17,5485,4724,1.1610922946655378,17.736066,24,101.0
GERAL,GERAL,22108893514,[Pmax] App - NR,PERFORMANCE_MAX,2025-08-18,8422,7090,1.1878702397743301,27.957322,24,111.0
GERAL,GERAL,22108893514,[Pmax] App - NR,PERFORMANCE_MAX,2025-08-19,6874,5745,1.1965187119234117,21.316272,22,88.0
GERAL,GERAL,22108893514,[Pmax] App - NR,PERFORMANCE_MAX,2025-08-20,7307,6153,1.187550788233382,23.863501,19,120.0
GERAL,GERAL,22108893514,[Pmax] App - NR,PERFORMANCE_MAX,2025-08-21,7710,6523,1.181971485512801,22.523424,18,138.0
GERAL,GERAL,22108893514,[Pmax] App - NR,PERFORMANCE_MAX,2025-08-22,6903,5875,1.1749787234042552,23.270362,19,118.0
GERAL,GERAL,22108893514,[Pmax] App - NR,PERFORMANCE_MAX,2025-08-23,7199,6132,1.1740052185257666,23.596552,16,129.0
GERAL,GERAL,22108893514,[Pmax] App - NR,PERFORMANCE_MAX,2025-08-24,6414,5423,1.1827401807117832,21.534391,24,119.0
GERAL,GERAL,22108893514,[Pmax] App - NR,PERFORMANCE_MAX,2025-08-25,6996,5938,1.1781744695183562,26.188091,31,106.0
GERAL,GERAL,22108893514,[Pmax] App - NR,PERFORMANCE_MAX,2025-08-26,7140,5967,1.1965811965811965,21.541603,16,94.0
GERAL,GERAL,22108893514,[Pmax] App - NR,PERFORMANCE_MAX,2025-08-27,7999,6794,1.177362378569326,22.618697,22,111.0
GERAL,GERAL,22108893514,[Pmax] App - NR,PERFORMANCE_MAX,2025-08-28,7940,6767,1.1733412147184867,21.231802,15,138.0
GERAL,GERAL,22108893514,[Pmax] App - NR,PERFORMANCE_MAX,2025-08-29,8524,7102,1.2002252886510842,20.522192,20,161.0
GERAL,GERAL,22108893514,[Pmax] App - NR,PERFORMANCE_MAX,2025-08-30,5830,4923,1.184237253707089,20.611241,24,128.0
GERAL,GERAL,22108893514,[Pmax] App - NR,PERFORMANCE_MAX,2025-08-31,5201,4296,1.210661080074488,15.794363,11,78.0
GERAL,GERAL,22108893514,[Pmax] App - NR,PERFORMANCE_MAX,2025-09-01,10346,8382,1.2343116201383917,33.362422,14,117.0
GERAL,GERAL,22108893514,[Pmax] App - NR,PERFORMANCE_MAX,2025-09-02,8909,7100,1.2547887323943663,26.872467,31,118.0
GERAL,GERAL,22108893514,[Pmax] App - NR,PERFORMANCE_MAX,2025-09-03,6118,5110,1.1972602739726028,27.3793,20,70.0
GERAL,GERAL,22108928872,[Pmax] App - NK,PERFORMANCE_MAX,2025-06-26,3044,2223,1.3693207377417904,5.765653,12,201.0
GERAL,GERAL,22108928872,[Pmax] App - NK,PERFORMANCE_MAX,2025-06-27,8402,5950,1.4121008403361344,34.36003,22,438.0
GERAL,GERAL,22108928872,[Pmax] App - NK,PERFORMANCE_MAX,2025-06-28,5538,3960,1.3984848484848484,19.647774,26,396.0
GERAL,GERAL,22108928872,[Pmax] App - NK,PERFORMANCE_MAX,2025-06-29,3767,2757,1.3663402248821181,14.213699,22,199.0
GERAL,GERAL,22108928872,[Pmax] App - NK,PERFORMANCE_MAX,2025-06-30,7568,5357,1.4127310061601643,25.003912,18,335.0
GERAL,GERAL,22108928872,[Pmax] App - NK,PERFORMANCE_MAX,2025-07-01,6303,4464,1.4119623655913978,19.613196,11,360.0
GERAL,GERAL,22108928872,[Pmax] App - NK,PERFORMANCE_MAX,2025-07-02,7037,5003,1.406556066360184,18.487982,19,373.0
GERAL,GERAL,22108928872,[Pmax] App - NK,PERFORMANCE_MAX,2025-07-03,7269,5110,1.422504892367906,21.815896,21,390.0
GERAL,GERAL,22108928872,[Pmax] App - NK,PERFORMANCE_MAX,2025-07-04,7941,5516,1.439630166787527,20.728124,21,449.0
GERAL,GERAL,22108928872,[Pmax] App - NK,PERFORMANCE_MAX,2025-07-05,7083,4841,1.4631274530055773,19.644941,32,558.0
GERAL,GERAL,22108928872,[Pmax] App - NK,PERFORMANCE_MAX,2025-07-06,4907,3495,1.4040057224606581,15.728336,25,307.0
GERAL,GERAL,22108928872,[Pmax] App - NK,PERFORMANCE_MAX,2025-07-07,8353,5931,1.4083628393188332,31.312596,20,347.0
GERAL,GERAL,22108928872,[Pmax] App - NK,PERFORMANCE_MAX,2025-07-08,8245,5920,1.3927364864864864,32.167698,21,420.0
GERAL,GERAL,22108928872,[Pmax] App - NK,PERFORMANCE_MAX,2025-07-09,8821,6186,1.425961849337213,32.4539,20,479.0
GERAL,GERAL,22108928872,[Pmax] App - NK,PERFORMANCE_MAX,2025-07-10,8908,6259,1.4232305480108645,31.404767,29,425.0
GERAL,GERAL,22108928872,[Pmax] App - NK,PERFORMANCE_MAX,2025-07-11,9097,6309,1.441908384847044,32.942303,33,577.0
GERAL,GERAL,22108928872,[Pmax] App - NK,PERFORMANCE_MAX,2025-07-12,6632,4741,1.398860999789074,25.804235,47,467.0
GERAL,GERAL,22108928872,[Pmax] App - NK,PERFORMANCE_MAX,2025-07-13,6053,4266,1.4188935771214253,24.312153,34,273.0
GERAL,GERAL,22108928872,[Pmax] App - NK,PERFORMANCE_MAX,2025-07-14,8291,5869,1.4126767762821606,39.545538,30,388.0
GERAL,GERAL,22108928872,[Pmax] App - NK,PERFORMANCE_MAX,2025-07-15,8271,5903,1.4011519566322208,30.866796,25,405.0
GERAL,GERAL,22108928872,[Pmax] App - NK,PERFORMANCE_MAX,2025-07-16,8425,5975,1.4100418410041842,32.032452,26,424.0
GERAL,GERAL,22108928872,[Pmax] App - NK,PERFORMANCE_MAX,2025-07-17,4224,3282,1.287020109689214,16.03263,13,159.0
GERAL,GERAL,22108928872,[Pmax] App - NK,PERFORMANCE_MAX,2025-07-18,6393,4846,1.3192323565827486,45.506711,18,267.0
GERAL,GERAL,22108928872,[Pmax] App - NK,PERFORMANCE_MAX,2025-07-19,3828,3025,1.2654545454545454,32.754944,28,182.0
GERAL,GERAL,22108928872,[Pmax] App - NK,PERFORMANCE_MAX,2025-07-20,1576,1294,1.2179289026275115,19.870696,13,59.0
GERAL,GERAL,22108928872,[Pmax] App - NK,PERFORMANCE_MAX,2025-07-21,4119,3170,1.2993690851735016,49.720049,27,143.0
GERAL,GERAL,22108928872,[Pmax] App - NK,PERFORMANCE_MAX,2025-07-22,3380,2532,1.334913112164297,28.242335,26,134.0
GERAL,GERAL,22108928872,[Pmax] App - NK,PERFORMANCE_MAX,2025-07-23,5267,3973,1.325698464636295,30.597076,14,248.0
GERAL,GERAL,22108928872,[Pmax] App - NK,PERFORMANCE_MAX,2025-07-24,5727,4363,1.31262892505157,31.104903,26,257.0
GERAL,GERAL,22108928872,[Pmax] App - NK,PERFORMANCE_MAX,2025-07-25,5120,3954,1.294891249367729,31.301723,22,256.0
GERAL,GERAL,22108928872,[Pmax] App - NK,PERFORMANCE_MAX,2025-07-26,4510,3426,1.3164039696438996,31.699716,22,213.0
GERAL,GERAL,22108928872,[Pmax] App - NK,PERFORMANCE_MAX,2025-07-27,4260,3193,1.3341684935797056,26.390004,29,176.0
GERAL,GERAL,22108928872,[Pmax] App - NK,PERFORMANCE_MAX,2025-07-28,4907,3813,1.2869131917125622,33.734595,10,188.0
GERAL,GERAL,22108928872,[Pmax] App - NK,PERFORMANCE_MAX,2025-07-29,4583,3468,1.3215109573241062,15.352978,14,194.0
GERAL,GERAL,22108928872,[Pmax] App - NK,PERFORMANCE_MAX,2025-07-30,4662,3699,1.2603406326034063,15.011765,7,181.0
GERAL,GERAL,22108928872,[Pmax] App - NK,PERFORMANCE_MAX,2025-07-31,5579,4356,1.2807621671258036,13.299616,17,210.0
GERAL,GERAL,22108928872,[Pmax] App - NK,PERFORMANCE_MAX,2025-08-01,5855,4485,1.3054626532887403,14.655203,18,291.0
GERAL,GERAL,22108928872,[Pmax] App - NK,PERFORMANCE_MAX,2025-08-02,3629,2849,1.2737802737802737,11.110865,25,223.0
GERAL,GERAL,22108928872,[Pmax] App - NK,PERFORMANCE_MAX,2025-08-03,2518,2002,1.2577422577422577,8.571684,12,122.0
GERAL,GERAL,22108928872,[Pmax] App - NK,PERFORMANCE_MAX,2025-08-04,5540,4396,1.2602365787079164,24.42549,21,175.0
GERAL,GERAL,22108928872,[Pmax] App - NK,PERFORMANCE_MAX,2025-08-05,3730,3141,1.1875198981216173,16.145571,14,115.0
GERAL,GERAL,22108928872,[Pmax] App - NK,PERFORMANCE_MAX,2025-08-06,2608,2076,1.25626204238921,14.103563,15,53.0
GERAL,GERAL,22108928872,[Pmax] App - NK,PERFORMANCE_MAX,2025-08-07,3671,2919,1.2576224734498116,21.767734,9,104.0
GERAL,GERAL,22108928872,[Pmax] App - NK,PERFORMANCE_MAX,2025-08-08,2753,2284,1.2053415061295971,19.826282,12,100.0
GERAL,GERAL,22108928872,[Pmax] App - NK,PERFORMANCE_MAX,2025-08-09,3028,2538,1.1930654058313632,23.53064,26,133.0
GERAL,GERAL,22108928872,[Pmax] App - NK,PERFORMANCE_MAX,2025-08-10,1929,1607,1.2003733665214686,14.50065,15,80.0
GERAL,GERAL,22108928872,[Pmax] App - NK,PERFORMANCE_MAX,2025-08-11,4201,3263,1.2874655225252836,35.267274,11,137.0
GERAL,GERAL,22108928872,[Pmax] App - NK,PERFORMANCE_MAX,2025-08-12,4445,3468,1.2817185697808535,23.022102,18,150.0
GERAL,GERAL,22108928872,[Pmax] App - NK,PERFORMANCE_MAX,2025-08-13,6029,4658,1.294332331472735,24.066038,13,199.0
GERAL,GERAL,22108928872,[Pmax] App - NK,PERFORMANCE_MAX,2025-08-14,4176,3325,1.2559398496240601,22.054977,16,120.0
GERAL,GERAL,22108928872,[Pmax] App - NK,PERFORMANCE_MAX,2025-08-15,5950,4676,1.2724550898203593,25.677937,15,197.0
GERAL,GERAL,22108928872,[Pmax] App - NK,PERFORMANCE_MAX,2025-08-16,4847,3782,1.2815970386039133,23.699555,27,210.0
GERAL,GERAL,22108928872,[Pmax] App - NK,PERFORMANCE_MAX,2025-08-17,2824,2233,1.264666368114644,16.813417,20,106.0
GERAL,GERAL,22108928872,[Pmax] App - NK,PERFORMANCE_MAX,2025-08-18,5203,4067,1.2793213671010573,33.174512,25,141.0
GERAL,GERAL,22108928872,[Pmax] App - NK,PERFORMANCE_MAX,2025-08-19,5034,4022,1.2516161113873694,23.082072,13,145.0
GERAL,GERAL,22108928872,[Pmax] App - NK,PERFORMANCE_MAX,2025-08-20,5977,4602,1.2987831377661887,23.770133,20,199.0
GERAL,GERAL,22108928872,[Pmax] App - NK,PERFORMANCE_MAX,2025-08-21,5958,4548,1.3100263852242744,20.790398,11,222.0
GERAL,GERAL,22108928872,[Pmax] App - NK,PERFORMANCE_MAX,2025-08-22,5816,4563,1.2746000438308132,25.633846,21,228.0
GERAL,GERAL,22108928872,[Pmax] App - NK,PERFORMANCE_MAX,2025-08-23,4363,3447,1.2657383231795765,21.40339,32,187.0
GERAL,GERAL,22108928872,[Pmax] App - NK,PERFORMANCE_MAX,2025-08-24,3134,2410,1.3004149377593361,13.946011,24,108.0
GERAL,GERAL,22108928872,[Pmax] App - NK,PERFORMANCE_MAX,2025-08-25,5447,4285,1.2711785297549592,34.672738,19,167.0
GERAL,GERAL,22108928872,[Pmax] App - NK,PERFORMANCE_MAX,2025-08-26,5345,4154,1.2867116032739527,21.869561,18,155.0
GERAL,GERAL,22108928872,[Pmax] App - NK,PERFORMANCE_MAX,2025-08-27,6343,4955,1.2801210898082744,21.257178,19,197.0
GERAL,GERAL,22108928872,[Pmax] App - NK,PERFORMANCE_MAX,2025-08-28,6317,4757,1.3279377759091864,22.016186,14,230.0
GERAL,GERAL,22108928872,[Pmax] App - NK,PERFORMANCE_MAX,2025-08-29,5559,4303,1.2918893795026725,21.047181,13,197.0
GERAL,GERAL,22108928872,[Pmax] App - NK,PERFORMANCE_MAX,2025-08-30,1761,1380,1.2760869565217392,10.90311,19,81.0
GERAL,GERAL,22108928872,[Pmax] App - NK,PERFORMANCE_MAX,2025-08-31,2595,2076,1.25,20.349156,16,65.0
GERAL,GERAL,22108928872,[Pmax] App - NK,PERFORMANCE_MAX,2025-09-01,3794,3002,1.2638241172551632,26.115398,16,90.0
GERAL,GERAL,22108928872,[Pmax] App - NK,PERFORMANCE_MAX,2025-09-02,3875,2971,1.304274654998317,25.728105,27,96.0
GERAL,GERAL,22108928872,[Pmax] App - NK,PERFORMANCE_MAX,2025-09-03,3628,2870,1.2641114982578396,25.407373,16,74.0
GERAL,GERAL,22109700715,[Gen] App - GS,DEMAND_GEN,2025-06-29,234,181,1.292817679558011,2.345772,2,0.0
GERAL,GERAL,22109700715,[Gen] App - GS,DEMAND_GEN,2025-06-30,2197,1588,1.3835012594458438,41.863743,19,0.0
GERAL,GERAL,22109700715,[Gen] App - GS,DEMAND_GEN,2025-07-01,905,731,1.2380300957592338,19.632245,9,0.0
GERAL,GERAL,22109700715,[Gen] App - GS,DEMAND_GEN,2025-07-02,1136,769,1.4772431729518856,20.355058,11,0.0
GERAL,GERAL,22109700715,[Gen] App - GS,DEMAND_GEN,2025-07-03,1008,622,1.6205787781350482,20.9663,11,0.0
GERAL,GERAL,22109700715,[Gen] App - GS,DEMAND_GEN,2025-07-04,1181,812,1.4544334975369457,20.414458,11,0.0
GERAL,GERAL,22109700715,[Gen] App - GS,DEMAND_GEN,2025-07-05,1334,838,1.5918854415274464,20.290671,10,0.0
GERAL,GERAL,22109700715,[Gen] App - GS,DEMAND_GEN,2025-07-06,1710,1148,1.4895470383275262,23.039957,18,0.0
GERAL,GERAL,22109700715,[Gen] App - GS,DEMAND_GEN,2025-07-07,1320,975,1.353846153846154,23.492754,48,0.0
GERAL,GERAL,22109700715,[Gen] App - GS,DEMAND_GEN,2025-07-08,1168,946,1.2346723044397463,20.353738,108,0.0
GERAL,GERAL,22109700715,[Gen] App - GS,DEMAND_GEN,2025-07-09,1375,1030,1.3349514563106797,19.130505,177,0.0
GERAL,GERAL,22109700715,[Gen] App - GS,DEMAND_GEN,2025-07-10,1079,793,1.360655737704918,19.193391,138,0.0
GERAL,GERAL,22109700715,[Gen] App - GS,DEMAND_GEN,2025-07-11,1040,797,1.3048933500627353,19.458943,180,0.0
GERAL,GERAL,22109700715,[Gen] App - GS,DEMAND_GEN,2025-07-12,1276,961,1.327783558792924,20.091966,234,0.0
GERAL,GERAL,22109700715,[Gen] App - GS,DEMAND_GEN,2025-07-13,1002,755,1.3271523178807947,18.881808,155,0.0
GERAL,GERAL,22109700715,[Gen] App - GS,DEMAND_GEN,2025-07-14,558,473,1.1797040169133193,8.287658,99,0.0
GERAL,GERAL,22393520639,[ALC - GALETO MAMMA MIA - NK],VIDEO,2025-06-06,19077,18022,1.1241815558761514,72.571861,45,60.0
GERAL,GERAL,22393520639,[ALC - GALETO MAMMA MIA - NK],VIDEO,2025-06-07,20216,18923,1.135760714474449,72.819758,40,80.0
GERAL,GERAL,22393520639,[ALC - GALETO MAMMA MIA - NK],VIDEO,2025-06-08,21287,19909,1.1357677432317042,72.553017,45,57.0
GERAL,GERAL,22393520639,[ALC - GALETO MAMMA MIA - NK],VIDEO,2025-06-09,6960,6780,1.0946902654867257,24.998693,14,15.0
GERAL,GERAL,22393520639,[ALC - GALETO MAMMA MIA - NK],VIDEO,2025-06-10,7521,6276,1.2767686424474187,26.225706,14,10.0
GERAL,GERAL,22393520639,[ALC - GALETO MAMMA MIA - NK],VIDEO,2025-06-11,6693,5624,1.254267425320057,26.153005,16,22.0
GERAL,GERAL,22393520639,[ALC - GALETO MAMMA MIA - NK],VIDEO,2025-06-12,6933,6292,1.1861093452002542,26.039814,16,26.0
GERAL,GERAL,22393520639,[ALC - GALETO MAMMA MIA - NK],VIDEO,2025-06-13,6220,5382,1.208101077666295,26.035966,14,19.0
GERAL,GERAL,22393520639,[ALC - GALETO MAMMA MIA - NK],VIDEO,2025-06-14,7145,6772,1.1454518606024808,25.957625,11,20.0
GERAL,GERAL,22393520639,[ALC - GALETO MAMMA MIA - NK],VIDEO,2025-06-15,7093,6469,1.1674138197557582,25.832262,11,13.0
GERAL,GERAL,22393520639,[ALC - GALETO MAMMA MIA - NK],VIDEO,2025-06-16,7520,6730,1.1986627043090639,25.768715,17,5.0
GERAL,GERAL,22393520639,[ALC - GALETO MAMMA MIA - NK],VIDEO,2025-06-17,6483,5717,1.206401959069442,25.724702,17,23.0
GERAL,GERAL,22393520639,[ALC - GALETO MAMMA MIA - NK],VIDEO,2025-06-18,7284,6640,1.1828313253012048,25.765923,17,18.0
GERAL,GERAL,22393520639,[ALC - GALETO MAMMA MIA - NK],VIDEO,2025-06-19,7166,6438,1.1912084498291395,25.454597,17,11.0
GERAL,GERAL,22393520639,[ALC - GALETO MAMMA MIA - NK],VIDEO,2025-06-20,7129,6047,1.2559947081197287,25.367114,15,21.0
GERAL,GERAL,22393520639,[ALC - GALETO MAMMA MIA - NK],VIDEO,2025-06-21,7315,6754,1.1639028723719278,25.461389,15,18.0
GERAL,GERAL,22393520639,[ALC - GALETO MAMMA MIA - NK],VIDEO,2025-06-22,7310,6495,1.1938414164742108,24.896068,14,10.0
GERAL,GERAL,22393520639,[ALC - GALETO MAMMA MIA - NK],VIDEO,2025-06-23,6998,6117,1.2138303089749878,24.93185,16,11.0
GERAL,GERAL,22393520639,[ALC - GALETO MAMMA MIA - NK],VIDEO,2025-06-24,7080,6191,1.2304958811177515,25.061416,13,9.0
GERAL,GERAL,22393520639,[ALC - GALETO MAMMA MIA - NK],VIDEO,2025-06-25,5733,4762,1.253254934901302,24.519777,13,6.0
GERAL,GERAL,22393520639,[ALC - GALETO MAMMA MIA - NK],VIDEO,2025-06-26,6471,5543,1.234349630164171,24.302161,13,18.0
GERAL,GERAL,22393520639,[ALC - GALETO MAMMA MIA - NK],VIDEO,2025-06-27,6460,5185,1.2981677917068466,24.016617,18,12.0
GERAL,GERAL,22393520639,[ALC - GALETO MAMMA MIA - NK],VIDEO,2025-06-28,6452,5308,1.2724189902034664,23.603634,10,15.0
GERAL,GERAL,22393520639,[ALC - GALETO MAMMA MIA - NK],VIDEO,2025-06-29,6371,5059,1.3208143901956908,23.105945,17,8.0
GERAL,GERAL,22393520639,[ALC - GALETO MAMMA MIA - NK],VIDEO,2025-06-30,6132,4993,1.2882034848788304,21.960508,13,8.0
GERAL,GERAL,22393520639,[ALC - GALETO MAMMA MIA - NK],VIDEO,2025-07-01,7423,6725,1.1827509293680298,24.522698,21,10.0
GERAL,GERAL,22393520639,[ALC - GALETO MAMMA MIA - NK],VIDEO,2025-07-02,8523,7962,1.1621451896508415,25.792669,11,17.0
GERAL,GERAL,22393520639,[ALC - GALETO MAMMA MIA - NK],VIDEO,2025-07-03,8180,7580,1.1865435356200529,25.735173,12,21.0
GERAL,GERAL,22393520639,[ALC - GALETO MAMMA MIA - NK],VIDEO,2025-07-04,6582,5859,1.200204813108039,25.785979,12,15.0
GERAL,GERAL,22393520639,[ALC - GALETO MAMMA MIA - NK],VIDEO,2025-07-05,7203,6249,1.2294767162746039,25.600798,20,18.0
GERAL,GERAL,22393520639,[ALC - GALETO MAMMA MIA - NK],VIDEO,2025-07-06,7712,6493,1.2693670106268289,25.523404,12,11.0
GERAL,GERAL,22393520639,[ALC - GALETO MAMMA MIA - NK],VIDEO,2025-07-07,7738,6291,1.3094897472579876,25.485583,15,13.0
GERAL,GERAL,22393520639,[ALC - GALETO MAMMA MIA - NK],VIDEO,2025-07-08,6955,6226,1.1957918406681658,25.480503,10,9.0
GERAL,GERAL,22393520639,[ALC - GALETO MAMMA MIA - NK],VIDEO,2025-07-09,6995,6324,1.1884882985452245,25.42516,19,18.0
GERAL,GERAL,22393520639,[ALC - GALETO MAMMA MIA - NK],VIDEO,2025-07-10,7847,7147,1.2003637890023786,25.346203,16,18.0
GERAL,GERAL,22393520639,[ALC - GALETO MAMMA MIA - NK],VIDEO,2025-07-11,6908,6225,1.1980722891566264,25.187079,13,17.0
GERAL,GERAL,22393520639,[ALC - GALETO MAMMA MIA - NK],VIDEO,2025-07-12,7323,6213,1.2552712055367776,25.252177,16,13.0
GERAL,GERAL,22393520639,[ALC - GALETO MAMMA MIA - NK],VIDEO,2025-07-13,7361,6767,1.1689079355696763,25.146535,10,21.0
GERAL,GERAL,22393520639,[ALC - GALETO MAMMA MIA - NK],VIDEO,2025-07-14,7129,6242,1.218519705222685,25.009689,14,19.0
GERAL,GERAL,22393520639,[ALC - GALETO MAMMA MIA - NK],VIDEO,2025-07-15,7449,6678,1.2117400419287212,24.885999,18,16.0
GERAL,GERAL,22393520639,[ALC - GALETO MAMMA MIA - NK],VIDEO,2025-07-16,6977,6679,1.148525228327594,25.02945,8,9.0
GERAL,GERAL,22393520639,[ALC - GALETO MAMMA MIA - NK],VIDEO,2025-07-17,6944,6375,1.172235294117647,24.802204,17,12.0
GERAL,GERAL,22393520639,[ALC - GALETO MAMMA MIA - NK],VIDEO,2025-07-18,6769,6388,1.1577958672510957,24.728381,10,14.0
GERAL,GERAL,22393520639,[ALC - GALETO MAMMA MIA - NK],VIDEO,2025-07-19,6782,6059,1.2001980524839082,24.711993,13,10.0
GERAL,GERAL,22393520639,[ALC - GALETO MAMMA MIA - NK],VIDEO,2025-07-20,7024,5537,1.3175004515080369,24.520465,24,8.0
GERAL,GERAL,22393520639,[ALC - GALETO MAMMA MIA - NK],VIDEO,2025-07-21,6846,6072,1.210144927536232,24.459839,12,9.0
GERAL,GERAL,22393520639,[ALC - GALETO MAMMA MIA - NK],VIDEO,2025-07-22,7282,6269,1.2475673951188386,24.365181,16,23.0
GERAL,GERAL,22393520639,[ALC - GALETO MAMMA MIA - NK],VIDEO,2025-07-23,3503,3177,1.1872836008813346,13.415821,9,17.0
GERAL,GERAL,22413687358,[ALC - ZEE RUCCI - NK],VIDEO,2025-06-06,9714,6894,1.5129097766173485,42.974831,34,89.0
GERAL,GERAL,22413687358,[ALC - ZEE RUCCI - NK],VIDEO,2025-06-07,10412,7290,1.5281207133058985,42.820905,26,106.0
GERAL,GERAL,22413687358,[ALC - ZEE RUCCI - NK],VIDEO,2025-06-08,10906,7654,1.5487326887901751,43.061726,34,91.0
GERAL,GERAL,22413687358,[ALC - ZEE RUCCI - NK],VIDEO,2025-06-09,4413,3297,1.4328177130724902,19.998682,11,65.0
GERAL,GERAL,22413687358,[ALC - ZEE RUCCI - NK],VIDEO,2025-06-10,4555,3442,1.4000581057524695,20.947091,23,66.0
GERAL,GERAL,22413687358,[ALC - ZEE RUCCI - NK],VIDEO,2025-06-11,4710,3939,1.2668189895912667,20.936332,12,50.0
GERAL,GERAL,22413687358,[ALC - ZEE RUCCI - NK],VIDEO,2025-06-12,4868,4135,1.2348246674727932,21.281825,23,13.0
GERAL,GERAL,22413687358,[ALC - ZEE RUCCI - NK],VIDEO,2025-06-13,4490,3959,1.193735791866633,20.474197,17,27.0
GERAL,GERAL,22413687358,[ALC - ZEE RUCCI - NK],VIDEO,2025-06-14,4657,3981,1.231851293644813,20.688122,23,31.0
GERAL,GERAL,22413687358,[ALC - ZEE RUCCI - NK],VIDEO,2025-06-15,4925,4134,1.2288340590227382,20.554629,22,29.0
GERAL,GERAL,22413687358,[ALC - ZEE RUCCI - NK],VIDEO,2025-06-16,5001,4107,1.2600438276113952,20.773405,23,14.0
GERAL,GERAL,22413687358,[ALC - ZEE RUCCI - NK],VIDEO,2025-06-17,4554,3867,1.2314455650374967,20.461342,19,24.0
GERAL,GERAL,22413687358,[ALC - ZEE RUCCI - NK],VIDEO,2025-06-18,4317,3830,1.1885117493472586,20.439699,19,14.0
GERAL,GERAL,22413687358,[ALC - ZEE RUCCI - NK],VIDEO,2025-06-19,4713,4148,1.2092574734811958,20.423795,19,14.0
GERAL,GERAL,22413687358,[ALC - ZEE RUCCI - NK],VIDEO,2025-06-20,4953,4106,1.2562104237700926,20.314982,18,23.0
GERAL,GERAL,22413687358,[ALC - ZEE RUCCI - NK],VIDEO,2025-06-21,4938,4122,1.2489082969432315,20.255433,22,11.0
GERAL,GERAL,22413687358,[ALC - ZEE RUCCI - NK],VIDEO,2025-06-22,5036,4400,1.2179545454545455,20.013852,31,12.0
GERAL,GERAL,22413687358,[ALC - ZEE RUCCI - NK],VIDEO,2025-06-23,4493,3760,1.2460106382978724,19.913341,15,16.0
GERAL,GERAL,22413687358,[ALC - ZEE RUCCI - NK],VIDEO,2025-06-24,4612,3973,1.2640322174679084,19.767599,20,14.0
GERAL,GERAL,22413687358,[ALC - ZEE RUCCI - NK],VIDEO,2025-06-25,4428,3877,1.193448542687645,19.797664,23,17.0
GERAL,GERAL,22413687358,[ALC - ZEE RUCCI - NK],VIDEO,2025-06-26,3847,3443,1.179785071158873,19.355993,25,17.0
GERAL,GERAL,22413687358,[ALC - ZEE RUCCI - NK],VIDEO,2025-06-27,3946,3414,1.2006444053895724,19.056244,17,26.0
GERAL,GERAL,22413687358,[ALC - ZEE RUCCI - NK],VIDEO,2025-06-28,3953,3453,1.1862148856067187,19.017126,22,8.0
GERAL,GERAL,22413687358,[ALC - ZEE RUCCI - NK],VIDEO,2025-06-29,4168,3845,1.130039011703511,18.384273,16,6.0
GERAL,GERAL,22413687358,[ALC - ZEE RUCCI - NK],VIDEO,2025-06-30,3877,3474,1.1776050662061024,17.666075,15,9.0
GERAL,GERAL,22545795981,[ALC - CARTERS - NK],VIDEO,2025-06-06,7747,7241,1.1120011048197762,26.194015,19,24.0
GERAL,GERAL,22545795981,[ALC - CARTERS - NK],VIDEO,2025-06-07,8976,8301,1.140946873870618,26.24598,23,20.0
GERAL,GERAL,22545795981,[ALC - CARTERS - NK],VIDEO,2025-06-08,8699,7872,1.1464684959349594,26.055501,31,21.0
GERAL,GERAL,22545795981,[ALC - CARTERS - NK],VIDEO,2025-06-09,4430,4139,1.1229765643875331,15.026089,8,13.0
GERAL,GERAL,22545795981,[ALC - CARTERS - NK],VIDEO,2025-06-10,5308,4834,1.1621845262722383,15.704999,13,8.0
GERAL,GERAL,22545795981,[ALC - CARTERS - NK],VIDEO,2025-06-11,3966,3404,1.199764982373678,15.727841,13,10.0
GERAL,GERAL,22545795981,[ALC - CARTERS - NK],VIDEO,2025-06-12,4344,3923,1.1437675248534285,15.64729,13,4.0
GERAL,GERAL,22545795981,[ALC - CARTERS - NK],VIDEO,2025-06-13,4700,4372,1.1255718206770358,15.630678,10,9.0
GERAL,GERAL,22545795981,[ALC - CARTERS - NK],VIDEO,2025-06-14,4110,3750,1.1341333333333334,15.627632,7,10.0
GERAL,GERAL,22545795981,[ALC - CARTERS - NK],VIDEO,2025-06-15,4588,4081,1.156579269786817,15.561526,13,10.0
GERAL,GERAL,22545795981,[ALC - CARTERS - NK],VIDEO,2025-06-16,4168,3717,1.1552327145547485,15.411622,12,3.0
GERAL,GERAL,22545795981,[ALC - CARTERS - NK],VIDEO,2025-06-17,4362,3862,1.1696012428793372,15.422895,10,8.0
GERAL,GERAL,22545795981,[ALC - CARTERS - NK],VIDEO,2025-06-18,3913,3430,1.1708454810495628,15.541141,3,12.0
GERAL,GERAL,22545795981,[ALC - CARTERS - NK],VIDEO,2025-06-19,4166,3636,1.176017601760176,15.239603,9,9.0
GERAL,GERAL,22545795981,[ALC - CARTERS - NK],VIDEO,2025-06-20,4253,3810,1.1556430446194226,15.263425,12,5.0
GERAL,GERAL,22545795981,[ALC - CARTERS - NK],VIDEO,2025-06-21,4208,3684,1.1726384364820848,15.119339,8,7.0
GERAL,GERAL,22545795981,[ALC - CARTERS - NK],VIDEO,2025-06-22,4422,3816,1.1837002096436058,15.087676,11,5.0
GERAL,GERAL,22545795981,[ALC - CARTERS - NK],VIDEO,2025-06-23,4133,3624,1.1754966887417218,14.956893,7,4.0
GERAL,GERAL,22545795981,[ALC - CARTERS - NK],VIDEO,2025-06-24,4285,3721,1.1878527277613544,15.118023,10,9.0
GERAL,GERAL,22545795981,[ALC - CARTERS - NK],VIDEO,2025-06-25,3598,2931,1.2507676560900716,14.751804,6,2.0
GERAL,GERAL,22545795981,[ALC - CARTERS - NK],VIDEO,2025-06-26,3573,3019,1.2113282543888706,14.600328,13,3.0
GERAL,GERAL,22545795981,[ALC - CARTERS - NK],VIDEO,2025-06-27,3718,3244,1.1754007398273736,14.432686,15,11.0
GERAL,GERAL,22545795981,[ALC - CARTERS - NK],VIDEO,2025-06-28,3792,3330,1.1645645645645646,14.181217,6,1.0
GERAL,GERAL,22545795981,[ALC - CARTERS - NK],VIDEO,2025-06-29,3658,3067,1.2138897945875449,13.902714,8,5.0
GERAL,GERAL,22545795981,[ALC - CARTERS - NK],VIDEO,2025-06-30,3437,2980,1.1785234899328858,13.146977,9,3.0
GERAL,GERAL,22545795981,[ALC - CARTERS - NK],VIDEO,2025-07-01,4091,3528,1.1828231292517006,14.75133,12,9.0
GERAL,GERAL,22545795981,[ALC - CARTERS - NK],VIDEO,2025-07-02,4732,4205,1.1550535077288941,15.38022,25,12.0
GERAL,GERAL,22545795981,[ALC - CARTERS - NK],VIDEO,2025-07-03,5377,5003,1.1253248051169298,15.631655,13,12.0
GERAL,GERAL,22545795981,[ALC - CARTERS - NK],VIDEO,2025-07-04,4160,3613,1.1821201217824522,15.489157,8,4.0
GERAL,GERAL,22545795981,[ALC - CARTERS - NK],VIDEO,2025-07-05,4261,3728,1.1735515021459229,15.351544,8,6.0
GERAL,GERAL,22545795981,[ALC - CARTERS - NK],VIDEO,2025-07-06,4378,3860,1.1637305699481866,15.3046,6,6.0
GERAL,GERAL,22545795981,[ALC - CARTERS - NK],VIDEO,2025-07-07,4298,3691,1.1931725819561094,15.307951,13,4.0
GERAL,GERAL,22545795981,[ALC - CARTERS - NK],VIDEO,2025-07-08,4200,3618,1.195411829740188,15.28689,12,8.0
GERAL,GERAL,22545795981,[ALC - CARTERS - NK],VIDEO,2025-07-09,4334,3855,1.1618677042801557,15.21979,5,7.0
GERAL,GERAL,22545795981,[ALC - CARTERS - NK],VIDEO,2025-07-10,4412,3897,1.166025147549397,15.230936,18,8.0
GERAL,GERAL,22545795981,[ALC - CARTERS - NK],VIDEO,2025-07-11,4410,3996,1.1473973973973974,15.215718,9,9.0
GERAL,GERAL,22545795981,[ALC - CARTERS - NK],VIDEO,2025-07-12,4241,3729,1.1863770447841244,15.120594,11,8.0
GERAL,GERAL,22545795981,[ALC - CARTERS - NK],VIDEO,2025-07-13,4080,3403,1.2306788128122246,15.062727,16,4.0
GERAL,GERAL,22545795981,[ALC - CARTERS - NK],VIDEO,2025-07-14,4144,3678,1.155247417074497,15.016047,6,8.0
GERAL,GERAL,22545795981,[ALC - CARTERS - NK],VIDEO,2025-07-15,4348,3991,1.1440741668754697,14.994199,8,6.0
GERAL,GERAL,22545795981,[ALC - CARTERS - NK],VIDEO,2025-07-16,3670,3156,1.1986692015209126,14.989136,7,10.0
GERAL,GERAL,22545795981,[ALC - CARTERS - NK],VIDEO,2025-07-17,4020,3646,1.1327482172243555,14.923918,9,7.0
GERAL,GERAL,22545795981,[ALC - CARTERS - NK],VIDEO,2025-07-18,4670,4398,1.110732150977717,14.832519,7,4.0
GERAL,GERAL,22545795981,[ALC - CARTERS - NK],VIDEO,2025-07-19,4070,3631,1.1531258606444506,14.849496,6,12.0
GERAL,GERAL,22545795981,[ALC - CARTERS - NK],VIDEO,2025-07-20,4457,3932,1.1627670396744658,14.812043,6,4.0
GERAL,GERAL,22545795981,[ALC - CARTERS - NK],VIDEO,2025-07-21,4267,3839,1.1476947121646262,14.674458,9,4.0
GERAL,GERAL,22545795981,[ALC - CARTERS - NK],VIDEO,2025-07-22,4341,3850,1.1612987012987013,14.55088,7,11.0
GERAL,GERAL,22545795981,[ALC - CARTERS - NK],VIDEO,2025-07-23,651,609,1.1116584564860428,2.041162,1,3.0
GERAL,GERAL,22548948194,[ALC - NAGARO SUSHI + CAMARAO EXPRESS - NK],VIDEO,2025-06-06,16585,14717,1.1761907997553849,72.805457,44,127.0
GERAL,GERAL,22548948194,[ALC - NAGARO SUSHI + CAMARAO EXPRESS - NK],VIDEO,2025-06-07,17717,16099,1.1547922231194485,72.762177,36,165.0
GERAL,GERAL,22548948194,[ALC - NAGARO SUSHI + CAMARAO EXPRESS - NK],VIDEO,2025-06-08,18039,15700,1.190764331210191,72.632379,47,111.0
GERAL,GERAL,22548948194,[ALC - NAGARO SUSHI + CAMARAO EXPRESS - NK],VIDEO,2025-06-09,4809,4390,1.139863325740319,20.013988,12,45.0
GERAL,GERAL,22548948194,[ALC - NAGARO SUSHI + CAMARAO EXPRESS - NK],VIDEO,2025-06-10,5200,4306,1.2772875058058524,20.939642,9,18.0
GERAL,GERAL,22548948194,[ALC - NAGARO SUSHI + CAMARAO EXPRESS - NK],VIDEO,2025-06-11,4799,4002,1.2671164417791105,20.960101,14,19.0
GERAL,GERAL,22548948194,[ALC - NAGARO SUSHI + CAMARAO EXPRESS - NK],VIDEO,2025-06-12,5292,4693,1.2105263157894737,20.672154,5,10.0
GERAL,GERAL,22548948194,[ALC - NAGARO SUSHI + CAMARAO EXPRESS - NK],VIDEO,2025-06-13,4899,4484,1.153657448706512,21.091528,7,21.0
GERAL,GERAL,22548948194,[ALC - NAGARO SUSHI + CAMARAO EXPRESS - NK],VIDEO,2025-06-14,5746,5750,1.108695652173913,20.747783,8,16.0
GERAL,GERAL,22548948194,[ALC - NAGARO SUSHI + CAMARAO EXPRESS - NK],VIDEO,2025-06-15,5298,5098,1.1290702236171049,20.692938,12,11.0
GERAL,GERAL,22548948194,[ALC - NAGARO SUSHI + CAMARAO EXPRESS - NK],VIDEO,2025-06-16,5397,5152,1.1323757763975155,20.631177,6,4.0
GERAL,GERAL,22548948194,[ALC - NAGARO SUSHI + CAMARAO EXPRESS - NK],VIDEO,2025-06-17,8071,7697,1.1439521891646096,30.1045,18,24.0
GERAL,GERAL,22548948194,[ALC - NAGARO SUSHI + CAMARAO EXPRESS - NK],VIDEO,2025-06-18,7056,6368,1.1809045226130652,31.295574,14,17.0
GERAL,GERAL,22548948194,[ALC - NAGARO SUSHI + CAMARAO EXPRESS - NK],VIDEO,2025-06-19,7209,6446,1.1886441203847347,31.403565,21,25.0
GERAL,GERAL,22548948194,[ALC - NAGARO SUSHI + CAMARAO EXPRESS - NK],VIDEO,2025-06-20,8083,7695,1.1458089668615985,31.072017,11,22.0
GERAL,GERAL,22548948194,[ALC - NAGARO SUSHI + CAMARAO EXPRESS - NK],VIDEO,2025-06-21,7150,6447,1.1748099891422368,31.008876,21,23.0
GERAL,GERAL,22548948194,[ALC - NAGARO SUSHI + CAMARAO EXPRESS - NK],VIDEO,2025-06-22,8197,7476,1.1627875869448903,30.868346,9,17.0
GERAL,GERAL,22548948194,[ALC - NAGARO SUSHI + CAMARAO EXPRESS - NK],VIDEO,2025-06-23,7387,6757,1.1661980168713926,30.49573,20,14.0
GERAL,GERAL,22548948194,[ALC - NAGARO SUSHI + CAMARAO EXPRESS - NK],VIDEO,2025-06-24,7802,7106,1.187587953841824,30.787837,21,20.0
GERAL,GERAL,22548948194,[ALC - NAGARO SUSHI + CAMARAO EXPRESS - NK],VIDEO,2025-06-25,6812,5758,1.2476554359152483,30.016958,18,8.0
GERAL,GERAL,22548948194,[ALC - NAGARO SUSHI + CAMARAO EXPRESS - NK],VIDEO,2025-06-26,7142,6494,1.1744687403757315,29.799846,14,12.0
GERAL,GERAL,22548948194,[ALC - NAGARO SUSHI + CAMARAO EXPRESS - NK],VIDEO,2025-06-27,6893,6335,1.1499605367008683,29.516664,16,21.0
GERAL,GERAL,22548948194,[ALC - NAGARO SUSHI + CAMARAO EXPRESS - NK],VIDEO,2025-06-28,6659,5699,1.2182839094577995,29.149771,25,9.0
GERAL,GERAL,22548948194,[ALC - NAGARO SUSHI + CAMARAO EXPRESS - NK],VIDEO,2025-06-29,6396,5922,1.1293481931779805,28.211701,8,8.0
GERAL,GERAL,22548948194,[ALC - NAGARO SUSHI + CAMARAO EXPRESS - NK],VIDEO,2025-06-30,6522,5999,1.1618603100516753,26.993939,11,13.0
GERAL,GERAL,22548948194,[ALC - NAGARO SUSHI + CAMARAO EXPRESS - NK],VIDEO,2025-07-01,8525,7731,1.1827706635622817,29.426205,11,18.0
GERAL,GERAL,22548948194,[ALC - NAGARO SUSHI + CAMARAO EXPRESS - NK],VIDEO,2025-07-02,10085,9517,1.1653882526006094,30.886913,25,11.0
GERAL,GERAL,22548948194,[ALC - NAGARO SUSHI + CAMARAO EXPRESS - NK],VIDEO,2025-07-03,8155,7232,1.2108683628318584,30.937693,17,11.0
GERAL,GERAL,22548948194,[ALC - NAGARO SUSHI + CAMARAO EXPRESS - NK],VIDEO,2025-07-04,6793,6261,1.1649896182718416,30.897924,16,23.0
GERAL,GERAL,22548948194,[ALC - NAGARO SUSHI + CAMARAO EXPRESS - NK],VIDEO,2025-07-05,7636,7358,1.1371296547974994,30.777192,18,13.0
GERAL,GERAL,22548948194,[ALC - NAGARO SUSHI + CAMARAO EXPRESS - NK],VIDEO,2025-07-06,8022,7462,1.1777003484320558,30.618481,17,20.0
GERAL,GERAL,22548948194,[ALC - NAGARO SUSHI + CAMARAO EXPRESS - NK],VIDEO,2025-07-07,7379,6744,1.1779359430604983,30.597286,15,15.0
GERAL,GERAL,22548948194,[ALC - NAGARO SUSHI + CAMARAO EXPRESS - NK],VIDEO,2025-07-08,7450,6865,1.1630007283321195,30.452595,16,22.0
GERAL,GERAL,22548948194,[ALC - NAGARO SUSHI + CAMARAO EXPRESS - NK],VIDEO,2025-07-09,9092,8451,1.1804520175127204,30.449704,9,15.0
GERAL,GERAL,22548948194,[ALC - NAGARO SUSHI + CAMARAO EXPRESS - NK],VIDEO,2025-07-10,7274,6703,1.166790989109354,30.435725,20,14.0
GERAL,GERAL,22548948194,[ALC - NAGARO SUSHI + CAMARAO EXPRESS - NK],VIDEO,2025-07-11,8016,7325,1.1864846416382253,30.28845,15,28.0
GERAL,GERAL,22548948194,[ALC - NAGARO SUSHI + CAMARAO EXPRESS - NK],VIDEO,2025-07-12,6839,5920,1.2158783783783784,30.195944,20,14.0
GERAL,GERAL,22548948194,[ALC - NAGARO SUSHI + CAMARAO EXPRESS - NK],VIDEO,2025-07-13,7834,7504,1.1389925373134329,30.34373,12,19.0
GERAL,GERAL,22548948194,[ALC - NAGARO SUSHI + CAMARAO EXPRESS - NK],VIDEO,2025-07-14,6916,5882,1.2341040462427746,29.853391,20,11.0
GERAL,GERAL,22548948194,[ALC - NAGARO SUSHI + CAMARAO EXPRESS - NK],VIDEO,2025-07-15,7053,6714,1.1489425081918379,30.053273,13,12.0
GERAL,GERAL,22548948194,[ALC - NAGARO SUSHI + CAMARAO EXPRESS - NK],VIDEO,2025-07-16,7052,6566,1.164179104477612,29.861591,9,14.0
GERAL,GERAL,22548948194,[ALC - NAGARO SUSHI + CAMARAO EXPRESS - NK],VIDEO,2025-07-17,7006,6415,1.1775526110678098,29.761316,25,8.0
GERAL,GERAL,22548948194,[ALC - NAGARO SUSHI + CAMARAO EXPRESS - NK],VIDEO,2025-07-18,6847,5741,1.2546594669918132,29.813859,15,13.0
GERAL,GERAL,22548948194,[ALC - NAGARO SUSHI + CAMARAO EXPRESS - NK],VIDEO,2025-07-19,7363,7255,1.1206064782908338,29.544374,8,14.0
GERAL,GERAL,22548948194,[ALC - NAGARO SUSHI + CAMARAO EXPRESS - NK],VIDEO,2025-07-20,7586,6629,1.2280887011615629,29.582607,15,7.0
GERAL,GERAL,22548948194,[ALC - NAGARO SUSHI + CAMARAO EXPRESS - NK],VIDEO,2025-07-21,7306,6699,1.1716674130467233,29.27281,16,11.0
GERAL,GERAL,22548948194,[ALC - NAGARO SUSHI + CAMARAO EXPRESS - NK],VIDEO,2025-07-22,8065,7520,1.1663563829787233,29.140156,23,15.0
GERAL,GERAL,22548948194,[ALC - NAGARO SUSHI + CAMARAO EXPRESS - NK],VIDEO,2025-07-23,4246,4027,1.1425378693816737,16.398938,8,7.0
GERAL,GERAL,22568223283,[Pmax - Franquias NK],PERFORMANCE_MAX,2025-06-06,584,244,2.3934426229508197,40.724991,46,3.0
GERAL,GERAL,22568223283,[Pmax - Franquias NK],PERFORMANCE_MAX,2025-06-07,861,403,2.1364764267990073,45.916446,69,3.0
GERAL,GERAL,22568223283,[Pmax - Franquias NK],PERFORMANCE_MAX,2025-06-08,4136,1496,2.764705882352941,51.135323,218,0.0
GERAL,GERAL,22568223283,[Pmax - Franquias NK],PERFORMANCE_MAX,2025-06-09,4712,1654,2.848851269649335,20.027865,239,2.0
GERAL,GERAL,22568223283,[Pmax - Franquias NK],PERFORMANCE_MAX,2025-06-10,3841,1538,2.4973992197659296,20.151064,187,1.0
GERAL,GERAL,22568223283,[Pmax - Franquias NK],PERFORMANCE_MAX,2025-06-11,2312,872,2.6513761467889907,10.132853,89,2.0
GERAL,GERAL,22568223283,[Pmax - Franquias NK],PERFORMANCE_MAX,2025-06-12,6399,2197,2.9126081019572143,31.470033,282,1.0
GERAL,GERAL,22568223283,[Pmax - Franquias NK],PERFORMANCE_MAX,2025-06-13,4698,1640,2.8646341463414635,18.957346,220,0.0
GERAL,GERAL,22568223283,[Pmax - Franquias NK],PERFORMANCE_MAX,2025-06-14,4752,1673,2.8404064554692168,16.93239,238,0.0
GERAL,GERAL,22568223283,[Pmax - Franquias NK],PERFORMANCE_MAX,2025-06-15,4302,1633,2.6344151867728107,14.215842,201,1.0
GERAL,GERAL,22568223283,[Pmax - Franquias NK],PERFORMANCE_MAX,2025-06-16,4500,1960,2.295918367346939,33.527107,249,5.000459
GERAL,GERAL,22568223283,[Pmax - Franquias NK],PERFORMANCE_MAX,2025-06-17,153,119,1.2857142857142858,0.376734,5,0.0
GERAL,GERAL,22568223283,[Pmax - Franquias NK],PERFORMANCE_MAX,2025-06-18,1918,978,1.9611451942740286,38.294519,109,6.000268
GERAL,GERAL,22568223283,[Pmax - Franquias NK],PERFORMANCE_MAX,2025-06-19,3062,1283,2.386593920498831,21.130344,174,2.0
GERAL,GERAL,22568223283,[Pmax - Franquias NK],PERFORMANCE_MAX,2025-06-20,965,519,1.859344894026975,7.365205,60,2.0
GERAL,GERAL,22568223283,[Pmax - Franquias NK],PERFORMANCE_MAX,2025-06-21,4704,2041,2.304752572268496,30.672878,204,4.0
GERAL,GERAL,22568223283,[Pmax - Franquias NK],PERFORMANCE_MAX,2025-06-22,2710,1286,2.1073094867807156,20.910675,160,1.00046
GERAL,GERAL,22568223283,[Pmax - Franquias NK],PERFORMANCE_MAX,2025-06-23,2352,1137,2.0686015831134563,19.515163,143,3.006751
GERAL,GERAL,22568223283,[Pmax - Franquias NK],PERFORMANCE_MAX,2025-06-25,424,223,1.9013452914798206,39.655672,34,2.0
GERAL,GERAL,22568223283,[Pmax - Franquias NK],PERFORMANCE_MAX,2025-06-26,909,498,1.8253012048192772,20.592537,69,2.001765
GERAL,GERAL,22568223283,[Pmax - Franquias NK],PERFORMANCE_MAX,2025-06-27,609,349,1.7449856733524356,17.755897,46,1.001032
GERAL,GERAL,22568223283,[Pmax - Franquias NK],PERFORMANCE_MAX,2025-06-28,646,380,1.7,18.641737,68,3.99954
GERAL,GERAL,22568223283,[Pmax - Franquias NK],PERFORMANCE_MAX,2025-06-29,936,522,1.793103448275862,20.30963,77,4.0
GERAL,GERAL,22568223283,[Pmax - Franquias NK],PERFORMANCE_MAX,2025-06-30,548,331,1.6555891238670695,13.657034,45,0.999581
GERAL,GERAL,22568223283,[Pmax - Franquias NK],PERFORMANCE_MAX,2025-07-01,500,327,1.529051987767584,12.050874,38,1.000541
GERAL,GERAL,22568223283,[Pmax - Franquias NK],PERFORMANCE_MAX,2025-07-02,271,197,1.3756345177664975,16.73817,39,1.0
GERAL,GERAL,22568223283,[Pmax - Franquias NK],PERFORMANCE_MAX,2025-07-03,106,75,1.4133333333333333,28.142413,25,0.165624
GERAL,GERAL,22568223283,[Pmax - Franquias NK],PERFORMANCE_MAX,2025-07-05,160,135,1.1851851851851851,30.162773,39,3.026033
GERAL,GERAL,22568223283,[Pmax - Franquias NK],PERFORMANCE_MAX,2025-07-08,180,164,1.0975609756097562,35.656436,31,8.001334
GERAL,GERAL,22568223283,[Pmax - Franquias NK],PERFORMANCE_MAX,2025-07-09,81,57,1.4210526315789473,19.449046,12,1.189971
GERAL,GERAL,22568223283,[Pmax - Franquias NK],PERFORMANCE_MAX,2025-07-11,72,61,1.180327868852459,21.175774,22,2.078066
GERAL,GERAL,22568223283,[Pmax - Franquias NK],PERFORMANCE_MAX,2025-07-12,329,244,1.348360655737705,39.621957,66,2.0
GERAL,GERAL,22568223283,[Pmax - Franquias NK],PERFORMANCE_MAX,2025-07-13,132,61,2.1639344262295084,16.100252,22,2.044018
GERAL,GERAL,22568223283,[Pmax - Franquias NK],PERFORMANCE_MAX,2025-07-14,63,54,1.1666666666666667,5.131152,5,2.973175
GERAL,GERAL,22568223283,[Pmax - Franquias NK],PERFORMANCE_MAX,2025-07-15,222,162,1.3703703703703705,39.180075,38,5.168809
GERAL,GERAL,22568223283,[Pmax - Franquias NK],PERFORMANCE_MAX,2025-07-17,238,192,1.2395833333333333,21.73109,37,3.102085
GERAL,GERAL,22568223283,[Pmax - Franquias NK],PERFORMANCE_MAX,2025-07-19,250,189,1.3227513227513228,39.548567,46,5.73432
GERAL,GERAL,22568223283,[Pmax - Franquias NK],PERFORMANCE_MAX,2025-07-20,218,177,1.231638418079096,38.701511,52,6.077963
GERAL,GERAL,22568223283,[Pmax - Franquias NK],PERFORMANCE_MAX,2025-07-21,70,50,1.4,6.478215,10,1.992031
GERAL,GERAL,22568223283,[Pmax - Franquias NK],PERFORMANCE_MAX,2025-07-22,228,169,1.349112426035503,28.884989,43,7.979427
GERAL,GERAL,22568223283,[Pmax - Franquias NK],PERFORMANCE_MAX,2025-07-23,167,111,1.5045045045045045,33.268618,42,5.896541
GERAL,GERAL,22568223283,[Pmax - Franquias NK],PERFORMANCE_MAX,2025-07-25,64,63,1.0158730158730158,4.547758,7,0.0
GERAL,GERAL,22568223283,[Pmax - Franquias NK],PERFORMANCE_MAX,2025-07-26,252,205,1.2292682926829268,39.99104,61,9.809303
GERAL,GERAL,22568223283,[Pmax - Franquias NK],PERFORMANCE_MAX,2025-07-27,126,103,1.2233009708737863,24.841075,44,3.047744
GERAL,GERAL,22568223283,[Pmax - Franquias NK],PERFORMANCE_MAX,2025-07-28,63,56,1.125,4.969528,7,0.0
GERAL,GERAL,22568223283,[Pmax - Franquias NK],PERFORMANCE_MAX,2025-07-29,224,174,1.2873563218390804,37.489931,47,4.848169
GERAL,GERAL,22568223283,[Pmax - Franquias NK],PERFORMANCE_MAX,2025-07-31,124,88,1.4090909090909092,31.575306,37,4.86072
GERAL,GERAL,22568223283,[Pmax - Franquias NK],PERFORMANCE_MAX,2025-08-02,163,128,1.2734375,27.086591,39,7.445635
GERAL,GERAL,22568223283,[Pmax - Franquias NK],PERFORMANCE_MAX,2025-08-03,194,130,1.4923076923076923,27.599426,41,7.742354
GERAL,GERAL,22568223283,[Pmax - Franquias NK],PERFORMANCE_MAX,2025-08-06,100,61,1.639344262295082,9.418534,23,2.0
GERAL,GERAL,22568223283,[Pmax - Franquias NK],PERFORMANCE_MAX,2025-08-07,257,186,1.381720430107527,38.642973,61,5.944758
GERAL,GERAL,22568223283,[Pmax - Franquias NK],PERFORMANCE_MAX,2025-08-08,140,100,1.4,23.646635,36,1.985154
GERAL,GERAL,22568223283,[Pmax - Franquias NK],PERFORMANCE_MAX,2025-08-09,104,94,1.1063829787234043,16.398899,31,0.861074
GERAL,GERAL,22568223283,[Pmax - Franquias NK],PERFORMANCE_MAX,2025-08-10,143,104,1.375,18.872523,42,7.001817
GERAL,GERAL,22568223283,[Pmax - Franquias NK],PERFORMANCE_MAX,2025-08-11,269,214,1.2570093457943925,35.259394,63,6.040464
GERAL,GERAL,22568223283,[Pmax - Franquias NK],PERFORMANCE_MAX,2025-08-13,183,137,1.3357664233576643,19.539029,47,4.93053
GERAL,GERAL,22568223283,[Pmax - Franquias NK],PERFORMANCE_MAX,2025-08-14,398,300,1.3266666666666667,35.444897,86,6.090552
GERAL,GERAL,22568223283,[Pmax - Franquias NK],PERFORMANCE_MAX,2025-08-16,202,158,1.2784810126582278,18.466616,47,5.478862
GERAL,GERAL,22568223283,[Pmax - Franquias NK],PERFORMANCE_MAX,2025-08-17,363,251,1.4462151394422311,31.067899,71,5.003763
GERAL,GERAL,22568223283,[Pmax - Franquias NK],PERFORMANCE_MAX,2025-08-18,402,275,1.461818181818182,37.199182,92,7.080453
GERAL,GERAL,22568223283,[Pmax - Franquias NK],PERFORMANCE_MAX,2025-08-20,96,81,1.1851851851851851,5.503441,15,0.0
GERAL,GERAL,22568223283,[Pmax - Franquias NK],PERFORMANCE_MAX,2025-08-21,386,281,1.3736654804270463,39.57415,69,9.729737
GERAL,GERAL,22568223283,[Pmax - Franquias NK],PERFORMANCE_MAX,2025-08-22,285,194,1.4690721649484537,32.522383,65,6.609376
GERAL,GERAL,22568223283,[Pmax - Franquias NK],PERFORMANCE_MAX,2025-08-25,490,331,1.4803625377643506,39.052202,87,9.430789
GERAL,GERAL,22568223283,[Pmax - Franquias NK],PERFORMANCE_MAX,2025-08-26,482,321,1.5015576323987538,36.191175,76,7.933969
GERAL,GERAL,22585383281,[Pmax - Franquias NR],PERFORMANCE_MAX,2025-06-06,104,72,1.4444444444444444,25.47,14,1.0
GERAL,GERAL,22585383281,[Pmax - Franquias NR],PERFORMANCE_MAX,2025-06-08,275,107,2.5700934579439254,34.550662,26,3.0
GERAL,GERAL,22585383281,[Pmax - Franquias NR],PERFORMANCE_MAX,2025-06-09,214,122,1.7540983606557377,12.869965,14,1.0
GERAL,GERAL,22585383281,[Pmax - Franquias NR],PERFORMANCE_MAX,2025-06-10,242,115,2.1043478260869564,39.481113,33,1.0
GERAL,GERAL,22585383281,[Pmax - Franquias NR],PERFORMANCE_MAX,2025-06-11,610,285,2.1403508771929824,39.853229,47,4.0
GERAL,GERAL,22585383281,[Pmax - Franquias NR],PERFORMANCE_MAX,2025-06-12,189,150,1.26,6.48425,6,1.0
GERAL,GERAL,22585383281,[Pmax - Franquias NR],PERFORMANCE_MAX,2025-06-13,425,257,1.6536964980544746,72.75777,45,2.0
GERAL,GERAL,22585383281,[Pmax - Franquias NR],PERFORMANCE_MAX,2025-06-14,156,74,2.108108108108108,41.516873,35,3.001786
GERAL,GERAL,22585383281,[Pmax - Franquias NR],PERFORMANCE_MAX,2025-06-16,165,117,1.4102564102564104,4.851262,9,0.0
GERAL,GERAL,22585383281,[Pmax - Franquias NR],PERFORMANCE_MAX,2025-06-17,500,309,1.6181229773462784,78.0,66,6.235207
GERAL,GERAL,22585383281,[Pmax - Franquias NR],PERFORMANCE_MAX,2025-06-18,627,386,1.6243523316062176,77.992744,58,2.998214
GERAL,GERAL,22585383281,[Pmax - Franquias NR],PERFORMANCE_MAX,2025-06-19,618,327,1.889908256880734,38.750645,63,2.0
GERAL,GERAL,22585383281,[Pmax - Franquias NR],PERFORMANCE_MAX,2025-06-20,357,227,1.5726872246696035,39.688054,38,2.0
GERAL,GERAL,22585383281,[Pmax - Franquias NR],PERFORMANCE_MAX,2025-06-21,445,372,1.196236559139785,41.182813,26,4.0
GERAL,GERAL,22585383281,[Pmax - Franquias NR],PERFORMANCE_MAX,2025-06-22,342,181,1.8895027624309393,41.383046,44,2.0
GERAL,GERAL,22585383281,[Pmax - Franquias NR],PERFORMANCE_MAX,2025-06-23,242,185,1.308108108108108,10.480028,18,1.000139
GERAL,GERAL,22585383281,[Pmax - Franquias NR],PERFORMANCE_MAX,2025-06-24,533,387,1.3772609819121446,68.892685,58,6.0
GERAL,GERAL,22585383281,[Pmax - Franquias NR],PERFORMANCE_MAX,2025-06-25,356,248,1.435483870967742,29.639563,18,1.0
GERAL,GERAL,22585383281,[Pmax - Franquias NR],PERFORMANCE_MAX,2025-06-26,299,146,2.047945205479452,43.436867,37,3.005337
GERAL,GERAL,22585383281,[Pmax - Franquias NR],PERFORMANCE_MAX,2025-06-27,193,90,2.1444444444444444,37.151912,33,5.33234
GERAL,GERAL,22585383281,[Pmax - Franquias NR],PERFORMANCE_MAX,2025-06-30,272,140,1.9428571428571428,78.0,57,7.998483
GERAL,GERAL,22585383281,[Pmax - Franquias NR],PERFORMANCE_MAX,2025-07-01,128,92,1.391304347826087,32.331646,39,5.588008
GERAL,GERAL,22585383281,[Pmax - Franquias NR],PERFORMANCE_MAX,2025-07-02,132,80,1.65,32.510498,26,3.23158
GERAL,GERAL,22585383281,[Pmax - Franquias NR],PERFORMANCE_MAX,2025-07-04,165,89,1.853932584269663,67.992599,53,8.153032
GERAL,GERAL,22585383281,[Pmax - Franquias NR],PERFORMANCE_MAX,2025-07-07,123,98,1.2551020408163265,13.194528,25,5.789538
GERAL,GERAL,22585383281,[Pmax - Franquias NR],PERFORMANCE_MAX,2025-07-08,743,431,1.7238979118329467,78.114125,100,12.966753
GERAL,GERAL,22585383281,[Pmax - Franquias NR],PERFORMANCE_MAX,2025-07-09,427,254,1.6811023622047243,76.488117,91,9.501308
GERAL,GERAL,22585383281,[Pmax - Franquias NR],PERFORMANCE_MAX,2025-07-10,474,307,1.5439739413680782,54.853692,84,3.652534
GERAL,GERAL,22585383281,[Pmax - Franquias NR],PERFORMANCE_MAX,2025-07-12,790,449,1.7594654788418709,37.975219,103,5.03105
GERAL,GERAL,22585383281,[Pmax - Franquias NR],PERFORMANCE_MAX,2025-07-13,955,546,1.749084249084249,77.26773,170,10.725973
GERAL,GERAL,22585383281,[Pmax - Franquias NR],PERFORMANCE_MAX,2025-07-14,238,153,1.5555555555555556,18.624774,39,3.0
GERAL,GERAL,22585383281,[Pmax - Franquias NR],PERFORMANCE_MAX,2025-07-15,329,231,1.4242424242424243,38.213876,70,5.666852
GERAL,GERAL,22585383281,[Pmax - Franquias NR],PERFORMANCE_MAX,2025-07-16,572,353,1.6203966005665722,64.945302,122,6.090331
GERAL,GERAL,22585383281,[Pmax - Franquias NR],PERFORMANCE_MAX,2025-07-17,565,359,1.573816155988858,49.481198,132,12.559281
GERAL,GERAL,22585383281,[Pmax - Franquias NR],PERFORMANCE_MAX,2025-07-19,866,554,1.5631768953068592,98.978274,177,16.210545
GERAL,GERAL,22585383281,[Pmax - Franquias NR],PERFORMANCE_MAX,2025-07-20,715,456,1.5679824561403508,60.643355,127,9.998733
GERAL,GERAL,22585383281,[Pmax - Franquias NR],PERFORMANCE_MAX,2025-07-21,258,145,1.7793103448275862,33.745268,75,7.315893
GERAL,GERAL,22585383281,[Pmax - Franquias NR],PERFORMANCE_MAX,2025-07-23,67,51,1.3137254901960784,7.413881,19,0.50259
GERAL,GERAL,22585383281,[Pmax - Franquias NR],PERFORMANCE_MAX,2025-07-24,247,150,1.6466666666666667,38.012213,81,5.720707
GERAL,GERAL,22585383281,[Pmax - Franquias NR],PERFORMANCE_MAX,2025-07-25,265,177,1.497175141242938,20.756283,59,2.006496
GERAL,GERAL,22585383281,[Pmax - Franquias NR],PERFORMANCE_MAX,2025-07-27,382,220,1.7363636363636363,28.92087,80,2.688881
GERAL,GERAL,22585383281,[Pmax - Franquias NR],PERFORMANCE_MAX,2025-07-28,272,171,1.590643274853801,14.695864,40,2.034082
GERAL,GERAL,22585383281,[Pmax - Franquias NR],PERFORMANCE_MAX,2025-07-29,250,151,1.6556291390728477,23.410644,55,4.224717
GERAL,GERAL,22585383281,[Pmax - Franquias NR],PERFORMANCE_MAX,2025-07-30,395,211,1.872037914691943,32.506501,73,5.469754
GERAL,GERAL,22585383281,[Pmax - Franquias NR],PERFORMANCE_MAX,2025-07-31,358,181,1.977900552486188,30.421249,68,6.304119
GERAL,GERAL,22585383281,[Pmax - Franquias NR],PERFORMANCE_MAX,2025-08-01,74,52,1.4230769230769231,3.438514,13,0.999118
GERAL,GERAL,22585383281,[Pmax - Franquias NR],PERFORMANCE_MAX,2025-08-02,316,217,1.456221198156682,37.634141,75,7.719314
GERAL,GERAL,22585383281,[Pmax - Franquias NR],PERFORMANCE_MAX,2025-08-04,313,221,1.416289592760181,37.721012,72,4.818531
GERAL,GERAL,22585383281,[Pmax - Franquias NR],PERFORMANCE_MAX,2025-08-06,274,178,1.5393258426966292,29.03388,64,8.553079
GERAL,GERAL,22585383281,[Pmax - Franquias NR],PERFORMANCE_MAX,2025-08-08,485,313,1.549520766773163,31.180512,78,3.096934
GERAL,GERAL,22585383281,[Pmax - Franquias NR],PERFORMANCE_MAX,2025-08-09,645,468,1.3782051282051282,36.445652,112,4.505864
GERAL,GERAL,22585383281,[Pmax - Franquias NR],PERFORMANCE_MAX,2025-08-11,231,179,1.2905027932960893,17.561052,40,2.492565
GERAL,GERAL,22585383281,[Pmax - Franquias NR],PERFORMANCE_MAX,2025-08-12,594,404,1.4702970297029703,39.790303,86,5.985611
GERAL,GERAL,22585383281,[Pmax - Franquias NR],PERFORMANCE_MAX,2025-08-13,299,233,1.2832618025751072,21.473035,56,1.493537
GERAL,GERAL,22585383281,[Pmax - Franquias NR],PERFORMANCE_MAX,2025-08-15,447,302,1.4801324503311257,25.033089,54,6.0
GERAL,GERAL,22585383281,[Pmax - Franquias NR],PERFORMANCE_MAX,2025-08-16,417,292,1.428082191780822,39.6603,82,3.0
GERAL,GERAL,22585383281,[Pmax - Franquias NR],PERFORMANCE_MAX,2025-08-18,587,407,1.4422604422604424,21.995448,69,2.0
GERAL,GERAL,22585383281,[Pmax - Franquias NR],PERFORMANCE_MAX,2025-08-19,497,319,1.5579937304075235,26.98345,82,4.020345
GERAL,GERAL,22585383281,[Pmax - Franquias NR],PERFORMANCE_MAX,2025-08-21,490,326,1.5030674846625767,28.654774,68,7.27968
GERAL,GERAL,22585383281,[Pmax - Franquias NR],PERFORMANCE_MAX,2025-08-22,602,417,1.4436450839328536,39.222351,82,2.987019
GERAL,GERAL,22585383281,[Pmax - Franquias NR],PERFORMANCE_MAX,2025-08-25,812,577,1.4072790294627382,39.536991,94,9.003068
GERAL,GERAL,22585383281,[Pmax - Franquias NR],PERFORMANCE_MAX,2025-08-26,490,336,1.4583333333333333,37.977576,86,11.855882
GERAL,GERAL,22588890473,[ALC - WINTER -BS],VIDEO,2025-06-06,12227,10164,1.2275678866587958,52.806224,30,42.0
GERAL,GERAL,22588890473,[ALC - WINTER -BS],VIDEO,2025-06-07,12963,10960,1.2093065693430658,52.761162,25,39.0
GERAL,GERAL,22588890473,[ALC - WINTER -BS],VIDEO,2025-06-08,14808,11452,1.3194201886133425,52.574365,37,54.0
GERAL,GERAL,22588890473,[ALC - WINTER -BS],VIDEO,2025-06-09,5339,4435,1.2261555806087936,20.001192,17,43.0
GERAL,GERAL,22588890473,[ALC - WINTER -BS],VIDEO,2025-06-10,5348,4542,1.207177454865698,20.949033,8,24.0
GERAL,GERAL,22588890473,[ALC - WINTER -BS],VIDEO,2025-06-11,5689,4623,1.263032662773091,20.938748,15,14.0
GERAL,GERAL,22588890473,[ALC - WINTER -BS],VIDEO,2025-06-12,5073,4387,1.1807613403236836,20.861363,13,10.0
GERAL,GERAL,22588890473,[ALC - WINTER -BS],VIDEO,2025-06-13,4750,4045,1.1925834363411618,20.858595,14,17.0
GERAL,GERAL,22588890473,[ALC - WINTER -BS],VIDEO,2025-06-14,5486,4893,1.1487839771101573,20.810798,11,14.0
GERAL,GERAL,22588890473,[ALC - WINTER -BS],VIDEO,2025-06-15,5931,5066,1.1975917883932097,20.636565,14,13.0
GERAL,GERAL,22588890473,[ALC - WINTER -BS],VIDEO,2025-06-16,5336,4501,1.2095089980004443,20.576103,11,8.0
GERAL,GERAL,22588890473,[ALC - WINTER -BS],VIDEO,2025-06-17,5403,4887,1.1272764477184367,20.598751,15,13.0
GERAL,GERAL,22588890473,[ALC - WINTER -BS],VIDEO,2025-06-18,5521,4982,1.1360899237254114,20.661307,8,16.0
GERAL,GERAL,22588890473,[ALC - WINTER -BS],VIDEO,2025-06-19,4900,4112,1.2149805447470816,20.343225,9,13.0
GERAL,GERAL,22588890473,[ALC - WINTER -BS],VIDEO,2025-06-20,5481,4661,1.204248015447329,20.289205,17,15.0
GERAL,GERAL,22588890473,[ALC - WINTER -BS],VIDEO,2025-06-21,5496,4602,1.2194697957409821,20.234532,16,11.0
GERAL,GERAL,22588890473,[ALC - WINTER -BS],VIDEO,2025-06-22,5336,4553,1.1924006149791346,20.055044,16,10.0
GERAL,GERAL,22588890473,[ALC - WINTER -BS],VIDEO,2025-06-23,5550,4746,1.1915297092288242,19.919189,20,6.0
GERAL,GERAL,22588890473,[ALC - WINTER -BS],VIDEO,2025-06-24,5337,4573,1.1915591515416575,20.038679,8,10.0
GERAL,GERAL,22588890473,[ALC - WINTER -BS],VIDEO,2025-06-25,4737,3986,1.210235825388861,19.661194,16,8.0
GERAL,GERAL,22588890473,[ALC - WINTER -BS],VIDEO,2025-06-26,4763,4032,1.2001488095238095,19.504341,8,7.0
GERAL,GERAL,22588890473,[ALC - WINTER -BS],VIDEO,2025-06-27,4805,4045,1.2056860321384426,19.153152,12,19.0
GERAL,GERAL,22588890473,[ALC - WINTER -BS],VIDEO,2025-06-28,4890,4268,1.1712746016869728,18.888911,7,7.0
GERAL,GERAL,22588890473,[ALC - WINTER -BS],VIDEO,2025-06-29,4643,3851,1.2240976369774084,18.529993,11,7.0
GERAL,GERAL,22588890473,[ALC - WINTER -BS],VIDEO,2025-06-30,4557,3895,1.1897304236200257,17.555979,8,9.0
GERAL,GERAL,22588890473,[ALC - WINTER -BS],VIDEO,2025-07-01,5264,4645,1.1515608180839612,19.612683,10,15.0
GERAL,GERAL,22588890473,[ALC - WINTER -BS],VIDEO,2025-07-02,6244,5519,1.160173944555173,20.547231,14,14.0
GERAL,GERAL,22588890473,[ALC - WINTER -BS],VIDEO,2025-07-03,6894,6140,1.1640065146579806,20.789447,13,13.0
GERAL,GERAL,22588890473,[ALC - WINTER -BS],VIDEO,2025-07-04,5312,4458,1.2157918349035441,20.616371,11,9.0
GERAL,GERAL,22588890473,[ALC - WINTER -BS],VIDEO,2025-07-05,5167,4313,1.2244377463482494,20.522855,16,5.0
GERAL,GERAL,22588890473,[ALC - WINTER -BS],VIDEO,2025-07-06,6015,5178,1.198146002317497,20.531946,12,8.0
GERAL,GERAL,22588890473,[ALC - WINTER -BS],VIDEO,2025-07-07,5191,4386,1.2036023711810306,20.207663,14,15.0
GERAL,GERAL,22588890473,[ALC - WINTER -BS],VIDEO,2025-07-08,5932,5001,1.2201559688062387,20.34221,17,5.0
GERAL,GERAL,22588890473,[ALC - WINTER -BS],VIDEO,2025-07-09,5874,5336,1.1293103448275863,20.309959,9,11.0
GERAL,GERAL,22588890473,[ALC - WINTER -BS],VIDEO,2025-07-10,6617,5711,1.204867798984416,20.293914,17,7.0
GERAL,GERAL,22588890473,[ALC - WINTER -BS],VIDEO,2025-07-11,5356,4540,1.2114537444933922,20.279091,10,8.0
GERAL,GERAL,22588890473,[ALC - WINTER -BS],VIDEO,2025-07-12,6253,5380,1.2050185873605948,20.14273,15,8.0
GERAL,GERAL,22588890473,[ALC - WINTER -BS],VIDEO,2025-07-13,5387,4508,1.2191659272404614,20.095074,18,15.0
GERAL,GERAL,22588890473,[ALC - WINTER -BS],VIDEO,2025-07-14,5612,4908,1.1725753871230644,20.106176,15,12.0
GERAL,GERAL,22588890473,[ALC - WINTER -BS],VIDEO,2025-07-15,5379,4525,1.221878453038674,19.954443,8,14.0
GERAL,GERAL,22588890473,[ALC - WINTER -BS],VIDEO,2025-07-16,5144,4487,1.1762870514820594,19.919437,10,13.0
GERAL,GERAL,22588890473,[ALC - WINTER -BS],VIDEO,2025-07-17,5300,4435,1.2259301014656145,19.88275,16,8.0
GERAL,GERAL,22588890473,[ALC - WINTER -BS],VIDEO,2025-07-18,5774,4981,1.1883155992772536,20.025822,13,12.0
GERAL,GERAL,22588890473,[ALC - WINTER -BS],VIDEO,2025-07-19,5145,4390,1.2018223234624146,19.560581,16,12.0
GERAL,GERAL,22588890473,[ALC - WINTER -BS],VIDEO,2025-07-20,6285,5335,1.2189315838800374,19.75193,8,7.0
GERAL,GERAL,22588890473,[ALC - WINTER -BS],VIDEO,2025-07-21,5451,4713,1.1956291109696584,19.482898,7,7.0
GERAL,GERAL,22588890473,[ALC - WINTER -BS],VIDEO,2025-07-22,5831,5088,1.1973270440251573,19.463045,12,6.0
GERAL,GERAL,22588890473,[ALC - WINTER -BS],VIDEO,2025-07-23,3098,2623,1.218452154022112,10.892854,6,9.0
GERAL,GERAL,22588949239,[Pmax - Franquias CS],PERFORMANCE_MAX,2025-06-06,499,332,1.5030120481927711,47.811738,27,1.0
GERAL,GERAL,22588949239,[Pmax - Franquias CS],PERFORMANCE_MAX,2025-06-07,193,132,1.4621212121212122,0.988884,1,0.0
GERAL,GERAL,22588949239,[Pmax - Franquias CS],PERFORMANCE_MAX,2025-06-08,4797,3632,1.3207599118942732,84.402379,161,0.0
GERAL,GERAL,22588949239,[Pmax - Franquias CS],PERFORMANCE_MAX,2025-06-09,247,171,1.4444444444444444,19.79958,8,0.0
GERAL,GERAL,22588949239,[Pmax - Franquias CS],PERFORMANCE_MAX,2025-06-10,97,59,1.6440677966101696,18.106533,11,0.0
GERAL,GERAL,22588949239,[Pmax - Franquias CS],PERFORMANCE_MAX,2025-06-11,126,76,1.6578947368421053,16.203037,11,1.0
GERAL,GERAL,22588949239,[Pmax - Franquias CS],PERFORMANCE_MAX,2025-06-12,970,382,2.5392670157068062,32.62298,21,1.0
GERAL,GERAL,22588949239,[Pmax - Franquias CS],PERFORMANCE_MAX,2025-06-13,1338,623,2.147672552166934,46.330206,34,2.0
GERAL,GERAL,22588949239,[Pmax - Franquias CS],PERFORMANCE_MAX,2025-06-14,964,534,1.8052434456928839,41.226178,50,4.0
GERAL,GERAL,22588949239,[Pmax - Franquias CS],PERFORMANCE_MAX,2025-06-15,1107,641,1.7269890795631826,38.660513,87,2.002281
GERAL,GERAL,22588949239,[Pmax - Franquias CS],PERFORMANCE_MAX,2025-06-16,697,458,1.5218340611353711,41.512668,70,1.0
GERAL,GERAL,22588949239,[Pmax - Franquias CS],PERFORMANCE_MAX,2025-06-17,1494,976,1.5307377049180328,34.104895,96,7.00047
GERAL,GERAL,22588949239,[Pmax - Franquias CS],PERFORMANCE_MAX,2025-06-19,3039,1798,1.6902113459399333,69.891031,281,11.00272
GERAL,GERAL,22588949239,[Pmax - Franquias CS],PERFORMANCE_MAX,2025-06-20,2214,1292,1.7136222910216719,37.959751,184,5.0
GERAL,GERAL,22588949239,[Pmax - Franquias CS],PERFORMANCE_MAX,2025-06-21,4303,2464,1.7463474025974026,41.654827,241,8.001398
GERAL,GERAL,22588949239,[Pmax - Franquias CS],PERFORMANCE_MAX,2025-06-22,4243,1973,2.1505321844906233,35.66127,171,3.0
GERAL,GERAL,22588949239,[Pmax - Franquias CS],PERFORMANCE_MAX,2025-06-23,69,53,1.3018867924528301,2.774257,10,1.000559
GERAL,GERAL,22588949239,[Pmax - Franquias CS],PERFORMANCE_MAX,2025-06-24,1150,768,1.4973958333333333,68.033984,98,6.0
GERAL,GERAL,22588949239,[Pmax - Franquias CS],PERFORMANCE_MAX,2025-06-25,1078,713,1.5119214586255258,57.859499,95,7.002168
GERAL,GERAL,22588949239,[Pmax - Franquias CS],PERFORMANCE_MAX,2025-06-26,82,57,1.4385964912280702,13.322471,11,1.667101
GERAL,GERAL,22588949239,[Pmax - Franquias CS],PERFORMANCE_MAX,2025-06-27,1134,717,1.5815899581589958,68.271975,91,7.074752
GERAL,GERAL,22588949239,[Pmax - Franquias CS],PERFORMANCE_MAX,2025-06-28,136,95,1.431578947368421,34.963289,41,3.554463
GERAL,GERAL,22588949239,[Pmax - Franquias CS],PERFORMANCE_MAX,2025-06-29,179,108,1.6574074074074074,26.046865,36,2.58793
GERAL,GERAL,22588949239,[Pmax - Franquias CS],PERFORMANCE_MAX,2025-06-30,104,76,1.368421052631579,11.63823,17,0.0
GERAL,GERAL,22588949239,[Pmax - Franquias CS],PERFORMANCE_MAX,2025-07-01,422,292,1.4452054794520548,38.512952,52,2.014182
GERAL,GERAL,22588949239,[Pmax - Franquias CS],PERFORMANCE_MAX,2025-07-02,509,286,1.7797202797202798,36.340963,51,1.367672
GERAL,GERAL,22588949239,[Pmax - Franquias CS],PERFORMANCE_MAX,2025-07-05,653,434,1.5046082949308757,56.813483,64,2.041874
GERAL,GERAL,22588949239,[Pmax - Franquias CS],PERFORMANCE_MAX,2025-07-06,564,346,1.630057803468208,50.304738,65,1.867986
GERAL,GERAL,22588949239,[Pmax - Franquias CS],PERFORMANCE_MAX,2025-07-07,607,388,1.5644329896907216,76.579374,76,2.666294
GERAL,GERAL,22588949239,[Pmax - Franquias CS],PERFORMANCE_MAX,2025-07-08,398,290,1.3724137931034484,44.64803,53,6.289403
GERAL,GERAL,22588949239,[Pmax - Franquias CS],PERFORMANCE_MAX,2025-07-09,76,65,1.1692307692307693,3.404065,6,0.0
GERAL,GERAL,22588949239,[Pmax - Franquias CS],PERFORMANCE_MAX,2025-07-10,211,135,1.5629629629629629,74.37243,52,5.431003
GERAL,GERAL,22588949239,[Pmax - Franquias CS],PERFORMANCE_MAX,2025-07-11,124,87,1.4252873563218391,19.126435,17,5.010032
GERAL,GERAL,22588949239,[Pmax - Franquias CS],PERFORMANCE_MAX,2025-07-12,135,94,1.4361702127659575,12.362626,12,2.031429
GERAL,GERAL,22588949239,[Pmax - Franquias CS],PERFORMANCE_MAX,2025-07-13,248,146,1.6986301369863013,77.722431,61,8.531445
GERAL,GERAL,22588949239,[Pmax - Franquias CS],PERFORMANCE_MAX,2025-07-14,254,156,1.6282051282051282,60.70286,54,12.00512
GERAL,GERAL,22588949239,[Pmax - Franquias CS],PERFORMANCE_MAX,2025-07-15,130,96,1.3541666666666667,19.944881,29,4.000563
GERAL,GERAL,22588949239,[Pmax - Franquias CS],PERFORMANCE_MAX,2025-07-16,358,235,1.523404255319149,58.517836,67,8.006028
GERAL,GERAL,22588949239,[Pmax - Franquias CS],PERFORMANCE_MAX,2025-07-17,184,143,1.2867132867132867,28.631888,47,4.545985
GERAL,GERAL,22588949239,[Pmax - Franquias CS],PERFORMANCE_MAX,2025-07-18,194,152,1.2763157894736843,40.076118,52,5.55314
GERAL,GERAL,22588949239,[Pmax - Franquias CS],PERFORMANCE_MAX,2025-07-20,434,324,1.3395061728395061,72.439691,94,10.070424
GERAL,GERAL,22588949239,[Pmax - Franquias CS],PERFORMANCE_MAX,2025-07-21,86,77,1.1168831168831168,0.258123,2,0.0
GERAL,GERAL,22588949239,[Pmax - Franquias CS],PERFORMANCE_MAX,2025-07-22,243,202,1.202970297029703,38.114496,35,4.992987
GERAL,GERAL,22588949239,[Pmax - Franquias CS],PERFORMANCE_MAX,2025-07-24,222,176,1.2613636363636365,37.917303,54,6.998194
GERAL,GERAL,22588949239,[Pmax - Franquias CS],PERFORMANCE_MAX,2025-07-26,82,77,1.0649350649350648,12.543405,21,4.002246
GERAL,GERAL,22588949239,[Pmax - Franquias CS],PERFORMANCE_MAX,2025-07-27,226,189,1.1957671957671958,38.612472,63,11.922793
GERAL,GERAL,22588949239,[Pmax - Franquias CS],PERFORMANCE_MAX,2025-07-28,65,54,1.2037037037037037,0.747787,2,1.0
GERAL,GERAL,22588949239,[Pmax - Franquias CS],PERFORMANCE_MAX,2025-07-29,159,134,1.1865671641791045,39.869554,33,4.10276
GERAL,GERAL,22588949239,[Pmax - Franquias CS],PERFORMANCE_MAX,2025-07-30,108,94,1.148936170212766,20.26195,21,2.999252
GERAL,GERAL,22588949239,[Pmax - Franquias CS],PERFORMANCE_MAX,2025-07-31,265,233,1.1373390557939915,1.330378,4,0.0
GERAL,GERAL,22588949239,[Pmax - Franquias CS],PERFORMANCE_MAX,2025-08-01,432,356,1.2134831460674158,20.363941,28,2.000722
GERAL,GERAL,22588949239,[Pmax - Franquias CS],PERFORMANCE_MAX,2025-08-02,173,156,1.108974358974359,13.075408,16,3.000335
GERAL,GERAL,22588949239,[Pmax - Franquias CS],PERFORMANCE_MAX,2025-08-03,103,83,1.2409638554216869,23.97758,27,1.38678
GERAL,GERAL,22588949239,[Pmax - Franquias CS],PERFORMANCE_MAX,2025-08-05,140,119,1.1764705882352942,35.700079,44,2.88185
GERAL,GERAL,22588949239,[Pmax - Franquias CS],PERFORMANCE_MAX,2025-08-07,384,312,1.2307692307692308,29.947276,39,5.006492
GERAL,GERAL,22588949239,[Pmax - Franquias CS],PERFORMANCE_MAX,2025-08-09,125,109,1.146788990825688,22.912331,32,1.505164
GERAL,GERAL,22588949239,[Pmax - Franquias CS],PERFORMANCE_MAX,2025-08-10,145,116,1.25,21.819724,37,0.996438
GERAL,GERAL,22588949239,[Pmax - Franquias CS],PERFORMANCE_MAX,2025-08-11,303,241,1.2572614107883817,16.431839,28,4.5
GERAL,GERAL,22588949239,[Pmax - Franquias CS],PERFORMANCE_MAX,2025-08-12,156,128,1.21875,12.429461,21,1.000336
GERAL,GERAL,22588949239,[Pmax - Franquias CS],PERFORMANCE_MAX,2025-08-13,312,209,1.492822966507177,39.502398,51,4.03435
GERAL,GERAL,22588949239,[Pmax - Franquias CS],PERFORMANCE_MAX,2025-08-14,278,222,1.2522522522522523,38.849793,62,9.376437
GERAL,GERAL,22588949239,[Pmax - Franquias CS],PERFORMANCE_MAX,2025-08-16,275,207,1.328502415458937,37.928964,57,6.139045
GERAL,GERAL,22588949239,[Pmax - Franquias CS],PERFORMANCE_MAX,2025-08-17,191,144,1.3263888888888888,15.304054,33,2.026533
GERAL,GERAL,22588949239,[Pmax - Franquias CS],PERFORMANCE_MAX,2025-08-18,309,235,1.3148936170212766,26.542301,55,2.390536
GERAL,GERAL,22588949239,[Pmax - Franquias CS],PERFORMANCE_MAX,2025-08-20,182,150,1.2133333333333334,10.672442,24,2.0
GERAL,GERAL,22588949239,[Pmax - Franquias CS],PERFORMANCE_MAX,2025-08-21,402,287,1.4006968641114983,35.445504,68,10.634688
GERAL,GERAL,22588949239,[Pmax - Franquias CS],PERFORMANCE_MAX,2025-08-22,158,134,1.1791044776119404,5.359505,12,0.0
GERAL,GERAL,22588949239,[Pmax - Franquias CS],PERFORMANCE_MAX,2025-08-23,307,227,1.3524229074889869,39.995148,64,2.999371
GERAL,GERAL,22588949239,[Pmax - Franquias CS],PERFORMANCE_MAX,2025-08-24,216,163,1.3251533742331287,13.668536,37,3.224083
GERAL,GERAL,22588949239,[Pmax - Franquias CS],PERFORMANCE_MAX,2025-08-25,384,282,1.3617021276595744,21.890399,54,7.394807
GERAL,GERAL,22588949239,[Pmax - Franquias CS],PERFORMANCE_MAX,2025-08-26,61,55,1.1090909090909091,0.819629,3,0.0
GERAL,GERAL,22588949239,[Pmax - Franquias CS],PERFORMANCE_MAX,2025-08-27,245,175,1.4,19.226438,37,6.941734
GERAL,GERAL,22588995829,[Pmax - Franquias NS],PERFORMANCE_MAX,2025-06-06,517,336,1.5386904761904763,79.96452,44,2.0
GERAL,GERAL,22588995829,[Pmax - Franquias NS],PERFORMANCE_MAX,2025-06-07,281,172,1.6337209302325582,47.505863,37,2.0
GERAL,GERAL,22588995829,[Pmax - Franquias NS],PERFORMANCE_MAX,2025-06-08,1098,629,1.7456279809220985,47.334658,83,3.0
GERAL,GERAL,22588995829,[Pmax - Franquias NS],PERFORMANCE_MAX,2025-06-11,400,221,1.8099547511312217,39.887396,55,4.004213
GERAL,GERAL,22588995829,[Pmax - Franquias NS],PERFORMANCE_MAX,2025-06-12,143,98,1.4591836734693877,40.0,26,2.002518
GERAL,GERAL,22588995829,[Pmax - Franquias NS],PERFORMANCE_MAX,2025-06-13,142,85,1.6705882352941177,5.679758,13,1.0
GERAL,GERAL,22588995829,[Pmax - Franquias NS],PERFORMANCE_MAX,2025-06-14,1063,597,1.780569514237856,38.955521,98,0.016224
GERAL,GERAL,22588995829,[Pmax - Franquias NS],PERFORMANCE_MAX,2025-06-15,200,94,2.127659574468085,9.503551,26,3.002518
GERAL,GERAL,22588995829,[Pmax - Franquias NS],PERFORMANCE_MAX,2025-06-16,170,128,1.328125,7.131474,14,0.0
GERAL,GERAL,22588995829,[Pmax - Franquias NS],PERFORMANCE_MAX,2025-06-17,239,147,1.6258503401360545,26.308929,30,2.0
GERAL,GERAL,22588995829,[Pmax - Franquias NS],PERFORMANCE_MAX,2025-06-18,305,231,1.3203463203463204,38.172109,26,5.0
GERAL,GERAL,22588995829,[Pmax - Franquias NS],PERFORMANCE_MAX,2025-06-20,770,469,1.6417910447761195,31.99729,56,6.002139
GERAL,GERAL,22588995829,[Pmax - Franquias NS],PERFORMANCE_MAX,2025-06-21,489,325,1.5046153846153847,25.565141,48,3.000772
GERAL,GERAL,22588995829,[Pmax - Franquias NS],PERFORMANCE_MAX,2025-06-23,120,96,1.25,6.01339,13,1.0
GERAL,GERAL,22588995829,[Pmax - Franquias NS],PERFORMANCE_MAX,2025-06-24,334,230,1.4521739130434783,53.837187,55,4.500421
GERAL,GERAL,22588995829,[Pmax - Franquias NS],PERFORMANCE_MAX,2025-06-25,105,67,1.5671641791044777,14.718775,9,0.500153
GERAL,GERAL,22588995829,[Pmax - Franquias NS],PERFORMANCE_MAX,2025-06-26,300,177,1.694915254237288,57.446471,69,6.000455
GERAL,GERAL,22588995829,[Pmax - Franquias NS],PERFORMANCE_MAX,2025-06-28,256,135,1.8962962962962964,62.055238,57,4.175774
GERAL,GERAL,22588995829,[Pmax - Franquias NS],PERFORMANCE_MAX,2025-06-30,270,187,1.4438502673796791,57.042911,82,8.286251
GERAL,GERAL,22588995829,[Pmax - Franquias NS],PERFORMANCE_MAX,2025-07-02,398,242,1.6446280991735538,61.881281,78,9.488699
GERAL,GERAL,22588995829,[Pmax - Franquias NS],PERFORMANCE_MAX,2025-07-05,376,247,1.5222672064777327,65.721705,78,8.334219
GERAL,GERAL,22588995829,[Pmax - Franquias NS],PERFORMANCE_MAX,2025-07-06,253,149,1.6979865771812082,45.557026,52,4.63191
GERAL,GERAL,22588995829,[Pmax - Franquias NS],PERFORMANCE_MAX,2025-07-07,143,104,1.375,39.886068,44,7.548428
GERAL,GERAL,22588995829,[Pmax - Franquias NS],PERFORMANCE_MAX,2025-07-09,190,109,1.7431192660550459,64.073341,56,8.777606
GERAL,GERAL,22588995829,[Pmax - Franquias NS],PERFORMANCE_MAX,2025-07-11,112,57,1.9649122807017543,23.350711,29,4.996346
GERAL,GERAL,22588995829,[Pmax - Franquias NS],PERFORMANCE_MAX,2025-07-12,345,208,1.6586538461538463,46.733742,63,8.675145
GERAL,GERAL,22588995829,[Pmax - Franquias NS],PERFORMANCE_MAX,2025-07-13,605,355,1.704225352112676,62.201861,102,9.502367
GERAL,GERAL,22588995829,[Pmax - Franquias NS],PERFORMANCE_MAX,2025-07-14,360,189,1.9047619047619047,22.37866,43,1.0052
GERAL,GERAL,22588995829,[Pmax - Franquias NS],PERFORMANCE_MAX,2025-07-15,277,182,1.521978021978022,36.699252,54,6.790417
GERAL,GERAL,22588995829,[Pmax - Franquias NS],PERFORMANCE_MAX,2025-07-16,410,278,1.474820143884892,40.707245,71,4.898731
GERAL,GERAL,22588995829,[Pmax - Franquias NS],PERFORMANCE_MAX,2025-07-18,413,291,1.4192439862542956,54.55596,65,8.030243
GERAL,GERAL,22588995829,[Pmax - Franquias NS],PERFORMANCE_MAX,2025-07-19,316,193,1.6373056994818653,31.349154,58,11.063622
GERAL,GERAL,22588995829,[Pmax - Franquias NS],PERFORMANCE_MAX,2025-07-20,191,128,1.4921875,31.954742,52,6.162449
GERAL,GERAL,22588995829,[Pmax - Franquias NS],PERFORMANCE_MAX,2025-07-21,140,63,2.2222222222222223,25.395405,30,3.368561
GERAL,GERAL,22588995829,[Pmax - Franquias NS],PERFORMANCE_MAX,2025-07-22,216,80,2.7,31.102667,44,6.23233
GERAL,GERAL,22588995829,[Pmax - Franquias NS],PERFORMANCE_MAX,2025-07-24,106,50,2.12,17.944431,27,2.27403
GERAL,GERAL,22588995829,[Pmax - Franquias NS],PERFORMANCE_MAX,2025-07-25,94,66,1.4242424242424243,12.564841,24,3.290658
GERAL,GERAL,22588995829,[Pmax - Franquias NS],PERFORMANCE_MAX,2025-07-26,437,277,1.5776173285198556,44.469926,94,8.093292
GERAL,GERAL,22588995829,[Pmax - Franquias NS],PERFORMANCE_MAX,2025-07-28,379,238,1.5924369747899159,45.387737,70,9.17213
GERAL,GERAL,22588995829,[Pmax - Franquias NS],PERFORMANCE_MAX,2025-07-30,274,154,1.7792207792207793,37.558625,63,8.296364
GERAL,GERAL,22588995829,[Pmax - Franquias NS],PERFORMANCE_MAX,2025-07-31,140,78,1.794871794871795,13.457431,25,4.883674
GERAL,GERAL,22588995829,[Pmax - Franquias NS],PERFORMANCE_MAX,2025-08-01,204,126,1.619047619047619,17.018843,39,2.185319
GERAL,GERAL,22588995829,[Pmax - Franquias NS],PERFORMANCE_MAX,2025-08-02,246,158,1.5569620253164558,27.339589,59,4.628167
GERAL,GERAL,22588995829,[Pmax - Franquias NS],PERFORMANCE_MAX,2025-08-03,256,143,1.7902097902097902,25.654347,51,6.659171
GERAL,GERAL,22588995829,[Pmax - Franquias NS],PERFORMANCE_MAX,2025-08-05,210,126,1.6666666666666667,45.03525,66,5.952627
GERAL,GERAL,22588995829,[Pmax - Franquias NS],PERFORMANCE_MAX,2025-08-07,110,63,1.746031746031746,16.334475,25,4.476672
GERAL,GERAL,22588995829,[Pmax - Franquias NS],PERFORMANCE_MAX,2025-08-08,206,126,1.6349206349206349,42.939939,58,10.254636
GERAL,GERAL,22588995829,[Pmax - Franquias NS],PERFORMANCE_MAX,2025-08-09,203,127,1.5984251968503937,23.617017,45,3.243933
GERAL,GERAL,22588995829,[Pmax - Franquias NS],PERFORMANCE_MAX,2025-08-10,224,148,1.5135135135135136,20.949071,59,4.471168
GERAL,GERAL,22588995829,[Pmax - Franquias NS],PERFORMANCE_MAX,2025-08-11,267,170,1.5705882352941176,18.074141,44,4.619832
GERAL,GERAL,22588995829,[Pmax - Franquias NS],PERFORMANCE_MAX,2025-08-12,311,183,1.6994535519125684,32.177242,61,5.158614
GERAL,GERAL,22588995829,[Pmax - Franquias NS],PERFORMANCE_MAX,2025-08-13,156,93,1.6774193548387097,18.891956,37,1.63842
GERAL,GERAL,22588995829,[Pmax - Franquias NS],PERFORMANCE_MAX,2025-08-15,235,134,1.7537313432835822,22.821751,42,10.387875
GERAL,GERAL,22588995829,[Pmax - Franquias NS],PERFORMANCE_MAX,2025-08-16,373,181,2.0607734806629834,40.886349,78,8.69058
GERAL,GERAL,22588995829,[Pmax - Franquias NS],PERFORMANCE_MAX,2025-08-17,348,179,1.9441340782122905,16.991529,43,4.938136
GERAL,GERAL,22588995829,[Pmax - Franquias NS],PERFORMANCE_MAX,2025-08-18,515,340,1.5147058823529411,26.086058,73,4.222106
GERAL,GERAL,22588995829,[Pmax - Franquias NS],PERFORMANCE_MAX,2025-08-20,462,315,1.4666666666666666,42.473365,82,10.719605
GERAL,GERAL,22588995829,[Pmax - Franquias NS],PERFORMANCE_MAX,2025-08-22,457,327,1.3975535168195719,42.976007,75,8.452074
GERAL,GERAL,22588995829,[Pmax - Franquias NS],PERFORMANCE_MAX,2025-08-24,585,403,1.4516129032258065,41.228251,96,2.463736
GERAL,GERAL,22588995829,[Pmax - Franquias NS],PERFORMANCE_MAX,2025-08-26,551,392,1.405612244897959,45.028041,91,10.955117
GERAL,GERAL,22589850931,[Demand Gen - Dragões - GS],DEMAND_GEN,2025-06-06,15661,10456,1.4978003060443765,31.489237,561,14.0
GERAL,GERAL,22589850931,[Demand Gen - Dragões - GS],DEMAND_GEN,2025-06-07,18194,12010,1.5149042464612823,31.263559,616,10.0
GERAL,GERAL,22589850931,[Demand Gen - Dragões - GS],DEMAND_GEN,2025-06-08,17433,11772,1.480886850152905,31.292466,623,16.0
GERAL,GERAL,22589850931,[Demand Gen - Dragões - GS],DEMAND_GEN,2025-06-09,10258,7193,1.4261087168080078,19.970161,345,14.0
GERAL,GERAL,22589850931,[Demand Gen - Dragões - GS],DEMAND_GEN,2025-06-10,10784,7558,1.4268324953691454,20.864363,369,6.0
GERAL,GERAL,22589850931,[Demand Gen - Dragões - GS],DEMAND_GEN,2025-06-11,11332,7825,1.4481789137380192,20.861557,336,6.0
GERAL,GERAL,22589850931,[Demand Gen - Dragões - GS],DEMAND_GEN,2025-06-12,10780,7464,1.4442658092175777,20.842009,365,6.0
GERAL,GERAL,22589850931,[Demand Gen - Dragões - GS],DEMAND_GEN,2025-06-13,11056,7443,1.485422544672847,20.954832,313,10.0
GERAL,GERAL,22589850931,[Demand Gen - Dragões - GS],DEMAND_GEN,2025-06-14,11811,7921,1.4910996086352732,20.593816,421,5.666666
GERAL,GERAL,22589850931,[Demand Gen - Dragões - GS],DEMAND_GEN,2025-06-15,11265,7537,1.4946265092211755,20.583156,458,11.333334
GERAL,GERAL,22589850931,[Demand Gen - Dragões - GS],DEMAND_GEN,2025-06-16,10269,6862,1.4965024774118332,20.404703,366,13.0
GERAL,GERAL,22589850931,[Demand Gen - Dragões - GS],DEMAND_GEN,2025-06-17,11678,7993,1.4610283998498685,20.515047,403,10.0
GERAL,GERAL,22589850931,[Demand Gen - Dragões - GS],DEMAND_GEN,2025-06-18,12611,8501,1.4834725326432185,20.202203,408,8.0
GERAL,GERAL,22589850931,[Demand Gen - Dragões - GS],DEMAND_GEN,2025-06-19,13113,8583,1.5277874868926948,20.00036,417,15.0
GERAL,GERAL,22589850931,[Demand Gen - Dragões - GS],DEMAND_GEN,2025-06-20,12522,8293,1.5099481490413602,19.989794,421,12.0
GERAL,GERAL,22589850931,[Demand Gen - Dragões - GS],DEMAND_GEN,2025-06-21,13136,8590,1.529220023282887,19.668938,402,8.0
GERAL,GERAL,22589850931,[Demand Gen - Dragões - GS],DEMAND_GEN,2025-06-22,13227,8872,1.4908701532912534,19.34676,436,8.0
GERAL,GERAL,22589850931,[Demand Gen - Dragões - GS],DEMAND_GEN,2025-06-23,11686,8042,1.4531211141507088,19.270263,394,10.0
GERAL,GERAL,22589850931,[Demand Gen - Dragões - GS],DEMAND_GEN,2025-06-24,10069,7066,1.4249929238607415,18.635602,304,4.0
GERAL,GERAL,22589850931,[Demand Gen - Dragões - GS],DEMAND_GEN,2025-06-25,9185,6141,1.4956847418987136,17.756357,277,7.0
GERAL,GERAL,22592716000,[Pmax - Winter - BS],PERFORMANCE_MAX,2025-06-06,12535,6659,1.8824147769935426,81.503588,78,500.0
GERAL,GERAL,22592716000,[Pmax - Winter - BS],PERFORMANCE_MAX,2025-06-07,12358,6527,1.8933660180787497,82.929683,105,816.0
GERAL,GERAL,22592716000,[Pmax - Winter - BS],PERFORMANCE_MAX,2025-06-08,10279,5917,1.7371979043434174,70.937578,141,591.0
GERAL,GERAL,22592716000,[Pmax - Winter - BS],PERFORMANCE_MAX,2025-06-09,5287,3247,1.6282722513089005,20.669056,47,216.0
GERAL,GERAL,22592716000,[Pmax - Winter - BS],PERFORMANCE_MAX,2025-06-10,5876,3416,1.7201405152224825,21.113093,58,288.0
GERAL,GERAL,22592716000,[Pmax - Winter - BS],PERFORMANCE_MAX,2025-06-11,6129,4319,1.4190784903912943,20.582177,59,332.0
GERAL,GERAL,22592716000,[Pmax - Winter - BS],PERFORMANCE_MAX,2025-06-12,5473,3731,1.4668989547038327,19.547395,80,262.0
GERAL,GERAL,22592716000,[Pmax - Winter - BS],PERFORMANCE_MAX,2025-06-13,6464,4298,1.5039553280595626,21.649718,56,326.0
GERAL,GERAL,22592716000,[Pmax - Winter - BS],PERFORMANCE_MAX,2025-06-14,5469,3556,1.5379640044994376,20.771404,48,413.0
GERAL,GERAL,22592716000,[Pmax - Winter - BS],PERFORMANCE_MAX,2025-06-15,5715,3963,1.4420893262679788,19.096213,80,339.0
GERAL,GERAL,22592716000,[Pmax - Winter - BS],PERFORMANCE_MAX,2025-06-16,5628,3959,1.4215711038140946,18.455932,41,309.0
GERAL,GERAL,22592716000,[Pmax - Winter - BS],PERFORMANCE_MAX,2025-06-17,7085,4909,1.4432674679160724,21.362794,47,435.0
GERAL,GERAL,22592716000,[Pmax - Winter - BS],PERFORMANCE_MAX,2025-06-18,6485,4528,1.4321996466431095,20.61284,61,440.0
GERAL,GERAL,22592716000,[Pmax - Winter - BS],PERFORMANCE_MAX,2025-06-19,5450,3846,1.4170566822672908,21.016323,131,588.0
GERAL,GERAL,22592716000,[Pmax - Winter - BS],PERFORMANCE_MAX,2025-06-20,5875,4168,1.409548944337812,20.684029,148,635.0
GERAL,GERAL,22592716000,[Pmax - Winter - BS],PERFORMANCE_MAX,2025-06-21,5963,4089,1.458302763511861,19.582429,130,582.0
GERAL,GERAL,22592716000,[Pmax - Winter - BS],PERFORMANCE_MAX,2025-06-22,5886,4216,1.396110056925996,19.861195,139,516.0
GERAL,GERAL,22592716000,[Pmax - Winter - BS],PERFORMANCE_MAX,2025-06-23,5066,3629,1.3959768531275834,17.356415,97,305.0
GERAL,GERAL,22592716000,[Pmax - Winter - BS],PERFORMANCE_MAX,2025-06-24,6315,4523,1.3961972142383374,22.123846,74,341.0
GERAL,GERAL,22592716000,[Pmax - Winter - BS],PERFORMANCE_MAX,2025-06-25,5716,4160,1.3740384615384615,21.482982,73,291.0
GERAL,GERAL,22592716000,[Pmax - Winter - BS],PERFORMANCE_MAX,2025-06-26,4666,3509,1.329723567968082,19.726133,108,348.0
GERAL,GERAL,22592716000,[Pmax - Winter - BS],PERFORMANCE_MAX,2025-06-27,3953,3040,1.300328947368421,19.628183,63,254.0
GERAL,GERAL,22592716000,[Pmax - Winter - BS],PERFORMANCE_MAX,2025-06-28,4279,3240,1.320679012345679,19.597602,139,408.0
GERAL,GERAL,22592716000,[Pmax - Winter - BS],PERFORMANCE_MAX,2025-06-29,3333,2456,1.357084690553746,12.552334,84,191.0
GERAL,GERAL,22592716000,[Pmax - Winter - BS],PERFORMANCE_MAX,2025-06-30,4253,3227,1.3179423613263093,21.290209,82,222.0
GERAL,GERAL,22592716000,[Pmax - Winter - BS],PERFORMANCE_MAX,2025-07-01,3534,2783,1.2698526769673015,19.614094,63,235.0
GERAL,GERAL,22592716000,[Pmax - Winter - BS],PERFORMANCE_MAX,2025-07-02,4386,3432,1.277972027972028,19.839947,57,243.0
GERAL,GERAL,22592716000,[Pmax - Winter - BS],PERFORMANCE_MAX,2025-07-03,3625,2794,1.2974230493915533,19.180048,77,262.0
GERAL,GERAL,22592716000,[Pmax - Winter - BS],PERFORMANCE_MAX,2025-07-04,4293,3340,1.2853293413173652,21.323663,78,296.0
GERAL,GERAL,22592716000,[Pmax - Winter - BS],PERFORMANCE_MAX,2025-07-05,4325,3309,1.3070414022363253,21.331736,99,359.0
GERAL,GERAL,22592716000,[Pmax - Winter - BS],PERFORMANCE_MAX,2025-07-06,3312,2479,1.336022589753933,17.911038,158,262.0
GERAL,GERAL,22592716000,[Pmax - Winter - BS],PERFORMANCE_MAX,2025-07-07,5508,4189,1.3148722845547864,27.467196,76,325.0
GERAL,GERAL,22592716000,[Pmax - Winter - BS],PERFORMANCE_MAX,2025-07-08,6891,5253,1.3118218161050827,34.350792,82,493.0
GERAL,GERAL,22592716000,[Pmax - Winter - BS],PERFORMANCE_MAX,2025-07-09,5591,4343,1.287358968454985,33.69303,82,416.0
GERAL,GERAL,22592716000,[Pmax - Winter - BS],PERFORMANCE_MAX,2025-07-10,5547,4355,1.2737083811710677,32.224442,102,397.0
GERAL,GERAL,22592716000,[Pmax - Winter - BS],PERFORMANCE_MAX,2025-07-11,6095,4763,1.2796556791937854,32.090975,96,456.0
GERAL,GERAL,22592716000,[Pmax - Winter - BS],PERFORMANCE_MAX,2025-07-12,5233,4072,1.2851178781925343,34.179162,152,562.0
GERAL,GERAL,22592716000,[Pmax - Winter - BS],PERFORMANCE_MAX,2025-07-13,4963,3924,1.2647808358817534,25.056519,139,388.0
GERAL,GERAL,22592716000,[Pmax - Winter - BS],PERFORMANCE_MAX,2025-07-14,7105,5512,1.2890058055152396,37.264408,92,413.0
GERAL,GERAL,22592716000,[Pmax - Winter - BS],PERFORMANCE_MAX,2025-07-15,6760,5245,1.2888465204957102,34.326782,107,497.0
GERAL,GERAL,22592716000,[Pmax - Winter - BS],PERFORMANCE_MAX,2025-07-16,6894,5372,1.2833209233060312,31.165357,64,451.0
GERAL,GERAL,22592716000,[Pmax - Winter - BS],PERFORMANCE_MAX,2025-07-17,4510,3573,1.2622446123705569,25.482132,87,251.0
GERAL,GERAL,22592716000,[Pmax - Winter - BS],PERFORMANCE_MAX,2025-07-18,5101,4194,1.2162613257033859,35.685387,89,314.0
GERAL,GERAL,22592716000,[Pmax - Winter - BS],PERFORMANCE_MAX,2025-07-19,3694,2991,1.2350384486793715,31.548476,23,257.0
GERAL,GERAL,22592716000,[Pmax - Winter - BS],PERFORMANCE_MAX,2025-07-20,1449,1102,1.3148820326678765,20.782506,101,122.0
GERAL,GERAL,22592716000,[Pmax - Winter - BS],PERFORMANCE_MAX,2025-07-21,4057,3366,1.2052881758764111,44.235526,76,257.0
GERAL,GERAL,22592716000,[Pmax - Winter - BS],PERFORMANCE_MAX,2025-07-22,4806,3914,1.227899846704139,31.876474,90,283.0
GERAL,GERAL,22592716000,[Pmax - Winter - BS],PERFORMANCE_MAX,2025-07-23,5083,4209,1.2076502732240437,29.964543,52,286.0
GERAL,GERAL,22592716000,[Pmax - Winter - BS],PERFORMANCE_MAX,2025-07-24,5098,4239,1.2026421325784382,30.687286,76,372.0
GERAL,GERAL,22592716000,[Pmax - Winter - BS],PERFORMANCE_MAX,2025-07-25,5434,4448,1.2216726618705036,30.350248,62,374.0
GERAL,GERAL,22592716000,[Pmax - Winter - BS],PERFORMANCE_MAX,2025-07-26,5234,4370,1.1977116704805493,29.991096,55,320.0
GERAL,GERAL,22592716000,[Pmax - Winter - BS],PERFORMANCE_MAX,2025-07-27,4194,3476,1.2065592635212887,25.111198,80,277.0
GERAL,GERAL,22592716000,[Pmax - Winter - BS],PERFORMANCE_MAX,2025-07-28,4269,3524,1.2114074914869466,34.729847,56,255.0
GERAL,GERAL,22592716000,[Pmax - Winter - BS],PERFORMANCE_MAX,2025-07-29,5256,4262,1.2332238385734398,22.754246,41,275.0
GERAL,GERAL,22592716000,[Pmax - Winter - BS],PERFORMANCE_MAX,2025-07-30,4917,3992,1.2317134268537073,23.113627,42,264.0
GERAL,GERAL,22592716000,[Pmax - Winter - BS],PERFORMANCE_MAX,2025-07-31,5956,4934,1.207134171057965,18.184406,41,291.0
GERAL,GERAL,22592716000,[Pmax - Winter - BS],PERFORMANCE_MAX,2025-08-01,4912,3979,1.234481025383262,20.605375,49,296.0
GERAL,GERAL,22592716000,[Pmax - Winter - BS],PERFORMANCE_MAX,2025-08-02,5296,4303,1.2307692307692308,20.671582,51,369.0
GERAL,GERAL,22592716000,[Pmax - Winter - BS],PERFORMANCE_MAX,2025-08-03,5496,4491,1.2237808951235805,18.548367,66,376.0
GERAL,GERAL,22592716000,[Pmax - Winter - BS],PERFORMANCE_MAX,2025-08-04,3426,2886,1.187110187110187,16.504946,48,180.0
GERAL,GERAL,22592716000,[Pmax - Winter - BS],PERFORMANCE_MAX,2025-08-05,3901,3288,1.1864355231143553,24.695591,44,163.0
GERAL,GERAL,22592716000,[Pmax - Winter - BS],PERFORMANCE_MAX,2025-08-06,2636,2288,1.152097902097902,21.822285,33,107.0
GERAL,GERAL,22592716000,[Pmax - Winter - BS],PERFORMANCE_MAX,2025-08-07,3270,2775,1.1783783783783783,24.851004,23,105.0
GERAL,GERAL,22592716000,[Pmax - Winter - BS],PERFORMANCE_MAX,2025-08-08,3024,2517,1.201430274135876,24.068539,59,171.0
GERAL,GERAL,22592716000,[Pmax - Winter - BS],PERFORMANCE_MAX,2025-08-09,2721,2276,1.195518453427065,21.13357,55,220.0
GERAL,GERAL,22592716000,[Pmax - Winter - BS],PERFORMANCE_MAX,2025-08-10,1422,1224,1.161764705882353,10.988453,22,67.0
GERAL,GERAL,22592716000,[Pmax - Winter - BS],PERFORMANCE_MAX,2025-08-11,4878,4048,1.2050395256916997,30.931041,27,215.0
GERAL,GERAL,22592716000,[Pmax - Winter - BS],PERFORMANCE_MAX,2025-08-12,3862,3227,1.1967771924387975,20.790189,37,156.0
GERAL,GERAL,22592716000,[Pmax - Winter - BS],PERFORMANCE_MAX,2025-08-13,4326,3621,1.1946975973487988,21.173755,30,180.0
GERAL,GERAL,22592716000,[Pmax - Winter - BS],PERFORMANCE_MAX,2025-08-14,3606,3040,1.1861842105263158,19.833003,54,137.0
GERAL,GERAL,22592716000,[Pmax - Winter - BS],PERFORMANCE_MAX,2025-08-15,5098,4175,1.2210778443113772,23.055429,29,240.0
GERAL,GERAL,22592716000,[Pmax - Winter - BS],PERFORMANCE_MAX,2025-08-16,4584,3781,1.212377677862999,21.106473,43,258.0
GERAL,GERAL,22592716000,[Pmax - Winter - BS],PERFORMANCE_MAX,2025-08-17,4220,3481,1.212295317437518,19.588462,86,261.0
GERAL,GERAL,22592716000,[Pmax - Winter - BS],PERFORMANCE_MAX,2025-08-18,3150,2602,1.2106072252113758,17.684221,35,165.0
GERAL,GERAL,22592716000,[Pmax - Winter - BS],PERFORMANCE_MAX,2025-08-19,4926,4057,1.2141976830170076,24.886291,25,200.0
GERAL,GERAL,22592716000,[Pmax - Winter - BS],PERFORMANCE_MAX,2025-08-20,3812,3134,1.2163369495851946,18.368112,16,201.0
GERAL,GERAL,22592716000,[Pmax - Winter - BS],PERFORMANCE_MAX,2025-08-21,4562,3764,1.212008501594049,22.802126,20,199.0
GERAL,GERAL,22592716000,[Pmax - Winter - BS],PERFORMANCE_MAX,2025-08-22,4252,3536,1.2024886877828054,20.818053,28,214.0
GERAL,GERAL,22592716000,[Pmax - Winter - BS],PERFORMANCE_MAX,2025-08-23,4496,3741,1.2018176958032611,20.483545,35,302.0
GERAL,GERAL,22592716000,[Pmax - Winter - BS],PERFORMANCE_MAX,2025-08-24,3161,2600,1.2157692307692307,15.525207,78,213.0
GERAL,GERAL,22592716000,[Pmax - Winter - BS],PERFORMANCE_MAX,2025-08-25,3490,2859,1.2207065407485134,22.744555,33,129.0
GERAL,GERAL,22592716000,[Pmax - Winter - BS],PERFORMANCE_MAX,2025-08-26,3543,2936,1.2067438692098094,21.072525,41,150.0
GERAL,GERAL,22592716000,[Pmax - Winter - BS],PERFORMANCE_MAX,2025-08-27,4463,3676,1.2140914036996735,21.172091,22,163.0
GERAL,GERAL,22592716000,[Pmax - Winter - BS],PERFORMANCE_MAX,2025-08-28,4756,3907,1.2173022779626312,19.534069,20,197.0
GERAL,GERAL,22592716000,[Pmax - Winter - BS],PERFORMANCE_MAX,2025-08-29,3703,3023,1.2249421104862719,15.054285,13,164.0
GERAL,GERAL,22614720132,[DISPLAY - PROMO NAMORADOS - BS],DISPLAY,2025-06-06,27523,10443,2.635545341376999,41.775743,23,0.0
GERAL,GERAL,22614720132,[DISPLAY - PROMO NAMORADOS - BS],DISPLAY,2025-06-07,27017,10330,2.6153920619554696,41.504399,38,2.0
GERAL,GERAL,22614720132,[DISPLAY - PROMO NAMORADOS - BS],DISPLAY,2025-06-08,27607,10253,2.6925777821125525,41.233154,27,2.0
GERAL,GERAL,22614720132,[DISPLAY - PROMO NAMORADOS - BS],DISPLAY,2025-06-09,12827,4706,2.7256693582660434,20.006403,13,0.0
GERAL,GERAL,22614720132,[DISPLAY - PROMO NAMORADOS - BS],DISPLAY,2025-06-10,13369,4966,2.6921063229963753,20.807876,12,0.0
GERAL,GERAL,22614720132,[DISPLAY - PROMO NAMORADOS - BS],DISPLAY,2025-06-11,13131,4507,2.913467938761926,20.611752,6,2.0
GERAL,GERAL,22614720132,[DISPLAY - PROMO NAMORADOS - BS],DISPLAY,2025-06-12,11948,4326,2.761904761904762,20.328949,13,1.0
GERAL,GERAL,22614720132,[DISPLAY - PROMO NAMORADOS - BS],DISPLAY,2025-06-13,11437,4199,2.7237437485115503,20.015276,10,0.0
GERAL,GERAL,22614720132,[DISPLAY - PROMO NAMORADOS - BS],DISPLAY,2025-06-14,12405,4939,2.511642032800162,19.575314,15,0.0
GERAL,GERAL,22614720132,[DISPLAY - PROMO NAMORADOS - BS],DISPLAY,2025-06-15,11761,4396,2.6753867151956325,18.666845,11,0.0
GERAL,GERAL,22614732429,[DISPLAY - PROMO NAMORADOS - CS],DISPLAY,2025-06-06,27151,10164,2.6712908303817393,41.783597,29,2.0
GERAL,GERAL,22614732429,[DISPLAY - PROMO NAMORADOS - CS],DISPLAY,2025-06-07,26293,10215,2.573959862946647,41.493112,34,0.0
GERAL,GERAL,22614732429,[DISPLAY - PROMO NAMORADOS - CS],DISPLAY,2025-06-08,26564,9867,2.6922063443802573,41.317408,30,0.0
GERAL,GERAL,22614732429,[DISPLAY - PROMO NAMORADOS - CS],DISPLAY,2025-06-09,13657,5508,2.4794843863471314,23.039704,14,0.0
GERAL,GERAL,22614732429,[DISPLAY - PROMO NAMORADOS - CS],DISPLAY,2025-06-10,12547,4774,2.6281943862589023,20.836153,12,1.0
GERAL,GERAL,22614732429,[DISPLAY - PROMO NAMORADOS - CS],DISPLAY,2025-06-11,12378,4628,2.674589455488332,20.585234,16,1.0
GERAL,GERAL,22614732429,[DISPLAY - PROMO NAMORADOS - CS],DISPLAY,2025-06-12,12613,4312,2.9250927643784785,20.323839,9,1.0
GERAL,GERAL,22614732429,[DISPLAY - PROMO NAMORADOS - CS],DISPLAY,2025-06-13,11687,4056,2.8814102564102564,20.077198,8,0.0
GERAL,GERAL,22614732429,[DISPLAY - PROMO NAMORADOS - CS],DISPLAY,2025-06-14,12335,4776,2.582705192629816,19.623436,13,0.0
GERAL,GERAL,22614732429,[DISPLAY - PROMO NAMORADOS - CS],DISPLAY,2025-06-15,11654,4362,2.6717102246675837,18.569113,15,0.0
GERAL,GERAL,22623721908,[GEN - CAMPANHA NAMORADOS - CS],DEMAND_GEN,2025-06-06,16753,11815,1.4179432924248836,44.325075,536,16.0
GERAL,GERAL,22623721908,[GEN - CAMPANHA NAMORADOS - CS],DEMAND_GEN,2025-06-07,22019,14758,1.4920043366309799,44.346812,579,24.0
GERAL,GERAL,22623721908,[GEN - CAMPANHA NAMORADOS - CS],DEMAND_GEN,2025-06-08,23349,15452,1.5110665286047114,44.357349,632,25.0
GERAL,GERAL,22623721908,[GEN - CAMPANHA NAMORADOS - CS],DEMAND_GEN,2025-06-09,21314,14419,1.4781885012830294,44.339675,592,23.0
GERAL,GERAL,22623721908,[GEN - CAMPANHA NAMORADOS - CS],DEMAND_GEN,2025-06-10,19885,13549,1.4676359878957856,44.328983,547,11.0
GERAL,GERAL,22623721908,[GEN - CAMPANHA NAMORADOS - CS],DEMAND_GEN,2025-06-11,20298,13775,1.4735390199637024,44.286918,535,10.0
GERAL,GERAL,22623721908,[GEN - CAMPANHA NAMORADOS - CS],DEMAND_GEN,2025-06-12,19433,13124,1.4807223407497714,44.316795,578,10.0
GERAL,GERAL,22623721908,[GEN - CAMPANHA NAMORADOS - CS],DEMAND_GEN,2025-06-13,18694,12922,1.4466800804828974,44.267161,526,20.0
GERAL,GERAL,22623721908,[GEN - CAMPANHA NAMORADOS - CS],DEMAND_GEN,2025-06-14,22809,15059,1.5146424065342985,44.380365,569,12.0
GERAL,GERAL,22623721908,[GEN - CAMPANHA NAMORADOS - CS],DEMAND_GEN,2025-06-15,23273,16020,1.4527465667915107,43.267951,597,17.0
GERAL,GERAL,22623800772,[GEN - CAMPANHA NAMORADOS - NK],DEMAND_GEN,2025-06-06,16671,11863,1.4052937705470792,44.545827,525,47.0
GERAL,GERAL,22623800772,[GEN - CAMPANHA NAMORADOS - NK],DEMAND_GEN,2025-06-07,21849,14831,1.4731980311509676,44.559199,608,49.0
GERAL,GERAL,22623800772,[GEN - CAMPANHA NAMORADOS - NK],DEMAND_GEN,2025-06-08,21400,14707,1.4550894132045964,44.458389,652,61.0
GERAL,GERAL,22623800772,[GEN - CAMPANHA NAMORADOS - NK],DEMAND_GEN,2025-06-09,20280,14091,1.4392165211837342,44.455473,615,74.0
GERAL,GERAL,22623800772,[GEN - CAMPANHA NAMORADOS - NK],DEMAND_GEN,2025-06-10,20905,14424,1.449320576816417,44.459112,570,57.0
GERAL,GERAL,22623800772,[GEN - CAMPANHA NAMORADOS - NK],DEMAND_GEN,2025-06-11,20989,14354,1.462240490455622,44.567474,556,67.0
GERAL,GERAL,22623800772,[GEN - CAMPANHA NAMORADOS - NK],DEMAND_GEN,2025-06-12,25340,18662,1.3578394598649663,44.610988,544,18.0
GERAL,GERAL,22623800772,[GEN - CAMPANHA NAMORADOS - NK],DEMAND_GEN,2025-06-13,22175,16103,1.377072595168602,44.594505,557,18.0
GERAL,GERAL,22623800772,[GEN - CAMPANHA NAMORADOS - NK],DEMAND_GEN,2025-06-14,22220,16418,1.353392617858448,44.615026,643,18.0
GERAL,GERAL,22623800772,[GEN - CAMPANHA NAMORADOS - NK],DEMAND_GEN,2025-06-15,21226,16080,1.3200248756218906,43.468793,645,16.0
GERAL,GERAL,22624510245,[DISPLAY - PROMO NAMORADOS - NR],DISPLAY,2025-06-06,26639,9647,2.761376593759718,41.666033,31,0.0
GERAL,GERAL,22624510245,[DISPLAY - PROMO NAMORADOS - NR],DISPLAY,2025-06-07,26218,9502,2.7592085876657544,41.417269,28,0.0
GERAL,GERAL,22624510245,[DISPLAY - PROMO NAMORADOS - NR],DISPLAY,2025-06-08,26870,9378,2.8652164640648325,41.231128,34,2.0
GERAL,GERAL,22624510245,[DISPLAY - PROMO NAMORADOS - NR],DISPLAY,2025-06-09,15108,5325,2.837183098591549,24.53499,16,0.0
GERAL,GERAL,22624510245,[DISPLAY - PROMO NAMORADOS - NR],DISPLAY,2025-06-10,13161,4692,2.804987212276215,20.819632,10,0.0
GERAL,GERAL,22624510245,[DISPLAY - PROMO NAMORADOS - NR],DISPLAY,2025-06-11,12576,4112,3.0583657587548636,20.644222,7,0.0
GERAL,GERAL,22624510245,[DISPLAY - PROMO NAMORADOS - NR],DISPLAY,2025-06-12,11705,3943,2.968551864062896,20.334786,12,1.0
GERAL,GERAL,22624510245,[DISPLAY - PROMO NAMORADOS - NR],DISPLAY,2025-06-13,11177,3672,3.0438453159041394,20.066526,10,0.0
GERAL,GERAL,22624510245,[DISPLAY - PROMO NAMORADOS - NR],DISPLAY,2025-06-14,11876,4289,2.7689438097458616,19.570643,5,0.0
GERAL,GERAL,22624510245,[DISPLAY - PROMO NAMORADOS - NR],DISPLAY,2025-06-15,10960,4061,2.698842649593696,18.566542,13,0.0
GERAL,GERAL,22624640773,[DISPLAY - PROMO NAMORADOS - GS],DISPLAY,2025-06-06,26663,9139,2.9174964438122335,41.735004,23,0.0
GERAL,GERAL,22624640773,[DISPLAY - PROMO NAMORADOS - GS],DISPLAY,2025-06-07,26416,9118,2.8971265628427285,41.482732,42,3.0
GERAL,GERAL,22624640773,[DISPLAY - PROMO NAMORADOS - GS],DISPLAY,2025-06-08,27145,9316,2.9138042078145125,41.273265,45,0.0
GERAL,GERAL,22624640773,[DISPLAY - PROMO NAMORADOS - GS],DISPLAY,2025-06-09,15797,5453,2.896937465615258,25.705825,21,1.0
GERAL,GERAL,22624640773,[DISPLAY - PROMO NAMORADOS - GS],DISPLAY,2025-06-10,13543,4610,2.9377440347071584,20.829221,13,0.0
GERAL,GERAL,22624640773,[DISPLAY - PROMO NAMORADOS - GS],DISPLAY,2025-06-11,13078,4254,3.074283027738599,20.61159,3,0.0
GERAL,GERAL,22624640773,[DISPLAY - PROMO NAMORADOS - GS],DISPLAY,2025-06-12,12055,4185,2.8805256869773,20.372202,16,0.0
GERAL,GERAL,22624640773,[DISPLAY - PROMO NAMORADOS - GS],DISPLAY,2025-06-13,11375,3733,3.0471470667023843,20.028719,14,0.0
GERAL,GERAL,22624640773,[DISPLAY - PROMO NAMORADOS - GS],DISPLAY,2025-06-14,11586,3893,2.976110968404829,19.611187,11,0.0
GERAL,GERAL,22624640773,[DISPLAY - PROMO NAMORADOS - GS],DISPLAY,2025-06-15,11039,4000,2.75975,18.560777,19,0.0
GERAL,GERAL,22627899006,[ALC - CAMPANHA NAMORADOS - CS],VIDEO,2025-06-06,4528,4423,1.0533574496947773,16.674333,2,5.0
GERAL,GERAL,22627899006,[ALC - CAMPANHA NAMORADOS - CS],VIDEO,2025-06-07,5650,5538,1.050559768869628,16.705646,3,5.0
GERAL,GERAL,22627899006,[ALC - CAMPANHA NAMORADOS - CS],VIDEO,2025-06-08,5278,5186,1.049363671423062,16.705484,5,1.0
GERAL,GERAL,22627899006,[ALC - CAMPANHA NAMORADOS - CS],VIDEO,2025-06-09,5302,5263,1.0456013680410412,16.720708,2,8.0
GERAL,GERAL,22627899006,[ALC - CAMPANHA NAMORADOS - CS],VIDEO,2025-06-10,4864,4745,1.0638566912539515,16.73165,6,10.0
GERAL,GERAL,22627899006,[ALC - CAMPANHA NAMORADOS - CS],VIDEO,2025-06-11,4838,4739,1.05549694028276,16.719337,5,16.0
GERAL,GERAL,22627899006,[ALC - CAMPANHA NAMORADOS - CS],VIDEO,2025-06-12,5357,5187,1.0661268556005399,16.755385,5,8.0
GERAL,GERAL,22627899006,[ALC - CAMPANHA NAMORADOS - CS],VIDEO,2025-06-13,5286,5107,1.065987859800274,16.759155,0,25.0
GERAL,GERAL,22627899006,[ALC - CAMPANHA NAMORADOS - CS],VIDEO,2025-06-14,5717,5498,1.0727537286285922,16.778007,6,8.0
GERAL,GERAL,22627899006,[ALC - CAMPANHA NAMORADOS - CS],VIDEO,2025-06-15,5338,5125,1.0759024390243903,16.740675,8,15.0
GERAL,GERAL,22628001285,[ALC - CAMPANHA NAMORADOS - NS],VIDEO,2025-06-06,3726,3531,1.0764655904842821,14.234607,2,34.0
GERAL,GERAL,22628001285,[ALC - CAMPANHA NAMORADOS - NS],VIDEO,2025-06-07,3921,3754,1.069792221630261,14.340112,4,30.0
GERAL,GERAL,22628001285,[ALC - CAMPANHA NAMORADOS - NS],VIDEO,2025-06-08,3858,3759,1.0571960627826549,14.270715,5,29.0
GERAL,GERAL,22628001285,[ALC - CAMPANHA NAMORADOS - NS],VIDEO,2025-06-09,6427,6051,1.0834572797884647,14.364207,2,17.0
GERAL,GERAL,22628001285,[ALC - CAMPANHA NAMORADOS - NS],VIDEO,2025-06-10,4664,4411,1.093176150532759,14.199641,5,30.0
GERAL,GERAL,22628001285,[ALC - CAMPANHA NAMORADOS - NS],VIDEO,2025-06-11,4516,4340,1.0732718894009217,14.400684,2,16.0
GERAL,GERAL,22628001285,[ALC - CAMPANHA NAMORADOS - NS],VIDEO,2025-06-12,4500,4324,1.0730804810360777,14.312435,4,15.0
GERAL,GERAL,22628001285,[ALC - CAMPANHA NAMORADOS - NS],VIDEO,2025-06-13,7249,6881,1.0896671995349514,24.056338,6,21.0
GERAL,GERAL,22628001285,[ALC - CAMPANHA NAMORADOS - NS],VIDEO,2025-06-14,6469,6111,1.0980199639993455,24.089259,5,13.0
GERAL,GERAL,22628001285,[ALC - CAMPANHA NAMORADOS - NS],VIDEO,2025-06-15,7436,7013,1.0949664908027947,24.092952,10,21.0
GERAL,GERAL,22628010462,[ALC - CAMPANHA NAMORADOS - NR],VIDEO,2025-06-06,5145,4907,1.0648053800692887,13.374692,1,34.0
GERAL,GERAL,22628010462,[ALC - CAMPANHA NAMORADOS - NR],VIDEO,2025-06-07,4375,4289,1.0568897178829564,13.37996,2,44.0
GERAL,GERAL,22628010462,[ALC - CAMPANHA NAMORADOS - NR],VIDEO,2025-06-08,4518,4456,1.0556552962298025,13.389025,1,41.0
GERAL,GERAL,22628010462,[ALC - CAMPANHA NAMORADOS - NR],VIDEO,2025-06-09,4856,4715,1.0646871686108166,13.400078,1,53.0
GERAL,GERAL,22628010462,[ALC - CAMPANHA NAMORADOS - NR],VIDEO,2025-06-10,4274,4085,1.0864137086903305,13.395568,4,49.0
GERAL,GERAL,22628010462,[ALC - CAMPANHA NAMORADOS - NR],VIDEO,2025-06-11,3970,3812,1.0697796432318993,13.391862,2,26.0
GERAL,GERAL,22628010462,[ALC - CAMPANHA NAMORADOS - NR],VIDEO,2025-06-12,3561,3243,1.1239592969472711,13.403764,5,13.0
GERAL,GERAL,22628010462,[ALC - CAMPANHA NAMORADOS - NR],VIDEO,2025-06-13,7817,7494,1.070723245262877,26.810327,10,21.0
GERAL,GERAL,22628010462,[ALC - CAMPANHA NAMORADOS - NR],VIDEO,2025-06-14,9274,9003,1.0657558591580585,26.886613,9,24.0
GERAL,GERAL,22628010462,[ALC - CAMPANHA NAMORADOS - NR],VIDEO,2025-06-15,9144,8763,1.0770284149263951,26.857548,9,22.0
GERAL,GERAL,22628025795,[ALC - CAMPANHA NAMORADOS - NK],VIDEO,2025-06-06,4074,3947,1.0597922472764125,12.517845,4,46.0
GERAL,GERAL,22628025795,[ALC - CAMPANHA NAMORADOS - NK],VIDEO,2025-06-07,4437,4315,1.0546929316338354,12.52721,3,41.0
GERAL,GERAL,22628025795,[ALC - CAMPANHA NAMORADOS - NK],VIDEO,2025-06-08,4433,4334,1.0620673742501154,12.524959,3,31.0
GERAL,GERAL,22628025795,[ALC - CAMPANHA NAMORADOS - NK],VIDEO,2025-06-09,4048,3960,1.0563131313131313,12.528734,1,28.0
GERAL,GERAL,22628025795,[ALC - CAMPANHA NAMORADOS - NK],VIDEO,2025-06-10,4227,3981,1.0949510173323285,12.423391,6,28.0
GERAL,GERAL,22628025795,[ALC - CAMPANHA NAMORADOS - NK],VIDEO,2025-06-11,3668,3529,1.07594219325588,12.554261,4,17.0
GERAL,GERAL,22628025795,[ALC - CAMPANHA NAMORADOS - NK],VIDEO,2025-06-12,4062,3919,1.0620056136769584,12.579551,5,18.0
GERAL,GERAL,22628025795,[ALC - CAMPANHA NAMORADOS - NK],VIDEO,2025-06-13,9012,8683,1.071634227801451,29.346445,7,53.0
GERAL,GERAL,22628025795,[ALC - CAMPANHA NAMORADOS - NK],VIDEO,2025-06-14,8901,8663,1.0640655662010852,29.343005,9,38.0
GERAL,GERAL,22628025795,[ALC - CAMPANHA NAMORADOS - NK],VIDEO,2025-06-15,10069,9667,1.070756180821351,29.340715,6,24.0
GERAL,GERAL,22629531333,[ALC - KOMBINA FELICE - NK],VIDEO,2025-06-06,5096,5017,1.0789316324496712,20.94036,12,18.0
GERAL,GERAL,22629531333,[ALC - KOMBINA FELICE - NK],VIDEO,2025-06-07,6247,6394,1.0669377541445104,21.008815,10,29.0
GERAL,GERAL,22629531333,[ALC - KOMBINA FELICE - NK],VIDEO,2025-06-08,6524,6433,1.0808332037929427,20.901897,12,28.0
GERAL,GERAL,22629531333,[ALC - KOMBINA FELICE - NK],VIDEO,2025-06-09,6179,6211,1.071969087103526,20.778803,10,25.0
GERAL,GERAL,22629531333,[ALC - KOMBINA FELICE - NK],VIDEO,2025-06-10,6952,6919,1.0829599653129065,20.729535,13,30.0
GERAL,GERAL,22629531333,[ALC - KOMBINA FELICE - NK],VIDEO,2025-06-11,5682,5913,1.0678166751226112,20.698089,10,12.0
GERAL,GERAL,22629531333,[ALC - KOMBINA FELICE - NK],VIDEO,2025-06-12,6604,6957,1.0774759235302573,20.65248,5,9.0
GERAL,GERAL,22629531333,[ALC - KOMBINA FELICE - NK],VIDEO,2025-06-13,6029,6301,1.0666560863355024,20.555148,12,22.0
GERAL,GERAL,22629531333,[ALC - KOMBINA FELICE - NK],VIDEO,2025-06-14,6513,6934,1.0553792904528412,20.555227,5,12.0
GERAL,GERAL,22629531333,[ALC - KOMBINA FELICE - NK],VIDEO,2025-06-15,5994,6054,1.0753221010901883,20.497513,9,12.0
GERAL,GERAL,22629531333,[ALC - KOMBINA FELICE - NK],VIDEO,2025-06-16,6654,6940,1.068299711815562,20.320016,8,4.0
GERAL,GERAL,22629531333,[ALC - KOMBINA FELICE - NK],VIDEO,2025-06-17,8886,8950,1.0875977653631286,29.996238,18,13.0
GERAL,GERAL,22629531333,[ALC - KOMBINA FELICE - NK],VIDEO,2025-06-18,9234,9478,1.0746993036505592,31.371007,15,18.0
GERAL,GERAL,22629531333,[ALC - KOMBINA FELICE - NK],VIDEO,2025-06-19,9196,9355,1.0767504008551576,31.322635,16,19.0
GERAL,GERAL,22629531333,[ALC - KOMBINA FELICE - NK],VIDEO,2025-06-20,9932,10213,1.0793106824635268,31.195727,10,26.0
GERAL,GERAL,22629531333,[ALC - KOMBINA FELICE - NK],VIDEO,2025-06-21,9558,9638,1.0831085287404025,30.91029,20,17.0
GERAL,GERAL,22629531333,[ALC - KOMBINA FELICE - NK],VIDEO,2025-06-22,9534,9435,1.0858505564387917,30.796364,18,11.0
GERAL,GERAL,22629531333,[ALC - KOMBINA FELICE - NK],VIDEO,2025-06-23,9601,9551,1.0997801277353156,30.65049,14,9.0
GERAL,GERAL,22629531333,[ALC - KOMBINA FELICE - NK],VIDEO,2025-06-24,9163,9184,1.1030052264808363,30.626215,14,22.0
GERAL,GERAL,22629531333,[ALC - KOMBINA FELICE - NK],VIDEO,2025-06-25,8718,8494,1.117141511655286,30.166892,19,15.0
GERAL,GERAL,22629531333,[ALC - KOMBINA FELICE - NK],VIDEO,2025-06-26,8723,8688,1.0878222836095763,29.927018,15,14.0
GERAL,GERAL,22629531333,[ALC - KOMBINA FELICE - NK],VIDEO,2025-06-27,8949,9228,1.0632856523623755,29.387957,11,24.0
GERAL,GERAL,22629531333,[ALC - KOMBINA FELICE - NK],VIDEO,2025-06-28,8486,8814,1.059223961878829,29.009406,13,13.0
GERAL,GERAL,22629531333,[ALC - KOMBINA FELICE - NK],VIDEO,2025-06-29,8511,8607,1.0779598001626582,28.367462,11,8.0
GERAL,GERAL,22629531333,[ALC - KOMBINA FELICE - NK],VIDEO,2025-06-30,7864,8143,1.056981456465676,26.915667,9,10.0
GERAL,GERAL,22629531333,[ALC - KOMBINA FELICE - NK],VIDEO,2025-07-01,9612,10024,1.0622505985634478,29.434096,14,10.0
GERAL,GERAL,22629531333,[ALC - KOMBINA FELICE - NK],VIDEO,2025-07-02,11070,11561,1.074388028717239,30.881521,20,24.0
GERAL,GERAL,22629531333,[ALC - KOMBINA FELICE - NK],VIDEO,2025-07-03,10685,11277,1.0753746563802429,30.889448,12,17.0
GERAL,GERAL,22629531333,[ALC - KOMBINA FELICE - NK],VIDEO,2025-07-04,9924,10161,1.0869008955811437,30.990129,13,16.0
GERAL,GERAL,22629531333,[ALC - KOMBINA FELICE - NK],VIDEO,2025-07-05,9988,10377,1.073913462465067,30.688902,14,22.0
GERAL,GERAL,22629531333,[ALC - KOMBINA FELICE - NK],VIDEO,2025-07-06,10306,10533,1.0838317668280641,30.633008,17,18.0
GERAL,GERAL,22629531333,[ALC - KOMBINA FELICE - NK],VIDEO,2025-07-07,9915,10019,1.082942409422098,30.570716,20,20.0
GERAL,GERAL,22629531333,[ALC - KOMBINA FELICE - NK],VIDEO,2025-07-08,9930,10257,1.0759481329823535,30.50042,18,24.0
GERAL,GERAL,22629531333,[ALC - KOMBINA FELICE - NK],VIDEO,2025-07-09,9900,10200,1.0751960784313725,30.460844,23,25.0
GERAL,GERAL,22629531333,[ALC - KOMBINA FELICE - NK],VIDEO,2025-07-10,9705,10098,1.0693206575559517,30.340153,15,23.0
GERAL,GERAL,22629531333,[ALC - KOMBINA FELICE - NK],VIDEO,2025-07-11,9778,10103,1.0784915371671782,30.364857,16,13.0
GERAL,GERAL,22629531333,[ALC - KOMBINA FELICE - NK],VIDEO,2025-07-12,9417,9864,1.0609286293592863,30.215253,19,20.0
GERAL,GERAL,22629531333,[ALC - KOMBINA FELICE - NK],VIDEO,2025-07-13,9659,9570,1.0986415882967606,30.164731,17,17.0
GERAL,GERAL,22629531333,[ALC - KOMBINA FELICE - NK],VIDEO,2025-07-14,9666,9982,1.0779402925265478,30.054505,18,20.0
GERAL,GERAL,22629531333,[ALC - KOMBINA FELICE - NK],VIDEO,2025-07-15,9414,9688,1.0920726672171759,29.953085,15,16.0
GERAL,GERAL,22629531333,[ALC - KOMBINA FELICE - NK],VIDEO,2025-07-16,8731,9035,1.0785832872163807,29.881559,10,26.0
GERAL,GERAL,22629531333,[ALC - KOMBINA FELICE - NK],VIDEO,2025-07-17,9422,9872,1.0670583468395463,29.81212,12,22.0
GERAL,GERAL,22629531333,[ALC - KOMBINA FELICE - NK],VIDEO,2025-07-18,9115,9483,1.0795107033639144,29.639806,8,21.0
GERAL,GERAL,22629531333,[ALC - KOMBINA FELICE - NK],VIDEO,2025-07-19,9051,9137,1.0777060304257415,29.677784,14,22.0
GERAL,GERAL,22629531333,[ALC - KOMBINA FELICE - NK],VIDEO,2025-07-20,9635,10007,1.05935844908564,29.450809,14,17.0
GERAL,GERAL,22629531333,[ALC - KOMBINA FELICE - NK],VIDEO,2025-07-21,8927,9178,1.0850947918936587,29.333763,12,14.0
GERAL,GERAL,22629531333,[ALC - KOMBINA FELICE - NK],VIDEO,2025-07-22,9566,10045,1.0689895470383275,29.150871,18,20.0
GERAL,GERAL,22629531333,[ALC - KOMBINA FELICE - NK],VIDEO,2025-07-23,5217,5535,1.0663053297199638,16.406922,5,15.0
GERAL,GERAL,22629974369,[GEN - CAMPANHA NAMORADOS - BS],DEMAND_GEN,2025-06-06,18160,12547,1.44735793416753,45.897776,590,16.0
GERAL,GERAL,22629974369,[GEN - CAMPANHA NAMORADOS - BS],DEMAND_GEN,2025-06-07,23485,15359,1.5290709030535843,45.919842,585,26.0
GERAL,GERAL,22629974369,[GEN - CAMPANHA NAMORADOS - BS],DEMAND_GEN,2025-06-08,23509,15628,1.5042871768620425,45.770752,627,19.0
GERAL,GERAL,22629974369,[GEN - CAMPANHA NAMORADOS - BS],DEMAND_GEN,2025-06-09,21800,14733,1.4796714857802213,45.843993,634,19.0
GERAL,GERAL,22629974369,[GEN - CAMPANHA NAMORADOS - BS],DEMAND_GEN,2025-06-10,19087,13302,1.4348970079687264,45.893595,617,19.0
GERAL,GERAL,22629974369,[GEN - CAMPANHA NAMORADOS - BS],DEMAND_GEN,2025-06-11,20850,14367,1.4512424305700564,45.911205,586,15.0
GERAL,GERAL,22629974369,[GEN - CAMPANHA NAMORADOS - BS],DEMAND_GEN,2025-06-12,19089,14405,1.3251648733078791,45.867263,543,12.0
GERAL,GERAL,22629974369,[GEN - CAMPANHA NAMORADOS - BS],DEMAND_GEN,2025-06-13,17895,13645,1.311469402711616,45.935407,552,24.0
GERAL,GERAL,22629974369,[GEN - CAMPANHA NAMORADOS - BS],DEMAND_GEN,2025-06-14,21979,16715,1.3149267125336523,46.022848,650,21.0
GERAL,GERAL,22629974369,[GEN - CAMPANHA NAMORADOS - BS],DEMAND_GEN,2025-06-15,22120,17177,1.287768527682366,44.855594,663,11.0
GERAL,GERAL,22630025720,[GEN - CAMPANHA NAMORADOS - NS],DEMAND_GEN,2025-06-06,20553,12652,1.624486247233639,46.011725,527,30.0
GERAL,GERAL,22630025720,[GEN - CAMPANHA NAMORADOS - NS],DEMAND_GEN,2025-06-07,25100,14979,1.6756792843313972,45.852135,624,30.0
GERAL,GERAL,22630025720,[GEN - CAMPANHA NAMORADOS - NS],DEMAND_GEN,2025-06-08,25268,15437,1.6368465375396775,45.938071,639,35.0
GERAL,GERAL,22630025720,[GEN - CAMPANHA NAMORADOS - NS],DEMAND_GEN,2025-06-09,24613,15098,1.63021592263876,45.937614,641,43.0
GERAL,GERAL,22630025720,[GEN - CAMPANHA NAMORADOS - NS],DEMAND_GEN,2025-06-10,23230,14666,1.5839356334378836,45.923998,585,28.0
GERAL,GERAL,22630025720,[GEN - CAMPANHA NAMORADOS - NS],DEMAND_GEN,2025-06-11,22898,14577,1.570830760787542,46.006167,573,28.0
GERAL,GERAL,22630025720,[GEN - CAMPANHA NAMORADOS - NS],DEMAND_GEN,2025-06-12,28178,17452,1.6146000458400183,46.056547,559,15.0
GERAL,GERAL,22630025720,[GEN - CAMPANHA NAMORADOS - NS],DEMAND_GEN,2025-06-13,27406,16999,1.6122124830872404,46.111709,614,24.0
GERAL,GERAL,22630025720,[GEN - CAMPANHA NAMORADOS - NS],DEMAND_GEN,2025-06-14,26823,17108,1.567862988075754,46.118013,660,14.0
GERAL,GERAL,22630025720,[GEN - CAMPANHA NAMORADOS - NS],DEMAND_GEN,2025-06-15,26545,17573,1.5105559665395778,44.998006,604,18.0
GERAL,GERAL,22630104611,[GEN - CAMPANHA NAMORADOS - NR],DEMAND_GEN,2025-06-06,19283,13657,1.4119499157940982,45.587592,521,36.0
GERAL,GERAL,22630104611,[GEN - CAMPANHA NAMORADOS - NR],DEMAND_GEN,2025-06-07,23069,15809,1.4592320829907015,45.59918,600,46.0
GERAL,GERAL,22630104611,[GEN - CAMPANHA NAMORADOS - NR],DEMAND_GEN,2025-06-08,23144,15821,1.4628658112635105,45.429735,635,36.0
GERAL,GERAL,22630104611,[GEN - CAMPANHA NAMORADOS - NR],DEMAND_GEN,2025-06-09,22431,15400,1.4565584415584416,45.474527,615,54.0
GERAL,GERAL,22630104611,[GEN - CAMPANHA NAMORADOS - NR],DEMAND_GEN,2025-06-10,18246,12921,1.4121198049686556,45.495013,595,35.0
GERAL,GERAL,22630104611,[GEN - CAMPANHA NAMORADOS - NR],DEMAND_GEN,2025-06-11,18532,13169,1.4072442858227656,45.466898,564,35.0
GERAL,GERAL,22630104611,[GEN - CAMPANHA NAMORADOS - NR],DEMAND_GEN,2025-06-12,22298,16551,1.3472297746359736,45.651996,567,20.0
GERAL,GERAL,22630104611,[GEN - CAMPANHA NAMORADOS - NR],DEMAND_GEN,2025-06-13,21659,16432,1.3180988315481987,45.598349,556,24.0
GERAL,GERAL,22630104611,[GEN - CAMPANHA NAMORADOS - NR],DEMAND_GEN,2025-06-14,23923,18009,1.3283913598756178,45.665145,651,23.0
GERAL,GERAL,22630104611,[GEN - CAMPANHA NAMORADOS - NR],DEMAND_GEN,2025-06-15,24258,18818,1.2890849186948665,44.455538,657,17.0
GERAL,GERAL,22630882937,[DISPLAY - PROMO NAMORADOS - NK],DISPLAY,2025-06-06,26819,9730,2.7563206577595065,41.759074,25,4.0
GERAL,GERAL,22630882937,[DISPLAY - PROMO NAMORADOS - NK],DISPLAY,2025-06-07,26797,9377,2.8577370161032314,41.41375,38,1.0
GERAL,GERAL,22630882937,[DISPLAY - PROMO NAMORADOS - NK],DISPLAY,2025-06-08,27132,9736,2.786770747740345,41.257919,38,1.0
GERAL,GERAL,22630882937,[DISPLAY - PROMO NAMORADOS - NK],DISPLAY,2025-06-09,15518,5628,2.7572850035536605,25.053975,13,1.0
GERAL,GERAL,22630882937,[DISPLAY - PROMO NAMORADOS - NK],DISPLAY,2025-06-10,12978,4403,2.9475357710651826,20.832026,10,0.0
GERAL,GERAL,22630882937,[DISPLAY - PROMO NAMORADOS - NK],DISPLAY,2025-06-11,12401,4136,2.9983075435203093,20.608906,8,0.0
GERAL,GERAL,22630882937,[DISPLAY - PROMO NAMORADOS - NK],DISPLAY,2025-06-12,11819,3983,2.9673612854632188,20.267614,11,1.0
GERAL,GERAL,22630882937,[DISPLAY - PROMO NAMORADOS - NK],DISPLAY,2025-06-13,11767,3939,2.9873064229499873,20.047235,12,1.0
GERAL,GERAL,22630882937,[DISPLAY - PROMO NAMORADOS - NK],DISPLAY,2025-06-14,12607,4390,2.871753986332574,19.628396,10,0.0
GERAL,GERAL,22630882937,[DISPLAY - PROMO NAMORADOS - NK],DISPLAY,2025-06-15,11704,4196,2.7893231649189705,18.59323,12,0.0
GERAL,GERAL,22633617292,[GEN - CAMPANHA NAMORADOS - GS],DEMAND_GEN,2025-06-06,18993,12556,1.5126632685568653,46.040322,582,15.0
GERAL,GERAL,22633617292,[GEN - CAMPANHA NAMORADOS - GS],DEMAND_GEN,2025-06-07,23427,15289,1.5322781084439794,46.022812,658,17.0
GERAL,GERAL,22633617292,[GEN - CAMPANHA NAMORADOS - GS],DEMAND_GEN,2025-06-08,23945,15729,1.5223472566596732,46.004754,628,13.0
GERAL,GERAL,22633617292,[GEN - CAMPANHA NAMORADOS - GS],DEMAND_GEN,2025-06-09,21821,14307,1.5251974557908716,46.012926,598,18.0
GERAL,GERAL,22633617292,[GEN - CAMPANHA NAMORADOS - GS],DEMAND_GEN,2025-06-10,20050,13499,1.4852952070523742,45.946397,561,14.0
GERAL,GERAL,22633617292,[GEN - CAMPANHA NAMORADOS - GS],DEMAND_GEN,2025-06-11,21897,14577,1.5021609384647048,45.966705,577,18.0
GERAL,GERAL,22633617292,[GEN - CAMPANHA NAMORADOS - GS],DEMAND_GEN,2025-06-12,22075,14810,1.4905469277515193,45.949219,567,8.0
GERAL,GERAL,22633617292,[GEN - CAMPANHA NAMORADOS - GS],DEMAND_GEN,2025-06-13,20275,13358,1.517817038478814,46.061086,559,9.0
GERAL,GERAL,22633617292,[GEN - CAMPANHA NAMORADOS - GS],DEMAND_GEN,2025-06-14,22869,15343,1.4905168480740403,46.115564,669,3.0
GERAL,GERAL,22633617292,[GEN - CAMPANHA NAMORADOS - GS],DEMAND_GEN,2025-06-15,23487,15809,1.4856727180719844,45.071322,681,10.0
GERAL,GERAL,22634270059,[DISPLAY - PROMO NAMORADOS - NS],DISPLAY,2025-06-06,26853,9436,2.845803306485799,41.742417,38,0.0
GERAL,GERAL,22634270059,[DISPLAY - PROMO NAMORADOS - NS],DISPLAY,2025-06-07,26679,9413,2.834271751832572,41.435572,42,1.0
GERAL,GERAL,22634270059,[DISPLAY - PROMO NAMORADOS - NS],DISPLAY,2025-06-08,27303,9523,2.867058699989499,41.269909,43,2.0
GERAL,GERAL,22634270059,[DISPLAY - PROMO NAMORADOS - NS],DISPLAY,2025-06-09,12659,4272,2.963249063670412,19.982919,7,0.0
GERAL,GERAL,22634270059,[DISPLAY - PROMO NAMORADOS - NS],DISPLAY,2025-06-10,13408,4682,2.8637334472447673,20.815246,15,0.0
GERAL,GERAL,22634270059,[DISPLAY - PROMO NAMORADOS - NS],DISPLAY,2025-06-11,12845,4482,2.86590807675145,20.658084,9,0.0
GERAL,GERAL,22634270059,[DISPLAY - PROMO NAMORADOS - NS],DISPLAY,2025-06-12,12574,4140,3.03719806763285,20.309779,14,1.0
GERAL,GERAL,22634270059,[DISPLAY - PROMO NAMORADOS - NS],DISPLAY,2025-06-13,11830,4077,2.9016433652195244,20.038615,14,0.0
GERAL,GERAL,22634270059,[DISPLAY - PROMO NAMORADOS - NS],DISPLAY,2025-06-14,12208,4124,2.9602327837051408,19.624805,17,1.0
GERAL,GERAL,22634270059,[DISPLAY - PROMO NAMORADOS - NS],DISPLAY,2025-06-15,11553,4513,2.5599379570130734,18.591865,18,2.0
GERAL,GERAL,22635016477,[ALC - CAMPANHA NAMORADOS - BS],VIDEO,2025-06-06,3776,3506,1.0915573302909298,15.144985,3,13.0
GERAL,GERAL,22635016477,[ALC - CAMPANHA NAMORADOS - BS],VIDEO,2025-06-07,4115,3912,1.070040899795501,15.174494,5,19.0
GERAL,GERAL,22635016477,[ALC - CAMPANHA NAMORADOS - BS],VIDEO,2025-06-08,3971,3788,1.0630939809926083,15.173984,3,25.0
GERAL,GERAL,22635016477,[ALC - CAMPANHA NAMORADOS - BS],VIDEO,2025-06-09,5403,5176,1.0693585780525503,15.174026,3,17.0
GERAL,GERAL,22635016477,[ALC - CAMPANHA NAMORADOS - BS],VIDEO,2025-06-10,5160,4895,1.08682328907048,15.194894,4,21.0
GERAL,GERAL,22635016477,[ALC - CAMPANHA NAMORADOS - BS],VIDEO,2025-06-11,4686,4471,1.0731380004473272,15.194535,4,7.0
GERAL,GERAL,22635016477,[ALC - CAMPANHA NAMORADOS - BS],VIDEO,2025-06-12,4849,4682,1.067492524562153,15.209711,4,15.0
GERAL,GERAL,22635016477,[ALC - CAMPANHA NAMORADOS - BS],VIDEO,2025-06-13,4709,4578,1.0596330275229358,15.213474,1,15.0
GERAL,GERAL,22635016477,[ALC - CAMPANHA NAMORADOS - BS],VIDEO,2025-06-14,5263,5184,1.0497685185185186,15.257418,3,10.0
GERAL,GERAL,22635016477,[ALC - CAMPANHA NAMORADOS - BS],VIDEO,2025-06-15,5633,5448,1.0594713656387664,15.274514,5,12.0
GERAL,GERAL,22637731195,[ALC - CAMPANHA NAMORADOS - GS],VIDEO,2025-06-06,4748,4683,1.0510356609011318,15.397742,7,12.0
GERAL,GERAL,22637731195,[ALC - CAMPANHA NAMORADOS - GS],VIDEO,2025-06-07,5536,5335,1.0721649484536082,15.412185,7,14.0
GERAL,GERAL,22637731195,[ALC - CAMPANHA NAMORADOS - GS],VIDEO,2025-06-08,4825,4732,1.0614961961115807,15.423048,4,22.0
GERAL,GERAL,22637731195,[ALC - CAMPANHA NAMORADOS - GS],VIDEO,2025-06-09,5180,5005,1.072927072927073,15.418461,0,20.0
GERAL,GERAL,22637731195,[ALC - CAMPANHA NAMORADOS - GS],VIDEO,2025-06-10,5178,4877,1.0998564691408652,15.427114,4,25.0
GERAL,GERAL,22637731195,[ALC - CAMPANHA NAMORADOS - GS],VIDEO,2025-06-11,4530,4293,1.090146750524109,15.435198,3,9.0
GERAL,GERAL,22637731195,[ALC - CAMPANHA NAMORADOS - GS],VIDEO,2025-06-12,4970,4700,1.0827659574468085,15.444924,3,11.0
GERAL,GERAL,22637731195,[ALC - CAMPANHA NAMORADOS - GS],VIDEO,2025-06-13,6307,6055,1.0820809248554912,20.61384,4,27.0
GERAL,GERAL,22637731195,[ALC - CAMPANHA NAMORADOS - GS],VIDEO,2025-06-14,6785,6512,1.0743243243243243,20.667053,11,26.0
GERAL,GERAL,22637731195,[ALC - CAMPANHA NAMORADOS - GS],VIDEO,2025-06-15,6654,6390,1.0762128325508606,20.634729,6,17.0
GERAL,GERAL,22660181946,[ALC - DINO - NR],VIDEO,2025-06-11,18818,13215,1.4937570942111238,78.475323,43,23.0
GERAL,GERAL,22660181946,[ALC - DINO - NR],VIDEO,2025-06-12,33464,32386,1.1209164453776324,140.492925,72,59.0
GERAL,GERAL,22660181946,[ALC - DINO - NR],VIDEO,2025-06-13,36598,35059,1.138252659802048,140.592304,91,103.0
GERAL,GERAL,22660181946,[ALC - DINO - NR],VIDEO,2025-06-14,36143,33618,1.1315366767802963,140.326576,90,93.0
GERAL,GERAL,22702588797,[ALC - NK Gourmet],VIDEO,2025-06-23,2932,1911,1.564625850340136,13.312906,4,6.0
GERAL,GERAL,22702588797,[ALC - NK Gourmet],VIDEO,2025-06-24,13610,12188,1.1868231046931408,49.125878,29,22.0
GERAL,GERAL,22702588797,[ALC - NK Gourmet],VIDEO,2025-06-25,12110,10464,1.2446483180428134,49.000928,24,21.0
GERAL,GERAL,22702588797,[ALC - NK Gourmet],VIDEO,2025-06-26,13058,12499,1.142411392911433,49.08188,20,24.0
GERAL,GERAL,22702588797,[ALC - NK Gourmet],VIDEO,2025-06-27,12968,12433,1.1212096839057348,49.023724,25,43.0
GERAL,GERAL,22702588797,[ALC - NK Gourmet],VIDEO,2025-06-28,13527,13412,1.1126603042051895,49.106949,27,31.0
GERAL,GERAL,22702588797,[ALC - NK Gourmet],VIDEO,2025-06-29,13035,12403,1.125937273240345,48.967213,24,25.0
GERAL,GERAL,22702588797,[ALC - NK Gourmet],VIDEO,2025-06-30,13521,13208,1.1183373712901272,49.027551,28,23.0
GERAL,GERAL,22702588797,[ALC - NK Gourmet],VIDEO,2025-07-01,13676,12916,1.1363425209043048,48.969202,25,30.0
GERAL,GERAL,22702588797,[ALC - NK Gourmet],VIDEO,2025-07-02,15073,14404,1.140169397389614,49.030621,30,37.0
GERAL,GERAL,22702588797,[ALC - NK Gourmet],VIDEO,2025-07-03,14634,13755,1.173754998182479,48.996126,29,22.0
GERAL,GERAL,22702588797,[ALC - NK Gourmet],VIDEO,2025-07-04,13202,11611,1.220566703987598,48.960144,35,34.0
GERAL,GERAL,22702588797,[ALC - NK Gourmet],VIDEO,2025-07-05,13605,12497,1.1728414819556694,48.944448,25,32.0
GERAL,GERAL,22702588797,[ALC - NK Gourmet],VIDEO,2025-07-06,14404,12815,1.2145142411236831,48.965475,27,33.0
GERAL,GERAL,22702588797,[ALC - NK Gourmet],VIDEO,2025-07-07,12173,11104,1.1736311239193085,48.958947,24,27.0
GERAL,GERAL,22702588797,[ALC - NK Gourmet],VIDEO,2025-07-08,12990,11371,1.2118547181426436,48.932718,39,28.0
GERAL,GERAL,22702588797,[ALC - NK Gourmet],VIDEO,2025-07-09,13760,12389,1.1903301315683268,48.98228,31,19.0
GERAL,GERAL,22702588797,[ALC - NK Gourmet],VIDEO,2025-07-10,14501,13121,1.2022711683560705,49.012853,24,23.0
GERAL,GERAL,22702588797,[ALC - NK Gourmet],VIDEO,2025-07-11,13172,11805,1.2017789072426939,49.019677,25,30.0
GERAL,GERAL,22702588797,[ALC - NK Gourmet],VIDEO,2025-07-12,14259,12131,1.2552139147638282,49.01649,41,32.0
GERAL,GERAL,22702588797,[ALC - NK Gourmet],VIDEO,2025-07-13,13932,12461,1.196854185057379,49.140777,33,25.0
GERAL,GERAL,22702588797,[ALC - NK Gourmet],VIDEO,2025-07-14,13228,12227,1.1666802977018074,48.945579,25,17.0
GERAL,GERAL,22702588797,[ALC - NK Gourmet],VIDEO,2025-07-15,13709,12328,1.2087929915639195,48.930977,23,22.0
GERAL,GERAL,22702588797,[ALC - NK Gourmet],VIDEO,2025-07-16,12739,10850,1.2519815668202765,48.956095,20,26.0
GERAL,GERAL,22702588797,[ALC - NK Gourmet],VIDEO,2025-07-17,13818,12466,1.1935665008824001,48.967029,31,21.0
GERAL,GERAL,22702588797,[ALC - NK Gourmet],VIDEO,2025-07-18,12496,11616,1.1568526170798898,48.967524,26,11.0
GERAL,GERAL,22702588797,[ALC - NK Gourmet],VIDEO,2025-07-19,13961,12763,1.17362689022957,48.974572,22,24.0
GERAL,GERAL,22702588797,[ALC - NK Gourmet],VIDEO,2025-07-20,14554,12876,1.2041006523765145,48.985197,33,14.0
GERAL,GERAL,22702588797,[ALC - NK Gourmet],VIDEO,2025-07-21,13377,12489,1.1527744415085275,48.997775,36,17.0
GERAL,GERAL,22702588797,[ALC - NK Gourmet],VIDEO,2025-07-22,14517,13310,1.1827197595792638,48.973771,25,25.0
GERAL,GERAL,22702588797,[ALC - NK Gourmet],VIDEO,2025-07-23,13327,12185,1.1757078375051293,49.000284,24,23.0
GERAL,GERAL,22702588797,[ALC - NK Gourmet],VIDEO,2025-07-24,13148,12193,1.1759206101861723,48.987356,23,19.0
GERAL,GERAL,22702588797,[ALC - NK Gourmet],VIDEO,2025-07-25,12696,11756,1.169190200748554,49.019905,38,31.0
GERAL,GERAL,22702588797,[ALC - NK Gourmet],VIDEO,2025-07-26,13358,12377,1.165468207158439,48.951123,29,24.0
GERAL,GERAL,22702588797,[ALC - NK Gourmet],VIDEO,2025-07-27,13073,12082,1.1542790928654196,49.013499,36,25.0
GERAL,GERAL,22702588797,[ALC - NK Gourmet],VIDEO,2025-07-28,13324,12435,1.164455166867712,49.010303,28,24.0
GERAL,GERAL,22702588797,[ALC - NK Gourmet],VIDEO,2025-07-29,12619,11209,1.2161655812293692,49.03892,21,17.0
GERAL,GERAL,22702588797,[ALC - NK Gourmet],VIDEO,2025-07-30,12086,10995,1.1899954524783993,49.107954,24,18.0
GERAL,GERAL,22702588797,[ALC - NK Gourmet],VIDEO,2025-07-31,12471,11633,1.157740909481647,49.0811,27,28.0
GERAL,GERAL,22702588797,[ALC - NK Gourmet],VIDEO,2025-08-01,13214,12573,1.136085262069514,49.022478,27,28.0
GERAL,GERAL,22702588797,[ALC - NK Gourmet],VIDEO,2025-08-02,14772,14377,1.127286638380747,49.046683,22,27.0
GERAL,GERAL,22702588797,[ALC - NK Gourmet],VIDEO,2025-08-03,14014,13011,1.1577895626777341,49.039538,25,40.0
GERAL,GERAL,22702588797,[ALC - NK Gourmet],VIDEO,2025-08-04,14236,13117,1.1862468552260426,49.058573,23,17.0
GERAL,GERAL,22702588797,[ALC - NK Gourmet],VIDEO,2025-08-05,13097,11975,1.1753653444676408,49.08179,31,15.0
GERAL,GERAL,22702588797,[ALC - NK Gourmet],VIDEO,2025-08-06,13215,12044,1.18349385586184,49.073999,31,27.0
GERAL,GERAL,22702588797,[ALC - NK Gourmet],VIDEO,2025-08-07,5175,4858,1.144709757101688,19.769903,10,22.0
GERAL,GERAL,22702588797,[ALC - NK Gourmet],VIDEO,2025-08-08,12898,10303,1.3529069203144715,50.910022,32,16.0
GERAL,GERAL,22702588797,[ALC - NK Gourmet],VIDEO,2025-08-09,13446,13226,1.1211250567064872,50.979507,24,27.0
GERAL,GERAL,22702588797,[ALC - NK Gourmet],VIDEO,2025-08-10,13596,12508,1.158218740006396,50.928147,36,30.0
GERAL,GERAL,22702588797,[ALC - NK Gourmet],VIDEO,2025-08-11,13560,12678,1.1549140242940528,50.942866,29,19.0
GERAL,GERAL,22702588797,[ALC - NK Gourmet],VIDEO,2025-08-12,14651,13942,1.1528475111174867,50.948316,31,17.0
GERAL,GERAL,22702588797,[ALC - NK Gourmet],VIDEO,2025-08-13,13536,12842,1.1474069459585734,50.941087,25,14.0
GERAL,GERAL,22702588797,[ALC - NK Gourmet],VIDEO,2025-08-14,13560,12463,1.1664125812404718,50.954373,31,20.0
GERAL,GERAL,22702588797,[ALC - NK Gourmet],VIDEO,2025-08-15,13379,12597,1.1395570373898547,50.953252,26,34.0
GERAL,GERAL,22702588797,[ALC - NK Gourmet],VIDEO,2025-08-16,13854,13195,1.1351269420234937,50.962135,24,24.0
GERAL,GERAL,22702588797,[ALC - NK Gourmet],VIDEO,2025-08-17,13578,12674,1.1496765030771658,50.991393,24,22.0
GERAL,GERAL,22702588797,[ALC - NK Gourmet],VIDEO,2025-08-18,13445,12606,1.1565127716960177,50.955032,35,17.0
GERAL,GERAL,22702588797,[ALC - NK Gourmet],VIDEO,2025-08-19,13050,12232,1.1545127534336168,50.941587,34,13.0
GERAL,GERAL,22702588797,[ALC - NK Gourmet],VIDEO,2025-08-20,13049,12291,1.1444146123179562,51.002237,34,14.0
GERAL,GERAL,22702588797,[ALC - NK Gourmet],VIDEO,2025-08-21,3651,3618,1.0989496959646214,13.825256,4,11.0
GERAL,GERAL,22702588797,[ALC - NK Gourmet],VIDEO,2025-08-22,4647,5114,1.063551036370747,13.969211,3,3.0
GERAL,GERAL,22702588797,[ALC - NK Gourmet],VIDEO,2025-08-23,3861,3661,1.1592461076208687,13.96616,7,8.0
GERAL,GERAL,22702588797,[ALC - NK Gourmet],VIDEO,2025-08-24,4258,4137,1.1336717428087986,13.9387,8,7.0
GERAL,GERAL,22702588797,[ALC - NK Gourmet],VIDEO,2025-08-25,4297,4166,1.1257801248199713,13.99633,4,2.0
GERAL,GERAL,22702588797,[ALC - NK Gourmet],VIDEO,2025-08-26,4160,4028,1.147964250248262,13.962846,4,5.0
GERAL,GERAL,22702588797,[ALC - NK Gourmet],VIDEO,2025-08-27,4109,4127,1.1114611097649625,13.97143,8,6.0
GERAL,GERAL,22702588797,[ALC - NK Gourmet],VIDEO,2025-08-28,4194,4300,1.100232558139535,14.04936,11,8.0
GERAL,GERAL,22702588797,[ALC - NK Gourmet],VIDEO,2025-08-29,4056,3964,1.1387487386478305,14.087723,3,5.0
GERAL,GERAL,22702588797,[ALC - NK Gourmet],VIDEO,2025-08-30,4359,4429,1.0993452246556785,14.11452,1,4.0
GERAL,GERAL,22702588797,[ALC - NK Gourmet],VIDEO,2025-08-31,4541,4605,1.1092290988056461,14.108316,7,9.0
GERAL,GERAL,22751736370,[ALC - Carbone - CS],VIDEO,2025-07-03,9367,7133,1.4225431094910976,35.022728,24,12.0
GERAL,GERAL,22751736370,[ALC - Carbone - CS],VIDEO,2025-07-04,9765,9764,1.0913560016386727,36.809061,12,19.0
GERAL,GERAL,22751736370,[ALC - Carbone - CS],VIDEO,2025-07-05,10509,10109,1.1458106637649619,36.480913,27,19.0
GERAL,GERAL,22751736370,[ALC - Carbone - CS],VIDEO,2025-07-06,10394,9349,1.2022676222055835,36.547877,32,8.0
GERAL,GERAL,22751736370,[ALC - Carbone - CS],VIDEO,2025-07-07,9477,8165,1.2369871402327006,36.456081,20,12.0
GERAL,GERAL,22751736370,[ALC - Carbone - CS],VIDEO,2025-07-08,9853,8025,1.2957009345794392,36.450367,33,14.0
GERAL,GERAL,22751736370,[ALC - Carbone - CS],VIDEO,2025-07-09,10683,9504,1.2054924242424243,36.302491,27,23.0
GERAL,GERAL,22751736370,[ALC - Carbone - CS],VIDEO,2025-07-10,9863,8524,1.225129047395589,36.255295,28,14.0
GERAL,GERAL,22751736370,[ALC - Carbone - CS],VIDEO,2025-07-11,10895,9759,1.2066810123988114,36.232564,25,16.0
GERAL,GERAL,22751736370,[ALC - Carbone - CS],VIDEO,2025-07-12,10264,8878,1.2400315386348277,36.07071,27,10.0
GERAL,GERAL,22751736370,[ALC - Carbone - CS],VIDEO,2025-07-13,10432,8729,1.2626875930805361,36.095659,35,16.0
GERAL,GERAL,22751736370,[ALC - Carbone - CS],VIDEO,2025-07-14,10604,8804,1.277828259881872,35.805108,26,15.0
GERAL,GERAL,22751736370,[ALC - Carbone - CS],VIDEO,2025-07-15,10548,8346,1.3521447399952073,35.782957,29,11.0
GERAL,GERAL,22751736370,[ALC - Carbone - CS],VIDEO,2025-07-16,8477,7173,1.2544263209256936,35.681277,30,14.0
GERAL,GERAL,22751736370,[ALC - Carbone - CS],VIDEO,2025-07-17,10219,8436,1.284850640113798,35.523075,28,6.0
GERAL,GERAL,22751736370,[ALC - Carbone - CS],VIDEO,2025-07-18,10345,9120,1.236842105263158,35.716716,24,7.0
GERAL,GERAL,22751736370,[ALC - Carbone - CS],VIDEO,2025-07-19,10268,8556,1.2796867695184666,35.123784,32,6.0
GERAL,GERAL,22751736370,[ALC - Carbone - CS],VIDEO,2025-07-20,10724,9070,1.2606394707828004,35.242736,26,9.0
GERAL,GERAL,22751736370,[ALC - Carbone - CS],VIDEO,2025-07-21,9693,8286,1.2451122375090513,34.994901,26,6.0
GERAL,GERAL,22751736370,[ALC - Carbone - CS],VIDEO,2025-07-22,11075,9137,1.297690708109883,34.76309,25,11.0
GERAL,GERAL,22751736370,[ALC - Carbone - CS],VIDEO,2025-07-23,1547,1346,1.2043090638930163,5.416546,8,1.0
GERAL,GERAL,22795887816,[PMAX - Benefício Stitch - GS],PERFORMANCE_MAX,2025-07-17,19638,14663,1.3392893677964945,71.277897,28,321.0
GERAL,GERAL,22795887816,[PMAX - Benefício Stitch - GS],PERFORMANCE_MAX,2025-07-18,48445,30691,1.5784757746570657,171.768202,36,757.0
GERAL,GERAL,22795887816,[PMAX - Benefício Stitch - GS],PERFORMANCE_MAX,2025-07-19,10593,8259,1.2826007991282238,107.179317,50,346.0
GERAL,GERAL,22795887816,[PMAX - Benefício Stitch - GS],PERFORMANCE_MAX,2025-07-20,12066,9658,1.2493269828121765,100.568789,37,264.0
GERAL,GERAL,22795887816,[PMAX - Benefício Stitch - GS],PERFORMANCE_MAX,2025-07-21,22524,16247,1.3863482489074905,91.235453,16,258.0
GERAL,GERAL,22795887816,[PMAX - Benefício Stitch - GS],PERFORMANCE_MAX,2025-07-22,9516,7389,1.2878603329273244,58.276367,13,201.0
GERAL,GERAL,22795887816,[PMAX - Benefício Stitch - GS],PERFORMANCE_MAX,2025-07-23,7008,5479,1.2790655229056398,27.729589,18,184.0
GERAL,GERAL,22795887816,[PMAX - Benefício Stitch - GS],PERFORMANCE_MAX,2025-07-24,12308,9504,1.29503367003367,34.434264,15,210.0
GERAL,GERAL,22795887816,[PMAX - Benefício Stitch - GS],PERFORMANCE_MAX,2025-07-25,10600,8512,1.2453007518796992,31.049563,7,232.0
GERAL,GERAL,22795887816,[PMAX - Benefício Stitch - GS],PERFORMANCE_MAX,2025-07-26,7566,6090,1.2423645320197045,30.823166,12,262.0
GERAL,GERAL,22795887816,[PMAX - Benefício Stitch - GS],PERFORMANCE_MAX,2025-07-27,10445,8247,1.2665211592094094,26.889453,9,176.0
GERAL,GERAL,22795887816,[PMAX - Benefício Stitch - GS],PERFORMANCE_MAX,2025-07-28,8395,6780,1.2382005899705015,25.663824,8,156.0
GERAL,GERAL,22795887816,[PMAX - Benefício Stitch - GS],PERFORMANCE_MAX,2025-07-29,8023,6355,1.2624704956726986,19.591871,10,212.0
GERAL,GERAL,22795887816,[PMAX - Benefício Stitch - GS],PERFORMANCE_MAX,2025-07-30,8435,6879,1.2261956679749964,20.839679,8,185.0
GERAL,GERAL,22795887816,[PMAX - Benefício Stitch - GS],PERFORMANCE_MAX,2025-07-31,11574,9360,1.2365384615384616,30.159088,17,277.0
GERAL,GERAL,22795887816,[PMAX - Benefício Stitch - GS],PERFORMANCE_MAX,2025-08-01,12487,9855,1.2670725520040589,30.3894,23,322.0
GERAL,GERAL,22795887816,[PMAX - Benefício Stitch - GS],PERFORMANCE_MAX,2025-08-02,11392,9134,1.2472082329756953,30.389686,27,341.0
GERAL,GERAL,22795887816,[PMAX - Benefício Stitch - GS],PERFORMANCE_MAX,2025-08-03,10697,8579,1.24688192096981,26.095254,19,244.0
GERAL,GERAL,22795887816,[PMAX - Benefício Stitch - GS],PERFORMANCE_MAX,2025-08-04,9850,7922,1.2433728856349406,23.894525,7,127.0
GERAL,GERAL,22795887816,[PMAX - Benefício Stitch - GS],PERFORMANCE_MAX,2025-08-05,12523,9706,1.2902328456624768,42.771843,25,179.0
GERAL,GERAL,22795887816,[PMAX - Benefício Stitch - GS],PERFORMANCE_MAX,2025-08-06,9605,7864,1.2213886063072228,32.918075,11,147.0
GERAL,GERAL,22795887816,[PMAX - Benefício Stitch - GS],PERFORMANCE_MAX,2025-08-07,6575,5542,1.186394803320101,31.910221,8,111.0
GERAL,GERAL,22795887816,[PMAX - Benefício Stitch - GS],PERFORMANCE_MAX,2025-08-08,7890,6427,1.227633421503034,25.836927,3,117.0
GERAL,GERAL,22795887816,[PMAX - Benefício Stitch - GS],PERFORMANCE_MAX,2025-08-09,8180,6501,1.258267958775573,39.403389,25,191.0
GERAL,GERAL,22795887816,[PMAX - Benefício Stitch - GS],PERFORMANCE_MAX,2025-08-10,6172,5071,1.2171169394596726,19.259512,8,112.0
GERAL,GERAL,22795887816,[PMAX - Benefício Stitch - GS],PERFORMANCE_MAX,2025-08-11,9671,7876,1.2279075672930422,44.434383,21,188.0
GERAL,GERAL,22795887816,[PMAX - Benefício Stitch - GS],PERFORMANCE_MAX,2025-08-12,9656,7781,1.2409715974810436,26.808439,10,132.0
GERAL,GERAL,22795887816,[PMAX - Benefício Stitch - GS],PERFORMANCE_MAX,2025-08-13,10944,8882,1.2321549200630488,32.327261,11,149.0
GERAL,GERAL,22795887816,[PMAX - Benefício Stitch - GS],PERFORMANCE_MAX,2025-08-14,8892,7299,1.218249075215783,30.792904,13,151.0
GERAL,GERAL,22795887816,[PMAX - Benefício Stitch - GS],PERFORMANCE_MAX,2025-08-15,11567,9398,1.2307937859118963,42.965338,12,229.0
GERAL,GERAL,22795887816,[PMAX - Benefício Stitch - GS],PERFORMANCE_MAX,2025-08-16,11621,9229,1.2591830100769315,43.733436,30,305.0
GERAL,GERAL,22795887816,[PMAX - Benefício Stitch - GS],PERFORMANCE_MAX,2025-08-17,13697,10932,1.2529271862422247,40.537809,27,248.0
GERAL,GERAL,22795887816,[PMAX - Benefício Stitch - GS],PERFORMANCE_MAX,2025-08-18,12670,9984,1.2690304487179487,47.890764,23,246.0
GERAL,GERAL,22795887816,[PMAX - Benefício Stitch - GS],PERFORMANCE_MAX,2025-08-19,11092,9049,1.225770803403691,40.396833,24,196.0
GERAL,GERAL,22795887816,[PMAX - Benefício Stitch - GS],PERFORMANCE_MAX,2025-08-20,14306,11444,1.2500873820342537,50.410302,10,279.0
GERAL,GERAL,22795887816,[PMAX - Benefício Stitch - GS],PERFORMANCE_MAX,2025-08-21,13367,10842,1.2328906105884523,45.605257,17,260.0
GERAL,GERAL,22795887816,[PMAX - Benefício Stitch - GS],PERFORMANCE_MAX,2025-08-22,12061,9733,1.2391862735025172,43.55375,15,240.0
GERAL,GERAL,22795887816,[PMAX - Benefício Stitch - GS],PERFORMANCE_MAX,2025-08-23,10623,8395,1.2653960690887434,43.693577,16,294.0
GERAL,GERAL,22795887816,[PMAX - Benefício Stitch - GS],PERFORMANCE_MAX,2025-08-24,10666,8738,1.2206454566262304,37.856077,29,231.0
GERAL,GERAL,22795887816,[PMAX - Benefício Stitch - GS],PERFORMANCE_MAX,2025-08-25,10887,9048,1.2032493368700266,44.639281,25,226.0
GERAL,GERAL,22795887816,[PMAX - Benefício Stitch - GS],PERFORMANCE_MAX,2025-08-26,11513,9313,1.2362289273059164,46.222843,30,209.0
GERAL,GERAL,22795887816,[PMAX - Benefício Stitch - GS],PERFORMANCE_MAX,2025-08-27,10603,8869,1.1955124591272974,43.717723,26,267.0
GERAL,GERAL,22795887816,[PMAX - Benefício Stitch - GS],PERFORMANCE_MAX,2025-08-28,11757,9467,1.241892891095384,42.009681,15,288.0
GERAL,GERAL,22795887816,[PMAX - Benefício Stitch - GS],PERFORMANCE_MAX,2025-08-29,11797,9525,1.2385301837270342,40.691332,10,283.0
GERAL,GERAL,22795887816,[PMAX - Benefício Stitch - GS],PERFORMANCE_MAX,2025-08-30,7685,6321,1.2157886410378105,36.904483,35,234.0
GERAL,GERAL,22795887816,[PMAX - Benefício Stitch - GS],PERFORMANCE_MAX,2025-08-31,6655,5599,1.1886051080550097,25.800129,20,128.0
GERAL,GERAL,22795887816,[PMAX - Benefício Stitch - GS],PERFORMANCE_MAX,2025-09-01,11464,9286,1.234546629334482,41.578462,17,167.0
GERAL,GERAL,22795887816,[PMAX - Benefício Stitch - GS],PERFORMANCE_MAX,2025-09-02,11700,9180,1.2745098039215685,43.948589,13,225.0
GERAL,GERAL,22795887816,[PMAX - Benefício Stitch - GS],PERFORMANCE_MAX,2025-09-03,12199,9818,1.2425137502546344,43.525829,19,204.0
GERAL,GERAL,22797874926,[PMAX - Benefício Stitch - NS],PERFORMANCE_MAX,2025-07-17,10170,7930,1.2824716267339218,44.72882,7,232.0
GERAL,GERAL,22797874926,[PMAX - Benefício Stitch - NS],PERFORMANCE_MAX,2025-07-18,43526,25619,1.6989734181662048,200.217457,35,741.0
GERAL,GERAL,22797874926,[PMAX - Benefício Stitch - NS],PERFORMANCE_MAX,2025-07-19,25860,16948,1.5258437573755015,117.490837,13,377.0
GERAL,GERAL,22797874926,[PMAX - Benefício Stitch - NS],PERFORMANCE_MAX,2025-07-20,21997,14785,1.4877916807575244,91.899228,17,337.0
GERAL,GERAL,22797874926,[PMAX - Benefício Stitch - NS],PERFORMANCE_MAX,2025-07-21,20643,13694,1.5074485175989485,81.358618,13,270.0
GERAL,GERAL,22797874926,[PMAX - Benefício Stitch - NS],PERFORMANCE_MAX,2025-07-22,8782,6647,1.3211975327215284,41.580367,6,206.0
GERAL,GERAL,22797874926,[PMAX - Benefício Stitch - NS],PERFORMANCE_MAX,2025-07-23,10588,8322,1.2722903148281663,31.403002,6,208.0
GERAL,GERAL,22797874926,[PMAX - Benefício Stitch - NS],PERFORMANCE_MAX,2025-07-24,12007,9094,1.320321090829118,30.447279,0,236.0
GERAL,GERAL,22797874926,[PMAX - Benefício Stitch - NS],PERFORMANCE_MAX,2025-07-25,8525,6922,1.2315804680728113,31.102689,7,279.0
GERAL,GERAL,22797874926,[PMAX - Benefício Stitch - NS],PERFORMANCE_MAX,2025-07-26,8652,6690,1.2932735426008968,24.11536,8,214.0
GERAL,GERAL,22797874926,[PMAX - Benefício Stitch - NS],PERFORMANCE_MAX,2025-07-27,12168,9032,1.3472099202834367,34.344014,7,270.0
GERAL,GERAL,22797874926,[PMAX - Benefício Stitch - NS],PERFORMANCE_MAX,2025-07-28,8109,6455,1.256235476374903,19.974346,8,187.0
GERAL,GERAL,22797874926,[PMAX - Benefício Stitch - NS],PERFORMANCE_MAX,2025-07-29,5754,4680,1.2294871794871796,15.170869,5,125.0
GERAL,GERAL,22797874926,[PMAX - Benefício Stitch - NS],PERFORMANCE_MAX,2025-07-30,7986,6320,1.263607594936709,25.705017,9,220.0
GERAL,GERAL,22797874926,[PMAX - Benefício Stitch - NS],PERFORMANCE_MAX,2025-07-31,10453,8052,1.298186785891704,30.826977,6,291.0
GERAL,GERAL,22797874926,[PMAX - Benefício Stitch - NS],PERFORMANCE_MAX,2025-08-01,11595,8827,1.3135833238926022,30.368612,7,313.0
GERAL,GERAL,22797874926,[PMAX - Benefício Stitch - NS],PERFORMANCE_MAX,2025-08-02,11679,8691,1.3438039351052813,30.324102,4,297.0
GERAL,GERAL,22797874926,[PMAX - Benefício Stitch - NS],PERFORMANCE_MAX,2025-08-03,11571,8514,1.3590556730091614,27.565692,9,314.0
GERAL,GERAL,22797874926,[PMAX - Benefício Stitch - NS],PERFORMANCE_MAX,2025-08-04,9848,7566,1.3016124768702089,24.711165,4,121.0
GERAL,GERAL,22797874926,[PMAX - Benefício Stitch - NS],PERFORMANCE_MAX,2025-08-05,11210,8575,1.3072886297376094,40.168481,6,162.0
GERAL,GERAL,22797874926,[PMAX - Benefício Stitch - NS],PERFORMANCE_MAX,2025-08-06,12263,8989,1.3642229391478473,31.717772,2,203.0
GERAL,GERAL,22797874926,[PMAX - Benefício Stitch - NS],PERFORMANCE_MAX,2025-08-07,11623,8543,1.3605290881423389,32.237078,11,236.0
GERAL,GERAL,22797874926,[PMAX - Benefício Stitch - NS],PERFORMANCE_MAX,2025-08-08,9838,7752,1.269091847265222,32.222007,3,201.0
GERAL,GERAL,22797874926,[PMAX - Benefício Stitch - NS],PERFORMANCE_MAX,2025-08-09,11871,8745,1.3574614065180104,33.290968,5,197.0
GERAL,GERAL,22797874926,[PMAX - Benefício Stitch - NS],PERFORMANCE_MAX,2025-08-10,6500,5285,1.2298959318826868,19.775817,4,98.0
GERAL,GERAL,22797874926,[PMAX - Benefício Stitch - NS],PERFORMANCE_MAX,2025-08-11,13808,10513,1.313421478169885,43.288121,6,201.0
GERAL,GERAL,22797874926,[PMAX - Benefício Stitch - NS],PERFORMANCE_MAX,2025-08-12,10701,8427,1.2698469206123175,28.108076,5,134.0
GERAL,GERAL,22797874926,[PMAX - Benefício Stitch - NS],PERFORMANCE_MAX,2025-08-13,11434,9060,1.2620309050772627,32.579216,8,171.0
GERAL,GERAL,22797874926,[PMAX - Benefício Stitch - NS],PERFORMANCE_MAX,2025-08-14,10845,8587,1.262955630604402,31.032865,5,204.0
GERAL,GERAL,22797874926,[PMAX - Benefício Stitch - NS],PERFORMANCE_MAX,2025-08-15,15680,11527,1.3602845493189901,42.881885,4,356.0
GERAL,GERAL,22797874926,[PMAX - Benefício Stitch - NS],PERFORMANCE_MAX,2025-08-16,14367,10321,1.3920162774924911,35.667008,12,319.0
GERAL,GERAL,22797874926,[PMAX - Benefício Stitch - NS],PERFORMANCE_MAX,2025-08-17,16836,11755,1.4322415993194386,42.756854,8,348.0
GERAL,GERAL,22797874926,[PMAX - Benefício Stitch - NS],PERFORMANCE_MAX,2025-08-18,17938,13095,1.3698358151966399,48.651915,15,312.0
GERAL,GERAL,22797874926,[PMAX - Benefício Stitch - NS],PERFORMANCE_MAX,2025-08-19,12012,9553,1.2574060504553544,34.728013,13,239.0
GERAL,GERAL,22797874926,[PMAX - Benefício Stitch - NS],PERFORMANCE_MAX,2025-08-20,19457,13614,1.4291905391508741,60.56087,8,370.0
GERAL,GERAL,22797874926,[PMAX - Benefício Stitch - NS],PERFORMANCE_MAX,2025-08-21,15808,11858,1.3331084499915669,45.025011,13,310.0
GERAL,GERAL,22797874926,[PMAX - Benefício Stitch - NS],PERFORMANCE_MAX,2025-08-22,15261,11043,1.3819614235262156,43.956438,9,338.0
GERAL,GERAL,22797874926,[PMAX - Benefício Stitch - NS],PERFORMANCE_MAX,2025-08-23,17041,12025,1.417130977130977,43.721588,12,333.0
GERAL,GERAL,22797874926,[PMAX - Benefício Stitch - NS],PERFORMANCE_MAX,2025-08-24,13781,10137,1.3594751898983921,36.103505,11,231.0
GERAL,GERAL,22797874926,[PMAX - Benefício Stitch - NS],PERFORMANCE_MAX,2025-08-25,16616,12498,1.3294927188350136,47.673477,14,274.0
GERAL,GERAL,22797874926,[PMAX - Benefício Stitch - NS],PERFORMANCE_MAX,2025-08-26,14495,10939,1.3250754182283573,41.872684,8,248.0
GERAL,GERAL,22797874926,[PMAX - Benefício Stitch - NS],PERFORMANCE_MAX,2025-08-27,15487,11584,1.3369302486187846,47.263864,10,300.0
GERAL,GERAL,22797874926,[PMAX - Benefício Stitch - NS],PERFORMANCE_MAX,2025-08-28,14451,10774,1.3412845739743828,41.912361,10,324.0
GERAL,GERAL,22797874926,[PMAX - Benefício Stitch - NS],PERFORMANCE_MAX,2025-08-29,14395,10611,1.356611063990199,40.607579,8,321.0
GERAL,GERAL,22797874926,[PMAX - Benefício Stitch - NS],PERFORMANCE_MAX,2025-08-30,12113,9002,1.3455898689180181,32.557278,4,232.0
GERAL,GERAL,22797874926,[PMAX - Benefício Stitch - NS],PERFORMANCE_MAX,2025-08-31,13299,9597,1.3857455454829635,33.475955,5,221.0
GERAL,GERAL,22797874926,[PMAX - Benefício Stitch - NS],PERFORMANCE_MAX,2025-09-01,18983,12869,1.4750951899914524,43.544614,13,192.0
GERAL,GERAL,22797874926,[PMAX - Benefício Stitch - NS],PERFORMANCE_MAX,2025-09-02,21699,14671,1.4790402835525867,66.799426,7,298.0
GERAL,GERAL,22797874926,[PMAX - Benefício Stitch - NS],PERFORMANCE_MAX,2025-09-03,22556,15064,1.497344662772172,67.57133,5,321.0
GERAL,GERAL,22798080933,[DISPLAY - STITCH - NR],DISPLAY,2025-07-17,62580,15236,4.107377264373851,59.952219,70,5.0
GERAL,GERAL,22798080933,[DISPLAY - STITCH - NR],DISPLAY,2025-07-18,67917,17980,3.7773637374860956,65.94958,98,3.0
GERAL,GERAL,22798080933,[DISPLAY - STITCH - NR],DISPLAY,2025-07-19,63657,13470,4.725835189309577,59.498332,67,5.0
GERAL,GERAL,22798080933,[DISPLAY - STITCH - NR],DISPLAY,2025-07-20,67605,12139,5.569239640827086,62.023448,67,0.0
GERAL,GERAL,22798080933,[DISPLAY - STITCH - NR],DISPLAY,2025-07-21,68598,14653,4.681498669214496,62.083713,74,2.0
GERAL,GERAL,22798080933,[DISPLAY - STITCH - NR],DISPLAY,2025-07-22,34391,7750,4.437548387096774,31.302798,30,3.0
GERAL,GERAL,22798080933,[DISPLAY - STITCH - NR],DISPLAY,2025-07-23,34685,8033,4.317814017179136,31.159769,29,1.0
GERAL,GERAL,22798080933,[DISPLAY - STITCH - NR],DISPLAY,2025-07-24,34139,7883,4.330711657998224,30.986753,26,1.0
GERAL,GERAL,22798080933,[DISPLAY - STITCH - NR],DISPLAY,2025-07-25,34201,7224,4.734357696566999,30.743774,28,2.0
GERAL,GERAL,22798080933,[DISPLAY - STITCH - NR],DISPLAY,2025-07-26,33841,6818,4.963479026107363,30.547119,36,1.0
GERAL,GERAL,22798080933,[DISPLAY - STITCH - NR],DISPLAY,2025-07-27,33165,6782,4.8901503981126515,30.336266,25,0.0
GERAL,GERAL,22798080933,[DISPLAY - STITCH - NR],DISPLAY,2025-07-28,33775,7593,4.448175951534308,30.270408,35,1.0
GERAL,GERAL,22798080933,[DISPLAY - STITCH - NR],DISPLAY,2025-07-29,32453,7338,4.42259471245571,29.215924,35,2.0
GERAL,GERAL,22798080933,[DISPLAY - STITCH - NR],DISPLAY,2025-07-30,22813,5117,4.45827633378933,20.500826,16,3.0
GERAL,GERAL,22798080933,[DISPLAY - STITCH - NR],DISPLAY,2025-07-31,21351,4870,4.384188911704312,19.501266,18,3.0
GERAL,GERAL,22798080933,[DISPLAY - STITCH - NR],DISPLAY,2025-08-01,21900,4860,4.506172839506172,19.589412,20,1.0
GERAL,GERAL,22798080933,[DISPLAY - STITCH - NR],DISPLAY,2025-08-02,22530,4770,4.723270440251572,20.507783,24,3.0
GERAL,GERAL,22798080933,[DISPLAY - STITCH - NR],DISPLAY,2025-08-03,22974,4689,4.899552143314139,20.577676,15,0.0
GERAL,GERAL,22798080933,[DISPLAY - STITCH - NR],DISPLAY,2025-08-04,22942,4681,4.901089510788293,20.587894,14,2.0
GERAL,GERAL,22798080933,[DISPLAY - STITCH - NR],DISPLAY,2025-08-05,21782,4229,5.15062662567983,20.569471,16,0.0
GERAL,GERAL,22798080933,[DISPLAY - STITCH - NR],DISPLAY,2025-08-06,21969,4328,5.07601663585952,20.471944,18,0.0
GERAL,GERAL,22798080933,[DISPLAY - STITCH - NR],DISPLAY,2025-08-07,21782,4743,4.5924520345772715,20.450644,11,0.0
GERAL,GERAL,22798080933,[DISPLAY - STITCH - NR],DISPLAY,2025-08-08,21982,4465,4.9231802911534155,20.379326,15,1.0
GERAL,GERAL,22798080933,[DISPLAY - STITCH - NR],DISPLAY,2025-08-09,22661,4524,5.009062776304155,20.365286,23,0.0
GERAL,GERAL,22798080933,[DISPLAY - STITCH - NR],DISPLAY,2025-08-10,21662,5090,4.255795677799607,20.449297,30,4.0
GERAL,GERAL,22798080933,[DISPLAY - STITCH - NR],DISPLAY,2025-08-11,21807,4661,4.678609740399056,20.029061,23,0.0
GERAL,GERAL,22798080933,[DISPLAY - STITCH - NR],DISPLAY,2025-08-12,21761,5252,4.143373952779894,20.191341,13,0.0
GERAL,GERAL,22798080933,[DISPLAY - STITCH - NR],DISPLAY,2025-08-13,21676,4909,4.415563251171318,20.126164,14,1.0
GERAL,GERAL,22798080933,[DISPLAY - STITCH - NR],DISPLAY,2025-08-14,21641,4659,4.644988194891607,20.087505,20,2.0
GERAL,GERAL,22798080933,[DISPLAY - STITCH - NR],DISPLAY,2025-08-15,67591,13125,5.149790476190476,58.932897,49,0.0
GERAL,GERAL,22798080933,[DISPLAY - STITCH - NR],DISPLAY,2025-08-16,72186,12312,5.863060428849902,62.268909,54,4.0
GERAL,GERAL,22798080933,[DISPLAY - STITCH - NR],DISPLAY,2025-08-17,72020,12528,5.748722860791826,61.477915,68,3.0
GERAL,GERAL,22798080933,[DISPLAY - STITCH - NR],DISPLAY,2025-08-18,72076,13782,5.229719924539254,62.475189,56,1.0
GERAL,GERAL,22798080933,[DISPLAY - STITCH - NR],DISPLAY,2025-08-19,68044,13298,5.116859678147089,60.478722,44,2.0
GERAL,GERAL,22798080933,[DISPLAY - STITCH - NR],DISPLAY,2025-08-20,69195,13307,5.199894792214624,61.552084,67,0.0
GERAL,GERAL,22798080933,[DISPLAY - STITCH - NR],DISPLAY,2025-08-21,65695,12727,5.161860611298813,60.005537,69,3.0
GERAL,GERAL,22798080933,[DISPLAY - STITCH - NR],DISPLAY,2025-08-22,66423,12553,5.291404445152553,60.3111,60,3.0
GERAL,GERAL,22798080933,[DISPLAY - STITCH - NR],DISPLAY,2025-08-23,66102,12464,5.303433889602054,59.328662,65,1.0
GERAL,GERAL,22798080933,[DISPLAY - STITCH - NR],DISPLAY,2025-08-24,68501,12018,5.699866866367116,60.232202,59,2.0
GERAL,GERAL,22798080933,[DISPLAY - STITCH - NR],DISPLAY,2025-08-25,65981,12775,5.164853228962818,58.73245,53,1.0
GERAL,GERAL,22798080933,[DISPLAY - STITCH - NR],DISPLAY,2025-08-26,65704,12537,5.240807210656457,58.63103,60,2.0
GERAL,GERAL,22798080933,[DISPLAY - STITCH - NR],DISPLAY,2025-08-27,65143,11921,5.464558342420938,58.112945,56,2.0
GERAL,GERAL,22798080933,[DISPLAY - STITCH - NR],DISPLAY,2025-08-28,64981,11901,5.460129400890682,57.56793,53,1.0
GERAL,GERAL,22798080933,[DISPLAY - STITCH - NR],DISPLAY,2025-08-29,63582,12499,5.086966957356588,57.152378,67,1.0
GERAL,GERAL,22798080933,[DISPLAY - STITCH - NR],DISPLAY,2025-08-30,60809,12602,4.825345183304237,55.088261,76,1.0
GERAL,GERAL,22798080933,[DISPLAY - STITCH - NR],DISPLAY,2025-08-31,57644,11674,4.937810519102278,51.312325,59,1.0
GERAL,GERAL,22798080933,[DISPLAY - STITCH - NR],DISPLAY,2025-09-01,67469,14183,4.757033067757174,60.349414,70,3.0
GERAL,GERAL,22798080933,[DISPLAY - STITCH - NR],DISPLAY,2025-09-02,69284,14948,4.635001337971635,61.92394,61,2.0
GERAL,GERAL,22798080933,[DISPLAY - STITCH - NR],DISPLAY,2025-09-03,70536,14567,4.842177524541772,63.166532,55,2.0
GERAL,GERAL,22798145889,[DISPLAY - STITCH - NS],DISPLAY,2025-07-17,62652,12375,5.062787878787879,60.012034,75,3.0
GERAL,GERAL,22798145889,[DISPLAY - STITCH - NS],DISPLAY,2025-07-18,66194,16063,4.120898960343647,62.724112,89,0.0
GERAL,GERAL,22798145889,[DISPLAY - STITCH - NS],DISPLAY,2025-07-19,66828,15569,4.292375875136489,62.5325,96,0.0
GERAL,GERAL,22798145889,[DISPLAY - STITCH - NS],DISPLAY,2025-07-20,67051,12561,5.338030411591434,62.214206,71,2.0
GERAL,GERAL,22798145889,[DISPLAY - STITCH - NS],DISPLAY,2025-07-21,62139,12776,4.863728866624922,56.78533,73,1.0
GERAL,GERAL,22798145889,[DISPLAY - STITCH - NS],DISPLAY,2025-07-22,33912,7608,4.457413249211356,31.251901,48,1.0
GERAL,GERAL,22798145889,[DISPLAY - STITCH - NS],DISPLAY,2025-07-23,33678,7334,4.592037087537497,31.122804,30,0.0
GERAL,GERAL,22798145889,[DISPLAY - STITCH - NS],DISPLAY,2025-07-24,33753,7476,4.514847512038523,31.038822,49,0.0
GERAL,GERAL,22798145889,[DISPLAY - STITCH - NS],DISPLAY,2025-07-25,33735,7210,4.678918169209432,30.757352,43,1.0
GERAL,GERAL,22798145889,[DISPLAY - STITCH - NS],DISPLAY,2025-07-26,32843,6651,4.938054427905578,30.542337,51,0.0
GERAL,GERAL,22798145889,[DISPLAY - STITCH - NS],DISPLAY,2025-07-27,32041,6441,4.974538115199503,30.336954,45,1.0
GERAL,GERAL,22798145889,[DISPLAY - STITCH - NS],DISPLAY,2025-07-28,34387,6789,5.065105317425247,30.322077,42,0.0
GERAL,GERAL,22798145889,[DISPLAY - STITCH - NS],DISPLAY,2025-07-29,31961,6812,4.691867293012331,29.194154,39,0.0
GERAL,GERAL,22798145889,[DISPLAY - STITCH - NS],DISPLAY,2025-07-30,23355,4816,4.849460132890365,20.511265,24,1.0
GERAL,GERAL,22798145889,[DISPLAY - STITCH - NS],DISPLAY,2025-07-31,21150,4597,4.600826626060474,19.503124,24,0.0
GERAL,GERAL,22798145889,[DISPLAY - STITCH - NS],DISPLAY,2025-08-01,21945,4720,4.649364406779661,19.565658,26,0.0
GERAL,GERAL,22798145889,[DISPLAY - STITCH - NS],DISPLAY,2025-08-02,23492,4945,4.750657229524773,20.523542,18,0.0
GERAL,GERAL,22798145889,[DISPLAY - STITCH - NS],DISPLAY,2025-08-03,23503,4564,5.149649430324277,20.600714,41,1.0
GERAL,GERAL,22798145889,[DISPLAY - STITCH - NS],DISPLAY,2025-08-04,23273,4446,5.23459289248763,20.585305,21,1.0
GERAL,GERAL,22798145889,[DISPLAY - STITCH - NS],DISPLAY,2025-08-05,22582,4628,4.87942955920484,20.59174,29,0.0
GERAL,GERAL,22798145889,[DISPLAY - STITCH - NS],DISPLAY,2025-08-06,22074,4245,5.2,20.497439,19,0.0
GERAL,GERAL,22798145889,[DISPLAY - STITCH - NS],DISPLAY,2025-08-07,22132,4657,4.752415718273567,20.421799,17,0.0
GERAL,GERAL,22798145889,[DISPLAY - STITCH - NS],DISPLAY,2025-08-08,22427,4687,4.784937059953061,20.377192,18,1.0
GERAL,GERAL,22798145889,[DISPLAY - STITCH - NS],DISPLAY,2025-08-09,22001,4351,5.056538726729488,20.351319,26,0.0
GERAL,GERAL,22798145889,[DISPLAY - STITCH - NS],DISPLAY,2025-08-10,21458,4919,4.36226875381175,20.420879,34,0.0
GERAL,GERAL,22798145889,[DISPLAY - STITCH - NS],DISPLAY,2025-08-11,22509,4799,4.690352156699312,19.957558,18,0.0
GERAL,GERAL,22798145889,[DISPLAY - STITCH - NS],DISPLAY,2025-08-12,21440,5118,4.189136381398984,20.182536,27,1.0
GERAL,GERAL,22798145889,[DISPLAY - STITCH - NS],DISPLAY,2025-08-13,20970,4759,4.406387896616937,20.155928,20,0.0
GERAL,GERAL,22798145889,[DISPLAY - STITCH - NS],DISPLAY,2025-08-14,22237,4873,4.5633080238046375,20.082028,24,1.0
GERAL,GERAL,22798145889,[DISPLAY - STITCH - NS],DISPLAY,2025-08-15,66893,12434,5.379845584687148,58.881306,51,0.0
GERAL,GERAL,22798145889,[DISPLAY - STITCH - NS],DISPLAY,2025-08-16,72743,12219,5.953269498322285,62.82627,76,0.0
GERAL,GERAL,22798145889,[DISPLAY - STITCH - NS],DISPLAY,2025-08-17,71828,12201,5.887058437832964,60.865192,85,20.0
GERAL,GERAL,22798145889,[DISPLAY - STITCH - NS],DISPLAY,2025-08-18,72320,13120,5.512195121951219,62.580951,48,0.0
GERAL,GERAL,22798145889,[DISPLAY - STITCH - NS],DISPLAY,2025-08-19,66605,12160,5.477384868421052,60.53897,68,3.0
GERAL,GERAL,22798145889,[DISPLAY - STITCH - NS],DISPLAY,2025-08-20,69229,12621,5.485223040963474,61.452771,52,0.0
GERAL,GERAL,22798145889,[DISPLAY - STITCH - NS],DISPLAY,2025-08-21,66072,11963,5.523029340466438,60.021527,62,0.0
GERAL,GERAL,22798145889,[DISPLAY - STITCH - NS],DISPLAY,2025-08-22,67742,12373,5.474985856300008,60.383764,67,4.0
GERAL,GERAL,22798145889,[DISPLAY - STITCH - NS],DISPLAY,2025-08-23,66070,11558,5.71638691815193,59.425664,86,2.0
GERAL,GERAL,22798145889,[DISPLAY - STITCH - NS],DISPLAY,2025-08-24,67749,11170,6.0652641002685765,60.144103,75,1.0
GERAL,GERAL,22798145889,[DISPLAY - STITCH - NS],DISPLAY,2025-08-25,66410,12019,5.5254180880272905,58.712871,58,0.0
GERAL,GERAL,22798145889,[DISPLAY - STITCH - NS],DISPLAY,2025-08-26,64868,11594,5.594962911850957,58.740566,55,2.0
GERAL,GERAL,22798145889,[DISPLAY - STITCH - NS],DISPLAY,2025-08-27,65026,11515,5.64706904038211,58.138089,69,0.0
GERAL,GERAL,22798145889,[DISPLAY - STITCH - NS],DISPLAY,2025-08-28,64060,11379,5.629668687933913,57.606214,55,1.0
GERAL,GERAL,22798145889,[DISPLAY - STITCH - NS],DISPLAY,2025-08-29,64612,12124,5.32926426921808,57.187808,58,3.0
GERAL,GERAL,22798145889,[DISPLAY - STITCH - NS],DISPLAY,2025-08-30,61211,12362,4.951545057434072,55.029971,94,2.0
GERAL,GERAL,22798145889,[DISPLAY - STITCH - NS],DISPLAY,2025-08-31,57983,10694,5.422012343370114,51.332909,72,1.0
GERAL,GERAL,22798145889,[DISPLAY - STITCH - NS],DISPLAY,2025-09-01,66852,13211,5.060328514117024,59.765775,60,1.0
GERAL,GERAL,22798145889,[DISPLAY - STITCH - NS],DISPLAY,2025-09-02,69615,14297,4.869203329369798,62.510171,57,0.0
GERAL,GERAL,22798145889,[DISPLAY - STITCH - NS],DISPLAY,2025-09-03,69497,13832,5.024363794100636,63.149811,58,0.0
GERAL,GERAL,22798562376,[DISPLAY - STITCH - GS],DISPLAY,2025-07-17,62296,7600,8.196842105263158,59.738807,65,1.0
GERAL,GERAL,22798562376,[DISPLAY - STITCH - GS],DISPLAY,2025-07-18,66201,13198,5.015987270798606,62.757444,88,2.0
GERAL,GERAL,22798562376,[DISPLAY - STITCH - GS],DISPLAY,2025-07-19,66584,13952,4.772362385321101,62.504245,85,0.0
GERAL,GERAL,22798562376,[DISPLAY - STITCH - GS],DISPLAY,2025-07-20,66746,10885,6.131924666972899,62.011192,66,0.0
GERAL,GERAL,22798562376,[DISPLAY - STITCH - GS],DISPLAY,2025-07-21,64641,13072,4.94499694002448,61.979974,65,1.0
GERAL,GERAL,22798562376,[DISPLAY - STITCH - GS],DISPLAY,2025-07-22,33216,7338,4.526573998364677,31.331805,37,0.0
GERAL,GERAL,22798562376,[DISPLAY - STITCH - GS],DISPLAY,2025-07-23,33203,7735,4.2925662572721395,31.094638,44,2.0
GERAL,GERAL,22798562376,[DISPLAY - STITCH - GS],DISPLAY,2025-07-24,33010,7780,4.24293059125964,30.979239,43,1.0
GERAL,GERAL,22798562376,[DISPLAY - STITCH - GS],DISPLAY,2025-07-25,32518,7258,4.480297602645357,30.825116,32,0.0
GERAL,GERAL,22798562376,[DISPLAY - STITCH - GS],DISPLAY,2025-07-26,33330,7430,4.485868102288022,30.502488,39,2.0
GERAL,GERAL,22798562376,[DISPLAY - STITCH - GS],DISPLAY,2025-07-27,31897,6657,4.791497671623855,30.269033,39,0.0
GERAL,GERAL,22798562376,[DISPLAY - STITCH - GS],DISPLAY,2025-07-28,33672,7775,4.3308038585209,30.285199,32,1.0
GERAL,GERAL,22798562376,[DISPLAY - STITCH - GS],DISPLAY,2025-07-29,32185,7433,4.330014798869905,29.230289,43,2.0
GERAL,GERAL,22798562376,[DISPLAY - STITCH - GS],DISPLAY,2025-07-30,22724,5079,4.47410907658988,20.502985,19,0.0
GERAL,GERAL,22798562376,[DISPLAY - STITCH - GS],DISPLAY,2025-07-31,21708,4831,4.493479610846616,19.508128,24,0.0
GERAL,GERAL,22798562376,[DISPLAY - STITCH - GS],DISPLAY,2025-08-01,21966,5006,4.387934478625649,19.601117,27,0.0
GERAL,GERAL,22798562376,[DISPLAY - STITCH - GS],DISPLAY,2025-08-02,23209,5226,4.441063911213165,20.560812,33,1.0
GERAL,GERAL,22798562376,[DISPLAY - STITCH - GS],DISPLAY,2025-08-03,23530,5416,4.34453471196455,20.574306,30,0.0
GERAL,GERAL,22798562376,[DISPLAY - STITCH - GS],DISPLAY,2025-08-04,22922,4865,4.7116135662898255,20.594152,29,1.0
GERAL,GERAL,22798562376,[DISPLAY - STITCH - GS],DISPLAY,2025-08-05,22198,4401,5.043853669620541,20.596689,23,1.0
GERAL,GERAL,22798562376,[DISPLAY - STITCH - GS],DISPLAY,2025-08-06,22790,4762,4.785804283914322,20.508892,25,0.0
GERAL,GERAL,22798562376,[DISPLAY - STITCH - GS],DISPLAY,2025-08-07,21815,4944,4.412419093851133,20.381743,27,0.0
GERAL,GERAL,22798562376,[DISPLAY - STITCH - GS],DISPLAY,2025-08-08,22318,4981,4.480626380244931,20.356691,6,0.0
GERAL,GERAL,22798562376,[DISPLAY - STITCH - GS],DISPLAY,2025-08-09,22351,4966,4.500805477245268,20.394706,31,0.0
GERAL,GERAL,22798562376,[DISPLAY - STITCH - GS],DISPLAY,2025-08-10,22029,5523,3.988593155893536,20.425857,28,0.0
GERAL,GERAL,22798562376,[DISPLAY - STITCH - GS],DISPLAY,2025-08-11,22034,5128,4.296801872074883,20.00474,24,0.0
GERAL,GERAL,22798562376,[DISPLAY - STITCH - GS],DISPLAY,2025-08-12,21773,5847,3.723789977766376,20.216131,23,0.0
GERAL,GERAL,22798562376,[DISPLAY - STITCH - GS],DISPLAY,2025-08-13,21429,5328,4.02195945945946,20.12272,20,0.0
GERAL,GERAL,22798562376,[DISPLAY - STITCH - GS],DISPLAY,2025-08-14,21889,4867,4.497431682761455,20.077277,22,0.0
GERAL,GERAL,22798562376,[DISPLAY - STITCH - GS],DISPLAY,2025-08-15,66908,13592,4.922601530311948,58.908192,52,1.0
GERAL,GERAL,22798562376,[DISPLAY - STITCH - GS],DISPLAY,2025-08-16,72368,13430,5.388533134772897,62.317557,62,2.0
GERAL,GERAL,22798562376,[DISPLAY - STITCH - GS],DISPLAY,2025-08-17,72596,12785,5.678216660148611,61.493969,75,0.0
GERAL,GERAL,22798562376,[DISPLAY - STITCH - GS],DISPLAY,2025-08-18,72415,14796,4.894228169775615,62.483685,61,0.0
GERAL,GERAL,22798562376,[DISPLAY - STITCH - GS],DISPLAY,2025-08-19,67251,14086,4.774314922618203,60.512049,68,1.0
GERAL,GERAL,22798562376,[DISPLAY - STITCH - GS],DISPLAY,2025-08-20,68979,14117,4.886236452504073,61.454103,93,1.0
GERAL,GERAL,22798562376,[DISPLAY - STITCH - GS],DISPLAY,2025-08-21,67492,13497,5.000518633770468,60.035144,76,1.0
GERAL,GERAL,22798562376,[DISPLAY - STITCH - GS],DISPLAY,2025-08-22,67561,14006,4.8237184063972585,60.394447,64,2.0
GERAL,GERAL,22798562376,[DISPLAY - STITCH - GS],DISPLAY,2025-08-23,65935,13634,4.836071585741529,59.44881,91,4.0
GERAL,GERAL,22798562376,[DISPLAY - STITCH - GS],DISPLAY,2025-08-24,67176,12664,5.304485154769425,60.104187,71,1.0
GERAL,GERAL,22798562376,[DISPLAY - STITCH - GS],DISPLAY,2025-08-25,66285,12816,5.172050561797753,58.690506,47,1.0
GERAL,GERAL,22798562376,[DISPLAY - STITCH - GS],DISPLAY,2025-08-26,64806,13191,4.912895155788037,58.714516,71,2.0
GERAL,GERAL,22798562376,[DISPLAY - STITCH - GS],DISPLAY,2025-08-27,65358,12334,5.299010864277607,58.137742,62,2.0
GERAL,GERAL,22798562376,[DISPLAY - STITCH - GS],DISPLAY,2025-08-28,63291,12477,5.072613609040634,57.581687,57,0.0
GERAL,GERAL,22798562376,[DISPLAY - STITCH - GS],DISPLAY,2025-08-29,63108,13290,4.748532731376975,57.112495,58,2.0
GERAL,GERAL,22798562376,[DISPLAY - STITCH - GS],DISPLAY,2025-08-30,60151,13284,4.52807889190003,55.107142,75,3.0
GERAL,GERAL,22798562376,[DISPLAY - STITCH - GS],DISPLAY,2025-08-31,57605,11992,4.803619079386258,51.383566,76,4.0
GERAL,GERAL,22798562376,[DISPLAY - STITCH - GS],DISPLAY,2025-09-01,67892,14919,4.550707151953884,59.764221,62,15.0
GERAL,GERAL,22798562376,[DISPLAY - STITCH - GS],DISPLAY,2025-09-02,70275,15528,4.525695517774343,62.671869,81,4.0
GERAL,GERAL,22798562376,[DISPLAY - STITCH - GS],DISPLAY,2025-09-03,69296,15578,4.448324560277314,63.07836,65,5.0
GERAL,GERAL,22798574850,[DISPLAY - STITCH - CS],DISPLAY,2025-07-17,63379,8641,7.334683485707672,60.063207,65,0.0
GERAL,GERAL,22798574850,[DISPLAY - STITCH - CS],DISPLAY,2025-07-18,66653,13762,4.843264060456329,62.75878,64,3.0
GERAL,GERAL,22798574850,[DISPLAY - STITCH - CS],DISPLAY,2025-07-19,66648,16302,4.0883327199116675,62.478329,86,2.0
GERAL,GERAL,22798574850,[DISPLAY - STITCH - CS],DISPLAY,2025-07-20,69331,13784,5.029817179338363,62.247255,88,0.0
GERAL,GERAL,22798574850,[DISPLAY - STITCH - CS],DISPLAY,2025-07-21,68078,15038,4.52706476925123,61.952128,61,1.0
GERAL,GERAL,22798574850,[DISPLAY - STITCH - CS],DISPLAY,2025-07-22,34052,8025,4.243239875389408,31.310154,45,0.0
GERAL,GERAL,22798574850,[DISPLAY - STITCH - CS],DISPLAY,2025-07-23,34350,8041,4.271856734237035,31.148063,28,1.0
GERAL,GERAL,22798574850,[DISPLAY - STITCH - CS],DISPLAY,2025-07-24,33963,8186,4.148912777913511,31.010367,50,3.0
GERAL,GERAL,22798574850,[DISPLAY - STITCH - CS],DISPLAY,2025-07-25,33726,7691,4.385125471330126,30.785039,43,2.0
GERAL,GERAL,22798574850,[DISPLAY - STITCH - CS],DISPLAY,2025-07-26,33623,7579,4.4363372476580025,30.568342,43,1.0
GERAL,GERAL,22798574850,[DISPLAY - STITCH - CS],DISPLAY,2025-07-27,33885,7338,4.617743254292723,30.351654,45,2.0
GERAL,GERAL,22798574850,[DISPLAY - STITCH - CS],DISPLAY,2025-07-28,34368,7647,4.494311494703806,30.296025,45,1.0
GERAL,GERAL,22798574850,[DISPLAY - STITCH - CS],DISPLAY,2025-07-29,32343,7427,4.35478658947085,29.218848,44,1.0
GERAL,GERAL,22798574850,[DISPLAY - STITCH - CS],DISPLAY,2025-07-30,22558,4976,4.533360128617363,20.516158,29,0.0
GERAL,GERAL,22798574850,[DISPLAY - STITCH - CS],DISPLAY,2025-07-31,21257,5164,4.116382649109218,19.487325,14,0.0
GERAL,GERAL,22798574850,[DISPLAY - STITCH - CS],DISPLAY,2025-08-01,21069,4599,4.581213307240705,19.615836,27,0.0
GERAL,GERAL,22798574850,[DISPLAY - STITCH - CS],DISPLAY,2025-08-02,22913,5135,4.462122687439143,20.528836,34,3.0
GERAL,GERAL,22798574850,[DISPLAY - STITCH - CS],DISPLAY,2025-08-03,23399,5061,4.623394586050187,20.586523,26,1.0
GERAL,GERAL,22798574850,[DISPLAY - STITCH - CS],DISPLAY,2025-08-04,22655,4873,4.649086804843012,20.615868,17,1.0
GERAL,GERAL,22798574850,[DISPLAY - STITCH - CS],DISPLAY,2025-08-05,22310,4866,4.584874640361694,20.631118,26,1.0
GERAL,GERAL,22798574850,[DISPLAY - STITCH - CS],DISPLAY,2025-08-06,22749,4489,5.067721096012475,20.533317,18,0.0
GERAL,GERAL,22798574850,[DISPLAY - STITCH - CS],DISPLAY,2025-08-07,22512,4911,4.583995113011607,20.380596,19,0.0
GERAL,GERAL,22798574850,[DISPLAY - STITCH - CS],DISPLAY,2025-08-08,21586,4823,4.475637569977192,20.365587,28,0.0
GERAL,GERAL,22798574850,[DISPLAY - STITCH - CS],DISPLAY,2025-08-09,21969,4718,4.656422212802035,20.403492,31,0.0
GERAL,GERAL,22798574850,[DISPLAY - STITCH - CS],DISPLAY,2025-08-10,21723,5408,4.016826923076923,20.45312,17,0.0
GERAL,GERAL,22798574850,[DISPLAY - STITCH - CS],DISPLAY,2025-08-11,21388,4971,4.302554817944076,20.010741,24,1.0
GERAL,GERAL,22798574850,[DISPLAY - STITCH - CS],DISPLAY,2025-08-12,22119,5524,4.0041636495293265,20.221764,19,0.0
GERAL,GERAL,22798574850,[DISPLAY - STITCH - CS],DISPLAY,2025-08-13,21304,5117,4.163376978698456,20.141057,19,1.0
GERAL,GERAL,22798574850,[DISPLAY - STITCH - CS],DISPLAY,2025-08-14,21864,5021,4.354511053574985,20.103204,22,2.0
GERAL,GERAL,22798574850,[DISPLAY - STITCH - CS],DISPLAY,2025-08-15,67224,15198,4.423213580734307,58.969888,71,1.0
GERAL,GERAL,22798574850,[DISPLAY - STITCH - CS],DISPLAY,2025-08-16,72764,13243,5.4945254096503815,62.250473,65,4.0
GERAL,GERAL,22798574850,[DISPLAY - STITCH - CS],DISPLAY,2025-08-17,72729,13652,5.327351303838266,61.513559,65,2.0
GERAL,GERAL,22798574850,[DISPLAY - STITCH - CS],DISPLAY,2025-08-18,72531,14802,4.900081070125658,62.486938,68,0.0
GERAL,GERAL,22798574850,[DISPLAY - STITCH - CS],DISPLAY,2025-08-19,66790,14174,4.712149005220827,60.497733,69,8.0
GERAL,GERAL,22798574850,[DISPLAY - STITCH - CS],DISPLAY,2025-08-20,69970,14282,4.899173785184148,61.480069,63,0.0
GERAL,GERAL,22798574850,[DISPLAY - STITCH - CS],DISPLAY,2025-08-21,66088,13476,4.904125853368952,60.06102,51,0.0
GERAL,GERAL,22798574850,[DISPLAY - STITCH - CS],DISPLAY,2025-08-22,68104,14030,4.8541696364932285,60.455576,47,0.0
GERAL,GERAL,22798574850,[DISPLAY - STITCH - CS],DISPLAY,2025-08-23,67122,12993,5.166012468252136,59.402028,52,1.0
GERAL,GERAL,22798574850,[DISPLAY - STITCH - CS],DISPLAY,2025-08-24,68793,12263,5.609801842942184,60.124841,59,1.0
GERAL,GERAL,22798574850,[DISPLAY - STITCH - CS],DISPLAY,2025-08-25,65525,12466,5.256297128188673,58.612511,61,12.0
GERAL,GERAL,22798574850,[DISPLAY - STITCH - CS],DISPLAY,2025-08-26,64598,13094,4.933404612799755,58.753058,51,2.0
GERAL,GERAL,22798574850,[DISPLAY - STITCH - CS],DISPLAY,2025-08-27,64829,12531,5.17348974543133,58.13778,64,1.0
GERAL,GERAL,22798574850,[DISPLAY - STITCH - CS],DISPLAY,2025-08-28,64195,12492,5.138888888888889,57.541551,51,2.0
GERAL,GERAL,22798574850,[DISPLAY - STITCH - CS],DISPLAY,2025-08-29,64210,13624,4.713006459189665,57.089198,59,3.0
GERAL,GERAL,22798574850,[DISPLAY - STITCH - CS],DISPLAY,2025-08-30,60999,13388,4.55624439796833,55.08272,72,1.0
GERAL,GERAL,22798574850,[DISPLAY - STITCH - CS],DISPLAY,2025-08-31,59077,11957,4.940787823032533,51.359608,69,2.0
GERAL,GERAL,22798574850,[DISPLAY - STITCH - CS],DISPLAY,2025-09-01,68311,14762,4.627489500067742,59.740279,49,2.0
GERAL,GERAL,22798574850,[DISPLAY - STITCH - CS],DISPLAY,2025-09-02,70076,15248,4.595750262329486,62.596838,68,2.0
GERAL,GERAL,22798574850,[DISPLAY - STITCH - CS],DISPLAY,2025-09-03,70448,15676,4.494003572339882,63.187186,70,2.0
GERAL,GERAL,22798758360,[Demand Gen - STITCH - NK],DEMAND_GEN,2025-07-17,680,615,1.1056910569105691,3.602352,16,2.0
GERAL,GERAL,22798758360,[Demand Gen - STITCH - NK],DEMAND_GEN,2025-07-21,587,538,1.0910780669144982,121.059486,10,0.0
GERAL,GERAL,22798758360,[Demand Gen - STITCH - NK],DEMAND_GEN,2025-07-22,6625,4884,1.3564701064701066,109.143884,163,19.0
GERAL,GERAL,22798758360,[Demand Gen - STITCH - NK],DEMAND_GEN,2025-07-23,6388,5590,1.1427549194991056,31.683391,249,22.0
GERAL,GERAL,22798758360,[Demand Gen - STITCH - NK],DEMAND_GEN,2025-07-24,14564,11153,1.3058369945306196,30.946495,495,44.0
GERAL,GERAL,22798758360,[Demand Gen - STITCH - NK],DEMAND_GEN,2025-07-25,13826,10678,1.2948117625023412,30.818182,427,28.0
GERAL,GERAL,22798758360,[Demand Gen - STITCH - NK],DEMAND_GEN,2025-07-26,16572,12231,1.3549178317390238,30.666795,487,34.0
GERAL,GERAL,22798758360,[Demand Gen - STITCH - NK],DEMAND_GEN,2025-07-27,17840,12685,1.4063854946787544,31.286101,527,41.0
GERAL,GERAL,22798758360,[Demand Gen - STITCH - NK],DEMAND_GEN,2025-07-28,14945,10825,1.3806004618937644,29.018014,442,35.0
GERAL,GERAL,22798758360,[Demand Gen - STITCH - NK],DEMAND_GEN,2025-07-29,15798,11452,1.379497031086273,29.5646,424,27.0
GERAL,GERAL,22798758360,[Demand Gen - STITCH - NK],DEMAND_GEN,2025-07-30,9166,7445,1.2311618535930156,28.738009,276,51.0
GERAL,GERAL,22798758360,[Demand Gen - STITCH - NK],DEMAND_GEN,2025-07-31,12770,8698,1.4681535985283973,27.553121,300,45.0
GERAL,GERAL,22798758360,[Demand Gen - STITCH - NK],DEMAND_GEN,2025-08-01,12827,9758,1.3145111703217873,29.460389,327,40.0
GERAL,GERAL,22798758360,[Demand Gen - STITCH - NK],DEMAND_GEN,2025-08-02,14126,10162,1.3900806927770124,30.813206,377,80.998024
GERAL,GERAL,22798758360,[Demand Gen - STITCH - NK],DEMAND_GEN,2025-08-03,13572,9924,1.3675937122128174,30.835741,356,38.0
GERAL,GERAL,22798758360,[Demand Gen - STITCH - NK],DEMAND_GEN,2025-08-04,11175,8090,1.381334981458591,30.749937,260,33.0
GERAL,GERAL,22798758360,[Demand Gen - STITCH - NK],DEMAND_GEN,2025-08-05,10300,7358,1.3998369122044034,30.761077,254,30.0
GERAL,GERAL,22798758360,[Demand Gen - STITCH - NK],DEMAND_GEN,2025-08-06,9749,7019,1.3889442940589827,30.659741,261,31.0
GERAL,GERAL,22798758360,[Demand Gen - STITCH - NK],DEMAND_GEN,2025-08-07,10138,7504,1.3510127931769722,30.543286,278,25.0
GERAL,GERAL,22798758360,[Demand Gen - STITCH - NK],DEMAND_GEN,2025-08-08,9664,7044,1.3719477569562748,30.528,327,31.0
GERAL,GERAL,22798758360,[Demand Gen - STITCH - NK],DEMAND_GEN,2025-08-09,12194,8309,1.4675652906486942,30.492339,391,35.0
GERAL,GERAL,22798758360,[Demand Gen - STITCH - NK],DEMAND_GEN,2025-08-10,12665,8798,1.4395317117526711,30.378012,376,36.0
GERAL,GERAL,22798758360,[Demand Gen - STITCH - NK],DEMAND_GEN,2025-08-11,11281,7973,1.4149002884735984,30.283625,370,36.0
GERAL,GERAL,22798758360,[Demand Gen - STITCH - NK],DEMAND_GEN,2025-08-12,11859,8383,1.414648693785041,30.252338,363,32.0
GERAL,GERAL,22798758360,[Demand Gen - STITCH - NK],DEMAND_GEN,2025-08-13,15157,10563,1.4349143235823156,30.119345,322,38.0
GERAL,GERAL,22798758360,[Demand Gen - STITCH - NK],DEMAND_GEN,2025-08-14,13577,10087,1.3459898879746208,30.059692,361,57.0
GERAL,GERAL,22798758360,[Demand Gen - STITCH - NK],DEMAND_GEN,2025-08-15,17342,12288,1.4112955729166667,40.009313,475,58.0
GERAL,GERAL,22798758360,[Demand Gen - STITCH - NK],DEMAND_GEN,2025-08-16,18255,12474,1.4634439634439635,41.890872,502,72.0
GERAL,GERAL,22798758360,[Demand Gen - STITCH - NK],DEMAND_GEN,2025-08-17,16401,12491,1.313025378272356,41.663854,508,70.0
GERAL,GERAL,22798758360,[Demand Gen - STITCH - NK],DEMAND_GEN,2025-08-18,14514,11184,1.2977467811158798,41.691723,378,36.0
GERAL,GERAL,22798758360,[Demand Gen - STITCH - NK],DEMAND_GEN,2025-08-19,16092,12278,1.3106369115491123,41.408654,400,36.0
GERAL,GERAL,22798758360,[Demand Gen - STITCH - NK],DEMAND_GEN,2025-08-20,13391,9281,1.4428402111841396,41.101277,391,32.0
GERAL,GERAL,22798758360,[Demand Gen - STITCH - NK],DEMAND_GEN,2025-08-21,15602,10335,1.5096274794388003,41.210395,400,71.0
GERAL,GERAL,22798758360,[Demand Gen - STITCH - NK],DEMAND_GEN,2025-08-22,16380,10950,1.4958904109589042,40.893644,404,48.0
GERAL,GERAL,22798758360,[Demand Gen - STITCH - NK],DEMAND_GEN,2025-08-23,16949,11474,1.4771657660798327,40.660682,486,53.0
GERAL,GERAL,22798758360,[Demand Gen - STITCH - NK],DEMAND_GEN,2025-08-24,17797,12894,1.3802543818830464,40.36488,466,82.0
GERAL,GERAL,22798758360,[Demand Gen - STITCH - NK],DEMAND_GEN,2025-08-25,15654,11107,1.4093814711443233,40.135388,374,30.0
GERAL,GERAL,22798758360,[Demand Gen - STITCH - NK],DEMAND_GEN,2025-08-26,15515,11342,1.3679245283018868,39.783224,396,60.0
GERAL,GERAL,22798758360,[Demand Gen - STITCH - NK],DEMAND_GEN,2025-08-27,15771,11421,1.3808773312319411,39.368598,371,51.0
GERAL,GERAL,22798758360,[Demand Gen - STITCH - NK],DEMAND_GEN,2025-08-28,15278,11050,1.3826244343891403,38.969585,381,74.0
GERAL,GERAL,22798758360,[Demand Gen - STITCH - NK],DEMAND_GEN,2025-08-29,16425,11947,1.374822131078932,38.259033,365,104.0
GERAL,GERAL,22798758360,[Demand Gen - STITCH - NK],DEMAND_GEN,2025-08-30,18154,13086,1.3872841204340516,37.291663,431,53.0
GERAL,GERAL,22798758360,[Demand Gen - STITCH - NK],DEMAND_GEN,2025-08-31,18664,12348,1.5114998380304503,35.520295,436,61.0
GERAL,GERAL,22798758360,[Demand Gen - STITCH - NK],DEMAND_GEN,2025-09-01,24307,14303,1.6994336852408585,61.990007,603,106.0
GERAL,GERAL,22798758360,[Demand Gen - STITCH - NK],DEMAND_GEN,2025-09-02,17442,10354,1.6845663511686304,45.003865,489,93.0
GERAL,GERAL,22798758360,[Demand Gen - STITCH - NK],DEMAND_GEN,2025-09-03,15791,9308,1.6964976364417705,47.186652,472,141.0
GERAL,GERAL,22798913208,[Demand Gen - STITCH - CS],DEMAND_GEN,2025-07-17,14765,13860,1.0652958152958152,60.697843,377,19.0
GERAL,GERAL,22798913208,[Demand Gen - STITCH - CS],DEMAND_GEN,2025-07-18,30497,22963,1.3280930192048077,62.082618,894,34.0
GERAL,GERAL,22798913208,[Demand Gen - STITCH - CS],DEMAND_GEN,2025-07-19,29323,20367,1.4397309373005351,62.585182,1121,45.0
GERAL,GERAL,22798913208,[Demand Gen - STITCH - CS],DEMAND_GEN,2025-07-20,32707,22231,1.4712338626242634,62.263751,1277,25.0
GERAL,GERAL,22798913208,[Demand Gen - STITCH - CS],DEMAND_GEN,2025-07-21,14653,10915,1.3424644983967018,30.309502,538,5.0
GERAL,GERAL,22798913208,[Demand Gen - STITCH - CS],DEMAND_GEN,2025-07-22,16158,11971,1.3497619246512405,31.373392,598,20.0
GERAL,GERAL,22798913208,[Demand Gen - STITCH - CS],DEMAND_GEN,2025-07-23,14975,10685,1.4014974262985493,31.212028,598,19.0
GERAL,GERAL,22798913208,[Demand Gen - STITCH - CS],DEMAND_GEN,2025-07-24,16687,12001,1.390467461044913,30.975458,623,14.0
GERAL,GERAL,22798913208,[Demand Gen - STITCH - CS],DEMAND_GEN,2025-07-25,16543,11720,1.411518771331058,30.477087,633,11.0
GERAL,GERAL,22798913208,[Demand Gen - STITCH - CS],DEMAND_GEN,2025-07-26,18468,12891,1.4326274144752154,30.558644,689,22.0
GERAL,GERAL,22798913208,[Demand Gen - STITCH - CS],DEMAND_GEN,2025-07-27,19760,13965,1.4149659863945578,30.147401,628,20.0
GERAL,GERAL,22798913208,[Demand Gen - STITCH - CS],DEMAND_GEN,2025-07-28,17314,12057,1.4360122750269553,29.81366,565,16.0
GERAL,GERAL,22798913208,[Demand Gen - STITCH - CS],DEMAND_GEN,2025-07-29,18155,12589,1.4421320200174756,29.453845,527,17.010752
GERAL,GERAL,22798913208,[Demand Gen - STITCH - CS],DEMAND_GEN,2025-07-30,5701,4334,1.3154130133825566,8.637516,147,9.0
GERAL,GERAL,22798913208,[Demand Gen - STITCH - CS],DEMAND_GEN,2025-07-31,27240,17072,1.5955951265229615,47.357785,721,40.0
GERAL,GERAL,22798913208,[Demand Gen - STITCH - CS],DEMAND_GEN,2025-08-01,11308,8104,1.395360315893386,17.436309,322,18.0
GERAL,GERAL,22798913208,[Demand Gen - STITCH - CS],DEMAND_GEN,2025-08-02,2651,1984,1.3361895161290323,3.891507,56,3.0
GERAL,GERAL,22798913208,[Demand Gen - STITCH - CS],DEMAND_GEN,2025-08-03,2228,1600,1.3925,2.693056,46,1.0
GERAL,GERAL,22798913208,[Demand Gen - STITCH - CS],DEMAND_GEN,2025-08-04,1422,1006,1.4135188866799204,1.923852,30,1.0
GERAL,GERAL,22798913208,[Demand Gen - STITCH - CS],DEMAND_GEN,2025-08-05,1901,1427,1.332165381920112,2.748463,52,1.0
GERAL,GERAL,22798913208,[Demand Gen - STITCH - CS],DEMAND_GEN,2025-08-06,1715,1325,1.2943396226415094,2.54028,32,1.0
GERAL,GERAL,22798913208,[Demand Gen - STITCH - CS],DEMAND_GEN,2025-08-07,2896,2186,1.3247941445562672,5.572849,68,3.0
GERAL,GERAL,22798913208,[Demand Gen - STITCH - CS],DEMAND_GEN,2025-08-08,15973,10977,1.455133460872734,35.40797,462,16.989248
GERAL,GERAL,22798913208,[Demand Gen - STITCH - CS],DEMAND_GEN,2025-08-09,13432,9232,1.4549393414211438,24.437932,405,17.0
GERAL,GERAL,22798913208,[Demand Gen - STITCH - CS],DEMAND_GEN,2025-08-10,29453,19074,1.5441438607528573,58.386326,833,46.0
GERAL,GERAL,22798913208,[Demand Gen - STITCH - CS],DEMAND_GEN,2025-08-11,26518,17205,1.541296134844522,59.035796,734,42.0
GERAL,GERAL,22798913208,[Demand Gen - STITCH - CS],DEMAND_GEN,2025-08-12,28440,19083,1.4903317088508097,57.56626,744,14.0
GERAL,GERAL,22798913208,[Demand Gen - STITCH - CS],DEMAND_GEN,2025-08-13,1022,789,1.2953105196451205,1.452216,27,1.0
GERAL,GERAL,22798913208,[Demand Gen - STITCH - CS],DEMAND_GEN,2025-08-14,2775,2044,1.3576320939334638,4.917733,68,2.0
GERAL,GERAL,22798913208,[Demand Gen - STITCH - CS],DEMAND_GEN,2025-08-15,9668,7075,1.3665017667844523,21.60267,323,9.0
GERAL,GERAL,22798913208,[Demand Gen - STITCH - CS],DEMAND_GEN,2025-08-16,53937,34827,1.5487122060470324,113.506489,1537,63.0
GERAL,GERAL,22798913208,[Demand Gen - STITCH - CS],DEMAND_GEN,2025-08-17,33162,21914,1.5132791822579172,68.883418,919,21.0
GERAL,GERAL,22798913208,[Demand Gen - STITCH - CS],DEMAND_GEN,2025-08-18,30032,20726,1.4490012544629933,68.630607,881,44.0
GERAL,GERAL,22798913208,[Demand Gen - STITCH - CS],DEMAND_GEN,2025-08-19,27338,19211,1.423038883972724,68.40479,768,27.0
GERAL,GERAL,22798913208,[Demand Gen - STITCH - CS],DEMAND_GEN,2025-08-20,30043,21336,1.4080896137982752,75.590318,772,23.0
GERAL,GERAL,22798913208,[Demand Gen - STITCH - CS],DEMAND_GEN,2025-08-21,32956,23392,1.408857729138167,72.390057,703,21.0
GERAL,GERAL,22798913208,[Demand Gen - STITCH - CS],DEMAND_GEN,2025-08-22,31546,21681,1.4550066878834003,70.063849,651,32.0
GERAL,GERAL,22798913208,[Demand Gen - STITCH - CS],DEMAND_GEN,2025-08-23,32558,22324,1.458430388819208,68.942176,664,44.0
GERAL,GERAL,22798913208,[Demand Gen - STITCH - CS],DEMAND_GEN,2025-08-24,29182,19776,1.4756270226537216,61.762575,664,32.0
GERAL,GERAL,22798913208,[Demand Gen - STITCH - CS],DEMAND_GEN,2025-08-25,24967,17240,1.448201856148492,61.750171,769,31.666666
GERAL,GERAL,22798913208,[Demand Gen - STITCH - CS],DEMAND_GEN,2025-08-26,27008,18022,1.4986128065697482,61.598756,814,34.0
GERAL,GERAL,22798913208,[Demand Gen - STITCH - CS],DEMAND_GEN,2025-08-27,27822,18615,1.4946011281224818,61.835234,778,31.0
GERAL,GERAL,22798913208,[Demand Gen - STITCH - CS],DEMAND_GEN,2025-08-28,27804,18613,1.4937946596464837,63.935327,835,34.0
GERAL,GERAL,22798913208,[Demand Gen - STITCH - CS],DEMAND_GEN,2025-08-29,28978,19211,1.508406642028005,63.210645,891,57.333334
GERAL,GERAL,22798913208,[Demand Gen - STITCH - CS],DEMAND_GEN,2025-08-30,31463,21611,1.45587895053445,61.637382,922,48.0
GERAL,GERAL,22798913208,[Demand Gen - STITCH - CS],DEMAND_GEN,2025-08-31,34066,22825,1.492486308871851,58.47298,817,36.0
GERAL,GERAL,22798913208,[Demand Gen - STITCH - CS],DEMAND_GEN,2025-09-01,47957,31369,1.5288023207625363,100.202239,1143,85.0
GERAL,GERAL,22798913208,[Demand Gen - STITCH - CS],DEMAND_GEN,2025-09-02,23415,16627,1.4082516389005835,44.802372,545,32.0
GERAL,GERAL,22798913208,[Demand Gen - STITCH - CS],DEMAND_GEN,2025-09-03,23535,16748,1.4052424170050155,47.403663,612,56.0
GERAL,GERAL,22803739643,[PMAX - Benefício Stitch - NK],PERFORMANCE_MAX,2025-07-17,23346,16624,1.4043551491819057,108.73145,22,520.0
GERAL,GERAL,22803739643,[PMAX - Benefício Stitch - NK],PERFORMANCE_MAX,2025-07-18,35340,23682,1.4922726121104637,128.91432,29,775.0
GERAL,GERAL,22803739643,[PMAX - Benefício Stitch - NK],PERFORMANCE_MAX,2025-07-19,30582,21365,1.4314065059677041,128.132766,34,782.0
GERAL,GERAL,22803739643,[PMAX - Benefício Stitch - NK],PERFORMANCE_MAX,2025-07-20,4878,3768,1.2945859872611465,38.538464,9,158.0
GERAL,GERAL,22803739643,[PMAX - Benefício Stitch - NK],PERFORMANCE_MAX,2025-07-21,28152,20399,1.3800676503750184,185.635208,24,552.0
GERAL,GERAL,22803739643,[PMAX - Benefício Stitch - NK],PERFORMANCE_MAX,2025-07-22,6251,4790,1.3050104384133612,52.284045,13,228.0
GERAL,GERAL,22803739643,[PMAX - Benefício Stitch - NK],PERFORMANCE_MAX,2025-07-23,3888,3151,1.2338940019041573,18.550923,14,183.0
GERAL,GERAL,22803739643,[PMAX - Benefício Stitch - NK],PERFORMANCE_MAX,2025-07-24,12277,9767,1.256987816115491,43.670784,9,414.0
GERAL,GERAL,22803739643,[PMAX - Benefício Stitch - NK],PERFORMANCE_MAX,2025-07-25,7457,6065,1.2295136026380873,26.379398,13,287.0
GERAL,GERAL,22803739643,[PMAX - Benefício Stitch - NK],PERFORMANCE_MAX,2025-07-26,9478,7240,1.3091160220994476,35.468062,13,277.0
GERAL,GERAL,22803739643,[PMAX - Benefício Stitch - NK],PERFORMANCE_MAX,2025-07-27,6651,5424,1.226216814159292,24.668143,27,198.0
GERAL,GERAL,22803739643,[PMAX - Benefício Stitch - NK],PERFORMANCE_MAX,2025-07-28,7475,5952,1.255880376344086,32.0798,18,222.0
GERAL,GERAL,22803739643,[PMAX - Benefício Stitch - NK],PERFORMANCE_MAX,2025-07-29,6410,5192,1.2345916795069338,20.383097,14,244.0
GERAL,GERAL,22803739643,[PMAX - Benefício Stitch - NK],PERFORMANCE_MAX,2025-07-30,6261,5231,1.1969030778053908,20.252919,9,214.0
GERAL,GERAL,22803739643,[PMAX - Benefício Stitch - NK],PERFORMANCE_MAX,2025-07-31,9483,7545,1.2568588469184891,29.1702,14,426.0
GERAL,GERAL,22803739643,[PMAX - Benefício Stitch - NK],PERFORMANCE_MAX,2025-08-01,12075,9350,1.2914438502673797,30.310403,21,461.0
GERAL,GERAL,22803739643,[PMAX - Benefício Stitch - NK],PERFORMANCE_MAX,2025-08-02,10307,8074,1.276566757493188,26.660163,19,484.0
GERAL,GERAL,22803739643,[PMAX - Benefício Stitch - NK],PERFORMANCE_MAX,2025-08-03,8173,6558,1.2462641049100336,22.493997,15,303.0
GERAL,GERAL,22803739643,[PMAX - Benefício Stitch - NK],PERFORMANCE_MAX,2025-08-04,11228,8799,1.2760540970564838,41.214744,16,289.0
GERAL,GERAL,22803739643,[PMAX - Benefício Stitch - NK],PERFORMANCE_MAX,2025-08-05,9294,7675,1.210944625407166,31.41199,4,182.0
GERAL,GERAL,22803739643,[PMAX - Benefício Stitch - NK],PERFORMANCE_MAX,2025-08-06,6360,5387,1.1806200111379246,33.43474,16,202.0
GERAL,GERAL,22803739643,[PMAX - Benefício Stitch - NK],PERFORMANCE_MAX,2025-08-07,6300,5591,1.126810946163477,23.215694,4,191.0
GERAL,GERAL,22803739643,[PMAX - Benefício Stitch - NK],PERFORMANCE_MAX,2025-08-08,7330,6063,1.2089724558799275,35.108609,4,249.0
GERAL,GERAL,22803739643,[PMAX - Benefício Stitch - NK],PERFORMANCE_MAX,2025-08-09,9333,7937,1.1758850951241022,36.638675,8,296.0
GERAL,GERAL,22803739643,[PMAX - Benefício Stitch - NK],PERFORMANCE_MAX,2025-08-10,4462,3896,1.145277207392197,19.782171,10,113.0
GERAL,GERAL,22803739643,[PMAX - Benefício Stitch - NK],PERFORMANCE_MAX,2025-08-11,8645,7045,1.227111426543648,45.191069,7,210.0
GERAL,GERAL,22803739643,[PMAX - Benefício Stitch - NK],PERFORMANCE_MAX,2025-08-12,8430,6549,1.2872194228126432,29.763822,8,156.0
GERAL,GERAL,22803739643,[PMAX - Benefício Stitch - NK],PERFORMANCE_MAX,2025-08-13,9212,7447,1.23700819121794,30.868989,6,244.0
GERAL,GERAL,22803739643,[PMAX - Benefício Stitch - NK],PERFORMANCE_MAX,2025-08-14,8207,6671,1.2302503372807676,23.664183,4,196.0
GERAL,GERAL,22803739643,[PMAX - Benefício Stitch - NK],PERFORMANCE_MAX,2025-08-15,11911,9376,1.2703711604095562,42.916895,22,395.0
GERAL,GERAL,22803739643,[PMAX - Benefício Stitch - NK],PERFORMANCE_MAX,2025-08-16,13468,10361,1.299874529485571,36.996373,18,375.0
GERAL,GERAL,22803739643,[PMAX - Benefício Stitch - NK],PERFORMANCE_MAX,2025-08-17,10302,8337,1.2356962936308025,33.514658,20,309.0
GERAL,GERAL,22803739643,[PMAX - Benefício Stitch - NK],PERFORMANCE_MAX,2025-08-18,12444,9697,1.2832834897390946,60.72894,16,371.0
GERAL,GERAL,22803739643,[PMAX - Benefício Stitch - NK],PERFORMANCE_MAX,2025-08-19,11126,8714,1.276795960523296,44.081897,13,324.0
GERAL,GERAL,22803739643,[PMAX - Benefício Stitch - NK],PERFORMANCE_MAX,2025-08-20,12321,10006,1.231361183290026,45.714305,18,363.0
GERAL,GERAL,22803739643,[PMAX - Benefício Stitch - NK],PERFORMANCE_MAX,2025-08-21,12797,10365,1.2346357935359382,39.530467,16,402.0
GERAL,GERAL,22803739643,[PMAX - Benefício Stitch - NK],PERFORMANCE_MAX,2025-08-22,14673,11758,1.24791631229801,49.844397,17,490.0
GERAL,GERAL,22803739643,[PMAX - Benefício Stitch - NK],PERFORMANCE_MAX,2025-08-23,12912,10203,1.265510144075272,42.89139,20,449.0
GERAL,GERAL,22803739643,[PMAX - Benefício Stitch - NK],PERFORMANCE_MAX,2025-08-24,11775,9438,1.247616020343293,35.477804,10,304.0
GERAL,GERAL,22803739643,[PMAX - Benefício Stitch - NK],PERFORMANCE_MAX,2025-08-25,11039,9046,1.2203183727614415,53.967346,14,317.0
GERAL,GERAL,22803739643,[PMAX - Benefício Stitch - NK],PERFORMANCE_MAX,2025-08-26,12889,10320,1.2489341085271317,41.900069,13,316.0
GERAL,GERAL,22803739643,[PMAX - Benefício Stitch - NK],PERFORMANCE_MAX,2025-08-27,12126,9872,1.228322528363047,42.393832,15,361.0
GERAL,GERAL,22803739643,[PMAX - Benefício Stitch - NK],PERFORMANCE_MAX,2025-08-28,13080,10525,1.2427553444180524,41.437488,14,440.0
GERAL,GERAL,22803739643,[PMAX - Benefício Stitch - NK],PERFORMANCE_MAX,2025-08-29,10086,8305,1.2144491270319084,35.645995,10,365.0
GERAL,GERAL,22803739643,[PMAX - Benefício Stitch - NK],PERFORMANCE_MAX,2025-08-30,9716,7812,1.2437275985663083,37.900539,6,343.0
GERAL,GERAL,22803739643,[PMAX - Benefício Stitch - NK],PERFORMANCE_MAX,2025-08-31,7376,6120,1.2052287581699346,27.001677,3,178.0
GERAL,GERAL,22803739643,[PMAX - Benefício Stitch - NK],PERFORMANCE_MAX,2025-09-01,8796,7295,1.2057573680603153,43.563896,11,233.0
GERAL,GERAL,22803739643,[PMAX - Benefício Stitch - NK],PERFORMANCE_MAX,2025-09-02,15096,12204,1.2369714847590954,47.423195,16,284.0
GERAL,GERAL,22803739643,[PMAX - Benefício Stitch - NK],PERFORMANCE_MAX,2025-09-03,11211,9473,1.1834688060804393,45.886102,13,244.0
GERAL,GERAL,22803924905,[DISPLAY - STITCH - NK],DISPLAY,2025-07-17,62953,15988,3.9375156367275457,59.986032,87,4.0
GERAL,GERAL,22803924905,[DISPLAY - STITCH - NK],DISPLAY,2025-07-18,63826,17681,3.6098636954923364,62.708776,80,5.0
GERAL,GERAL,22803924905,[DISPLAY - STITCH - NK],DISPLAY,2025-07-19,66736,17036,3.9173514909603195,62.50173,66,1.0
GERAL,GERAL,22803924905,[DISPLAY - STITCH - NK],DISPLAY,2025-07-20,66810,13303,5.022175449146809,62.22155,74,3.0
GERAL,GERAL,22803924905,[DISPLAY - STITCH - NK],DISPLAY,2025-07-21,65601,14258,4.60099593210829,61.949263,74,0.0
GERAL,GERAL,22803924905,[DISPLAY - STITCH - NK],DISPLAY,2025-07-22,33431,7817,4.276704618139951,31.302237,35,2.0
GERAL,GERAL,22803924905,[DISPLAY - STITCH - NK],DISPLAY,2025-07-23,33255,7820,4.252557544757034,31.127827,30,2.0
GERAL,GERAL,22803924905,[DISPLAY - STITCH - NK],DISPLAY,2025-07-24,33266,7839,4.243653527235617,30.964328,30,1.0
GERAL,GERAL,22803924905,[DISPLAY - STITCH - NK],DISPLAY,2025-07-25,33380,7455,4.477531857813548,30.842348,37,1.0
GERAL,GERAL,22803924905,[DISPLAY - STITCH - NK],DISPLAY,2025-07-26,32812,7074,4.63839411931015,30.54786,37,2.0
GERAL,GERAL,22803924905,[DISPLAY - STITCH - NK],DISPLAY,2025-07-27,32874,6885,4.7747276688453155,30.334055,30,0.0
GERAL,GERAL,22803924905,[DISPLAY - STITCH - NK],DISPLAY,2025-07-28,33757,7950,4.246163522012578,30.351963,36,4.0
GERAL,GERAL,22803924905,[DISPLAY - STITCH - NK],DISPLAY,2025-07-29,32006,7063,4.5315021945349,29.174892,19,3.0
GERAL,GERAL,22803924905,[DISPLAY - STITCH - NK],DISPLAY,2025-07-30,22917,5077,4.513886153240103,20.504285,18,0.0
GERAL,GERAL,22803924905,[DISPLAY - STITCH - NK],DISPLAY,2025-07-31,21887,4720,4.637076271186441,19.500349,25,2.0
GERAL,GERAL,22803924905,[DISPLAY - STITCH - NK],DISPLAY,2025-08-01,22158,4841,4.5771534806858085,19.59799,23,0.0
GERAL,GERAL,22803924905,[DISPLAY - STITCH - NK],DISPLAY,2025-08-02,22836,4915,4.64618514750763,20.548901,18,2.0
GERAL,GERAL,22803924905,[DISPLAY - STITCH - NK],DISPLAY,2025-08-03,23784,4922,4.832182039821211,20.612658,30,1.0
GERAL,GERAL,22803924905,[DISPLAY - STITCH - NK],DISPLAY,2025-08-04,23137,4732,4.889475908706678,20.594246,22,1.0
GERAL,GERAL,22803924905,[DISPLAY - STITCH - NK],DISPLAY,2025-08-05,22491,4545,4.9485148514851485,20.6096,20,1.0
GERAL,GERAL,22803924905,[DISPLAY - STITCH - NK],DISPLAY,2025-08-06,23146,4563,5.072539995616919,20.460772,23,2.0
GERAL,GERAL,22803924905,[DISPLAY - STITCH - NK],DISPLAY,2025-08-07,22397,5020,4.461553784860558,20.382391,14,1.0
GERAL,GERAL,22803924905,[DISPLAY - STITCH - NK],DISPLAY,2025-08-08,21662,5121,4.230033196641281,20.336518,20,2.0
GERAL,GERAL,22803924905,[DISPLAY - STITCH - NK],DISPLAY,2025-08-09,22554,4712,4.786502546689304,20.403998,28,0.0
GERAL,GERAL,22803924905,[DISPLAY - STITCH - NK],DISPLAY,2025-08-10,20992,5011,4.189183795649571,20.400325,19,1.0
GERAL,GERAL,22803924905,[DISPLAY - STITCH - NK],DISPLAY,2025-08-11,21949,4792,4.580342237061769,20.010219,18,1.0
GERAL,GERAL,22803924905,[DISPLAY - STITCH - NK],DISPLAY,2025-08-12,21151,4997,4.232739643786272,20.203678,15,1.0
GERAL,GERAL,22803924905,[DISPLAY - STITCH - NK],DISPLAY,2025-08-13,21410,5232,4.092125382262997,20.11809,18,4.0
GERAL,GERAL,22803924905,[DISPLAY - STITCH - NK],DISPLAY,2025-08-14,21805,4813,4.530438396010804,20.110395,22,0.0
GERAL,GERAL,22803924905,[DISPLAY - STITCH - NK],DISPLAY,2025-08-15,67439,13678,4.930472291270654,58.930154,56,2.0
GERAL,GERAL,22803924905,[DISPLAY - STITCH - NK],DISPLAY,2025-08-16,70863,11699,6.057184374732883,62.311901,66,0.0
GERAL,GERAL,22803924905,[DISPLAY - STITCH - NK],DISPLAY,2025-08-17,72632,12461,5.828745686542011,61.485678,59,5.0
GERAL,GERAL,22803924905,[DISPLAY - STITCH - NK],DISPLAY,2025-08-18,71733,13550,5.293948339483395,62.398485,63,1.0
GERAL,GERAL,22803924905,[DISPLAY - STITCH - NK],DISPLAY,2025-08-19,66749,13128,5.084475929311395,60.591237,58,4.0
GERAL,GERAL,22803924905,[DISPLAY - STITCH - NK],DISPLAY,2025-08-20,69426,13394,5.183365686128117,61.391659,49,0.0
GERAL,GERAL,22803924905,[DISPLAY - STITCH - NK],DISPLAY,2025-08-21,66100,13082,5.052744228711206,59.985049,72,5.0
GERAL,GERAL,22803924905,[DISPLAY - STITCH - NK],DISPLAY,2025-08-22,67784,13751,4.929386953676096,60.390213,39,1.0
GERAL,GERAL,22803924905,[DISPLAY - STITCH - NK],DISPLAY,2025-08-23,65756,12649,5.198513716499328,59.340013,72,5.0
GERAL,GERAL,22803924905,[DISPLAY - STITCH - NK],DISPLAY,2025-08-24,68711,12188,5.6375943551033805,60.128909,67,5.0
GERAL,GERAL,22803924905,[DISPLAY - STITCH - NK],DISPLAY,2025-08-25,65721,12408,5.296663442940039,58.688802,45,0.0
GERAL,GERAL,22803924905,[DISPLAY - STITCH - NK],DISPLAY,2025-08-26,64983,12742,5.099905823261654,58.774315,58,8.0
GERAL,GERAL,22803924905,[DISPLAY - STITCH - NK],DISPLAY,2025-08-27,64581,12081,5.345666749441271,58.113069,51,2.0
GERAL,GERAL,22803924905,[DISPLAY - STITCH - NK],DISPLAY,2025-08-28,63346,11803,5.3669406083199185,57.535378,46,0.0
GERAL,GERAL,22803924905,[DISPLAY - STITCH - NK],DISPLAY,2025-08-29,63597,12925,4.9204642166344295,57.150289,53,1.0
GERAL,GERAL,22803924905,[DISPLAY - STITCH - NK],DISPLAY,2025-08-30,60557,12788,4.735455114169534,55.051461,74,4.0
GERAL,GERAL,22803924905,[DISPLAY - STITCH - NK],DISPLAY,2025-08-31,58157,11159,5.211667712160588,51.322459,54,1.0
GERAL,GERAL,22803924905,[DISPLAY - STITCH - NK],DISPLAY,2025-09-01,68597,14417,4.758063397378096,60.372086,45,2.0
GERAL,GERAL,22803924905,[DISPLAY - STITCH - NK],DISPLAY,2025-09-02,69505,14544,4.778946644664466,61.929625,53,3.0
GERAL,GERAL,22803924905,[DISPLAY - STITCH - NK],DISPLAY,2025-09-03,71141,15075,4.719137645107795,63.135483,62,5.0
GERAL,GERAL,22804609184,[Demand Gen - STITCH - NS],DEMAND_GEN,2025-07-17,5168,4272,1.2097378277153559,30.356635,121,17.0
GERAL,GERAL,22804609184,[Demand Gen - STITCH - NS],DEMAND_GEN,2025-07-18,21237,15867,1.3384382681036113,92.457494,772,52.0
GERAL,GERAL,22804609184,[Demand Gen - STITCH - NS],DEMAND_GEN,2025-07-19,30498,19753,1.5439680048600213,62.467906,979,49.0
GERAL,GERAL,22804609184,[Demand Gen - STITCH - NS],DEMAND_GEN,2025-07-20,33570,21675,1.54878892733564,62.36674,1036,35.0
GERAL,GERAL,22804609184,[Demand Gen - STITCH - NS],DEMAND_GEN,2025-07-21,34556,21647,1.5963412944056914,62.627591,1049,37.0
GERAL,GERAL,22804609184,[Demand Gen - STITCH - NS],DEMAND_GEN,2025-07-22,19170,13970,1.3722261989978526,36.803325,563,22.0
GERAL,GERAL,22804609184,[Demand Gen - STITCH - NS],DEMAND_GEN,2025-07-23,17687,12052,1.467557251908397,31.717776,530,18.0
GERAL,GERAL,22804609184,[Demand Gen - STITCH - NS],DEMAND_GEN,2025-07-24,17718,12397,1.4292167459869323,30.994123,565,24.0
GERAL,GERAL,22804609184,[Demand Gen - STITCH - NS],DEMAND_GEN,2025-07-25,16703,12138,1.3760916131158345,30.719947,509,20.0
GERAL,GERAL,22804609184,[Demand Gen - STITCH - NS],DEMAND_GEN,2025-07-26,17011,11861,1.4341961048815446,30.709782,592,28.0
GERAL,GERAL,22804609184,[Demand Gen - STITCH - NS],DEMAND_GEN,2025-07-27,17595,12232,1.438440156965337,30.66558,549,32.0
GERAL,GERAL,22804609184,[Demand Gen - STITCH - NS],DEMAND_GEN,2025-07-28,16581,11704,1.416695146958305,29.890157,472,15.0
GERAL,GERAL,22804609184,[Demand Gen - STITCH - NS],DEMAND_GEN,2025-07-29,17221,12099,1.4233407719646252,29.252865,460,26.0
GERAL,GERAL,22804609184,[Demand Gen - STITCH - NS],DEMAND_GEN,2025-07-30,4004,3131,1.2788246566592143,5.855788,93,8.0
GERAL,GERAL,22804609184,[Demand Gen - STITCH - NS],DEMAND_GEN,2025-07-31,25069,15432,1.6244815966822188,41.539792,635,55.0
GERAL,GERAL,22804609184,[Demand Gen - STITCH - NS],DEMAND_GEN,2025-08-01,6713,4795,1.4,9.516708,159,7.0
GERAL,GERAL,22804609184,[Demand Gen - STITCH - NS],DEMAND_GEN,2025-08-02,1440,1025,1.4048780487804877,1.724145,53,5.0
GERAL,GERAL,22804609184,[Demand Gen - STITCH - NS],DEMAND_GEN,2025-08-03,1280,915,1.3989071038251366,1.595071,34,3.0
GERAL,GERAL,22804609184,[Demand Gen - STITCH - NS],DEMAND_GEN,2025-08-04,981,731,1.3419972640218878,1.283761,28,4.0
GERAL,GERAL,22804609184,[Demand Gen - STITCH - NS],DEMAND_GEN,2025-08-05,769,556,1.3830935251798562,0.974782,17,0.0
GERAL,GERAL,22804609184,[Demand Gen - STITCH - NS],DEMAND_GEN,2025-08-06,452,392,1.153061224489796,0.621474,8,1.0
GERAL,GERAL,22804609184,[Demand Gen - STITCH - NS],DEMAND_GEN,2025-08-07,2356,1769,1.3318258903335218,4.438303,50,2.0
GERAL,GERAL,22804609184,[Demand Gen - STITCH - NS],DEMAND_GEN,2025-08-08,21815,12818,1.7019035731003276,57.947995,675,33.0
GERAL,GERAL,22804609184,[Demand Gen - STITCH - NS],DEMAND_GEN,2025-08-09,16632,10068,1.6519666269368296,38.386326,514,20.0
GERAL,GERAL,22804609184,[Demand Gen - STITCH - NS],DEMAND_GEN,2025-08-10,29975,18135,1.6528811690102012,58.718042,788,42.0
GERAL,GERAL,22804609184,[Demand Gen - STITCH - NS],DEMAND_GEN,2025-08-11,25005,15677,1.5950118007271799,59.079114,662,32.0
GERAL,GERAL,22804609184,[Demand Gen - STITCH - NS],DEMAND_GEN,2025-08-12,24676,15861,1.5557657146459871,57.721384,613,21.0
GERAL,GERAL,22804609184,[Demand Gen - STITCH - NS],DEMAND_GEN,2025-08-13,3398,2292,1.4825479930191972,7.079001,114,2.0
GERAL,GERAL,22804609184,[Demand Gen - STITCH - NS],DEMAND_GEN,2025-08-14,21926,14239,1.5398553269190252,51.386255,656,50.0
GERAL,GERAL,22804609184,[Demand Gen - STITCH - NS],DEMAND_GEN,2025-08-15,26624,17381,1.531787584143605,64.849566,725,37.0
GERAL,GERAL,22804609184,[Demand Gen - STITCH - NS],DEMAND_GEN,2025-08-16,52842,32020,1.6502810743285448,109.18663,1432,106.0
GERAL,GERAL,22804609184,[Demand Gen - STITCH - NS],DEMAND_GEN,2025-08-17,41213,25872,1.5929576376004948,88.376289,1233,62.0
GERAL,GERAL,22804609184,[Demand Gen - STITCH - NS],DEMAND_GEN,2025-08-18,35243,22349,1.5769385654839143,88.64608,1002,50.0
GERAL,GERAL,22804609184,[Demand Gen - STITCH - NS],DEMAND_GEN,2025-08-19,29928,19674,1.5211954864287893,88.077938,815,62.0
GERAL,GERAL,22804609184,[Demand Gen - STITCH - NS],DEMAND_GEN,2025-08-20,25732,17086,1.5060283272854968,87.716294,869,37.0
GERAL,GERAL,22804609184,[Demand Gen - STITCH - NS],DEMAND_GEN,2025-08-21,30885,18661,1.6550559991425968,87.356062,811,57.0
GERAL,GERAL,22804609184,[Demand Gen - STITCH - NS],DEMAND_GEN,2025-08-22,32799,20397,1.6080305927342256,86.657503,965,55.0
GERAL,GERAL,22804609184,[Demand Gen - STITCH - NS],DEMAND_GEN,2025-08-23,36280,22102,1.641480409012759,86.374281,974,56.0
GERAL,GERAL,22804609184,[Demand Gen - STITCH - NS],DEMAND_GEN,2025-08-24,37011,22767,1.6256423771247859,85.877214,947,65.0
GERAL,GERAL,22804609184,[Demand Gen - STITCH - NS],DEMAND_GEN,2025-08-25,31516,20067,1.5705386953705087,85.15806,837,48.0
GERAL,GERAL,22804609184,[Demand Gen - STITCH - NS],DEMAND_GEN,2025-08-26,34728,21809,1.5923701224265212,84.205106,936,67.0
GERAL,GERAL,22804609184,[Demand Gen - STITCH - NS],DEMAND_GEN,2025-08-27,34163,21612,1.5807421802702202,84.107986,938,67.0
GERAL,GERAL,22804609184,[Demand Gen - STITCH - NS],DEMAND_GEN,2025-08-28,32209,20441,1.5757056895455213,82.417495,933,84.0
GERAL,GERAL,22804609184,[Demand Gen - STITCH - NS],DEMAND_GEN,2025-08-29,34469,21866,1.5763742797036495,81.380222,1013,84.0
GERAL,GERAL,22804609184,[Demand Gen - STITCH - NS],DEMAND_GEN,2025-08-30,33880,20845,1.6253298153034301,79.447413,1072,92.0
GERAL,GERAL,22804609184,[Demand Gen - STITCH - NS],DEMAND_GEN,2025-08-31,33830,21834,1.5494183383713473,75.010581,900,73.0
GERAL,GERAL,22804609184,[Demand Gen - STITCH - NS],DEMAND_GEN,2025-09-01,50823,31142,1.6319761094342047,129.973079,1245,98.0
GERAL,GERAL,22804609184,[Demand Gen - STITCH - NS],DEMAND_GEN,2025-09-02,20063,14051,1.4278699024980428,44.958899,559,43.0
GERAL,GERAL,22804609184,[Demand Gen - STITCH - NS],DEMAND_GEN,2025-09-03,22618,15484,1.4607336605528287,47.250993,554,80.0
GERAL,GERAL,22804721222,[Demand Gen - STITCH - BS],DEMAND_GEN,2025-07-21,9016,6301,1.4308839866687828,119.771377,206,4.0
GERAL,GERAL,22804721222,[Demand Gen - STITCH - BS],DEMAND_GEN,2025-07-22,28451,22937,1.2403976108471029,105.055129,962,19.0
GERAL,GERAL,22804721222,[Demand Gen - STITCH - BS],DEMAND_GEN,2025-07-23,16251,12555,1.294384707287933,31.663427,579,24.0
GERAL,GERAL,22804721222,[Demand Gen - STITCH - BS],DEMAND_GEN,2025-07-24,15433,11874,1.2997305036213576,31.132967,607,18.0
GERAL,GERAL,22804721222,[Demand Gen - STITCH - BS],DEMAND_GEN,2025-07-25,15621,11431,1.3665471087393928,30.648538,556,10.0
GERAL,GERAL,22804721222,[Demand Gen - STITCH - BS],DEMAND_GEN,2025-07-26,18047,12842,1.4053106992680269,30.717071,612,12.0
GERAL,GERAL,22804721222,[Demand Gen - STITCH - BS],DEMAND_GEN,2025-07-27,19792,14152,1.3985302430751838,30.952029,628,12.0
GERAL,GERAL,22804721222,[Demand Gen - STITCH - BS],DEMAND_GEN,2025-07-28,17351,12106,1.433256236576904,29.642111,556,25.0
GERAL,GERAL,22804721222,[Demand Gen - STITCH - BS],DEMAND_GEN,2025-07-29,17932,12807,1.4001717810572343,29.50148,554,14.0
GERAL,GERAL,22804721222,[Demand Gen - STITCH - BS],DEMAND_GEN,2025-07-30,7843,6929,1.1319093664309423,28.459599,216,18.0
GERAL,GERAL,22804721222,[Demand Gen - STITCH - BS],DEMAND_GEN,2025-07-31,9501,6616,1.4360640870616688,27.347025,257,18.0
GERAL,GERAL,22804721222,[Demand Gen - STITCH - BS],DEMAND_GEN,2025-08-01,3240,2784,1.1637931034482758,42.880577,112,7.0
GERAL,GERAL,22804721222,[Demand Gen - STITCH - BS],DEMAND_GEN,2025-08-02,1651,1568,1.0529336734693877,43.310266,44,2.0
GERAL,GERAL,22804721222,[Demand Gen - STITCH - BS],DEMAND_GEN,2025-08-03,2463,2127,1.157968970380818,32.731277,71,4.0
GERAL,GERAL,22804721222,[Demand Gen - STITCH - BS],DEMAND_GEN,2025-08-04,4515,3704,1.218952483801296,28.266451,138,11.0
GERAL,GERAL,22804721222,[Demand Gen - STITCH - BS],DEMAND_GEN,2025-08-05,2269,2034,1.115535889872173,30.07057,65,11.0
GERAL,GERAL,22804721222,[Demand Gen - STITCH - BS],DEMAND_GEN,2025-08-06,3254,2739,1.1880248265790434,30.383732,103,2.0
GERAL,GERAL,22804721222,[Demand Gen - STITCH - BS],DEMAND_GEN,2025-08-07,2990,2370,1.261603375527426,28.357837,85,7.0
GERAL,GERAL,22804721222,[Demand Gen - STITCH - BS],DEMAND_GEN,2025-08-08,3857,3195,1.2071987480438184,28.331309,129,4.0
GERAL,GERAL,22804721222,[Demand Gen - STITCH - BS],DEMAND_GEN,2025-08-09,3485,3037,1.1475139940730985,27.73874,107,3.0
GERAL,GERAL,22804721222,[Demand Gen - STITCH - BS],DEMAND_GEN,2025-08-10,6436,4623,1.3921695868483668,27.269926,200,5.0
GERAL,GERAL,22804721222,[Demand Gen - STITCH - BS],DEMAND_GEN,2025-08-11,8682,6168,1.4075875486381324,28.11483,258,21.0
GERAL,GERAL,22804721222,[Demand Gen - STITCH - BS],DEMAND_GEN,2025-08-12,10662,7185,1.4839248434237995,28.261267,327,19.0
GERAL,GERAL,22804721222,[Demand Gen - STITCH - BS],DEMAND_GEN,2025-08-13,11156,6692,1.6670651524208009,28.170296,349,26.0
GERAL,GERAL,22804721222,[Demand Gen - STITCH - BS],DEMAND_GEN,2025-08-14,10806,6733,1.6049309371751077,28.27529,367,23.0
GERAL,GERAL,22804721222,[Demand Gen - STITCH - BS],DEMAND_GEN,2025-08-15,25413,16311,1.558028324443627,71.037279,783,104.0
GERAL,GERAL,22804721222,[Demand Gen - STITCH - BS],DEMAND_GEN,2025-08-16,32834,19471,1.6863027065892866,74.342743,935,87.0
GERAL,GERAL,22804721222,[Demand Gen - STITCH - BS],DEMAND_GEN,2025-08-17,28641,17410,1.6450890292935094,74.067358,978,76.0
GERAL,GERAL,22804721222,[Demand Gen - STITCH - BS],DEMAND_GEN,2025-08-18,24630,15866,1.5523761502584141,73.82392,823,37.0
GERAL,GERAL,22804721222,[Demand Gen - STITCH - BS],DEMAND_GEN,2025-08-19,24032,15416,1.558899844317592,73.549673,780,52.0
GERAL,GERAL,22804721222,[Demand Gen - STITCH - BS],DEMAND_GEN,2025-08-20,23867,15413,1.5484980211509765,73.129125,887,39.0
GERAL,GERAL,22804721222,[Demand Gen - STITCH - BS],DEMAND_GEN,2025-08-21,26965,17119,1.5751504176645832,73.013351,738,49.0
GERAL,GERAL,22804721222,[Demand Gen - STITCH - BS],DEMAND_GEN,2025-08-22,26964,16908,1.5947480482611782,72.556745,798,43.0
GERAL,GERAL,22804721222,[Demand Gen - STITCH - BS],DEMAND_GEN,2025-08-23,29502,18329,1.6095804462873042,72.130103,872,75.0
GERAL,GERAL,22804721222,[Demand Gen - STITCH - BS],DEMAND_GEN,2025-08-24,30832,18795,1.6404362862463422,71.697765,797,57.0
GERAL,GERAL,22804721222,[Demand Gen - STITCH - BS],DEMAND_GEN,2025-08-25,24965,16241,1.5371590419309156,71.1242,759,144.0
GERAL,GERAL,22804721222,[Demand Gen - STITCH - BS],DEMAND_GEN,2025-08-26,26245,16728,1.568926351028216,70.662906,749,63.0
GERAL,GERAL,22804721222,[Demand Gen - STITCH - BS],DEMAND_GEN,2025-08-27,27436,17362,1.5802326920861651,69.924497,715,67.0
GERAL,GERAL,22804721222,[Demand Gen - STITCH - BS],DEMAND_GEN,2025-08-28,26416,16844,1.5682735692234624,69.026137,705,60.0
GERAL,GERAL,22804721222,[Demand Gen - STITCH - BS],DEMAND_GEN,2025-08-29,28098,18031,1.5583162331540126,67.937475,808,98.0
GERAL,GERAL,22804721222,[Demand Gen - STITCH - BS],DEMAND_GEN,2025-08-30,28021,17757,1.5780255673818775,66.213367,810,86.0
GERAL,GERAL,22804721222,[Demand Gen - STITCH - BS],DEMAND_GEN,2025-08-31,11861,8190,1.4482295482295482,24.842154,372,37.0
GERAL,GERAL,22804721222,[Demand Gen - STITCH - BS],DEMAND_GEN,2025-09-01,40776,25187,1.618930400603486,109.97433,1072,137.0
GERAL,GERAL,22804721222,[Demand Gen - STITCH - BS],DEMAND_GEN,2025-09-02,19231,12498,1.5387261961913907,44.988413,485,51.0
GERAL,GERAL,22804721222,[Demand Gen - STITCH - BS],DEMAND_GEN,2025-09-03,19332,12982,1.4891388075797258,47.153563,447,63.0
GERAL,GERAL,22805421025,[PMAX - Benefício Stitch - BS],PERFORMANCE_MAX,2025-07-17,24850,17994,1.3810158941869513,119.764296,40,611.0
GERAL,GERAL,22805421025,[PMAX - Benefício Stitch - BS],PERFORMANCE_MAX,2025-07-18,31179,21833,1.4280676040855587,124.4845,38,939.0
GERAL,GERAL,22805421025,[PMAX - Benefício Stitch - BS],PERFORMANCE_MAX,2025-07-19,8412,6970,1.206886657101865,86.99383,43,444.0
GERAL,GERAL,22805421025,[PMAX - Benefício Stitch - BS],PERFORMANCE_MAX,2025-07-20,15988,12468,1.2823227462303497,162.55628,58,618.0
GERAL,GERAL,22805421025,[PMAX - Benefício Stitch - BS],PERFORMANCE_MAX,2025-07-21,14173,10768,1.3162147102526003,55.928522,19,272.0
GERAL,GERAL,22805421025,[PMAX - Benefício Stitch - BS],PERFORMANCE_MAX,2025-07-22,8167,6619,1.2338721861308355,41.884277,21,328.0
GERAL,GERAL,22805421025,[PMAX - Benefício Stitch - BS],PERFORMANCE_MAX,2025-07-23,13463,10472,1.2856187929717342,46.319839,22,423.0
GERAL,GERAL,22805421025,[PMAX - Benefício Stitch - BS],PERFORMANCE_MAX,2025-07-24,10721,8669,1.236705502364748,43.969077,60,454.0
GERAL,GERAL,22805421025,[PMAX - Benefício Stitch - BS],PERFORMANCE_MAX,2025-07-25,11785,9648,1.2214966832504146,44.653015,31,543.0
GERAL,GERAL,22805421025,[PMAX - Benefício Stitch - BS],PERFORMANCE_MAX,2025-07-26,11650,9552,1.2196398659966499,44.718952,22,445.0
GERAL,GERAL,22805421025,[PMAX - Benefício Stitch - BS],PERFORMANCE_MAX,2025-07-27,11677,9400,1.2422340425531915,37.098612,34,477.0
GERAL,GERAL,22805421025,[PMAX - Benefício Stitch - BS],PERFORMANCE_MAX,2025-07-28,6883,5688,1.2100914205344586,28.923183,15,260.0
GERAL,GERAL,22805421025,[PMAX - Benefício Stitch - BS],PERFORMANCE_MAX,2025-07-29,7009,5880,1.1920068027210884,23.018777,24,291.0
GERAL,GERAL,22805421025,[PMAX - Benefício Stitch - BS],PERFORMANCE_MAX,2025-07-30,6462,5561,1.1620212192051789,23.68911,18,280.0
GERAL,GERAL,22805421025,[PMAX - Benefício Stitch - BS],PERFORMANCE_MAX,2025-07-31,6901,5854,1.1788520669627605,22.167559,20,321.0
GERAL,GERAL,22805421025,[PMAX - Benefício Stitch - BS],PERFORMANCE_MAX,2025-08-01,7045,5887,1.196704603363343,22.541235,22,315.0
GERAL,GERAL,22805421025,[PMAX - Benefício Stitch - BS],PERFORMANCE_MAX,2025-08-02,7650,6402,1.1949390815370198,22.544199,33,404.0
GERAL,GERAL,22805421025,[PMAX - Benefício Stitch - BS],PERFORMANCE_MAX,2025-08-03,7518,6154,1.2216444588885278,21.618054,32,310.0
GERAL,GERAL,22805421025,[PMAX - Benefício Stitch - BS],PERFORMANCE_MAX,2025-08-04,5999,5124,1.1707650273224044,18.23997,25,155.0
GERAL,GERAL,22805421025,[PMAX - Benefício Stitch - BS],PERFORMANCE_MAX,2025-08-05,7576,6328,1.1972187104930467,27.079135,29,206.0
GERAL,GERAL,22805421025,[PMAX - Benefício Stitch - BS],PERFORMANCE_MAX,2025-08-06,4755,4002,1.1881559220389806,18.099613,15,110.0
GERAL,GERAL,22805421025,[PMAX - Benefício Stitch - BS],PERFORMANCE_MAX,2025-08-07,6645,5632,1.1798650568181819,30.491412,26,183.0
GERAL,GERAL,22805421025,[PMAX - Benefício Stitch - BS],PERFORMANCE_MAX,2025-08-08,6204,5179,1.1979146553388684,24.337448,25,232.0
GERAL,GERAL,22805421025,[PMAX - Benefício Stitch - BS],PERFORMANCE_MAX,2025-08-09,4831,4069,1.1872695994101745,23.445146,30,246.0
GERAL,GERAL,22805421025,[PMAX - Benefício Stitch - BS],PERFORMANCE_MAX,2025-08-10,3956,3304,1.1973365617433414,12.015859,4,97.0
GERAL,GERAL,22805421025,[PMAX - Benefício Stitch - BS],PERFORMANCE_MAX,2025-08-11,8900,7452,1.1943102522812667,34.137746,31,241.0
GERAL,GERAL,22805421025,[PMAX - Benefício Stitch - BS],PERFORMANCE_MAX,2025-08-12,6482,5482,1.1824151769427216,22.68225,22,187.0
GERAL,GERAL,22805421025,[PMAX - Benefício Stitch - BS],PERFORMANCE_MAX,2025-08-13,7249,6104,1.1875819134993446,22.445858,11,166.0
GERAL,GERAL,22805421025,[PMAX - Benefício Stitch - BS],PERFORMANCE_MAX,2025-08-14,6331,5301,1.1943029617053387,22.589685,38,182.0
GERAL,GERAL,22805421025,[PMAX - Benefício Stitch - BS],PERFORMANCE_MAX,2025-08-15,11286,9327,1.2100353811514957,42.993798,67,510.0
GERAL,GERAL,22805421025,[PMAX - Benefício Stitch - BS],PERFORMANCE_MAX,2025-08-16,13529,10459,1.2935271058418587,42.648279,40,560.0
GERAL,GERAL,22805421025,[PMAX - Benefício Stitch - BS],PERFORMANCE_MAX,2025-08-17,10924,8715,1.253471026965003,34.17218,66,397.0
GERAL,GERAL,22805421025,[PMAX - Benefício Stitch - BS],PERFORMANCE_MAX,2025-08-18,15813,12473,1.2677784013469093,53.103391,37,488.0
GERAL,GERAL,22805421025,[PMAX - Benefício Stitch - BS],PERFORMANCE_MAX,2025-08-19,10810,8835,1.22354272778721,45.441528,38,314.0
GERAL,GERAL,22805421025,[PMAX - Benefício Stitch - BS],PERFORMANCE_MAX,2025-08-20,13515,10893,1.2407050399339026,46.984028,39,465.0
GERAL,GERAL,22805421025,[PMAX - Benefício Stitch - BS],PERFORMANCE_MAX,2025-08-21,11919,9703,1.2283829743378336,44.697538,38,453.0
GERAL,GERAL,22805421025,[PMAX - Benefício Stitch - BS],PERFORMANCE_MAX,2025-08-22,10381,8496,1.2218691148775895,44.318351,22,463.0
GERAL,GERAL,22805421025,[PMAX - Benefício Stitch - BS],PERFORMANCE_MAX,2025-08-23,12899,10114,1.2753608859007317,43.714361,52,527.0
GERAL,GERAL,22805421025,[PMAX - Benefício Stitch - BS],PERFORMANCE_MAX,2025-08-24,11070,8801,1.2578116123167822,35.508543,53,389.0
GERAL,GERAL,22805421025,[PMAX - Benefício Stitch - BS],PERFORMANCE_MAX,2025-08-25,12519,10231,1.2236340533672172,49.309957,28,355.0
GERAL,GERAL,22805421025,[PMAX - Benefício Stitch - BS],PERFORMANCE_MAX,2025-08-26,11429,9254,1.2350334990274476,44.288216,42,319.0
GERAL,GERAL,22805421025,[PMAX - Benefício Stitch - BS],PERFORMANCE_MAX,2025-08-27,11280,9132,1.2352168199737188,43.831953,41,394.0
GERAL,GERAL,22805421025,[PMAX - Benefício Stitch - BS],PERFORMANCE_MAX,2025-08-28,11978,9391,1.2754765200724099,42.387742,29,462.0
GERAL,GERAL,22805421025,[PMAX - Benefício Stitch - BS],PERFORMANCE_MAX,2025-08-29,11365,9171,1.2392323628830009,37.288021,22,405.0
GERAL,GERAL,22805421025,[PMAX - Benefício Stitch - BS],PERFORMANCE_MAX,2025-08-30,9708,7886,1.2310423535379154,45.107629,54,498.0
GERAL,GERAL,22805421025,[PMAX - Benefício Stitch - BS],PERFORMANCE_MAX,2025-08-31,10292,8146,1.2634421802111466,34.012429,33,278.0
GERAL,GERAL,22805421025,[PMAX - Benefício Stitch - BS],PERFORMANCE_MAX,2025-09-01,11039,8877,1.2435507491269573,41.88419,23,234.0
GERAL,GERAL,22805421025,[PMAX - Benefício Stitch - BS],PERFORMANCE_MAX,2025-09-02,16456,12890,1.2766485647788983,66.967578,45,423.0
GERAL,GERAL,22805421025,[PMAX - Benefício Stitch - BS],PERFORMANCE_MAX,2025-09-03,16458,13006,1.2654159618637553,65.934788,20,402.0
GERAL,GERAL,22805424850,[PMAX - Benefício Stitch - CS],PERFORMANCE_MAX,2025-07-17,26228,19185,1.3671097211363044,78.796062,23,341.0
GERAL,GERAL,22805424850,[PMAX - Benefício Stitch - CS],PERFORMANCE_MAX,2025-07-18,47671,32283,1.4766595421738995,166.060772,51,703.0
GERAL,GERAL,22805424850,[PMAX - Benefício Stitch - CS],PERFORMANCE_MAX,2025-07-19,21047,15716,1.339208449987274,120.711317,29,404.0
GERAL,GERAL,22805424850,[PMAX - Benefício Stitch - CS],PERFORMANCE_MAX,2025-07-20,17329,13522,1.2815411921313415,72.041472,19,224.0
GERAL,GERAL,22805424850,[PMAX - Benefício Stitch - CS],PERFORMANCE_MAX,2025-07-21,24441,18036,1.3551230871590152,101.362893,15,262.0
GERAL,GERAL,22805424850,[PMAX - Benefício Stitch - CS],PERFORMANCE_MAX,2025-07-22,9114,7400,1.2316216216216216,30.111459,15,156.0
GERAL,GERAL,22805424850,[PMAX - Benefício Stitch - CS],PERFORMANCE_MAX,2025-07-23,5858,4659,1.2573513629534234,20.852158,14,134.0
GERAL,GERAL,22805424850,[PMAX - Benefício Stitch - CS],PERFORMANCE_MAX,2025-07-24,13200,10418,1.2670378191591476,41.368068,11,196.0
GERAL,GERAL,22805424850,[PMAX - Benefício Stitch - CS],PERFORMANCE_MAX,2025-07-25,9951,8224,1.2099951361867705,30.317753,7,174.0
GERAL,GERAL,22805424850,[PMAX - Benefício Stitch - CS],PERFORMANCE_MAX,2025-07-26,10929,8833,1.2372919732820107,30.788342,7,195.0
GERAL,GERAL,22805424850,[PMAX - Benefício Stitch - CS],PERFORMANCE_MAX,2025-07-27,11311,8986,1.258735811261963,29.43236,9,140.0
GERAL,GERAL,22805424850,[PMAX - Benefício Stitch - CS],PERFORMANCE_MAX,2025-07-28,10204,8294,1.2302869544248856,29.624822,9,140.0
GERAL,GERAL,22805424850,[PMAX - Benefício Stitch - CS],PERFORMANCE_MAX,2025-07-29,7903,6392,1.2363892365456821,18.911831,21,167.0
GERAL,GERAL,22805424850,[PMAX - Benefício Stitch - CS],PERFORMANCE_MAX,2025-07-30,9522,7727,1.232302316552349,21.908972,8,135.0
GERAL,GERAL,22805424850,[PMAX - Benefício Stitch - CS],PERFORMANCE_MAX,2025-07-31,8271,7013,1.179381149294168,19.245657,9,202.0
GERAL,GERAL,22805424850,[PMAX - Benefício Stitch - CS],PERFORMANCE_MAX,2025-08-01,9227,7446,1.2391888262154176,19.603417,6,186.0
GERAL,GERAL,22805424850,[PMAX - Benefício Stitch - CS],PERFORMANCE_MAX,2025-08-02,7834,6680,1.1727544910179641,19.596388,11,203.0
GERAL,GERAL,22805424850,[PMAX - Benefício Stitch - CS],PERFORMANCE_MAX,2025-08-03,9735,7967,1.2219154010292457,19.30337,8,155.0
GERAL,GERAL,22805424850,[PMAX - Benefício Stitch - CS],PERFORMANCE_MAX,2025-08-04,6717,5869,1.1444879877321519,14.225079,5,71.0
GERAL,GERAL,22805424850,[PMAX - Benefício Stitch - CS],PERFORMANCE_MAX,2025-08-05,9374,7913,1.184632882598256,24.160712,5,112.0
GERAL,GERAL,22805424850,[PMAX - Benefício Stitch - CS],PERFORMANCE_MAX,2025-08-06,7090,6035,1.1748135874067938,21.211757,6,84.0
GERAL,GERAL,22805424850,[PMAX - Benefício Stitch - CS],PERFORMANCE_MAX,2025-08-07,6046,5054,1.1962801741195093,20.623707,2,81.0
GERAL,GERAL,22805424850,[PMAX - Benefício Stitch - CS],PERFORMANCE_MAX,2025-08-08,7629,6370,1.1976452119309262,21.784646,9,127.0
GERAL,GERAL,22805424850,[PMAX - Benefício Stitch - CS],PERFORMANCE_MAX,2025-08-09,7915,6766,1.1698196866686372,20.337983,4,137.0
GERAL,GERAL,22805424850,[PMAX - Benefício Stitch - CS],PERFORMANCE_MAX,2025-08-10,6970,6024,1.157038512616202,16.098873,8,79.0
GERAL,GERAL,22805424850,[PMAX - Benefício Stitch - CS],PERFORMANCE_MAX,2025-08-11,8347,7129,1.170851451816524,24.590716,9,130.0
GERAL,GERAL,22805424850,[PMAX - Benefício Stitch - CS],PERFORMANCE_MAX,2025-08-12,8118,6847,1.18562874251497,18.998504,7,102.0
GERAL,GERAL,22805424850,[PMAX - Benefício Stitch - CS],PERFORMANCE_MAX,2025-08-13,9438,8031,1.1751961150541652,20.729977,8,104.0
GERAL,GERAL,22805424850,[PMAX - Benefício Stitch - CS],PERFORMANCE_MAX,2025-08-14,9363,7984,1.1727204408817635,20.07792,12,91.0
GERAL,GERAL,22805424850,[PMAX - Benefício Stitch - CS],PERFORMANCE_MAX,2025-08-15,16092,13053,1.2328200413698,42.990746,25,276.0
GERAL,GERAL,22805424850,[PMAX - Benefício Stitch - CS],PERFORMANCE_MAX,2025-08-16,15599,12373,1.260729006708155,43.001688,24,256.0
GERAL,GERAL,22805424850,[PMAX - Benefício Stitch - CS],PERFORMANCE_MAX,2025-08-17,15681,12521,1.2523760083060458,36.947107,24,246.0
GERAL,GERAL,22805424850,[PMAX - Benefício Stitch - CS],PERFORMANCE_MAX,2025-08-18,19543,15779,1.238544901451296,49.013022,23,252.0
GERAL,GERAL,22805424850,[PMAX - Benefício Stitch - CS],PERFORMANCE_MAX,2025-08-19,15408,12786,1.2050680431722196,42.131811,15,223.0
GERAL,GERAL,22805424850,[PMAX - Benefício Stitch - CS],PERFORMANCE_MAX,2025-08-20,19797,15891,1.245799509156126,51.683041,11,288.0
GERAL,GERAL,22805424850,[PMAX - Benefício Stitch - CS],PERFORMANCE_MAX,2025-08-21,16749,13705,1.2221087194454578,44.558855,20,254.0
GERAL,GERAL,22805424850,[PMAX - Benefício Stitch - CS],PERFORMANCE_MAX,2025-08-22,14458,11877,1.2173107687126379,44.685673,24,276.0
GERAL,GERAL,22805424850,[PMAX - Benefício Stitch - CS],PERFORMANCE_MAX,2025-08-23,16354,12729,1.2847827794799278,43.313069,24,297.0
GERAL,GERAL,22805424850,[PMAX - Benefício Stitch - CS],PERFORMANCE_MAX,2025-08-24,12247,9841,1.244487348846662,35.89812,32,222.0
GERAL,GERAL,22805424850,[PMAX - Benefício Stitch - CS],PERFORMANCE_MAX,2025-08-25,16464,13245,1.243035107587769,50.841222,24,243.0
GERAL,GERAL,22805424850,[PMAX - Benefício Stitch - CS],PERFORMANCE_MAX,2025-08-26,15519,12325,1.2591480730223124,42.083097,25,207.0
GERAL,GERAL,22805424850,[PMAX - Benefício Stitch - CS],PERFORMANCE_MAX,2025-08-27,15499,12438,1.246100659269979,43.726112,28,259.0
GERAL,GERAL,22805424850,[PMAX - Benefício Stitch - CS],PERFORMANCE_MAX,2025-08-28,14753,11757,1.2548269116271158,41.955882,17,317.0
GERAL,GERAL,22805424850,[PMAX - Benefício Stitch - CS],PERFORMANCE_MAX,2025-08-29,14795,11867,1.2467346422853292,40.885214,18,268.0
GERAL,GERAL,22805424850,[PMAX - Benefício Stitch - CS],PERFORMANCE_MAX,2025-08-30,12787,10460,1.2224665391969407,41.100708,11,223.0
GERAL,GERAL,22805424850,[PMAX - Benefício Stitch - CS],PERFORMANCE_MAX,2025-08-31,12271,10077,1.2177235288280241,35.814267,15,138.0
GERAL,GERAL,22805424850,[PMAX - Benefício Stitch - CS],PERFORMANCE_MAX,2025-09-01,14130,11502,1.2284820031298904,43.029693,10,132.0
GERAL,GERAL,22805424850,[PMAX - Benefício Stitch - CS],PERFORMANCE_MAX,2025-09-02,21153,16473,1.2841012566017118,66.94394,22,241.0
GERAL,GERAL,22805424850,[PMAX - Benefício Stitch - CS],PERFORMANCE_MAX,2025-09-03,17824,14114,1.2628595720561144,67.58772,20,210.0
GERAL,GERAL,22807473115,[PMAX - Benefício Stitch - NR],PERFORMANCE_MAX,2025-07-17,27063,21875,1.2371657142857142,104.689433,27,406.0
GERAL,GERAL,22807473115,[PMAX - Benefício Stitch - NR],PERFORMANCE_MAX,2025-07-18,17261,13098,1.3178347839364788,64.646905,18,270.0
GERAL,GERAL,22807473115,[PMAX - Benefício Stitch - NR],PERFORMANCE_MAX,2025-07-19,36612,24797,1.476468927692866,190.240327,40,542.0
GERAL,GERAL,22807473115,[PMAX - Benefício Stitch - NR],PERFORMANCE_MAX,2025-07-20,18820,14449,1.3025122845871686,106.014616,27,257.0
GERAL,GERAL,22807473115,[PMAX - Benefício Stitch - NR],PERFORMANCE_MAX,2025-07-21,16374,12763,1.2829272114706574,76.88472,15,221.0
GERAL,GERAL,22807473115,[PMAX - Benefício Stitch - NR],PERFORMANCE_MAX,2025-07-22,13778,10396,1.325317429780685,42.873529,12,194.0
GERAL,GERAL,22807473115,[PMAX - Benefício Stitch - NR],PERFORMANCE_MAX,2025-07-23,8783,7465,1.1765572672471534,31.324971,6,142.0
GERAL,GERAL,22807473115,[PMAX - Benefício Stitch - NR],PERFORMANCE_MAX,2025-07-24,10636,8950,1.1883798882681564,31.005272,24,215.0
GERAL,GERAL,22807473115,[PMAX - Benefício Stitch - NR],PERFORMANCE_MAX,2025-07-25,9750,8148,1.1966126656848306,28.302835,14,209.0
GERAL,GERAL,22807473115,[PMAX - Benefício Stitch - NR],PERFORMANCE_MAX,2025-07-26,11566,9286,1.245530906741331,33.17696,10,231.0
GERAL,GERAL,22807473115,[PMAX - Benefício Stitch - NR],PERFORMANCE_MAX,2025-07-27,10620,8798,1.2070925210275063,28.46413,16,188.0
GERAL,GERAL,22807473115,[PMAX - Benefício Stitch - NR],PERFORMANCE_MAX,2025-07-28,8097,6780,1.1942477876106194,23.159355,12,175.0
GERAL,GERAL,22807473115,[PMAX - Benefício Stitch - NR],PERFORMANCE_MAX,2025-07-29,8919,7364,1.211162411732754,19.796413,2,131.0
GERAL,GERAL,22807473115,[PMAX - Benefício Stitch - NR],PERFORMANCE_MAX,2025-07-30,7606,6493,1.1714153703988912,20.733102,2,142.0
GERAL,GERAL,22807473115,[PMAX - Benefício Stitch - NR],PERFORMANCE_MAX,2025-07-31,9262,7699,1.2030133783608261,20.08172,13,209.0
GERAL,GERAL,22807473115,[PMAX - Benefício Stitch - NR],PERFORMANCE_MAX,2025-08-01,12412,10010,1.23996003996004,25.49315,12,258.0
GERAL,GERAL,22807473115,[PMAX - Benefício Stitch - NR],PERFORMANCE_MAX,2025-08-02,12302,9803,1.2549219626644905,25.414994,17,280.0
GERAL,GERAL,22807473115,[PMAX - Benefício Stitch - NR],PERFORMANCE_MAX,2025-08-03,8716,7237,1.2043664501865414,18.232232,14,166.0
GERAL,GERAL,22807473115,[PMAX - Benefício Stitch - NR],PERFORMANCE_MAX,2025-08-04,9381,7569,1.2393975426080064,22.698634,9,113.0
GERAL,GERAL,22807473115,[PMAX - Benefício Stitch - NR],PERFORMANCE_MAX,2025-08-05,11872,9545,1.24379256155055,35.813121,13,137.0
GERAL,GERAL,22807473115,[PMAX - Benefício Stitch - NR],PERFORMANCE_MAX,2025-08-06,7884,6584,1.1974483596597814,26.876327,11,130.0
GERAL,GERAL,22807473115,[PMAX - Benefício Stitch - NR],PERFORMANCE_MAX,2025-08-07,8818,7417,1.1888903869489011,26.221188,4,137.0
GERAL,GERAL,22807473115,[PMAX - Benefício Stitch - NR],PERFORMANCE_MAX,2025-08-08,4758,4044,1.1765578635014837,16.974588,0,75.0
GERAL,GERAL,22807473115,[PMAX - Benefício Stitch - NR],PERFORMANCE_MAX,2025-08-09,10280,8217,1.2510648655226968,38.969643,12,154.0
GERAL,GERAL,22807473115,[PMAX - Benefício Stitch - NR],PERFORMANCE_MAX,2025-08-10,5863,4891,1.1987323655694133,21.287877,8,60.0
GERAL,GERAL,22807473115,[PMAX - Benefício Stitch - NR],PERFORMANCE_MAX,2025-08-11,10272,8361,1.2285611768927163,33.109876,10,176.0
GERAL,GERAL,22807473115,[PMAX - Benefício Stitch - NR],PERFORMANCE_MAX,2025-08-12,7474,6076,1.230085582620145,17.349864,5,71.0
GERAL,GERAL,22807473115,[PMAX - Benefício Stitch - NR],PERFORMANCE_MAX,2025-08-13,9954,8144,1.2222495088408645,32.589349,19,119.0
GERAL,GERAL,22807473115,[PMAX - Benefício Stitch - NR],PERFORMANCE_MAX,2025-08-14,8378,7010,1.1951497860199716,25.419954,13,139.0
GERAL,GERAL,22807473115,[PMAX - Benefício Stitch - NR],PERFORMANCE_MAX,2025-08-15,15398,12086,1.274036074797286,42.945203,23,314.0
GERAL,GERAL,22807473115,[PMAX - Benefício Stitch - NR],PERFORMANCE_MAX,2025-08-16,14216,11081,1.2829167042685679,38.498007,23,242.0
GERAL,GERAL,22807473115,[PMAX - Benefício Stitch - NR],PERFORMANCE_MAX,2025-08-17,15240,11843,1.286836105716457,39.466394,22,233.0
GERAL,GERAL,22807473115,[PMAX - Benefício Stitch - NR],PERFORMANCE_MAX,2025-08-18,18634,14563,1.2795440499897,53.729654,15,267.0
GERAL,GERAL,22807473115,[PMAX - Benefício Stitch - NR],PERFORMANCE_MAX,2025-08-19,8731,7339,1.189671617386565,22.900732,7,129.0
GERAL,GERAL,22807473115,[PMAX - Benefício Stitch - NR],PERFORMANCE_MAX,2025-08-20,16859,13452,1.2532708890871247,67.741378,12,241.0
GERAL,GERAL,22807473115,[PMAX - Benefício Stitch - NR],PERFORMANCE_MAX,2025-08-21,14536,11744,1.2377384196185286,45.444216,13,259.0
GERAL,GERAL,22807473115,[PMAX - Benefício Stitch - NR],PERFORMANCE_MAX,2025-08-22,14521,11739,1.2369878183831673,43.540942,14,259.0
GERAL,GERAL,22807473115,[PMAX - Benefício Stitch - NR],PERFORMANCE_MAX,2025-08-23,16090,12426,1.2948656043779172,43.70616,17,272.0
GERAL,GERAL,22807473115,[PMAX - Benefício Stitch - NR],PERFORMANCE_MAX,2025-08-24,14033,11251,1.2472669096080349,38.034743,25,201.0
GERAL,GERAL,22807473115,[PMAX - Benefício Stitch - NR],PERFORMANCE_MAX,2025-08-25,15368,12203,1.2593624518561009,48.154639,16,166.0
GERAL,GERAL,22807473115,[PMAX - Benefício Stitch - NR],PERFORMANCE_MAX,2025-08-26,13083,10537,1.241624750877859,40.108702,18,156.0
GERAL,GERAL,22807473115,[PMAX - Benefício Stitch - NR],PERFORMANCE_MAX,2025-08-27,14719,11830,1.2442096365173287,45.863662,20,218.0
GERAL,GERAL,22807473115,[PMAX - Benefício Stitch - NR],PERFORMANCE_MAX,2025-08-28,14669,11743,1.2491697181299497,42.372033,14,249.0
GERAL,GERAL,22807473115,[PMAX - Benefício Stitch - NR],PERFORMANCE_MAX,2025-08-29,11446,9203,1.243724872324242,31.205855,7,174.0
GERAL,GERAL,22807473115,[PMAX - Benefício Stitch - NR],PERFORMANCE_MAX,2025-08-30,9029,7388,1.222116946399567,39.27589,16,137.0
GERAL,GERAL,22807473115,[PMAX - Benefício Stitch - NR],PERFORMANCE_MAX,2025-08-31,10399,8183,1.2708053281192717,32.387049,7,104.0
GERAL,GERAL,22807473115,[PMAX - Benefício Stitch - NR],PERFORMANCE_MAX,2025-09-01,12488,9614,1.2989390472228002,43.594929,8,114.0
GERAL,GERAL,22807473115,[PMAX - Benefício Stitch - NR],PERFORMANCE_MAX,2025-09-02,15125,11501,1.3151030345187376,57.407392,20,135.0
GERAL,GERAL,22807473115,[PMAX - Benefício Stitch - NR],PERFORMANCE_MAX,2025-09-03,16024,12020,1.3331114808652247,63.93711,11,169.0
GERAL,GERAL,22808092228,[DISPLAY - STITCH - BS],DISPLAY,2025-07-17,64299,19063,3.372973823637413,60.031385,77,6.0
GERAL,GERAL,22808092228,[DISPLAY - STITCH - BS],DISPLAY,2025-07-18,63215,16010,3.948469706433479,62.699689,58,2.0
GERAL,GERAL,22808092228,[DISPLAY - STITCH - BS],DISPLAY,2025-07-19,65547,17086,3.8362987241016038,62.555939,78,6.0
GERAL,GERAL,22808092228,[DISPLAY - STITCH - BS],DISPLAY,2025-07-20,66705,14318,4.658821064394468,62.228172,58,1.0
GERAL,GERAL,22808092228,[DISPLAY - STITCH - BS],DISPLAY,2025-07-21,65589,15272,4.294722367731797,61.97266,88,4.0
GERAL,GERAL,22808092228,[DISPLAY - STITCH - BS],DISPLAY,2025-07-22,34081,8463,4.027058962542833,31.321019,31,3.0
GERAL,GERAL,22808092228,[DISPLAY - STITCH - BS],DISPLAY,2025-07-23,33190,8486,3.9111477728022623,31.134874,48,3.0
GERAL,GERAL,22808092228,[DISPLAY - STITCH - BS],DISPLAY,2025-07-24,33894,8648,3.919287696577243,30.975474,34,0.0
GERAL,GERAL,22808092228,[DISPLAY - STITCH - BS],DISPLAY,2025-07-25,32933,7688,4.283688865764828,30.748981,37,2.0
GERAL,GERAL,22808092228,[DISPLAY - STITCH - BS],DISPLAY,2025-07-26,33613,8018,4.192192566724869,30.576879,48,2.0
GERAL,GERAL,22808092228,[DISPLAY - STITCH - BS],DISPLAY,2025-07-27,32643,7701,4.238800155823919,30.340245,49,1.0
GERAL,GERAL,22808092228,[DISPLAY - STITCH - BS],DISPLAY,2025-07-28,34495,7985,4.319974953036945,30.315596,42,2.0
GERAL,GERAL,22808092228,[DISPLAY - STITCH - BS],DISPLAY,2025-07-29,31851,7698,4.137568199532346,29.228301,24,1.0
GERAL,GERAL,22808092228,[DISPLAY - STITCH - BS],DISPLAY,2025-07-30,23031,5633,4.088585123380081,20.489491,38,6.0
GERAL,GERAL,22808092228,[DISPLAY - STITCH - BS],DISPLAY,2025-07-31,21095,5363,3.933432780160358,19.506333,18,0.0
GERAL,GERAL,22808092228,[DISPLAY - STITCH - BS],DISPLAY,2025-08-01,21384,5189,4.121025245712083,19.565948,11,0.0
GERAL,GERAL,22808092228,[DISPLAY - STITCH - BS],DISPLAY,2025-08-02,23079,5200,4.43826923076923,20.541157,20,0.0
GERAL,GERAL,22808092228,[DISPLAY - STITCH - BS],DISPLAY,2025-08-03,23181,5485,4.226253418413856,20.594815,23,0.0
GERAL,GERAL,22808092228,[DISPLAY - STITCH - BS],DISPLAY,2025-08-04,23101,5030,4.592644135188867,20.628342,25,2.0
GERAL,GERAL,22808092228,[DISPLAY - STITCH - BS],DISPLAY,2025-08-05,21913,4897,4.474780477843578,20.522969,21,0.0
GERAL,GERAL,22808092228,[DISPLAY - STITCH - BS],DISPLAY,2025-08-06,23139,4989,4.6380036079374625,20.54129,22,1.0
GERAL,GERAL,22808092228,[DISPLAY - STITCH - BS],DISPLAY,2025-08-07,22387,5506,4.065928078459862,20.356594,21,0.0
GERAL,GERAL,22808092228,[DISPLAY - STITCH - BS],DISPLAY,2025-08-08,21568,5225,4.127846889952153,20.381997,16,1.0
GERAL,GERAL,22808092228,[DISPLAY - STITCH - BS],DISPLAY,2025-08-09,22228,4825,4.606839378238342,20.368296,19,1.0
GERAL,GERAL,22808092228,[DISPLAY - STITCH - BS],DISPLAY,2025-08-10,21731,5491,3.9575669276998724,20.441103,35,3.0
GERAL,GERAL,22808092228,[DISPLAY - STITCH - BS],DISPLAY,2025-08-11,21417,5207,4.113116957941233,20.021115,16,0.0
GERAL,GERAL,22808092228,[DISPLAY - STITCH - BS],DISPLAY,2025-08-12,20279,5430,3.734622467771639,20.262949,17,0.0
GERAL,GERAL,22808092228,[DISPLAY - STITCH - BS],DISPLAY,2025-08-13,21165,5538,3.8217768147345614,20.178386,28,2.0
GERAL,GERAL,22808092228,[DISPLAY - STITCH - BS],DISPLAY,2025-08-14,21490,5250,4.093333333333334,20.044363,23,4.0
GERAL,GERAL,22808092228,[DISPLAY - STITCH - BS],DISPLAY,2025-08-15,66642,14580,4.570781893004115,59.007273,68,4.0
GERAL,GERAL,22808092228,[DISPLAY - STITCH - BS],DISPLAY,2025-08-16,72272,13913,5.194566233019478,62.310707,66,2.0
GERAL,GERAL,22808092228,[DISPLAY - STITCH - BS],DISPLAY,2025-08-17,69937,13707,5.102283504778581,61.441732,77,2.0
GERAL,GERAL,22808092228,[DISPLAY - STITCH - BS],DISPLAY,2025-08-18,70430,15619,4.509251552596197,62.418571,49,4.0
GERAL,GERAL,22808092228,[DISPLAY - STITCH - BS],DISPLAY,2025-08-19,65931,14587,4.519846438609721,60.530727,53,2.0
GERAL,GERAL,22808092228,[DISPLAY - STITCH - BS],DISPLAY,2025-08-20,69218,14770,4.686391333784699,61.486958,61,0.0
GERAL,GERAL,22808092228,[DISPLAY - STITCH - BS],DISPLAY,2025-08-21,65522,14316,4.576837105336686,60.101646,59,2.0
GERAL,GERAL,22808092228,[DISPLAY - STITCH - BS],DISPLAY,2025-08-22,64328,14299,4.498776138191482,60.301653,31,2.0
GERAL,GERAL,22808092228,[DISPLAY - STITCH - BS],DISPLAY,2025-08-23,64124,13792,4.649361948955916,59.411283,71,2.0
GERAL,GERAL,22808092228,[DISPLAY - STITCH - BS],DISPLAY,2025-08-24,67056,13440,4.989285714285714,60.154851,64,3.018398
GERAL,GERAL,22808092228,[DISPLAY - STITCH - BS],DISPLAY,2025-08-25,65024,13428,4.842418826333035,58.681899,51,0.0
GERAL,GERAL,22808092228,[DISPLAY - STITCH - BS],DISPLAY,2025-08-26,64281,13592,4.729326074161271,58.736474,47,4.0
GERAL,GERAL,22808092228,[DISPLAY - STITCH - BS],DISPLAY,2025-08-27,64538,13146,4.909326030731782,58.147092,60,3.0
GERAL,GERAL,22808092228,[DISPLAY - STITCH - BS],DISPLAY,2025-08-28,63562,12962,4.903718561950316,57.543078,44,1.0
GERAL,GERAL,22808092228,[DISPLAY - STITCH - BS],DISPLAY,2025-08-29,62666,14049,4.460530998647591,57.035022,55,2.0
GERAL,GERAL,22808092228,[DISPLAY - STITCH - BS],DISPLAY,2025-08-30,61080,13703,4.457418083631322,55.030096,88,2.0
GERAL,GERAL,22808092228,[DISPLAY - STITCH - BS],DISPLAY,2025-08-31,57174,12258,4.66421928536466,51.382496,66,2.0
GERAL,GERAL,22808092228,[DISPLAY - STITCH - BS],DISPLAY,2025-09-01,66751,14815,4.505636179547755,59.648825,47,1.0
GERAL,GERAL,22808092228,[DISPLAY - STITCH - BS],DISPLAY,2025-09-02,69983,15986,4.377768047041161,62.528444,65,3.0
GERAL,GERAL,22808092228,[DISPLAY - STITCH - BS],DISPLAY,2025-09-03,68314,16005,4.268291159012809,63.10706,70,3.0
GERAL,GERAL,22808297011,[Demand Gen - STITCH - NR],DEMAND_GEN,2025-07-17,13559,8713,1.5561804200619764,60.008683,400,41.0
GERAL,GERAL,22808297011,[Demand Gen - STITCH - NR],DEMAND_GEN,2025-07-18,14840,12063,1.2302080742767139,62.788374,569,56.0
GERAL,GERAL,22808297011,[Demand Gen - STITCH - NR],DEMAND_GEN,2025-07-19,36067,22687,1.5897650636928637,62.577975,1141,102.0
GERAL,GERAL,22808297011,[Demand Gen - STITCH - NR],DEMAND_GEN,2025-07-20,34791,22357,1.5561569083508522,62.086676,1116,47.001316
GERAL,GERAL,22808297011,[Demand Gen - STITCH - NR],DEMAND_GEN,2025-07-21,34515,22106,1.5613408124491088,62.717449,1108,71.00066
GERAL,GERAL,22808297011,[Demand Gen - STITCH - NR],DEMAND_GEN,2025-07-22,17361,12544,1.3840082908163265,31.557353,563,36.0
GERAL,GERAL,22808297011,[Demand Gen - STITCH - NR],DEMAND_GEN,2025-07-23,17502,11999,1.458621551795983,31.672807,572,33.0
GERAL,GERAL,22808297011,[Demand Gen - STITCH - NR],DEMAND_GEN,2025-07-24,17704,12350,1.4335222672064778,30.942543,589,32.0
GERAL,GERAL,22808297011,[Demand Gen - STITCH - NR],DEMAND_GEN,2025-07-25,16784,11984,1.4005340453938584,30.834198,541,39.0
GERAL,GERAL,22808297011,[Demand Gen - STITCH - NR],DEMAND_GEN,2025-07-26,17811,12622,1.4111075899223577,30.659919,596,46.0
GERAL,GERAL,22808297011,[Demand Gen - STITCH - NR],DEMAND_GEN,2025-07-27,18030,12952,1.3920630018529956,30.29053,601,43.0
GERAL,GERAL,22808297011,[Demand Gen - STITCH - NR],DEMAND_GEN,2025-07-28,16751,12073,1.3874761865319307,29.952341,470,35.0
GERAL,GERAL,22808297011,[Demand Gen - STITCH - NR],DEMAND_GEN,2025-07-29,17282,12335,1.401053911633563,29.557567,472,51.0
GERAL,GERAL,22808297011,[Demand Gen - STITCH - NR],DEMAND_GEN,2025-07-30,5565,4191,1.3278453829634933,8.727031,120,22.0
GERAL,GERAL,22808297011,[Demand Gen - STITCH - NR],DEMAND_GEN,2025-07-31,27476,17341,1.5844530303904043,47.655916,677,104.0
GERAL,GERAL,22808297011,[Demand Gen - STITCH - NR],DEMAND_GEN,2025-08-01,10907,7868,1.3862480935434671,18.493593,300,27.0
GERAL,GERAL,22808297011,[Demand Gen - STITCH - NR],DEMAND_GEN,2025-08-02,1681,1206,1.3938640132669984,2.551532,40,4.0
GERAL,GERAL,22808297011,[Demand Gen - STITCH - NR],DEMAND_GEN,2025-08-03,2139,1501,1.425049966688874,4.072637,47,7.0
GERAL,GERAL,22808297011,[Demand Gen - STITCH - NR],DEMAND_GEN,2025-08-04,3137,2341,1.3400256300726185,7.993851,96,10.0
GERAL,GERAL,22808297011,[Demand Gen - STITCH - NR],DEMAND_GEN,2025-08-05,18656,13263,1.4066199200784135,58.25878,541,79.0
GERAL,GERAL,22808297011,[Demand Gen - STITCH - NR],DEMAND_GEN,2025-08-06,19705,13530,1.4563932002956392,47.600861,515,44.0
GERAL,GERAL,22808297011,[Demand Gen - STITCH - NR],DEMAND_GEN,2025-08-07,18817,13447,1.3993455789395404,54.977111,557,55.0
GERAL,GERAL,22808297011,[Demand Gen - STITCH - NR],DEMAND_GEN,2025-08-08,18364,12557,1.4624512224257387,50.309838,462,46.0
GERAL,GERAL,22808297011,[Demand Gen - STITCH - NR],DEMAND_GEN,2025-08-09,13394,9280,1.4433189655172414,34.877008,365,22.0
GERAL,GERAL,22808297011,[Demand Gen - STITCH - NR],DEMAND_GEN,2025-08-10,15068,10074,1.4957315862616636,32.884657,390,44.0
GERAL,GERAL,22808297011,[Demand Gen - STITCH - NR],DEMAND_GEN,2025-08-11,13951,9549,1.4609906796523195,34.212233,346,43.0
GERAL,GERAL,22808297011,[Demand Gen - STITCH - NR],DEMAND_GEN,2025-08-12,14037,9987,1.4055271853409432,33.909826,365,38.0
GERAL,GERAL,22808297011,[Demand Gen - STITCH - NR],DEMAND_GEN,2025-08-13,9649,7094,1.3601635184663095,21.636707,263,24.0
GERAL,GERAL,22808297011,[Demand Gen - STITCH - NR],DEMAND_GEN,2025-08-14,12651,9302,1.360030101053537,30.261154,320,80.0
GERAL,GERAL,22808297011,[Demand Gen - STITCH - NR],DEMAND_GEN,2025-08-15,30292,20950,1.4459188544152746,77.034229,720,68.0
GERAL,GERAL,22808297011,[Demand Gen - STITCH - NR],DEMAND_GEN,2025-08-16,37195,25440,1.462067610062893,80.596037,865,123.0
GERAL,GERAL,22808297011,[Demand Gen - STITCH - NR],DEMAND_GEN,2025-08-17,34151,22838,1.495358612838252,80.154169,932,102.0
GERAL,GERAL,22808297011,[Demand Gen - STITCH - NR],DEMAND_GEN,2025-08-18,24451,16493,1.4825077305523555,80.302493,711,73.0
GERAL,GERAL,22808297011,[Demand Gen - STITCH - NR],DEMAND_GEN,2025-08-19,22403,15348,1.459669012249153,79.688638,642,84.0
GERAL,GERAL,22808297011,[Demand Gen - STITCH - NR],DEMAND_GEN,2025-08-20,22964,17070,1.3452841241944933,78.811261,627,61.0
GERAL,GERAL,22808297011,[Demand Gen - STITCH - NR],DEMAND_GEN,2025-08-21,30257,19507,1.5510842261752191,79.704744,746,98.0
GERAL,GERAL,22808297011,[Demand Gen - STITCH - NR],DEMAND_GEN,2025-08-22,29781,19519,1.5257441467288284,78.633241,853,98.0
GERAL,GERAL,22808297011,[Demand Gen - STITCH - NR],DEMAND_GEN,2025-08-23,30617,19980,1.5323823823823823,78.269814,835,88.0
GERAL,GERAL,22808297011,[Demand Gen - STITCH - NR],DEMAND_GEN,2025-08-24,29344,19631,1.4947786663949876,77.732584,781,121.0
GERAL,GERAL,22808297011,[Demand Gen - STITCH - NR],DEMAND_GEN,2025-08-25,28057,18599,1.5085219635464273,77.153104,727,92.0
GERAL,GERAL,22808297011,[Demand Gen - STITCH - NR],DEMAND_GEN,2025-08-26,30481,19547,1.5593697242543614,76.472903,766,105.0
GERAL,GERAL,22808297011,[Demand Gen - STITCH - NR],DEMAND_GEN,2025-08-27,29535,19056,1.549905541561713,75.966111,823,108.0
GERAL,GERAL,22808297011,[Demand Gen - STITCH - NR],DEMAND_GEN,2025-08-28,28176,18175,1.550261348005502,74.955615,753,115.0
GERAL,GERAL,22808297011,[Demand Gen - STITCH - NR],DEMAND_GEN,2025-08-29,31968,20677,1.5460656768389998,73.58156,798,188.0
GERAL,GERAL,22808297011,[Demand Gen - STITCH - NR],DEMAND_GEN,2025-08-30,30879,20305,1.52075843388328,71.879111,924,173.0
GERAL,GERAL,22808297011,[Demand Gen - STITCH - NR],DEMAND_GEN,2025-08-31,28249,19184,1.4725291909924938,68.293888,657,99.0
GERAL,GERAL,22808297011,[Demand Gen - STITCH - NR],DEMAND_GEN,2025-09-01,48757,30111,1.6192421374248613,119.963266,1208,225.0
GERAL,GERAL,22808297011,[Demand Gen - STITCH - NR],DEMAND_GEN,2025-09-02,20982,14700,1.4273469387755102,44.958307,546,120.0
GERAL,GERAL,22808297011,[Demand Gen - STITCH - NR],DEMAND_GEN,2025-09-03,22177,15705,1.4120980579433302,47.239849,537,95.0
GERAL,GERAL,22808444821,[Demand Gen - STITCH - GS],DEMAND_GEN,2025-07-21,7088,4734,1.4972539079002958,119.855316,173,6.0
GERAL,GERAL,22808444821,[Demand Gen - STITCH - GS],DEMAND_GEN,2025-07-22,29682,20433,1.4526501247981207,97.020346,902,33.0
GERAL,GERAL,22808444821,[Demand Gen - STITCH - GS],DEMAND_GEN,2025-07-23,15439,11490,1.3436901653611837,31.506708,545,11.0
GERAL,GERAL,22808444821,[Demand Gen - STITCH - GS],DEMAND_GEN,2025-07-24,15791,11702,1.349427448299436,31.291123,562,19.0
GERAL,GERAL,22808444821,[Demand Gen - STITCH - GS],DEMAND_GEN,2025-07-25,15550,11517,1.3501779977424677,30.634396,584,11.0
GERAL,GERAL,22808444821,[Demand Gen - STITCH - GS],DEMAND_GEN,2025-07-26,18303,12708,1.4402738432483475,30.711157,668,12.0
GERAL,GERAL,22808444821,[Demand Gen - STITCH - GS],DEMAND_GEN,2025-07-27,19518,13419,1.4545048066174826,30.926992,634,23.0
GERAL,GERAL,22808444821,[Demand Gen - STITCH - GS],DEMAND_GEN,2025-07-28,16593,11042,1.5027168991124795,29.579017,486,17.0
GERAL,GERAL,22808444821,[Demand Gen - STITCH - GS],DEMAND_GEN,2025-07-29,16991,11586,1.4665113067495252,29.605573,560,18.0
GERAL,GERAL,22808444821,[Demand Gen - STITCH - GS],DEMAND_GEN,2025-07-30,13809,10037,1.375809504832121,28.463411,334,20.0
GERAL,GERAL,22808444821,[Demand Gen - STITCH - GS],DEMAND_GEN,2025-07-31,16974,10357,1.6388915709182195,27.52052,488,23.0
GERAL,GERAL,22808444821,[Demand Gen - STITCH - GS],DEMAND_GEN,2025-08-01,16128,12014,1.342433827201598,31.223858,435,8.0
GERAL,GERAL,22808444821,[Demand Gen - STITCH - GS],DEMAND_GEN,2025-08-02,6210,4746,1.3084702907711758,29.421289,169,11.0
GERAL,GERAL,22808444821,[Demand Gen - STITCH - GS],DEMAND_GEN,2025-08-03,15362,10706,1.4348963198206612,30.454665,442,21.0
GERAL,GERAL,22808444821,[Demand Gen - STITCH - GS],DEMAND_GEN,2025-08-04,13254,9575,1.3842297650130548,30.820797,335,7.0
GERAL,GERAL,22808444821,[Demand Gen - STITCH - GS],DEMAND_GEN,2025-08-05,10744,7875,1.3643174603174604,30.687388,318,7.001994
GERAL,GERAL,22808444821,[Demand Gen - STITCH - GS],DEMAND_GEN,2025-08-06,10525,7808,1.3479764344262295,30.649761,293,10.0
GERAL,GERAL,22808444821,[Demand Gen - STITCH - GS],DEMAND_GEN,2025-08-07,10725,8078,1.3276801188412974,30.510679,296,13.998006
GERAL,GERAL,22808444821,[Demand Gen - STITCH - GS],DEMAND_GEN,2025-08-08,12947,8888,1.4566831683168318,30.562472,389,13.0
GERAL,GERAL,22808444821,[Demand Gen - STITCH - GS],DEMAND_GEN,2025-08-09,13419,9532,1.4077843054972723,30.400505,437,10.0
GERAL,GERAL,22808444821,[Demand Gen - STITCH - GS],DEMAND_GEN,2025-08-10,17975,11694,1.5371130494270566,30.372725,509,15.0
GERAL,GERAL,22808444821,[Demand Gen - STITCH - GS],DEMAND_GEN,2025-08-11,15713,10363,1.516259770336775,30.286168,432,9.0
GERAL,GERAL,22808444821,[Demand Gen - STITCH - GS],DEMAND_GEN,2025-08-12,16273,10753,1.5133451129917233,30.264191,452,16.0
GERAL,GERAL,22808444821,[Demand Gen - STITCH - GS],DEMAND_GEN,2025-08-13,13032,8988,1.4499332443257678,30.143174,310,22.0
GERAL,GERAL,22808444821,[Demand Gen - STITCH - GS],DEMAND_GEN,2025-08-14,13811,9517,1.4511926027109383,30.08757,343,8.0
GERAL,GERAL,22808444821,[Demand Gen - STITCH - GS],DEMAND_GEN,2025-08-15,15276,10456,1.4609793420045907,29.936971,432,21.0
GERAL,GERAL,22808444821,[Demand Gen - STITCH - GS],DEMAND_GEN,2025-08-16,17682,11413,1.5492859020415315,29.900421,446,24.0
GERAL,GERAL,22808444821,[Demand Gen - STITCH - GS],DEMAND_GEN,2025-08-17,12918,8285,1.5592033796016898,29.786747,361,14.0
GERAL,GERAL,22808444821,[Demand Gen - STITCH - GS],DEMAND_GEN,2025-08-18,12464,8647,1.4414247715970856,29.638836,377,13.0
GERAL,GERAL,22808444821,[Demand Gen - STITCH - GS],DEMAND_GEN,2025-08-19,13005,9016,1.442435669920142,29.57353,333,7.0
GERAL,GERAL,22808444821,[Demand Gen - STITCH - GS],DEMAND_GEN,2025-08-20,13932,9668,1.4410426148117501,29.292306,422,16.0
GERAL,GERAL,22808444821,[Demand Gen - STITCH - GS],DEMAND_GEN,2025-08-21,14579,9834,1.4825096603620094,29.341992,469,17.0
GERAL,GERAL,22808444821,[Demand Gen - STITCH - GS],DEMAND_GEN,2025-08-22,14324,9710,1.4751802265705458,29.184162,469,19.0
GERAL,GERAL,22808444821,[Demand Gen - STITCH - GS],DEMAND_GEN,2025-08-23,15503,10624,1.4592432228915662,29.04147,468,13.0
GERAL,GERAL,22808444821,[Demand Gen - STITCH - GS],DEMAND_GEN,2025-08-24,14179,9489,1.4942565075350405,28.680994,412,21.0
GERAL,GERAL,22808444821,[Demand Gen - STITCH - GS],DEMAND_GEN,2025-08-25,12459,8551,1.4570225704595954,28.620738,424,24.0
GERAL,GERAL,22808444821,[Demand Gen - STITCH - GS],DEMAND_GEN,2025-08-26,13085,9155,1.4292736209721464,28.32412,377,35.0
GERAL,GERAL,22808444821,[Demand Gen - STITCH - GS],DEMAND_GEN,2025-08-27,14928,10198,1.4638164345950186,28.25814,401,25.0
GERAL,GERAL,22808444821,[Demand Gen - STITCH - GS],DEMAND_GEN,2025-08-28,13813,9504,1.4533880471380471,27.78812,380,19.0
GERAL,GERAL,22808444821,[Demand Gen - STITCH - GS],DEMAND_GEN,2025-08-29,14739,10111,1.4577193155968746,27.278828,369,44.0
GERAL,GERAL,22808444821,[Demand Gen - STITCH - GS],DEMAND_GEN,2025-08-30,14662,9954,1.4729756881655616,26.690442,410,23.0
GERAL,GERAL,22808444821,[Demand Gen - STITCH - GS],DEMAND_GEN,2025-08-31,14954,10691,1.39874660929754,25.308297,439,23.0
GERAL,GERAL,22808444821,[Demand Gen - STITCH - GS],DEMAND_GEN,2025-09-01,22466,15372,1.461488420504814,46.011488,615,38.0
GERAL,GERAL,22808444821,[Demand Gen - STITCH - GS],DEMAND_GEN,2025-09-02,22059,14672,1.5034760087241004,48.135275,626,61.0
GERAL,GERAL,22808444821,[Demand Gen - STITCH - GS],DEMAND_GEN,2025-09-03,22945,15460,1.4841526520051747,48.273299,540,61.0
GERAL,GERAL,22810189836,[Demand Gen - Megasale - NK],DEMAND_GEN,2025-07-21,23119,18820,1.2284272051009564,60.648592,659,28.0
GERAL,GERAL,22810189836,[Demand Gen - Megasale - NK],DEMAND_GEN,2025-07-22,19125,15866,1.2054077902432876,41.089704,621,27.0
GERAL,GERAL,22810189836,[Demand Gen - Megasale - NK],DEMAND_GEN,2025-07-23,14542,11357,1.2804437791670336,31.64922,459,22.0
GERAL,GERAL,22810189836,[Demand Gen - Megasale - NK],DEMAND_GEN,2025-07-24,14834,12153,1.2206039660989056,31.144153,526,29.0
GERAL,GERAL,22810189836,[Demand Gen - Megasale - NK],DEMAND_GEN,2025-07-25,14013,11531,1.2152458589888127,30.624393,449,23.0
GERAL,GERAL,22810189836,[Demand Gen - Megasale - NK],DEMAND_GEN,2025-07-26,14739,12151,1.2129865854662167,30.71168,492,14.0
GERAL,GERAL,22810189836,[Demand Gen - Megasale - NK],DEMAND_GEN,2025-07-27,16224,13158,1.2330141358869129,30.417429,482,30.0
GERAL,GERAL,22810189836,[Demand Gen - Megasale - NK],DEMAND_GEN,2025-07-28,14931,12468,1.1975457170356112,30.050557,448,24.0
GERAL,GERAL,22810189836,[Demand Gen - Megasale - NK],DEMAND_GEN,2025-07-29,13504,10983,1.2295365564964036,29.44636,418,20.0
GERAL,GERAL,22810189836,[Demand Gen - Megasale - NK],DEMAND_GEN,2025-07-30,7389,5547,1.3320713899405083,19.304368,218,31.0
GERAL,GERAL,22810189836,[Demand Gen - Megasale - NK],DEMAND_GEN,2025-07-31,1923,1659,1.1591320072332731,7.101077,52,12.0
GERAL,GERAL,22810229190,[Demand Gen - Megasale - NR],DEMAND_GEN,2025-07-21,28528,21833,1.3066459029908855,66.669382,953,30.0
GERAL,GERAL,22810229190,[Demand Gen - Megasale - NR],DEMAND_GEN,2025-07-22,18215,15517,1.1738738158149127,50.778922,649,17.0
GERAL,GERAL,22810229190,[Demand Gen - Megasale - NR],DEMAND_GEN,2025-07-23,11419,9370,1.2186766275346852,31.608986,468,21.0
GERAL,GERAL,22810229190,[Demand Gen - Megasale - NR],DEMAND_GEN,2025-07-24,12049,10077,1.1956931626476133,31.184455,507,16.0
GERAL,GERAL,22810229190,[Demand Gen - Megasale - NR],DEMAND_GEN,2025-07-25,11620,9906,1.173026448617,30.623441,470,10.0
GERAL,GERAL,22810229190,[Demand Gen - Megasale - NR],DEMAND_GEN,2025-07-26,11860,9927,1.1947214667069608,30.688261,495,15.0
GERAL,GERAL,22810229190,[Demand Gen - Megasale - NR],DEMAND_GEN,2025-07-27,13119,11023,1.1901478726299555,30.376386,470,17.0
GERAL,GERAL,22810229190,[Demand Gen - Megasale - NR],DEMAND_GEN,2025-07-28,11385,9583,1.1880413231764584,29.951456,481,19.0
GERAL,GERAL,22810229190,[Demand Gen - Megasale - NR],DEMAND_GEN,2025-07-29,11711,9811,1.193660177351952,29.527808,466,23.0
GERAL,GERAL,22810229190,[Demand Gen - Megasale - NR],DEMAND_GEN,2025-07-30,8339,6543,1.2744918233226348,25.974582,258,26.0
GERAL,GERAL,22810229190,[Demand Gen - Megasale - NR],DEMAND_GEN,2025-07-31,1031,985,1.0467005076142133,6.392727,31,5.0
GERAL,GERAL,22812952959,[Demand Gen - Megasale - CS],DEMAND_GEN,2025-07-21,28129,21378,1.3157919356347647,66.635724,821,16.0
GERAL,GERAL,22812952959,[Demand Gen - Megasale - CS],DEMAND_GEN,2025-07-22,23076,19096,1.208420611646418,56.450366,859,28.0
GERAL,GERAL,22812952959,[Demand Gen - Megasale - CS],DEMAND_GEN,2025-07-23,13681,10589,1.2920011332514874,31.574032,497,14.0
GERAL,GERAL,22812952959,[Demand Gen - Megasale - CS],DEMAND_GEN,2025-07-24,14600,11289,1.2932943573390026,31.16469,469,18.0
GERAL,GERAL,22812952959,[Demand Gen - Megasale - CS],DEMAND_GEN,2025-07-25,13876,10675,1.2998594847775176,30.672299,455,12.0
GERAL,GERAL,22812952959,[Demand Gen - Megasale - CS],DEMAND_GEN,2025-07-26,15628,12153,1.2859376285690776,30.696799,498,13.0
GERAL,GERAL,22812952959,[Demand Gen - Megasale - CS],DEMAND_GEN,2025-07-27,15690,12282,1.2774792379091353,30.363319,493,16.0
GERAL,GERAL,22812952959,[Demand Gen - Megasale - CS],DEMAND_GEN,2025-07-28,13899,10972,1.266769959897922,30.033494,452,16.0
GERAL,GERAL,22812952959,[Demand Gen - Megasale - CS],DEMAND_GEN,2025-07-29,14243,10987,1.296350232092473,29.686916,447,17.0
GERAL,GERAL,22812952959,[Demand Gen - Megasale - CS],DEMAND_GEN,2025-07-30,11721,9082,1.2905747632680027,28.739557,302,15.0
GERAL,GERAL,22812952959,[Demand Gen - Megasale - CS],DEMAND_GEN,2025-07-31,806,683,1.1800878477306003,2.942221,19,2.0
GERAL,GERAL,22816036076,[Demand Gen - Megasale - NS],DEMAND_GEN,2025-07-21,15759,13035,1.20897583429229,61.159298,497,21.0
GERAL,GERAL,22816036076,[Demand Gen - Megasale - NS],DEMAND_GEN,2025-07-22,18560,14423,1.2868335297788256,56.31323,555,21.0
GERAL,GERAL,22816036076,[Demand Gen - Megasale - NS],DEMAND_GEN,2025-07-23,11672,9016,1.2945874001774622,31.603038,422,19.0
GERAL,GERAL,22816036076,[Demand Gen - Megasale - NS],DEMAND_GEN,2025-07-24,13433,10216,1.3148981989036805,31.179732,425,25.0
GERAL,GERAL,22816036076,[Demand Gen - Megasale - NS],DEMAND_GEN,2025-07-25,13491,10258,1.3151686488594267,30.636791,422,24.0
GERAL,GERAL,22816036076,[Demand Gen - Megasale - NS],DEMAND_GEN,2025-07-26,16226,11725,1.3838805970149253,30.703834,477,19.0
GERAL,GERAL,22816036076,[Demand Gen - Megasale - NS],DEMAND_GEN,2025-07-27,17071,12358,1.3813723903544264,30.404997,521,14.0
GERAL,GERAL,22816036076,[Demand Gen - Megasale - NS],DEMAND_GEN,2025-07-28,14972,11086,1.350532202778279,30.026382,458,13.0
GERAL,GERAL,22816036076,[Demand Gen - Megasale - NS],DEMAND_GEN,2025-07-29,15045,10980,1.3702185792349726,29.456095,428,21.0
GERAL,GERAL,22816036076,[Demand Gen - Megasale - NS],DEMAND_GEN,2025-07-30,9618,6914,1.3910905409314434,30.019058,257,21.0
GERAL,GERAL,22816036076,[Demand Gen - Megasale - NS],DEMAND_GEN,2025-07-31,630,542,1.1623616236162362,1.92325,18,1.0
GERAL,GERAL,22822662172,[Demand Gen - Megasale - GS],DEMAND_GEN,2025-07-21,28595,21102,1.3550848260828356,66.691679,824,14.0
GERAL,GERAL,22822662172,[Demand Gen - Megasale - GS],DEMAND_GEN,2025-07-22,22704,17954,1.264564999443021,54.020806,696,15.0
GERAL,GERAL,22822662172,[Demand Gen - Megasale - GS],DEMAND_GEN,2025-07-23,13713,10451,1.3121232417950435,31.598707,468,9.0
GERAL,GERAL,22822662172,[Demand Gen - Megasale - GS],DEMAND_GEN,2025-07-24,15383,11785,1.305303351718286,31.169823,498,14.0
GERAL,GERAL,22822662172,[Demand Gen - Megasale - GS],DEMAND_GEN,2025-07-25,15025,11468,1.310167422392745,30.653443,481,8.0
GERAL,GERAL,22822662172,[Demand Gen - Megasale - GS],DEMAND_GEN,2025-07-26,16180,12293,1.316196209224762,30.707822,474,9.0
GERAL,GERAL,22822662172,[Demand Gen - Megasale - GS],DEMAND_GEN,2025-07-27,17473,13165,1.3272312951006457,30.392286,487,9.0
GERAL,GERAL,22822662172,[Demand Gen - Megasale - GS],DEMAND_GEN,2025-07-28,15463,11405,1.3558088557650154,30.090415,491,10.0
GERAL,GERAL,22822662172,[Demand Gen - Megasale - GS],DEMAND_GEN,2025-07-29,15038,11031,1.363249025473665,29.588406,478,12.0
GERAL,GERAL,22822662172,[Demand Gen - Megasale - GS],DEMAND_GEN,2025-07-30,10143,7867,1.2893097750095335,28.78383,252,15.0
GERAL,GERAL,22822662172,[Demand Gen - Megasale - GS],DEMAND_GEN,2025-07-31,1347,1163,1.1582115219260534,5.500734,28,6.0
GERAL,GERAL,22822675432,[Demand Gen - Megasale - BS],DEMAND_GEN,2025-07-21,31142,24165,1.28872336023174,66.692269,944,13.0
GERAL,GERAL,22822675432,[Demand Gen - Megasale - BS],DEMAND_GEN,2025-07-22,18242,15362,1.1874755891160005,44.28021,638,13.0
GERAL,GERAL,22822675432,[Demand Gen - Megasale - BS],DEMAND_GEN,2025-07-23,13659,10847,1.2592421867797547,31.630364,478,12.0
GERAL,GERAL,22822675432,[Demand Gen - Megasale - BS],DEMAND_GEN,2025-07-24,14799,12114,1.2216443784051512,31.163044,512,12.0
GERAL,GERAL,22822675432,[Demand Gen - Megasale - BS],DEMAND_GEN,2025-07-25,14214,11662,1.2188303892985766,30.627253,469,8.0
GERAL,GERAL,22822675432,[Demand Gen - Megasale - BS],DEMAND_GEN,2025-07-26,15186,12335,1.2311309282529388,30.709907,520,8.0
GERAL,GERAL,22822675432,[Demand Gen - Megasale - BS],DEMAND_GEN,2025-07-27,16301,13097,1.2446361762235627,30.368883,544,14.0
GERAL,GERAL,22822675432,[Demand Gen - Megasale - BS],DEMAND_GEN,2025-07-28,14416,11702,1.2319261664672705,29.997254,441,12.0
GERAL,GERAL,22822675432,[Demand Gen - Megasale - BS],DEMAND_GEN,2025-07-29,14157,11580,1.222538860103627,29.529299,406,10.0
GERAL,GERAL,22822675432,[Demand Gen - Megasale - BS],DEMAND_GEN,2025-07-30,9882,7864,1.2566124109867751,28.660436,312,17.0
GERAL,GERAL,22822675432,[Demand Gen - Megasale - BS],DEMAND_GEN,2025-07-31,1373,1184,1.1596283783783783,5.130063,45,3.0
GERAL,GERAL,22869854770,[BS - PAIS DISPLAY],DISPLAY,2025-08-06,3180,1587,2.003780718336484,83.948597,164,10.0
GERAL,GERAL,22869854770,[BS - PAIS DISPLAY],DISPLAY,2025-08-07,799,430,1.8581395348837209,30.525451,43,4.0
GERAL,GERAL,22869854770,[BS - PAIS DISPLAY],DISPLAY,2025-08-08,845,463,1.8250539956803455,29.335785,48,5.0
GERAL,GERAL,22869854770,[BS - PAIS DISPLAY],DISPLAY,2025-08-09,1363,701,1.9443651925820258,30.223293,80,1.0
GERAL,GERAL,22869854770,[BS - PAIS DISPLAY],DISPLAY,2025-08-10,1669,859,1.9429569266589057,27.460504,95,4.0
GERAL,GERAL,22869854770,[BS - PAIS DISPLAY],DISPLAY,2025-08-11,1099,503,2.1848906560636183,25.454867,59,5.0
GERAL,GERAL,22869854770,[BS - PAIS DISPLAY],DISPLAY,2025-08-12,927,374,2.478609625668449,15.695165,39,2.0
GERAL,GERAL,22869854770,[BS - PAIS DISPLAY],DISPLAY,2025-08-13,1460,686,2.128279883381924,36.081906,85,7.0
GERAL,GERAL,22869854770,[BS - PAIS DISPLAY],DISPLAY,2025-08-14,1408,772,1.8238341968911918,30.787201,81,5.0
GERAL,GERAL,22869854770,[BS - PAIS DISPLAY],DISPLAY,2025-08-15,455,254,1.7913385826771653,9.335628,19,1.0
GERAL,GERAL,22869854770,[BS - PAIS DISPLAY],DISPLAY,2025-08-16,215,83,2.5903614457831323,4.937817,8,2.0
GERAL,GERAL,22869854770,[BS - PAIS DISPLAY],DISPLAY,2025-08-17,855,482,1.7738589211618256,13.819938,68,4.0
GERAL,GERAL,22869854770,[BS - PAIS DISPLAY],DISPLAY,2025-08-18,748,463,1.6155507559395248,11.741621,39,1.0
GERAL,GERAL,22869854770,[BS - PAIS DISPLAY],DISPLAY,2025-08-19,609,330,1.8454545454545455,10.1454,35,4.0
GERAL,GERAL,22869854770,[BS - PAIS DISPLAY],DISPLAY,2025-08-20,455,332,1.3704819277108433,7.179237,21,2.0
GERAL,GERAL,22869854770,[BS - PAIS DISPLAY],DISPLAY,2025-08-21,697,461,1.5119305856832972,16.009225,36,6.0
GERAL,GERAL,22869854770,[BS - PAIS DISPLAY],DISPLAY,2025-08-22,945,639,1.4788732394366197,10.802578,39,2.0
GERAL,GERAL,22869854770,[BS - PAIS DISPLAY],DISPLAY,2025-08-23,9401,5575,1.6862780269058295,10.783738,299,19.0
GERAL,GERAL,22869854770,[BS - PAIS DISPLAY],DISPLAY,2025-08-24,24738,12691,1.9492553778268065,11.667603,607,48.0
GERAL,GERAL,22869854770,[BS - PAIS DISPLAY],DISPLAY,2025-08-25,1340,813,1.6482164821648218,9.455772,48,10.0
GERAL,GERAL,22869854770,[BS - PAIS DISPLAY],DISPLAY,2025-08-26,1170,712,1.6432584269662922,10.248722,42,5.0
GERAL,GERAL,22869854770,[BS - PAIS DISPLAY],DISPLAY,2025-08-27,441,319,1.3824451410658307,4.277507,13,4.0
GERAL,GERAL,22869960705,[CS - PAIS DISPLAY],DISPLAY,2025-08-08,989,318,3.110062893081761,8.037474,17,7.0
GERAL,GERAL,22869960705,[CS - PAIS DISPLAY],DISPLAY,2025-08-09,1050,424,2.4764150943396226,20.187221,13,9.0
GERAL,GERAL,22869960705,[CS - PAIS DISPLAY],DISPLAY,2025-08-10,1650,823,2.0048602673147022,20.484386,29,17.0
GERAL,GERAL,22869960705,[CS - PAIS DISPLAY],DISPLAY,2025-08-11,3516,1586,2.2168978562421184,39.512399,32,48.0
GERAL,GERAL,22869960705,[CS - PAIS DISPLAY],DISPLAY,2025-08-12,3870,1744,2.2190366972477062,59.650242,49,17.0
GERAL,GERAL,22869960705,[CS - PAIS DISPLAY],DISPLAY,2025-08-13,5489,2614,2.0998469778117825,58.993542,74,44.0
GERAL,GERAL,22869960705,[CS - PAIS DISPLAY],DISPLAY,2025-08-14,3899,1964,1.985234215885947,57.404807,59,44.0
GERAL,GERAL,22869960705,[CS - PAIS DISPLAY],DISPLAY,2025-08-15,1953,1024,1.9072265625,36.691142,12,19.0
GERAL,GERAL,22869960705,[CS - PAIS DISPLAY],DISPLAY,2025-08-16,752,394,1.9086294416243654,10.165871,10,11.0
GERAL,GERAL,22869960705,[CS - PAIS DISPLAY],DISPLAY,2025-08-17,810,428,1.8925233644859814,8.761741,6,8.0
GERAL,GERAL,22869960705,[CS - PAIS DISPLAY],DISPLAY,2025-08-18,1213,632,1.9193037974683544,12.30065,7,7.0
GERAL,GERAL,22869960705,[CS - PAIS DISPLAY],DISPLAY,2025-08-19,828,445,1.8606741573033707,10.147618,3,14.0
GERAL,GERAL,22869960705,[CS - PAIS DISPLAY],DISPLAY,2025-08-20,821,432,1.900462962962963,10.714269,7,8.0
GERAL,GERAL,22869960705,[CS - PAIS DISPLAY],DISPLAY,2025-08-21,760,438,1.735159817351598,9.69801,7,12.0
GERAL,GERAL,22869960705,[CS - PAIS DISPLAY],DISPLAY,2025-08-22,482,264,1.8257575757575757,10.645249,2,39.0
GERAL,GERAL,22869960705,[CS - PAIS DISPLAY],DISPLAY,2025-08-23,514,289,1.778546712802768,10.308972,3,30.0
GERAL,GERAL,22869960705,[CS - PAIS DISPLAY],DISPLAY,2025-08-24,563,275,2.0472727272727274,10.178506,3,14.0
GERAL,GERAL,22869960705,[CS - PAIS DISPLAY],DISPLAY,2025-08-25,879,478,1.8389121338912133,10.027461,1,12.0
GERAL,GERAL,22869960705,[CS - PAIS DISPLAY],DISPLAY,2025-08-26,783,429,1.8251748251748252,9.845998,4,8.0
GERAL,GERAL,22869960705,[CS - PAIS DISPLAY],DISPLAY,2025-08-27,628,349,1.7994269340974212,10.017086,0,11.0
GERAL,GERAL,22869960705,[CS - PAIS DISPLAY],DISPLAY,2025-08-28,112,65,1.7230769230769232,1.397035,2,0.0
GERAL,GERAL,22875774422,[GS - PAIS DISPLAY],DISPLAY,2025-08-08,1720,791,2.1744627054361567,58.455482,109,9.0
GERAL,GERAL,22875774422,[GS - PAIS DISPLAY],DISPLAY,2025-08-09,1185,605,1.9586776859504131,53.93121,75,2.0
GERAL,GERAL,22875774422,[GS - PAIS DISPLAY],DISPLAY,2025-08-10,1206,473,2.5496828752642706,30.145201,54,4.0
GERAL,GERAL,22875774422,[GS - PAIS DISPLAY],DISPLAY,2025-08-11,778,345,2.255072463768116,22.727623,34,5.0
GERAL,GERAL,22875774422,[GS - PAIS DISPLAY],DISPLAY,2025-08-12,426,229,1.8602620087336244,26.677255,27,3.0
GERAL,GERAL,22875774422,[GS - PAIS DISPLAY],DISPLAY,2025-08-13,431,208,2.0721153846153846,13.153659,22,3.0
GERAL,GERAL,22875774422,[GS - PAIS DISPLAY],DISPLAY,2025-08-14,998,514,1.9416342412451362,41.618165,47,8.0
GERAL,GERAL,22875774422,[GS - PAIS DISPLAY],DISPLAY,2025-08-15,164,75,2.1866666666666665,9.263857,5,1.0
GERAL,GERAL,22875774422,[GS - PAIS DISPLAY],DISPLAY,2025-08-16,255,143,1.7832167832167831,7.465829,13,1.0
GERAL,GERAL,22875774422,[GS - PAIS DISPLAY],DISPLAY,2025-08-17,105,67,1.5671641791044777,2.504777,11,1.0
GERAL,GERAL,22875774422,[GS - PAIS DISPLAY],DISPLAY,2025-08-18,676,378,1.7883597883597884,10.140614,22,4.0
GERAL,GERAL,22875774422,[GS - PAIS DISPLAY],DISPLAY,2025-08-19,571,317,1.8012618296529967,14.104738,21,3.0
GERAL,GERAL,22875774422,[GS - PAIS DISPLAY],DISPLAY,2025-08-20,1036,605,1.712396694214876,17.051933,37,2.0
GERAL,GERAL,22875774422,[GS - PAIS DISPLAY],DISPLAY,2025-08-21,699,388,1.8015463917525774,12.821352,17,5.0
GERAL,GERAL,22875774422,[GS - PAIS DISPLAY],DISPLAY,2025-08-22,470,291,1.6151202749140894,3.889707,7,4.0
GERAL,GERAL,22875774422,[GS - PAIS DISPLAY],DISPLAY,2025-08-23,1379,770,1.790909090909091,16.759068,36,3.0
GERAL,GERAL,22875774422,[GS - PAIS DISPLAY],DISPLAY,2025-08-24,20979,9360,2.2413461538461537,11.409966,362,12.0
GERAL,GERAL,22875774422,[GS - PAIS DISPLAY],DISPLAY,2025-08-25,2710,1378,1.9666182873730043,11.63645,45,4.0
GERAL,GERAL,22875774422,[GS - PAIS DISPLAY],DISPLAY,2025-08-26,395,217,1.8202764976958525,9.589639,3,3.0
GERAL,GERAL,22875774422,[GS - PAIS DISPLAY],DISPLAY,2025-08-27,278,158,1.759493670886076,2.797871,4,5.0
GERAL,GERAL,22879800673,[NK - PAIS DISPLAY],DISPLAY,2025-08-08,1697,781,2.172855313700384,57.391512,120,3.0
GERAL,GERAL,22879800673,[NK - PAIS DISPLAY],DISPLAY,2025-08-09,2831,1458,1.9417009602194788,54.247142,173,4.0
GERAL,GERAL,22879800673,[NK - PAIS DISPLAY],DISPLAY,2025-08-10,2089,1160,1.8008620689655173,32.610646,103,1.0
GERAL,GERAL,22879800673,[NK - PAIS DISPLAY],DISPLAY,2025-08-11,2243,1342,1.6713859910581221,29.69431,128,2.0
GERAL,GERAL,22879800673,[NK - PAIS DISPLAY],DISPLAY,2025-08-12,1087,680,1.598529411764706,26.754285,84,0.0
GERAL,GERAL,22879800673,[NK - PAIS DISPLAY],DISPLAY,2025-08-13,825,522,1.5804597701149425,23.707287,48,0.0
GERAL,GERAL,22879800673,[NK - PAIS DISPLAY],DISPLAY,2025-08-14,1738,1120,1.5517857142857143,25.341323,77,0.0
GERAL,GERAL,22879800673,[NK - PAIS DISPLAY],DISPLAY,2025-08-15,574,385,1.490909090909091,6.033603,19,0.0
GERAL,GERAL,22879800673,[NK - PAIS DISPLAY],DISPLAY,2025-08-16,762,476,1.6008403361344539,13.274027,50,2.0
GERAL,GERAL,22879800673,[NK - PAIS DISPLAY],DISPLAY,2025-08-17,747,497,1.5030181086519114,7.7527,50,4.0
GERAL,GERAL,22879800673,[NK - PAIS DISPLAY],DISPLAY,2025-08-18,307,228,1.3464912280701755,4.346653,14,0.0
GERAL,GERAL,22879800673,[NK - PAIS DISPLAY],DISPLAY,2025-08-19,617,433,1.4249422632794457,9.677326,28,0.0
GERAL,GERAL,22879800673,[NK - PAIS DISPLAY],DISPLAY,2025-08-20,913,528,1.7291666666666667,16.304153,35,0.0
GERAL,GERAL,22879800673,[NK - PAIS DISPLAY],DISPLAY,2025-08-21,419,295,1.4203389830508475,10.268232,25,1.0
GERAL,GERAL,22879800673,[NK - PAIS DISPLAY],DISPLAY,2025-08-22,587,418,1.4043062200956937,11.049496,33,2.0
GERAL,GERAL,22879800673,[NK - PAIS DISPLAY],DISPLAY,2025-08-23,1333,991,1.34510595358224,9.354378,51,0.0
GERAL,GERAL,22879800673,[NK - PAIS DISPLAY],DISPLAY,2025-08-24,1453,1052,1.3811787072243347,10.60037,61,0.0
GERAL,GERAL,22879800673,[NK - PAIS DISPLAY],DISPLAY,2025-08-25,2735,1688,1.620260663507109,13.35387,76,2.0
GERAL,GERAL,22879800673,[NK - PAIS DISPLAY],DISPLAY,2025-08-26,288,179,1.6089385474860336,9.444328,19,1.0
GERAL,GERAL,22879800673,[NK - PAIS DISPLAY],DISPLAY,2025-08-27,391,265,1.4754716981132074,9.806819,17,0.0
GERAL,GERAL,22880240776,[NS - PAIS DISPLAY],DISPLAY,2025-08-08,1106,475,2.328421052631579,59.661688,87,5.0
GERAL,GERAL,22880240776,[NS - PAIS DISPLAY],DISPLAY,2025-08-09,937,490,1.9122448979591837,59.926268,98,2.0
GERAL,GERAL,22880240776,[NS - PAIS DISPLAY],DISPLAY,2025-08-10,827,499,1.657314629258517,35.823477,65,0.0
GERAL,GERAL,22880240776,[NS - PAIS DISPLAY],DISPLAY,2025-08-11,456,255,1.7882352941176471,29.764575,43,2.0
GERAL,GERAL,22880240776,[NS - PAIS DISPLAY],DISPLAY,2025-08-12,417,240,1.7375,31.493319,55,5.0
GERAL,GERAL,22880240776,[NS - PAIS DISPLAY],DISPLAY,2025-08-13,429,255,1.6823529411764706,32.503507,48,1.0
GERAL,GERAL,22880240776,[NS - PAIS DISPLAY],DISPLAY,2025-08-14,135,87,1.5517241379310345,11.987076,17,0.0
GERAL,GERAL,22880240776,[NS - PAIS DISPLAY],DISPLAY,2025-08-15,166,115,1.4434782608695653,9.707258,18,1.0
GERAL,GERAL,22880240776,[NS - PAIS DISPLAY],DISPLAY,2025-08-16,174,85,2.0470588235294116,10.167157,23,1.0
GERAL,GERAL,22880240776,[NS - PAIS DISPLAY],DISPLAY,2025-08-17,172,106,1.6226415094339623,10.636397,19,0.0
GERAL,GERAL,22880240776,[NS - PAIS DISPLAY],DISPLAY,2025-08-18,204,128,1.59375,10.603229,21,0.0
GERAL,GERAL,22880240776,[NS - PAIS DISPLAY],DISPLAY,2025-08-19,193,100,1.93,10.486051,13,0.0
GERAL,GERAL,22880240776,[NS - PAIS DISPLAY],DISPLAY,2025-08-20,97,54,1.7962962962962963,10.370854,12,0.0
GERAL,GERAL,22880240776,[NS - PAIS DISPLAY],DISPLAY,2025-08-21,195,115,1.6956521739130435,10.882956,18,0.0
GERAL,GERAL,22880240776,[NS - PAIS DISPLAY],DISPLAY,2025-08-22,136,98,1.3877551020408163,11.968944,15,0.0
GERAL,GERAL,22880240776,[NS - PAIS DISPLAY],DISPLAY,2025-08-23,75,50,1.5,9.826191,13,0.0
GERAL,GERAL,22880240776,[NS - PAIS DISPLAY],DISPLAY,2025-08-24,1911,1185,1.6126582278481012,9.513869,46,1.0
GERAL,GERAL,22880240776,[NS - PAIS DISPLAY],DISPLAY,2025-08-25,346,199,1.7386934673366834,9.561844,20,0.0
GERAL,GERAL,22880240776,[NS - PAIS DISPLAY],DISPLAY,2025-08-26,252,141,1.7872340425531914,7.97431,19,3.0
GERAL,GERAL,22880240776,[NS - PAIS DISPLAY],DISPLAY,2025-08-27,281,151,1.8609271523178808,9.147793,15,1.0
GERAL,GERAL,22880240776,[NS - PAIS DISPLAY],DISPLAY,2025-08-28,76,52,1.4615384615384615,2.453334,4,0.0
GERAL,GERAL,22880254516,[NR - PAIS DISPLAY],DISPLAY,2025-08-08,2317,1004,2.307768924302789,59.787486,128,2.0
GERAL,GERAL,22880254516,[NR - PAIS DISPLAY],DISPLAY,2025-08-09,2400,1138,2.10896309314587,49.214522,160,2.0
GERAL,GERAL,22880254516,[NR - PAIS DISPLAY],DISPLAY,2025-08-10,1912,841,2.2734839476813318,29.780953,105,4.0
GERAL,GERAL,22880254516,[NR - PAIS DISPLAY],DISPLAY,2025-08-11,1769,801,2.208489388264669,31.972556,96,6.0
GERAL,GERAL,22880254516,[NR - PAIS DISPLAY],DISPLAY,2025-08-12,2279,1046,2.1787762906309753,36.450326,113,5.0
GERAL,GERAL,22880254516,[NR - PAIS DISPLAY],DISPLAY,2025-08-13,1932,858,2.2517482517482517,31.540305,96,8.0
GERAL,GERAL,22880254516,[NR - PAIS DISPLAY],DISPLAY,2025-08-14,2094,1003,2.0877367896311068,34.189357,91,3.0
GERAL,GERAL,22880254516,[NR - PAIS DISPLAY],DISPLAY,2025-08-15,284,175,1.6228571428571428,7.992507,16,0.0
GERAL,GERAL,22880254516,[NR - PAIS DISPLAY],DISPLAY,2025-08-16,456,227,2.0088105726872247,11.286149,33,2.0
GERAL,GERAL,22880254516,[NR - PAIS DISPLAY],DISPLAY,2025-08-17,544,264,2.0606060606060606,6.181302,26,0.0
GERAL,GERAL,22880254516,[NR - PAIS DISPLAY],DISPLAY,2025-08-18,686,362,1.8950276243093922,11.41812,27,1.0
GERAL,GERAL,22880254516,[NR - PAIS DISPLAY],DISPLAY,2025-08-19,571,306,1.8660130718954249,7.898598,19,5.0
GERAL,GERAL,22880254516,[NR - PAIS DISPLAY],DISPLAY,2025-08-20,796,509,1.5638506876227898,10.303168,24,4.0
GERAL,GERAL,22880254516,[NR - PAIS DISPLAY],DISPLAY,2025-08-21,626,412,1.5194174757281553,8.523728,19,1.0
GERAL,GERAL,22880254516,[NR - PAIS DISPLAY],DISPLAY,2025-08-22,1401,892,1.5706278026905829,12.677925,43,2.0
GERAL,GERAL,22880254516,[NR - PAIS DISPLAY],DISPLAY,2025-08-23,664,436,1.5229357798165137,10.582538,31,1.0
GERAL,GERAL,22880254516,[NR - PAIS DISPLAY],DISPLAY,2025-08-24,5813,3872,1.5012913223140496,9.241483,183,7.0
GERAL,GERAL,22880254516,[NR - PAIS DISPLAY],DISPLAY,2025-08-25,2391,1593,1.5009416195856873,10.794935,66,3.0
GERAL,GERAL,22880254516,[NR - PAIS DISPLAY],DISPLAY,2025-08-26,635,349,1.819484240687679,11.311748,29,1.0
GERAL,GERAL,22880254516,[NR - PAIS DISPLAY],DISPLAY,2025-08-27,554,336,1.6488095238095237,10.827407,23,1.0
GERAL,GERAL,22893820769,[VISUALIZAÇÕES - PAIS - EVENTOS - NR],VIDEO,2025-08-11,605,710,1.004225352112676,6.479994,0,4.0
GERAL,GERAL,22893820769,[VISUALIZAÇÕES - PAIS - EVENTOS - NR],VIDEO,2025-08-12,3758,4493,1.0827954596038283,24.697315,5,34.0
GERAL,GERAL,22893820769,[VISUALIZAÇÕES - PAIS - EVENTOS - NR],VIDEO,2025-08-13,5656,6146,1.148226488773186,25.033711,3,22.0
GERAL,GERAL,22893820769,[VISUALIZAÇÕES - PAIS - EVENTOS - NR],VIDEO,2025-08-14,5620,5742,1.287008011145942,25.01363,6,23.0
GERAL,GERAL,22893820769,[VISUALIZAÇÕES - PAIS - EVENTOS - NR],VIDEO,2025-08-15,4893,5342,1.1868214152002996,24.589318,0,37.0
GERAL,GERAL,22893820769,[VISUALIZAÇÕES - PAIS - EVENTOS - NR],VIDEO,2025-08-16,4929,5329,1.2546443985738411,24.702377,0,26.0
GERAL,GERAL,22893820769,[VISUALIZAÇÕES - PAIS - EVENTOS - NR],VIDEO,2025-08-17,4502,4939,1.2368900587163394,24.568749,0,36.0
GERAL,GERAL,22893820769,[VISUALIZAÇÕES - PAIS - EVENTOS - NR],VIDEO,2025-08-18,4677,4821,1.294129848579133,24.545734,1,26.0
GERAL,GERAL,22893820769,[VISUALIZAÇÕES - PAIS - EVENTOS - NR],VIDEO,2025-08-19,4760,5066,1.2319384129490722,24.713532,0,28.0
GERAL,GERAL,22893820769,[VISUALIZAÇÕES - PAIS - EVENTOS - NR],VIDEO,2025-08-20,3472,3970,1.1594458438287154,24.633169,0,32.0
GERAL,GERAL,22893820769,[VISUALIZAÇÕES - PAIS - EVENTOS - NR],VIDEO,2025-08-21,721,893,1.051511758118701,5.073217,0,13.0
GERAL,GERAL,22901416210,[ALC - A hora da música - CS],VIDEO,2025-08-12,20302,20484,1.1017379418082405,79.998057,17,21.0
GERAL,GERAL,22901416210,[ALC - A hora da música - CS],VIDEO,2025-08-13,35474,37144,1.058448201593797,80.373077,23,12.0
GERAL,GERAL,22901416210,[ALC - A hora da música - CS],VIDEO,2025-08-14,29128,33188,1.065144027961914,85.040805,17,58.0
GERAL,GERAL,22901416210,[ALC - A hora da música - CS],VIDEO,2025-08-15,40499,42686,1.0658061191022818,80.782329,19,37.0
GERAL,GERAL,22901416210,[ALC - A hora da música - CS],VIDEO,2025-08-16,40046,41567,1.0580749151971516,78.892524,35,27.0
GERAL,GERAL,22901416210,[ALC - A hora da música - CS],VIDEO,2025-08-17,39770,40243,1.0856297989712496,74.933995,28,17.0
GERAL,GERAL,22911255013,[ALC - Parque Tiarajú - NR],VIDEO,2025-08-15,1845,1634,1.244186046511628,5.696813,0,0.0
GERAL,GERAL,22911255013,[ALC - Parque Tiarajú - NR],VIDEO,2025-08-16,6229,6688,1.0723684210526316,15.314951,8,0.0
GERAL,GERAL,22911255013,[ALC - Parque Tiarajú - NR],VIDEO,2025-08-17,5869,6369,1.0692416391898256,15.26766,7,0.0
GERAL,GERAL,22911255013,[ALC - Parque Tiarajú - NR],VIDEO,2025-08-18,5582,6189,1.0534819841654548,15.2728,4,0.0
GERAL,GERAL,22911255013,[ALC - Parque Tiarajú - NR],VIDEO,2025-08-19,5693,5908,1.1101895734597156,15.251084,5,0.0
GERAL,GERAL,22911255013,[ALC - Parque Tiarajú - NR],VIDEO,2025-08-20,5980,6516,1.071976672805402,15.264073,8,0.0
GERAL,GERAL,22911255013,[ALC - Parque Tiarajú - NR],VIDEO,2025-08-21,5606,5902,1.0989495086411385,15.284812,2,0.0
GERAL,GERAL,22911255013,[ALC - Parque Tiarajú - NR],VIDEO,2025-08-22,5912,6344,1.1068726355611602,15.282421,6,0.0
GERAL,GERAL,22911255013,[ALC - Parque Tiarajú - NR],VIDEO,2025-08-23,5984,6393,1.0949475989363366,15.287236,5,0.0
GERAL,GERAL,22911255013,[ALC - Parque Tiarajú - NR],VIDEO,2025-08-24,6164,6436,1.1120261031696705,15.295071,4,0.0
GERAL,GERAL,22911255013,[ALC - Parque Tiarajú - NR],VIDEO,2025-08-25,1280,1367,1.093635698610095,3.093748,1,0.0
GERAL,GERAL,22919062221,[ALC - Dragões - NS],VIDEO,2025-08-21,6287,2785,2.275763016157989,30.847712,24,3.0
GERAL,GERAL,22919062221,[ALC - Dragões - NS],VIDEO,2025-08-22,8767,8970,1.0892976588628762,30.483874,12,13.0
GERAL,GERAL,22919062221,[ALC - Dragões - NS],VIDEO,2025-08-23,10604,9524,1.3008189836203277,31.238839,15,9.0
GERAL,GERAL,22919062221,[ALC - Dragões - NS],VIDEO,2025-08-24,10274,9194,1.3023711115945182,31.020212,21,7.0
GERAL,GERAL,22919062221,[ALC - Dragões - NS],VIDEO,2025-08-25,10402,9342,1.3194176835795333,30.765837,18,9.0
GERAL,GERAL,22919062221,[ALC - Dragões - NS],VIDEO,2025-08-26,10534,9527,1.3062873937231028,30.586935,14,11.0
GERAL,GERAL,22919062221,[ALC - Dragões - NS],VIDEO,2025-08-27,10437,9138,1.361895381921646,30.24525,12,4.0
GERAL,GERAL,22919062221,[ALC - Dragões - NS],VIDEO,2025-08-28,10521,9222,1.3629364563001518,30.225141,12,15.0
GERAL,GERAL,22919062221,[ALC - Dragões - NS],VIDEO,2025-08-29,9862,8911,1.3126472898664572,29.418634,12,4.0
GERAL,GERAL,22919062221,[ALC - Dragões - NS],VIDEO,2025-08-30,10313,9389,1.297582277132815,28.644377,23,8.0
GERAL,GERAL,22919062221,[ALC - Dragões - NS],VIDEO,2025-08-31,10234,9138,1.33234843510615,27.237621,11,7.0
GERAL,GERAL,22919062221,[ALC - Dragões - NS],VIDEO,2025-09-01,55307,53574,1.2135550826893642,129.97419,36,67.0
GERAL,GERAL,22919062221,[ALC - Dragões - NS],VIDEO,2025-09-02,79278,60627,1.4802480742903328,136.040726,64,45.0
GERAL,GERAL,22919062221,[ALC - Dragões - NS],VIDEO,2025-09-03,58404,49186,1.408429227829057,136.245939,40,44.0
GERAL,GERAL,22924844348,[ALC - Churras - NR],VIDEO,2025-08-21,326,177,1.847457627118644,1.556687,1,1.0
GERAL,GERAL,22924844348,[ALC - Churras - NR],VIDEO,2025-08-22,941,864,1.2708333333333333,2.850048,1,1.0
GERAL,GERAL,22924844348,[ALC - Churras - NR],VIDEO,2025-08-23,947,837,1.2783751493428912,2.858442,2,1.0
GERAL,GERAL,22924844348,[ALC - Churras - NR],VIDEO,2025-08-24,835,790,1.1962025316455696,2.820304,2,0.0
GERAL,GERAL,22924844348,[ALC - Churras - NR],VIDEO,2025-08-25,154,167,1.125748502994012,0.465008,0,0.0
GERAL,GERAL,22962637627,[PMAX - Strong Man - NR],PERFORMANCE_MAX,2025-08-29,21113,17551,1.2029513987806963,88.991075,15,254.0
GERAL,GERAL,22962637627,[PMAX - Strong Man - NR],PERFORMANCE_MAX,2025-08-30,57585,37724,1.526481815290001,150.472376,20,612.0
GERAL,GERAL,22962637627,[PMAX - Strong Man - NR],PERFORMANCE_MAX,2025-08-31,29837,23679,1.2600616580092066,79.887426,13,261.0
GERAL,GERAL,22962637627,[PMAX - Strong Man - NR],PERFORMANCE_MAX,2025-09-01,46951,32730,1.4344943476932477,122.482343,20,304.0
GERAL,GERAL,22962637627,[PMAX - Strong Man - NR],PERFORMANCE_MAX,2025-09-02,47515,32659,1.4548822682874551,125.123681,11,322.0
GERAL,GERAL,22962637627,[PMAX - Strong Man - NR],PERFORMANCE_MAX,2025-09-03,45323,30349,1.4933935220270849,123.435929,15,373.0
GERAL,GERAL,22968796056,[PMAX - Emporio Du Homem - NR],PERFORMANCE_MAX,2025-09-02,6364,5476,1.162162162162162,31.888746,32,58.0
GERAL,GERAL,22968796056,[PMAX - Emporio Du Homem - NR],PERFORMANCE_MAX,2025-09-03,25899,19416,1.3338998763906056,215.129243,119,306.0
GERAL,GERAL,21741027756,[APP INSTAL - GS],MULTI_CHANNEL,2025-09-04,457,290,1.5758620689655172,12.723018,24,11.0
GERAL,GERAL,21741027756,[APP INSTAL - GS],MULTI_CHANNEL,2025-09-05,118,83,1.4216867469879517,12.77886,17,3.0
GERAL,GERAL,21741027756,[APP INSTAL - GS],MULTI_CHANNEL,2025-09-06,207,155,1.335483870967742,12.644823,18,6.0
GERAL,GERAL,21741027756,[APP INSTAL - GS],MULTI_CHANNEL,2025-09-07,481,349,1.3782234957020056,13.287468,27,10.0
GERAL,GERAL,21741027756,[APP INSTAL - GS],MULTI_CHANNEL,2025-09-08,591,421,1.4038004750593824,12.685846,35,14.0
GERAL,GERAL,21741027756,[APP INSTAL - GS],MULTI_CHANNEL,2025-09-09,372,275,1.3527272727272728,12.765786,22,8.0
GERAL,GERAL,21741027756,[APP INSTAL - GS],MULTI_CHANNEL,2025-09-10,273,203,1.3448275862068966,13.082161,16,8.0
GERAL,GERAL,21741027756,[APP INSTAL - GS],MULTI_CHANNEL,2025-09-11,179,123,1.4552845528455285,14.504519,19,7.0
GERAL,GERAL,21741027756,[APP INSTAL - GS],MULTI_CHANNEL,2025-09-12,333,230,1.4478260869565218,13.314203,19,5.0
GERAL,GERAL,21741027756,[APP INSTAL - GS],MULTI_CHANNEL,2025-09-13,242,191,1.2670157068062826,12.60896,21,8.0
GERAL,GERAL,21741027756,[APP INSTAL - GS],MULTI_CHANNEL,2025-09-14,354,246,1.4390243902439024,11.569426,20,5.0
GERAL,GERAL,21741027756,[APP INSTAL - GS],MULTI_CHANNEL,2025-09-15,424,291,1.4570446735395188,13.295349,39,17.0
GERAL,GERAL,21741027756,[APP INSTAL - GS],MULTI_CHANNEL,2025-09-16,266,185,1.4378378378378378,13.423069,20,4.0
GERAL,GERAL,21741027756,[APP INSTAL - GS],MULTI_CHANNEL,2025-09-17,438,310,1.4129032258064516,12.926491,24,4.0
GERAL,GERAL,21741027756,[APP INSTAL - GS],MULTI_CHANNEL,2025-09-18,448,329,1.3617021276595744,11.919156,30,17.0
GERAL,GERAL,21741027756,[APP INSTAL - GS],MULTI_CHANNEL,2025-09-19,130,87,1.4942528735632183,12.834613,15,7.0
GERAL,GERAL,21741027756,[APP INSTAL - GS],MULTI_CHANNEL,2025-09-20,286,170,1.6823529411764706,12.334986,24,13.0
GERAL,GERAL,21741027756,[APP INSTAL - GS],MULTI_CHANNEL,2025-09-21,254,160,1.5875,14.691942,19,6.0
GERAL,GERAL,21741027756,[APP INSTAL - GS],MULTI_CHANNEL,2025-09-22,196,113,1.7345132743362832,13.09232,19,5.0
GERAL,GERAL,21741027756,[APP INSTAL - GS],MULTI_CHANNEL,2025-09-23,301,215,1.4,12.258019,20,7.0
GERAL,GERAL,21741027756,[APP INSTAL - GS],MULTI_CHANNEL,2025-09-24,430,307,1.4006514657980456,11.337992,23,8.0
GERAL,GERAL,21741027756,[APP INSTAL - GS],MULTI_CHANNEL,2025-09-25,158,94,1.6808510638297873,11.507847,14,3.0
GERAL,GERAL,21741027756,[APP INSTAL - GS],MULTI_CHANNEL,2025-09-26,882,568,1.5528169014084507,25.320393,49,24.0
GERAL,GERAL,21741027756,[APP INSTAL - GS],MULTI_CHANNEL,2025-09-27,428,237,1.8059071729957805,25.911929,33,13.0
GERAL,GERAL,21741027756,[APP INSTAL - GS],MULTI_CHANNEL,2025-09-28,971,592,1.6402027027027026,26.602769,62,25.0
GERAL,GERAL,21741027756,[APP INSTAL - GS],MULTI_CHANNEL,2025-09-29,340,202,1.683168316831683,23.906788,38,12.0
GERAL,GERAL,21741027756,[APP INSTAL - GS],MULTI_CHANNEL,2025-09-30,483,290,1.6655172413793105,24.140212,33,10.0
GERAL,GERAL,21741027756,[APP INSTAL - GS],MULTI_CHANNEL,2025-10-01,413,273,1.5128205128205128,25.277569,34,11.0
GERAL,GERAL,21741027756,[APP INSTAL - GS],MULTI_CHANNEL,2025-10-02,432,284,1.5211267605633803,25.13211,38,12.0
GERAL,GERAL,21741027756,[APP INSTAL - GS],MULTI_CHANNEL,2025-10-03,550,242,2.272727272727273,25.548244,42,13.0
GERAL,GERAL,21741027756,[APP INSTAL - GS],MULTI_CHANNEL,2025-10-04,577,272,2.1213235294117645,25.739083,40,17.0
GERAL,GERAL,21741027756,[APP INSTAL - GS],MULTI_CHANNEL,2025-10-05,1163,783,1.4853128991060025,26.200377,71,25.0
GERAL,GERAL,21741027756,[APP INSTAL - GS],MULTI_CHANNEL,2025-10-06,546,273,2.0,24.027929,39,17.0
GERAL,GERAL,21741027756,[APP INSTAL - GS],MULTI_CHANNEL,2025-10-07,639,351,1.8205128205128205,29.248059,60,22.0
GERAL,GERAL,21741027756,[APP INSTAL - GS],MULTI_CHANNEL,2025-10-08,289,177,1.6327683615819208,24.718977,32,8.0
GERAL,GERAL,21741027756,[APP INSTAL - GS],MULTI_CHANNEL,2025-10-09,517,317,1.6309148264984228,24.826702,43,13.0
GERAL,GERAL,21741027756,[APP INSTAL - GS],MULTI_CHANNEL,2025-10-10,486,301,1.6146179401993355,24.687044,41,17.0
GERAL,GERAL,21741027756,[APP INSTAL - GS],MULTI_CHANNEL,2025-10-11,247,149,1.657718120805369,24.56172,35,14.0
GERAL,GERAL,21741027756,[APP INSTAL - GS],MULTI_CHANNEL,2025-10-12,656,423,1.5508274231678487,25.96251,55,21.0
GERAL,GERAL,21741027756,[APP INSTAL - GS],MULTI_CHANNEL,2025-10-13,868,570,1.5228070175438597,24.531673,55,22.0
GERAL,GERAL,21741027756,[APP INSTAL - GS],MULTI_CHANNEL,2025-10-14,290,192,1.5104166666666667,24.855433,27,16.0
GERAL,GERAL,21741027756,[APP INSTAL - GS],MULTI_CHANNEL,2025-10-15,440,286,1.5384615384615385,24.964389,54,24.0
GERAL,GERAL,21741027756,[APP INSTAL - GS],MULTI_CHANNEL,2025-10-16,901,559,1.6118067978533095,24.54512,60,21.0
GERAL,GERAL,21741027756,[APP INSTAL - GS],MULTI_CHANNEL,2025-10-17,640,384,1.6666666666666667,25.661025,56,23.0
GERAL,GERAL,21741027756,[APP INSTAL - GS],MULTI_CHANNEL,2025-10-18,1056,674,1.5667655786350148,23.616505,67,20.0
GERAL,GERAL,21741027756,[APP INSTAL - GS],MULTI_CHANNEL,2025-10-19,437,216,2.0231481481481484,25.642977,43,15.0
GERAL,GERAL,21741027756,[APP INSTAL - GS],MULTI_CHANNEL,2025-10-20,596,376,1.5851063829787233,24.012984,53,23.0
GERAL,GERAL,21741027756,[APP INSTAL - GS],MULTI_CHANNEL,2025-10-21,682,426,1.6009389671361502,24.650035,50,20.0
GERAL,GERAL,21741027756,[APP INSTAL - GS],MULTI_CHANNEL,2025-10-22,298,170,1.7529411764705882,24.064531,29,13.0
GERAL,GERAL,21741027756,[APP INSTAL - GS],MULTI_CHANNEL,2025-10-23,629,417,1.5083932853717026,24.220067,50,20.0
GERAL,GERAL,21741027756,[APP INSTAL - GS],MULTI_CHANNEL,2025-10-24,450,296,1.5202702702702702,24.182229,44,15.0
GERAL,GERAL,21741027756,[APP INSTAL - GS],MULTI_CHANNEL,2025-10-25,382,243,1.5720164609053497,23.409695,40,13.0
GERAL,GERAL,21741027756,[APP INSTAL - GS],MULTI_CHANNEL,2025-10-26,677,411,1.6472019464720196,26.981645,53,17.0
GERAL,GERAL,21741027756,[APP INSTAL - GS],MULTI_CHANNEL,2025-10-27,720,483,1.4906832298136645,22.858314,51,19.0
GERAL,GERAL,21741027756,[APP INSTAL - GS],MULTI_CHANNEL,2025-10-28,350,249,1.4056224899598393,23.254141,33,10.0
GERAL,GERAL,21741027756,[APP INSTAL - GS],MULTI_CHANNEL,2025-10-29,445,244,1.8237704918032787,22.807299,40,13.0
GERAL,GERAL,21741027756,[APP INSTAL - GS],MULTI_CHANNEL,2025-10-30,511,310,1.6483870967741936,21.059512,34,9.0
GERAL,GERAL,21741027756,[APP INSTAL - GS],MULTI_CHANNEL,2025-10-31,290,165,1.7575757575757576,21.362555,23,8.0
GERAL,GERAL,21741027756,[APP INSTAL - GS],MULTI_CHANNEL,2025-11-01,465,290,1.603448275862069,25.692632,47,16.0
GERAL,GERAL,21741027756,[APP INSTAL - GS],MULTI_CHANNEL,2025-11-02,1164,729,1.5967078189300412,28.980587,81,14.0
GERAL,GERAL,21741027756,[APP INSTAL - GS],MULTI_CHANNEL,2025-11-03,881,572,1.5402097902097902,27.085159,56,18.0
GERAL,GERAL,21741027756,[APP INSTAL - GS],MULTI_CHANNEL,2025-11-04,785,459,1.710239651416122,25.645354,44,13.0
GERAL,GERAL,21741027756,[APP INSTAL - GS],MULTI_CHANNEL,2025-11-05,407,256,1.58984375,26.700965,34,12.0
GERAL,GERAL,21741027756,[APP INSTAL - GS],MULTI_CHANNEL,2025-11-06,398,245,1.6244897959183673,25.409239,41,14.0
GERAL,GERAL,21741027756,[APP INSTAL - GS],MULTI_CHANNEL,2025-11-07,839,542,1.547970479704797,48.055724,94,33.0
GERAL,GERAL,21741027756,[APP INSTAL - GS],MULTI_CHANNEL,2025-11-08,1058,676,1.5650887573964498,50.401916,118,53.0
GERAL,GERAL,21741027756,[APP INSTAL - GS],MULTI_CHANNEL,2025-11-09,1209,723,1.6749654218533887,51.86121,123,57.0
GERAL,GERAL,21741027756,[APP INSTAL - GS],MULTI_CHANNEL,2025-11-10,1040,638,1.6300940438871474,49.305257,103,38.0
GERAL,GERAL,21741027756,[APP INSTAL - GS],MULTI_CHANNEL,2025-11-11,619,408,1.517156862745098,49.151454,73,24.0
GERAL,GERAL,21741027756,[APP INSTAL - GS],MULTI_CHANNEL,2025-11-12,855,551,1.5517241379310345,48.927472,85,38.0
GERAL,GERAL,21741027756,[APP INSTAL - GS],MULTI_CHANNEL,2025-11-13,945,591,1.598984771573604,50.289254,126,64.0
GERAL,GERAL,21741027756,[APP INSTAL - GS],MULTI_CHANNEL,2025-11-14,451,271,1.6642066420664208,50.515364,76,31.0
GERAL,GERAL,21741027756,[APP INSTAL - GS],MULTI_CHANNEL,2025-11-15,766,463,1.654427645788337,49.13687,96,47.0
GERAL,GERAL,21741027756,[APP INSTAL - GS],MULTI_CHANNEL,2025-11-16,916,560,1.6357142857142857,53.699116,121,44.0
GERAL,GERAL,21741027756,[APP INSTAL - GS],MULTI_CHANNEL,2025-11-17,510,354,1.4406779661016949,22.773775,45,19.0
GERAL,GERAL,21741027756,[APP INSTAL - GS],MULTI_CHANNEL,2025-11-18,218,137,1.583941605839416,20.058377,33,15.0
GERAL,GERAL,21741027756,[APP INSTAL - GS],MULTI_CHANNEL,2025-11-19,265,170,1.5588235294117647,19.464458,25,7.0
GERAL,GERAL,21741027756,[APP INSTAL - GS],MULTI_CHANNEL,2025-11-20,340,221,1.5384615384615385,20.076982,28,9.0
GERAL,GERAL,21741027756,[APP INSTAL - GS],MULTI_CHANNEL,2025-11-21,398,237,1.6793248945147679,20.582991,34,13.0
GERAL,GERAL,21741027756,[APP INSTAL - GS],MULTI_CHANNEL,2025-11-22,608,328,1.853658536585366,20.870792,40,19.0
GERAL,GERAL,21741027756,[APP INSTAL - GS],MULTI_CHANNEL,2025-11-23,917,539,1.7012987012987013,22.131526,76,46.0
GERAL,GERAL,21741027756,[APP INSTAL - GS],MULTI_CHANNEL,2025-11-24,1093,670,1.6313432835820896,19.425101,59,30.0
GERAL,GERAL,21741027756,[APP INSTAL - GS],MULTI_CHANNEL,2025-11-25,591,340,1.738235294117647,19.661639,34,15.0
GERAL,GERAL,21741027756,[APP INSTAL - GS],MULTI_CHANNEL,2025-11-26,351,154,2.279220779220779,20.694162,22,10.0
GERAL,GERAL,21741027756,[APP INSTAL - GS],MULTI_CHANNEL,2025-11-27,276,162,1.7037037037037037,20.33853,27,13.0
GERAL,GERAL,21741027756,[APP INSTAL - GS],MULTI_CHANNEL,2025-11-28,335,192,1.7447916666666667,18.612805,26,12.0
GERAL,GERAL,21741027756,[APP INSTAL - GS],MULTI_CHANNEL,2025-11-29,557,363,1.534435261707989,18.92194,54,29.0
GERAL,GERAL,21741027756,[APP INSTAL - GS],MULTI_CHANNEL,2025-11-30,492,307,1.6026058631921825,16.956751,61,40.0
GERAL,GERAL,21741027756,[APP INSTAL - GS],MULTI_CHANNEL,2025-12-01,532,370,1.4378378378378378,19.889774,43,26.0
GERAL,GERAL,21741027756,[APP INSTAL - GS],MULTI_CHANNEL,2025-12-02,380,259,1.4671814671814671,20.358566,38,19.0
GERAL,GERAL,21741076989,[APP INSTAL - NK],MULTI_CHANNEL,2025-09-04,343,248,1.3830645161290323,13.297384,25,8.0
GERAL,GERAL,21741076989,[APP INSTAL - NK],MULTI_CHANNEL,2025-09-05,425,292,1.4554794520547945,13.472875,24,9.0
GERAL,GERAL,21741076989,[APP INSTAL - NK],MULTI_CHANNEL,2025-09-06,158,97,1.6288659793814433,13.144219,18,5.0
GERAL,GERAL,21741076989,[APP INSTAL - NK],MULTI_CHANNEL,2025-09-07,324,217,1.4930875576036866,13.117219,24,7.0
GERAL,GERAL,21741076989,[APP INSTAL - NK],MULTI_CHANNEL,2025-09-08,155,99,1.5656565656565657,14.068963,17,5.0
GERAL,GERAL,21741076989,[APP INSTAL - NK],MULTI_CHANNEL,2025-09-09,312,219,1.4246575342465753,12.125726,23,11.0
GERAL,GERAL,21741076989,[APP INSTAL - NK],MULTI_CHANNEL,2025-09-10,457,335,1.364179104477612,12.354518,29,14.0
GERAL,GERAL,21741076989,[APP INSTAL - NK],MULTI_CHANNEL,2025-09-11,414,300,1.38,24.744655,42,14.0
GERAL,GERAL,21741076989,[APP INSTAL - NK],MULTI_CHANNEL,2025-09-12,322,228,1.412280701754386,24.414375,33,10.0
GERAL,GERAL,21741076989,[APP INSTAL - NK],MULTI_CHANNEL,2025-09-13,474,330,1.4363636363636363,23.823681,50,21.0
GERAL,GERAL,21741076989,[APP INSTAL - NK],MULTI_CHANNEL,2025-09-14,938,607,1.5453047775947282,22.931463,61,27.0
GERAL,GERAL,21741076989,[APP INSTAL - NK],MULTI_CHANNEL,2025-09-15,710,453,1.5673289183222958,23.461503,44,21.0
GERAL,GERAL,21741076989,[APP INSTAL - NK],MULTI_CHANNEL,2025-09-16,628,392,1.6020408163265305,23.529079,44,19.0
GERAL,GERAL,21741076989,[APP INSTAL - NK],MULTI_CHANNEL,2025-09-17,316,185,1.7081081081081082,24.253372,33,10.0
GERAL,GERAL,21741076989,[APP INSTAL - NK],MULTI_CHANNEL,2025-09-18,382,254,1.5039370078740157,23.389413,39,13.0
GERAL,GERAL,21741076989,[APP INSTAL - NK],MULTI_CHANNEL,2025-09-19,351,199,1.763819095477387,24.070674,27,11.0
GERAL,GERAL,21741076989,[APP INSTAL - NK],MULTI_CHANNEL,2025-09-20,568,355,1.6,22.85927,50,35.0
GERAL,GERAL,21741076989,[APP INSTAL - NK],MULTI_CHANNEL,2025-09-21,321,206,1.558252427184466,25.598552,38,13.0
GERAL,GERAL,21741076989,[APP INSTAL - NK],MULTI_CHANNEL,2025-09-22,355,256,1.38671875,23.768679,37,14.0
GERAL,GERAL,21741076989,[APP INSTAL - NK],MULTI_CHANNEL,2025-09-23,405,234,1.7307692307692308,22.946446,32,9.0
GERAL,GERAL,21741076989,[APP INSTAL - NK],MULTI_CHANNEL,2025-09-24,331,187,1.7700534759358288,20.978825,29,6.0
GERAL,GERAL,21741076989,[APP INSTAL - NK],MULTI_CHANNEL,2025-09-25,518,357,1.4509803921568627,22.374787,44,17.0
GERAL,GERAL,21741076989,[APP INSTAL - NK],MULTI_CHANNEL,2025-09-26,668,421,1.5866983372921615,25.514319,43,17.0
GERAL,GERAL,21741076989,[APP INSTAL - NK],MULTI_CHANNEL,2025-09-27,680,472,1.4406779661016949,25.887544,62,28.0
GERAL,GERAL,21741076989,[APP INSTAL - NK],MULTI_CHANNEL,2025-09-28,266,168,1.5833333333333333,26.766726,37,16.0
GERAL,GERAL,21741076989,[APP INSTAL - NK],MULTI_CHANNEL,2025-09-29,333,214,1.5560747663551402,26.319929,40,19.0
GERAL,GERAL,21741076989,[APP INSTAL - NK],MULTI_CHANNEL,2025-09-30,632,386,1.6373056994818653,22.924316,45,15.0
GERAL,GERAL,21741076989,[APP INSTAL - NK],MULTI_CHANNEL,2025-10-01,422,256,1.6484375,24.38036,39,12.0
GERAL,GERAL,21741076989,[APP INSTAL - NK],MULTI_CHANNEL,2025-10-02,604,339,1.7817109144542773,26.755537,46,17.0
GERAL,GERAL,21741076989,[APP INSTAL - NK],MULTI_CHANNEL,2025-10-03,688,427,1.6112412177985949,25.018063,53,16.0
GERAL,GERAL,21741076989,[APP INSTAL - NK],MULTI_CHANNEL,2025-10-04,643,366,1.7568306010928962,27.459842,57,24.0
GERAL,GERAL,21741076989,[APP INSTAL - NK],MULTI_CHANNEL,2025-10-05,725,446,1.6255605381165918,25.266872,55,28.0
GERAL,GERAL,21741076989,[APP INSTAL - NK],MULTI_CHANNEL,2025-10-06,759,469,1.6183368869936035,24.838743,49,27.0
GERAL,GERAL,21741076989,[APP INSTAL - NK],MULTI_CHANNEL,2025-10-07,667,388,1.7190721649484537,28.638837,52,19.0
GERAL,GERAL,21741076989,[APP INSTAL - NK],MULTI_CHANNEL,2025-10-08,308,207,1.4879227053140096,25.17486,36,11.0
GERAL,GERAL,21741076989,[APP INSTAL - NK],MULTI_CHANNEL,2025-10-09,339,206,1.645631067961165,24.936094,35,11.0
GERAL,GERAL,21741076989,[APP INSTAL - NK],MULTI_CHANNEL,2025-10-10,709,427,1.6604215456674474,25.381781,55,25.0
GERAL,GERAL,21741076989,[APP INSTAL - NK],MULTI_CHANNEL,2025-10-11,394,264,1.4924242424242424,27.531054,45,15.0
GERAL,GERAL,21741076989,[APP INSTAL - NK],MULTI_CHANNEL,2025-10-12,493,318,1.550314465408805,24.555869,42,19.0
GERAL,GERAL,21741076989,[APP INSTAL - NK],MULTI_CHANNEL,2025-10-13,286,166,1.7228915662650603,24.641785,41,16.0
GERAL,GERAL,21741076989,[APP INSTAL - NK],MULTI_CHANNEL,2025-10-14,414,273,1.5164835164835164,24.934306,42,16.0
GERAL,GERAL,21741076989,[APP INSTAL - NK],MULTI_CHANNEL,2025-10-15,754,492,1.532520325203252,25.674179,64,30.0
GERAL,GERAL,21741076989,[APP INSTAL - NK],MULTI_CHANNEL,2025-10-16,441,271,1.6273062730627306,24.399107,44,12.0
GERAL,GERAL,21741076989,[APP INSTAL - NK],MULTI_CHANNEL,2025-10-17,451,292,1.5445205479452055,27.206082,55,24.0
GERAL,GERAL,21741076989,[APP INSTAL - NK],MULTI_CHANNEL,2025-10-18,443,270,1.6407407407407408,24.090139,55,23.0
GERAL,GERAL,21741076989,[APP INSTAL - NK],MULTI_CHANNEL,2025-10-19,663,377,1.7586206896551724,24.588984,45,20.0
GERAL,GERAL,21741076989,[APP INSTAL - NK],MULTI_CHANNEL,2025-10-20,341,232,1.4698275862068966,25.424155,46,18.0
GERAL,GERAL,21741076989,[APP INSTAL - NK],MULTI_CHANNEL,2025-10-21,366,204,1.7941176470588236,25.47318,35,10.0
GERAL,GERAL,21741076989,[APP INSTAL - NK],MULTI_CHANNEL,2025-10-22,523,316,1.6550632911392404,24.394571,52,17.0
GERAL,GERAL,21741076989,[APP INSTAL - NK],MULTI_CHANNEL,2025-10-23,463,285,1.6245614035087719,24.877765,41,14.0
GERAL,GERAL,21741076989,[APP INSTAL - NK],MULTI_CHANNEL,2025-10-24,211,138,1.5289855072463767,22.906142,27,10.0
GERAL,GERAL,21741076989,[APP INSTAL - NK],MULTI_CHANNEL,2025-10-25,725,491,1.4765784114052953,23.89418,54,23.0
GERAL,GERAL,21741076989,[APP INSTAL - NK],MULTI_CHANNEL,2025-10-26,781,486,1.6069958847736625,24.673552,64,25.0
GERAL,GERAL,21741076989,[APP INSTAL - NK],MULTI_CHANNEL,2025-10-27,581,314,1.8503184713375795,23.580968,47,14.0
GERAL,GERAL,21741076989,[APP INSTAL - NK],MULTI_CHANNEL,2025-10-28,436,297,1.468013468013468,23.889151,46,23.0
GERAL,GERAL,21741076989,[APP INSTAL - NK],MULTI_CHANNEL,2025-10-29,310,149,2.0805369127516777,24.605741,29,13.0
GERAL,GERAL,21741076989,[APP INSTAL - NK],MULTI_CHANNEL,2025-10-30,599,395,1.5164556962025317,49.320768,76,24.0
GERAL,GERAL,21741076989,[APP INSTAL - NK],MULTI_CHANNEL,2025-10-31,764,493,1.5496957403651115,46.941304,85,35.0
GERAL,GERAL,21741076989,[APP INSTAL - NK],MULTI_CHANNEL,2025-11-01,727,425,1.7105882352941177,48.066612,73,25.0
GERAL,GERAL,21741076989,[APP INSTAL - NK],MULTI_CHANNEL,2025-11-02,1320,831,1.5884476534296028,53.008669,107,29.0
GERAL,GERAL,21741076989,[APP INSTAL - NK],MULTI_CHANNEL,2025-11-03,1092,707,1.5445544554455446,50.841873,97,32.0
GERAL,GERAL,21741076989,[APP INSTAL - NK],MULTI_CHANNEL,2025-11-04,641,320,2.003125,48.256052,62,21.0
GERAL,GERAL,21741076989,[APP INSTAL - NK],MULTI_CHANNEL,2025-11-05,873,558,1.564516129032258,51.463157,82,24.0
GERAL,GERAL,21741076989,[APP INSTAL - NK],MULTI_CHANNEL,2025-11-06,656,383,1.712793733681462,54.345694,75,22.0
GERAL,GERAL,21741076989,[APP INSTAL - NK],MULTI_CHANNEL,2025-11-07,768,476,1.6134453781512605,49.401668,97,35.0
GERAL,GERAL,21741076989,[APP INSTAL - NK],MULTI_CHANNEL,2025-11-08,693,443,1.564334085778781,49.110383,108,46.0
GERAL,GERAL,21741076989,[APP INSTAL - NK],MULTI_CHANNEL,2025-11-09,609,412,1.4781553398058251,52.967046,84,28.0
GERAL,GERAL,21741076989,[APP INSTAL - NK],MULTI_CHANNEL,2025-11-10,568,343,1.6559766763848396,49.962654,75,27.0
GERAL,GERAL,21741076989,[APP INSTAL - NK],MULTI_CHANNEL,2025-11-11,720,497,1.448692152917505,48.671877,87,47.0
GERAL,GERAL,21741076989,[APP INSTAL - NK],MULTI_CHANNEL,2025-11-12,445,283,1.5724381625441697,47.492179,63,19.0
GERAL,GERAL,21741076989,[APP INSTAL - NK],MULTI_CHANNEL,2025-11-13,531,332,1.5993975903614457,51.196594,87,26.0
GERAL,GERAL,21741076989,[APP INSTAL - NK],MULTI_CHANNEL,2025-11-14,384,222,1.7297297297297298,49.133547,65,21.0
GERAL,GERAL,21741076989,[APP INSTAL - NK],MULTI_CHANNEL,2025-11-15,295,160,1.84375,50.845277,64,22.0
GERAL,GERAL,21741076989,[APP INSTAL - NK],MULTI_CHANNEL,2025-11-16,661,380,1.7394736842105263,50.989105,111,41.0
GERAL,GERAL,21741076989,[APP INSTAL - NK],MULTI_CHANNEL,2025-11-17,277,151,1.8344370860927153,35.501558,46,18.0
GERAL,GERAL,21741076989,[APP INSTAL - NK],MULTI_CHANNEL,2025-11-18,253,144,1.7569444444444444,21.628229,30,10.0
GERAL,GERAL,21741076989,[APP INSTAL - NK],MULTI_CHANNEL,2025-11-19,185,114,1.6228070175438596,20.858514,31,9.0
GERAL,GERAL,21741076989,[APP INSTAL - NK],MULTI_CHANNEL,2025-11-20,314,198,1.5858585858585859,20.768423,29,13.0
GERAL,GERAL,21741076989,[APP INSTAL - NK],MULTI_CHANNEL,2025-11-21,249,139,1.79136690647482,19.584121,33,16.0
GERAL,GERAL,21741076989,[APP INSTAL - NK],MULTI_CHANNEL,2025-11-22,218,158,1.379746835443038,20.89217,34,11.0
GERAL,GERAL,21741076989,[APP INSTAL - NK],MULTI_CHANNEL,2025-11-23,213,120,1.775,21.433862,31,13.0
GERAL,GERAL,21741076989,[APP INSTAL - NK],MULTI_CHANNEL,2025-11-24,472,292,1.6164383561643836,20.758688,47,28.0
GERAL,GERAL,21741076989,[APP INSTAL - NK],MULTI_CHANNEL,2025-11-25,419,269,1.5576208178438662,19.621626,40,18.0
GERAL,GERAL,21741076989,[APP INSTAL - NK],MULTI_CHANNEL,2025-11-26,245,183,1.3387978142076502,20.502019,36,19.0
GERAL,GERAL,21741076989,[APP INSTAL - NK],MULTI_CHANNEL,2025-11-27,360,236,1.5254237288135593,18.599568,41,24.0
GERAL,GERAL,21741076989,[APP INSTAL - NK],MULTI_CHANNEL,2025-11-28,332,233,1.4248927038626609,19.850909,31,14.0
GERAL,GERAL,21741076989,[APP INSTAL - NK],MULTI_CHANNEL,2025-11-29,357,216,1.6527777777777777,18.148026,23,15.0
GERAL,GERAL,21741076989,[APP INSTAL - NK],MULTI_CHANNEL,2025-11-30,255,154,1.655844155844156,18.792834,37,23.0
GERAL,GERAL,21741076989,[APP INSTAL - NK],MULTI_CHANNEL,2025-12-01,230,162,1.4197530864197532,20.432414,31,15.0
GERAL,GERAL,21741076989,[APP INSTAL - NK],MULTI_CHANNEL,2025-12-02,331,196,1.6887755102040816,20.699428,30,12.0
GERAL,GERAL,21741092154,[APP INSTAL - NS],MULTI_CHANNEL,2025-09-04,278,164,1.6951219512195121,12.967451,20,3.0
GERAL,GERAL,21741092154,[APP INSTAL - NS],MULTI_CHANNEL,2025-09-05,129,76,1.6973684210526316,13.221474,16,8.0
GERAL,GERAL,21741092154,[APP INSTAL - NS],MULTI_CHANNEL,2025-09-06,432,260,1.6615384615384616,12.409828,29,9.0
GERAL,GERAL,21741092154,[APP INSTAL - NS],MULTI_CHANNEL,2025-09-07,379,247,1.534412955465587,12.382017,24,14.0
GERAL,GERAL,21741092154,[APP INSTAL - NS],MULTI_CHANNEL,2025-09-08,385,230,1.673913043478261,13.746598,28,8.0
GERAL,GERAL,21741092154,[APP INSTAL - NS],MULTI_CHANNEL,2025-09-09,364,238,1.5294117647058822,12.607943,28,3.0
GERAL,GERAL,21741092154,[APP INSTAL - NS],MULTI_CHANNEL,2025-09-10,177,123,1.4390243902439024,12.678629,19,5.0
GERAL,GERAL,21741092154,[APP INSTAL - NS],MULTI_CHANNEL,2025-09-11,365,235,1.553191489361702,13.79544,20,8.0
GERAL,GERAL,21741092154,[APP INSTAL - NS],MULTI_CHANNEL,2025-09-12,338,227,1.4889867841409692,12.147791,22,6.0
GERAL,GERAL,21741092154,[APP INSTAL - NS],MULTI_CHANNEL,2025-09-13,352,218,1.614678899082569,13.416743,19,5.0
GERAL,GERAL,21741092154,[APP INSTAL - NS],MULTI_CHANNEL,2025-09-14,270,160,1.6875,12.784729,21,8.0
GERAL,GERAL,21741092154,[APP INSTAL - NS],MULTI_CHANNEL,2025-09-15,232,134,1.7313432835820894,12.999904,16,4.0
GERAL,GERAL,21741092154,[APP INSTAL - NS],MULTI_CHANNEL,2025-09-16,274,152,1.8026315789473684,12.422897,16,5.0
GERAL,GERAL,21741092154,[APP INSTAL - NS],MULTI_CHANNEL,2025-09-17,400,256,1.5625,12.27427,26,12.0
GERAL,GERAL,21741092154,[APP INSTAL - NS],MULTI_CHANNEL,2025-09-18,300,202,1.4851485148514851,12.34442,19,8.0
GERAL,GERAL,21741092154,[APP INSTAL - NS],MULTI_CHANNEL,2025-09-19,479,329,1.4559270516717324,12.112506,23,8.0
GERAL,GERAL,21741092154,[APP INSTAL - NS],MULTI_CHANNEL,2025-09-20,503,302,1.6655629139072847,11.971612,26,12.0
GERAL,GERAL,21741092154,[APP INSTAL - NS],MULTI_CHANNEL,2025-09-21,535,344,1.555232558139535,13.36949,36,14.0
GERAL,GERAL,21741092154,[APP INSTAL - NS],MULTI_CHANNEL,2025-09-22,367,211,1.7393364928909953,12.2402,22,4.0
GERAL,GERAL,21741092154,[APP INSTAL - NS],MULTI_CHANNEL,2025-09-23,199,138,1.4420289855072463,12.44889,19,11.0
GERAL,GERAL,21741092154,[APP INSTAL - NS],MULTI_CHANNEL,2025-09-24,151,94,1.6063829787234043,12.351277,17,6.0
GERAL,GERAL,21741092154,[APP INSTAL - NS],MULTI_CHANNEL,2025-09-25,607,337,1.801186943620178,12.353638,33,11.0
GERAL,GERAL,21741092154,[APP INSTAL - NS],MULTI_CHANNEL,2025-09-26,722,393,1.8371501272264632,26.122716,52,11.0
GERAL,GERAL,21741092154,[APP INSTAL - NS],MULTI_CHANNEL,2025-09-27,454,241,1.883817427385892,26.131725,44,21.0
GERAL,GERAL,21741092154,[APP INSTAL - NS],MULTI_CHANNEL,2025-09-28,472,251,1.8804780876494025,25.7717,38,9.0
GERAL,GERAL,21741092154,[APP INSTAL - NS],MULTI_CHANNEL,2025-09-29,722,347,2.080691642651297,25.180869,53,20.0
GERAL,GERAL,21741092154,[APP INSTAL - NS],MULTI_CHANNEL,2025-09-30,364,191,1.905759162303665,22.65894,32,11.0
GERAL,GERAL,21741092154,[APP INSTAL - NS],MULTI_CHANNEL,2025-10-01,415,271,1.5313653136531364,24.57309,36,11.0
GERAL,GERAL,21741092154,[APP INSTAL - NS],MULTI_CHANNEL,2025-10-02,891,478,1.8640167364016735,29.358032,55,24.0
GERAL,GERAL,21741092154,[APP INSTAL - NS],MULTI_CHANNEL,2025-10-03,357,195,1.8307692307692307,24.779296,32,11.0
GERAL,GERAL,21741092154,[APP INSTAL - NS],MULTI_CHANNEL,2025-10-04,546,344,1.5872093023255813,24.886609,71,42.0
GERAL,GERAL,21741092154,[APP INSTAL - NS],MULTI_CHANNEL,2025-10-05,492,308,1.5974025974025974,25.836788,46,16.0
GERAL,GERAL,21741092154,[APP INSTAL - NS],MULTI_CHANNEL,2025-10-06,873,485,1.8,24.044656,54,15.0
GERAL,GERAL,21741092154,[APP INSTAL - NS],MULTI_CHANNEL,2025-10-07,433,215,2.013953488372093,24.364567,32,13.0
GERAL,GERAL,21741092154,[APP INSTAL - NS],MULTI_CHANNEL,2025-10-08,817,435,1.8781609195402298,29.57372,55,16.0
GERAL,GERAL,21741092154,[APP INSTAL - NS],MULTI_CHANNEL,2025-10-09,459,261,1.7586206896551724,24.780221,44,15.0
GERAL,GERAL,21741092154,[APP INSTAL - NS],MULTI_CHANNEL,2025-10-10,358,215,1.6651162790697673,26.450768,39,11.0
GERAL,GERAL,21741092154,[APP INSTAL - NS],MULTI_CHANNEL,2025-10-11,482,258,1.8682170542635659,24.719811,34,13.0
GERAL,GERAL,21741092154,[APP INSTAL - NS],MULTI_CHANNEL,2025-10-12,515,309,1.6666666666666667,25.113957,43,13.0
GERAL,GERAL,21741092154,[APP INSTAL - NS],MULTI_CHANNEL,2025-10-13,752,501,1.5009980039920159,24.285865,44,16.0
GERAL,GERAL,21741092154,[APP INSTAL - NS],MULTI_CHANNEL,2025-10-14,513,290,1.7689655172413794,25.44793,50,18.0
GERAL,GERAL,21741092154,[APP INSTAL - NS],MULTI_CHANNEL,2025-10-15,633,388,1.6314432989690721,23.174999,52,14.0
GERAL,GERAL,21741092154,[APP INSTAL - NS],MULTI_CHANNEL,2025-10-16,764,438,1.7442922374429224,24.085303,58,21.0
GERAL,GERAL,21741092154,[APP INSTAL - NS],MULTI_CHANNEL,2025-10-17,762,432,1.7638888888888888,23.699827,62,20.0
GERAL,GERAL,21741092154,[APP INSTAL - NS],MULTI_CHANNEL,2025-10-18,808,455,1.7758241758241757,25.533629,73,29.0
GERAL,GERAL,21741092154,[APP INSTAL - NS],MULTI_CHANNEL,2025-10-19,374,213,1.755868544600939,24.844123,37,10.0
GERAL,GERAL,21741092154,[APP INSTAL - NS],MULTI_CHANNEL,2025-10-20,546,341,1.6011730205278591,24.135008,49,20.0
GERAL,GERAL,21741092154,[APP INSTAL - NS],MULTI_CHANNEL,2025-10-21,447,249,1.7951807228915662,24.07002,40,11.0
GERAL,GERAL,21741092154,[APP INSTAL - NS],MULTI_CHANNEL,2025-10-22,462,275,1.68,24.989841,44,21.0
GERAL,GERAL,21741092154,[APP INSTAL - NS],MULTI_CHANNEL,2025-10-23,497,280,1.775,24.281619,41,15.0
GERAL,GERAL,21741092154,[APP INSTAL - NS],MULTI_CHANNEL,2025-10-24,735,415,1.7710843373493976,22.172666,49,21.0
GERAL,GERAL,21741092154,[APP INSTAL - NS],MULTI_CHANNEL,2025-10-25,499,280,1.7821428571428573,23.638573,46,19.0
GERAL,GERAL,21741092154,[APP INSTAL - NS],MULTI_CHANNEL,2025-10-26,563,324,1.7376543209876543,23.921885,48,17.0
GERAL,GERAL,21741092154,[APP INSTAL - NS],MULTI_CHANNEL,2025-10-27,649,368,1.763586956521739,21.744257,44,12.0
GERAL,GERAL,21741092154,[APP INSTAL - NS],MULTI_CHANNEL,2025-10-28,533,293,1.819112627986348,25.064144,43,8.0
GERAL,GERAL,21741092154,[APP INSTAL - NS],MULTI_CHANNEL,2025-10-29,285,156,1.8269230769230769,23.451841,35,8.0
GERAL,GERAL,21741092154,[APP INSTAL - NS],MULTI_CHANNEL,2025-10-30,1235,740,1.6689189189189189,51.116399,116,25.0
GERAL,GERAL,21741092154,[APP INSTAL - NS],MULTI_CHANNEL,2025-10-31,973,482,2.0186721991701244,49.692076,80,23.0
GERAL,GERAL,21741092154,[APP INSTAL - NS],MULTI_CHANNEL,2025-11-01,1580,860,1.8372093023255813,50.678641,100,36.0
GERAL,GERAL,21741092154,[APP INSTAL - NS],MULTI_CHANNEL,2025-11-02,1615,847,1.9067296340023612,54.498336,123,38.0
GERAL,GERAL,21741092154,[APP INSTAL - NS],MULTI_CHANNEL,2025-11-03,1219,690,1.7666666666666666,54.4526,86,30.0
GERAL,GERAL,21741092154,[APP INSTAL - NS],MULTI_CHANNEL,2025-11-04,1171,681,1.7195301027900147,52.87427,90,27.0
GERAL,GERAL,21741092154,[APP INSTAL - NS],MULTI_CHANNEL,2025-11-05,1309,687,1.9053857350800583,51.654342,99,29.0
GERAL,GERAL,21741092154,[APP INSTAL - NS],MULTI_CHANNEL,2025-11-06,958,541,1.7707948243992606,53.182263,99,30.0
GERAL,GERAL,21741092154,[APP INSTAL - NS],MULTI_CHANNEL,2025-11-07,531,321,1.6542056074766356,52.277894,68,19.0
GERAL,GERAL,21741092154,[APP INSTAL - NS],MULTI_CHANNEL,2025-11-08,1298,678,1.9144542772861357,51.094879,115,40.0
GERAL,GERAL,21741092154,[APP INSTAL - NS],MULTI_CHANNEL,2025-11-09,1178,675,1.7451851851851852,52.020938,116,49.0
GERAL,GERAL,21741092154,[APP INSTAL - NS],MULTI_CHANNEL,2025-11-10,884,477,1.8532494758909854,31.895782,67,19.0
GERAL,GERAL,21741092154,[APP INSTAL - NS],MULTI_CHANNEL,2025-11-11,997,583,1.7101200686106346,70.882406,106,36.0
GERAL,GERAL,21741092154,[APP INSTAL - NS],MULTI_CHANNEL,2025-11-12,1019,563,1.8099467140319716,52.669427,96,28.0
GERAL,GERAL,21741092154,[APP INSTAL - NS],MULTI_CHANNEL,2025-11-13,1095,592,1.849662162162162,53.233864,92,21.0
GERAL,GERAL,21741092154,[APP INSTAL - NS],MULTI_CHANNEL,2025-11-14,996,572,1.7412587412587412,52.718475,95,28.0
GERAL,GERAL,21741092154,[APP INSTAL - NS],MULTI_CHANNEL,2025-11-15,1039,589,1.7640067911714772,52.681447,106,43.0
GERAL,GERAL,21741092154,[APP INSTAL - NS],MULTI_CHANNEL,2025-11-16,957,528,1.8125,55.643617,114,39.0
GERAL,GERAL,21741092154,[APP INSTAL - NS],MULTI_CHANNEL,2025-11-17,433,272,1.5919117647058822,21.148023,43,16.0
GERAL,GERAL,21741092154,[APP INSTAL - NS],MULTI_CHANNEL,2025-11-18,449,239,1.8786610878661087,20.955284,40,14.0
GERAL,GERAL,21741092154,[APP INSTAL - NS],MULTI_CHANNEL,2025-11-19,451,266,1.6954887218045114,19.886774,50,19.0
GERAL,GERAL,21741092154,[APP INSTAL - NS],MULTI_CHANNEL,2025-11-20,1001,539,1.8571428571428572,20.318006,55,31.0
GERAL,GERAL,21741092154,[APP INSTAL - NS],MULTI_CHANNEL,2025-11-21,661,400,1.6525,21.019632,55,27.0
GERAL,GERAL,21741092154,[APP INSTAL - NS],MULTI_CHANNEL,2025-11-22,229,131,1.748091603053435,20.730633,31,13.0
GERAL,GERAL,21741092154,[APP INSTAL - NS],MULTI_CHANNEL,2025-11-23,480,320,1.5,22.676805,97,76.0
GERAL,GERAL,21741092154,[APP INSTAL - NS],MULTI_CHANNEL,2025-11-24,790,499,1.5831663326653307,20.888538,59,24.0
GERAL,GERAL,21741092154,[APP INSTAL - NS],MULTI_CHANNEL,2025-11-25,625,346,1.80635838150289,19.185868,42,17.0
GERAL,GERAL,21741092154,[APP INSTAL - NS],MULTI_CHANNEL,2025-11-26,512,278,1.841726618705036,19.532515,48,20.0
GERAL,GERAL,21741092154,[APP INSTAL - NS],MULTI_CHANNEL,2025-11-27,501,291,1.7216494845360826,20.150892,29,14.0
GERAL,GERAL,21741092154,[APP INSTAL - NS],MULTI_CHANNEL,2025-11-28,750,461,1.6268980477223427,18.357948,40,17.0
GERAL,GERAL,21741092154,[APP INSTAL - NS],MULTI_CHANNEL,2025-11-29,514,295,1.7423728813559323,17.753029,37,18.0
GERAL,GERAL,21741092154,[APP INSTAL - NS],MULTI_CHANNEL,2025-11-30,274,133,2.0601503759398496,18.149589,25,8.0
GERAL,GERAL,21741092154,[APP INSTAL - NS],MULTI_CHANNEL,2025-12-01,311,159,1.9559748427672956,19.61694,28,11.0
GERAL,GERAL,21741092154,[APP INSTAL - NS],MULTI_CHANNEL,2025-12-02,359,215,1.669767441860465,19.621478,31,8.0
GERAL,GERAL,21747173498,[APP INSTAL - CS],MULTI_CHANNEL,2025-09-04,225,117,1.9230769230769231,13.18292,21,10.0
GERAL,GERAL,21747173498,[APP INSTAL - CS],MULTI_CHANNEL,2025-09-05,241,166,1.4518072289156627,12.662687,18,5.0
GERAL,GERAL,21747173498,[APP INSTAL - CS],MULTI_CHANNEL,2025-09-06,256,168,1.5238095238095237,12.077547,22,10.0
GERAL,GERAL,21747173498,[APP INSTAL - CS],MULTI_CHANNEL,2025-09-07,561,378,1.4841269841269842,12.409063,34,18.0
GERAL,GERAL,21747173498,[APP INSTAL - CS],MULTI_CHANNEL,2025-09-08,234,141,1.6595744680851063,12.01757,16,5.0
GERAL,GERAL,21747173498,[APP INSTAL - CS],MULTI_CHANNEL,2025-09-09,314,226,1.3893805309734513,13.181905,25,11.0
GERAL,GERAL,21747173498,[APP INSTAL - CS],MULTI_CHANNEL,2025-09-10,364,185,1.9675675675675677,14.804504,18,9.0
GERAL,GERAL,21747173498,[APP INSTAL - CS],MULTI_CHANNEL,2025-09-11,293,233,1.257510729613734,13.068604,29,15.0
GERAL,GERAL,21747173498,[APP INSTAL - CS],MULTI_CHANNEL,2025-09-12,369,269,1.3717472118959109,12.737615,32,16.0
GERAL,GERAL,21747173498,[APP INSTAL - CS],MULTI_CHANNEL,2025-09-13,500,354,1.4124293785310735,12.088505,46,24.0
GERAL,GERAL,21747173498,[APP INSTAL - CS],MULTI_CHANNEL,2025-09-14,305,220,1.3863636363636365,12.75023,24,7.0
GERAL,GERAL,21747173498,[APP INSTAL - CS],MULTI_CHANNEL,2025-09-15,181,121,1.4958677685950412,12.874278,21,5.0
GERAL,GERAL,21747173498,[APP INSTAL - CS],MULTI_CHANNEL,2025-09-16,247,174,1.4195402298850575,12.699029,20,3.0
GERAL,GERAL,21747173498,[APP INSTAL - CS],MULTI_CHANNEL,2025-09-17,192,135,1.4222222222222223,12.328918,24,11.0
GERAL,GERAL,21747173498,[APP INSTAL - CS],MULTI_CHANNEL,2025-09-18,165,118,1.3983050847457628,13.281956,18,4.0
GERAL,GERAL,21747173498,[APP INSTAL - CS],MULTI_CHANNEL,2025-09-19,90,59,1.5254237288135593,11.606299,15,5.0
GERAL,GERAL,21747173498,[APP INSTAL - CS],MULTI_CHANNEL,2025-09-20,142,102,1.392156862745098,11.476349,15,3.0
GERAL,GERAL,21747173498,[APP INSTAL - CS],MULTI_CHANNEL,2025-09-21,226,170,1.3294117647058823,13.69498,25,7.0
GERAL,GERAL,21747173498,[APP INSTAL - CS],MULTI_CHANNEL,2025-09-22,129,97,1.3298969072164948,11.997593,18,9.0
GERAL,GERAL,21747173498,[APP INSTAL - CS],MULTI_CHANNEL,2025-09-23,133,100,1.33,12.07639,16,10.0
GERAL,GERAL,21747173498,[APP INSTAL - CS],MULTI_CHANNEL,2025-09-24,139,92,1.5108695652173914,10.742471,16,5.0
GERAL,GERAL,21747173498,[APP INSTAL - CS],MULTI_CHANNEL,2025-09-25,178,116,1.5344827586206897,11.427797,18,4.0
GERAL,GERAL,21747173498,[APP INSTAL - CS],MULTI_CHANNEL,2025-09-26,267,194,1.3762886597938144,26.85815,39,17.0
GERAL,GERAL,21747173498,[APP INSTAL - CS],MULTI_CHANNEL,2025-09-27,292,189,1.5449735449735449,27.400734,37,15.0
GERAL,GERAL,21747173498,[APP INSTAL - CS],MULTI_CHANNEL,2025-09-28,231,171,1.3508771929824561,27.688197,35,12.0
GERAL,GERAL,21747173498,[APP INSTAL - CS],MULTI_CHANNEL,2025-09-29,397,235,1.6893617021276597,25.55699,36,13.0
GERAL,GERAL,21747173498,[APP INSTAL - CS],MULTI_CHANNEL,2025-09-30,317,218,1.4541284403669725,26.258692,38,13.0
GERAL,GERAL,21747173498,[APP INSTAL - CS],MULTI_CHANNEL,2025-10-01,498,310,1.6064516129032258,25.26153,55,22.0
GERAL,GERAL,21747173498,[APP INSTAL - CS],MULTI_CHANNEL,2025-10-02,244,171,1.4269005847953216,27.320976,41,16.0
GERAL,GERAL,21747173498,[APP INSTAL - CS],MULTI_CHANNEL,2025-10-03,434,289,1.5017301038062283,28.622836,50,24.0
GERAL,GERAL,21747173498,[APP INSTAL - CS],MULTI_CHANNEL,2025-10-04,670,425,1.576470588235294,26.423127,75,45.0
GERAL,GERAL,21747173498,[APP INSTAL - CS],MULTI_CHANNEL,2025-10-05,756,477,1.5849056603773586,26.989212,69,37.0
GERAL,GERAL,21747173498,[APP INSTAL - CS],MULTI_CHANNEL,2025-10-06,635,418,1.5191387559808613,27.417133,59,19.0
GERAL,GERAL,21747173498,[APP INSTAL - CS],MULTI_CHANNEL,2025-10-07,614,386,1.5906735751295338,29.021228,54,13.0
GERAL,GERAL,21747173498,[APP INSTAL - CS],MULTI_CHANNEL,2025-10-08,334,197,1.6954314720812182,27.126472,32,9.0
GERAL,GERAL,21747173498,[APP INSTAL - CS],MULTI_CHANNEL,2025-10-09,553,384,1.4401041666666667,24.360118,57,28.0
GERAL,GERAL,21747173498,[APP INSTAL - CS],MULTI_CHANNEL,2025-10-10,585,415,1.4096385542168675,26.356243,64,27.0
GERAL,GERAL,21747173498,[APP INSTAL - CS],MULTI_CHANNEL,2025-10-11,373,226,1.6504424778761062,27.243526,37,9.0
GERAL,GERAL,21747173498,[APP INSTAL - CS],MULTI_CHANNEL,2025-10-12,627,426,1.471830985915493,26.14231,62,34.0
GERAL,GERAL,21747173498,[APP INSTAL - CS],MULTI_CHANNEL,2025-10-13,778,540,1.4407407407407407,26.364419,56,19.0
GERAL,GERAL,21747173498,[APP INSTAL - CS],MULTI_CHANNEL,2025-10-14,655,426,1.5375586854460095,26.709698,55,20.0
GERAL,GERAL,21747173498,[APP INSTAL - CS],MULTI_CHANNEL,2025-10-15,418,287,1.456445993031359,26.523167,53,26.0
GERAL,GERAL,21747173498,[APP INSTAL - CS],MULTI_CHANNEL,2025-10-16,463,263,1.7604562737642586,25.981436,37,8.0
GERAL,GERAL,21747173498,[APP INSTAL - CS],MULTI_CHANNEL,2025-10-17,390,264,1.4772727272727273,25.143667,37,13.0
GERAL,GERAL,21747173498,[APP INSTAL - CS],MULTI_CHANNEL,2025-10-18,570,348,1.6379310344827587,27.903882,47,16.0
GERAL,GERAL,21747173498,[APP INSTAL - CS],MULTI_CHANNEL,2025-10-19,411,258,1.5930232558139534,26.766215,39,20.0
GERAL,GERAL,21747173498,[APP INSTAL - CS],MULTI_CHANNEL,2025-10-20,489,353,1.385269121813031,24.675411,58,26.0
GERAL,GERAL,21747173498,[APP INSTAL - CS],MULTI_CHANNEL,2025-10-21,617,416,1.4831730769230769,24.81044,59,21.0
GERAL,GERAL,21747173498,[APP INSTAL - CS],MULTI_CHANNEL,2025-10-22,401,227,1.7665198237885462,26.318985,39,11.0
GERAL,GERAL,21747173498,[APP INSTAL - CS],MULTI_CHANNEL,2025-10-23,634,433,1.464203233256351,25.650955,66,25.0
GERAL,GERAL,21747173498,[APP INSTAL - CS],MULTI_CHANNEL,2025-10-24,687,413,1.6634382566585957,25.106162,62,30.0
GERAL,GERAL,21747173498,[APP INSTAL - CS],MULTI_CHANNEL,2025-10-25,416,279,1.4910394265232976,27.721301,70,41.0
GERAL,GERAL,21747173498,[APP INSTAL - CS],MULTI_CHANNEL,2025-10-26,354,188,1.8829787234042554,23.642999,34,16.0
GERAL,GERAL,21747173498,[APP INSTAL - CS],MULTI_CHANNEL,2025-10-27,529,335,1.5791044776119403,25.168262,51,19.0
GERAL,GERAL,21747173498,[APP INSTAL - CS],MULTI_CHANNEL,2025-10-28,569,394,1.4441624365482233,23.701725,49,16.0
GERAL,GERAL,21747173498,[APP INSTAL - CS],MULTI_CHANNEL,2025-10-29,265,147,1.8027210884353742,23.521265,26,10.0
GERAL,GERAL,21747173498,[APP INSTAL - CS],MULTI_CHANNEL,2025-10-30,268,129,2.0775193798449614,24.447679,32,13.0
GERAL,GERAL,21747173498,[APP INSTAL - CS],MULTI_CHANNEL,2025-10-31,543,359,1.5125348189415042,21.457822,42,15.0
GERAL,GERAL,21747173498,[APP INSTAL - CS],MULTI_CHANNEL,2025-11-01,577,364,1.585164835164835,27.619011,45,16.0
GERAL,GERAL,21747173498,[APP INSTAL - CS],MULTI_CHANNEL,2025-11-02,388,201,1.9303482587064678,29.309516,43,17.0
GERAL,GERAL,21747173498,[APP INSTAL - CS],MULTI_CHANNEL,2025-11-03,773,470,1.6446808510638298,28.211459,50,16.0
GERAL,GERAL,21747173498,[APP INSTAL - CS],MULTI_CHANNEL,2025-11-04,800,485,1.6494845360824741,26.557495,55,14.0
GERAL,GERAL,21747173498,[APP INSTAL - CS],MULTI_CHANNEL,2025-11-05,365,237,1.540084388185654,26.033831,34,14.0
GERAL,GERAL,21747173498,[APP INSTAL - CS],MULTI_CHANNEL,2025-11-06,237,141,1.6808510638297873,31.281763,41,10.0
GERAL,GERAL,21747173498,[APP INSTAL - CS],MULTI_CHANNEL,2025-11-07,493,295,1.6711864406779662,52.857824,79,27.0
GERAL,GERAL,21747173498,[APP INSTAL - CS],MULTI_CHANNEL,2025-11-08,744,482,1.5435684647302905,54.199853,91,38.0
GERAL,GERAL,21747173498,[APP INSTAL - CS],MULTI_CHANNEL,2025-11-09,956,587,1.6303236797274276,53.574806,119,56.0
GERAL,GERAL,21747173498,[APP INSTAL - CS],MULTI_CHANNEL,2025-11-10,850,543,1.569060773480663,54.965787,118,55.0
GERAL,GERAL,21747173498,[APP INSTAL - CS],MULTI_CHANNEL,2025-11-11,774,471,1.643312101910828,53.077884,90,42.0
GERAL,GERAL,21747173498,[APP INSTAL - CS],MULTI_CHANNEL,2025-11-12,769,500,1.538,53.703809,96,43.0
GERAL,GERAL,21747173498,[APP INSTAL - CS],MULTI_CHANNEL,2025-11-13,825,523,1.5774378585086042,54.226478,93,37.0
GERAL,GERAL,21747173498,[APP INSTAL - CS],MULTI_CHANNEL,2025-11-14,559,308,1.8149350649350648,53.237073,72,23.0
GERAL,GERAL,21747173498,[APP INSTAL - CS],MULTI_CHANNEL,2025-11-15,523,301,1.7375415282392026,56.462744,84,32.0
GERAL,GERAL,21747173498,[APP INSTAL - CS],MULTI_CHANNEL,2025-11-16,951,605,1.571900826446281,55.840425,132,54.0
GERAL,GERAL,21747173498,[APP INSTAL - CS],MULTI_CHANNEL,2025-11-17,348,219,1.5890410958904109,21.966082,43,21.0
GERAL,GERAL,21747173498,[APP INSTAL - CS],MULTI_CHANNEL,2025-11-18,252,179,1.4078212290502794,19.905953,40,17.0
GERAL,GERAL,21747173498,[APP INSTAL - CS],MULTI_CHANNEL,2025-11-19,213,130,1.6384615384615384,20.228758,34,15.0
GERAL,GERAL,21747173498,[APP INSTAL - CS],MULTI_CHANNEL,2025-11-20,315,234,1.3461538461538463,22.070414,39,18.0
GERAL,GERAL,21747173498,[APP INSTAL - CS],MULTI_CHANNEL,2025-11-21,285,169,1.6863905325443787,20.6337,37,21.0
GERAL,GERAL,21747173498,[APP INSTAL - CS],MULTI_CHANNEL,2025-11-22,700,454,1.5418502202643172,19.644979,56,28.0
GERAL,GERAL,21747173498,[APP INSTAL - CS],MULTI_CHANNEL,2025-11-23,258,161,1.6024844720496894,22.668534,35,13.0
GERAL,GERAL,21747173498,[APP INSTAL - CS],MULTI_CHANNEL,2025-11-24,447,254,1.7598425196850394,17.878116,35,14.0
GERAL,GERAL,21747173498,[APP INSTAL - CS],MULTI_CHANNEL,2025-11-25,581,334,1.7395209580838322,18.999656,31,16.0
GERAL,GERAL,21747173498,[APP INSTAL - CS],MULTI_CHANNEL,2025-11-26,800,475,1.6842105263157894,21.172662,62,37.0
GERAL,GERAL,21747173498,[APP INSTAL - CS],MULTI_CHANNEL,2025-11-27,240,135,1.7777777777777777,20.000227,22,11.0
GERAL,GERAL,21747173498,[APP INSTAL - CS],MULTI_CHANNEL,2025-11-28,359,193,1.8601036269430051,19.014802,21,10.0
GERAL,GERAL,21747173498,[APP INSTAL - CS],MULTI_CHANNEL,2025-11-29,245,143,1.7132867132867133,18.582396,23,16.0
GERAL,GERAL,21747173498,[APP INSTAL - CS],MULTI_CHANNEL,2025-11-30,580,376,1.5425531914893618,17.670538,79,59.0
GERAL,GERAL,21747173498,[APP INSTAL - CS],MULTI_CHANNEL,2025-12-01,573,388,1.4768041237113403,20.003382,90,55.0
GERAL,GERAL,21747173498,[APP INSTAL - CS],MULTI_CHANNEL,2025-12-02,289,181,1.5966850828729282,20.61583,36,13.0
GERAL,GERAL,21750784471,[APP INSTAL - BS],MULTI_CHANNEL,2025-09-04,195,123,1.5853658536585367,13.617639,14,3.0
GERAL,GERAL,21750784471,[APP INSTAL - BS],MULTI_CHANNEL,2025-09-05,348,259,1.3436293436293436,13.567352,24,10.0
GERAL,GERAL,21750784471,[APP INSTAL - BS],MULTI_CHANNEL,2025-09-06,844,649,1.300462249614792,12.44384,62,35.0
GERAL,GERAL,21750784471,[APP INSTAL - BS],MULTI_CHANNEL,2025-09-07,669,491,1.3625254582484725,13.601632,48,23.0
GERAL,GERAL,21750784471,[APP INSTAL - BS],MULTI_CHANNEL,2025-09-08,241,176,1.3693181818181819,14.427423,20,4.0
GERAL,GERAL,21750784471,[APP INSTAL - BS],MULTI_CHANNEL,2025-09-09,356,252,1.4126984126984128,12.51313,21,9.0
GERAL,GERAL,21750784471,[APP INSTAL - BS],MULTI_CHANNEL,2025-09-10,364,276,1.318840579710145,14.926405,23,9.0
GERAL,GERAL,21750784471,[APP INSTAL - BS],MULTI_CHANNEL,2025-09-11,295,227,1.2995594713656389,13.183349,21,8.0
GERAL,GERAL,21750784471,[APP INSTAL - BS],MULTI_CHANNEL,2025-09-12,282,205,1.3756097560975609,11.400982,18,7.0
GERAL,GERAL,21750784471,[APP INSTAL - BS],MULTI_CHANNEL,2025-09-13,889,609,1.4597701149425288,11.987549,41,19.0
GERAL,GERAL,21750784471,[APP INSTAL - BS],MULTI_CHANNEL,2025-09-14,180,142,1.267605633802817,12.249265,22,9.0
GERAL,GERAL,21750784471,[APP INSTAL - BS],MULTI_CHANNEL,2025-09-15,731,509,1.4361493123772102,12.464048,34,12.0
GERAL,GERAL,21750784471,[APP INSTAL - BS],MULTI_CHANNEL,2025-09-16,311,210,1.480952380952381,12.670134,24,11.0
GERAL,GERAL,21750784471,[APP INSTAL - BS],MULTI_CHANNEL,2025-09-17,286,216,1.3240740740740742,12.58208,18,7.0
GERAL,GERAL,21750784471,[APP INSTAL - BS],MULTI_CHANNEL,2025-09-18,336,234,1.435897435897436,12.172319,23,4.0
GERAL,GERAL,21750784471,[APP INSTAL - BS],MULTI_CHANNEL,2025-09-19,265,178,1.4887640449438202,12.728863,16,8.0
GERAL,GERAL,21750784471,[APP INSTAL - BS],MULTI_CHANNEL,2025-09-20,367,246,1.491869918699187,11.946452,29,13.0
GERAL,GERAL,21750784471,[APP INSTAL - BS],MULTI_CHANNEL,2025-09-21,205,151,1.3576158940397351,14.964566,23,4.0
GERAL,GERAL,21750784471,[APP INSTAL - BS],MULTI_CHANNEL,2025-09-22,244,151,1.6158940397350994,13.456337,21,7.0
GERAL,GERAL,21750784471,[APP INSTAL - BS],MULTI_CHANNEL,2025-09-23,244,169,1.4437869822485208,11.241117,20,1.0
GERAL,GERAL,21750784471,[APP INSTAL - BS],MULTI_CHANNEL,2025-09-24,253,188,1.3457446808510638,11.28836,21,9.0
GERAL,GERAL,21750784471,[APP INSTAL - BS],MULTI_CHANNEL,2025-09-25,178,133,1.3383458646616542,11.381839,14,9.0
GERAL,GERAL,21750784471,[APP INSTAL - BS],MULTI_CHANNEL,2025-09-26,529,379,1.395778364116095,24.721959,41,22.0
GERAL,GERAL,21750784471,[APP INSTAL - BS],MULTI_CHANNEL,2025-09-27,837,576,1.453125,24.197409,84,47.0
GERAL,GERAL,21750784471,[APP INSTAL - BS],MULTI_CHANNEL,2025-09-28,1190,784,1.5178571428571428,25.732916,112,59.0
GERAL,GERAL,21750784471,[APP INSTAL - BS],MULTI_CHANNEL,2025-09-29,657,409,1.6063569682151588,23.155104,49,12.0
GERAL,GERAL,21750784471,[APP INSTAL - BS],MULTI_CHANNEL,2025-09-30,405,251,1.6135458167330676,23.37819,35,14.0
GERAL,GERAL,21750784471,[APP INSTAL - BS],MULTI_CHANNEL,2025-10-01,426,299,1.4247491638795986,23.938288,35,12.0
GERAL,GERAL,21750784471,[APP INSTAL - BS],MULTI_CHANNEL,2025-10-02,958,615,1.5577235772357723,24.151695,62,27.0
GERAL,GERAL,21750784471,[APP INSTAL - BS],MULTI_CHANNEL,2025-10-03,997,655,1.5221374045801526,24.6041,65,28.0
GERAL,GERAL,21750784471,[APP INSTAL - BS],MULTI_CHANNEL,2025-10-04,677,329,2.0577507598784193,24.614087,41,13.0
GERAL,GERAL,21750784471,[APP INSTAL - BS],MULTI_CHANNEL,2025-10-05,733,461,1.5900216919739696,26.76423,58,22.0
GERAL,GERAL,21750784471,[APP INSTAL - BS],MULTI_CHANNEL,2025-10-06,1155,762,1.515748031496063,23.724685,61,20.0
GERAL,GERAL,21750784471,[APP INSTAL - BS],MULTI_CHANNEL,2025-10-07,1014,677,1.4977843426883308,24.213717,61,17.0
GERAL,GERAL,21750784471,[APP INSTAL - BS],MULTI_CHANNEL,2025-10-08,1046,680,1.5382352941176471,23.298406,53,27.0
GERAL,GERAL,21750784471,[APP INSTAL - BS],MULTI_CHANNEL,2025-10-09,419,228,1.837719298245614,24.92666,36,13.0
GERAL,GERAL,21750784471,[APP INSTAL - BS],MULTI_CHANNEL,2025-10-10,902,644,1.4006211180124224,23.748886,70,31.0
GERAL,GERAL,21750784471,[APP INSTAL - BS],MULTI_CHANNEL,2025-10-11,571,368,1.5516304347826086,25.588055,37,15.0
GERAL,GERAL,21750784471,[APP INSTAL - BS],MULTI_CHANNEL,2025-10-12,876,619,1.4151857835218093,23.617889,96,62.0
GERAL,GERAL,21750784471,[APP INSTAL - BS],MULTI_CHANNEL,2025-10-13,995,674,1.4762611275964392,24.735383,59,16.0
GERAL,GERAL,21750784471,[APP INSTAL - BS],MULTI_CHANNEL,2025-10-14,1006,675,1.4903703703703703,25.458477,70,28.0
GERAL,GERAL,21750784471,[APP INSTAL - BS],MULTI_CHANNEL,2025-10-15,972,692,1.4046242774566473,22.577542,56,24.0
GERAL,GERAL,21750784471,[APP INSTAL - BS],MULTI_CHANNEL,2025-10-16,476,307,1.5504885993485342,20.8322,39,14.0
GERAL,GERAL,21750784471,[APP INSTAL - BS],MULTI_CHANNEL,2025-10-17,561,351,1.5982905982905984,25.07843,37,16.0
GERAL,GERAL,21750784471,[APP INSTAL - BS],MULTI_CHANNEL,2025-10-18,844,527,1.601518026565465,25.444522,61,19.0
GERAL,GERAL,21750784471,[APP INSTAL - BS],MULTI_CHANNEL,2025-10-19,1115,735,1.5170068027210883,26.975277,71,28.0
GERAL,GERAL,21750784471,[APP INSTAL - BS],MULTI_CHANNEL,2025-10-20,424,302,1.403973509933775,22.857995,42,16.0
GERAL,GERAL,21750784471,[APP INSTAL - BS],MULTI_CHANNEL,2025-10-21,977,623,1.5682182985553772,22.166205,67,30.0
GERAL,GERAL,21750784471,[APP INSTAL - BS],MULTI_CHANNEL,2025-10-22,729,480,1.51875,22.228044,52,16.0
GERAL,GERAL,21750784471,[APP INSTAL - BS],MULTI_CHANNEL,2025-10-23,274,206,1.3300970873786409,22.728508,37,11.0
GERAL,GERAL,21750784471,[APP INSTAL - BS],MULTI_CHANNEL,2025-10-24,419,271,1.5461254612546125,22.00122,36,14.0
GERAL,GERAL,21750784471,[APP INSTAL - BS],MULTI_CHANNEL,2025-10-25,533,362,1.4723756906077348,22.887495,43,14.0
GERAL,GERAL,21750784471,[APP INSTAL - BS],MULTI_CHANNEL,2025-10-26,316,200,1.58,23.84039,36,10.0
GERAL,GERAL,21750784471,[APP INSTAL - BS],MULTI_CHANNEL,2025-10-27,707,480,1.4729166666666667,23.253245,67,27.0
GERAL,GERAL,21750784471,[APP INSTAL - BS],MULTI_CHANNEL,2025-10-28,675,465,1.4516129032258065,20.872964,50,17.0
GERAL,GERAL,21750784471,[APP INSTAL - BS],MULTI_CHANNEL,2025-10-29,1050,679,1.5463917525773196,21.623126,72,31.0
GERAL,GERAL,21750784471,[APP INSTAL - BS],MULTI_CHANNEL,2025-10-30,806,506,1.592885375494071,22.238322,55,23.0
GERAL,GERAL,21750784471,[APP INSTAL - BS],MULTI_CHANNEL,2025-10-31,396,253,1.565217391304348,19.629604,38,14.0
GERAL,GERAL,21750784471,[APP INSTAL - BS],MULTI_CHANNEL,2025-11-01,638,385,1.6571428571428573,23.773809,45,11.0
GERAL,GERAL,21750784471,[APP INSTAL - BS],MULTI_CHANNEL,2025-11-02,1274,825,1.5442424242424242,26.057544,82,28.0
GERAL,GERAL,21750784471,[APP INSTAL - BS],MULTI_CHANNEL,2025-11-03,775,483,1.6045548654244306,22.701926,49,21.0
GERAL,GERAL,21750784471,[APP INSTAL - BS],MULTI_CHANNEL,2025-11-04,884,557,1.5870736086175943,25.142708,56,21.0
GERAL,GERAL,21750784471,[APP INSTAL - BS],MULTI_CHANNEL,2025-11-05,1042,678,1.5383480825958702,26.135149,59,13.0
GERAL,GERAL,21750784471,[APP INSTAL - BS],MULTI_CHANNEL,2025-11-06,468,266,1.7593984962406015,27.264022,38,11.0
GERAL,GERAL,21750784471,[APP INSTAL - BS],MULTI_CHANNEL,2025-11-07,472,329,1.4346504559270516,24.29944,40,9.0
GERAL,GERAL,21750784471,[APP INSTAL - BS],MULTI_CHANNEL,2025-11-08,342,202,1.693069306930693,25.913563,40,15.0
GERAL,GERAL,21750784471,[APP INSTAL - BS],MULTI_CHANNEL,2025-11-09,527,371,1.4204851752021563,26.039222,57,18.0
GERAL,GERAL,21750784471,[APP INSTAL - BS],MULTI_CHANNEL,2025-11-10,578,396,1.4595959595959596,25.379848,66,29.0
GERAL,GERAL,21750784471,[APP INSTAL - BS],MULTI_CHANNEL,2025-11-11,622,431,1.443155452436195,24.874705,47,23.0
GERAL,GERAL,21750784471,[APP INSTAL - BS],MULTI_CHANNEL,2025-11-12,716,431,1.6612529002320187,25.168483,50,21.0
GERAL,GERAL,21750784471,[APP INSTAL - BS],MULTI_CHANNEL,2025-11-13,528,379,1.3931398416886545,25.536698,55,27.0
GERAL,GERAL,21750784471,[APP INSTAL - BS],MULTI_CHANNEL,2025-11-14,436,300,1.4533333333333334,25.28955,45,18.0
GERAL,GERAL,21750784471,[APP INSTAL - BS],MULTI_CHANNEL,2025-11-15,211,140,1.5071428571428571,24.147531,31,12.0
GERAL,GERAL,21750784471,[APP INSTAL - BS],MULTI_CHANNEL,2025-11-16,310,147,2.108843537414966,26.049458,34,19.0
GERAL,GERAL,21750784471,[APP INSTAL - BS],MULTI_CHANNEL,2025-11-17,617,426,1.448356807511737,24.96003,79,49.0
GERAL,GERAL,21750784471,[APP INSTAL - BS],MULTI_CHANNEL,2025-11-18,771,497,1.551307847082495,23.474133,77,44.0
GERAL,GERAL,21750784471,[APP INSTAL - BS],MULTI_CHANNEL,2025-11-19,283,180,1.5722222222222222,23.450134,37,15.0
GERAL,GERAL,21750784471,[APP INSTAL - BS],MULTI_CHANNEL,2025-11-20,467,324,1.441358024691358,24.153279,40,20.0
GERAL,GERAL,21750784471,[APP INSTAL - BS],MULTI_CHANNEL,2025-11-21,777,511,1.5205479452054795,24.079477,71,37.0
GERAL,GERAL,21750784471,[APP INSTAL - BS],MULTI_CHANNEL,2025-11-22,812,577,1.4072790294627382,23.426512,83,54.0
GERAL,GERAL,21750784471,[APP INSTAL - BS],MULTI_CHANNEL,2025-11-23,821,558,1.471326164874552,26.0117,123,106.0
GERAL,GERAL,21750784471,[APP INSTAL - BS],MULTI_CHANNEL,2025-11-24,1033,653,1.5819295558958653,24.979268,81,42.0
GERAL,GERAL,21750784471,[APP INSTAL - BS],MULTI_CHANNEL,2025-11-25,467,252,1.8531746031746033,22.961701,30,14.0
GERAL,GERAL,21750784471,[APP INSTAL - BS],MULTI_CHANNEL,2025-11-26,506,342,1.4795321637426901,25.690396,45,22.0
GERAL,GERAL,21750784471,[APP INSTAL - BS],MULTI_CHANNEL,2025-11-27,434,257,1.688715953307393,21.592037,24,10.0
GERAL,GERAL,21750784471,[APP INSTAL - BS],MULTI_CHANNEL,2025-11-28,672,459,1.4640522875816993,20.833343,61,41.0
GERAL,GERAL,21750784471,[APP INSTAL - BS],MULTI_CHANNEL,2025-11-29,437,301,1.451827242524917,20.760475,45,31.0
GERAL,GERAL,21750784471,[APP INSTAL - BS],MULTI_CHANNEL,2025-11-30,464,296,1.5675675675675675,21.1936,50,22.0
GERAL,GERAL,21750784471,[APP INSTAL - BS],MULTI_CHANNEL,2025-12-01,367,270,1.3592592592592592,24.90263,38,18.0
GERAL,GERAL,21750784471,[APP INSTAL - BS],MULTI_CHANNEL,2025-12-02,692,499,1.3867735470941884,25.941205,94,58.0
GERAL,GERAL,21751147342,[APP INSTAL - NR],MULTI_CHANNEL,2025-09-04,893,621,1.4380032206119162,26.443864,49,16.0
GERAL,GERAL,21751147342,[APP INSTAL - NR],MULTI_CHANNEL,2025-09-05,1110,723,1.5352697095435686,25.554667,57,26.0
GERAL,GERAL,21751147342,[APP INSTAL - NR],MULTI_CHANNEL,2025-09-06,869,587,1.4804088586030664,26.063241,73,33.0
GERAL,GERAL,21751147342,[APP INSTAL - NR],MULTI_CHANNEL,2025-09-07,1172,713,1.6437587657784012,27.235286,38,16.0
GERAL,GERAL,21751147342,[APP INSTAL - NR],MULTI_CHANNEL,2025-09-08,281,190,1.4789473684210526,19.566594,28,10.0
GERAL,GERAL,21751147342,[APP INSTAL - NR],MULTI_CHANNEL,2025-09-09,406,280,1.45,13.461852,25,11.0
GERAL,GERAL,21751147342,[APP INSTAL - NR],MULTI_CHANNEL,2025-09-10,383,274,1.397810218978102,12.343081,20,6.0
GERAL,GERAL,21751147342,[APP INSTAL - NR],MULTI_CHANNEL,2025-09-11,406,285,1.424561403508772,13.578177,31,11.0
GERAL,GERAL,21751147342,[APP INSTAL - NR],MULTI_CHANNEL,2025-09-12,595,420,1.4166666666666667,12.74128,33,16.0
GERAL,GERAL,21751147342,[APP INSTAL - NR],MULTI_CHANNEL,2025-09-13,232,173,1.3410404624277457,14.974659,22,8.0
GERAL,GERAL,21751147342,[APP INSTAL - NR],MULTI_CHANNEL,2025-09-14,310,223,1.390134529147982,13.997987,18,6.0
GERAL,GERAL,21751147342,[APP INSTAL - NR],MULTI_CHANNEL,2025-09-15,456,319,1.4294670846394983,12.512596,27,11.0
GERAL,GERAL,21751147342,[APP INSTAL - NR],MULTI_CHANNEL,2025-09-16,272,184,1.4782608695652173,12.667151,19,7.0
GERAL,GERAL,21751147342,[APP INSTAL - NR],MULTI_CHANNEL,2025-09-17,346,250,1.384,11.384338,28,11.0
GERAL,GERAL,21751147342,[APP INSTAL - NR],MULTI_CHANNEL,2025-09-18,324,223,1.452914798206278,12.178966,22,13.0
GERAL,GERAL,21751147342,[APP INSTAL - NR],MULTI_CHANNEL,2025-09-19,301,182,1.6538461538461537,12.655198,18,6.0
GERAL,GERAL,21751147342,[APP INSTAL - NR],MULTI_CHANNEL,2025-09-20,446,280,1.5928571428571427,12.813996,43,28.0
GERAL,GERAL,21751147342,[APP INSTAL - NR],MULTI_CHANNEL,2025-09-21,316,220,1.4363636363636363,12.813291,21,8.0
GERAL,GERAL,21751147342,[APP INSTAL - NR],MULTI_CHANNEL,2025-09-22,445,318,1.39937106918239,12.909602,25,12.0
GERAL,GERAL,21751147342,[APP INSTAL - NR],MULTI_CHANNEL,2025-09-23,298,198,1.505050505050505,12.273768,23,11.0
GERAL,GERAL,21751147342,[APP INSTAL - NR],MULTI_CHANNEL,2025-09-24,344,268,1.2835820895522387,11.97225,25,15.0
GERAL,GERAL,21751147342,[APP INSTAL - NR],MULTI_CHANNEL,2025-09-25,314,212,1.4811320754716981,11.764418,22,10.0
GERAL,GERAL,21751147342,[APP INSTAL - NR],MULTI_CHANNEL,2025-09-26,459,268,1.712686567164179,25.07567,34,13.0
GERAL,GERAL,21751147342,[APP INSTAL - NR],MULTI_CHANNEL,2025-09-27,369,259,1.4247104247104247,26.239216,35,13.0
GERAL,GERAL,21751147342,[APP INSTAL - NR],MULTI_CHANNEL,2025-09-28,669,411,1.6277372262773722,25.78968,46,19.0
GERAL,GERAL,21751147342,[APP INSTAL - NR],MULTI_CHANNEL,2025-09-29,754,429,1.7575757575757576,24.328285,49,10.0
GERAL,GERAL,21751147342,[APP INSTAL - NR],MULTI_CHANNEL,2025-09-30,916,539,1.699443413729128,23.748301,52,17.0
GERAL,GERAL,21751147342,[APP INSTAL - NR],MULTI_CHANNEL,2025-10-01,567,392,1.4464285714285714,24.065785,41,12.0
GERAL,GERAL,21751147342,[APP INSTAL - NR],MULTI_CHANNEL,2025-10-02,780,477,1.6352201257861636,25.186208,45,26.0
GERAL,GERAL,21751147342,[APP INSTAL - NR],MULTI_CHANNEL,2025-10-03,670,403,1.662531017369727,27.207503,45,15.0
GERAL,GERAL,21751147342,[APP INSTAL - NR],MULTI_CHANNEL,2025-10-04,855,580,1.4741379310344827,23.458176,67,34.0
GERAL,GERAL,21751147342,[APP INSTAL - NR],MULTI_CHANNEL,2025-10-05,648,366,1.7704918032786885,27.892103,48,17.0
GERAL,GERAL,21751147342,[APP INSTAL - NR],MULTI_CHANNEL,2025-10-06,809,462,1.751082251082251,26.935426,51,17.0
GERAL,GERAL,21751147342,[APP INSTAL - NR],MULTI_CHANNEL,2025-10-07,1157,689,1.679245283018868,24.873169,55,17.0
GERAL,GERAL,21751147342,[APP INSTAL - NR],MULTI_CHANNEL,2025-10-08,531,278,1.910071942446043,25.444483,35,14.0
GERAL,GERAL,21751147342,[APP INSTAL - NR],MULTI_CHANNEL,2025-10-09,818,527,1.5521821631878558,24.254836,63,27.0
GERAL,GERAL,21751147342,[APP INSTAL - NR],MULTI_CHANNEL,2025-10-10,423,247,1.7125506072874495,24.915076,36,12.0
GERAL,GERAL,21751147342,[APP INSTAL - NR],MULTI_CHANNEL,2025-10-11,705,470,1.5,26.854323,52,18.0
GERAL,GERAL,21751147342,[APP INSTAL - NR],MULTI_CHANNEL,2025-10-12,884,552,1.6014492753623188,25.206476,52,23.0
GERAL,GERAL,21751147342,[APP INSTAL - NR],MULTI_CHANNEL,2025-10-13,871,543,1.6040515653775322,24.119936,51,19.0
GERAL,GERAL,21751147342,[APP INSTAL - NR],MULTI_CHANNEL,2025-10-14,861,591,1.4568527918781726,23.938302,55,22.0
GERAL,GERAL,21751147342,[APP INSTAL - NR],MULTI_CHANNEL,2025-10-15,392,261,1.5019157088122606,25.769432,34,12.0
GERAL,GERAL,21751147342,[APP INSTAL - NR],MULTI_CHANNEL,2025-10-16,441,291,1.5154639175257731,24.968882,40,14.0
GERAL,GERAL,21751147342,[APP INSTAL - NR],MULTI_CHANNEL,2025-10-17,991,574,1.7264808362369337,24.566882,82,49.0
GERAL,GERAL,21751147342,[APP INSTAL - NR],MULTI_CHANNEL,2025-10-18,757,456,1.6600877192982457,26.055153,60,25.0
GERAL,GERAL,21751147342,[APP INSTAL - NR],MULTI_CHANNEL,2025-10-19,694,440,1.5772727272727274,24.341007,49,18.0
GERAL,GERAL,21751147342,[APP INSTAL - NR],MULTI_CHANNEL,2025-10-20,618,411,1.5036496350364963,24.993338,49,22.0
GERAL,GERAL,21751147342,[APP INSTAL - NR],MULTI_CHANNEL,2025-10-21,557,306,1.8202614379084967,22.125665,37,13.0
GERAL,GERAL,21751147342,[APP INSTAL - NR],MULTI_CHANNEL,2025-10-22,587,406,1.4458128078817734,25.669258,51,20.0
GERAL,GERAL,21751147342,[APP INSTAL - NR],MULTI_CHANNEL,2025-10-23,389,275,1.4145454545454546,23.456142,34,17.0
GERAL,GERAL,21751147342,[APP INSTAL - NR],MULTI_CHANNEL,2025-10-24,846,578,1.4636678200692042,24.019968,65,17.0
GERAL,GERAL,21751147342,[APP INSTAL - NR],MULTI_CHANNEL,2025-10-25,442,308,1.4350649350649352,23.303719,37,11.0
GERAL,GERAL,21751147342,[APP INSTAL - NR],MULTI_CHANNEL,2025-10-26,838,533,1.572232645403377,24.700578,53,18.0
GERAL,GERAL,21751147342,[APP INSTAL - NR],MULTI_CHANNEL,2025-10-27,557,389,1.4318766066838047,23.002437,42,10.0
GERAL,GERAL,21751147342,[APP INSTAL - NR],MULTI_CHANNEL,2025-10-28,587,402,1.4601990049751243,23.909743,37,15.0
GERAL,GERAL,21751147342,[APP INSTAL - NR],MULTI_CHANNEL,2025-10-29,345,179,1.9273743016759777,23.464725,28,7.0
GERAL,GERAL,21751147342,[APP INSTAL - NR],MULTI_CHANNEL,2025-10-30,889,498,1.785140562248996,48.165419,79,26.0
GERAL,GERAL,21751147342,[APP INSTAL - NR],MULTI_CHANNEL,2025-10-31,1044,655,1.5938931297709924,46.290762,81,31.0
GERAL,GERAL,21751147342,[APP INSTAL - NR],MULTI_CHANNEL,2025-11-01,1041,614,1.6954397394136809,47.835912,79,27.0
GERAL,GERAL,21751147342,[APP INSTAL - NR],MULTI_CHANNEL,2025-11-02,1155,610,1.8934426229508197,50.547637,76,28.0
GERAL,GERAL,21751147342,[APP INSTAL - NR],MULTI_CHANNEL,2025-11-03,1854,1077,1.7214484679665738,56.70417,107,33.0
GERAL,GERAL,21751147342,[APP INSTAL - NR],MULTI_CHANNEL,2025-11-04,954,560,1.7035714285714285,48.829142,73,19.0
GERAL,GERAL,21751147342,[APP INSTAL - NR],MULTI_CHANNEL,2025-11-05,934,544,1.7169117647058822,48.675046,65,19.0
GERAL,GERAL,21751147342,[APP INSTAL - NR],MULTI_CHANNEL,2025-11-06,826,465,1.7763440860215054,50.097059,66,20.0
GERAL,GERAL,21751147342,[APP INSTAL - NR],MULTI_CHANNEL,2025-11-07,911,599,1.5208681135225375,47.77442,84,26.0
GERAL,GERAL,21751147342,[APP INSTAL - NR],MULTI_CHANNEL,2025-11-08,891,585,1.5247863247863247,49.449589,91,34.0
GERAL,GERAL,21751147342,[APP INSTAL - NR],MULTI_CHANNEL,2025-11-09,807,522,1.5574712643678161,49.683007,74,29.0
GERAL,GERAL,21751147342,[APP INSTAL - NR],MULTI_CHANNEL,2025-11-10,540,326,1.6595092024539877,49.950789,75,26.0
GERAL,GERAL,21751147342,[APP INSTAL - NR],MULTI_CHANNEL,2025-11-11,454,284,1.5985915492957747,47.70612,64,24.0
GERAL,GERAL,21751147342,[APP INSTAL - NR],MULTI_CHANNEL,2025-11-12,610,395,1.5443037974683544,46.959999,68,19.0
GERAL,GERAL,21751147342,[APP INSTAL - NR],MULTI_CHANNEL,2025-11-13,822,501,1.6407185628742516,47.040826,99,39.0
GERAL,GERAL,21751147342,[APP INSTAL - NR],MULTI_CHANNEL,2025-11-14,982,638,1.5391849529780564,49.40799,90,42.0
GERAL,GERAL,21751147342,[APP INSTAL - NR],MULTI_CHANNEL,2025-11-15,851,556,1.5305755395683454,48.39444,110,61.0
GERAL,GERAL,21751147342,[APP INSTAL - NR],MULTI_CHANNEL,2025-11-16,1197,695,1.7223021582733813,51.320757,132,69.0
GERAL,GERAL,21751147342,[APP INSTAL - NR],MULTI_CHANNEL,2025-11-17,381,247,1.54251012145749,37.336116,55,23.0
GERAL,GERAL,21751147342,[APP INSTAL - NR],MULTI_CHANNEL,2025-11-18,434,266,1.631578947368421,22.151839,39,17.0
GERAL,GERAL,21751147342,[APP INSTAL - NR],MULTI_CHANNEL,2025-11-19,447,283,1.5795053003533568,20.502464,44,21.0
GERAL,GERAL,21751147342,[APP INSTAL - NR],MULTI_CHANNEL,2025-11-20,677,425,1.5929411764705883,20.096901,67,47.0
GERAL,GERAL,21751147342,[APP INSTAL - NR],MULTI_CHANNEL,2025-11-21,784,494,1.5870445344129556,20.384119,59,32.0
GERAL,GERAL,21751147342,[APP INSTAL - NR],MULTI_CHANNEL,2025-11-22,758,488,1.5532786885245902,23.011565,55,26.0
GERAL,GERAL,21751147342,[APP INSTAL - NR],MULTI_CHANNEL,2025-11-23,403,252,1.5992063492063493,20.676034,35,12.0
GERAL,GERAL,21751147342,[APP INSTAL - NR],MULTI_CHANNEL,2025-11-24,601,341,1.7624633431085044,20.430745,44,19.0
GERAL,GERAL,21751147342,[APP INSTAL - NR],MULTI_CHANNEL,2025-11-25,644,393,1.638676844783715,19.078085,52,34.0
GERAL,GERAL,21751147342,[APP INSTAL - NR],MULTI_CHANNEL,2025-11-26,548,396,1.3838383838383839,19.269675,60,33.0
GERAL,GERAL,21751147342,[APP INSTAL - NR],MULTI_CHANNEL,2025-11-27,660,392,1.683673469387755,19.582085,50,31.0
GERAL,GERAL,21751147342,[APP INSTAL - NR],MULTI_CHANNEL,2025-11-28,400,244,1.639344262295082,20.197583,22,10.0
GERAL,GERAL,21751147342,[APP INSTAL - NR],MULTI_CHANNEL,2025-11-29,469,323,1.4520123839009287,18.542479,59,37.0
GERAL,GERAL,21751147342,[APP INSTAL - NR],MULTI_CHANNEL,2025-11-30,215,114,1.8859649122807018,18.886418,22,8.0
GERAL,GERAL,21751147342,[APP INSTAL - NR],MULTI_CHANNEL,2025-12-01,566,390,1.4512820512820512,20.013583,55,35.0
GERAL,GERAL,21751147342,[APP INSTAL - NR],MULTI_CHANNEL,2025-12-02,402,274,1.467153284671533,20.679895,46,20.0
GERAL,GERAL,22098634980,[Pmax] App - CS,PERFORMANCE_MAX,2025-09-04,5017,4227,1.1868937780932103,16.931848,24,76.0
GERAL,GERAL,22098634980,[Pmax] App - CS,PERFORMANCE_MAX,2025-09-05,5547,4599,1.2061317677756034,15.564077,16,100.0
GERAL,GERAL,22098634980,[Pmax] App - CS,PERFORMANCE_MAX,2025-09-06,7075,5921,1.1948995102178686,15.041008,24,183.0
GERAL,GERAL,22098634980,[Pmax] App - CS,PERFORMANCE_MAX,2025-09-07,5765,4742,1.2157317587515817,11.581859,14,101.0
GERAL,GERAL,22098634980,[Pmax] App - CS,PERFORMANCE_MAX,2025-09-08,6412,5137,1.2481993381350982,11.773423,23,139.0
GERAL,GERAL,22098634980,[Pmax] App - CS,PERFORMANCE_MAX,2025-09-09,5923,4820,1.228838174273859,10.147651,31,163.0
GERAL,GERAL,22098634980,[Pmax] App - CS,PERFORMANCE_MAX,2025-09-10,6888,5748,1.198329853862213,10.646703,20,175.0
GERAL,GERAL,22098634980,[Pmax] App - CS,PERFORMANCE_MAX,2025-09-11,8076,6595,1.2245640636846096,14.850784,21,166.0
GERAL,GERAL,22098634980,[Pmax] App - CS,PERFORMANCE_MAX,2025-09-12,8875,7292,1.2170872188699946,19.314615,25,217.0
GERAL,GERAL,22098634980,[Pmax] App - CS,PERFORMANCE_MAX,2025-09-13,8656,7200,1.2022222222222223,17.732266,25,238.0
GERAL,GERAL,22098634980,[Pmax] App - CS,PERFORMANCE_MAX,2025-09-14,7447,6217,1.1978446195914427,15.423798,26,158.0
GERAL,GERAL,22098634980,[Pmax] App - CS,PERFORMANCE_MAX,2025-09-15,9062,7395,1.225422582826234,17.119007,27,179.0
GERAL,GERAL,22098634980,[Pmax] App - CS,PERFORMANCE_MAX,2025-09-16,5826,4797,1.2145090681676047,10.281594,25,116.0
GERAL,GERAL,22098634980,[Pmax] App - CS,PERFORMANCE_MAX,2025-09-17,7947,6530,1.216998468606432,15.17499,15,137.0
GERAL,GERAL,22098634980,[Pmax] App - CS,PERFORMANCE_MAX,2025-09-18,8083,6659,1.2138459228112328,15.052524,16,170.0
GERAL,GERAL,22098634980,[Pmax] App - CS,PERFORMANCE_MAX,2025-09-19,7346,6004,1.2235176548967355,12.743558,14,175.0
GERAL,GERAL,22098634980,[Pmax] App - CS,PERFORMANCE_MAX,2025-09-20,8475,7038,1.2041773231031543,15.333065,31,255.0
GERAL,GERAL,22098634980,[Pmax] App - CS,PERFORMANCE_MAX,2025-09-21,6696,5421,1.235196458218041,11.572214,34,251.0
GERAL,GERAL,22098634980,[Pmax] App - CS,PERFORMANCE_MAX,2025-09-22,11211,8979,1.2485800200467758,21.628593,55,276.0
GERAL,GERAL,22098634980,[Pmax] App - CS,PERFORMANCE_MAX,2025-09-23,6479,5390,1.2020408163265306,9.853668,11,111.0
GERAL,GERAL,22098634980,[Pmax] App - CS,PERFORMANCE_MAX,2025-09-24,4800,4141,1.1591403042743298,14.095528,5,54.0
GERAL,GERAL,22098634980,[Pmax] App - CS,PERFORMANCE_MAX,2025-09-25,5539,4647,1.191951796858188,18.171079,18,82.0
GERAL,GERAL,22098634980,[Pmax] App - CS,PERFORMANCE_MAX,2025-09-26,4055,3513,1.1542840876743523,15.160696,15,80.0
GERAL,GERAL,22098634980,[Pmax] App - CS,PERFORMANCE_MAX,2025-09-27,4613,4050,1.1390123456790124,13.727945,15,79.0
GERAL,GERAL,22098634980,[Pmax] App - CS,PERFORMANCE_MAX,2025-09-28,3509,2980,1.17751677852349,12.894106,51,77.0
GERAL,GERAL,22098634980,[Pmax] App - CS,PERFORMANCE_MAX,2025-09-29,1889,1661,1.1372667068031306,6.151726,5,47.0
GERAL,GERAL,22098643371,[Pmax] App - BS,PERFORMANCE_MAX,2025-09-04,6064,5114,1.1857645678529527,26.070085,35,159.0
GERAL,GERAL,22098643371,[Pmax] App - BS,PERFORMANCE_MAX,2025-09-05,6239,5224,1.1942955589586524,24.990344,63,296.0
GERAL,GERAL,22098643371,[Pmax] App - BS,PERFORMANCE_MAX,2025-09-06,7774,6589,1.1798451965396874,24.50764,52,459.0
GERAL,GERAL,22098643371,[Pmax] App - BS,PERFORMANCE_MAX,2025-09-07,9070,7453,1.2169596135784249,24.895948,78,478.0
GERAL,GERAL,22098643371,[Pmax] App - BS,PERFORMANCE_MAX,2025-09-08,4474,3711,1.2056049582322823,12.546963,73,264.0
GERAL,GERAL,22098643371,[Pmax] App - BS,PERFORMANCE_MAX,2025-09-09,4253,3506,1.213063320022818,10.240525,48,253.0
GERAL,GERAL,22098643371,[Pmax] App - BS,PERFORMANCE_MAX,2025-09-10,4909,4140,1.1857487922705314,10.528581,34,234.0
GERAL,GERAL,22098643371,[Pmax] App - BS,PERFORMANCE_MAX,2025-09-11,4321,3670,1.177384196185286,10.026633,34,226.0
GERAL,GERAL,22098643371,[Pmax] App - BS,PERFORMANCE_MAX,2025-09-12,4428,3695,1.1983761840324763,11.262603,46,278.0
GERAL,GERAL,22098643371,[Pmax] App - BS,PERFORMANCE_MAX,2025-09-13,4611,3917,1.1771764105182538,10.980755,58,301.0
GERAL,GERAL,22098643371,[Pmax] App - BS,PERFORMANCE_MAX,2025-09-14,6219,5293,1.1749480445871907,11.887965,72,349.0
GERAL,GERAL,22098643371,[Pmax] App - BS,PERFORMANCE_MAX,2025-09-15,5533,4556,1.2144424934152767,11.8311,53,261.0
GERAL,GERAL,22098643371,[Pmax] App - BS,PERFORMANCE_MAX,2025-09-16,4772,3984,1.1977911646586346,9.516324,50,210.0
GERAL,GERAL,22098643371,[Pmax] App - BS,PERFORMANCE_MAX,2025-09-17,4316,3567,1.2099803756658256,9.70088,39,241.0
GERAL,GERAL,22098643371,[Pmax] App - BS,PERFORMANCE_MAX,2025-09-18,5581,4627,1.2061811108709748,10.145704,36,309.0
GERAL,GERAL,22098643371,[Pmax] App - BS,PERFORMANCE_MAX,2025-09-19,4848,3926,1.2348446255731025,9.525734,41,402.0
GERAL,GERAL,22098643371,[Pmax] App - BS,PERFORMANCE_MAX,2025-09-20,5197,4213,1.2335627818656538,9.233175,55,538.0
GERAL,GERAL,22098643371,[Pmax] App - BS,PERFORMANCE_MAX,2025-09-21,2797,2332,1.1993996569468268,6.555582,47,159.0
GERAL,GERAL,22098643371,[Pmax] App - BS,PERFORMANCE_MAX,2025-09-22,4404,3667,1.2009817289337332,10.161935,40,218.0
GERAL,GERAL,22098643371,[Pmax] App - BS,PERFORMANCE_MAX,2025-09-23,741,664,1.1159638554216869,0.919943,9,21.0
GERAL,GERAL,22098643371,[Pmax] App - BS,PERFORMANCE_MAX,2025-09-24,3888,3401,1.1431931784769185,16.333723,29,98.0
GERAL,GERAL,22098643371,[Pmax] App - BS,PERFORMANCE_MAX,2025-09-25,5165,4246,1.2164390014130946,11.951419,17,123.0
GERAL,GERAL,22098643371,[Pmax] App - BS,PERFORMANCE_MAX,2025-09-26,4691,3864,1.2140269151138716,9.529418,18,108.0
GERAL,GERAL,22098643371,[Pmax] App - BS,PERFORMANCE_MAX,2025-09-27,4173,3406,1.2251908396946565,9.4464,53,154.0
GERAL,GERAL,22098643371,[Pmax] App - BS,PERFORMANCE_MAX,2025-09-28,4618,3686,1.2528486163863266,8.277537,32,90.0
GERAL,GERAL,22098643371,[Pmax] App - BS,PERFORMANCE_MAX,2025-09-29,1732,1531,1.131286740692358,5.526959,7,41.0
GERAL,GERAL,22098681981,[Pmax] App - GS,PERFORMANCE_MAX,2025-09-04,6079,4746,1.2808680994521702,27.700378,85,171.0
GERAL,GERAL,22098681981,[Pmax] App - GS,PERFORMANCE_MAX,2025-09-05,4783,3789,1.2623383478490366,27.675667,222,209.0
GERAL,GERAL,22098681981,[Pmax] App - GS,PERFORMANCE_MAX,2025-09-06,5145,4070,1.2641277641277642,26.692434,259,297.0
GERAL,GERAL,22098681981,[Pmax] App - GS,PERFORMANCE_MAX,2025-09-07,5416,4019,1.3475989052002986,25.738513,338,271.0
GERAL,GERAL,22098681981,[Pmax] App - GS,PERFORMANCE_MAX,2025-09-08,4381,3464,1.2647228637413395,10.509237,85,187.0
GERAL,GERAL,22098681981,[Pmax] App - GS,PERFORMANCE_MAX,2025-09-09,3730,2914,1.2800274536719287,10.079648,136,202.0
GERAL,GERAL,22098681981,[Pmax] App - GS,PERFORMANCE_MAX,2025-09-10,3734,2950,1.2657627118644068,11.184558,101,170.0
GERAL,GERAL,22098681981,[Pmax] App - GS,PERFORMANCE_MAX,2025-09-11,5387,4230,1.2735224586288416,15.883162,139,266.0
GERAL,GERAL,22098681981,[Pmax] App - GS,PERFORMANCE_MAX,2025-09-12,4750,3702,1.283090221501891,15.014979,115,260.0
GERAL,GERAL,22098681981,[Pmax] App - GS,PERFORMANCE_MAX,2025-09-13,4238,3237,1.3092369477911647,16.648035,186,299.0
GERAL,GERAL,22098681981,[Pmax] App - GS,PERFORMANCE_MAX,2025-09-14,4250,3351,1.2682781259325575,15.417109,193,227.0
GERAL,GERAL,22098681981,[Pmax] App - GS,PERFORMANCE_MAX,2025-09-15,4516,3437,1.313936572592377,13.554102,103,219.0
GERAL,GERAL,22098681981,[Pmax] App - GS,PERFORMANCE_MAX,2025-09-16,4163,3198,1.3017510944340214,14.835887,117,199.0
GERAL,GERAL,22098681981,[Pmax] App - GS,PERFORMANCE_MAX,2025-09-17,5178,3987,1.2987208427389014,16.612323,96,219.0
GERAL,GERAL,22098681981,[Pmax] App - GS,PERFORMANCE_MAX,2025-09-18,5031,3824,1.3156380753138075,15.443808,99,208.0
GERAL,GERAL,22098681981,[Pmax] App - GS,PERFORMANCE_MAX,2025-09-19,5106,3910,1.3058823529411765,13.837862,97,297.0
GERAL,GERAL,22098681981,[Pmax] App - GS,PERFORMANCE_MAX,2025-09-20,5486,4281,1.2814762905863115,16.348179,123,361.0
GERAL,GERAL,22098681981,[Pmax] App - GS,PERFORMANCE_MAX,2025-09-21,5035,3854,1.3064348728593669,14.535205,223,335.0
GERAL,GERAL,22098681981,[Pmax] App - GS,PERFORMANCE_MAX,2025-09-22,6519,4932,1.3217761557177616,13.706587,90,298.0
GERAL,GERAL,22098681981,[Pmax] App - GS,PERFORMANCE_MAX,2025-09-23,3738,2936,1.2731607629427792,9.880761,99,163.0
GERAL,GERAL,22098681981,[Pmax] App - GS,PERFORMANCE_MAX,2025-09-24,3347,2707,1.236424085703731,20.301491,124,175.0
GERAL,GERAL,22098681981,[Pmax] App - GS,PERFORMANCE_MAX,2025-09-25,2450,1869,1.3108614232209739,14.120298,116,95.0
GERAL,GERAL,22098681981,[Pmax] App - GS,PERFORMANCE_MAX,2025-09-26,2925,2304,1.26953125,18.438505,132,139.0
GERAL,GERAL,22098681981,[Pmax] App - GS,PERFORMANCE_MAX,2025-09-27,2432,1910,1.2732984293193716,14.956124,204,163.0
GERAL,GERAL,22098681981,[Pmax] App - GS,PERFORMANCE_MAX,2025-09-28,2306,1662,1.3874849578820698,14.573764,244,144.0
GERAL,GERAL,22098681981,[Pmax] App - GS,PERFORMANCE_MAX,2025-09-29,351,300,1.17,0.883952,12,9.0
GERAL,GERAL,22098726441,[Pmax] App - NS,PERFORMANCE_MAX,2025-09-04,11418,7886,1.4478823231042353,26.99909,23,258.0
GERAL,GERAL,22098726441,[Pmax] App - NS,PERFORMANCE_MAX,2025-09-05,9401,6913,1.3599016346014754,26.638852,32,290.0
GERAL,GERAL,22098726441,[Pmax] App - NS,PERFORMANCE_MAX,2025-09-06,9065,6746,1.3437592647494812,25.320307,40,365.0
GERAL,GERAL,22098726441,[Pmax] App - NS,PERFORMANCE_MAX,2025-09-07,10120,6937,1.458843880640046,22.737317,39,299.0
GERAL,GERAL,22098726441,[Pmax] App - NS,PERFORMANCE_MAX,2025-09-08,5986,4758,1.2580916351408156,10.625518,22,192.0
GERAL,GERAL,22098726441,[Pmax] App - NS,PERFORMANCE_MAX,2025-09-09,5428,4333,1.252711747057466,9.705855,25,192.0
GERAL,GERAL,22098726441,[Pmax] App - NS,PERFORMANCE_MAX,2025-09-10,6720,5301,1.2676853423882286,11.154584,10,198.0
GERAL,GERAL,22098726441,[Pmax] App - NS,PERFORMANCE_MAX,2025-09-11,5448,4287,1.270818754373688,9.298862,17,169.0
GERAL,GERAL,22098726441,[Pmax] App - NS,PERFORMANCE_MAX,2025-09-12,5545,4464,1.2421594982078854,10.473213,18,185.0
GERAL,GERAL,22098726441,[Pmax] App - NS,PERFORMANCE_MAX,2025-09-13,5552,4460,1.2448430493273543,10.512553,19,225.0
GERAL,GERAL,22098726441,[Pmax] App - NS,PERFORMANCE_MAX,2025-09-14,5728,4446,1.288349077822762,10.511843,22,174.0
GERAL,GERAL,22098726441,[Pmax] App - NS,PERFORMANCE_MAX,2025-09-15,6237,4849,1.286244586512683,10.390519,15,150.0
GERAL,GERAL,22098726441,[Pmax] App - NS,PERFORMANCE_MAX,2025-09-16,4990,4118,1.2117532782904323,8.77767,20,147.0
GERAL,GERAL,22098726441,[Pmax] App - NS,PERFORMANCE_MAX,2025-09-17,6539,5162,1.266757070902751,11.955843,23,238.0
GERAL,GERAL,22098726441,[Pmax] App - NS,PERFORMANCE_MAX,2025-09-18,6838,5395,1.2674698795180723,11.48754,19,255.0
GERAL,GERAL,22098726441,[Pmax] App - NS,PERFORMANCE_MAX,2025-09-19,5303,4297,1.2341168256923436,10.095081,32,302.0
GERAL,GERAL,22098726441,[Pmax] App - NS,PERFORMANCE_MAX,2025-09-20,5433,4273,1.2714720336999765,9.144509,15,249.0
GERAL,GERAL,22098726441,[Pmax] App - NS,PERFORMANCE_MAX,2025-09-21,5820,4660,1.2489270386266094,11.110893,39,182.0
GERAL,GERAL,22098726441,[Pmax] App - NS,PERFORMANCE_MAX,2025-09-22,4880,3972,1.2286002014098691,8.533641,20,169.0
GERAL,GERAL,22098726441,[Pmax] App - NS,PERFORMANCE_MAX,2025-09-23,4963,4055,1.223921085080148,8.221968,15,104.0
GERAL,GERAL,22098726441,[Pmax] App - NS,PERFORMANCE_MAX,2025-09-24,6973,5368,1.2989940387481371,12.516687,17,124.0
GERAL,GERAL,22098726441,[Pmax] App - NS,PERFORMANCE_MAX,2025-09-25,5628,4489,1.2537313432835822,9.913167,9,120.0
GERAL,GERAL,22098726441,[Pmax] App - NS,PERFORMANCE_MAX,2025-09-26,8030,6345,1.2655634357762018,15.14394,14,187.0
GERAL,GERAL,22098726441,[Pmax] App - NS,PERFORMANCE_MAX,2025-09-27,7609,6054,1.2568549719193922,15.096434,18,202.0
GERAL,GERAL,22098726441,[Pmax] App - NS,PERFORMANCE_MAX,2025-09-28,6335,5052,1.2539588281868568,12.3925,15,101.0
GERAL,GERAL,22098726441,[Pmax] App - NS,PERFORMANCE_MAX,2025-09-29,2437,2133,1.1425222691045476,4.363151,1,27.0
GERAL,GERAL,22108893514,[Pmax] App - NR,PERFORMANCE_MAX,2025-09-04,7423,6161,1.204836877130336,25.834242,6,122.0
GERAL,GERAL,22108893514,[Pmax] App - NR,PERFORMANCE_MAX,2025-09-05,8892,7281,1.2212608158220024,25.705346,27,171.0
GERAL,GERAL,22108893514,[Pmax] App - NR,PERFORMANCE_MAX,2025-09-06,8491,7004,1.2123072529982868,24.413058,54,256.0
GERAL,GERAL,22108893514,[Pmax] App - NR,PERFORMANCE_MAX,2025-09-07,9673,7734,1.2507111455908972,18.665675,45,195.0
GERAL,GERAL,22108893514,[Pmax] App - NR,PERFORMANCE_MAX,2025-09-08,5239,4234,1.2373641946150213,11.799724,34,116.0
GERAL,GERAL,22108893514,[Pmax] App - NR,PERFORMANCE_MAX,2025-09-09,6956,5723,1.2154464441726367,10.11617,14,124.0
GERAL,GERAL,22108893514,[Pmax] App - NR,PERFORMANCE_MAX,2025-09-10,5514,4608,1.1966145833333333,10.247216,21,115.0
GERAL,GERAL,22108893514,[Pmax] App - NR,PERFORMANCE_MAX,2025-09-11,5722,4708,1.2153780798640612,10.266339,17,112.0
GERAL,GERAL,22108893514,[Pmax] App - NR,PERFORMANCE_MAX,2025-09-12,5114,4243,1.2052792835258073,10.306719,16,111.0
GERAL,GERAL,22108893514,[Pmax] App - NR,PERFORMANCE_MAX,2025-09-13,5211,4428,1.1768292682926829,10.014142,18,110.0
GERAL,GERAL,22108893514,[Pmax] App - NR,PERFORMANCE_MAX,2025-09-14,5866,4935,1.1886524822695035,10.02687,25,144.0
GERAL,GERAL,22108893514,[Pmax] App - NR,PERFORMANCE_MAX,2025-09-15,5721,4804,1.1908825978351374,10.245066,28,117.0
GERAL,GERAL,22108893514,[Pmax] App - NR,PERFORMANCE_MAX,2025-09-16,7432,6122,1.2139823587063052,14.183468,28,137.0
GERAL,GERAL,22108893514,[Pmax] App - NR,PERFORMANCE_MAX,2025-09-17,6874,5611,1.225093566209232,15.736209,38,141.0
GERAL,GERAL,22108893514,[Pmax] App - NR,PERFORMANCE_MAX,2025-09-18,8448,6902,1.2239930454940597,18.242657,25,200.0
GERAL,GERAL,22108893514,[Pmax] App - NR,PERFORMANCE_MAX,2025-09-19,7314,5887,1.242398505180907,15.892562,31,229.0
GERAL,GERAL,22108893514,[Pmax] App - NR,PERFORMANCE_MAX,2025-09-20,7268,6079,1.1955913801612108,14.885629,21,214.0
GERAL,GERAL,22108893514,[Pmax] App - NR,PERFORMANCE_MAX,2025-09-21,6360,5140,1.2373540856031129,13.450135,30,159.0
GERAL,GERAL,22108893514,[Pmax] App - NR,PERFORMANCE_MAX,2025-09-22,8206,6736,1.218230403800475,15.992667,30,173.0
GERAL,GERAL,22108893514,[Pmax] App - NR,PERFORMANCE_MAX,2025-09-23,3542,2970,1.1925925925925926,7.023435,12,63.0
GERAL,GERAL,22108893514,[Pmax] App - NR,PERFORMANCE_MAX,2025-09-24,7102,5989,1.1858407079646018,23.347069,19,103.0
GERAL,GERAL,22108893514,[Pmax] App - NR,PERFORMANCE_MAX,2025-09-25,4977,4298,1.1579804560260587,15.211194,8,75.0
GERAL,GERAL,22108893514,[Pmax] App - NR,PERFORMANCE_MAX,2025-09-26,4310,3628,1.1879823594266814,14.596687,20,88.0
GERAL,GERAL,22108893514,[Pmax] App - NR,PERFORMANCE_MAX,2025-09-27,4138,3502,1.1816105082809822,13.933866,33,106.0
GERAL,GERAL,22108893514,[Pmax] App - NR,PERFORMANCE_MAX,2025-09-28,2506,2027,1.2363098174642329,7.048042,9,38.0
GERAL,GERAL,22108893514,[Pmax] App - NR,PERFORMANCE_MAX,2025-09-29,2764,2410,1.1468879668049792,9.045705,9,57.0
GERAL,GERAL,22108928872,[Pmax] App - NK,PERFORMANCE_MAX,2025-09-04,4238,3370,1.2575667655786351,20.962321,19,138.0
GERAL,GERAL,22108928872,[Pmax] App - NK,PERFORMANCE_MAX,2025-09-05,2005,1635,1.2262996941896025,15.241231,11,52.0
GERAL,GERAL,22108928872,[Pmax] App - NK,PERFORMANCE_MAX,2025-09-06,2780,2294,1.2118570183086312,29.214259,27,133.0
GERAL,GERAL,22108928872,[Pmax] App - NK,PERFORMANCE_MAX,2025-09-07,2329,1902,1.2245005257623554,18.636341,31,80.0
GERAL,GERAL,22108928872,[Pmax] App - NK,PERFORMANCE_MAX,2025-09-08,2270,1815,1.2506887052341598,10.003094,10,82.0
GERAL,GERAL,22108928872,[Pmax] App - NK,PERFORMANCE_MAX,2025-09-09,3225,2703,1.193118756936737,9.936159,8,120.0
GERAL,GERAL,22108928872,[Pmax] App - NK,PERFORMANCE_MAX,2025-09-10,2646,2180,1.2137614678899082,8.905659,15,99.0
GERAL,GERAL,22108928872,[Pmax] App - NK,PERFORMANCE_MAX,2025-09-11,2688,2221,1.210265646105358,11.961514,13,93.0
GERAL,GERAL,22108928872,[Pmax] App - NK,PERFORMANCE_MAX,2025-09-12,3388,2686,1.261355174981385,11.319223,16,162.0
GERAL,GERAL,22108928872,[Pmax] App - NK,PERFORMANCE_MAX,2025-09-13,3865,3103,1.2455688043828552,10.024269,20,225.0
GERAL,GERAL,22108928872,[Pmax] App - NK,PERFORMANCE_MAX,2025-09-14,4144,3178,1.303964757709251,9.631063,25,215.0
GERAL,GERAL,22108928872,[Pmax] App - NK,PERFORMANCE_MAX,2025-09-15,4289,3380,1.2689349112426036,10.64018,10,177.0
GERAL,GERAL,22108928872,[Pmax] App - NK,PERFORMANCE_MAX,2025-09-16,4397,3481,1.2631427750646367,9.738769,15,175.0
GERAL,GERAL,22108928872,[Pmax] App - NK,PERFORMANCE_MAX,2025-09-17,4222,3380,1.2491124260355029,10.694615,22,189.0
GERAL,GERAL,22108928872,[Pmax] App - NK,PERFORMANCE_MAX,2025-09-18,3788,3010,1.2584717607973421,8.061866,17,178.0
GERAL,GERAL,22108928872,[Pmax] App - NK,PERFORMANCE_MAX,2025-09-19,4009,3112,1.2882390745501284,10.984216,17,241.0
GERAL,GERAL,22108928872,[Pmax] App - NK,PERFORMANCE_MAX,2025-09-20,4632,3564,1.2996632996632997,10.418645,25,328.0
GERAL,GERAL,22108928872,[Pmax] App - NK,PERFORMANCE_MAX,2025-09-21,3543,2745,1.2907103825136612,7.92811,42,233.0
GERAL,GERAL,22108928872,[Pmax] App - NK,PERFORMANCE_MAX,2025-09-22,6348,4843,1.310757794755317,14.891777,29,278.0
GERAL,GERAL,22108928872,[Pmax] App - NK,PERFORMANCE_MAX,2025-09-23,5808,4380,1.326027397260274,14.904649,26,248.0
GERAL,GERAL,22108928872,[Pmax] App - NK,PERFORMANCE_MAX,2025-09-24,5463,4275,1.2778947368421052,15.542715,37,248.0
GERAL,GERAL,22108928872,[Pmax] App - NK,PERFORMANCE_MAX,2025-09-25,5428,4292,1.2646784715750232,15.543872,23,230.0
GERAL,GERAL,22108928872,[Pmax] App - NK,PERFORMANCE_MAX,2025-09-26,4706,3766,1.2496016994158259,15.179968,30,255.0
GERAL,GERAL,22108928872,[Pmax] App - NK,PERFORMANCE_MAX,2025-09-27,4201,3321,1.2649804275820535,15.291103,24,270.0
GERAL,GERAL,22108928872,[Pmax] App - NK,PERFORMANCE_MAX,2025-09-28,2998,2333,1.2850407201028717,11.14802,29,181.0
GERAL,GERAL,22108928872,[Pmax] App - NK,PERFORMANCE_MAX,2025-09-29,1844,1521,1.2123602892833663,8.269014,8,93.0
GERAL,GERAL,22795887816,[PMAX - Benefício Stitch - GS],PERFORMANCE_MAX,2025-09-04,11077,8828,1.2547575894879928,48.808199,17,297.0
GERAL,GERAL,22795887816,[PMAX - Benefício Stitch - GS],PERFORMANCE_MAX,2025-09-05,12711,10073,1.2618882160230318,44.331667,19,418.0
GERAL,GERAL,22795887816,[PMAX - Benefício Stitch - GS],PERFORMANCE_MAX,2025-09-06,12083,9274,1.3028897994392927,46.205757,17,442.0
GERAL,GERAL,22795887816,[PMAX - Benefício Stitch - GS],PERFORMANCE_MAX,2025-09-07,11536,9031,1.2773779204960691,41.670946,36,407.0
GERAL,GERAL,22795887816,[PMAX - Benefício Stitch - GS],PERFORMANCE_MAX,2025-09-08,4054,3355,1.2083457526080477,10.171204,13,140.0
GERAL,GERAL,22795887816,[PMAX - Benefício Stitch - GS],PERFORMANCE_MAX,2025-09-09,4947,3957,1.2501895375284306,9.610307,8,193.0
GERAL,GERAL,22795887816,[PMAX - Benefício Stitch - GS],PERFORMANCE_MAX,2025-09-10,5585,4516,1.2367139061116033,10.657648,5,216.0
GERAL,GERAL,22795887816,[PMAX - Benefício Stitch - GS],PERFORMANCE_MAX,2025-09-11,5468,4575,1.1951912568306011,10.3938,8,187.0
GERAL,GERAL,22795887816,[PMAX - Benefício Stitch - GS],PERFORMANCE_MAX,2025-09-12,4846,3942,1.2293252156265855,10.141963,6,168.0
GERAL,GERAL,22795887816,[PMAX - Benefício Stitch - GS],PERFORMANCE_MAX,2025-09-13,4919,4038,1.218177315502724,10.693631,16,244.0
GERAL,GERAL,22795887816,[PMAX - Benefício Stitch - GS],PERFORMANCE_MAX,2025-09-14,3604,2996,1.2029372496662216,9.038854,8,154.0
GERAL,GERAL,22795887816,[PMAX - Benefício Stitch - GS],PERFORMANCE_MAX,2025-09-15,5245,4237,1.237904177484069,10.801119,12,153.0
GERAL,GERAL,22795887816,[PMAX - Benefício Stitch - GS],PERFORMANCE_MAX,2025-09-16,5256,4194,1.2532188841201717,10.81218,5,137.0
GERAL,GERAL,22795887816,[PMAX - Benefício Stitch - GS],PERFORMANCE_MAX,2025-09-17,1576,1336,1.1796407185628743,3.584499,1,53.0
GERAL,GERAL,22797874926,[PMAX - Benefício Stitch - NS],PERFORMANCE_MAX,2025-09-04,20991,14719,1.4261159046130851,71.031805,21,537.0
GERAL,GERAL,22797874926,[PMAX - Benefício Stitch - NS],PERFORMANCE_MAX,2025-09-05,22411,15587,1.4378007313787131,70.013996,9,735.0
GERAL,GERAL,22797874926,[PMAX - Benefício Stitch - NS],PERFORMANCE_MAX,2025-09-06,24056,16310,1.4749233599019007,72.475245,15,865.0
GERAL,GERAL,22797874926,[PMAX - Benefício Stitch - NS],PERFORMANCE_MAX,2025-09-07,19408,13499,1.4377361286021186,53.765159,19,543.0
GERAL,GERAL,22797874926,[PMAX - Benefício Stitch - NS],PERFORMANCE_MAX,2025-09-08,4559,3667,1.2432506135805836,12.851785,2,128.0
GERAL,GERAL,22797874926,[PMAX - Benefício Stitch - NS],PERFORMANCE_MAX,2025-09-09,4905,3996,1.2274774774774775,10.281956,2,166.0
GERAL,GERAL,22797874926,[PMAX - Benefício Stitch - NS],PERFORMANCE_MAX,2025-09-10,5363,4376,1.2255484460694699,10.610613,3,150.0
GERAL,GERAL,22797874926,[PMAX - Benefício Stitch - NS],PERFORMANCE_MAX,2025-09-11,5220,4314,1.2100139082058414,10.628998,5,177.0
GERAL,GERAL,22797874926,[PMAX - Benefício Stitch - NS],PERFORMANCE_MAX,2025-09-12,4711,3926,1.1999490575649516,9.229764,7,163.0
GERAL,GERAL,22797874926,[PMAX - Benefício Stitch - NS],PERFORMANCE_MAX,2025-09-13,5468,4535,1.2057331863285556,11.05281,6,226.0
GERAL,GERAL,22797874926,[PMAX - Benefício Stitch - NS],PERFORMANCE_MAX,2025-09-14,4735,3896,1.2153490759753593,9.259098,3,151.0
GERAL,GERAL,22797874926,[PMAX - Benefício Stitch - NS],PERFORMANCE_MAX,2025-09-15,5897,4922,1.198090207232832,10.906912,5,168.0
GERAL,GERAL,22797874926,[PMAX - Benefício Stitch - NS],PERFORMANCE_MAX,2025-09-16,5642,4676,1.2065868263473054,10.444068,8,147.0
GERAL,GERAL,22797874926,[PMAX - Benefício Stitch - NS],PERFORMANCE_MAX,2025-09-17,1086,969,1.1207430340557276,2.184373,0,29.0
GERAL,GERAL,22798080933,[DISPLAY - STITCH - NR],DISPLAY,2025-09-04,69673,13861,5.026549311016521,63.229533,60,0.0
GERAL,GERAL,22798080933,[DISPLAY - STITCH - NR],DISPLAY,2025-09-05,68255,13894,4.912552180797467,61.162464,65,2.0
GERAL,GERAL,22798080933,[DISPLAY - STITCH - NR],DISPLAY,2025-09-06,71180,14725,4.833955857385399,62.78484,74,2.0
GERAL,GERAL,22798080933,[DISPLAY - STITCH - NR],DISPLAY,2025-09-07,68993,14099,4.89346762181715,62.735522,73,2.0
GERAL,GERAL,22798080933,[DISPLAY - STITCH - NR],DISPLAY,2025-09-08,23947,4657,5.1421515997423235,21.846191,17,2.0
GERAL,GERAL,22798080933,[DISPLAY - STITCH - NR],DISPLAY,2025-09-09,11408,2564,4.4492979719188765,10.481444,10,0.0
GERAL,GERAL,22798080933,[DISPLAY - STITCH - NR],DISPLAY,2025-09-10,11063,2639,4.192118226600985,10.433369,10,1.0
GERAL,GERAL,22798080933,[DISPLAY - STITCH - NR],DISPLAY,2025-09-11,11199,2632,4.254939209726444,10.402624,15,0.0
GERAL,GERAL,22798145889,[DISPLAY - STITCH - NS],DISPLAY,2025-09-04,70479,13249,5.319571288399125,63.167449,62,2.0
GERAL,GERAL,22798145889,[DISPLAY - STITCH - NS],DISPLAY,2025-09-05,67659,12913,5.239603500348486,61.119638,65,4.0
GERAL,GERAL,22798145889,[DISPLAY - STITCH - NS],DISPLAY,2025-09-06,70012,13071,5.356284905516028,62.673942,76,2.0
GERAL,GERAL,22798145889,[DISPLAY - STITCH - NS],DISPLAY,2025-09-07,69584,12261,5.675230405350297,62.723072,91,4.0
GERAL,GERAL,22798145889,[DISPLAY - STITCH - NS],DISPLAY,2025-09-08,23393,4179,5.597750658052165,21.251027,16,0.0
GERAL,GERAL,22798145889,[DISPLAY - STITCH - NS],DISPLAY,2025-09-09,11695,2536,4.611593059936909,10.47682,10,0.0
GERAL,GERAL,22798145889,[DISPLAY - STITCH - NS],DISPLAY,2025-09-10,11576,2573,4.499028371550719,10.442641,11,2.0
GERAL,GERAL,22798145889,[DISPLAY - STITCH - NS],DISPLAY,2025-09-11,10940,2173,5.034514496088357,9.906883,13,0.0
GERAL,GERAL,22798562376,[DISPLAY - STITCH - GS],DISPLAY,2025-09-04,69794,14444,4.832040985876488,63.301473,74,3.0
GERAL,GERAL,22798562376,[DISPLAY - STITCH - GS],DISPLAY,2025-09-05,67651,14478,4.672675783948059,61.179388,54,1.0
GERAL,GERAL,22798562376,[DISPLAY - STITCH - GS],DISPLAY,2025-09-06,69961,13964,5.010097393297049,62.725643,78,3.0
GERAL,GERAL,22798562376,[DISPLAY - STITCH - GS],DISPLAY,2025-09-07,68445,13633,5.02053839947187,62.705812,76,3.0
GERAL,GERAL,22798562376,[DISPLAY - STITCH - GS],DISPLAY,2025-09-08,20443,3869,5.283794262083226,19.285732,21,2.0
GERAL,GERAL,22798562376,[DISPLAY - STITCH - GS],DISPLAY,2025-09-09,11420,2699,4.231196739533161,10.473266,12,0.0
GERAL,GERAL,22798562376,[DISPLAY - STITCH - GS],DISPLAY,2025-09-10,11307,2539,4.453328081922017,10.452487,14,0.0
GERAL,GERAL,22798562376,[DISPLAY - STITCH - GS],DISPLAY,2025-09-11,11181,2403,4.652933832709113,10.279456,4,0.0
GERAL,GERAL,22798574850,[DISPLAY - STITCH - CS],DISPLAY,2025-09-04,70959,14342,4.9476363129270675,63.205037,51,2.0
GERAL,GERAL,22798574850,[DISPLAY - STITCH - CS],DISPLAY,2025-09-05,68805,14973,4.595271488679623,61.171682,63,8.0
GERAL,GERAL,22798574850,[DISPLAY - STITCH - CS],DISPLAY,2025-09-06,70589,14219,4.964413812504396,62.8368,85,1.0
GERAL,GERAL,22798574850,[DISPLAY - STITCH - CS],DISPLAY,2025-09-07,65898,13487,4.8860384073552305,62.750619,83,1.0
GERAL,GERAL,22798574850,[DISPLAY - STITCH - CS],DISPLAY,2025-09-08,22415,4516,4.963463241806909,21.263613,18,0.0
GERAL,GERAL,22798574850,[DISPLAY - STITCH - CS],DISPLAY,2025-09-09,10944,2496,4.384615384615385,10.471822,10,0.0
GERAL,GERAL,22798574850,[DISPLAY - STITCH - CS],DISPLAY,2025-09-10,11282,2496,4.520032051282051,10.449373,11,0.0
GERAL,GERAL,22798574850,[DISPLAY - STITCH - CS],DISPLAY,2025-09-11,11024,2570,4.289494163424124,10.459096,14,1.0
GERAL,GERAL,22798758360,[Demand Gen - STITCH - NK],DEMAND_GEN,2025-09-04,17167,12241,1.4024181030961522,47.089286,458,85.0
GERAL,GERAL,22798758360,[Demand Gen - STITCH - NK],DEMAND_GEN,2025-09-05,9646,7544,1.2786320254506893,24.534751,208,42.0
GERAL,GERAL,22798913208,[Demand Gen - STITCH - CS],DEMAND_GEN,2025-09-04,22721,15854,1.4331399016021193,46.890649,595,46.0
GERAL,GERAL,22798913208,[Demand Gen - STITCH - CS],DEMAND_GEN,2025-09-05,11302,8355,1.352722920406942,24.174881,336,21.0
GERAL,GERAL,22803739643,[PMAX - Benefício Stitch - NK],PERFORMANCE_MAX,2025-09-04,13949,11563,1.2063478336071953,47.796101,9,475.0
GERAL,GERAL,22803739643,[PMAX - Benefício Stitch - NK],PERFORMANCE_MAX,2025-09-05,15397,12379,1.243799983843606,55.821269,17,514.0
GERAL,GERAL,22803739643,[PMAX - Benefício Stitch - NK],PERFORMANCE_MAX,2025-09-06,12460,9462,1.316846332699218,52.945639,21,399.0
GERAL,GERAL,22803739643,[PMAX - Benefício Stitch - NK],PERFORMANCE_MAX,2025-09-07,15247,11157,1.3665859998207404,39.799107,1,365.0
GERAL,GERAL,22803739643,[PMAX - Benefício Stitch - NK],PERFORMANCE_MAX,2025-09-08,4851,3905,1.2422535211267605,13.59463,1,119.0
GERAL,GERAL,22803739643,[PMAX - Benefício Stitch - NK],PERFORMANCE_MAX,2025-09-09,3677,3090,1.189967637540453,10.351237,4,130.0
GERAL,GERAL,22803739643,[PMAX - Benefício Stitch - NK],PERFORMANCE_MAX,2025-09-10,4418,3517,1.256184247938584,10.223115,1,89.0
GERAL,GERAL,22803739643,[PMAX - Benefício Stitch - NK],PERFORMANCE_MAX,2025-09-11,3729,3188,1.1696988707653702,10.613007,8,136.0
GERAL,GERAL,22803739643,[PMAX - Benefício Stitch - NK],PERFORMANCE_MAX,2025-09-12,4164,3475,1.198273381294964,9.741407,8,211.0
GERAL,GERAL,22803739643,[PMAX - Benefício Stitch - NK],PERFORMANCE_MAX,2025-09-13,3562,2818,1.2640170333569907,9.460796,18,293.0
GERAL,GERAL,22803739643,[PMAX - Benefício Stitch - NK],PERFORMANCE_MAX,2025-09-14,2255,1941,1.1617722823286964,6.219387,2,83.0
GERAL,GERAL,22803739643,[PMAX - Benefício Stitch - NK],PERFORMANCE_MAX,2025-09-15,5584,4462,1.2514567458538772,15.930022,4,169.0
GERAL,GERAL,22803739643,[PMAX - Benefício Stitch - NK],PERFORMANCE_MAX,2025-09-16,4232,3412,1.2403282532239155,9.297878,4,144.0
GERAL,GERAL,22803739643,[PMAX - Benefício Stitch - NK],PERFORMANCE_MAX,2025-09-17,448,402,1.1144278606965174,1.286731,3,28.0
GERAL,GERAL,22803924905,[DISPLAY - STITCH - NK],DISPLAY,2025-09-04,70302,14328,4.906616415410385,63.246144,53,6.0
GERAL,GERAL,22803924905,[DISPLAY - STITCH - NK],DISPLAY,2025-09-05,68637,13968,4.913874570446735,61.180828,58,6.0
GERAL,GERAL,22803924905,[DISPLAY - STITCH - NK],DISPLAY,2025-09-06,70229,13979,5.023892982330639,62.768546,70,5.0
GERAL,GERAL,22803924905,[DISPLAY - STITCH - NK],DISPLAY,2025-09-07,68306,13247,5.156337283913339,62.574114,66,2.0
GERAL,GERAL,22803924905,[DISPLAY - STITCH - NK],DISPLAY,2025-09-08,22376,4438,5.041910770617395,20.38079,13,0.0
GERAL,GERAL,22803924905,[DISPLAY - STITCH - NK],DISPLAY,2025-09-09,11329,2559,4.427119968737788,10.475701,4,0.0
GERAL,GERAL,22803924905,[DISPLAY - STITCH - NK],DISPLAY,2025-09-10,11661,2534,4.601815311760063,10.441542,10,0.0
GERAL,GERAL,22803924905,[DISPLAY - STITCH - NK],DISPLAY,2025-09-11,10396,2115,4.915366430260048,9.827783,6,0.0
GERAL,GERAL,22804609184,[Demand Gen - STITCH - NS],DEMAND_GEN,2025-09-04,19966,13790,1.4478607686729514,46.70795,607,60.0
GERAL,GERAL,22804609184,[Demand Gen - STITCH - NS],DEMAND_GEN,2025-09-05,10884,7877,1.3817443189031358,23.59326,266,25.0
GERAL,GERAL,22804721222,[Demand Gen - STITCH - BS],DEMAND_GEN,2025-09-04,19412,13264,1.4635102533172497,47.132862,515,39.0
GERAL,GERAL,22804721222,[Demand Gen - STITCH - BS],DEMAND_GEN,2025-09-05,11117,8043,1.3821956981225911,26.614872,289,38.0
GERAL,GERAL,22805421025,[PMAX - Benefício Stitch - BS],PERFORMANCE_MAX,2025-09-04,18067,14035,1.287281795511222,73.967835,26,685.0
GERAL,GERAL,22805421025,[PMAX - Benefício Stitch - BS],PERFORMANCE_MAX,2025-09-05,11336,9046,1.2531505637850984,41.322034,16,490.0
GERAL,GERAL,22805421025,[PMAX - Benefício Stitch - BS],PERFORMANCE_MAX,2025-09-06,9552,7772,1.229027277406073,32.629652,33,688.0
GERAL,GERAL,22805421025,[PMAX - Benefício Stitch - BS],PERFORMANCE_MAX,2025-09-07,9494,7670,1.2378096479791394,26.858604,27,484.0
GERAL,GERAL,22805421025,[PMAX - Benefício Stitch - BS],PERFORMANCE_MAX,2025-09-08,4575,3853,1.1873864521152349,9.898362,25,239.0
GERAL,GERAL,22805421025,[PMAX - Benefício Stitch - BS],PERFORMANCE_MAX,2025-09-09,4909,4203,1.1679752557696883,9.82443,8,246.0
GERAL,GERAL,22805421025,[PMAX - Benefício Stitch - BS],PERFORMANCE_MAX,2025-09-10,4933,4193,1.1764846172191747,10.155431,16,262.0
GERAL,GERAL,22805421025,[PMAX - Benefício Stitch - BS],PERFORMANCE_MAX,2025-09-11,4895,4141,1.182081622796426,10.439953,9,251.0
GERAL,GERAL,22805421025,[PMAX - Benefício Stitch - BS],PERFORMANCE_MAX,2025-09-12,4485,3799,1.1805738352197948,9.899744,8,253.0
GERAL,GERAL,22805421025,[PMAX - Benefício Stitch - BS],PERFORMANCE_MAX,2025-09-13,4913,4050,1.2130864197530864,10.968269,19,436.0
GERAL,GERAL,22805421025,[PMAX - Benefício Stitch - BS],PERFORMANCE_MAX,2025-09-14,4028,3356,1.200238379022646,9.810878,17,294.0
GERAL,GERAL,22805421025,[PMAX - Benefício Stitch - BS],PERFORMANCE_MAX,2025-09-15,4768,4000,1.192,10.839467,17,237.0
GERAL,GERAL,22805421025,[PMAX - Benefício Stitch - BS],PERFORMANCE_MAX,2025-09-16,5035,4207,1.1968148324221535,10.190203,9,230.0
GERAL,GERAL,22805421025,[PMAX - Benefício Stitch - BS],PERFORMANCE_MAX,2025-09-17,2242,1930,1.1616580310880829,4.893693,6,101.0
GERAL,GERAL,22805424850,[PMAX - Benefício Stitch - CS],PERFORMANCE_MAX,2025-09-04,23249,17740,1.3105411499436301,74.381137,33,355.0
GERAL,GERAL,22805424850,[PMAX - Benefício Stitch - CS],PERFORMANCE_MAX,2025-09-05,16273,12525,1.2992415169660678,48.25867,22,340.0
GERAL,GERAL,22805424850,[PMAX - Benefício Stitch - CS],PERFORMANCE_MAX,2025-09-06,12028,9833,1.223227906030713,32.266324,16,335.0
GERAL,GERAL,22805424850,[PMAX - Benefício Stitch - CS],PERFORMANCE_MAX,2025-09-07,10883,8977,1.2123203742898518,25.736551,21,226.0
GERAL,GERAL,22805424850,[PMAX - Benefício Stitch - CS],PERFORMANCE_MAX,2025-09-08,6357,5240,1.2131679389312977,9.934011,6,102.0
GERAL,GERAL,22805424850,[PMAX - Benefício Stitch - CS],PERFORMANCE_MAX,2025-09-09,7285,5989,1.2163967273334446,9.700024,9,105.0
GERAL,GERAL,22805424850,[PMAX - Benefício Stitch - CS],PERFORMANCE_MAX,2025-09-10,6498,5503,1.1808104670179902,10.280696,9,113.0
GERAL,GERAL,22805424850,[PMAX - Benefício Stitch - CS],PERFORMANCE_MAX,2025-09-11,6713,5781,1.1612177823905898,10.447046,5,95.0
GERAL,GERAL,22805424850,[PMAX - Benefício Stitch - CS],PERFORMANCE_MAX,2025-09-12,5781,4928,1.1730925324675325,10.011924,2,105.0
GERAL,GERAL,22805424850,[PMAX - Benefício Stitch - CS],PERFORMANCE_MAX,2025-09-13,6363,5482,1.1607077708865379,10.908074,11,137.0
GERAL,GERAL,22805424850,[PMAX - Benefício Stitch - CS],PERFORMANCE_MAX,2025-09-14,4205,3603,1.1670829864002221,7.691194,9,88.0
GERAL,GERAL,22805424850,[PMAX - Benefício Stitch - CS],PERFORMANCE_MAX,2025-09-15,7392,6077,1.2163896659535955,12.633114,6,134.0
GERAL,GERAL,22805424850,[PMAX - Benefício Stitch - CS],PERFORMANCE_MAX,2025-09-16,6832,5706,1.1973361373992288,9.970551,9,118.0
GERAL,GERAL,22805424850,[PMAX - Benefício Stitch - CS],PERFORMANCE_MAX,2025-09-17,2440,2073,1.177038109020743,4.405227,3,31.0
GERAL,GERAL,22807473115,[PMAX - Benefício Stitch - NR],PERFORMANCE_MAX,2025-09-04,20586,14997,1.3726745349069813,77.329316,14,304.0
GERAL,GERAL,22807473115,[PMAX - Benefício Stitch - NR],PERFORMANCE_MAX,2025-09-05,12078,10067,1.1997615972981026,67.278863,16,243.0
GERAL,GERAL,22807473115,[PMAX - Benefício Stitch - NR],PERFORMANCE_MAX,2025-09-06,25106,18606,1.3493496721487692,71.691156,16,571.0
GERAL,GERAL,22807473115,[PMAX - Benefício Stitch - NR],PERFORMANCE_MAX,2025-09-07,18330,14706,1.2464300285597716,66.717417,35,352.0
GERAL,GERAL,22807473115,[PMAX - Benefício Stitch - NR],PERFORMANCE_MAX,2025-09-08,3512,3090,1.136569579288026,10.2915,3,68.0
GERAL,GERAL,22807473115,[PMAX - Benefício Stitch - NR],PERFORMANCE_MAX,2025-09-09,5265,4468,1.178379588182632,9.987177,5,113.0
GERAL,GERAL,22807473115,[PMAX - Benefício Stitch - NR],PERFORMANCE_MAX,2025-09-10,6114,5029,1.215748657784848,10.871525,4,114.0
GERAL,GERAL,22807473115,[PMAX - Benefício Stitch - NR],PERFORMANCE_MAX,2025-09-11,5916,5010,1.1808383233532933,10.53937,2,88.0
GERAL,GERAL,22807473115,[PMAX - Benefício Stitch - NR],PERFORMANCE_MAX,2025-09-12,4134,3692,1.119718309859155,9.996999,2,55.0
GERAL,GERAL,22807473115,[PMAX - Benefício Stitch - NR],PERFORMANCE_MAX,2025-09-13,5098,4462,1.1425369789332138,10.384389,5,86.0
GERAL,GERAL,22807473115,[PMAX - Benefício Stitch - NR],PERFORMANCE_MAX,2025-09-14,4332,3792,1.1424050632911393,8.565901,3,67.0
GERAL,GERAL,22807473115,[PMAX - Benefício Stitch - NR],PERFORMANCE_MAX,2025-09-15,5769,4780,1.2069037656903765,11.726786,2,74.0
GERAL,GERAL,22807473115,[PMAX - Benefício Stitch - NR],PERFORMANCE_MAX,2025-09-16,4874,4239,1.149799481009672,9.790974,2,64.0
GERAL,GERAL,22807473115,[PMAX - Benefício Stitch - NR],PERFORMANCE_MAX,2025-09-17,901,827,1.0894800483675937,3.114436,0,21.0
GERAL,GERAL,22808092228,[DISPLAY - STITCH - BS],DISPLAY,2025-09-04,69236,15527,4.459071295163264,63.266051,56,2.0
GERAL,GERAL,22808092228,[DISPLAY - STITCH - BS],DISPLAY,2025-09-05,68299,15174,4.501054435218136,61.301677,65,4.0
GERAL,GERAL,22808092228,[DISPLAY - STITCH - BS],DISPLAY,2025-09-06,69667,14661,4.751858672668986,62.809353,63,2.0
GERAL,GERAL,22808092228,[DISPLAY - STITCH - BS],DISPLAY,2025-09-07,68290,14054,4.8591148427493955,62.704989,73,3.0
GERAL,GERAL,22808092228,[DISPLAY - STITCH - BS],DISPLAY,2025-09-08,22941,4809,4.770430442919526,21.370382,17,0.0
GERAL,GERAL,22808092228,[DISPLAY - STITCH - BS],DISPLAY,2025-09-09,10920,2721,4.013230429988974,10.471392,9,0.0
GERAL,GERAL,22808092228,[DISPLAY - STITCH - BS],DISPLAY,2025-09-10,11271,2694,4.1837416481069045,10.451141,6,0.0
GERAL,GERAL,22808092228,[DISPLAY - STITCH - BS],DISPLAY,2025-09-11,10746,2568,4.184579439252336,10.42702,9,0.0
GERAL,GERAL,22808297011,[Demand Gen - STITCH - NR],DEMAND_GEN,2025-09-04,20282,14400,1.4084722222222221,46.91559,504,58.0
GERAL,GERAL,22808297011,[Demand Gen - STITCH - NR],DEMAND_GEN,2025-09-05,10798,7908,1.3654527061203845,24.686851,259,43.0
GERAL,GERAL,22808444821,[Demand Gen - STITCH - GS],DEMAND_GEN,2025-09-04,21203,14535,1.4587547299621604,47.698507,651,87.0
GERAL,GERAL,22808444821,[Demand Gen - STITCH - GS],DEMAND_GEN,2025-09-05,13146,9421,1.3953932703534657,26.865126,316,28.0
GERAL,GERAL,22919062221,[ALC - Dragões - NS],VIDEO,2025-09-04,61857,48926,1.436393737481094,135.967954,79,90.0
GERAL,GERAL,22919062221,[ALC - Dragões - NS],VIDEO,2025-09-05,25640,22780,1.2802019315188762,59.990921,30,36.0
GERAL,GERAL,22919062221,[ALC - Dragões - NS],VIDEO,2025-09-06,25077,22760,1.306634446397188,62.633097,23,48.0
GERAL,GERAL,22919062221,[ALC - Dragões - NS],VIDEO,2025-09-07,21232,21008,1.2237718964204112,62.793181,19,46.0
GERAL,GERAL,22919062221,[ALC - Dragões - NS],VIDEO,2025-09-08,7838,7839,1.211889271590764,20.012596,7,10.0
GERAL,GERAL,22919062221,[ALC - Dragões - NS],VIDEO,2025-09-09,8391,8376,1.1735912129894939,20.920594,9,20.0
GERAL,GERAL,22919062221,[ALC - Dragões - NS],VIDEO,2025-09-10,3445,3710,1.0897574123989218,9.495646,3,10.0
GERAL,GERAL,22962637627,[PMAX - Strong Man - NR],PERFORMANCE_MAX,2025-09-04,35045,22637,1.5481291690595043,85.432728,7,460.0
GERAL,GERAL,22962637627,[PMAX - Strong Man - NR],PERFORMANCE_MAX,2025-09-05,23209,16858,1.3767350812670542,65.259173,16,384.0
GERAL,GERAL,22962637627,[PMAX - Strong Man - NR],PERFORMANCE_MAX,2025-09-06,10616,8664,1.2253000923361035,19.253497,7,202.0
GERAL,GERAL,22962637627,[PMAX - Strong Man - NR],PERFORMANCE_MAX,2025-09-07,9927,7337,1.3530053155240562,16.312177,3,119.0
GERAL,GERAL,22962637627,[PMAX - Strong Man - NR],PERFORMANCE_MAX,2025-09-08,5204,4434,1.1736580965268382,9.690596,4,94.0
GERAL,GERAL,22962637627,[PMAX - Strong Man - NR],PERFORMANCE_MAX,2025-09-09,5439,4672,1.1641695205479452,9.288069,2,90.0
GERAL,GERAL,22962637627,[PMAX - Strong Man - NR],PERFORMANCE_MAX,2025-09-10,14996,11610,1.2916451335055987,29.977759,4,222.0
GERAL,GERAL,22962637627,[PMAX - Strong Man - NR],PERFORMANCE_MAX,2025-09-11,12374,9676,1.2788342290202563,20.991569,0,140.0
GERAL,GERAL,22962637627,[PMAX - Strong Man - NR],PERFORMANCE_MAX,2025-09-12,18594,13497,1.3776394754389865,32.073527,1,239.0
GERAL,GERAL,22962637627,[PMAX - Strong Man - NR],PERFORMANCE_MAX,2025-09-13,17869,13192,1.3545330503335355,31.978956,2,240.0
GERAL,GERAL,22962637627,[PMAX - Strong Man - NR],PERFORMANCE_MAX,2025-09-14,14549,10951,1.3285544699114236,25.033731,1,205.0
GERAL,GERAL,22962637627,[PMAX - Strong Man - NR],PERFORMANCE_MAX,2025-09-15,20202,13516,1.4946729801716485,38.645093,7,207.0
GERAL,GERAL,22962637627,[PMAX - Strong Man - NR],PERFORMANCE_MAX,2025-09-16,15712,11582,1.3565878086686238,26.305914,2,166.0
GERAL,GERAL,22962637627,[PMAX - Strong Man - NR],PERFORMANCE_MAX,2025-09-17,17712,12510,1.4158273381294963,32.088852,8,283.0
GERAL,GERAL,22962637627,[PMAX - Strong Man - NR],PERFORMANCE_MAX,2025-09-18,10544,8075,1.3057585139318886,19.878624,0,178.0
GERAL,GERAL,22968796056,[PMAX - Emporio Du Homem - NR],PERFORMANCE_MAX,2025-09-04,22789,16868,1.3510196822385583,122.68395,81,332.0
GERAL,GERAL,22968796056,[PMAX - Emporio Du Homem - NR],PERFORMANCE_MAX,2025-09-05,6207,5167,1.2012773369460035,57.935835,35,151.0
GERAL,GERAL,22968796056,[PMAX - Emporio Du Homem - NR],PERFORMANCE_MAX,2025-09-06,6437,5394,1.193362995921394,31.643129,40,143.0
GERAL,GERAL,22968796056,[PMAX - Emporio Du Homem - NR],PERFORMANCE_MAX,2025-09-07,6015,4872,1.2346059113300492,26.781781,53,124.0
GERAL,GERAL,22968796056,[PMAX - Emporio Du Homem - NR],PERFORMANCE_MAX,2025-09-08,2966,2514,1.1797931583134447,9.277805,25,73.0
GERAL,GERAL,22968796056,[PMAX - Emporio Du Homem - NR],PERFORMANCE_MAX,2025-09-09,3943,3232,1.2199876237623761,10.425637,19,108.0
GERAL,GERAL,22968796056,[PMAX - Emporio Du Homem - NR],PERFORMANCE_MAX,2025-09-10,8622,6944,1.241647465437788,29.988234,21,133.0
GERAL,GERAL,22968796056,[PMAX - Emporio Du Homem - NR],PERFORMANCE_MAX,2025-09-11,8683,7217,1.2031314950810585,30.539761,21,177.0
GERAL,GERAL,22968796056,[PMAX - Emporio Du Homem - NR],PERFORMANCE_MAX,2025-09-12,8263,6762,1.2219757468204673,31.355452,31,131.0
GERAL,GERAL,22968796056,[PMAX - Emporio Du Homem - NR],PERFORMANCE_MAX,2025-09-13,9612,7321,1.3129353913399808,33.274053,42,168.0
GERAL,GERAL,22968796056,[PMAX - Emporio Du Homem - NR],PERFORMANCE_MAX,2025-09-14,8206,6740,1.2175074183976262,31.095106,59,170.0
GERAL,GERAL,22968796056,[PMAX - Emporio Du Homem - NR],PERFORMANCE_MAX,2025-09-15,9737,7535,1.2922362309223623,37.646482,29,153.0
GERAL,GERAL,22968796056,[PMAX - Emporio Du Homem - NR],PERFORMANCE_MAX,2025-09-16,10096,7904,1.277327935222672,32.877939,26,167.0
GERAL,GERAL,22968796056,[PMAX - Emporio Du Homem - NR],PERFORMANCE_MAX,2025-09-17,8551,6978,1.2254227572370306,37.422691,19,176.0
GERAL,GERAL,22968796056,[PMAX - Emporio Du Homem - NR],PERFORMANCE_MAX,2025-09-18,9483,7597,1.2482558904830854,37.751799,45,203.0
GERAL,GERAL,22968796056,[PMAX - Emporio Du Homem - NR],PERFORMANCE_MAX,2025-09-19,8647,7119,1.214636887203259,33.131223,34,236.0
GERAL,GERAL,22968796056,[PMAX - Emporio Du Homem - NR],PERFORMANCE_MAX,2025-09-20,9503,7404,1.2834954078876284,33.197931,23,243.0
GERAL,GERAL,22968796056,[PMAX - Emporio Du Homem - NR],PERFORMANCE_MAX,2025-09-21,6495,5124,1.2675644028103044,25.776524,46,141.0
GERAL,GERAL,22968796056,[PMAX - Emporio Du Homem - NR],PERFORMANCE_MAX,2025-09-22,2326,2032,1.1446850393700787,8.077607,9,40.0
GERAL,GERAL,22977110379,[PMAX - Churras - NR],PERFORMANCE_MAX,2025-09-04,29145,22398,1.3012322528797213,100.332798,18,419.0
GERAL,GERAL,22977110379,[PMAX - Churras - NR],PERFORMANCE_MAX,2025-09-05,13881,10531,1.3181084417434241,48.717364,9,266.0
GERAL,GERAL,22977110379,[PMAX - Churras - NR],PERFORMANCE_MAX,2025-09-06,3047,2488,1.2246784565916398,28.796972,59,142.0
GERAL,GERAL,22977110379,[PMAX - Churras - NR],PERFORMANCE_MAX,2025-09-07,10530,8371,1.2579142276908375,32.35411,10,145.0
GERAL,GERAL,22977110379,[PMAX - Churras - NR],PERFORMANCE_MAX,2025-09-08,3074,2738,1.122717311906501,10.025668,18,69.0
GERAL,GERAL,22977110379,[PMAX - Churras - NR],PERFORMANCE_MAX,2025-09-09,4087,3477,1.1754385964912282,9.996077,4,79.0
GERAL,GERAL,22977110379,[PMAX - Churras - NR],PERFORMANCE_MAX,2025-09-10,3994,3513,1.1369200113862796,10.927063,13,88.0
GERAL,GERAL,22977110379,[PMAX - Churras - NR],PERFORMANCE_MAX,2025-09-11,6185,5438,1.1373666789260757,14.869654,3,85.0
GERAL,GERAL,22977110379,[PMAX - Churras - NR],PERFORMANCE_MAX,2025-09-12,5864,5032,1.1653418124006358,14.556121,12,83.0
GERAL,GERAL,22977110379,[PMAX - Churras - NR],PERFORMANCE_MAX,2025-09-13,6219,5212,1.193207981580967,16.439331,23,119.0
GERAL,GERAL,22977110379,[PMAX - Churras - NR],PERFORMANCE_MAX,2025-09-14,5613,4781,1.1740221710939134,12.391017,13,84.0
GERAL,GERAL,22977110379,[PMAX - Churras - NR],PERFORMANCE_MAX,2025-09-15,7653,6216,1.231177606177606,18.694451,14,84.0
GERAL,GERAL,22977110379,[PMAX - Churras - NR],PERFORMANCE_MAX,2025-09-16,6229,5286,1.178395762391222,13.716661,10,60.0
GERAL,GERAL,22977110379,[PMAX - Churras - NR],PERFORMANCE_MAX,2025-09-17,5733,4866,1.1781750924784218,17.892134,18,123.0
GERAL,GERAL,22977110379,[PMAX - Churras - NR],PERFORMANCE_MAX,2025-09-18,4718,4068,1.1597836774827925,12.599805,17,81.0
GERAL,GERAL,22977110379,[PMAX - Churras - NR],PERFORMANCE_MAX,2025-09-19,6445,5334,1.208286464191976,16.765458,8,126.0
GERAL,GERAL,22977110379,[PMAX - Churras - NR],PERFORMANCE_MAX,2025-09-20,4227,3703,1.1415068863083986,13.446174,27,104.0
GERAL,GERAL,22977110379,[PMAX - Churras - NR],PERFORMANCE_MAX,2025-09-21,4254,3593,1.1839688282772056,9.827618,6,58.0
GERAL,GERAL,22977110379,[PMAX - Churras - NR],PERFORMANCE_MAX,2025-09-22,8227,6584,1.2495443499392467,23.263519,10,141.0
GERAL,GERAL,22977110379,[PMAX - Churras - NR],PERFORMANCE_MAX,2025-09-23,8976,7337,1.2233883058470765,14.881708,13,147.0
GERAL,GERAL,22977110379,[PMAX - Churras - NR],PERFORMANCE_MAX,2025-09-24,7987,6555,1.2184591914569032,14.968474,16,144.0
GERAL,GERAL,22977110379,[PMAX - Churras - NR],PERFORMANCE_MAX,2025-09-25,8151,6757,1.2063045730353708,15.339605,9,175.0
GERAL,GERAL,22977110379,[PMAX - Churras - NR],PERFORMANCE_MAX,2025-09-26,7871,6490,1.212788906009245,14.525189,14,177.0
GERAL,GERAL,22977110379,[PMAX - Churras - NR],PERFORMANCE_MAX,2025-09-27,7763,6334,1.2256078307546574,15.008902,15,193.0
GERAL,GERAL,22977110379,[PMAX - Churras - NR],PERFORMANCE_MAX,2025-09-28,5687,4763,1.1939953810623556,10.470881,22,122.0
GERAL,GERAL,22977110379,[PMAX - Churras - NR],PERFORMANCE_MAX,2025-09-29,5717,4908,1.164832925835371,9.956481,15,120.0
GERAL,GERAL,22977110379,[PMAX - Churras - NR],PERFORMANCE_MAX,2025-09-30,5899,4989,1.1824012828222088,10.044792,7,122.0
GERAL,GERAL,22977110379,[PMAX - Churras - NR],PERFORMANCE_MAX,2025-10-01,6389,5369,1.1899795120134102,9.789612,7,107.0
GERAL,GERAL,22977110379,[PMAX - Churras - NR],PERFORMANCE_MAX,2025-10-02,4005,3427,1.1686606361248906,7.436735,2,83.0
GERAL,GERAL,22977110379,[PMAX - Churras - NR],PERFORMANCE_MAX,2025-10-03,5049,4387,1.150900387508548,11.080264,8,131.0
GERAL,GERAL,22977110379,[PMAX - Churras - NR],PERFORMANCE_MAX,2025-10-04,6044,5156,1.1722265321955003,11.643234,6,131.0
GERAL,GERAL,22977110379,[PMAX - Churras - NR],PERFORMANCE_MAX,2025-10-05,4546,3850,1.1807792207792207,8.515546,9,77.0
GERAL,GERAL,22977110379,[PMAX - Churras - NR],PERFORMANCE_MAX,2025-10-06,5309,4579,1.1594234549028173,12.429222,4,77.0
GERAL,GERAL,22977110379,[PMAX - Churras - NR],PERFORMANCE_MAX,2025-10-07,4518,3937,1.1475742951485903,9.942657,8,114.0
GERAL,GERAL,22977110379,[PMAX - Churras - NR],PERFORMANCE_MAX,2025-10-08,5057,4381,1.1543026706231454,10.031008,4,100.0
GERAL,GERAL,22977110379,[PMAX - Churras - NR],PERFORMANCE_MAX,2025-10-09,4366,3886,1.123520329387545,9.189317,11,112.0
GERAL,GERAL,22977110379,[PMAX - Churras - NR],PERFORMANCE_MAX,2025-10-10,4921,4275,1.1511111111111112,11.422906,7,130.0
GERAL,GERAL,22977110379,[PMAX - Churras - NR],PERFORMANCE_MAX,2025-10-11,5021,4311,1.1646949663651125,10.605645,12,141.0
GERAL,GERAL,22977110379,[PMAX - Churras - NR],PERFORMANCE_MAX,2025-10-12,3420,2984,1.146112600536193,7.39757,21,84.0
GERAL,GERAL,22977110379,[PMAX - Churras - NR],PERFORMANCE_MAX,2025-10-13,4552,3815,1.1931847968545217,10.784883,6,64.0
GERAL,GERAL,22977110379,[PMAX - Churras - NR],PERFORMANCE_MAX,2025-10-14,5277,4476,1.1789544235924934,11.321977,5,100.0
GERAL,GERAL,22977110379,[PMAX - Churras - NR],PERFORMANCE_MAX,2025-10-15,5164,4464,1.156810035842294,11.232659,13,111.0
GERAL,GERAL,22977110379,[PMAX - Churras - NR],PERFORMANCE_MAX,2025-10-16,4731,4155,1.1386281588447653,9.807002,5,93.0
GERAL,GERAL,22977110379,[PMAX - Churras - NR],PERFORMANCE_MAX,2025-10-17,4787,4191,1.1422094965402052,9.866876,2,115.0
GERAL,GERAL,22977110379,[PMAX - Churras - NR],PERFORMANCE_MAX,2025-10-18,4555,4075,1.1177914110429448,10.034473,19,142.0
GERAL,GERAL,22977110379,[PMAX - Churras - NR],PERFORMANCE_MAX,2025-10-19,3038,2639,1.1511936339522546,6.4793,9,67.0
GERAL,GERAL,22977110379,[PMAX - Churras - NR],PERFORMANCE_MAX,2025-10-20,4090,3601,1.1357956123299084,11.448469,7,80.0
GERAL,GERAL,22977110379,[PMAX - Churras - NR],PERFORMANCE_MAX,2025-10-21,5199,4466,1.1641289744738021,11.001608,11,117.0
GERAL,GERAL,22977110379,[PMAX - Churras - NR],PERFORMANCE_MAX,2025-10-22,4989,4305,1.1588850174216028,9.620098,13,131.0
GERAL,GERAL,22977110379,[PMAX - Churras - NR],PERFORMANCE_MAX,2025-10-23,5207,4557,1.1426377002413868,9.993363,10,95.0
GERAL,GERAL,22977110379,[PMAX - Churras - NR],PERFORMANCE_MAX,2025-10-24,4995,4378,1.1409319323892189,9.756688,12,136.0
GERAL,GERAL,22977110379,[PMAX - Churras - NR],PERFORMANCE_MAX,2025-10-25,4453,3851,1.156323032978447,9.38275,26,160.0
GERAL,GERAL,22977110379,[PMAX - Churras - NR],PERFORMANCE_MAX,2025-10-26,4219,3702,1.1396542409508374,10.088966,36,112.0
GERAL,GERAL,22977110379,[PMAX - Churras - NR],PERFORMANCE_MAX,2025-10-27,3789,3318,1.1419529837251357,8.053061,13,87.0
GERAL,GERAL,22977110379,[PMAX - Churras - NR],PERFORMANCE_MAX,2025-10-28,5126,4434,1.156066756878665,10.933773,18,138.0
GERAL,GERAL,22977110379,[PMAX - Churras - NR],PERFORMANCE_MAX,2025-10-29,3272,2831,1.1557753444012717,6.927229,1,81.0
GERAL,GERAL,22987516279,[PMAX - Aniversário NK - Blues],PERFORMANCE_MAX,2025-09-04,6591,4797,1.3739837398373984,70.697232,21,233.0
GERAL,GERAL,22987516279,[PMAX - Aniversário NK - Blues],PERFORMANCE_MAX,2025-09-05,10712,7366,1.454249253326093,183.318447,57,479.0
GERAL,GERAL,22987516279,[PMAX - Aniversário NK - Blues],PERFORMANCE_MAX,2025-09-06,7185,5121,1.403046280023433,147.033059,40,479.0
GERAL,GERAL,22987516279,[PMAX - Aniversário NK - Blues],PERFORMANCE_MAX,2025-09-07,7176,4993,1.43721209693571,100.016912,54,403.0
GERAL,GERAL,22987516279,[PMAX - Aniversário NK - Blues],PERFORMANCE_MAX,2025-09-08,2347,1812,1.2952538631346577,33.179873,9,76.0
GERAL,GERAL,22987516279,[PMAX - Aniversário NK - Blues],PERFORMANCE_MAX,2025-09-09,5013,3825,1.3105882352941176,31.430434,19,244.0
GERAL,GERAL,22987516279,[PMAX - Aniversário NK - Blues],PERFORMANCE_MAX,2025-09-10,8230,6043,1.3619063379116334,61.662113,27,382.0
GERAL,GERAL,22987516279,[PMAX - Aniversário NK - Blues],PERFORMANCE_MAX,2025-09-11,6051,4483,1.3497657818425162,53.329081,16,259.0
GERAL,GERAL,23005562075,[PMAX - Festival do Morango - NR],PERFORMANCE_MAX,2025-09-10,7312,6299,1.1608191776472456,30.375218,16,138.0
GERAL,GERAL,23005562075,[PMAX - Festival do Morango - NR],PERFORMANCE_MAX,2025-09-11,6785,5727,1.1847389558232932,24.196754,10,134.0
GERAL,GERAL,23005562075,[PMAX - Festival do Morango - NR],PERFORMANCE_MAX,2025-09-12,5375,4164,1.2908261287223823,33.945348,29,158.0
GERAL,GERAL,23005562075,[PMAX - Festival do Morango - NR],PERFORMANCE_MAX,2025-09-13,5675,4658,1.2183340489480463,35.622662,26,186.0
GERAL,GERAL,23005562075,[PMAX - Festival do Morango - NR],PERFORMANCE_MAX,2025-09-14,9739,7507,1.2973224990009324,30.670616,6,112.0
GERAL,GERAL,23005562075,[PMAX - Festival do Morango - NR],PERFORMANCE_MAX,2025-09-15,7201,6082,1.1839855310753042,30.871711,14,110.0
GERAL,GERAL,23005562075,[PMAX - Festival do Morango - NR],PERFORMANCE_MAX,2025-09-16,5798,4877,1.188845601804388,27.283591,25,118.0
GERAL,GERAL,23005562075,[PMAX - Festival do Morango - NR],PERFORMANCE_MAX,2025-09-17,10032,7769,1.2912858797786073,35.032482,19,169.0
GERAL,GERAL,23005562075,[PMAX - Festival do Morango - NR],PERFORMANCE_MAX,2025-09-18,7414,6144,1.2067057291666667,31.010142,13,151.0
GERAL,GERAL,23005562075,[PMAX - Festival do Morango - NR],PERFORMANCE_MAX,2025-09-19,7040,6012,1.1709913506320693,30.451566,35,212.0
GERAL,GERAL,23005562075,[PMAX - Festival do Morango - NR],PERFORMANCE_MAX,2025-09-20,7739,6419,1.2056395077114814,30.756501,56,244.0
GERAL,GERAL,23005562075,[PMAX - Festival do Morango - NR],PERFORMANCE_MAX,2025-09-21,9221,7746,1.1904208623805834,30.228927,50,220.0
GERAL,GERAL,23026477585,[ALC - Star Beatles - NK],VIDEO,2025-09-15,1674,1167,1.4747215081405314,7.11885,6,4.0
GERAL,GERAL,23026477585,[ALC - Star Beatles - NK],VIDEO,2025-09-16,9432,8110,1.2877928483353884,32.300167,15,18.0
GERAL,GERAL,23026477585,[ALC - Star Beatles - NK],VIDEO,2025-09-17,8717,7707,1.2339431685480733,32.227484,18,29.0
GERAL,GERAL,23026477585,[ALC - Star Beatles - NK],VIDEO,2025-09-18,8891,8055,1.2079453755431409,32.203675,20,30.0
GERAL,GERAL,23026477585,[ALC - Star Beatles - NK],VIDEO,2025-09-19,7877,6727,1.2509290917199345,32.139213,18,17.0
GERAL,GERAL,23026477585,[ALC - Star Beatles - NK],VIDEO,2025-09-20,7931,6707,1.2510809601908455,32.104408,19,23.0
GERAL,GERAL,23026477585,[ALC - Star Beatles - NK],VIDEO,2025-09-21,8549,7055,1.2824946846208363,32.119699,16,16.0
GERAL,GERAL,23032102258,[ALC - Mileninha - CS],VIDEO,2025-09-17,4202,2732,1.5951683748169838,18.2352,13,7.0
GERAL,GERAL,23032102258,[ALC - Mileninha - CS],VIDEO,2025-09-18,4803,4577,1.1306532663316582,18.178274,7,4.0
GERAL,GERAL,23032102258,[ALC - Mileninha - CS],VIDEO,2025-09-19,4896,4933,1.0869653354956417,18.207948,11,8.0
GERAL,GERAL,23032102258,[ALC - Mileninha - CS],VIDEO,2025-09-20,5383,5374,1.0976925939709714,18.188593,6,8.0
GERAL,GERAL,23032102258,[ALC - Mileninha - CS],VIDEO,2025-09-21,5737,5450,1.1566972477064221,18.193695,14,9.0
GERAL,GERAL,23032102258,[ALC - Mileninha - CS],VIDEO,2025-09-22,4940,4572,1.1581364829396326,18.219279,14,8.0
GERAL,GERAL,23032102258,[ALC - Mileninha - CS],VIDEO,2025-09-23,4974,4542,1.1624834874504624,18.183705,16,9.0
GERAL,GERAL,23032102258,[ALC - Mileninha - CS],VIDEO,2025-09-24,4477,4181,1.1370485529777565,18.224207,16,7.0
GERAL,GERAL,23032102258,[ALC - Mileninha - CS],VIDEO,2025-09-25,4894,4582,1.142514185945002,18.325996,17,8.0
GERAL,GERAL,23032102258,[ALC - Mileninha - CS],VIDEO,2025-09-26,4987,4696,1.1382027257240204,18.269494,12,12.0
GERAL,GERAL,23032102258,[ALC - Mileninha - CS],VIDEO,2025-09-27,4969,4724,1.1327265029635902,18.336004,11,7.0
GERAL,GERAL,23042373249,[DISPLAY - GIFTCARD - CS],DISPLAY,2025-10-10,1849,1162,1.5912220309810672,73.385765,90,2.0
GERAL,GERAL,23042373249,[DISPLAY - GIFTCARD - CS],DISPLAY,2025-10-11,1290,810,1.5925925925925926,77.957444,76,2.0
GERAL,GERAL,23042373249,[DISPLAY - GIFTCARD - CS],DISPLAY,2025-10-12,2668,1546,1.725743855109961,77.166931,183,7.0
GERAL,GERAL,23042373249,[DISPLAY - GIFTCARD - CS],DISPLAY,2025-10-13,1572,725,2.1682758620689655,80.407112,107,5.0
GERAL,GERAL,23042373249,[DISPLAY - GIFTCARD - CS],DISPLAY,2025-10-14,479,276,1.7355072463768115,73.952264,43,1.0
GERAL,GERAL,23042373249,[DISPLAY - GIFTCARD - CS],DISPLAY,2025-10-15,1941,1102,1.7613430127041743,79.455212,104,1.0
GERAL,GERAL,23042373249,[DISPLAY - GIFTCARD - CS],DISPLAY,2025-10-16,3643,1991,1.8297338021094927,66.379165,131,9.0
GERAL,GERAL,23042373249,[DISPLAY - GIFTCARD - CS],DISPLAY,2025-10-17,2516,1365,1.8432234432234431,74.872066,120,1.0
GERAL,GERAL,23042373249,[DISPLAY - GIFTCARD - CS],DISPLAY,2025-10-18,3849,2023,1.902619871478003,75.992758,179,15.0
GERAL,GERAL,23042373249,[DISPLAY - GIFTCARD - CS],DISPLAY,2025-10-19,3413,1927,1.7711468604047742,73.351875,144,6.0
GERAL,GERAL,23042373249,[DISPLAY - GIFTCARD - CS],DISPLAY,2025-10-20,2796,1163,2.404127257093723,45.900375,104,7.0
GERAL,GERAL,23042373249,[DISPLAY - GIFTCARD - CS],DISPLAY,2025-10-21,2919,1262,2.3129952456418383,40.289659,76,3.0
GERAL,GERAL,23042373249,[DISPLAY - GIFTCARD - CS],DISPLAY,2025-10-22,3661,1605,2.2809968847352025,28.533492,49,13.0
GERAL,GERAL,23042373249,[DISPLAY - GIFTCARD - CS],DISPLAY,2025-10-23,3975,2037,1.95139911634757,32.019004,75,35.0
GERAL,GERAL,23042373249,[DISPLAY - GIFTCARD - CS],DISPLAY,2025-10-24,3114,1656,1.8804347826086956,30.88842,76,19.0
GERAL,GERAL,23042373249,[DISPLAY - GIFTCARD - CS],DISPLAY,2025-10-25,5366,2844,1.8867791842475388,32.252277,104,36.0
GERAL,GERAL,23042373249,[DISPLAY - GIFTCARD - CS],DISPLAY,2025-10-26,3293,1849,1.7809626825310978,29.574324,103,3.0
GERAL,GERAL,23042373249,[DISPLAY - GIFTCARD - CS],DISPLAY,2025-10-27,5168,2439,2.1189011890118903,30.048159,85,13.0
GERAL,GERAL,23042373249,[DISPLAY - GIFTCARD - CS],DISPLAY,2025-10-28,5675,2443,2.3229635693819075,28.698553,111,6.0
GERAL,GERAL,23042373249,[DISPLAY - GIFTCARD - CS],DISPLAY,2025-10-29,5340,2953,1.8083305113443955,30.226305,168,4.0
GERAL,GERAL,23042373249,[DISPLAY - GIFTCARD - CS],DISPLAY,2025-10-30,5054,2639,1.9151193633952255,29.442488,123,1.0
GERAL,GERAL,23042373249,[DISPLAY - GIFTCARD - CS],DISPLAY,2025-10-31,6539,3484,1.876865671641791,29.5612,172,10.0
GERAL,GERAL,23042373249,[DISPLAY - GIFTCARD - CS],DISPLAY,2025-11-01,7001,3731,1.8764406325381935,31.957838,257,12.0
GERAL,GERAL,23042373249,[DISPLAY - GIFTCARD - CS],DISPLAY,2025-11-02,6111,3270,1.8779816513761467,26.917119,218,9.0
GERAL,GERAL,23042373249,[DISPLAY - GIFTCARD - CS],DISPLAY,2025-11-03,7995,4155,1.9249097472924188,33.666167,262,36.0
GERAL,GERAL,23042373249,[DISPLAY - GIFTCARD - CS],DISPLAY,2025-11-04,6437,3091,2.0834681332901974,31.131599,267,16.0
GERAL,GERAL,23042373249,[DISPLAY - GIFTCARD - CS],DISPLAY,2025-11-05,1674,730,2.293150684931507,6.645385,55,2.0
GERAL,GERAL,23042375970,[DISPLAY - GIFTCARD - BS],DISPLAY,2025-10-09,1800,1011,1.7804154302670623,49.483545,133,3.0
GERAL,GERAL,23042375970,[DISPLAY - GIFTCARD - BS],DISPLAY,2025-10-10,2135,1250,1.708,71.340476,167,9.007351
GERAL,GERAL,23042375970,[DISPLAY - GIFTCARD - BS],DISPLAY,2025-10-11,2310,1371,1.6849015317286653,75.554312,146,11.0
GERAL,GERAL,23042375970,[DISPLAY - GIFTCARD - BS],DISPLAY,2025-10-12,1904,1103,1.7262012692656392,78.867156,168,7.0
GERAL,GERAL,23042375970,[DISPLAY - GIFTCARD - BS],DISPLAY,2025-10-13,714,299,2.387959866220736,78.259676,69,2.0
GERAL,GERAL,23042375970,[DISPLAY - GIFTCARD - BS],DISPLAY,2025-10-14,447,240,1.8625,77.966944,74,2.0
GERAL,GERAL,23042375970,[DISPLAY - GIFTCARD - BS],DISPLAY,2025-10-15,1215,709,1.7136812411847673,75.590256,99,2.0
GERAL,GERAL,23042375970,[DISPLAY - GIFTCARD - BS],DISPLAY,2025-10-16,920,462,1.9913419913419914,73.436118,103,93.02346
GERAL,GERAL,23042375970,[DISPLAY - GIFTCARD - BS],DISPLAY,2025-10-17,2026,1143,1.7725284339457568,75.71612,174,10.995745
GERAL,GERAL,23042375970,[DISPLAY - GIFTCARD - BS],DISPLAY,2025-10-18,3446,1652,2.085956416464891,70.390023,164,23.999661
GERAL,GERAL,23042375970,[DISPLAY - GIFTCARD - BS],DISPLAY,2025-10-19,3298,1718,1.919674039580908,41.13295,148,16.0
GERAL,GERAL,23042375970,[DISPLAY - GIFTCARD - BS],DISPLAY,2025-10-20,2748,1512,1.8167989417989419,37.691042,149,31.0
GERAL,GERAL,23042375970,[DISPLAY - GIFTCARD - BS],DISPLAY,2025-10-21,2927,1599,1.8305190744215134,31.67617,135,13.0
GERAL,GERAL,23042375970,[DISPLAY - GIFTCARD - BS],DISPLAY,2025-10-22,1697,1037,1.6364513018322082,29.276817,94,18.0
GERAL,GERAL,23042375970,[DISPLAY - GIFTCARD - BS],DISPLAY,2025-10-23,3398,1938,1.7533539731682146,31.581125,122,53.0
GERAL,GERAL,23042375970,[DISPLAY - GIFTCARD - BS],DISPLAY,2025-10-24,2033,1189,1.7098402018502943,28.610687,97,14.0
GERAL,GERAL,23042375970,[DISPLAY - GIFTCARD - BS],DISPLAY,2025-10-25,2193,1014,2.162721893491124,31.020593,108,12.0
GERAL,GERAL,23042375970,[DISPLAY - GIFTCARD - BS],DISPLAY,2025-10-26,3841,1989,1.931121166415284,30.874459,125,14.0
GERAL,GERAL,23042375970,[DISPLAY - GIFTCARD - BS],DISPLAY,2025-10-27,4573,2246,2.0360641139804097,30.985711,139,14.0
GERAL,GERAL,23042375970,[DISPLAY - GIFTCARD - BS],DISPLAY,2025-10-28,5861,2717,2.1571586308428414,34.269748,180,26.0
GERAL,GERAL,23042375970,[DISPLAY - GIFTCARD - BS],DISPLAY,2025-10-29,4409,2202,2.002270663033606,28.231572,160,18.0
GERAL,GERAL,23042375970,[DISPLAY - GIFTCARD - BS],DISPLAY,2025-10-30,3686,1924,1.9158004158004158,29.149266,131,20.0
GERAL,GERAL,23042375970,[DISPLAY - GIFTCARD - BS],DISPLAY,2025-10-31,5291,3013,1.7560570859608364,26.320734,213,15.0
GERAL,GERAL,23042375970,[DISPLAY - GIFTCARD - BS],DISPLAY,2025-11-01,5769,2835,2.03668430335097,30.160903,246,37.0
GERAL,GERAL,23042375970,[DISPLAY - GIFTCARD - BS],DISPLAY,2025-11-02,5257,2464,2.135551948051948,12.776969,198,123.0
GERAL,GERAL,23042375970,[DISPLAY - GIFTCARD - BS],DISPLAY,2025-11-03,8180,3974,2.0598892803220936,47.784637,253,28.0
GERAL,GERAL,23042375970,[DISPLAY - GIFTCARD - BS],DISPLAY,2025-11-04,5148,2089,2.464337003350886,31.964297,105,13.0
GERAL,GERAL,23042375970,[DISPLAY - GIFTCARD - BS],DISPLAY,2025-11-05,238,157,1.5222929936305734,0.876231,5,1.0
GERAL,GERAL,23042403033,[DISPLAY - GIFTCARD - NK],DISPLAY,2025-10-10,2338,1174,1.991482112436116,82.682204,106,2.0
GERAL,GERAL,23042403033,[DISPLAY - GIFTCARD - NK],DISPLAY,2025-10-11,2594,1206,2.1509121061359866,77.386219,126,56.0
GERAL,GERAL,23042403033,[DISPLAY - GIFTCARD - NK],DISPLAY,2025-10-12,2734,1726,1.5840092699884125,78.365878,176,7.0
GERAL,GERAL,23042403033,[DISPLAY - GIFTCARD - NK],DISPLAY,2025-10-13,1560,611,2.5531914893617023,72.057628,86,6.0
GERAL,GERAL,23042403033,[DISPLAY - GIFTCARD - NK],DISPLAY,2025-10-14,1709,886,1.9288939051918736,78.210094,117,3.0
GERAL,GERAL,23042403033,[DISPLAY - GIFTCARD - NK],DISPLAY,2025-10-15,2728,1496,1.8235294117647058,70.809482,144,8.0
GERAL,GERAL,23042403033,[DISPLAY - GIFTCARD - NK],DISPLAY,2025-10-16,3151,1507,2.090909090909091,77.031644,192,20.0
GERAL,GERAL,23042403033,[DISPLAY - GIFTCARD - NK],DISPLAY,2025-10-17,1633,936,1.7446581196581197,76.098936,105,1.0
GERAL,GERAL,23042403033,[DISPLAY - GIFTCARD - NK],DISPLAY,2025-10-18,1135,666,1.7042042042042043,76.645171,86,5.0
GERAL,GERAL,23042403033,[DISPLAY - GIFTCARD - NK],DISPLAY,2025-10-19,3600,1819,1.9791094007696537,72.703482,157,3.0
GERAL,GERAL,23042403033,[DISPLAY - GIFTCARD - NK],DISPLAY,2025-10-20,1614,907,1.7794928335170892,38.38151,65,2.0
GERAL,GERAL,23042403033,[DISPLAY - GIFTCARD - NK],DISPLAY,2025-10-21,2772,1503,1.844311377245509,42.455392,82,3.0
GERAL,GERAL,23042403033,[DISPLAY - GIFTCARD - NK],DISPLAY,2025-10-22,850,526,1.6159695817490494,30.456336,48,1.0
GERAL,GERAL,23042403033,[DISPLAY - GIFTCARD - NK],DISPLAY,2025-10-23,4779,2378,2.009671993271657,30.328272,153,8.0
GERAL,GERAL,23042403033,[DISPLAY - GIFTCARD - NK],DISPLAY,2025-10-24,4405,2387,1.8454126518642648,30.384155,194,9.0
GERAL,GERAL,23042403033,[DISPLAY - GIFTCARD - NK],DISPLAY,2025-10-25,4207,2273,1.8508578970523537,30.308238,219,6.0
GERAL,GERAL,23042403033,[DISPLAY - GIFTCARD - NK],DISPLAY,2025-10-26,3726,2083,1.7887662025924147,29.019291,219,3.0
GERAL,GERAL,23042403033,[DISPLAY - GIFTCARD - NK],DISPLAY,2025-10-27,3670,2040,1.7990196078431373,27.978646,198,3.0
GERAL,GERAL,23042403033,[DISPLAY - GIFTCARD - NK],DISPLAY,2025-10-28,3734,2011,1.8567876678269517,31.138516,230,3.0
GERAL,GERAL,23042403033,[DISPLAY - GIFTCARD - NK],DISPLAY,2025-10-29,4769,2164,2.2037892791127542,29.219238,187,31.0
GERAL,GERAL,23042403033,[DISPLAY - GIFTCARD - NK],DISPLAY,2025-10-30,4500,2378,1.8923465096719934,30.003357,245,11.0
GERAL,GERAL,23042403033,[DISPLAY - GIFTCARD - NK],DISPLAY,2025-10-31,7561,4059,1.8627740822862775,31.335142,342,14.0
GERAL,GERAL,23042403033,[DISPLAY - GIFTCARD - NK],DISPLAY,2025-11-01,6320,2643,2.3916004540295117,31.817917,281,8.0
GERAL,GERAL,23042403033,[DISPLAY - GIFTCARD - NK],DISPLAY,2025-11-02,9527,4253,2.2410063484599108,31.545471,347,8.0
GERAL,GERAL,23042403033,[DISPLAY - GIFTCARD - NK],DISPLAY,2025-11-03,7974,3192,2.4990601503759398,31.833173,257,10.0
GERAL,GERAL,23042403033,[DISPLAY - GIFTCARD - NK],DISPLAY,2025-11-04,7861,3287,2.391542439914816,31.146762,286,19.0
GERAL,GERAL,23042403033,[DISPLAY - GIFTCARD - NK],DISPLAY,2025-11-05,1517,608,2.495065789473684,5.646818,57,1.0
GERAL,GERAL,23048088194,[DEMAND GEN - GIFTCARD - CS],DEMAND_GEN,2025-09-23,697,438,1.591324200913242,3.410566,41,1.0
GERAL,GERAL,23048088194,[DEMAND GEN - GIFTCARD - CS],DEMAND_GEN,2025-09-24,3936,3094,1.2721396250808015,62.073704,152,10.0
GERAL,GERAL,23048088194,[DEMAND GEN - GIFTCARD - CS],DEMAND_GEN,2025-09-25,2468,1656,1.4903381642512077,34.405231,71,1.0
GERAL,GERAL,23048088194,[DEMAND GEN - GIFTCARD - CS],DEMAND_GEN,2025-09-26,1365,1184,1.1528716216216217,28.481688,86,3.0
GERAL,GERAL,23048088194,[DEMAND GEN - GIFTCARD - CS],DEMAND_GEN,2025-09-27,1625,1297,1.2528912875867386,29.850017,102,1.0
GERAL,GERAL,23048088194,[DEMAND GEN - GIFTCARD - CS],DEMAND_GEN,2025-09-28,1149,728,1.5782967032967032,32.684209,99,2.0
GERAL,GERAL,23048088194,[DEMAND GEN - GIFTCARD - CS],DEMAND_GEN,2025-09-29,847,663,1.277526395173454,29.288767,70,3.0
GERAL,GERAL,23048088194,[DEMAND GEN - GIFTCARD - CS],DEMAND_GEN,2025-09-30,1130,901,1.2541620421753608,23.464918,58,1.0
GERAL,GERAL,23048088194,[DEMAND GEN - GIFTCARD - CS],DEMAND_GEN,2025-10-01,1295,1180,1.097457627118644,37.379129,62,0.0
GERAL,GERAL,23048088194,[DEMAND GEN - GIFTCARD - CS],DEMAND_GEN,2025-10-02,1323,1246,1.0617977528089888,34.315496,40,0.0
GERAL,GERAL,23048088194,[DEMAND GEN - GIFTCARD - CS],DEMAND_GEN,2025-10-03,1519,1432,1.0607541899441342,32.710045,43,0.0
GERAL,GERAL,23048088194,[DEMAND GEN - GIFTCARD - CS],DEMAND_GEN,2025-10-04,360,312,1.1538461538461537,7.224719,16,0.0
GERAL,GERAL,23048088194,[DEMAND GEN - GIFTCARD - CS],DEMAND_GEN,2025-10-05,1885,1546,1.2192755498059509,41.477871,103,9.0
GERAL,GERAL,23048088194,[DEMAND GEN - GIFTCARD - CS],DEMAND_GEN,2025-10-06,1521,1134,1.347442680776014,31.573215,74,5.0
GERAL,GERAL,23048088194,[DEMAND GEN - GIFTCARD - CS],DEMAND_GEN,2025-10-07,1231,862,1.4280742459396751,30.634822,71,3.0
GERAL,GERAL,23048088194,[DEMAND GEN - GIFTCARD - CS],DEMAND_GEN,2025-10-08,1064,619,1.7189014539579968,29.307819,73,2.0
GERAL,GERAL,23048088194,[DEMAND GEN - GIFTCARD - CS],DEMAND_GEN,2025-10-09,1298,1218,1.0656814449917897,36.656136,56,2.0
GERAL,GERAL,23048088194,[DEMAND GEN - GIFTCARD - CS],DEMAND_GEN,2025-10-10,7720,5662,1.363475803602967,48.066997,129,8.0
GERAL,GERAL,23048088194,[DEMAND GEN - GIFTCARD - CS],DEMAND_GEN,2025-10-11,9738,7186,1.3551349846924576,51.174696,328,42.0
GERAL,GERAL,23048088194,[DEMAND GEN - GIFTCARD - CS],DEMAND_GEN,2025-10-12,15368,10457,1.4696375633546905,39.653246,371,31.0
GERAL,GERAL,23048088194,[DEMAND GEN - GIFTCARD - CS],DEMAND_GEN,2025-10-13,4553,3827,1.1915338385158087,63.082084,131,8.0
GERAL,GERAL,23048088194,[DEMAND GEN - GIFTCARD - CS],DEMAND_GEN,2025-10-14,3784,3246,1.1657424522489217,53.322197,106,16.0
GERAL,GERAL,23048088194,[DEMAND GEN - GIFTCARD - CS],DEMAND_GEN,2025-10-15,5767,4490,1.2844097995545658,51.79553,140,40.0
GERAL,GERAL,23048088194,[DEMAND GEN - GIFTCARD - CS],DEMAND_GEN,2025-10-16,5747,3734,1.5391001606855919,45.959795,200,14.0
GERAL,GERAL,23048088194,[DEMAND GEN - GIFTCARD - CS],DEMAND_GEN,2025-10-17,4127,3397,1.2148954960259053,48.995792,130,26.0
GERAL,GERAL,23048088194,[DEMAND GEN - GIFTCARD - CS],DEMAND_GEN,2025-10-18,2123,1942,1.0932028836251286,50.887988,59,10.0
GERAL,GERAL,23048088194,[DEMAND GEN - GIFTCARD - CS],DEMAND_GEN,2025-10-19,2585,2372,1.0897976391231028,69.073296,67,10.0
GERAL,GERAL,23048088194,[DEMAND GEN - GIFTCARD - CS],DEMAND_GEN,2025-10-20,2483,2154,1.1527390900649954,58.716768,68,36.0
GERAL,GERAL,23048088194,[DEMAND GEN - GIFTCARD - CS],DEMAND_GEN,2025-10-21,2751,2353,1.169145771355716,38.697066,78,48.0
GERAL,GERAL,23048088194,[DEMAND GEN - GIFTCARD - CS],DEMAND_GEN,2025-10-22,1584,1295,1.223166023166023,33.298478,58,30.0
GERAL,GERAL,23048088194,[DEMAND GEN - GIFTCARD - CS],DEMAND_GEN,2025-10-23,3319,2503,1.3260087894526569,47.541389,69,119.0
GERAL,GERAL,23048088194,[DEMAND GEN - GIFTCARD - CS],DEMAND_GEN,2025-10-24,966,898,1.0757238307349666,39.309469,29,77.0
GERAL,GERAL,23048088194,[DEMAND GEN - GIFTCARD - CS],DEMAND_GEN,2025-10-25,1941,1636,1.1864303178484108,32.25142,44,75.0
GERAL,GERAL,23048088194,[DEMAND GEN - GIFTCARD - CS],DEMAND_GEN,2025-10-26,2000,1758,1.1376564277588168,38.805865,37,44.0
GERAL,GERAL,23048088194,[DEMAND GEN - GIFTCARD - CS],DEMAND_GEN,2025-10-27,1279,1129,1.132860938883968,35.934335,33,29.0
GERAL,GERAL,23048088194,[DEMAND GEN - GIFTCARD - CS],DEMAND_GEN,2025-10-28,590,523,1.1281070745697896,15.515721,13,3.0
GERAL,GERAL,23048088194,[DEMAND GEN - GIFTCARD - CS],DEMAND_GEN,2025-10-29,1460,1271,1.1487018095987411,25.693641,55,31.0
GERAL,GERAL,23048088194,[DEMAND GEN - GIFTCARD - CS],DEMAND_GEN,2025-10-30,1134,1004,1.1294820717131475,25.51133,42,8.0
GERAL,GERAL,23048088194,[DEMAND GEN - GIFTCARD - CS],DEMAND_GEN,2025-10-31,331,272,1.2169117647058822,6.606179,16,2.0
GERAL,GERAL,23048088194,[DEMAND GEN - GIFTCARD - CS],DEMAND_GEN,2025-11-01,2741,2448,1.1196895424836601,36.40476,83,13.0
GERAL,GERAL,23048088194,[DEMAND GEN - GIFTCARD - CS],DEMAND_GEN,2025-11-02,3001,2567,1.1690689520841449,31.37086,94,57.0
GERAL,GERAL,23048088194,[DEMAND GEN - GIFTCARD - CS],DEMAND_GEN,2025-11-03,2400,2070,1.1594202898550725,34.740166,62,17.0
GERAL,GERAL,23048088194,[DEMAND GEN - GIFTCARD - CS],DEMAND_GEN,2025-11-04,2486,1954,1.2722620266120779,33.570747,48,66.0
GERAL,GERAL,23048088194,[DEMAND GEN - GIFTCARD - CS],DEMAND_GEN,2025-11-05,1190,978,1.2167689161554192,18.063103,28,68.0
GERAL,GERAL,23048100173,[DEMAND GEN - GIFTCARD - BS],DEMAND_GEN,2025-09-25,4026,2692,1.4955423476968797,46.584798,118,14.0
GERAL,GERAL,23048100173,[DEMAND GEN - GIFTCARD - BS],DEMAND_GEN,2025-09-26,3090,2443,1.2648383135489152,62.018598,90,9.0
GERAL,GERAL,23048100173,[DEMAND GEN - GIFTCARD - BS],DEMAND_GEN,2025-09-27,3266,2196,1.4872495446265939,46.936626,105,9.0
GERAL,GERAL,23048100173,[DEMAND GEN - GIFTCARD - BS],DEMAND_GEN,2025-09-28,985,518,1.9015444015444016,30.104004,107,9.0
GERAL,GERAL,23048100173,[DEMAND GEN - GIFTCARD - BS],DEMAND_GEN,2025-09-29,756,599,1.2621035058430718,28.34693,69,12.0
GERAL,GERAL,23048100173,[DEMAND GEN - GIFTCARD - BS],DEMAND_GEN,2025-09-30,1810,1214,1.4909390444810544,26.218489,80,15.0
GERAL,GERAL,23048100173,[DEMAND GEN - GIFTCARD - BS],DEMAND_GEN,2025-10-01,1587,1394,1.1384505021520803,35.197787,63,2.0
GERAL,GERAL,23048100173,[DEMAND GEN - GIFTCARD - BS],DEMAND_GEN,2025-10-02,1390,927,1.499460625674218,28.212865,69,5.0
GERAL,GERAL,23048100173,[DEMAND GEN - GIFTCARD - BS],DEMAND_GEN,2025-10-03,957,496,1.9294354838709677,25.88301,76,5.0
GERAL,GERAL,23048100173,[DEMAND GEN - GIFTCARD - BS],DEMAND_GEN,2025-10-04,573,337,1.7002967359050445,16.702831,49,3.000339
GERAL,GERAL,23048100173,[DEMAND GEN - GIFTCARD - BS],DEMAND_GEN,2025-10-09,1189,663,1.7933634992458523,31.399296,97,3.0
GERAL,GERAL,23048100173,[DEMAND GEN - GIFTCARD - BS],DEMAND_GEN,2025-10-10,14958,8854,1.689405918229049,68.589076,247,11.0
GERAL,GERAL,23048100173,[DEMAND GEN - GIFTCARD - BS],DEMAND_GEN,2025-10-11,11762,8662,1.3578850150080812,58.226278,362,45.0
GERAL,GERAL,23048100173,[DEMAND GEN - GIFTCARD - BS],DEMAND_GEN,2025-10-12,15569,9944,1.5656677393403058,43.580619,387,42.0
GERAL,GERAL,23048100173,[DEMAND GEN - GIFTCARD - BS],DEMAND_GEN,2025-10-13,6408,4610,1.3900216919739696,28.899439,232,18.0
GERAL,GERAL,23048100173,[DEMAND GEN - GIFTCARD - BS],DEMAND_GEN,2025-10-14,3585,2535,1.4142011834319526,19.019046,135,7.0
GERAL,GERAL,23048100173,[DEMAND GEN - GIFTCARD - BS],DEMAND_GEN,2025-10-15,5503,3795,1.4500658761528327,21.581103,176,15.0
GERAL,GERAL,23048100173,[DEMAND GEN - GIFTCARD - BS],DEMAND_GEN,2025-10-16,21143,15865,1.3326820044122283,119.22828,677,64.0
GERAL,GERAL,23048100173,[DEMAND GEN - GIFTCARD - BS],DEMAND_GEN,2025-10-17,33090,20204,1.6377944961393784,118.232446,974,80.0
GERAL,GERAL,23048100173,[DEMAND GEN - GIFTCARD - BS],DEMAND_GEN,2025-10-18,26514,15981,1.659095175520931,80.748348,738,113.0
GERAL,GERAL,23048100173,[DEMAND GEN - GIFTCARD - BS],DEMAND_GEN,2025-10-19,22174,12649,1.7530239544628035,70.144883,623,100.0
GERAL,GERAL,23048100173,[DEMAND GEN - GIFTCARD - BS],DEMAND_GEN,2025-10-20,19277,11974,1.6099047937197262,69.777935,551,82.0
GERAL,GERAL,23048100173,[DEMAND GEN - GIFTCARD - BS],DEMAND_GEN,2025-10-21,9413,6457,1.4577977388880285,54.318917,273,96.0
GERAL,GERAL,23048100173,[DEMAND GEN - GIFTCARD - BS],DEMAND_GEN,2025-10-22,3407,2381,1.4309113817723647,34.287655,73,34.0
GERAL,GERAL,23048100173,[DEMAND GEN - GIFTCARD - BS],DEMAND_GEN,2025-10-23,3106,2486,1.249396621078037,39.495505,81,78.0
GERAL,GERAL,23048100173,[DEMAND GEN - GIFTCARD - BS],DEMAND_GEN,2025-10-24,6301,4453,1.4150011228385357,28.28612,139,89.0
GERAL,GERAL,23048100173,[DEMAND GEN - GIFTCARD - BS],DEMAND_GEN,2025-10-25,4974,3646,1.3642347778387274,28.305287,123,84.0
GERAL,GERAL,23048100173,[DEMAND GEN - GIFTCARD - BS],DEMAND_GEN,2025-10-26,2997,2207,1.3579519710013592,28.279594,89,31.0
GERAL,GERAL,23048100173,[DEMAND GEN - GIFTCARD - BS],DEMAND_GEN,2025-10-27,5674,4054,1.399605328071041,37.653485,148,94.0
GERAL,GERAL,23048100173,[DEMAND GEN - GIFTCARD - BS],DEMAND_GEN,2025-10-28,3201,2283,1.402102496714849,26.204025,85,38.0
GERAL,GERAL,23048100173,[DEMAND GEN - GIFTCARD - BS],DEMAND_GEN,2025-10-29,4166,2609,1.596780375622844,25.902295,78,81.0
GERAL,GERAL,23048100173,[DEMAND GEN - GIFTCARD - BS],DEMAND_GEN,2025-10-30,5271,3025,1.7424793388429751,25.898299,113,36.0
GERAL,GERAL,23048100173,[DEMAND GEN - GIFTCARD - BS],DEMAND_GEN,2025-10-31,4666,2634,1.771450265755505,25.921701,95,72.0
GERAL,GERAL,23048100173,[DEMAND GEN - GIFTCARD - BS],DEMAND_GEN,2025-11-01,6894,3775,1.8262251655629138,31.629021,175,39.0
GERAL,GERAL,23048100173,[DEMAND GEN - GIFTCARD - BS],DEMAND_GEN,2025-11-02,6528,3407,1.9160551805107133,33.402966,138,51.0
GERAL,GERAL,23048100173,[DEMAND GEN - GIFTCARD - BS],DEMAND_GEN,2025-11-03,5793,3152,1.8378807106598984,30.245746,157,68.0
GERAL,GERAL,23048100173,[DEMAND GEN - GIFTCARD - BS],DEMAND_GEN,2025-11-04,6892,3447,1.9994197853205686,30.655204,204,89.0
GERAL,GERAL,23048100173,[DEMAND GEN - GIFTCARD - BS],DEMAND_GEN,2025-11-05,776,575,1.3495652173913044,4.734062,23,11.0
GERAL,GERAL,23048123255,[DEMAND GEN - GIFTCARD - GS],DEMAND_GEN,2025-09-23,270,177,1.5254237288135593,1.492884,18,0.0
GERAL,GERAL,23048123255,[DEMAND GEN - GIFTCARD - GS],DEMAND_GEN,2025-09-24,3795,2777,1.3665826431400792,61.162273,142,1.0
GERAL,GERAL,23048123255,[DEMAND GEN - GIFTCARD - GS],DEMAND_GEN,2025-09-25,2909,2145,1.3561771561771563,32.082795,86,3.0
GERAL,GERAL,23048123255,[DEMAND GEN - GIFTCARD - GS],DEMAND_GEN,2025-09-26,1720,1405,1.2241992882562278,29.583795,86,0.0
GERAL,GERAL,23048123255,[DEMAND GEN - GIFTCARD - GS],DEMAND_GEN,2025-09-27,1751,1298,1.3489984591679507,32.830443,96,3.0
GERAL,GERAL,23048123255,[DEMAND GEN - GIFTCARD - GS],DEMAND_GEN,2025-09-28,1170,612,1.911764705882353,33.686648,134,7.0
GERAL,GERAL,23048123255,[DEMAND GEN - GIFTCARD - GS],DEMAND_GEN,2025-09-29,807,631,1.2789223454833598,29.22533,83,3.0
GERAL,GERAL,23048123255,[DEMAND GEN - GIFTCARD - GS],DEMAND_GEN,2025-09-30,1017,765,1.3294117647058823,20.526747,56,1.0
GERAL,GERAL,23048123255,[DEMAND GEN - GIFTCARD - GS],DEMAND_GEN,2025-10-01,1141,1084,1.0525830258302582,38.599969,44,0.0
GERAL,GERAL,23048123255,[DEMAND GEN - GIFTCARD - GS],DEMAND_GEN,2025-10-02,1362,1297,1.0501156515034695,31.279852,40,5.0
GERAL,GERAL,23048123255,[DEMAND GEN - GIFTCARD - GS],DEMAND_GEN,2025-10-03,2360,2209,1.0683567224988684,56.01724,58,3.0
GERAL,GERAL,23048123255,[DEMAND GEN - GIFTCARD - GS],DEMAND_GEN,2025-10-04,1374,1298,1.0585516178736518,36.799821,44,3.0
GERAL,GERAL,23048123255,[DEMAND GEN - GIFTCARD - GS],DEMAND_GEN,2025-10-05,402,380,1.0578947368421052,17.025735,18,1.0
GERAL,GERAL,23048123255,[DEMAND GEN - GIFTCARD - GS],DEMAND_GEN,2025-10-06,623,579,1.075993091537133,13.982363,20,1.0
GERAL,GERAL,23048123255,[DEMAND GEN - GIFTCARD - GS],DEMAND_GEN,2025-10-07,771,716,1.0768156424581006,15.275368,20,0.0
GERAL,GERAL,23048123255,[DEMAND GEN - GIFTCARD - GS],DEMAND_GEN,2025-10-08,712,672,1.0595238095238095,20.431754,28,6.0
GERAL,GERAL,23048123255,[DEMAND GEN - GIFTCARD - GS],DEMAND_GEN,2025-10-09,1086,983,1.1047812817904374,29.474475,44,5.0
GERAL,GERAL,23048123255,[DEMAND GEN - GIFTCARD - GS],DEMAND_GEN,2025-10-10,4725,3382,1.397102306327617,33.840876,116,3.0
GERAL,GERAL,23048123255,[DEMAND GEN - GIFTCARD - GS],DEMAND_GEN,2025-10-11,7031,4819,1.459016393442623,38.305152,212,10.0
GERAL,GERAL,23048123255,[DEMAND GEN - GIFTCARD - GS],DEMAND_GEN,2025-10-12,4662,3177,1.4674220963172804,13.022427,95,1.0
GERAL,GERAL,23048123255,[DEMAND GEN - GIFTCARD - GS],DEMAND_GEN,2025-10-13,6588,5051,1.3042961789744605,52.799573,164,15.0
GERAL,GERAL,23048123255,[DEMAND GEN - GIFTCARD - GS],DEMAND_GEN,2025-10-14,3892,3008,1.2938829787234043,33.535436,112,8.0
GERAL,GERAL,23048123255,[DEMAND GEN - GIFTCARD - GS],DEMAND_GEN,2025-10-15,4749,3709,1.2803990293879752,37.294505,117,4.0
GERAL,GERAL,23048123255,[DEMAND GEN - GIFTCARD - GS],DEMAND_GEN,2025-10-16,3003,2402,1.2502081598667776,35.561797,79,28.0
GERAL,GERAL,23048123255,[DEMAND GEN - GIFTCARD - GS],DEMAND_GEN,2025-10-17,1191,974,1.2227926078028748,41.786496,52,17.0
GERAL,GERAL,23048123255,[DEMAND GEN - GIFTCARD - GS],DEMAND_GEN,2025-10-18,2307,2140,1.07803738317757,44.442582,60,29.0
GERAL,GERAL,23048123255,[DEMAND GEN - GIFTCARD - GS],DEMAND_GEN,2025-10-19,2408,2098,1.1477597712106768,46.124115,83,24.0
GERAL,GERAL,23048123255,[DEMAND GEN - GIFTCARD - GS],DEMAND_GEN,2025-10-20,1688,1454,1.1609353507565336,25.935833,36,21.0
GERAL,GERAL,23048123255,[DEMAND GEN - GIFTCARD - GS],DEMAND_GEN,2025-10-21,2639,2277,1.1589811155028547,35.961463,58,18.0
GERAL,GERAL,23048123255,[DEMAND GEN - GIFTCARD - GS],DEMAND_GEN,2025-10-22,2301,1821,1.2635914332784184,32.195861,35,3.0
GERAL,GERAL,23048123255,[DEMAND GEN - GIFTCARD - GS],DEMAND_GEN,2025-10-23,3506,2667,1.3145856767904012,33.678296,88,25.0
GERAL,GERAL,23048123255,[DEMAND GEN - GIFTCARD - GS],DEMAND_GEN,2025-10-24,2971,2520,1.178968253968254,30.641259,70,43.0
GERAL,GERAL,23048123255,[DEMAND GEN - GIFTCARD - GS],DEMAND_GEN,2025-10-25,2337,2048,1.14111328125,46.452986,58,27.0
GERAL,GERAL,23048123255,[DEMAND GEN - GIFTCARD - GS],DEMAND_GEN,2025-10-26,2282,1784,1.2791479820627802,28.629162,53,24.0
GERAL,GERAL,23048123255,[DEMAND GEN - GIFTCARD - GS],DEMAND_GEN,2025-10-27,2487,2064,1.2049418604651163,47.269187,54,30.0
GERAL,GERAL,23048123255,[DEMAND GEN - GIFTCARD - GS],DEMAND_GEN,2025-10-28,1595,1383,1.1540130151843817,31.373399,32,32.0
GERAL,GERAL,23048123255,[DEMAND GEN - GIFTCARD - GS],DEMAND_GEN,2025-10-29,572,502,1.1394422310756973,25.514585,17,92.0
GERAL,GERAL,23048123255,[DEMAND GEN - GIFTCARD - GS],DEMAND_GEN,2025-10-30,818,667,1.2263868065967016,10.020426,10,6.0
GERAL,GERAL,23048123255,[DEMAND GEN - GIFTCARD - GS],DEMAND_GEN,2025-10-31,1477,1146,1.2888307155322862,15.587604,27,54.0
GERAL,GERAL,23048123255,[DEMAND GEN - GIFTCARD - GS],DEMAND_GEN,2025-11-01,2942,2447,1.2022885165508785,35.361224,63,45.0
GERAL,GERAL,23048123255,[DEMAND GEN - GIFTCARD - GS],DEMAND_GEN,2025-11-02,1904,1474,1.2917232021709633,40.668852,39,56.0
GERAL,GERAL,23048123255,[DEMAND GEN - GIFTCARD - GS],DEMAND_GEN,2025-11-03,2508,1873,1.3390282968499734,31.921371,37,36.0
GERAL,GERAL,23048123255,[DEMAND GEN - GIFTCARD - GS],DEMAND_GEN,2025-11-04,835,699,1.1945636623748213,32.13406,13,59.0
GERAL,GERAL,23048123255,[DEMAND GEN - GIFTCARD - GS],DEMAND_GEN,2025-11-05,1198,924,1.2965367965367964,21.830377,31,31.0
GERAL,GERAL,23048322156,[ALC - Beatles for Kids - BS],VIDEO,2025-09-25,2033,1918,1.2330552659019813,6.776534,2,9.0
GERAL,GERAL,23048322156,[ALC - Beatles for Kids - BS],VIDEO,2025-09-26,4903,5865,1.0412617220801363,12.093925,2,9.0
GERAL,GERAL,23048322156,[ALC - Beatles for Kids - BS],VIDEO,2025-09-27,5018,6283,1.0370841954480343,12.08855,3,2.0
GERAL,GERAL,23048322156,[ALC - Beatles for Kids - BS],VIDEO,2025-09-28,5946,6658,1.1085911685190748,12.133622,9,9.0
GERAL,GERAL,23048322156,[ALC - Beatles for Kids - BS],VIDEO,2025-09-29,5780,6938,1.0523205534736235,12.085249,2,10.0
GERAL,GERAL,23048322156,[ALC - Beatles for Kids - BS],VIDEO,2025-09-30,5574,6442,1.0771499534306117,12.081995,1,5.0
GERAL,GERAL,23048322156,[ALC - Beatles for Kids - BS],VIDEO,2025-10-01,6044,7255,1.061750516884907,12.086906,2,9.0
GERAL,GERAL,23048322156,[ALC - Beatles for Kids - BS],VIDEO,2025-10-02,6436,7231,1.0977734753146176,12.110205,3,8.0
GERAL,GERAL,23048322156,[ALC - Beatles for Kids - BS],VIDEO,2025-10-03,7737,7050,1.2441134751773049,12.09748,7,4.0
GERAL,GERAL,23048322156,[ALC - Beatles for Kids - BS],VIDEO,2025-10-04,7451,7033,1.2091568320773496,12.10837,4,9.0
GERAL,GERAL,23048322156,[ALC - Beatles for Kids - BS],VIDEO,2025-10-05,7433,6701,1.2465303686017013,12.145575,6,4.0
GERAL,GERAL,23048322156,[ALC - Beatles for Kids - BS],VIDEO,2025-10-06,7180,6625,1.2321509433962263,12.147238,3,6.0
GERAL,GERAL,23048322156,[ALC - Beatles for Kids - BS],VIDEO,2025-10-07,7601,7153,1.2080246050608137,12.181449,6,4.0
GERAL,GERAL,23048322156,[ALC - Beatles for Kids - BS],VIDEO,2025-10-08,7289,6558,1.254040866117719,12.201057,5,9.0
GERAL,GERAL,23048322156,[ALC - Beatles for Kids - BS],VIDEO,2025-10-09,6949,6361,1.2372268511240372,12.246965,4,7.0
GERAL,GERAL,23048322156,[ALC - Beatles for Kids - BS],VIDEO,2025-10-10,6839,5972,1.2744474212993973,12.341896,6,5.0
GERAL,GERAL,23048322156,[ALC - Beatles for Kids - BS],VIDEO,2025-10-11,7174,6392,1.244055068836045,12.51509,11,1.0
GERAL,GERAL,23048527910,[DISPLAY - GIFTCARD - NS],DISPLAY,2025-10-09,433,169,2.562130177514793,14.910556,32,2.0
GERAL,GERAL,23048527910,[DISPLAY - GIFTCARD - NS],DISPLAY,2025-10-10,1703,1026,1.6598440545808968,79.503079,83,6.0
GERAL,GERAL,23048527910,[DISPLAY - GIFTCARD - NS],DISPLAY,2025-10-11,1454,837,1.7371565113500598,78.864121,99,3.0
GERAL,GERAL,23048527910,[DISPLAY - GIFTCARD - NS],DISPLAY,2025-10-12,2232,1349,1.6545589325426242,79.113729,168,4.0
GERAL,GERAL,23048527910,[DISPLAY - GIFTCARD - NS],DISPLAY,2025-10-13,1374,680,2.0205882352941176,77.46921,100,3.0
GERAL,GERAL,23048527910,[DISPLAY - GIFTCARD - NS],DISPLAY,2025-10-14,574,365,1.5726027397260274,78.781017,62,0.0
GERAL,GERAL,23048527910,[DISPLAY - GIFTCARD - NS],DISPLAY,2025-10-15,901,568,1.5862676056338028,80.0,73,3.0
GERAL,GERAL,23048527910,[DISPLAY - GIFTCARD - NS],DISPLAY,2025-10-16,2876,1517,1.8958470665787739,80.149456,122,3.0
GERAL,GERAL,23048527910,[DISPLAY - GIFTCARD - NS],DISPLAY,2025-10-18,2728,1376,1.9825581395348837,78.20964,136,3.0
GERAL,GERAL,23048527910,[DISPLAY - GIFTCARD - NS],DISPLAY,2025-10-19,2629,1093,2.405306495882891,76.533443,165,3.0
GERAL,GERAL,23048527910,[DISPLAY - GIFTCARD - NS],DISPLAY,2025-10-20,2497,1154,2.163778162911612,78.970822,146,6.0
GERAL,GERAL,23048527910,[DISPLAY - GIFTCARD - NS],DISPLAY,2025-10-21,2264,1213,1.866446826051113,45.168172,91,6.0
GERAL,GERAL,23048527910,[DISPLAY - GIFTCARD - NS],DISPLAY,2025-10-22,915,441,2.074829931972789,28.767926,48,1.0
GERAL,GERAL,23048527910,[DISPLAY - GIFTCARD - NS],DISPLAY,2025-10-23,2011,1023,1.9657869012707723,31.92214,55,9.0
GERAL,GERAL,23048527910,[DISPLAY - GIFTCARD - NS],DISPLAY,2025-10-24,1941,1016,1.9104330708661417,32.297013,61,1.0
GERAL,GERAL,23048527910,[DISPLAY - GIFTCARD - NS],DISPLAY,2025-10-25,2752,1425,1.9312280701754385,29.456132,93,3.0
GERAL,GERAL,23048527910,[DISPLAY - GIFTCARD - NS],DISPLAY,2025-10-26,2986,1541,1.9377027903958468,31.785412,96,27.0
GERAL,GERAL,23048527910,[DISPLAY - GIFTCARD - NS],DISPLAY,2025-10-27,3167,1573,2.013350286077559,34.961755,97,11.0
GERAL,GERAL,23048527910,[DISPLAY - GIFTCARD - NS],DISPLAY,2025-10-28,3291,1527,2.1552062868369353,28.783032,65,6.0
GERAL,GERAL,23048527910,[DISPLAY - GIFTCARD - NS],DISPLAY,2025-10-29,3459,1491,2.319919517102616,27.840238,77,6.0
GERAL,GERAL,23048527910,[DISPLAY - GIFTCARD - NS],DISPLAY,2025-10-30,3490,1630,2.1411042944785277,28.326665,100,2.0
GERAL,GERAL,23048527910,[DISPLAY - GIFTCARD - NS],DISPLAY,2025-10-31,4330,2308,1.8760831889081455,26.165195,135,14.0
GERAL,GERAL,23048527910,[DISPLAY - GIFTCARD - NS],DISPLAY,2025-11-01,5305,2286,2.320647419072616,28.041801,192,28.0
GERAL,GERAL,23048527910,[DISPLAY - GIFTCARD - NS],DISPLAY,2025-11-02,3795,1440,2.6381944444444443,27.584378,149,15.0
GERAL,GERAL,23048527910,[DISPLAY - GIFTCARD - NS],DISPLAY,2025-11-03,6274,2488,2.522106109324759,31.034954,138,12.0
GERAL,GERAL,23048527910,[DISPLAY - GIFTCARD - NS],DISPLAY,2025-11-04,6829,2898,2.357142857142857,32.886454,227,33.0
GERAL,GERAL,23048527910,[DISPLAY - GIFTCARD - NS],DISPLAY,2025-11-05,1571,585,2.6854700854700853,7.593096,49,7.0
GERAL,GERAL,23052153982,[DEMAND GEN - GIFTCARD - NS],DEMAND_GEN,2025-09-25,3624,2543,1.4250884781753834,37.616854,101,4.0
GERAL,GERAL,23052153982,[DEMAND GEN - GIFTCARD - NS],DEMAND_GEN,2025-09-26,3484,2631,1.3242113264918283,61.949625,99,4.0
GERAL,GERAL,23052153982,[DEMAND GEN - GIFTCARD - NS],DEMAND_GEN,2025-09-27,2793,2326,1.200773860705073,59.948784,120,6.0
GERAL,GERAL,23052153982,[DEMAND GEN - GIFTCARD - NS],DEMAND_GEN,2025-09-28,1199,801,1.4968789013732835,27.602702,91,3.0
GERAL,GERAL,23052153982,[DEMAND GEN - GIFTCARD - NS],DEMAND_GEN,2025-09-29,961,745,1.2899328859060402,28.106924,60,5.0
GERAL,GERAL,23052153982,[DEMAND GEN - GIFTCARD - NS],DEMAND_GEN,2025-09-30,1435,1110,1.2927927927927927,27.370924,66,2.0
GERAL,GERAL,23052153982,[DEMAND GEN - GIFTCARD - NS],DEMAND_GEN,2025-10-01,916,834,1.0983213429256595,29.537001,42,57.0
GERAL,GERAL,23052153982,[DEMAND GEN - GIFTCARD - NS],DEMAND_GEN,2025-10-02,1171,1105,1.0597285067873303,29.775624,29,0.0
GERAL,GERAL,23052153982,[DEMAND GEN - GIFTCARD - NS],DEMAND_GEN,2025-10-03,1759,1596,1.1021303258145363,41.443783,57,8.0
GERAL,GERAL,23052153982,[DEMAND GEN - GIFTCARD - NS],DEMAND_GEN,2025-10-04,1594,1514,1.0528401585204756,52.412773,58,3.0
GERAL,GERAL,23052153982,[DEMAND GEN - GIFTCARD - NS],DEMAND_GEN,2025-10-05,1444,1303,1.108211818879509,30.602028,39,2.0
GERAL,GERAL,23052153982,[DEMAND GEN - GIFTCARD - NS],DEMAND_GEN,2025-10-06,922,785,1.1745222929936305,22.020354,34,6.0
GERAL,GERAL,23052153982,[DEMAND GEN - GIFTCARD - NS],DEMAND_GEN,2025-10-07,1580,952,1.6596638655462186,26.804331,88,4.0
GERAL,GERAL,23052153982,[DEMAND GEN - GIFTCARD - NS],DEMAND_GEN,2025-10-08,1739,1094,1.589579524680073,27.05108,99,2.0
GERAL,GERAL,23052153982,[DEMAND GEN - GIFTCARD - NS],DEMAND_GEN,2025-10-09,2046,1431,1.429769392033543,29.038455,104,1.0
GERAL,GERAL,23052153982,[DEMAND GEN - GIFTCARD - NS],DEMAND_GEN,2025-10-10,10631,5888,1.8055366847826086,59.804031,170,13.0
GERAL,GERAL,23052153982,[DEMAND GEN - GIFTCARD - NS],DEMAND_GEN,2025-10-11,10909,7424,1.4694234913793103,46.189522,299,29.0
GERAL,GERAL,23052153982,[DEMAND GEN - GIFTCARD - NS],DEMAND_GEN,2025-10-12,12678,7921,1.6005554854185078,42.169198,313,26.0
GERAL,GERAL,23052153982,[DEMAND GEN - GIFTCARD - NS],DEMAND_GEN,2025-10-13,5429,4524,1.2000442086648984,101.678657,174,7.0
GERAL,GERAL,23052153982,[DEMAND GEN - GIFTCARD - NS],DEMAND_GEN,2025-10-14,4723,3749,1.2598026140304082,68.271186,125,14.0
GERAL,GERAL,23052153982,[DEMAND GEN - GIFTCARD - NS],DEMAND_GEN,2025-10-15,7077,5181,1.365952518818761,74.331592,194,51.0
GERAL,GERAL,23052153982,[DEMAND GEN - GIFTCARD - NS],DEMAND_GEN,2025-10-16,5019,3880,1.293556701030928,64.214323,119,25.0
GERAL,GERAL,23052153982,[DEMAND GEN - GIFTCARD - NS],DEMAND_GEN,2025-10-18,14917,7728,1.9302536231884058,103.188309,315,70.0
GERAL,GERAL,23052153982,[DEMAND GEN - GIFTCARD - NS],DEMAND_GEN,2025-10-19,5453,4398,1.239881764438381,96.000716,138,23.0
GERAL,GERAL,23052153982,[DEMAND GEN - GIFTCARD - NS],DEMAND_GEN,2025-10-20,5186,3863,1.3424799378721202,80.971051,138,50.0
GERAL,GERAL,23052153982,[DEMAND GEN - GIFTCARD - NS],DEMAND_GEN,2025-10-21,3329,2560,1.300390625,59.038878,86,103.0
GERAL,GERAL,23052153982,[DEMAND GEN - GIFTCARD - NS],DEMAND_GEN,2025-10-22,2607,1994,1.3074222668004012,37.243076,41,25.0
GERAL,GERAL,23052153982,[DEMAND GEN - GIFTCARD - NS],DEMAND_GEN,2025-10-23,1504,1189,1.2649285113540791,33.366434,40,25.0
GERAL,GERAL,23052153982,[DEMAND GEN - GIFTCARD - NS],DEMAND_GEN,2025-10-24,1846,1500,1.2306666666666666,36.042142,38,119.0
GERAL,GERAL,23052153982,[DEMAND GEN - GIFTCARD - NS],DEMAND_GEN,2025-10-25,1382,1210,1.1421487603305784,40.343052,31,49.0
GERAL,GERAL,23052153982,[DEMAND GEN - GIFTCARD - NS],DEMAND_GEN,2025-10-26,817,713,1.1458625525946704,37.608393,21,24.0
GERAL,GERAL,23052153982,[DEMAND GEN - GIFTCARD - NS],DEMAND_GEN,2025-10-27,1417,1167,1.2142245072836333,28.546034,48,21.0
GERAL,GERAL,23052153982,[DEMAND GEN - GIFTCARD - NS],DEMAND_GEN,2025-10-28,1247,1027,1.2142161635832522,24.060617,28,19.0
GERAL,GERAL,23052153982,[DEMAND GEN - GIFTCARD - NS],DEMAND_GEN,2025-10-29,1411,1275,1.1066666666666667,44.690731,36,23.0
GERAL,GERAL,23052153982,[DEMAND GEN - GIFTCARD - NS],DEMAND_GEN,2025-10-30,195,181,1.0773480662983426,3.607802,3,4.0
GERAL,GERAL,23052153982,[DEMAND GEN - GIFTCARD - NS],DEMAND_GEN,2025-10-31,437,403,1.0843672456575681,15.371322,14,11.0
GERAL,GERAL,23052153982,[DEMAND GEN - GIFTCARD - NS],DEMAND_GEN,2025-11-01,1921,1511,1.271343481138319,37.287561,40,145.0
GERAL,GERAL,23052153982,[DEMAND GEN - GIFTCARD - NS],DEMAND_GEN,2025-11-02,2510,2064,1.2160852713178294,54.996199,65,21.0
GERAL,GERAL,23052153982,[DEMAND GEN - GIFTCARD - NS],DEMAND_GEN,2025-11-03,1840,1530,1.203267973856209,31.121127,52,77.0
GERAL,GERAL,23052153982,[DEMAND GEN - GIFTCARD - NS],DEMAND_GEN,2025-11-04,1492,1253,1.1915403032721468,46.060987,34,111.0
GERAL,GERAL,23052153982,[DEMAND GEN - GIFTCARD - NS],DEMAND_GEN,2025-11-05,660,547,1.206581352833638,13.171778,12,34.0
GERAL,GERAL,23052156454,[DEMAND GEN - GIFTCARD - NK],DEMAND_GEN,2025-09-25,5088,3108,1.6370656370656371,41.819926,132,19.0
GERAL,GERAL,23052156454,[DEMAND GEN - GIFTCARD - NK],DEMAND_GEN,2025-09-26,3921,2718,1.4426048565121412,61.827278,110,14.0
GERAL,GERAL,23052156454,[DEMAND GEN - GIFTCARD - NK],DEMAND_GEN,2025-09-27,2832,2200,1.2872727272727273,52.514016,124,13.0
GERAL,GERAL,23052156454,[DEMAND GEN - GIFTCARD - NK],DEMAND_GEN,2025-09-28,1150,782,1.4705882352941178,29.152403,85,9.0
GERAL,GERAL,23052156454,[DEMAND GEN - GIFTCARD - NK],DEMAND_GEN,2025-09-29,834,537,1.553072625698324,28.674125,96,16.0
GERAL,GERAL,23052156454,[DEMAND GEN - GIFTCARD - NK],DEMAND_GEN,2025-09-30,1235,897,1.3768115942028984,23.225002,50,24.0
GERAL,GERAL,23052156454,[DEMAND GEN - GIFTCARD - NK],DEMAND_GEN,2025-10-01,116,103,1.1262135922330097,1.423606,3,2.0
GERAL,GERAL,23052156454,[DEMAND GEN - GIFTCARD - NK],DEMAND_GEN,2025-10-02,567,447,1.2684563758389262,9.874877,21,7.0
GERAL,GERAL,23052156454,[DEMAND GEN - GIFTCARD - NK],DEMAND_GEN,2025-10-03,137,121,1.1322314049586777,1.620665,4,1.0
GERAL,GERAL,23052156454,[DEMAND GEN - GIFTCARD - NK],DEMAND_GEN,2025-10-04,117,79,1.481012658227848,2.064315,8,1.0
GERAL,GERAL,23052156454,[DEMAND GEN - GIFTCARD - NK],DEMAND_GEN,2025-10-10,14401,10006,1.439236458125125,59.990013,291,41.0
GERAL,GERAL,23052156454,[DEMAND GEN - GIFTCARD - NK],DEMAND_GEN,2025-10-11,11923,8504,1.4020460959548449,60.062963,340,51.0
GERAL,GERAL,23052156454,[DEMAND GEN - GIFTCARD - NK],DEMAND_GEN,2025-10-12,8459,5333,1.5861616351021939,27.784814,252,37.0
GERAL,GERAL,23052156454,[DEMAND GEN - GIFTCARD - NK],DEMAND_GEN,2025-10-13,19192,13867,1.3840051921828802,100.275646,619,152.0
GERAL,GERAL,23052156454,[DEMAND GEN - GIFTCARD - NK],DEMAND_GEN,2025-10-14,14186,9480,1.4964135021097047,62.372092,507,131.0
GERAL,GERAL,23052156454,[DEMAND GEN - GIFTCARD - NK],DEMAND_GEN,2025-10-15,20022,12665,1.5808922226608764,69.092687,556,105.0
GERAL,GERAL,23052156454,[DEMAND GEN - GIFTCARD - NK],DEMAND_GEN,2025-10-16,16887,10264,1.6452650038971162,66.480143,467,121.0
GERAL,GERAL,23052156454,[DEMAND GEN - GIFTCARD - NK],DEMAND_GEN,2025-10-17,19889,12869,1.545496930608439,64.523196,510,174.0
GERAL,GERAL,23052156454,[DEMAND GEN - GIFTCARD - NK],DEMAND_GEN,2025-10-18,15702,9142,1.7175672719317436,63.084462,366,179.0
GERAL,GERAL,23052156454,[DEMAND GEN - GIFTCARD - NK],DEMAND_GEN,2025-10-19,16833,8870,1.8977452085682074,62.543904,422,211.0
GERAL,GERAL,23052156454,[DEMAND GEN - GIFTCARD - NK],DEMAND_GEN,2025-10-20,15379,8232,1.8681972789115646,61.736065,380,229.0
GERAL,GERAL,23052156454,[DEMAND GEN - GIFTCARD - NK],DEMAND_GEN,2025-10-21,9954,6200,1.605483870967742,43.988446,209,170.0
GERAL,GERAL,23052156454,[DEMAND GEN - GIFTCARD - NK],DEMAND_GEN,2025-10-22,5069,2977,1.7027208599261001,31.371416,106,142.0
GERAL,GERAL,23052156454,[DEMAND GEN - GIFTCARD - NK],DEMAND_GEN,2025-10-23,7751,4647,1.6679578222509146,31.133139,159,202.0
GERAL,GERAL,23052156454,[DEMAND GEN - GIFTCARD - NK],DEMAND_GEN,2025-10-24,9146,5721,1.5986715609159239,31.03029,164,131.0
GERAL,GERAL,23052156454,[DEMAND GEN - GIFTCARD - NK],DEMAND_GEN,2025-10-25,10295,6303,1.633349198794225,30.634226,177,187.0
GERAL,GERAL,23052156454,[DEMAND GEN - GIFTCARD - NK],DEMAND_GEN,2025-10-26,6790,4492,1.5115761353517365,33.137128,95,72.0
GERAL,GERAL,23052156454,[DEMAND GEN - GIFTCARD - NK],DEMAND_GEN,2025-10-27,6034,3921,1.5388931395052283,30.815063,120,152.0
GERAL,GERAL,23052156454,[DEMAND GEN - GIFTCARD - NK],DEMAND_GEN,2025-10-28,5491,3506,1.5661722760981176,28.050714,109,97.0
GERAL,GERAL,23052156454,[DEMAND GEN - GIFTCARD - NK],DEMAND_GEN,2025-10-29,5921,3770,1.5705570291777189,27.902934,112,196.0
GERAL,GERAL,23052156454,[DEMAND GEN - GIFTCARD - NK],DEMAND_GEN,2025-10-30,8673,5616,1.544337606837607,28.900455,162,113.0
GERAL,GERAL,23052156454,[DEMAND GEN - GIFTCARD - NK],DEMAND_GEN,2025-10-31,6854,4278,1.6021505376344085,27.183203,112,133.0
GERAL,GERAL,23052156454,[DEMAND GEN - GIFTCARD - NK],DEMAND_GEN,2025-11-01,8409,5097,1.6497939964685109,30.416803,152,120.0
GERAL,GERAL,23052156454,[DEMAND GEN - GIFTCARD - NK],DEMAND_GEN,2025-11-02,6436,3834,1.6786645800730309,31.854496,101,95.0
GERAL,GERAL,23052156454,[DEMAND GEN - GIFTCARD - NK],DEMAND_GEN,2025-11-03,8711,5240,1.6624045801526717,31.872299,170,200.0
GERAL,GERAL,23052156454,[DEMAND GEN - GIFTCARD - NK],DEMAND_GEN,2025-11-04,9474,5743,1.649660456207557,31.905856,205,279.0
GERAL,GERAL,23052156454,[DEMAND GEN - GIFTCARD - NK],DEMAND_GEN,2025-11-05,896,709,1.2637517630465445,4.384798,19,49.0
GERAL,GERAL,23052308332,[DEMAND GEN - GIFTCARD - NR],DEMAND_GEN,2025-09-24,1433,935,1.532620320855615,22.20933,71,0.0
GERAL,GERAL,23052308332,[DEMAND GEN - GIFTCARD - NR],DEMAND_GEN,2025-09-25,4402,3609,1.2197284566361872,79.86781,95,11.0
GERAL,GERAL,23052308332,[DEMAND GEN - GIFTCARD - NR],DEMAND_GEN,2025-09-26,2278,2161,1.0541416011105968,59.475523,55,4.0
GERAL,GERAL,23052308332,[DEMAND GEN - GIFTCARD - NR],DEMAND_GEN,2025-09-27,1148,1060,1.0830188679245283,26.340428,41,1.0
GERAL,GERAL,23052308332,[DEMAND GEN - GIFTCARD - NR],DEMAND_GEN,2025-09-28,924,823,1.1227217496962334,29.298477,38,7.0
GERAL,GERAL,23052308332,[DEMAND GEN - GIFTCARD - NR],DEMAND_GEN,2025-09-29,562,510,1.1019607843137256,24.483711,22,5.0
GERAL,GERAL,23052308332,[DEMAND GEN - GIFTCARD - NR],DEMAND_GEN,2025-09-30,876,659,1.3292867981790593,18.504323,21,5.0
GERAL,GERAL,23052308332,[DEMAND GEN - GIFTCARD - NR],DEMAND_GEN,2025-10-01,2349,1659,1.4159132007233273,33.118033,84,30.0
GERAL,GERAL,23052308332,[DEMAND GEN - GIFTCARD - NR],DEMAND_GEN,2025-10-02,2189,1594,1.3732747804265997,29.022229,84,5.00003
GERAL,GERAL,23052308332,[DEMAND GEN - GIFTCARD - NR],DEMAND_GEN,2025-10-03,1404,811,1.7311960542540075,19.736062,59,0.0
GERAL,GERAL,23052308332,[DEMAND GEN - GIFTCARD - NR],DEMAND_GEN,2025-10-04,2404,1900,1.2652631578947369,71.592791,81,2.0
GERAL,GERAL,23052308332,[DEMAND GEN - GIFTCARD - NR],DEMAND_GEN,2025-10-05,937,806,1.1712158808933002,18.219473,24,5.0
GERAL,GERAL,23052308332,[DEMAND GEN - GIFTCARD - NR],DEMAND_GEN,2025-10-06,682,606,1.1254125412541254,28.223665,39,3.0
GERAL,GERAL,23052308332,[DEMAND GEN - GIFTCARD - NR],DEMAND_GEN,2025-10-07,1083,848,1.2771226415094339,28.133988,50,0.0
GERAL,GERAL,23052308332,[DEMAND GEN - GIFTCARD - NR],DEMAND_GEN,2025-10-08,1283,1016,1.2627952755905512,31.632236,51,1.0
GERAL,GERAL,23052308332,[DEMAND GEN - GIFTCARD - NR],DEMAND_GEN,2025-10-09,1031,945,1.091005291005291,31.745206,39,3.0
GERAL,GERAL,23052308332,[DEMAND GEN - GIFTCARD - NR],DEMAND_GEN,2025-10-10,4163,3045,1.367159277504105,66.832728,98,12.0
GERAL,GERAL,23052308332,[DEMAND GEN - GIFTCARD - NR],DEMAND_GEN,2025-10-11,13234,8311,1.5923474912766213,59.693841,241,30.0
GERAL,GERAL,23052308332,[DEMAND GEN - GIFTCARD - NR],DEMAND_GEN,2025-10-12,8007,5868,1.364519427402863,55.229752,227,9.0
GERAL,GERAL,23052308332,[DEMAND GEN - GIFTCARD - NR],DEMAND_GEN,2025-10-13,8715,6512,1.3382985257985258,64.268318,262,26.0
GERAL,GERAL,23052308332,[DEMAND GEN - GIFTCARD - NR],DEMAND_GEN,2025-10-14,7959,5967,1.3338360985419808,69.705853,225,5.0
GERAL,GERAL,23052308332,[DEMAND GEN - GIFTCARD - NR],DEMAND_GEN,2025-10-15,10277,7309,1.406074702421672,60.466038,300,25.0
GERAL,GERAL,23052308332,[DEMAND GEN - GIFTCARD - NR],DEMAND_GEN,2025-10-16,7614,5759,1.3221045320368119,63.230226,217,16.0
GERAL,GERAL,23052308332,[DEMAND GEN - GIFTCARD - NR],DEMAND_GEN,2025-10-17,4934,3913,1.2609251213902377,73.195731,142,18.0
GERAL,GERAL,23052308332,[DEMAND GEN - GIFTCARD - NR],DEMAND_GEN,2025-10-18,2050,1814,1.1300992282249174,71.246386,71,10.0
GERAL,GERAL,23052308332,[DEMAND GEN - GIFTCARD - NR],DEMAND_GEN,2025-10-19,1866,1717,1.0867792661619102,82.37275,52,14.0
GERAL,GERAL,23052308332,[DEMAND GEN - GIFTCARD - NR],DEMAND_GEN,2025-10-20,3565,2720,1.3106617647058822,65.121849,85,20.0
GERAL,GERAL,23052308332,[DEMAND GEN - GIFTCARD - NR],DEMAND_GEN,2025-10-21,2208,1832,1.205240174672489,71.64164,44,20.0
GERAL,GERAL,23052308332,[DEMAND GEN - GIFTCARD - NR],DEMAND_GEN,2025-10-22,1255,1132,1.1086572438162545,41.074422,30,24.0
GERAL,GERAL,23052308332,[DEMAND GEN - GIFTCARD - NR],DEMAND_GEN,2025-10-23,1062,944,1.125,42.794071,15,1.0
GERAL,GERAL,23052308332,[DEMAND GEN - GIFTCARD - NR],DEMAND_GEN,2025-10-24,1719,1519,1.131665569453588,44.858686,43,5.0
GERAL,GERAL,23052308332,[DEMAND GEN - GIFTCARD - NR],DEMAND_GEN,2025-10-25,1074,956,1.1234309623430963,31.624703,25,12.0
GERAL,GERAL,23052308332,[DEMAND GEN - GIFTCARD - NR],DEMAND_GEN,2025-10-26,866,797,1.0865746549560853,41.29275,20,5.0
GERAL,GERAL,23052308332,[DEMAND GEN - GIFTCARD - NR],DEMAND_GEN,2025-10-27,166,164,1.0121951219512195,15.639916,6,14.0
GERAL,GERAL,23052308332,[DEMAND GEN - GIFTCARD - NR],DEMAND_GEN,2025-10-28,1346,1113,1.2093441150044923,27.468198,34,12.0
GERAL,GERAL,23052308332,[DEMAND GEN - GIFTCARD - NR],DEMAND_GEN,2025-10-29,1056,970,1.088659793814433,33.955021,23,6.0
GERAL,GERAL,23052308332,[DEMAND GEN - GIFTCARD - NR],DEMAND_GEN,2025-10-30,391,375,1.0426666666666666,13.756323,5,16.0
GERAL,GERAL,23052308332,[DEMAND GEN - GIFTCARD - NR],DEMAND_GEN,2025-10-31,406,366,1.1092896174863387,7.752043,8,2.0
GERAL,GERAL,23052308332,[DEMAND GEN - GIFTCARD - NR],DEMAND_GEN,2025-11-01,1275,1096,1.1633211678832116,39.195842,35,19.0
GERAL,GERAL,23052308332,[DEMAND GEN - GIFTCARD - NR],DEMAND_GEN,2025-11-02,1347,1264,1.0656645569620253,38.531993,24,14.0
GERAL,GERAL,23052308332,[DEMAND GEN - GIFTCARD - NR],DEMAND_GEN,2025-11-03,1062,863,1.2305909617612978,55.641982,20,28.0
GERAL,GERAL,23052308332,[DEMAND GEN - GIFTCARD - NR],DEMAND_GEN,2025-11-04,1288,977,1.3183213920163768,23.374668,28,52.0
GERAL,GERAL,23052308332,[DEMAND GEN - GIFTCARD - NR],DEMAND_GEN,2025-11-05,737,617,1.1944894651539708,37.902207,19,26.0
GERAL,GERAL,23052483736,[DISPLAY - GIFTCARD - GS],DISPLAY,2025-09-26,1799,1126,1.5976909413854352,40.056196,135,4.003747
GERAL,GERAL,23052483736,[DISPLAY - GIFTCARD - GS],DISPLAY,2025-09-27,1754,1154,1.5199306759098787,40.973395,127,4.0
GERAL,GERAL,23052483736,[DISPLAY - GIFTCARD - GS],DISPLAY,2025-09-28,2889,1727,1.6728430804863925,40.551337,157,1.0
GERAL,GERAL,23052483736,[DISPLAY - GIFTCARD - GS],DISPLAY,2025-09-29,1942,1197,1.622389306599833,39.294667,139,4.0
GERAL,GERAL,23052483736,[DISPLAY - GIFTCARD - GS],DISPLAY,2025-09-30,2068,1190,1.7378151260504202,39.520001,140,5.000655
GERAL,GERAL,23052483736,[DISPLAY - GIFTCARD - GS],DISPLAY,2025-10-01,2431,1388,1.7514409221902016,38.155619,152,1.0
GERAL,GERAL,23052483736,[DISPLAY - GIFTCARD - GS],DISPLAY,2025-10-02,2398,1281,1.8719750195160032,38.807455,154,4.000656
GERAL,GERAL,23052483736,[DISPLAY - GIFTCARD - GS],DISPLAY,2025-10-03,1825,990,1.8434343434343434,40.267179,130,4.0
GERAL,GERAL,23052483736,[DISPLAY - GIFTCARD - GS],DISPLAY,2025-10-04,1125,707,1.5912305516265912,21.862893,81,0.0
GERAL,GERAL,23052483736,[DISPLAY - GIFTCARD - GS],DISPLAY,2025-10-06,1501,821,1.828258221680877,77.603475,138,4.996223
GERAL,GERAL,23052483736,[DISPLAY - GIFTCARD - GS],DISPLAY,2025-10-07,1437,835,1.7209580838323353,70.631075,145,2.0
GERAL,GERAL,23052483736,[DISPLAY - GIFTCARD - GS],DISPLAY,2025-10-08,1045,537,1.945996275605214,41.416719,87,0.0
GERAL,GERAL,23052483736,[DISPLAY - GIFTCARD - GS],DISPLAY,2025-10-09,1939,1239,1.5649717514124293,44.831922,147,11.0
GERAL,GERAL,23052483736,[DISPLAY - GIFTCARD - GS],DISPLAY,2025-10-10,534,388,1.3762886597938144,20.941331,61,1.0
GERAL,GERAL,23052483736,[DISPLAY - GIFTCARD - GS],DISPLAY,2025-10-11,372,253,1.4703557312252964,8.056977,43,1.0
GERAL,GERAL,23052483736,[DISPLAY - GIFTCARD - GS],DISPLAY,2025-10-12,5983,3275,1.8268702290076335,79.451022,483,12.001512
GERAL,GERAL,23052483736,[DISPLAY - GIFTCARD - GS],DISPLAY,2025-10-13,4330,2331,1.8575718575718576,39.378732,322,1.0
GERAL,GERAL,23052483736,[DISPLAY - GIFTCARD - GS],DISPLAY,2025-10-14,2960,1664,1.7788461538461537,37.5072,241,5.0
GERAL,GERAL,23052483736,[DISPLAY - GIFTCARD - GS],DISPLAY,2025-10-15,1237,651,1.9001536098310292,13.484116,86,4.0
GERAL,GERAL,23052483736,[DISPLAY - GIFTCARD - GS],DISPLAY,2025-10-16,851,346,2.459537572254335,2.605826,19,0.0
GERAL,GERAL,23052483736,[DISPLAY - GIFTCARD - GS],DISPLAY,2025-10-17,2522,1119,2.253798033958892,6.726519,59,0.0
GERAL,GERAL,23052483736,[DISPLAY - GIFTCARD - GS],DISPLAY,2025-10-18,7615,3197,2.3819205505161087,22.76422,242,10.0
GERAL,GERAL,23052483736,[DISPLAY - GIFTCARD - GS],DISPLAY,2025-10-19,9395,3897,2.4108288426995124,20.939973,173,4.0
GERAL,GERAL,23052483736,[DISPLAY - GIFTCARD - GS],DISPLAY,2025-10-20,22111,8606,2.5692540088310483,52.980815,418,53.0
GERAL,GERAL,23052483736,[DISPLAY - GIFTCARD - GS],DISPLAY,2025-10-21,10268,3915,2.6227330779054916,76.467923,196,18.0
GERAL,GERAL,23052483736,[DISPLAY - GIFTCARD - GS],DISPLAY,2025-10-22,1470,666,2.2072072072072073,29.362243,44,5.0
GERAL,GERAL,23052483736,[DISPLAY - GIFTCARD - GS],DISPLAY,2025-10-23,4839,2301,2.1029986962190352,34.386055,112,20.0
GERAL,GERAL,23052483736,[DISPLAY - GIFTCARD - GS],DISPLAY,2025-10-24,1663,887,1.874859075535513,26.378241,51,1.0
GERAL,GERAL,23052483736,[DISPLAY - GIFTCARD - GS],DISPLAY,2025-10-25,7106,3293,2.1579107197084726,34.277903,212,11.0
GERAL,GERAL,23052483736,[DISPLAY - GIFTCARD - GS],DISPLAY,2025-10-26,1564,686,2.2798833819241984,29.838156,50,4.0
GERAL,GERAL,23052483736,[DISPLAY - GIFTCARD - GS],DISPLAY,2025-10-27,2717,1189,2.2851135407905803,32.843425,112,4.0
GERAL,GERAL,23052483736,[DISPLAY - GIFTCARD - GS],DISPLAY,2025-10-28,5234,2338,2.2386655260906756,28.484903,178,10.0
GERAL,GERAL,23052483736,[DISPLAY - GIFTCARD - GS],DISPLAY,2025-10-29,1626,727,2.236588720770289,29.654673,49,12.0
GERAL,GERAL,23052483736,[DISPLAY - GIFTCARD - GS],DISPLAY,2025-10-30,3779,1708,2.212529274004684,29.238107,144,2.0
GERAL,GERAL,23052483736,[DISPLAY - GIFTCARD - GS],DISPLAY,2025-10-31,7623,3007,2.535084802128367,24.908877,198,16.0
GERAL,GERAL,23052483736,[DISPLAY - GIFTCARD - GS],DISPLAY,2025-11-01,9987,3411,2.9278803869832895,30.679714,297,23.0
GERAL,GERAL,23052483736,[DISPLAY - GIFTCARD - GS],DISPLAY,2025-11-02,11593,4182,2.7721186035389764,29.442655,320,15.0
GERAL,GERAL,23052483736,[DISPLAY - GIFTCARD - GS],DISPLAY,2025-11-03,11807,4380,2.695662100456621,33.856473,296,11.0
GERAL,GERAL,23052483736,[DISPLAY - GIFTCARD - GS],DISPLAY,2025-11-04,7118,2655,2.6809792843691147,32.531761,214,21.0
GERAL,GERAL,23052483736,[DISPLAY - GIFTCARD - GS],DISPLAY,2025-11-05,974,491,1.9837067209775967,3.526153,30,2.0
GERAL,GERAL,23052496783,[DISPLAY - GIFTCARD - NR],DISPLAY,2025-10-10,2357,965,2.4424870466321242,77.861134,95,7.0
GERAL,GERAL,23052496783,[DISPLAY - GIFTCARD - NR],DISPLAY,2025-10-11,3645,1740,2.0948275862068964,76.84635,133,4.0
GERAL,GERAL,23052496783,[DISPLAY - GIFTCARD - NR],DISPLAY,2025-10-12,6319,3038,2.0799868334430545,72.238931,222,14.0
GERAL,GERAL,23052496783,[DISPLAY - GIFTCARD - NR],DISPLAY,2025-10-13,3667,1798,2.039488320355951,77.642616,178,10.998689
GERAL,GERAL,23052496783,[DISPLAY - GIFTCARD - NR],DISPLAY,2025-10-14,837,353,2.3711048158640224,79.136729,50,0.0
GERAL,GERAL,23052496783,[DISPLAY - GIFTCARD - NR],DISPLAY,2025-10-15,3777,1563,2.4165067178502877,75.545457,109,0.0
GERAL,GERAL,23052496783,[DISPLAY - GIFTCARD - NR],DISPLAY,2025-10-16,5227,2739,1.9083607155896312,78.116312,196,4.00172
GERAL,GERAL,23052496783,[DISPLAY - GIFTCARD - NR],DISPLAY,2025-10-17,3671,2107,1.7422876127195064,71.407342,204,7.0
GERAL,GERAL,23052496783,[DISPLAY - GIFTCARD - NR],DISPLAY,2025-10-18,6384,3334,1.9148170365926815,77.743981,283,97.0
GERAL,GERAL,23052496783,[DISPLAY - GIFTCARD - NR],DISPLAY,2025-10-19,6978,3642,1.9159802306425042,79.08642,268,7.0
GERAL,GERAL,23052496783,[DISPLAY - GIFTCARD - NR],DISPLAY,2025-10-20,4095,2085,1.9640287769784173,40.6039,117,11.0
GERAL,GERAL,23052496783,[DISPLAY - GIFTCARD - NR],DISPLAY,2025-10-21,2131,1073,1.9860205032618825,38.149741,92,2.0
GERAL,GERAL,23052496783,[DISPLAY - GIFTCARD - NR],DISPLAY,2025-10-22,1827,862,2.1194895591647334,38.796064,87,0.0
GERAL,GERAL,23052496783,[DISPLAY - GIFTCARD - NR],DISPLAY,2025-10-23,2485,1203,2.0656691604322526,34.511112,96,3.0
GERAL,GERAL,23052496783,[DISPLAY - GIFTCARD - NR],DISPLAY,2025-10-24,4980,2248,2.215302491103203,38.524079,144,3.0
GERAL,GERAL,23052496783,[DISPLAY - GIFTCARD - NR],DISPLAY,2025-10-25,4942,2279,2.168494953927161,39.02525,173,3.0
GERAL,GERAL,23052496783,[DISPLAY - GIFTCARD - NR],DISPLAY,2025-10-26,5814,2878,2.0201528839471856,38.470585,209,12.0
GERAL,GERAL,23052496783,[DISPLAY - GIFTCARD - NR],DISPLAY,2025-10-27,6132,3153,1.944814462416746,36.370914,248,14.0
GERAL,GERAL,23052496783,[DISPLAY - GIFTCARD - NR],DISPLAY,2025-10-28,5797,3238,1.7903026559604693,37.554457,236,56.973026
GERAL,GERAL,23052496783,[DISPLAY - GIFTCARD - NR],DISPLAY,2025-10-29,5568,2288,2.4335664335664338,35.311685,155,8.0
GERAL,GERAL,23052496783,[DISPLAY - GIFTCARD - NR],DISPLAY,2025-10-30,5393,2908,1.8545392022008254,37.392108,181,24.997186
GERAL,GERAL,23052496783,[DISPLAY - GIFTCARD - NR],DISPLAY,2025-10-31,4276,2340,1.8273504273504273,34.087702,177,7.0
GERAL,GERAL,23052496783,[DISPLAY - GIFTCARD - NR],DISPLAY,2025-11-01,7534,4069,1.8522978618825263,39.923291,302,14.0
GERAL,GERAL,23052496783,[DISPLAY - GIFTCARD - NR],DISPLAY,2025-11-02,6619,3219,2.058403230817024,36.031929,282,15.0
GERAL,GERAL,23052496783,[DISPLAY - GIFTCARD - NR],DISPLAY,2025-11-03,8191,3754,2.182472029834843,41.854273,299,19.0
GERAL,GERAL,23052496783,[DISPLAY - GIFTCARD - NR],DISPLAY,2025-11-04,6322,2951,2.1423246357167063,42.863205,252,29.0
GERAL,GERAL,23052496783,[DISPLAY - GIFTCARD - NR],DISPLAY,2025-11-05,890,564,1.5797872340425532,5.586945,34,4.0
GERAL,GERAL,23069164011,[PMAX - Copo Oktober Kids - NK],PERFORMANCE_MAX,2025-10-01,2057,1744,1.1794724770642202,31.90528,43,90.0
GERAL,GERAL,23069164011,[PMAX - Copo Oktober Kids - NK],PERFORMANCE_MAX,2025-10-02,16108,13059,1.2334788268627002,206.775418,163,812.8125
GERAL,GERAL,23069164011,[PMAX - Copo Oktober Kids - NK],PERFORMANCE_MAX,2025-10-03,13471,10601,1.2707291764927837,122.381201,142,803.333334
GERAL,GERAL,23069164011,[PMAX - Copo Oktober Kids - NK],PERFORMANCE_MAX,2025-10-04,19774,15117,1.3085268241053118,122.659788,155,1093.782408
GERAL,GERAL,23069164011,[PMAX - Copo Oktober Kids - NK],PERFORMANCE_MAX,2025-10-05,14436,11755,1.2280731603572947,116.687992,212,767.645833
GERAL,GERAL,23069164011,[PMAX - Copo Oktober Kids - NK],PERFORMANCE_MAX,2025-10-06,25205,19067,1.321917448995647,128.42073,114,1038.145834
GERAL,GERAL,23069164011,[PMAX - Copo Oktober Kids - NK],PERFORMANCE_MAX,2025-10-07,10128,8358,1.2117731514716439,39.983334,55,484.333333
GERAL,GERAL,23069164011,[PMAX - Copo Oktober Kids - NK],PERFORMANCE_MAX,2025-10-08,11589,9090,1.274917491749175,41.979595,87,618.5
GERAL,GERAL,23069164011,[PMAX - Copo Oktober Kids - NK],PERFORMANCE_MAX,2025-10-09,12842,10027,1.2807419966091553,46.878484,131,809.0
GERAL,GERAL,23069164011,[PMAX - Copo Oktober Kids - NK],PERFORMANCE_MAX,2025-10-10,15881,12214,1.300229245128541,73.259477,142,1077.979166
GERAL,GERAL,23069164011,[PMAX - Copo Oktober Kids - NK],PERFORMANCE_MAX,2025-10-11,17646,13552,1.302095631641086,70.425664,193,1428.333334
GERAL,GERAL,23069164011,[PMAX - Copo Oktober Kids - NK],PERFORMANCE_MAX,2025-10-12,13700,10873,1.2600018394187438,39.683806,101,660.78869
GERAL,GERAL,23069164011,[PMAX - Copo Oktober Kids - NK],PERFORMANCE_MAX,2025-10-13,22837,17513,1.3040027408211043,90.118347,112,855.879167
GERAL,GERAL,23069164011,[PMAX - Copo Oktober Kids - NK],PERFORMANCE_MAX,2025-10-14,18739,14835,1.2631614425345468,66.458144,84,717.354166
GERAL,GERAL,23069164011,[PMAX - Copo Oktober Kids - NK],PERFORMANCE_MAX,2025-10-15,18696,14922,1.2529151588258947,59.002847,55,776.0
GERAL,GERAL,23069164011,[PMAX - Copo Oktober Kids - NK],PERFORMANCE_MAX,2025-10-16,21792,17258,1.2627187391354735,65.041847,75,958.479166
GERAL,GERAL,23069164011,[PMAX - Copo Oktober Kids - NK],PERFORMANCE_MAX,2025-10-17,16728,13373,1.2508786360577282,60.581486,101,869.69266
GERAL,GERAL,23069164011,[PMAX - Copo Oktober Kids - NK],PERFORMANCE_MAX,2025-10-18,16391,12739,1.2866787031949132,67.399997,191,1312.338854
GERAL,GERAL,23069164011,[PMAX - Copo Oktober Kids - NK],PERFORMANCE_MAX,2025-10-19,15300,11828,1.2935407507609062,40.870326,69,630.5
GERAL,GERAL,23069164011,[PMAX - Copo Oktober Kids - NK],PERFORMANCE_MAX,2025-10-20,20755,15953,1.301009214567793,91.085637,87,816.0
GERAL,GERAL,23069164011,[PMAX - Copo Oktober Kids - NK],PERFORMANCE_MAX,2025-10-21,16251,12596,1.2901714830104796,55.672888,59,674.904761
GERAL,GERAL,23069164011,[PMAX - Copo Oktober Kids - NK],PERFORMANCE_MAX,2025-10-22,9940,8287,1.1994690479063594,29.179355,38,485.333333
GERAL,GERAL,23069164011,[PMAX - Copo Oktober Kids - NK],PERFORMANCE_MAX,2025-10-23,11920,9797,1.2166989894865776,32.079527,75,731.666666
GERAL,GERAL,23069164011,[PMAX - Copo Oktober Kids - NK],PERFORMANCE_MAX,2025-10-24,11637,9530,1.2210912906610702,29.789802,93,616.131578
GERAL,GERAL,23069164011,[PMAX - Copo Oktober Kids - NK],PERFORMANCE_MAX,2025-10-25,13190,10704,1.2322496263079223,31.169753,135,993.674768
GERAL,GERAL,23069164011,[PMAX - Copo Oktober Kids - NK],PERFORMANCE_MAX,2025-10-26,12117,9668,1.25330988829127,27.167056,100,692.0
GERAL,GERAL,23069164011,[PMAX - Copo Oktober Kids - NK],PERFORMANCE_MAX,2025-10-27,13458,10915,1.23298213467705,34.907536,87,696.0
GERAL,GERAL,23069164011,[PMAX - Copo Oktober Kids - NK],PERFORMANCE_MAX,2025-10-28,13203,10710,1.2327731092436975,29.691136,59,592.0
GERAL,GERAL,23069164011,[PMAX - Copo Oktober Kids - NK],PERFORMANCE_MAX,2025-10-29,11572,9399,1.2311948079582935,30.193525,44,506.0
GERAL,GERAL,23069164011,[PMAX - Copo Oktober Kids - NK],PERFORMANCE_MAX,2025-10-30,5314,4468,1.1893464637421665,12.16724,19,279.0
GERAL,GERAL,23071689533,[ALC - BFS 2025 - BS],VIDEO,2025-09-30,1967,1467,1.3503749147920927,8.154876,6,0.0
GERAL,GERAL,23071689533,[ALC - BFS 2025 - BS],VIDEO,2025-10-01,7686,6846,1.2329827636576103,27.386475,15,10.0
GERAL,GERAL,23071689533,[ALC - BFS 2025 - BS],VIDEO,2025-10-02,7680,6616,1.2580108827085852,27.38197,15,16.0
GERAL,GERAL,23071689533,[ALC - BFS 2025 - BS],VIDEO,2025-10-03,7944,6490,1.3049306625577812,27.335165,19,16.0
GERAL,GERAL,23071689533,[ALC - BFS 2025 - BS],VIDEO,2025-10-04,7966,6643,1.2839078729489688,27.438449,17,4.0
GERAL,GERAL,23071689533,[ALC - BFS 2025 - BS],VIDEO,2025-10-05,7748,5696,1.4155547752808988,27.332741,20,7.0
GERAL,GERAL,23071689533,[ALC - BFS 2025 - BS],VIDEO,2025-10-06,7920,6090,1.368144499178982,27.36637,18,3.0
GERAL,GERAL,23071689533,[ALC - BFS 2025 - BS],VIDEO,2025-10-07,18886,12916,1.5257819758439146,72.758438,38,26.0
GERAL,GERAL,23071689533,[ALC - BFS 2025 - BS],VIDEO,2025-10-08,17545,13197,1.4093354550276578,68.700737,35,13.0
GERAL,GERAL,23071689533,[ALC - BFS 2025 - BS],VIDEO,2025-10-09,17946,14520,1.3326446280991735,68.801904,22,19.0
GERAL,GERAL,23071689533,[ALC - BFS 2025 - BS],VIDEO,2025-10-10,18553,14252,1.377069884928431,68.695938,38,22.0
GERAL,GERAL,23071689533,[ALC - BFS 2025 - BS],VIDEO,2025-10-11,17367,13542,1.3531974597548369,68.762255,29,15.0
GERAL,GERAL,23071689533,[ALC - BFS 2025 - BS],VIDEO,2025-10-12,16516,11462,1.4911882742976792,68.776719,50,12.0
GERAL,GERAL,23071689533,[ALC - BFS 2025 - BS],VIDEO,2025-10-13,16478,13933,1.2641211512237134,68.689609,34,10.0
GERAL,GERAL,23071689533,[ALC - BFS 2025 - BS],VIDEO,2025-10-14,17233,13027,1.3903431334919782,68.684699,32,14.0
GERAL,GERAL,23071689533,[ALC - BFS 2025 - BS],VIDEO,2025-10-15,17041,13219,1.3703759739768515,68.688368,35,19.0
GERAL,GERAL,23071689533,[ALC - BFS 2025 - BS],VIDEO,2025-10-16,16500,13691,1.2818639982470237,68.706333,33,25.0
GERAL,GERAL,23071689533,[ALC - BFS 2025 - BS],VIDEO,2025-10-17,16669,12522,1.3980993451525316,68.659921,31,13.0
GERAL,GERAL,23071689533,[ALC - BFS 2025 - BS],VIDEO,2025-10-18,17406,13120,1.396189024390244,68.920911,38,19.0
GERAL,GERAL,23075167139,[Pmax - Oktober kids - NR],PERFORMANCE_MAX,2025-10-01,2026,1644,1.232360097323601,24.81518,40,86.375
GERAL,GERAL,23075167139,[Pmax - Oktober kids - NR],PERFORMANCE_MAX,2025-10-02,14678,12288,1.1944986979166667,214.065379,187,728.814186
GERAL,GERAL,23075167139,[Pmax - Oktober kids - NR],PERFORMANCE_MAX,2025-10-03,7754,6191,1.2524632531093522,119.917316,216,571.333333
GERAL,GERAL,23075167139,[Pmax - Oktober kids - NR],PERFORMANCE_MAX,2025-10-04,5772,4745,1.2164383561643837,122.919944,287,495.019771
GERAL,GERAL,23075167139,[Pmax - Oktober kids - NR],PERFORMANCE_MAX,2025-10-05,7495,6157,1.2173136267662823,93.251853,200,449.17079
GERAL,GERAL,23075167139,[Pmax - Oktober kids - NR],PERFORMANCE_MAX,2025-10-06,18559,15175,1.222998352553542,146.824962,154,815.58631
GERAL,GERAL,23075167139,[Pmax - Oktober kids - NR],PERFORMANCE_MAX,2025-10-07,4916,4145,1.1860072376357056,39.999145,107,312.1875
GERAL,GERAL,23075167139,[Pmax - Oktober kids - NR],PERFORMANCE_MAX,2025-10-08,10828,8821,1.2275252238975174,41.504791,46,422.0
GERAL,GERAL,23075167139,[Pmax - Oktober kids - NR],PERFORMANCE_MAX,2025-10-09,14601,11468,1.2731949773282176,42.278412,57,610.0
GERAL,GERAL,23075167139,[Pmax - Oktober kids - NR],PERFORMANCE_MAX,2025-10-10,13728,10623,1.292290313470771,37.20138,60,722.0
GERAL,GERAL,23075167139,[Pmax - Oktober kids - NR],PERFORMANCE_MAX,2025-10-11,9958,8254,1.2064453598255391,43.600003,153,703.5
GERAL,GERAL,23075167139,[Pmax - Oktober kids - NR],PERFORMANCE_MAX,2025-10-12,5431,4737,1.146506227570192,19.481832,87,312.5
GERAL,GERAL,23075167139,[Pmax - Oktober kids - NR],PERFORMANCE_MAX,2025-10-13,17303,14004,1.235575549842902,62.058491,71,568.0
GERAL,GERAL,23075167139,[Pmax - Oktober kids - NR],PERFORMANCE_MAX,2025-10-14,13996,11510,1.2159860990443092,42.785806,58,436.5
GERAL,GERAL,23075167139,[Pmax - Oktober kids - NR],PERFORMANCE_MAX,2025-10-15,10405,8991,1.1572683794906018,40.095587,76,480.0
GERAL,GERAL,23075167139,[Pmax - Oktober kids - NR],PERFORMANCE_MAX,2025-10-16,12314,10538,1.1685329284494212,41.735093,79,563.0
GERAL,GERAL,23075167139,[Pmax - Oktober kids - NR],PERFORMANCE_MAX,2025-10-17,11543,9819,1.1755779610958346,42.592762,95,607.0
GERAL,GERAL,23075167139,[Pmax - Oktober kids - NR],PERFORMANCE_MAX,2025-10-18,7620,6405,1.189695550351288,38.269378,208,641.666666
GERAL,GERAL,23075167139,[Pmax - Oktober kids - NR],PERFORMANCE_MAX,2025-10-19,13383,11152,1.2000538020086082,40.256967,88,598.0
GERAL,GERAL,23075167139,[Pmax - Oktober kids - NR],PERFORMANCE_MAX,2025-10-20,9328,7940,1.1748110831234257,36.069276,63,340.833333
GERAL,GERAL,23075167139,[Pmax - Oktober kids - NR],PERFORMANCE_MAX,2025-10-21,12765,10583,1.2061797221959747,48.288077,70,485.5
GERAL,GERAL,23075167139,[Pmax - Oktober kids - NR],PERFORMANCE_MAX,2025-10-22,10167,8482,1.1986559773638292,31.106063,53,474.0
GERAL,GERAL,23075167139,[Pmax - Oktober kids - NR],PERFORMANCE_MAX,2025-10-23,9786,8393,1.1659716430358633,30.475374,71,548.738097
GERAL,GERAL,23075167139,[Pmax - Oktober kids - NR],PERFORMANCE_MAX,2025-10-24,9777,8374,1.1675423931215667,30.143764,109,595.622806
GERAL,GERAL,23075167139,[Pmax - Oktober kids - NR],PERFORMANCE_MAX,2025-10-25,9079,7718,1.1763410209898937,30.033074,137,715.666666
GERAL,GERAL,23075167139,[Pmax - Oktober kids - NR],PERFORMANCE_MAX,2025-10-26,10643,8980,1.1851893095768373,28.374619,97,491.4
GERAL,GERAL,23075167139,[Pmax - Oktober kids - NR],PERFORMANCE_MAX,2025-10-27,11965,10071,1.1880647403435607,33.870192,83,563.0
GERAL,GERAL,23075167139,[Pmax - Oktober kids - NR],PERFORMANCE_MAX,2025-10-28,9968,8416,1.1844106463878328,25.410035,74,455.0
GERAL,GERAL,23075167139,[Pmax - Oktober kids - NR],PERFORMANCE_MAX,2025-10-29,11609,9681,1.199152980064043,32.566578,64,578.5
GERAL,GERAL,23075167139,[Pmax - Oktober kids - NR],PERFORMANCE_MAX,2025-10-30,5749,4924,1.1675467099918766,17.35456,32,310.0
GERAL,GERAL,23104768485,[ALC - GIFTCARD - GS],VIDEO,2025-10-10,6607,4137,1.6519216823785352,27.0794,19,6.0
GERAL,GERAL,23104768485,[ALC - GIFTCARD - GS],VIDEO,2025-10-11,19527,14625,1.4142905982905982,79.776243,35,16.0
GERAL,GERAL,23104768485,[ALC - GIFTCARD - GS],VIDEO,2025-10-12,20081,14026,1.5010694424639954,79.662178,46,5.0
GERAL,GERAL,23104768485,[ALC - GIFTCARD - GS],VIDEO,2025-10-13,19066,14891,1.3770734000402929,79.664655,36,9.0
GERAL,GERAL,23104768485,[ALC - GIFTCARD - GS],VIDEO,2025-10-14,20337,13862,1.5436444957437598,79.620756,29,9.0
GERAL,GERAL,23104768485,[ALC - GIFTCARD - GS],VIDEO,2025-10-15,19391,15181,1.3996442922073644,79.639367,34,22.0
GERAL,GERAL,23104768485,[ALC - GIFTCARD - GS],VIDEO,2025-10-16,42532,40179,1.1579432041613777,79.660756,28,11.0
GERAL,GERAL,23104768485,[ALC - GIFTCARD - GS],VIDEO,2025-10-17,26129,24613,1.1947751188396376,79.347044,28,16.0
GERAL,GERAL,23104768485,[ALC - GIFTCARD - GS],VIDEO,2025-10-18,27450,26227,1.174896099439509,79.657918,26,17.0
GERAL,GERAL,23104768485,[ALC - GIFTCARD - GS],VIDEO,2025-10-19,30920,29083,1.176529243888182,79.64245,36,13.0
GERAL,GERAL,23104768485,[ALC - GIFTCARD - GS],VIDEO,2025-10-20,26941,24444,1.2137538864342987,79.584547,29,5.0
GERAL,GERAL,23104768485,[ALC - GIFTCARD - GS],VIDEO,2025-10-21,20250,18346,1.2088738689632617,63.349114,16,10.0
GERAL,GERAL,23104768485,[ALC - GIFTCARD - GS],VIDEO,2025-10-22,20918,18555,1.2273780652115334,61.318605,18,16.0
GERAL,GERAL,23104768485,[ALC - GIFTCARD - GS],VIDEO,2025-10-23,19937,18924,1.1651870640456563,61.365037,19,10.0
GERAL,GERAL,23104768485,[ALC - GIFTCARD - GS],VIDEO,2025-10-24,22237,20663,1.192808401490587,61.339156,20,6.0
GERAL,GERAL,23104768485,[ALC - GIFTCARD - GS],VIDEO,2025-10-25,19317,16988,1.2533553096303274,61.418376,12,16.0
GERAL,GERAL,23104768485,[ALC - GIFTCARD - GS],VIDEO,2025-10-26,20397,18961,1.1843257212172353,61.38652,21,6.0
GERAL,GERAL,23104768485,[ALC - GIFTCARD - GS],VIDEO,2025-10-27,19386,17810,1.2151600224592924,61.442027,19,14.0
GERAL,GERAL,23104768485,[ALC - GIFTCARD - GS],VIDEO,2025-10-28,20533,18892,1.2062777895405463,61.545338,19,11.0
GERAL,GERAL,23104768485,[ALC - GIFTCARD - GS],VIDEO,2025-10-29,18439,16429,1.236106884168239,61.433297,15,20.0
GERAL,GERAL,23104768485,[ALC - GIFTCARD - GS],VIDEO,2025-10-30,17674,16020,1.2192259675405743,61.57104,15,14.0
GERAL,GERAL,23104768485,[ALC - GIFTCARD - GS],VIDEO,2025-10-31,18232,16584,1.215569223347805,61.628563,15,20.0
GERAL,GERAL,23110192466,[ALC - GIFTCARD - BS],VIDEO,2025-10-10,6084,3230,1.9359133126934984,27.535652,16,5.0
GERAL,GERAL,23110192466,[ALC - GIFTCARD - BS],VIDEO,2025-10-11,21936,18336,1.3020287958115184,80.044005,30,40.0
GERAL,GERAL,23110192466,[ALC - GIFTCARD - BS],VIDEO,2025-10-12,19212,13901,1.4534925544924826,79.664591,35,17.0
GERAL,GERAL,23110192466,[ALC - GIFTCARD - BS],VIDEO,2025-10-13,19285,15688,1.320945945945946,79.642284,31,22.0
GERAL,GERAL,23110192466,[ALC - GIFTCARD - BS],VIDEO,2025-10-14,20578,14355,1.5112504353883665,79.635367,29,24.0
GERAL,GERAL,23110192466,[ALC - GIFTCARD - BS],VIDEO,2025-10-15,17047,15566,1.2328793524347939,79.577121,11,49.0
GERAL,GERAL,23110192466,[ALC - GIFTCARD - BS],VIDEO,2025-10-16,41297,37922,1.1859870260007384,79.590627,25,25.0
GERAL,GERAL,23110192466,[ALC - GIFTCARD - BS],VIDEO,2025-10-17,27554,27843,1.1340013647954603,79.614803,26,25.0
GERAL,GERAL,23110192466,[ALC - GIFTCARD - BS],VIDEO,2025-10-18,27550,27354,1.144914820501572,79.56691,27,25.0
GERAL,GERAL,23110192466,[ALC - GIFTCARD - BS],VIDEO,2025-10-19,28255,28043,1.1427807295938381,79.591665,28,26.0
GERAL,GERAL,23110192466,[ALC - GIFTCARD - BS],VIDEO,2025-10-20,25309,24020,1.1768942547876768,79.462758,28,21.0
GERAL,GERAL,23110192466,[ALC - GIFTCARD - BS],VIDEO,2025-10-21,22531,20487,1.2060330941572706,65.193687,15,17.0
GERAL,GERAL,23110192466,[ALC - GIFTCARD - BS],VIDEO,2025-10-22,21873,20549,1.175628984378802,61.106488,18,24.0
GERAL,GERAL,23110192466,[ALC - GIFTCARD - BS],VIDEO,2025-10-23,29680,22120,1.4392857142857143,61.126606,15,20.0
GERAL,GERAL,23110192466,[ALC - GIFTCARD - BS],VIDEO,2025-10-24,20825,20336,1.1423583792289536,61.123402,9,15.0
GERAL,GERAL,23110192466,[ALC - GIFTCARD - BS],VIDEO,2025-10-25,21491,20064,1.1908891547049443,61.152861,20,24.0
GERAL,GERAL,23110192466,[ALC - GIFTCARD - BS],VIDEO,2025-10-26,21456,20506,1.1610748073734516,61.156857,14,13.0
GERAL,GERAL,23110192466,[ALC - GIFTCARD - BS],VIDEO,2025-10-27,21414,20155,1.192061523195237,61.165321,22,9.0
GERAL,GERAL,23110192466,[ALC - GIFTCARD - BS],VIDEO,2025-10-28,21623,20662,1.1722001742328914,61.311988,17,15.0
GERAL,GERAL,23110192466,[ALC - GIFTCARD - BS],VIDEO,2025-10-29,21324,20652,1.1528181289947705,61.191189,17,14.0
GERAL,GERAL,23110192466,[ALC - GIFTCARD - BS],VIDEO,2025-10-30,18916,17029,1.226026190616008,61.391007,10,21.0
GERAL,GERAL,23110192466,[ALC - GIFTCARD - BS],VIDEO,2025-10-31,18669,18041,1.1597472423923285,61.434303,12,38.0
GERAL,GERAL,23110216052,[ALC - GIFTCARD - CS],VIDEO,2025-10-10,7142,3691,1.9869953942021132,27.225141,15,2.0
GERAL,GERAL,23110216052,[ALC - GIFTCARD - CS],VIDEO,2025-10-11,20491,17168,1.2914725069897484,79.896076,36,20.0
GERAL,GERAL,23110216052,[ALC - GIFTCARD - CS],VIDEO,2025-10-12,19892,13465,1.541180839212774,79.648213,40,11.0
GERAL,GERAL,23110216052,[ALC - GIFTCARD - CS],VIDEO,2025-10-13,20072,15400,1.402077922077922,79.157653,24,13.0
GERAL,GERAL,23110216052,[ALC - GIFTCARD - CS],VIDEO,2025-10-14,20246,13416,1.579680977936792,79.658256,30,11.0
GERAL,GERAL,23110216052,[ALC - GIFTCARD - CS],VIDEO,2025-10-15,17569,15029,1.2919688602036064,79.620577,29,38.0
GERAL,GERAL,23110216052,[ALC - GIFTCARD - CS],VIDEO,2025-10-16,40502,34510,1.2704723268617792,79.642516,22,23.0
GERAL,GERAL,23110216052,[ALC - GIFTCARD - CS],VIDEO,2025-10-17,25743,24612,1.1832845766292865,79.641556,26,22.0
GERAL,GERAL,23110216052,[ALC - GIFTCARD - CS],VIDEO,2025-10-18,28455,26961,1.178146211193947,79.585478,25,37.0
GERAL,GERAL,23110216052,[ALC - GIFTCARD - CS],VIDEO,2025-10-19,34237,30759,1.2208784420819923,79.64836,35,12.0
GERAL,GERAL,23110216052,[ALC - GIFTCARD - CS],VIDEO,2025-10-20,25224,22810,1.2139850942569048,79.673007,29,21.0
GERAL,GERAL,23110216052,[ALC - GIFTCARD - CS],VIDEO,2025-10-21,23708,21385,1.1985971475333177,61.200127,17,20.0
GERAL,GERAL,23110216052,[ALC - GIFTCARD - CS],VIDEO,2025-10-22,23474,20196,1.2536145771439888,61.646363,21,10.0
GERAL,GERAL,23110216052,[ALC - GIFTCARD - CS],VIDEO,2025-10-23,17243,16976,1.1495640904806785,61.565978,8,20.0
GERAL,GERAL,23110216052,[ALC - GIFTCARD - CS],VIDEO,2025-10-24,24662,22030,1.2167952791647754,61.585983,16,14.0
GERAL,GERAL,23110216052,[ALC - GIFTCARD - CS],VIDEO,2025-10-25,24794,21083,1.2762889531850306,61.608497,17,19.0
GERAL,GERAL,23110216052,[ALC - GIFTCARD - CS],VIDEO,2025-10-26,22976,20754,1.2006842054543703,61.611321,21,14.0
GERAL,GERAL,23110216052,[ALC - GIFTCARD - CS],VIDEO,2025-10-27,21905,19421,1.2472581226507389,61.63308,17,9.0
GERAL,GERAL,23110216052,[ALC - GIFTCARD - CS],VIDEO,2025-10-28,18992,17357,1.2245779800656795,61.82881,21,12.0
GERAL,GERAL,23110216052,[ALC - GIFTCARD - CS],VIDEO,2025-10-29,21158,19115,1.213078733978551,61.674285,9,14.0
GERAL,GERAL,23110216052,[ALC - GIFTCARD - CS],VIDEO,2025-10-30,19132,17245,1.218556103218324,61.764283,10,14.0
GERAL,GERAL,23110216052,[ALC - GIFTCARD - CS],VIDEO,2025-10-31,20015,18409,1.1988701178771253,61.790331,22,22.0
GERAL,GERAL,23110249421,[ALC - GIFTCARD - NS],VIDEO,2025-10-10,6160,3312,1.9359903381642511,26.788071,11,4.0
GERAL,GERAL,23110249421,[ALC - GIFTCARD - NS],VIDEO,2025-10-11,21120,17016,1.3286906440996709,79.969083,36,36.0
GERAL,GERAL,23110249421,[ALC - GIFTCARD - NS],VIDEO,2025-10-12,18969,13448,1.4768738845925045,79.689594,49,35.0
GERAL,GERAL,23110249421,[ALC - GIFTCARD - NS],VIDEO,2025-10-13,20083,14034,1.5154624483397463,79.709836,36,15.0
GERAL,GERAL,23110249421,[ALC - GIFTCARD - NS],VIDEO,2025-10-14,20220,13132,1.6088181541273225,79.681893,48,12.0
GERAL,GERAL,23110249421,[ALC - GIFTCARD - NS],VIDEO,2025-10-15,18031,14281,1.3828863524963237,79.241713,26,37.0
GERAL,GERAL,23110249421,[ALC - GIFTCARD - NS],VIDEO,2025-10-16,39957,38186,1.1677054417849473,79.668267,33,20.0
GERAL,GERAL,23110249421,[ALC - GIFTCARD - NS],VIDEO,2025-10-17,110,118,1.0169491525423728,0.274699,0,0.0
GERAL,GERAL,23110249421,[ALC - GIFTCARD - NS],VIDEO,2025-10-18,25516,21354,1.33202210358715,85.269954,39,34.0
GERAL,GERAL,23110249421,[ALC - GIFTCARD - NS],VIDEO,2025-10-19,36381,34581,1.177669818686562,85.291885,19,26.0
GERAL,GERAL,23110249421,[ALC - GIFTCARD - NS],VIDEO,2025-10-20,31176,28374,1.2118488757313033,85.276901,33,22.0
GERAL,GERAL,23110249421,[ALC - GIFTCARD - NS],VIDEO,2025-10-21,23479,21710,1.1860893597420543,67.006223,19,19.0
GERAL,GERAL,23110249421,[ALC - GIFTCARD - NS],VIDEO,2025-10-22,22735,20914,1.190398775939562,67.124631,20,18.0
GERAL,GERAL,23110249421,[ALC - GIFTCARD - NS],VIDEO,2025-10-23,25235,24468,1.1396517900931828,67.237072,16,18.0
GERAL,GERAL,23110249421,[ALC - GIFTCARD - NS],VIDEO,2025-10-24,30252,27202,1.2302771855010661,67.252314,19,25.0
GERAL,GERAL,23110249421,[ALC - GIFTCARD - NS],VIDEO,2025-10-25,18684,18566,1.1496822148012495,67.285966,14,44.0
GERAL,GERAL,23110249421,[ALC - GIFTCARD - NS],VIDEO,2025-10-26,24168,21412,1.238791331963385,67.25208,18,24.0
GERAL,GERAL,23110249421,[ALC - GIFTCARD - NS],VIDEO,2025-10-27,25044,22820,1.2238387379491673,67.329947,27,26.0
GERAL,GERAL,23110249421,[ALC - GIFTCARD - NS],VIDEO,2025-10-28,25572,23531,1.2041987165866304,67.339879,28,25.0
GERAL,GERAL,23110249421,[ALC - GIFTCARD - NS],VIDEO,2025-10-29,21808,21237,1.1664547723313086,67.439373,22,37.0
GERAL,GERAL,23110249421,[ALC - GIFTCARD - NS],VIDEO,2025-10-30,20376,17974,1.2471903861132747,67.478177,15,32.0
GERAL,GERAL,23110249421,[ALC - GIFTCARD - NS],VIDEO,2025-10-31,21492,20270,1.1693635915145535,67.584375,29,31.0
GERAL,GERAL,23110277006,[ALC - GIFTCARD - NR],VIDEO,2025-10-10,6392,4449,1.545515846257586,26.612586,13,7.0
GERAL,GERAL,23110277006,[ALC - GIFTCARD - NR],VIDEO,2025-10-11,19953,18165,1.2033581062482797,79.995801,43,58.0
GERAL,GERAL,23110277006,[ALC - GIFTCARD - NR],VIDEO,2025-10-12,19169,14335,1.4175793512382282,79.705988,33,30.0
GERAL,GERAL,23110277006,[ALC - GIFTCARD - NR],VIDEO,2025-10-13,19063,16112,1.2889771598808342,79.631917,38,14.0
GERAL,GERAL,23110277006,[ALC - GIFTCARD - NR],VIDEO,2025-10-14,20443,14146,1.5235402233847024,79.714075,34,14.0
GERAL,GERAL,23110277006,[ALC - GIFTCARD - NR],VIDEO,2025-10-15,19161,17037,1.2516288078887128,79.051909,25,53.0
GERAL,GERAL,23110277006,[ALC - GIFTCARD - NR],VIDEO,2025-10-16,41188,37772,1.1972625225034417,79.621897,21,20.0
GERAL,GERAL,23110277006,[ALC - GIFTCARD - NR],VIDEO,2025-10-17,25045,24252,1.1757380834570346,79.651632,21,29.0
GERAL,GERAL,23110277006,[ALC - GIFTCARD - NR],VIDEO,2025-10-18,30584,30671,1.1271885494441003,79.671078,29,23.0
GERAL,GERAL,23110277006,[ALC - GIFTCARD - NR],VIDEO,2025-10-19,33273,31211,1.1812822402358143,79.651548,31,12.0
GERAL,GERAL,23110277006,[ALC - GIFTCARD - NR],VIDEO,2025-10-20,26039,24378,1.1914020838460908,79.529002,24,13.0
GERAL,GERAL,23110277006,[ALC - GIFTCARD - NR],VIDEO,2025-10-21,22076,21265,1.1522219609687279,61.408461,20,16.0
GERAL,GERAL,23110277006,[ALC - GIFTCARD - NR],VIDEO,2025-10-22,19592,17726,1.2231185828726165,61.576673,21,16.0
GERAL,GERAL,23110277006,[ALC - GIFTCARD - NR],VIDEO,2025-10-23,23620,23842,1.1237312306014595,61.631216,17,13.0
GERAL,GERAL,23110277006,[ALC - GIFTCARD - NR],VIDEO,2025-10-24,22139,22369,1.12906254191068,61.646613,21,32.0
GERAL,GERAL,23110277006,[ALC - GIFTCARD - NR],VIDEO,2025-10-25,22629,20916,1.2046758462421112,61.634894,20,23.0
GERAL,GERAL,23110277006,[ALC - GIFTCARD - NR],VIDEO,2025-10-26,19976,19268,1.1708013286277765,61.612118,19,16.0
GERAL,GERAL,23110277006,[ALC - GIFTCARD - NR],VIDEO,2025-10-27,21455,21126,1.1492000378680298,61.663234,12,16.0
GERAL,GERAL,23110277006,[ALC - GIFTCARD - NR],VIDEO,2025-10-28,21269,20490,1.166422645192777,61.669096,15,13.0
GERAL,GERAL,23110277006,[ALC - GIFTCARD - NR],VIDEO,2025-10-29,21315,20678,1.1502563110552277,61.716527,18,31.0
GERAL,GERAL,23110277006,[ALC - GIFTCARD - NR],VIDEO,2025-10-30,18133,16829,1.207142432705449,61.856363,15,21.0
GERAL,GERAL,23110277006,[ALC - GIFTCARD - NR],VIDEO,2025-10-31,18021,17443,1.1648798945135586,61.915625,14,28.0
GERAL,GERAL,23114547973,[ALC - GIFTCARD - NK],VIDEO,2025-10-10,6331,3586,1.8326826547685444,26.708889,9,4.0
GERAL,GERAL,23114547973,[ALC - GIFTCARD - NK],VIDEO,2025-10-11,19910,17491,1.2346921273797953,79.769183,37,38.0
GERAL,GERAL,23114547973,[ALC - GIFTCARD - NK],VIDEO,2025-10-12,19313,13305,1.5157459601653513,79.666046,31,19.0
GERAL,GERAL,23114547973,[ALC - GIFTCARD - NK],VIDEO,2025-10-13,19080,15455,1.3307020381753478,79.710272,31,16.0
GERAL,GERAL,23114547973,[ALC - GIFTCARD - NK],VIDEO,2025-10-14,19838,14514,1.4525974920766156,79.638713,34,15.0
GERAL,GERAL,23114547973,[ALC - GIFTCARD - NK],VIDEO,2025-10-15,18059,15374,1.3009626642383245,79.379843,28,70.0
GERAL,GERAL,23114547973,[ALC - GIFTCARD - NK],VIDEO,2025-10-16,41835,40957,1.133408208609029,79.641842,15,46.0
GERAL,GERAL,23114547973,[ALC - GIFTCARD - NK],VIDEO,2025-10-17,26177,25757,1.153162247156113,79.659877,12,30.0
GERAL,GERAL,23114547973,[ALC - GIFTCARD - NK],VIDEO,2025-10-18,28124,28756,1.115767144248157,79.685857,21,33.0
GERAL,GERAL,23114547973,[ALC - GIFTCARD - NK],VIDEO,2025-10-19,31748,30766,1.1572190079958395,79.654734,21,20.0
GERAL,GERAL,23114547973,[ALC - GIFTCARD - NK],VIDEO,2025-10-20,25838,24428,1.1808170951367283,79.497279,29,24.0
GERAL,GERAL,23114547973,[ALC - GIFTCARD - NK],VIDEO,2025-10-21,21091,20188,1.149940558747771,61.578179,21,17.0
GERAL,GERAL,23114547973,[ALC - GIFTCARD - NK],VIDEO,2025-10-22,20436,19296,1.181851160862355,61.601798,26,25.0
GERAL,GERAL,23114547973,[ALC - GIFTCARD - NK],VIDEO,2025-10-23,19001,18961,1.13047835029798,61.558499,12,26.0
GERAL,GERAL,23114547973,[ALC - GIFTCARD - NK],VIDEO,2025-10-24,21446,21320,1.1355065666041275,61.589864,12,22.0
GERAL,GERAL,23114547973,[ALC - GIFTCARD - NK],VIDEO,2025-10-25,19767,19061,1.1659933896437753,61.583436,13,33.0
GERAL,GERAL,23114547973,[ALC - GIFTCARD - NK],VIDEO,2025-10-26,21703,21269,1.1361606093375336,61.600431,33,18.0
GERAL,GERAL,23114547973,[ALC - GIFTCARD - NK],VIDEO,2025-10-27,18653,18685,1.1448755686379448,61.682908,16,33.0
GERAL,GERAL,23114547973,[ALC - GIFTCARD - NK],VIDEO,2025-10-28,22451,21680,1.1599630996309964,61.663331,18,20.0
GERAL,GERAL,23114547973,[ALC - GIFTCARD - NK],VIDEO,2025-10-29,19195,18441,1.1748278292934222,61.685599,13,30.0
GERAL,GERAL,23114547973,[ALC - GIFTCARD - NK],VIDEO,2025-10-30,19098,18653,1.1494665737414893,61.79444,21,31.0
GERAL,GERAL,23114547973,[ALC - GIFTCARD - NK],VIDEO,2025-10-31,20231,18872,1.2038469690546842,61.856205,10,29.0
GERAL,GERAL,23192964387,[ALC - CHEGADA NOEL - GS 25],VIDEO,2025-10-28,2702,1311,2.0617848970251718,12.561244,6,0.0
GERAL,GERAL,23192964387,[ALC - CHEGADA NOEL - GS 25],VIDEO,2025-10-29,12454,11439,1.2387446455109712,46.982123,17,3.0
GERAL,GERAL,23192964387,[ALC - CHEGADA NOEL - GS 25],VIDEO,2025-10-30,10385,9166,1.2063059131573206,46.9998,16,12.0
GERAL,GERAL,23192964387,[ALC - CHEGADA NOEL - GS 25],VIDEO,2025-10-31,11430,9854,1.2735944793992287,46.833689,15,9.0
GERAL,GERAL,23192964387,[ALC - CHEGADA NOEL - GS 25],VIDEO,2025-11-01,11625,10004,1.278688524590164,46.741795,18,9.0
GERAL,GERAL,23192979552,[ALC - CHEGADA NOEL - NS 25],VIDEO,2025-10-28,949,504,1.882936507936508,4.161418,3,0.0
GERAL,GERAL,23192979552,[ALC - CHEGADA NOEL - NS 25],VIDEO,2025-10-29,5285,5168,1.201625386996904,16.368892,5,0.0
GERAL,GERAL,23192979552,[ALC - CHEGADA NOEL - NS 25],VIDEO,2025-10-30,3915,3502,1.1898914905768132,16.334756,9,5.0
GERAL,GERAL,23192979552,[ALC - CHEGADA NOEL - NS 25],VIDEO,2025-10-31,4432,3278,1.436241610738255,16.352676,6,1.0
GERAL,GERAL,23192979552,[ALC - CHEGADA NOEL - NS 25],VIDEO,2025-11-01,4744,3549,1.4330797407720484,16.357507,4,2.0
GERAL,GERAL,23192979552,[ALC - CHEGADA NOEL - NS 25],VIDEO,2025-11-02,4671,3640,1.379945054945055,16.319576,7,0.0
GERAL,GERAL,23192979552,[ALC - CHEGADA NOEL - NS 25],VIDEO,2025-11-03,4819,3727,1.394150791521331,16.356856,7,3.0
GERAL,GERAL,23192979552,[ALC - CHEGADA NOEL - NS 25],VIDEO,2025-11-04,4963,4208,1.3184410646387832,16.397199,15,7.0
GERAL,GERAL,23192979552,[ALC - CHEGADA NOEL - NS 25],VIDEO,2025-11-05,4993,3906,1.4047619047619047,16.430386,10,4.0
GERAL,GERAL,23192979552,[ALC - CHEGADA NOEL - NS 25],VIDEO,2025-11-06,5180,4458,1.3142664872139973,16.428847,5,7.0
GERAL,GERAL,23192979552,[ALC - CHEGADA NOEL - NS 25],VIDEO,2025-11-07,5238,4196,1.3882268827454718,16.496415,9,4.0
GERAL,GERAL,23192979552,[ALC - CHEGADA NOEL - NS 25],VIDEO,2025-11-08,5304,4146,1.393391220453449,16.465337,6,7.0
GERAL,GERAL,23192979552,[ALC - CHEGADA NOEL - NS 25],VIDEO,2025-11-09,5284,3833,1.4787372815027393,16.465119,11,4.0
GERAL,GERAL,23200984955,[CHEGADA NOEL -  BS 25],VIDEO,2025-10-29,7312,3249,2.262234533702678,32.675234,14,7.0
GERAL,GERAL,23200984955,[CHEGADA NOEL -  BS 25],VIDEO,2025-10-30,13507,12415,1.1997583568264196,55.930294,22,19.0
GERAL,GERAL,23200984955,[CHEGADA NOEL -  BS 25],VIDEO,2025-10-31,13429,9909,1.4418205671611666,55.726469,22,12.0
GERAL,GERAL,23200984955,[CHEGADA NOEL -  BS 25],VIDEO,2025-11-01,13864,11118,1.3531210649397374,55.749718,29,26.0
GERAL,GERAL,23205108667,[ALC - CHEGADA NOEL - NK 25],VIDEO,2025-10-29,4998,3741,1.424752739909115,22.293513,6,8.0
GERAL,GERAL,23205108667,[ALC - CHEGADA NOEL - NK 25],VIDEO,2025-10-30,6200,5811,1.1708828084667011,22.465835,10,13.0
GERAL,GERAL,23205108667,[ALC - CHEGADA NOEL - NK 25],VIDEO,2025-10-31,5398,4110,1.3987834549878346,22.186132,9,8.0
GERAL,GERAL,23205108667,[ALC - CHEGADA NOEL - NK 25],VIDEO,2025-11-01,6030,4961,1.3148558758314857,22.241015,2,7.0
GERAL,GERAL,23205108667,[ALC - CHEGADA NOEL - NK 25],VIDEO,2025-11-02,6338,4887,1.3904235727440146,22.147182,10,10.0
GERAL,GERAL,23205108667,[ALC - CHEGADA NOEL - NK 25],VIDEO,2025-11-03,6359,5073,1.3638872462054012,22.197704,6,2.0
GERAL,GERAL,23205108667,[ALC - CHEGADA NOEL - NK 25],VIDEO,2025-11-04,5718,4263,1.428806005160685,22.322952,7,6.0
GERAL,GERAL,23205108667,[ALC - CHEGADA NOEL - NK 25],VIDEO,2025-11-05,6539,4880,1.4383196721311475,22.435256,8,6.0
GERAL,GERAL,23205108667,[ALC - CHEGADA NOEL - NK 25],VIDEO,2025-11-06,5911,4155,1.521540312876053,22.4473,6,5.0
GERAL,GERAL,23206623487,[ALC - Continente Night Run 2025 - CS],VIDEO,2025-10-29,3336,1782,1.8815937149270483,13.979985,6,3.0
GERAL,GERAL,23206623487,[ALC - Continente Night Run 2025 - CS],VIDEO,2025-10-30,14570,14251,1.157883657287208,54.106682,25,13.0
GERAL,GERAL,23206623487,[ALC - Continente Night Run 2025 - CS],VIDEO,2025-10-31,16212,13217,1.3134599379586895,54.094158,17,13.0
GERAL,GERAL,23206623487,[ALC - Continente Night Run 2025 - CS],VIDEO,2025-11-01,15800,14216,1.1961170512099044,53.981051,31,13.0
GERAL,GERAL,23206623487,[ALC - Continente Night Run 2025 - CS],VIDEO,2025-11-02,17969,14979,1.2933440149542692,53.987881,29,13.0
GERAL,GERAL,23206623487,[ALC - Continente Night Run 2025 - CS],VIDEO,2025-11-03,18435,15146,1.3308464280998282,54.025881,18,8.0
GERAL,GERAL,23206623487,[ALC - Continente Night Run 2025 - CS],VIDEO,2025-11-04,18164,14943,1.3416984541256776,54.100742,20,14.0
GERAL,GERAL,23206623487,[ALC - Continente Night Run 2025 - CS],VIDEO,2025-11-05,17825,15026,1.3420071875415946,54.14363,19,15.0
GERAL,GERAL,23206623487,[ALC - Continente Night Run 2025 - CS],VIDEO,2025-11-06,17097,14269,1.3346415305907913,54.169791,22,11.0
GERAL,GERAL,23206623487,[ALC - Continente Night Run 2025 - CS],VIDEO,2025-11-07,18797,15523,1.3746054242092378,54.216043,16,19.0
GERAL,GERAL,23224120701,[PMAX - PATATIPATATA- NR],PERFORMANCE_MAX,2025-11-05,16567,13952,1.1875,59.357316,17,336.0
GERAL,GERAL,23224120701,[PMAX - PATATIPATATA- NR],PERFORMANCE_MAX,2025-11-06,15479,12338,1.2545793483546765,47.717745,13,400.0
GERAL,GERAL,23224120701,[PMAX - PATATIPATATA- NR],PERFORMANCE_MAX,2025-11-07,31766,21441,1.4817872300732242,73.094675,6,794.0
GERAL,GERAL,23224120701,[PMAX - PATATIPATATA- NR],PERFORMANCE_MAX,2025-11-08,15921,12249,1.300432688382725,57.701876,27,540.0
GERAL,GERAL,23224120701,[PMAX - PATATIPATATA- NR],PERFORMANCE_MAX,2025-11-09,28123,18411,1.5281081961870622,61.505461,19,680.0
GERAL,GERAL,23224120701,[PMAX - PATATIPATATA- NR],PERFORMANCE_MAX,2025-11-10,2416,2145,1.1268065268065268,4.705043,2,38.0
GERAL,GERAL,23229114450,[ALC - NATAL 25 - BS] #tdsdispositivos,VIDEO,2025-11-06,1263,628,2.0127388535031847,5.715571,2,0.0
GERAL,GERAL,23229114450,[ALC - NATAL 25 - BS] #tdsdispositivos,VIDEO,2025-11-07,6273,5630,1.2799289520426287,22.720853,3,2.0
GERAL,GERAL,23229114450,[ALC - NATAL 25 - BS] #tdsdispositivos,VIDEO,2025-11-08,5512,4282,1.4290051377860813,22.814074,3,4.0
GERAL,GERAL,23229114450,[ALC - NATAL 25 - BS] #tdsdispositivos,VIDEO,2025-11-09,5372,3711,1.5041767717596335,22.646065,5,4.0
GERAL,GERAL,23229114450,[ALC - NATAL 25 - BS] #tdsdispositivos,VIDEO,2025-11-10,6143,4324,1.4930619796484736,22.681712,9,1.0
GERAL,GERAL,23229114450,[ALC - NATAL 25 - BS] #tdsdispositivos,VIDEO,2025-11-11,5970,3978,1.5691302161890397,22.683636,6,6.0
GERAL,GERAL,23229114450,[ALC - NATAL 25 - BS] #tdsdispositivos,VIDEO,2025-11-12,5860,4655,1.3473684210526315,22.724035,7,10.0
GERAL,GERAL,23229114450,[ALC - NATAL 25 - BS] #tdsdispositivos,VIDEO,2025-11-13,5886,4206,1.472182596291013,22.632699,5,8.0
GERAL,GERAL,23229114450,[ALC - NATAL 25 - BS] #tdsdispositivos,VIDEO,2025-11-14,5701,4106,1.469069654164637,22.750314,3,11.0
GERAL,GERAL,23229114450,[ALC - NATAL 25 - BS] #tdsdispositivos,VIDEO,2025-11-15,5609,3895,1.5075738125802312,22.675892,6,8.0
GERAL,GERAL,23229114450,[ALC - NATAL 25 - BS] #tdsdispositivos,VIDEO,2025-11-16,6571,4983,1.4250451535219748,22.710935,5,8.0
GERAL,GERAL,23229114450,[ALC - NATAL 25 - BS] #tdsdispositivos,VIDEO,2025-11-17,6491,5109,1.3689567430025444,22.696719,10,14.0
GERAL,GERAL,23229114450,[ALC - NATAL 25 - BS] #tdsdispositivos,VIDEO,2025-11-18,6172,4207,1.523413358687901,22.664555,7,5.0
GERAL,GERAL,23229114450,[ALC - NATAL 25 - BS] #tdsdispositivos,VIDEO,2025-11-19,6573,5225,1.3429665071770336,22.647837,6,11.0
GERAL,GERAL,23229114450,[ALC - NATAL 25 - BS] #tdsdispositivos,VIDEO,2025-11-20,6409,4972,1.3680611423974256,22.64713,7,9.0
GERAL,GERAL,23229114450,[ALC - NATAL 25 - BS] #tdsdispositivos,VIDEO,2025-11-21,6595,5004,1.3992805755395683,22.734858,5,8.0
GERAL,GERAL,23229114450,[ALC - NATAL 25 - BS] #tdsdispositivos,VIDEO,2025-11-22,6789,5290,1.3714555765595464,22.663075,7,4.0
GERAL,GERAL,23229114450,[ALC - NATAL 25 - BS] #tdsdispositivos,VIDEO,2025-11-23,6978,5250,1.3921904761904762,22.618731,8,7.0
GERAL,GERAL,23229114450,[ALC - NATAL 25 - BS] #tdsdispositivos,VIDEO,2025-11-24,6809,5631,1.3162848517137276,22.655758,14,5.0
GERAL,GERAL,23229114450,[ALC - NATAL 25 - BS] #tdsdispositivos,VIDEO,2025-11-25,6871,5326,1.3999248967330078,22.626158,5,12.0
GERAL,GERAL,23229114450,[ALC - NATAL 25 - BS] #tdsdispositivos,VIDEO,2025-11-26,5587,4971,1.2369744518205592,22.644925,9,23.0
GERAL,GERAL,23229114450,[ALC - NATAL 25 - BS] #tdsdispositivos,VIDEO,2025-11-27,5990,4736,1.3391047297297298,22.654766,11,13.0
GERAL,GERAL,23229114450,[ALC - NATAL 25 - BS] #tdsdispositivos,VIDEO,2025-11-28,8695,7729,1.2077888471988614,22.658104,1,10.0
GERAL,GERAL,23229114450,[ALC - NATAL 25 - BS] #tdsdispositivos,VIDEO,2025-11-29,5944,5825,1.1622317596566523,22.652172,6,16.0
GERAL,GERAL,23229114450,[ALC - NATAL 25 - BS] #tdsdispositivos,VIDEO,2025-11-30,7351,7324,1.1638448935008192,22.660911,5,12.0
GERAL,GERAL,23229114450,[ALC - NATAL 25 - BS] #tdsdispositivos,VIDEO,2025-12-01,7657,7858,1.1366759989819293,22.670776,6,13.0
GERAL,GERAL,23229114450,[ALC - NATAL 25 - BS] #tdsdispositivos,VIDEO,2025-12-02,10237,9982,1.1509717491484672,22.671733,4,12.0
GERAL,GERAL,23229136305,[ALC - NATAL 25 - NR] #tdsdispositivos,VIDEO,2025-11-06,1236,623,1.9839486356340288,5.604203,4,0.0
GERAL,GERAL,23229136305,[ALC - NATAL 25 - NR] #tdsdispositivos,VIDEO,2025-11-07,8585,8983,1.1530669041522876,22.775229,9,1.0
GERAL,GERAL,23229136305,[ALC - NATAL 25 - NR] #tdsdispositivos,VIDEO,2025-11-08,5590,4558,1.302325581395349,22.752024,11,5.0
GERAL,GERAL,23229136305,[ALC - NATAL 25 - NR] #tdsdispositivos,VIDEO,2025-11-09,5873,4267,1.4565268338411061,22.630826,12,1.0
GERAL,GERAL,23229136305,[ALC - NATAL 25 - NR] #tdsdispositivos,VIDEO,2025-11-10,6003,4774,1.3514872224549643,22.684172,9,4.0
GERAL,GERAL,23229136305,[ALC - NATAL 25 - NR] #tdsdispositivos,VIDEO,2025-11-11,5931,4222,1.480104216011369,22.647129,9,7.0
GERAL,GERAL,23229136305,[ALC - NATAL 25 - NR] #tdsdispositivos,VIDEO,2025-11-12,5775,4275,1.4278362573099415,22.686895,14,2.0
GERAL,GERAL,23229136305,[ALC - NATAL 25 - NR] #tdsdispositivos,VIDEO,2025-11-13,5875,4222,1.4753671245855045,22.63353,14,3.0
GERAL,GERAL,23229136305,[ALC - NATAL 25 - NR] #tdsdispositivos,VIDEO,2025-11-14,5943,4324,1.4532839962997224,22.684402,10,6.0
GERAL,GERAL,23229136305,[ALC - NATAL 25 - NR] #tdsdispositivos,VIDEO,2025-11-15,5897,4294,1.452026082906381,22.610583,9,8.0
GERAL,GERAL,23229136305,[ALC - NATAL 25 - NR] #tdsdispositivos,VIDEO,2025-11-16,6217,4381,1.4976032869207943,22.660172,11,7.0
GERAL,GERAL,23229136305,[ALC - NATAL 25 - NR] #tdsdispositivos,VIDEO,2025-11-17,6306,4336,1.536439114391144,22.668643,8,6.0
GERAL,GERAL,23229136305,[ALC - NATAL 25 - NR] #tdsdispositivos,VIDEO,2025-11-18,6203,4260,1.528169014084507,22.586498,8,10.0
GERAL,GERAL,23229136305,[ALC - NATAL 25 - NR] #tdsdispositivos,VIDEO,2025-11-19,6293,4987,1.338279526769601,22.638499,8,5.0
GERAL,GERAL,23229136305,[ALC - NATAL 25 - NR] #tdsdispositivos,VIDEO,2025-11-20,6638,5076,1.3888888888888888,22.656443,8,7.0
GERAL,GERAL,23229136305,[ALC - NATAL 25 - NR] #tdsdispositivos,VIDEO,2025-11-21,6504,5777,1.244936818417864,22.6989,10,13.0
GERAL,GERAL,23229136305,[ALC - NATAL 25 - NR] #tdsdispositivos,VIDEO,2025-11-22,7014,5630,1.344582593250444,22.643075,11,7.0
GERAL,GERAL,23229136305,[ALC - NATAL 25 - NR] #tdsdispositivos,VIDEO,2025-11-23,7014,5598,1.3435155412647375,22.654066,5,9.0
GERAL,GERAL,23229136305,[ALC - NATAL 25 - NR] #tdsdispositivos,VIDEO,2025-11-24,6980,5586,1.3480128893662728,22.681825,12,5.0
GERAL,GERAL,23229136305,[ALC - NATAL 25 - NR] #tdsdispositivos,VIDEO,2025-11-25,6688,5158,1.3761147731678944,22.657738,7,7.0
GERAL,GERAL,23229136305,[ALC - NATAL 25 - NR] #tdsdispositivos,VIDEO,2025-11-26,6353,5203,1.3380741879684797,22.707641,9,9.0
GERAL,GERAL,23229136305,[ALC - NATAL 25 - NR] #tdsdispositivos,VIDEO,2025-11-27,6483,4984,1.3996789727126806,22.672169,12,8.0
GERAL,GERAL,23229136305,[ALC - NATAL 25 - NR] #tdsdispositivos,VIDEO,2025-11-28,6016,4764,1.3677581863979849,22.674001,5,9.0
GERAL,GERAL,23229136305,[ALC - NATAL 25 - NR] #tdsdispositivos,VIDEO,2025-11-29,5815,4775,1.3264921465968587,22.684391,5,6.0
GERAL,GERAL,23229136305,[ALC - NATAL 25 - NR] #tdsdispositivos,VIDEO,2025-11-30,6259,4648,1.4195352839931152,22.688306,4,2.0
GERAL,GERAL,23229136305,[ALC - NATAL 25 - NR] #tdsdispositivos,VIDEO,2025-12-01,6616,5345,1.343311506080449,22.689048,5,3.0
GERAL,GERAL,23229136305,[ALC - NATAL 25 - NR] #tdsdispositivos,VIDEO,2025-12-02,8384,6744,1.3515717674970344,22.638627,9,3.0
GERAL,GERAL,23229160763,[ALC - PATATIPATATA - NR],VIDEO,2025-11-06,5080,2987,1.7579511215266153,19.997118,11,14.0
GERAL,GERAL,23229160763,[ALC - PATATIPATATA - NR],VIDEO,2025-11-07,5760,5345,1.2323666978484564,20.053172,4,65.0
GERAL,GERAL,23229160763,[ALC - PATATIPATATA - NR],VIDEO,2025-11-08,9070,8136,1.272369714847591,20.065057,9,60.0
GERAL,GERAL,23229160763,[ALC - PATATIPATATA - NR],VIDEO,2025-11-09,8761,7698,1.2742270719667446,20.010112,6,44.0
GERAL,GERAL,23229160763,[ALC - PATATIPATATA - NR],VIDEO,2025-11-10,1674,1620,1.1987654320987655,3.772334,2,5.0
GERAL,GERAL,23234245346,[ALC - NATAL 25 - NK] #tdsdispositivos,VIDEO,2025-11-06,1288,706,1.8271954674220963,5.922872,4,2.0
GERAL,GERAL,23234245346,[ALC - NATAL 25 - NK] #tdsdispositivos,VIDEO,2025-11-07,6976,6416,1.247350374064838,22.766918,9,3.0
GERAL,GERAL,23234245346,[ALC - NATAL 25 - NK] #tdsdispositivos,VIDEO,2025-11-08,5575,4539,1.310641110376735,22.714933,11,7.0
GERAL,GERAL,23234245346,[ALC - NATAL 25 - NK] #tdsdispositivos,VIDEO,2025-11-09,5580,3988,1.4974924774322969,22.40829,8,0.0
GERAL,GERAL,23234245346,[ALC - NATAL 25 - NK] #tdsdispositivos,VIDEO,2025-11-10,5934,4461,1.4196368527236045,22.644667,7,2.0
GERAL,GERAL,23234245346,[ALC - NATAL 25 - NK] #tdsdispositivos,VIDEO,2025-11-11,5811,4244,1.442507068803016,22.703772,8,1.0
GERAL,GERAL,23234245346,[ALC - NATAL 25 - NK] #tdsdispositivos,VIDEO,2025-11-12,5700,4285,1.409568261376896,22.632297,10,7.0
GERAL,GERAL,23234245346,[ALC - NATAL 25 - NK] #tdsdispositivos,VIDEO,2025-11-13,6078,4489,1.4397415905546893,22.644989,13,8.0
GERAL,GERAL,23234245346,[ALC - NATAL 25 - NK] #tdsdispositivos,VIDEO,2025-11-14,6205,4714,1.4126007636826474,22.634302,10,2.0
GERAL,GERAL,23234245346,[ALC - NATAL 25 - NK] #tdsdispositivos,VIDEO,2025-11-15,5924,4178,1.4925801819052178,22.643588,11,8.0
GERAL,GERAL,23234245346,[ALC - NATAL 25 - NK] #tdsdispositivos,VIDEO,2025-11-16,6140,4427,1.466907612378586,22.686825,11,7.0
GERAL,GERAL,23234245346,[ALC - NATAL 25 - NK] #tdsdispositivos,VIDEO,2025-11-17,6107,4383,1.485284052019165,22.667173,3,6.0
GERAL,GERAL,23234245346,[ALC - NATAL 25 - NK] #tdsdispositivos,VIDEO,2025-11-18,5912,4198,1.4833253930443069,22.626117,8,4.0
GERAL,GERAL,23234245346,[ALC - NATAL 25 - NK] #tdsdispositivos,VIDEO,2025-11-19,6027,5427,1.2428597751980837,22.622713,9,7.0
GERAL,GERAL,23234245346,[ALC - NATAL 25 - NK] #tdsdispositivos,VIDEO,2025-11-20,7058,5123,1.4573492094475893,22.675459,9,1.0
GERAL,GERAL,23234245346,[ALC - NATAL 25 - NK] #tdsdispositivos,VIDEO,2025-11-21,7175,5574,1.3916397560100466,22.676056,11,10.0
GERAL,GERAL,23234245346,[ALC - NATAL 25 - NK] #tdsdispositivos,VIDEO,2025-11-22,7226,5781,1.376059505275904,22.66847,4,5.0
GERAL,GERAL,23234245346,[ALC - NATAL 25 - NK] #tdsdispositivos,VIDEO,2025-11-23,7305,5683,1.3675875417913075,22.662939,14,5.0
GERAL,GERAL,23234245346,[ALC - NATAL 25 - NK] #tdsdispositivos,VIDEO,2025-11-24,6904,5656,1.32991513437058,22.647544,7,3.0
GERAL,GERAL,23234245346,[ALC - NATAL 25 - NK] #tdsdispositivos,VIDEO,2025-11-25,7493,5997,1.3631815907953977,22.63801,4,4.0
GERAL,GERAL,23234245346,[ALC - NATAL 25 - NK] #tdsdispositivos,VIDEO,2025-11-26,7277,5343,1.4480628860190905,22.666946,3,2.0
GERAL,GERAL,23234245346,[ALC - NATAL 25 - NK] #tdsdispositivos,VIDEO,2025-11-27,6852,4995,1.4682682682682682,22.681155,5,2.0
GERAL,GERAL,23234245346,[ALC - NATAL 25 - NK] #tdsdispositivos,VIDEO,2025-11-28,6481,4949,1.410385936552839,22.713697,3,5.0
GERAL,GERAL,23234245346,[ALC - NATAL 25 - NK] #tdsdispositivos,VIDEO,2025-11-29,6053,4549,1.4110793581006815,22.683828,6,7.0
GERAL,GERAL,23234245346,[ALC - NATAL 25 - NK] #tdsdispositivos,VIDEO,2025-11-30,7093,6442,1.231449860291835,22.683826,6,4.0
GERAL,GERAL,23234245346,[ALC - NATAL 25 - NK] #tdsdispositivos,VIDEO,2025-12-01,7340,6403,1.2720599718881773,22.672112,12,5.0
GERAL,GERAL,23234245346,[ALC - NATAL 25 - NK] #tdsdispositivos,VIDEO,2025-12-02,8704,7045,1.3531582682753727,22.718206,6,7.0
GERAL,GERAL,23234274629,[ALC - NATAL 25 - CS] #tdsdispositivos,VIDEO,2025-11-06,1338,670,1.998507462686567,5.684429,3,0.0
GERAL,GERAL,23234274629,[ALC - NATAL 25 - CS] #tdsdispositivos,VIDEO,2025-11-07,7009,5535,1.3794037940379404,22.764213,13,1.0
GERAL,GERAL,23234274629,[ALC - NATAL 25 - CS] #tdsdispositivos,VIDEO,2025-11-08,5723,3559,1.686428772127002,22.748617,9,3.0
GERAL,GERAL,23234274629,[ALC - NATAL 25 - CS] #tdsdispositivos,VIDEO,2025-11-09,5766,3978,1.5351935646053294,22.696761,5,3.0
GERAL,GERAL,23234274629,[ALC - NATAL 25 - CS] #tdsdispositivos,VIDEO,2025-11-10,6116,4855,1.3526261585993822,22.624793,6,2.0
GERAL,GERAL,23234274629,[ALC - NATAL 25 - CS] #tdsdispositivos,VIDEO,2025-11-11,5831,4377,1.41329677861549,22.698596,6,3.0
GERAL,GERAL,23234274629,[ALC - NATAL 25 - CS] #tdsdispositivos,VIDEO,2025-11-12,5646,4269,1.3968142422112908,22.646734,3,2.0
GERAL,GERAL,23234274629,[ALC - NATAL 25 - CS] #tdsdispositivos,VIDEO,2025-11-13,6223,4202,1.5471204188481675,22.646073,14,6.0
GERAL,GERAL,23234274629,[ALC - NATAL 25 - CS] #tdsdispositivos,VIDEO,2025-11-14,5912,4151,1.4950614309804866,22.662478,6,2.0
GERAL,GERAL,23234274629,[ALC - NATAL 25 - CS] #tdsdispositivos,VIDEO,2025-11-15,6142,4053,1.5874660745127067,22.674018,7,2.0
GERAL,GERAL,23234274629,[ALC - NATAL 25 - CS] #tdsdispositivos,VIDEO,2025-11-16,6077,3712,1.701239224137931,22.684901,6,1.0
GERAL,GERAL,23234274629,[ALC - NATAL 25 - CS] #tdsdispositivos,VIDEO,2025-11-17,6457,4286,1.576994867008866,22.670979,9,4.0
GERAL,GERAL,23234274629,[ALC - NATAL 25 - CS] #tdsdispositivos,VIDEO,2025-11-18,6082,4224,1.5142045454545454,22.676172,8,5.0
GERAL,GERAL,23234274629,[ALC - NATAL 25 - CS] #tdsdispositivos,VIDEO,2025-11-19,6360,4546,1.4758029036515619,22.628735,6,3.0
GERAL,GERAL,23234274629,[ALC - NATAL 25 - CS] #tdsdispositivos,VIDEO,2025-11-20,6815,4647,1.5496018936948568,22.646999,6,3.0
GERAL,GERAL,23234274629,[ALC - NATAL 25 - CS] #tdsdispositivos,VIDEO,2025-11-21,6869,4788,1.5081453634085213,22.638014,4,0.0
GERAL,GERAL,23234274629,[ALC - NATAL 25 - CS] #tdsdispositivos,VIDEO,2025-11-22,6652,4962,1.4266424828698105,22.6722,4,2.0
GERAL,GERAL,23234274629,[ALC - NATAL 25 - CS] #tdsdispositivos,VIDEO,2025-11-23,6805,5228,1.3773909716908952,22.646263,10,7.0
GERAL,GERAL,23234274629,[ALC - NATAL 25 - CS] #tdsdispositivos,VIDEO,2025-11-24,7442,5545,1.4272317403065824,22.639617,8,1.0
GERAL,GERAL,23234274629,[ALC - NATAL 25 - CS] #tdsdispositivos,VIDEO,2025-11-25,6736,5156,1.4148564778898371,22.688307,6,7.0
GERAL,GERAL,23234274629,[ALC - NATAL 25 - CS] #tdsdispositivos,VIDEO,2025-11-26,6541,4637,1.4824239810222126,22.608315,10,2.0
GERAL,GERAL,23234274629,[ALC - NATAL 25 - CS] #tdsdispositivos,VIDEO,2025-11-27,6458,4443,1.5257708755345487,22.64237,7,3.0
GERAL,GERAL,23234274629,[ALC - NATAL 25 - CS] #tdsdispositivos,VIDEO,2025-11-28,6027,4154,1.533461723639865,22.671898,3,3.0
GERAL,GERAL,23234274629,[ALC - NATAL 25 - CS] #tdsdispositivos,VIDEO,2025-11-29,5786,4046,1.5056846267918933,22.664572,7,2.0
GERAL,GERAL,23234274629,[ALC - NATAL 25 - CS] #tdsdispositivos,VIDEO,2025-11-30,7107,5391,1.4114264514932295,22.672884,8,1.0
GERAL,GERAL,23234274629,[ALC - NATAL 25 - CS] #tdsdispositivos,VIDEO,2025-12-01,7615,5817,1.4215231218841327,22.648399,4,2.0
GERAL,GERAL,23234274629,[ALC - NATAL 25 - CS] #tdsdispositivos,VIDEO,2025-12-02,8371,6338,1.430735247712212,22.60915,3,3.0
GERAL,GERAL,23234290934,[ALC - NATAL 25 - GS] #tdsdispositivos,VIDEO,2025-11-06,1250,639,1.9608763693270737,5.603725,1,1.0
GERAL,GERAL,23234290934,[ALC - NATAL 25 - GS] #tdsdispositivos,VIDEO,2025-11-07,7159,6694,1.2228861667164626,22.749427,12,0.0
GERAL,GERAL,23234290934,[ALC - NATAL 25 - GS] #tdsdispositivos,VIDEO,2025-11-08,5570,4095,1.4307692307692308,22.691049,9,5.0
GERAL,GERAL,23234290934,[ALC - NATAL 25 - GS] #tdsdispositivos,VIDEO,2025-11-09,5898,4083,1.5050208180259612,22.648143,10,2.0
GERAL,GERAL,23234290934,[ALC - NATAL 25 - GS] #tdsdispositivos,VIDEO,2025-11-10,5981,4622,1.3881436607529207,22.697297,6,1.0
GERAL,GERAL,23234290934,[ALC - NATAL 25 - GS] #tdsdispositivos,VIDEO,2025-11-11,5892,4063,1.522274181639183,22.644343,7,5.0
GERAL,GERAL,23234290934,[ALC - NATAL 25 - GS] #tdsdispositivos,VIDEO,2025-11-12,5842,4337,1.41941434171086,22.679233,7,6.0
GERAL,GERAL,23234290934,[ALC - NATAL 25 - GS] #tdsdispositivos,VIDEO,2025-11-13,6140,4305,1.505691056910569,22.645955,10,2.0
GERAL,GERAL,23234290934,[ALC - NATAL 25 - GS] #tdsdispositivos,VIDEO,2025-11-14,6128,4463,1.4570916423930091,22.678908,15,4.0
GERAL,GERAL,23234290934,[ALC - NATAL 25 - GS] #tdsdispositivos,VIDEO,2025-11-15,5887,4115,1.509356014580802,22.656585,6,2.0
GERAL,GERAL,23234290934,[ALC - NATAL 25 - GS] #tdsdispositivos,VIDEO,2025-11-16,6110,4075,1.5752147239263803,22.637151,12,1.0
GERAL,GERAL,23234290934,[ALC - NATAL 25 - GS] #tdsdispositivos,VIDEO,2025-11-17,6073,4256,1.5021146616541354,22.668839,12,1.0
GERAL,GERAL,23234290934,[ALC - NATAL 25 - GS] #tdsdispositivos,VIDEO,2025-11-18,6272,4453,1.4756344037727376,22.629548,10,1.0
GERAL,GERAL,23234290934,[ALC - NATAL 25 - GS] #tdsdispositivos,VIDEO,2025-11-19,5877,4230,1.4494089834515367,22.625124,13,1.0
GERAL,GERAL,23234290934,[ALC - NATAL 25 - GS] #tdsdispositivos,VIDEO,2025-11-20,6345,5470,1.2700182815356489,22.736972,6,5.0
GERAL,GERAL,23234290934,[ALC - NATAL 25 - GS] #tdsdispositivos,VIDEO,2025-11-21,6598,5296,1.3372356495468278,22.664918,10,5.0
GERAL,GERAL,23234290934,[ALC - NATAL 25 - GS] #tdsdispositivos,VIDEO,2025-11-22,6704,5161,1.3662080992055803,22.665868,13,0.0
GERAL,GERAL,23234290934,[ALC - NATAL 25 - GS] #tdsdispositivos,VIDEO,2025-11-23,6773,5159,1.3834076371389805,22.695402,16,5.0
GERAL,GERAL,23234290934,[ALC - NATAL 25 - GS] #tdsdispositivos,VIDEO,2025-11-24,7129,5614,1.35286783042394,22.565179,4,3.0
GERAL,GERAL,23234290934,[ALC - NATAL 25 - GS] #tdsdispositivos,VIDEO,2025-11-25,6554,5747,1.258047677048895,22.648422,6,5.0
GERAL,GERAL,23234290934,[ALC - NATAL 25 - GS] #tdsdispositivos,VIDEO,2025-11-26,6682,4463,1.5624019717678692,22.672239,6,0.0
GERAL,GERAL,23234290934,[ALC - NATAL 25 - GS] #tdsdispositivos,VIDEO,2025-11-27,5935,4302,1.4695490469549046,22.664499,7,4.0
GERAL,GERAL,23234290934,[ALC - NATAL 25 - GS] #tdsdispositivos,VIDEO,2025-11-28,6184,4725,1.417989417989418,22.71876,5,2.0
GERAL,GERAL,23234290934,[ALC - NATAL 25 - GS] #tdsdispositivos,VIDEO,2025-11-29,5696,4424,1.3673146473779385,22.667419,13,2.0
GERAL,GERAL,23234290934,[ALC - NATAL 25 - GS] #tdsdispositivos,VIDEO,2025-11-30,6418,4892,1.3851185609157808,22.714961,4,3.0
GERAL,GERAL,23234290934,[ALC - NATAL 25 - GS] #tdsdispositivos,VIDEO,2025-12-01,7861,5946,1.4194416414396234,22.666124,7,1.0
GERAL,GERAL,23234290934,[ALC - NATAL 25 - GS] #tdsdispositivos,VIDEO,2025-12-02,8551,6462,1.4263385948622718,22.713734,12,1.0
GERAL,GERAL,23237304635,[DEMAND GEN - NATAL 25 - NR],DEMAND_GEN,2025-11-07,6857,4909,1.3972295783255246,13.344211,132,3.0
GERAL,GERAL,23237304635,[DEMAND GEN - NATAL 25 - NR],DEMAND_GEN,2025-11-08,14191,9911,1.4319443043083442,25.962704,287,8.0
GERAL,GERAL,23237304635,[DEMAND GEN - NATAL 25 - NR],DEMAND_GEN,2025-11-09,13724,9900,1.3862626262626263,25.955807,292,8.0
GERAL,GERAL,23237304635,[DEMAND GEN - NATAL 25 - NR],DEMAND_GEN,2025-11-10,10297,8372,1.229933110367893,25.931799,305,9.0
GERAL,GERAL,23237304635,[DEMAND GEN - NATAL 25 - NR],DEMAND_GEN,2025-11-11,9543,7458,1.2795655671761867,25.974631,232,2.0
GERAL,GERAL,23237304635,[DEMAND GEN - NATAL 25 - NR],DEMAND_GEN,2025-11-12,10325,8485,1.2170889805539187,25.903943,291,15.0
GERAL,GERAL,23237304635,[DEMAND GEN - NATAL 25 - NR],DEMAND_GEN,2025-11-13,11224,8410,1.3354340071343638,25.98491,292,24.0
GERAL,GERAL,23237304635,[DEMAND GEN - NATAL 25 - NR],DEMAND_GEN,2025-11-14,11986,8814,1.3606761969593828,25.952333,267,16.0
GERAL,GERAL,23237304635,[DEMAND GEN - NATAL 25 - NR],DEMAND_GEN,2025-11-15,14777,10418,1.4188903820311,25.917341,289,18.0
GERAL,GERAL,23237304635,[DEMAND GEN - NATAL 25 - NR],DEMAND_GEN,2025-11-16,13595,10432,1.304064417177914,25.908968,301,10.0
GERAL,GERAL,23237304635,[DEMAND GEN - NATAL 25 - NR],DEMAND_GEN,2025-11-17,10430,7960,1.3128140703517588,25.868509,254,26.0
GERAL,GERAL,23237304635,[DEMAND GEN - NATAL 25 - NR],DEMAND_GEN,2025-11-18,11302,8191,1.381638383591747,25.901039,298,28.0
GERAL,GERAL,23237304635,[DEMAND GEN - NATAL 25 - NR],DEMAND_GEN,2025-11-19,5927,4836,1.2264267990074442,37.090657,172,33.0
GERAL,GERAL,23237304635,[DEMAND GEN - NATAL 25 - NR],DEMAND_GEN,2025-11-20,2204,2018,1.0921704658077305,25.682489,5,26.0
GERAL,GERAL,23237304635,[DEMAND GEN - NATAL 25 - NR],DEMAND_GEN,2025-11-21,10883,8459,1.2865586948811916,25.741252,3,281.0
GERAL,GERAL,23237304635,[DEMAND GEN - NATAL 25 - NR],DEMAND_GEN,2025-11-22,9907,7905,1.25325743200506,29.069476,12,231.0
GERAL,GERAL,23237304635,[DEMAND GEN - NATAL 25 - NR],DEMAND_GEN,2025-11-23,3987,3462,1.1516464471403813,42.507977,26,94.0
GERAL,GERAL,23237304635,[DEMAND GEN - NATAL 25 - NR],DEMAND_GEN,2025-11-24,2868,2321,1.2356742783283068,25.334381,13,83.0
GERAL,GERAL,23237304635,[DEMAND GEN - NATAL 25 - NR],DEMAND_GEN,2025-11-25,9441,7703,1.2256263793327276,23.156708,4,229.0
GERAL,GERAL,23237304635,[DEMAND GEN - NATAL 25 - NR],DEMAND_GEN,2025-11-26,9524,7927,1.2014633530970102,25.383715,4,291.0
GERAL,GERAL,23237304635,[DEMAND GEN - NATAL 25 - NR],DEMAND_GEN,2025-11-27,9208,7753,1.1876692893073648,25.384717,7,316.0
GERAL,GERAL,23237304635,[DEMAND GEN - NATAL 25 - NR],DEMAND_GEN,2025-11-28,8777,7395,1.1868830290736985,25.37441,3,304.0
GERAL,GERAL,23237304635,[DEMAND GEN - NATAL 25 - NR],DEMAND_GEN,2025-11-29,9518,7973,1.193779004138969,25.389295,1,297.0
GERAL,GERAL,23237304635,[DEMAND GEN - NATAL 25 - NR],DEMAND_GEN,2025-11-30,10780,8895,1.2119168071950535,25.401419,1,283.0
GERAL,GERAL,23237304635,[DEMAND GEN - NATAL 25 - NR],DEMAND_GEN,2025-12-01,12463,10304,1.2095302795031055,25.388218,4,269.0
GERAL,GERAL,23237304635,[DEMAND GEN - NATAL 25 - NR],DEMAND_GEN,2025-12-02,7167,6165,1.162530413625304,16.804111,2,193.0
GERAL,GERAL,23237329838,[DEMAND GEN - NATAL 25 - NK],DEMAND_GEN,2025-11-07,4939,3935,1.255146124523507,13.249659,142,8.0
GERAL,GERAL,23237329838,[DEMAND GEN - NATAL 25 - NK],DEMAND_GEN,2025-11-08,10069,7785,1.2933847141939627,25.996114,314,7.0
GERAL,GERAL,23237329838,[DEMAND GEN - NATAL 25 - NK],DEMAND_GEN,2025-11-09,11103,8426,1.3177070970804652,25.985821,319,9.0
GERAL,GERAL,23237329838,[DEMAND GEN - NATAL 25 - NK],DEMAND_GEN,2025-11-10,9384,6956,1.349051178838413,25.960247,322,12.0
GERAL,GERAL,23237329838,[DEMAND GEN - NATAL 25 - NK],DEMAND_GEN,2025-11-11,8072,6325,1.2762055335968379,25.950277,276,7.0
GERAL,GERAL,23237329838,[DEMAND GEN - NATAL 25 - NK],DEMAND_GEN,2025-11-12,8985,6937,1.2952284849358513,25.948264,333,13.0
GERAL,GERAL,23237329838,[DEMAND GEN - NATAL 25 - NK],DEMAND_GEN,2025-11-13,8635,6706,1.2876528481956457,26.036795,324,14.0
GERAL,GERAL,23237329838,[DEMAND GEN - NATAL 25 - NK],DEMAND_GEN,2025-11-14,8567,6540,1.3099388379204893,25.977834,267,6.0
GERAL,GERAL,23237329838,[DEMAND GEN - NATAL 25 - NK],DEMAND_GEN,2025-11-15,10340,7544,1.3707582184517497,25.957123,359,18.0
GERAL,GERAL,23237329838,[DEMAND GEN - NATAL 25 - NK],DEMAND_GEN,2025-11-16,8781,6721,1.307097158160988,25.880092,294,9.0
GERAL,GERAL,23237329838,[DEMAND GEN - NATAL 25 - NK],DEMAND_GEN,2025-11-17,7412,5624,1.3193456614509247,25.801591,303,21.0
GERAL,GERAL,23237329838,[DEMAND GEN - NATAL 25 - NK],DEMAND_GEN,2025-11-18,8379,6399,1.309423347398031,25.960688,289,11.0
GERAL,GERAL,23237329838,[DEMAND GEN - NATAL 25 - NK],DEMAND_GEN,2025-11-19,5878,5058,1.162119414788454,25.98765,183,19.0
GERAL,GERAL,23237329838,[DEMAND GEN - NATAL 25 - NK],DEMAND_GEN,2025-11-20,4199,2718,1.5448859455481971,25.84422,4,73.0
GERAL,GERAL,23237329838,[DEMAND GEN - NATAL 25 - NK],DEMAND_GEN,2025-11-21,8340,5972,1.3965170797052913,25.856849,13,235.0
GERAL,GERAL,23237329838,[DEMAND GEN - NATAL 25 - NK],DEMAND_GEN,2025-11-22,11528,9124,1.2634809294169225,25.944802,3,250.0
GERAL,GERAL,23237329838,[DEMAND GEN - NATAL 25 - NK],DEMAND_GEN,2025-11-23,8956,7022,1.275420108231273,26.134127,2,230.0
GERAL,GERAL,23237329838,[DEMAND GEN - NATAL 25 - NK],DEMAND_GEN,2025-11-24,6156,4510,1.3649667405764967,26.435146,11,144.0
GERAL,GERAL,23237329838,[DEMAND GEN - NATAL 25 - NK],DEMAND_GEN,2025-11-25,1206,1074,1.1229050279329609,37.306469,20,78.0
GERAL,GERAL,23237329838,[DEMAND GEN - NATAL 25 - NK],DEMAND_GEN,2025-11-26,6096,5330,1.1437148217636022,19.650822,3,175.0
GERAL,GERAL,23237329838,[DEMAND GEN - NATAL 25 - NK],DEMAND_GEN,2025-11-27,7651,6612,1.1571385359951603,25.558413,3,261.0
GERAL,GERAL,23237329838,[DEMAND GEN - NATAL 25 - NK],DEMAND_GEN,2025-11-28,7012,5736,1.2224546722454672,25.494557,0,276.0
GERAL,GERAL,23237329838,[DEMAND GEN - NATAL 25 - NK],DEMAND_GEN,2025-11-29,8178,6625,1.2344150943396226,25.855865,4,247.0
GERAL,GERAL,23237329838,[DEMAND GEN - NATAL 25 - NK],DEMAND_GEN,2025-11-30,9591,7742,1.2388271764401964,25.844513,3,273.0
GERAL,GERAL,23237329838,[DEMAND GEN - NATAL 25 - NK],DEMAND_GEN,2025-12-01,11575,9244,1.2521635655560364,25.852665,2,257.404045
GERAL,GERAL,23237329838,[DEMAND GEN - NATAL 25 - NK],DEMAND_GEN,2025-12-02,6750,5553,1.2155591572123177,17.057119,6,192.0
GERAL,GERAL,23237343074,[DEMAND GEN - NATAL 25 - GS],DEMAND_GEN,2025-11-07,5778,4154,1.390948483389504,13.181369,147,6.0
GERAL,GERAL,23237343074,[DEMAND GEN - NATAL 25 - GS],DEMAND_GEN,2025-11-08,11884,8590,1.3835855646100117,25.97106,316,7.0
GERAL,GERAL,23237343074,[DEMAND GEN - NATAL 25 - GS],DEMAND_GEN,2025-11-09,15329,11262,1.3611259101402948,25.958525,314,5.0
GERAL,GERAL,23237343074,[DEMAND GEN - NATAL 25 - GS],DEMAND_GEN,2025-11-10,12010,9703,1.2377615170565803,25.934864,315,4.0
GERAL,GERAL,23237343074,[DEMAND GEN - NATAL 25 - GS],DEMAND_GEN,2025-11-11,10603,8541,1.2414237208757757,25.953218,270,4.0
GERAL,GERAL,23237343074,[DEMAND GEN - NATAL 25 - GS],DEMAND_GEN,2025-11-12,9352,7734,1.209206102922162,25.942629,317,12.0
GERAL,GERAL,23237343074,[DEMAND GEN - NATAL 25 - GS],DEMAND_GEN,2025-11-13,7096,5490,1.2925318761384335,26.066355,260,16.0
GERAL,GERAL,23237343074,[DEMAND GEN - NATAL 25 - GS],DEMAND_GEN,2025-11-14,9145,7351,1.2440484287851994,25.947413,302,6.0
GERAL,GERAL,23237343074,[DEMAND GEN - NATAL 25 - GS],DEMAND_GEN,2025-11-15,10777,8431,1.2782588067844858,25.946792,328,15.0
GERAL,GERAL,23237343074,[DEMAND GEN - NATAL 25 - GS],DEMAND_GEN,2025-11-16,10356,8210,1.2613885505481122,25.843934,286,9.0
GERAL,GERAL,23237343074,[DEMAND GEN - NATAL 25 - GS],DEMAND_GEN,2025-11-17,9819,7949,1.2351239149578563,25.908666,286,9.0
GERAL,GERAL,23237343074,[DEMAND GEN - NATAL 25 - GS],DEMAND_GEN,2025-11-18,10412,8280,1.257487922705314,25.976898,287,21.0
GERAL,GERAL,23237343074,[DEMAND GEN - NATAL 25 - GS],DEMAND_GEN,2025-11-19,7093,6026,1.1770660471291072,25.924619,165,24.0
GERAL,GERAL,23237343074,[DEMAND GEN - NATAL 25 - GS],DEMAND_GEN,2025-11-20,4444,2941,1.5110506630397824,25.919928,7,77.0
GERAL,GERAL,23237343074,[DEMAND GEN - NATAL 25 - GS],DEMAND_GEN,2025-11-21,7042,4859,1.4492693969952666,25.847376,13,240.0
GERAL,GERAL,23237343074,[DEMAND GEN - NATAL 25 - GS],DEMAND_GEN,2025-11-22,9693,7115,1.362333099086437,25.915023,11,232.0
GERAL,GERAL,23237343074,[DEMAND GEN - NATAL 25 - GS],DEMAND_GEN,2025-11-23,4396,3437,1.279022403258656,28.112225,19,98.0
GERAL,GERAL,23237343074,[DEMAND GEN - NATAL 25 - GS],DEMAND_GEN,2025-11-24,1793,1499,1.1961307538358905,34.055947,11,238.0
GERAL,GERAL,23237343074,[DEMAND GEN - NATAL 25 - GS],DEMAND_GEN,2025-11-25,7819,6194,1.2623506619309008,25.629508,9,228.000234
GERAL,GERAL,23237343074,[DEMAND GEN - NATAL 25 - GS],DEMAND_GEN,2025-11-26,8831,7178,1.2302869880189469,25.655336,2,277.0
GERAL,GERAL,23237343074,[DEMAND GEN - NATAL 25 - GS],DEMAND_GEN,2025-11-27,8552,7284,1.1740801757276222,25.763513,2,320.0
GERAL,GERAL,23237343074,[DEMAND GEN - NATAL 25 - GS],DEMAND_GEN,2025-11-28,7556,6248,1.209346991037132,25.769697,2,290.0
GERAL,GERAL,23237343074,[DEMAND GEN - NATAL 25 - GS],DEMAND_GEN,2025-11-29,8443,7153,1.1803439116454635,25.748797,7,270.0
GERAL,GERAL,23237343074,[DEMAND GEN - NATAL 25 - GS],DEMAND_GEN,2025-11-30,10337,8675,1.191585014409222,25.766034,2,282.0
GERAL,GERAL,23237343074,[DEMAND GEN - NATAL 25 - GS],DEMAND_GEN,2025-12-01,12268,10131,1.2109367288520383,25.751476,3,233.0
GERAL,GERAL,23237343074,[DEMAND GEN - NATAL 25 - GS],DEMAND_GEN,2025-12-02,12048,9847,1.2235198537625673,25.738373,7,315.0
GERAL,GERAL,23237881832,[DEMAND GEN - NATAL 25 - CS],DEMAND_GEN,2025-11-07,5202,3570,1.457142857142857,10.561634,90,3.0
GERAL,GERAL,23237881832,[DEMAND GEN - NATAL 25 - CS],DEMAND_GEN,2025-11-08,14039,9779,1.4358318846507823,25.995967,309,5.0
GERAL,GERAL,23237881832,[DEMAND GEN - NATAL 25 - CS],DEMAND_GEN,2025-11-09,16188,10951,1.4783124828782759,26.001736,344,1.0
GERAL,GERAL,23237881832,[DEMAND GEN - NATAL 25 - CS],DEMAND_GEN,2025-11-10,12466,8913,1.3986312128351845,25.987349,303,6.0
GERAL,GERAL,23237881832,[DEMAND GEN - NATAL 25 - CS],DEMAND_GEN,2025-11-11,10988,8061,1.363106314353058,26.001531,275,1.0
GERAL,GERAL,23237881832,[DEMAND GEN - NATAL 25 - CS],DEMAND_GEN,2025-11-12,10832,8226,1.3169219547775346,25.982138,315,10.0
GERAL,GERAL,23237881832,[DEMAND GEN - NATAL 25 - CS],DEMAND_GEN,2025-11-13,11641,8709,1.3366632219543002,26.038584,268,9.0
GERAL,GERAL,23237881832,[DEMAND GEN - NATAL 25 - CS],DEMAND_GEN,2025-11-14,13064,9314,1.4026197122611124,26.000663,304,8.0
GERAL,GERAL,23237881832,[DEMAND GEN - NATAL 25 - CS],DEMAND_GEN,2025-11-15,14242,9611,1.4820518156279263,26.000618,298,1.0
GERAL,GERAL,23237881832,[DEMAND GEN - NATAL 25 - CS],DEMAND_GEN,2025-11-16,13498,9604,1.405664306538942,25.980841,307,3.0
GERAL,GERAL,23237881832,[DEMAND GEN - NATAL 25 - CS],DEMAND_GEN,2025-11-17,12402,8950,1.3856983240223464,26.001802,258,11.0
GERAL,GERAL,23237881832,[DEMAND GEN - NATAL 25 - CS],DEMAND_GEN,2025-11-18,12545,9225,1.3602168021680217,25.99978,325,9.0
GERAL,GERAL,23237881832,[DEMAND GEN - NATAL 25 - CS],DEMAND_GEN,2025-11-19,7243,6037,1.2002650323008117,26.731928,153,12.0
GERAL,GERAL,23237881832,[DEMAND GEN - NATAL 25 - CS],DEMAND_GEN,2025-11-20,3700,2425,1.5257731958762886,25.76379,4,49.0
GERAL,GERAL,23237881832,[DEMAND GEN - NATAL 25 - CS],DEMAND_GEN,2025-11-21,8716,6172,1.4121840570317563,25.882585,9,151.0
GERAL,GERAL,23237881832,[DEMAND GEN - NATAL 25 - CS],DEMAND_GEN,2025-11-22,9397,7172,1.3102342442833241,26.618703,9,150.0
GERAL,GERAL,23237881832,[DEMAND GEN - NATAL 25 - CS],DEMAND_GEN,2025-11-23,7621,5990,1.27228714524207,25.935715,16,97.0
GERAL,GERAL,23237881832,[DEMAND GEN - NATAL 25 - CS],DEMAND_GEN,2025-11-24,2899,2422,1.1969446738232865,41.01426,19,95.0
GERAL,GERAL,23237881832,[DEMAND GEN - NATAL 25 - CS],DEMAND_GEN,2025-11-25,1424,1247,1.1419406575781876,39.50689,18,33.0
GERAL,GERAL,23237881832,[DEMAND GEN - NATAL 25 - CS],DEMAND_GEN,2025-11-26,1489,1352,1.1013313609467457,54.583263,29,33.0
GERAL,GERAL,23237881832,[DEMAND GEN - NATAL 25 - CS],DEMAND_GEN,2025-11-27,7911,6400,1.23609375,23.78445,2,131.0
GERAL,GERAL,23237881832,[DEMAND GEN - NATAL 25 - CS],DEMAND_GEN,2025-11-28,8993,6962,1.2917265153691468,24.759146,2,175.0
GERAL,GERAL,23237881832,[DEMAND GEN - NATAL 25 - CS],DEMAND_GEN,2025-11-29,9881,7470,1.3227576974564927,24.767309,1,191.0
GERAL,GERAL,23237881832,[DEMAND GEN - NATAL 25 - CS],DEMAND_GEN,2025-11-30,11412,8493,1.34369480748852,24.768201,3,181.0
GERAL,GERAL,23237881832,[DEMAND GEN - NATAL 25 - CS],DEMAND_GEN,2025-12-01,13401,9864,1.3585766423357664,24.766292,1,174.0
GERAL,GERAL,23237881832,[DEMAND GEN - NATAL 25 - CS],DEMAND_GEN,2025-12-02,12938,9554,1.3541971948921918,24.745144,2,211.0
GERAL,GERAL,23237900351,[DEMAND GEN - NATAL 25 - BS],DEMAND_GEN,2025-11-07,4354,3055,1.4252045826513913,10.488632,100,5.0
GERAL,GERAL,23237900351,[DEMAND GEN - NATAL 25 - BS],DEMAND_GEN,2025-11-08,10303,8198,1.256891924859722,26.068118,350,5.0
GERAL,GERAL,23237900351,[DEMAND GEN - NATAL 25 - BS],DEMAND_GEN,2025-11-09,9514,7333,1.2974226101186417,25.998664,319,11.0
GERAL,GERAL,23237900351,[DEMAND GEN - NATAL 25 - BS],DEMAND_GEN,2025-11-10,7239,5740,1.2611498257839722,25.994183,352,8.0
GERAL,GERAL,23237900351,[DEMAND GEN - NATAL 25 - BS],DEMAND_GEN,2025-11-11,6213,4978,1.248091603053435,25.940233,276,9.0
GERAL,GERAL,23237900351,[DEMAND GEN - NATAL 25 - BS],DEMAND_GEN,2025-11-12,7577,6075,1.2474074074074073,25.992211,312,13.0
GERAL,GERAL,23237900351,[DEMAND GEN - NATAL 25 - BS],DEMAND_GEN,2025-11-13,9195,7403,1.2420640280967175,26.153103,326,14.0
GERAL,GERAL,23237900351,[DEMAND GEN - NATAL 25 - BS],DEMAND_GEN,2025-11-14,9272,7325,1.26580204778157,26.00607,314,12.0
GERAL,GERAL,23237900351,[DEMAND GEN - NATAL 25 - BS],DEMAND_GEN,2025-11-15,10388,7491,1.3867307435589373,25.978051,332,7.0
GERAL,GERAL,23237900351,[DEMAND GEN - NATAL 25 - BS],DEMAND_GEN,2025-11-16,9827,7599,1.2931964732201606,25.879485,298,12.0
GERAL,GERAL,23237900351,[DEMAND GEN - NATAL 25 - BS],DEMAND_GEN,2025-11-17,8265,6518,1.2683338447376495,25.988931,280,11.0
GERAL,GERAL,23237900351,[DEMAND GEN - NATAL 25 - BS],DEMAND_GEN,2025-11-18,8940,7037,1.2707119511155323,26.006979,341,17.0
GERAL,GERAL,23237900351,[DEMAND GEN - NATAL 25 - BS],DEMAND_GEN,2025-11-19,5117,4532,1.129082082965578,27.805654,146,17.0
GERAL,GERAL,23237900351,[DEMAND GEN - NATAL 25 - BS],DEMAND_GEN,2025-11-20,4133,2951,1.4005421890884446,25.803973,6,110.0
GERAL,GERAL,23237900351,[DEMAND GEN - NATAL 25 - BS],DEMAND_GEN,2025-11-21,10306,8157,1.2634547014833886,25.95886,3,246.0
GERAL,GERAL,23237900351,[DEMAND GEN - NATAL 25 - BS],DEMAND_GEN,2025-11-22,13464,10082,1.3354493156119818,25.953885,3,302.0
GERAL,GERAL,23237900351,[DEMAND GEN - NATAL 25 - BS],DEMAND_GEN,2025-11-23,11940,9221,1.2948704045114412,25.939614,6,303.0
GERAL,GERAL,23237900351,[DEMAND GEN - NATAL 25 - BS],DEMAND_GEN,2025-11-24,9682,7461,1.297681275968369,25.915851,3,199.0
GERAL,GERAL,23237900351,[DEMAND GEN - NATAL 25 - BS],DEMAND_GEN,2025-11-25,5508,4606,1.1958315240990014,32.577028,12,130.0
GERAL,GERAL,23237900351,[DEMAND GEN - NATAL 25 - BS],DEMAND_GEN,2025-11-26,3917,3423,1.1443178498393223,25.836113,8,100.0
GERAL,GERAL,23237900351,[DEMAND GEN - NATAL 25 - BS],DEMAND_GEN,2025-11-27,8878,7524,1.1799574694311536,25.865407,6,328.0
GERAL,GERAL,23237900351,[DEMAND GEN - NATAL 25 - BS],DEMAND_GEN,2025-11-28,8410,7101,1.1843402337698916,25.811117,4,321.0
GERAL,GERAL,23237900351,[DEMAND GEN - NATAL 25 - BS],DEMAND_GEN,2025-11-29,9179,7722,1.1886816886816887,25.834923,3,260.0
GERAL,GERAL,23237900351,[DEMAND GEN - NATAL 25 - BS],DEMAND_GEN,2025-11-30,10044,8120,1.2369458128078819,25.873648,1,301.0
GERAL,GERAL,23237900351,[DEMAND GEN - NATAL 25 - BS],DEMAND_GEN,2025-12-01,12258,10065,1.2178837555886737,25.834381,6,249.0
GERAL,GERAL,23237900351,[DEMAND GEN - NATAL 25 - BS],DEMAND_GEN,2025-12-02,11990,9702,1.2358276643990929,25.813369,5,334.0
GERAL,GERAL,23238497278,[ALC - NATAL 25 - NS] #tdsdispositivos,VIDEO,2025-11-06,1181,629,1.8839427662957076,5.584909,2,1.0
GERAL,GERAL,23238497278,[ALC - NATAL 25 - NS] #tdsdispositivos,VIDEO,2025-11-07,7435,7502,1.1815515862436683,22.706767,6,0.0
GERAL,GERAL,23238497278,[ALC - NATAL 25 - NS] #tdsdispositivos,VIDEO,2025-11-08,5841,4308,1.4593779015784587,22.665833,15,1.0
GERAL,GERAL,23238497278,[ALC - NATAL 25 - NS] #tdsdispositivos,VIDEO,2025-11-09,5285,3502,1.5842375785265563,22.701243,13,2.0
GERAL,GERAL,23238497278,[ALC - NATAL 25 - NS] #tdsdispositivos,VIDEO,2025-11-10,5821,4821,1.2966189587222567,22.671557,9,4.0
GERAL,GERAL,23238497278,[ALC - NATAL 25 - NS] #tdsdispositivos,VIDEO,2025-11-11,6186,4629,1.4309786130913804,22.680853,10,5.0
GERAL,GERAL,23238497278,[ALC - NATAL 25 - NS] #tdsdispositivos,VIDEO,2025-11-12,5770,4418,1.383657763693979,22.633225,12,5.0
GERAL,GERAL,23238497278,[ALC - NATAL 25 - NS] #tdsdispositivos,VIDEO,2025-11-13,5855,4150,1.4893975903614458,22.65153,13,2.0
GERAL,GERAL,23238497278,[ALC - NATAL 25 - NS] #tdsdispositivos,VIDEO,2025-11-14,5923,4732,1.3429839391377854,22.642411,11,3.0
GERAL,GERAL,23238497278,[ALC - NATAL 25 - NS] #tdsdispositivos,VIDEO,2025-11-15,5883,4346,1.4307409111826968,22.647389,7,3.0
GERAL,GERAL,23238497278,[ALC - NATAL 25 - NS] #tdsdispositivos,VIDEO,2025-11-16,6149,4638,1.4133247089262613,22.667098,6,4.0
GERAL,GERAL,23238497278,[ALC - NATAL 25 - NS] #tdsdispositivos,VIDEO,2025-11-17,5945,4743,1.3449293695973012,22.664751,10,6.0
GERAL,GERAL,23238497278,[ALC - NATAL 25 - NS] #tdsdispositivos,VIDEO,2025-11-18,5870,4352,1.4181985294117647,22.64583,5,6.0
GERAL,GERAL,23238497278,[ALC - NATAL 25 - NS] #tdsdispositivos,VIDEO,2025-11-19,6163,5149,1.2862691784812585,22.603439,11,2.0
GERAL,GERAL,23238497278,[ALC - NATAL 25 - NS] #tdsdispositivos,VIDEO,2025-11-20,6825,5306,1.3865435356200528,22.673219,9,2.0
GERAL,GERAL,23238497278,[ALC - NATAL 25 - NS] #tdsdispositivos,VIDEO,2025-11-21,6754,4893,1.451665644798692,22.655087,4,1.0
GERAL,GERAL,23238497278,[ALC - NATAL 25 - NS] #tdsdispositivos,VIDEO,2025-11-22,6933,5472,1.3483187134502923,22.61325,8,5.0
GERAL,GERAL,23238497278,[ALC - NATAL 25 - NS] #tdsdispositivos,VIDEO,2025-11-23,7025,5572,1.3418880114860015,22.623222,7,1.0
GERAL,GERAL,23238497278,[ALC - NATAL 25 - NS] #tdsdispositivos,VIDEO,2025-11-24,7613,5847,1.3863519753719857,22.690944,12,0.0
GERAL,GERAL,23238497278,[ALC - NATAL 25 - NS] #tdsdispositivos,VIDEO,2025-11-25,6669,5489,1.3173619967207142,22.704335,9,6.0
GERAL,GERAL,23238497278,[ALC - NATAL 25 - NS] #tdsdispositivos,VIDEO,2025-11-26,6612,4734,1.4875369666244191,22.670633,6,4.0
GERAL,GERAL,23238497278,[ALC - NATAL 25 - NS] #tdsdispositivos,VIDEO,2025-11-27,6305,4988,1.3638732959101845,22.680429,5,0.0
GERAL,GERAL,23238497278,[ALC - NATAL 25 - NS] #tdsdispositivos,VIDEO,2025-11-28,6365,5000,1.3914,22.685968,7,3.0
GERAL,GERAL,23238497278,[ALC - NATAL 25 - NS] #tdsdispositivos,VIDEO,2025-11-29,5870,4352,1.4485294117647058,22.701199,7,5.0
GERAL,GERAL,23238497278,[ALC - NATAL 25 - NS] #tdsdispositivos,VIDEO,2025-11-30,6232,4847,1.3730142356096555,22.68953,12,2.0
GERAL,GERAL,23238497278,[ALC - NATAL 25 - NS] #tdsdispositivos,VIDEO,2025-12-01,6387,5398,1.2914042237865877,22.674502,13,0.0
GERAL,GERAL,23238497278,[ALC - NATAL 25 - NS] #tdsdispositivos,VIDEO,2025-12-02,7728,5899,1.4154941515511104,22.673267,14,3.0
GERAL,GERAL,23241557455,[DEMAND GEN - NATAL 25 - NS],DEMAND_GEN,2025-11-07,6691,4921,1.3598862019914653,13.376205,153,8.0
GERAL,GERAL,23241557455,[DEMAND GEN - NATAL 25 - NS],DEMAND_GEN,2025-11-08,11374,7742,1.469258589511754,25.953846,319,3.0
GERAL,GERAL,23241557455,[DEMAND GEN - NATAL 25 - NS],DEMAND_GEN,2025-11-09,14559,9685,1.5032524522457409,25.946216,325,5.0
GERAL,GERAL,23241557455,[DEMAND GEN - NATAL 25 - NS],DEMAND_GEN,2025-11-10,11675,8406,1.3888888888888888,25.952967,329,3.0
GERAL,GERAL,23241557455,[DEMAND GEN - NATAL 25 - NS],DEMAND_GEN,2025-11-11,9337,7054,1.323646158208109,25.935751,275,0.0
GERAL,GERAL,23241557455,[DEMAND GEN - NATAL 25 - NS],DEMAND_GEN,2025-11-12,10176,7550,1.3479470198675496,25.925487,306,5.0
GERAL,GERAL,23241557455,[DEMAND GEN - NATAL 25 - NS],DEMAND_GEN,2025-11-13,10288,7575,1.3581518151815182,26.173898,286,4.0
GERAL,GERAL,23241557455,[DEMAND GEN - NATAL 25 - NS],DEMAND_GEN,2025-11-14,12699,9267,1.370346390417611,25.960682,297,5.0
GERAL,GERAL,23241557455,[DEMAND GEN - NATAL 25 - NS],DEMAND_GEN,2025-11-15,13668,9240,1.4792207792207792,25.946073,352,10.0
GERAL,GERAL,23241557455,[DEMAND GEN - NATAL 25 - NS],DEMAND_GEN,2025-11-16,13164,9205,1.4302009777294948,25.854631,320,10.0
GERAL,GERAL,23241557455,[DEMAND GEN - NATAL 25 - NS],DEMAND_GEN,2025-11-17,10601,7511,1.41139661829317,25.949631,266,10.0
GERAL,GERAL,23241557455,[DEMAND GEN - NATAL 25 - NS],DEMAND_GEN,2025-11-18,11419,8170,1.3976744186046512,25.956295,323,8.0
GERAL,GERAL,23241557455,[DEMAND GEN - NATAL 25 - NS],DEMAND_GEN,2025-11-19,5630,4516,1.2466784765279009,26.053508,170,11.0
GERAL,GERAL,23241557455,[DEMAND GEN - NATAL 25 - NS],DEMAND_GEN,2025-11-20,1978,1328,1.4894578313253013,25.904091,5,22.0
GERAL,GERAL,23241557455,[DEMAND GEN - NATAL 25 - NS],DEMAND_GEN,2025-11-21,5679,3476,1.6337744533947065,25.774443,8,109.236564
GERAL,GERAL,23241557455,[DEMAND GEN - NATAL 25 - NS],DEMAND_GEN,2025-11-22,8012,5229,1.5322241346337733,28.280644,19,168.236564
GERAL,GERAL,23241557455,[DEMAND GEN - NATAL 25 - NS],DEMAND_GEN,2025-11-23,4472,3457,1.293607173850159,27.480361,15,100.0
GERAL,GERAL,23241557455,[DEMAND GEN - NATAL 25 - NS],DEMAND_GEN,2025-11-24,2945,2400,1.2270833333333333,29.772614,13,39.0
GERAL,GERAL,23241557455,[DEMAND GEN - NATAL 25 - NS],DEMAND_GEN,2025-11-25,1416,1315,1.07680608365019,48.032035,29,9.0
GERAL,GERAL,23241557455,[DEMAND GEN - NATAL 25 - NS],DEMAND_GEN,2025-11-26,2670,2328,1.1469072164948453,37.949957,20,58.0
GERAL,GERAL,23241557455,[DEMAND GEN - NATAL 25 - NS],DEMAND_GEN,2025-11-27,5055,3942,1.28234398782344,25.070989,6,136.0
GERAL,GERAL,23241557455,[DEMAND GEN - NATAL 25 - NS],DEMAND_GEN,2025-11-28,7175,5624,1.2757823613086772,24.873854,4,211.0
GERAL,GERAL,23241557455,[DEMAND GEN - NATAL 25 - NS],DEMAND_GEN,2025-11-29,8242,6169,1.3360350137785704,25.051999,5,225.0
GERAL,GERAL,23241557455,[DEMAND GEN - NATAL 25 - NS],DEMAND_GEN,2025-11-30,9058,6578,1.3770142900577682,25.05532,4,208.0
GERAL,GERAL,23241557455,[DEMAND GEN - NATAL 25 - NS],DEMAND_GEN,2025-12-01,10863,8005,1.3570268582136165,25.054304,5,188.0
GERAL,GERAL,23241557455,[DEMAND GEN - NATAL 25 - NS],DEMAND_GEN,2025-12-02,6280,4833,1.2993999586178357,16.229391,9,143.0
GERAL,GERAL,23258503147,[PMAX - LEGOS - NS],PERFORMANCE_MAX,2025-11-11,147,143,1.027972027972028,1.682251,3,5.0
GERAL,GERAL,23258503147,[PMAX - LEGOS - NS],PERFORMANCE_MAX,2025-11-12,31735,19304,1.643959801077497,208.097843,41,477.0
GERAL,GERAL,23258503147,[PMAX - LEGOS - NS],PERFORMANCE_MAX,2025-11-13,28783,17499,1.6448368478198754,125.089281,19,554.0
GERAL,GERAL,23258503147,[PMAX - LEGOS - NS],PERFORMANCE_MAX,2025-11-14,26841,17098,1.569832728974149,125.213164,42,510.0
GERAL,GERAL,23258503147,[PMAX - LEGOS - NS],PERFORMANCE_MAX,2025-11-15,32029,18646,1.7177410704708784,136.585962,65,541.0
GERAL,GERAL,23258503147,[PMAX - LEGOS - NS],PERFORMANCE_MAX,2025-11-16,39714,22641,1.7541186343359392,152.377769,62,649.0
GERAL,GERAL,23258503147,[PMAX - LEGOS - NS],PERFORMANCE_MAX,2025-11-17,27551,18071,1.5238780366332798,106.111662,23,476.0
GERAL,GERAL,23258503147,[PMAX - LEGOS - NS],PERFORMANCE_MAX,2025-11-18,14083,10188,1.382312524538673,48.311379,29,316.0
GERAL,GERAL,23258503147,[PMAX - LEGOS - NS],PERFORMANCE_MAX,2025-11-19,16172,11774,1.3735349074231358,58.722749,20,315.0
GERAL,GERAL,23258503147,[PMAX - LEGOS - NS],PERFORMANCE_MAX,2025-11-20,17133,11593,1.4778745794876218,55.240984,25,328.0
GERAL,GERAL,23258503147,[PMAX - LEGOS - NS],PERFORMANCE_MAX,2025-11-21,13111,9216,1.4226345486111112,45.670678,23,301.0
GERAL,GERAL,23258503147,[PMAX - LEGOS - NS],PERFORMANCE_MAX,2025-11-22,18327,12227,1.4988958861535946,58.517482,37,353.0
GERAL,GERAL,23258503147,[PMAX - LEGOS - NS],PERFORMANCE_MAX,2025-11-23,17803,12300,1.44739837398374,61.767631,48,360.0
GERAL,GERAL,23258503147,[PMAX - LEGOS - NS],PERFORMANCE_MAX,2025-11-24,14242,10342,1.3771030748404565,46.898798,16,289.0
GERAL,GERAL,23258503147,[PMAX - LEGOS - NS],PERFORMANCE_MAX,2025-11-25,19901,13447,1.4799583550234252,70.76563,22,434.0
GERAL,GERAL,23258503147,[PMAX - LEGOS - NS],PERFORMANCE_MAX,2025-11-26,16858,11908,1.4156869331541821,62.981975,20,356.0
GERAL,GERAL,23258503147,[PMAX - LEGOS - NS],PERFORMANCE_MAX,2025-11-27,13233,9703,1.3638050087601772,49.604967,11,295.0
GERAL,GERAL,23258503147,[PMAX - LEGOS - NS],PERFORMANCE_MAX,2025-11-28,15164,10915,1.3892808062299589,66.774544,25,411.0
GERAL,GERAL,23258503147,[PMAX - LEGOS - NS],PERFORMANCE_MAX,2025-11-29,14008,9769,1.4339236359914014,50.88953,33,353.0
GERAL,GERAL,23258503147,[PMAX - LEGOS - NS],PERFORMANCE_MAX,2025-11-30,15691,10902,1.4392771968446156,56.748828,56,357.0
GERAL,GERAL,23258503147,[PMAX - LEGOS - NS],PERFORMANCE_MAX,2025-12-01,19518,13391,1.4575461130610112,58.769413,10,278.0
GERAL,GERAL,23258503147,[PMAX - LEGOS - NS],PERFORMANCE_MAX,2025-12-02,19662,13553,1.450748911680071,58.811256,20,352.0
GERAL,GERAL,23262968530,[ALC - PATRULHA CANINA/ MILENINHA - GS],VIDEO,2025-11-12,5145,2637,1.9742131209708003,22.58989,12,4.0
GERAL,GERAL,23262968530,[ALC - PATRULHA CANINA/ MILENINHA - GS],VIDEO,2025-11-13,15517,12824,1.3265751715533376,56.933038,16,8.0
GERAL,GERAL,23262968530,[ALC - PATRULHA CANINA/ MILENINHA - GS],VIDEO,2025-11-14,14869,9970,1.5992978936810431,56.849713,21,2.0
GERAL,GERAL,23262968530,[ALC - PATRULHA CANINA/ MILENINHA - GS],VIDEO,2025-11-15,14072,9495,1.5806213796735125,56.960707,33,4.0
GERAL,GERAL,23262968530,[ALC - PATRULHA CANINA/ MILENINHA - GS],VIDEO,2025-11-16,14423,9643,1.5872653738463134,56.989743,20,3.0
GERAL,GERAL,23269539354,[DEMAND GEN - CHAPEUZINHO VERMELHO - GS],DEMAND_GEN,2025-11-17,8058,5981,1.3472663434208327,21.966977,235,14.0
GERAL,GERAL,23269539354,[DEMAND GEN - CHAPEUZINHO VERMELHO - GS],DEMAND_GEN,2025-11-18,26028,17632,1.476179673321234,79.687693,898,26.0
GERAL,GERAL,23269539354,[DEMAND GEN - CHAPEUZINHO VERMELHO - GS],DEMAND_GEN,2025-11-19,28397,19400,1.4637628865979382,79.703516,931,118.0
GERAL,GERAL,23269539354,[DEMAND GEN - CHAPEUZINHO VERMELHO - GS],DEMAND_GEN,2025-11-20,30471,20083,1.5172533983966539,79.549858,1127,32.0
GERAL,GERAL,23269539354,[DEMAND GEN - CHAPEUZINHO VERMELHO - GS],DEMAND_GEN,2025-11-21,30123,19615,1.5357124649502931,79.645479,1147,51.0
GERAL,GERAL,23269539354,[DEMAND GEN - CHAPEUZINHO VERMELHO - GS],DEMAND_GEN,2025-11-22,28631,18500,1.5476216216216216,79.673104,1098,41.0
GERAL,GERAL,23269539354,[DEMAND GEN - CHAPEUZINHO VERMELHO - GS],DEMAND_GEN,2025-11-23,26287,16809,1.5638645963471949,78.120912,1010,39.0
GERAL,GERAL,23286184216,[ALC - VÍDEO EVENTOS GS - CHAPEUZINHO E MINIONS],VIDEO,2025-11-19,5154,1969,2.623666835957339,21.770227,12,2.0
GERAL,GERAL,23286184216,[ALC - VÍDEO EVENTOS GS - CHAPEUZINHO E MINIONS],VIDEO,2025-11-20,20311,16386,1.3960087879897474,69.641831,19,7.0
GERAL,GERAL,23286184216,[ALC - VÍDEO EVENTOS GS - CHAPEUZINHO E MINIONS],VIDEO,2025-11-21,18704,15084,1.35826040837974,69.602106,26,8.0
GERAL,GERAL,23286184216,[ALC - VÍDEO EVENTOS GS - CHAPEUZINHO E MINIONS],VIDEO,2025-11-22,20769,16631,1.355180085382719,69.497942,27,11.0
GERAL,GERAL,23286184216,[ALC - VÍDEO EVENTOS GS - CHAPEUZINHO E MINIONS],VIDEO,2025-11-23,21712,16758,1.4103114930182599,69.428419,28,5.0
GERAL,GERAL,23308218163,[ALC - MILENINHA - NR 25],VIDEO,2025-11-26,13778,6211,2.2579294799549188,58.86707,25,19.0
GERAL,GERAL,23308218163,[ALC - MILENINHA - NR 25],VIDEO,2025-11-27,27176,25302,1.1670618923405265,110.55484,37,115.0
GERAL,GERAL,23308218163,[ALC - MILENINHA - NR 25],VIDEO,2025-11-28,26875,23220,1.2304909560723514,110.202971,44,82.0
GERAL,GERAL,23308218163,[ALC - MILENINHA - NR 25],VIDEO,2025-11-29,24076,20114,1.2505717410758677,110.292292,50,90.0
GERAL,GERAL,23308218163,[ALC - MILENINHA - NR 25],VIDEO,2025-11-30,24155,20278,1.2368576782720189,110.228101,69,63.0
GERAL,GERAL,21741027756,[APP INSTAL - GS],MULTI_CHANNEL,2025-12-03,656,430,1.5255813953488373,19.839677,55,24.0
GERAL,GERAL,21741027756,[APP INSTAL - GS],MULTI_CHANNEL,2025-12-04,685,404,1.6955445544554455,20.767134,60,34.0
GERAL,GERAL,21741027756,[APP INSTAL - GS],MULTI_CHANNEL,2025-12-05,485,298,1.6275167785234899,22.660333,52,28.0
GERAL,GERAL,21741027756,[APP INSTAL - GS],MULTI_CHANNEL,2025-12-06,1073,702,1.5284900284900285,19.925241,63,41.0
GERAL,GERAL,21741027756,[APP INSTAL - GS],MULTI_CHANNEL,2025-12-07,528,296,1.7837837837837838,21.908634,35,20.0
GERAL,GERAL,21741027756,[APP INSTAL - GS],MULTI_CHANNEL,2025-12-08,258,180,1.4333333333333333,20.714533,25,11.0
GERAL,GERAL,21741027756,[APP INSTAL - GS],MULTI_CHANNEL,2025-12-09,605,395,1.5316455696202531,18.840209,59,37.0
GERAL,GERAL,21741027756,[APP INSTAL - GS],MULTI_CHANNEL,2025-12-10,253,184,1.375,19.723214,31,12.0
GERAL,GERAL,21741027756,[APP INSTAL - GS],MULTI_CHANNEL,2025-12-11,392,256,1.53125,19.236347,37,15.0
GERAL,GERAL,21741027756,[APP INSTAL - GS],MULTI_CHANNEL,2025-12-12,446,283,1.5759717314487633,18.491558,35,7.0
GERAL,GERAL,21741027756,[APP INSTAL - GS],MULTI_CHANNEL,2025-12-13,283,156,1.814102564102564,19.638371,25,9.0
GERAL,GERAL,21741027756,[APP INSTAL - GS],MULTI_CHANNEL,2025-12-14,426,290,1.4689655172413794,21.425662,61,36.0
GERAL,GERAL,21741027756,[APP INSTAL - GS],MULTI_CHANNEL,2025-12-15,741,491,1.509164969450102,19.103024,55,25.0
GERAL,GERAL,21741027756,[APP INSTAL - GS],MULTI_CHANNEL,2025-12-16,350,234,1.4957264957264957,19.980397,34,16.0
GERAL,GERAL,21741027756,[APP INSTAL - GS],MULTI_CHANNEL,2025-12-17,747,495,1.509090909090909,21.794611,70,38.0
GERAL,GERAL,21741027756,[APP INSTAL - GS],MULTI_CHANNEL,2025-12-18,370,232,1.5948275862068966,19.71905,42,19.0
GERAL,GERAL,21741027756,[APP INSTAL - GS],MULTI_CHANNEL,2025-12-19,340,199,1.7085427135678393,19.533942,30,15.0
GERAL,GERAL,21741027756,[APP INSTAL - GS],MULTI_CHANNEL,2025-12-20,620,419,1.4797136038186158,19.508511,85,45.0
GERAL,GERAL,21741027756,[APP INSTAL - GS],MULTI_CHANNEL,2025-12-21,546,384,1.421875,19.1904,91,66.0
GERAL,GERAL,21741027756,[APP INSTAL - GS],MULTI_CHANNEL,2025-12-22,310,177,1.7514124293785311,19.720448,29,15.0
GERAL,GERAL,21741027756,[APP INSTAL - GS],MULTI_CHANNEL,2025-12-23,589,425,1.3858823529411766,19.709862,81,65.0
GERAL,GERAL,21741027756,[APP INSTAL - GS],MULTI_CHANNEL,2025-12-24,544,383,1.4203655352480418,19.767472,83,62.0
GERAL,GERAL,21741027756,[APP INSTAL - GS],MULTI_CHANNEL,2025-12-25,525,304,1.7269736842105263,18.59349,45,19.0
GERAL,GERAL,21741027756,[APP INSTAL - GS],MULTI_CHANNEL,2025-12-26,484,232,2.086206896551724,19.594719,28,13.0
GERAL,GERAL,21741027756,[APP INSTAL - GS],MULTI_CHANNEL,2025-12-27,486,286,1.6993006993006994,18.508286,40,14.0
GERAL,GERAL,21741027756,[APP INSTAL - GS],MULTI_CHANNEL,2025-12-28,390,228,1.7105263157894737,18.216064,51,19.0
GERAL,GERAL,21741027756,[APP INSTAL - GS],MULTI_CHANNEL,2025-12-29,487,302,1.6125827814569536,19.39251,48,16.0
GERAL,GERAL,21741027756,[APP INSTAL - GS],MULTI_CHANNEL,2025-12-30,569,360,1.5805555555555555,16.810894,63,37.0
GERAL,GERAL,21741027756,[APP INSTAL - GS],MULTI_CHANNEL,2025-12-31,479,332,1.4427710843373494,16.7916,46,26.0
GERAL,GERAL,21741027756,[APP INSTAL - GS],MULTI_CHANNEL,2026-01-01,719,415,1.7325301204819277,20.979852,62,26.0
GERAL,GERAL,21741027756,[APP INSTAL - GS],MULTI_CHANNEL,2026-01-06,693,456,1.519736842105263,41.911921,58,17.0
GERAL,GERAL,21741027756,[APP INSTAL - GS],MULTI_CHANNEL,2026-01-07,726,398,1.8241206030150754,40.1768,66,20.0
GERAL,GERAL,21741027756,[APP INSTAL - GS],MULTI_CHANNEL,2026-01-08,567,320,1.771875,39.286417,68,27.0
GERAL,GERAL,21741027756,[APP INSTAL - GS],MULTI_CHANNEL,2026-01-09,1037,604,1.716887417218543,39.172235,96,46.0
GERAL,GERAL,21741027756,[APP INSTAL - GS],MULTI_CHANNEL,2026-01-10,782,431,1.814385150812065,24.534488,75,43.0
GERAL,GERAL,21741027756,[APP INSTAL - GS],MULTI_CHANNEL,2026-01-11,899,555,1.61981981981982,19.439442,83,48.0
GERAL,GERAL,21741027756,[APP INSTAL - GS],MULTI_CHANNEL,2026-01-12,854,511,1.6712328767123288,21.178183,61,22.0
GERAL,GERAL,21741027756,[APP INSTAL - GS],MULTI_CHANNEL,2026-01-13,672,455,1.476923076923077,19.258202,47,21.0
GERAL,GERAL,21741027756,[APP INSTAL - GS],MULTI_CHANNEL,2026-01-14,399,245,1.6285714285714286,19.103383,41,13.0
GERAL,GERAL,21741027756,[APP INSTAL - GS],MULTI_CHANNEL,2026-01-15,277,147,1.8843537414965987,19.240496,30,14.0
GERAL,GERAL,21741027756,[APP INSTAL - GS],MULTI_CHANNEL,2026-01-16,410,225,1.8222222222222222,21.271502,52,8.0
GERAL,GERAL,21741027756,[APP INSTAL - GS],MULTI_CHANNEL,2026-01-17,542,344,1.5755813953488371,20.418075,53,19.0
GERAL,GERAL,21741027756,[APP INSTAL - GS],MULTI_CHANNEL,2026-01-18,240,137,1.7518248175182483,19.170642,35,11.0
GERAL,GERAL,21741027756,[APP INSTAL - GS],MULTI_CHANNEL,2026-01-19,331,189,1.7513227513227514,19.677104,33,11.0
GERAL,GERAL,21741027756,[APP INSTAL - GS],MULTI_CHANNEL,2026-01-20,311,208,1.4951923076923077,19.516557,37,14.0
GERAL,GERAL,21741027756,[APP INSTAL - GS],MULTI_CHANNEL,2026-01-21,766,439,1.744874715261959,19.535511,55,19.0
GERAL,GERAL,21741027756,[APP INSTAL - GS],MULTI_CHANNEL,2026-01-22,738,414,1.7826086956521738,19.161356,55,25.0
GERAL,GERAL,21741027756,[APP INSTAL - GS],MULTI_CHANNEL,2026-01-23,271,165,1.6424242424242423,19.589271,35,13.0
GERAL,GERAL,21741027756,[APP INSTAL - GS],MULTI_CHANNEL,2026-01-24,379,225,1.6844444444444444,19.105223,39,11.0
GERAL,GERAL,21741027756,[APP INSTAL - GS],MULTI_CHANNEL,2026-01-25,366,195,1.876923076923077,19.999704,40,17.0
GERAL,GERAL,21741027756,[APP INSTAL - GS],MULTI_CHANNEL,2026-01-26,992,519,1.9113680154142583,18.527586,51,14.0
GERAL,GERAL,21741027756,[APP INSTAL - GS],MULTI_CHANNEL,2026-01-27,755,428,1.764018691588785,18.360544,60,22.0
GERAL,GERAL,21741027756,[APP INSTAL - GS],MULTI_CHANNEL,2026-01-28,388,211,1.838862559241706,17.578801,30,16.0
GERAL,GERAL,21741027756,[APP INSTAL - GS],MULTI_CHANNEL,2026-01-29,342,203,1.6847290640394088,18.509088,29,8.0
GERAL,GERAL,21741027756,[APP INSTAL - GS],MULTI_CHANNEL,2026-01-30,373,202,1.8465346534653466,18.473134,33,11.0
GERAL,GERAL,21741027756,[APP INSTAL - GS],MULTI_CHANNEL,2026-01-31,259,149,1.738255033557047,16.985822,29,13.0
GERAL,GERAL,21741027756,[APP INSTAL - GS],MULTI_CHANNEL,2026-02-01,351,158,2.221518987341772,23.211722,40,15.0
GERAL,GERAL,21741027756,[APP INSTAL - GS],MULTI_CHANNEL,2026-02-02,1006,609,1.651888341543514,40.216891,106,29.0
GERAL,GERAL,21741027756,[APP INSTAL - GS],MULTI_CHANNEL,2026-02-03,836,500,1.672,41.512215,70,24.0
GERAL,GERAL,21741027756,[APP INSTAL - GS],MULTI_CHANNEL,2026-02-04,983,584,1.6832191780821917,42.509306,92,27.0
GERAL,GERAL,21741027756,[APP INSTAL - GS],MULTI_CHANNEL,2026-02-05,276,173,1.5953757225433527,9.513639,25,9.0
GERAL,GERAL,21741027756,[APP INSTAL - GS],MULTI_CHANNEL,2026-02-07,248,152,1.631578947368421,20.790843,38,17.0
GERAL,GERAL,21741027756,[APP INSTAL - GS],MULTI_CHANNEL,2026-02-08,198,121,1.6363636363636365,11.707806,18,9.0
GERAL,GERAL,21741027756,[APP INSTAL - GS],MULTI_CHANNEL,2026-02-09,386,249,1.5502008032128514,10.303771,35,17.0
GERAL,GERAL,21741027756,[APP INSTAL - GS],MULTI_CHANNEL,2026-02-10,264,164,1.6097560975609757,11.955119,32,8.0
GERAL,GERAL,21741027756,[APP INSTAL - GS],MULTI_CHANNEL,2026-02-11,231,153,1.5098039215686274,12.0575,26,6.0
GERAL,GERAL,21741027756,[APP INSTAL - GS],MULTI_CHANNEL,2026-02-12,198,108,1.8333333333333333,11.150642,29,9.0
GERAL,GERAL,21741027756,[APP INSTAL - GS],MULTI_CHANNEL,2026-02-13,194,103,1.883495145631068,11.165505,21,5.0
GERAL,GERAL,21741027756,[APP INSTAL - GS],MULTI_CHANNEL,2026-02-14,317,201,1.5771144278606966,10.851907,35,16.0
GERAL,GERAL,21741027756,[APP INSTAL - GS],MULTI_CHANNEL,2026-02-15,129,86,1.5,10.262841,19,9.0
GERAL,GERAL,21741027756,[APP INSTAL - GS],MULTI_CHANNEL,2026-02-16,166,92,1.8043478260869565,9.844337,17,6.0
GERAL,GERAL,21741027756,[APP INSTAL - GS],MULTI_CHANNEL,2026-02-17,253,149,1.6979865771812082,9.342746,28,7.0
GERAL,GERAL,21741027756,[APP INSTAL - GS],MULTI_CHANNEL,2026-02-18,226,158,1.4303797468354431,9.200266,24,9.0
GERAL,GERAL,21741027756,[APP INSTAL - GS],MULTI_CHANNEL,2026-02-19,230,165,1.393939393939394,9.375349,20,5.0
GERAL,GERAL,21741027756,[APP INSTAL - GS],MULTI_CHANNEL,2026-02-20,292,171,1.7076023391812865,9.563001,19,0.0
GERAL,GERAL,21741027756,[APP INSTAL - GS],MULTI_CHANNEL,2026-02-21,145,76,1.9078947368421053,9.393743,19,0.0
GERAL,GERAL,21741027756,[APP INSTAL - GS],MULTI_CHANNEL,2026-02-22,184,114,1.6140350877192982,10.199737,18,1.0
GERAL,GERAL,21741027756,[APP INSTAL - GS],MULTI_CHANNEL,2026-02-23,189,111,1.7027027027027026,7.299802,17,0.0
GERAL,GERAL,21741027756,[APP INSTAL - GS],MULTI_CHANNEL,2026-02-24,125,67,1.8656716417910448,9.363255,16,0.0
GERAL,GERAL,21741027756,[APP INSTAL - GS],MULTI_CHANNEL,2026-02-25,247,118,2.093220338983051,10.449104,21,0.0
GERAL,GERAL,21741027756,[APP INSTAL - GS],MULTI_CHANNEL,2026-02-26,123,76,1.618421052631579,9.121323,14,0.0
GERAL,GERAL,21741027756,[APP INSTAL - GS],MULTI_CHANNEL,2026-02-27,251,133,1.887218045112782,8.980118,26,0.0
GERAL,GERAL,21741027756,[APP INSTAL - GS],MULTI_CHANNEL,2026-02-28,196,107,1.8317757009345794,9.271397,22,0.0
GERAL,GERAL,21741027756,[APP INSTAL - GS],MULTI_CHANNEL,2026-03-01,133,71,1.8732394366197183,10.194236,17,0.0
GERAL,GERAL,21741027756,[APP INSTAL - GS],MULTI_CHANNEL,2026-03-02,283,187,1.5133689839572193,10.021076,21,0.0
GERAL,GERAL,21741076989,[APP INSTAL - NK],MULTI_CHANNEL,2025-12-03,332,205,1.6195121951219513,21.35837,41,19.0
GERAL,GERAL,21741076989,[APP INSTAL - NK],MULTI_CHANNEL,2025-12-04,382,245,1.5591836734693878,20.076345,35,13.0
GERAL,GERAL,21741076989,[APP INSTAL - NK],MULTI_CHANNEL,2025-12-05,250,158,1.5822784810126582,20.158675,27,12.0
GERAL,GERAL,21741076989,[APP INSTAL - NK],MULTI_CHANNEL,2025-12-06,707,429,1.648018648018648,19.520511,69,42.0
GERAL,GERAL,21741076989,[APP INSTAL - NK],MULTI_CHANNEL,2025-12-07,385,259,1.4864864864864864,19.141057,43,22.0
GERAL,GERAL,21741076989,[APP INSTAL - NK],MULTI_CHANNEL,2025-12-08,290,186,1.5591397849462365,22.038708,48,25.0
GERAL,GERAL,21741076989,[APP INSTAL - NK],MULTI_CHANNEL,2025-12-09,517,283,1.8268551236749118,20.556997,40,15.0
GERAL,GERAL,21741076989,[APP INSTAL - NK],MULTI_CHANNEL,2025-12-10,269,176,1.5284090909090908,20.311003,32,11.0
GERAL,GERAL,21741076989,[APP INSTAL - NK],MULTI_CHANNEL,2025-12-11,303,200,1.515,20.68871,45,14.0
GERAL,GERAL,21741076989,[APP INSTAL - NK],MULTI_CHANNEL,2025-12-12,200,123,1.6260162601626016,19.339159,21,9.0
GERAL,GERAL,21741076989,[APP INSTAL - NK],MULTI_CHANNEL,2025-12-13,452,319,1.4169278996865204,19.361895,66,45.0
GERAL,GERAL,21741076989,[APP INSTAL - NK],MULTI_CHANNEL,2025-12-14,297,210,1.4142857142857144,19.955535,47,24.0
GERAL,GERAL,21741076989,[APP INSTAL - NK],MULTI_CHANNEL,2025-12-15,301,182,1.6538461538461537,20.93098,30,8.0
GERAL,GERAL,21741076989,[APP INSTAL - NK],MULTI_CHANNEL,2025-12-16,196,127,1.5433070866141732,19.749325,23,9.0
GERAL,GERAL,21741076989,[APP INSTAL - NK],MULTI_CHANNEL,2025-12-17,382,243,1.5720164609053497,19.946438,43,20.0
GERAL,GERAL,21741076989,[APP INSTAL - NK],MULTI_CHANNEL,2025-12-18,396,268,1.4776119402985075,20.791321,54,29.0
GERAL,GERAL,21741076989,[APP INSTAL - NK],MULTI_CHANNEL,2025-12-19,364,221,1.6470588235294117,19.297083,38,13.0
GERAL,GERAL,21741076989,[APP INSTAL - NK],MULTI_CHANNEL,2025-12-20,300,159,1.8867924528301887,19.231492,30,17.0
GERAL,GERAL,21741076989,[APP INSTAL - NK],MULTI_CHANNEL,2025-12-21,350,217,1.6129032258064515,19.208603,42,21.0
GERAL,GERAL,21741076989,[APP INSTAL - NK],MULTI_CHANNEL,2025-12-22,232,130,1.7846153846153847,20.53936,38,20.0
GERAL,GERAL,21741076989,[APP INSTAL - NK],MULTI_CHANNEL,2025-12-23,337,224,1.5044642857142858,18.986384,43,17.0
GERAL,GERAL,21741076989,[APP INSTAL - NK],MULTI_CHANNEL,2025-12-24,211,112,1.8839285714285714,20.809749,28,12.0
GERAL,GERAL,21741076989,[APP INSTAL - NK],MULTI_CHANNEL,2025-12-25,481,297,1.6195286195286196,17.946303,46,23.0
GERAL,GERAL,21741076989,[APP INSTAL - NK],MULTI_CHANNEL,2025-12-26,372,174,2.1379310344827585,17.266663,33,11.0
GERAL,GERAL,21741076989,[APP INSTAL - NK],MULTI_CHANNEL,2025-12-27,354,198,1.7878787878787878,19.270724,34,13.0
GERAL,GERAL,21741076989,[APP INSTAL - NK],MULTI_CHANNEL,2025-12-28,356,209,1.7033492822966507,20.04032,37,15.0
GERAL,GERAL,21741076989,[APP INSTAL - NK],MULTI_CHANNEL,2025-12-29,427,259,1.6486486486486487,17.164478,40,26.0
GERAL,GERAL,21741076989,[APP INSTAL - NK],MULTI_CHANNEL,2025-12-30,587,363,1.6170798898071626,17.584317,54,27.0
GERAL,GERAL,21741076989,[APP INSTAL - NK],MULTI_CHANNEL,2025-12-31,355,232,1.5301724137931034,16.985258,37,19.0
GERAL,GERAL,21741076989,[APP INSTAL - NK],MULTI_CHANNEL,2026-01-01,813,479,1.697286012526096,19.864752,49,21.0
GERAL,GERAL,21741076989,[APP INSTAL - NK],MULTI_CHANNEL,2026-01-06,764,501,1.5249500998003993,40.525323,63,23.0
GERAL,GERAL,21741076989,[APP INSTAL - NK],MULTI_CHANNEL,2026-01-07,926,563,1.644760213143872,40.13528,96,30.0
GERAL,GERAL,21741076989,[APP INSTAL - NK],MULTI_CHANNEL,2026-01-08,594,317,1.8738170347003154,40.420775,65,23.0
GERAL,GERAL,21741076989,[APP INSTAL - NK],MULTI_CHANNEL,2026-01-09,1100,572,1.9230769230769231,40.194226,93,35.0
GERAL,GERAL,21741076989,[APP INSTAL - NK],MULTI_CHANNEL,2026-01-10,358,209,1.7129186602870814,26.964228,43,15.0
GERAL,GERAL,21741076989,[APP INSTAL - NK],MULTI_CHANNEL,2026-01-11,555,351,1.5811965811965811,21.10706,68,46.0
GERAL,GERAL,21741076989,[APP INSTAL - NK],MULTI_CHANNEL,2026-01-12,585,358,1.6340782122905029,21.414074,57,26.0
GERAL,GERAL,21741076989,[APP INSTAL - NK],MULTI_CHANNEL,2026-01-13,222,121,1.834710743801653,18.293116,23,10.0
GERAL,GERAL,21741076989,[APP INSTAL - NK],MULTI_CHANNEL,2026-01-14,235,141,1.6666666666666667,19.889313,36,10.0
GERAL,GERAL,21741076989,[APP INSTAL - NK],MULTI_CHANNEL,2026-01-15,626,387,1.6175710594315245,40.201282,69,23.0
GERAL,GERAL,21741076989,[APP INSTAL - NK],MULTI_CHANNEL,2026-01-16,766,506,1.5138339920948616,41.289388,83,30.0
GERAL,GERAL,21741076989,[APP INSTAL - NK],MULTI_CHANNEL,2026-01-17,665,412,1.6140776699029127,42.934884,102,41.0
GERAL,GERAL,21741076989,[APP INSTAL - NK],MULTI_CHANNEL,2026-01-18,1238,654,1.892966360856269,41.511905,115,37.0
GERAL,GERAL,21741076989,[APP INSTAL - NK],MULTI_CHANNEL,2026-01-19,872,476,1.8319327731092436,40.874736,90,29.0
GERAL,GERAL,21741076989,[APP INSTAL - NK],MULTI_CHANNEL,2026-01-20,1214,647,1.8763523956723338,41.936675,105,38.0
GERAL,GERAL,21741076989,[APP INSTAL - NK],MULTI_CHANNEL,2026-01-21,1052,613,1.7161500815660684,40.896918,105,37.0
GERAL,GERAL,21741076989,[APP INSTAL - NK],MULTI_CHANNEL,2026-01-22,845,457,1.8490153172866521,41.449717,90,24.0
GERAL,GERAL,21741076989,[APP INSTAL - NK],MULTI_CHANNEL,2026-01-23,829,500,1.658,39.30589,93,36.0
GERAL,GERAL,21741076989,[APP INSTAL - NK],MULTI_CHANNEL,2026-01-24,1047,589,1.7775891341256367,41.106744,92,33.0
GERAL,GERAL,21741076989,[APP INSTAL - NK],MULTI_CHANNEL,2026-01-25,659,346,1.9046242774566473,44.154828,84,28.0
GERAL,GERAL,21741076989,[APP INSTAL - NK],MULTI_CHANNEL,2026-01-26,1148,596,1.9261744966442953,39.232803,96,33.0
GERAL,GERAL,21741076989,[APP INSTAL - NK],MULTI_CHANNEL,2026-01-27,1062,605,1.7553719008264463,36.024365,100,39.0
GERAL,GERAL,21741076989,[APP INSTAL - NK],MULTI_CHANNEL,2026-01-28,975,525,1.8571428571428572,38.551953,94,38.0
GERAL,GERAL,21741076989,[APP INSTAL - NK],MULTI_CHANNEL,2026-01-29,634,374,1.695187165775401,36.514708,63,26.0
GERAL,GERAL,21741076989,[APP INSTAL - NK],MULTI_CHANNEL,2026-01-30,991,549,1.8051001821493624,35.708233,87,38.0
GERAL,GERAL,21741076989,[APP INSTAL - NK],MULTI_CHANNEL,2026-01-31,1033,629,1.6422893481717011,38.733495,122,49.0
GERAL,GERAL,21741076989,[APP INSTAL - NK],MULTI_CHANNEL,2026-02-01,1411,875,1.6125714285714285,50.156384,119,49.0
GERAL,GERAL,21741076989,[APP INSTAL - NK],MULTI_CHANNEL,2026-02-02,963,562,1.7135231316725978,50.552447,96,28.0
GERAL,GERAL,21741076989,[APP INSTAL - NK],MULTI_CHANNEL,2026-02-03,674,353,1.9093484419263456,43.160731,72,22.0
GERAL,GERAL,21741076989,[APP INSTAL - NK],MULTI_CHANNEL,2026-02-04,662,401,1.6508728179551122,42.709416,80,30.0
GERAL,GERAL,21741076989,[APP INSTAL - NK],MULTI_CHANNEL,2026-02-05,175,122,1.4344262295081966,9.248248,17,8.0
GERAL,GERAL,21741076989,[APP INSTAL - NK],MULTI_CHANNEL,2026-02-07,271,208,1.3028846153846154,20.81886,33,7.0
GERAL,GERAL,21741076989,[APP INSTAL - NK],MULTI_CHANNEL,2026-02-08,177,117,1.5128205128205128,13.726928,26,8.0
GERAL,GERAL,21741076989,[APP INSTAL - NK],MULTI_CHANNEL,2026-02-09,238,151,1.576158940397351,10.344108,22,6.0
GERAL,GERAL,21741076989,[APP INSTAL - NK],MULTI_CHANNEL,2026-02-10,169,129,1.310077519379845,10.64176,23,10.0
GERAL,GERAL,21741076989,[APP INSTAL - NK],MULTI_CHANNEL,2026-02-11,104,55,1.8909090909090909,10.070545,23,10.0
GERAL,GERAL,21741076989,[APP INSTAL - NK],MULTI_CHANNEL,2026-02-12,124,79,1.5696202531645569,9.815439,17,5.0
GERAL,GERAL,21741076989,[APP INSTAL - NK],MULTI_CHANNEL,2026-02-13,281,188,1.4946808510638299,13.997444,28,8.0
GERAL,GERAL,21741076989,[APP INSTAL - NK],MULTI_CHANNEL,2026-02-14,185,102,1.8137254901960784,11.212755,22,10.0
GERAL,GERAL,21741076989,[APP INSTAL - NK],MULTI_CHANNEL,2026-02-15,120,65,1.8461538461538463,9.963332,17,7.0
GERAL,GERAL,21741076989,[APP INSTAL - NK],MULTI_CHANNEL,2026-02-16,215,147,1.4625850340136055,11.341822,35,12.0
GERAL,GERAL,21741076989,[APP INSTAL - NK],MULTI_CHANNEL,2026-02-17,306,190,1.6105263157894736,9.776959,23,12.0
GERAL,GERAL,21741076989,[APP INSTAL - NK],MULTI_CHANNEL,2026-02-18,248,197,1.2588832487309645,9.353121,26,9.0
GERAL,GERAL,21741076989,[APP INSTAL - NK],MULTI_CHANNEL,2026-02-19,175,81,2.1604938271604937,10.047415,17,4.0
GERAL,GERAL,21741076989,[APP INSTAL - NK],MULTI_CHANNEL,2026-02-20,168,110,1.5272727272727273,9.947819,26,0.0
GERAL,GERAL,21741076989,[APP INSTAL - NK],MULTI_CHANNEL,2026-02-22,127,94,1.351063829787234,11.016295,18,0.0
GERAL,GERAL,21741076989,[APP INSTAL - NK],MULTI_CHANNEL,2026-02-23,181,126,1.4365079365079365,9.549216,21,0.0
GERAL,GERAL,21741076989,[APP INSTAL - NK],MULTI_CHANNEL,2026-02-24,211,135,1.5629629629629629,7.926572,23,0.0
GERAL,GERAL,21741076989,[APP INSTAL - NK],MULTI_CHANNEL,2026-02-25,116,86,1.3488372093023255,8.69579,12,0.0
GERAL,GERAL,21741076989,[APP INSTAL - NK],MULTI_CHANNEL,2026-02-26,108,57,1.894736842105263,9.72202,12,0.0
GERAL,GERAL,21741076989,[APP INSTAL - NK],MULTI_CHANNEL,2026-02-28,107,72,1.4861111111111112,7.348906,11,0.0
GERAL,GERAL,21741076989,[APP INSTAL - NK],MULTI_CHANNEL,2026-03-01,88,63,1.3968253968253967,10.923222,14,0.0
GERAL,GERAL,21741076989,[APP INSTAL - NK],MULTI_CHANNEL,2026-03-02,86,58,1.4827586206896552,9.930343,15,0.0
GERAL,GERAL,21741092154,[APP INSTAL - NS],MULTI_CHANNEL,2025-12-03,233,158,1.4746835443037976,19.985716,27,10.0
GERAL,GERAL,21741092154,[APP INSTAL - NS],MULTI_CHANNEL,2025-12-04,1024,564,1.8156028368794326,22.125755,67,29.0
GERAL,GERAL,21741092154,[APP INSTAL - NS],MULTI_CHANNEL,2025-12-05,434,260,1.6692307692307693,20.842852,47,26.0
GERAL,GERAL,21741092154,[APP INSTAL - NS],MULTI_CHANNEL,2025-12-06,489,272,1.7977941176470589,20.187421,37,16.0
GERAL,GERAL,21741092154,[APP INSTAL - NS],MULTI_CHANNEL,2025-12-07,443,270,1.6407407407407408,19.1727,21,9.0
GERAL,GERAL,21741092154,[APP INSTAL - NS],MULTI_CHANNEL,2025-12-08,493,307,1.6058631921824105,20.865143,42,21.0
GERAL,GERAL,21741092154,[APP INSTAL - NS],MULTI_CHANNEL,2025-12-09,300,173,1.7341040462427746,19.991504,31,14.0
GERAL,GERAL,21741092154,[APP INSTAL - NS],MULTI_CHANNEL,2025-12-10,326,216,1.5092592592592593,20.125314,43,18.0
GERAL,GERAL,21741092154,[APP INSTAL - NS],MULTI_CHANNEL,2025-12-11,360,229,1.5720524017467248,21.56665,36,13.0
GERAL,GERAL,21741092154,[APP INSTAL - NS],MULTI_CHANNEL,2025-12-12,311,189,1.6455026455026456,20.968564,37,10.0
GERAL,GERAL,21741092154,[APP INSTAL - NS],MULTI_CHANNEL,2025-12-13,473,296,1.597972972972973,18.331831,40,22.0
GERAL,GERAL,21741092154,[APP INSTAL - NS],MULTI_CHANNEL,2025-12-14,570,302,1.8874172185430464,20.922621,62,23.0
GERAL,GERAL,21741092154,[APP INSTAL - NS],MULTI_CHANNEL,2025-12-15,496,275,1.8036363636363637,20.198303,53,26.0
GERAL,GERAL,21741092154,[APP INSTAL - NS],MULTI_CHANNEL,2025-12-16,252,144,1.75,20.156878,29,10.0
GERAL,GERAL,21741092154,[APP INSTAL - NS],MULTI_CHANNEL,2025-12-17,474,259,1.83011583011583,19.92261,40,14.0
GERAL,GERAL,21741092154,[APP INSTAL - NS],MULTI_CHANNEL,2025-12-18,490,320,1.53125,18.961135,48,25.0
GERAL,GERAL,21741092154,[APP INSTAL - NS],MULTI_CHANNEL,2025-12-19,332,189,1.7566137566137565,18.854995,24,10.0
GERAL,GERAL,21741092154,[APP INSTAL - NS],MULTI_CHANNEL,2025-12-20,379,230,1.6478260869565218,19.399686,36,15.0
GERAL,GERAL,21741092154,[APP INSTAL - NS],MULTI_CHANNEL,2025-12-21,418,284,1.471830985915493,22.026756,44,21.0
GERAL,GERAL,21741092154,[APP INSTAL - NS],MULTI_CHANNEL,2025-12-22,400,257,1.556420233463035,18.712046,60,30.0
GERAL,GERAL,21741092154,[APP INSTAL - NS],MULTI_CHANNEL,2025-12-23,595,360,1.6527777777777777,19.917237,78,50.0
GERAL,GERAL,21741092154,[APP INSTAL - NS],MULTI_CHANNEL,2025-12-24,335,197,1.700507614213198,15.919449,35,12.0
GERAL,GERAL,21741092154,[APP INSTAL - NS],MULTI_CHANNEL,2025-12-25,583,378,1.5423280423280423,20.73444,45,19.0
GERAL,GERAL,21741092154,[APP INSTAL - NS],MULTI_CHANNEL,2025-12-26,721,353,2.0424929178470257,19.036869,53,24.0
GERAL,GERAL,21741092154,[APP INSTAL - NS],MULTI_CHANNEL,2025-12-27,691,413,1.6731234866828086,19.765987,49,34.0
GERAL,GERAL,21741092154,[APP INSTAL - NS],MULTI_CHANNEL,2025-12-28,441,219,2.0136986301369864,18.930077,34,10.0
GERAL,GERAL,21741092154,[APP INSTAL - NS],MULTI_CHANNEL,2025-12-29,348,223,1.5605381165919283,17.996135,49,27.0
GERAL,GERAL,21741092154,[APP INSTAL - NS],MULTI_CHANNEL,2025-12-30,881,503,1.7514910536779325,18.207091,66,30.0
GERAL,GERAL,21741092154,[APP INSTAL - NS],MULTI_CHANNEL,2025-12-31,467,278,1.6798561151079137,17.374483,43,17.0
GERAL,GERAL,21741092154,[APP INSTAL - NS],MULTI_CHANNEL,2026-01-01,698,387,1.8036175710594315,21.030499,53,14.0
GERAL,GERAL,21741092154,[APP INSTAL - NS],MULTI_CHANNEL,2026-01-06,786,522,1.5057471264367817,40.387132,65,14.0
GERAL,GERAL,21741092154,[APP INSTAL - NS],MULTI_CHANNEL,2026-01-07,947,547,1.7312614259597807,39.273565,84,26.0
GERAL,GERAL,21741092154,[APP INSTAL - NS],MULTI_CHANNEL,2026-01-08,1111,623,1.78330658105939,40.228869,89,37.0
GERAL,GERAL,21741092154,[APP INSTAL - NS],MULTI_CHANNEL,2026-01-09,1305,720,1.8125,39.962142,99,38.0
GERAL,GERAL,21741092154,[APP INSTAL - NS],MULTI_CHANNEL,2026-01-10,845,485,1.7422680412371134,22.106791,77,32.0
GERAL,GERAL,21741092154,[APP INSTAL - NS],MULTI_CHANNEL,2026-01-11,291,168,1.7321428571428572,21.298279,32,11.0
GERAL,GERAL,21741092154,[APP INSTAL - NS],MULTI_CHANNEL,2026-01-12,633,301,2.1029900332225915,19.793668,45,16.0
GERAL,GERAL,21741092154,[APP INSTAL - NS],MULTI_CHANNEL,2026-01-13,612,400,1.53,19.383444,59,19.0
GERAL,GERAL,21741092154,[APP INSTAL - NS],MULTI_CHANNEL,2026-01-14,335,239,1.401673640167364,19.178542,40,16.0
GERAL,GERAL,21741092154,[APP INSTAL - NS],MULTI_CHANNEL,2026-01-15,896,551,1.6261343012704175,40.308147,82,39.0
GERAL,GERAL,21741092154,[APP INSTAL - NS],MULTI_CHANNEL,2026-01-16,1095,563,1.9449378330373002,41.765219,94,30.0
GERAL,GERAL,21741092154,[APP INSTAL - NS],MULTI_CHANNEL,2026-01-17,1003,627,1.5996810207336523,43.232152,106,37.0
GERAL,GERAL,21741092154,[APP INSTAL - NS],MULTI_CHANNEL,2026-01-18,1144,618,1.8511326860841424,39.937291,114,39.0
GERAL,GERAL,21741092154,[APP INSTAL - NS],MULTI_CHANNEL,2026-01-19,1206,651,1.8525345622119815,41.212549,109,27.0
GERAL,GERAL,21741092154,[APP INSTAL - NS],MULTI_CHANNEL,2026-01-20,983,527,1.8652751423149905,41.341435,98,38.0
GERAL,GERAL,21741092154,[APP INSTAL - NS],MULTI_CHANNEL,2026-01-21,1165,634,1.837539432176656,40.151743,101,40.0
GERAL,GERAL,21741092154,[APP INSTAL - NS],MULTI_CHANNEL,2026-01-22,1035,606,1.7079207920792079,41.431861,98,38.0
GERAL,GERAL,21741092154,[APP INSTAL - NS],MULTI_CHANNEL,2026-01-23,1016,552,1.8405797101449275,40.64046,100,33.0
GERAL,GERAL,21741092154,[APP INSTAL - NS],MULTI_CHANNEL,2026-01-24,1120,650,1.7230769230769232,40.903645,99,31.0
GERAL,GERAL,21741092154,[APP INSTAL - NS],MULTI_CHANNEL,2026-01-25,987,544,1.8143382352941178,44.818545,148,73.0
GERAL,GERAL,21741092154,[APP INSTAL - NS],MULTI_CHANNEL,2026-01-26,1301,700,1.8585714285714285,37.496917,89,21.0
GERAL,GERAL,21741092154,[APP INSTAL - NS],MULTI_CHANNEL,2026-01-27,1071,559,1.9159212880143113,37.498148,88,26.0
GERAL,GERAL,21741092154,[APP INSTAL - NS],MULTI_CHANNEL,2026-01-28,976,563,1.733570159857904,37.973863,84,29.0
GERAL,GERAL,21741092154,[APP INSTAL - NS],MULTI_CHANNEL,2026-01-29,1289,705,1.8283687943262412,37.791721,88,30.0
GERAL,GERAL,21741092154,[APP INSTAL - NS],MULTI_CHANNEL,2026-01-30,1057,619,1.7075928917609047,38.259395,88,25.0
GERAL,GERAL,21741092154,[APP INSTAL - NS],MULTI_CHANNEL,2026-01-31,1007,619,1.6268174474959611,36.042766,97,40.0
GERAL,GERAL,21741092154,[APP INSTAL - NS],MULTI_CHANNEL,2026-02-01,1465,861,1.7015098722415796,50.373122,115,33.0
GERAL,GERAL,21741092154,[APP INSTAL - NS],MULTI_CHANNEL,2026-02-02,1125,616,1.8262987012987013,47.198821,107,37.0
GERAL,GERAL,21741092154,[APP INSTAL - NS],MULTI_CHANNEL,2026-02-03,1259,747,1.6854082998661313,41.921536,94,38.0
GERAL,GERAL,21741092154,[APP INSTAL - NS],MULTI_CHANNEL,2026-02-04,1134,640,1.771875,43.244947,90,32.0
GERAL,GERAL,21741092154,[APP INSTAL - NS],MULTI_CHANNEL,2026-02-05,239,138,1.7318840579710144,12.46545,24,8.0
GERAL,GERAL,21741092154,[APP INSTAL - NS],MULTI_CHANNEL,2026-02-07,394,240,1.6416666666666666,20.261122,41,11.0
GERAL,GERAL,21741092154,[APP INSTAL - NS],MULTI_CHANNEL,2026-02-08,153,84,1.8214285714285714,12.968458,20,11.0
GERAL,GERAL,21741092154,[APP INSTAL - NS],MULTI_CHANNEL,2026-02-09,317,197,1.6091370558375635,11.050517,32,9.0
GERAL,GERAL,21741092154,[APP INSTAL - NS],MULTI_CHANNEL,2026-02-10,314,191,1.643979057591623,9.245816,28,10.0
GERAL,GERAL,21741092154,[APP INSTAL - NS],MULTI_CHANNEL,2026-02-11,230,141,1.6312056737588652,10.36852,19,4.0
GERAL,GERAL,21741092154,[APP INSTAL - NS],MULTI_CHANNEL,2026-02-12,159,99,1.606060606060606,10.135191,17,7.0
GERAL,GERAL,21741092154,[APP INSTAL - NS],MULTI_CHANNEL,2026-02-13,141,79,1.7848101265822784,10.396679,21,7.0
GERAL,GERAL,21741092154,[APP INSTAL - NS],MULTI_CHANNEL,2026-02-14,279,162,1.7222222222222223,11.199607,21,6.0
GERAL,GERAL,21741092154,[APP INSTAL - NS],MULTI_CHANNEL,2026-02-15,208,103,2.0194174757281553,10.782315,19,7.0
GERAL,GERAL,21741092154,[APP INSTAL - NS],MULTI_CHANNEL,2026-02-16,238,140,1.7,10.141202,25,9.0
GERAL,GERAL,21741092154,[APP INSTAL - NS],MULTI_CHANNEL,2026-02-17,387,220,1.759090909090909,10.036644,25,9.0
GERAL,GERAL,21741092154,[APP INSTAL - NS],MULTI_CHANNEL,2026-02-18,459,261,1.7586206896551724,19.837589,42,14.0
GERAL,GERAL,21741092154,[APP INSTAL - NS],MULTI_CHANNEL,2026-02-19,356,218,1.6330275229357798,19.032039,36,7.0
GERAL,GERAL,21741092154,[APP INSTAL - NS],MULTI_CHANNEL,2026-02-20,461,267,1.7265917602996255,20.076744,41,0.0
GERAL,GERAL,21741092154,[APP INSTAL - NS],MULTI_CHANNEL,2026-02-21,579,327,1.7706422018348624,20.005121,58,0.0
GERAL,GERAL,21741092154,[APP INSTAL - NS],MULTI_CHANNEL,2026-02-22,505,319,1.5830721003134796,19.995423,42,0.0
GERAL,GERAL,21741092154,[APP INSTAL - NS],MULTI_CHANNEL,2026-02-23,400,248,1.6129032258064515,19.479904,42,1.0
GERAL,GERAL,21741092154,[APP INSTAL - NS],MULTI_CHANNEL,2026-02-24,238,159,1.4968553459119496,18.934116,27,0.0
GERAL,GERAL,21741092154,[APP INSTAL - NS],MULTI_CHANNEL,2026-02-25,158,113,1.3982300884955752,17.93443,25,0.0
GERAL,GERAL,21741092154,[APP INSTAL - NS],MULTI_CHANNEL,2026-02-26,398,259,1.5366795366795367,18.607954,32,0.0
GERAL,GERAL,21741092154,[APP INSTAL - NS],MULTI_CHANNEL,2026-02-27,176,104,1.6923076923076923,18.451562,28,0.0
GERAL,GERAL,21741092154,[APP INSTAL - NS],MULTI_CHANNEL,2026-02-28,192,122,1.5737704918032787,17.254773,27,0.0
GERAL,GERAL,21741092154,[APP INSTAL - NS],MULTI_CHANNEL,2026-03-01,348,191,1.8219895287958114,18.680122,35,0.0
GERAL,GERAL,21741092154,[APP INSTAL - NS],MULTI_CHANNEL,2026-03-02,414,237,1.7468354430379747,19.684141,33,0.0
GERAL,GERAL,21747173498,[APP INSTAL - CS],MULTI_CHANNEL,2025-12-03,300,201,1.492537313432836,20.357618,42,25.0
GERAL,GERAL,21747173498,[APP INSTAL - CS],MULTI_CHANNEL,2025-12-04,292,189,1.5449735449735449,21.288849,27,10.0
GERAL,GERAL,21747173498,[APP INSTAL - CS],MULTI_CHANNEL,2025-12-05,323,212,1.5235849056603774,20.152926,37,24.0
GERAL,GERAL,21747173498,[APP INSTAL - CS],MULTI_CHANNEL,2025-12-06,456,288,1.5833333333333333,19.906546,53,25.0
GERAL,GERAL,21747173498,[APP INSTAL - CS],MULTI_CHANNEL,2025-12-07,496,277,1.7906137184115523,18.968825,49,28.0
GERAL,GERAL,21747173498,[APP INSTAL - CS],MULTI_CHANNEL,2025-12-08,295,208,1.4182692307692308,20.198166,46,28.0
GERAL,GERAL,21747173498,[APP INSTAL - CS],MULTI_CHANNEL,2025-12-09,593,360,1.6472222222222221,21.353931,51,23.0
GERAL,GERAL,21747173498,[APP INSTAL - CS],MULTI_CHANNEL,2025-12-10,321,242,1.3264462809917354,19.001006,35,11.0
GERAL,GERAL,21747173498,[APP INSTAL - CS],MULTI_CHANNEL,2025-12-11,266,171,1.5555555555555556,21.182552,30,10.0
GERAL,GERAL,21747173498,[APP INSTAL - CS],MULTI_CHANNEL,2025-12-12,399,258,1.5465116279069768,20.610777,32,16.0
GERAL,GERAL,21747173498,[APP INSTAL - CS],MULTI_CHANNEL,2025-12-13,197,132,1.4924242424242424,21.038211,31,10.0
GERAL,GERAL,21747173498,[APP INSTAL - CS],MULTI_CHANNEL,2025-12-14,454,287,1.5818815331010454,20.881613,64,32.0
GERAL,GERAL,21747173498,[APP INSTAL - CS],MULTI_CHANNEL,2025-12-15,435,257,1.6926070038910506,19.310284,44,21.0
GERAL,GERAL,21747173498,[APP INSTAL - CS],MULTI_CHANNEL,2025-12-16,759,505,1.502970297029703,19.797461,64,36.0
GERAL,GERAL,21747173498,[APP INSTAL - CS],MULTI_CHANNEL,2025-12-17,282,175,1.6114285714285714,19.988835,35,14.0
GERAL,GERAL,21747173498,[APP INSTAL - CS],MULTI_CHANNEL,2025-12-18,214,139,1.539568345323741,20.384163,34,10.0
GERAL,GERAL,21747173498,[APP INSTAL - CS],MULTI_CHANNEL,2025-12-19,340,203,1.6748768472906403,19.982562,28,6.0
GERAL,GERAL,21747173498,[APP INSTAL - CS],MULTI_CHANNEL,2025-12-20,775,532,1.4567669172932332,19.109239,91,57.0
GERAL,GERAL,21747173498,[APP INSTAL - CS],MULTI_CHANNEL,2025-12-21,294,207,1.4202898550724639,19.551986,32,13.0
GERAL,GERAL,21747173498,[APP INSTAL - CS],MULTI_CHANNEL,2025-12-22,313,173,1.8092485549132948,19.620887,40,24.0
GERAL,GERAL,21747173498,[APP INSTAL - CS],MULTI_CHANNEL,2025-12-23,259,165,1.5696969696969696,17.697118,33,17.0
GERAL,GERAL,21747173498,[APP INSTAL - CS],MULTI_CHANNEL,2025-12-24,667,435,1.5333333333333334,20.008934,78,50.0
GERAL,GERAL,21747173498,[APP INSTAL - CS],MULTI_CHANNEL,2025-12-25,603,388,1.5541237113402062,18.722163,52,29.0
GERAL,GERAL,21747173498,[APP INSTAL - CS],MULTI_CHANNEL,2025-12-26,271,154,1.7597402597402598,17.919427,27,11.0
GERAL,GERAL,21747173498,[APP INSTAL - CS],MULTI_CHANNEL,2025-12-27,557,353,1.5779036827195467,21.192218,68,38.0
GERAL,GERAL,21747173498,[APP INSTAL - CS],MULTI_CHANNEL,2025-12-28,285,159,1.7924528301886793,18.459073,34,9.0
GERAL,GERAL,21747173498,[APP INSTAL - CS],MULTI_CHANNEL,2025-12-29,385,227,1.696035242290749,18.205193,41,17.0
GERAL,GERAL,21747173498,[APP INSTAL - CS],MULTI_CHANNEL,2025-12-30,457,320,1.428125,18.072726,46,24.0
GERAL,GERAL,21747173498,[APP INSTAL - CS],MULTI_CHANNEL,2025-12-31,514,355,1.447887323943662,16.595957,63,44.0
GERAL,GERAL,21747173498,[APP INSTAL - CS],MULTI_CHANNEL,2026-01-01,890,534,1.6666666666666667,21.527595,73,31.0
GERAL,GERAL,21747173498,[APP INSTAL - CS],MULTI_CHANNEL,2026-01-06,610,419,1.4558472553699284,40.155227,58,17.0
GERAL,GERAL,21747173498,[APP INSTAL - CS],MULTI_CHANNEL,2026-01-07,787,402,1.9577114427860696,40.216211,71,25.0
GERAL,GERAL,21747173498,[APP INSTAL - CS],MULTI_CHANNEL,2026-01-08,791,473,1.6723044397463003,40.097435,88,29.0
GERAL,GERAL,21747173498,[APP INSTAL - CS],MULTI_CHANNEL,2026-01-09,696,418,1.6650717703349283,40.358651,79,27.0
GERAL,GERAL,21747173498,[APP INSTAL - CS],MULTI_CHANNEL,2026-01-10,846,528,1.6022727272727273,23.394396,74,37.0
GERAL,GERAL,21747173498,[APP INSTAL - CS],MULTI_CHANNEL,2026-01-11,841,513,1.6393762183235867,20.07478,66,27.0
GERAL,GERAL,21747173498,[APP INSTAL - CS],MULTI_CHANNEL,2026-01-12,815,510,1.5980392156862746,20.918434,69,28.0
GERAL,GERAL,21747173498,[APP INSTAL - CS],MULTI_CHANNEL,2026-01-13,631,436,1.4472477064220184,17.590519,55,25.0
GERAL,GERAL,21747173498,[APP INSTAL - CS],MULTI_CHANNEL,2026-01-14,259,165,1.5696969696969696,18.904256,29,14.0
GERAL,GERAL,21747173498,[APP INSTAL - CS],MULTI_CHANNEL,2026-01-15,605,388,1.559278350515464,20.022545,50,19.0
GERAL,GERAL,21747173498,[APP INSTAL - CS],MULTI_CHANNEL,2026-01-16,470,308,1.525974025974026,19.772524,45,16.0
GERAL,GERAL,21747173498,[APP INSTAL - CS],MULTI_CHANNEL,2026-01-17,285,197,1.4467005076142132,21.912877,40,15.0
GERAL,GERAL,21747173498,[APP INSTAL - CS],MULTI_CHANNEL,2026-01-18,430,269,1.5985130111524164,19.199654,37,15.0
GERAL,GERAL,21747173498,[APP INSTAL - CS],MULTI_CHANNEL,2026-01-19,539,333,1.6186186186186187,20.069325,51,19.0
GERAL,GERAL,21747173498,[APP INSTAL - CS],MULTI_CHANNEL,2026-01-20,247,163,1.5153374233128833,19.747914,34,9.0
GERAL,GERAL,21747173498,[APP INSTAL - CS],MULTI_CHANNEL,2026-01-21,306,173,1.76878612716763,19.449223,32,12.0
GERAL,GERAL,21747173498,[APP INSTAL - CS],MULTI_CHANNEL,2026-01-22,695,437,1.5903890160183067,20.072004,49,15.0
GERAL,GERAL,21747173498,[APP INSTAL - CS],MULTI_CHANNEL,2026-01-23,357,226,1.579646017699115,18.94581,42,11.0
GERAL,GERAL,21747173498,[APP INSTAL - CS],MULTI_CHANNEL,2026-01-24,543,348,1.5603448275862069,17.84045,52,23.0
GERAL,GERAL,21747173498,[APP INSTAL - CS],MULTI_CHANNEL,2026-01-25,423,221,1.914027149321267,20.844655,43,7.0
GERAL,GERAL,21747173498,[APP INSTAL - CS],MULTI_CHANNEL,2026-01-26,480,281,1.708185053380783,18.938928,42,16.0
GERAL,GERAL,21747173498,[APP INSTAL - CS],MULTI_CHANNEL,2026-01-27,547,317,1.725552050473186,17.268587,38,13.0
GERAL,GERAL,21747173498,[APP INSTAL - CS],MULTI_CHANNEL,2026-01-28,365,232,1.5732758620689655,19.509854,36,11.0
GERAL,GERAL,21747173498,[APP INSTAL - CS],MULTI_CHANNEL,2026-01-29,539,347,1.553314121037464,18.08192,53,8.0
GERAL,GERAL,21747173498,[APP INSTAL - CS],MULTI_CHANNEL,2026-01-30,284,164,1.7317073170731707,18.060919,27,7.0
GERAL,GERAL,21747173498,[APP INSTAL - CS],MULTI_CHANNEL,2026-01-31,326,178,1.8314606741573034,17.119073,30,10.0
GERAL,GERAL,21747173498,[APP INSTAL - CS],MULTI_CHANNEL,2026-02-01,448,268,1.671641791044776,23.810274,49,18.0
GERAL,GERAL,21747173498,[APP INSTAL - CS],MULTI_CHANNEL,2026-02-02,715,447,1.599552572706935,22.952539,53,20.0
GERAL,GERAL,21747173498,[APP INSTAL - CS],MULTI_CHANNEL,2026-02-03,396,265,1.4943396226415093,23.097481,38,18.0
GERAL,GERAL,21747173498,[APP INSTAL - CS],MULTI_CHANNEL,2026-02-04,360,223,1.6143497757847534,21.80005,41,11.0
GERAL,GERAL,21747173498,[APP INSTAL - CS],MULTI_CHANNEL,2026-02-05,185,136,1.3602941176470589,9.140574,19,9.0
GERAL,GERAL,21747173498,[APP INSTAL - CS],MULTI_CHANNEL,2026-02-07,270,180,1.5,20.105887,29,6.0
GERAL,GERAL,21747173498,[APP INSTAL - CS],MULTI_CHANNEL,2026-02-08,434,282,1.5390070921985815,14.95945,37,12.0
GERAL,GERAL,21747173498,[APP INSTAL - CS],MULTI_CHANNEL,2026-02-09,246,155,1.5870967741935484,11.215232,27,10.0
GERAL,GERAL,21747173498,[APP INSTAL - CS],MULTI_CHANNEL,2026-02-10,459,286,1.6048951048951048,12.317686,40,15.0
GERAL,GERAL,21747173498,[APP INSTAL - CS],MULTI_CHANNEL,2026-02-11,118,87,1.3563218390804597,11.554995,19,9.0
GERAL,GERAL,21747173498,[APP INSTAL - CS],MULTI_CHANNEL,2026-02-12,159,108,1.4722222222222223,11.631377,23,6.0
GERAL,GERAL,21747173498,[APP INSTAL - CS],MULTI_CHANNEL,2026-02-13,263,188,1.398936170212766,10.093348,24,7.0
GERAL,GERAL,21747173498,[APP INSTAL - CS],MULTI_CHANNEL,2026-02-14,161,108,1.4907407407407407,9.38468,20,6.0
GERAL,GERAL,21747173498,[APP INSTAL - CS],MULTI_CHANNEL,2026-02-15,357,235,1.5191489361702128,9.686585,30,8.0
GERAL,GERAL,21747173498,[APP INSTAL - CS],MULTI_CHANNEL,2026-02-16,181,101,1.7920792079207921,9.762276,17,9.0
GERAL,GERAL,21747173498,[APP INSTAL - CS],MULTI_CHANNEL,2026-02-17,336,226,1.4867256637168142,9.504875,59,39.0
GERAL,GERAL,21747173498,[APP INSTAL - CS],MULTI_CHANNEL,2026-02-18,139,82,1.6951219512195121,9.513016,16,8.0
GERAL,GERAL,21747173498,[APP INSTAL - CS],MULTI_CHANNEL,2026-02-19,148,92,1.608695652173913,9.407867,18,10.0
GERAL,GERAL,21747173498,[APP INSTAL - CS],MULTI_CHANNEL,2026-02-20,186,124,1.5,9.907637,15,0.0
GERAL,GERAL,21747173498,[APP INSTAL - CS],MULTI_CHANNEL,2026-02-21,319,183,1.7431693989071038,8.974158,25,1.0
GERAL,GERAL,21747173498,[APP INSTAL - CS],MULTI_CHANNEL,2026-02-22,203,127,1.5984251968503937,9.757155,16,0.0
GERAL,GERAL,21747173498,[APP INSTAL - CS],MULTI_CHANNEL,2026-02-23,87,59,1.4745762711864407,8.679208,15,0.0
GERAL,GERAL,21747173498,[APP INSTAL - CS],MULTI_CHANNEL,2026-02-24,169,111,1.5225225225225225,8.861938,18,0.0
GERAL,GERAL,21747173498,[APP INSTAL - CS],MULTI_CHANNEL,2026-02-25,270,185,1.4594594594594594,9.159454,15,0.0
GERAL,GERAL,21747173498,[APP INSTAL - CS],MULTI_CHANNEL,2026-02-26,306,188,1.627659574468085,8.979456,22,0.0
GERAL,GERAL,21747173498,[APP INSTAL - CS],MULTI_CHANNEL,2026-02-27,249,164,1.5182926829268293,8.429073,22,0.0
GERAL,GERAL,21747173498,[APP INSTAL - CS],MULTI_CHANNEL,2026-02-28,323,180,1.7944444444444445,8.953001,30,0.0
GERAL,GERAL,21747173498,[APP INSTAL - CS],MULTI_CHANNEL,2026-03-01,130,79,1.6455696202531647,10.572525,15,0.0
GERAL,GERAL,21747173498,[APP INSTAL - CS],MULTI_CHANNEL,2026-03-02,167,108,1.5462962962962963,9.90692,13,0.0
GERAL,GERAL,21750784471,[APP INSTAL - BS],MULTI_CHANNEL,2025-12-03,860,616,1.396103896103896,25.046125,98,61.0
GERAL,GERAL,21750784471,[APP INSTAL - BS],MULTI_CHANNEL,2025-12-04,423,265,1.5962264150943397,23.942087,36,16.0
GERAL,GERAL,21750784471,[APP INSTAL - BS],MULTI_CHANNEL,2025-12-05,582,393,1.4809160305343512,23.602608,48,17.0
GERAL,GERAL,21750784471,[APP INSTAL - BS],MULTI_CHANNEL,2025-12-06,447,281,1.5907473309608542,24.46075,33,15.0
GERAL,GERAL,21750784471,[APP INSTAL - BS],MULTI_CHANNEL,2025-12-07,617,357,1.7282913165266107,25.581874,56,21.0
GERAL,GERAL,21750784471,[APP INSTAL - BS],MULTI_CHANNEL,2025-12-08,553,382,1.4476439790575917,24.125716,55,32.0
GERAL,GERAL,21750784471,[APP INSTAL - BS],MULTI_CHANNEL,2025-12-09,737,491,1.5010183299389002,23.158301,75,36.0
GERAL,GERAL,21750784471,[APP INSTAL - BS],MULTI_CHANNEL,2025-12-10,980,663,1.4781297134238311,24.998708,87,38.0
GERAL,GERAL,21750784471,[APP INSTAL - BS],MULTI_CHANNEL,2025-12-11,405,267,1.5168539325842696,23.295285,42,18.0
GERAL,GERAL,21750784471,[APP INSTAL - BS],MULTI_CHANNEL,2025-12-12,710,450,1.5777777777777777,24.633996,78,37.0
GERAL,GERAL,21750784471,[APP INSTAL - BS],MULTI_CHANNEL,2025-12-13,692,465,1.4881720430107528,23.954827,70,49.0
GERAL,GERAL,21750784471,[APP INSTAL - BS],MULTI_CHANNEL,2025-12-14,656,481,1.363825363825364,25.152671,63,34.0
GERAL,GERAL,21750784471,[APP INSTAL - BS],MULTI_CHANNEL,2025-12-15,418,259,1.613899613899614,28.744865,39,14.0
GERAL,GERAL,21750784471,[APP INSTAL - BS],MULTI_CHANNEL,2025-12-16,516,289,1.7854671280276817,21.607268,50,26.0
GERAL,GERAL,21750784471,[APP INSTAL - BS],MULTI_CHANNEL,2025-12-17,324,220,1.4727272727272727,22.104988,39,14.0
GERAL,GERAL,21750784471,[APP INSTAL - BS],MULTI_CHANNEL,2025-12-18,521,343,1.5189504373177842,22.45241,52,23.0
GERAL,GERAL,21750784471,[APP INSTAL - BS],MULTI_CHANNEL,2025-12-19,856,568,1.5070422535211268,22.570647,81,47.0
GERAL,GERAL,21750784471,[APP INSTAL - BS],MULTI_CHANNEL,2025-12-20,815,609,1.3382594417077176,23.144744,99,66.0
GERAL,GERAL,21750784471,[APP INSTAL - BS],MULTI_CHANNEL,2025-12-21,611,371,1.646900269541779,22.983484,58,40.0
GERAL,GERAL,21750784471,[APP INSTAL - BS],MULTI_CHANNEL,2025-12-22,996,749,1.32977303070761,23.774729,143,97.0
GERAL,GERAL,21750784471,[APP INSTAL - BS],MULTI_CHANNEL,2025-12-23,498,325,1.5323076923076924,23.740196,40,22.0
GERAL,GERAL,21750784471,[APP INSTAL - BS],MULTI_CHANNEL,2025-12-24,476,337,1.4124629080118694,23.097213,58,36.0
GERAL,GERAL,21750784471,[APP INSTAL - BS],MULTI_CHANNEL,2025-12-25,684,465,1.4709677419354839,23.730826,59,32.0
GERAL,GERAL,21750784471,[APP INSTAL - BS],MULTI_CHANNEL,2025-12-26,534,309,1.7281553398058251,19.72241,35,18.0
GERAL,GERAL,21750784471,[APP INSTAL - BS],MULTI_CHANNEL,2025-12-27,858,593,1.4468802698145025,22.857347,107,69.0
GERAL,GERAL,21750784471,[APP INSTAL - BS],MULTI_CHANNEL,2025-12-28,790,468,1.688034188034188,22.961419,65,35.0
GERAL,GERAL,21750784471,[APP INSTAL - BS],MULTI_CHANNEL,2025-12-29,750,463,1.6198704103671706,24.476471,75,31.0
GERAL,GERAL,21750784471,[APP INSTAL - BS],MULTI_CHANNEL,2025-12-30,904,613,1.4747145187601958,20.351976,89,54.0
GERAL,GERAL,21750784471,[APP INSTAL - BS],MULTI_CHANNEL,2025-12-31,900,592,1.5202702702702702,19.927933,75,41.0
GERAL,GERAL,21750784471,[APP INSTAL - BS],MULTI_CHANNEL,2026-01-01,852,564,1.5106382978723405,23.569214,57,27.0
GERAL,GERAL,21750784471,[APP INSTAL - BS],MULTI_CHANNEL,2026-01-06,1199,737,1.626865671641791,48.294609,91,31.0
GERAL,GERAL,21750784471,[APP INSTAL - BS],MULTI_CHANNEL,2026-01-07,1308,858,1.5244755244755244,48.362017,142,52.0
GERAL,GERAL,21750784471,[APP INSTAL - BS],MULTI_CHANNEL,2026-01-08,1349,906,1.488962472406181,46.36075,160,68.0
GERAL,GERAL,21750784471,[APP INSTAL - BS],MULTI_CHANNEL,2026-01-09,812,453,1.7924944812362031,46.67354,90,38.0
GERAL,GERAL,21750784471,[APP INSTAL - BS],MULTI_CHANNEL,2026-01-10,996,705,1.4127659574468086,28.285763,100,53.0
GERAL,GERAL,21750784471,[APP INSTAL - BS],MULTI_CHANNEL,2026-01-11,810,480,1.6875,26.384846,75,37.0
GERAL,GERAL,21750784471,[APP INSTAL - BS],MULTI_CHANNEL,2026-01-12,869,556,1.5629496402877698,24.113368,73,29.0
GERAL,GERAL,21750784471,[APP INSTAL - BS],MULTI_CHANNEL,2026-01-13,959,663,1.4464555052790347,23.046171,78,25.0
GERAL,GERAL,21750784471,[APP INSTAL - BS],MULTI_CHANNEL,2026-01-14,613,411,1.491484184914842,24.601797,58,27.0
GERAL,GERAL,21750784471,[APP INSTAL - BS],MULTI_CHANNEL,2026-01-15,881,564,1.5620567375886525,26.658625,73,27.0
GERAL,GERAL,21750784471,[APP INSTAL - BS],MULTI_CHANNEL,2026-01-16,794,487,1.6303901437371664,23.876002,76,23.0
GERAL,GERAL,21750784471,[APP INSTAL - BS],MULTI_CHANNEL,2026-01-17,949,632,1.5015822784810127,22.69111,87,33.0
GERAL,GERAL,21750784471,[APP INSTAL - BS],MULTI_CHANNEL,2026-01-18,381,236,1.6144067796610169,23.593284,44,17.0
GERAL,GERAL,21750784471,[APP INSTAL - BS],MULTI_CHANNEL,2026-01-19,592,374,1.5828877005347595,22.709691,46,14.0
GERAL,GERAL,21750784471,[APP INSTAL - BS],MULTI_CHANNEL,2026-01-20,641,382,1.6780104712041886,23.360037,50,18.0
GERAL,GERAL,21750784471,[APP INSTAL - BS],MULTI_CHANNEL,2026-01-21,712,462,1.5411255411255411,22.314453,50,21.0
GERAL,GERAL,21750784471,[APP INSTAL - BS],MULTI_CHANNEL,2026-01-22,511,289,1.768166089965398,24.180236,53,18.0
GERAL,GERAL,21750784471,[APP INSTAL - BS],MULTI_CHANNEL,2026-01-23,426,264,1.6136363636363635,25.075836,51,25.0
GERAL,GERAL,21750784471,[APP INSTAL - BS],MULTI_CHANNEL,2026-01-24,916,555,1.6504504504504505,22.274418,72,22.0
GERAL,GERAL,21750784471,[APP INSTAL - BS],MULTI_CHANNEL,2026-01-25,629,307,2.04885993485342,24.566687,51,20.0
GERAL,GERAL,21750784471,[APP INSTAL - BS],MULTI_CHANNEL,2026-01-26,501,240,2.0875,22.098944,42,17.0
GERAL,GERAL,21750784471,[APP INSTAL - BS],MULTI_CHANNEL,2026-01-27,722,447,1.6152125279642058,22.061128,51,15.0
GERAL,GERAL,21750784471,[APP INSTAL - BS],MULTI_CHANNEL,2026-01-28,894,525,1.7028571428571428,48.269404,92,29.0
GERAL,GERAL,21750784471,[APP INSTAL - BS],MULTI_CHANNEL,2026-01-29,2008,1176,1.7074829931972788,48.927868,144,54.0
GERAL,GERAL,21750784471,[APP INSTAL - BS],MULTI_CHANNEL,2026-01-30,1000,622,1.607717041800643,47.518402,101,38.0
GERAL,GERAL,21750784471,[APP INSTAL - BS],MULTI_CHANNEL,2026-01-31,1557,966,1.6118012422360248,46.488003,141,73.0
GERAL,GERAL,21750784471,[APP INSTAL - BS],MULTI_CHANNEL,2026-02-01,1948,1194,1.6314907872696818,56.592902,172,42.0
GERAL,GERAL,21750784471,[APP INSTAL - BS],MULTI_CHANNEL,2026-02-02,1519,960,1.5822916666666667,52.264423,127,41.0
GERAL,GERAL,21750784471,[APP INSTAL - BS],MULTI_CHANNEL,2026-02-03,1804,1061,1.700282752120641,52.156374,121,45.0
GERAL,GERAL,21750784471,[APP INSTAL - BS],MULTI_CHANNEL,2026-02-04,726,385,1.8857142857142857,54.589334,80,25.0
GERAL,GERAL,21750784471,[APP INSTAL - BS],MULTI_CHANNEL,2026-02-05,179,141,1.2695035460992907,7.113347,25,10.0
GERAL,GERAL,21750784471,[APP INSTAL - BS],MULTI_CHANNEL,2026-02-07,1032,689,1.4978229317851959,20.034274,100,57.0
GERAL,GERAL,21750784471,[APP INSTAL - BS],MULTI_CHANNEL,2026-02-08,289,178,1.6235955056179776,15.682916,27,7.0
GERAL,GERAL,21750784471,[APP INSTAL - BS],MULTI_CHANNEL,2026-02-09,264,175,1.5085714285714287,9.98383,17,7.0
GERAL,GERAL,21750784471,[APP INSTAL - BS],MULTI_CHANNEL,2026-02-10,172,122,1.4098360655737705,12.670427,20,9.0
GERAL,GERAL,21750784471,[APP INSTAL - BS],MULTI_CHANNEL,2026-02-11,185,97,1.907216494845361,12.235559,21,10.0
GERAL,GERAL,21750784471,[APP INSTAL - BS],MULTI_CHANNEL,2026-02-12,515,285,1.8070175438596492,12.150726,48,24.0
GERAL,GERAL,21750784471,[APP INSTAL - BS],MULTI_CHANNEL,2026-02-13,285,206,1.383495145631068,11.574933,33,11.0
GERAL,GERAL,21750784471,[APP INSTAL - BS],MULTI_CHANNEL,2026-02-14,125,79,1.5822784810126582,9.972163,18,7.0
GERAL,GERAL,21750784471,[APP INSTAL - BS],MULTI_CHANNEL,2026-02-15,476,324,1.4691358024691359,8.359072,38,18.0
GERAL,GERAL,21750784471,[APP INSTAL - BS],MULTI_CHANNEL,2026-02-16,150,108,1.3888888888888888,10.589515,27,9.0
GERAL,GERAL,21750784471,[APP INSTAL - BS],MULTI_CHANNEL,2026-02-17,259,157,1.6496815286624205,10.30656,22,12.0
GERAL,GERAL,21750784471,[APP INSTAL - BS],MULTI_CHANNEL,2026-02-18,309,213,1.4507042253521127,9.05543,23,10.0
GERAL,GERAL,21750784471,[APP INSTAL - BS],MULTI_CHANNEL,2026-02-19,253,162,1.5617283950617284,9.11876,26,10.0
GERAL,GERAL,21750784471,[APP INSTAL - BS],MULTI_CHANNEL,2026-02-20,144,103,1.3980582524271845,9.584701,17,0.0
GERAL,GERAL,21750784471,[APP INSTAL - BS],MULTI_CHANNEL,2026-02-21,417,282,1.4787234042553192,9.417366,49,1.0
GERAL,GERAL,21750784471,[APP INSTAL - BS],MULTI_CHANNEL,2026-02-22,356,237,1.5021097046413503,9.412109,32,0.0
GERAL,GERAL,21750784471,[APP INSTAL - BS],MULTI_CHANNEL,2026-02-23,157,113,1.3893805309734513,9.157574,18,0.0
GERAL,GERAL,21750784471,[APP INSTAL - BS],MULTI_CHANNEL,2026-02-24,112,79,1.4177215189873418,9.064107,10,0.0
GERAL,GERAL,21750784471,[APP INSTAL - BS],MULTI_CHANNEL,2026-02-25,208,125,1.664,9.820772,15,0.0
GERAL,GERAL,21750784471,[APP INSTAL - BS],MULTI_CHANNEL,2026-02-26,423,297,1.4242424242424243,20.078606,39,0.0
GERAL,GERAL,21750784471,[APP INSTAL - BS],MULTI_CHANNEL,2026-02-27,270,177,1.5254237288135593,20.430857,33,0.0
GERAL,GERAL,21750784471,[APP INSTAL - BS],MULTI_CHANNEL,2026-02-28,714,476,1.5,20.268822,56,0.0
GERAL,GERAL,21750784471,[APP INSTAL - BS],MULTI_CHANNEL,2026-03-01,286,191,1.4973821989528795,19.65496,30,0.0
GERAL,GERAL,21750784471,[APP INSTAL - BS],MULTI_CHANNEL,2026-03-02,379,264,1.4356060606060606,21.890726,34,0.0
GERAL,GERAL,21751147342,[APP INSTAL - NR],MULTI_CHANNEL,2025-12-03,513,373,1.3753351206434317,21.007709,47,30.0
GERAL,GERAL,21751147342,[APP INSTAL - NR],MULTI_CHANNEL,2025-12-04,674,402,1.6766169154228856,20.816312,34,15.0
GERAL,GERAL,21751147342,[APP INSTAL - NR],MULTI_CHANNEL,2025-12-05,719,465,1.5462365591397849,20.504267,45,18.0
GERAL,GERAL,21751147342,[APP INSTAL - NR],MULTI_CHANNEL,2025-12-06,550,343,1.6034985422740524,20.138387,34,11.0
GERAL,GERAL,21751147342,[APP INSTAL - NR],MULTI_CHANNEL,2025-12-07,702,416,1.6875,19.567795,65,41.0
GERAL,GERAL,21751147342,[APP INSTAL - NR],MULTI_CHANNEL,2025-12-08,638,428,1.4906542056074767,20.421051,52,26.0
GERAL,GERAL,21751147342,[APP INSTAL - NR],MULTI_CHANNEL,2025-12-09,416,275,1.5127272727272727,19.591258,37,11.0
GERAL,GERAL,21751147342,[APP INSTAL - NR],MULTI_CHANNEL,2025-12-10,479,329,1.4559270516717324,20.40559,36,15.0
GERAL,GERAL,21751147342,[APP INSTAL - NR],MULTI_CHANNEL,2025-12-11,441,286,1.5419580419580419,21.643807,48,17.0
GERAL,GERAL,21751147342,[APP INSTAL - NR],MULTI_CHANNEL,2025-12-12,477,332,1.4367469879518073,19.106188,38,21.0
GERAL,GERAL,21751147342,[APP INSTAL - NR],MULTI_CHANNEL,2025-12-13,246,162,1.5185185185185186,19.435483,32,14.0
GERAL,GERAL,21751147342,[APP INSTAL - NR],MULTI_CHANNEL,2025-12-14,660,424,1.5566037735849056,21.813401,58,38.0
GERAL,GERAL,21751147342,[APP INSTAL - NR],MULTI_CHANNEL,2025-12-15,449,306,1.4673202614379084,19.93704,46,27.0
GERAL,GERAL,21751147342,[APP INSTAL - NR],MULTI_CHANNEL,2025-12-16,456,256,1.78125,19.156367,38,19.0
GERAL,GERAL,21751147342,[APP INSTAL - NR],MULTI_CHANNEL,2025-12-17,487,271,1.7970479704797049,19.562354,44,19.0
GERAL,GERAL,21751147342,[APP INSTAL - NR],MULTI_CHANNEL,2025-12-18,426,250,1.704,20.425163,30,9.0
GERAL,GERAL,21751147342,[APP INSTAL - NR],MULTI_CHANNEL,2025-12-19,309,195,1.5846153846153845,20.584202,32,11.0
GERAL,GERAL,21751147342,[APP INSTAL - NR],MULTI_CHANNEL,2025-12-20,549,340,1.6147058823529412,19.101061,52,20.0
GERAL,GERAL,21751147342,[APP INSTAL - NR],MULTI_CHANNEL,2025-12-21,442,318,1.389937106918239,19.494117,41,19.0
GERAL,GERAL,21751147342,[APP INSTAL - NR],MULTI_CHANNEL,2025-12-22,468,325,1.44,18.747373,49,29.0
GERAL,GERAL,21751147342,[APP INSTAL - NR],MULTI_CHANNEL,2025-12-23,471,323,1.458204334365325,18.383181,36,18.0
GERAL,GERAL,21751147342,[APP INSTAL - NR],MULTI_CHANNEL,2025-12-24,405,292,1.3869863013698631,19.759899,54,31.0
GERAL,GERAL,21751147342,[APP INSTAL - NR],MULTI_CHANNEL,2025-12-25,499,306,1.630718954248366,19.193226,34,10.0
GERAL,GERAL,21751147342,[APP INSTAL - NR],MULTI_CHANNEL,2025-12-26,707,433,1.6327944572748267,18.448662,61,33.0
GERAL,GERAL,21751147342,[APP INSTAL - NR],MULTI_CHANNEL,2025-12-27,373,216,1.7268518518518519,19.208806,41,18.0
GERAL,GERAL,21751147342,[APP INSTAL - NR],MULTI_CHANNEL,2025-12-28,459,255,1.8,19.507865,40,14.0
GERAL,GERAL,21751147342,[APP INSTAL - NR],MULTI_CHANNEL,2025-12-29,884,504,1.753968253968254,17.2171,69,37.0
GERAL,GERAL,21751147342,[APP INSTAL - NR],MULTI_CHANNEL,2025-12-30,866,583,1.4854202401372212,17.91738,66,35.0
GERAL,GERAL,21751147342,[APP INSTAL - NR],MULTI_CHANNEL,2025-12-31,640,325,1.9692307692307693,17.588551,40,17.0
GERAL,GERAL,21751147342,[APP INSTAL - NR],MULTI_CHANNEL,2026-01-01,961,616,1.5600649350649352,20.91626,68,26.0
GERAL,GERAL,21751147342,[APP INSTAL - NR],MULTI_CHANNEL,2026-01-06,941,660,1.4257575757575758,39.904954,63,25.0
GERAL,GERAL,21751147342,[APP INSTAL - NR],MULTI_CHANNEL,2026-01-07,837,541,1.5471349353049908,41.469564,77,28.0
GERAL,GERAL,21751147342,[APP INSTAL - NR],MULTI_CHANNEL,2026-01-08,1594,941,1.6939426142401701,40.289742,115,53.0
GERAL,GERAL,21751147342,[APP INSTAL - NR],MULTI_CHANNEL,2026-01-09,1342,801,1.6754057428214733,38.65833,112,56.0
GERAL,GERAL,21751147342,[APP INSTAL - NR],MULTI_CHANNEL,2026-01-10,861,546,1.5769230769230769,22.26677,86,51.0
GERAL,GERAL,21751147342,[APP INSTAL - NR],MULTI_CHANNEL,2026-01-11,850,559,1.520572450805009,21.026908,89,51.0
GERAL,GERAL,21751147342,[APP INSTAL - NR],MULTI_CHANNEL,2026-01-12,1408,878,1.603644646924829,45.353218,127,44.0
GERAL,GERAL,21751147342,[APP INSTAL - NR],MULTI_CHANNEL,2026-01-13,1394,929,1.5005382131324003,40.495923,158,58.0
GERAL,GERAL,21751147342,[APP INSTAL - NR],MULTI_CHANNEL,2026-01-14,723,485,1.4907216494845361,42.80996,91,33.0
GERAL,GERAL,21751147342,[APP INSTAL - NR],MULTI_CHANNEL,2026-01-15,1196,748,1.5989304812834224,42.846847,110,41.0
GERAL,GERAL,21751147342,[APP INSTAL - NR],MULTI_CHANNEL,2026-01-16,1323,846,1.5638297872340425,40.560731,136,50.0
GERAL,GERAL,21751147342,[APP INSTAL - NR],MULTI_CHANNEL,2026-01-17,675,471,1.4331210191082802,16.469855,70,29.0
GERAL,GERAL,21751147342,[APP INSTAL - NR],MULTI_CHANNEL,2026-01-18,971,542,1.7915129151291513,61.779538,113,31.0
GERAL,GERAL,21751147342,[APP INSTAL - NR],MULTI_CHANNEL,2026-01-19,1045,652,1.602760736196319,45.558904,91,35.0
GERAL,GERAL,21751147342,[APP INSTAL - NR],MULTI_CHANNEL,2026-01-20,909,536,1.6958955223880596,43.195879,95,43.0
GERAL,GERAL,21751147342,[APP INSTAL - NR],MULTI_CHANNEL,2026-01-21,942,551,1.7096188747731398,41.247496,93,32.0
GERAL,GERAL,21751147342,[APP INSTAL - NR],MULTI_CHANNEL,2026-01-22,1032,640,1.6125,42.148397,92,31.0
GERAL,GERAL,21751147342,[APP INSTAL - NR],MULTI_CHANNEL,2026-01-23,959,577,1.6620450606585788,40.861752,101,33.0
GERAL,GERAL,21751147342,[APP INSTAL - NR],MULTI_CHANNEL,2026-01-24,906,524,1.7290076335877862,40.182271,85,28.0
GERAL,GERAL,21751147342,[APP INSTAL - NR],MULTI_CHANNEL,2026-01-25,1541,803,1.9190535491905354,40.09307,114,44.0
GERAL,GERAL,21751147342,[APP INSTAL - NR],MULTI_CHANNEL,2026-01-26,1215,720,1.6875,37.815028,100,39.0
GERAL,GERAL,21751147342,[APP INSTAL - NR],MULTI_CHANNEL,2026-01-27,720,427,1.6861826697892273,34.945079,56,16.0
GERAL,GERAL,21751147342,[APP INSTAL - NR],MULTI_CHANNEL,2026-01-28,795,501,1.5868263473053892,37.526508,72,22.0
GERAL,GERAL,21751147342,[APP INSTAL - NR],MULTI_CHANNEL,2026-01-29,1135,665,1.7067669172932332,36.835272,96,40.0
GERAL,GERAL,21751147342,[APP INSTAL - NR],MULTI_CHANNEL,2026-01-30,908,546,1.663003663003663,34.151391,78,27.0
GERAL,GERAL,21751147342,[APP INSTAL - NR],MULTI_CHANNEL,2026-01-31,958,674,1.4213649851632046,35.635649,115,50.0
GERAL,GERAL,21751147342,[APP INSTAL - NR],MULTI_CHANNEL,2026-02-01,1702,1074,1.584729981378026,49.129443,123,46.0
GERAL,GERAL,21751147342,[APP INSTAL - NR],MULTI_CHANNEL,2026-02-02,1240,793,1.5636822194199242,47.326896,109,35.0
GERAL,GERAL,21751147342,[APP INSTAL - NR],MULTI_CHANNEL,2026-02-03,600,410,1.4634146341463414,44.629981,71,26.0
GERAL,GERAL,21751147342,[APP INSTAL - NR],MULTI_CHANNEL,2026-02-04,1733,1121,1.5459411239964318,42.516649,116,45.0
GERAL,GERAL,21751147342,[APP INSTAL - NR],MULTI_CHANNEL,2026-02-05,295,189,1.560846560846561,7.749286,20,8.0
GERAL,GERAL,21751147342,[APP INSTAL - NR],MULTI_CHANNEL,2026-02-07,279,189,1.4761904761904763,20.578436,31,13.0
GERAL,GERAL,21751147342,[APP INSTAL - NR],MULTI_CHANNEL,2026-02-08,258,174,1.4827586206896552,15.441206,25,13.0
GERAL,GERAL,21751147342,[APP INSTAL - NR],MULTI_CHANNEL,2026-02-09,479,326,1.469325153374233,12.113872,49,23.0
GERAL,GERAL,21751147342,[APP INSTAL - NR],MULTI_CHANNEL,2026-02-10,379,267,1.4194756554307115,13.603481,39,20.0
GERAL,GERAL,21751147342,[APP INSTAL - NR],MULTI_CHANNEL,2026-02-11,121,80,1.5125,11.931298,21,5.0
GERAL,GERAL,21751147342,[APP INSTAL - NR],MULTI_CHANNEL,2026-02-12,154,105,1.4666666666666666,10.021655,19,7.0
GERAL,GERAL,21751147342,[APP INSTAL - NR],MULTI_CHANNEL,2026-02-13,118,76,1.5526315789473684,9.485789,17,8.0
GERAL,GERAL,21751147342,[APP INSTAL - NR],MULTI_CHANNEL,2026-02-14,479,361,1.3268698060941828,10.23485,66,38.0
GERAL,GERAL,21751147342,[APP INSTAL - NR],MULTI_CHANNEL,2026-02-15,298,203,1.4679802955665024,9.940771,28,20.0
GERAL,GERAL,21751147342,[APP INSTAL - NR],MULTI_CHANNEL,2026-02-16,274,159,1.7232704402515724,9.341368,24,9.0
GERAL,GERAL,21751147342,[APP INSTAL - NR],MULTI_CHANNEL,2026-02-17,535,324,1.6512345679012346,9.445577,39,22.0
GERAL,GERAL,21751147342,[APP INSTAL - NR],MULTI_CHANNEL,2026-02-18,193,129,1.496124031007752,10.045884,23,9.0
GERAL,GERAL,21751147342,[APP INSTAL - NR],MULTI_CHANNEL,2026-02-19,285,196,1.4540816326530612,9.472163,25,2.0
GERAL,GERAL,21751147342,[APP INSTAL - NR],MULTI_CHANNEL,2026-02-20,254,159,1.5974842767295598,9.359376,24,0.0
GERAL,GERAL,21751147342,[APP INSTAL - NR],MULTI_CHANNEL,2026-02-21,578,380,1.5210526315789474,8.833293,34,1.0
GERAL,GERAL,21751147342,[APP INSTAL - NR],MULTI_CHANNEL,2026-02-22,442,285,1.550877192982456,9.207762,34,0.0
GERAL,GERAL,21751147342,[APP INSTAL - NR],MULTI_CHANNEL,2026-02-23,150,100,1.5,8.601519,14,0.0
GERAL,GERAL,21751147342,[APP INSTAL - NR],MULTI_CHANNEL,2026-02-24,175,120,1.4583333333333333,9.316391,14,0.0
GERAL,GERAL,21751147342,[APP INSTAL - NR],MULTI_CHANNEL,2026-02-25,93,67,1.3880597014925373,10.792535,16,0.0
GERAL,GERAL,21751147342,[APP INSTAL - NR],MULTI_CHANNEL,2026-02-26,347,236,1.4703389830508475,8.907316,24,0.0
GERAL,GERAL,21751147342,[APP INSTAL - NR],MULTI_CHANNEL,2026-02-27,206,128,1.609375,8.39553,14,0.0
GERAL,GERAL,21751147342,[APP INSTAL - NR],MULTI_CHANNEL,2026-02-28,170,104,1.6346153846153846,9.070231,16,0.0
GERAL,GERAL,21751147342,[APP INSTAL - NR],MULTI_CHANNEL,2026-03-01,255,192,1.328125,10.629323,22,0.0
GERAL,GERAL,21751147342,[APP INSTAL - NR],MULTI_CHANNEL,2026-03-02,166,115,1.4434782608695653,11.658622,19,0.0
GERAL,GERAL,23229114450,[ALC - NATAL 25 - BS] #tdsdispositivos,VIDEO,2025-12-03,8848,8376,1.1952005730659025,22.651337,4,21.0
GERAL,GERAL,23229114450,[ALC - NATAL 25 - BS] #tdsdispositivos,VIDEO,2025-12-04,8969,8398,1.1987377947130269,22.659023,4,14.0
GERAL,GERAL,23229114450,[ALC - NATAL 25 - BS] #tdsdispositivos,VIDEO,2025-12-05,8441,7590,1.2495388669301712,22.658097,4,21.0
GERAL,GERAL,23229114450,[ALC - NATAL 25 - BS] #tdsdispositivos,VIDEO,2025-12-06,8176,7570,1.2204755614266842,22.709203,6,27.0
GERAL,GERAL,23229114450,[ALC - NATAL 25 - BS] #tdsdispositivos,VIDEO,2025-12-07,8482,7409,1.2669726008908084,22.676824,7,19.0
GERAL,GERAL,23229114450,[ALC - NATAL 25 - BS] #tdsdispositivos,VIDEO,2025-12-08,8129,7783,1.1987665424643454,22.670163,5,17.0
GERAL,GERAL,23229114450,[ALC - NATAL 25 - BS] #tdsdispositivos,VIDEO,2025-12-09,7921,7659,1.190364277320799,22.64871,4,14.0
GERAL,GERAL,23229114450,[ALC - NATAL 25 - BS] #tdsdispositivos,VIDEO,2025-12-10,8668,7791,1.2276986266204595,22.689393,6,15.0
GERAL,GERAL,23229114450,[ALC - NATAL 25 - BS] #tdsdispositivos,VIDEO,2025-12-11,7996,7900,1.1558227848101266,22.650856,2,25.0
GERAL,GERAL,23229114450,[ALC - NATAL 25 - BS] #tdsdispositivos,VIDEO,2025-12-12,6951,6504,1.2203259532595325,22.68336,6,26.0
GERAL,GERAL,23229114450,[ALC - NATAL 25 - BS] #tdsdispositivos,VIDEO,2025-12-13,7854,6600,1.3172727272727274,22.699942,3,13.0
GERAL,GERAL,23229114450,[ALC - NATAL 25 - BS] #tdsdispositivos,VIDEO,2025-12-14,8537,7512,1.262779552715655,22.699523,6,16.0
GERAL,GERAL,23229114450,[ALC - NATAL 25 - BS] #tdsdispositivos,VIDEO,2025-12-15,8049,7639,1.201204346118602,22.681534,5,25.0
GERAL,GERAL,23229114450,[ALC - NATAL 25 - BS] #tdsdispositivos,VIDEO,2025-12-16,8284,7557,1.2375281196241894,22.711603,11,26.0
GERAL,GERAL,23229114450,[ALC - NATAL 25 - BS] #tdsdispositivos,VIDEO,2025-12-17,7890,7336,1.2073336968375137,22.704968,2,22.0
GERAL,GERAL,23229114450,[ALC - NATAL 25 - BS] #tdsdispositivos,VIDEO,2025-12-18,3948,3158,1.3749208359721343,10.012466,2,11.0
GERAL,GERAL,23229114450,[ALC - NATAL 25 - BS] #tdsdispositivos,VIDEO,2025-12-19,711,751,1.0972037283621838,2.395658,0,7.0
GERAL,GERAL,23229114450,[ALC - NATAL 25 - BS] #tdsdispositivos,VIDEO,2025-12-20,605,625,1.1184,2.398362,0,6.0
GERAL,GERAL,23229114450,[ALC - NATAL 25 - BS] #tdsdispositivos,VIDEO,2025-12-21,589,567,1.164021164021164,2.401732,1,2.0
GERAL,GERAL,23229114450,[ALC - NATAL 25 - BS] #tdsdispositivos,VIDEO,2025-12-22,662,663,1.1282051282051282,2.403316,0,4.0
GERAL,GERAL,23229114450,[ALC - NATAL 25 - BS] #tdsdispositivos,VIDEO,2025-12-23,693,558,1.3297491039426523,2.409318,1,1.0
GERAL,GERAL,23229114450,[ALC - NATAL 25 - BS] #tdsdispositivos,VIDEO,2025-12-24,616,610,1.1229508196721312,2.427621,1,3.0
GERAL,GERAL,23229114450,[ALC - NATAL 25 - BS] #tdsdispositivos,VIDEO,2025-12-25,761,703,1.1806543385490753,2.416224,2,2.0
GERAL,GERAL,23229114450,[ALC - NATAL 25 - BS] #tdsdispositivos,VIDEO,2025-12-26,815,773,1.2134540750323415,2.420907,1,5.0
GERAL,GERAL,23229114450,[ALC - NATAL 25 - BS] #tdsdispositivos,VIDEO,2025-12-27,796,861,1.075493612078978,2.427004,0,0.0
GERAL,GERAL,23229114450,[ALC - NATAL 25 - BS] #tdsdispositivos,VIDEO,2025-12-28,937,873,1.2073310423825887,2.459125,2,7.0
GERAL,GERAL,23229114450,[ALC - NATAL 25 - BS] #tdsdispositivos,VIDEO,2025-12-29,749,760,1.1289473684210527,2.438473,0,2.0
GERAL,GERAL,23229114450,[ALC - NATAL 25 - BS] #tdsdispositivos,VIDEO,2025-12-30,661,710,1.0718309859154929,2.441925,1,2.0
GERAL,GERAL,23229114450,[ALC - NATAL 25 - BS] #tdsdispositivos,VIDEO,2025-12-31,893,917,1.1101417666303162,2.443499,2,2.0
GERAL,GERAL,23229114450,[ALC - NATAL 25 - BS] #tdsdispositivos,VIDEO,2026-01-01,827,897,1.0713489409141583,2.07708,0,1.0
GERAL,GERAL,23229114450,[ALC - NATAL 25 - BS] #tdsdispositivos,VIDEO,2026-01-06,1166,932,1.3218884120171674,4.166908,5,0.0
GERAL,GERAL,23229114450,[ALC - NATAL 25 - BS] #tdsdispositivos,VIDEO,2026-01-07,1832,1321,1.457229371688115,4.155314,6,3.0
GERAL,GERAL,23229114450,[ALC - NATAL 25 - BS] #tdsdispositivos,VIDEO,2026-01-08,1713,1289,1.412723041117145,4.152161,1,3.0
GERAL,GERAL,23229114450,[ALC - NATAL 25 - BS] #tdsdispositivos,VIDEO,2026-01-09,1979,1353,1.5513673318551366,4.202672,6,1.0
GERAL,GERAL,23229114450,[ALC - NATAL 25 - BS] #tdsdispositivos,VIDEO,2026-01-10,2232,1436,1.6455431754874652,4.147741,2,0.0
GERAL,GERAL,23229114450,[ALC - NATAL 25 - BS] #tdsdispositivos,VIDEO,2026-01-11,1569,1125,1.4817777777777779,4.251839,4,9.0
GERAL,GERAL,23229136305,[ALC - NATAL 25 - NR] #tdsdispositivos,VIDEO,2025-12-03,8196,6377,1.3857613297788929,22.658753,12,17.0
GERAL,GERAL,23229136305,[ALC - NATAL 25 - NR] #tdsdispositivos,VIDEO,2025-12-04,7503,5572,1.4357501794687724,22.649829,8,7.0
GERAL,GERAL,23229136305,[ALC - NATAL 25 - NR] #tdsdispositivos,VIDEO,2025-12-05,7237,6292,1.2768595041322315,22.713011,11,13.0
GERAL,GERAL,23229136305,[ALC - NATAL 25 - NR] #tdsdispositivos,VIDEO,2025-12-06,7051,5451,1.393872683911209,22.65723,9,7.0
GERAL,GERAL,23229136305,[ALC - NATAL 25 - NR] #tdsdispositivos,VIDEO,2025-12-07,7355,5892,1.3620162932790223,22.682503,7,8.0
GERAL,GERAL,23229136305,[ALC - NATAL 25 - NR] #tdsdispositivos,VIDEO,2025-12-08,7091,5786,1.3349464223988938,22.674962,8,13.0
GERAL,GERAL,23229136305,[ALC - NATAL 25 - NR] #tdsdispositivos,VIDEO,2025-12-09,7974,5927,1.4209549519149653,22.68708,9,6.0
GERAL,GERAL,23229136305,[ALC - NATAL 25 - NR] #tdsdispositivos,VIDEO,2025-12-10,7860,6168,1.3962386511024643,22.69516,8,10.0
GERAL,GERAL,23229136305,[ALC - NATAL 25 - NR] #tdsdispositivos,VIDEO,2025-12-11,7465,5965,1.3768650461022631,22.716402,11,13.0
GERAL,GERAL,23229136305,[ALC - NATAL 25 - NR] #tdsdispositivos,VIDEO,2025-12-12,7599,6133,1.3802380564161096,22.694108,10,19.0
GERAL,GERAL,23229136305,[ALC - NATAL 25 - NR] #tdsdispositivos,VIDEO,2025-12-13,8325,5678,1.572032405776682,22.708589,9,13.0
GERAL,GERAL,23229136305,[ALC - NATAL 25 - NR] #tdsdispositivos,VIDEO,2025-12-14,8434,6585,1.4022779043280182,22.704188,7,9.0
GERAL,GERAL,23229136305,[ALC - NATAL 25 - NR] #tdsdispositivos,VIDEO,2025-12-15,9520,8105,1.3262183837137569,22.666838,5,14.0
GERAL,GERAL,23229136305,[ALC - NATAL 25 - NR] #tdsdispositivos,VIDEO,2025-12-16,9930,8268,1.3623609095307208,22.728156,6,26.0
GERAL,GERAL,23229136305,[ALC - NATAL 25 - NR] #tdsdispositivos,VIDEO,2025-12-17,9362,6954,1.4887834339948232,22.703941,9,21.0
GERAL,GERAL,23229136305,[ALC - NATAL 25 - NR] #tdsdispositivos,VIDEO,2025-12-18,3955,3519,1.262290423415743,10.394256,6,8.0
GERAL,GERAL,23229136305,[ALC - NATAL 25 - NR] #tdsdispositivos,VIDEO,2025-12-19,737,693,1.2034632034632036,2.395351,2,4.0
GERAL,GERAL,23229136305,[ALC - NATAL 25 - NR] #tdsdispositivos,VIDEO,2025-12-20,744,622,1.3086816720257235,2.395446,1,8.0
GERAL,GERAL,23229136305,[ALC - NATAL 25 - NR] #tdsdispositivos,VIDEO,2025-12-21,795,712,1.2570224719101124,2.395262,2,5.0
GERAL,GERAL,23229136305,[ALC - NATAL 25 - NR] #tdsdispositivos,VIDEO,2025-12-22,1013,1041,1.1354466858789625,2.402276,0,0.0
GERAL,GERAL,23229136305,[ALC - NATAL 25 - NR] #tdsdispositivos,VIDEO,2025-12-23,822,760,1.2276315789473684,2.401156,0,4.0
GERAL,GERAL,23229136305,[ALC - NATAL 25 - NR] #tdsdispositivos,VIDEO,2025-12-24,828,791,1.1921618204804045,2.411181,0,1.0
GERAL,GERAL,23229136305,[ALC - NATAL 25 - NR] #tdsdispositivos,VIDEO,2025-12-25,1206,1024,1.3173828125,2.417777,1,3.0
GERAL,GERAL,23229136305,[ALC - NATAL 25 - NR] #tdsdispositivos,VIDEO,2025-12-26,1369,1566,1.0842911877394636,2.425944,0,2.0
GERAL,GERAL,23229136305,[ALC - NATAL 25 - NR] #tdsdispositivos,VIDEO,2025-12-27,753,790,1.1189873417721519,2.426667,3,4.0
GERAL,GERAL,23229136305,[ALC - NATAL 25 - NR] #tdsdispositivos,VIDEO,2025-12-28,713,748,1.1029411764705883,2.437068,2,3.0
GERAL,GERAL,23229136305,[ALC - NATAL 25 - NR] #tdsdispositivos,VIDEO,2025-12-29,890,948,1.1371308016877637,2.439358,2,4.0
GERAL,GERAL,23229136305,[ALC - NATAL 25 - NR] #tdsdispositivos,VIDEO,2025-12-30,896,1007,1.086395233366435,2.437879,2,2.0
GERAL,GERAL,23229136305,[ALC - NATAL 25 - NR] #tdsdispositivos,VIDEO,2025-12-31,841,929,1.0871905274488698,2.440336,2,1.0
GERAL,GERAL,23229136305,[ALC - NATAL 25 - NR] #tdsdispositivos,VIDEO,2026-01-01,1316,1142,1.316987740805604,2.448045,0,2.0
GERAL,GERAL,23229136305,[ALC - NATAL 25 - NR] #tdsdispositivos,VIDEO,2026-01-06,1079,1193,1.1056160938809723,4.08604,1,1.0
GERAL,GERAL,23229136305,[ALC - NATAL 25 - NR] #tdsdispositivos,VIDEO,2026-01-07,1564,1251,1.3876898481215028,4.093012,2,1.0
GERAL,GERAL,23229136305,[ALC - NATAL 25 - NR] #tdsdispositivos,VIDEO,2026-01-08,1852,1451,1.3880082701585115,4.06145,0,1.0
GERAL,GERAL,23229136305,[ALC - NATAL 25 - NR] #tdsdispositivos,VIDEO,2026-01-09,1729,1719,1.1867364746945899,4.112156,6,2.0
GERAL,GERAL,23229136305,[ALC - NATAL 25 - NR] #tdsdispositivos,VIDEO,2026-01-10,1263,846,1.574468085106383,4.126801,0,1.0
GERAL,GERAL,23229136305,[ALC - NATAL 25 - NR] #tdsdispositivos,VIDEO,2026-01-11,2001,1510,1.4735099337748345,4.195118,2,2.0
GERAL,GERAL,23234245346,[ALC - NATAL 25 - NK] #tdsdispositivos,VIDEO,2025-12-03,7779,5628,1.4893390191897655,22.703917,3,7.0
GERAL,GERAL,23234245346,[ALC - NATAL 25 - NK] #tdsdispositivos,VIDEO,2025-12-04,7825,6540,1.3180428134556574,22.684114,11,8.0
GERAL,GERAL,23234245346,[ALC - NATAL 25 - NK] #tdsdispositivos,VIDEO,2025-12-05,7680,5964,1.3901743796109993,22.661502,10,7.0
GERAL,GERAL,23234245346,[ALC - NATAL 25 - NK] #tdsdispositivos,VIDEO,2025-12-06,6857,5405,1.3670675300647548,22.65861,11,8.0
GERAL,GERAL,23234245346,[ALC - NATAL 25 - NK] #tdsdispositivos,VIDEO,2025-12-07,7701,6270,1.3462519936204147,22.683422,3,7.0
GERAL,GERAL,23234245346,[ALC - NATAL 25 - NK] #tdsdispositivos,VIDEO,2025-12-08,7955,6537,1.3313446535107847,22.673132,6,2.0
GERAL,GERAL,23234245346,[ALC - NATAL 25 - NK] #tdsdispositivos,VIDEO,2025-12-09,7572,6259,1.3099536667199234,22.65502,11,4.0
GERAL,GERAL,23234245346,[ALC - NATAL 25 - NK] #tdsdispositivos,VIDEO,2025-12-10,7377,6076,1.3192890059249507,22.673514,8,6.0
GERAL,GERAL,23234245346,[ALC - NATAL 25 - NK] #tdsdispositivos,VIDEO,2025-12-11,7681,5769,1.4397642572369562,22.666083,6,6.0
GERAL,GERAL,23234245346,[ALC - NATAL 25 - NK] #tdsdispositivos,VIDEO,2025-12-12,7168,5598,1.394962486602358,22.697716,12,10.0
GERAL,GERAL,23234245346,[ALC - NATAL 25 - NK] #tdsdispositivos,VIDEO,2025-12-13,7239,5326,1.47371385655276,22.719328,9,8.0
GERAL,GERAL,23234245346,[ALC - NATAL 25 - NK] #tdsdispositivos,VIDEO,2025-12-14,7481,6194,1.3261220536002583,22.673164,7,9.0
GERAL,GERAL,23234245346,[ALC - NATAL 25 - NK] #tdsdispositivos,VIDEO,2025-12-15,7542,6585,1.2861047835990889,22.7362,9,8.0
GERAL,GERAL,23234245346,[ALC - NATAL 25 - NK] #tdsdispositivos,VIDEO,2025-12-16,7792,6548,1.328191814294441,22.700806,5,13.0
GERAL,GERAL,23234245346,[ALC - NATAL 25 - NK] #tdsdispositivos,VIDEO,2025-12-17,7079,5637,1.377150966826326,22.739167,4,19.0
GERAL,GERAL,23234245346,[ALC - NATAL 25 - NK] #tdsdispositivos,VIDEO,2025-12-18,3566,2946,1.3526816021724373,11.280924,3,11.0
GERAL,GERAL,23234245346,[ALC - NATAL 25 - NK] #tdsdispositivos,VIDEO,2025-12-19,588,428,1.4649532710280373,2.353624,0,1.0
GERAL,GERAL,23234245346,[ALC - NATAL 25 - NK] #tdsdispositivos,VIDEO,2025-12-20,594,418,1.4688995215311005,2.360042,1,3.0
GERAL,GERAL,23234245346,[ALC - NATAL 25 - NK] #tdsdispositivos,VIDEO,2025-12-21,782,626,1.3354632587859425,2.347756,2,1.0
GERAL,GERAL,23234245346,[ALC - NATAL 25 - NK] #tdsdispositivos,VIDEO,2025-12-22,774,703,1.2546230440967283,2.356035,1,3.0
GERAL,GERAL,23234245346,[ALC - NATAL 25 - NK] #tdsdispositivos,VIDEO,2025-12-23,876,550,1.6727272727272726,2.368342,0,2.0
GERAL,GERAL,23234245346,[ALC - NATAL 25 - NK] #tdsdispositivos,VIDEO,2025-12-24,710,692,1.1690751445086704,2.37038,1,2.0
GERAL,GERAL,23234245346,[ALC - NATAL 25 - NK] #tdsdispositivos,VIDEO,2025-12-25,716,642,1.2585669781931463,2.340525,2,3.0
GERAL,GERAL,23234245346,[ALC - NATAL 25 - NK] #tdsdispositivos,VIDEO,2025-12-26,948,816,1.2830882352941178,2.376822,3,3.0
GERAL,GERAL,23234245346,[ALC - NATAL 25 - NK] #tdsdispositivos,VIDEO,2025-12-27,800,712,1.252808988764045,2.404466,2,5.0
GERAL,GERAL,23234245346,[ALC - NATAL 25 - NK] #tdsdispositivos,VIDEO,2025-12-28,724,759,1.1172595520421607,2.387916,0,6.0
GERAL,GERAL,23234245346,[ALC - NATAL 25 - NK] #tdsdispositivos,VIDEO,2025-12-29,1296,1193,1.237217099748533,2.391768,0,1.0
GERAL,GERAL,23234245346,[ALC - NATAL 25 - NK] #tdsdispositivos,VIDEO,2025-12-30,1239,1217,1.199671322925226,2.389717,0,3.0
GERAL,GERAL,23234245346,[ALC - NATAL 25 - NK] #tdsdispositivos,VIDEO,2025-12-31,1018,1033,1.1471442400774443,2.393746,1,1.0
GERAL,GERAL,23234245346,[ALC - NATAL 25 - NK] #tdsdispositivos,VIDEO,2026-01-01,1540,1074,1.515828677839851,2.075414,1,2.0
GERAL,GERAL,23234245346,[ALC - NATAL 25 - NK] #tdsdispositivos,VIDEO,2026-01-06,1708,1800,1.1511111111111112,4.06691,0,1.0
GERAL,GERAL,23234245346,[ALC - NATAL 25 - NK] #tdsdispositivos,VIDEO,2026-01-07,2069,1908,1.2578616352201257,4.069417,5,3.0
GERAL,GERAL,23234245346,[ALC - NATAL 25 - NK] #tdsdispositivos,VIDEO,2026-01-08,1110,1027,1.198636806231743,4.076181,0,3.0
GERAL,GERAL,23234245346,[ALC - NATAL 25 - NK] #tdsdispositivos,VIDEO,2026-01-09,1344,1234,1.2366288492706645,4.076652,0,0.0
GERAL,GERAL,23234245346,[ALC - NATAL 25 - NK] #tdsdispositivos,VIDEO,2026-01-10,1919,1802,1.241398446170921,4.07282,2,4.0
GERAL,GERAL,23234245346,[ALC - NATAL 25 - NK] #tdsdispositivos,VIDEO,2026-01-11,1966,1805,1.2509695290858727,4.147549,4,0.0
GERAL,GERAL,23234274629,[ALC - NATAL 25 - CS] #tdsdispositivos,VIDEO,2025-12-03,6075,5904,1.1678523035230353,22.652611,3,3.0
GERAL,GERAL,23234274629,[ALC - NATAL 25 - CS] #tdsdispositivos,VIDEO,2025-12-04,10753,8134,1.4073026801081878,22.670091,9,6.0
GERAL,GERAL,23234274629,[ALC - NATAL 25 - CS] #tdsdispositivos,VIDEO,2025-12-05,7549,6918,1.2090199479618386,22.658147,5,12.0
GERAL,GERAL,23234274629,[ALC - NATAL 25 - CS] #tdsdispositivos,VIDEO,2025-12-06,6096,5781,1.175748140460128,22.668556,6,9.0
GERAL,GERAL,23234274629,[ALC - NATAL 25 - CS] #tdsdispositivos,VIDEO,2025-12-07,6438,6424,1.1344956413449565,22.640958,4,6.0
GERAL,GERAL,23234274629,[ALC - NATAL 25 - CS] #tdsdispositivos,VIDEO,2025-12-08,8347,8639,1.1417988193077901,22.666187,5,3.0
GERAL,GERAL,23234274629,[ALC - NATAL 25 - CS] #tdsdispositivos,VIDEO,2025-12-09,7742,7578,1.1695698073370282,22.66466,5,13.0
GERAL,GERAL,23234274629,[ALC - NATAL 25 - CS] #tdsdispositivos,VIDEO,2025-12-10,8043,7528,1.1809245483528161,22.682971,4,14.0
GERAL,GERAL,23234274629,[ALC - NATAL 25 - CS] #tdsdispositivos,VIDEO,2025-12-11,6960,6539,1.1824437987459857,22.677684,3,10.0
GERAL,GERAL,23234274629,[ALC - NATAL 25 - CS] #tdsdispositivos,VIDEO,2025-12-12,7145,6713,1.2066140324743035,22.705056,7,5.0
GERAL,GERAL,23234274629,[ALC - NATAL 25 - CS] #tdsdispositivos,VIDEO,2025-12-13,6614,6051,1.2242604528177161,22.683268,5,8.0
GERAL,GERAL,23234274629,[ALC - NATAL 25 - CS] #tdsdispositivos,VIDEO,2025-12-14,8178,7389,1.227635674651509,22.72061,10,10.0
GERAL,GERAL,23234274629,[ALC - NATAL 25 - CS] #tdsdispositivos,VIDEO,2025-12-15,7802,7044,1.2284213515048268,22.690532,3,9.0
GERAL,GERAL,23234274629,[ALC - NATAL 25 - CS] #tdsdispositivos,VIDEO,2025-12-16,8023,7484,1.2140566541956173,22.727204,9,13.0
GERAL,GERAL,23234274629,[ALC - NATAL 25 - CS] #tdsdispositivos,VIDEO,2025-12-17,8584,7340,1.275068119891008,22.691637,3,12.0
GERAL,GERAL,23234274629,[ALC - NATAL 25 - CS] #tdsdispositivos,VIDEO,2025-12-18,3203,3296,1.1074029126213591,10.445159,5,4.0
GERAL,GERAL,23234274629,[ALC - NATAL 25 - CS] #tdsdispositivos,VIDEO,2025-12-19,664,645,1.1767441860465115,2.396853,1,2.0
GERAL,GERAL,23234274629,[ALC - NATAL 25 - CS] #tdsdispositivos,VIDEO,2025-12-20,536,384,1.5026041666666667,2.398057,0,3.0
GERAL,GERAL,23234274629,[ALC - NATAL 25 - CS] #tdsdispositivos,VIDEO,2025-12-21,579,507,1.252465483234714,2.404165,1,1.0
GERAL,GERAL,23234274629,[ALC - NATAL 25 - CS] #tdsdispositivos,VIDEO,2025-12-22,698,728,1.1085164835164836,2.407782,1,2.0
GERAL,GERAL,23234274629,[ALC - NATAL 25 - CS] #tdsdispositivos,VIDEO,2025-12-23,674,574,1.289198606271777,2.407092,2,1.0
GERAL,GERAL,23234274629,[ALC - NATAL 25 - CS] #tdsdispositivos,VIDEO,2025-12-24,836,734,1.2506811989100817,2.41519,0,4.0
GERAL,GERAL,23234274629,[ALC - NATAL 25 - CS] #tdsdispositivos,VIDEO,2025-12-25,802,776,1.1778350515463918,2.419486,0,5.0
GERAL,GERAL,23234274629,[ALC - NATAL 25 - CS] #tdsdispositivos,VIDEO,2025-12-26,1182,1016,1.3562992125984252,2.426163,0,0.0
GERAL,GERAL,23234274629,[ALC - NATAL 25 - CS] #tdsdispositivos,VIDEO,2025-12-27,970,964,1.1524896265560165,2.434352,2,1.0
GERAL,GERAL,23234274629,[ALC - NATAL 25 - CS] #tdsdispositivos,VIDEO,2025-12-28,1047,971,1.2368692070030896,2.445541,0,1.0
GERAL,GERAL,23234274629,[ALC - NATAL 25 - CS] #tdsdispositivos,VIDEO,2025-12-29,1114,1121,1.1293487957181088,2.450897,0,0.0
GERAL,GERAL,23234274629,[ALC - NATAL 25 - CS] #tdsdispositivos,VIDEO,2025-12-30,1426,1186,1.3532883642495783,2.450009,2,1.0
GERAL,GERAL,23234274629,[ALC - NATAL 25 - CS] #tdsdispositivos,VIDEO,2025-12-31,1483,1316,1.250759878419453,2.454424,0,4.0
GERAL,GERAL,23234274629,[ALC - NATAL 25 - CS] #tdsdispositivos,VIDEO,2026-01-01,1117,1009,1.259663032705649,1.998259,0,2.0
GERAL,GERAL,23234274629,[ALC - NATAL 25 - CS] #tdsdispositivos,VIDEO,2026-01-06,1515,1307,1.290742157612854,4.140023,6,0.0
GERAL,GERAL,23234274629,[ALC - NATAL 25 - CS] #tdsdispositivos,VIDEO,2026-01-07,1888,1561,1.324791800128123,4.199235,4,0.0
GERAL,GERAL,23234274629,[ALC - NATAL 25 - CS] #tdsdispositivos,VIDEO,2026-01-08,2392,1829,1.4242755604155277,4.198532,2,0.0
GERAL,GERAL,23234274629,[ALC - NATAL 25 - CS] #tdsdispositivos,VIDEO,2026-01-09,2024,1680,1.3654761904761905,4.211308,2,2.0
GERAL,GERAL,23234274629,[ALC - NATAL 25 - CS] #tdsdispositivos,VIDEO,2026-01-10,2474,1632,1.6133578431372548,4.20797,7,0.0
GERAL,GERAL,23234274629,[ALC - NATAL 25 - CS] #tdsdispositivos,VIDEO,2026-01-11,2148,1891,1.274457958751983,4.251035,0,1.0
GERAL,GERAL,23234290934,[ALC - NATAL 25 - GS] #tdsdispositivos,VIDEO,2025-12-03,8429,6475,1.4078764478764478,22.67421,5,3.0
GERAL,GERAL,23234290934,[ALC - NATAL 25 - GS] #tdsdispositivos,VIDEO,2025-12-04,7501,5450,1.4644036697247707,22.692949,15,4.0
GERAL,GERAL,23234290934,[ALC - NATAL 25 - GS] #tdsdispositivos,VIDEO,2025-12-05,7412,5862,1.3609689525759125,22.661133,11,1.0
GERAL,GERAL,23234290934,[ALC - NATAL 25 - GS] #tdsdispositivos,VIDEO,2025-12-06,7226,5356,1.4413741598207617,22.666867,10,0.0
GERAL,GERAL,23234290934,[ALC - NATAL 25 - GS] #tdsdispositivos,VIDEO,2025-12-07,7785,5849,1.4127201230979656,22.674686,9,1.0
GERAL,GERAL,23234290934,[ALC - NATAL 25 - GS] #tdsdispositivos,VIDEO,2025-12-08,7904,6202,1.3650435343437601,22.55063,12,0.0
GERAL,GERAL,23234290934,[ALC - NATAL 25 - GS] #tdsdispositivos,VIDEO,2025-12-09,7773,5724,1.4423480083857443,22.676331,8,4.0
GERAL,GERAL,23234290934,[ALC - NATAL 25 - GS] #tdsdispositivos,VIDEO,2025-12-10,7977,6305,1.3639968279143537,22.698688,10,2.0
GERAL,GERAL,23234290934,[ALC - NATAL 25 - GS] #tdsdispositivos,VIDEO,2025-12-11,7675,6246,1.3501440922190202,22.675655,5,3.0
GERAL,GERAL,23234290934,[ALC - NATAL 25 - GS] #tdsdispositivos,VIDEO,2025-12-12,8290,6164,1.4656067488643738,22.721694,2,4.0
GERAL,GERAL,23234290934,[ALC - NATAL 25 - GS] #tdsdispositivos,VIDEO,2025-12-13,7225,6023,1.3458409430516354,22.739051,8,6.0
GERAL,GERAL,23234290934,[ALC - NATAL 25 - GS] #tdsdispositivos,VIDEO,2025-12-14,7581,6410,1.3088923556942278,22.758211,6,8.0
GERAL,GERAL,23234290934,[ALC - NATAL 25 - GS] #tdsdispositivos,VIDEO,2025-12-15,8309,7233,1.2965574450435504,22.70422,4,6.0
GERAL,GERAL,23234290934,[ALC - NATAL 25 - GS] #tdsdispositivos,VIDEO,2025-12-16,9770,8124,1.3517971442639094,22.713904,14,8.0
GERAL,GERAL,23234290934,[ALC - NATAL 25 - GS] #tdsdispositivos,VIDEO,2025-12-17,8571,7015,1.3623663578047043,22.739286,10,6.0
GERAL,GERAL,23234290934,[ALC - NATAL 25 - GS] #tdsdispositivos,VIDEO,2025-12-18,3582,2961,1.3100303951367782,10.224465,3,2.0
GERAL,GERAL,23234290934,[ALC - NATAL 25 - GS] #tdsdispositivos,VIDEO,2025-12-19,718,640,1.23125,2.408354,2,1.0
GERAL,GERAL,23234290934,[ALC - NATAL 25 - GS] #tdsdispositivos,VIDEO,2025-12-20,937,853,1.2332942555685815,2.40511,2,2.0
GERAL,GERAL,23234290934,[ALC - NATAL 25 - GS] #tdsdispositivos,VIDEO,2025-12-21,1074,775,1.5019354838709678,2.407163,1,3.0
GERAL,GERAL,23234290934,[ALC - NATAL 25 - GS] #tdsdispositivos,VIDEO,2025-12-22,904,802,1.2394014962593516,2.410471,0,3.0
GERAL,GERAL,23234290934,[ALC - NATAL 25 - GS] #tdsdispositivos,VIDEO,2025-12-23,919,880,1.1988636363636365,2.420568,0,1.0
GERAL,GERAL,23234290934,[ALC - NATAL 25 - GS] #tdsdispositivos,VIDEO,2025-12-24,1250,928,1.5075431034482758,2.430423,2,0.0
GERAL,GERAL,23234290934,[ALC - NATAL 25 - GS] #tdsdispositivos,VIDEO,2025-12-25,1259,965,1.3989637305699483,2.43112,1,1.0
GERAL,GERAL,23234290934,[ALC - NATAL 25 - GS] #tdsdispositivos,VIDEO,2025-12-26,1342,1095,1.34337899543379,2.431503,0,2.0
GERAL,GERAL,23234290934,[ALC - NATAL 25 - GS] #tdsdispositivos,VIDEO,2025-12-27,1128,1035,1.2434782608695651,2.458335,2,3.0
GERAL,GERAL,23234290934,[ALC - NATAL 25 - GS] #tdsdispositivos,VIDEO,2025-12-28,1088,1145,1.1344978165938864,2.449026,0,0.0
GERAL,GERAL,23234290934,[ALC - NATAL 25 - GS] #tdsdispositivos,VIDEO,2025-12-29,1311,1140,1.3035087719298246,2.456476,2,2.0
GERAL,GERAL,23234290934,[ALC - NATAL 25 - GS] #tdsdispositivos,VIDEO,2025-12-30,1592,1258,1.370429252782194,2.458106,4,2.0
GERAL,GERAL,23234290934,[ALC - NATAL 25 - GS] #tdsdispositivos,VIDEO,2025-12-31,1799,1258,1.505564387917329,2.462889,1,0.0
GERAL,GERAL,23234290934,[ALC - NATAL 25 - GS] #tdsdispositivos,VIDEO,2026-01-01,1688,1156,1.555363321799308,2.179952,2,0.0
GERAL,GERAL,23234290934,[ALC - NATAL 25 - GS] #tdsdispositivos,VIDEO,2026-01-06,1537,1249,1.3746997598078463,4.167796,4,0.0
GERAL,GERAL,23234290934,[ALC - NATAL 25 - GS] #tdsdispositivos,VIDEO,2026-01-07,864,746,1.2882037533512065,4.173448,2,1.0
GERAL,GERAL,23234290934,[ALC - NATAL 25 - GS] #tdsdispositivos,VIDEO,2026-01-08,1700,1602,1.2340823970037453,4.16849,2,4.0
GERAL,GERAL,23234290934,[ALC - NATAL 25 - GS] #tdsdispositivos,VIDEO,2026-01-09,1628,1360,1.363235294117647,4.183234,1,1.0
GERAL,GERAL,23234290934,[ALC - NATAL 25 - GS] #tdsdispositivos,VIDEO,2026-01-10,1265,939,1.4526091586794463,4.207877,0,1.0
GERAL,GERAL,23234290934,[ALC - NATAL 25 - GS] #tdsdispositivos,VIDEO,2026-01-11,1777,1507,1.3218314532183146,4.251241,9,1.0
GERAL,GERAL,23237304635,[DEMAND GEN - NATAL 25 - NR],DEMAND_GEN,2025-12-03,353,268,1.3171641791044777,1.187947,7,1.0
GERAL,GERAL,23237304635,[DEMAND GEN - NATAL 25 - NR],DEMAND_GEN,2025-12-04,5813,4269,1.361677207776997,26.229856,165,64.0
GERAL,GERAL,23237304635,[DEMAND GEN - NATAL 25 - NR],DEMAND_GEN,2025-12-05,2955,2342,1.2617421007685738,41.117678,87,79.0
GERAL,GERAL,23237304635,[DEMAND GEN - NATAL 25 - NR],DEMAND_GEN,2025-12-06,1563,1306,1.1967840735068913,28.122056,45,21.0
GERAL,GERAL,23237304635,[DEMAND GEN - NATAL 25 - NR],DEMAND_GEN,2025-12-07,2351,1815,1.2953168044077135,33.80174,68,117.0
GERAL,GERAL,23237304635,[DEMAND GEN - NATAL 25 - NR],DEMAND_GEN,2025-12-08,3475,2503,1.388333999200959,31.800061,88,96.0
GERAL,GERAL,23237304635,[DEMAND GEN - NATAL 25 - NR],DEMAND_GEN,2025-12-09,2277,1717,1.326150262085032,29.955464,64,23.0
GERAL,GERAL,23237304635,[DEMAND GEN - NATAL 25 - NR],DEMAND_GEN,2025-12-10,940,763,1.2319790301441678,30.351231,30,20.0
GERAL,GERAL,23237304635,[DEMAND GEN - NATAL 25 - NR],DEMAND_GEN,2025-12-11,1220,1057,1.1542100283822139,29.290276,36,54.0
GERAL,GERAL,23237304635,[DEMAND GEN - NATAL 25 - NR],DEMAND_GEN,2025-12-12,1609,1393,1.1550610193826274,34.835655,55,114.0
GERAL,GERAL,23237304635,[DEMAND GEN - NATAL 25 - NR],DEMAND_GEN,2025-12-13,1357,1136,1.1945422535211268,31.408067,47,66.0
GERAL,GERAL,23237304635,[DEMAND GEN - NATAL 25 - NR],DEMAND_GEN,2025-12-14,1618,1410,1.147517730496454,44.464683,61,58.0
GERAL,GERAL,23237304635,[DEMAND GEN - NATAL 25 - NR],DEMAND_GEN,2025-12-15,1716,1345,1.2758364312267658,28.653175,43,50.0
GERAL,GERAL,23237304635,[DEMAND GEN - NATAL 25 - NR],DEMAND_GEN,2025-12-16,2219,1544,1.4371761658031088,24.568031,55,42.0
GERAL,GERAL,23237304635,[DEMAND GEN - NATAL 25 - NR],DEMAND_GEN,2025-12-17,1830,1196,1.5301003344481605,23.408408,38,83.0
GERAL,GERAL,23237304635,[DEMAND GEN - NATAL 25 - NR],DEMAND_GEN,2025-12-18,1572,1192,1.3187919463087248,30.387108,50,43.0
GERAL,GERAL,23237304635,[DEMAND GEN - NATAL 25 - NR],DEMAND_GEN,2025-12-19,1253,959,1.3065693430656935,29.942425,31,80.0
GERAL,GERAL,23237304635,[DEMAND GEN - NATAL 25 - NR],DEMAND_GEN,2025-12-20,1067,777,1.3732303732303732,25.680522,33,52.0
GERAL,GERAL,23237304635,[DEMAND GEN - NATAL 25 - NR],DEMAND_GEN,2025-12-21,2251,1679,1.3406789755807027,23.615842,81,67.0
GERAL,GERAL,23237304635,[DEMAND GEN - NATAL 25 - NR],DEMAND_GEN,2025-12-22,645,523,1.2332695984703632,22.657529,16,16.0
GERAL,GERAL,23237304635,[DEMAND GEN - NATAL 25 - NR],DEMAND_GEN,2025-12-23,2394,1855,1.290566037735849,36.683238,70,102.0
GERAL,GERAL,23237304635,[DEMAND GEN - NATAL 25 - NR],DEMAND_GEN,2025-12-24,2041,1573,1.2975206611570247,21.916791,50,32.0
GERAL,GERAL,23237304635,[DEMAND GEN - NATAL 25 - NR],DEMAND_GEN,2025-12-25,2192,1734,1.2641291810841984,25.782185,70,43.0
GERAL,GERAL,23237304635,[DEMAND GEN - NATAL 25 - NR],DEMAND_GEN,2025-12-26,3729,2716,1.3729749631811488,21.692262,137,67.0
GERAL,GERAL,23237304635,[DEMAND GEN - NATAL 25 - NR],DEMAND_GEN,2025-12-27,3608,2520,1.4317460317460318,21.69593,98,76.0
GERAL,GERAL,23237304635,[DEMAND GEN - NATAL 25 - NR],DEMAND_GEN,2025-12-28,2474,1902,1.3007360672975814,30.317294,78,49.0
GERAL,GERAL,23237304635,[DEMAND GEN - NATAL 25 - NR],DEMAND_GEN,2025-12-29,2304,1862,1.2373791621911923,25.684983,88,38.0
GERAL,GERAL,23237304635,[DEMAND GEN - NATAL 25 - NR],DEMAND_GEN,2025-12-30,1255,979,1.281920326864147,29.481949,36,131.0
GERAL,GERAL,23237304635,[DEMAND GEN - NATAL 25 - NR],DEMAND_GEN,2025-12-31,1202,1065,1.128638497652582,23.996621,32,29.0
GERAL,GERAL,23237304635,[DEMAND GEN - NATAL 25 - NR],DEMAND_GEN,2026-01-01,2268,1812,1.2516556291390728,22.606772,61,89.0
GERAL,GERAL,23237304635,[DEMAND GEN - NATAL 25 - NR],DEMAND_GEN,2026-01-06,1851,1540,1.2019480519480519,40.496288,53,37.0
GERAL,GERAL,23237304635,[DEMAND GEN - NATAL 25 - NR],DEMAND_GEN,2026-01-07,2661,2203,1.2078983204720835,34.985221,107,77.0
GERAL,GERAL,23237304635,[DEMAND GEN - NATAL 25 - NR],DEMAND_GEN,2026-01-08,1665,1415,1.176678445229682,36.988029,55,106.0
GERAL,GERAL,23237304635,[DEMAND GEN - NATAL 25 - NR],DEMAND_GEN,2026-01-09,1655,1466,1.1289222373806276,39.097901,48,103.0
GERAL,GERAL,23237304635,[DEMAND GEN - NATAL 25 - NR],DEMAND_GEN,2026-01-10,691,651,1.0614439324116745,26.966922,26,30.0
GERAL,GERAL,23237304635,[DEMAND GEN - NATAL 25 - NR],DEMAND_GEN,2026-01-11,629,591,1.0642978003384094,17.717043,28,40.0
GERAL,GERAL,23237329838,[DEMAND GEN - NATAL 25 - NK],DEMAND_GEN,2025-12-03,218,149,1.4630872483221478,0.786283,4,0.0
GERAL,GERAL,23237329838,[DEMAND GEN - NATAL 25 - NK],DEMAND_GEN,2025-12-04,4488,3296,1.3616504854368932,28.352119,136,32.0
GERAL,GERAL,23237329838,[DEMAND GEN - NATAL 25 - NK],DEMAND_GEN,2025-12-05,2336,1822,1.2821075740944017,48.372243,59,60.0
GERAL,GERAL,23237329838,[DEMAND GEN - NATAL 25 - NK],DEMAND_GEN,2025-12-06,1312,1083,1.211449676823638,30.865357,43,54.0
GERAL,GERAL,23237329838,[DEMAND GEN - NATAL 25 - NK],DEMAND_GEN,2025-12-07,1001,857,1.1680280046674445,36.396238,22,11.0
GERAL,GERAL,23237329838,[DEMAND GEN - NATAL 25 - NK],DEMAND_GEN,2025-12-08,811,743,1.091520861372813,34.209135,22,48.0
GERAL,GERAL,23237329838,[DEMAND GEN - NATAL 25 - NK],DEMAND_GEN,2025-12-09,1785,1626,1.0977859778597785,43.371179,34,34.0
GERAL,GERAL,23237329838,[DEMAND GEN - NATAL 25 - NK],DEMAND_GEN,2025-12-10,1338,1253,1.0678371907422186,88.769388,38,56.0
GERAL,GERAL,23237329838,[DEMAND GEN - NATAL 25 - NK],DEMAND_GEN,2025-12-11,709,634,1.1182965299684542,38.616884,16,18.0
GERAL,GERAL,23237329838,[DEMAND GEN - NATAL 25 - NK],DEMAND_GEN,2025-12-12,876,822,1.0656934306569343,81.016317,27,20.0
GERAL,GERAL,23237329838,[DEMAND GEN - NATAL 25 - NK],DEMAND_GEN,2025-12-13,1104,1028,1.0739299610894941,33.036528,19,15.0
GERAL,GERAL,23237329838,[DEMAND GEN - NATAL 25 - NK],DEMAND_GEN,2025-12-14,760,654,1.162079510703364,30.281508,34,10.0
GERAL,GERAL,23237329838,[DEMAND GEN - NATAL 25 - NK],DEMAND_GEN,2025-12-15,1156,1017,1.1366764995083578,27.309606,48,20.0
GERAL,GERAL,23237329838,[DEMAND GEN - NATAL 25 - NK],DEMAND_GEN,2025-12-16,539,477,1.129979035639413,25.292997,15,25.0
GERAL,GERAL,23237329838,[DEMAND GEN - NATAL 25 - NK],DEMAND_GEN,2025-12-17,976,909,1.0737073707370737,41.714491,22,25.0
GERAL,GERAL,23237329838,[DEMAND GEN - NATAL 25 - NK],DEMAND_GEN,2025-12-18,634,570,1.1122807017543859,29.135018,15,40.0
GERAL,GERAL,23237329838,[DEMAND GEN - NATAL 25 - NK],DEMAND_GEN,2025-12-19,676,616,1.0974025974025974,29.186767,14,19.0
GERAL,GERAL,23237329838,[DEMAND GEN - NATAL 25 - NK],DEMAND_GEN,2025-12-20,792,738,1.0731707317073171,49.449236,25,14.0
GERAL,GERAL,23237329838,[DEMAND GEN - NATAL 25 - NK],DEMAND_GEN,2025-12-21,484,445,1.0876404494382022,29.243547,12,29.0
GERAL,GERAL,23237329838,[DEMAND GEN - NATAL 25 - NK],DEMAND_GEN,2025-12-22,646,584,1.106164383561644,20.697009,14,48.0
GERAL,GERAL,23237329838,[DEMAND GEN - NATAL 25 - NK],DEMAND_GEN,2025-12-23,1108,977,1.1340839303991812,22.955001,33,27.0
GERAL,GERAL,23237329838,[DEMAND GEN - NATAL 25 - NK],DEMAND_GEN,2025-12-24,748,682,1.096774193548387,21.457524,22,24.0
GERAL,GERAL,23237329838,[DEMAND GEN - NATAL 25 - NK],DEMAND_GEN,2025-12-25,854,761,1.1222076215505914,31.396365,27,66.0
GERAL,GERAL,23237329838,[DEMAND GEN - NATAL 25 - NK],DEMAND_GEN,2025-12-26,466,453,1.0286975717439293,19.885455,12,23.0
GERAL,GERAL,23237329838,[DEMAND GEN - NATAL 25 - NK],DEMAND_GEN,2025-12-27,452,425,1.0635294117647058,21.683424,21,26.0
GERAL,GERAL,23237329838,[DEMAND GEN - NATAL 25 - NK],DEMAND_GEN,2025-12-28,533,467,1.1413276231263383,12.306804,16,11.0
GERAL,GERAL,23237329838,[DEMAND GEN - NATAL 25 - NK],DEMAND_GEN,2025-12-29,1187,1059,1.120868744098206,28.143411,28,57.0
GERAL,GERAL,23237329838,[DEMAND GEN - NATAL 25 - NK],DEMAND_GEN,2025-12-30,529,482,1.0975103734439835,27.719271,18,28.0
GERAL,GERAL,23237329838,[DEMAND GEN - NATAL 25 - NK],DEMAND_GEN,2025-12-31,567,483,1.173913043478261,14.043598,17,39.0
GERAL,GERAL,23237329838,[DEMAND GEN - NATAL 25 - NK],DEMAND_GEN,2026-01-01,262,253,1.0355731225296443,14.675771,12,22.0
GERAL,GERAL,23237329838,[DEMAND GEN - NATAL 25 - NK],DEMAND_GEN,2026-01-06,942,815,1.1558282208588957,23.823152,22,25.0
GERAL,GERAL,23237329838,[DEMAND GEN - NATAL 25 - NK],DEMAND_GEN,2026-01-07,634,549,1.1548269581056467,15.978408,21,21.0
GERAL,GERAL,23237329838,[DEMAND GEN - NATAL 25 - NK],DEMAND_GEN,2026-01-08,526,494,1.0647773279352226,17.175298,18,22.0
GERAL,GERAL,23237329838,[DEMAND GEN - NATAL 25 - NK],DEMAND_GEN,2026-01-09,411,390,1.0538461538461539,12.542016,19,26.0
GERAL,GERAL,23237329838,[DEMAND GEN - NATAL 25 - NK],DEMAND_GEN,2026-01-10,231,214,1.0794392523364487,20.366969,14,46.0
GERAL,GERAL,23237343074,[DEMAND GEN - NATAL 25 - GS],DEMAND_GEN,2025-12-03,12138,9799,1.238697826308807,25.735566,5,377.0
GERAL,GERAL,23237343074,[DEMAND GEN - NATAL 25 - GS],DEMAND_GEN,2025-12-04,5405,4546,1.1889573251209855,12.46153,2,193.0
GERAL,GERAL,23237343074,[DEMAND GEN - NATAL 25 - GS],DEMAND_GEN,2025-12-05,259,153,1.6928104575163399,1.301461,6,1.0
GERAL,GERAL,23237343074,[DEMAND GEN - NATAL 25 - GS],DEMAND_GEN,2025-12-06,930,678,1.3716814159292035,7.700784,22,36.0
GERAL,GERAL,23237343074,[DEMAND GEN - NATAL 25 - GS],DEMAND_GEN,2025-12-07,1452,1163,1.2484952708512467,41.978141,34,17.0
GERAL,GERAL,23237343074,[DEMAND GEN - NATAL 25 - GS],DEMAND_GEN,2025-12-08,814,759,1.0724637681159421,49.243835,25,36.0
GERAL,GERAL,23237343074,[DEMAND GEN - NATAL 25 - GS],DEMAND_GEN,2025-12-09,1925,1603,1.2008733624454149,35.819298,38,49.0
GERAL,GERAL,23237343074,[DEMAND GEN - NATAL 25 - GS],DEMAND_GEN,2025-12-10,702,632,1.110759493670886,38.312567,26,36.0
GERAL,GERAL,23237343074,[DEMAND GEN - NATAL 25 - GS],DEMAND_GEN,2025-12-11,978,818,1.19559902200489,35.926679,26,21.0
GERAL,GERAL,23237343074,[DEMAND GEN - NATAL 25 - GS],DEMAND_GEN,2025-12-12,874,827,1.05683192261185,47.405747,29,32.0
GERAL,GERAL,23237343074,[DEMAND GEN - NATAL 25 - GS],DEMAND_GEN,2025-12-13,580,543,1.0681399631675874,38.281086,12,38.0
GERAL,GERAL,23237343074,[DEMAND GEN - NATAL 25 - GS],DEMAND_GEN,2025-12-14,1176,1090,1.0788990825688074,55.234048,23,13.0
GERAL,GERAL,23237343074,[DEMAND GEN - NATAL 25 - GS],DEMAND_GEN,2025-12-15,1175,1099,1.0691537761601455,45.61651,35,38.0
GERAL,GERAL,23237343074,[DEMAND GEN - NATAL 25 - GS],DEMAND_GEN,2025-12-16,1292,1076,1.2007434944237918,58.128041,49,72.0
GERAL,GERAL,23237343074,[DEMAND GEN - NATAL 25 - GS],DEMAND_GEN,2025-12-17,631,593,1.0640809443507588,43.884526,15,28.0
GERAL,GERAL,23237343074,[DEMAND GEN - NATAL 25 - GS],DEMAND_GEN,2025-12-18,535,503,1.0636182902584492,37.418065,14,47.0
GERAL,GERAL,23237343074,[DEMAND GEN - NATAL 25 - GS],DEMAND_GEN,2025-12-19,638,598,1.0668896321070234,24.615303,12,44.0
GERAL,GERAL,23237343074,[DEMAND GEN - NATAL 25 - GS],DEMAND_GEN,2025-12-20,541,498,1.0863453815261044,31.752223,22,56.0
GERAL,GERAL,23237343074,[DEMAND GEN - NATAL 25 - GS],DEMAND_GEN,2025-12-21,976,771,1.265888456549935,31.219034,28,28.0
GERAL,GERAL,23237343074,[DEMAND GEN - NATAL 25 - GS],DEMAND_GEN,2025-12-22,1104,858,1.2867132867132867,22.454136,24,12.0
GERAL,GERAL,23237343074,[DEMAND GEN - NATAL 25 - GS],DEMAND_GEN,2025-12-23,1366,1023,1.335288367546432,22.106333,57,31.0
GERAL,GERAL,23237343074,[DEMAND GEN - NATAL 25 - GS],DEMAND_GEN,2025-12-24,1470,1140,1.2894736842105263,24.405633,60,45.0
GERAL,GERAL,23237343074,[DEMAND GEN - NATAL 25 - GS],DEMAND_GEN,2025-12-25,4299,2713,1.5845927018061188,16.647633,134,53.0
GERAL,GERAL,23237343074,[DEMAND GEN - NATAL 25 - GS],DEMAND_GEN,2025-12-26,5074,3330,1.5237237237237238,16.622321,216,62.0
GERAL,GERAL,23237343074,[DEMAND GEN - NATAL 25 - GS],DEMAND_GEN,2025-12-27,4695,3132,1.4990421455938698,16.670902,234,52.0
GERAL,GERAL,23237343074,[DEMAND GEN - NATAL 25 - GS],DEMAND_GEN,2025-12-28,4607,3103,1.4846922333225911,16.666224,221,45.0
GERAL,GERAL,23237343074,[DEMAND GEN - NATAL 25 - GS],DEMAND_GEN,2025-12-29,3073,2156,1.4253246753246753,22.296561,146,123.0
GERAL,GERAL,23237343074,[DEMAND GEN - NATAL 25 - GS],DEMAND_GEN,2025-12-30,1516,1207,1.256006628003314,21.352236,74,23.0
GERAL,GERAL,23237343074,[DEMAND GEN - NATAL 25 - GS],DEMAND_GEN,2025-12-31,2051,1646,1.2460510328068044,29.05093,92,61.0
GERAL,GERAL,23237343074,[DEMAND GEN - NATAL 25 - GS],DEMAND_GEN,2026-01-01,1711,1373,1.246176256372906,15.924877,72,31.0
GERAL,GERAL,23237343074,[DEMAND GEN - NATAL 25 - GS],DEMAND_GEN,2026-01-06,1148,993,1.1560926485397784,31.848791,34,41.0
GERAL,GERAL,23237343074,[DEMAND GEN - NATAL 25 - GS],DEMAND_GEN,2026-01-07,735,650,1.1307692307692307,26.681962,21,52.0
GERAL,GERAL,23237343074,[DEMAND GEN - NATAL 25 - GS],DEMAND_GEN,2026-01-08,1173,1098,1.0683060109289617,50.59647,36,36.0
GERAL,GERAL,23237343074,[DEMAND GEN - NATAL 25 - GS],DEMAND_GEN,2026-01-09,592,543,1.0902394106813997,15.608415,19,51.0
GERAL,GERAL,23237343074,[DEMAND GEN - NATAL 25 - GS],DEMAND_GEN,2026-01-10,440,399,1.1027568922305764,14.44036,13,72.0
GERAL,GERAL,23237343074,[DEMAND GEN - NATAL 25 - GS],DEMAND_GEN,2026-01-11,284,276,1.0289855072463767,17.424886,9,18.0
GERAL,GERAL,23237881832,[DEMAND GEN - NATAL 25 - CS],DEMAND_GEN,2025-12-03,12375,9485,1.3046916183447548,24.760189,5,218.0
GERAL,GERAL,23237881832,[DEMAND GEN - NATAL 25 - CS],DEMAND_GEN,2025-12-04,4970,4013,1.2384749563917268,10.96931,2,108.0
GERAL,GERAL,23237881832,[DEMAND GEN - NATAL 25 - CS],DEMAND_GEN,2025-12-05,504,353,1.4277620396600565,1.687488,3,0.0
GERAL,GERAL,23237881832,[DEMAND GEN - NATAL 25 - CS],DEMAND_GEN,2025-12-06,2051,1632,1.2567401960784315,26.964186,40,9.0
GERAL,GERAL,23237881832,[DEMAND GEN - NATAL 25 - CS],DEMAND_GEN,2025-12-07,2682,2151,1.2468619246861925,35.026473,54,87.0
GERAL,GERAL,23237881832,[DEMAND GEN - NATAL 25 - CS],DEMAND_GEN,2025-12-08,791,688,1.1497093023255813,45.481092,28,84.0
GERAL,GERAL,23237881832,[DEMAND GEN - NATAL 25 - CS],DEMAND_GEN,2025-12-09,1752,1501,1.1672218520986009,30.136502,41,8.0
GERAL,GERAL,23237881832,[DEMAND GEN - NATAL 25 - CS],DEMAND_GEN,2025-12-10,956,826,1.1573849878934626,30.292814,24,14.0
GERAL,GERAL,23237881832,[DEMAND GEN - NATAL 25 - CS],DEMAND_GEN,2025-12-11,1197,1083,1.105263157894737,47.985298,19,59.0
GERAL,GERAL,23237881832,[DEMAND GEN - NATAL 25 - CS],DEMAND_GEN,2025-12-12,1393,1287,1.0823620823620823,47.336486,29,17.0
GERAL,GERAL,23237881832,[DEMAND GEN - NATAL 25 - CS],DEMAND_GEN,2025-12-13,1317,1190,1.1067226890756303,46.084377,31,8.0
GERAL,GERAL,23237881832,[DEMAND GEN - NATAL 25 - CS],DEMAND_GEN,2025-12-14,2228,2000,1.114,77.431275,47,20.0
GERAL,GERAL,23237881832,[DEMAND GEN - NATAL 25 - CS],DEMAND_GEN,2025-12-15,1135,1015,1.1182266009852218,37.933043,21,103.0
GERAL,GERAL,23237881832,[DEMAND GEN - NATAL 25 - CS],DEMAND_GEN,2025-12-16,1101,1031,1.0678952473326868,42.204106,25,15.0
GERAL,GERAL,23237881832,[DEMAND GEN - NATAL 25 - CS],DEMAND_GEN,2025-12-17,988,861,1.1475029036004645,30.078096,22,43.0
GERAL,GERAL,23237881832,[DEMAND GEN - NATAL 25 - CS],DEMAND_GEN,2025-12-18,507,430,1.1790697674418604,18.297464,9,4.0
GERAL,GERAL,23237881832,[DEMAND GEN - NATAL 25 - CS],DEMAND_GEN,2025-12-19,1162,1088,1.068014705882353,23.63556,24,26.0
GERAL,GERAL,23237881832,[DEMAND GEN - NATAL 25 - CS],DEMAND_GEN,2025-12-20,1306,1231,1.0609260763606825,36.022434,24,19.0
GERAL,GERAL,23237881832,[DEMAND GEN - NATAL 25 - CS],DEMAND_GEN,2025-12-21,411,393,1.0458015267175573,27.661405,8,12.0
GERAL,GERAL,23237881832,[DEMAND GEN - NATAL 25 - CS],DEMAND_GEN,2025-12-22,352,334,1.0538922155688624,24.740797,12,15.0
GERAL,GERAL,23237881832,[DEMAND GEN - NATAL 25 - CS],DEMAND_GEN,2025-12-23,531,510,1.0411764705882354,36.34691,20,28.0
GERAL,GERAL,23237881832,[DEMAND GEN - NATAL 25 - CS],DEMAND_GEN,2025-12-24,443,402,1.1019900497512438,19.588571,11,24.0
GERAL,GERAL,23237881832,[DEMAND GEN - NATAL 25 - CS],DEMAND_GEN,2025-12-25,267,257,1.038910505836576,31.564339,9,3.0
GERAL,GERAL,23237881832,[DEMAND GEN - NATAL 25 - CS],DEMAND_GEN,2025-12-26,581,526,1.1045627376425855,19.796292,21,27.0
GERAL,GERAL,23237881832,[DEMAND GEN - NATAL 25 - CS],DEMAND_GEN,2025-12-27,404,389,1.038560411311054,33.487182,13,10.0
GERAL,GERAL,23237881832,[DEMAND GEN - NATAL 25 - CS],DEMAND_GEN,2025-12-28,352,329,1.0699088145896656,47.014889,13,12.0
GERAL,GERAL,23237881832,[DEMAND GEN - NATAL 25 - CS],DEMAND_GEN,2025-12-29,166,158,1.0506329113924051,26.862772,7,12.0
GERAL,GERAL,23237881832,[DEMAND GEN - NATAL 25 - CS],DEMAND_GEN,2025-12-30,456,443,1.0293453724604966,12.461997,5,14.0
GERAL,GERAL,23237881832,[DEMAND GEN - NATAL 25 - CS],DEMAND_GEN,2025-12-31,353,342,1.0321637426900585,19.104464,12,7.0
GERAL,GERAL,23237881832,[DEMAND GEN - NATAL 25 - CS],DEMAND_GEN,2026-01-01,74,69,1.0724637681159421,8.571402,3,4.0
GERAL,GERAL,23237881832,[DEMAND GEN - NATAL 25 - CS],DEMAND_GEN,2026-01-06,188,156,1.205128205128205,4.630237,7,6.0
GERAL,GERAL,23237881832,[DEMAND GEN - NATAL 25 - CS],DEMAND_GEN,2026-01-07,222,220,1.009090909090909,20.552746,12,17.0
GERAL,GERAL,23237881832,[DEMAND GEN - NATAL 25 - CS],DEMAND_GEN,2026-01-08,233,227,1.026431718061674,12.819666,9,6.0
GERAL,GERAL,23237881832,[DEMAND GEN - NATAL 25 - CS],DEMAND_GEN,2026-01-09,657,622,1.0562700964630225,16.298002,14,25.0
GERAL,GERAL,23237881832,[DEMAND GEN - NATAL 25 - CS],DEMAND_GEN,2026-01-10,134,124,1.0806451612903225,20.098118,6,17.0
GERAL,GERAL,23237900351,[DEMAND GEN - NATAL 25 - BS],DEMAND_GEN,2025-12-03,11695,9399,1.2442813065219704,25.800835,5,431.0
GERAL,GERAL,23237900351,[DEMAND GEN - NATAL 25 - BS],DEMAND_GEN,2025-12-04,5034,4249,1.1847493527888915,12.416048,4,190.0
GERAL,GERAL,23237900351,[DEMAND GEN - NATAL 25 - BS],DEMAND_GEN,2025-12-05,260,147,1.7687074829931972,1.343114,4,1.0
GERAL,GERAL,23237900351,[DEMAND GEN - NATAL 25 - BS],DEMAND_GEN,2025-12-06,2534,1999,1.2676338169084542,32.322011,90,37.0
GERAL,GERAL,23237900351,[DEMAND GEN - NATAL 25 - BS],DEMAND_GEN,2025-12-07,2517,1882,1.3374070138150904,39.216957,90,33.0
GERAL,GERAL,23237900351,[DEMAND GEN - NATAL 25 - BS],DEMAND_GEN,2025-12-08,1519,1321,1.149886449659349,27.700796,48,77.0
GERAL,GERAL,23237900351,[DEMAND GEN - NATAL 25 - BS],DEMAND_GEN,2025-12-09,1745,1434,1.2168758716875872,41.025986,54,40.0
GERAL,GERAL,23237900351,[DEMAND GEN - NATAL 25 - BS],DEMAND_GEN,2025-12-10,1310,1141,1.1481156879929886,57.704233,37,138.0
GERAL,GERAL,23237900351,[DEMAND GEN - NATAL 25 - BS],DEMAND_GEN,2025-12-11,1097,945,1.1608465608465608,44.282049,23,16.0
GERAL,GERAL,23237900351,[DEMAND GEN - NATAL 25 - BS],DEMAND_GEN,2025-12-12,1265,1208,1.0471854304635762,54.641868,32,21.0
GERAL,GERAL,23237900351,[DEMAND GEN - NATAL 25 - BS],DEMAND_GEN,2025-12-13,1004,932,1.0772532188841202,51.323015,22,54.0
GERAL,GERAL,23237900351,[DEMAND GEN - NATAL 25 - BS],DEMAND_GEN,2025-12-14,1401,1284,1.091121495327103,26.70549,67,20.0
GERAL,GERAL,23237900351,[DEMAND GEN - NATAL 25 - BS],DEMAND_GEN,2025-12-15,1411,1227,1.149959250203749,25.699987,71,67.0
GERAL,GERAL,23237900351,[DEMAND GEN - NATAL 25 - BS],DEMAND_GEN,2025-12-16,1233,1088,1.1332720588235294,23.655226,52,46.0
GERAL,GERAL,23237900351,[DEMAND GEN - NATAL 25 - BS],DEMAND_GEN,2025-12-17,1472,1315,1.1193916349809887,33.333834,45,37.0
GERAL,GERAL,23237900351,[DEMAND GEN - NATAL 25 - BS],DEMAND_GEN,2025-12-18,906,745,1.2161073825503357,21.45627,35,18.0
GERAL,GERAL,23237900351,[DEMAND GEN - NATAL 25 - BS],DEMAND_GEN,2025-12-19,1001,853,1.1735052754982416,24.390781,35,91.0
GERAL,GERAL,23237900351,[DEMAND GEN - NATAL 25 - BS],DEMAND_GEN,2025-12-20,629,543,1.1583793738489871,32.342676,16,34.0
GERAL,GERAL,23237900351,[DEMAND GEN - NATAL 25 - BS],DEMAND_GEN,2025-12-21,1186,1038,1.142581888246628,30.726541,29,70.0
GERAL,GERAL,23237900351,[DEMAND GEN - NATAL 25 - BS],DEMAND_GEN,2025-12-22,921,787,1.1702668360864041,27.111063,31,45.0
GERAL,GERAL,23237900351,[DEMAND GEN - NATAL 25 - BS],DEMAND_GEN,2025-12-23,1670,1463,1.14149008885851,26.223309,55,26.0
GERAL,GERAL,23237900351,[DEMAND GEN - NATAL 25 - BS],DEMAND_GEN,2025-12-24,1159,1044,1.1101532567049808,26.109988,49,22.0
GERAL,GERAL,23237900351,[DEMAND GEN - NATAL 25 - BS],DEMAND_GEN,2025-12-25,952,836,1.138755980861244,23.252528,37,19.0
GERAL,GERAL,23237900351,[DEMAND GEN - NATAL 25 - BS],DEMAND_GEN,2025-12-26,1547,1295,1.1945945945945946,24.814679,51,36.0
GERAL,GERAL,23237900351,[DEMAND GEN - NATAL 25 - BS],DEMAND_GEN,2025-12-27,1623,1417,1.1453775582215948,20.090482,72,21.0
GERAL,GERAL,23237900351,[DEMAND GEN - NATAL 25 - BS],DEMAND_GEN,2025-12-28,2203,1843,1.1953336950623983,25.956535,72,36.0
GERAL,GERAL,23237900351,[DEMAND GEN - NATAL 25 - BS],DEMAND_GEN,2025-12-29,962,903,1.0653377630121816,20.533281,30,43.0
GERAL,GERAL,23237900351,[DEMAND GEN - NATAL 25 - BS],DEMAND_GEN,2025-12-30,676,610,1.1081967213114754,20.335171,23,56.0
GERAL,GERAL,23237900351,[DEMAND GEN - NATAL 25 - BS],DEMAND_GEN,2025-12-31,567,509,1.1139489194499017,25.424057,16,16.0
GERAL,GERAL,23237900351,[DEMAND GEN - NATAL 25 - BS],DEMAND_GEN,2026-01-01,496,442,1.1221719457013575,19.416218,13,29.0
GERAL,GERAL,23237900351,[DEMAND GEN - NATAL 25 - BS],DEMAND_GEN,2026-01-06,1043,879,1.186575654152446,31.655232,30,46.0
GERAL,GERAL,23237900351,[DEMAND GEN - NATAL 25 - BS],DEMAND_GEN,2026-01-07,934,795,1.1748427672955974,36.008292,30,52.0
GERAL,GERAL,23237900351,[DEMAND GEN - NATAL 25 - BS],DEMAND_GEN,2026-01-08,845,799,1.0575719649561952,28.24299,21,59.0
GERAL,GERAL,23237900351,[DEMAND GEN - NATAL 25 - BS],DEMAND_GEN,2026-01-09,1550,1442,1.0748959778085991,42.550748,32,49.0
GERAL,GERAL,23237900351,[DEMAND GEN - NATAL 25 - BS],DEMAND_GEN,2026-01-10,366,358,1.0223463687150838,29.516142,17,20.0
GERAL,GERAL,23238497278,[ALC - NATAL 25 - NS] #tdsdispositivos,VIDEO,2025-12-03,7592,6704,1.2583532219570406,22.665282,15,5.0
GERAL,GERAL,23238497278,[ALC - NATAL 25 - NS] #tdsdispositivos,VIDEO,2025-12-04,7826,6062,1.3856812933025404,22.681151,12,3.0
GERAL,GERAL,23238497278,[ALC - NATAL 25 - NS] #tdsdispositivos,VIDEO,2025-12-05,7454,5638,1.418588151826889,22.67888,14,4.0
GERAL,GERAL,23238497278,[ALC - NATAL 25 - NS] #tdsdispositivos,VIDEO,2025-12-06,7067,5447,1.385349733798421,22.621468,10,7.0
GERAL,GERAL,23238497278,[ALC - NATAL 25 - NS] #tdsdispositivos,VIDEO,2025-12-07,7675,5993,1.3897880861004506,22.686978,11,3.0
GERAL,GERAL,23238497278,[ALC - NATAL 25 - NS] #tdsdispositivos,VIDEO,2025-12-08,8235,6152,1.431892067620286,22.667348,6,1.0
GERAL,GERAL,23238497278,[ALC - NATAL 25 - NS] #tdsdispositivos,VIDEO,2025-12-09,8258,6096,1.4366797900262467,22.683326,11,2.0
GERAL,GERAL,23238497278,[ALC - NATAL 25 - NS] #tdsdispositivos,VIDEO,2025-12-10,7926,5616,1.4921652421652423,22.690786,9,2.0
GERAL,GERAL,23238497278,[ALC - NATAL 25 - NS] #tdsdispositivos,VIDEO,2025-12-11,7791,5663,1.4912590499735123,22.72432,8,3.0
GERAL,GERAL,23238497278,[ALC - NATAL 25 - NS] #tdsdispositivos,VIDEO,2025-12-12,7084,5611,1.377651042594903,22.721551,7,7.0
GERAL,GERAL,23238497278,[ALC - NATAL 25 - NS] #tdsdispositivos,VIDEO,2025-12-13,7022,5190,1.4684007707129094,22.761951,7,3.0
GERAL,GERAL,23238497278,[ALC - NATAL 25 - NS] #tdsdispositivos,VIDEO,2025-12-14,7111,5468,1.402889539136796,22.733353,19,3.0
GERAL,GERAL,23238497278,[ALC - NATAL 25 - NS] #tdsdispositivos,VIDEO,2025-12-15,7634,6138,1.3598892147279245,22.671534,9,3.0
GERAL,GERAL,23238497278,[ALC - NATAL 25 - NS] #tdsdispositivos,VIDEO,2025-12-16,7387,5333,1.5077817363585224,22.707746,10,7.0
GERAL,GERAL,23238497278,[ALC - NATAL 25 - NS] #tdsdispositivos,VIDEO,2025-12-17,7307,5682,1.384723688841957,22.722513,14,6.0
GERAL,GERAL,23238497278,[ALC - NATAL 25 - NS] #tdsdispositivos,VIDEO,2025-12-18,3223,2429,1.437216961712639,10.234558,4,8.0
GERAL,GERAL,23238497278,[ALC - NATAL 25 - NS] #tdsdispositivos,VIDEO,2025-12-19,693,640,1.2359375,2.407637,1,1.0
GERAL,GERAL,23238497278,[ALC - NATAL 25 - NS] #tdsdispositivos,VIDEO,2025-12-20,1083,782,1.4641943734015346,2.409318,1,0.0
GERAL,GERAL,23238497278,[ALC - NATAL 25 - NS] #tdsdispositivos,VIDEO,2025-12-21,776,729,1.2277091906721536,2.41127,0,0.0
GERAL,GERAL,23238497278,[ALC - NATAL 25 - NS] #tdsdispositivos,VIDEO,2025-12-22,655,482,1.479253112033195,2.409691,0,0.0
GERAL,GERAL,23238497278,[ALC - NATAL 25 - NS] #tdsdispositivos,VIDEO,2025-12-23,880,632,1.4794303797468353,2.436531,2,0.0
GERAL,GERAL,23238497278,[ALC - NATAL 25 - NS] #tdsdispositivos,VIDEO,2025-12-24,818,759,1.233201581027668,2.422417,2,1.0
GERAL,GERAL,23238497278,[ALC - NATAL 25 - NS] #tdsdispositivos,VIDEO,2025-12-25,890,731,1.3187414500683994,2.42322,1,1.0
GERAL,GERAL,23238497278,[ALC - NATAL 25 - NS] #tdsdispositivos,VIDEO,2025-12-26,851,686,1.345481049562682,2.439296,0,0.0
GERAL,GERAL,23238497278,[ALC - NATAL 25 - NS] #tdsdispositivos,VIDEO,2025-12-27,720,675,1.2266666666666666,2.435173,2,0.0
GERAL,GERAL,23238497278,[ALC - NATAL 25 - NS] #tdsdispositivos,VIDEO,2025-12-28,1011,833,1.3697478991596639,2.450813,0,0.0
GERAL,GERAL,23238497278,[ALC - NATAL 25 - NS] #tdsdispositivos,VIDEO,2025-12-29,1125,807,1.5055762081784387,2.440324,1,2.0
GERAL,GERAL,23238497278,[ALC - NATAL 25 - NS] #tdsdispositivos,VIDEO,2025-12-30,1008,808,1.3898514851485149,2.456374,1,1.0
GERAL,GERAL,23238497278,[ALC - NATAL 25 - NS] #tdsdispositivos,VIDEO,2025-12-31,1179,868,1.4193548387096775,2.455157,1,0.0
GERAL,GERAL,23238497278,[ALC - NATAL 25 - NS] #tdsdispositivos,VIDEO,2026-01-01,1153,1060,1.2179245283018867,2.143373,0,1.0
GERAL,GERAL,23238497278,[ALC - NATAL 25 - NS] #tdsdispositivos,VIDEO,2026-01-06,1374,1166,1.3018867924528301,4.164222,4,0.0
GERAL,GERAL,23238497278,[ALC - NATAL 25 - NS] #tdsdispositivos,VIDEO,2026-01-07,1946,1718,1.2869615832363213,4.166124,1,1.0
GERAL,GERAL,23238497278,[ALC - NATAL 25 - NS] #tdsdispositivos,VIDEO,2026-01-08,1661,1540,1.2694805194805194,4.167183,4,0.0
GERAL,GERAL,23238497278,[ALC - NATAL 25 - NS] #tdsdispositivos,VIDEO,2026-01-09,2358,2278,1.1966637401229148,4.168073,4,0.0
GERAL,GERAL,23238497278,[ALC - NATAL 25 - NS] #tdsdispositivos,VIDEO,2026-01-10,2181,1713,1.417980151780502,4.176934,4,2.0
GERAL,GERAL,23238497278,[ALC - NATAL 25 - NS] #tdsdispositivos,VIDEO,2026-01-11,1858,1701,1.2410346854791299,4.235172,7,0.0
GERAL,GERAL,23241557455,[DEMAND GEN - NATAL 25 - NS],DEMAND_GEN,2025-12-03,1322,868,1.523041474654378,5.599501,24,19.0
GERAL,GERAL,23241557455,[DEMAND GEN - NATAL 25 - NS],DEMAND_GEN,2025-12-04,1524,1325,1.1501886792452831,40.41138,42,33.0
GERAL,GERAL,23241557455,[DEMAND GEN - NATAL 25 - NS],DEMAND_GEN,2025-12-05,1528,1353,1.1293422025129343,38.563452,52,40.0
GERAL,GERAL,23241557455,[DEMAND GEN - NATAL 25 - NS],DEMAND_GEN,2025-12-06,1063,1006,1.0566600397614314,59.813584,25,11.0
GERAL,GERAL,23241557455,[DEMAND GEN - NATAL 25 - NS],DEMAND_GEN,2025-12-07,1303,1097,1.187784867821331,50.506825,28,17.0
GERAL,GERAL,23241557455,[DEMAND GEN - NATAL 25 - NS],DEMAND_GEN,2025-12-08,1996,1686,1.1838671411625148,31.655479,38,20.0
GERAL,GERAL,23241557455,[DEMAND GEN - NATAL 25 - NS],DEMAND_GEN,2025-12-09,1293,1088,1.1884191176470589,44.830512,40,16.0
GERAL,GERAL,23241557455,[DEMAND GEN - NATAL 25 - NS],DEMAND_GEN,2025-12-10,1004,951,1.0557308096740274,70.937048,20,5.0
GERAL,GERAL,23241557455,[DEMAND GEN - NATAL 25 - NS],DEMAND_GEN,2025-12-11,811,694,1.1685878962536023,35.094505,22,24.0
GERAL,GERAL,23241557455,[DEMAND GEN - NATAL 25 - NS],DEMAND_GEN,2025-12-12,483,442,1.092760180995475,26.750885,16,35.0
GERAL,GERAL,23241557455,[DEMAND GEN - NATAL 25 - NS],DEMAND_GEN,2025-12-13,943,850,1.1094117647058823,48.320139,33,56.0
GERAL,GERAL,23241557455,[DEMAND GEN - NATAL 25 - NS],DEMAND_GEN,2025-12-14,1511,1315,1.1490494296577947,35.311508,40,8.0
GERAL,GERAL,23241557455,[DEMAND GEN - NATAL 25 - NS],DEMAND_GEN,2025-12-15,1175,968,1.2138429752066116,23.301287,40,47.0
GERAL,GERAL,23241557455,[DEMAND GEN - NATAL 25 - NS],DEMAND_GEN,2025-12-16,1688,1348,1.2522255192878338,30.817163,53,29.0
GERAL,GERAL,23241557455,[DEMAND GEN - NATAL 25 - NS],DEMAND_GEN,2025-12-17,2731,2138,1.2773620205799814,36.40255,102,146.0
GERAL,GERAL,23241557455,[DEMAND GEN - NATAL 25 - NS],DEMAND_GEN,2025-12-18,1970,1599,1.2320200125078173,39.515935,47,50.0
GERAL,GERAL,23241557455,[DEMAND GEN - NATAL 25 - NS],DEMAND_GEN,2025-12-19,346,310,1.1161290322580646,40.740934,9,15.0
GERAL,GERAL,23241557455,[DEMAND GEN - NATAL 25 - NS],DEMAND_GEN,2025-12-20,1859,1449,1.2829537612146307,37.870056,49,44.0
GERAL,GERAL,23241557455,[DEMAND GEN - NATAL 25 - NS],DEMAND_GEN,2025-12-21,1868,1443,1.2945252945252945,39.393418,42,15.0
GERAL,GERAL,23241557455,[DEMAND GEN - NATAL 25 - NS],DEMAND_GEN,2025-12-22,911,737,1.2360922659430122,36.031761,34,44.0
GERAL,GERAL,23241557455,[DEMAND GEN - NATAL 25 - NS],DEMAND_GEN,2025-12-23,1421,1109,1.2813345356176735,38.213564,49,52.0
GERAL,GERAL,23241557455,[DEMAND GEN - NATAL 25 - NS],DEMAND_GEN,2025-12-24,1406,1119,1.256478999106345,27.503964,58,24.0
GERAL,GERAL,23241557455,[DEMAND GEN - NATAL 25 - NS],DEMAND_GEN,2025-12-25,2503,1857,1.3478729133010232,26.328333,76,37.0
GERAL,GERAL,23241557455,[DEMAND GEN - NATAL 25 - NS],DEMAND_GEN,2025-12-26,2446,1841,1.3286257468766975,28.260199,90,39.0
GERAL,GERAL,23241557455,[DEMAND GEN - NATAL 25 - NS],DEMAND_GEN,2025-12-27,3138,2444,1.2839607201309329,29.271637,117,93.0
GERAL,GERAL,23241557455,[DEMAND GEN - NATAL 25 - NS],DEMAND_GEN,2025-12-28,1115,996,1.1194779116465863,38.026568,35,43.0
GERAL,GERAL,23241557455,[DEMAND GEN - NATAL 25 - NS],DEMAND_GEN,2025-12-29,1049,867,1.209919261822376,37.148395,27,27.0
GERAL,GERAL,23241557455,[DEMAND GEN - NATAL 25 - NS],DEMAND_GEN,2025-12-30,1265,1114,1.1355475763016158,27.326849,40,38.0
GERAL,GERAL,23241557455,[DEMAND GEN - NATAL 25 - NS],DEMAND_GEN,2025-12-31,1348,1167,1.1550985432733505,35.628946,52,35.0
GERAL,GERAL,23241557455,[DEMAND GEN - NATAL 25 - NS],DEMAND_GEN,2026-01-01,1543,1332,1.1584084084084083,48.932367,55,12.0
GERAL,GERAL,23241557455,[DEMAND GEN - NATAL 25 - NS],DEMAND_GEN,2026-01-06,1982,1578,1.256020278833967,43.100586,62,43.0
GERAL,GERAL,23241557455,[DEMAND GEN - NATAL 25 - NS],DEMAND_GEN,2026-01-07,934,820,1.1390243902439023,40.624905,29,22.0
GERAL,GERAL,23241557455,[DEMAND GEN - NATAL 25 - NS],DEMAND_GEN,2026-01-08,1121,1007,1.1132075471698113,38.370954,33,28.0
GERAL,GERAL,23241557455,[DEMAND GEN - NATAL 25 - NS],DEMAND_GEN,2026-01-09,516,489,1.0552147239263803,32.812408,24,68.0
GERAL,GERAL,23241557455,[DEMAND GEN - NATAL 25 - NS],DEMAND_GEN,2026-01-10,897,754,1.1896551724137931,38.476632,38,62.0
GERAL,GERAL,23241557455,[DEMAND GEN - NATAL 25 - NS],DEMAND_GEN,2026-01-11,378,354,1.0677966101694916,14.392252,11,20.0
GERAL,GERAL,23258503147,[PMAX - LEGOS - NS],PERFORMANCE_MAX,2025-12-03,16456,11932,1.3791485082132082,58.77276,30,357.0
GERAL,GERAL,23258503147,[PMAX - LEGOS - NS],PERFORMANCE_MAX,2025-12-04,18529,12780,1.4498435054773082,59.579567,22,510.0
GERAL,GERAL,23258503147,[PMAX - LEGOS - NS],PERFORMANCE_MAX,2025-12-05,18343,12837,1.428916413492249,61.943746,24,532.0
GERAL,GERAL,23258503147,[PMAX - LEGOS - NS],PERFORMANCE_MAX,2025-12-06,20608,13371,1.5412459801062,59.016729,45,521.0
GERAL,GERAL,23258503147,[PMAX - LEGOS - NS],PERFORMANCE_MAX,2025-12-07,18009,12563,1.4334951842712729,50.553899,32,333.0
GERAL,GERAL,23258503147,[PMAX - LEGOS - NS],PERFORMANCE_MAX,2025-12-08,24038,16455,1.4608325736858099,78.879105,23,349.0
GERAL,GERAL,23258503147,[PMAX - LEGOS - NS],PERFORMANCE_MAX,2025-12-09,18250,12653,1.442345688769462,53.588934,7,313.0
GERAL,GERAL,23258503147,[PMAX - LEGOS - NS],PERFORMANCE_MAX,2025-12-10,17846,13075,1.3648948374760994,61.615101,16,361.0
GERAL,GERAL,23258503147,[PMAX - LEGOS - NS],PERFORMANCE_MAX,2025-12-11,18442,13428,1.3733988680369378,58.697916,11,414.0
GERAL,GERAL,23258503147,[PMAX - LEGOS - NS],PERFORMANCE_MAX,2025-12-12,17091,12010,1.4230641132389674,57.708637,19,485.0
GERAL,GERAL,23258503147,[PMAX - LEGOS - NS],PERFORMANCE_MAX,2025-12-13,19191,13349,1.437635777960896,63.166544,40,451.0
GERAL,GERAL,23258503147,[PMAX - LEGOS - NS],PERFORMANCE_MAX,2025-12-14,17463,12155,1.4366927190456602,54.758044,15,392.0
GERAL,GERAL,23258503147,[PMAX - LEGOS - NS],PERFORMANCE_MAX,2025-12-15,14563,10311,1.4123751333527301,49.683145,10,311.0
GERAL,GERAL,23346380136,[ALC - NARBONA - CS],VIDEO,2025-12-10,5105,1811,2.8216454997239095,19.60228,15,0.0
GERAL,GERAL,23346380136,[ALC - NARBONA - CS],VIDEO,2025-12-11,7376,6354,1.3467107333962858,21.36041,3,3.0
GERAL,GERAL,23346380136,[ALC - NARBONA - CS],VIDEO,2025-12-12,7020,6377,1.2941822173435784,20.963124,7,5.0
GERAL,GERAL,23346380136,[ALC - NARBONA - CS],VIDEO,2025-12-13,7942,6991,1.2940924045200972,20.854495,2,4.0
GERAL,GERAL,23346380136,[ALC - NARBONA - CS],VIDEO,2025-12-14,8486,7140,1.346358543417367,20.837617,8,5.0
GERAL,GERAL,23346380136,[ALC - NARBONA - CS],VIDEO,2025-12-15,15453,12641,1.4237006565936239,40.099194,23,9.0
GERAL,GERAL,23346380136,[ALC - NARBONA - CS],VIDEO,2025-12-16,16121,13782,1.3706283558264403,41.804047,12,22.0
GERAL,GERAL,23346380136,[ALC - NARBONA - CS],VIDEO,2025-12-17,15424,12942,1.3783031988873435,41.685942,13,17.0
GERAL,GERAL,23346380136,[ALC - NARBONA - CS],VIDEO,2025-12-18,6798,7357,1.1226043224140274,19.989176,7,14.0
GERAL,GERAL,23346380136,[ALC - NARBONA - CS],VIDEO,2025-12-19,7176,6933,1.1867878263378047,20.931699,7,15.0
GERAL,GERAL,23346380136,[ALC - NARBONA - CS],VIDEO,2025-12-20,6898,6460,1.1992260061919504,20.900551,9,19.0
GERAL,GERAL,23346380136,[ALC - NARBONA - CS],VIDEO,2025-12-21,7279,6655,1.2112697220135236,20.787311,12,6.0
GERAL,GERAL,23346380136,[ALC - NARBONA - CS],VIDEO,2025-12-22,6864,6664,1.156512605042017,20.665572,7,9.0
GERAL,GERAL,23346380136,[ALC - NARBONA - CS],VIDEO,2025-12-23,7281,6758,1.1902929860905593,20.623515,14,7.0
GERAL,GERAL,23346380136,[ALC - NARBONA - CS],VIDEO,2025-12-24,7160,6656,1.1853966346153846,20.603788,7,9.0
GERAL,GERAL,23346380136,[ALC - NARBONA - CS],VIDEO,2025-12-25,7280,6498,1.2249923053247154,20.291821,15,10.0
GERAL,GERAL,23346380136,[ALC - NARBONA - CS],VIDEO,2025-12-26,8321,6686,1.3529763685312592,20.138881,7,5.0
GERAL,GERAL,23346380136,[ALC - NARBONA - CS],VIDEO,2025-12-27,7798,7416,1.1717907227615965,19.991115,13,8.0
GERAL,GERAL,23346380136,[ALC - NARBONA - CS],VIDEO,2025-12-28,7891,7224,1.1983665559246954,19.83764,9,4.0
GERAL,GERAL,23346380136,[ALC - NARBONA - CS],VIDEO,2025-12-29,7897,6970,1.2549497847919655,19.370735,8,8.0
GERAL,GERAL,23346380136,[ALC - NARBONA - CS],VIDEO,2025-12-30,7754,7058,1.2179087560215358,18.865777,16,4.0
GERAL,GERAL,23346380136,[ALC - NARBONA - CS],VIDEO,2025-12-31,7286,6900,1.1775362318840579,17.915445,8,5.0
GERAL,GERAL,23346380136,[ALC - NARBONA - CS],VIDEO,2026-01-01,7190,6456,1.211276332094176,16.705716,13,7.0
GERAL,GERAL,23346380136,[ALC - NARBONA - CS],VIDEO,2026-01-06,18649,15254,1.371902451815917,39.983245,19,10.0
GERAL,GERAL,23346380136,[ALC - NARBONA - CS],VIDEO,2026-01-07,17221,15063,1.266480780720972,39.982309,29,4.0
GERAL,GERAL,23346380136,[ALC - NARBONA - CS],VIDEO,2026-01-08,18482,13774,1.4466385944533178,39.976332,23,11.0
GERAL,GERAL,23346380136,[ALC - NARBONA - CS],VIDEO,2026-01-09,17819,14401,1.3580306923130339,39.98394,15,17.0
GERAL,GERAL,23346380136,[ALC - NARBONA - CS],VIDEO,2026-01-10,10883,8058,1.4360883593943907,26.665483,20,9.0
GERAL,GERAL,23346380136,[ALC - NARBONA - CS],VIDEO,2026-01-11,8140,7688,1.1767689906347554,20.256353,9,3.0
GERAL,GERAL,23346380136,[ALC - NARBONA - CS],VIDEO,2026-01-12,8865,7237,1.3364653862097555,20.173327,9,4.0
GERAL,GERAL,23346380136,[ALC - NARBONA - CS],VIDEO,2026-01-13,9257,7663,1.3284614380790813,20.16409,11,8.0
GERAL,GERAL,23346380136,[ALC - NARBONA - CS],VIDEO,2026-01-14,8409,7417,1.260482674935958,20.061603,12,4.0
GERAL,GERAL,23346380136,[ALC - NARBONA - CS],VIDEO,2026-01-15,9122,8041,1.2753388881979852,20.039368,6,4.0
GERAL,GERAL,23346380136,[ALC - NARBONA - CS],VIDEO,2026-01-16,37292,27891,1.441827112688681,96.959762,75,23.0
GERAL,GERAL,23346380136,[ALC - NARBONA - CS],VIDEO,2026-01-17,36788,27515,1.418571688170089,101.571803,71,37.0
GERAL,GERAL,23346380136,[ALC - NARBONA - CS],VIDEO,2026-01-18,35554,25740,1.456993006993007,101.065781,85,18.0
GERAL,GERAL,23346380136,[ALC - NARBONA - CS],VIDEO,2026-01-19,35466,25868,1.4562007113035411,100.760692,60,15.0
GERAL,GERAL,23346380136,[ALC - NARBONA - CS],VIDEO,2026-01-20,38251,25425,1.584660766961652,100.348147,71,13.0
GERAL,GERAL,23346380136,[ALC - NARBONA - CS],VIDEO,2026-01-21,35723,24233,1.5518507819914993,99.93816,79,25.0
GERAL,GERAL,23346380136,[ALC - NARBONA - CS],VIDEO,2026-01-22,35195,26821,1.399463107266694,99.359376,66,26.0
GERAL,GERAL,23346380136,[ALC - NARBONA - CS],VIDEO,2026-01-23,30777,23990,1.3657357232180074,98.772623,56,15.0
GERAL,GERAL,23346380136,[ALC - NARBONA - CS],VIDEO,2026-01-24,30758,23866,1.355568591301433,98.384627,70,13.0
GERAL,GERAL,23346380136,[ALC - NARBONA - CS],VIDEO,2026-01-25,35059,25137,1.4550264550264551,97.753568,62,8.0
GERAL,GERAL,23346380136,[ALC - NARBONA - CS],VIDEO,2026-01-26,30265,24574,1.326971595995768,96.821134,55,13.0
GERAL,GERAL,23346380136,[ALC - NARBONA - CS],VIDEO,2026-01-27,10282,7830,1.4077905491698595,33.160367,14,3.0
GERAL,GERAL,23346380136,[ALC - NARBONA - CS],VIDEO,2026-01-28,10357,9126,1.2682445759368837,31.132202,10,5.0
GERAL,GERAL,23346380136,[ALC - NARBONA - CS],VIDEO,2026-01-29,11216,9964,1.2510036130068245,30.615618,18,5.0
GERAL,GERAL,23346380136,[ALC - NARBONA - CS],VIDEO,2026-01-30,13448,9016,1.5776397515527951,29.854668,11,6.0
GERAL,GERAL,23346380136,[ALC - NARBONA - CS],VIDEO,2026-01-31,12655,8834,1.5422232284355897,28.511376,11,2.0
GERAL,GERAL,23346380136,[ALC - NARBONA - CS],VIDEO,2026-02-01,12767,10922,1.2830067753158763,32.589686,26,6.0
GERAL,GERAL,23346380136,[ALC - NARBONA - CS],VIDEO,2026-02-02,11917,9925,1.3185894206549118,34.157164,21,6.0
GERAL,GERAL,23346380136,[ALC - NARBONA - CS],VIDEO,2026-02-03,8339,6264,1.4620051085568326,18.285351,7,3.0
GERAL,GERAL,23359104901,[PMAX - NARBONA - CS],PERFORMANCE_MAX,2025-12-11,2588,2056,1.2587548638132295,8.130417,17,55.0
GERAL,GERAL,23359104901,[PMAX - NARBONA - CS],PERFORMANCE_MAX,2025-12-12,4137,3284,1.2597442143727162,17.041057,26,96.0
GERAL,GERAL,23359104901,[PMAX - NARBONA - CS],PERFORMANCE_MAX,2025-12-13,4855,4028,1.205312810327706,22.059666,35,156.0
GERAL,GERAL,23359104901,[PMAX - NARBONA - CS],PERFORMANCE_MAX,2025-12-14,2417,1986,1.217019133937563,12.765207,27,76.0
GERAL,GERAL,23359104901,[PMAX - NARBONA - CS],PERFORMANCE_MAX,2025-12-15,4963,4053,1.224525043177893,25.597386,20,120.0
GERAL,GERAL,23359104901,[PMAX - NARBONA - CS],PERFORMANCE_MAX,2025-12-16,6865,5424,1.2656710914454277,25.531073,29,163.0
GERAL,GERAL,23359104901,[PMAX - NARBONA - CS],PERFORMANCE_MAX,2025-12-17,5523,4495,1.228698553948832,25.51504,32,157.0
GERAL,GERAL,23359104901,[PMAX - NARBONA - CS],PERFORMANCE_MAX,2025-12-18,7576,6073,1.2474888852297052,25.537426,18,225.0
GERAL,GERAL,23359104901,[PMAX - NARBONA - CS],PERFORMANCE_MAX,2025-12-19,7748,6103,1.2695395707029329,25.534648,24,221.0
GERAL,GERAL,23359104901,[PMAX - NARBONA - CS],PERFORMANCE_MAX,2025-12-20,8981,7341,1.2234028061571993,25.527934,28,334.0
GERAL,GERAL,23359104901,[PMAX - NARBONA - CS],PERFORMANCE_MAX,2025-12-21,5331,4435,1.2020293122886132,18.370892,32,222.0
GERAL,GERAL,23359104901,[PMAX - NARBONA - CS],PERFORMANCE_MAX,2025-12-22,7255,5888,1.2321671195652173,25.561615,36,293.0
GERAL,GERAL,23359104901,[PMAX - NARBONA - CS],PERFORMANCE_MAX,2025-12-23,8013,6414,1.2492984097287185,25.621667,25,275.0
GERAL,GERAL,23359104901,[PMAX - NARBONA - CS],PERFORMANCE_MAX,2025-12-24,7780,6262,1.242414564037049,20.225733,40,166.0
GERAL,GERAL,23359104901,[PMAX - NARBONA - CS],PERFORMANCE_MAX,2025-12-25,6273,5067,1.2380106571936056,25.638392,45,105.0
GERAL,GERAL,23359104901,[PMAX - NARBONA - CS],PERFORMANCE_MAX,2025-12-26,6903,5810,1.1881239242685027,25.720059,31,266.0
GERAL,GERAL,23359104901,[PMAX - NARBONA - CS],PERFORMANCE_MAX,2025-12-27,9533,7922,1.2033577379449634,25.728525,35,237.0
GERAL,GERAL,23359104901,[PMAX - NARBONA - CS],PERFORMANCE_MAX,2025-12-28,8814,7289,1.2092193716559199,23.467801,49,248.0
GERAL,GERAL,23359104901,[PMAX - NARBONA - CS],PERFORMANCE_MAX,2025-12-29,11827,9297,1.2721307948800689,25.848591,54,324.0
GERAL,GERAL,23359104901,[PMAX - NARBONA - CS],PERFORMANCE_MAX,2025-12-30,13952,10906,1.2792958004768018,25.501694,125,506.0
GERAL,GERAL,23359104901,[PMAX - NARBONA - CS],PERFORMANCE_MAX,2025-12-31,9735,7810,1.2464788732394365,15.221606,57,157.0
GERAL,GERAL,23359104901,[PMAX - NARBONA - CS],PERFORMANCE_MAX,2026-01-01,7553,6268,1.2050095724313976,24.117282,114,187.0
GERAL,GERAL,23359104901,[PMAX - NARBONA - CS],PERFORMANCE_MAX,2026-01-06,4814,3995,1.2050062578222778,27.89574,27,109.0
GERAL,GERAL,23359104901,[PMAX - NARBONA - CS],PERFORMANCE_MAX,2026-01-07,8414,6748,1.2468879668049793,27.899671,45,194.0
GERAL,GERAL,23359104901,[PMAX - NARBONA - CS],PERFORMANCE_MAX,2026-01-08,5812,4878,1.1914719147191473,19.260693,44,128.0
GERAL,GERAL,23359104901,[PMAX - NARBONA - CS],PERFORMANCE_MAX,2026-01-09,3887,3301,1.1775219630415026,24.244847,19,91.0
GERAL,GERAL,23359104901,[PMAX - NARBONA - CS],PERFORMANCE_MAX,2026-01-10,1133,999,1.1341341341341342,27.581115,111,127.0
GERAL,GERAL,23359104901,[PMAX - NARBONA - CS],PERFORMANCE_MAX,2026-01-11,1220,1060,1.150943396226415,16.478532,57,77.0
GERAL,GERAL,23359104901,[PMAX - NARBONA - CS],PERFORMANCE_MAX,2026-01-12,848,720,1.1777777777777778,26.593832,68,79.0
GERAL,GERAL,23359104901,[PMAX - NARBONA - CS],PERFORMANCE_MAX,2026-01-13,570,493,1.156186612576065,28.602263,61,64.0
GERAL,GERAL,23359104901,[PMAX - NARBONA - CS],PERFORMANCE_MAX,2026-01-14,1457,1259,1.1572676727561557,19.844155,21,44.0
GERAL,GERAL,23359104901,[PMAX - NARBONA - CS],PERFORMANCE_MAX,2026-01-15,2419,2094,1.1552053486150908,29.36023,38,90.0
GERAL,GERAL,23359104901,[PMAX - NARBONA - CS],PERFORMANCE_MAX,2026-01-16,2693,2233,1.2060008956560682,28.612043,21,55.0
GERAL,GERAL,23359104901,[PMAX - NARBONA - CS],PERFORMANCE_MAX,2026-01-17,3355,2767,1.2125045175280087,27.757661,30,87.0
GERAL,GERAL,23359104901,[PMAX - NARBONA - CS],PERFORMANCE_MAX,2026-01-18,2704,2217,1.2196662156066758,22.550995,36,71.0
GERAL,GERAL,23359104901,[PMAX - NARBONA - CS],PERFORMANCE_MAX,2026-01-19,8311,6571,1.2647998782529295,28.794267,30,144.0
GERAL,GERAL,23359104901,[PMAX - NARBONA - CS],PERFORMANCE_MAX,2026-01-20,6791,5520,1.2302536231884058,24.274198,30,87.0
GERAL,GERAL,23359104901,[PMAX - NARBONA - CS],PERFORMANCE_MAX,2026-01-21,6720,5440,1.2352941176470589,25.346365,22,87.0
GERAL,GERAL,23359104901,[PMAX - NARBONA - CS],PERFORMANCE_MAX,2026-01-22,6225,5061,1.2299940723177238,21.8819,13,73.0
GERAL,GERAL,23359104901,[PMAX - NARBONA - CS],PERFORMANCE_MAX,2026-01-23,6525,5448,1.1976872246696035,29.187277,19,110.0
GERAL,GERAL,23359104901,[PMAX - NARBONA - CS],PERFORMANCE_MAX,2026-01-24,6153,5175,1.1889855072463769,29.031943,19,106.0
GERAL,GERAL,23359104901,[PMAX - NARBONA - CS],PERFORMANCE_MAX,2026-01-25,5069,4305,1.1774680603948897,24.554719,14,69.0
GERAL,GERAL,23359104901,[PMAX - NARBONA - CS],PERFORMANCE_MAX,2026-01-26,7211,5917,1.2186919046814264,29.261168,15,75.0
GERAL,GERAL,23359104901,[PMAX - NARBONA - CS],PERFORMANCE_MAX,2026-01-27,7691,6228,1.234906872190109,29.329968,18,90.0
GERAL,GERAL,23359104901,[PMAX - NARBONA - CS],PERFORMANCE_MAX,2026-01-28,8159,6619,1.2326635443420457,29.366503,18,91.0
GERAL,GERAL,23359104901,[PMAX - NARBONA - CS],PERFORMANCE_MAX,2026-01-29,7703,6249,1.232677228356537,29.313964,25,90.0
GERAL,GERAL,23359104901,[PMAX - NARBONA - CS],PERFORMANCE_MAX,2026-01-30,7063,5756,1.2270674079221682,29.378198,19,95.0
GERAL,GERAL,23359104901,[PMAX - NARBONA - CS],PERFORMANCE_MAX,2026-01-31,4709,3911,1.204039887496804,27.777275,13,87.0
GERAL,GERAL,23359104901,[PMAX - NARBONA - CS],PERFORMANCE_MAX,2026-02-01,6131,5066,1.210225029609159,29.427594,52,142.0
GERAL,GERAL,23359104901,[PMAX - NARBONA - CS],PERFORMANCE_MAX,2026-02-02,5066,4336,1.1683579335793357,15.080053,27,73.0
GERAL,GERAL,23359104901,[PMAX - NARBONA - CS],PERFORMANCE_MAX,2026-02-03,2901,2435,1.1913757700205339,28.570404,34,69.0
GERAL,GERAL,23359104901,[PMAX - NARBONA - CS],PERFORMANCE_MAX,2026-02-04,2522,2138,1.1796071094480822,27.076073,30,63.0
GERAL,GERAL,23359104901,[PMAX - NARBONA - CS],PERFORMANCE_MAX,2026-02-05,361,308,1.172077922077922,6.030437,10,21.0
GERAL,GERAL,23359104901,[PMAX - NARBONA - CS],PERFORMANCE_MAX,2026-02-07,1113,1042,1.0681381957773513,32.932039,41,35.0
GERAL,GERAL,23359104901,[PMAX - NARBONA - CS],PERFORMANCE_MAX,2026-02-08,658,553,1.1898734177215189,18.679455,39,30.0
GERAL,GERAL,23359104901,[PMAX - NARBONA - CS],PERFORMANCE_MAX,2026-02-09,2145,1843,1.1638632664134563,33.331553,29,61.0
GERAL,GERAL,23359104901,[PMAX - NARBONA - CS],PERFORMANCE_MAX,2026-02-10,10166,8128,1.250738188976378,33.334973,46,242.0
GERAL,GERAL,23359104901,[PMAX - NARBONA - CS],PERFORMANCE_MAX,2026-02-11,11922,9452,1.2613203554803216,30.926366,75,250.0
GERAL,GERAL,23359104901,[PMAX - NARBONA - CS],PERFORMANCE_MAX,2026-02-12,12457,9843,1.2655694402113178,30.953267,60,285.0
GERAL,GERAL,23359104901,[PMAX - NARBONA - CS],PERFORMANCE_MAX,2026-02-13,11309,9051,1.249475196110927,33.684432,71,279.0
GERAL,GERAL,23359104901,[PMAX - NARBONA - CS],PERFORMANCE_MAX,2026-02-14,11352,9440,1.202542372881356,33.588438,86,377.0
GERAL,GERAL,23359104901,[PMAX - NARBONA - CS],PERFORMANCE_MAX,2026-02-15,9360,7446,1.257050765511684,27.761537,104,279.0
GERAL,GERAL,23359104901,[PMAX - NARBONA - CS],PERFORMANCE_MAX,2026-02-16,12029,9613,1.2513263289295746,30.074808,91,361.0
GERAL,GERAL,23359104901,[PMAX - NARBONA - CS],PERFORMANCE_MAX,2026-02-17,8897,7212,1.2336383804769828,21.161408,70,183.0
GERAL,GERAL,23359104901,[PMAX - NARBONA - CS],PERFORMANCE_MAX,2026-02-18,10001,7937,1.2600478770316241,35.541738,40,181.0
GERAL,GERAL,23359104901,[PMAX - NARBONA - CS],PERFORMANCE_MAX,2026-02-19,15522,11860,1.308768971332209,35.535855,27,195.0
GERAL,GERAL,23359104901,[PMAX - NARBONA - CS],PERFORMANCE_MAX,2026-02-20,15857,12475,1.2711022044088176,35.516724,63,281.0
GERAL,GERAL,23359104901,[PMAX - NARBONA - CS],PERFORMANCE_MAX,2026-02-21,12883,10488,1.2283562166285278,35.542949,54,331.0
GERAL,GERAL,23359104901,[PMAX - NARBONA - CS],PERFORMANCE_MAX,2026-02-22,11893,9274,1.2824024153547553,32.691984,94,294.0
GERAL,GERAL,23359104901,[PMAX - NARBONA - CS],PERFORMANCE_MAX,2026-02-23,17750,13607,1.3044756375395017,35.750002,61,280.0
GERAL,GERAL,23359104901,[PMAX - NARBONA - CS],PERFORMANCE_MAX,2026-02-24,18898,14352,1.3167502787068004,35.423979,134,355.0
GERAL,GERAL,23359104901,[PMAX - NARBONA - CS],PERFORMANCE_MAX,2026-02-25,5809,5066,1.1466640347414134,8.152057,37,100.0
GERAL,GERAL,23374069830,[ALC - NATAL 25 - NK] #TV,VIDEO,2025-12-19,2617,3516,1.015358361774744,7.471196,0,0.0
GERAL,GERAL,23374069830,[ALC - NATAL 25 - NK] #TV,VIDEO,2025-12-20,2416,3146,1.0104895104895104,7.465478,0,27.0
GERAL,GERAL,23374069830,[ALC - NATAL 25 - NK] #TV,VIDEO,2025-12-21,2534,3305,1.0136157337367624,7.482734,0,9.0
GERAL,GERAL,23374069830,[ALC - NATAL 25 - NK] #TV,VIDEO,2025-12-22,3316,4287,1.0356892932120363,7.470052,0,9.0
GERAL,GERAL,23374069830,[ALC - NATAL 25 - NK] #TV,VIDEO,2025-12-23,2127,2774,1.0082912761355443,7.460164,3,7.0
GERAL,GERAL,23374069830,[ALC - NATAL 25 - NK] #TV,VIDEO,2025-12-24,2373,3091,1.008735037204788,7.466866,1,12.0
GERAL,GERAL,23374069830,[ALC - NATAL 25 - NK] #TV,VIDEO,2025-12-25,2547,3300,1.0093939393939393,7.46942,1,7.0
GERAL,GERAL,23374069830,[ALC - NATAL 25 - NK] #TV,VIDEO,2025-12-26,3453,4590,1.0139433551198258,7.469079,3,11.0
GERAL,GERAL,23374069830,[ALC - NATAL 25 - NK] #TV,VIDEO,2025-12-27,4716,6188,1.036037491919845,7.465535,0,8.0
GERAL,GERAL,23374069830,[ALC - NATAL 25 - NK] #TV,VIDEO,2025-12-28,3222,4256,1.0150375939849625,7.470649,0,6.0
GERAL,GERAL,23374069830,[ALC - NATAL 25 - NK] #TV,VIDEO,2025-12-29,3038,4045,1.0126081582200248,7.469982,1,12.0
GERAL,GERAL,23374069830,[ALC - NATAL 25 - NK] #TV,VIDEO,2025-12-30,3335,4386,1.0191518467852256,7.476469,0,9.0
GERAL,GERAL,23374069830,[ALC - NATAL 25 - NK] #TV,VIDEO,2025-12-31,3251,4345,1.0140391254315304,7.470993,2,6.0
GERAL,GERAL,23374069830,[ALC - NATAL 25 - NK] #TV,VIDEO,2026-01-01,2902,3886,1.0095213587236234,6.394553,0,11.0
GERAL,GERAL,23374069830,[ALC - NATAL 25 - NK] #TV,VIDEO,2026-01-06,2329,3003,1.0156510156510157,8.094728,0,2.0
GERAL,GERAL,23374069830,[ALC - NATAL 25 - NK] #TV,VIDEO,2026-01-07,2750,3451,1.0388293248333815,8.102724,1,12.0
GERAL,GERAL,23374069830,[ALC - NATAL 25 - NK] #TV,VIDEO,2026-01-08,4432,5808,1.024793388429752,8.110285,2,5.0
GERAL,GERAL,23374069830,[ALC - NATAL 25 - NK] #TV,VIDEO,2026-01-09,4674,6342,1.0113528855250709,8.102915,0,12.0
GERAL,GERAL,23374069830,[ALC - NATAL 25 - NK] #TV,VIDEO,2026-01-10,4639,6081,1.032067094227923,8.097424,3,10.0
GERAL,GERAL,23374069830,[ALC - NATAL 25 - NK] #TV,VIDEO,2026-01-11,4163,5599,1.0192891587783532,8.090006,0,14.0
GERAL,GERAL,23374069830,[ALC - NATAL 25 - NK] #TV,VIDEO,2026-01-12,1253,1762,1.0017026106696936,2.254453,2,2.0
GERAL,GERAL,23374075092,[ALC - NATAL 25 - NS] #TV,VIDEO,2025-12-19,2316,2142,1.2525676937441643,7.445206,6,19.0
GERAL,GERAL,23374075092,[ALC - NATAL 25 - NS] #TV,VIDEO,2025-12-20,3405,2549,1.4484111416241663,7.464843,3,11.0
GERAL,GERAL,23374075092,[ALC - NATAL 25 - NS] #TV,VIDEO,2025-12-21,4182,2767,1.5796891940730033,7.464988,4,2.0
GERAL,GERAL,23374075092,[ALC - NATAL 25 - NS] #TV,VIDEO,2025-12-22,3164,3034,1.1694133157547792,7.46622,3,14.0
GERAL,GERAL,23374075092,[ALC - NATAL 25 - NS] #TV,VIDEO,2025-12-23,3687,3118,1.3017960230917254,7.486905,0,7.0
GERAL,GERAL,23374075092,[ALC - NATAL 25 - NS] #TV,VIDEO,2025-12-24,3710,3393,1.219569702328323,7.485547,2,6.0
GERAL,GERAL,23374075092,[ALC - NATAL 25 - NS] #TV,VIDEO,2025-12-25,4814,4545,1.2369636963696369,7.47159,7,8.0
GERAL,GERAL,23374075092,[ALC - NATAL 25 - NS] #TV,VIDEO,2025-12-26,3497,3312,1.2173913043478262,7.464806,4,5.0
GERAL,GERAL,23374075092,[ALC - NATAL 25 - NS] #TV,VIDEO,2025-12-27,3681,3721,1.1730717549045955,7.478889,2,3.0
GERAL,GERAL,23374075092,[ALC - NATAL 25 - NS] #TV,VIDEO,2025-12-28,4171,4162,1.195819317635752,7.480402,4,11.0
GERAL,GERAL,23374075092,[ALC - NATAL 25 - NS] #TV,VIDEO,2025-12-29,4106,4082,1.1727094561489466,7.480777,1,5.0
GERAL,GERAL,23374075092,[ALC - NATAL 25 - NS] #TV,VIDEO,2025-12-30,3858,4378,1.0959342165372317,7.483214,6,8.0
GERAL,GERAL,23374075092,[ALC - NATAL 25 - NS] #TV,VIDEO,2025-12-31,3290,3838,1.0721730067743616,7.478399,4,8.0
GERAL,GERAL,23374075092,[ALC - NATAL 25 - NS] #TV,VIDEO,2026-01-01,3324,3710,1.106199460916442,6.525858,5,6.0
GERAL,GERAL,23374075092,[ALC - NATAL 25 - NS] #TV,VIDEO,2026-01-06,2810,2590,1.21003861003861,8.155375,10,5.0
GERAL,GERAL,23374075092,[ALC - NATAL 25 - NS] #TV,VIDEO,2026-01-07,2539,2010,1.3527363184079602,8.114147,9,0.0
GERAL,GERAL,23374075092,[ALC - NATAL 25 - NS] #TV,VIDEO,2026-01-08,2080,1610,1.4024844720496894,8.120542,12,0.0
GERAL,GERAL,23374075092,[ALC - NATAL 25 - NS] #TV,VIDEO,2026-01-09,2990,3380,1.0775147928994082,8.108964,9,11.0
GERAL,GERAL,23374075092,[ALC - NATAL 25 - NS] #TV,VIDEO,2026-01-10,5060,5097,1.1436138905238376,8.100811,4,10.0
GERAL,GERAL,23374075092,[ALC - NATAL 25 - NS] #TV,VIDEO,2026-01-11,5974,5891,1.1868952639619759,8.112933,10,8.0
GERAL,GERAL,23374075092,[ALC - NATAL 25 - NS] #TV,VIDEO,2026-01-12,1783,1783,1.1991026360067303,2.579149,1,2.0
GERAL,GERAL,23378900783,[ALC - NATAL 25 - NR] #TV,VIDEO,2025-12-19,2639,3516,1.018202502844141,7.4626,0,2.0
GERAL,GERAL,23378900783,[ALC - NATAL 25 - NR] #TV,VIDEO,2025-12-20,3104,4175,1.0210778443113773,7.468717,0,3.0
GERAL,GERAL,23378900783,[ALC - NATAL 25 - NR] #TV,VIDEO,2025-12-21,2569,3340,1.02125748502994,7.469604,0,4.0
GERAL,GERAL,23378900783,[ALC - NATAL 25 - NR] #TV,VIDEO,2025-12-22,2581,3393,1.021514883583849,7.464745,0,7.0
GERAL,GERAL,23378900783,[ALC - NATAL 25 - NR] #TV,VIDEO,2025-12-23,2316,3021,1.0175438596491229,7.460252,0,4.0
GERAL,GERAL,23378900783,[ALC - NATAL 25 - NR] #TV,VIDEO,2025-12-24,2443,3141,1.037886023559376,7.514448,0,4.0
GERAL,GERAL,23378900783,[ALC - NATAL 25 - NR] #TV,VIDEO,2025-12-25,1889,2455,1.014663951120163,7.453402,4,16.0
GERAL,GERAL,23378900783,[ALC - NATAL 25 - NR] #TV,VIDEO,2025-12-26,2066,2693,1.0077979948013367,7.464537,0,15.0
GERAL,GERAL,23378900783,[ALC - NATAL 25 - NR] #TV,VIDEO,2025-12-27,2906,3805,1.0157687253613665,7.475661,0,18.0
GERAL,GERAL,23378900783,[ALC - NATAL 25 - NR] #TV,VIDEO,2025-12-28,4214,5546,1.0412910205553552,7.478373,0,20.0
GERAL,GERAL,23378900783,[ALC - NATAL 25 - NR] #TV,VIDEO,2025-12-29,3267,4320,1.0280092592592593,7.469764,0,15.0
GERAL,GERAL,23378900783,[ALC - NATAL 25 - NR] #TV,VIDEO,2025-12-30,3155,4137,1.0149867053420354,7.468544,1,9.0
GERAL,GERAL,23378900783,[ALC - NATAL 25 - NR] #TV,VIDEO,2025-12-31,3320,4403,1.0147626618214853,7.469016,0,16.0
GERAL,GERAL,23378900783,[ALC - NATAL 25 - NR] #TV,VIDEO,2026-01-01,2936,3921,1.0122417750573833,6.469644,1,19.0
GERAL,GERAL,23378900783,[ALC - NATAL 25 - NR] #TV,VIDEO,2026-01-06,2281,3016,1.018236074270557,8.104966,0,3.0
GERAL,GERAL,23378900783,[ALC - NATAL 25 - NR] #TV,VIDEO,2026-01-07,2889,3620,1.0486187845303867,8.108491,3,7.0
GERAL,GERAL,23378900783,[ALC - NATAL 25 - NR] #TV,VIDEO,2026-01-08,3664,5015,1.0209371884346958,8.102543,2,12.0
GERAL,GERAL,23378900783,[ALC - NATAL 25 - NR] #TV,VIDEO,2026-01-09,3185,4225,1.0089940828402366,8.117977,0,8.0
GERAL,GERAL,23378900783,[ALC - NATAL 25 - NR] #TV,VIDEO,2026-01-10,4629,6196,1.0235635894125241,8.100609,1,6.0
GERAL,GERAL,23378900783,[ALC - NATAL 25 - NR] #TV,VIDEO,2026-01-11,4675,6245,1.0251401120896717,8.10593,0,12.0
GERAL,GERAL,23378900783,[ALC - NATAL 25 - NR] #TV,VIDEO,2026-01-12,1409,1922,1.0067637877211237,2.4944,0,3.0
GERAL,GERAL,23378921756,[ALC - NATAL 25 - BS] #TV,VIDEO,2025-12-19,2267,2745,1.0604735883424408,7.458121,0,2.0
GERAL,GERAL,23378921756,[ALC - NATAL 25 - BS] #TV,VIDEO,2025-12-20,2646,3378,1.0219064535227946,7.461789,0,8.0
GERAL,GERAL,23378921756,[ALC - NATAL 25 - BS] #TV,VIDEO,2025-12-21,2269,2875,1.015304347826087,7.473441,0,9.0
GERAL,GERAL,23378921756,[ALC - NATAL 25 - BS] #TV,VIDEO,2025-12-22,1631,1956,1.0219836400817996,7.462565,1,14.0
GERAL,GERAL,23378921756,[ALC - NATAL 25 - BS] #TV,VIDEO,2025-12-23,2369,2908,1.0106602475928472,7.469299,1,10.0
GERAL,GERAL,23378921756,[ALC - NATAL 25 - BS] #TV,VIDEO,2025-12-24,4105,4926,1.0483150629313844,7.466442,0,8.0
GERAL,GERAL,23378921756,[ALC - NATAL 25 - BS] #TV,VIDEO,2025-12-25,2651,3349,1.0220961481039117,7.443165,0,10.0
GERAL,GERAL,23378921756,[ALC - NATAL 25 - BS] #TV,VIDEO,2025-12-26,2814,3507,1.0202452238380382,7.465031,0,23.0
GERAL,GERAL,23378921756,[ALC - NATAL 25 - BS] #TV,VIDEO,2025-12-27,2704,3440,1.0229651162790698,7.469676,0,13.0
GERAL,GERAL,23378921756,[ALC - NATAL 25 - BS] #TV,VIDEO,2025-12-28,3029,3810,1.0259842519685038,7.469175,1,16.0
GERAL,GERAL,23378921756,[ALC - NATAL 25 - BS] #TV,VIDEO,2025-12-29,3011,3835,1.0166883963494133,7.465507,4,11.0
GERAL,GERAL,23378921756,[ALC - NATAL 25 - BS] #TV,VIDEO,2025-12-30,3175,3963,1.0234670704012112,7.470053,2,13.0
GERAL,GERAL,23378921756,[ALC - NATAL 25 - BS] #TV,VIDEO,2025-12-31,3138,4043,1.0079149146673263,7.470682,0,9.0
GERAL,GERAL,23378921756,[ALC - NATAL 25 - BS] #TV,VIDEO,2026-01-01,2866,3762,1.0116959064327486,6.293705,3,8.0
GERAL,GERAL,23378921756,[ALC - NATAL 25 - BS] #TV,VIDEO,2026-01-06,2748,3284,1.031973203410475,8.094935,1,2.0
GERAL,GERAL,23378921756,[ALC - NATAL 25 - BS] #TV,VIDEO,2026-01-07,3290,3819,1.0636292223095052,8.0988,0,4.0
GERAL,GERAL,23378921756,[ALC - NATAL 25 - BS] #TV,VIDEO,2026-01-08,2820,3517,1.0071083309638897,8.107634,2,9.0
GERAL,GERAL,23378921756,[ALC - NATAL 25 - BS] #TV,VIDEO,2026-01-09,3406,4300,1.0120930232558139,8.108026,2,15.0
GERAL,GERAL,23378921756,[ALC - NATAL 25 - BS] #TV,VIDEO,2026-01-10,4040,5167,1.0164505515773177,8.113395,4,10.0
GERAL,GERAL,23378921756,[ALC - NATAL 25 - BS] #TV,VIDEO,2026-01-11,4289,5452,1.023294203961849,8.112717,4,7.0
GERAL,GERAL,23378921756,[ALC - NATAL 25 - BS] #TV,VIDEO,2026-01-12,1194,1545,1.0045307443365696,2.507643,0,1.0
GERAL,GERAL,23383165195,[ALC - NATAL 25 - GS] #TV,VIDEO,2025-12-19,2441,3186,1.0433145009416196,7.470854,0,0.0
GERAL,GERAL,23383165195,[ALC - NATAL 25 - GS] #TV,VIDEO,2025-12-20,3186,4199,1.0407239819004526,7.464004,0,3.0
GERAL,GERAL,23383165195,[ALC - NATAL 25 - GS] #TV,VIDEO,2025-12-21,3048,3985,1.0373902132998745,7.472484,0,6.0
GERAL,GERAL,23383165195,[ALC - NATAL 25 - GS] #TV,VIDEO,2025-12-22,2244,2887,1.034984412885348,7.461354,0,4.0
GERAL,GERAL,23383165195,[ALC - NATAL 25 - GS] #TV,VIDEO,2025-12-23,1992,2561,1.018352206169465,7.45955,2,6.0
GERAL,GERAL,23383165195,[ALC - NATAL 25 - GS] #TV,VIDEO,2025-12-24,2294,2994,1.0167000668002673,7.468603,0,11.0
GERAL,GERAL,23383165195,[ALC - NATAL 25 - GS] #TV,VIDEO,2025-12-25,3813,4687,1.0567527202901643,7.467568,1,4.0
GERAL,GERAL,23383165195,[ALC - NATAL 25 - GS] #TV,VIDEO,2025-12-26,3519,4376,1.0605575868372943,7.474709,2,13.0
GERAL,GERAL,23383165195,[ALC - NATAL 25 - GS] #TV,VIDEO,2025-12-27,3135,3990,1.0355889724310776,7.467753,0,10.0
GERAL,GERAL,23383165195,[ALC - NATAL 25 - GS] #TV,VIDEO,2025-12-28,3130,4003,1.0407194604046965,7.468474,1,12.0
GERAL,GERAL,23383165195,[ALC - NATAL 25 - GS] #TV,VIDEO,2025-12-29,2956,3851,1.0342768112178655,7.472334,2,7.0
GERAL,GERAL,23383165195,[ALC - NATAL 25 - GS] #TV,VIDEO,2025-12-30,3286,4233,1.030474840538625,7.473332,0,9.0
GERAL,GERAL,23383165195,[ALC - NATAL 25 - GS] #TV,VIDEO,2025-12-31,3193,4138,1.0314161430642823,7.467886,2,5.0
GERAL,GERAL,23383165195,[ALC - NATAL 25 - GS] #TV,VIDEO,2026-01-01,2907,3846,1.0192407696307852,6.240452,2,10.0
GERAL,GERAL,23383165195,[ALC - NATAL 25 - GS] #TV,VIDEO,2026-01-06,2195,2814,1.0177683013503909,8.107009,0,5.0
GERAL,GERAL,23383165195,[ALC - NATAL 25 - GS] #TV,VIDEO,2026-01-07,1913,2454,1.0167074164629177,8.088763,1,1.0
GERAL,GERAL,23383165195,[ALC - NATAL 25 - GS] #TV,VIDEO,2026-01-08,3034,3951,1.0217666413566187,8.106873,0,3.0
GERAL,GERAL,23383165195,[ALC - NATAL 25 - GS] #TV,VIDEO,2026-01-09,5056,6568,1.030602923264312,8.136266,1,10.0
GERAL,GERAL,23383165195,[ALC - NATAL 25 - GS] #TV,VIDEO,2026-01-10,5169,6816,1.0462147887323943,8.105545,0,9.0
GERAL,GERAL,23383165195,[ALC - NATAL 25 - GS] #TV,VIDEO,2026-01-11,4811,6378,1.0407651301348384,8.106302,1,2.0
GERAL,GERAL,23383165195,[ALC - NATAL 25 - GS] #TV,VIDEO,2026-01-12,1415,1951,1.0128139415684265,2.564553,1,0.0
GERAL,GERAL,23383173829,[ALC - NATAL 25 - CS] #TV,VIDEO,2025-12-19,1821,2284,1.0380910683012259,7.465528,1,4.0
GERAL,GERAL,23383173829,[ALC - NATAL 25 - CS] #TV,VIDEO,2025-12-20,2976,3263,1.174072939013178,7.478811,0,7.0
GERAL,GERAL,23383173829,[ALC - NATAL 25 - CS] #TV,VIDEO,2025-12-21,2136,2609,1.068991950939057,7.46845,0,8.0
GERAL,GERAL,23383173829,[ALC - NATAL 25 - CS] #TV,VIDEO,2025-12-22,2104,2649,1.02718006795017,7.458347,0,11.0
GERAL,GERAL,23383173829,[ALC - NATAL 25 - CS] #TV,VIDEO,2025-12-23,2444,3147,1.017476962186209,7.463717,4,8.0
GERAL,GERAL,23383173829,[ALC - NATAL 25 - CS] #TV,VIDEO,2025-12-24,2488,3160,1.0199367088607596,7.469037,0,6.0
GERAL,GERAL,23383173829,[ALC - NATAL 25 - CS] #TV,VIDEO,2025-12-25,2954,3748,1.0280149413020276,7.445152,1,6.0
GERAL,GERAL,23383173829,[ALC - NATAL 25 - CS] #TV,VIDEO,2025-12-26,3055,3841,1.0400937255922937,7.463417,0,13.0
GERAL,GERAL,23383173829,[ALC - NATAL 25 - CS] #TV,VIDEO,2025-12-27,3261,4120,1.037378640776699,7.4729,1,16.0
GERAL,GERAL,23383173829,[ALC - NATAL 25 - CS] #TV,VIDEO,2025-12-28,3155,4041,1.0413264043553576,7.470737,2,11.0
GERAL,GERAL,23383173829,[ALC - NATAL 25 - CS] #TV,VIDEO,2025-12-29,3077,3952,1.0313765182186234,7.465968,1,10.0
GERAL,GERAL,23383173829,[ALC - NATAL 25 - CS] #TV,VIDEO,2025-12-30,3140,4106,1.0172917681441793,7.468493,0,16.0
GERAL,GERAL,23383173829,[ALC - NATAL 25 - CS] #TV,VIDEO,2025-12-31,3203,4140,1.0183574879227053,7.473476,3,8.0
GERAL,GERAL,23383173829,[ALC - NATAL 25 - CS] #TV,VIDEO,2026-01-01,2833,3764,1.0127523910733263,6.381439,4,7.0
GERAL,GERAL,23383173829,[ALC - NATAL 25 - CS] #TV,VIDEO,2026-01-06,2065,2533,1.0315831030398737,8.065699,1,3.0
GERAL,GERAL,23383173829,[ALC - NATAL 25 - CS] #TV,VIDEO,2026-01-07,2148,2629,1.0323316850513504,8.083129,0,5.0
GERAL,GERAL,23383173829,[ALC - NATAL 25 - CS] #TV,VIDEO,2026-01-08,2913,3705,1.0137651821862348,8.094974,2,8.0
GERAL,GERAL,23383173829,[ALC - NATAL 25 - CS] #TV,VIDEO,2026-01-09,3540,4531,1.0187596557051424,8.096927,2,8.0
GERAL,GERAL,23383173829,[ALC - NATAL 25 - CS] #TV,VIDEO,2026-01-10,4020,5176,1.0324574961360125,8.10449,4,9.0
GERAL,GERAL,23383173829,[ALC - NATAL 25 - CS] #TV,VIDEO,2026-01-11,4192,5375,1.0411162790697674,8.104778,1,10.0
GERAL,GERAL,23383173829,[ALC - NATAL 25 - CS] #TV,VIDEO,2026-01-12,1140,1518,1.0085638998682478,2.351255,1,4.0
GERAL,GERAL,23436243822,[GEN - LIQUIDA - CS],DEMAND_GEN,2026-01-08,19101,14020,1.3624108416547789,56.186125,620,10.0
GERAL,GERAL,23436243822,[GEN - LIQUIDA - CS],DEMAND_GEN,2026-01-09,47014,31745,1.4809891321467947,112.993411,1807,50.0
GERAL,GERAL,23436243822,[GEN - LIQUIDA - CS],DEMAND_GEN,2026-01-10,52909,35198,1.503238820387522,113.059548,2105,54.0
GERAL,GERAL,23436243822,[GEN - LIQUIDA - CS],DEMAND_GEN,2026-01-11,69188,42956,1.6109274606574169,112.873199,2104,56.0
GERAL,GERAL,23436243822,[GEN - LIQUIDA - CS],DEMAND_GEN,2026-01-12,44640,31259,1.4280687162097316,86.192145,1563,32.0
GERAL,GERAL,23436243822,[GEN - LIQUIDA - CS],DEMAND_GEN,2026-01-13,43064,29478,1.4608860845376213,86.284672,1612,40.0
GERAL,GERAL,23436243822,[GEN - LIQUIDA - CS],DEMAND_GEN,2026-01-14,42619,28152,1.5138888888888888,86.223223,1639,39.0
GERAL,GERAL,23436243822,[GEN - LIQUIDA - CS],DEMAND_GEN,2026-01-15,45698,29947,1.5259625338097305,86.466823,1533,35.0
GERAL,GERAL,23436243822,[GEN - LIQUIDA - CS],DEMAND_GEN,2026-01-16,34840,23055,1.5111689438299718,86.618219,992,72.0
GERAL,GERAL,23436243822,[GEN - LIQUIDA - CS],DEMAND_GEN,2026-01-17,37831,22769,1.6615134612850806,86.6033,1094,72.0
GERAL,GERAL,23436243822,[GEN - LIQUIDA - CS],DEMAND_GEN,2026-01-18,4457,3704,1.2032937365010798,95.144952,167,40.0
GERAL,GERAL,23436837537,[GEN - LIQUIDA -  GS],DEMAND_GEN,2026-01-08,10728,7274,1.4748419026670332,43.729111,316,11.0
GERAL,GERAL,23436837537,[GEN - LIQUIDA -  GS],DEMAND_GEN,2026-01-09,45272,28887,1.5672101637414755,114.21408,1605,53.0
GERAL,GERAL,23436837537,[GEN - LIQUIDA -  GS],DEMAND_GEN,2026-01-10,57904,35156,1.6471157128228466,114.266365,1912,58.0
GERAL,GERAL,23436837537,[GEN - LIQUIDA -  GS],DEMAND_GEN,2026-01-11,64900,38414,1.6895142396001457,113.988059,1958,79.0
GERAL,GERAL,23436837537,[GEN - LIQUIDA -  GS],DEMAND_GEN,2026-01-12,43310,28306,1.5300642973221226,87.503232,1467,40.0
GERAL,GERAL,23436837537,[GEN - LIQUIDA -  GS],DEMAND_GEN,2026-01-13,44229,28098,1.5740978005551998,87.538373,1577,46.0
GERAL,GERAL,23436837537,[GEN - LIQUIDA -  GS],DEMAND_GEN,2026-01-14,45815,29290,1.5641857289177195,87.487984,1509,46.0
GERAL,GERAL,23436837537,[GEN - LIQUIDA -  GS],DEMAND_GEN,2026-01-15,47630,30422,1.5656432844651897,87.733635,1388,40.0
GERAL,GERAL,23436837537,[GEN - LIQUIDA -  GS],DEMAND_GEN,2026-01-16,33229,21584,1.5395200148257968,87.892181,878,76.0
GERAL,GERAL,23436837537,[GEN - LIQUIDA -  GS],DEMAND_GEN,2026-01-17,37204,21772,1.7088002939555391,87.900179,926,66.0
GERAL,GERAL,23436837537,[GEN - LIQUIDA -  GS],DEMAND_GEN,2026-01-18,6482,5237,1.2377315256826427,109.062077,220,58.0
GERAL,GERAL,23441940872,[GEN - LIQUIDA -  NS],DEMAND_GEN,2026-01-08,9714,5528,1.7572358900144718,43.711182,300,12.0
GERAL,GERAL,23441940872,[GEN - LIQUIDA -  NS],DEMAND_GEN,2026-01-09,34567,19751,1.7501392334565338,114.233157,1359,81.0
GERAL,GERAL,23441940872,[GEN - LIQUIDA -  NS],DEMAND_GEN,2026-01-10,49417,26101,1.8933374200222213,114.256858,1857,88.0
GERAL,GERAL,23441940872,[GEN - LIQUIDA -  NS],DEMAND_GEN,2026-01-11,52790,26213,2.014458474802579,113.996445,1909,124.0
GERAL,GERAL,23441940872,[GEN - LIQUIDA -  NS],DEMAND_GEN,2026-01-12,37773,21250,1.7776,87.428058,1485,66.0
GERAL,GERAL,23441940872,[GEN - LIQUIDA -  NS],DEMAND_GEN,2026-01-13,40027,22444,1.783416503297095,87.500008,1531,77.0
GERAL,GERAL,23441940872,[GEN - LIQUIDA -  NS],DEMAND_GEN,2026-01-14,40175,22989,1.7475749271390666,87.483956,1461,60.0
GERAL,GERAL,23441940872,[GEN - LIQUIDA -  NS],DEMAND_GEN,2026-01-15,41878,23793,1.7600975076703231,87.741136,1494,67.0
GERAL,GERAL,23441940872,[GEN - LIQUIDA -  NS],DEMAND_GEN,2026-01-16,29284,18581,1.5760185135353317,89.038351,860,78.0
GERAL,GERAL,23441940872,[GEN - LIQUIDA -  NS],DEMAND_GEN,2026-01-17,36735,20254,1.8137158092228696,87.397103,1013,122.0
GERAL,GERAL,23441940872,[GEN - LIQUIDA -  NS],DEMAND_GEN,2026-01-18,3978,3229,1.231960359244348,59.85511,100,75.0
GERAL,GERAL,23442042704,[GEN - LIQUIDA -  NK],DEMAND_GEN,2026-01-08,9155,5826,1.5714040508067284,40.110238,347,23.0
GERAL,GERAL,23442042704,[GEN - LIQUIDA -  NK],DEMAND_GEN,2026-01-09,32719,21680,1.5091789667896678,114.608022,1521,152.0
GERAL,GERAL,23442042704,[GEN - LIQUIDA -  NK],DEMAND_GEN,2026-01-10,37789,23260,1.6248925193465176,114.607075,1658,135.0
GERAL,GERAL,23442042704,[GEN - LIQUIDA -  NK],DEMAND_GEN,2026-01-11,44560,26651,1.6725826423023527,114.288326,1734,170.0
GERAL,GERAL,23442042704,[GEN - LIQUIDA -  NK],DEMAND_GEN,2026-01-12,36385,22772,1.5979272791147023,87.940731,1303,96.0
GERAL,GERAL,23442042704,[GEN - LIQUIDA -  NK],DEMAND_GEN,2026-01-13,36977,23535,1.571149352028893,87.985116,1389,129.0
GERAL,GERAL,23442042704,[GEN - LIQUIDA -  NK],DEMAND_GEN,2026-01-14,37486,24000,1.5619166666666666,87.75728,1428,122.0
GERAL,GERAL,23442042704,[GEN - LIQUIDA -  NK],DEMAND_GEN,2026-01-15,38385,24624,1.558845029239766,87.977617,1310,105.0
GERAL,GERAL,23442042704,[GEN - LIQUIDA -  NK],DEMAND_GEN,2026-01-16,25386,18337,1.384414026285652,88.988981,851,121.0
GERAL,GERAL,23442042704,[GEN - LIQUIDA -  NK],DEMAND_GEN,2026-01-17,30751,20078,1.531576850283893,87.938617,969,222.0
GERAL,GERAL,23442042704,[GEN - LIQUIDA -  NK],DEMAND_GEN,2026-01-18,3911,3306,1.1830006049606776,98.563247,115,111.0
GERAL,GERAL,23444517299,[PMAX - SMART ZOO - NS],PERFORMANCE_MAX,2026-01-09,8204,7422,1.1053624360010779,23.053793,2,132.0
GERAL,GERAL,23444517299,[PMAX - SMART ZOO - NS],PERFORMANCE_MAX,2026-01-10,53228,30499,1.7452375487720908,232.970753,59,1000.0
GERAL,GERAL,23444517299,[PMAX - SMART ZOO - NS],PERFORMANCE_MAX,2026-01-11,53305,29935,1.7806914982462,147.537993,54,1022.0
GERAL,GERAL,23444517299,[PMAX - SMART ZOO - NS],PERFORMANCE_MAX,2026-01-12,58307,30130,1.9351808828410222,139.657983,25,1015.0
GERAL,GERAL,23444517299,[PMAX - SMART ZOO - NS],PERFORMANCE_MAX,2026-01-13,32816,19351,1.6958296728851223,59.962223,3,686.0
GERAL,GERAL,23444517299,[PMAX - SMART ZOO - NS],PERFORMANCE_MAX,2026-01-14,34419,19051,1.8066768148653614,62.491727,4,565.0
GERAL,GERAL,23444517299,[PMAX - SMART ZOO - NS],PERFORMANCE_MAX,2026-01-15,33182,19234,1.7251741707393158,62.525535,4,667.0
GERAL,GERAL,23444517299,[PMAX - SMART ZOO - NS],PERFORMANCE_MAX,2026-01-16,33690,20283,1.660996893950599,62.920249,1,699.0
GERAL,GERAL,23444517299,[PMAX - SMART ZOO - NS],PERFORMANCE_MAX,2026-01-17,33306,19815,1.6808478425435276,61.949415,3,545.0
GERAL,GERAL,23444517299,[PMAX - SMART ZOO - NS],PERFORMANCE_MAX,2026-01-18,33259,20196,1.6468112497524263,61.885388,4,499.0
GERAL,GERAL,23444517299,[PMAX - SMART ZOO - NS],PERFORMANCE_MAX,2026-01-19,36281,22645,1.6021638330757342,69.764053,46,705.0
GERAL,GERAL,23444517299,[PMAX - SMART ZOO - NS],PERFORMANCE_MAX,2026-01-20,36031,20592,1.7497571872571873,65.452932,23,760.0
GERAL,GERAL,23444517299,[PMAX - SMART ZOO - NS],PERFORMANCE_MAX,2026-01-21,33541,20824,1.6106895889358432,59.958849,16,814.0
GERAL,GERAL,23444517299,[PMAX - SMART ZOO - NS],PERFORMANCE_MAX,2026-01-22,31976,20608,1.5516304347826086,57.316701,7,620.0
GERAL,GERAL,23444517299,[PMAX - SMART ZOO - NS],PERFORMANCE_MAX,2026-01-23,31213,20035,1.557923633641128,56.97085,6,676.0
GERAL,GERAL,23444517299,[PMAX - SMART ZOO - NS],PERFORMANCE_MAX,2026-01-24,31724,20069,1.5807464248343215,57.914083,8,541.0
GERAL,GERAL,23444517299,[PMAX - SMART ZOO - NS],PERFORMANCE_MAX,2026-01-25,27144,18142,1.4961966707088523,49.769623,7,399.0
GERAL,GERAL,23444517299,[PMAX - SMART ZOO - NS],PERFORMANCE_MAX,2026-01-26,37749,22566,1.6728263759638393,71.385951,16,621.0
GERAL,GERAL,23444517299,[PMAX - SMART ZOO - NS],PERFORMANCE_MAX,2026-01-27,20129,13303,1.513117341952943,34.549202,1,342.0
GERAL,GERAL,23444517299,[PMAX - SMART ZOO - NS],PERFORMANCE_MAX,2026-02-07,451,422,1.0687203791469195,120.0,6,12.0
GERAL,GERAL,23444517299,[PMAX - SMART ZOO - NS],PERFORMANCE_MAX,2026-02-08,18511,15045,1.230375540046527,119.981463,15,307.0
GERAL,GERAL,23444517299,[PMAX - SMART ZOO - NS],PERFORMANCE_MAX,2026-02-09,3601,3155,1.1413629160063392,9.452059,21,146.0
GERAL,GERAL,23444517299,[PMAX - SMART ZOO - NS],PERFORMANCE_MAX,2026-02-10,503,428,1.175233644859813,1.389742,17,40.0
GERAL,GERAL,23444517299,[PMAX - SMART ZOO - NS],PERFORMANCE_MAX,2026-02-11,4519,3753,1.204103383959499,17.482197,39,178.0
GERAL,GERAL,23444517299,[PMAX - SMART ZOO - NS],PERFORMANCE_MAX,2026-02-12,2946,2432,1.2113486842105263,10.359972,40,99.0
GERAL,GERAL,23444517299,[PMAX - SMART ZOO - NS],PERFORMANCE_MAX,2026-02-13,5929,4345,1.3645569620253164,10.65993,5,135.0
GERAL,GERAL,23444517299,[PMAX - SMART ZOO - NS],PERFORMANCE_MAX,2026-02-14,5838,4759,1.226728304265602,9.974753,8,207.0
GERAL,GERAL,23444517299,[PMAX - SMART ZOO - NS],PERFORMANCE_MAX,2026-02-15,6457,5081,1.2708128321196615,10.598254,18,173.0
GERAL,GERAL,23444517299,[PMAX - SMART ZOO - NS],PERFORMANCE_MAX,2026-02-16,6636,5268,1.2596810933940774,11.194088,15,145.0
GERAL,GERAL,23444517299,[PMAX - SMART ZOO - NS],PERFORMANCE_MAX,2026-02-17,7780,6136,1.2679269882659714,12.039604,5,152.0
GERAL,GERAL,23444517299,[PMAX - SMART ZOO - NS],PERFORMANCE_MAX,2026-02-18,2053,1830,1.1218579234972677,4.194743,11,66.0
GERAL,GERAL,23444517299,[PMAX - SMART ZOO - NS],PERFORMANCE_MAX,2026-02-19,3109,2514,1.2366746221161495,14.302079,28,102.0
GERAL,GERAL,23444517299,[PMAX - SMART ZOO - NS],PERFORMANCE_MAX,2026-02-20,2532,2064,1.2267441860465116,10.79623,24,127.0
GERAL,GERAL,23444517299,[PMAX - SMART ZOO - NS],PERFORMANCE_MAX,2026-02-21,2004,1563,1.2821497120921306,8.527444,25,104.0
GERAL,GERAL,23444517299,[PMAX - SMART ZOO - NS],PERFORMANCE_MAX,2026-02-22,3199,2585,1.23752417794971,10.27705,63,192.0
GERAL,GERAL,23444517299,[PMAX - SMART ZOO - NS],PERFORMANCE_MAX,2026-02-23,4760,3748,1.2700106723585913,10.509796,24,201.0
GERAL,GERAL,23444517299,[PMAX - SMART ZOO - NS],PERFORMANCE_MAX,2026-02-24,5054,3919,1.2896146976269456,8.656465,50,207.0
GERAL,GERAL,23444517299,[PMAX - SMART ZOO - NS],PERFORMANCE_MAX,2026-02-25,1548,1323,1.1700680272108843,3.197867,5,54.0
GERAL,GERAL,23445750691,[GEN - LIQUIDA - BS],DEMAND_GEN,2026-01-08,13760,8369,1.645357868323575,56.642951,430,36.0
GERAL,GERAL,23445750691,[GEN - LIQUIDA - BS],DEMAND_GEN,2026-01-09,39661,21543,1.841294155874298,112.91732,1584,154.0
GERAL,GERAL,23445750691,[GEN - LIQUIDA - BS],DEMAND_GEN,2026-01-10,45962,24385,1.885052286241542,112.96298,1767,103.0
GERAL,GERAL,23445750691,[GEN - LIQUIDA - BS],DEMAND_GEN,2026-01-11,48645,25687,1.8941487912173474,112.79779,1932,131.0
GERAL,GERAL,23445750691,[GEN - LIQUIDA - BS],DEMAND_GEN,2026-01-12,34615,20187,1.714766929211869,86.187556,1418,90.0
GERAL,GERAL,23445750691,[GEN - LIQUIDA - BS],DEMAND_GEN,2026-01-13,35601,20481,1.7382452028709536,86.238868,1354,85.0
GERAL,GERAL,23445750691,[GEN - LIQUIDA - BS],DEMAND_GEN,2026-01-14,35496,20774,1.7086743044189854,86.247659,1402,75.0
GERAL,GERAL,23445750691,[GEN - LIQUIDA - BS],DEMAND_GEN,2026-01-15,36729,21251,1.7283421956613807,86.389663,1383,80.0
GERAL,GERAL,23445750691,[GEN - LIQUIDA - BS],DEMAND_GEN,2026-01-16,14248,10396,1.3705271258176221,44.866636,489,59.0
GERAL,GERAL,23445750691,[GEN - LIQUIDA - BS],DEMAND_GEN,2026-01-17,27921,16245,1.7187442289935364,76.685841,882,99.0
GERAL,GERAL,23445750691,[GEN - LIQUIDA - BS],DEMAND_GEN,2026-01-18,2893,2275,1.2716483516483517,62.887351,101,61.0
GERAL,GERAL,23446486066,[GEN - LIQUIDA -  NR],DEMAND_GEN,2026-01-08,7567,4836,1.564722911497105,39.656363,238,20.0
GERAL,GERAL,23446486066,[GEN - LIQUIDA -  NR],DEMAND_GEN,2026-01-09,41161,25929,1.587450345173358,114.674058,1438,140.0
GERAL,GERAL,23446486066,[GEN - LIQUIDA -  NR],DEMAND_GEN,2026-01-10,51644,30407,1.6985233663301214,114.509753,1689,132.0
GERAL,GERAL,23446486066,[GEN - LIQUIDA -  NR],DEMAND_GEN,2026-01-11,50554,28034,1.8037383177570094,114.273182,1720,196.0
GERAL,GERAL,23446486066,[GEN - LIQUIDA -  NR],DEMAND_GEN,2026-01-12,30787,19960,1.5424849699398797,87.858151,1410,105.0
GERAL,GERAL,23446486066,[GEN - LIQUIDA -  NR],DEMAND_GEN,2026-01-13,31454,20627,1.5248945556794493,87.829049,1425,102.0
GERAL,GERAL,23446486066,[GEN - LIQUIDA -  NR],DEMAND_GEN,2026-01-14,30840,20001,1.5419229038548072,87.903438,1502,106.0
GERAL,GERAL,23446486066,[GEN - LIQUIDA -  NR],DEMAND_GEN,2026-01-15,32622,21238,1.5360203408983897,88.12275,1306,88.0
GERAL,GERAL,23446486066,[GEN - LIQUIDA -  NR],DEMAND_GEN,2026-01-16,21088,15199,1.3874597012961378,82.424259,743,114.0
GERAL,GERAL,23446486066,[GEN - LIQUIDA -  NR],DEMAND_GEN,2026-01-17,30533,19144,1.5949122440451315,91.443928,959,136.0
GERAL,GERAL,23446486066,[GEN - LIQUIDA -  NR],DEMAND_GEN,2026-01-18,5212,4371,1.1924044840997483,96.122025,147,105.0
GERAL,GERAL,23448158154,[ALC - LIQUIDA - BS],VIDEO,2026-01-13,2297,2354,1.0216652506372133,16.386372,6,4.0
GERAL,GERAL,23448158154,[ALC - LIQUIDA - BS],VIDEO,2026-01-14,7006,5422,1.2960162301733678,36.821494,34,8.0
GERAL,GERAL,23448158154,[ALC - LIQUIDA - BS],VIDEO,2026-01-15,9866,5192,1.903120184899846,36.019354,45,3.0
GERAL,GERAL,23448158154,[ALC - LIQUIDA - BS],VIDEO,2026-01-16,8445,4741,1.7890740350137102,37.427151,31,1.0
GERAL,GERAL,23448158154,[ALC - LIQUIDA - BS],VIDEO,2026-01-17,11177,10752,1.1509486607142858,36.748258,14,2.0
GERAL,GERAL,23448158154,[ALC - LIQUIDA - BS],VIDEO,2026-01-18,12729,8241,1.6303846620555758,36.65533,22,3.0
GERAL,GERAL,23448168192,[ALC - LIQUIDA - CS],VIDEO,2026-01-12,3197,3149,1.0346141632264212,10.242615,4,0.0
GERAL,GERAL,23448168192,[ALC - LIQUIDA - CS],VIDEO,2026-01-13,12552,13842,1.045947117468574,31.671136,10,4.0
GERAL,GERAL,23448168192,[ALC - LIQUIDA - CS],VIDEO,2026-01-14,13510,14182,1.166690170638838,31.628806,9,6.0
GERAL,GERAL,23448168192,[ALC - LIQUIDA - CS],VIDEO,2026-01-15,12739,13473,1.1477770355525867,31.613762,11,2.0
GERAL,GERAL,23448168192,[ALC - LIQUIDA - CS],VIDEO,2026-01-16,12808,13487,1.1307926151108474,31.672716,10,5.0
GERAL,GERAL,23448168192,[ALC - LIQUIDA - CS],VIDEO,2026-01-17,11813,12441,1.1213728799935696,31.626327,10,2.0
GERAL,GERAL,23448168192,[ALC - LIQUIDA - CS],VIDEO,2026-01-18,11669,12337,1.1142903461133176,31.580335,9,3.0
GERAL,GERAL,23448178071,[ALC - LIQUIDA - GS],VIDEO,2026-01-12,2574,1328,1.9518072289156627,10.234888,11,3.0
GERAL,GERAL,23448178071,[ALC - LIQUIDA - GS],VIDEO,2026-01-13,13785,13013,1.260816106969953,31.718525,4,4.0
GERAL,GERAL,23448178071,[ALC - LIQUIDA - GS],VIDEO,2026-01-14,11072,8482,1.4434095732138648,31.572528,21,2.0
GERAL,GERAL,23448178071,[ALC - LIQUIDA - GS],VIDEO,2026-01-15,10518,7480,1.5050802139037434,31.620234,26,1.0
GERAL,GERAL,23448178071,[ALC - LIQUIDA - GS],VIDEO,2026-01-16,11039,8217,1.4630643787270294,31.624315,24,1.0
GERAL,GERAL,23448178071,[ALC - LIQUIDA - GS],VIDEO,2026-01-17,10922,7938,1.4681279919375156,31.69673,13,3.0
GERAL,GERAL,23448178071,[ALC - LIQUIDA - GS],VIDEO,2026-01-18,11296,8123,1.4825803274652223,31.624076,25,1.0
GERAL,GERAL,23448191175,[ALC - LIQUIDA - NK],VIDEO,2026-01-12,2867,1273,2.2615868028279653,9.939848,19,2.0
GERAL,GERAL,23448191175,[ALC - LIQUIDA - NK],VIDEO,2026-01-13,12471,11842,1.2534200304002703,31.790636,10,9.0
GERAL,GERAL,23448191175,[ALC - LIQUIDA - NK],VIDEO,2026-01-14,10667,8745,1.3515151515151516,31.642417,28,5.0
GERAL,GERAL,23448191175,[ALC - LIQUIDA - NK],VIDEO,2026-01-15,11058,8566,1.4195657249591407,31.688342,15,3.0
GERAL,GERAL,23448191175,[ALC - LIQUIDA - NK],VIDEO,2026-01-16,10466,7900,1.4332911392405063,31.647858,26,6.0
GERAL,GERAL,23448191175,[ALC - LIQUIDA - NK],VIDEO,2026-01-17,10778,7565,1.5099801718440184,31.698417,21,4.0
GERAL,GERAL,23448191175,[ALC - LIQUIDA - NK],VIDEO,2026-01-18,10956,7719,1.5104288120222826,31.683817,32,6.0
GERAL,GERAL,23448203943,[ALC - LIQUIDA - NR],VIDEO,2026-01-12,2382,1039,2.296438883541867,10.064674,10,2.0
GERAL,GERAL,23448203943,[ALC - LIQUIDA - NR],VIDEO,2026-01-13,12527,13105,1.1549027088897368,31.761496,17,9.0
GERAL,GERAL,23448203943,[ALC - LIQUIDA - NR],VIDEO,2026-01-14,10721,8961,1.3311014395714764,31.661702,33,2.0
GERAL,GERAL,23448203943,[ALC - LIQUIDA - NR],VIDEO,2026-01-15,10554,8574,1.357592722183345,31.629754,26,9.0
GERAL,GERAL,23448203943,[ALC - LIQUIDA - NR],VIDEO,2026-01-16,10454,7851,1.4428735192969049,31.644938,26,13.0
GERAL,GERAL,23448203943,[ALC - LIQUIDA - NR],VIDEO,2026-01-17,9942,6978,1.5173402120951562,31.73011,33,6.0
GERAL,GERAL,23448203943,[ALC - LIQUIDA - NR],VIDEO,2026-01-18,10455,8433,1.3578797580932052,31.597312,36,4.0
GERAL,GERAL,23450784396,[ALC - ARENA SUPER GAMES - NK],VIDEO,2026-01-13,11125,6451,1.802976282746861,41.419333,39,19.0
GERAL,GERAL,23450784396,[ALC - ARENA SUPER GAMES - NK],VIDEO,2026-01-14,16826,18521,1.100642513903137,40.426864,26,20.0
GERAL,GERAL,23450784396,[ALC - ARENA SUPER GAMES - NK],VIDEO,2026-01-15,17623,17233,1.1837753148029944,41.808611,31,32.0
GERAL,GERAL,23450784396,[ALC - ARENA SUPER GAMES - NK],VIDEO,2026-01-16,61287,49661,1.3615311814099595,159.957008,189,101.0
GERAL,GERAL,23450784396,[ALC - ARENA SUPER GAMES - NK],VIDEO,2026-01-17,60158,45928,1.3879986065145444,167.418612,139,89.0
GERAL,GERAL,23450784396,[ALC - ARENA SUPER GAMES - NK],VIDEO,2026-01-18,55215,41536,1.4032646379044684,166.701322,158,50.0
GERAL,GERAL,23450784396,[ALC - ARENA SUPER GAMES - NK],VIDEO,2026-01-19,51893,42079,1.3244373678081705,166.272346,152,81.0
GERAL,GERAL,23450784396,[ALC - ARENA SUPER GAMES - NK],VIDEO,2026-01-20,57481,41437,1.4763375727007264,165.701024,185,93.0
GERAL,GERAL,23450784396,[ALC - ARENA SUPER GAMES - NK],VIDEO,2026-01-21,53177,42064,1.3608073411943704,164.786474,136,92.0
GERAL,GERAL,23450784396,[ALC - ARENA SUPER GAMES - NK],VIDEO,2026-01-22,50536,41864,1.3019061723676668,163.905271,139,79.0
GERAL,GERAL,23450784396,[ALC - ARENA SUPER GAMES - NK],VIDEO,2026-01-23,51360,41422,1.3318526386944136,163.01632,129,63.0
GERAL,GERAL,23450784396,[ALC - ARENA SUPER GAMES - NK],VIDEO,2026-01-24,49365,41108,1.2822321689208913,162.115435,110,74.0
GERAL,GERAL,23450784396,[ALC - ARENA SUPER GAMES - NK],VIDEO,2026-01-25,51908,42306,1.3048976504514727,160.950984,134,63.0
GERAL,GERAL,23450784396,[ALC - ARENA SUPER GAMES - NK],VIDEO,2026-01-26,51377,42568,1.3073905280962226,159.52524,115,56.0
GERAL,GERAL,23450784396,[ALC - ARENA SUPER GAMES - NK],VIDEO,2026-01-27,15881,13072,1.3170899632802937,48.636648,49,19.0
GERAL,GERAL,23450784396,[ALC - ARENA SUPER GAMES - NK],VIDEO,2026-01-28,11571,9744,1.2949507389162562,31.134206,14,15.0
GERAL,GERAL,23450784396,[ALC - ARENA SUPER GAMES - NK],VIDEO,2026-01-29,11139,10168,1.2344610542879622,30.599278,9,15.0
GERAL,GERAL,23450784396,[ALC - ARENA SUPER GAMES - NK],VIDEO,2026-01-30,11485,9752,1.281275635767022,29.886227,13,22.0
GERAL,GERAL,23450784396,[ALC - ARENA SUPER GAMES - NK],VIDEO,2026-01-31,11596,9751,1.3104296995179983,28.46771,12,9.0
GERAL,GERAL,23450784396,[ALC - ARENA SUPER GAMES - NK],VIDEO,2026-02-01,12914,12674,1.1446267950134132,32.600266,27,14.0
GERAL,GERAL,23450784396,[ALC - ARENA SUPER GAMES - NK],VIDEO,2026-02-02,13880,14769,1.11713724693615,34.078139,13,20.0
GERAL,GERAL,23450784396,[ALC - ARENA SUPER GAMES - NK],VIDEO,2026-02-03,6945,7408,1.1097462203023758,17.174366,10,4.0
GERAL,GERAL,23453223284,[ALC - LIQUIDA - NS],VIDEO,2026-01-12,2650,1447,1.8451969592259847,10.033557,10,2.0
GERAL,GERAL,23453223284,[ALC - LIQUIDA - NS],VIDEO,2026-01-13,12459,12229,1.2080300924033036,31.713814,21,4.0
GERAL,GERAL,23453223284,[ALC - LIQUIDA - NS],VIDEO,2026-01-14,10437,8145,1.401841620626151,31.657085,31,1.0
GERAL,GERAL,23453223284,[ALC - LIQUIDA - NS],VIDEO,2026-01-15,11333,8492,1.435468676401319,31.663264,19,6.0
GERAL,GERAL,23453223284,[ALC - LIQUIDA - NS],VIDEO,2026-01-16,11801,8350,1.5083832335329341,31.687156,41,0.0
GERAL,GERAL,23453223284,[ALC - LIQUIDA - NS],VIDEO,2026-01-17,11064,7826,1.5029389215435727,31.736419,30,4.0
GERAL,GERAL,23453223284,[ALC - LIQUIDA - NS],VIDEO,2026-01-18,10846,7806,1.4701511657699207,31.581112,29,4.0
GERAL,GERAL,23469038876,[PMAX - VOLTA AS AULAS - NS],PERFORMANCE_MAX,2026-01-16,535,442,1.2104072398190044,2.44658,2,13.0
GERAL,GERAL,23469038876,[PMAX - VOLTA AS AULAS - NS],PERFORMANCE_MAX,2026-01-17,437,321,1.3613707165109035,5.329502,10,18.0
GERAL,GERAL,23469038876,[PMAX - VOLTA AS AULAS - NS],PERFORMANCE_MAX,2026-01-18,501,420,1.1928571428571428,15.200241,2,31.0
GERAL,GERAL,23469038876,[PMAX - VOLTA AS AULAS - NS],PERFORMANCE_MAX,2026-01-19,1012,835,1.2119760479041917,14.521449,7,43.0
GERAL,GERAL,23469038876,[PMAX - VOLTA AS AULAS - NS],PERFORMANCE_MAX,2026-01-20,1782,1403,1.270135424091233,8.6262,12,57.0
GERAL,GERAL,23469038876,[PMAX - VOLTA AS AULAS - NS],PERFORMANCE_MAX,2026-01-21,2458,1957,1.256004087889627,8.592854,14,79.0
GERAL,GERAL,23469038876,[PMAX - VOLTA AS AULAS - NS],PERFORMANCE_MAX,2026-01-22,2370,1969,1.2036566785170137,6.688745,19,75.0
GERAL,GERAL,23469038876,[PMAX - VOLTA AS AULAS - NS],PERFORMANCE_MAX,2026-01-23,1977,1667,1.1859628074385122,8.64286,24,77.0
GERAL,GERAL,23469038876,[PMAX - VOLTA AS AULAS - NS],PERFORMANCE_MAX,2026-01-24,1804,1486,1.2139973082099595,7.875814,24,89.0
GERAL,GERAL,23469038876,[PMAX - VOLTA AS AULAS - NS],PERFORMANCE_MAX,2026-01-25,1433,1175,1.2195744680851064,6.366613,31,73.0
GERAL,GERAL,23469038876,[PMAX - VOLTA AS AULAS - NS],PERFORMANCE_MAX,2026-01-26,1860,1500,1.24,8.665209,21,68.0
GERAL,GERAL,23469038876,[PMAX - VOLTA AS AULAS - NS],PERFORMANCE_MAX,2026-01-27,2900,2329,1.2451696006869901,8.66577,32,121.0
GERAL,GERAL,23469038876,[PMAX - VOLTA AS AULAS - NS],PERFORMANCE_MAX,2026-01-28,1788,1489,1.2008059100067159,7.035101,31,82.0
GERAL,GERAL,23469038876,[PMAX - VOLTA AS AULAS - NS],PERFORMANCE_MAX,2026-01-29,1987,1650,1.2042424242424243,7.769242,27,60.0
GERAL,GERAL,23469038876,[PMAX - VOLTA AS AULAS - NS],PERFORMANCE_MAX,2026-01-30,1688,1403,1.203136136849608,8.73837,33,103.0
GERAL,GERAL,23469038876,[PMAX - VOLTA AS AULAS - NS],PERFORMANCE_MAX,2026-01-31,1437,1160,1.2387931034482758,8.724965,40,98.0
GERAL,GERAL,23469038876,[PMAX - VOLTA AS AULAS - NS],PERFORMANCE_MAX,2026-02-01,1165,957,1.2173458725182864,6.316873,36,53.0
GERAL,GERAL,23469038876,[PMAX - VOLTA AS AULAS - NS],PERFORMANCE_MAX,2026-02-02,1036,893,1.16013437849944,6.847281,25,48.0
GERAL,GERAL,23469038876,[PMAX - VOLTA AS AULAS - NS],PERFORMANCE_MAX,2026-02-03,283,242,1.1694214876033058,5.421369,19,29.0
GERAL,GERAL,23469038876,[PMAX - VOLTA AS AULAS - NS],PERFORMANCE_MAX,2026-02-04,168,155,1.0838709677419356,4.29333,13,26.0
GERAL,GERAL,23469038876,[PMAX - VOLTA AS AULAS - NS],PERFORMANCE_MAX,2026-02-05,153,143,1.06993006993007,1.932717,3,2.0
GERAL,GERAL,23469038876,[PMAX - VOLTA AS AULAS - NS],PERFORMANCE_MAX,2026-02-07,339,283,1.197879858657244,10.024522,8,20.0
GERAL,GERAL,23469038876,[PMAX - VOLTA AS AULAS - NS],PERFORMANCE_MAX,2026-02-08,496,396,1.2525252525252526,9.551241,20,33.0
GERAL,GERAL,23477549513,[PMAX - VOLTA AS AULAS - BS],PERFORMANCE_MAX,2026-01-19,2038,1701,1.1981187536743092,6.233682,52,142.0
GERAL,GERAL,23477549513,[PMAX - VOLTA AS AULAS - BS],PERFORMANCE_MAX,2026-01-20,3720,3085,1.2058346839546192,19.016841,80,246.0
GERAL,GERAL,23477549513,[PMAX - VOLTA AS AULAS - BS],PERFORMANCE_MAX,2026-01-21,4330,3583,1.208484510186994,19.189489,68,225.0
GERAL,GERAL,23477549513,[PMAX - VOLTA AS AULAS - BS],PERFORMANCE_MAX,2026-01-22,4360,3554,1.2267867191896455,16.912218,74,266.0
GERAL,GERAL,23477549513,[PMAX - VOLTA AS AULAS - BS],PERFORMANCE_MAX,2026-01-23,4020,3212,1.2515566625155665,19.132628,90,281.0
GERAL,GERAL,23477549513,[PMAX - VOLTA AS AULAS - BS],PERFORMANCE_MAX,2026-01-24,4233,3363,1.2586975914362177,19.177335,102,364.0
GERAL,GERAL,23477549513,[PMAX - VOLTA AS AULAS - BS],PERFORMANCE_MAX,2026-01-25,3144,2499,1.2581032412965185,12.574334,84,201.0
GERAL,GERAL,23477549513,[PMAX - VOLTA AS AULAS - BS],PERFORMANCE_MAX,2026-01-26,3513,2703,1.299667036625971,19.433662,86,242.0
GERAL,GERAL,23477549513,[PMAX - VOLTA AS AULAS - BS],PERFORMANCE_MAX,2026-01-27,3932,3140,1.2522292993630573,19.49507,107,262.0
GERAL,GERAL,23477549513,[PMAX - VOLTA AS AULAS - BS],PERFORMANCE_MAX,2026-01-28,4659,3763,1.238107892638852,19.416588,64,265.0
GERAL,GERAL,23477549513,[PMAX - VOLTA AS AULAS - BS],PERFORMANCE_MAX,2026-01-29,5068,3979,1.2736868559939682,19.412668,177,416.0
GERAL,GERAL,23477549513,[PMAX - VOLTA AS AULAS - BS],PERFORMANCE_MAX,2026-01-30,5528,4422,1.2501130710085935,17.835313,97,362.0
GERAL,GERAL,23477549513,[PMAX - VOLTA AS AULAS - BS],PERFORMANCE_MAX,2026-01-31,5462,4374,1.2487425697302241,19.407315,89,338.0
GERAL,GERAL,23477549513,[PMAX - VOLTA AS AULAS - BS],PERFORMANCE_MAX,2026-02-01,4339,3387,1.281074697372306,16.561474,107,289.0
GERAL,GERAL,23477549513,[PMAX - VOLTA AS AULAS - BS],PERFORMANCE_MAX,2026-02-02,1679,1465,1.146075085324232,8.084758,43,102.0
GERAL,GERAL,23477549513,[PMAX - VOLTA AS AULAS - BS],PERFORMANCE_MAX,2026-02-03,1597,1394,1.1456241032998564,20.520075,58,109.0
GERAL,GERAL,23477549513,[PMAX - VOLTA AS AULAS - BS],PERFORMANCE_MAX,2026-02-04,1530,1327,1.1529766390354181,16.160029,57,113.0
GERAL,GERAL,23477549513,[PMAX - VOLTA AS AULAS - BS],PERFORMANCE_MAX,2026-02-05,163,148,1.1013513513513513,1.480789,6,20.0
GERAL,GERAL,23477549513,[PMAX - VOLTA AS AULAS - BS],PERFORMANCE_MAX,2026-02-07,842,725,1.1613793103448276,26.423784,14,58.0
GERAL,GERAL,23477549513,[PMAX - VOLTA AS AULAS - BS],PERFORMANCE_MAX,2026-02-08,1516,1296,1.1697530864197532,26.259974,45,82.0
GERAL,GERAL,23477549513,[PMAX - VOLTA AS AULAS - BS],PERFORMANCE_MAX,2026-02-09,384,326,1.177914110429448,5.240776,6,20.0
GERAL,GERAL,23477551865,[PMAX - VOLTA AS AULAS - CS],PERFORMANCE_MAX,2026-01-19,4175,3315,1.2594268476621417,5.386473,23,95.0
GERAL,GERAL,23477551865,[PMAX - VOLTA AS AULAS - CS],PERFORMANCE_MAX,2026-01-20,3752,3064,1.2245430809399478,10.337158,20,52.0
GERAL,GERAL,23477551865,[PMAX - VOLTA AS AULAS - CS],PERFORMANCE_MAX,2026-01-21,5293,4428,1.1953477868112015,17.017042,24,52.0
GERAL,GERAL,23477551865,[PMAX - VOLTA AS AULAS - CS],PERFORMANCE_MAX,2026-01-22,5526,4566,1.2102496714848883,18.52465,20,58.0
GERAL,GERAL,23477551865,[PMAX - VOLTA AS AULAS - CS],PERFORMANCE_MAX,2026-01-23,4556,3838,1.1870766023970818,19.561642,26,64.0
GERAL,GERAL,23477551865,[PMAX - VOLTA AS AULAS - CS],PERFORMANCE_MAX,2026-01-24,3402,2962,1.148548278190412,19.360467,26,60.0
GERAL,GERAL,23477551865,[PMAX - VOLTA AS AULAS - CS],PERFORMANCE_MAX,2026-01-25,2799,2430,1.151851851851852,17.000801,21,44.0
GERAL,GERAL,23477551865,[PMAX - VOLTA AS AULAS - CS],PERFORMANCE_MAX,2026-01-26,3490,2948,1.183853459972863,19.701349,12,33.0
GERAL,GERAL,23477551865,[PMAX - VOLTA AS AULAS - CS],PERFORMANCE_MAX,2026-01-27,3253,2753,1.1816200508536143,19.535855,28,45.0
GERAL,GERAL,23477551865,[PMAX - VOLTA AS AULAS - CS],PERFORMANCE_MAX,2026-01-28,4305,3567,1.206896551724138,20.526631,23,58.0
GERAL,GERAL,23477551865,[PMAX - VOLTA AS AULAS - CS],PERFORMANCE_MAX,2026-01-29,3638,2954,1.2315504400812458,19.709905,63,73.0
GERAL,GERAL,23477551865,[PMAX - VOLTA AS AULAS - CS],PERFORMANCE_MAX,2026-01-30,3118,2595,1.2015414258188826,19.586558,53,80.0
GERAL,GERAL,23477551865,[PMAX - VOLTA AS AULAS - CS],PERFORMANCE_MAX,2026-01-31,3203,2587,1.238113645148821,17.624522,41,78.0
GERAL,GERAL,23477551865,[PMAX - VOLTA AS AULAS - CS],PERFORMANCE_MAX,2026-02-01,3155,2614,1.2069625095638867,19.76334,74,89.0
GERAL,GERAL,23477551865,[PMAX - VOLTA AS AULAS - CS],PERFORMANCE_MAX,2026-02-02,2955,2505,1.1796407185628743,11.283603,27,60.0
GERAL,GERAL,23477551865,[PMAX - VOLTA AS AULAS - CS],PERFORMANCE_MAX,2026-02-03,2643,2112,1.2514204545454546,19.752509,49,82.0
GERAL,GERAL,23477551865,[PMAX - VOLTA AS AULAS - CS],PERFORMANCE_MAX,2026-02-04,2554,2075,1.2308433734939759,15.551141,30,36.0
GERAL,GERAL,23477551865,[PMAX - VOLTA AS AULAS - CS],PERFORMANCE_MAX,2026-02-05,630,555,1.135135135135135,13.864692,28,27.0
GERAL,GERAL,23477551865,[PMAX - VOLTA AS AULAS - CS],PERFORMANCE_MAX,2026-02-07,508,447,1.1364653243847875,25.6187,39,28.0
GERAL,GERAL,23477551865,[PMAX - VOLTA AS AULAS - CS],PERFORMANCE_MAX,2026-02-08,783,658,1.1899696048632218,24.453962,65,51.0
GERAL,GERAL,23477551865,[PMAX - VOLTA AS AULAS - CS],PERFORMANCE_MAX,2026-02-09,129,105,1.2285714285714286,0.371299,0,1.0
GERAL,GERAL,23482148386,[PMAX - VOLTA AS AULAS - GS],PERFORMANCE_MAX,2026-01-19,1947,1575,1.2361904761904763,4.452741,12,54.0
GERAL,GERAL,23482148386,[PMAX - VOLTA AS AULAS - GS],PERFORMANCE_MAX,2026-01-20,3782,2939,1.2868322558693432,19.067449,23,93.0
GERAL,GERAL,23482148386,[PMAX - VOLTA AS AULAS - GS],PERFORMANCE_MAX,2026-01-21,5053,3881,1.301984024735893,19.086212,34,187.0
GERAL,GERAL,23482148386,[PMAX - VOLTA AS AULAS - GS],PERFORMANCE_MAX,2026-01-22,5474,4310,1.2700696055684455,18.267994,49,167.0
GERAL,GERAL,23482148386,[PMAX - VOLTA AS AULAS - GS],PERFORMANCE_MAX,2026-01-23,4785,3822,1.2519623233908947,18.278482,44,206.0
GERAL,GERAL,23482148386,[PMAX - VOLTA AS AULAS - GS],PERFORMANCE_MAX,2026-01-24,3941,3232,1.219368811881188,19.233346,42,253.0
GERAL,GERAL,23482148386,[PMAX - VOLTA AS AULAS - GS],PERFORMANCE_MAX,2026-01-25,2767,2334,1.1855184233076264,13.804612,40,136.0
GERAL,GERAL,23482148386,[PMAX - VOLTA AS AULAS - GS],PERFORMANCE_MAX,2026-01-26,4788,3796,1.2613277133825078,19.393829,34,158.0
GERAL,GERAL,23482148386,[PMAX - VOLTA AS AULAS - GS],PERFORMANCE_MAX,2026-01-27,5515,4333,1.2727902146318948,19.461429,42,191.0
GERAL,GERAL,23482148386,[PMAX - VOLTA AS AULAS - GS],PERFORMANCE_MAX,2026-01-28,4554,3638,1.251786695986806,15.624079,40,167.0
GERAL,GERAL,23482148386,[PMAX - VOLTA AS AULAS - GS],PERFORMANCE_MAX,2026-01-29,4238,3397,1.2475713865175155,18.568085,53,177.0
GERAL,GERAL,23482148386,[PMAX - VOLTA AS AULAS - GS],PERFORMANCE_MAX,2026-01-30,3373,2772,1.2168109668109668,19.456585,46,161.0
GERAL,GERAL,23482148386,[PMAX - VOLTA AS AULAS - GS],PERFORMANCE_MAX,2026-01-31,2817,2344,1.20179180887372,19.553153,56,141.0
GERAL,GERAL,23482148386,[PMAX - VOLTA AS AULAS - GS],PERFORMANCE_MAX,2026-02-01,3112,2505,1.242315369261477,17.177421,58,117.0
GERAL,GERAL,23482148386,[PMAX - VOLTA AS AULAS - GS],PERFORMANCE_MAX,2026-02-02,2160,1805,1.1966759002770082,12.128265,32,85.0
GERAL,GERAL,23482148386,[PMAX - VOLTA AS AULAS - GS],PERFORMANCE_MAX,2026-02-03,906,800,1.1325,15.584118,36,72.0
GERAL,GERAL,23482148386,[PMAX - VOLTA AS AULAS - GS],PERFORMANCE_MAX,2026-02-04,341,288,1.1840277777777777,5.682877,8,8.0
GERAL,GERAL,23482148386,[PMAX - VOLTA AS AULAS - GS],PERFORMANCE_MAX,2026-02-05,1077,912,1.180921052631579,16.566859,10,31.0
GERAL,GERAL,23482148386,[PMAX - VOLTA AS AULAS - GS],PERFORMANCE_MAX,2026-02-07,1004,810,1.2395061728395063,26.306356,19,60.0
GERAL,GERAL,23482148386,[PMAX - VOLTA AS AULAS - GS],PERFORMANCE_MAX,2026-02-08,948,726,1.3057851239669422,26.107385,26,38.0
GERAL,GERAL,23482148386,[PMAX - VOLTA AS AULAS - GS],PERFORMANCE_MAX,2026-02-09,211,198,1.0656565656565657,4.734057,3,5.0
GERAL,GERAL,23482159438,[PMAX - VOLTA AS AULAS - NR],PERFORMANCE_MAX,2026-01-19,1758,1469,1.1967324710687544,3.614006,16,47.0
GERAL,GERAL,23482159438,[PMAX - VOLTA AS AULAS - NR],PERFORMANCE_MAX,2026-01-20,1699,1432,1.1864525139664805,11.707785,6,44.0
GERAL,GERAL,23482159438,[PMAX - VOLTA AS AULAS - NR],PERFORMANCE_MAX,2026-01-21,2312,1967,1.1753940010167767,19.550884,11,47.0
GERAL,GERAL,23482159438,[PMAX - VOLTA AS AULAS - NR],PERFORMANCE_MAX,2026-01-22,2019,1710,1.1807017543859648,16.534098,7,35.0
GERAL,GERAL,23482159438,[PMAX - VOLTA AS AULAS - NR],PERFORMANCE_MAX,2026-01-23,1765,1507,1.1712010617120105,19.535764,9,37.0
GERAL,GERAL,23482159438,[PMAX - VOLTA AS AULAS - NR],PERFORMANCE_MAX,2026-01-24,1399,1191,1.1746431570109153,19.57308,15,62.0
GERAL,GERAL,23482159438,[PMAX - VOLTA AS AULAS - NR],PERFORMANCE_MAX,2026-01-25,1256,1066,1.1782363977485928,14.614438,10,32.0
GERAL,GERAL,23482159438,[PMAX - VOLTA AS AULAS - NR],PERFORMANCE_MAX,2026-01-26,2844,2243,1.2679447168970128,19.23629,16,57.0
GERAL,GERAL,23482159438,[PMAX - VOLTA AS AULAS - NR],PERFORMANCE_MAX,2026-01-27,2406,1998,1.2042042042042043,19.929877,18,46.0
GERAL,GERAL,23482159438,[PMAX - VOLTA AS AULAS - NR],PERFORMANCE_MAX,2026-01-28,3445,2814,1.2242359630419333,19.381728,13,86.0
GERAL,GERAL,23482159438,[PMAX - VOLTA AS AULAS - NR],PERFORMANCE_MAX,2026-01-29,2194,1827,1.2008757525998905,13.938111,9,44.0
GERAL,GERAL,23482159438,[PMAX - VOLTA AS AULAS - NR],PERFORMANCE_MAX,2026-01-30,2951,2459,1.2000813338755592,20.192435,14,61.0
GERAL,GERAL,23482159438,[PMAX - VOLTA AS AULAS - NR],PERFORMANCE_MAX,2026-01-31,2320,1971,1.1770674784373414,18.818829,6,55.0
GERAL,GERAL,23482159438,[PMAX - VOLTA AS AULAS - NR],PERFORMANCE_MAX,2026-02-01,1804,1546,1.166882276843467,11.090631,5,17.0
GERAL,GERAL,23482159438,[PMAX - VOLTA AS AULAS - NR],PERFORMANCE_MAX,2026-02-02,2580,2152,1.1988847583643123,20.974983,13,34.0
GERAL,GERAL,23482159438,[PMAX - VOLTA AS AULAS - NR],PERFORMANCE_MAX,2026-02-03,1274,1129,1.1284322409211691,12.73361,9,23.0
GERAL,GERAL,23482159438,[PMAX - VOLTA AS AULAS - NR],PERFORMANCE_MAX,2026-02-04,1070,896,1.1941964285714286,21.802664,6,25.0
GERAL,GERAL,23482159438,[PMAX - VOLTA AS AULAS - NR],PERFORMANCE_MAX,2026-02-05,97,94,1.0319148936170213,0.520527,0,2.0
GERAL,GERAL,23482159438,[PMAX - VOLTA AS AULAS - NR],PERFORMANCE_MAX,2026-02-07,1180,955,1.2356020942408377,25.996053,21,38.0
GERAL,GERAL,23482159438,[PMAX - VOLTA AS AULAS - NR],PERFORMANCE_MAX,2026-02-09,179,141,1.2695035460992907,6.91132,2,6.0
GERAL,GERAL,23482171132,[PMAX - VOLTA AS AULAS - NK],PERFORMANCE_MAX,2026-01-19,2631,2214,1.1883468834688347,6.096522,10,108.0
GERAL,GERAL,23482171132,[PMAX - VOLTA AS AULAS - NK],PERFORMANCE_MAX,2026-01-20,6025,5110,1.1790606653620352,19.013174,43,277.0
GERAL,GERAL,23482171132,[PMAX - VOLTA AS AULAS - NK],PERFORMANCE_MAX,2026-01-21,5898,4944,1.1929611650485437,18.979299,34,231.0
GERAL,GERAL,23482171132,[PMAX - VOLTA AS AULAS - NK],PERFORMANCE_MAX,2026-01-22,5852,4798,1.2196748645268862,15.653498,14,205.0
GERAL,GERAL,23482171132,[PMAX - VOLTA AS AULAS - NK],PERFORMANCE_MAX,2026-01-23,5069,4083,1.2414891011511144,19.210908,23,215.0
GERAL,GERAL,23482171132,[PMAX - VOLTA AS AULAS - NK],PERFORMANCE_MAX,2026-01-24,4476,3693,1.2120227457351747,19.160505,25,314.0
GERAL,GERAL,23482171132,[PMAX - VOLTA AS AULAS - NK],PERFORMANCE_MAX,2026-01-25,3403,2783,1.222781171397772,14.937003,28,184.0
GERAL,GERAL,23482171132,[PMAX - VOLTA AS AULAS - NK],PERFORMANCE_MAX,2026-01-26,5311,4329,1.2268422268422268,19.336576,30,212.0
GERAL,GERAL,23482171132,[PMAX - VOLTA AS AULAS - NK],PERFORMANCE_MAX,2026-01-27,5642,4551,1.2397275324104593,19.271484,37,221.0
GERAL,GERAL,23482171132,[PMAX - VOLTA AS AULAS - NK],PERFORMANCE_MAX,2026-01-28,7574,6095,1.2426579163248563,19.383282,39,302.0
GERAL,GERAL,23482171132,[PMAX - VOLTA AS AULAS - NK],PERFORMANCE_MAX,2026-01-29,6858,5609,1.2226778391870208,19.323911,74,313.0
GERAL,GERAL,23482171132,[PMAX - VOLTA AS AULAS - NK],PERFORMANCE_MAX,2026-01-30,7144,5724,1.2480782669461914,18.350243,50,297.0
GERAL,GERAL,23482171132,[PMAX - VOLTA AS AULAS - NK],PERFORMANCE_MAX,2026-01-31,5449,4512,1.207668439716312,16.436601,42,268.0
GERAL,GERAL,23482171132,[PMAX - VOLTA AS AULAS - NK],PERFORMANCE_MAX,2026-02-01,5146,4232,1.2159735349716445,18.133836,50,265.0
GERAL,GERAL,23482171132,[PMAX - VOLTA AS AULAS - NK],PERFORMANCE_MAX,2026-02-02,3138,2689,1.1669765712160654,10.455169,20,99.0
GERAL,GERAL,23482171132,[PMAX - VOLTA AS AULAS - NK],PERFORMANCE_MAX,2026-02-03,1819,1588,1.1454659949622166,16.964574,53,106.0
GERAL,GERAL,23482171132,[PMAX - VOLTA AS AULAS - NK],PERFORMANCE_MAX,2026-02-04,2186,1831,1.1938831239759695,10.624059,14,70.0
GERAL,GERAL,23482171132,[PMAX - VOLTA AS AULAS - NK],PERFORMANCE_MAX,2026-02-05,1485,1266,1.1729857819905214,9.600943,4,43.0
GERAL,GERAL,23482171132,[PMAX - VOLTA AS AULAS - NK],PERFORMANCE_MAX,2026-02-07,2097,1802,1.1637069922308545,26.134633,23,138.0
GERAL,GERAL,23482171132,[PMAX - VOLTA AS AULAS - NK],PERFORMANCE_MAX,2026-02-08,1314,1135,1.1577092511013216,25.398375,20,65.0
GERAL,GERAL,23482171132,[PMAX - VOLTA AS AULAS - NK],PERFORMANCE_MAX,2026-02-09,124,109,1.1376146788990826,0.824881,1,2.0
GERAL,GERAL,23485658828,ALC - VIDEO CAPIVALLEY - CS,VIDEO,2026-01-21,1942,746,2.603217158176944,7.961447,5,1.0
GERAL,GERAL,23485658828,ALC - VIDEO CAPIVALLEY - CS,VIDEO,2026-01-22,9575,3012,3.1816069057104914,32.261553,52,5.0
GERAL,GERAL,23485658828,ALC - VIDEO CAPIVALLEY - CS,VIDEO,2026-01-23,9661,4570,2.129321663019694,32.111697,33,6.0
GERAL,GERAL,23485658828,ALC - VIDEO CAPIVALLEY - CS,VIDEO,2026-01-24,10469,6493,1.6202063760973355,31.964499,21,5.0
GERAL,GERAL,23485658828,ALC - VIDEO CAPIVALLEY - CS,VIDEO,2026-01-25,9353,5348,1.756357516828721,32.029408,29,2.0
GERAL,GERAL,23485658828,ALC - VIDEO CAPIVALLEY - CS,VIDEO,2026-01-26,7727,6716,1.2845443716497915,31.957331,18,0.0
GERAL,GERAL,23485658828,ALC - VIDEO CAPIVALLEY - CS,VIDEO,2026-01-27,8900,6123,1.5970929283031194,32.066221,27,3.0
GERAL,GERAL,23485658828,ALC - VIDEO CAPIVALLEY - CS,VIDEO,2026-01-28,9287,6428,1.5606720597386434,31.96881,21,6.0
GERAL,GERAL,23485658828,ALC - VIDEO CAPIVALLEY - CS,VIDEO,2026-01-29,8940,5697,1.6875548534316307,32.018429,25,3.0
GERAL,GERAL,23485658828,ALC - VIDEO CAPIVALLEY - CS,VIDEO,2026-01-30,9119,6266,1.609160548994574,32.015173,23,5.0
GERAL,GERAL,23485658828,ALC - VIDEO CAPIVALLEY - CS,VIDEO,2026-01-31,9230,6245,1.6257806244995996,32.006274,21,1.0
GERAL,GERAL,23485658828,ALC - VIDEO CAPIVALLEY - CS,VIDEO,2026-02-01,9250,5954,1.6642593214645616,32.041667,23,0.0
GERAL,GERAL,23485658828,ALC - VIDEO CAPIVALLEY - CS,VIDEO,2026-02-02,9761,6509,1.645721308956829,31.992129,30,0.0
GERAL,GERAL,23485658828,ALC - VIDEO CAPIVALLEY - CS,VIDEO,2026-02-03,7908,5382,1.600334448160535,25.100163,12,3.0
GERAL,GERAL,23517844263,[PMAX - Campanha_Cinema_Jan_26_NR] Cinepolis,PERFORMANCE_MAX,2026-02-02,327,319,1.025078369905956,1.177911,1,4.0
GERAL,GERAL,23517844263,[PMAX - Campanha_Cinema_Jan_26_NR] Cinepolis,PERFORMANCE_MAX,2026-02-03,20411,17122,1.1920920453218082,627.342451,124,265.0
GERAL,GERAL,23517844263,[PMAX - Campanha_Cinema_Jan_26_NR] Cinepolis,PERFORMANCE_MAX,2026-02-04,40288,26849,1.500540057357816,1497.884529,101,552.0
GERAL,GERAL,23517844263,[PMAX - Campanha_Cinema_Jan_26_NR] Cinepolis,PERFORMANCE_MAX,2026-02-05,31161,22149,1.406880671813626,550.249433,32,485.0
GERAL,GERAL,23517844263,[PMAX - Campanha_Cinema_Jan_26_NR] Cinepolis,PERFORMANCE_MAX,2026-02-06,145,144,1.0069444444444444,0.50715,0,2.0
GERAL,GERAL,23517844263,[PMAX - Campanha_Cinema_Jan_26_NR] Cinepolis,PERFORMANCE_MAX,2026-02-07,188654,78604,2.400055976795074,1499.114013,566,1958.0
GERAL,GERAL,23517844263,[PMAX - Campanha_Cinema_Jan_26_NR] Cinepolis,PERFORMANCE_MAX,2026-02-08,66129,33059,2.0003327384373395,1025.681757,521,892.0
GERAL,GERAL,23517844263,[PMAX - Campanha_Cinema_Jan_26_NR] Cinepolis,PERFORMANCE_MAX,2026-02-09,18248,13417,1.3600655884325856,187.137926,25,263.0
GERAL,GERAL,23518637958,[DEMAND GEN - SEMANA DO CINEMA - BS - GNC],DEMAND_GEN,2026-02-03,2940,2085,1.410071942446043,39.099161,119,11.0
GERAL,GERAL,23518637958,[DEMAND GEN - SEMANA DO CINEMA - BS - GNC],DEMAND_GEN,2026-02-04,11479,8095,1.418035824583076,38.935914,430,65.0
GERAL,GERAL,23518637958,[DEMAND GEN - SEMANA DO CINEMA - BS - GNC],DEMAND_GEN,2026-02-05,3619,2896,1.2496546961325967,11.528939,119,9.0
GERAL,GERAL,23518637958,[DEMAND GEN - SEMANA DO CINEMA - BS - GNC],DEMAND_GEN,2026-02-07,12776,8582,1.4886972733628525,53.205785,459,70.0
GERAL,GERAL,23518637958,[DEMAND GEN - SEMANA DO CINEMA - BS - GNC],DEMAND_GEN,2026-02-08,14782,9554,1.5472053590119321,52.284495,503,71.0
GERAL,GERAL,23518637958,[DEMAND GEN - SEMANA DO CINEMA - BS - GNC],DEMAND_GEN,2026-02-09,1877,1667,1.1259748050389922,13.811967,77,13.0
GERAL,GERAL,23518641111,[DEMAND GEN - SEMANA DO CINEMA - NK - GNC],DEMAND_GEN,2026-02-02,1610,1107,1.4543812104787714,5.085405,68,11.0
GERAL,GERAL,23518641111,[DEMAND GEN - SEMANA DO CINEMA - NK - GNC],DEMAND_GEN,2026-02-03,10667,6899,1.5461661110305842,38.316986,433,64.0
GERAL,GERAL,23518641111,[DEMAND GEN - SEMANA DO CINEMA - NK - GNC],DEMAND_GEN,2026-02-04,12902,8977,1.4372284727637294,38.345276,438,80.0
GERAL,GERAL,23518641111,[DEMAND GEN - SEMANA DO CINEMA - NK - GNC],DEMAND_GEN,2026-02-05,2715,2265,1.1986754966887416,8.340504,80,10.0
GERAL,GERAL,23518641111,[DEMAND GEN - SEMANA DO CINEMA - NK - GNC],DEMAND_GEN,2026-02-07,11036,8050,1.3709316770186335,53.984406,321,66.0
GERAL,GERAL,23518641111,[DEMAND GEN - SEMANA DO CINEMA - NK - GNC],DEMAND_GEN,2026-02-08,7095,5816,1.219910591471802,55.368954,228,52.0
GERAL,GERAL,23518641111,[DEMAND GEN - SEMANA DO CINEMA - NK - GNC],DEMAND_GEN,2026-02-09,2230,1999,1.1155577788894446,14.588425,65,9.0
GERAL,GERAL,23518651158,[DEMAND GEN - SEMANA DO CINEMA - NS - GNC],DEMAND_GEN,2026-02-03,2767,1927,1.4359107420861443,16.664492,109,8.0
GERAL,GERAL,23518651158,[DEMAND GEN - SEMANA DO CINEMA - NS - GNC],DEMAND_GEN,2026-02-04,4725,2830,1.6696113074204948,16.666456,150,16.0
GERAL,GERAL,23518651158,[DEMAND GEN - SEMANA DO CINEMA - NS - GNC],DEMAND_GEN,2026-02-05,1296,1012,1.2806324110671936,3.96833,44,4.0
GERAL,GERAL,23518651158,[DEMAND GEN - SEMANA DO CINEMA - NS - GNC],DEMAND_GEN,2026-02-07,8051,5915,1.3611158072696534,22.92729,238,22.0
GERAL,GERAL,23518651158,[DEMAND GEN - SEMANA DO CINEMA - NS - GNC],DEMAND_GEN,2026-02-08,7543,5330,1.4151969981238275,22.834665,176,20.0
GERAL,GERAL,23518651158,[DEMAND GEN - SEMANA DO CINEMA - NS - GNC],DEMAND_GEN,2026-02-09,6348,4599,1.380300065231572,23.51711,160,22.0
GERAL,GERAL,23518651158,[DEMAND GEN - SEMANA DO CINEMA - NS - GNC],DEMAND_GEN,2026-02-10,4561,3578,1.2747344885410845,22.877651,124,19.0
GERAL,GERAL,23518651158,[DEMAND GEN - SEMANA DO CINEMA - NS - GNC],DEMAND_GEN,2026-02-11,2894,2367,1.222644697929869,20.672288,78,14.0
GERAL,GERAL,23522749910,[PMAX - Campanha_Cinema_Jan_26_NK] GNC,PERFORMANCE_MAX,2026-02-02,32005,23050,1.3885032537960955,142.46833,28,282.0
GERAL,GERAL,23522749910,[PMAX - Campanha_Cinema_Jan_26_NK] GNC,PERFORMANCE_MAX,2026-02-03,109718,61131,1.794801328294973,1152.761347,125,911.0
GERAL,GERAL,23522749910,[PMAX - Campanha_Cinema_Jan_26_NK] GNC,PERFORMANCE_MAX,2026-02-04,42892,30085,1.4256938673757686,678.279281,60,638.0
GERAL,GERAL,23522749910,[PMAX - Campanha_Cinema_Jan_26_NK] GNC,PERFORMANCE_MAX,2026-02-05,39922,25341,1.5753916577877747,629.119297,74,647.0
GERAL,GERAL,23522749910,[PMAX - Campanha_Cinema_Jan_26_NK] GNC,PERFORMANCE_MAX,2026-02-07,112899,52620,2.1455530216647665,978.116719,467,1230.0
GERAL,GERAL,23522749910,[PMAX - Campanha_Cinema_Jan_26_NK] GNC,PERFORMANCE_MAX,2026-02-08,155720,71985,2.163228450371605,1107.14332,394,1805.0
GERAL,GERAL,23522749910,[PMAX - Campanha_Cinema_Jan_26_NK] GNC,PERFORMANCE_MAX,2026-02-09,28080,18431,1.5235201562584775,243.157845,42,392.0
GERAL,GERAL,23522767847,[PMAX - Campanha_Cinema_Jan_26_NS] GNC,PERFORMANCE_MAX,2026-02-02,5694,4810,1.1837837837837837,46.7548,30,180.0
GERAL,GERAL,23522767847,[PMAX - Campanha_Cinema_Jan_26_NS] GNC,PERFORMANCE_MAX,2026-02-03,19179,14863,1.2903855210926463,639.522055,66,308.0
GERAL,GERAL,23522767847,[PMAX - Campanha_Cinema_Jan_26_NS] GNC,PERFORMANCE_MAX,2026-02-04,87436,29465,2.9674529102324794,1270.173107,928,494.0
GERAL,GERAL,23522767847,[PMAX - Campanha_Cinema_Jan_26_NS] GNC,PERFORMANCE_MAX,2026-02-05,67036,37355,1.7945656538615982,1057.22732,73,1226.0
GERAL,GERAL,23522767847,[PMAX - Campanha_Cinema_Jan_26_NS] GNC,PERFORMANCE_MAX,2026-02-07,182576,72903,2.504368818841474,1465.41648,368,2850.0
GERAL,GERAL,23522767847,[PMAX - Campanha_Cinema_Jan_26_NS] GNC,PERFORMANCE_MAX,2026-02-08,79800,39379,2.0264608039818177,917.219767,492,1705.0
GERAL,GERAL,23522767847,[PMAX - Campanha_Cinema_Jan_26_NS] GNC,PERFORMANCE_MAX,2026-02-09,35612,14533,2.4504231748434595,129.848748,129,440.0
GERAL,GERAL,23522784146,[PMAX - Campanha_Cinema_Jan_26_CS] Cinepolis,PERFORMANCE_MAX,2026-02-02,17697,14304,1.2372063758389262,77.952787,69,230.0
GERAL,GERAL,23522784146,[PMAX - Campanha_Cinema_Jan_26_CS] Cinepolis,PERFORMANCE_MAX,2026-02-03,187179,98174,1.9066045999959256,1403.903678,191,1156.0
GERAL,GERAL,23522784146,[PMAX - Campanha_Cinema_Jan_26_CS] Cinepolis,PERFORMANCE_MAX,2026-02-04,137775,76622,1.7981128135522435,946.62035,222,1462.0
GERAL,GERAL,23522784146,[PMAX - Campanha_Cinema_Jan_26_CS] Cinepolis,PERFORMANCE_MAX,2026-02-05,84824,51876,1.635129925206261,414.715784,73,1075.0
GERAL,GERAL,23522784146,[PMAX - Campanha_Cinema_Jan_26_CS] Cinepolis,PERFORMANCE_MAX,2026-02-07,255877,116933,2.188235998392242,1554.830108,465,2225.0
GERAL,GERAL,23522784146,[PMAX - Campanha_Cinema_Jan_26_CS] Cinepolis,PERFORMANCE_MAX,2026-02-08,152418,77501,1.9666584947291004,771.996008,391,1404.0
GERAL,GERAL,23522784146,[PMAX - Campanha_Cinema_Jan_26_CS] Cinepolis,PERFORMANCE_MAX,2026-02-09,36935,25339,1.457634476498678,190.01749,37,361.0
GERAL,GERAL,23523756695,[DEMAND GEN - SEMANA DO CINEMA - CS] CINEPOLIS,DEMAND_GEN,2026-02-03,11646,6678,1.743935309973046,38.886013,370,27.0
GERAL,GERAL,23523756695,[DEMAND GEN - SEMANA DO CINEMA - CS] CINEPOLIS,DEMAND_GEN,2026-02-04,12043,8191,1.4702722500305212,38.906665,453,59.0
GERAL,GERAL,23523756695,[DEMAND GEN - SEMANA DO CINEMA - CS] CINEPOLIS,DEMAND_GEN,2026-02-05,3140,2617,1.1998471532288881,15.434354,98,12.0
GERAL,GERAL,23523756695,[DEMAND GEN - SEMANA DO CINEMA - CS] CINEPOLIS,DEMAND_GEN,2026-02-07,16487,12481,1.3209678711641695,53.137187,497,39.0
GERAL,GERAL,23523756695,[DEMAND GEN - SEMANA DO CINEMA - CS] CINEPOLIS,DEMAND_GEN,2026-02-08,15755,11657,1.351548425838552,51.303669,522,36.0
GERAL,GERAL,23523756695,[DEMAND GEN - SEMANA DO CINEMA - CS] CINEPOLIS,DEMAND_GEN,2026-02-09,3662,3066,1.1943900848010438,14.427643,156,11.0
GERAL,GERAL,23523769868,[DEMAND GEN - SEMANA DO CINEMA - GS] CINEPOLIS,DEMAND_GEN,2026-02-03,8370,5838,1.433710174717369,38.890594,307,14.0
GERAL,GERAL,23523769868,[DEMAND GEN - SEMANA DO CINEMA - GS] CINEPOLIS,DEMAND_GEN,2026-02-04,9925,6641,1.4945038397831651,38.911879,299,13.0
GERAL,GERAL,23523769868,[DEMAND GEN - SEMANA DO CINEMA - GS] CINEPOLIS,DEMAND_GEN,2026-02-05,2762,2216,1.2463898916967509,10.940155,69,2.0
GERAL,GERAL,23523769868,[DEMAND GEN - SEMANA DO CINEMA - GS] CINEPOLIS,DEMAND_GEN,2026-02-07,13662,10024,1.3629289704708698,52.84933,331,19.0
GERAL,GERAL,23523769868,[DEMAND GEN - SEMANA DO CINEMA - GS] CINEPOLIS,DEMAND_GEN,2026-02-08,17539,12505,1.4025589764094362,52.208924,439,20.0
GERAL,GERAL,23523769868,[DEMAND GEN - SEMANA DO CINEMA - GS] CINEPOLIS,DEMAND_GEN,2026-02-09,1489,1262,1.1798732171156894,6.383639,31,2.0
GERAL,GERAL,23523778718,[DEMAND GEN - SEMANA DO CINEMA - NR] CINEPOLIS,DEMAND_GEN,2026-02-02,74,56,1.3214285714285714,0.207982,4,0.0
GERAL,GERAL,23523778718,[DEMAND GEN - SEMANA DO CINEMA - NR] CINEPOLIS,DEMAND_GEN,2026-02-03,3530,2605,1.3550863723608446,16.643638,106,14.0
GERAL,GERAL,23523778718,[DEMAND GEN - SEMANA DO CINEMA - NR] CINEPOLIS,DEMAND_GEN,2026-02-04,5222,3770,1.3851458885941645,16.654908,161,19.0
GERAL,GERAL,23523778718,[DEMAND GEN - SEMANA DO CINEMA - NR] CINEPOLIS,DEMAND_GEN,2026-02-05,1165,1002,1.1626746506986028,3.638492,33,2.0
GERAL,GERAL,23523778718,[DEMAND GEN - SEMANA DO CINEMA - NR] CINEPOLIS,DEMAND_GEN,2026-02-07,3634,3080,1.17987012987013,26.688384,108,22.0
GERAL,GERAL,23523778718,[DEMAND GEN - SEMANA DO CINEMA - NR] CINEPOLIS,DEMAND_GEN,2026-02-08,3203,2875,1.114086956521739,23.250453,84,17.0
GERAL,GERAL,23523778718,[DEMAND GEN - SEMANA DO CINEMA - NR] CINEPOLIS,DEMAND_GEN,2026-02-09,3449,3192,1.080513784461153,24.419631,83,23.0
GERAL,GERAL,23523778718,[DEMAND GEN - SEMANA DO CINEMA - NR] CINEPOLIS,DEMAND_GEN,2026-02-10,3686,3204,1.1504369538077404,23.8976,85,23.0
GERAL,GERAL,23523778718,[DEMAND GEN - SEMANA DO CINEMA - NR] CINEPOLIS,DEMAND_GEN,2026-02-11,3003,2372,1.2660202360876898,15.075974,68,17.0
GERAL,GERAL,23527423183,[PMAX - Campanha_Cinema_Jan_26_BS] GNC,PERFORMANCE_MAX,2026-02-02,11500,8855,1.2987012987012987,171.754933,158,435.0
GERAL,GERAL,23527423183,[PMAX - Campanha_Cinema_Jan_26_BS] GNC,PERFORMANCE_MAX,2026-02-03,74144,51579,1.4374842474650535,1022.316473,396,1289.0
GERAL,GERAL,23527423183,[PMAX - Campanha_Cinema_Jan_26_BS] GNC,PERFORMANCE_MAX,2026-02-04,39947,30673,1.3023506015062107,681.168814,234,1022.0
GERAL,GERAL,23527423183,[PMAX - Campanha_Cinema_Jan_26_BS] GNC,PERFORMANCE_MAX,2026-02-05,86681,52039,1.6656930379138724,945.427937,255,1870.0
GERAL,GERAL,23527423183,[PMAX - Campanha_Cinema_Jan_26_BS] GNC,PERFORMANCE_MAX,2026-02-07,109070,59295,1.8394468336284677,1574.436818,721,2367.0
GERAL,GERAL,23527423183,[PMAX - Campanha_Cinema_Jan_26_BS] GNC,PERFORMANCE_MAX,2026-02-08,115804,59996,1.9301953463564239,1308.266514,617,2251.0
GERAL,GERAL,23527423183,[PMAX - Campanha_Cinema_Jan_26_BS] GNC,PERFORMANCE_MAX,2026-02-09,15244,11441,1.3324010138973865,136.103344,35,312.0
GERAL,GERAL,23527583665,[PMAX - Campanha_Cinema_Jan_26_GS] Cinepolis,PERFORMANCE_MAX,2026-02-02,5482,4344,1.2619705340699816,55.557325,47,150.0
GERAL,GERAL,23527583665,[PMAX - Campanha_Cinema_Jan_26_GS] Cinepolis,PERFORMANCE_MAX,2026-02-03,20611,16185,1.2734630831016374,676.861275,168,354.0
GERAL,GERAL,23527583665,[PMAX - Campanha_Cinema_Jan_26_GS] Cinepolis,PERFORMANCE_MAX,2026-02-04,49535,26165,1.8931779094209822,1296.658918,437,548.0
GERAL,GERAL,23527583665,[PMAX - Campanha_Cinema_Jan_26_GS] Cinepolis,PERFORMANCE_MAX,2026-02-05,31747,23762,1.336040737311674,662.667153,105,399.0
GERAL,GERAL,23527583665,[PMAX - Campanha_Cinema_Jan_26_GS] Cinepolis,PERFORMANCE_MAX,2026-02-06,169,156,1.0833333333333333,0.567989,1,2.0
GERAL,GERAL,23527583665,[PMAX - Campanha_Cinema_Jan_26_GS] Cinepolis,PERFORMANCE_MAX,2026-02-07,92801,51262,1.8103273379891538,1560.558133,671,1044.0
GERAL,GERAL,23527583665,[PMAX - Campanha_Cinema_Jan_26_GS] Cinepolis,PERFORMANCE_MAX,2026-02-08,65693,41995,1.564305274437433,1395.890714,484,1054.0
GERAL,GERAL,23527583665,[PMAX - Campanha_Cinema_Jan_26_GS] Cinepolis,PERFORMANCE_MAX,2026-02-09,13735,10741,1.278744995810446,161.726441,33,210.0
GERAL,GERAL,23533185804,[ALC - ARENA SUMMER VIBES - BS],VIDEO,2026-02-07,156493,60795,2.6066452833292213,717.238537,529,146.0
GERAL,GERAL,23533185804,[ALC - ARENA SUMMER VIBES - BS],VIDEO,2026-02-08,181584,69507,2.638439293884069,1083.728331,794,311.0
GERAL,GERAL,23577734394,[ALC - CAPIVALLEY - ÚLTIMOS DIAS - CS],VIDEO,2026-02-19,9346,4093,2.305888101636941,39.792961,41,4.0
GERAL,GERAL,23577734394,[ALC - CAPIVALLEY - ÚLTIMOS DIAS - CS],VIDEO,2026-02-20,39177,32143,1.3584295180910306,153.436925,110,19.0
GERAL,GERAL,23577734394,[ALC - CAPIVALLEY - ÚLTIMOS DIAS - CS],VIDEO,2026-02-21,38237,26185,1.5419133091464579,153.217076,122,14.0
GERAL,GERAL,23577734394,[ALC - CAPIVALLEY - ÚLTIMOS DIAS - CS],VIDEO,2026-02-22,41819,26110,1.6624281884335503,153.454249,110,15.0
GERAL,GERAL,23594624532,[PMAX - NARBONA - CS] #2,PERFORMANCE_MAX,2026-02-25,6713,5803,1.1568154402895054,31.398138,81,169.0
GERAL,GERAL,23594624532,[PMAX - NARBONA - CS] #2,PERFORMANCE_MAX,2026-02-26,15363,12461,1.2328866062113795,57.473872,142,338.0
GERAL,GERAL,23594624532,[PMAX - NARBONA - CS] #2,PERFORMANCE_MAX,2026-02-27,12533,10026,1.2500498703371234,57.909116,130,309.0
GERAL,GERAL,23594624532,[PMAX - NARBONA - CS] #2,PERFORMANCE_MAX,2026-02-28,14187,11354,1.2495155892196583,55.206422,193,376.0
GERAL,GERAL,23594624532,[PMAX - NARBONA - CS] #2,PERFORMANCE_MAX,2026-03-01,9399,7508,1.2518646776771445,56.606065,276,421.0
GERAL,GERAL,23594624532,[PMAX - NARBONA - CS] #2,PERFORMANCE_MAX,2026-03-02,15108,11829,1.2772001014455998,37.22796,120,365.0
GERAL,GERAL,23594770968,[ALC - Narbona - VIDEO 02],VIDEO,2026-02-25,79,80,1.0375,0.516414,0,0.0
GERAL,GERAL,23594770968,[ALC - Narbona - VIDEO 02],VIDEO,2026-02-26,995,1199,1.0467055879899916,7.23517,1,0.0
GERAL,GERAL,23594770968,[ALC - Narbona - VIDEO 02],VIDEO,2026-02-27,611,699,1.0543633762517883,4.465462,1,0.0
GERAL,GERAL,23594770968,[ALC - Narbona - VIDEO 02],VIDEO,2026-02-28,465,501,1.0538922155688624,4.125117,0,0.0
GERAL,GERAL,23594770968,[ALC - Narbona - VIDEO 02],VIDEO,2026-03-01,670,785,1.0178343949044586,4.817664,1,2.0
GERAL,GERAL,23594770968,[ALC - Narbona - VIDEO 02],VIDEO,2026-03-02,526,600,1.055,3.489244,1,1.0
GERAL,GERAL,23604869951,[ALC - ALA GOURMET - DULADU + UNISUSHI - BS],VIDEO,2026-02-26,4840,2102,2.3025689819219792,22.680972,21,3.0
GERAL,GERAL,23604869951,[ALC - ALA GOURMET - DULADU + UNISUSHI - BS],VIDEO,2026-02-27,15802,6698,2.375783816064497,75.609882,31,15.0
GERAL,GERAL,23604869951,[ALC - ALA GOURMET - DULADU + UNISUSHI - BS],VIDEO,2026-02-28,16227,6681,2.4333183655141446,75.198882,19,15.0
GERAL,GERAL,23604869951,[ALC - ALA GOURMET - DULADU + UNISUSHI - BS],VIDEO,2026-03-01,15575,6439,2.4311228451622924,75.296333,23,13.0
GERAL,GERAL,23604869951,[ALC - ALA GOURMET - DULADU + UNISUSHI - BS],VIDEO,2026-03-02,17774,9187,1.938717753347121,75.010033,62,23.0
GERAL,GERAL,21741027756,[APP INSTAL - GS],MULTI_CHANNEL,2026-03-03,112,75,1.4933333333333334,10.573106,15,0.0
GERAL,GERAL,21741027756,[APP INSTAL - GS],MULTI_CHANNEL,2026-03-04,245,132,1.856060606060606,9.958833,28,0.0
GERAL,GERAL,21741027756,[APP INSTAL - GS],MULTI_CHANNEL,2026-03-05,269,156,1.7243589743589745,10.342295,23,0.0
GERAL,GERAL,21741027756,[APP INSTAL - GS],MULTI_CHANNEL,2026-03-06,106,73,1.452054794520548,10.36416,15,0.0
GERAL,GERAL,21741027756,[APP INSTAL - GS],MULTI_CHANNEL,2026-03-07,242,167,1.4491017964071857,12.189153,23,1.0
GERAL,GERAL,21741027756,[APP INSTAL - GS],MULTI_CHANNEL,2026-03-08,173,97,1.7835051546391754,11.60703,24,0.0
GERAL,GERAL,21741027756,[APP INSTAL - GS],MULTI_CHANNEL,2026-03-09,230,128,1.796875,11.098406,25,0.0
GERAL,GERAL,21741027756,[APP INSTAL - GS],MULTI_CHANNEL,2026-03-10,198,93,2.129032258064516,11.669063,20,0.0
GERAL,GERAL,21741027756,[APP INSTAL - GS],MULTI_CHANNEL,2026-03-11,104,53,1.9622641509433962,9.795282,13,0.0
GERAL,GERAL,21741027756,[APP INSTAL - GS],MULTI_CHANNEL,2026-03-12,191,142,1.3450704225352113,10.163116,22,0.0
GERAL,GERAL,21741027756,[APP INSTAL - GS],MULTI_CHANNEL,2026-03-13,111,73,1.5205479452054795,10.082108,15,0.0
GERAL,GERAL,21741027756,[APP INSTAL - GS],MULTI_CHANNEL,2026-03-14,192,109,1.761467889908257,10.179167,22,0.0
GERAL,GERAL,21741027756,[APP INSTAL - GS],MULTI_CHANNEL,2026-03-15,239,142,1.6830985915492958,9.938351,19,0.0
GERAL,GERAL,21741027756,[APP INSTAL - GS],MULTI_CHANNEL,2026-03-16,249,181,1.3756906077348066,9.758169,17,0.0
GERAL,GERAL,21741027756,[APP INSTAL - GS],MULTI_CHANNEL,2026-03-17,132,85,1.5529411764705883,9.369037,16,0.0
GERAL,GERAL,21741027756,[APP INSTAL - GS],MULTI_CHANNEL,2026-03-18,93,61,1.5245901639344261,10.448345,17,0.0
GERAL,GERAL,21741027756,[APP INSTAL - GS],MULTI_CHANNEL,2026-03-20,157,120,1.3083333333333333,10.575902,17,0.0
GERAL,GERAL,21741027756,[APP INSTAL - GS],MULTI_CHANNEL,2026-03-21,181,119,1.5210084033613445,8.305044,15,0.0
GERAL,GERAL,21741027756,[APP INSTAL - GS],MULTI_CHANNEL,2026-03-22,118,82,1.4390243902439024,9.101593,19,0.0
GERAL,GERAL,21741027756,[APP INSTAL - GS],MULTI_CHANNEL,2026-03-23,169,120,1.4083333333333334,9.460556,18,1.0
GERAL,GERAL,21741027756,[APP INSTAL - GS],MULTI_CHANNEL,2026-03-24,137,98,1.3979591836734695,9.955893,20,0.0
GERAL,GERAL,21741027756,[APP INSTAL - GS],MULTI_CHANNEL,2026-03-25,193,136,1.4191176470588236,9.419591,20,0.0
GERAL,GERAL,21741027756,[APP INSTAL - GS],MULTI_CHANNEL,2026-03-26,189,131,1.4427480916030535,10.159065,23,0.0
GERAL,GERAL,21741027756,[APP INSTAL - GS],MULTI_CHANNEL,2026-03-27,286,194,1.4742268041237114,9.396526,20,0.0
GERAL,GERAL,21741027756,[APP INSTAL - GS],MULTI_CHANNEL,2026-03-28,193,139,1.3884892086330936,8.667993,18,0.0
GERAL,GERAL,21741027756,[APP INSTAL - GS],MULTI_CHANNEL,2026-03-29,301,194,1.5515463917525774,7.836998,28,0.0
GERAL,GERAL,21741027756,[APP INSTAL - GS],MULTI_CHANNEL,2026-03-30,281,200,1.405,7.771721,19,0.0
GERAL,GERAL,21741027756,[APP INSTAL - GS],MULTI_CHANNEL,2026-03-31,185,144,1.2847222222222223,2.970639,9,0.0
GERAL,GERAL,21741027756,[APP INSTAL - GS],MULTI_CHANNEL,2026-04-01,148,86,1.7209302325581395,1.988273,10,0.0
GERAL,GERAL,21741027756,[APP INSTAL - GS],MULTI_CHANNEL,2026-04-02,176,136,1.2941176470588236,1.653266,11,0.0
GERAL,GERAL,21741027756,[APP INSTAL - GS],MULTI_CHANNEL,2026-04-03,170,129,1.317829457364341,4.508994,21,0.0
GERAL,GERAL,21741027756,[APP INSTAL - GS],MULTI_CHANNEL,2026-04-04,195,116,1.6810344827586208,3.575752,22,1.0
GERAL,GERAL,21741027756,[APP INSTAL - GS],MULTI_CHANNEL,2026-04-05,134,92,1.4565217391304348,4.367069,17,0.0
GERAL,GERAL,21741027756,[APP INSTAL - GS],MULTI_CHANNEL,2026-04-06,136,89,1.5280898876404494,3.913264,17,0.0
GERAL,GERAL,21741027756,[APP INSTAL - GS],MULTI_CHANNEL,2026-04-07,135,105,1.2857142857142858,3.70958,14,0.0
GERAL,GERAL,21741076989,[APP INSTAL - NK],MULTI_CHANNEL,2026-03-03,116,65,1.7846153846153847,9.860407,12,0.0
GERAL,GERAL,21741076989,[APP INSTAL - NK],MULTI_CHANNEL,2026-03-04,206,115,1.791304347826087,10.360615,21,0.0
GERAL,GERAL,21741076989,[APP INSTAL - NK],MULTI_CHANNEL,2026-03-05,177,113,1.5663716814159292,10.785745,16,0.0
GERAL,GERAL,21741076989,[APP INSTAL - NK],MULTI_CHANNEL,2026-03-06,122,73,1.6712328767123288,9.761557,13,0.0
GERAL,GERAL,21741076989,[APP INSTAL - NK],MULTI_CHANNEL,2026-03-07,314,218,1.4403669724770642,11.300677,27,0.0
GERAL,GERAL,21741076989,[APP INSTAL - NK],MULTI_CHANNEL,2026-03-08,268,194,1.3814432989690721,11.093825,24,0.0
GERAL,GERAL,21741076989,[APP INSTAL - NK],MULTI_CHANNEL,2026-03-09,147,97,1.5154639175257731,12.919192,19,0.0
GERAL,GERAL,21741076989,[APP INSTAL - NK],MULTI_CHANNEL,2026-03-10,154,101,1.5247524752475248,10.937799,18,0.0
GERAL,GERAL,21741076989,[APP INSTAL - NK],MULTI_CHANNEL,2026-03-11,156,111,1.4054054054054055,10.17899,19,0.0
GERAL,GERAL,21741076989,[APP INSTAL - NK],MULTI_CHANNEL,2026-03-12,140,109,1.2844036697247707,10.144628,17,0.0
GERAL,GERAL,21741076989,[APP INSTAL - NK],MULTI_CHANNEL,2026-03-13,125,94,1.3297872340425532,9.372194,12,0.0
GERAL,GERAL,21741076989,[APP INSTAL - NK],MULTI_CHANNEL,2026-03-14,248,134,1.8507462686567164,10.48589,20,0.0
GERAL,GERAL,21741076989,[APP INSTAL - NK],MULTI_CHANNEL,2026-03-15,187,117,1.5982905982905984,9.542613,20,0.0
GERAL,GERAL,21741076989,[APP INSTAL - NK],MULTI_CHANNEL,2026-03-16,177,143,1.2377622377622377,9.777936,20,0.0
GERAL,GERAL,21741076989,[APP INSTAL - NK],MULTI_CHANNEL,2026-03-17,119,77,1.5454545454545454,9.982545,17,0.0
GERAL,GERAL,21741076989,[APP INSTAL - NK],MULTI_CHANNEL,2026-03-18,128,80,1.6,10.257813,16,0.0
GERAL,GERAL,21741076989,[APP INSTAL - NK],MULTI_CHANNEL,2026-03-19,143,117,1.2222222222222223,9.441432,17,0.0
GERAL,GERAL,21741076989,[APP INSTAL - NK],MULTI_CHANNEL,2026-03-20,113,80,1.4125,9.542596,17,0.0
GERAL,GERAL,21741076989,[APP INSTAL - NK],MULTI_CHANNEL,2026-03-21,236,170,1.388235294117647,9.011297,31,0.0
GERAL,GERAL,21741076989,[APP INSTAL - NK],MULTI_CHANNEL,2026-03-22,84,66,1.2727272727272727,9.141617,14,0.0
GERAL,GERAL,21741076989,[APP INSTAL - NK],MULTI_CHANNEL,2026-03-23,209,144,1.4513888888888888,9.662951,21,1.0
GERAL,GERAL,21741076989,[APP INSTAL - NK],MULTI_CHANNEL,2026-03-24,177,139,1.2733812949640289,9.35522,22,0.0
GERAL,GERAL,21741076989,[APP INSTAL - NK],MULTI_CHANNEL,2026-03-25,203,124,1.6370967741935485,9.972816,28,0.0
GERAL,GERAL,21741076989,[APP INSTAL - NK],MULTI_CHANNEL,2026-03-26,180,121,1.487603305785124,9.862933,19,0.0
GERAL,GERAL,21741076989,[APP INSTAL - NK],MULTI_CHANNEL,2026-03-27,214,153,1.3986928104575163,9.469998,23,0.0
GERAL,GERAL,21741076989,[APP INSTAL - NK],MULTI_CHANNEL,2026-03-28,301,210,1.4333333333333333,9.483453,34,0.0
GERAL,GERAL,21741076989,[APP INSTAL - NK],MULTI_CHANNEL,2026-03-29,194,154,1.2597402597402598,7.883539,21,0.0
GERAL,GERAL,21741076989,[APP INSTAL - NK],MULTI_CHANNEL,2026-03-30,143,114,1.2543859649122806,2.743917,11,0.0
GERAL,GERAL,21741076989,[APP INSTAL - NK],MULTI_CHANNEL,2026-03-31,112,82,1.3658536585365855,2.159757,5,0.0
GERAL,GERAL,21741076989,[APP INSTAL - NK],MULTI_CHANNEL,2026-04-01,79,52,1.5192307692307692,2.139413,5,0.0
GERAL,GERAL,21741076989,[APP INSTAL - NK],MULTI_CHANNEL,2026-04-02,101,79,1.2784810126582278,0.358232,4,0.0
GERAL,GERAL,21741076989,[APP INSTAL - NK],MULTI_CHANNEL,2026-04-03,76,63,1.2063492063492063,0.729864,2,0.0
GERAL,GERAL,21741076989,[APP INSTAL - NK],MULTI_CHANNEL,2026-04-04,89,74,1.2027027027027026,0.356198,4,0.0
GERAL,GERAL,21741076989,[APP INSTAL - NK],MULTI_CHANNEL,2026-04-05,82,73,1.1232876712328768,0.293249,3,0.0
GERAL,GERAL,21741076989,[APP INSTAL - NK],MULTI_CHANNEL,2026-04-07,1017,722,1.4085872576177285,26.333368,35,0.0
GERAL,GERAL,21741076989,[APP INSTAL - NK],MULTI_CHANNEL,2026-04-08,303,240,1.2625,28.756196,42,0.0
GERAL,GERAL,21741076989,[APP INSTAL - NK],MULTI_CHANNEL,2026-04-09,325,213,1.5258215962441315,27.802827,41,0.0
GERAL,GERAL,21741076989,[APP INSTAL - NK],MULTI_CHANNEL,2026-04-10,216,157,1.375796178343949,10.05923,15,0.0
GERAL,GERAL,21741076989,[APP INSTAL - NK],MULTI_CHANNEL,2026-04-11,129,90,1.4333333333333333,10.930811,13,0.0
GERAL,GERAL,21741076989,[APP INSTAL - NK],MULTI_CHANNEL,2026-04-12,128,108,1.1851851851851851,13.394441,14,0.0
GERAL,GERAL,21741076989,[APP INSTAL - NK],MULTI_CHANNEL,2026-04-13,67,54,1.2407407407407407,1.255066,5,0.0
GERAL,GERAL,21741076989,[APP INSTAL - NK],MULTI_CHANNEL,2026-04-23,78,67,1.164179104477612,0.535291,3,0.0
GERAL,GERAL,21741092154,[APP INSTAL - NS],MULTI_CHANNEL,2026-03-03,293,196,1.4948979591836735,20.560755,31,0.0
GERAL,GERAL,21741092154,[APP INSTAL - NS],MULTI_CHANNEL,2026-03-04,349,237,1.4725738396624473,19.170032,31,0.0
GERAL,GERAL,21741092154,[APP INSTAL - NS],MULTI_CHANNEL,2026-03-05,307,198,1.5505050505050506,19.208226,33,0.0
GERAL,GERAL,21741092154,[APP INSTAL - NS],MULTI_CHANNEL,2026-03-06,221,138,1.6014492753623188,18.422575,26,0.0
GERAL,GERAL,21741092154,[APP INSTAL - NS],MULTI_CHANNEL,2026-03-07,303,174,1.7413793103448276,22.609439,32,0.0
GERAL,GERAL,21741092154,[APP INSTAL - NS],MULTI_CHANNEL,2026-03-08,551,367,1.5013623978201636,21.210011,42,1.0
GERAL,GERAL,21741092154,[APP INSTAL - NS],MULTI_CHANNEL,2026-03-09,669,403,1.6600496277915633,21.294195,40,0.0
GERAL,GERAL,21741092154,[APP INSTAL - NS],MULTI_CHANNEL,2026-03-10,442,294,1.5034013605442176,20.777867,41,0.0
GERAL,GERAL,21741092154,[APP INSTAL - NS],MULTI_CHANNEL,2026-03-11,193,107,1.8037383177570094,19.300033,22,0.0
GERAL,GERAL,21741092154,[APP INSTAL - NS],MULTI_CHANNEL,2026-03-12,337,225,1.4977777777777779,20.418884,28,0.0
GERAL,GERAL,21741092154,[APP INSTAL - NS],MULTI_CHANNEL,2026-03-13,114,52,2.1923076923076925,19.321101,24,0.0
GERAL,GERAL,21741092154,[APP INSTAL - NS],MULTI_CHANNEL,2026-03-14,128,78,1.641025641025641,19.654315,21,0.0
GERAL,GERAL,21741092154,[APP INSTAL - NS],MULTI_CHANNEL,2026-03-15,174,100,1.74,19.04536,27,0.0
GERAL,GERAL,21741092154,[APP INSTAL - NS],MULTI_CHANNEL,2026-03-16,239,138,1.7318840579710144,19.341048,24,0.0
GERAL,GERAL,21741092154,[APP INSTAL - NS],MULTI_CHANNEL,2026-03-17,197,127,1.5511811023622046,18.248648,22,0.0
GERAL,GERAL,21741092154,[APP INSTAL - NS],MULTI_CHANNEL,2026-03-18,226,145,1.5586206896551724,18.795746,28,0.0
GERAL,GERAL,21741092154,[APP INSTAL - NS],MULTI_CHANNEL,2026-03-19,244,130,1.876923076923077,18.234528,28,0.0
GERAL,GERAL,21741092154,[APP INSTAL - NS],MULTI_CHANNEL,2026-03-20,243,140,1.7357142857142858,18.342874,25,0.0
GERAL,GERAL,21741092154,[APP INSTAL - NS],MULTI_CHANNEL,2026-03-21,210,118,1.7796610169491525,17.332435,25,0.0
GERAL,GERAL,21741092154,[APP INSTAL - NS],MULTI_CHANNEL,2026-03-22,220,151,1.4569536423841059,17.878976,28,0.0
GERAL,GERAL,21741092154,[APP INSTAL - NS],MULTI_CHANNEL,2026-03-23,347,229,1.51528384279476,16.795097,58,0.0
GERAL,GERAL,21741092154,[APP INSTAL - NS],MULTI_CHANNEL,2026-03-24,239,175,1.3657142857142857,17.754094,48,0.0
GERAL,GERAL,21741092154,[APP INSTAL - NS],MULTI_CHANNEL,2026-03-25,108,89,1.2134831460674158,16.194802,24,0.0
GERAL,GERAL,21741092154,[APP INSTAL - NS],MULTI_CHANNEL,2026-03-26,164,117,1.4017094017094016,19.443443,31,0.0
GERAL,GERAL,21741092154,[APP INSTAL - NS],MULTI_CHANNEL,2026-03-27,293,188,1.5585106382978724,18.137472,32,0.0
GERAL,GERAL,21741092154,[APP INSTAL - NS],MULTI_CHANNEL,2026-03-28,350,239,1.4644351464435146,17.417512,47,0.0
GERAL,GERAL,21741092154,[APP INSTAL - NS],MULTI_CHANNEL,2026-03-29,315,209,1.507177033492823,15.525522,34,0.0
GERAL,GERAL,21741092154,[APP INSTAL - NS],MULTI_CHANNEL,2026-03-30,242,140,1.7285714285714286,15.142711,21,0.0
GERAL,GERAL,21741092154,[APP INSTAL - NS],MULTI_CHANNEL,2026-03-31,323,215,1.5023255813953489,14.962052,23,0.0
GERAL,GERAL,21741092154,[APP INSTAL - NS],MULTI_CHANNEL,2026-04-01,621,373,1.6648793565683646,22.187111,42,0.0
GERAL,GERAL,21741092154,[APP INSTAL - NS],MULTI_CHANNEL,2026-04-02,784,479,1.6367432150313153,19.497318,35,0.0
GERAL,GERAL,21741092154,[APP INSTAL - NS],MULTI_CHANNEL,2026-04-03,374,230,1.626086956521739,19.148551,29,0.0
GERAL,GERAL,21741092154,[APP INSTAL - NS],MULTI_CHANNEL,2026-04-04,535,332,1.6114457831325302,19.461969,39,0.0
GERAL,GERAL,21741092154,[APP INSTAL - NS],MULTI_CHANNEL,2026-04-05,669,439,1.5239179954441913,18.572321,36,0.0
GERAL,GERAL,21741092154,[APP INSTAL - NS],MULTI_CHANNEL,2026-04-06,715,475,1.5052631578947369,20.623483,36,0.0
GERAL,GERAL,21741092154,[APP INSTAL - NS],MULTI_CHANNEL,2026-04-07,706,485,1.4556701030927834,19.448873,41,0.0
GERAL,GERAL,21741092154,[APP INSTAL - NS],MULTI_CHANNEL,2026-04-08,218,153,1.4248366013071896,10.061752,11,0.0
GERAL,GERAL,21741092154,[APP INSTAL - NS],MULTI_CHANNEL,2026-04-09,444,282,1.574468085106383,13.780915,21,0.0
GERAL,GERAL,21741092154,[APP INSTAL - NS],MULTI_CHANNEL,2026-04-10,821,485,1.6927835051546392,23.306468,43,0.0
GERAL,GERAL,21741092154,[APP INSTAL - NS],MULTI_CHANNEL,2026-04-11,1183,828,1.428743961352657,55.233082,85,0.0
GERAL,GERAL,21741092154,[APP INSTAL - NS],MULTI_CHANNEL,2026-04-12,2182,1878,1.161874334398296,43.252871,59,0.0
GERAL,GERAL,21741092154,[APP INSTAL - NS],MULTI_CHANNEL,2026-04-13,1685,1510,1.1158940397350994,22.542662,24,0.0
GERAL,GERAL,21741092154,[APP INSTAL - NS],MULTI_CHANNEL,2026-04-14,423,364,1.1620879120879122,11.441099,13,0.0
GERAL,GERAL,21741092154,[APP INSTAL - NS],MULTI_CHANNEL,2026-04-15,242,194,1.2474226804123711,2.169851,10,0.0
GERAL,GERAL,21741092154,[APP INSTAL - NS],MULTI_CHANNEL,2026-04-16,252,170,1.4823529411764707,3.518243,5,0.0
GERAL,GERAL,21741092154,[APP INSTAL - NS],MULTI_CHANNEL,2026-04-17,192,109,1.761467889908257,0.575711,7,1.0
GERAL,GERAL,21741092154,[APP INSTAL - NS],MULTI_CHANNEL,2026-04-18,241,158,1.5253164556962024,1.660074,11,0.0
GERAL,GERAL,21741092154,[APP INSTAL - NS],MULTI_CHANNEL,2026-04-19,187,109,1.7155963302752293,2.5641,10,1.0
GERAL,GERAL,21741092154,[APP INSTAL - NS],MULTI_CHANNEL,2026-04-20,162,82,1.975609756097561,3.518616,8,0.0
GERAL,GERAL,21741092154,[APP INSTAL - NS],MULTI_CHANNEL,2026-04-21,247,166,1.4879518072289157,2.142265,14,0.0
GERAL,GERAL,21741092154,[APP INSTAL - NS],MULTI_CHANNEL,2026-04-22,291,146,1.9931506849315068,2.334224,16,0.0
GERAL,GERAL,21741092154,[APP INSTAL - NS],MULTI_CHANNEL,2026-04-23,400,269,1.486988847583643,4.266003,18,0.0
GERAL,GERAL,21741092154,[APP INSTAL - NS],MULTI_CHANNEL,2026-04-24,201,119,1.6890756302521008,1.29175,16,0.0
GERAL,GERAL,21741092154,[APP INSTAL - NS],MULTI_CHANNEL,2026-04-25,196,123,1.5934959349593496,1.608769,23,2.0
GERAL,GERAL,21741092154,[APP INSTAL - NS],MULTI_CHANNEL,2026-04-26,265,159,1.6666666666666667,3.508269,37,0.0
GERAL,GERAL,21741092154,[APP INSTAL - NS],MULTI_CHANNEL,2026-04-27,341,239,1.4267782426778242,1.414395,19,0.0
GERAL,GERAL,21741092154,[APP INSTAL - NS],MULTI_CHANNEL,2026-04-28,139,103,1.3495145631067962,0.68921,8,0.0
GERAL,GERAL,21741092154,[APP INSTAL - NS],MULTI_CHANNEL,2026-04-29,113,89,1.2696629213483146,0.796786,9,0.0
GERAL,GERAL,21741092154,[APP INSTAL - NS],MULTI_CHANNEL,2026-04-30,264,197,1.3401015228426396,2.300919,18,0.0
GERAL,GERAL,21741092154,[APP INSTAL - NS],MULTI_CHANNEL,2026-05-01,266,201,1.3233830845771144,2.099595,23,1.0
GERAL,GERAL,21741092154,[APP INSTAL - NS],MULTI_CHANNEL,2026-05-02,75,57,1.3157894736842106,0.68973,7,0.0
GERAL,GERAL,21741092154,[APP INSTAL - NS],MULTI_CHANNEL,2026-05-07,62,50,1.24,0.554284,8,0.0
GERAL,GERAL,21741092154,[APP INSTAL - NS],MULTI_CHANNEL,2026-05-08,77,60,1.2833333333333334,1.345767,12,1.0
GERAL,GERAL,21741092154,[APP INSTAL - NS],MULTI_CHANNEL,2026-05-09,124,106,1.169811320754717,2.738193,30,0.0
GERAL,GERAL,21741092154,[APP INSTAL - NS],MULTI_CHANNEL,2026-05-10,315,228,1.381578947368421,3.649328,35,0.0
GERAL,GERAL,21741092154,[APP INSTAL - NS],MULTI_CHANNEL,2026-05-11,179,153,1.1699346405228759,1.20656,17,0.0
GERAL,GERAL,21741092154,[APP INSTAL - NS],MULTI_CHANNEL,2026-05-12,108,80,1.35,1.372339,16,0.0
GERAL,GERAL,21741092154,[APP INSTAL - NS],MULTI_CHANNEL,2026-05-13,73,57,1.280701754385965,0.912614,12,1.0
GERAL,GERAL,21741092154,[APP INSTAL - NS],MULTI_CHANNEL,2026-05-15,93,51,1.8235294117647058,0.770712,8,1.0
GERAL,GERAL,21741092154,[APP INSTAL - NS],MULTI_CHANNEL,2026-05-16,75,56,1.3392857142857142,1.316411,18,1.0
GERAL,GERAL,21741092154,[APP INSTAL - NS],MULTI_CHANNEL,2026-05-17,79,63,1.253968253968254,1.282939,18,0.0
GERAL,GERAL,21741092154,[APP INSTAL - NS],MULTI_CHANNEL,2026-05-18,62,51,1.2156862745098038,1.933527,14,0.0
GERAL,GERAL,21741092154,[APP INSTAL - NS],MULTI_CHANNEL,2026-05-19,97,87,1.1149425287356323,0.685866,9,0.0
GERAL,GERAL,21741092154,[APP INSTAL - NS],MULTI_CHANNEL,2026-05-20,176,113,1.5575221238938053,4.490283,12,1.0
GERAL,GERAL,21741092154,[APP INSTAL - NS],MULTI_CHANNEL,2026-05-21,158,114,1.3859649122807018,1.744653,16,0.0
GERAL,GERAL,21741092154,[APP INSTAL - NS],MULTI_CHANNEL,2026-05-22,139,108,1.287037037037037,2.294643,16,1.0
GERAL,GERAL,21741092154,[APP INSTAL - NS],MULTI_CHANNEL,2026-05-23,184,128,1.4375,1.7575,19,0.0
GERAL,GERAL,21741092154,[APP INSTAL - NS],MULTI_CHANNEL,2026-05-24,188,137,1.3722627737226278,2.39626,39,1.0
GERAL,GERAL,21741092154,[APP INSTAL - NS],MULTI_CHANNEL,2026-05-25,128,97,1.3195876288659794,0.847818,12,0.0
GERAL,GERAL,21741092154,[APP INSTAL - NS],MULTI_CHANNEL,2026-05-26,82,65,1.2615384615384615,0.448263,11,0.0
GERAL,GERAL,21741092154,[APP INSTAL - NS],MULTI_CHANNEL,2026-05-27,93,88,1.0568181818181819,0.304763,4,0.0
GERAL,GERAL,21741092154,[APP INSTAL - NS],MULTI_CHANNEL,2026-05-31,175,129,1.3565891472868217,1.163716,21,0.0
GERAL,GERAL,21747173498,[APP INSTAL - CS],MULTI_CHANNEL,2026-03-04,221,110,2.0090909090909093,10.382938,23,0.0
GERAL,GERAL,21747173498,[APP INSTAL - CS],MULTI_CHANNEL,2026-03-05,110,76,1.4473684210526316,10.545629,15,0.0
GERAL,GERAL,21747173498,[APP INSTAL - CS],MULTI_CHANNEL,2026-03-06,116,75,1.5466666666666666,10.231079,13,0.0
GERAL,GERAL,21747173498,[APP INSTAL - CS],MULTI_CHANNEL,2026-03-07,143,88,1.625,11.987062,17,0.0
GERAL,GERAL,21747173498,[APP INSTAL - CS],MULTI_CHANNEL,2026-03-08,128,94,1.3617021276595744,11.925644,15,0.0
GERAL,GERAL,21747173498,[APP INSTAL - CS],MULTI_CHANNEL,2026-03-09,130,94,1.3829787234042554,11.330201,17,0.0
GERAL,GERAL,21747173498,[APP INSTAL - CS],MULTI_CHANNEL,2026-03-10,142,104,1.3653846153846154,11.153062,37,0.0
GERAL,GERAL,21747173498,[APP INSTAL - CS],MULTI_CHANNEL,2026-03-11,135,107,1.2616822429906542,9.298029,24,0.0
GERAL,GERAL,21747173498,[APP INSTAL - CS],MULTI_CHANNEL,2026-03-12,151,115,1.3130434782608695,10.224433,28,0.0
GERAL,GERAL,21747173498,[APP INSTAL - CS],MULTI_CHANNEL,2026-03-13,109,81,1.345679012345679,10.161032,21,0.0
GERAL,GERAL,21747173498,[APP INSTAL - CS],MULTI_CHANNEL,2026-03-14,235,160,1.46875,9.270207,54,0.0
GERAL,GERAL,21747173498,[APP INSTAL - CS],MULTI_CHANNEL,2026-03-15,103,76,1.355263157894737,10.130311,19,0.0
GERAL,GERAL,21747173498,[APP INSTAL - CS],MULTI_CHANNEL,2026-03-16,195,131,1.4885496183206106,8.946899,18,0.0
GERAL,GERAL,21747173498,[APP INSTAL - CS],MULTI_CHANNEL,2026-03-17,98,78,1.2564102564102564,9.494722,16,0.0
GERAL,GERAL,21747173498,[APP INSTAL - CS],MULTI_CHANNEL,2026-03-18,87,63,1.380952380952381,9.780723,13,0.0
GERAL,GERAL,21747173498,[APP INSTAL - CS],MULTI_CHANNEL,2026-03-19,200,153,1.3071895424836601,9.479744,19,0.0
GERAL,GERAL,21747173498,[APP INSTAL - CS],MULTI_CHANNEL,2026-03-20,235,176,1.3352272727272727,10.533915,23,0.0
GERAL,GERAL,21747173498,[APP INSTAL - CS],MULTI_CHANNEL,2026-03-21,162,106,1.528301886792453,8.385546,15,0.0
GERAL,GERAL,21747173498,[APP INSTAL - CS],MULTI_CHANNEL,2026-03-23,130,92,1.4130434782608696,9.70975,15,0.0
GERAL,GERAL,21747173498,[APP INSTAL - CS],MULTI_CHANNEL,2026-03-24,136,104,1.3076923076923077,9.005215,17,0.0
GERAL,GERAL,21747173498,[APP INSTAL - CS],MULTI_CHANNEL,2026-03-25,208,158,1.3164556962025316,9.274176,26,0.0
GERAL,GERAL,21747173498,[APP INSTAL - CS],MULTI_CHANNEL,2026-03-26,188,132,1.4242424242424243,10.424102,18,0.0
GERAL,GERAL,21747173498,[APP INSTAL - CS],MULTI_CHANNEL,2026-03-27,258,175,1.4742857142857142,9.848163,31,0.0
GERAL,GERAL,21747173498,[APP INSTAL - CS],MULTI_CHANNEL,2026-03-28,214,146,1.4657534246575343,9.472472,32,0.0
GERAL,GERAL,21747173498,[APP INSTAL - CS],MULTI_CHANNEL,2026-03-29,171,100,1.71,7.989209,17,0.0
GERAL,GERAL,21747173498,[APP INSTAL - CS],MULTI_CHANNEL,2026-03-30,343,200,1.715,8.063479,27,0.0
GERAL,GERAL,21747173498,[APP INSTAL - CS],MULTI_CHANNEL,2026-03-31,116,89,1.303370786516854,0.435138,2,0.0
GERAL,GERAL,21747173498,[APP INSTAL - CS],MULTI_CHANNEL,2026-04-01,157,95,1.6526315789473685,2.464495,10,0.0
GERAL,GERAL,21747173498,[APP INSTAL - CS],MULTI_CHANNEL,2026-04-02,198,137,1.4452554744525548,3.330727,18,1.0
GERAL,GERAL,21747173498,[APP INSTAL - CS],MULTI_CHANNEL,2026-04-03,191,143,1.3356643356643356,1.683867,8,0.0
GERAL,GERAL,21747173498,[APP INSTAL - CS],MULTI_CHANNEL,2026-04-04,206,166,1.2409638554216869,3.777432,16,0.0
GERAL,GERAL,21747173498,[APP INSTAL - CS],MULTI_CHANNEL,2026-04-05,184,152,1.2105263157894737,4.942284,24,0.0
GERAL,GERAL,21747173498,[APP INSTAL - CS],MULTI_CHANNEL,2026-04-06,168,126,1.3333333333333333,2.52457,14,0.0
GERAL,GERAL,21747173498,[APP INSTAL - CS],MULTI_CHANNEL,2026-04-07,85,65,1.3076923076923077,1.628136,7,0.0
GERAL,GERAL,21750784471,[APP INSTAL - BS],MULTI_CHANNEL,2026-03-03,249,178,1.398876404494382,18.990544,28,0.0
GERAL,GERAL,21750784471,[APP INSTAL - BS],MULTI_CHANNEL,2026-03-04,592,395,1.4987341772151899,20.802994,47,0.0
GERAL,GERAL,21750784471,[APP INSTAL - BS],MULTI_CHANNEL,2026-03-05,590,365,1.6164383561643836,20.737368,44,0.0
GERAL,GERAL,21750784471,[APP INSTAL - BS],MULTI_CHANNEL,2026-03-06,310,223,1.390134529147982,20.102161,28,0.0
GERAL,GERAL,21750784471,[APP INSTAL - BS],MULTI_CHANNEL,2026-03-07,581,382,1.5209424083769634,22.39628,48,0.0
GERAL,GERAL,21750784471,[APP INSTAL - BS],MULTI_CHANNEL,2026-03-08,948,694,1.3659942363112392,21.811539,55,1.0
GERAL,GERAL,21750784471,[APP INSTAL - BS],MULTI_CHANNEL,2026-03-09,470,340,1.3823529411764706,21.860023,37,1.0
GERAL,GERAL,21750784471,[APP INSTAL - BS],MULTI_CHANNEL,2026-03-10,435,240,1.8125,22.052617,53,0.0
GERAL,GERAL,21750784471,[APP INSTAL - BS],MULTI_CHANNEL,2026-03-11,314,212,1.4811320754716981,19.735362,43,0.0
GERAL,GERAL,21750784471,[APP INSTAL - BS],MULTI_CHANNEL,2026-03-12,389,271,1.4354243542435425,19.729486,40,0.0
GERAL,GERAL,21750784471,[APP INSTAL - BS],MULTI_CHANNEL,2026-03-13,143,101,1.4158415841584158,19.890011,27,0.0
GERAL,GERAL,21750784471,[APP INSTAL - BS],MULTI_CHANNEL,2026-03-14,218,132,1.6515151515151516,20.491461,26,0.0
GERAL,GERAL,21750784471,[APP INSTAL - BS],MULTI_CHANNEL,2026-03-15,431,305,1.4131147540983606,22.871311,37,0.0
GERAL,GERAL,21750784471,[APP INSTAL - BS],MULTI_CHANNEL,2026-03-16,196,144,1.3611111111111112,19.743894,29,0.0
GERAL,GERAL,21750784471,[APP INSTAL - BS],MULTI_CHANNEL,2026-03-17,167,116,1.4396551724137931,20.405416,31,0.0
GERAL,GERAL,21750784471,[APP INSTAL - BS],MULTI_CHANNEL,2026-03-18,313,192,1.6302083333333333,19.481316,35,0.0
GERAL,GERAL,21750784471,[APP INSTAL - BS],MULTI_CHANNEL,2026-03-19,159,109,1.4587155963302751,18.465176,22,0.0
GERAL,GERAL,21750784471,[APP INSTAL - BS],MULTI_CHANNEL,2026-03-20,411,316,1.3006329113924051,19.626464,45,0.0
GERAL,GERAL,21750784471,[APP INSTAL - BS],MULTI_CHANNEL,2026-03-21,230,165,1.393939393939394,18.167167,30,0.0
GERAL,GERAL,21750784471,[APP INSTAL - BS],MULTI_CHANNEL,2026-03-22,372,263,1.414448669201521,18.768037,47,0.0
GERAL,GERAL,21750784471,[APP INSTAL - BS],MULTI_CHANNEL,2026-03-23,161,109,1.4770642201834863,18.141663,23,0.0
GERAL,GERAL,21750784471,[APP INSTAL - BS],MULTI_CHANNEL,2026-03-24,303,227,1.3348017621145374,18.108922,45,0.0
GERAL,GERAL,21750784471,[APP INSTAL - BS],MULTI_CHANNEL,2026-03-25,277,197,1.4060913705583757,18.581321,31,0.0
GERAL,GERAL,21750784471,[APP INSTAL - BS],MULTI_CHANNEL,2026-03-26,155,85,1.8235294117647058,21.604937,32,0.0
GERAL,GERAL,21750784471,[APP INSTAL - BS],MULTI_CHANNEL,2026-03-27,255,176,1.4488636363636365,19.460912,34,0.0
GERAL,GERAL,21750784471,[APP INSTAL - BS],MULTI_CHANNEL,2026-03-28,643,437,1.471395881006865,17.541905,68,2.0
GERAL,GERAL,21750784471,[APP INSTAL - BS],MULTI_CHANNEL,2026-03-29,420,283,1.4840989399293287,16.655154,60,2.0
GERAL,GERAL,21750784471,[APP INSTAL - BS],MULTI_CHANNEL,2026-03-30,233,187,1.2459893048128343,16.328,21,0.0
GERAL,GERAL,21750784471,[APP INSTAL - BS],MULTI_CHANNEL,2026-03-31,286,218,1.311926605504587,16.216721,29,0.0
GERAL,GERAL,21750784471,[APP INSTAL - BS],MULTI_CHANNEL,2026-04-01,452,329,1.3738601823708207,23.562316,46,0.0
GERAL,GERAL,21750784471,[APP INSTAL - BS],MULTI_CHANNEL,2026-04-02,578,422,1.3696682464454977,23.338117,37,1.0
GERAL,GERAL,21750784471,[APP INSTAL - BS],MULTI_CHANNEL,2026-04-03,880,639,1.3771517996870108,19.984159,51,1.0
GERAL,GERAL,21750784471,[APP INSTAL - BS],MULTI_CHANNEL,2026-04-04,1198,837,1.4313022700119475,20.258991,49,0.0
GERAL,GERAL,21750784471,[APP INSTAL - BS],MULTI_CHANNEL,2026-04-05,1007,726,1.3870523415977962,20.625581,40,0.0
GERAL,GERAL,21750784471,[APP INSTAL - BS],MULTI_CHANNEL,2026-04-06,810,614,1.3192182410423452,20.49134,36,0.0
GERAL,GERAL,21750784471,[APP INSTAL - BS],MULTI_CHANNEL,2026-04-07,811,623,1.3017656500802568,19.952307,43,0.0
GERAL,GERAL,21750784471,[APP INSTAL - BS],MULTI_CHANNEL,2026-04-08,676,470,1.4382978723404256,16.730659,51,0.0
GERAL,GERAL,21750784471,[APP INSTAL - BS],MULTI_CHANNEL,2026-04-09,547,351,1.5584045584045585,12.762347,39,0.0
GERAL,GERAL,21750784471,[APP INSTAL - BS],MULTI_CHANNEL,2026-04-10,446,275,1.6218181818181818,7.564821,20,0.0
GERAL,GERAL,21750784471,[APP INSTAL - BS],MULTI_CHANNEL,2026-04-11,612,402,1.5223880597014925,9.667914,50,0.0
GERAL,GERAL,21750784471,[APP INSTAL - BS],MULTI_CHANNEL,2026-04-12,871,623,1.3980738362760834,23.730715,74,0.0
GERAL,GERAL,21750784471,[APP INSTAL - BS],MULTI_CHANNEL,2026-04-13,653,499,1.308617234468938,10.246474,18,0.0
GERAL,GERAL,21750784471,[APP INSTAL - BS],MULTI_CHANNEL,2026-04-14,264,204,1.2941176470588236,8.730593,12,0.0
GERAL,GERAL,21750784471,[APP INSTAL - BS],MULTI_CHANNEL,2026-04-15,217,149,1.4563758389261745,3.919009,15,0.0
GERAL,GERAL,21750784471,[APP INSTAL - BS],MULTI_CHANNEL,2026-04-16,141,91,1.5494505494505495,5.297923,21,0.0
GERAL,GERAL,21750784471,[APP INSTAL - BS],MULTI_CHANNEL,2026-04-17,169,117,1.4444444444444444,3.557538,12,0.0
GERAL,GERAL,21750784471,[APP INSTAL - BS],MULTI_CHANNEL,2026-04-18,301,167,1.8023952095808384,5.5955,26,0.0
GERAL,GERAL,21750784471,[APP INSTAL - BS],MULTI_CHANNEL,2026-04-19,251,162,1.5493827160493827,6.638646,31,0.0
GERAL,GERAL,21750784471,[APP INSTAL - BS],MULTI_CHANNEL,2026-04-20,211,152,1.388157894736842,8.308971,34,1.0
GERAL,GERAL,21750784471,[APP INSTAL - BS],MULTI_CHANNEL,2026-04-21,74,53,1.3962264150943395,0.733295,12,0.0
GERAL,GERAL,21750784471,[APP INSTAL - BS],MULTI_CHANNEL,2026-04-22,62,55,1.1272727272727272,1.264671,9,0.0
GERAL,GERAL,21750784471,[APP INSTAL - BS],MULTI_CHANNEL,2026-04-23,87,67,1.2985074626865671,0.804328,10,0.0
GERAL,GERAL,21750784471,[APP INSTAL - BS],MULTI_CHANNEL,2026-04-25,85,78,1.0897435897435896,2.065008,34,5.0
GERAL,GERAL,21750784471,[APP INSTAL - BS],MULTI_CHANNEL,2026-04-26,92,88,1.0454545454545454,1.260941,22,0.0
GERAL,GERAL,21750784471,[APP INSTAL - BS],MULTI_CHANNEL,2026-04-27,236,218,1.0825688073394495,4.169867,59,0.0
GERAL,GERAL,21750784471,[APP INSTAL - BS],MULTI_CHANNEL,2026-04-28,127,113,1.1238938053097345,2.336724,38,3.0
GERAL,GERAL,21750784471,[APP INSTAL - BS],MULTI_CHANNEL,2026-04-29,108,96,1.125,2.043165,32,1.0
GERAL,GERAL,21750784471,[APP INSTAL - BS],MULTI_CHANNEL,2026-04-30,216,187,1.1550802139037433,2.56372,39,1.0
GERAL,GERAL,21750784471,[APP INSTAL - BS],MULTI_CHANNEL,2026-05-01,242,212,1.1415094339622642,4.835197,70,6.0
GERAL,GERAL,21750784471,[APP INSTAL - BS],MULTI_CHANNEL,2026-05-02,100,92,1.0869565217391304,3.045654,47,1.0
GERAL,GERAL,21750784471,[APP INSTAL - BS],MULTI_CHANNEL,2026-05-07,94,82,1.146341463414634,2.778241,48,1.0
GERAL,GERAL,21750784471,[APP INSTAL - BS],MULTI_CHANNEL,2026-05-08,114,114,1.0,2.926755,44,0.0
GERAL,GERAL,21750784471,[APP INSTAL - BS],MULTI_CHANNEL,2026-05-09,251,240,1.0458333333333334,8.366588,121,6.0
GERAL,GERAL,21750784471,[APP INSTAL - BS],MULTI_CHANNEL,2026-05-10,260,245,1.0612244897959184,10.85151,127,5.0
GERAL,GERAL,21750784471,[APP INSTAL - BS],MULTI_CHANNEL,2026-05-11,152,139,1.0935251798561152,2.986202,39,0.0
GERAL,GERAL,21750784471,[APP INSTAL - BS],MULTI_CHANNEL,2026-05-12,158,147,1.0748299319727892,4.782514,51,1.0
GERAL,GERAL,21750784471,[APP INSTAL - BS],MULTI_CHANNEL,2026-05-13,95,90,1.0555555555555556,1.599203,27,1.0
GERAL,GERAL,21750784471,[APP INSTAL - BS],MULTI_CHANNEL,2026-05-14,80,77,1.0389610389610389,1.616463,25,0.0
GERAL,GERAL,21750784471,[APP INSTAL - BS],MULTI_CHANNEL,2026-05-15,79,74,1.0675675675675675,1.536876,25,0.0
GERAL,GERAL,21750784471,[APP INSTAL - BS],MULTI_CHANNEL,2026-05-16,117,103,1.1359223300970873,3.580609,52,3.0
GERAL,GERAL,21750784471,[APP INSTAL - BS],MULTI_CHANNEL,2026-05-17,137,132,1.0378787878787878,4.079177,70,6.0
GERAL,GERAL,21750784471,[APP INSTAL - BS],MULTI_CHANNEL,2026-05-18,98,84,1.1666666666666667,1.841713,31,0.0
GERAL,GERAL,21750784471,[APP INSTAL - BS],MULTI_CHANNEL,2026-05-19,123,100,1.23,2.320836,31,1.0
GERAL,GERAL,21750784471,[APP INSTAL - BS],MULTI_CHANNEL,2026-05-20,140,94,1.4893617021276595,2.114794,30,1.0
GERAL,GERAL,21750784471,[APP INSTAL - BS],MULTI_CHANNEL,2026-05-21,106,95,1.1157894736842104,2.037921,26,2.0
GERAL,GERAL,21750784471,[APP INSTAL - BS],MULTI_CHANNEL,2026-05-22,123,113,1.0884955752212389,2.768632,34,0.0
GERAL,GERAL,21750784471,[APP INSTAL - BS],MULTI_CHANNEL,2026-05-23,143,139,1.0287769784172662,5.094544,51,4.0
GERAL,GERAL,21750784471,[APP INSTAL - BS],MULTI_CHANNEL,2026-05-24,159,138,1.1521739130434783,4.115472,69,2.0
GERAL,GERAL,21750784471,[APP INSTAL - BS],MULTI_CHANNEL,2026-05-25,147,134,1.0970149253731343,3.964842,48,0.0
GERAL,GERAL,21750784471,[APP INSTAL - BS],MULTI_CHANNEL,2026-05-26,118,106,1.1132075471698113,2.843533,27,0.0
GERAL,GERAL,21750784471,[APP INSTAL - BS],MULTI_CHANNEL,2026-05-27,96,86,1.1162790697674418,1.613563,22,0.0
GERAL,GERAL,21750784471,[APP INSTAL - BS],MULTI_CHANNEL,2026-05-30,68,67,1.0149253731343284,2.880621,39,0.0
GERAL,GERAL,21750784471,[APP INSTAL - BS],MULTI_CHANNEL,2026-05-31,65,62,1.0483870967741935,1.064054,23,0.0
GERAL,GERAL,21751147342,[APP INSTAL - NR],MULTI_CHANNEL,2026-03-03,120,79,1.518987341772152,9.994693,15,0.0
GERAL,GERAL,21751147342,[APP INSTAL - NR],MULTI_CHANNEL,2026-03-04,119,91,1.3076923076923077,10.156491,14,0.0
GERAL,GERAL,21751147342,[APP INSTAL - NR],MULTI_CHANNEL,2026-03-05,248,187,1.3262032085561497,10.265561,24,0.0
GERAL,GERAL,21751147342,[APP INSTAL - NR],MULTI_CHANNEL,2026-03-06,646,457,1.4135667396061269,9.71391,42,0.0
GERAL,GERAL,21751147342,[APP INSTAL - NR],MULTI_CHANNEL,2026-03-07,229,169,1.3550295857988166,13.065284,22,0.0
GERAL,GERAL,21751147342,[APP INSTAL - NR],MULTI_CHANNEL,2026-03-08,158,105,1.5047619047619047,10.525512,12,0.0
GERAL,GERAL,21751147342,[APP INSTAL - NR],MULTI_CHANNEL,2026-03-09,138,110,1.2545454545454546,11.465078,17,0.0
GERAL,GERAL,21751147342,[APP INSTAL - NR],MULTI_CHANNEL,2026-03-10,187,132,1.4166666666666667,11.017615,20,0.0
GERAL,GERAL,21751147342,[APP INSTAL - NR],MULTI_CHANNEL,2026-03-11,275,197,1.3959390862944163,9.717549,27,0.0
GERAL,GERAL,21751147342,[APP INSTAL - NR],MULTI_CHANNEL,2026-03-12,332,228,1.456140350877193,9.418314,23,0.0
GERAL,GERAL,21751147342,[APP INSTAL - NR],MULTI_CHANNEL,2026-03-13,203,143,1.4195804195804196,10.114648,20,0.0
GERAL,GERAL,21751147342,[APP INSTAL - NR],MULTI_CHANNEL,2026-03-14,361,252,1.4325396825396826,8.550378,28,0.0
GERAL,GERAL,21751147342,[APP INSTAL - NR],MULTI_CHANNEL,2026-03-15,347,235,1.476595744680851,9.651876,30,0.0
GERAL,GERAL,21751147342,[APP INSTAL - NR],MULTI_CHANNEL,2026-03-16,138,106,1.3018867924528301,8.913189,16,0.0
GERAL,GERAL,21751147342,[APP INSTAL - NR],MULTI_CHANNEL,2026-03-17,109,86,1.2674418604651163,10.384676,14,0.0
GERAL,GERAL,21751147342,[APP INSTAL - NR],MULTI_CHANNEL,2026-03-18,133,99,1.3434343434343434,10.380217,18,0.0
GERAL,GERAL,21751147342,[APP INSTAL - NR],MULTI_CHANNEL,2026-03-19,90,67,1.3432835820895523,9.952017,12,0.0
GERAL,GERAL,21751147342,[APP INSTAL - NR],MULTI_CHANNEL,2026-03-20,145,108,1.3425925925925926,10.395593,19,0.0
GERAL,GERAL,21751147342,[APP INSTAL - NR],MULTI_CHANNEL,2026-03-21,101,75,1.3466666666666667,9.234845,19,0.0
GERAL,GERAL,21751147342,[APP INSTAL - NR],MULTI_CHANNEL,2026-03-22,274,214,1.280373831775701,9.346609,33,0.0
GERAL,GERAL,21751147342,[APP INSTAL - NR],MULTI_CHANNEL,2026-03-23,144,108,1.3333333333333333,9.585073,23,0.0
GERAL,GERAL,21751147342,[APP INSTAL - NR],MULTI_CHANNEL,2026-03-24,222,144,1.5416666666666667,8.44529,28,0.0
GERAL,GERAL,21751147342,[APP INSTAL - NR],MULTI_CHANNEL,2026-03-25,150,95,1.5789473684210527,9.479398,21,0.0
GERAL,GERAL,21751147342,[APP INSTAL - NR],MULTI_CHANNEL,2026-03-26,204,144,1.4166666666666667,10.425608,25,0.0
GERAL,GERAL,21751147342,[APP INSTAL - NR],MULTI_CHANNEL,2026-03-27,179,120,1.4916666666666667,10.271365,23,0.0
GERAL,GERAL,21751147342,[APP INSTAL - NR],MULTI_CHANNEL,2026-03-28,197,146,1.3493150684931507,9.461952,28,0.0
GERAL,GERAL,21751147342,[APP INSTAL - NR],MULTI_CHANNEL,2026-03-29,176,124,1.4193548387096775,8.340463,15,0.0
GERAL,GERAL,21751147342,[APP INSTAL - NR],MULTI_CHANNEL,2026-03-30,367,226,1.6238938053097345,7.500405,30,0.0
GERAL,GERAL,21751147342,[APP INSTAL - NR],MULTI_CHANNEL,2026-03-31,307,223,1.3766816143497758,4.656295,14,0.0
GERAL,GERAL,21751147342,[APP INSTAL - NR],MULTI_CHANNEL,2026-04-01,143,107,1.3364485981308412,2.428779,7,0.0
GERAL,GERAL,21751147342,[APP INSTAL - NR],MULTI_CHANNEL,2026-04-02,205,140,1.4642857142857142,3.325825,14,0.0
GERAL,GERAL,21751147342,[APP INSTAL - NR],MULTI_CHANNEL,2026-04-03,146,123,1.1869918699186992,4.774305,13,0.0
GERAL,GERAL,21751147342,[APP INSTAL - NR],MULTI_CHANNEL,2026-04-04,183,141,1.297872340425532,4.712165,17,0.0
GERAL,GERAL,21751147342,[APP INSTAL - NR],MULTI_CHANNEL,2026-04-05,245,150,1.6333333333333333,6.423332,23,0.0
GERAL,GERAL,21751147342,[APP INSTAL - NR],MULTI_CHANNEL,2026-04-06,308,221,1.3936651583710407,15.029423,36,0.0
GERAL,GERAL,21751147342,[APP INSTAL - NR],MULTI_CHANNEL,2026-04-07,350,256,1.3671875,24.036596,36,0.0
GERAL,GERAL,21751147342,[APP INSTAL - NR],MULTI_CHANNEL,2026-04-08,168,102,1.6470588235294117,21.137621,27,0.0
GERAL,GERAL,21751147342,[APP INSTAL - NR],MULTI_CHANNEL,2026-04-09,271,178,1.5224719101123596,19.08329,33,0.0
GERAL,GERAL,21751147342,[APP INSTAL - NR],MULTI_CHANNEL,2026-04-10,156,105,1.4857142857142858,6.677699,5,0.0
GERAL,GERAL,21751147342,[APP INSTAL - NR],MULTI_CHANNEL,2026-04-11,149,98,1.5204081632653061,5.31739,13,0.0
GERAL,GERAL,21751147342,[APP INSTAL - NR],MULTI_CHANNEL,2026-04-12,160,106,1.509433962264151,7.039086,13,1.0
GERAL,GERAL,21751147342,[APP INSTAL - NR],MULTI_CHANNEL,2026-04-13,98,69,1.4202898550724639,2.827181,2,0.0
GERAL,GERAL,23594624532,[PMAX - NARBONA - CS] #2,PERFORMANCE_MAX,2026-03-03,16980,13274,1.2791924062076239,58.619177,226,398.0
GERAL,GERAL,23594624532,[PMAX - NARBONA - CS] #2,PERFORMANCE_MAX,2026-03-04,18357,14179,1.2946611185556105,55.868616,331,467.0
GERAL,GERAL,23594624532,[PMAX - NARBONA - CS] #2,PERFORMANCE_MAX,2026-03-05,16766,13093,1.2805315817612464,56.509952,447,416.0
GERAL,GERAL,23594624532,[PMAX - NARBONA - CS] #2,PERFORMANCE_MAX,2026-03-06,17677,13720,1.2884110787172012,53.330563,397,474.0
GERAL,GERAL,23594624532,[PMAX - NARBONA - CS] #2,PERFORMANCE_MAX,2026-03-07,14664,11621,1.261853541003356,59.236485,675,666.0
GERAL,GERAL,23594624532,[PMAX - NARBONA - CS] #2,PERFORMANCE_MAX,2026-03-08,14857,11770,1.2622769753610874,52.405052,723,568.0
GERAL,GERAL,23594624532,[PMAX - NARBONA - CS] #2,PERFORMANCE_MAX,2026-03-09,9310,7775,1.197427652733119,28.856067,307,262.0
GERAL,GERAL,23594624532,[PMAX - NARBONA - CS] #2,PERFORMANCE_MAX,2026-03-10,7406,6160,1.2022727272727274,43.175509,263,204.0
GERAL,GERAL,23594624532,[PMAX - NARBONA - CS] #2,PERFORMANCE_MAX,2026-03-11,10307,8489,1.2141595005300978,61.362877,230,215.0
GERAL,GERAL,23594624532,[PMAX - NARBONA - CS] #2,PERFORMANCE_MAX,2026-03-12,10644,8570,1.2420070011668611,61.583742,223,215.0
GERAL,GERAL,23594624532,[PMAX - NARBONA - CS] #2,PERFORMANCE_MAX,2026-03-13,11224,9162,1.2250600305610129,61.773213,207,239.0
GERAL,GERAL,23594624532,[PMAX - NARBONA - CS] #2,PERFORMANCE_MAX,2026-03-14,9456,7638,1.2380204241948154,61.683966,472,328.0
GERAL,GERAL,23594624532,[PMAX - NARBONA - CS] #2,PERFORMANCE_MAX,2026-03-15,6733,5576,1.2074964131994261,47.811724,459,286.0
GERAL,GERAL,23594624532,[PMAX - NARBONA - CS] #2,PERFORMANCE_MAX,2026-03-16,13879,10564,1.313801590306702,62.717322,172,298.0
GERAL,GERAL,23594624532,[PMAX - NARBONA - CS] #2,PERFORMANCE_MAX,2026-03-17,20178,14987,1.3463668512711016,62.438498,294,509.0
GERAL,GERAL,23594624532,[PMAX - NARBONA - CS] #2,PERFORMANCE_MAX,2026-03-18,18107,13576,1.3337507365939893,49.707325,320,477.0
GERAL,GERAL,23594624532,[PMAX - NARBONA - CS] #2,PERFORMANCE_MAX,2026-03-19,15970,12200,1.3090163934426229,56.444011,462,452.0
GERAL,GERAL,23594624532,[PMAX - NARBONA - CS] #2,PERFORMANCE_MAX,2026-03-20,16621,12046,1.3797941225303005,64.299428,201,346.0
GERAL,GERAL,23594624532,[PMAX - NARBONA - CS] #2,PERFORMANCE_MAX,2026-03-21,17182,12746,1.348030754746587,64.105393,317,435.0
GERAL,GERAL,23594624532,[PMAX - NARBONA - CS] #2,PERFORMANCE_MAX,2026-03-22,13716,10702,1.281629601943562,64.108171,688,429.0
GERAL,GERAL,23594624532,[PMAX - NARBONA - CS] #2,PERFORMANCE_MAX,2026-03-23,18311,13164,1.3909905803707079,64.353338,265,428.0
GERAL,GERAL,23594624532,[PMAX - NARBONA - CS] #2,PERFORMANCE_MAX,2026-03-24,16108,11567,1.392582346330077,54.229579,247,357.0
GERAL,GERAL,23594624532,[PMAX - NARBONA - CS] #2,PERFORMANCE_MAX,2026-03-25,16106,11582,1.390606112933863,50.402801,127,307.0
GERAL,GERAL,23594624532,[PMAX - NARBONA - CS] #2,PERFORMANCE_MAX,2026-03-26,17485,12617,1.38582864389316,67.893251,156,354.0
GERAL,GERAL,23594624532,[PMAX - NARBONA - CS] #2,PERFORMANCE_MAX,2026-03-27,17388,13098,1.3275309207512598,68.197583,131,372.0
GERAL,GERAL,23594624532,[PMAX - NARBONA - CS] #2,PERFORMANCE_MAX,2026-03-28,12182,9268,1.3144151920586966,68.661746,369,379.0
GERAL,GERAL,23594624532,[PMAX - NARBONA - CS] #2,PERFORMANCE_MAX,2026-03-29,16979,12896,1.3166098014888337,65.50111,256,391.0
GERAL,GERAL,23594624532,[PMAX - NARBONA - CS] #2,PERFORMANCE_MAX,2026-03-30,15519,12288,1.262939453125,55.059219,184,265.0
GERAL,GERAL,23594624532,[PMAX - NARBONA - CS] #2,PERFORMANCE_MAX,2026-03-31,22247,16679,1.3338329636069308,78.664762,174,395.0
GERAL,GERAL,23594770968,[ALC - Narbona - VIDEO 02],VIDEO,2026-03-03,559,601,1.054908485856905,5.483829,0,0.0
GERAL,GERAL,23594770968,[ALC - Narbona - VIDEO 02],VIDEO,2026-03-04,512,596,1.0352348993288591,3.837533,0,1.0
GERAL,GERAL,23594770968,[ALC - Narbona - VIDEO 02],VIDEO,2026-03-05,440,491,1.0488798370672099,3.847041,0,0.0
GERAL,GERAL,23594770968,[ALC - Narbona - VIDEO 02],VIDEO,2026-03-06,556,602,1.021594684385382,4.603507,0,2.0
GERAL,GERAL,23594770968,[ALC - Narbona - VIDEO 02],VIDEO,2026-03-07,294,338,1.0088757396449703,2.377167,0,0.0
GERAL,GERAL,23594770968,[ALC - Narbona - VIDEO 02],VIDEO,2026-03-08,333,357,1.0392156862745099,2.899483,1,0.0
GERAL,GERAL,23594770968,[ALC - Narbona - VIDEO 02],VIDEO,2026-03-09,369,422,1.018957345971564,3.138237,0,0.0
GERAL,GERAL,23594770968,[ALC - Narbona - VIDEO 02],VIDEO,2026-03-10,341,365,1.0273972602739727,2.904916,0,0.0
GERAL,GERAL,23594770968,[ALC - Narbona - VIDEO 02],VIDEO,2026-03-11,677,643,1.0964230171073095,7.068142,0,0.0
GERAL,GERAL,23594770968,[ALC - Narbona - VIDEO 02],VIDEO,2026-03-12,15381,14518,1.0804518528722964,128.713883,57,33.0
GERAL,GERAL,23594770968,[ALC - Narbona - VIDEO 02],VIDEO,2026-03-13,17050,16885,1.0490968315072549,121.622875,33,20.0
GERAL,GERAL,23594770968,[ALC - Narbona - VIDEO 02],VIDEO,2026-03-14,21883,22932,1.0444357230071515,121.64232,27,14.0
GERAL,GERAL,23594770968,[ALC - Narbona - VIDEO 02],VIDEO,2026-03-15,25460,26036,1.093793209402366,121.419227,36,45.0
GERAL,GERAL,23594770968,[ALC - Narbona - VIDEO 02],VIDEO,2026-03-16,26673,27698,1.0836161455700772,121.667186,33,19.0
GERAL,GERAL,23594770968,[ALC - Narbona - VIDEO 02],VIDEO,2026-03-17,24417,25068,1.0818573480134035,121.556953,36,15.0
GERAL,GERAL,23594770968,[ALC - Narbona - VIDEO 02],VIDEO,2026-03-18,23575,24097,1.0801759555131345,121.662871,35,22.0
GERAL,GERAL,23594770968,[ALC - Narbona - VIDEO 02],VIDEO,2026-03-19,24152,25518,1.071243827886198,121.788117,32,17.0
GERAL,GERAL,23594770968,[ALC - Narbona - VIDEO 02],VIDEO,2026-03-20,26283,27339,1.080251655144665,121.664915,31,20.0
GERAL,GERAL,23594770968,[ALC - Narbona - VIDEO 02],VIDEO,2026-03-21,22753,23712,1.0784834682860998,121.632772,37,17.0
GERAL,GERAL,23594770968,[ALC - Narbona - VIDEO 02],VIDEO,2026-03-22,24712,25545,1.0748091603053436,121.485801,49,20.0
GERAL,GERAL,23594770968,[ALC - Narbona - VIDEO 02],VIDEO,2026-03-23,27295,28882,1.0672391108648986,121.648254,38,24.0
GERAL,GERAL,23594770968,[ALC - Narbona - VIDEO 02],VIDEO,2026-03-24,25707,26976,1.081961743772242,121.676959,26,28.0
GERAL,GERAL,23594770968,[ALC - Narbona - VIDEO 02],VIDEO,2026-03-25,24283,25310,1.073923350454366,121.655532,38,16.0
GERAL,GERAL,23594770968,[ALC - Narbona - VIDEO 02],VIDEO,2026-03-26,26461,27441,1.072300572136584,121.670858,30,19.0
GERAL,GERAL,23594770968,[ALC - Narbona - VIDEO 02],VIDEO,2026-03-27,24485,25566,1.0677462254556833,121.754929,36,25.0
GERAL,GERAL,23594770968,[ALC - Narbona - VIDEO 02],VIDEO,2026-03-28,23680,24792,1.0676427879961279,121.690146,39,33.0
GERAL,GERAL,23594770968,[ALC - Narbona - VIDEO 02],VIDEO,2026-03-29,25943,26955,1.0718234093860137,121.726552,33,21.0
GERAL,GERAL,23594770968,[ALC - Narbona - VIDEO 02],VIDEO,2026-03-30,25466,27062,1.075678072574089,121.69182,24,19.0
GERAL,GERAL,23594770968,[ALC - Narbona - VIDEO 02],VIDEO,2026-03-31,23947,24972,1.0753243632868814,121.691624,35,31.0
GERAL,GERAL,23604869951,[ALC - ALA GOURMET - DULADU + UNISUSHI - BS],VIDEO,2026-03-03,13774,6663,2.075191355245385,75.111919,27,11.0
GERAL,GERAL,23604869951,[ALC - ALA GOURMET - DULADU + UNISUSHI - BS],VIDEO,2026-03-04,13647,5987,2.2834474695172875,75.096405,37,20.0
GERAL,GERAL,23604869951,[ALC - ALA GOURMET - DULADU + UNISUSHI - BS],VIDEO,2026-03-05,12142,4891,2.486199141279902,75.447666,40,21.0
GERAL,GERAL,23604869951,[ALC - ALA GOURMET - DULADU + UNISUSHI - BS],VIDEO,2026-03-06,12326,4782,2.5786281890422416,74.600431,25,41.0
GERAL,GERAL,23604869951,[ALC - ALA GOURMET - DULADU + UNISUSHI - BS],VIDEO,2026-03-07,13156,4905,2.6833843017329255,74.046668,33,24.0
GERAL,GERAL,23604869951,[ALC - ALA GOURMET - DULADU + UNISUSHI - BS],VIDEO,2026-03-08,14049,5351,2.6260512053821716,73.98538,27,14.0
GERAL,GERAL,23604869951,[ALC - ALA GOURMET - DULADU + UNISUSHI - BS],VIDEO,2026-03-09,15833,6482,2.443535945695773,74.155699,25,15.0
GERAL,GERAL,23604869951,[ALC - ALA GOURMET - DULADU + UNISUSHI - BS],VIDEO,2026-03-10,16283,5303,3.072411842353385,74.199334,38,14.0
GERAL,GERAL,23604869951,[ALC - ALA GOURMET - DULADU + UNISUSHI - BS],VIDEO,2026-03-11,14356,5416,2.6515878877400296,78.208597,25,11.0
GERAL,GERAL,23604869951,[ALC - ALA GOURMET - DULADU + UNISUSHI - BS],VIDEO,2026-03-12,13463,5000,2.6936,74.086991,28,8.0
GERAL,GERAL,23604869951,[ALC - ALA GOURMET - DULADU + UNISUSHI - BS],VIDEO,2026-03-13,19024,18032,1.2157275953859805,74.026509,24,7.0
GERAL,GERAL,23604869951,[ALC - ALA GOURMET - DULADU + UNISUSHI - BS],VIDEO,2026-03-14,19751,13633,1.5542433800337416,72.366114,37,4.0
GERAL,GERAL,23604869951,[ALC - ALA GOURMET - DULADU + UNISUSHI - BS],VIDEO,2026-03-15,18974,12648,1.5846774193548387,73.511276,26,8.0
GERAL,GERAL,23604869951,[ALC - ALA GOURMET - DULADU + UNISUSHI - BS],VIDEO,2026-03-16,22274,12783,1.8291480873034498,74.113378,55,3.0
GERAL,GERAL,23604869951,[ALC - ALA GOURMET - DULADU + UNISUSHI - BS],VIDEO,2026-03-17,17479,11314,1.6144599611101291,74.136545,43,5.0
GERAL,GERAL,23604869951,[ALC - ALA GOURMET - DULADU + UNISUSHI - BS],VIDEO,2026-03-18,18486,14433,1.3734497332501905,74.157339,48,6.0
GERAL,GERAL,23604869951,[ALC - ALA GOURMET - DULADU + UNISUSHI - BS],VIDEO,2026-03-19,17493,12306,1.4939054119941493,74.166765,26,5.0
GERAL,GERAL,23604869951,[ALC - ALA GOURMET - DULADU + UNISUSHI - BS],VIDEO,2026-03-20,18487,12415,1.5662505034232783,74.101196,35,5.0
GERAL,GERAL,23604869951,[ALC - ALA GOURMET - DULADU + UNISUSHI - BS],VIDEO,2026-03-21,17212,13736,1.340564938846826,73.828714,58,3.0
GERAL,GERAL,23604869951,[ALC - ALA GOURMET - DULADU + UNISUSHI - BS],VIDEO,2026-03-22,17581,12262,1.5047300603490459,74.127902,47,1.0
GERAL,GERAL,23604869951,[ALC - ALA GOURMET - DULADU + UNISUSHI - BS],VIDEO,2026-03-23,18515,14677,1.357361858690468,74.148563,35,3.0
GERAL,GERAL,23604869951,[ALC - ALA GOURMET - DULADU + UNISUSHI - BS],VIDEO,2026-03-24,17403,13097,1.4298694357486448,74.153125,23,6.0
GERAL,GERAL,23604869951,[ALC - ALA GOURMET - DULADU + UNISUSHI - BS],VIDEO,2026-03-25,20265,11954,1.7743014890413251,73.86296,50,7.0
GERAL,GERAL,23604869951,[ALC - ALA GOURMET - DULADU + UNISUSHI - BS],VIDEO,2026-03-26,19520,11331,1.7943694290000882,74.063347,24,3.0
GERAL,GERAL,23604869951,[ALC - ALA GOURMET - DULADU + UNISUSHI - BS],VIDEO,2026-03-27,17662,11485,1.6205485415759686,74.308887,45,5.0
GERAL,GERAL,23604869951,[ALC - ALA GOURMET - DULADU + UNISUSHI - BS],VIDEO,2026-03-28,17618,11615,1.5950064571674558,74.114105,27,10.0
GERAL,GERAL,23604869951,[ALC - ALA GOURMET - DULADU + UNISUSHI - BS],VIDEO,2026-03-29,19850,12298,1.6819808098877866,74.182189,46,3.0
GERAL,GERAL,23604869951,[ALC - ALA GOURMET - DULADU + UNISUSHI - BS],VIDEO,2026-03-30,19844,13414,1.5732816460414492,74.188884,42,1.0
GERAL,GERAL,23604869951,[ALC - ALA GOURMET - DULADU + UNISUSHI - BS],VIDEO,2026-03-31,15954,11345,1.487439400617012,74.189009,39,5.0
GERAL,GERAL,23604869951,[ALC - ALA GOURMET - DULADU + UNISUSHI - BS],VIDEO,2026-04-01,18564,13022,1.5076793119336507,74.160814,42,9.0
GERAL,GERAL,23604869951,[ALC - ALA GOURMET - DULADU + UNISUSHI - BS],VIDEO,2026-04-02,20619,13369,1.6330316403620315,74.191233,60,1.0
GERAL,GERAL,23604869951,[ALC - ALA GOURMET - DULADU + UNISUSHI - BS],VIDEO,2026-04-03,18203,13034,1.4771367193493938,74.124198,29,1.0
GERAL,GERAL,23604869951,[ALC - ALA GOURMET - DULADU + UNISUSHI - BS],VIDEO,2026-04-04,19915,13356,1.5758460616951182,74.154665,36,4.0
GERAL,GERAL,23604869951,[ALC - ALA GOURMET - DULADU + UNISUSHI - BS],VIDEO,2026-04-05,19208,12934,1.55620844286377,74.155366,27,6.0
GERAL,GERAL,23604869951,[ALC - ALA GOURMET - DULADU + UNISUSHI - BS],VIDEO,2026-04-06,20267,12888,1.6457945375543142,73.942463,42,3.0
GERAL,GERAL,23604869951,[ALC - ALA GOURMET - DULADU + UNISUSHI - BS],VIDEO,2026-04-07,18601,15071,1.36002919514299,74.090654,52,28.0
GERAL,GERAL,23604869951,[ALC - ALA GOURMET - DULADU + UNISUSHI - BS],VIDEO,2026-04-08,45421,13478,3.458673393678587,66.719565,46,2.0
GERAL,GERAL,23604869951,[ALC - ALA GOURMET - DULADU + UNISUSHI - BS],VIDEO,2026-04-09,34970,13422,2.723737147966026,74.409779,33,2.0
GERAL,GERAL,23604869951,[ALC - ALA GOURMET - DULADU + UNISUSHI - BS],VIDEO,2026-04-10,19748,11801,1.7573087026523175,74.170242,39,11.0
GERAL,GERAL,23604869951,[ALC - ALA GOURMET - DULADU + UNISUSHI - BS],VIDEO,2026-04-11,18873,11320,1.7370141342756185,74.149513,30,11.0
GERAL,GERAL,23604869951,[ALC - ALA GOURMET - DULADU + UNISUSHI - BS],VIDEO,2026-04-12,20098,13551,1.5662312744446905,74.328978,35,5.0
GERAL,GERAL,23604869951,[ALC - ALA GOURMET - DULADU + UNISUSHI - BS],VIDEO,2026-04-13,18478,12110,1.6107349298100744,74.273023,56,2.0
GERAL,GERAL,23604869951,[ALC - ALA GOURMET - DULADU + UNISUSHI - BS],VIDEO,2026-04-14,17926,11906,1.5993616663866959,74.317061,49,4.0
GERAL,GERAL,23604869951,[ALC - ALA GOURMET - DULADU + UNISUSHI - BS],VIDEO,2026-04-15,19194,13697,1.496386069942323,74.346479,58,6.0
GERAL,GERAL,23604869951,[ALC - ALA GOURMET - DULADU + UNISUSHI - BS],VIDEO,2026-04-16,18083,11327,1.677849386421824,74.27106,39,5.0
GERAL,GERAL,23604869951,[ALC - ALA GOURMET - DULADU + UNISUSHI - BS],VIDEO,2026-04-17,16649,12888,1.3853196772191185,74.364226,31,8.0
GERAL,GERAL,23604869951,[ALC - ALA GOURMET - DULADU + UNISUSHI - BS],VIDEO,2026-04-18,17008,14269,1.2916812670824864,74.353445,22,7.0
GERAL,GERAL,23604869951,[ALC - ALA GOURMET - DULADU + UNISUSHI - BS],VIDEO,2026-04-19,17645,14228,1.334200168681473,74.191925,29,3.0
GERAL,GERAL,23604869951,[ALC - ALA GOURMET - DULADU + UNISUSHI - BS],VIDEO,2026-04-20,18231,14149,1.38476217400523,74.31698,127,5.0
GERAL,GERAL,23604869951,[ALC - ALA GOURMET - DULADU + UNISUSHI - BS],VIDEO,2026-04-21,17321,10994,1.645624886301619,74.341525,152,3.0
GERAL,GERAL,23604869951,[ALC - ALA GOURMET - DULADU + UNISUSHI - BS],VIDEO,2026-04-22,19715,13129,1.5843552441160789,74.297277,204,5.0
GERAL,GERAL,23604869951,[ALC - ALA GOURMET - DULADU + UNISUSHI - BS],VIDEO,2026-04-23,17264,10461,1.7245005257623554,74.375453,162,4.0
GERAL,GERAL,23604869951,[ALC - ALA GOURMET - DULADU + UNISUSHI - BS],VIDEO,2026-04-24,17053,12885,1.416453240201785,74.284324,103,7.0
GERAL,GERAL,23604869951,[ALC - ALA GOURMET - DULADU + UNISUSHI - BS],VIDEO,2026-04-25,16211,12131,1.4359080042865386,74.234002,134,3.0
GERAL,GERAL,23604869951,[ALC - ALA GOURMET - DULADU + UNISUSHI - BS],VIDEO,2026-04-26,16544,11532,1.5091918140825529,74.313747,138,1.0
GERAL,GERAL,23604869951,[ALC - ALA GOURMET - DULADU + UNISUSHI - BS],VIDEO,2026-04-27,17522,12643,1.4771810488017085,74.365401,70,6.0
GERAL,GERAL,23604869951,[ALC - ALA GOURMET - DULADU + UNISUSHI - BS],VIDEO,2026-04-28,15631,10567,1.5614649380145738,74.376739,147,2.0
GERAL,GERAL,23604869951,[ALC - ALA GOURMET - DULADU + UNISUSHI - BS],VIDEO,2026-04-29,9854,7082,1.478819542502118,45.24726,94,1.0
GERAL,GERAL,23618035152,[PMAX - FESTIVAL DO TORRESMO - NR],PERFORMANCE_MAX,2026-03-04,1544,1515,1.019141914191419,4.959559,1,45.0
GERAL,GERAL,23618035152,[PMAX - FESTIVAL DO TORRESMO - NR],PERFORMANCE_MAX,2026-03-05,10150,8224,1.234192607003891,40.033376,19,212.0
GERAL,GERAL,23618035152,[PMAX - FESTIVAL DO TORRESMO - NR],PERFORMANCE_MAX,2026-03-06,7427,6432,1.1546952736318408,39.774022,18,239.0
GERAL,GERAL,23618035152,[PMAX - FESTIVAL DO TORRESMO - NR],PERFORMANCE_MAX,2026-03-07,6382,5533,1.1534429784926803,39.778966,34,222.0
GERAL,GERAL,23618035152,[PMAX - FESTIVAL DO TORRESMO - NR],PERFORMANCE_MAX,2026-03-08,15107,12016,1.2572403462050599,39.790273,37,321.0
GERAL,GERAL,23618035152,[PMAX - FESTIVAL DO TORRESMO - NR],PERFORMANCE_MAX,2026-03-09,13453,11353,1.1849731348542236,28.619376,8,223.0
GERAL,GERAL,23618035152,[PMAX - FESTIVAL DO TORRESMO - NR],PERFORMANCE_MAX,2026-03-10,16537,13223,1.2506239128790744,40.33422,11,201.0
GERAL,GERAL,23618035152,[PMAX - FESTIVAL DO TORRESMO - NR],PERFORMANCE_MAX,2026-03-11,17557,13867,1.2660993726112353,40.344671,11,288.0
GERAL,GERAL,23618035152,[PMAX - FESTIVAL DO TORRESMO - NR],PERFORMANCE_MAX,2026-03-12,17639,13838,1.2746784217372453,40.315131,3,321.0
GERAL,GERAL,23618035152,[PMAX - FESTIVAL DO TORRESMO - NR],PERFORMANCE_MAX,2026-03-13,14778,11858,1.2462472592342722,35.010127,16,292.0
GERAL,GERAL,23618035152,[PMAX - FESTIVAL DO TORRESMO - NR],PERFORMANCE_MAX,2026-03-14,16942,12886,1.314760204873506,35.936934,20,386.0
GERAL,GERAL,23618035152,[PMAX - FESTIVAL DO TORRESMO - NR],PERFORMANCE_MAX,2026-03-15,7179,6156,1.1661793372319689,18.942215,21,193.0
GERAL,GERAL,23618035152,[PMAX - FESTIVAL DO TORRESMO - NR],PERFORMANCE_MAX,2026-03-16,13796,11488,1.2009052924791086,42.525146,20,254.0
GERAL,GERAL,23618035152,[PMAX - FESTIVAL DO TORRESMO - NR],PERFORMANCE_MAX,2026-03-17,19315,15394,1.2547096271274523,42.584727,32,400.0
GERAL,GERAL,23618035152,[PMAX - FESTIVAL DO TORRESMO - NR],PERFORMANCE_MAX,2026-03-18,15932,13196,1.2073355562291603,32.677303,16,325.0
GERAL,GERAL,23618035152,[PMAX - FESTIVAL DO TORRESMO - NR],PERFORMANCE_MAX,2026-03-19,19494,15473,1.2598720351580173,43.478079,10,381.0
GERAL,GERAL,23618035152,[PMAX - FESTIVAL DO TORRESMO - NR],PERFORMANCE_MAX,2026-03-20,19524,15228,1.2821118991331757,43.502627,16,344.0
GERAL,GERAL,23618035152,[PMAX - FESTIVAL DO TORRESMO - NR],PERFORMANCE_MAX,2026-03-21,19878,15855,1.2537369914853358,43.427835,12,420.0
GERAL,GERAL,23618035152,[PMAX - FESTIVAL DO TORRESMO - NR],PERFORMANCE_MAX,2026-03-22,20873,15993,1.3051334959044583,42.019176,25,318.0
GERAL,GERAL,23618035152,[PMAX - FESTIVAL DO TORRESMO - NR],PERFORMANCE_MAX,2026-03-23,19407,15500,1.2520645161290322,43.125954,14,379.0
GERAL,GERAL,23618035152,[PMAX - FESTIVAL DO TORRESMO - NR],PERFORMANCE_MAX,2026-03-24,21102,16598,1.2713579949391494,43.867529,7,333.0
GERAL,GERAL,23618035152,[PMAX - FESTIVAL DO TORRESMO - NR],PERFORMANCE_MAX,2026-03-25,21231,16744,1.2679765886287626,43.453067,15,360.0
GERAL,GERAL,23618035152,[PMAX - FESTIVAL DO TORRESMO - NR],PERFORMANCE_MAX,2026-03-26,15567,12555,1.239904420549582,33.538544,10,245.0
GERAL,GERAL,23618035152,[PMAX - FESTIVAL DO TORRESMO - NR],PERFORMANCE_MAX,2026-03-27,17920,14326,1.2508725394387827,47.461981,20,390.0
GERAL,GERAL,23618035152,[PMAX - FESTIVAL DO TORRESMO - NR],PERFORMANCE_MAX,2026-03-28,19551,15385,1.2707832304192395,44.331319,32,493.0
GERAL,GERAL,23618035152,[PMAX - FESTIVAL DO TORRESMO - NR],PERFORMANCE_MAX,2026-03-29,22298,17173,1.2984335876084552,42.86891,27,390.0
GERAL,GERAL,23653573124,[GEN - MISS CRICIUMA - NS],DEMAND_GEN,2026-03-13,2261,1923,1.1757670306812273,7.643358,44,1.0
GERAL,GERAL,23653573124,[GEN - MISS CRICIUMA - NS],DEMAND_GEN,2026-03-14,10470,6510,1.608294930875576,28.045446,395,18.0
GERAL,GERAL,23653573124,[GEN - MISS CRICIUMA - NS],DEMAND_GEN,2026-03-15,10178,6304,1.6145304568527918,27.857246,399,18.0
GERAL,GERAL,23653573124,[GEN - MISS CRICIUMA - NS],DEMAND_GEN,2026-03-16,10329,6790,1.5213549337260677,28.188273,382,19.0
GERAL,GERAL,23653573124,[GEN - MISS CRICIUMA - NS],DEMAND_GEN,2026-03-17,11517,7095,1.6232558139534883,27.890516,397,24.0
GERAL,GERAL,23653573124,[GEN - MISS CRICIUMA - NS],DEMAND_GEN,2026-03-18,11341,7033,1.612540878714631,27.903339,450,19.0
GERAL,GERAL,23653573124,[GEN - MISS CRICIUMA - NS],DEMAND_GEN,2026-03-19,10846,6595,1.644579226686884,28.071929,480,20.0
GERAL,GERAL,23653573124,[GEN - MISS CRICIUMA - NS],DEMAND_GEN,2026-03-20,10763,6226,1.7287182781882429,27.920645,472,19.0
GERAL,GERAL,23653573124,[GEN - MISS CRICIUMA - NS],DEMAND_GEN,2026-03-21,11884,7160,1.6597765363128492,28.093766,566,31.0
GERAL,GERAL,23653573124,[GEN - MISS CRICIUMA - NS],DEMAND_GEN,2026-03-22,12041,7507,1.604102837351805,27.718436,545,25.445199
GERAL,GERAL,23653573124,[GEN - MISS CRICIUMA - NS],DEMAND_GEN,2026-03-23,10818,6758,1.6009174311926606,27.973789,512,34.0
GERAL,GERAL,23653573124,[GEN - MISS CRICIUMA - NS],DEMAND_GEN,2026-03-24,10593,6609,1.603570888182781,28.013752,523,27.0
GERAL,GERAL,23653573124,[GEN - MISS CRICIUMA - NS],DEMAND_GEN,2026-03-25,11311,7085,1.5967537050105858,28.049411,535,38.0
GERAL,GERAL,23653573124,[GEN - MISS CRICIUMA - NS],DEMAND_GEN,2026-03-26,10546,7048,1.4965947786606129,27.938256,543,31.0
GERAL,GERAL,23653573124,[GEN - MISS CRICIUMA - NS],DEMAND_GEN,2026-03-27,11182,7339,1.5237770813462324,28.555964,515,39.0
GERAL,GERAL,23653596887,GEN - HEROINAS DO KPOP - CS,DEMAND_GEN,2026-03-13,6985,4740,1.4736286919831223,17.199425,206,1.0
GERAL,GERAL,23653596887,GEN - HEROINAS DO KPOP - CS,DEMAND_GEN,2026-03-14,27594,12523,2.203465623253214,63.835912,890,17.0
GERAL,GERAL,23653596887,GEN - HEROINAS DO KPOP - CS,DEMAND_GEN,2026-03-15,28286,16689,1.6948888489424172,63.692891,1005,21.0
GERAL,GERAL,23653596887,GEN - HEROINAS DO KPOP - CS,DEMAND_GEN,2026-03-16,26310,16390,1.6052471018913972,63.548929,1099,22.0
GERAL,GERAL,23653596887,GEN - HEROINAS DO KPOP - CS,DEMAND_GEN,2026-03-17,48107,28097,1.7121756771185537,196.209358,2412,40.0
GERAL,GERAL,23653596887,GEN - HEROINAS DO KPOP - CS,DEMAND_GEN,2026-03-18,59863,36521,1.6391391254346814,197.685207,2833,51.0
GERAL,GERAL,23653596887,GEN - HEROINAS DO KPOP - CS,DEMAND_GEN,2026-03-19,72814,43156,1.6872277319492075,197.286932,3074,55.316688
GERAL,GERAL,23655929724,ALC - CAÇA AOS OVOS COELHO FLOCKE - NR,DEMAND_GEN,2026-03-16,6954,3511,1.9806322984904585,17.397907,244,20.0
GERAL,GERAL,23655929724,ALC - CAÇA AOS OVOS COELHO FLOCKE - NR,DEMAND_GEN,2026-03-17,30288,18081,1.6751838946960897,123.554121,1307,80.270827
GERAL,GERAL,23655929724,ALC - CAÇA AOS OVOS COELHO FLOCKE - NR,DEMAND_GEN,2026-03-18,34259,21129,1.6216101093284112,123.576789,1584,115.271466
GERAL,GERAL,23655929724,ALC - CAÇA AOS OVOS COELHO FLOCKE - NR,DEMAND_GEN,2026-03-19,40140,24194,1.659213028023477,123.345449,1738,105.0
GERAL,GERAL,23655929724,ALC - CAÇA AOS OVOS COELHO FLOCKE - NR,DEMAND_GEN,2026-03-20,7943,6421,1.2370347297928672,26.671269,365,21.0
GERAL,GERAL,23661658991,GEN - CASA DE GABBY - CS,DEMAND_GEN,2026-03-16,15495,7976,1.9440822467402206,28.036082,437,3.522283
GERAL,GERAL,23661658991,GEN - CASA DE GABBY - CS,DEMAND_GEN,2026-03-17,39851,23094,1.7259461331947692,119.907741,1448,41.0
GERAL,GERAL,23661658991,GEN - CASA DE GABBY - CS,DEMAND_GEN,2026-03-18,38946,25909,1.5034158014589525,119.780504,1906,45.529222
GERAL,GERAL,23661658991,GEN - CASA DE GABBY - CS,DEMAND_GEN,2026-03-19,39538,26305,1.5033643793955522,119.533361,2254,45.0
GERAL,GERAL,23661658991,GEN - CASA DE GABBY - CS,DEMAND_GEN,2026-03-20,41833,27278,1.5337634723953368,120.048499,2259,53.371691
GERAL,GERAL,23661658991,GEN - CASA DE GABBY - CS,DEMAND_GEN,2026-03-21,44196,28087,1.573646170826361,118.708286,2577,46.628309
GERAL,GERAL,23670119500,[GEN - ELITE BTS - COVER OFICIAL - NR],DEMAND_GEN,2026-03-17,812,581,1.3975903614457832,1.976154,24,1.0
GERAL,GERAL,23670119500,[GEN - ELITE BTS - COVER OFICIAL - NR],DEMAND_GEN,2026-03-18,20123,9942,2.024240595453631,174.566789,783,16.0
GERAL,GERAL,23670119500,[GEN - ELITE BTS - COVER OFICIAL - NR],DEMAND_GEN,2026-03-19,37878,21026,1.8014838771045372,174.320915,1842,21.0
GERAL,GERAL,23670119500,[GEN - ELITE BTS - COVER OFICIAL - NR],DEMAND_GEN,2026-03-20,47517,24609,1.9308789467268073,172.898061,2390,41.206923
GERAL,GERAL,23670119500,[GEN - ELITE BTS - COVER OFICIAL - NR],DEMAND_GEN,2026-03-21,51246,25099,2.041834336029324,172.386205,2374,31.0
GERAL,GERAL,23671719353,[PMAX - SORTEIO IPHONE - CS],PERFORMANCE_MAX,2026-03-19,2150,1841,1.1678435632808257,18.328425,56,67.0
GERAL,GERAL,23671719353,[PMAX - SORTEIO IPHONE - CS],PERFORMANCE_MAX,2026-03-20,1776,1441,1.2324774462179042,31.695218,253,94.0
GERAL,GERAL,23671719353,[PMAX - SORTEIO IPHONE - CS],PERFORMANCE_MAX,2026-03-21,2331,1772,1.3154627539503385,32.285491,337,135.0
GERAL,GERAL,23671719353,[PMAX - SORTEIO IPHONE - CS],PERFORMANCE_MAX,2026-03-22,5572,4286,1.300046663555763,31.671194,92,137.0
GERAL,GERAL,23671719353,[PMAX - SORTEIO IPHONE - CS],PERFORMANCE_MAX,2026-03-23,2469,2060,1.1985436893203882,31.74086,305,143.0
GERAL,GERAL,23671719353,[PMAX - SORTEIO IPHONE - CS],PERFORMANCE_MAX,2026-03-24,8603,6420,1.3400311526479751,29.604276,150,205.0
GERAL,GERAL,23671719353,[PMAX - SORTEIO IPHONE - CS],PERFORMANCE_MAX,2026-03-25,13907,10714,1.2980212805674818,75.374726,256,284.0
GERAL,GERAL,23671719353,[PMAX - SORTEIO IPHONE - CS],PERFORMANCE_MAX,2026-03-26,10388,7693,1.3503184713375795,63.103239,222,241.0
GERAL,GERAL,23671719353,[PMAX - SORTEIO IPHONE - CS],PERFORMANCE_MAX,2026-03-27,11642,8315,1.4001202645820805,83.163149,327,324.0
GERAL,GERAL,23671719353,[PMAX - SORTEIO IPHONE - CS],PERFORMANCE_MAX,2026-03-28,14541,10500,1.3848571428571428,82.848387,398,412.0
GERAL,GERAL,23671719353,[PMAX - SORTEIO IPHONE - CS],PERFORMANCE_MAX,2026-03-29,10520,7520,1.398936170212766,80.912556,538,389.0
GERAL,GERAL,23671719353,[PMAX - SORTEIO IPHONE - CS],PERFORMANCE_MAX,2026-03-30,16876,11204,1.506247768654052,80.828978,259,369.0
GERAL,GERAL,23671719353,[PMAX - SORTEIO IPHONE - CS],PERFORMANCE_MAX,2026-03-31,12709,8597,1.4783063859485868,78.21459,264,340.0
GERAL,GERAL,23671719353,[PMAX - SORTEIO IPHONE - CS],PERFORMANCE_MAX,2026-04-01,19713,13613,1.4481010798501432,84.408225,265,459.0
GERAL,GERAL,23671719353,[PMAX - SORTEIO IPHONE - CS],PERFORMANCE_MAX,2026-04-02,21165,14953,1.4154350297599143,84.4176,415,577.0
GERAL,GERAL,23671719353,[PMAX - SORTEIO IPHONE - CS],PERFORMANCE_MAX,2026-04-03,15734,10716,1.4682717431877566,84.496609,651,596.0
GERAL,GERAL,23671719353,[PMAX - SORTEIO IPHONE - CS],PERFORMANCE_MAX,2026-04-04,15972,11504,1.3883866481223923,84.533573,502,625.0
GERAL,GERAL,23671719353,[PMAX - SORTEIO IPHONE - CS],PERFORMANCE_MAX,2026-04-05,17974,12531,1.434362780304844,72.634428,597,481.0
GERAL,GERAL,23671719353,[PMAX - SORTEIO IPHONE - CS],PERFORMANCE_MAX,2026-04-06,25511,17198,1.4833701593208513,84.26736,313,564.0
GERAL,GERAL,23671719353,[PMAX - SORTEIO IPHONE - CS],PERFORMANCE_MAX,2026-04-07,24494,16624,1.4734119345524543,84.904561,268,582.0
GERAL,GERAL,23671719353,[PMAX - SORTEIO IPHONE - CS],PERFORMANCE_MAX,2026-04-08,25594,18066,1.416694342964685,126.639951,321,564.0
GERAL,GERAL,23671719353,[PMAX - SORTEIO IPHONE - CS],PERFORMANCE_MAX,2026-04-09,10722,7879,1.360832592968651,80.45956,367,327.0
GERAL,GERAL,23671719353,[PMAX - SORTEIO IPHONE - CS],PERFORMANCE_MAX,2026-04-10,28143,20396,1.3798293783094724,149.433915,320,717.0
GERAL,GERAL,23671719353,[PMAX - SORTEIO IPHONE - CS],PERFORMANCE_MAX,2026-04-11,20651,15143,1.3637324176187018,146.828805,914,792.0
GERAL,GERAL,23671719353,[PMAX - SORTEIO IPHONE - CS],PERFORMANCE_MAX,2026-04-12,30169,20521,1.4701525266799864,145.853695,853,767.0
GERAL,GERAL,23671719353,[PMAX - SORTEIO IPHONE - CS],PERFORMANCE_MAX,2026-04-13,31306,21658,1.445470495890664,147.551533,327,520.0
GERAL,GERAL,23671719353,[PMAX - SORTEIO IPHONE - CS],PERFORMANCE_MAX,2026-04-14,33003,21609,1.527280299875052,147.238854,333,619.0
GERAL,GERAL,23671719353,[PMAX - SORTEIO IPHONE - CS],PERFORMANCE_MAX,2026-04-15,33988,22856,1.4870493524676234,148.367902,329,589.0
GERAL,GERAL,23671719353,[PMAX - SORTEIO IPHONE - CS],PERFORMANCE_MAX,2026-04-16,28043,19731,1.4212660280776443,152.010223,342,498.0
GERAL,GERAL,23671719353,[PMAX - SORTEIO IPHONE - CS],PERFORMANCE_MAX,2026-04-17,27314,19647,1.3902376953224411,152.585466,321,539.0
GERAL,GERAL,23671719353,[PMAX - SORTEIO IPHONE - CS],PERFORMANCE_MAX,2026-04-18,23732,17780,1.3347581552305963,148.802168,727,814.0
GERAL,GERAL,23671719353,[PMAX - SORTEIO IPHONE - CS],PERFORMANCE_MAX,2026-04-19,21030,15442,1.3618702240642404,110.798002,728,665.0
GERAL,GERAL,23676300868,[PMAX - SORTEIO IPHONE - BS],PERFORMANCE_MAX,2026-03-19,3317,2529,1.3115856069592724,18.629892,49,200.0
GERAL,GERAL,23676300868,[PMAX - SORTEIO IPHONE - BS],PERFORMANCE_MAX,2026-03-20,6553,4711,1.3909997877308427,31.667351,69,349.0
GERAL,GERAL,23676300868,[PMAX - SORTEIO IPHONE - BS],PERFORMANCE_MAX,2026-03-21,7551,5413,1.394975060040643,31.696514,147,485.0
GERAL,GERAL,23676300868,[PMAX - SORTEIO IPHONE - BS],PERFORMANCE_MAX,2026-03-22,7542,5377,1.402640877812907,31.614972,303,529.0
GERAL,GERAL,23676300868,[PMAX - SORTEIO IPHONE - BS],PERFORMANCE_MAX,2026-03-23,8681,6137,1.414534788984846,27.925763,284,477.0
GERAL,GERAL,23676300868,[PMAX - SORTEIO IPHONE - BS],PERFORMANCE_MAX,2026-03-24,9786,6754,1.4489191590168788,31.380203,274,497.0
GERAL,GERAL,23676300868,[PMAX - SORTEIO IPHONE - BS],PERFORMANCE_MAX,2026-03-25,10511,7409,1.4186799838034823,50.731061,217,492.0
GERAL,GERAL,23676300868,[PMAX - SORTEIO IPHONE - BS],PERFORMANCE_MAX,2026-03-26,17513,11574,1.5131328840504579,138.436755,280,889.0
GERAL,GERAL,23676300868,[PMAX - SORTEIO IPHONE - BS],PERFORMANCE_MAX,2026-03-27,18753,12542,1.495216073991389,154.831298,326,1038.0
GERAL,GERAL,23676300868,[PMAX - SORTEIO IPHONE - BS],PERFORMANCE_MAX,2026-03-28,19728,13205,1.4939795531995457,155.272683,521,1285.0
GERAL,GERAL,23676300868,[PMAX - SORTEIO IPHONE - BS],PERFORMANCE_MAX,2026-03-29,15979,10708,1.4922487859544267,125.453479,468,958.0
GERAL,GERAL,23676300868,[PMAX - SORTEIO IPHONE - BS],PERFORMANCE_MAX,2026-03-30,17216,11383,1.5124308178863217,132.064768,387,803.0
GERAL,GERAL,23676300868,[PMAX - SORTEIO IPHONE - BS],PERFORMANCE_MAX,2026-03-31,18332,12048,1.5215803452855245,150.733133,375,884.0
GERAL,GERAL,23676300868,[PMAX - SORTEIO IPHONE - BS],PERFORMANCE_MAX,2026-04-01,20225,13322,1.5181654406245308,155.706589,353,1061.0
GERAL,GERAL,23676300868,[PMAX - SORTEIO IPHONE - BS],PERFORMANCE_MAX,2026-04-02,20563,13573,1.5149930008104324,158.437932,340,1041.0
GERAL,GERAL,23676300868,[PMAX - SORTEIO IPHONE - BS],PERFORMANCE_MAX,2026-04-03,20682,13818,1.4967433782023447,158.801125,534,1316.0
GERAL,GERAL,23676300868,[PMAX - SORTEIO IPHONE - BS],PERFORMANCE_MAX,2026-04-04,18365,12169,1.5091626263456324,158.509741,460,1357.0
GERAL,GERAL,23676300868,[PMAX - SORTEIO IPHONE - BS],PERFORMANCE_MAX,2026-04-05,16098,10663,1.5097064615961737,119.597473,523,843.0
GERAL,GERAL,23676300868,[PMAX - SORTEIO IPHONE - BS],PERFORMANCE_MAX,2026-04-06,19965,12807,1.5589130944014993,148.950481,450,1015.0
GERAL,GERAL,23676300868,[PMAX - SORTEIO IPHONE - BS],PERFORMANCE_MAX,2026-04-07,19961,12962,1.5399629686776732,151.959887,348,871.0
GERAL,GERAL,23676300868,[PMAX - SORTEIO IPHONE - BS],PERFORMANCE_MAX,2026-04-08,17339,11193,1.5490931832395247,153.917422,309,778.0
GERAL,GERAL,23676300868,[PMAX - SORTEIO IPHONE - BS],PERFORMANCE_MAX,2026-04-09,17692,11413,1.5501620958556033,156.802753,315,856.0
GERAL,GERAL,23676300868,[PMAX - SORTEIO IPHONE - BS],PERFORMANCE_MAX,2026-04-10,20198,13088,1.5432457212713937,162.53325,366,1123.0
GERAL,GERAL,23676300868,[PMAX - SORTEIO IPHONE - BS],PERFORMANCE_MAX,2026-04-11,18434,12004,1.5356547817394202,165.031805,620,1357.0
GERAL,GERAL,23676300868,[PMAX - SORTEIO IPHONE - BS],PERFORMANCE_MAX,2026-04-12,17293,11235,1.5392078326657765,151.900387,666,1048.0
GERAL,GERAL,23676300868,[PMAX - SORTEIO IPHONE - BS],PERFORMANCE_MAX,2026-04-13,16907,10860,1.5568139963167587,140.159861,294,697.0
GERAL,GERAL,23676300868,[PMAX - SORTEIO IPHONE - BS],PERFORMANCE_MAX,2026-04-14,16920,10976,1.5415451895043732,162.792215,481,914.0
GERAL,GERAL,23676300868,[PMAX - SORTEIO IPHONE - BS],PERFORMANCE_MAX,2026-04-15,17292,11292,1.5313496280552603,158.080575,380,884.0
GERAL,GERAL,23676300868,[PMAX - SORTEIO IPHONE - BS],PERFORMANCE_MAX,2026-04-16,17153,11204,1.5309710817565156,173.687323,369,757.0
GERAL,GERAL,23676300868,[PMAX - SORTEIO IPHONE - BS],PERFORMANCE_MAX,2026-04-17,17397,11453,1.5189906574696586,178.10008,456,902.0
GERAL,GERAL,23676300868,[PMAX - SORTEIO IPHONE - BS],PERFORMANCE_MAX,2026-04-18,18916,12866,1.4702316182185606,178.258489,588,1271.0
GERAL,GERAL,23676300868,[PMAX - SORTEIO IPHONE - BS],PERFORMANCE_MAX,2026-04-19,19180,12608,1.521256345177665,172.772824,877,1377.0
GERAL,GERAL,23676376237,[PMAX - SORTEIO IPHONE - GS],PERFORMANCE_MAX,2026-03-19,1755,1420,1.2359154929577465,18.085432,42,145.0
GERAL,GERAL,23676376237,[PMAX - SORTEIO IPHONE - GS],PERFORMANCE_MAX,2026-03-20,3050,2283,1.3359614542268945,32.046964,68,208.0
GERAL,GERAL,23676376237,[PMAX - SORTEIO IPHONE - GS],PERFORMANCE_MAX,2026-03-21,2895,2121,1.3649222065063649,32.06773,132,200.0
GERAL,GERAL,23676376237,[PMAX - SORTEIO IPHONE - GS],PERFORMANCE_MAX,2026-03-22,4525,3237,1.3978992894655544,31.629627,186,354.0
GERAL,GERAL,23676376237,[PMAX - SORTEIO IPHONE - GS],PERFORMANCE_MAX,2026-03-23,4451,3329,1.3370381495944728,29.490192,152,259.0
GERAL,GERAL,23676376237,[PMAX - SORTEIO IPHONE - GS],PERFORMANCE_MAX,2026-03-24,4580,3233,1.416640890813486,30.122116,219,271.0
GERAL,GERAL,23676376237,[PMAX - SORTEIO IPHONE - GS],PERFORMANCE_MAX,2026-03-25,6280,4798,1.3088786994581076,66.537961,232,267.0
GERAL,GERAL,23676376237,[PMAX - SORTEIO IPHONE - GS],PERFORMANCE_MAX,2026-03-26,9620,6685,1.4390426327599102,161.861781,329,533.0
GERAL,GERAL,23676376237,[PMAX - SORTEIO IPHONE - GS],PERFORMANCE_MAX,2026-03-27,10444,7601,1.3740297329298776,157.921707,327,579.0
GERAL,GERAL,23676376237,[PMAX - SORTEIO IPHONE - GS],PERFORMANCE_MAX,2026-03-28,9822,7012,1.4007415858528238,157.132094,551,609.0
GERAL,GERAL,23676376237,[PMAX - SORTEIO IPHONE - GS],PERFORMANCE_MAX,2026-03-29,10483,7233,1.4493294621871975,159.454189,569,615.0
GERAL,GERAL,23676376237,[PMAX - SORTEIO IPHONE - GS],PERFORMANCE_MAX,2026-03-30,12231,8516,1.4362376702677313,139.48795,255,452.0
GERAL,GERAL,23676376237,[PMAX - SORTEIO IPHONE - GS],PERFORMANCE_MAX,2026-03-31,26137,15664,1.668603166496425,163.13456,276,729.0
GERAL,GERAL,23676376237,[PMAX - SORTEIO IPHONE - GS],PERFORMANCE_MAX,2026-04-01,18099,13878,1.3041504539559015,160.974573,265,644.0
GERAL,GERAL,23676376237,[PMAX - SORTEIO IPHONE - GS],PERFORMANCE_MAX,2026-04-02,30448,19939,1.5270575254526306,154.383426,316,998.0
GERAL,GERAL,23676376237,[PMAX - SORTEIO IPHONE - GS],PERFORMANCE_MAX,2026-04-03,13671,9243,1.4790652385589094,155.644925,1014,885.0
GERAL,GERAL,23676376237,[PMAX - SORTEIO IPHONE - GS],PERFORMANCE_MAX,2026-04-04,23524,15116,1.5562318073564434,163.380934,407,875.0
GERAL,GERAL,23676376237,[PMAX - SORTEIO IPHONE - GS],PERFORMANCE_MAX,2026-04-05,31763,20670,1.5366715045960329,148.446545,384,736.0
GERAL,GERAL,23676376237,[PMAX - SORTEIO IPHONE - GS],PERFORMANCE_MAX,2026-04-06,32421,21755,1.4902780969891978,165.43875,222,720.0
GERAL,GERAL,23676376237,[PMAX - SORTEIO IPHONE - GS],PERFORMANCE_MAX,2026-04-07,30566,21242,1.438941719235477,164.172184,236,732.0
GERAL,GERAL,23676376237,[PMAX - SORTEIO IPHONE - GS],PERFORMANCE_MAX,2026-04-08,45135,28407,1.5888689407540395,169.057143,209,877.0
GERAL,GERAL,23676376237,[PMAX - SORTEIO IPHONE - GS],PERFORMANCE_MAX,2026-04-09,27959,20340,1.3745821042281219,139.999735,268,744.0
GERAL,GERAL,23676376237,[PMAX - SORTEIO IPHONE - GS],PERFORMANCE_MAX,2026-04-10,24101,17788,1.3549021812457838,166.751329,358,793.0
GERAL,GERAL,23676376237,[PMAX - SORTEIO IPHONE - GS],PERFORMANCE_MAX,2026-04-11,26486,19428,1.363290096767552,187.118699,522,1007.0
GERAL,GERAL,23676376237,[PMAX - SORTEIO IPHONE - GS],PERFORMANCE_MAX,2026-04-12,37840,25369,1.4915842169577043,157.808495,389,808.0
GERAL,GERAL,23676376237,[PMAX - SORTEIO IPHONE - GS],PERFORMANCE_MAX,2026-04-13,30037,19657,1.5280561631988605,169.064859,232,542.0
GERAL,GERAL,23676376237,[PMAX - SORTEIO IPHONE - GS],PERFORMANCE_MAX,2026-04-14,43822,25595,1.7121312756397733,200.898001,295,707.0
GERAL,GERAL,23676376237,[PMAX - SORTEIO IPHONE - GS],PERFORMANCE_MAX,2026-04-15,49573,28874,1.71687331162984,203.956793,183,733.0
GERAL,GERAL,23676376237,[PMAX - SORTEIO IPHONE - GS],PERFORMANCE_MAX,2026-04-16,34365,22891,1.5012450307981302,197.475001,238,634.0
GERAL,GERAL,23676376237,[PMAX - SORTEIO IPHONE - GS],PERFORMANCE_MAX,2026-04-17,33711,22435,1.5026075328727435,200.596065,333,736.0
GERAL,GERAL,23676376237,[PMAX - SORTEIO IPHONE - GS],PERFORMANCE_MAX,2026-04-18,35364,23363,1.5136754697598767,206.242985,557,971.0
GERAL,GERAL,23676376237,[PMAX - SORTEIO IPHONE - GS],PERFORMANCE_MAX,2026-04-19,43167,28202,1.530636125097511,195.61192,547,1075.0
GERAL,GERAL,23676433174,[PMAX - SORTEIO IPHONE - NS],PERFORMANCE_MAX,2026-03-19,1669,1385,1.2050541516245488,17.648972,27,81.0
GERAL,GERAL,23676433174,[PMAX - SORTEIO IPHONE - NS],PERFORMANCE_MAX,2026-03-20,3998,3040,1.3151315789473683,31.073458,37,203.0
GERAL,GERAL,23676433174,[PMAX - SORTEIO IPHONE - NS],PERFORMANCE_MAX,2026-03-21,2906,2255,1.288691796008869,32.08677,55,192.0
GERAL,GERAL,23676433174,[PMAX - SORTEIO IPHONE - NS],PERFORMANCE_MAX,2026-03-22,3478,2533,1.3730754046585076,25.803607,89,245.0
GERAL,GERAL,23676433174,[PMAX - SORTEIO IPHONE - NS],PERFORMANCE_MAX,2026-03-23,3904,2989,1.3061224489795917,21.336831,71,178.0
GERAL,GERAL,23676433174,[PMAX - SORTEIO IPHONE - NS],PERFORMANCE_MAX,2026-03-24,4053,3070,1.3201954397394138,29.606446,72,176.0
GERAL,GERAL,23676433174,[PMAX - SORTEIO IPHONE - NS],PERFORMANCE_MAX,2026-03-25,5147,4399,1.1700386451466243,55.964374,114,211.0
GERAL,GERAL,23676433174,[PMAX - SORTEIO IPHONE - NS],PERFORMANCE_MAX,2026-03-26,14377,11789,1.219526677411146,155.743227,162,486.0
GERAL,GERAL,23676433174,[PMAX - SORTEIO IPHONE - NS],PERFORMANCE_MAX,2026-03-27,22241,14929,1.4897849822493134,155.928337,136,769.0
GERAL,GERAL,23676433174,[PMAX - SORTEIO IPHONE - NS],PERFORMANCE_MAX,2026-03-28,14191,10254,1.3839477277160133,151.272414,306,657.0
GERAL,GERAL,23676433174,[PMAX - SORTEIO IPHONE - NS],PERFORMANCE_MAX,2026-03-29,20739,13546,1.5310054628672671,135.858379,244,739.0
GERAL,GERAL,23676433174,[PMAX - SORTEIO IPHONE - NS],PERFORMANCE_MAX,2026-03-30,25397,14766,1.7199647839631587,138.18199,152,742.0
GERAL,GERAL,23676433174,[PMAX - SORTEIO IPHONE - NS],PERFORMANCE_MAX,2026-03-31,30391,17763,1.7109159488825085,156.515331,180,932.0
GERAL,GERAL,23676433174,[PMAX - SORTEIO IPHONE - NS],PERFORMANCE_MAX,2026-04-01,30424,18554,1.639754230893608,158.234239,114,962.0
GERAL,GERAL,23676433174,[PMAX - SORTEIO IPHONE - NS],PERFORMANCE_MAX,2026-04-02,39417,23832,1.6539526686807653,150.159405,191,1340.0
GERAL,GERAL,23676433174,[PMAX - SORTEIO IPHONE - NS],PERFORMANCE_MAX,2026-04-03,43966,25033,1.7563216554148524,148.392541,215,1428.0
GERAL,GERAL,23676433174,[PMAX - SORTEIO IPHONE - NS],PERFORMANCE_MAX,2026-04-04,48169,28116,1.7132237871674492,159.219394,130,1179.0
GERAL,GERAL,23676433174,[PMAX - SORTEIO IPHONE - NS],PERFORMANCE_MAX,2026-04-05,65475,36618,1.7880550548910372,150.969323,96,1279.0
GERAL,GERAL,23676433174,[PMAX - SORTEIO IPHONE - NS],PERFORMANCE_MAX,2026-04-06,67835,36035,1.882475371166921,159.920267,59,1220.0
GERAL,GERAL,23676433174,[PMAX - SORTEIO IPHONE - NS],PERFORMANCE_MAX,2026-04-07,56817,34629,1.6407346443732131,148.754945,53,885.0
GERAL,GERAL,23676433174,[PMAX - SORTEIO IPHONE - NS],PERFORMANCE_MAX,2026-04-08,67118,36320,1.8479625550660792,184.701159,56,1197.0
GERAL,GERAL,23676433174,[PMAX - SORTEIO IPHONE - NS],PERFORMANCE_MAX,2026-04-09,68253,37376,1.8261183647260273,179.15563,53,1465.0
GERAL,GERAL,23676433174,[PMAX - SORTEIO IPHONE - NS],PERFORMANCE_MAX,2026-04-10,59852,34560,1.7318287037037037,166.069692,57,1509.0
GERAL,GERAL,23676433174,[PMAX - SORTEIO IPHONE - NS],PERFORMANCE_MAX,2026-04-11,53047,32066,1.6543067423439157,159.797701,169,1408.0
GERAL,GERAL,23676433174,[PMAX - SORTEIO IPHONE - NS],PERFORMANCE_MAX,2026-04-12,54153,31876,1.6988643493537459,155.440095,177,982.0
GERAL,GERAL,23676433174,[PMAX - SORTEIO IPHONE - NS],PERFORMANCE_MAX,2026-04-13,63062,35339,1.7844873935312262,198.901123,136,991.0
GERAL,GERAL,23676433174,[PMAX - SORTEIO IPHONE - NS],PERFORMANCE_MAX,2026-04-14,72303,39906,1.8118328070966772,210.740006,112,1011.0
GERAL,GERAL,23676433174,[PMAX - SORTEIO IPHONE - NS],PERFORMANCE_MAX,2026-04-15,72052,39700,1.814911838790932,209.227556,141,1071.0
GERAL,GERAL,23676433174,[PMAX - SORTEIO IPHONE - NS],PERFORMANCE_MAX,2026-04-16,66486,37434,1.7760859112037186,209.000688,156,1011.0
GERAL,GERAL,23676433174,[PMAX - SORTEIO IPHONE - NS],PERFORMANCE_MAX,2026-04-17,67724,37872,1.7882340515420363,210.456031,122,1227.0
GERAL,GERAL,23676433174,[PMAX - SORTEIO IPHONE - NS],PERFORMANCE_MAX,2026-04-18,69375,39294,1.765536723163842,205.851978,172,1431.0
GERAL,GERAL,23676433174,[PMAX - SORTEIO IPHONE - NS],PERFORMANCE_MAX,2026-04-19,67497,38989,1.7311805893970094,188.037771,157,1471.0
GERAL,GERAL,23676509695,[PMAX - SORTEIO IPHONE - NR],PERFORMANCE_MAX,2026-03-19,1232,1038,1.186897880539499,17.775284,25,59.0
GERAL,GERAL,23676509695,[PMAX - SORTEIO IPHONE - NR],PERFORMANCE_MAX,2026-03-20,2145,1728,1.2413194444444444,32.163253,57,127.0
GERAL,GERAL,23676509695,[PMAX - SORTEIO IPHONE - NR],PERFORMANCE_MAX,2026-03-21,2069,1584,1.3061868686868687,32.553038,128,161.0
GERAL,GERAL,23676509695,[PMAX - SORTEIO IPHONE - NR],PERFORMANCE_MAX,2026-03-22,3568,2701,1.3209922251018142,29.095364,138,209.0
GERAL,GERAL,23676509695,[PMAX - SORTEIO IPHONE - NR],PERFORMANCE_MAX,2026-03-23,1620,1331,1.217129977460556,22.472073,77,88.0
GERAL,GERAL,23676509695,[PMAX - SORTEIO IPHONE - NR],PERFORMANCE_MAX,2026-03-24,3624,2795,1.2966010733452593,32.219711,81,185.0
GERAL,GERAL,23676509695,[PMAX - SORTEIO IPHONE - NR],PERFORMANCE_MAX,2026-03-25,3642,3052,1.193315858453473,32.927624,52,150.0
GERAL,GERAL,23676509695,[PMAX - SORTEIO IPHONE - NR],PERFORMANCE_MAX,2026-03-26,4785,3570,1.3403361344537814,22.861042,41,111.0
GERAL,GERAL,23676509695,[PMAX - SORTEIO IPHONE - NR],PERFORMANCE_MAX,2026-03-27,2778,2215,1.254176072234763,33.336556,73,115.0
GERAL,GERAL,23676509695,[PMAX - SORTEIO IPHONE - NR],PERFORMANCE_MAX,2026-03-28,3121,2479,1.2589753933037515,33.340219,127,167.0
GERAL,GERAL,23676509695,[PMAX - SORTEIO IPHONE - NR],PERFORMANCE_MAX,2026-03-29,3214,2538,1.2663514578408195,24.681756,119,162.0
GERAL,GERAL,23676509695,[PMAX - SORTEIO IPHONE - NR],PERFORMANCE_MAX,2026-03-30,2791,2416,1.1552152317880795,30.278266,71,106.0
GERAL,GERAL,23676509695,[PMAX - SORTEIO IPHONE - NR],PERFORMANCE_MAX,2026-03-31,8905,5425,1.6414746543778802,33.195154,62,263.0
GERAL,GERAL,23676509695,[PMAX - SORTEIO IPHONE - NR],PERFORMANCE_MAX,2026-04-01,4544,4017,1.131192432163306,32.337673,75,141.0
GERAL,GERAL,23676509695,[PMAX - SORTEIO IPHONE - NR],PERFORMANCE_MAX,2026-04-02,8125,6556,1.2393227577791337,34.141262,54,252.0
GERAL,GERAL,23676509695,[PMAX - SORTEIO IPHONE - NR],PERFORMANCE_MAX,2026-04-03,4877,3838,1.2707139134966128,32.724808,151,202.0
GERAL,GERAL,23676509695,[PMAX - SORTEIO IPHONE - NR],PERFORMANCE_MAX,2026-04-04,5295,4385,1.2075256556442417,34.151934,101,212.0
GERAL,GERAL,23676509695,[PMAX - SORTEIO IPHONE - NR],PERFORMANCE_MAX,2026-04-05,7030,5896,1.1923337856173677,26.989299,100,184.0
GERAL,GERAL,23676509695,[PMAX - SORTEIO IPHONE - NR],PERFORMANCE_MAX,2026-04-06,14482,10306,1.405200853871531,34.669146,64,339.0
GERAL,GERAL,23676509695,[PMAX - SORTEIO IPHONE - NR],PERFORMANCE_MAX,2026-04-07,15079,11947,1.2621578638988868,34.513603,31,261.0
GERAL,GERAL,23676509695,[PMAX - SORTEIO IPHONE - NR],PERFORMANCE_MAX,2026-04-08,44748,26166,1.7101582205916075,113.648547,51,966.0
GERAL,GERAL,23676509695,[PMAX - SORTEIO IPHONE - NR],PERFORMANCE_MAX,2026-04-09,43728,26813,1.6308507067467273,116.248222,78,983.0
GERAL,GERAL,23676509695,[PMAX - SORTEIO IPHONE - NR],PERFORMANCE_MAX,2026-04-10,14343,10746,1.3347292015633725,41.337144,76,412.0
GERAL,GERAL,23676509695,[PMAX - SORTEIO IPHONE - NR],PERFORMANCE_MAX,2026-04-11,5124,3786,1.3534072900158478,104.571207,199,358.0
GERAL,GERAL,23676509695,[PMAX - SORTEIO IPHONE - NR],PERFORMANCE_MAX,2026-04-12,7064,5159,1.369257608063578,99.038422,198,373.0
GERAL,GERAL,23676509695,[PMAX - SORTEIO IPHONE - NR],PERFORMANCE_MAX,2026-04-13,8063,5972,1.3501339584728733,114.274623,121,312.0
GERAL,GERAL,23676509695,[PMAX - SORTEIO IPHONE - NR],PERFORMANCE_MAX,2026-04-14,7620,5587,1.3638804367281188,113.437562,125,311.0
GERAL,GERAL,23676509695,[PMAX - SORTEIO IPHONE - NR],PERFORMANCE_MAX,2026-04-15,6525,4938,1.3213851761846902,134.315897,168,281.0
GERAL,GERAL,23676509695,[PMAX - SORTEIO IPHONE - NR],PERFORMANCE_MAX,2026-04-16,8347,6183,1.3499919133106906,135.552851,121,309.0
GERAL,GERAL,23676509695,[PMAX - SORTEIO IPHONE - NR],PERFORMANCE_MAX,2026-04-17,8172,6120,1.3352941176470587,140.902664,126,363.0
GERAL,GERAL,23676509695,[PMAX - SORTEIO IPHONE - NR],PERFORMANCE_MAX,2026-04-18,9197,6796,1.3532960565038257,140.460369,238,498.0
GERAL,GERAL,23676509695,[PMAX - SORTEIO IPHONE - NR],PERFORMANCE_MAX,2026-04-19,7925,5646,1.4036486007793127,132.021421,343,529.0
GERAL,GERAL,23677202761,[GEN - IPHONE PROMO - BS],DEMAND_GEN,2026-03-19,2266,1288,1.7608695652173914,4.900482,65,1.0
GERAL,GERAL,23677202761,[GEN - IPHONE PROMO - BS],DEMAND_GEN,2026-03-20,8381,4220,1.9869668246445498,32.369988,287,24.0
GERAL,GERAL,23677202761,[GEN - IPHONE PROMO - BS],DEMAND_GEN,2026-03-21,11379,5944,1.916049798115747,32.113942,440,18.0
GERAL,GERAL,23677202761,[GEN - IPHONE PROMO - BS],DEMAND_GEN,2026-03-22,10970,5981,1.8343086440394583,32.04657,390,17.0
GERAL,GERAL,23677202761,[GEN - IPHONE PROMO - BS],DEMAND_GEN,2026-03-23,10432,6122,1.704018294674943,32.026984,411,15.0
GERAL,GERAL,23677202761,[GEN - IPHONE PROMO - BS],DEMAND_GEN,2026-03-24,10219,6202,1.648339245404708,32.087802,378,11.0
GERAL,GERAL,23677202761,[GEN - IPHONE PROMO - BS],DEMAND_GEN,2026-03-25,10578,6055,1.7474814203137903,32.029783,463,24.0
GERAL,GERAL,23677202761,[GEN - IPHONE PROMO - BS],DEMAND_GEN,2026-03-26,9692,5428,1.7862932940309506,32.079988,418,15.0
GERAL,GERAL,23677202761,[GEN - IPHONE PROMO - BS],DEMAND_GEN,2026-03-27,10445,6059,1.7238818286846014,32.12743,451,17.0
GERAL,GERAL,23677202761,[GEN - IPHONE PROMO - BS],DEMAND_GEN,2026-03-28,11441,6526,1.7532945142506895,32.007073,450,18.0
GERAL,GERAL,23677202761,[GEN - IPHONE PROMO - BS],DEMAND_GEN,2026-03-29,11924,6578,1.813013073882639,32.01502,477,25.0
GERAL,GERAL,23677202761,[GEN - IPHONE PROMO - BS],DEMAND_GEN,2026-03-30,10474,5925,1.7677637130801689,32.031143,418,18.0
GERAL,GERAL,23677202761,[GEN - IPHONE PROMO - BS],DEMAND_GEN,2026-03-31,11019,6249,1.7634821571451431,32.056225,416,17.0
GERAL,GERAL,23677202761,[GEN - IPHONE PROMO - BS],DEMAND_GEN,2026-04-01,11729,6365,1.8432050274941083,32.113027,502,24.666666
GERAL,GERAL,23677202761,[GEN - IPHONE PROMO - BS],DEMAND_GEN,2026-04-02,11081,6149,1.8024068954301513,32.109469,509,29.333334
GERAL,GERAL,23677202761,[GEN - IPHONE PROMO - BS],DEMAND_GEN,2026-04-03,12334,6541,1.8856443968812109,32.00272,522,25.0
GERAL,GERAL,23677202761,[GEN - IPHONE PROMO - BS],DEMAND_GEN,2026-04-04,11884,6578,1.8066281544542415,32.157422,485,14.0
GERAL,GERAL,23677202761,[GEN - IPHONE PROMO - BS],DEMAND_GEN,2026-04-05,12239,6551,1.868417035567089,32.044603,503,23.0
GERAL,GERAL,23677202761,[GEN - IPHONE PROMO - BS],DEMAND_GEN,2026-04-06,7174,4686,1.5309432351685872,32.224125,291,31.0
GERAL,GERAL,23677202761,[GEN - IPHONE PROMO - BS],DEMAND_GEN,2026-04-07,4449,2457,1.8107448107448108,32.146775,21,45.0
GERAL,GERAL,23677202761,[GEN - IPHONE PROMO - BS],DEMAND_GEN,2026-04-08,6574,3484,1.8869115958668197,30.243792,13,115.0
GERAL,GERAL,23677202761,[GEN - IPHONE PROMO - BS],DEMAND_GEN,2026-04-09,7813,4704,1.6609268707482994,32.27911,18,166.0
GERAL,GERAL,23677202761,[GEN - IPHONE PROMO - BS],DEMAND_GEN,2026-04-10,8411,5277,1.593898048133409,32.34681,7,242.0
GERAL,GERAL,23677202761,[GEN - IPHONE PROMO - BS],DEMAND_GEN,2026-04-11,10447,7014,1.4894496720844026,32.346561,7,264.0
GERAL,GERAL,23677202761,[GEN - IPHONE PROMO - BS],DEMAND_GEN,2026-04-12,8556,5954,1.4370171313402755,27.203143,8,184.0
GERAL,GERAL,23677202761,[GEN - IPHONE PROMO - BS],DEMAND_GEN,2026-04-13,11585,7631,1.5181496527322762,32.082367,4,231.0
GERAL,GERAL,23677202761,[GEN - IPHONE PROMO - BS],DEMAND_GEN,2026-04-14,14320,9513,1.505308525176075,33.275766,5,225.0
GERAL,GERAL,23677202761,[GEN - IPHONE PROMO - BS],DEMAND_GEN,2026-04-15,14277,9562,1.493097678309977,33.213477,9,217.0
GERAL,GERAL,23677202761,[GEN - IPHONE PROMO - BS],DEMAND_GEN,2026-04-16,12709,8900,1.4279775280898876,33.020155,9,215.0
GERAL,GERAL,23677202761,[GEN - IPHONE PROMO - BS],DEMAND_GEN,2026-04-17,13174,9083,1.45040184960916,33.413297,11,304.0
GERAL,GERAL,23677202761,[GEN - IPHONE PROMO - BS],DEMAND_GEN,2026-04-18,13488,9140,1.475711159737418,33.338807,7,348.0
GERAL,GERAL,23677202761,[GEN - IPHONE PROMO - BS],DEMAND_GEN,2026-04-19,13902,9292,1.4961256995264745,33.457474,7,352.0
GERAL,GERAL,23677205167,[GEN - IPHONE PROMO - CS],DEMAND_GEN,2026-03-19,5484,4070,1.3476658476658476,11.982491,188,2.0
GERAL,GERAL,23677205167,[GEN - IPHONE PROMO - CS],DEMAND_GEN,2026-03-20,11120,7605,1.4629848783694936,31.8779,417,13.2
GERAL,GERAL,23677205167,[GEN - IPHONE PROMO - CS],DEMAND_GEN,2026-03-21,12297,7275,1.6923711340206185,31.878064,472,21.0
GERAL,GERAL,23677205167,[GEN - IPHONE PROMO - CS],DEMAND_GEN,2026-03-22,13450,7968,1.6896335341365463,31.741183,566,22.2
GERAL,GERAL,23677205167,[GEN - IPHONE PROMO - CS],DEMAND_GEN,2026-03-23,12427,7489,1.6599011884096675,31.825262,481,22.0
GERAL,GERAL,23677205167,[GEN - IPHONE PROMO - CS],DEMAND_GEN,2026-03-24,12308,7246,1.6995583770356057,31.824474,509,28.0
GERAL,GERAL,23677205167,[GEN - IPHONE PROMO - CS],DEMAND_GEN,2026-03-25,12668,7817,1.6213381092490726,31.774468,565,16.0
GERAL,GERAL,23677205167,[GEN - IPHONE PROMO - CS],DEMAND_GEN,2026-03-26,11936,6854,1.7420484388678144,31.808689,470,13.0
GERAL,GERAL,23677205167,[GEN - IPHONE PROMO - CS],DEMAND_GEN,2026-03-27,12678,7370,1.7210312075983718,31.890088,500,17.0
GERAL,GERAL,23677205167,[GEN - IPHONE PROMO - CS],DEMAND_GEN,2026-03-28,13563,7482,1.8134188719593691,31.838909,574,25.5
GERAL,GERAL,23677205167,[GEN - IPHONE PROMO - CS],DEMAND_GEN,2026-03-29,13163,8125,1.6203076923076922,31.764366,579,20.0
GERAL,GERAL,23677205167,[GEN - IPHONE PROMO - CS],DEMAND_GEN,2026-03-30,12321,7853,1.5689545396663696,31.8161,489,30.0
GERAL,GERAL,23677205167,[GEN - IPHONE PROMO - CS],DEMAND_GEN,2026-03-31,12881,7729,1.6667097942812783,31.813318,536,20.0
GERAL,GERAL,23677205167,[GEN - IPHONE PROMO - CS],DEMAND_GEN,2026-04-01,14267,8223,1.735376383315092,31.9153,596,28.0
GERAL,GERAL,23677205167,[GEN - IPHONE PROMO - CS],DEMAND_GEN,2026-04-02,13503,7825,1.7260063897763578,31.914832,560,27.0
GERAL,GERAL,23677205167,[GEN - IPHONE PROMO - CS],DEMAND_GEN,2026-04-03,14501,8332,1.7407585213634182,31.906538,667,25.5
GERAL,GERAL,23677205167,[GEN - IPHONE PROMO - CS],DEMAND_GEN,2026-04-04,13527,7837,1.7266811279826464,31.929915,602,23.0
GERAL,GERAL,23677205167,[GEN - IPHONE PROMO - CS],DEMAND_GEN,2026-04-05,14808,8081,1.8333127088231655,31.891335,626,30.0
GERAL,GERAL,23677205167,[GEN - IPHONE PROMO - CS],DEMAND_GEN,2026-04-06,11142,7739,1.4397208941723736,31.926619,320,30.0
GERAL,GERAL,23677205167,[GEN - IPHONE PROMO - CS],DEMAND_GEN,2026-04-07,5669,4159,1.3630680452031738,31.933234,34,46.0
GERAL,GERAL,23677205167,[GEN - IPHONE PROMO - CS],DEMAND_GEN,2026-04-08,8936,6419,1.3921171522043931,29.617939,30,79.0
GERAL,GERAL,23677205167,[GEN - IPHONE PROMO - CS],DEMAND_GEN,2026-04-09,9867,7143,1.381352372952541,31.956056,27,123.0
GERAL,GERAL,23677205167,[GEN - IPHONE PROMO - CS],DEMAND_GEN,2026-04-10,8271,6389,1.294568790107998,32.188649,30,131.0
GERAL,GERAL,23677205167,[GEN - IPHONE PROMO - CS],DEMAND_GEN,2026-04-11,9053,6622,1.367109634551495,32.216649,23,152.0
GERAL,GERAL,23677205167,[GEN - IPHONE PROMO - CS],DEMAND_GEN,2026-04-12,7786,6542,1.190155915622134,27.429735,9,98.0
GERAL,GERAL,23677205167,[GEN - IPHONE PROMO - CS],DEMAND_GEN,2026-04-13,14655,11526,1.27147319104633,32.847984,17,148.0
GERAL,GERAL,23677205167,[GEN - IPHONE PROMO - CS],DEMAND_GEN,2026-04-14,14439,11149,1.2950937303794061,32.782515,25,146.0
GERAL,GERAL,23677205167,[GEN - IPHONE PROMO - CS],DEMAND_GEN,2026-04-15,14808,11621,1.274244901471474,32.913356,16,157.0
GERAL,GERAL,23677205167,[GEN - IPHONE PROMO - CS],DEMAND_GEN,2026-04-16,14961,12024,1.2442614770459082,32.918527,17,195.0
GERAL,GERAL,23677205167,[GEN - IPHONE PROMO - CS],DEMAND_GEN,2026-04-17,13704,11288,1.214032600992204,32.892669,19,187.0
GERAL,GERAL,23677205167,[GEN - IPHONE PROMO - CS],DEMAND_GEN,2026-04-18,14593,11681,1.2492937248523244,32.912014,23,220.0
GERAL,GERAL,23677205167,[GEN - IPHONE PROMO - CS],DEMAND_GEN,2026-04-19,13599,10877,1.2502528270662867,32.434981,14,246.0
GERAL,GERAL,23677217893,[GEN - IPHONE PROMO - GS],DEMAND_GEN,2026-03-19,5187,3675,1.4119727891156462,11.201734,160,6.0
GERAL,GERAL,23677217893,[GEN - IPHONE PROMO - GS],DEMAND_GEN,2026-03-20,10842,7203,1.505900319311398,31.914575,429,9.0
GERAL,GERAL,23677217893,[GEN - IPHONE PROMO - GS],DEMAND_GEN,2026-03-21,13071,8094,1.615147022485792,31.901804,482,9.0
GERAL,GERAL,23677217893,[GEN - IPHONE PROMO - GS],DEMAND_GEN,2026-03-22,14563,8278,1.7593621647741,31.82467,540,16.0
GERAL,GERAL,23677217893,[GEN - IPHONE PROMO - GS],DEMAND_GEN,2026-03-23,13693,7953,1.7219917012448134,31.822074,508,7.0
GERAL,GERAL,23677217893,[GEN - IPHONE PROMO - GS],DEMAND_GEN,2026-03-24,13164,7980,1.649624060150376,31.863164,487,9.0
GERAL,GERAL,23677217893,[GEN - IPHONE PROMO - GS],DEMAND_GEN,2026-03-25,13747,8326,1.6514532788854193,31.764111,534,9.0
GERAL,GERAL,23677217893,[GEN - IPHONE PROMO - GS],DEMAND_GEN,2026-03-26,12640,7939,1.592769870260738,31.810461,502,13.0
GERAL,GERAL,23677217893,[GEN - IPHONE PROMO - GS],DEMAND_GEN,2026-03-27,12277,8241,1.49071714597743,31.917961,544,6.0
GERAL,GERAL,23677217893,[GEN - IPHONE PROMO - GS],DEMAND_GEN,2026-03-28,13045,8375,1.55844776119403,31.877392,569,11.0
GERAL,GERAL,23677217893,[GEN - IPHONE PROMO - GS],DEMAND_GEN,2026-03-29,14043,8482,1.6559773638292856,31.790121,589,11.0
GERAL,GERAL,23677217893,[GEN - IPHONE PROMO - GS],DEMAND_GEN,2026-03-30,11625,7211,1.6126750797392873,31.86423,514,5.0
GERAL,GERAL,23677217893,[GEN - IPHONE PROMO - GS],DEMAND_GEN,2026-03-31,11554,7423,1.5567829718442678,31.841733,542,7.0
GERAL,GERAL,23677217893,[GEN - IPHONE PROMO - GS],DEMAND_GEN,2026-04-01,12546,7954,1.5774453105355797,31.920219,569,10.0
GERAL,GERAL,23677217893,[GEN - IPHONE PROMO - GS],DEMAND_GEN,2026-04-02,13209,8344,1.5834132310642377,31.946589,646,11.0
GERAL,GERAL,23677217893,[GEN - IPHONE PROMO - GS],DEMAND_GEN,2026-04-03,13510,8523,1.5851226094098323,31.88816,677,7.0
GERAL,GERAL,23677217893,[GEN - IPHONE PROMO - GS],DEMAND_GEN,2026-04-04,12379,7549,1.6400847794409856,31.994753,571,4.0
GERAL,GERAL,23677217893,[GEN - IPHONE PROMO - GS],DEMAND_GEN,2026-04-05,13398,8240,1.6260922330097087,31.78672,657,11.0
GERAL,GERAL,23677217893,[GEN - IPHONE PROMO - GS],DEMAND_GEN,2026-04-06,8437,6336,1.3315972222222223,31.972886,317,12.0
GERAL,GERAL,23677217893,[GEN - IPHONE PROMO - GS],DEMAND_GEN,2026-04-07,3447,2509,1.373854125149462,31.93984,7,32.0
GERAL,GERAL,23677217893,[GEN - IPHONE PROMO - GS],DEMAND_GEN,2026-04-08,2033,1620,1.2549382716049382,15.30164,7,38.0
GERAL,GERAL,23686312503,[PMAX - SORTEIO IPHONE - NK],PERFORMANCE_MAX,2026-03-25,2854,2400,1.1891666666666667,23.74649,17,77.0
GERAL,GERAL,23686312503,[PMAX - SORTEIO IPHONE - NK],PERFORMANCE_MAX,2026-03-26,7233,5406,1.3379578246392896,117.684835,60,251.0
GERAL,GERAL,23686312503,[PMAX - SORTEIO IPHONE - NK],PERFORMANCE_MAX,2026-03-27,8099,6425,1.2605447470817122,122.153022,96,347.0
GERAL,GERAL,23686312503,[PMAX - SORTEIO IPHONE - NK],PERFORMANCE_MAX,2026-03-28,9469,7236,1.308595909342178,117.686103,142,420.0
GERAL,GERAL,23686312503,[PMAX - SORTEIO IPHONE - NK],PERFORMANCE_MAX,2026-03-29,9321,6960,1.3392241379310346,108.886079,192,345.0
GERAL,GERAL,23686312503,[PMAX - SORTEIO IPHONE - NK],PERFORMANCE_MAX,2026-03-30,15550,11264,1.3805042613636365,98.546268,126,413.0
GERAL,GERAL,23686312503,[PMAX - SORTEIO IPHONE - NK],PERFORMANCE_MAX,2026-03-31,17853,12561,1.4213040363028422,115.278016,127,497.0
GERAL,GERAL,23686312503,[PMAX - SORTEIO IPHONE - NK],PERFORMANCE_MAX,2026-04-01,15381,11407,1.348382572104848,120.843817,100,471.0
GERAL,GERAL,23686312503,[PMAX - SORTEIO IPHONE - NK],PERFORMANCE_MAX,2026-04-02,18994,13588,1.397851045039741,120.879365,170,670.0
GERAL,GERAL,23686312503,[PMAX - SORTEIO IPHONE - NK],PERFORMANCE_MAX,2026-04-03,19510,13992,1.3943682104059463,120.857252,201,680.0
GERAL,GERAL,23686312503,[PMAX - SORTEIO IPHONE - NK],PERFORMANCE_MAX,2026-04-04,22163,14977,1.479802363624224,121.006728,169,632.0
GERAL,GERAL,23686312503,[PMAX - SORTEIO IPHONE - NK],PERFORMANCE_MAX,2026-04-05,23769,16374,1.4516306339318432,104.400638,178,595.0
GERAL,GERAL,23686312503,[PMAX - SORTEIO IPHONE - NK],PERFORMANCE_MAX,2026-04-06,25145,17367,1.4478608855876087,119.826204,145,623.0
GERAL,GERAL,23686312503,[PMAX - SORTEIO IPHONE - NK],PERFORMANCE_MAX,2026-04-07,29083,19050,1.5266666666666666,122.24252,103,577.0
GERAL,GERAL,23686312503,[PMAX - SORTEIO IPHONE - NK],PERFORMANCE_MAX,2026-04-08,36596,25399,1.4408441277215638,162.672951,107,776.0
GERAL,GERAL,23686312503,[PMAX - SORTEIO IPHONE - NK],PERFORMANCE_MAX,2026-04-09,42585,29535,1.4418486541391569,159.27421,170,1000.0
GERAL,GERAL,23686312503,[PMAX - SORTEIO IPHONE - NK],PERFORMANCE_MAX,2026-04-10,36581,24883,1.470120162359844,163.10482,175,998.0
GERAL,GERAL,23686312503,[PMAX - SORTEIO IPHONE - NK],PERFORMANCE_MAX,2026-04-11,38891,26609,1.4615731519410726,141.560061,264,981.0
GERAL,GERAL,23686312503,[PMAX - SORTEIO IPHONE - NK],PERFORMANCE_MAX,2026-04-12,64566,37370,1.7277495317099278,155.022941,173,938.0
GERAL,GERAL,23686312503,[PMAX - SORTEIO IPHONE - NK],PERFORMANCE_MAX,2026-04-13,66248,37962,1.7451135345872189,168.383995,102,766.0
GERAL,GERAL,23686312503,[PMAX - SORTEIO IPHONE - NK],PERFORMANCE_MAX,2026-04-14,70858,39143,1.8102342692179956,169.512444,72,755.0
GERAL,GERAL,23686312503,[PMAX - SORTEIO IPHONE - NK],PERFORMANCE_MAX,2026-04-15,69756,38357,1.8185989519514039,169.409886,87,736.0
GERAL,GERAL,23686312503,[PMAX - SORTEIO IPHONE - NK],PERFORMANCE_MAX,2026-04-16,68413,37927,1.8038073140506763,168.567962,107,725.0
GERAL,GERAL,23686312503,[PMAX - SORTEIO IPHONE - NK],PERFORMANCE_MAX,2026-04-17,62675,36313,1.7259659075262304,167.835777,172,887.0
GERAL,GERAL,23686312503,[PMAX - SORTEIO IPHONE - NK],PERFORMANCE_MAX,2026-04-18,66730,37701,1.769979576138564,157.058284,241,1090.0
GERAL,GERAL,23686312503,[PMAX - SORTEIO IPHONE - NK],PERFORMANCE_MAX,2026-04-19,42461,25648,1.6555286961946352,102.680908,195,799.0
GERAL,GERAL,23689805502,[VIDEO - PROMO IPHONE - NS],VIDEO,2026-03-27,4151,4355,1.1407577497129735,38.459366,8,55.0
GERAL,GERAL,23689805502,[VIDEO - PROMO IPHONE - NS],VIDEO,2026-03-28,8423,6844,1.4387784921098772,38.424936,11,73.0
GERAL,GERAL,23689805502,[VIDEO - PROMO IPHONE - NS],VIDEO,2026-03-29,7381,6577,1.357913942526988,38.554208,8,37.0
GERAL,GERAL,23689805502,[VIDEO - PROMO IPHONE - NS],VIDEO,2026-03-30,6884,5868,1.3686094069529653,38.45393,19,54.0
GERAL,GERAL,23689805502,[VIDEO - PROMO IPHONE - NS],VIDEO,2026-03-31,6898,6120,1.3545751633986929,38.456212,8,48.0
GERAL,GERAL,23689805502,[VIDEO - PROMO IPHONE - NS],VIDEO,2026-04-01,9058,8642,1.302360564684101,38.295004,6,79.0
GERAL,GERAL,23689805502,[VIDEO - PROMO IPHONE - NS],VIDEO,2026-04-02,8355,7610,1.3320630749014455,38.495486,16,72.0
GERAL,GERAL,23689805502,[VIDEO - PROMO IPHONE - NS],VIDEO,2026-04-03,9238,8263,1.3699624833595547,38.46253,11,104.0
GERAL,GERAL,23689805502,[VIDEO - PROMO IPHONE - NS],VIDEO,2026-04-04,8867,7865,1.3624920534011442,38.515946,9,58.0
GERAL,GERAL,23689805502,[VIDEO - PROMO IPHONE - NS],VIDEO,2026-04-05,9803,9670,1.2562564632885211,38.485839,22,55.0
GERAL,GERAL,23689805502,[VIDEO - PROMO IPHONE - NS],VIDEO,2026-04-06,10622,10470,1.2811843361986628,38.482726,13,65.0
GERAL,GERAL,23689805502,[VIDEO - PROMO IPHONE - NS],VIDEO,2026-04-07,8787,7844,1.3224120346761856,38.5869,20,34.0
GERAL,GERAL,23689805502,[VIDEO - PROMO IPHONE - NS],VIDEO,2026-04-08,7826,7699,1.2649694765553967,33.830643,11,48.0
GERAL,GERAL,23689805502,[VIDEO - PROMO IPHONE - NS],VIDEO,2026-04-09,8211,8092,1.2533366287691547,38.786245,13,53.0
GERAL,GERAL,23689805502,[VIDEO - PROMO IPHONE - NS],VIDEO,2026-04-10,9473,8903,1.3051780298775693,38.849371,21,83.0
GERAL,GERAL,23689805502,[VIDEO - PROMO IPHONE - NS],VIDEO,2026-04-11,9430,8849,1.3115606283195842,38.922877,17,76.0
GERAL,GERAL,23689805502,[VIDEO - PROMO IPHONE - NS],VIDEO,2026-04-12,9441,8489,1.3357285899399223,38.930514,12,54.0
GERAL,GERAL,23689805502,[VIDEO - PROMO IPHONE - NS],VIDEO,2026-04-13,9238,8570,1.3164527421236873,38.916877,18,51.0
GERAL,GERAL,23689805502,[VIDEO - PROMO IPHONE - NS],VIDEO,2026-04-14,9756,9127,1.305905554946861,38.92305,17,45.0
GERAL,GERAL,23689805502,[VIDEO - PROMO IPHONE - NS],VIDEO,2026-04-15,9138,8263,1.3366815926418976,39.126848,11,50.0
GERAL,GERAL,23689805502,[VIDEO - PROMO IPHONE - NS],VIDEO,2026-04-16,8894,8411,1.297824277731542,38.945477,21,67.0
GERAL,GERAL,23689805502,[VIDEO - PROMO IPHONE - NS],VIDEO,2026-04-17,8144,7966,1.2666331910620137,38.996177,7,51.0
GERAL,GERAL,23689805502,[VIDEO - PROMO IPHONE - NS],VIDEO,2026-04-18,9183,8978,1.301626197371352,38.991313,10,63.0
GERAL,GERAL,23689805502,[VIDEO - PROMO IPHONE - NS],VIDEO,2026-04-19,9074,8184,1.3468963831867058,39.008893,30,62.0
GERAL,GERAL,23689805502,[VIDEO - PROMO IPHONE - NS],VIDEO,2026-04-20,8096,7407,1.3585797218847036,39.09696,12,60.0
GERAL,GERAL,23689805502,[VIDEO - PROMO IPHONE - NS],VIDEO,2026-04-21,2052,2156,1.2073283858998145,8.93949,2,15.0
GERAL,GERAL,23689851486,[VIDEO - PROMO IPHONE - NK],VIDEO,2026-03-27,5213,5566,1.1176787639238233,40.014694,5,125.0
GERAL,GERAL,23689851486,[VIDEO - PROMO IPHONE - NK],VIDEO,2026-03-28,7585,6391,1.3713033953997809,39.993418,9,151.0
GERAL,GERAL,23689851486,[VIDEO - PROMO IPHONE - NK],VIDEO,2026-03-29,7499,6548,1.3466707391569945,40.117002,11,115.0
GERAL,GERAL,23689851486,[VIDEO - PROMO IPHONE - NK],VIDEO,2026-03-30,6160,5139,1.3708892780696633,40.056787,12,118.0
GERAL,GERAL,23689851486,[VIDEO - PROMO IPHONE - NK],VIDEO,2026-03-31,6892,6294,1.2875754687003496,40.213618,8,126.0
GERAL,GERAL,23689851486,[VIDEO - PROMO IPHONE - NK],VIDEO,2026-04-01,8630,8332,1.241958713394143,39.975019,11,163.0
GERAL,GERAL,23689851486,[VIDEO - PROMO IPHONE - NK],VIDEO,2026-04-02,7597,6441,1.3351963980748331,39.997965,15,146.0
GERAL,GERAL,23689851486,[VIDEO - PROMO IPHONE - NK],VIDEO,2026-04-03,9262,8546,1.2871518839223028,40.0251,12,217.0
GERAL,GERAL,23689851486,[VIDEO - PROMO IPHONE - NK],VIDEO,2026-04-04,8857,8193,1.2911021603808128,40.027611,6,148.0
GERAL,GERAL,23689851486,[VIDEO - PROMO IPHONE - NK],VIDEO,2026-04-05,9540,9835,1.2139298423995932,40.009491,14,184.0
GERAL,GERAL,23689851486,[VIDEO - PROMO IPHONE - NK],VIDEO,2026-04-06,9873,9792,1.2667483660130718,40.047226,14,173.0
GERAL,GERAL,23689851486,[VIDEO - PROMO IPHONE - NK],VIDEO,2026-04-07,6890,6436,1.261963952765693,40.006288,13,80.0
GERAL,GERAL,23689851486,[VIDEO - PROMO IPHONE - NK],VIDEO,2026-04-08,7340,7145,1.2439468159552134,33.92311,9,105.0
GERAL,GERAL,23689851486,[VIDEO - PROMO IPHONE - NK],VIDEO,2026-04-09,9138,8165,1.3268830373545621,40.563967,19,146.0
GERAL,GERAL,23689851486,[VIDEO - PROMO IPHONE - NK],VIDEO,2026-04-10,9019,8728,1.2741750687442712,40.468521,9,179.0
GERAL,GERAL,23689851486,[VIDEO - PROMO IPHONE - NK],VIDEO,2026-04-11,10560,10607,1.2719901951541435,40.656847,11,254.0
GERAL,GERAL,23689851486,[VIDEO - PROMO IPHONE - NK],VIDEO,2026-04-12,9848,9721,1.2647875732949285,40.526044,7,162.0
GERAL,GERAL,23689851486,[VIDEO - PROMO IPHONE - NK],VIDEO,2026-04-13,9516,9531,1.2535935368796558,40.674087,15,117.0
GERAL,GERAL,23689851486,[VIDEO - PROMO IPHONE - NK],VIDEO,2026-04-14,9710,8245,1.3697998787143724,40.623226,20,100.0
GERAL,GERAL,23689851486,[VIDEO - PROMO IPHONE - NK],VIDEO,2026-04-15,8246,7501,1.2986268497533662,40.639344,18,99.0
GERAL,GERAL,23689851486,[VIDEO - PROMO IPHONE - NK],VIDEO,2026-04-16,8926,8640,1.2635416666666666,40.772519,14,119.0
GERAL,GERAL,23689851486,[VIDEO - PROMO IPHONE - NK],VIDEO,2026-04-17,8265,7816,1.281985670419652,40.617708,18,147.0
GERAL,GERAL,23689851486,[VIDEO - PROMO IPHONE - NK],VIDEO,2026-04-18,7821,6792,1.3409893992932862,40.712228,17,127.0
GERAL,GERAL,23689851486,[VIDEO - PROMO IPHONE - NK],VIDEO,2026-04-19,8977,8529,1.2832688474616016,40.763899,20,167.0
GERAL,GERAL,23689851486,[VIDEO - PROMO IPHONE - NK],VIDEO,2026-04-20,9497,9643,1.2569739707559888,40.604176,12,204.0
GERAL,GERAL,23691811649,[VIDEO - PROMO IPHONE - BS],VIDEO,2026-03-25,916,1104,1.0208333333333333,10.011526,0,3.0
GERAL,GERAL,23691811649,[VIDEO - PROMO IPHONE - BS],VIDEO,2026-03-26,7157,5737,1.4155481959212133,40.367485,9,15.0
GERAL,GERAL,23691811649,[VIDEO - PROMO IPHONE - BS],VIDEO,2026-03-27,6536,4730,1.5145877378435517,39.502392,10,16.0
GERAL,GERAL,23691811649,[VIDEO - PROMO IPHONE - BS],VIDEO,2026-03-28,6770,5981,1.2976090954689852,39.734099,9,23.0
GERAL,GERAL,23691811649,[VIDEO - PROMO IPHONE - BS],VIDEO,2026-03-29,7208,5400,1.5072222222222222,39.693187,12,25.0
GERAL,GERAL,23691811649,[VIDEO - PROMO IPHONE - BS],VIDEO,2026-03-30,6557,4211,1.6720493944431252,39.673588,13,22.0
GERAL,GERAL,23691811649,[VIDEO - PROMO IPHONE - BS],VIDEO,2026-03-31,6728,5248,1.4397865853658536,39.58737,12,25.0
GERAL,GERAL,23691811649,[VIDEO - PROMO IPHONE - BS],VIDEO,2026-04-01,8576,8175,1.2501529051987768,39.51648,11,36.0
GERAL,GERAL,23691811649,[VIDEO - PROMO IPHONE - BS],VIDEO,2026-04-02,8386,6928,1.3859699769053118,39.568962,10,44.0
GERAL,GERAL,23691811649,[VIDEO - PROMO IPHONE - BS],VIDEO,2026-04-03,8335,6176,1.4946567357512954,39.607061,18,35.0
GERAL,GERAL,23691811649,[VIDEO - PROMO IPHONE - BS],VIDEO,2026-04-04,7765,5560,1.5323741007194245,39.578803,11,20.0
GERAL,GERAL,23691811649,[VIDEO - PROMO IPHONE - BS],VIDEO,2026-04-05,9445,8853,1.2612673669942391,39.541556,12,38.0
GERAL,GERAL,23691811649,[VIDEO - PROMO IPHONE - BS],VIDEO,2026-04-06,9086,8007,1.365180467091295,40.830327,11,40.0
GERAL,GERAL,23691811649,[VIDEO - PROMO IPHONE - BS],VIDEO,2026-04-07,8409,5430,1.6977900552486187,39.045443,13,24.0
GERAL,GERAL,23691811649,[VIDEO - PROMO IPHONE - BS],VIDEO,2026-04-08,8241,7254,1.3573200992555832,34.894122,10,35.0
GERAL,GERAL,23691811649,[VIDEO - PROMO IPHONE - BS],VIDEO,2026-04-09,10419,8270,1.505925030229746,39.639753,13,36.0
GERAL,GERAL,23691811649,[VIDEO - PROMO IPHONE - BS],VIDEO,2026-04-10,9932,7862,1.4961841770541846,39.94451,16,60.0
GERAL,GERAL,23691811649,[VIDEO - PROMO IPHONE - BS],VIDEO,2026-04-11,10971,10082,1.3675857964689546,39.911572,10,50.0
GERAL,GERAL,23691811649,[VIDEO - PROMO IPHONE - BS],VIDEO,2026-04-12,11763,10698,1.4073658627780894,40.110501,14,46.0
GERAL,GERAL,23691811649,[VIDEO - PROMO IPHONE - BS],VIDEO,2026-04-13,11076,10140,1.4006903353057198,40.12635,13,32.0
GERAL,GERAL,23691811649,[VIDEO - PROMO IPHONE - BS],VIDEO,2026-04-14,9534,7236,1.5403537866224433,40.116983,9,44.0
GERAL,GERAL,23691811649,[VIDEO - PROMO IPHONE - BS],VIDEO,2026-04-15,10146,9031,1.4031668696711328,40.131836,11,40.0
GERAL,GERAL,23691811649,[VIDEO - PROMO IPHONE - BS],VIDEO,2026-04-16,10753,9635,1.3952257394914376,40.344087,19,39.0
GERAL,GERAL,23691811649,[VIDEO - PROMO IPHONE - BS],VIDEO,2026-04-17,10213,8430,1.4922894424673785,39.911907,16,48.0
GERAL,GERAL,23691811649,[VIDEO - PROMO IPHONE - BS],VIDEO,2026-04-18,10273,9096,1.423702726473175,40.20338,12,48.0
GERAL,GERAL,23691811649,[VIDEO - PROMO IPHONE - BS],VIDEO,2026-04-19,10595,7809,1.5845818926879243,40.244135,25,42.0
GERAL,GERAL,23692200463,[PMAX - CAÇA AOS OVOS - GS],PERFORMANCE_MAX,2026-03-24,3062,2739,1.117926250456371,13.736853,7,80.0
GERAL,GERAL,23692200463,[PMAX - CAÇA AOS OVOS - GS],PERFORMANCE_MAX,2026-03-25,20676,15310,1.3504898758981059,57.28496,20,308.0
GERAL,GERAL,23692505509,[PMAX - CAÇA AOS OVOS - NS],PERFORMANCE_MAX,2026-03-24,2533,2355,1.075583864118896,10.438607,2,47.0
GERAL,GERAL,23692505509,[PMAX - CAÇA AOS OVOS - NS],PERFORMANCE_MAX,2026-03-25,20430,12961,1.576267263328447,84.889151,17,451.0
GERAL,GERAL,23692505509,[PMAX - CAÇA AOS OVOS - NS],PERFORMANCE_MAX,2026-03-26,26976,15805,1.706801645049035,68.94415,12,510.0
GERAL,GERAL,23692505509,[PMAX - CAÇA AOS OVOS - NS],PERFORMANCE_MAX,2026-03-27,28002,18373,1.52408425406847,92.862406,27,707.0
GERAL,GERAL,23692505509,[PMAX - CAÇA AOS OVOS - NS],PERFORMANCE_MAX,2026-03-28,27087,17979,1.5065910228600032,69.431801,27,685.0
GERAL,GERAL,23696046916,[PMAX - A CASA MAGICA DE GABBY - GS],PERFORMANCE_MAX,2026-03-25,1300,1118,1.1627906976744187,9.850947,9,28.0
GERAL,GERAL,23696046916,[PMAX - A CASA MAGICA DE GABBY - GS],PERFORMANCE_MAX,2026-03-26,24344,18006,1.3519937798511608,80.06914,16,320.0
GERAL,GERAL,23696046916,[PMAX - A CASA MAGICA DE GABBY - GS],PERFORMANCE_MAX,2026-03-27,25299,16357,1.546677263556887,80.039539,34,447.0
GERAL,GERAL,23696046916,[PMAX - A CASA MAGICA DE GABBY - GS],PERFORMANCE_MAX,2026-03-28,10121,8107,1.248427285062292,68.536374,56,286.0
GERAL,GERAL,23699746930,[VIDEO - PROMO IPHONE - CS],VIDEO,2026-03-27,4069,4259,1.1077717774125382,38.407728,8,10.0
GERAL,GERAL,23699746930,[VIDEO - PROMO IPHONE - CS],VIDEO,2026-03-28,6709,6513,1.2628588975894366,38.431165,7,36.0
GERAL,GERAL,23699746930,[VIDEO - PROMO IPHONE - CS],VIDEO,2026-03-29,7422,6885,1.3034132171387074,38.658853,10,41.0
GERAL,GERAL,23699746930,[VIDEO - PROMO IPHONE - CS],VIDEO,2026-03-30,6630,5242,1.403281190385349,38.580042,12,29.0
GERAL,GERAL,23699746930,[VIDEO - PROMO IPHONE - CS],VIDEO,2026-03-31,6374,5863,1.2749445676274944,38.475745,10,31.0
GERAL,GERAL,23699746930,[VIDEO - PROMO IPHONE - CS],VIDEO,2026-04-01,8586,8412,1.2387066096053256,38.465733,9,41.0
GERAL,GERAL,23699746930,[VIDEO - PROMO IPHONE - CS],VIDEO,2026-04-02,7454,6202,1.3616575298290874,38.075447,17,52.0
GERAL,GERAL,23699746930,[VIDEO - PROMO IPHONE - CS],VIDEO,2026-04-03,9163,7689,1.3713096631551567,38.616432,17,66.0
GERAL,GERAL,23699746930,[VIDEO - PROMO IPHONE - CS],VIDEO,2026-04-04,7770,6370,1.3830455259026688,38.501884,20,33.0
GERAL,GERAL,23699746930,[VIDEO - PROMO IPHONE - CS],VIDEO,2026-04-05,9238,9054,1.2255356748398498,38.464723,14,36.0
GERAL,GERAL,23699746930,[VIDEO - PROMO IPHONE - CS],VIDEO,2026-04-06,10308,8976,1.3635249554367201,38.606368,15,45.0
GERAL,GERAL,23699746930,[VIDEO - PROMO IPHONE - CS],VIDEO,2026-04-07,9167,8764,1.2420127795527156,38.644842,13,39.0
GERAL,GERAL,23699746930,[VIDEO - PROMO IPHONE - CS],VIDEO,2026-04-08,8769,9094,1.2471959533758523,33.534297,5,49.0
GERAL,GERAL,23699746930,[VIDEO - PROMO IPHONE - CS],VIDEO,2026-04-09,6794,7595,1.1416721527320606,38.868818,4,48.0
GERAL,GERAL,23699746930,[VIDEO - PROMO IPHONE - CS],VIDEO,2026-04-10,10062,9653,1.3075727753030146,39.094996,16,62.0
GERAL,GERAL,23699746930,[VIDEO - PROMO IPHONE - CS],VIDEO,2026-04-11,11260,11071,1.313521813747629,38.942067,17,77.0
GERAL,GERAL,23699746930,[VIDEO - PROMO IPHONE - CS],VIDEO,2026-04-12,10858,10434,1.3245160053670693,38.9406,15,50.0
GERAL,GERAL,23699746930,[VIDEO - PROMO IPHONE - CS],VIDEO,2026-04-13,10006,9532,1.3194502727654218,38.869732,12,43.0
GERAL,GERAL,23699746930,[VIDEO - PROMO IPHONE - CS],VIDEO,2026-04-14,10488,8873,1.3976107291784063,38.913626,17,35.0
GERAL,GERAL,23699746930,[VIDEO - PROMO IPHONE - CS],VIDEO,2026-04-15,10095,9862,1.296085986615291,38.934479,15,43.0
GERAL,GERAL,23699746930,[VIDEO - PROMO IPHONE - CS],VIDEO,2026-04-16,10235,8525,1.4146627565982404,38.956558,22,36.0
GERAL,GERAL,23699746930,[VIDEO - PROMO IPHONE - CS],VIDEO,2026-04-17,9463,8166,1.378765613519471,39.039961,14,56.0
GERAL,GERAL,23699746930,[VIDEO - PROMO IPHONE - CS],VIDEO,2026-04-18,9840,8130,1.4264452644526446,39.004677,23,38.0
GERAL,GERAL,23699746930,[VIDEO - PROMO IPHONE - CS],VIDEO,2026-04-19,9243,8015,1.3764192139737992,39.253428,25,45.0
GERAL,GERAL,23699746930,[VIDEO - PROMO IPHONE - CS],VIDEO,2026-04-20,10243,8773,1.3915422318477146,38.91156,23,49.0
GERAL,GERAL,23699746930,[VIDEO - PROMO IPHONE - CS],VIDEO,2026-04-21,1978,2068,1.1958413926499032,8.042506,1,4.0
GERAL,GERAL,23699762635,[VIDEO - PROMO IPHONE - GS],VIDEO,2026-03-27,4474,4725,1.1193650793650793,38.330626,8,26.0
GERAL,GERAL,23699762635,[VIDEO - PROMO IPHONE - GS],VIDEO,2026-03-28,7330,6336,1.360479797979798,38.559819,12,30.0
GERAL,GERAL,23699762635,[VIDEO - PROMO IPHONE - GS],VIDEO,2026-03-29,7315,5021,1.6207926707827125,38.707348,14,23.0
GERAL,GERAL,23699762635,[VIDEO - PROMO IPHONE - GS],VIDEO,2026-03-30,6317,4658,1.4727350794332332,38.458005,7,21.0
GERAL,GERAL,23699762635,[VIDEO - PROMO IPHONE - GS],VIDEO,2026-03-31,5655,4834,1.3299544890359951,38.526476,6,17.0
GERAL,GERAL,23699762635,[VIDEO - PROMO IPHONE - GS],VIDEO,2026-04-01,7656,7244,1.272363335173937,38.324286,4,32.0
GERAL,GERAL,23699762635,[VIDEO - PROMO IPHONE - GS],VIDEO,2026-04-02,7181,5708,1.4250175192711982,38.374033,15,51.0
GERAL,GERAL,23699762635,[VIDEO - PROMO IPHONE - GS],VIDEO,2026-04-03,7815,6536,1.396419828641371,38.506839,10,44.0
GERAL,GERAL,23699762635,[VIDEO - PROMO IPHONE - GS],VIDEO,2026-04-04,7878,6686,1.3688303918635956,38.562595,10,29.0
GERAL,GERAL,23699762635,[VIDEO - PROMO IPHONE - GS],VIDEO,2026-04-05,9173,9137,1.2225019152894823,38.488336,12,40.0
GERAL,GERAL,23699762635,[VIDEO - PROMO IPHONE - GS],VIDEO,2026-04-06,10567,9872,1.3275931928687197,38.586153,14,53.0
GERAL,GERAL,23699762635,[VIDEO - PROMO IPHONE - GS],VIDEO,2026-04-07,9233,8318,1.3102909353209906,38.541309,13,30.0
GERAL,GERAL,23699762635,[VIDEO - PROMO IPHONE - GS],VIDEO,2026-04-08,8508,8417,1.2687418320066532,34.587636,14,41.0
GERAL,GERAL,23699762635,[VIDEO - PROMO IPHONE - GS],VIDEO,2026-04-09,10549,9602,1.3551343470110393,38.942467,24,57.0
GERAL,GERAL,23699762635,[VIDEO - PROMO IPHONE - GS],VIDEO,2026-04-10,10189,8945,1.3833426495248742,38.851862,21,53.0
GERAL,GERAL,23699762635,[VIDEO - PROMO IPHONE - GS],VIDEO,2026-04-11,9741,9012,1.3291167332445628,39.080715,20,48.0
GERAL,GERAL,23699762635,[VIDEO - PROMO IPHONE - GS],VIDEO,2026-04-12,9266,7565,1.4302709847984139,38.852589,19,35.0
GERAL,GERAL,23699762635,[VIDEO - PROMO IPHONE - GS],VIDEO,2026-04-13,8931,8256,1.3454457364341086,38.807725,16,18.0
GERAL,GERAL,23699762635,[VIDEO - PROMO IPHONE - GS],VIDEO,2026-04-14,9695,9489,1.2750553272209928,38.845257,13,26.0
GERAL,GERAL,23699762635,[VIDEO - PROMO IPHONE - GS],VIDEO,2026-04-15,9776,8272,1.4035299806576402,38.811451,20,19.0
GERAL,GERAL,23699762635,[VIDEO - PROMO IPHONE - GS],VIDEO,2026-04-16,10068,9017,1.3567705445270046,38.850051,18,38.0
GERAL,GERAL,23699762635,[VIDEO - PROMO IPHONE - GS],VIDEO,2026-04-17,8999,8534,1.3325521443637216,38.848485,10,36.0
GERAL,GERAL,23699762635,[VIDEO - PROMO IPHONE - GS],VIDEO,2026-04-18,9685,9097,1.3440694734527867,38.791284,10,39.0
GERAL,GERAL,23699762635,[VIDEO - PROMO IPHONE - GS],VIDEO,2026-04-19,9294,8229,1.3705188965852473,38.971006,17,41.0
GERAL,GERAL,23699762635,[VIDEO - PROMO IPHONE - GS],VIDEO,2026-04-20,9424,7584,1.4700685654008439,38.865309,18,38.0
GERAL,GERAL,23699762635,[VIDEO - PROMO IPHONE - GS],VIDEO,2026-04-21,1739,1592,1.3059045226130652,7.233219,1,5.0
GERAL,GERAL,23699769358,[VIDEO - PROMO IPHONE - NR],VIDEO,2026-03-27,4954,5230,1.1434034416826004,38.413917,5,100.0
GERAL,GERAL,23699769358,[VIDEO - PROMO IPHONE - NR],VIDEO,2026-03-28,7292,5853,1.43089014180762,38.420452,17,119.0
GERAL,GERAL,23699769358,[VIDEO - PROMO IPHONE - NR],VIDEO,2026-03-29,7365,6513,1.3288807001381853,37.815842,11,105.0
GERAL,GERAL,23699769358,[VIDEO - PROMO IPHONE - NR],VIDEO,2026-03-30,6384,5098,1.3919183993723028,38.573466,15,92.0
GERAL,GERAL,23699769358,[VIDEO - PROMO IPHONE - NR],VIDEO,2026-03-31,6510,6268,1.2302169751116783,38.498434,7,89.0
GERAL,GERAL,23699769358,[VIDEO - PROMO IPHONE - NR],VIDEO,2026-04-01,8550,8780,1.188610478359909,38.50338,8,147.0
GERAL,GERAL,23699769358,[VIDEO - PROMO IPHONE - NR],VIDEO,2026-04-02,8384,7885,1.2828154724159797,38.554837,12,187.0
GERAL,GERAL,23699769358,[VIDEO - PROMO IPHONE - NR],VIDEO,2026-04-03,8626,8136,1.2840462143559488,38.482715,9,181.0
GERAL,GERAL,23699769358,[VIDEO - PROMO IPHONE - NR],VIDEO,2026-04-04,8500,7994,1.266700025018764,38.544954,10,121.0
GERAL,GERAL,23699769358,[VIDEO - PROMO IPHONE - NR],VIDEO,2026-04-05,9443,9624,1.2108270989193683,38.468802,12,152.0
GERAL,GERAL,23699769358,[VIDEO - PROMO IPHONE - NR],VIDEO,2026-04-06,9675,9769,1.2448561777049851,38.544685,11,168.0
GERAL,GERAL,23699769358,[VIDEO - PROMO IPHONE - NR],VIDEO,2026-04-07,8468,7997,1.2538451919469802,38.376452,14,124.0
GERAL,GERAL,23699769358,[VIDEO - PROMO IPHONE - NR],VIDEO,2026-04-08,7535,7857,1.2180221458571974,33.352898,4,115.0
GERAL,GERAL,23699769358,[VIDEO - PROMO IPHONE - NR],VIDEO,2026-04-09,8960,8826,1.2483571266711988,38.964874,9,147.0
GERAL,GERAL,23699769358,[VIDEO - PROMO IPHONE - NR],VIDEO,2026-04-10,8822,8295,1.2818565400843882,39.002142,15,161.0
GERAL,GERAL,23699769358,[VIDEO - PROMO IPHONE - NR],VIDEO,2026-04-11,9017,8598,1.2765759478948593,38.983095,14,163.0
GERAL,GERAL,23699769358,[VIDEO - PROMO IPHONE - NR],VIDEO,2026-04-12,9738,8436,1.358819345661451,39.089252,21,118.0
GERAL,GERAL,23699769358,[VIDEO - PROMO IPHONE - NR],VIDEO,2026-04-13,8889,8485,1.2697701826753094,38.897905,11,92.0
GERAL,GERAL,23699769358,[VIDEO - PROMO IPHONE - NR],VIDEO,2026-04-14,8293,7733,1.2901849217638692,39.012552,16,102.0
GERAL,GERAL,23699769358,[VIDEO - PROMO IPHONE - NR],VIDEO,2026-04-15,9561,8423,1.337765641695358,39.066119,20,83.0
GERAL,GERAL,23699769358,[VIDEO - PROMO IPHONE - NR],VIDEO,2026-04-16,7631,6320,1.3806962025316456,39.07148,22,72.0
GERAL,GERAL,23699769358,[VIDEO - PROMO IPHONE - NR],VIDEO,2026-04-17,7590,6839,1.3085246381049862,39.07292,21,103.0
GERAL,GERAL,23699769358,[VIDEO - PROMO IPHONE - NR],VIDEO,2026-04-18,8906,8784,1.2600182149362478,39.06507,14,132.0
GERAL,GERAL,23699769358,[VIDEO - PROMO IPHONE - NR],VIDEO,2026-04-19,9126,7983,1.3448578228736063,39.059953,24,133.0
GERAL,GERAL,23699769358,[VIDEO - PROMO IPHONE - NR],VIDEO,2026-04-20,9243,9180,1.2513071895424837,39.053691,14,156.0
GERAL,GERAL,23699769358,[VIDEO - PROMO IPHONE - NR],VIDEO,2026-04-21,1847,2045,1.1603911980440098,7.509839,2,42.0
GERAL,GERAL,23730190713,[GEN - PROMO IPHONE - NS],DEMAND_GEN,2026-04-08,14870,6074,2.4486335199209748,45.693618,487,20.0
GERAL,GERAL,23730190713,[GEN - PROMO IPHONE - NS],DEMAND_GEN,2026-04-09,33111,17365,1.906996832709473,104.883434,1438,29.0
GERAL,GERAL,23730190713,[GEN - PROMO IPHONE - NS],DEMAND_GEN,2026-04-10,34192,17786,1.9224108849657033,104.647703,1473,40.0
GERAL,GERAL,23730190713,[GEN - PROMO IPHONE - NS],DEMAND_GEN,2026-04-11,41922,20976,1.998760488176964,104.587389,1690,41.0
GERAL,GERAL,23730190713,[GEN - PROMO IPHONE - NS],DEMAND_GEN,2026-04-12,44180,21579,2.0475925668473978,104.461248,1738,30.0
GERAL,GERAL,23730190713,[GEN - PROMO IPHONE - NS],DEMAND_GEN,2026-04-13,41857,21122,1.981914591421267,104.645371,1793,39.0
GERAL,GERAL,23730190713,[GEN - PROMO IPHONE - NS],DEMAND_GEN,2026-04-14,18275,12269,1.489526448773331,105.221086,435,45.0
GERAL,GERAL,23730190713,[GEN - PROMO IPHONE - NS],DEMAND_GEN,2026-04-15,17964,10082,1.7817893275143821,105.206768,96,109.0
GERAL,GERAL,23730190713,[GEN - PROMO IPHONE - NS],DEMAND_GEN,2026-04-16,19517,11838,1.648673762459875,105.154378,38,227.0
GERAL,GERAL,23730190713,[GEN - PROMO IPHONE - NS],DEMAND_GEN,2026-04-17,17902,11573,1.5468763501252916,105.299407,14,236.0
GERAL,GERAL,23730190713,[GEN - PROMO IPHONE - NS],DEMAND_GEN,2026-04-18,19050,12279,1.5514292694844858,105.29108,16,279.0
GERAL,GERAL,23730190713,[GEN - PROMO IPHONE - NS],DEMAND_GEN,2026-04-19,25968,18157,1.430192212369885,103.129363,12,444.0
GERAL,GERAL,23730250923,[GEN - PROMO IPHONE - NK],DEMAND_GEN,2026-04-08,10418,4420,2.3570135746606335,38.374813,315,19.0
GERAL,GERAL,23730250923,[GEN - PROMO IPHONE - NK],DEMAND_GEN,2026-04-09,24736,14852,1.6656342580123888,87.439214,1070,33.0
GERAL,GERAL,23730250923,[GEN - PROMO IPHONE - NK],DEMAND_GEN,2026-04-10,27943,15542,1.7979024578561318,87.212687,1113,31.0
GERAL,GERAL,23730250923,[GEN - PROMO IPHONE - NK],DEMAND_GEN,2026-04-11,36301,20674,1.7558769468898132,87.242219,1377,67.886286
GERAL,GERAL,23730250923,[GEN - PROMO IPHONE - NK],DEMAND_GEN,2026-04-12,37503,22050,1.7010884353741496,86.861435,1434,48.5
GERAL,GERAL,23730250923,[GEN - PROMO IPHONE - NK],DEMAND_GEN,2026-04-13,32036,19386,1.6525843392138657,87.233546,1505,53.060766
GERAL,GERAL,23730250923,[GEN - PROMO IPHONE - NK],DEMAND_GEN,2026-04-14,15387,10643,1.445832941839707,87.66002,333,81.2
GERAL,GERAL,23730250923,[GEN - PROMO IPHONE - NK],DEMAND_GEN,2026-04-15,17537,9695,1.8088705518308406,87.66747,43,200.0
GERAL,GERAL,23730250923,[GEN - PROMO IPHONE - NK],DEMAND_GEN,2026-04-16,23362,15323,1.5246361678522482,87.682397,33,332.0
GERAL,GERAL,23730250923,[GEN - PROMO IPHONE - NK],DEMAND_GEN,2026-04-17,24772,17112,1.4476390836839645,87.690965,24,427.0
GERAL,GERAL,23730250923,[GEN - PROMO IPHONE - NK],DEMAND_GEN,2026-04-18,20085,14117,1.4227527094991854,87.707224,12,371.0
GERAL,GERAL,23730250923,[GEN - PROMO IPHONE - NK],DEMAND_GEN,2026-04-19,24072,17718,1.3586183542160515,85.058163,8,500.0
GERAL,GERAL,23730263238,[GEN - PROMO IPHONE - NR],DEMAND_GEN,2026-04-08,10707,4726,2.265552264071096,35.830688,421,38.0
GERAL,GERAL,23730263238,[GEN - PROMO IPHONE - NR],DEMAND_GEN,2026-04-09,22698,12491,1.8173084620927067,87.645351,1098,64.231464
GERAL,GERAL,23730263238,[GEN - PROMO IPHONE - NR],DEMAND_GEN,2026-04-10,30314,17766,1.7062929190588765,87.42097,1228,73.0
GERAL,GERAL,23730263238,[GEN - PROMO IPHONE - NR],DEMAND_GEN,2026-04-11,35162,20086,1.7506223240067709,87.428287,1357,86.231464
GERAL,GERAL,23730263238,[GEN - PROMO IPHONE - NR],DEMAND_GEN,2026-04-12,37277,22133,1.6844530791126373,87.044819,1365,66.0
GERAL,GERAL,23730263238,[GEN - PROMO IPHONE - NR],DEMAND_GEN,2026-04-13,38194,22708,1.6821384534084904,87.366951,1425,87.056955
GERAL,GERAL,23730263238,[GEN - PROMO IPHONE - NR],DEMAND_GEN,2026-04-14,19682,12704,1.5492758186397986,87.925508,400,126.0
GERAL,GERAL,23730263238,[GEN - PROMO IPHONE - NR],DEMAND_GEN,2026-04-15,20524,10782,1.9035429419402707,87.91625,89,204.0
GERAL,GERAL,23730263238,[GEN - PROMO IPHONE - NR],DEMAND_GEN,2026-04-16,24904,16795,1.4828222685323014,87.947302,39,353.0
GERAL,GERAL,23730263238,[GEN - PROMO IPHONE - NR],DEMAND_GEN,2026-04-17,24390,17444,1.3981884888786975,87.96701,26,428.0
GERAL,GERAL,23730263238,[GEN - PROMO IPHONE - NR],DEMAND_GEN,2026-04-18,23279,16928,1.3751772211720228,87.957505,19,402.0
GERAL,GERAL,23730263238,[GEN - PROMO IPHONE - NR],DEMAND_GEN,2026-04-19,23560,17389,1.3548795215366036,86.161955,6,533.0
GERAL,GERAL,23737763196,[PMAX - DINO - GS],PERFORMANCE_MAX,2026-04-10,1937,1754,1.104332953249715,8.693103,4,74.0
GERAL,GERAL,23737763196,[PMAX - DINO - GS],PERFORMANCE_MAX,2026-04-11,12512,10761,1.1627172195892574,49.68176,17,228.0
GERAL,GERAL,23737763196,[PMAX - DINO - GS],PERFORMANCE_MAX,2026-04-12,18557,14108,1.3153529912106605,49.68861,31,271.0
GERAL,GERAL,23737763196,[PMAX - DINO - GS],PERFORMANCE_MAX,2026-04-13,13834,10196,1.3568065908199294,43.197818,22,198.0
GERAL,GERAL,23737763196,[PMAX - DINO - GS],PERFORMANCE_MAX,2026-04-14,7740,6408,1.2078651685393258,48.58688,26,155.0
GERAL,GERAL,23737763196,[PMAX - DINO - GS],PERFORMANCE_MAX,2026-04-15,5988,4904,1.2210440456769984,49.824098,35,180.0
GERAL,GERAL,23737763196,[PMAX - DINO - GS],PERFORMANCE_MAX,2026-04-16,13845,11398,1.2146867871556413,50.019321,3,102.0
GERAL,GERAL,23737763196,[PMAX - DINO - GS],PERFORMANCE_MAX,2026-04-17,20597,15206,1.3545311061423122,50.003804,15,233.0
GERAL,GERAL,23737763196,[PMAX - DINO - GS],PERFORMANCE_MAX,2026-04-18,14069,11046,1.2736737280463517,50.011136,44,273.0
GERAL,GERAL,23737763196,[PMAX - DINO - GS],PERFORMANCE_MAX,2026-04-19,18580,13604,1.3657747721258453,49.989087,58,300.0
GERAL,GERAL,23737763196,[PMAX - DINO - GS],PERFORMANCE_MAX,2026-04-20,20491,14269,1.4360501787090896,49.991182,50,448.0
GERAL,GERAL,23737763196,[PMAX - DINO - GS],PERFORMANCE_MAX,2026-04-21,25423,16332,1.5566372765123684,46.664482,70,489.0
GERAL,GERAL,23737763196,[PMAX - DINO - GS],PERFORMANCE_MAX,2026-04-22,23538,15080,1.5608753315649868,49.796575,64,550.0
GERAL,GERAL,23737763196,[PMAX - DINO - GS],PERFORMANCE_MAX,2026-04-23,25078,15517,1.616162918089837,50.244508,41,510.0
GERAL,GERAL,23737763196,[PMAX - DINO - GS],PERFORMANCE_MAX,2026-04-24,18939,13309,1.4230220151776993,48.584185,89,532.0
GERAL,GERAL,23737763196,[PMAX - DINO - GS],PERFORMANCE_MAX,2026-04-25,18904,13503,1.3999851884766348,45.782208,67,499.0
GERAL,GERAL,23737763196,[PMAX - DINO - GS],PERFORMANCE_MAX,2026-04-26,22413,14364,1.560359231411863,48.543644,76,407.0
GERAL,GERAL,23737763196,[PMAX - DINO - GS],PERFORMANCE_MAX,2026-04-27,22587,13955,1.6185596560372626,50.791344,51,396.0
GERAL,GERAL,23737763196,[PMAX - DINO - GS],PERFORMANCE_MAX,2026-04-28,19421,13300,1.4602255639097745,50.185392,57,482.0
GERAL,GERAL,23737763196,[PMAX - DINO - GS],PERFORMANCE_MAX,2026-04-29,24055,16275,1.4780337941628263,50.869358,39,498.0
GERAL,GERAL,23737763196,[PMAX - DINO - GS],PERFORMANCE_MAX,2026-04-30,22072,14738,1.4976251865924821,50.886939,44,465.0
GERAL,GERAL,23737763196,[PMAX - DINO - GS],PERFORMANCE_MAX,2026-05-01,19244,14566,1.321158863105863,50.651077,147,636.0
GERAL,GERAL,23737763196,[PMAX - DINO - GS],PERFORMANCE_MAX,2026-05-02,15418,11777,1.309161925787552,33.888565,75,517.0
GERAL,GERAL,23737763196,[PMAX - DINO - GS],PERFORMANCE_MAX,2026-05-03,124,122,1.0163934426229508,0.208541,1,1.0
GERAL,GERAL,23737763196,[PMAX - DINO - GS],PERFORMANCE_MAX,2026-05-04,90,92,0.9782608695652174,0.269478,0,0.0
GERAL,GERAL,23737763196,[PMAX - DINO - GS],PERFORMANCE_MAX,2026-05-07,6561,6015,1.090773067331671,106.051838,29,178.0
GERAL,GERAL,23737763196,[PMAX - DINO - GS],PERFORMANCE_MAX,2026-05-08,18764,15276,1.228332024090076,106.155029,20,444.0
GERAL,GERAL,23737763196,[PMAX - DINO - GS],PERFORMANCE_MAX,2026-05-09,30438,22558,1.3493217483819488,106.045018,37,669.0
GERAL,GERAL,23737763196,[PMAX - DINO - GS],PERFORMANCE_MAX,2026-05-10,33015,24109,1.3694056161599402,103.21469,78,657.0
GERAL,GERAL,23739748793,App Engajamento - PROMO IPHONE,MULTI_CHANNEL,2026-04-09,8154,1222,6.672667757774141,38.105595,62,10.0
GERAL,GERAL,23739748793,App Engajamento - PROMO IPHONE,MULTI_CHANNEL,2026-04-10,12749,2121,6.0108439415370105,104.616504,128,35.0
GERAL,GERAL,23739748793,App Engajamento - PROMO IPHONE,MULTI_CHANNEL,2026-04-11,14687,2139,6.866292660121552,73.442509,123,33.0
GERAL,GERAL,23739748793,App Engajamento - PROMO IPHONE,MULTI_CHANNEL,2026-04-12,16379,2405,6.810395010395011,71.438116,159,33.0
GERAL,GERAL,23739748793,App Engajamento - PROMO IPHONE,MULTI_CHANNEL,2026-04-13,11628,2794,4.161775232641374,73.589735,150,40.0
GERAL,GERAL,23739748793,App Engajamento - PROMO IPHONE,MULTI_CHANNEL,2026-04-14,17323,3430,5.050437317784256,72.639574,266,52.0
GERAL,GERAL,23739748793,App Engajamento - PROMO IPHONE,MULTI_CHANNEL,2026-04-15,13983,2991,4.675025075225677,65.24644,227,53.0
GERAL,GERAL,23739748793,App Engajamento - PROMO IPHONE,MULTI_CHANNEL,2026-04-16,11055,2742,4.031728665207877,55.511656,188,41.0
GERAL,GERAL,23739748793,App Engajamento - PROMO IPHONE,MULTI_CHANNEL,2026-04-17,8950,2234,4.006266786034019,41.493779,165,32.0
GERAL,GERAL,23739748793,App Engajamento - PROMO IPHONE,MULTI_CHANNEL,2026-04-18,16450,3122,5.2690582959641254,63.608609,237,62.0
GERAL,GERAL,23739748793,App Engajamento - PROMO IPHONE,MULTI_CHANNEL,2026-04-19,24566,3201,7.6744767260231175,67.531237,297,52.0
GERAL,GERAL,23739779920,[GEN - IPHONE - GS],DEMAND_GEN,2026-04-08,13323,5263,2.5316359490784723,42.968545,484,12.0
GERAL,GERAL,23739779920,[GEN - IPHONE - GS],DEMAND_GEN,2026-04-09,24208,13902,1.7413321824197958,86.989271,1382,31.0
GERAL,GERAL,23739779920,[GEN - IPHONE - GS],DEMAND_GEN,2026-04-10,24780,13997,1.7708794741730371,87.007399,1416,27.464981
GERAL,GERAL,23739779920,[GEN - IPHONE - GS],DEMAND_GEN,2026-04-11,32791,18437,1.7787058632098498,86.817989,1501,32.403775
GERAL,GERAL,23739779920,[GEN - IPHONE - GS],DEMAND_GEN,2026-04-12,33658,19176,1.7557884856070087,86.569203,1495,25.0
GERAL,GERAL,23739779920,[GEN - IPHONE - GS],DEMAND_GEN,2026-04-13,31331,18108,1.730561077976585,86.831701,1561,24.0
GERAL,GERAL,23739779920,[GEN - IPHONE - GS],DEMAND_GEN,2026-04-14,13406,9883,1.356470707275119,87.165279,352,32.0
GERAL,GERAL,23739779920,[GEN - IPHONE - GS],DEMAND_GEN,2026-04-15,14977,8547,1.7523107523107524,87.187625,66,98.0
GERAL,GERAL,23739779920,[GEN - IPHONE - GS],DEMAND_GEN,2026-04-16,19480,11636,1.6741148160880028,87.073206,28,171.0
GERAL,GERAL,23739779920,[GEN - IPHONE - GS],DEMAND_GEN,2026-04-17,13883,9185,1.5114861186717474,87.251518,6,174.0
GERAL,GERAL,23739779920,[GEN - IPHONE - GS],DEMAND_GEN,2026-04-18,15183,10368,1.4644097222222223,87.25098,8,237.0
GERAL,GERAL,23739779920,[GEN - IPHONE - GS],DEMAND_GEN,2026-04-19,17439,12889,1.3530141981534642,85.17307,6,255.0
GERAL,GERAL,23740988125,[PMAX - SUPER GAMES - CS],PERFORMANCE_MAX,2026-04-08,1994,1478,1.3491204330175914,10.913663,8,36.0
GERAL,GERAL,23740988125,[PMAX - SUPER GAMES - CS],PERFORMANCE_MAX,2026-04-09,11561,8805,1.3130039750141964,36.761069,37,294.0
GERAL,GERAL,23740988125,[PMAX - SUPER GAMES - CS],PERFORMANCE_MAX,2026-04-10,10008,7477,1.3385047478935401,45.37474,21,228.0
GERAL,GERAL,23740988125,[PMAX - SUPER GAMES - CS],PERFORMANCE_MAX,2026-04-11,9887,6561,1.5069349184575522,43.697982,25,307.0
GERAL,GERAL,23740988125,[PMAX - SUPER GAMES - CS],PERFORMANCE_MAX,2026-04-12,5978,4199,1.4236723029292688,30.435553,44,151.0
GERAL,GERAL,23740988125,[PMAX - SUPER GAMES - CS],PERFORMANCE_MAX,2026-04-13,8883,6158,1.4425138031828515,45.908755,13,143.0
GERAL,GERAL,23740988125,[PMAX - SUPER GAMES - CS],PERFORMANCE_MAX,2026-04-14,9547,6627,1.4406216991097027,45.94505,19,166.0
GERAL,GERAL,23740988125,[PMAX - SUPER GAMES - CS],PERFORMANCE_MAX,2026-04-15,9934,6735,1.474981440237565,45.53443,28,200.0
GERAL,GERAL,23740988125,[PMAX - SUPER GAMES - CS],PERFORMANCE_MAX,2026-04-16,10202,7449,1.3695798093703853,45.963097,18,165.0
GERAL,GERAL,23740988125,[PMAX - SUPER GAMES - CS],PERFORMANCE_MAX,2026-04-17,10259,6931,1.4801615928437455,65.972694,39,158.0
GERAL,GERAL,23740988125,[PMAX - SUPER GAMES - CS],PERFORMANCE_MAX,2026-04-18,14841,10408,1.4259223674096848,65.465635,40,340.0
GERAL,GERAL,23740988125,[PMAX - SUPER GAMES - CS],PERFORMANCE_MAX,2026-04-19,10160,7036,1.4440022740193292,42.600812,47,235.0
GERAL,GERAL,23740988125,[PMAX - SUPER GAMES - CS],PERFORMANCE_MAX,2026-04-20,12423,8809,1.4102622318083777,67.029821,50,320.0
GERAL,GERAL,23740988125,[PMAX - SUPER GAMES - CS],PERFORMANCE_MAX,2026-04-21,18118,13677,1.3247057103165898,67.058611,78,454.0
GERAL,GERAL,23740988125,[PMAX - SUPER GAMES - CS],PERFORMANCE_MAX,2026-04-22,18694,13358,1.3994609971552627,66.976358,50,370.0
GERAL,GERAL,23740988125,[PMAX - SUPER GAMES - CS],PERFORMANCE_MAX,2026-04-23,21132,15251,1.385614058094551,67.068691,55,483.0
GERAL,GERAL,23740988125,[PMAX - SUPER GAMES - CS],PERFORMANCE_MAX,2026-04-24,16647,11837,1.4063529610543213,67.062978,47,352.0
GERAL,GERAL,23740988125,[PMAX - SUPER GAMES - CS],PERFORMANCE_MAX,2026-04-25,18643,13693,1.361498575914701,67.04545,46,484.0
GERAL,GERAL,23740988125,[PMAX - SUPER GAMES - CS],PERFORMANCE_MAX,2026-04-26,16487,12079,1.3649308717609074,53.25376,84,404.0
GERAL,GERAL,23740988125,[PMAX - SUPER GAMES - CS],PERFORMANCE_MAX,2026-04-27,20965,15175,1.3815485996705108,66.508457,51,433.0
GERAL,GERAL,23740988125,[PMAX - SUPER GAMES - CS],PERFORMANCE_MAX,2026-04-28,18500,13630,1.3573000733675715,54.446157,52,410.0
GERAL,GERAL,23740988125,[PMAX - SUPER GAMES - CS],PERFORMANCE_MAX,2026-04-29,17557,12856,1.3656658369632857,69.209508,36,249.0
GERAL,GERAL,23740988125,[PMAX - SUPER GAMES - CS],PERFORMANCE_MAX,2026-04-30,21187,15559,1.3617199048782056,69.174154,50,428.0
GERAL,GERAL,23740988125,[PMAX - SUPER GAMES - CS],PERFORMANCE_MAX,2026-05-01,18192,13507,1.3468571851632487,69.218054,76,441.0
GERAL,GERAL,23740988125,[PMAX - SUPER GAMES - CS],PERFORMANCE_MAX,2026-05-02,14219,10619,1.3390149731613146,63.020936,92,490.0
GERAL,GERAL,23740988125,[PMAX - SUPER GAMES - CS],PERFORMANCE_MAX,2026-05-07,17548,13552,1.2948642266824084,125.983147,32,352.0
GERAL,GERAL,23740988125,[PMAX - SUPER GAMES - CS],PERFORMANCE_MAX,2026-05-08,18245,13801,1.3220056517643648,125.937847,37,431.0
GERAL,GERAL,23740988125,[PMAX - SUPER GAMES - CS],PERFORMANCE_MAX,2026-05-09,20245,14847,1.3635751330235064,125.855566,90,589.0
GERAL,GERAL,23740988125,[PMAX - SUPER GAMES - CS],PERFORMANCE_MAX,2026-05-10,22491,16033,1.4027942368864217,103.964759,82,572.0
GERAL,GERAL,23740988125,[PMAX - SUPER GAMES - CS],PERFORMANCE_MAX,2026-05-11,7384,5623,1.313178018851147,32.33438,9,136.0
GERAL,GERAL,23750863658,[PMAX - CAPIVALLEY - NR],PERFORMANCE_MAX,2026-04-13,1468,1401,1.047822983583155,5.078843,3,19.0
GERAL,GERAL,23750863658,[PMAX - CAPIVALLEY - NR],PERFORMANCE_MAX,2026-04-14,15439,12152,1.2704904542462145,56.913548,6,164.0
GERAL,GERAL,23750863658,[PMAX - CAPIVALLEY - NR],PERFORMANCE_MAX,2026-04-15,13902,10779,1.289730030615085,56.898196,12,200.0
GERAL,GERAL,23750863658,[PMAX - CAPIVALLEY - NR],PERFORMANCE_MAX,2026-04-16,17580,13720,1.28134110787172,55.507483,18,215.0
GERAL,GERAL,23750863658,[PMAX - CAPIVALLEY - NR],PERFORMANCE_MAX,2026-04-17,22197,14847,1.495049504950495,56.971781,19,338.0
GERAL,GERAL,23750863658,[PMAX - CAPIVALLEY - NR],PERFORMANCE_MAX,2026-04-18,16391,12240,1.3391339869281045,55.371361,28,339.0
GERAL,GERAL,23750863658,[PMAX - CAPIVALLEY - NR],PERFORMANCE_MAX,2026-04-19,7514,5909,1.2716195633778982,24.55649,38,169.0
GERAL,GERAL,23750863658,[PMAX - CAPIVALLEY - NR],PERFORMANCE_MAX,2026-04-20,19178,13601,1.410043379163297,59.245917,62,539.0
GERAL,GERAL,23750863658,[PMAX - CAPIVALLEY - NR],PERFORMANCE_MAX,2026-04-21,29685,17965,1.6523796270526023,59.153039,46,614.0
GERAL,GERAL,23750863658,[PMAX - CAPIVALLEY - NR],PERFORMANCE_MAX,2026-04-22,25480,15936,1.5988955823293172,59.268148,24,583.0
GERAL,GERAL,23750863658,[PMAX - CAPIVALLEY - NR],PERFORMANCE_MAX,2026-04-23,28378,17584,1.6138535031847134,59.198589,30,587.0
GERAL,GERAL,23750863658,[PMAX - CAPIVALLEY - NR],PERFORMANCE_MAX,2026-04-24,22076,15137,1.4584131598070953,59.181351,26,520.0
GERAL,GERAL,23750863658,[PMAX - CAPIVALLEY - NR],PERFORMANCE_MAX,2026-04-25,26785,17483,1.5320597151518618,59.321212,18,711.0
GERAL,GERAL,23750863658,[PMAX - CAPIVALLEY - NR],PERFORMANCE_MAX,2026-04-26,27948,17042,1.6399483628682079,57.677006,39,563.0
GERAL,GERAL,23750863658,[PMAX - CAPIVALLEY - NR],PERFORMANCE_MAX,2026-04-27,26181,16048,1.6314182452642074,59.546184,29,502.0
GERAL,GERAL,23750863658,[PMAX - CAPIVALLEY - NR],PERFORMANCE_MAX,2026-04-28,25851,16389,1.5773384587223138,59.35454,19,520.0
GERAL,GERAL,23750863658,[PMAX - CAPIVALLEY - NR],PERFORMANCE_MAX,2026-04-29,27248,17326,1.5726653584208703,59.552663,19,654.0
GERAL,GERAL,23750863658,[PMAX - CAPIVALLEY - NR],PERFORMANCE_MAX,2026-04-30,26383,16470,1.6018822100789314,59.584835,25,566.0
GERAL,GERAL,23750863658,[PMAX - CAPIVALLEY - NR],PERFORMANCE_MAX,2026-05-01,27759,18871,1.4709872290816597,59.62307,57,827.0
GERAL,GERAL,23750863658,[PMAX - CAPIVALLEY - NR],PERFORMANCE_MAX,2026-05-02,17092,12072,1.4158383035122597,32.942727,27,542.0
GERAL,GERAL,23750863658,[PMAX - CAPIVALLEY - NR],PERFORMANCE_MAX,2026-05-03,183,174,1.0517241379310345,0.32785,0,4.0
GERAL,GERAL,23750863658,[PMAX - CAPIVALLEY - NR],PERFORMANCE_MAX,2026-05-04,138,126,1.0952380952380953,1.757167,1,5.0
GERAL,GERAL,23756799972,[VIDEO - RESTAURANTES ALMOÇO CS],VIDEO,2026-04-16,517,76,6.802631578947368,3.061071,2,0.0
GERAL,GERAL,23756799972,[VIDEO - RESTAURANTES ALMOÇO CS],VIDEO,2026-04-17,963,224,4.357142857142857,8.140018,5,0.0
GERAL,GERAL,23756799972,[VIDEO - RESTAURANTES ALMOÇO CS],VIDEO,2026-04-18,2189,286,7.800699300699301,10.955866,2,0.0
GERAL,GERAL,23756799972,[VIDEO - RESTAURANTES ALMOÇO CS],VIDEO,2026-04-19,2543,214,11.934579439252337,9.173027,2,0.0
GERAL,GERAL,23756799972,[VIDEO - RESTAURANTES ALMOÇO CS],VIDEO,2026-04-20,2712,307,8.88599348534202,10.093161,20,0.0
GERAL,GERAL,23756799972,[VIDEO - RESTAURANTES ALMOÇO CS],VIDEO,2026-04-21,398,80,5.025,1.231143,2,0.0
GERAL,GERAL,23761119039,[PMAX - LEGUEIROS - BS],PERFORMANCE_MAX,2026-04-17,1041,747,1.393574297188755,6.207268,15,71.0
GERAL,GERAL,23761119039,[PMAX - LEGUEIROS - BS],PERFORMANCE_MAX,2026-04-18,4757,3461,1.3744582490609651,22.091688,86,395.0
GERAL,GERAL,23761119039,[PMAX - LEGUEIROS - BS],PERFORMANCE_MAX,2026-04-19,3423,2518,1.3594122319301032,13.928252,55,245.0
GERAL,GERAL,23761119039,[PMAX - LEGUEIROS - BS],PERFORMANCE_MAX,2026-04-20,4723,3308,1.4277509068923822,22.288051,71,437.0
GERAL,GERAL,23761119039,[PMAX - LEGUEIROS - BS],PERFORMANCE_MAX,2026-04-21,6800,4729,1.4379361387185452,22.178087,90,576.0
GERAL,GERAL,23761119039,[PMAX - LEGUEIROS - BS],PERFORMANCE_MAX,2026-04-22,7028,4914,1.4301994301994303,22.288396,61,418.0
GERAL,GERAL,23761119039,[PMAX - LEGUEIROS - BS],PERFORMANCE_MAX,2026-04-23,5940,4139,1.4351292582749455,22.291476,39,354.0
GERAL,GERAL,23761119039,[PMAX - LEGUEIROS - BS],PERFORMANCE_MAX,2026-04-24,7601,5185,1.4659594985535198,22.130488,44,508.0
GERAL,GERAL,23761119039,[PMAX - LEGUEIROS - BS],PERFORMANCE_MAX,2026-04-25,6845,4525,1.5127071823204419,22.282999,71,573.0
GERAL,GERAL,23761119039,[PMAX - LEGUEIROS - BS],PERFORMANCE_MAX,2026-04-26,6701,4572,1.465660542432196,21.815658,147,564.0
GERAL,GERAL,23761119039,[PMAX - LEGUEIROS - BS],PERFORMANCE_MAX,2026-04-27,5719,3989,1.4336926548007018,19.160861,41,364.0
GERAL,GERAL,23761119039,[PMAX - LEGUEIROS - BS],PERFORMANCE_MAX,2026-04-28,7006,4864,1.4403782894736843,22.323097,48,392.0
GERAL,GERAL,23761119039,[PMAX - LEGUEIROS - BS],PERFORMANCE_MAX,2026-04-29,7011,4800,1.460625,22.412882,33,388.0
GERAL,GERAL,23761119039,[PMAX - LEGUEIROS - BS],PERFORMANCE_MAX,2026-04-30,6452,4412,1.4623753399818675,22.435169,33,377.0
GERAL,GERAL,23761119039,[PMAX - LEGUEIROS - BS],PERFORMANCE_MAX,2026-05-01,9143,6694,1.3658500149387511,22.480459,94,792.0
GERAL,GERAL,23761119039,[PMAX - LEGUEIROS - BS],PERFORMANCE_MAX,2026-05-02,5192,3768,1.3779193205944797,14.174621,77,547.0
GERAL,GERAL,23761119039,[PMAX - LEGUEIROS - BS],PERFORMANCE_MAX,2026-05-07,2670,1843,1.4487249050461204,28.296178,5,160.0
GERAL,GERAL,23761119039,[PMAX - LEGUEIROS - BS],PERFORMANCE_MAX,2026-05-08,3479,2576,1.3505434782608696,28.22372,12,225.0
GERAL,GERAL,23761119039,[PMAX - LEGUEIROS - BS],PERFORMANCE_MAX,2026-05-09,4250,2930,1.4505119453924915,28.216507,38,441.0
GERAL,GERAL,23761119039,[PMAX - LEGUEIROS - BS],PERFORMANCE_MAX,2026-05-10,3662,2718,1.3473142016188373,20.859054,38,302.0
GERAL,GERAL,23761119039,[PMAX - LEGUEIROS - BS],PERFORMANCE_MAX,2026-05-11,5772,3807,1.516154452324665,28.768883,19,360.0
GERAL,GERAL,23761119039,[PMAX - LEGUEIROS - BS],PERFORMANCE_MAX,2026-05-12,7571,4947,1.5304224782696583,28.799843,26,534.0
GERAL,GERAL,23761119039,[PMAX - LEGUEIROS - BS],PERFORMANCE_MAX,2026-05-13,7188,4721,1.5225587799195086,28.75284,40,483.0
GERAL,GERAL,23761119039,[PMAX - LEGUEIROS - BS],PERFORMANCE_MAX,2026-05-14,7460,4974,1.4997989545637314,28.803715,107,521.0
GERAL,GERAL,23761119039,[PMAX - LEGUEIROS - BS],PERFORMANCE_MAX,2026-05-15,9303,6163,1.5094921304559468,28.766533,119,753.0
GERAL,GERAL,23761119039,[PMAX - LEGUEIROS - BS],PERFORMANCE_MAX,2026-05-16,10983,7464,1.4714630225080385,28.440864,357,1210.0
GERAL,GERAL,23761119039,[PMAX - LEGUEIROS - BS],PERFORMANCE_MAX,2026-05-17,7777,5358,1.4514744307577454,25.007669,361,846.0
GERAL,GERAL,23761119039,[PMAX - LEGUEIROS - BS],PERFORMANCE_MAX,2026-05-18,8183,5355,1.5281045751633986,26.667078,173,621.0
GERAL,GERAL,23761119039,[PMAX - LEGUEIROS - BS],PERFORMANCE_MAX,2026-05-19,7773,5095,1.525613346418057,24.890253,174,510.0
GERAL,GERAL,23761119039,[PMAX - LEGUEIROS - BS],PERFORMANCE_MAX,2026-05-20,8239,5541,1.4869157191842628,31.237818,155,512.0
GERAL,GERAL,23761119039,[PMAX - LEGUEIROS - BS],PERFORMANCE_MAX,2026-05-21,8322,5660,1.4703180212014135,31.686847,197,682.0
GERAL,GERAL,23761119039,[PMAX - LEGUEIROS - BS],PERFORMANCE_MAX,2026-05-22,9066,6271,1.4457024398022644,31.778738,257,896.0
GERAL,GERAL,23761119039,[PMAX - LEGUEIROS - BS],PERFORMANCE_MAX,2026-05-23,10352,7247,1.4284531530288396,31.776755,544,1440.0
GERAL,GERAL,23782575999,[PMAX- PROMO MAES 26 - BS],PERFORMANCE_MAX,2026-04-23,403,291,1.3848797250859106,4.507231,7,23.0
GERAL,GERAL,23782575999,[PMAX- PROMO MAES 26 - BS],PERFORMANCE_MAX,2026-04-24,3613,2573,1.4041974349008939,13.410726,24,284.0
GERAL,GERAL,23782575999,[PMAX- PROMO MAES 26 - BS],PERFORMANCE_MAX,2026-04-25,4123,2690,1.5327137546468401,13.181709,90,401.0
GERAL,GERAL,23782575999,[PMAX- PROMO MAES 26 - BS],PERFORMANCE_MAX,2026-04-26,1331,966,1.3778467908902692,4.035088,13,95.0
GERAL,GERAL,23782575999,[PMAX- PROMO MAES 26 - BS],PERFORMANCE_MAX,2026-04-27,3341,2269,1.4724548259144998,13.834005,28,256.0
GERAL,GERAL,23782575999,[PMAX- PROMO MAES 26 - BS],PERFORMANCE_MAX,2026-04-28,3109,2019,1.53987122337791,13.913463,24,215.0
GERAL,GERAL,23782575999,[PMAX- PROMO MAES 26 - BS],PERFORMANCE_MAX,2026-04-29,4358,3165,1.3769352290679304,16.866917,52,293.0
GERAL,GERAL,23782575999,[PMAX- PROMO MAES 26 - BS],PERFORMANCE_MAX,2026-04-30,5960,4519,1.3188758574905952,18.489247,502,463.142857
GERAL,GERAL,23782575999,[PMAX- PROMO MAES 26 - BS],PERFORMANCE_MAX,2026-05-01,6782,4707,1.4408328022094752,18.333746,199,669.0
GERAL,GERAL,23782575999,[PMAX- PROMO MAES 26 - BS],PERFORMANCE_MAX,2026-05-02,3082,2332,1.3216123499142367,7.606361,328,317.5
GERAL,GERAL,23782575999,[PMAX- PROMO MAES 26 - BS],PERFORMANCE_MAX,2026-05-07,3745,3225,1.1612403100775195,35.249408,80,182.0
GERAL,GERAL,23782575999,[PMAX- PROMO MAES 26 - BS],PERFORMANCE_MAX,2026-05-08,4535,3388,1.338547815820543,35.194525,28,269.0
GERAL,GERAL,23782575999,[PMAX- PROMO MAES 26 - BS],PERFORMANCE_MAX,2026-05-09,5002,3473,1.4402533832421538,35.213916,90,482.0
GERAL,GERAL,23782575999,[PMAX- PROMO MAES 26 - BS],PERFORMANCE_MAX,2026-05-10,6293,4285,1.4686114352392066,35.08939,85,559.0
GERAL,GERAL,23782575999,[PMAX- PROMO MAES 26 - BS],PERFORMANCE_MAX,2026-05-11,352,285,1.2350877192982457,1.692871,6,21.0
GERAL,GERAL,23782575999,[PMAX- PROMO MAES 26 - BS],PERFORMANCE_MAX,2026-05-12,511,373,1.3699731903485255,1.698032,3,26.0
GERAL,GERAL,23782575999,[PMAX- PROMO MAES 26 - BS],PERFORMANCE_MAX,2026-05-13,509,381,1.3359580052493438,1.749739,11,30.0
GERAL,GERAL,23782575999,[PMAX- PROMO MAES 26 - BS],PERFORMANCE_MAX,2026-05-14,701,543,1.29097605893186,1.700086,9,58.0
GERAL,GERAL,23782575999,[PMAX- PROMO MAES 26 - BS],PERFORMANCE_MAX,2026-05-15,1106,856,1.2920560747663552,1.272116,29,101.0
GERAL,GERAL,23782575999,[PMAX- PROMO MAES 26 - BS],PERFORMANCE_MAX,2026-05-16,284,240,1.1833333333333333,0.51637,9,26.0
GERAL,GERAL,23782575999,[PMAX- PROMO MAES 26 - BS],PERFORMANCE_MAX,2026-05-17,373,333,1.12012012012012,0.884806,22,39.0
GERAL,GERAL,23782575999,[PMAX- PROMO MAES 26 - BS],PERFORMANCE_MAX,2026-05-18,528,455,1.1604395604395605,1.872113,16,46.0
GERAL,GERAL,23782575999,[PMAX- PROMO MAES 26 - BS],PERFORMANCE_MAX,2026-05-19,1439,1144,1.257867132867133,6.990441,27,120.0
GERAL,GERAL,23782575999,[PMAX- PROMO MAES 26 - BS],PERFORMANCE_MAX,2026-05-20,1837,1360,1.3507352941176471,8.644334,34,136.0
GERAL,GERAL,23782575999,[PMAX- PROMO MAES 26 - BS],PERFORMANCE_MAX,2026-05-21,171,133,1.2857142857142858,0.478809,1,11.0
GERAL,GERAL,23782637184,[PMAX- PROMO MAES 26 - NS],PERFORMANCE_MAX,2026-04-23,581,459,1.2657952069716776,3.510545,11,42.0
GERAL,GERAL,23782637184,[PMAX- PROMO MAES 26 - NS],PERFORMANCE_MAX,2026-04-24,2369,1919,1.2344971339239188,13.476713,11,157.0
GERAL,GERAL,23782637184,[PMAX- PROMO MAES 26 - NS],PERFORMANCE_MAX,2026-04-25,2938,2357,1.2464997878659312,9.645128,18,227.0
GERAL,GERAL,23782637184,[PMAX- PROMO MAES 26 - NS],PERFORMANCE_MAX,2026-04-26,2277,1769,1.287167891464104,8.030189,39,165.0
GERAL,GERAL,23782637184,[PMAX- PROMO MAES 26 - NS],PERFORMANCE_MAX,2026-04-27,2950,2330,1.2660944206008584,13.965898,30,187.0
GERAL,GERAL,23782637184,[PMAX- PROMO MAES 26 - NS],PERFORMANCE_MAX,2026-04-28,3117,2495,1.2492985971943888,13.921194,35,195.0
GERAL,GERAL,23782637184,[PMAX- PROMO MAES 26 - NS],PERFORMANCE_MAX,2026-04-29,2591,2082,1.2444764649375601,13.993028,28,156.0
GERAL,GERAL,23782637184,[PMAX- PROMO MAES 26 - NS],PERFORMANCE_MAX,2026-04-30,3243,2630,1.2330798479087453,14.081226,294,282.25
GERAL,GERAL,23782637184,[PMAX- PROMO MAES 26 - NS],PERFORMANCE_MAX,2026-05-01,3403,2678,1.270724421209858,13.968555,273,380.0
GERAL,GERAL,23782637184,[PMAX- PROMO MAES 26 - NS],PERFORMANCE_MAX,2026-05-02,2081,1595,1.3047021943573667,8.558571,296,271.0
GERAL,GERAL,23782637184,[PMAX- PROMO MAES 26 - NS],PERFORMANCE_MAX,2026-05-07,1958,1696,1.1544811320754718,20.841753,47,118.0
GERAL,GERAL,23782637184,[PMAX- PROMO MAES 26 - NS],PERFORMANCE_MAX,2026-05-08,2948,2399,1.228845352230096,20.815111,30,219.0
GERAL,GERAL,23782637184,[PMAX- PROMO MAES 26 - NS],PERFORMANCE_MAX,2026-05-09,2997,2304,1.30078125,20.801067,79,359.0
GERAL,GERAL,23782637184,[PMAX- PROMO MAES 26 - NS],PERFORMANCE_MAX,2026-05-10,2503,1876,1.334221748400853,17.628485,110,293.0
GERAL,GERAL,23782637184,[PMAX- PROMO MAES 26 - NS],PERFORMANCE_MAX,2026-05-11,1155,958,1.2056367432150312,5.164537,9,82.0
GERAL,GERAL,23782637184,[PMAX- PROMO MAES 26 - NS],PERFORMANCE_MAX,2026-05-12,2451,1979,1.2385042950985345,4.804179,13,168.0
GERAL,GERAL,23782637184,[PMAX- PROMO MAES 26 - NS],PERFORMANCE_MAX,2026-05-13,2237,1824,1.2264254385964912,5.126277,18,143.0
GERAL,GERAL,23782637184,[PMAX- PROMO MAES 26 - NS],PERFORMANCE_MAX,2026-05-14,2141,1729,1.2382880277617119,3.92173,6,133.0
GERAL,GERAL,23782637184,[PMAX- PROMO MAES 26 - NS],PERFORMANCE_MAX,2026-05-15,2387,1937,1.232318017552917,5.199878,7,166.0
GERAL,GERAL,23782637184,[PMAX- PROMO MAES 26 - NS],PERFORMANCE_MAX,2026-05-16,2548,2035,1.252088452088452,5.210975,26,259.0
GERAL,GERAL,23782637184,[PMAX- PROMO MAES 26 - NS],PERFORMANCE_MAX,2026-05-17,2223,1742,1.2761194029850746,5.183099,76,276.5
GERAL,GERAL,23782637184,[PMAX- PROMO MAES 26 - NS],PERFORMANCE_MAX,2026-05-18,2037,1605,1.2691588785046728,3.840145,15,153.0
GERAL,GERAL,23782637184,[PMAX- PROMO MAES 26 - NS],PERFORMANCE_MAX,2026-05-19,2748,2177,1.2622875516766192,8.79633,16,188.0
GERAL,GERAL,23782637184,[PMAX- PROMO MAES 26 - NS],PERFORMANCE_MAX,2026-05-20,4188,3332,1.2569027611044419,26.74438,25,217.0
GERAL,GERAL,23782637184,[PMAX- PROMO MAES 26 - NS],PERFORMANCE_MAX,2026-05-21,671,571,1.1751313485113835,3.137717,3,40.0
GERAL,GERAL,23782725483,[GEN - PROMO MAES - CS],DEMAND_GEN,2026-04-23,4170,2601,1.6036139946174548,7.765763,130,4.0
GERAL,GERAL,23782725483,[GEN - PROMO MAES - CS],DEMAND_GEN,2026-04-24,11201,5551,2.019095658439921,26.91851,408,8.0
GERAL,GERAL,23782725483,[GEN - PROMO MAES - CS],DEMAND_GEN,2026-04-25,12199,5839,2.0902551806816234,26.936923,429,18.0
GERAL,GERAL,23782725483,[GEN - PROMO MAES - CS],DEMAND_GEN,2026-04-26,12148,5778,2.1033229491173415,26.729066,449,18.0
GERAL,GERAL,23782725483,[GEN - PROMO MAES - CS],DEMAND_GEN,2026-04-27,11451,5725,2.000873362445415,26.846947,417,17.0
GERAL,GERAL,23782725483,[GEN - PROMO MAES - CS],DEMAND_GEN,2026-04-28,10493,5252,1.9986671744097486,26.851763,432,9.91992
GERAL,GERAL,23782725483,[GEN - PROMO MAES - CS],DEMAND_GEN,2026-04-29,4603,3348,1.3751493428912784,35.238839,120,7.0
GERAL,GERAL,23782725483,[GEN - PROMO MAES - CS],DEMAND_GEN,2026-04-30,11290,5755,1.9617723718505646,35.265697,260,19.085982
GERAL,GERAL,23782725483,[GEN - PROMO MAES - CS],DEMAND_GEN,2026-05-01,11684,6329,1.846105229894138,34.976512,357,30.0
GERAL,GERAL,23782725483,[GEN - PROMO MAES - CS],DEMAND_GEN,2026-05-02,2887,2209,1.3069262109551834,16.974276,134,11.0
GERAL,GERAL,23782725483,[GEN - PROMO MAES - CS],DEMAND_GEN,2026-05-04,270,269,1.003717472118959,11.174581,9,1.0
GERAL,GERAL,23782725483,[GEN - PROMO MAES - CS],DEMAND_GEN,2026-05-05,128,129,0.9922480620155039,6.723113,2,0.0
GERAL,GERAL,23782725483,[GEN - PROMO MAES - CS],DEMAND_GEN,2026-05-07,2596,2214,1.1725383920505872,67.655935,62,3.0
GERAL,GERAL,23782725483,[GEN - PROMO MAES - CS],DEMAND_GEN,2026-05-08,5304,4547,1.1664833956454805,99.130275,132,13.0
GERAL,GERAL,23782725483,[GEN - PROMO MAES - CS],DEMAND_GEN,2026-05-09,6341,5203,1.2187199692485104,51.032581,170,9.0
GERAL,GERAL,23782725483,[GEN - PROMO MAES - CS],DEMAND_GEN,2026-05-10,12242,7269,1.6841381207869033,49.784759,338,26.0
GERAL,GERAL,23782725483,[GEN - PROMO MAES - CS],DEMAND_GEN,2026-05-11,2757,2185,1.2617848970251717,12.318318,83,2.0
GERAL,GERAL,23782770933,[GEN - PROMO MAES - NS],DEMAND_GEN,2026-04-23,3504,2048,1.71142578125,7.407929,100,2.0
GERAL,GERAL,23782770933,[GEN - PROMO MAES - NS],DEMAND_GEN,2026-04-24,9280,4515,2.0564784053156147,26.946838,363,20.0
GERAL,GERAL,23782770933,[GEN - PROMO MAES - NS],DEMAND_GEN,2026-04-25,11261,5137,2.1923301537862567,26.953698,456,21.0
GERAL,GERAL,23782770933,[GEN - PROMO MAES - NS],DEMAND_GEN,2026-04-26,10797,4961,2.1769804474904255,26.73312,446,19.0
GERAL,GERAL,23782770933,[GEN - PROMO MAES - NS],DEMAND_GEN,2026-04-27,9251,4796,1.9301501251042537,26.877993,420,17.0
GERAL,GERAL,23782770933,[GEN - PROMO MAES - NS],DEMAND_GEN,2026-04-28,9105,4614,1.9733420026007802,26.834169,418,18.0
GERAL,GERAL,23782770933,[GEN - PROMO MAES - NS],DEMAND_GEN,2026-04-29,3120,2322,1.3440999138673557,27.557964,107,14.0
GERAL,GERAL,23782770933,[GEN - PROMO MAES - NS],DEMAND_GEN,2026-04-30,5585,3186,1.7529817953546767,15.242138,117,9.0
GERAL,GERAL,23782770933,[GEN - PROMO MAES - NS],DEMAND_GEN,2026-05-01,2917,2113,1.3805016564126833,15.840192,64,4.0
GERAL,GERAL,23782770933,[GEN - PROMO MAES - NS],DEMAND_GEN,2026-05-02,4222,3090,1.3663430420711975,20.896301,136,7.0
GERAL,GERAL,23782770933,[GEN - PROMO MAES - NS],DEMAND_GEN,2026-05-07,1781,1681,1.0594883997620463,42.552992,38,3.0
GERAL,GERAL,23782770933,[GEN - PROMO MAES - NS],DEMAND_GEN,2026-05-08,4227,3201,1.3205248359887536,42.695927,119,8.0
GERAL,GERAL,23782770933,[GEN - PROMO MAES - NS],DEMAND_GEN,2026-05-09,9903,6031,1.6420162493782127,41.880274,262,16.0
GERAL,GERAL,23782770933,[GEN - PROMO MAES - NS],DEMAND_GEN,2026-05-10,8827,5329,1.6564083317695628,41.814653,312,30.660961
GERAL,GERAL,23782770933,[GEN - PROMO MAES - NS],DEMAND_GEN,2026-05-11,2870,2100,1.3666666666666667,15.117209,113,8.0
GERAL,GERAL,23782770933,[GEN - PROMO MAES - NS],DEMAND_GEN,2026-05-12,3240,2063,1.5705283567619972,9.716092,84,6.0
GERAL,GERAL,23782770933,[GEN - PROMO MAES - NS],DEMAND_GEN,2026-05-13,3271,2209,1.4807605251244906,9.716177,97,8.0
GERAL,GERAL,23782770933,[GEN - PROMO MAES - NS],DEMAND_GEN,2026-05-14,3656,2321,1.5751831107281344,9.675448,128,11.815902
GERAL,GERAL,23782770933,[GEN - PROMO MAES - NS],DEMAND_GEN,2026-05-15,4606,2724,1.6908957415565344,9.65409,102,9.0
GERAL,GERAL,23782770933,[GEN - PROMO MAES - NS],DEMAND_GEN,2026-05-16,5164,3128,1.6508951406649617,9.736881,111,16.0
GERAL,GERAL,23782770933,[GEN - PROMO MAES - NS],DEMAND_GEN,2026-05-17,5005,3186,1.5709353421217829,9.736662,113,15.0
GERAL,GERAL,23782770933,[GEN - PROMO MAES - NS],DEMAND_GEN,2026-05-18,4217,2664,1.582957957957958,9.747838,105,7.0
GERAL,GERAL,23782770933,[GEN - PROMO MAES - NS],DEMAND_GEN,2026-05-19,4164,2534,1.6432517758484608,9.75617,101,8.0
GERAL,GERAL,23782770933,[GEN - PROMO MAES - NS],DEMAND_GEN,2026-05-20,4522,2881,1.569593891010066,9.735161,105,10.0
GERAL,GERAL,23782770933,[GEN - PROMO MAES - NS],DEMAND_GEN,2026-05-21,567,463,1.224622030237581,1.285375,12,0.0
GERAL,GERAL,23787920057,[PMAX- PROMO MAES 26 - CS],PERFORMANCE_MAX,2026-04-23,1889,1387,1.3619322278298487,4.454296,2,37.0
GERAL,GERAL,23787920057,[PMAX- PROMO MAES 26 - CS],PERFORMANCE_MAX,2026-04-24,5433,3922,1.3852626211116776,13.370979,18,147.0
GERAL,GERAL,23787920057,[PMAX- PROMO MAES 26 - CS],PERFORMANCE_MAX,2026-04-25,5237,3720,1.407795698924731,9.743527,11,127.0
GERAL,GERAL,23787920057,[PMAX- PROMO MAES 26 - CS],PERFORMANCE_MAX,2026-04-26,609,417,1.460431654676259,1.561224,6,14.0
GERAL,GERAL,23787920057,[PMAX- PROMO MAES 26 - CS],PERFORMANCE_MAX,2026-04-27,3099,2348,1.31984667802385,14.262413,20,86.0
GERAL,GERAL,23787920057,[PMAX- PROMO MAES 26 - CS],PERFORMANCE_MAX,2026-04-28,3092,2467,1.253344142683421,11.946203,29,73.0
GERAL,GERAL,23787920057,[PMAX- PROMO MAES 26 - CS],PERFORMANCE_MAX,2026-04-29,2026,1644,1.232360097323601,14.399141,28,56.0
GERAL,GERAL,23787920057,[PMAX- PROMO MAES 26 - CS],PERFORMANCE_MAX,2026-04-30,2556,2085,1.2258992805755395,14.429961,441,161.44177
GERAL,GERAL,23787920057,[PMAX- PROMO MAES 26 - CS],PERFORMANCE_MAX,2026-05-01,2830,2230,1.2690582959641257,14.400448,828,304.1567
GERAL,GERAL,23787920057,[PMAX- PROMO MAES 26 - CS],PERFORMANCE_MAX,2026-05-02,1407,1217,1.1561216105176664,7.731576,649,195.333334
GERAL,GERAL,23787920057,[PMAX- PROMO MAES 26 - CS],PERFORMANCE_MAX,2026-05-07,2094,1686,1.2419928825622777,21.62776,92,75.333334
GERAL,GERAL,23787920057,[PMAX- PROMO MAES 26 - CS],PERFORMANCE_MAX,2026-05-08,2559,1982,1.2911200807265388,21.800894,26,59.0
GERAL,GERAL,23787920057,[PMAX- PROMO MAES 26 - CS],PERFORMANCE_MAX,2026-05-09,1589,1283,1.2385035074045208,21.575486,76,94.0
GERAL,GERAL,23787920057,[PMAX- PROMO MAES 26 - CS],PERFORMANCE_MAX,2026-05-10,2087,1673,1.2474596533173938,18.168949,60,101.0
GERAL,GERAL,23787920057,[PMAX- PROMO MAES 26 - CS],PERFORMANCE_MAX,2026-05-11,1014,842,1.2042755344418052,5.346902,15,30.0
GERAL,GERAL,23787920057,[PMAX- PROMO MAES 26 - CS],PERFORMANCE_MAX,2026-05-12,4497,3690,1.21869918699187,5.288822,13,89.0
GERAL,GERAL,23787920057,[PMAX- PROMO MAES 26 - CS],PERFORMANCE_MAX,2026-05-13,1284,1156,1.1107266435986158,5.650615,6,40.0
GERAL,GERAL,23787920057,[PMAX- PROMO MAES 26 - CS],PERFORMANCE_MAX,2026-05-14,404,344,1.1744186046511629,5.288645,7,23.0
GERAL,GERAL,23787920057,[PMAX- PROMO MAES 26 - CS],PERFORMANCE_MAX,2026-05-15,428,375,1.1413333333333333,4.07365,6,23.0
GERAL,GERAL,23787920057,[PMAX- PROMO MAES 26 - CS],PERFORMANCE_MAX,2026-05-16,626,532,1.1766917293233083,3.5352,16,14.0
GERAL,GERAL,23787920057,[PMAX- PROMO MAES 26 - CS],PERFORMANCE_MAX,2026-05-17,437,381,1.146981627296588,4.072184,15,12.0
GERAL,GERAL,23787920057,[PMAX- PROMO MAES 26 - CS],PERFORMANCE_MAX,2026-05-18,614,573,1.0715532286212914,3.428489,11,3.0
GERAL,GERAL,23787920057,[PMAX- PROMO MAES 26 - CS],PERFORMANCE_MAX,2026-05-19,758,707,1.072135785007072,11.944703,32,11.0
GERAL,GERAL,23787920057,[PMAX- PROMO MAES 26 - CS],PERFORMANCE_MAX,2026-05-20,1405,1252,1.1222044728434504,12.848833,39,21.0
GERAL,GERAL,23787920057,[PMAX- PROMO MAES 26 - CS],PERFORMANCE_MAX,2026-05-21,943,888,1.061936936936937,10.63352,28,15.0
GERAL,GERAL,23787937085,[PMAX- PROMO MAES 26 - GS],PERFORMANCE_MAX,2026-04-23,836,585,1.429059829059829,4.275279,10,35.0
GERAL,GERAL,23787937085,[PMAX- PROMO MAES 26 - GS],PERFORMANCE_MAX,2026-04-24,1503,1143,1.31496062992126,8.5064,9,81.0
GERAL,GERAL,23787937085,[PMAX- PROMO MAES 26 - GS],PERFORMANCE_MAX,2026-04-25,1905,1504,1.266622340425532,10.577316,20,118.0
GERAL,GERAL,23787937085,[PMAX- PROMO MAES 26 - GS],PERFORMANCE_MAX,2026-04-26,1631,1303,1.251726784343822,11.995586,33,112.0
GERAL,GERAL,23787937085,[PMAX- PROMO MAES 26 - GS],PERFORMANCE_MAX,2026-04-27,1826,1356,1.3466076696165192,14.030333,18,107.0
GERAL,GERAL,23787937085,[PMAX- PROMO MAES 26 - GS],PERFORMANCE_MAX,2026-04-28,1996,1405,1.4206405693950177,11.008756,18,112.0
GERAL,GERAL,23787937085,[PMAX- PROMO MAES 26 - GS],PERFORMANCE_MAX,2026-04-29,1843,1527,1.2069417157825801,14.106609,25,107.0
GERAL,GERAL,23787937085,[PMAX- PROMO MAES 26 - GS],PERFORMANCE_MAX,2026-04-30,2619,2081,1.2585295530994713,12.93534,257,192.0
GERAL,GERAL,23787937085,[PMAX- PROMO MAES 26 - GS],PERFORMANCE_MAX,2026-05-01,3247,2082,1.5595581171950048,14.193565,835,468.916666
GERAL,GERAL,23787937085,[PMAX- PROMO MAES 26 - GS],PERFORMANCE_MAX,2026-05-02,1837,1187,1.5475989890480202,6.113008,457,230.333333
GERAL,GERAL,23787937085,[PMAX- PROMO MAES 26 - GS],PERFORMANCE_MAX,2026-05-07,2481,2207,1.1241504304485728,21.451913,51,90.311111
GERAL,GERAL,23787937085,[PMAX- PROMO MAES 26 - GS],PERFORMANCE_MAX,2026-05-08,1744,1434,1.2161785216178522,21.419864,28,94.0
GERAL,GERAL,23787937085,[PMAX- PROMO MAES 26 - GS],PERFORMANCE_MAX,2026-05-09,1016,825,1.2315151515151515,21.52723,59,107.0
GERAL,GERAL,23787937085,[PMAX- PROMO MAES 26 - GS],PERFORMANCE_MAX,2026-05-10,1783,1405,1.2690391459074732,17.512877,65,157.5
GERAL,GERAL,23787937085,[PMAX- PROMO MAES 26 - GS],PERFORMANCE_MAX,2026-05-11,819,595,1.3764705882352941,5.592809,10,57.0
GERAL,GERAL,23787937085,[PMAX- PROMO MAES 26 - GS],PERFORMANCE_MAX,2026-05-12,2929,2200,1.3313636363636363,4.972567,28,152.5
GERAL,GERAL,23787937085,[PMAX- PROMO MAES 26 - GS],PERFORMANCE_MAX,2026-05-13,818,685,1.1941605839416058,5.476848,6,33.0
GERAL,GERAL,23787937085,[PMAX- PROMO MAES 26 - GS],PERFORMANCE_MAX,2026-05-14,815,704,1.1576704545454546,5.276329,5,12.513285
GERAL,GERAL,23787937085,[PMAX- PROMO MAES 26 - GS],PERFORMANCE_MAX,2026-05-15,467,424,1.1014150943396226,4.689968,3,18.0
GERAL,GERAL,23787937085,[PMAX- PROMO MAES 26 - GS],PERFORMANCE_MAX,2026-05-16,275,259,1.0617760617760619,3.446636,8,16.0
GERAL,GERAL,23787937085,[PMAX- PROMO MAES 26 - GS],PERFORMANCE_MAX,2026-05-17,195,189,1.0317460317460319,2.593502,4,7.0
GERAL,GERAL,23787937085,[PMAX- PROMO MAES 26 - GS],PERFORMANCE_MAX,2026-05-18,380,358,1.0614525139664805,4.802539,7,17.0
GERAL,GERAL,23787937085,[PMAX- PROMO MAES 26 - GS],PERFORMANCE_MAX,2026-05-19,698,630,1.107936507936508,7.515264,5,7.0
GERAL,GERAL,23787937085,[PMAX- PROMO MAES 26 - GS],PERFORMANCE_MAX,2026-05-20,1102,1011,1.0900098911968348,21.814608,15,17.596225
GERAL,GERAL,23787937085,[PMAX- PROMO MAES 26 - GS],PERFORMANCE_MAX,2026-05-21,409,375,1.0906666666666667,13.75478,11,7.0
GERAL,GERAL,23787945764,[PMAX- PROMO MAES 26 - NR],PERFORMANCE_MAX,2026-04-23,719,571,1.2591943957968477,3.515981,3,26.0
GERAL,GERAL,23787945764,[PMAX- PROMO MAES 26 - NR],PERFORMANCE_MAX,2026-04-24,1673,1379,1.2131979695431472,11.494807,6,81.0
GERAL,GERAL,23787945764,[PMAX- PROMO MAES 26 - NR],PERFORMANCE_MAX,2026-04-25,2048,1701,1.203997648442093,13.578157,27,126.0
GERAL,GERAL,23787945764,[PMAX- PROMO MAES 26 - NR],PERFORMANCE_MAX,2026-04-26,1115,919,1.2132752992383025,7.019412,22,62.0
GERAL,GERAL,23787945764,[PMAX- PROMO MAES 26 - NR],PERFORMANCE_MAX,2026-04-27,2041,1631,1.251379521765788,13.910837,18,85.0
GERAL,GERAL,23787945764,[PMAX- PROMO MAES 26 - NR],PERFORMANCE_MAX,2026-04-28,1855,1490,1.24496644295302,13.932882,12,77.0
GERAL,GERAL,23787945764,[PMAX- PROMO MAES 26 - NR],PERFORMANCE_MAX,2026-04-29,2210,1872,1.1805555555555556,13.954984,9,74.0
GERAL,GERAL,23787945764,[PMAX- PROMO MAES 26 - NR],PERFORMANCE_MAX,2026-04-30,2514,2231,1.1268489466606904,14.032339,48,88.5
GERAL,GERAL,23787945764,[PMAX- PROMO MAES 26 - NR],PERFORMANCE_MAX,2026-05-01,3276,2640,1.240909090909091,13.901583,197,221.0
GERAL,GERAL,23787945764,[PMAX- PROMO MAES 26 - NR],PERFORMANCE_MAX,2026-05-02,1767,1411,1.2523033309709426,8.498567,99,125.0
GERAL,GERAL,23787945764,[PMAX- PROMO MAES 26 - NR],PERFORMANCE_MAX,2026-05-05,55,52,1.0576923076923077,0.185537,0,0.0
GERAL,GERAL,23787945764,[PMAX- PROMO MAES 26 - NR],PERFORMANCE_MAX,2026-05-06,99,108,0.9166666666666666,0.609859,2,1.0
GERAL,GERAL,23787945764,[PMAX- PROMO MAES 26 - NR],PERFORMANCE_MAX,2026-05-07,2748,2621,1.04845478824876,20.719595,18,56.0
GERAL,GERAL,23787945764,[PMAX- PROMO MAES 26 - NR],PERFORMANCE_MAX,2026-05-08,3079,2607,1.1810510164940544,20.691812,16,108.0
GERAL,GERAL,23787945764,[PMAX- PROMO MAES 26 - NR],PERFORMANCE_MAX,2026-05-09,3034,2576,1.1777950310559007,20.66909,27,228.0
GERAL,GERAL,23787945764,[PMAX- PROMO MAES 26 - NR],PERFORMANCE_MAX,2026-05-10,2600,2130,1.2206572769953052,15.559672,38,165.0
GERAL,GERAL,23787945764,[PMAX- PROMO MAES 26 - NR],PERFORMANCE_MAX,2026-05-11,1238,1042,1.1880998080614202,5.318542,3,35.0
GERAL,GERAL,23787945764,[PMAX- PROMO MAES 26 - NR],PERFORMANCE_MAX,2026-05-12,2498,2118,1.1794145420207742,5.255946,16,106.0
GERAL,GERAL,23787945764,[PMAX- PROMO MAES 26 - NR],PERFORMANCE_MAX,2026-05-13,2437,2104,1.1582699619771863,5.155702,7,95.0
GERAL,GERAL,23787945764,[PMAX- PROMO MAES 26 - NR],PERFORMANCE_MAX,2026-05-14,1857,1612,1.151985111662531,4.202659,16,90.0
GERAL,GERAL,23787945764,[PMAX- PROMO MAES 26 - NR],PERFORMANCE_MAX,2026-05-15,2641,2281,1.1578255151249452,5.220422,14,127.0
GERAL,GERAL,23787945764,[PMAX- PROMO MAES 26 - NR],PERFORMANCE_MAX,2026-05-16,2270,1898,1.195995785036881,5.222781,26,174.0
GERAL,GERAL,23787945764,[PMAX- PROMO MAES 26 - NR],PERFORMANCE_MAX,2026-05-17,1155,1013,1.140177690029615,2.136207,16,80.0
GERAL,GERAL,23787945764,[PMAX- PROMO MAES 26 - NR],PERFORMANCE_MAX,2026-05-18,1669,1442,1.1574202496532593,4.84652,13,92.0
GERAL,GERAL,23787945764,[PMAX- PROMO MAES 26 - NR],PERFORMANCE_MAX,2026-05-19,801,666,1.2027027027027026,3.883956,8,37.0
GERAL,GERAL,23787945764,[PMAX- PROMO MAES 26 - NR],PERFORMANCE_MAX,2026-05-20,4839,3775,1.2818543046357616,33.774542,8,156.0
GERAL,GERAL,23787945764,[PMAX- PROMO MAES 26 - NR],PERFORMANCE_MAX,2026-05-21,1668,1414,1.1796322489391797,7.090882,4,63.0
GERAL,GERAL,23787957020,[PMAX- PROMO MAES 26 - NK],PERFORMANCE_MAX,2026-04-23,914,672,1.3601190476190477,3.777121,5,46.0
GERAL,GERAL,23787957020,[PMAX- PROMO MAES 26 - NK],PERFORMANCE_MAX,2026-04-24,4586,3259,1.407180116600184,13.434585,20,280.0
GERAL,GERAL,23787957020,[PMAX- PROMO MAES 26 - NK],PERFORMANCE_MAX,2026-04-25,5446,3823,1.4245357049437615,9.738746,25,380.0
GERAL,GERAL,23787957020,[PMAX- PROMO MAES 26 - NK],PERFORMANCE_MAX,2026-04-26,2992,2125,1.408,5.870606,20,176.0
GERAL,GERAL,23787957020,[PMAX- PROMO MAES 26 - NK],PERFORMANCE_MAX,2026-04-27,4091,3024,1.3528439153439153,14.061257,20,232.0
GERAL,GERAL,23787957020,[PMAX- PROMO MAES 26 - NK],PERFORMANCE_MAX,2026-04-28,4856,3468,1.400230680507497,14.033559,20,236.0
GERAL,GERAL,23787957020,[PMAX- PROMO MAES 26 - NK],PERFORMANCE_MAX,2026-04-29,4662,3358,1.388326384752829,13.764167,14,215.0
GERAL,GERAL,23787957020,[PMAX- PROMO MAES 26 - NK],PERFORMANCE_MAX,2026-04-30,355,314,1.1305732484076434,1.533407,59,34.0
GERAL,GERAL,23787957020,[PMAX- PROMO MAES 26 - NK],PERFORMANCE_MAX,2026-05-01,1236,914,1.3522975929978118,14.980205,163,92.135428
GERAL,GERAL,23787957020,[PMAX- PROMO MAES 26 - NK],PERFORMANCE_MAX,2026-05-02,1351,1047,1.2903533906399236,14.673498,270,107.0
GERAL,GERAL,23787957020,[PMAX- PROMO MAES 26 - NK],PERFORMANCE_MAX,2026-05-07,344,258,1.3333333333333333,21.773461,35,29.0
GERAL,GERAL,23787957020,[PMAX- PROMO MAES 26 - NK],PERFORMANCE_MAX,2026-05-08,2896,2273,1.2740871095468544,21.579446,7,174.0
GERAL,GERAL,23787957020,[PMAX- PROMO MAES 26 - NK],PERFORMANCE_MAX,2026-05-09,3873,2782,1.3921639108554997,21.597122,30,302.0
GERAL,GERAL,23787957020,[PMAX- PROMO MAES 26 - NK],PERFORMANCE_MAX,2026-05-10,4220,2963,1.4242321970975362,17.912021,46,286.5
GERAL,GERAL,23787957020,[PMAX- PROMO MAES 26 - NK],PERFORMANCE_MAX,2026-05-11,1466,1111,1.3195319531953196,5.315915,6,65.0
GERAL,GERAL,23787957020,[PMAX- PROMO MAES 26 - NK],PERFORMANCE_MAX,2026-05-12,4798,3397,1.4124227259346482,5.313483,16,266.5
GERAL,GERAL,23787957020,[PMAX- PROMO MAES 26 - NK],PERFORMANCE_MAX,2026-05-13,3973,2908,1.3662310866574965,5.319114,15,221.0
GERAL,GERAL,23787957020,[PMAX- PROMO MAES 26 - NK],PERFORMANCE_MAX,2026-05-14,3603,2583,1.3948896631823462,5.329246,15,192.0
GERAL,GERAL,23787957020,[PMAX- PROMO MAES 26 - NK],PERFORMANCE_MAX,2026-05-15,4629,3200,1.4465625,5.321335,23,288.0
GERAL,GERAL,23787957020,[PMAX- PROMO MAES 26 - NK],PERFORMANCE_MAX,2026-05-16,4170,3011,1.3849219528395882,4.117336,19,314.0
GERAL,GERAL,23787957020,[PMAX- PROMO MAES 26 - NK],PERFORMANCE_MAX,2026-05-17,2624,1937,1.3546721734641198,3.443501,29,183.0
GERAL,GERAL,23787957020,[PMAX- PROMO MAES 26 - NK],PERFORMANCE_MAX,2026-05-18,3860,2700,1.4296296296296296,5.555083,21,233.0
GERAL,GERAL,23787957020,[PMAX- PROMO MAES 26 - NK],PERFORMANCE_MAX,2026-05-19,5204,3643,1.428493000274499,11.399958,29,270.0
GERAL,GERAL,23787957020,[PMAX- PROMO MAES 26 - NK],PERFORMANCE_MAX,2026-05-20,7218,5088,1.4186320754716981,25.915061,17,356.0
GERAL,GERAL,23787957020,[PMAX- PROMO MAES 26 - NK],PERFORMANCE_MAX,2026-05-21,1299,1012,1.283596837944664,4.280341,4,80.0
GERAL,GERAL,23788059056,[GEN - PROMO MAES - BS],DEMAND_GEN,2026-04-23,4214,2425,1.7385567010309277,8.000718,128,5.0
GERAL,GERAL,23788059056,[GEN - PROMO MAES - BS],DEMAND_GEN,2026-04-24,10597,5232,2.025993883792049,26.927611,375,14.5
GERAL,GERAL,23788059056,[GEN - PROMO MAES - BS],DEMAND_GEN,2026-04-25,10661,5914,1.8028407169428475,26.898342,423,17.5
GERAL,GERAL,23788059056,[GEN - PROMO MAES - BS],DEMAND_GEN,2026-04-26,10824,5822,1.8596702164204741,26.784772,410,19.386989
GERAL,GERAL,23788059056,[GEN - PROMO MAES - BS],DEMAND_GEN,2026-04-27,9517,5566,1.7098454904779015,26.809232,415,29.0
GERAL,GERAL,23788059056,[GEN - PROMO MAES - BS],DEMAND_GEN,2026-04-28,9647,5563,1.7341362574150638,26.876522,419,22.0
GERAL,GERAL,23788059056,[GEN - PROMO MAES - BS],DEMAND_GEN,2026-04-29,3674,2889,1.2717203184492905,35.234183,116,10.0
GERAL,GERAL,23788059056,[GEN - PROMO MAES - BS],DEMAND_GEN,2026-04-30,9940,5343,1.860378064757627,35.131687,323,47.0
GERAL,GERAL,23788059056,[GEN - PROMO MAES - BS],DEMAND_GEN,2026-05-01,9818,5508,1.7824981844589687,35.292357,332,49.012284
GERAL,GERAL,23788059056,[GEN - PROMO MAES - BS],DEMAND_GEN,2026-05-02,2806,2146,1.3075489282385835,18.723849,140,9.0
GERAL,GERAL,23788059056,[GEN - PROMO MAES - BS],DEMAND_GEN,2026-05-04,56,50,1.12,0.072972,0,0.0
GERAL,GERAL,23788059056,[GEN - PROMO MAES - BS],DEMAND_GEN,2026-05-07,610,602,1.0132890365448506,81.910252,19,3.0
GERAL,GERAL,23788059056,[GEN - PROMO MAES - BS],DEMAND_GEN,2026-05-08,3002,2654,1.1311228334589298,108.068252,99,7.0
GERAL,GERAL,23788059056,[GEN - PROMO MAES - BS],DEMAND_GEN,2026-05-09,7888,5296,1.4894259818731117,47.965875,253,19.010801
GERAL,GERAL,23788059056,[GEN - PROMO MAES - BS],DEMAND_GEN,2026-05-10,10804,5527,1.9547675049755744,47.832564,324,59.976915
GERAL,GERAL,23788059056,[GEN - PROMO MAES - BS],DEMAND_GEN,2026-05-11,2230,1595,1.3981191222570533,12.550842,66,3.0
GERAL,GERAL,23788059056,[GEN - PROMO MAES - BS],DEMAND_GEN,2026-05-12,365,270,1.3518518518518519,1.585871,19,3.0
GERAL,GERAL,23788059056,[GEN - PROMO MAES - BS],DEMAND_GEN,2026-05-13,410,306,1.3398692810457515,1.704217,7,2.0
GERAL,GERAL,23788059056,[GEN - PROMO MAES - BS],DEMAND_GEN,2026-05-14,496,381,1.3018372703412073,1.747464,22,3.0
GERAL,GERAL,23788059056,[GEN - PROMO MAES - BS],DEMAND_GEN,2026-05-15,865,538,1.6078066914498141,1.734916,22,4.0
GERAL,GERAL,23788059056,[GEN - PROMO MAES - BS],DEMAND_GEN,2026-05-16,988,622,1.5884244372990353,1.780515,36,9.0
GERAL,GERAL,23788059056,[GEN - PROMO MAES - BS],DEMAND_GEN,2026-05-17,988,622,1.5884244372990353,1.818513,19,4.0
GERAL,GERAL,23788059056,[GEN - PROMO MAES - BS],DEMAND_GEN,2026-05-18,733,480,1.5270833333333333,1.821527,16,2.0
GERAL,GERAL,23788059056,[GEN - PROMO MAES - BS],DEMAND_GEN,2026-05-19,765,474,1.6139240506329113,1.821914,26,3.0
GERAL,GERAL,23788059056,[GEN - PROMO MAES - BS],DEMAND_GEN,2026-05-20,920,555,1.6576576576576576,1.828564,27,7.0
GERAL,GERAL,23788059056,[GEN - PROMO MAES - BS],DEMAND_GEN,2026-05-21,106,89,1.1910112359550562,0.245816,2,0.0
GERAL,GERAL,23788073459,[GEN - PROMO MAES - GS],DEMAND_GEN,2026-04-23,3321,2026,1.6396841066140178,7.62834,142,1.0
GERAL,GERAL,23788073459,[GEN - PROMO MAES - GS],DEMAND_GEN,2026-04-24,9123,4687,1.9468743332622147,26.935511,446,12.0
GERAL,GERAL,23788073459,[GEN - PROMO MAES - GS],DEMAND_GEN,2026-04-25,11014,5142,2.1433294437961883,26.94087,457,11.0
GERAL,GERAL,23788073459,[GEN - PROMO MAES - GS],DEMAND_GEN,2026-04-26,10359,4877,2.1265122001230266,26.713805,485,11.0
GERAL,GERAL,23788073459,[GEN - PROMO MAES - GS],DEMAND_GEN,2026-04-27,8959,4525,1.9807734806629835,26.922048,496,14.0
GERAL,GERAL,23788073459,[GEN - PROMO MAES - GS],DEMAND_GEN,2026-04-28,8289,4318,1.9205650764242705,26.805988,420,16.0
GERAL,GERAL,23788073459,[GEN - PROMO MAES - GS],DEMAND_GEN,2026-04-29,3561,2677,1.330593948449757,35.018175,109,7.0
GERAL,GERAL,23788073459,[GEN - PROMO MAES - GS],DEMAND_GEN,2026-04-30,10379,5545,1.871776375112714,35.289248,304,24.167115
GERAL,GERAL,23788073459,[GEN - PROMO MAES - GS],DEMAND_GEN,2026-05-01,9861,5990,1.6462437395659433,35.086481,378,16.0
GERAL,GERAL,23788073459,[GEN - PROMO MAES - GS],DEMAND_GEN,2026-05-02,3489,2649,1.3171007927519818,17.406866,165,8.0
GERAL,GERAL,23788073459,[GEN - PROMO MAES - GS],DEMAND_GEN,2026-05-04,76,80,0.95,0.102965,0,0.0
GERAL,GERAL,23788073459,[GEN - PROMO MAES - GS],DEMAND_GEN,2026-05-07,802,779,1.0295250320924263,121.947366,18,0.0
GERAL,GERAL,23788073459,[GEN - PROMO MAES - GS],DEMAND_GEN,2026-05-08,2945,2779,1.0597337171644476,125.727738,73,5.0
GERAL,GERAL,23788073459,[GEN - PROMO MAES - GS],DEMAND_GEN,2026-05-09,3204,2955,1.084263959390863,71.670216,85,2.0
GERAL,GERAL,23788073459,[GEN - PROMO MAES - GS],DEMAND_GEN,2026-05-10,962,900,1.068888888888889,8.650849,38,0.0
GERAL,GERAL,23788073459,[GEN - PROMO MAES - GS],DEMAND_GEN,2026-05-11,5391,3554,1.5168823860438942,18.83551,171,6.0
GERAL,GERAL,23788073459,[GEN - PROMO MAES - GS],DEMAND_GEN,2026-05-12,6986,4133,1.690297604645536,18.850904,201,14.0
GERAL,GERAL,23788073459,[GEN - PROMO MAES - GS],DEMAND_GEN,2026-05-13,7022,4111,1.7081002189248358,18.973994,196,12.0
GERAL,GERAL,23788073459,[GEN - PROMO MAES - GS],DEMAND_GEN,2026-05-14,6428,3774,1.703232644409115,18.944472,180,7.507548
GERAL,GERAL,23788073459,[GEN - PROMO MAES - GS],DEMAND_GEN,2026-05-15,5276,3342,1.5786953919808497,18.964763,221,11.232427
GERAL,GERAL,23788073459,[GEN - PROMO MAES - GS],DEMAND_GEN,2026-05-16,6621,4399,1.5051147988179132,18.998389,242,16.0
GERAL,GERAL,23788073459,[GEN - PROMO MAES - GS],DEMAND_GEN,2026-05-17,5194,3455,1.503328509406657,19.00614,196,16.0
GERAL,GERAL,23788073459,[GEN - PROMO MAES - GS],DEMAND_GEN,2026-05-18,5651,3435,1.6451237263464338,18.985077,179,7.5
GERAL,GERAL,23788073459,[GEN - PROMO MAES - GS],DEMAND_GEN,2026-05-19,5820,3396,1.7137809187279152,18.994041,219,16.5
GERAL,GERAL,23788073459,[GEN - PROMO MAES - GS],DEMAND_GEN,2026-05-20,6453,3762,1.715311004784689,18.993885,196,12.0
GERAL,GERAL,23788073459,[GEN - PROMO MAES - GS],DEMAND_GEN,2026-05-21,772,630,1.2253968253968255,3.092414,35,4.0
GERAL,GERAL,23788149488,[GEN - PROMO MAES - NK],DEMAND_GEN,2026-05-01,2991,2096,1.4270038167938932,29.116568,59,8.0
GERAL,GERAL,23788149488,[GEN - PROMO MAES - NK],DEMAND_GEN,2026-05-02,9175,5289,1.7347324636037058,37.219236,197,14.580707
GERAL,GERAL,23788149488,[GEN - PROMO MAES - NK],DEMAND_GEN,2026-05-04,83,81,1.0246913580246915,1.743194,1,1.0
GERAL,GERAL,23788149488,[GEN - PROMO MAES - NK],DEMAND_GEN,2026-05-07,1988,1920,1.0354166666666667,110.551122,32,3.0
GERAL,GERAL,23788149488,[GEN - PROMO MAES - NK],DEMAND_GEN,2026-05-08,7703,6597,1.167651963013491,185.245146,180,17.0
GERAL,GERAL,23788149488,[GEN - PROMO MAES - NK],DEMAND_GEN,2026-05-09,7294,6105,1.1947583947583948,89.616604,205,29.0
GERAL,GERAL,23788149488,[GEN - PROMO MAES - NK],DEMAND_GEN,2026-05-10,18658,12138,1.5371560388861427,72.728849,638,75.800801
GERAL,GERAL,23788149488,[GEN - PROMO MAES - NK],DEMAND_GEN,2026-05-11,4089,3226,1.2675139491630503,17.852918,180,13.228534
GERAL,GERAL,23788149488,[GEN - PROMO MAES - NK],DEMAND_GEN,2026-05-12,822,601,1.367720465890183,2.50274,24,4.0
GERAL,GERAL,23788149488,[GEN - PROMO MAES - NK],DEMAND_GEN,2026-05-13,894,664,1.3463855421686748,2.66741,19,3.0
GERAL,GERAL,23788149488,[GEN - PROMO MAES - NK],DEMAND_GEN,2026-05-14,743,562,1.3220640569395017,2.724487,19,2.221532
GERAL,GERAL,23788149488,[GEN - PROMO MAES - NK],DEMAND_GEN,2026-05-15,795,583,1.3636363636363635,2.662604,33,5.0
GERAL,GERAL,23788149488,[GEN - PROMO MAES - NK],DEMAND_GEN,2026-05-16,1069,695,1.5381294964028778,2.721222,21,5.25
GERAL,GERAL,23788149488,[GEN - PROMO MAES - NK],DEMAND_GEN,2026-05-17,1057,793,1.3329129886506936,2.796012,26,6.0
GERAL,GERAL,23788149488,[GEN - PROMO MAES - NK],DEMAND_GEN,2026-05-18,1008,709,1.4217207334273625,2.783531,31,4.25
GERAL,GERAL,23788149488,[GEN - PROMO MAES - NK],DEMAND_GEN,2026-05-19,811,606,1.3382838283828382,2.790001,27,5.0
GERAL,GERAL,23788149488,[GEN - PROMO MAES - NK],DEMAND_GEN,2026-05-20,1376,957,1.4378265412748172,2.789431,38,5.0
GERAL,GERAL,23788149488,[GEN - PROMO MAES - NK],DEMAND_GEN,2026-05-21,186,163,1.1411042944785277,0.47472,6,0.0
GERAL,GERAL,23792723737,[GEN - PROMO MAES - NR],DEMAND_GEN,2026-04-23,2552,1658,1.5392038600723763,7.118231,100,4.0
GERAL,GERAL,23792723737,[GEN - PROMO MAES - NR],DEMAND_GEN,2026-04-24,8421,4266,1.9739803094233475,26.92711,400,27.0
GERAL,GERAL,23792723737,[GEN - PROMO MAES - NR],DEMAND_GEN,2026-04-25,10855,4885,2.222517911975435,26.96581,432,32.5
GERAL,GERAL,23792723737,[GEN - PROMO MAES - NR],DEMAND_GEN,2026-04-26,10778,5109,2.110197690350362,26.718007,442,25.074143
GERAL,GERAL,23792723737,[GEN - PROMO MAES - NR],DEMAND_GEN,2026-04-27,9125,4323,2.1108026833217672,26.853569,473,26.2
GERAL,GERAL,23792723737,[GEN - PROMO MAES - NR],DEMAND_GEN,2026-04-28,8603,4223,2.0376509590338623,26.827221,412,34.1
GERAL,GERAL,23792723737,[GEN - PROMO MAES - NR],DEMAND_GEN,2026-04-29,3051,2128,1.4342105263157894,26.993662,123,16.0
GERAL,GERAL,23792723737,[GEN - PROMO MAES - NR],DEMAND_GEN,2026-04-30,5830,3462,1.6839976891969959,27.583569,168,22.0
GERAL,GERAL,23792723737,[GEN - PROMO MAES - NR],DEMAND_GEN,2026-05-01,9311,5357,1.7380996826582042,26.822501,303,54.269581
GERAL,GERAL,23792723737,[GEN - PROMO MAES - NR],DEMAND_GEN,2026-05-02,3083,2120,1.454245283018868,13.828734,110,9.0
GERAL,GERAL,23792723737,[GEN - PROMO MAES - NR],DEMAND_GEN,2026-05-07,325,313,1.038338658146965,40.571397,9,0.0
GERAL,GERAL,23792723737,[GEN - PROMO MAES - NR],DEMAND_GEN,2026-05-08,3032,2316,1.309153713298791,40.389996,110,15.595736
GERAL,GERAL,23792723737,[GEN - PROMO MAES - NR],DEMAND_GEN,2026-05-09,11354,6523,1.7406101487045837,40.396705,320,28.0
GERAL,GERAL,23792723737,[GEN - PROMO MAES - NR],DEMAND_GEN,2026-05-10,12804,6946,1.8433630866685862,40.281155,382,45.371462
GERAL,GERAL,23792723737,[GEN - PROMO MAES - NR],DEMAND_GEN,2026-05-11,2576,1931,1.3340238218539617,9.642946,73,13.864572
GERAL,GERAL,23792723737,[GEN - PROMO MAES - NR],DEMAND_GEN,2026-05-12,4188,2619,1.5990836197021765,9.368475,86,14.5
GERAL,GERAL,23792723737,[GEN - PROMO MAES - NR],DEMAND_GEN,2026-05-13,4096,2704,1.514792899408284,9.595269,83,11.0
GERAL,GERAL,23792723737,[GEN - PROMO MAES - NR],DEMAND_GEN,2026-05-14,4893,3031,1.6143187066974596,9.651302,104,11.0
GERAL,GERAL,23792723737,[GEN - PROMO MAES - NR],DEMAND_GEN,2026-05-15,4850,2972,1.6318977119784657,9.659014,101,15.0
GERAL,GERAL,23792723737,[GEN - PROMO MAES - NR],DEMAND_GEN,2026-05-16,6020,3459,1.7403873952009252,9.652276,136,25.793077
GERAL,GERAL,23792723737,[GEN - PROMO MAES - NR],DEMAND_GEN,2026-05-17,5507,3340,1.648802395209581,9.620737,118,18.221533
GERAL,GERAL,23792723737,[GEN - PROMO MAES - NR],DEMAND_GEN,2026-05-18,4560,2766,1.648590021691974,9.663006,129,19.0
GERAL,GERAL,23792723737,[GEN - PROMO MAES - NR],DEMAND_GEN,2026-05-19,4567,2668,1.711769115442279,9.666132,97,10.0
GERAL,GERAL,23792723737,[GEN - PROMO MAES - NR],DEMAND_GEN,2026-05-20,5079,3029,1.6767910201386595,9.680674,124,14.405974
GERAL,GERAL,23792723737,[GEN - PROMO MAES - NR],DEMAND_GEN,2026-05-21,427,343,1.2448979591836735,1.099077,13,4.0
GERAL,GERAL,23799605682,[YT - PROMO MAES 26 - CS],VIDEO,2026-04-29,3992,4758,1.032156368221942,36.189619,4,14.0
GERAL,GERAL,23799605682,[YT - PROMO MAES 26 - CS],VIDEO,2026-04-30,18680,15533,1.4280563960600012,121.870114,34,57.0
GERAL,GERAL,23799605682,[YT - PROMO MAES 26 - CS],VIDEO,2026-05-01,24513,20460,1.4681329423264906,121.961273,22,95.0
GERAL,GERAL,23799605682,[YT - PROMO MAES 26 - CS],VIDEO,2026-05-02,11767,10632,1.3470654627539504,57.072293,5,37.0
GERAL,GERAL,23799605682,[YT - PROMO MAES 26 - CS],VIDEO,2026-05-03,58,69,1.0289855072463767,0.290933,0,0.0
GERAL,GERAL,23799605682,[YT - PROMO MAES 26 - CS],VIDEO,2026-05-07,15214,15788,1.1617684317202939,232.111619,18,125.0
GERAL,GERAL,23799605682,[YT - PROMO MAES 26 - CS],VIDEO,2026-05-08,15165,15545,1.1593438404631715,231.929412,13,119.0
GERAL,GERAL,23799605682,[YT - PROMO MAES 26 - CS],VIDEO,2026-05-09,22571,18623,1.4266766901143746,232.493639,29,152.0
GERAL,GERAL,23799605682,[YT - PROMO MAES 26 - CS],VIDEO,2026-05-10,38792,29714,1.579962307329878,232.78085,48,176.0
GERAL,GERAL,23799605682,[YT - PROMO MAES 26 - CS],VIDEO,2026-05-11,9837,9869,1.220995034957949,57.806088,11,58.0
GERAL,GERAL,23799605682,[YT - PROMO MAES 26 - CS],VIDEO,2026-05-12,1522,1479,1.1676808654496282,8.777651,1,9.190689
GERAL,GERAL,23799605682,[YT - PROMO MAES 26 - CS],VIDEO,2026-05-13,1368,1116,1.3297491039426523,8.825667,3,13.0
GERAL,GERAL,23799605682,[YT - PROMO MAES 26 - CS],VIDEO,2026-05-14,1622,1450,1.2427586206896553,8.828349,3,2.266082
GERAL,GERAL,23799605682,[YT - PROMO MAES 26 - CS],VIDEO,2026-05-15,1860,1598,1.2822277847309136,8.853492,3,4.276657
GERAL,GERAL,23799605682,[YT - PROMO MAES 26 - CS],VIDEO,2026-05-16,1733,1459,1.3145990404386567,8.871035,6,8.0
GERAL,GERAL,23799605682,[YT - PROMO MAES 26 - CS],VIDEO,2026-05-17,1436,1359,1.1824871228844738,8.818096,2,9.0
GERAL,GERAL,23799605682,[YT - PROMO MAES 26 - CS],VIDEO,2026-05-18,1504,1394,1.212338593974175,8.811997,0,13.0
GERAL,GERAL,23799605682,[YT - PROMO MAES 26 - CS],VIDEO,2026-05-19,7584,6744,1.2720937129300118,38.203374,12,30.0
GERAL,GERAL,23799605682,[YT - PROMO MAES 26 - CS],VIDEO,2026-05-20,6144,5316,1.307750188111362,38.214796,14,28.0
GERAL,GERAL,23799605682,[YT - PROMO MAES 26 - CS],VIDEO,2026-05-21,1260,1276,1.1175548589341693,6.368659,1,3.0
GERAL,GERAL,23799610464,[YT - PROMO MAES 26 - GS],VIDEO,2026-04-29,4234,5023,1.039418674099144,35.78639,3,32.0
GERAL,GERAL,23799610464,[YT - PROMO MAES 26 - GS],VIDEO,2026-04-30,19203,16371,1.4274021134933725,122.185061,10,99.0
GERAL,GERAL,23799610464,[YT - PROMO MAES 26 - GS],VIDEO,2026-05-01,22840,19389,1.4513899633812988,121.945985,23,191.0
GERAL,GERAL,23799610464,[YT - PROMO MAES 26 - GS],VIDEO,2026-05-02,12547,11380,1.3575571177504393,59.623491,10,112.0
GERAL,GERAL,23799610464,[YT - PROMO MAES 26 - GS],VIDEO,2026-05-03,119,156,0.967948717948718,0.555231,0,0.0
GERAL,GERAL,23799610464,[YT - PROMO MAES 26 - GS],VIDEO,2026-05-07,14416,15185,1.1489627922291736,231.340226,16,166.0
GERAL,GERAL,23799610464,[YT - PROMO MAES 26 - GS],VIDEO,2026-05-08,14878,15308,1.1690619284034491,231.640733,15,215.0
GERAL,GERAL,23799610464,[YT - PROMO MAES 26 - GS],VIDEO,2026-05-09,23687,20899,1.360017225704579,231.881055,24,199.0
GERAL,GERAL,23799610464,[YT - PROMO MAES 26 - GS],VIDEO,2026-05-10,37376,28834,1.5898938752861205,232.540224,28,252.0
GERAL,GERAL,23799610464,[YT - PROMO MAES 26 - GS],VIDEO,2026-05-11,7844,7746,1.215982442550994,54.225005,3,73.0
GERAL,GERAL,23799610464,[YT - PROMO MAES 26 - GS],VIDEO,2026-05-12,1488,1496,1.1330213903743316,8.936404,1,21.0
GERAL,GERAL,23799610464,[YT - PROMO MAES 26 - GS],VIDEO,2026-05-13,1393,1383,1.1670281995661604,8.959315,1,10.0
GERAL,GERAL,23799610464,[YT - PROMO MAES 26 - GS],VIDEO,2026-05-14,1795,1771,1.1699604743083003,8.947915,3,16.0
GERAL,GERAL,23799610464,[YT - PROMO MAES 26 - GS],VIDEO,2026-05-15,1834,1694,1.2355371900826446,8.831039,2,18.0
GERAL,GERAL,23799610464,[YT - PROMO MAES 26 - GS],VIDEO,2026-05-16,1788,1605,1.264797507788162,9.094633,2,15.0
GERAL,GERAL,23799610464,[YT - PROMO MAES 26 - GS],VIDEO,2026-05-17,2010,1840,1.2402173913043477,8.899306,4,14.0
GERAL,GERAL,23799610464,[YT - PROMO MAES 26 - GS],VIDEO,2026-05-18,1753,1567,1.2444160816847478,9.020867,4,16.302592
GERAL,GERAL,23799610464,[YT - PROMO MAES 26 - GS],VIDEO,2026-05-19,7484,6520,1.319478527607362,38.874409,6,57.0
GERAL,GERAL,23799610464,[YT - PROMO MAES 26 - GS],VIDEO,2026-05-20,6738,5745,1.3350739773716276,38.949533,7,45.0
GERAL,GERAL,23799610464,[YT - PROMO MAES 26 - GS],VIDEO,2026-05-21,1196,1102,1.208711433756806,8.365985,2,11.0
GERAL,GERAL,23809425565,[YT - PROMO MAES 26 - BS],VIDEO,2026-04-29,4160,4968,1.0364331723027376,36.298103,1,35.0
GERAL,GERAL,23809425565,[YT - PROMO MAES 26 - BS],VIDEO,2026-04-30,16700,14719,1.360146749099803,122.066717,23,114.0
GERAL,GERAL,23809425565,[YT - PROMO MAES 26 - BS],VIDEO,2026-05-01,22691,19891,1.3999798904026948,121.927821,19,190.0
GERAL,GERAL,23809425565,[YT - PROMO MAES 26 - BS],VIDEO,2026-05-02,12842,12305,1.289313287281593,57.500611,11,126.0
GERAL,GERAL,23809425565,[YT - PROMO MAES 26 - BS],VIDEO,2026-05-07,18892,19120,1.1885983263598325,232.786364,12,203.0
GERAL,GERAL,23809425565,[YT - PROMO MAES 26 - BS],VIDEO,2026-05-08,19382,19233,1.183954661259294,231.955086,9,217.0
GERAL,GERAL,23809425565,[YT - PROMO MAES 26 - BS],VIDEO,2026-05-09,24013,22295,1.2991253644314869,232.14261,19,224.0
GERAL,GERAL,23809425565,[YT - PROMO MAES 26 - BS],VIDEO,2026-05-10,38115,29405,1.5731678286005781,232.405091,27,235.0
GERAL,GERAL,23809425565,[YT - PROMO MAES 26 - BS],VIDEO,2026-05-11,8366,8405,1.2120166567519333,55.183118,6,80.0
GERAL,GERAL,23809425565,[YT - PROMO MAES 26 - BS],VIDEO,2026-05-12,1684,1580,1.1879746835443037,8.929462,1,16.0
GERAL,GERAL,23809425565,[YT - PROMO MAES 26 - BS],VIDEO,2026-05-13,1858,1714,1.2304550758459742,9.019713,0,9.0
GERAL,GERAL,23809425565,[YT - PROMO MAES 26 - BS],VIDEO,2026-05-14,1663,1708,1.154566744730679,8.899757,2,12.0
GERAL,GERAL,23809425565,[YT - PROMO MAES 26 - BS],VIDEO,2026-05-15,1723,1545,1.2640776699029126,8.918861,2,13.0
GERAL,GERAL,23809425565,[YT - PROMO MAES 26 - BS],VIDEO,2026-05-16,1762,1629,1.223449969306323,8.907883,0,17.0
GERAL,GERAL,23809425565,[YT - PROMO MAES 26 - BS],VIDEO,2026-05-17,1666,1445,1.2837370242214532,9.038162,3,10.0
GERAL,GERAL,23809425565,[YT - PROMO MAES 26 - BS],VIDEO,2026-05-18,1881,1795,1.1682451253481894,8.909555,4,16.0
GERAL,GERAL,23809425565,[YT - PROMO MAES 26 - BS],VIDEO,2026-05-19,6581,5952,1.2570564516129032,38.770111,7,29.0
GERAL,GERAL,23809425565,[YT - PROMO MAES 26 - BS],VIDEO,2026-05-20,6420,5994,1.2095428762095428,38.61358,12,44.0
GERAL,GERAL,23809425565,[YT - PROMO MAES 26 - BS],VIDEO,2026-05-21,1256,1288,1.110248447204969,7.221904,0,9.0
GERAL,GERAL,23809443964,[YT - PROMO MAES 26 - NS],VIDEO,2026-04-29,3486,4106,1.0472479298587434,34.286006,3,44.0
GERAL,GERAL,23809443964,[YT - PROMO MAES 26 - NS],VIDEO,2026-04-30,19105,14048,1.6340404328018223,122.334705,18,197.0
GERAL,GERAL,23809443964,[YT - PROMO MAES 26 - NS],VIDEO,2026-05-01,23223,16900,1.6951479289940827,122.094075,30,339.0
GERAL,GERAL,23809443964,[YT - PROMO MAES 26 - NS],VIDEO,2026-05-02,11466,9733,1.4465221411692182,60.363821,19,165.0
GERAL,GERAL,23809443964,[YT - PROMO MAES 26 - NS],VIDEO,2026-05-03,147,170,1.011764705882353,0.625717,1,1.0
GERAL,GERAL,23809443964,[YT - PROMO MAES 26 - NS],VIDEO,2026-05-07,29506,22385,1.5884744248380611,231.615139,33,392.0
GERAL,GERAL,23809443964,[YT - PROMO MAES 26 - NS],VIDEO,2026-05-08,30704,22412,1.6803944315545243,231.914035,33,519.0
GERAL,GERAL,23809443964,[YT - PROMO MAES 26 - NS],VIDEO,2026-05-09,34328,24420,1.707903357903358,232.250045,48,412.0
GERAL,GERAL,23809443964,[YT - PROMO MAES 26 - NS],VIDEO,2026-05-10,37545,25471,1.798555219661576,232.217875,45,319.0
GERAL,GERAL,23809443964,[YT - PROMO MAES 26 - NS],VIDEO,2026-05-11,7055,6911,1.2412096657502532,44.924444,9,88.0
GERAL,GERAL,23809443964,[YT - PROMO MAES 26 - NS],VIDEO,2026-05-12,1763,1898,1.119072708113804,9.402271,7,23.0
GERAL,GERAL,23809443964,[YT - PROMO MAES 26 - NS],VIDEO,2026-05-13,2045,1947,1.2326656394453004,9.455305,5,16.0
GERAL,GERAL,23809443964,[YT - PROMO MAES 26 - NS],VIDEO,2026-05-14,1890,1868,1.1825481798715203,9.39036,6,22.0
GERAL,GERAL,23809443964,[YT - PROMO MAES 26 - NS],VIDEO,2026-05-15,1692,1681,1.1719214753123142,9.457946,1,20.0
GERAL,GERAL,23809443964,[YT - PROMO MAES 26 - NS],VIDEO,2026-05-16,1837,1857,1.1529348411416263,9.385514,4,24.0
GERAL,GERAL,23809443964,[YT - PROMO MAES 26 - NS],VIDEO,2026-05-17,1845,1740,1.1982758620689655,9.485424,5,10.0
GERAL,GERAL,23809443964,[YT - PROMO MAES 26 - NS],VIDEO,2026-05-18,1564,1408,1.2407670454545454,9.413513,4,33.0
GERAL,GERAL,23809443964,[YT - PROMO MAES 26 - NS],VIDEO,2026-05-19,7732,6581,1.3766904725725573,40.724792,11,79.0
GERAL,GERAL,23809443964,[YT - PROMO MAES 26 - NS],VIDEO,2026-05-20,7133,6103,1.3676880222841226,40.654071,19,72.0
GERAL,GERAL,23809443964,[YT - PROMO MAES 26 - NS],VIDEO,2026-05-21,1066,1061,1.1536286522148915,6.25089,1,10.0
GERAL,GERAL,23809456204,[YT - PROMO MAES 26 - NR],VIDEO,2026-04-29,3529,4163,1.0441988950276244,33.803165,3,68.0
GERAL,GERAL,23809456204,[YT - PROMO MAES 26 - NR],VIDEO,2026-04-30,17538,14575,1.4393825042881647,122.181327,23,223.0
GERAL,GERAL,23809456204,[YT - PROMO MAES 26 - NR],VIDEO,2026-05-01,21512,17286,1.5145204211500636,122.271875,28,337.0
GERAL,GERAL,23809456204,[YT - PROMO MAES 26 - NR],VIDEO,2026-05-02,10468,9428,1.354582095884599,55.343745,9,175.0
GERAL,GERAL,23809456204,[YT - PROMO MAES 26 - NR],VIDEO,2026-05-03,70,78,1.0384615384615385,0.348257,0,1.0
GERAL,GERAL,23809456204,[YT - PROMO MAES 26 - NR],VIDEO,2026-05-07,14869,15280,1.1786649214659686,233.02821,16,410.0
GERAL,GERAL,23809456204,[YT - PROMO MAES 26 - NR],VIDEO,2026-05-08,14955,14854,1.1988689915174364,232.926563,15,501.0
GERAL,GERAL,23809456204,[YT - PROMO MAES 26 - NR],VIDEO,2026-05-09,28253,23397,1.465657990340642,232.973439,23,627.0
GERAL,GERAL,23809456204,[YT - PROMO MAES 26 - NR],VIDEO,2026-05-10,37019,27925,1.628433303491495,233.249768,29,535.0
GERAL,GERAL,23809456204,[YT - PROMO MAES 26 - NR],VIDEO,2026-05-11,8097,8109,1.2248119373535578,51.570877,4,161.0
GERAL,GERAL,23809456204,[YT - PROMO MAES 26 - NR],VIDEO,2026-05-12,1598,1718,1.109429569266589,9.14237,0,39.0
GERAL,GERAL,23809456204,[YT - PROMO MAES 26 - NR],VIDEO,2026-05-13,1611,1554,1.1898326898326899,9.204853,2,34.0
GERAL,GERAL,23809456204,[YT - PROMO MAES 26 - NR],VIDEO,2026-05-14,1671,1684,1.1442992874109263,9.125292,1,27.0
GERAL,GERAL,23809456204,[YT - PROMO MAES 26 - NR],VIDEO,2026-05-15,1457,1410,1.2170212765957447,9.149691,3,38.0
GERAL,GERAL,23809456204,[YT - PROMO MAES 26 - NR],VIDEO,2026-05-16,1689,1492,1.2875335120643432,9.173864,4,29.0
GERAL,GERAL,23809456204,[YT - PROMO MAES 26 - NR],VIDEO,2026-05-17,1692,1656,1.1896135265700483,9.220232,2,24.0
GERAL,GERAL,23809456204,[YT - PROMO MAES 26 - NR],VIDEO,2026-05-18,1836,1675,1.2214925373134329,9.140488,5,53.0
GERAL,GERAL,23809456204,[YT - PROMO MAES 26 - NR],VIDEO,2026-05-19,7020,6396,1.2756410256410255,39.518588,8,138.0
GERAL,GERAL,23809456204,[YT - PROMO MAES 26 - NR],VIDEO,2026-05-20,6538,6079,1.2539891429511434,39.602538,7,112.0
GERAL,GERAL,23809456204,[YT - PROMO MAES 26 - NR],VIDEO,2026-05-21,1057,1030,1.1466019417475728,7.221957,3,17.0
GERAL,GERAL,23809464454,[YT - PROMO MAES 26 - NK],VIDEO,2026-04-29,3358,4074,1.0277368679430534,33.643165,2,47.0
GERAL,GERAL,23809464454,[YT - PROMO MAES 26 - NK],VIDEO,2026-04-30,18504,15262,1.4590486174813262,122.292815,12,181.0
GERAL,GERAL,23809464454,[YT - PROMO MAES 26 - NK],VIDEO,2026-05-01,21401,17870,1.465864577504197,122.151838,19,266.0
GERAL,GERAL,23809464454,[YT - PROMO MAES 26 - NK],VIDEO,2026-05-02,11741,10692,1.3455854844743733,59.954934,9,163.0
GERAL,GERAL,23809464454,[YT - PROMO MAES 26 - NK],VIDEO,2026-05-03,90,107,0.9719626168224299,0.505048,0,1.0
GERAL,GERAL,23809464454,[YT - PROMO MAES 26 - NK],VIDEO,2026-05-07,18056,17846,1.2397175837722738,232.061983,6,421.0
GERAL,GERAL,23809464454,[YT - PROMO MAES 26 - NK],VIDEO,2026-05-08,18839,18416,1.217745438748914,232.038689,13,403.0
GERAL,GERAL,23809464454,[YT - PROMO MAES 26 - NK],VIDEO,2026-05-09,22099,20055,1.3271503365744204,232.094894,14,431.0
GERAL,GERAL,23809464454,[YT - PROMO MAES 26 - NK],VIDEO,2026-05-10,36391,27718,1.6035789017966664,232.662302,25,466.0
GERAL,GERAL,23809464454,[YT - PROMO MAES 26 - NK],VIDEO,2026-05-11,5206,5240,1.1902671755725192,35.240439,6,83.0
GERAL,GERAL,23809464454,[YT - PROMO MAES 26 - NK],VIDEO,2026-05-12,2021,1924,1.2188149688149688,9.939966,0,25.0
GERAL,GERAL,23809464454,[YT - PROMO MAES 26 - NK],VIDEO,2026-05-13,1951,1851,1.20097244732577,9.936903,3,23.0
GERAL,GERAL,23809464454,[YT - PROMO MAES 26 - NK],VIDEO,2026-05-14,1827,1813,1.1737451737451738,9.887505,3,21.0
GERAL,GERAL,23809464454,[YT - PROMO MAES 26 - NK],VIDEO,2026-05-15,1734,1655,1.1933534743202416,9.952098,4,39.0
GERAL,GERAL,23809464454,[YT - PROMO MAES 26 - NK],VIDEO,2026-05-16,1817,1728,1.1672453703703705,9.953638,0,28.0
GERAL,GERAL,23809464454,[YT - PROMO MAES 26 - NK],VIDEO,2026-05-17,1903,1862,1.1879699248120301,9.909364,1,20.0
GERAL,GERAL,23809464454,[YT - PROMO MAES 26 - NK],VIDEO,2026-05-18,1691,1630,1.1993865030674846,9.921324,4,35.0
GERAL,GERAL,23809464454,[YT - PROMO MAES 26 - NK],VIDEO,2026-05-19,7663,7041,1.2627467689248686,42.865624,3,103.0
GERAL,GERAL,23809464454,[YT - PROMO MAES 26 - NK],VIDEO,2026-05-20,6864,6539,1.242850588775042,43.093154,13,105.0
GERAL,GERAL,23809464454,[YT - PROMO MAES 26 - NK],VIDEO,2026-05-21,796,808,1.1435643564356435,5.665823,1,16.0
GERAL,GERAL,23846004215,[PMAX - CAPIVALLEY - GS],PERFORMANCE_MAX,2026-05-15,1496,1255,1.1920318725099601,29.714574,33,29.0
GERAL,GERAL,23846004215,[PMAX - CAPIVALLEY - GS],PERFORMANCE_MAX,2026-05-16,1675,1371,1.2217359591539023,34.704611,98,88.0
GERAL,GERAL,23846004215,[PMAX - CAPIVALLEY - GS],PERFORMANCE_MAX,2026-05-17,1845,1495,1.234113712374582,22.535878,92,86.0
GERAL,GERAL,23846004215,[PMAX - CAPIVALLEY - GS],PERFORMANCE_MAX,2026-05-18,2429,1946,1.2482014388489209,50.024651,91,72.0
GERAL,GERAL,23846004215,[PMAX - CAPIVALLEY - GS],PERFORMANCE_MAX,2026-05-19,1347,1115,1.2080717488789237,46.875873,65,91.0
GERAL,GERAL,23846004215,[PMAX - CAPIVALLEY - GS],PERFORMANCE_MAX,2026-05-20,1939,1610,1.2043478260869565,42.399478,99,76.0
GERAL,GERAL,23846004215,[PMAX - CAPIVALLEY - GS],PERFORMANCE_MAX,2026-05-21,1722,1399,1.230879199428163,47.850128,108,103.0
GERAL,GERAL,23846004215,[PMAX - CAPIVALLEY - GS],PERFORMANCE_MAX,2026-05-22,2255,1805,1.2493074792243768,48.026875,144,106.0
GERAL,GERAL,23846004215,[PMAX - CAPIVALLEY - GS],PERFORMANCE_MAX,2026-05-23,2531,1973,1.282818043588444,43.873806,190,165.0
GERAL,GERAL,23846004215,[PMAX - CAPIVALLEY - GS],PERFORMANCE_MAX,2026-05-24,2223,1672,1.3295454545454546,49.219716,184,144.0
GERAL,GERAL,23846004215,[PMAX - CAPIVALLEY - GS],PERFORMANCE_MAX,2026-05-25,1189,942,1.262208067940552,17.511249,79,38.0
GERAL,GERAL,23846004215,[PMAX - CAPIVALLEY - GS],PERFORMANCE_MAX,2026-05-26,991,717,1.3821478382147838,18.923181,96,27.0
GERAL,GERAL,23846004215,[PMAX - CAPIVALLEY - GS],PERFORMANCE_MAX,2026-05-27,1174,805,1.4583850931677018,23.578922,124,24.0
GERAL,GERAL,23846004215,[PMAX - CAPIVALLEY - GS],PERFORMANCE_MAX,2026-05-28,1391,910,1.5285714285714285,37.416207,163,24.0
GERAL,GERAL,23846004215,[PMAX - CAPIVALLEY - GS],PERFORMANCE_MAX,2026-05-29,1480,970,1.5257731958762886,39.131018,177,34.0
GERAL,GERAL,23846004215,[PMAX - CAPIVALLEY - GS],PERFORMANCE_MAX,2026-05-30,1673,1049,1.5948522402287892,21.973049,253,32.0
GERAL,GERAL,23846004215,[PMAX - CAPIVALLEY - GS],PERFORMANCE_MAX,2026-05-31,1213,807,1.503097893432466,14.612025,181,24.0
GERAL,GERAL,23854251264,[PMAX - ECOBAG - NR],PERFORMANCE_MAX,2026-05-18,1781,1458,1.2215363511659807,9.890579,13,66.0
GERAL,GERAL,23854251264,[PMAX - ECOBAG - NR],PERFORMANCE_MAX,2026-05-19,7200,6068,1.186552406064601,38.226752,69,229.0
GERAL,GERAL,23854251264,[PMAX - ECOBAG - NR],PERFORMANCE_MAX,2026-05-20,3892,3306,1.177253478523896,33.283444,94,154.0
GERAL,GERAL,23854251264,[PMAX - ECOBAG - NR],PERFORMANCE_MAX,2026-05-21,6656,5677,1.172450237801656,37.544475,77,226.0
GERAL,GERAL,23854251264,[PMAX - ECOBAG - NR],PERFORMANCE_MAX,2026-05-22,8088,6658,1.21477921297687,38.436069,72,369.0
GERAL,GERAL,23854251264,[PMAX - ECOBAG - NR],PERFORMANCE_MAX,2026-05-23,8095,6501,1.245193047223504,38.170854,147,474.0
GERAL,GERAL,23854251264,[PMAX - ECOBAG - NR],PERFORMANCE_MAX,2026-05-24,4842,3918,1.2358346094946402,27.177382,109,311.0
GERAL,GERAL,23854251264,[PMAX - ECOBAG - NR],PERFORMANCE_MAX,2026-05-25,6790,5528,1.2282923299565847,31.880646,59,194.0
GERAL,GERAL,23854251264,[PMAX - ECOBAG - NR],PERFORMANCE_MAX,2026-05-26,4602,3765,1.2223107569721114,30.473498,83,147.0
GERAL,GERAL,23854251264,[PMAX - ECOBAG - NR],PERFORMANCE_MAX,2026-05-27,9438,7916,1.1922688226376958,43.185256,27,194.0
GERAL,GERAL,23854251264,[PMAX - ECOBAG - NR],PERFORMANCE_MAX,2026-05-28,12521,10809,1.1583865297437321,43.126971,22,254.0
GERAL,GERAL,23854251264,[PMAX - ECOBAG - NR],PERFORMANCE_MAX,2026-05-29,8047,6768,1.1889775413711583,43.205371,36,215.0
GERAL,GERAL,23854251264,[PMAX - ECOBAG - NR],PERFORMANCE_MAX,2026-05-30,6307,5280,1.1945075757575758,43.217413,120,186.0
GERAL,GERAL,23854251264,[PMAX - ECOBAG - NR],PERFORMANCE_MAX,2026-05-31,6313,5438,1.1609047443913203,26.9904,92,119.0
GERAL,GERAL,23874150237,[PMAX - NAMORADOS 26 - CS],PERFORMANCE_MAX,2026-05-25,10521,7858,1.33889030287605,46.217309,54,239.0
GERAL,GERAL,23874150237,[PMAX - NAMORADOS 26 - CS],PERFORMANCE_MAX,2026-05-26,25637,18250,1.4047671232876713,152.569621,145,593.0
GERAL,GERAL,23874150237,[PMAX - NAMORADOS 26 - CS],PERFORMANCE_MAX,2026-05-27,29635,21220,1.3965598491988689,146.399609,113,599.0
GERAL,GERAL,23874150237,[PMAX - NAMORADOS 26 - CS],PERFORMANCE_MAX,2026-05-28,29804,22182,1.3436119376070688,151.611594,110,678.0
GERAL,GERAL,23874150237,[PMAX - NAMORADOS 26 - CS],PERFORMANCE_MAX,2026-05-29,27421,19865,1.38036748049333,152.538245,95,656.0
GERAL,GERAL,23874150237,[PMAX - NAMORADOS 26 - CS],PERFORMANCE_MAX,2026-05-30,26617,18570,1.4333333333333333,140.302578,166,798.0
GERAL,GERAL,23874150237,[PMAX - NAMORADOS 26 - CS],PERFORMANCE_MAX,2026-05-31,20066,14333,1.3999860461871205,108.44585,179,388.0
GERAL,GERAL,23874457413,[ALC - NAMORADOS 26 - CS],VIDEO,2026-05-25,5434,3427,1.6798949518529327,17.41358,13,2.0
GERAL,GERAL,23874457413,[ALC - NAMORADOS 26 - CS],VIDEO,2026-05-26,23734,22653,1.2058447004811725,65.465664,19,27.0
GERAL,GERAL,23874457413,[ALC - NAMORADOS 26 - CS],VIDEO,2026-05-27,21845,14611,1.6122099787831086,65.394474,42,18.0
GERAL,GERAL,23874457413,[ALC - NAMORADOS 26 - CS],VIDEO,2026-05-28,24974,14692,1.7826027770215083,65.255138,62,20.0
GERAL,GERAL,23874457413,[ALC - NAMORADOS 26 - CS],VIDEO,2026-05-29,21813,17500,1.3551428571428572,65.372768,26,23.0
GERAL,GERAL,23874457413,[ALC - NAMORADOS 26 - CS],VIDEO,2026-05-30,23671,17622,1.471966859607309,65.417541,39,34.0
GERAL,GERAL,23874457413,[ALC - NAMORADOS 26 - CS],VIDEO,2026-05-31,22934,16169,1.5341084791885706,65.457321,63,14.0
GERAL,GERAL,23874502272,[ALC - NAMORADOS 26 - NK],VIDEO,2026-05-25,4615,2904,1.6298209366391185,15.96412,26,0.0
GERAL,GERAL,23874502272,[ALC - NAMORADOS 26 - NK],VIDEO,2026-05-26,23557,22465,1.1744491431115067,66.270382,21,15.0
GERAL,GERAL,23874502272,[ALC - NAMORADOS 26 - NK],VIDEO,2026-05-27,25921,18731,1.4628156531952379,66.201997,72,13.0
GERAL,GERAL,23874502272,[ALC - NAMORADOS 26 - NK],VIDEO,2026-05-28,27073,19775,1.4704424778761063,66.233996,66,17.0
GERAL,GERAL,23874502272,[ALC - NAMORADOS 26 - NK],VIDEO,2026-05-29,22539,19831,1.2370530986838788,65.773049,36,28.0
GERAL,GERAL,23874502272,[ALC - NAMORADOS 26 - NK],VIDEO,2026-05-30,23277,19323,1.3071986751539617,66.326559,48,28.0
GERAL,GERAL,23874502272,[ALC - NAMORADOS 26 - NK],VIDEO,2026-05-31,20969,18623,1.2339043118724158,66.329398,38,16.0
GERAL,GERAL,23876611129,[C&A NK - EXIBIÇAO DE VIDEOS],VIDEO,2026-05-22,3965,1316,3.015957446808511,53.241946,31,14.0
GERAL,GERAL,23876611129,[C&A NK - EXIBIÇAO DE VIDEOS],VIDEO,2026-05-23,10746,3126,3.439859245041587,136.822408,112,27.0
GERAL,GERAL,23876611129,[C&A NK - EXIBIÇAO DE VIDEOS],VIDEO,2026-05-24,10013,3631,2.7612228036353623,137.854014,110,31.0
GERAL,GERAL,23876611129,[C&A NK - EXIBIÇAO DE VIDEOS],VIDEO,2026-05-25,11488,4078,2.819519372241295,134.391514,98,31.0
GERAL,GERAL,23876611129,[C&A NK - EXIBIÇAO DE VIDEOS],VIDEO,2026-05-26,10924,4087,2.6770247125030586,134.170677,100,41.0
GERAL,GERAL,23876611129,[C&A NK - EXIBIÇAO DE VIDEOS],VIDEO,2026-05-27,10354,3854,2.6917488323819407,135.227242,79,31.0
GERAL,GERAL,23876611129,[C&A NK - EXIBIÇAO DE VIDEOS],VIDEO,2026-05-28,9204,3339,2.7696915244085054,139.592985,81,33.0
GERAL,GERAL,23876611129,[C&A NK - EXIBIÇAO DE VIDEOS],VIDEO,2026-05-29,7870,2921,2.7117425539198905,130.769517,60,26.0
GERAL,GERAL,23877666141,[DEMAND GEN - NAMORADOS 26 - BS],DEMAND_GEN,2026-05-26,7010,3602,1.946141032759578,17.709963,167,14.5
GERAL,GERAL,23877666141,[DEMAND GEN - NAMORADOS 26 - BS],DEMAND_GEN,2026-05-27,21323,9249,2.3054384257757596,69.547875,500,56.0
GERAL,GERAL,23877666141,[DEMAND GEN - NAMORADOS 26 - BS],DEMAND_GEN,2026-05-28,18106,9675,1.871421188630491,68.781398,597,46.0
GERAL,GERAL,23877666141,[DEMAND GEN - NAMORADOS 26 - BS],DEMAND_GEN,2026-05-29,10284,6352,1.6190176322418135,68.84354,449,27.0
GERAL,GERAL,23877666141,[DEMAND GEN - NAMORADOS 26 - BS],DEMAND_GEN,2026-05-30,14139,8154,1.7339955849889626,68.806979,607,25.0
GERAL,GERAL,23877666141,[DEMAND GEN - NAMORADOS 26 - BS],DEMAND_GEN,2026-05-31,12099,7768,1.5575437693099896,68.591418,596,21.0
GERAL,GERAL,23878996547,[PMAX - NAMORADOS 26 - BS],PERFORMANCE_MAX,2026-05-25,8291,6362,1.303206538824269,75.498937,94,440.0
GERAL,GERAL,23878996547,[PMAX - NAMORADOS 26 - BS],PERFORMANCE_MAX,2026-05-26,14792,10146,1.4579144490439582,148.441913,169,729.0
GERAL,GERAL,23878996547,[PMAX - NAMORADOS 26 - BS],PERFORMANCE_MAX,2026-05-27,17477,12157,1.437607962490746,147.493289,113,806.0
GERAL,GERAL,23878996547,[PMAX - NAMORADOS 26 - BS],PERFORMANCE_MAX,2026-05-28,17797,12830,1.3871395167575993,148.956093,110,758.0
GERAL,GERAL,23878996547,[PMAX - NAMORADOS 26 - BS],PERFORMANCE_MAX,2026-05-29,17534,12201,1.437095320055733,150.821467,95,810.0
GERAL,GERAL,23878996547,[PMAX - NAMORADOS 26 - BS],PERFORMANCE_MAX,2026-05-30,17003,11878,1.43146994443509,147.65988,151,949.0
GERAL,GERAL,23878996547,[PMAX - NAMORADOS 26 - BS],PERFORMANCE_MAX,2026-05-31,14117,10285,1.3725814292659213,120.565449,171,513.0
GERAL,GERAL,23879431676,[PMAX - NAMORADOS 26 - NR],PERFORMANCE_MAX,2026-05-25,5083,4472,1.1366279069767442,31.958532,29,115.0
GERAL,GERAL,23879431676,[PMAX - NAMORADOS 26 - NR],PERFORMANCE_MAX,2026-05-26,28767,23388,1.2299897383273473,148.42504,75,486.0
GERAL,GERAL,23879431676,[PMAX - NAMORADOS 26 - NR],PERFORMANCE_MAX,2026-05-27,31003,25089,1.2357208338315597,153.213789,75,554.0
GERAL,GERAL,23879431676,[PMAX - NAMORADOS 26 - NR],PERFORMANCE_MAX,2026-05-28,26774,22177,1.2072868286963971,153.181255,76,555.0
GERAL,GERAL,23879431676,[PMAX - NAMORADOS 26 - NR],PERFORMANCE_MAX,2026-05-29,23861,19988,1.1937662597558536,152.225129,74,562.0
GERAL,GERAL,23879431676,[PMAX - NAMORADOS 26 - NR],PERFORMANCE_MAX,2026-05-30,32329,25057,1.2902183022708225,153.241277,86,733.0
GERAL,GERAL,23879431676,[PMAX - NAMORADOS 26 - NR],PERFORMANCE_MAX,2026-05-31,17239,14838,1.1618142606820325,94.889136,96,290.0
GERAL,GERAL,23879437424,[PMAX - NAMORADOS 26 - NK],PERFORMANCE_MAX,2026-05-25,4595,3823,1.2019356526288256,42.386099,50,155.0
GERAL,GERAL,23879437424,[PMAX - NAMORADOS 26 - NK],PERFORMANCE_MAX,2026-05-26,16872,13749,1.227143792275802,145.811872,96,467.0
GERAL,GERAL,23879437424,[PMAX - NAMORADOS 26 - NK],PERFORMANCE_MAX,2026-05-27,23810,18471,1.289047696388934,152.78106,55,634.0
GERAL,GERAL,23879437424,[PMAX - NAMORADOS 26 - NK],PERFORMANCE_MAX,2026-05-28,33391,25193,1.3254078513872902,152.513964,43,776.0
GERAL,GERAL,23879437424,[PMAX - NAMORADOS 26 - NK],PERFORMANCE_MAX,2026-05-29,24885,19348,1.286179450072359,150.903412,47,661.0
GERAL,GERAL,23879437424,[PMAX - NAMORADOS 26 - NK],PERFORMANCE_MAX,2026-05-30,21394,16269,1.3150162886471204,142.602954,109,706.0
GERAL,GERAL,23879437424,[PMAX - NAMORADOS 26 - NK],PERFORMANCE_MAX,2026-05-31,14736,11646,1.265327150953117,79.3338,48,281.0
GERAL,GERAL,23879591732,[ALC - NAMORADOS 26 - BS],VIDEO,2026-05-25,6132,3363,1.8780850431162652,20.2288,34,5.0
GERAL,GERAL,23879591732,[ALC - NAMORADOS 26 - BS],VIDEO,2026-05-26,20150,20694,1.1829515801681647,65.268731,26,41.0
GERAL,GERAL,23879591732,[ALC - NAMORADOS 26 - BS],VIDEO,2026-05-27,23232,13447,1.8227857514687291,65.230712,99,14.0
GERAL,GERAL,23879591732,[ALC - NAMORADOS 26 - BS],VIDEO,2026-05-28,21024,13734,1.6440949468472403,65.346366,94,28.0
GERAL,GERAL,23879591732,[ALC - NAMORADOS 26 - BS],VIDEO,2026-05-29,22395,14237,1.6950902577790266,65.240381,83,24.0
GERAL,GERAL,23879591732,[ALC - NAMORADOS 26 - BS],VIDEO,2026-05-30,18901,12923,1.5802832159715237,65.277234,62,28.0
GERAL,GERAL,23879591732,[ALC - NAMORADOS 26 - BS],VIDEO,2026-05-31,22831,12868,1.8796238731737644,65.289543,68,7.0
GERAL,GERAL,23879762873,[ALC - NAMORADOS 26 - NS],VIDEO,2026-05-25,1449,1658,1.043425814234017,15.418175,2,7.0
GERAL,GERAL,23879762873,[ALC - NAMORADOS 26 - NS],VIDEO,2026-05-26,10969,9265,1.4,66.37511,15,79.0
GERAL,GERAL,23879762873,[ALC - NAMORADOS 26 - NS],VIDEO,2026-05-27,11734,9355,1.4978086584714057,66.017424,17,83.0
GERAL,GERAL,23879762873,[ALC - NAMORADOS 26 - NS],VIDEO,2026-05-28,11960,9885,1.4549317147192715,66.438525,5,100.0
GERAL,GERAL,23879762873,[ALC - NAMORADOS 26 - NS],VIDEO,2026-05-29,10888,8893,1.4456313954795907,66.463669,12,76.0
GERAL,GERAL,23879762873,[ALC - NAMORADOS 26 - NS],VIDEO,2026-05-30,10718,8634,1.4542506370164465,66.496818,15,86.0
GERAL,GERAL,23879762873,[ALC - NAMORADOS 26 - NS],VIDEO,2026-05-31,10689,8326,1.5018015853951476,66.923772,27,38.0
GERAL,GERAL,23882908004,[DEMAND GEN - NAMORADOS 26 - CS],DEMAND_GEN,2026-05-26,8252,4654,1.7730984099699183,16.036833,183,12.0
GERAL,GERAL,23882908004,[DEMAND GEN - NAMORADOS 26 - CS],DEMAND_GEN,2026-05-27,19150,10099,1.8962273492424992,69.639047,445,37.0
GERAL,GERAL,23882908004,[DEMAND GEN - NAMORADOS 26 - CS],DEMAND_GEN,2026-05-28,17427,9583,1.8185328185328185,68.859911,392,33.0
GERAL,GERAL,23882908004,[DEMAND GEN - NAMORADOS 26 - CS],DEMAND_GEN,2026-05-29,12258,7765,1.5786220218931102,68.909413,309,13.0
GERAL,GERAL,23882908004,[DEMAND GEN - NAMORADOS 26 - CS],DEMAND_GEN,2026-05-30,16830,10294,1.634932970662522,68.896774,476,22.0
GERAL,GERAL,23882908004,[DEMAND GEN - NAMORADOS 26 - CS],DEMAND_GEN,2026-05-31,16960,10846,1.5637101235478517,69.663676,463,13.847795
GERAL,GERAL,23882917439,[DEMAND GEN - NAMORADOS 26 - GS],DEMAND_GEN,2026-05-26,7903,4437,1.7811584403876493,15.445322,184,3.0
GERAL,GERAL,23882917439,[DEMAND GEN - NAMORADOS 26 - GS],DEMAND_GEN,2026-05-27,22605,11119,2.0330065653386096,68.944194,539,19.0
GERAL,GERAL,23882917439,[DEMAND GEN - NAMORADOS 26 - GS],DEMAND_GEN,2026-05-28,18237,10210,1.7861900097943193,69.193691,554,17.0
GERAL,GERAL,23882917439,[DEMAND GEN - NAMORADOS 26 - GS],DEMAND_GEN,2026-05-29,9759,6417,1.5208041140719963,68.965992,366,5.0
GERAL,GERAL,23882917439,[DEMAND GEN - NAMORADOS 26 - GS],DEMAND_GEN,2026-05-30,12472,7893,1.5801342962118332,69.839765,434,8.0
GERAL,GERAL,23882917439,[DEMAND GEN - NAMORADOS 26 - GS],DEMAND_GEN,2026-05-31,12683,8351,1.5187402706262723,70.537242,387,5.0
GERAL,GERAL,23883796708,[PMAX - NAMORADOS 26 - GS],PERFORMANCE_MAX,2026-05-25,3653,2969,1.2303805995284607,32.041934,43,139.0
GERAL,GERAL,23883796708,[PMAX - NAMORADOS 26 - GS],PERFORMANCE_MAX,2026-05-26,13718,10916,1.2566874312935141,147.783294,100,353.0
GERAL,GERAL,23883796708,[PMAX - NAMORADOS 26 - GS],PERFORMANCE_MAX,2026-05-27,15334,12249,1.2518572944730182,154.554351,98,378.0
GERAL,GERAL,23883796708,[PMAX - NAMORADOS 26 - GS],PERFORMANCE_MAX,2026-05-28,18847,15023,1.2545430340145112,150.764889,102,405.0
GERAL,GERAL,23883796708,[PMAX - NAMORADOS 26 - GS],PERFORMANCE_MAX,2026-05-29,17193,13945,1.2329150233058443,152.405326,89,429.0
GERAL,GERAL,23883796708,[PMAX - NAMORADOS 26 - GS],PERFORMANCE_MAX,2026-05-30,13233,10529,1.2568145122993637,147.506687,121,447.0
GERAL,GERAL,23883796708,[PMAX - NAMORADOS 26 - GS],PERFORMANCE_MAX,2026-05-31,9473,7541,1.256199443044689,116.022225,133,226.0
GERAL,GERAL,23883847336,[PMAX - NAMORADOS 26 - NS],PERFORMANCE_MAX,2026-05-25,2663,2304,1.1558159722222223,21.414498,26,125.0
GERAL,GERAL,23883847336,[PMAX - NAMORADOS 26 - NS],PERFORMANCE_MAX,2026-05-26,20157,16521,1.2200835300526602,149.342805,66,532.0
GERAL,GERAL,23883847336,[PMAX - NAMORADOS 26 - NS],PERFORMANCE_MAX,2026-05-27,28454,21576,1.3187801260659993,154.327859,69,578.0
GERAL,GERAL,23883847336,[PMAX - NAMORADOS 26 - NS],PERFORMANCE_MAX,2026-05-28,30245,23068,1.3111236344719959,153.544691,77,728.0
GERAL,GERAL,23883847336,[PMAX - NAMORADOS 26 - NS],PERFORMANCE_MAX,2026-05-29,25154,19665,1.2791253496058987,146.175188,66,700.0
GERAL,GERAL,23883847336,[PMAX - NAMORADOS 26 - NS],PERFORMANCE_MAX,2026-05-30,28851,21025,1.3722235434007135,151.356095,82,814.0
GERAL,GERAL,23883847336,[PMAX - NAMORADOS 26 - NS],PERFORMANCE_MAX,2026-05-31,30287,23229,1.3038443325153903,150.947308,108,512.0
GERAL,GERAL,23884105885,[ALC - NAMORADOS 26 - GS],VIDEO,2026-05-25,5292,3715,1.5240915208613728,17.07317,31,2.0
GERAL,GERAL,23884105885,[ALC - NAMORADOS 26 - GS],VIDEO,2026-05-26,21888,22549,1.1841323340281165,64.582039,12,25.0
GERAL,GERAL,23884105885,[ALC - NAMORADOS 26 - GS],VIDEO,2026-05-27,21338,15080,1.551392572944297,65.387426,68,16.0
GERAL,GERAL,23884105885,[ALC - NAMORADOS 26 - GS],VIDEO,2026-05-28,24215,16371,1.5798057540773318,65.429347,102,17.0
GERAL,GERAL,23884105885,[ALC - NAMORADOS 26 - GS],VIDEO,2026-05-29,22658,14780,1.6450608930987822,65.536952,79,18.0
GERAL,GERAL,23884105885,[ALC - NAMORADOS 26 - GS],VIDEO,2026-05-30,21752,16470,1.4737704918032788,65.515871,73,17.0
GERAL,GERAL,23884105885,[ALC - NAMORADOS 26 - GS],VIDEO,2026-05-31,21135,15371,1.5234532561316765,65.635647,63,15.0
GERAL,GERAL,23884115719,[ALC - NAMORADOS 26 - NR],VIDEO,2026-05-25,4675,2797,1.6714336789417232,16.059793,23,0.0
GERAL,GERAL,23884115719,[ALC - NAMORADOS 26 - NR],VIDEO,2026-05-26,20601,17386,1.1849189002645808,65.457007,36,13.0
GERAL,GERAL,23884115719,[ALC - NAMORADOS 26 - NR],VIDEO,2026-05-27,22111,15418,1.4341029964976002,65.415576,63,8.0
GERAL,GERAL,23884115719,[ALC - NAMORADOS 26 - NR],VIDEO,2026-05-28,21212,16164,1.3122989359069537,65.435796,63,20.0
GERAL,GERAL,23884115719,[ALC - NAMORADOS 26 - NR],VIDEO,2026-05-29,20476,15622,1.310715657406222,65.449018,35,21.0
GERAL,GERAL,23884115719,[ALC - NAMORADOS 26 - NR],VIDEO,2026-05-30,18892,14317,1.3195501850946427,65.487726,47,42.0
GERAL,GERAL,23884115719,[ALC - NAMORADOS 26 - NR],VIDEO,2026-05-31,20548,15631,1.314567206192822,65.495606,53,10.0
GERAL,GERAL,23884129587,[DEMAND GEN - NAMORADOS 26 - NR],DEMAND_GEN,2026-05-28,4377,2858,1.5314905528341498,22.501117,91,9.0
GERAL,GERAL,23884129587,[DEMAND GEN - NAMORADOS 26 - NR],DEMAND_GEN,2026-05-29,14539,7369,1.9729949789659385,76.687313,380,24.0
GERAL,GERAL,23884129587,[DEMAND GEN - NAMORADOS 26 - NR],DEMAND_GEN,2026-05-30,21574,11744,1.8370231607629428,76.588938,576,23.828565
GERAL,GERAL,23884129587,[DEMAND GEN - NAMORADOS 26 - NR],DEMAND_GEN,2026-05-31,22415,12271,1.8266644935213103,76.692234,542,17.0
GERAL,GERAL,23884136367,[DEMAND GEN - NAMORADOS 26 - NK],DEMAND_GEN,2026-05-28,3499,2408,1.4530730897009967,22.204496,68,9.0
GERAL,GERAL,23884136367,[DEMAND GEN - NAMORADOS 26 - NK],DEMAND_GEN,2026-05-29,18117,8819,2.054314548134709,77.391298,522,34.080707
GERAL,GERAL,23884136367,[DEMAND GEN - NAMORADOS 26 - NK],DEMAND_GEN,2026-05-30,23164,11405,2.0310390179745728,76.535739,606,46.080707
GERAL,GERAL,23884136367,[DEMAND GEN - NAMORADOS 26 - NK],DEMAND_GEN,2026-05-31,25629,12198,2.101082144613871,75.756385,648,26.080707
GERAL,GERAL,23893779085,[DEMAND GEN - NAMORADOS 26 - NS],DEMAND_GEN,2026-05-28,7468,4813,1.5516309993766881,20.197297,190,9.0
GERAL,GERAL,23893779085,[DEMAND GEN - NAMORADOS 26 - NS],DEMAND_GEN,2026-05-29,26622,11264,2.3634588068181817,76.776244,666,20.0
GERAL,GERAL,23893779085,[DEMAND GEN - NAMORADOS 26 - NS],DEMAND_GEN,2026-05-30,30289,13251,2.2857897517168517,76.683964,766,24.659622
GERAL,GERAL,23893779085,[DEMAND GEN - NAMORADOS 26 - NS],DEMAND_GEN,2026-05-31,20947,11585,1.8081139404402244,77.011018,652,13.0
GERAL,GERAL,21741076989,[APP INSTAL - NK],MULTI_CHANNEL,2026-06-01,110,89,1.2359550561797752,0.467874,8,0.0
GERAL,GERAL,21741092154,[APP INSTAL - NS],MULTI_CHANNEL,2026-06-01,504,348,1.4482758620689655,1.485045,12,0.0
GERAL,GERAL,21741092154,[APP INSTAL - NS],MULTI_CHANNEL,2026-06-02,156,130,1.2,0.999862,8,0.0
GERAL,GERAL,21750784471,[APP INSTAL - BS],MULTI_CHANNEL,2026-06-01,166,135,1.2296296296296296,0.313891,8,0.0
GERAL,GERAL,23846004215,[PMAX - CAPIVALLEY - GS],PERFORMANCE_MAX,2026-06-01,1654,1007,1.6425024826216486,20.321771,206,13.0
GERAL,GERAL,23846004215,[PMAX - CAPIVALLEY - GS],PERFORMANCE_MAX,2026-06-02,1029,628,1.6385350318471337,10.742876,159,15.0
GERAL,GERAL,23874150237,[PMAX - NAMORADOS 26 - CS],PERFORMANCE_MAX,2026-06-01,29237,21121,1.3842621088016667,152.394279,90,480.0
GERAL,GERAL,23874150237,[PMAX - NAMORADOS 26 - CS],PERFORMANCE_MAX,2026-06-02,22271,15792,1.4102710233029383,140.951305,102,413.0
GERAL,GERAL,23874457413,[ALC - NAMORADOS 26 - CS],VIDEO,2026-06-01,24633,18608,1.450720120378332,65.42763,65,19.0
GERAL,GERAL,23874457413,[ALC - NAMORADOS 26 - CS],VIDEO,2026-06-02,17788,12385,1.532821962050868,40.531296,41,5.0
GERAL,GERAL,23874457413,[ALC - NAMORADOS 26 - CS],VIDEO,2026-06-04,106,88,1.2045454545454546,0.270957,0,0.0
GERAL,GERAL,23874457413,[ALC - NAMORADOS 26 - CS],VIDEO,2026-06-05,76,70,1.0857142857142856,0.18815,1,0.0
GERAL,GERAL,23874502272,[ALC - NAMORADOS 26 - NK],VIDEO,2026-06-01,21345,19947,1.1759161778713592,66.233307,20,10.0
GERAL,GERAL,23874502272,[ALC - NAMORADOS 26 - NK],VIDEO,2026-06-02,12285,11675,1.1701070663811564,34.188334,10,3.0
GERAL,GERAL,23874502272,[ALC - NAMORADOS 26 - NK],VIDEO,2026-06-05,58,52,1.1153846153846154,0.243901,0,0.0
GERAL,GERAL,23877666141,[DEMAND GEN - NAMORADOS 26 - BS],DEMAND_GEN,2026-06-01,13173,7837,1.6808727829526604,68.79747,619,14.5
GERAL,GERAL,23877666141,[DEMAND GEN - NAMORADOS 26 - BS],DEMAND_GEN,2026-06-02,8591,5436,1.5803899926416483,46.419123,395,5.0
GERAL,GERAL,23878996547,[PMAX - NAMORADOS 26 - BS],PERFORMANCE_MAX,2026-06-01,15119,10608,1.4252450980392157,135.282166,95,579.0
GERAL,GERAL,23878996547,[PMAX - NAMORADOS 26 - BS],PERFORMANCE_MAX,2026-06-02,13029,9317,1.3984115058495223,122.84065,72,473.0
GERAL,GERAL,23879431676,[PMAX - NAMORADOS 26 - NR],PERFORMANCE_MAX,2026-06-01,38620,29540,1.3073798239675016,157.460371,50,416.0
GERAL,GERAL,23879431676,[PMAX - NAMORADOS 26 - NR],PERFORMANCE_MAX,2026-06-02,13756,11372,1.2096377066479072,92.567087,50,245.0
GERAL,GERAL,23879437424,[PMAX - NAMORADOS 26 - NK],PERFORMANCE_MAX,2026-06-01,31610,24469,1.291838652989497,158.552725,52,484.0
GERAL,GERAL,23879437424,[PMAX - NAMORADOS 26 - NK],PERFORMANCE_MAX,2026-06-02,11672,9076,1.2860290877038343,94.935897,32,258.0
GERAL,GERAL,23879591732,[ALC - NAMORADOS 26 - BS],VIDEO,2026-06-01,20023,14802,1.4643967031482232,65.245781,54,10.0
GERAL,GERAL,23879591732,[ALC - NAMORADOS 26 - BS],VIDEO,2026-06-02,16183,9339,1.8176464289538494,40.548053,41,0.0
GERAL,GERAL,23879591732,[ALC - NAMORADOS 26 - BS],VIDEO,2026-06-05,159,117,1.358974358974359,0.87695,2,0.0
GERAL,GERAL,23879762873,[ALC - NAMORADOS 26 - NS],VIDEO,2026-06-01,12026,9758,1.4553187128509941,66.429436,17,42.0
GERAL,GERAL,23879762873,[ALC - NAMORADOS 26 - NS],VIDEO,2026-06-02,6579,5371,1.3926643083224726,41.850919,13,13.0
GERAL,GERAL,23882908004,[DEMAND GEN - NAMORADOS 26 - CS],DEMAND_GEN,2026-06-01,15606,11275,1.3841241685144123,69.720046,381,8.0
GERAL,GERAL,23882908004,[DEMAND GEN - NAMORADOS 26 - CS],DEMAND_GEN,2026-06-02,7024,5042,1.3930979769932565,69.224006,212,5.0
GERAL,GERAL,23882908004,[DEMAND GEN - NAMORADOS 26 - CS],DEMAND_GEN,2026-06-04,126,124,1.0161290322580645,3.695297,2,0.0
GERAL,GERAL,23882908004,[DEMAND GEN - NAMORADOS 26 - CS],DEMAND_GEN,2026-06-05,68,71,0.9577464788732394,0.966321,2,0.0
GERAL,GERAL,23882917439,[DEMAND GEN - NAMORADOS 26 - GS],DEMAND_GEN,2026-06-01,6853,5630,1.2172291296625222,73.695158,161,1.0
GERAL,GERAL,23882917439,[DEMAND GEN - NAMORADOS 26 - GS],DEMAND_GEN,2026-06-02,7648,5389,1.4191872332529227,69.560783,194,3.0
GERAL,GERAL,23883796708,[PMAX - NAMORADOS 26 - GS],PERFORMANCE_MAX,2026-06-01,23902,19449,1.2289577870327524,156.464149,72,347.0
GERAL,GERAL,23883796708,[PMAX - NAMORADOS 26 - GS],PERFORMANCE_MAX,2026-06-02,9408,7500,1.2544,124.356232,54,204.0
GERAL,GERAL,23883847336,[PMAX - NAMORADOS 26 - NS],PERFORMANCE_MAX,2026-06-01,41869,30690,1.3642554578038448,133.149507,47,422.0
GERAL,GERAL,23883847336,[PMAX - NAMORADOS 26 - NS],PERFORMANCE_MAX,2026-06-02,15819,12439,1.271726022992202,82.433409,39,247.0
GERAL,GERAL,23884105885,[ALC - NAMORADOS 26 - GS],VIDEO,2026-06-01,22970,18067,1.4260253500857918,65.485247,46,8.0
GERAL,GERAL,23884105885,[ALC - NAMORADOS 26 - GS],VIDEO,2026-06-02,16367,13284,1.3897169527250828,41.545002,46,9.0
GERAL,GERAL,23884105885,[ALC - NAMORADOS 26 - GS],VIDEO,2026-06-03,63,58,1.1551724137931034,0.18577,1,0.0
GERAL,GERAL,23884105885,[ALC - NAMORADOS 26 - GS],VIDEO,2026-06-04,97,85,1.1411764705882352,0.250024,0,0.0
GERAL,GERAL,23884105885,[ALC - NAMORADOS 26 - GS],VIDEO,2026-06-05,87,78,1.1153846153846154,0.265308,0,0.0
GERAL,GERAL,23884115719,[ALC - NAMORADOS 26 - NR],VIDEO,2026-06-01,19470,15370,1.2667534157449578,65.454196,33,22.0
GERAL,GERAL,23884115719,[ALC - NAMORADOS 26 - NR],VIDEO,2026-06-02,12441,9750,1.276,42.799501,22,3.0
GERAL,GERAL,23884115719,[ALC - NAMORADOS 26 - NR],VIDEO,2026-06-04,80,69,1.1594202898550725,0.337378,0,0.0
GERAL,GERAL,23884115719,[ALC - NAMORADOS 26 - NR],VIDEO,2026-06-05,51,53,0.9622641509433962,0.233697,0,0.0
GERAL,GERAL,23884129587,[DEMAND GEN - NAMORADOS 26 - NR],DEMAND_GEN,2026-06-01,13147,8579,1.532462991024595,77.597221,478,5.168407
GERAL,GERAL,23884129587,[DEMAND GEN - NAMORADOS 26 - NR],DEMAND_GEN,2026-06-02,9278,6328,1.466182048040455,50.725251,338,5.677172
GERAL,GERAL,23884129587,[DEMAND GEN - NAMORADOS 26 - NR],DEMAND_GEN,2026-06-04,103,98,1.0510204081632653,0.912828,1,0.0
GERAL,GERAL,23884136367,[DEMAND GEN - NAMORADOS 26 - NK],DEMAND_GEN,2026-06-01,15706,8959,1.7530974439111509,76.693633,583,12.0
GERAL,GERAL,23884136367,[DEMAND GEN - NAMORADOS 26 - NK],DEMAND_GEN,2026-06-02,8411,5218,1.6119202759678037,46.17617,329,8.5
GERAL,GERAL,23893779085,[DEMAND GEN - NAMORADOS 26 - NS],DEMAND_GEN,2026-06-01,15145,8784,1.7241575591985427,76.787364,511,7.0
GERAL,GERAL,23893779085,[DEMAND GEN - NAMORADOS 26 - NS],DEMAND_GEN,2026-06-02,8776,5444,1.612049963262307,52.651841,300,5.0
GERAL,GERAL,23893779085,[DEMAND GEN - NAMORADOS 26 - NS],DEMAND_GEN,2026-06-04,134,138,0.9710144927536232,0.835394,5,0.0
