mes,plataforma,impressoes,cliques,custo,conversoes,receita,roas,cpa,ctr
2025-12,Google Ads,4601631,51236,26080.215912,137933.51538,239.0,0.009164034561923684,0.18907816450664872,1.1134313029445428
2025-12,Meta Ads,15751704,65109,27125.77,0.0,0.0,0.0,0.0,0.4133457561162906
2026-01,Google Ads,8708913,199401,45226.232493,172450.179668,307.0,0.006788095825747074,0.2622568012400408,2.289619841190284
2026-01,Meta Ads,26024940,53016,36941.21,0.0,0.0,0.0,0.0,0.20371228521564316
2026-02,Google Ads,5698247,130448,54234.594905,125969.678027,94.0,0.001733211065089636,0.430536901851694,2.289265453041962
2026-02,Meta Ads,27400225,49811,36671.07,0.0,0.0,0.0,0.0,0.18179047799789966
2026-03,Google Ads,392928,28621,4383.985127,7948.950732,0.0,0.0,0.5515174612105018,7.284031680104243
2026-03,Meta Ads,6567779,6874,8298.98,0.0,0.0,0.0,0.0,0.10466247417886625
