mes,plataforma,impressoes,cliques,custo,conversoes,receita,roas,cpa,ctr
2025-12,Google Ads,3645995,45778,20782.647552,118451.739894,208.0,0.010008349488657104,0.1754524464613011,1.2555694673196207
2026-01,Google Ads,8708913,199401,45226.232493,172502.179668,308.0,0.006810206887068726,0.2621777451162821,2.289619841190284
2026-02,Google Ads,5698247,130448,54234.594905,126549.654218,94.0,0.001733211065089636,0.4285637542049155,2.289265453041962
2026-02,Meta Ads,17862504,34756,24757.91,0.0,0.0,0.0,0.0,0.1945751838600008
2026-03,Google Ads,688068,38953,8242.128987,16757.974541,0.0,0.0,0.49183324433599285,5.661213717248876
2026-03,Meta Ads,11587767,12381,14930.189999999999,0.0,0.0,0.0,0.0,0.10684543450002058
