mes,plataforma,impressoes,cliques,custo,conversoes,receita,roas,cpa,ctr
2025-12,Google Ads,5528119,58440,31301.654605,159688.911815,273.0,0.00872158368127901,0.19601645630388567,1.0571407742850687
2025-12,Meta Ads,21256382,84681,36462.95,0.0,0.0,0.0,0.0,0.39837917854506
2026-01,Google Ads,8708913,199401,45226.232493,172373.179668,307.0,0.006788095825747074,0.262373952723435,2.289619841190284
2026-01,Meta Ads,30846577,62417,43990.3,0.0,0.0,0.0,0.0,0.2023466007265571
2026-02,Google Ads,5698247,130448,54234.594905,124901.809518,93.0,0.0017147726495035762,0.4342178477180835,2.289265453041962
2026-02,Meta Ads,29981795,51981,39824.65,0.0,0.0,0.0,0.0,0.17337520985651458
2026-03,Google Ads,222337,14047,2388.8639359999997,2627.819241,0.0,0.0,0.9090670692748762,6.31788681146188
2026-03,Meta Ads,4776274,5334,6132.08,0.0,0.0,0.0,0.0,0.11167701015477756
