mes,plataforma,impressoes,cliques,custo,conversoes,receita,roas,cpa,ctr
2025-12,Google Ads,3963500,47495,22623.48714,125663.221707,218.0,0.009636003444162234,0.18003268444564932,1.1983095748706951
2025-12,Meta Ads,14590116,61597,24995.03,0.0,0.0,0.0,0.0,0.42218307243067843
2026-01,Google Ads,8708913,199401,45226.232493,172480.179668,308.0,0.006810206887068726,0.26221118612036537,2.289619841190284
2026-01,Meta Ads,26024940,53016,36941.21,0.0,0.0,0.0,0.0,0.20371228521564316
2026-02,Google Ads,5698247,130448,54234.594905,126393.654218,94.0,0.001733211065089636,0.429092704381011,2.289265453041962
2026-02,Meta Ads,27400225,49811,36671.07,0.0,0.0,0.0,0.0,0.18179047799789966
2026-03,Google Ads,583070,35780,6713.73088,13660.974541,0.0,0.0,0.49145328979645014,6.136484470132231
2026-03,Meta Ads,8603280,9144,11049.460000000001,0.0,0.0,0.0,0.0,0.10628504477362122
