mes,plataforma,impressoes,cliques,custo,conversoes,receita,roas,cpa,ctr
2025-12,Google Ads,3645995,45778,20782.647552,118451.739894,208.0,0.010008349488657104,0.1754524464613011,1.2555694673196207
2026-01,Google Ads,8708913,199401,45226.232493,172495.179668,308.0,0.006810206887068726,0.2621883845104921,2.289619841190284
2026-02,Google Ads,5698247,130448,54234.594905,126492.654218,94.0,0.001733211065089636,0.42875687319779854,2.289265453041962
2026-02,Meta Ads,17862504,34756,24757.91,0.0,0.0,0.0,0.0,0.1945751838600008
2026-03,Google Ads,688086,38952,8241.720328,15687.974541,0.0,0.0,0.5253527347625748,5.6609202919402515
2026-03,Meta Ads,11587001,12381,14929.22,0.0,0.0,0.0,0.0,0.10685249789829138
