mes,plataforma,impressoes,cliques,custo,conversoes,receita,roas,cpa,ctr
2025-12,Google Ads,3963500,47495,22623.48714,125663.221707,218.0,0.009636003444162234,0.18003268444564932,1.1983095748706951
2025-12,Meta Ads,10134524,43510,17567.510000000002,0.0,0.0,0.0,0.0,0.4293245543648621
2026-01,Google Ads,8708913,199401,45226.232493,172480.179668,308.0,0.006810206887068726,0.26221118612036537,2.289619841190284
2026-01,Meta Ads,19004387,39358,28346.43,0.0,0.0,0.0,0.0,0.20709955022490337
2026-02,Google Ads,5698247,130448,54234.594905,126393.654218,94.0,0.001733211065089636,0.429092704381011,2.289265453041962
2026-02,Meta Ads,21693817,33243,28751.37,0.0,0.0,0.0,0.0,0.15323721039962676
2026-03,Google Ads,583068,35780,6713.740163,13660.434858,0.0,0.0,0.4914733852025372,6.1365055190818225
2026-03,Meta Ads,8539005,9021,10972.59,0.0,0.0,0.0,0.0,0.10564462721359222
