mes,plataforma,impressoes,cliques,custo,conversoes,receita,roas,cpa,ctr
2025-12,Google Ads,5528119,58440,31301.654605,159688.911815,273.0,0.00872158368127901,0.19601645630388567,1.0571407742850687
2026-01,Google Ads,8708913,199401,45226.232493,172372.179668,307.0,0.006788095825747074,0.2623754748597405,2.289619841190284
2026-02,Google Ads,5698247,130448,54234.594905,124901.809518,93.0,0.0017147726495035762,0.4342178477180835,2.289265453041962
2026-03,Google Ads,222337,14047,2388.870524,2627.819241,0.0,0.0,0.9090695762966292,6.31788681146188
