plataforma,tipo,segmento,impressoes,cliques,custo,conversoes,cpa,ctr
Meta Ads,faixa_etaria,18-24,94693,120,158.63,104.0,1.5252884615384614,0.12672531232509268
Meta Ads,faixa_etaria,25-34,103433,134,168.75,97.0,1.7396907216494846,0.12955246391383796
Meta Ads,faixa_etaria,35-44,67596,88,107.74,52.0,2.0719230769230768,0.13018521806024025
Meta Ads,faixa_etaria,45-54,57819,89,91.52,44.0,2.08,0.15392863937460005
Meta Ads,faixa_etaria,55-64,49413,93,77.67,59.0,1.3164406779661018,0.18820958047477385
Meta Ads,faixa_etaria,65+,28381,60,44.43,28.0,1.5867857142857142,0.21140904125999788
Meta Ads,faixa_etaria,Unknown,2,0,0.0,0.0,0.0,0.0
Meta Ads,faixa_etaria,18-24,9754,87,32.84,80.0,0.41050000000000003,0.8919417674800083
Meta Ads,faixa_etaria,25-34,19332,213,60.74,159.0,0.38201257861635224,1.101800124146493
Meta Ads,faixa_etaria,35-44,21174,223,57.92,159.0,0.36427672955974844,1.0531784263719657
Meta Ads,faixa_etaria,45-54,28462,330,84.59,222.0,0.38103603603603603,1.1594406577190641
Meta Ads,faixa_etaria,55-64,45875,552,148.25,372.0,0.39852150537634407,1.2032697547683924
Meta Ads,faixa_etaria,65+,62914,1172,280.88,738.0,0.3805962059620596,1.8628604126267605
Meta Ads,faixa_etaria,18-24,10637,8,16.18,5.0,3.2359999999999998,0.07520917551941336
Meta Ads,faixa_etaria,25-34,5905,4,9.0,1.0,9.0,0.06773920406435224
Meta Ads,faixa_etaria,35-44,3712,5,5.57,2.0,2.785,0.13469827586206898
Meta Ads,faixa_etaria,45-54,2816,7,3.91,0.0,0.0,0.24857954545454544
Meta Ads,faixa_etaria,55-64,2612,8,4.26,2.0,2.13,0.3062787136294028
Meta Ads,faixa_etaria,65+,1635,2,2.37,1.0,2.37,0.12232415902140673
Meta Ads,faixa_etaria,18-24,5623,4,8.2,3.0,2.733333333333333,0.07113640405477503
Meta Ads,faixa_etaria,25-34,4947,8,7.38,6.0,1.23,0.16171417020416412
Meta Ads,faixa_etaria,35-44,2444,2,3.57,1.0,3.57,0.08183306055646482
Meta Ads,faixa_etaria,45-54,1508,3,2.02,2.0,1.01,0.1989389920424403
Meta Ads,faixa_etaria,55-64,1051,0,1.68,0.0,0.0,0.0
Meta Ads,faixa_etaria,65+,568,0,0.63,0.0,0.0,0.0
Meta Ads,faixa_etaria,18-24,85885,131,141.45,110.0,1.285909090909091,0.1525295453222332
Meta Ads,faixa_etaria,25-34,74106,104,124.26,78.0,1.593076923076923,0.1403395136696084
Meta Ads,faixa_etaria,35-44,26790,29,43.01,20.0,2.1505,0.10824934677118327
Meta Ads,faixa_etaria,45-54,12681,8,20.36,4.0,5.09,0.06308650737323555
Meta Ads,faixa_etaria,55-64,8075,20,13.26,6.0,2.21,0.24767801857585142
Meta Ads,faixa_etaria,65+,4539,6,7.59,1.0,7.59,0.13218770654329146
Meta Ads,faixa_etaria,Unknown,2,0,0.0,0.0,0.0,0.0
Meta Ads,faixa_etaria,18-24,10781,11,17.6,7.0,2.5142857142857147,0.10203135145162787
Meta Ads,faixa_etaria,25-34,20966,26,35.52,22.0,1.6145454545454547,0.12401030239435278
Meta Ads,faixa_etaria,35-44,11720,16,19.5,11.0,1.7727272727272727,0.13651877133105803
Meta Ads,faixa_etaria,45-54,9509,13,15.35,11.0,1.3954545454545455,0.1367125880744558
Meta Ads,faixa_etaria,55-64,4641,5,7.46,2.0,3.73,0.10773540185304892
Meta Ads,faixa_etaria,65+,2809,3,4.44,1.0,4.44,0.10679957280170879
Meta Ads,faixa_etaria,Unknown,1,0,0.0,0.0,0.0,0.0
Meta Ads,faixa_etaria,18-24,32403,39,53.25,29.0,1.8362068965517242,0.12035922599759283
Meta Ads,faixa_etaria,25-34,34405,34,56.7,20.0,2.835,0.09882284551664003
Meta Ads,faixa_etaria,35-44,23601,30,38.49,13.0,2.960769230769231,0.12711325791280031
Meta Ads,faixa_etaria,45-54,21024,28,34.03,6.0,5.671666666666667,0.13318112633181126
Meta Ads,faixa_etaria,55-64,22756,35,37.23,6.0,6.204999999999999,0.1538055897345755
Meta Ads,faixa_etaria,65+,18397,38,30.28,7.0,4.325714285714286,0.20655541664401805
Meta Ads,faixa_etaria,Unknown,3,0,0.0,0.0,0.0,0.0
Meta Ads,faixa_etaria,18-24,17382,30,28.15,23.0,1.2239130434782608,0.17259233690024164
Meta Ads,faixa_etaria,25-34,22450,47,36.31,31.0,1.1712903225806452,0.20935412026726058
Meta Ads,faixa_etaria,35-44,18037,50,28.37,21.0,1.350952380952381,0.27720796141265175
Meta Ads,faixa_etaria,45-54,14970,43,23.4,19.0,1.2315789473684209,0.28724114896459585
Meta Ads,faixa_etaria,55-64,13488,44,20.84,25.0,0.8336,0.3262158956109134
Meta Ads,faixa_etaria,65+,8392,26,12.93,18.0,0.7183333333333333,0.3098188751191611
Meta Ads,faixa_etaria,18-24,22575,40,41.13,34.0,1.2097058823529412,0.17718715393134
Meta Ads,faixa_etaria,25-34,17770,24,31.95,16.0,1.996875,0.13505908835115363
Meta Ads,faixa_etaria,35-44,7106,3,13.1,2.0,6.55,0.042217844075429216
Meta Ads,faixa_etaria,45-54,3816,5,7.1,4.0,1.775,0.1310272536687631
Meta Ads,faixa_etaria,55-64,2435,2,4.52,0.0,0.0,0.08213552361396304
Meta Ads,faixa_etaria,65+,1334,1,2.13,1.0,2.13,0.07496251874062969
Meta Ads,faixa_etaria,Unknown,1,0,0.0,0.0,0.0,0.0
Meta Ads,faixa_etaria,18-24,18166,7,32.47,0.0,0.0,0.038533524166024444
Meta Ads,faixa_etaria,25-34,16403,7,28.18,0.0,0.0,0.042675120404804
Meta Ads,faixa_etaria,35-44,8171,4,13.88,0.0,0.0,0.04895361644841513
Meta Ads,faixa_etaria,45-54,5845,8,9.87,0.0,0.0,0.13686911890504705
Meta Ads,faixa_etaria,55-64,5583,5,9.21,2.0,4.605,0.08955758552749418
Meta Ads,faixa_etaria,65+,3770,6,6.32,1.0,6.32,0.15915119363395225
Meta Ads,faixa_etaria,18-24,56464,181,97.28,131.0,0.7425954198473282,0.3205582317937093
Meta Ads,faixa_etaria,25-34,85116,290,144.05,179.0,0.8047486033519554,0.34071149960054514
Meta Ads,faixa_etaria,35-44,55808,191,90.82,95.0,0.956,0.34224483944954126
Meta Ads,faixa_etaria,45-54,43917,135,70.01,62.0,1.129193548387097,0.30739804631463896
Meta Ads,faixa_etaria,55-64,37299,123,60.4,63.0,0.9587301587301587,0.329767554089922
Meta Ads,faixa_etaria,65+,23392,54,37.39,32.0,1.1684375,0.23084815321477428
Meta Ads,faixa_etaria,Unknown,2,0,0.0,0.0,0.0,0.0
Meta Ads,faixa_etaria,18-24,78739,91,125.09,66.0,1.8953030303030303,0.1155716989039739
Meta Ads,faixa_etaria,25-34,80078,83,125.76,59.0,2.1315254237288137,0.10364894228127575
Meta Ads,faixa_etaria,35-44,51196,52,76.66,31.0,2.4729032258064514,0.10157043519024925
Meta Ads,faixa_etaria,45-54,43973,70,65.03,46.0,1.413695652173913,0.15918859300025015
Meta Ads,faixa_etaria,55-64,43769,71,65.74,42.0,1.565238095238095,0.1622152665128287
Meta Ads,faixa_etaria,65+,27693,57,41.72,27.0,1.5451851851851852,0.2058281876286426
Meta Ads,faixa_etaria,Unknown,3,0,0.0,0.0,0.0,0.0
Meta Ads,faixa_etaria,18-24,217949,230,376.5,175.0,2.1514285714285712,0.10552927519740857
Meta Ads,faixa_etaria,25-34,196906,181,337.18,135.0,2.4976296296296296,0.09192203386387413
Meta Ads,faixa_etaria,35-44,76351,67,130.51,43.0,3.035116279069767,0.08775261620672944
Meta Ads,faixa_etaria,45-54,43326,50,76.25,20.0,3.8125,0.11540414531689977
Meta Ads,faixa_etaria,55-64,29998,44,50.53,13.0,3.886923076923077,0.14667644509633976
Meta Ads,faixa_etaria,65+,16403,32,29.03,5.0,5.806,0.19508626470767543
Meta Ads,faixa_etaria,Unknown,3,0,0.0,0.0,0.0,0.0
Meta Ads,faixa_etaria,18-24,59255,79,110.09,62.0,1.7756451612903226,0.13332208252468147
Meta Ads,faixa_etaria,25-34,68854,72,124.98,59.0,2.1183050847457627,0.1045690882156447
Meta Ads,faixa_etaria,35-44,28443,26,51.64,19.0,2.7178947368421054,0.09141089195935731
Meta Ads,faixa_etaria,45-54,16058,12,28.42,1.0,28.42,0.0747291069871715
Meta Ads,faixa_etaria,55-64,11714,14,21.56,3.0,7.1866666666666665,0.1195151101246372
Meta Ads,faixa_etaria,65+,7336,15,13.3,4.0,3.325,0.2044711014176663
Meta Ads,faixa_etaria,Unknown,2,0,0.01,0.0,0.0,0.0
Meta Ads,faixa_etaria,18-24,4139,24,16.86,7.0,2.4085714285714284,0.5798502053636144
Meta Ads,faixa_etaria,25-34,14292,117,59.52,37.0,1.6086486486486486,0.818639798488665
Meta Ads,faixa_etaria,35-44,14787,144,67.7,46.0,1.4717391304347827,0.9738283627510651
Meta Ads,faixa_etaria,45-54,10976,110,50.69,18.0,2.816111111111111,1.0021865889212829
Meta Ads,faixa_etaria,55-64,14254,240,67.45,36.0,1.8736111111111111,1.6837378981338573
Meta Ads,faixa_etaria,65+,15923,381,87.76,40.0,2.194,2.392765182440495
Meta Ads,faixa_etaria,Unknown,1,0,0.01,0.0,0.0,0.0
Meta Ads,faixa_etaria,18-24,1920,22,5.79,1.0,5.79,1.1458333333333333
Meta Ads,faixa_etaria,25-34,8734,200,24.4,29.0,0.8413793103448275,2.289901534234028
Meta Ads,faixa_etaria,35-44,9737,221,28.07,25.0,1.1228,2.2696929238985315
Meta Ads,faixa_etaria,45-54,8680,162,32.37,21.0,1.5414285714285714,1.8663594470046083
Meta Ads,faixa_etaria,55-64,10110,201,55.35,21.0,2.6357142857142857,1.9881305637982196
Meta Ads,faixa_etaria,65+,9670,239,56.64,32.0,1.77,2.4715615305067216
Meta Ads,faixa_etaria,18-24,18350,28,33.22,17.0,1.9541176470588235,0.15258855585831063
Meta Ads,faixa_etaria,25-34,22058,25,36.88,17.0,2.1694117647058824,0.11333756460241182
Meta Ads,faixa_etaria,35-44,7439,3,12.88,2.0,6.44,0.040328001075413365
Meta Ads,faixa_etaria,45-54,3620,1,6.26,1.0,6.26,0.027624309392265196
Meta Ads,faixa_etaria,55-64,2331,2,3.84,1.0,3.84,0.0858000858000858
Meta Ads,faixa_etaria,65+,1230,3,2.3,0.0,0.0,0.24390243902439024
Meta Ads,faixa_etaria,18-24,2042,33,25.16,11.0,2.287272727272727,1.6160626836434866
Meta Ads,faixa_etaria,25-34,4192,67,40.87,26.0,1.5719230769230768,1.5982824427480915
Meta Ads,faixa_etaria,35-44,3113,60,32.89,23.0,1.43,1.9274012206874396
Meta Ads,faixa_etaria,45-54,2724,67,31.95,8.0,3.99375,2.459618208516887
Meta Ads,faixa_etaria,55-64,2769,125,31.49,18.0,1.7494444444444444,4.5142650776453594
Meta Ads,faixa_etaria,65+,2856,197,37.56,20.0,1.8780000000000001,6.897759103641457
Meta Ads,faixa_etaria,18-24,392,5,1.69,4.0,0.4225,1.2755102040816326
Meta Ads,faixa_etaria,25-34,2433,51,14.2,46.0,0.30869565217391304,2.096177558569667
Meta Ads,faixa_etaria,35-44,2956,66,18.6,58.0,0.3206896551724138,2.2327469553450605
Meta Ads,faixa_etaria,45-54,2870,58,19.89,47.0,0.42319148936170214,2.0209059233449476
Meta Ads,faixa_etaria,55-64,4423,102,31.42,84.0,0.3740476190476191,2.3061270630793578
Meta Ads,faixa_etaria,65+,6657,242,62.6,156.0,0.4012820512820513,3.6352711431575786
Meta Ads,faixa_etaria,18-24,9202,19,19.46,14.0,1.3900000000000001,0.20647685285807432
Meta Ads,faixa_etaria,25-34,22486,28,49.29,19.0,2.5942105263157895,0.12452192475317975
Meta Ads,faixa_etaria,35-44,18987,26,41.31,14.0,2.950714285714286,0.13693579817770052
Meta Ads,faixa_etaria,45-54,16912,19,36.33,11.0,3.3027272727272727,0.11234626300851466
Meta Ads,faixa_etaria,55-64,15011,48,33.41,18.0,1.8561111111111108,0.3197655052961162
Meta Ads,faixa_etaria,65+,8778,21,19.6,11.0,1.781818181818182,0.23923444976076555
Meta Ads,faixa_etaria,18-24,15364,28,33.04,18.0,1.8355555555555556,0.18224420723769852
Meta Ads,faixa_etaria,25-34,26783,41,58.64,23.0,2.5495652173913044,0.15308217899413806
Meta Ads,faixa_etaria,35-44,14920,21,33.49,9.0,3.7211111111111115,0.14075067024128685
Meta Ads,faixa_etaria,45-54,12939,16,27.68,8.0,3.46,0.12365716052245149
Meta Ads,faixa_etaria,55-64,13243,36,27.33,19.0,1.4384210526315788,0.27184172770520276
Meta Ads,faixa_etaria,65+,9276,30,19.81,15.0,1.3206666666666667,0.3234152652005175
Meta Ads,faixa_etaria,18-24,489675,636,691.143768,511.0,1.3525318356164384,0.1298820646347067
Meta Ads,faixa_etaria,25-34,779814,1093,1123.103623,814.0,1.3797341805896806,0.1401616282857194
Meta Ads,faixa_etaria,35-44,380712,564,542.970097,330.0,1.6453639303030303,0.14814347853495555
Meta Ads,faixa_etaria,45-54,129600,244,175.376181,118.0,1.4862388220338982,0.1882716049382716
Meta Ads,faixa_etaria,55-64,36938,73,45.034155,30.0,1.5011385,0.1976284584980237
Meta Ads,faixa_etaria,65+,20232,60,23.572175,33.0,0.7143083333333333,0.29655990510083036
Meta Ads,faixa_etaria,Unknown,13,0,0.010001,0.0,0.0,0.0
Meta Ads,faixa_etaria,18-24,23630,305,146.975813,257.0,0.5718903229571984,1.290732120186204
Meta Ads,faixa_etaria,25-34,50803,829,303.202621,603.0,0.502823583747927,1.6317933980276755
Meta Ads,faixa_etaria,35-44,39494,728,233.645137,472.0,0.4950108834745763,1.8433179723502304
Meta Ads,faixa_etaria,45-54,44262,1034,276.79978,635.0,0.4359051653543307,2.336089648005061
Meta Ads,faixa_etaria,55-64,61850,1424,385.331457,911.0,0.4229763523600439,2.3023443815683104
Meta Ads,faixa_etaria,65+,77782,2315,698.885192,1570.0,0.44514980382165603,2.9762670026484277
Meta Ads,faixa_etaria,35-44,0,0,0.0,0.0,0.0,0.0
Meta Ads,faixa_etaria,18-24,12292,19,23.19,14.0,1.6564285714285716,0.15457207940123657
Meta Ads,faixa_etaria,25-34,48107,85,90.65,45.0,2.0144444444444445,0.17668946307190223
Meta Ads,faixa_etaria,35-44,39639,73,74.76,44.0,1.6990909090909092,0.1841620626151013
Meta Ads,faixa_etaria,45-54,35413,72,64.99,44.0,1.4770454545454543,0.20331516674667494
Meta Ads,faixa_etaria,55-64,32163,104,59.37,53.0,1.1201886792452829,0.323352921058359
Meta Ads,faixa_etaria,65+,19808,52,36.97,25.0,1.4788,0.26252019386106623
Meta Ads,faixa_etaria,18-24,285067,506,378.223919,380.0,0.9953261026315791,0.1775021310779571
Meta Ads,faixa_etaria,25-34,266265,443,354.712432,336.0,1.0556917619047619,0.16637560325239892
Meta Ads,faixa_etaria,35-44,96526,129,127.278049,99.0,1.2856368585858586,0.1336427491038684
Meta Ads,faixa_etaria,45-54,38865,48,51.87328,37.0,1.4019805405405406,0.12350443844075647
Meta Ads,faixa_etaria,55-64,18584,25,24.911575,17.0,1.4653867647058822,0.13452432199741712
Meta Ads,faixa_etaria,65+,8782,11,11.750743,7.0,1.6786775714285713,0.12525620587565475
Meta Ads,faixa_etaria,Unknown,6,0,0.020001,0.0,0.0,0.0
Meta Ads,faixa_etaria,18-24,218300,378,267.208401,294.0,0.908872112244898,0.17315620705451215
Meta Ads,faixa_etaria,25-34,227276,442,281.819954,319.0,0.883448131661442,0.1944771995283268
Meta Ads,faixa_etaria,35-44,120518,278,146.985623,198.0,0.7423516313131313,0.23067093712142586
Meta Ads,faixa_etaria,45-54,84682,223,103.701022,138.0,0.7514566811594202,0.2633381356132354
Meta Ads,faixa_etaria,55-64,71216,200,87.529303,110.0,0.7957209363636364,0.2808357672433161
Meta Ads,faixa_etaria,65+,43263,189,53.585696,88.0,0.6089283636363636,0.43686290825878926
Meta Ads,faixa_etaria,Unknown,3,0,0.0,0.0,0.0,0.0
Meta Ads,faixa_etaria,18-24,12566,721,31.351792,680.0,0.04610557647058824,5.737704918032787
Meta Ads,faixa_etaria,25-34,34562,1776,91.075205,1678.0,0.05427604588796186,5.138591516694635
Meta Ads,faixa_etaria,35-44,28459,1199,75.534317,1154.0,0.06545434748700174,4.213078463754876
Meta Ads,faixa_etaria,45-54,21059,974,59.31339,931.0,0.06370933404940923,4.62510090697564
Meta Ads,faixa_etaria,55-64,17352,860,52.232985,812.0,0.06432633620689655,4.956201014292301
Meta Ads,faixa_etaria,65+,11790,607,40.462312,569.0,0.07111126889279437,5.148430873621714
Meta Ads,faixa_etaria,18-24,100489,165,121.24,123.0,0.985691056910569,0.1641970762969081
Meta Ads,faixa_etaria,25-34,93215,120,115.5,96.0,1.203125,0.12873464571152712
Meta Ads,faixa_etaria,35-44,42833,50,52.87,36.0,1.468611111111111,0.11673242593327575
Meta Ads,faixa_etaria,45-54,23813,44,28.81,23.0,1.2526086956521738,0.18477302313862176
Meta Ads,faixa_etaria,55-64,16309,31,19.64,19.0,1.0336842105263158,0.1900790974308664
Meta Ads,faixa_etaria,65+,9832,27,11.92,14.0,0.8514285714285714,0.274613506916192
Meta Ads,faixa_etaria,Unknown,2,0,0.01,0.0,0.0,0.0
Meta Ads,faixa_etaria,18-24,125080,179,149.130879,136.0,1.0965505808823528,0.143108410617205
Meta Ads,faixa_etaria,25-34,129370,142,157.842099,97.0,1.6272381340206186,0.10976269614284609
Meta Ads,faixa_etaria,35-44,70538,90,84.681856,46.0,1.8409099130434783,0.12759080212084267
Meta Ads,faixa_etaria,45-54,44062,66,53.777529,15.0,3.5851686000000003,0.14978893377513505
Meta Ads,faixa_etaria,55-64,29332,76,35.204929,16.0,2.2003080625,0.25910268648574936
Meta Ads,faixa_etaria,65+,16801,63,19.332707,4.0,4.83317675,0.37497767990000597
Meta Ads,faixa_etaria,Unknown,2,0,0.010001,0.0,0.0,0.0
Meta Ads,faixa_etaria,25-34,167114,353,177.170124,236.0,0.7507208644067797,0.2112330504924782
Meta Ads,faixa_etaria,35-44,76943,156,80.894623,99.0,0.817117404040404,0.20274748840050427
Meta Ads,faixa_etaria,45-54,43130,103,46.572661,62.0,0.7511719516129032,0.23881289125898447
Meta Ads,faixa_etaria,55-64,28827,84,29.711698,44.0,0.6752658636363637,0.2913934852742221
Meta Ads,faixa_etaria,65+,15133,45,15.650894,26.0,0.6019574615384615,0.29736337804797464
Meta Ads,faixa_etaria,Unknown,2,0,0.0,0.0,0.0,0.0
Meta Ads,faixa_etaria,18-24,193402,237,154.95497,191.0,0.8112825654450262,0.12254268311599674
Meta Ads,faixa_etaria,25-34,312901,383,256.018212,251.0,1.019992876494024,0.12240293255694293
Meta Ads,faixa_etaria,35-44,154827,238,125.144014,96.0,1.3035834791666667,0.15371995840518773
Meta Ads,faixa_etaria,45-54,66630,142,53.371712,37.0,1.4424787027027028,0.21311721446795737
Meta Ads,faixa_etaria,55-64,28480,97,22.400719,12.0,1.8667265833333333,0.3405898876404494
Meta Ads,faixa_etaria,65+,14476,56,11.640373,7.0,1.6629104285714287,0.3868471953578337
Meta Ads,faixa_etaria,Unknown,3,0,0.0,0.0,0.0,0.0
Meta Ads,faixa_etaria,18-24,3409,56,12.350797,41.0,0.3012389512195122,1.642710472279261
Meta Ads,faixa_etaria,25-34,18250,350,77.805019,220.0,0.3536591772727273,1.9178082191780823
Meta Ads,faixa_etaria,35-44,26835,634,152.659848,433.0,0.35256315935334875,2.3625861747717534
Meta Ads,faixa_etaria,45-54,15685,539,118.147622,382.0,0.30928696858638743,3.4364042078418873
Meta Ads,faixa_etaria,55-64,5696,230,49.723208,161.0,0.30883980124223603,4.037921348314607
Meta Ads,faixa_etaria,65+,2857,181,54.363507,134.0,0.4056978134328358,6.335316765838292
Meta Ads,faixa_etaria,18-24,310674,452,340.696405,350.0,0.9734183000000001,0.14549012791543547
Meta Ads,faixa_etaria,25-34,326865,448,351.016296,309.0,1.135975067961165,0.1370596423599957
Meta Ads,faixa_etaria,35-44,130280,150,139.908524,107.0,1.3075562990654206,0.11513662879950874
Meta Ads,faixa_etaria,45-54,58923,65,65.059313,51.0,1.2756728039215688,0.11031345993924274
Meta Ads,faixa_etaria,55-64,29885,37,34.259638,21.0,1.6314113333333335,0.12380793039986615
Meta Ads,faixa_etaria,65+,14519,16,16.639824,8.0,2.079978,0.11020042702665474
Meta Ads,faixa_etaria,Unknown,2,0,0.01,0.0,0.0,0.0
Meta Ads,faixa_etaria,18-24,0,0,0.0,0.0,0.0,0.0
Meta Ads,faixa_etaria,25-34,0,0,0.0,0.0,0.0,0.0
Meta Ads,faixa_etaria,45-54,0,0,0.0,0.0,0.0,0.0
Meta Ads,faixa_etaria,55-64,0,0,0.0,0.0,0.0,0.0
Meta Ads,faixa_etaria,18-24,173543,264,210.462191,153.0,1.3755698758169934,0.1521236811625937
Meta Ads,faixa_etaria,25-34,245501,459,287.83932,226.0,1.2736253097345132,0.18696461521541663
Meta Ads,faixa_etaria,35-44,172811,393,198.502635,126.0,1.575417738095238,0.227416078837574
Meta Ads,faixa_etaria,45-54,141683,362,161.334014,99.0,1.629636505050505,0.2554999541229364
Meta Ads,faixa_etaria,55-64,123257,383,138.27487,97.0,1.4255141237113402,0.3107328589856966
Meta Ads,faixa_etaria,65+,73309,293,81.66697,111.0,0.7357384684684686,0.3996780749976128
Meta Ads,faixa_etaria,18-24,67448,123,73.534202,87.0,0.845220712643678,0.18236270904993476
Meta Ads,faixa_etaria,25-34,104336,212,114.896566,140.0,0.8206897571428572,0.20318969483208096
Meta Ads,faixa_etaria,35-44,56692,125,61.663524,81.0,0.7612780740740741,0.2204896634445777
Meta Ads,faixa_etaria,45-54,39461,92,43.072461,57.0,0.7556572105263157,0.2331415828286156
Meta Ads,faixa_etaria,55-64,32959,85,34.281959,55.0,0.6233083454545455,0.25789617403440634
Meta Ads,faixa_etaria,65+,20672,71,22.551289,49.0,0.46023038775510206,0.34345975232198145
Meta Ads,faixa_etaria,18-24,303813,383,462.10843,299.0,1.545513143812709,0.12606438829148192
Meta Ads,faixa_etaria,25-34,398162,463,613.451365,379.0,1.6186051846965699,0.1162843264801764
Meta Ads,faixa_etaria,35-44,158834,163,244.168603,138.0,1.7693377028985506,0.10262286412229119
Meta Ads,faixa_etaria,45-54,68331,56,105.515075,39.0,2.7055147435897435,0.08195401794207607
Meta Ads,faixa_etaria,55-64,31020,34,48.587732,23.0,2.112510086956522,0.1096067053513862
Meta Ads,faixa_etaria,65+,16477,9,25.788796,5.0,5.1577592,0.05462159373672392
Meta Ads,faixa_etaria,Unknown,13,0,0.019999,0.0,0.0,0.0
Meta Ads,faixa_etaria,18-24,165507,216,207.992947,153.0,1.3594310261437907,0.1305080751871522
Meta Ads,faixa_etaria,25-34,169460,180,211.262836,136.0,1.5534032058823528,0.1062197568747787
Meta Ads,faixa_etaria,35-44,66185,62,82.5772,46.0,1.7951565217391305,0.09367681498829039
Meta Ads,faixa_etaria,45-54,35149,34,43.768516,19.0,2.303606105263158,0.0967310592050983
Meta Ads,faixa_etaria,55-64,23666,33,29.858987,9.0,3.3176652222222223,0.13944054762105976
Meta Ads,faixa_etaria,65+,11527,18,14.319514,5.0,2.8639028,0.1561551140799861
Meta Ads,faixa_etaria,Unknown,1,0,0.0,0.0,0.0,0.0
Meta Ads,faixa_etaria,18-24,272212,297,302.094559,192.0,1.5734091614583334,0.10910613786313608
Meta Ads,faixa_etaria,25-34,156216,142,174.055342,95.0,1.832161494736842,0.09089977979208276
Meta Ads,faixa_etaria,35-44,46174,47,50.545743,26.0,1.9440670384615386,0.10178888551998962
Meta Ads,faixa_etaria,45-54,26184,36,28.657587,10.0,2.8657586999999998,0.13748854262144822
Meta Ads,faixa_etaria,55-64,22267,37,24.607928,5.0,4.9215856,0.16616517716800647
Meta Ads,faixa_etaria,65+,12931,23,13.748842,4.0,3.4372105,0.1778671409790426
Meta Ads,faixa_etaria,Unknown,3,0,0.0,0.0,0.0,0.0
Meta Ads,faixa_etaria,18-24,138944,134,146.975098,89.0,1.651405595505618,0.09644173192077383
Meta Ads,faixa_etaria,25-34,73306,59,77.467416,39.0,1.986344,0.08048454423921643
Meta Ads,faixa_etaria,35-44,28333,27,28.909036,9.0,3.2121151111111113,0.09529523876751492
Meta Ads,faixa_etaria,45-54,18951,18,19.79934,5.0,3.959868,0.09498179515592844
Meta Ads,faixa_etaria,55-64,15703,17,16.609446,1.0,16.609446,0.10825956823536904
Meta Ads,faixa_etaria,65+,9176,10,10.069664,1.0,10.069664,0.1089799476896251
Meta Ads,faixa_etaria,18-24,26717,23,32.82,17.0,1.9305882352941177,0.08608750982520492
Meta Ads,faixa_etaria,25-34,62578,74,77.77,52.0,1.495576923076923,0.11825242097861868
Meta Ads,faixa_etaria,35-44,50529,43,62.29,26.0,2.395769230769231,0.0850996457479863
Meta Ads,faixa_etaria,45-54,42154,54,53.82,33.0,1.6309090909090909,0.1281017222564881
Meta Ads,faixa_etaria,55-64,35686,58,44.94,31.0,1.4496774193548387,0.16252872274841673
Meta Ads,faixa_etaria,65+,20910,36,25.93,15.0,1.7286666666666666,0.1721664275466284
Meta Ads,faixa_etaria,18-24,176994,223,200.325993,155.0,1.2924257612903227,0.12599297151315864
Meta Ads,faixa_etaria,25-34,122529,179,138.127237,95.0,1.4539709157894738,0.1460878649136123
Meta Ads,faixa_etaria,35-44,48912,91,54.948901,23.0,2.389082652173913,0.1860484134772653
Meta Ads,faixa_etaria,45-54,36854,91,40.349193,8.0,5.043649125,0.246920280023878
Meta Ads,faixa_etaria,55-64,37104,133,40.369193,13.0,3.1053225384615386,0.3584519189305735
Meta Ads,faixa_etaria,65+,23158,97,25.879482,7.0,3.697068857142857,0.41886173244667074
Meta Ads,faixa_etaria,Unknown,3,0,0.0,0.0,0.0,0.0
Meta Ads,faixa_etaria,18-24,88651,162,111.803292,70.0,1.5971898857142857,0.18273905539700624
Meta Ads,faixa_etaria,25-34,121841,431,150.590965,78.0,1.9306533974358975,0.3537397099498527
Meta Ads,faixa_etaria,35-44,73057,499,87.084775,26.0,3.3494144230769227,0.6830283203526014
Meta Ads,faixa_etaria,45-54,53721,394,65.49607,15.0,4.366404666666667,0.7334189609277564
Meta Ads,faixa_etaria,55-64,44569,369,54.096754,15.0,3.6064502666666667,0.82792972694025
Meta Ads,faixa_etaria,65+,25210,218,30.928144,11.0,2.8116494545454547,0.864736215787386
Meta Ads,faixa_etaria,18-24,88306,111,109.376875,98.0,1.1160905612244898,0.1256992729825833
Meta Ads,faixa_etaria,25-34,87550,85,107.246936,66.0,1.624953575757576,0.0970873786407767
Meta Ads,faixa_etaria,35-44,43484,50,51.148539,37.0,1.3823929459459459,0.11498482200349552
Meta Ads,faixa_etaria,45-54,29528,24,34.199023,17.0,2.0117072352941174,0.0812787862367922
Meta Ads,faixa_etaria,55-64,26308,40,29.249164,24.0,1.2187151666666667,0.1520450053215752
Meta Ads,faixa_etaria,65+,16968,35,18.779463,24.0,0.782477625,0.20627062706270624
Meta Ads,faixa_etaria,Unknown,2,0,0.0,0.0,0.0,0.0
Meta Ads,faixa_etaria,18-24,108859,122,140.294388,99.0,1.4171150303030302,0.11207157883133229
Meta Ads,faixa_etaria,25-34,131362,136,165.473381,113.0,1.4643662035398228,0.10353070142050214
Meta Ads,faixa_etaria,35-44,72226,74,88.126475,63.0,1.3988329365079364,0.10245617921524106
Meta Ads,faixa_etaria,45-54,45541,60,54.067837,51.0,1.0601536666666667,0.13174941261720208
Meta Ads,faixa_etaria,55-64,27884,46,32.418703,40.0,0.810467575,0.1649691579400373
Meta Ads,faixa_etaria,65+,16542,29,19.619215,26.0,0.7545851923076923,0.17531132873896746
Meta Ads,faixa_etaria,18-24,89173,120,107.59,83.0,1.296265060240964,0.13456988101779688
Meta Ads,faixa_etaria,25-34,95341,131,113.11,84.0,1.346547619047619,0.1374015376385815
Meta Ads,faixa_etaria,35-44,41330,43,49.97,27.0,1.8507407407407408,0.10404064843939029
Meta Ads,faixa_etaria,45-54,20158,21,24.22,15.0,1.6146666666666667,0.10417700168667526
Meta Ads,faixa_etaria,55-64,10575,11,12.62,7.0,1.8028571428571427,0.10401891252955082
Meta Ads,faixa_etaria,65+,5276,6,6.35,3.0,2.1166666666666667,0.11372251705837756
Meta Ads,faixa_etaria,Unknown,2,0,0.0,0.0,0.0,0.0
Meta Ads,faixa_etaria,18-24,94900,139,105.89,77.0,1.3751948051948053,0.14646996838777662
Meta Ads,faixa_etaria,25-34,115610,247,127.58,75.0,1.7010666666666667,0.21364933829253527
Meta Ads,faixa_etaria,35-44,73620,215,78.51,36.0,2.1808333333333336,0.29204020646563433
Meta Ads,faixa_etaria,45-54,58127,230,61.12,44.0,1.389090909090909,0.39568530975278265
Meta Ads,faixa_etaria,55-64,50649,234,52.97,31.0,1.7087096774193549,0.4620031984836818
Meta Ads,faixa_etaria,65+,30916,164,31.63,34.0,0.9302941176470588,0.5304696597231208
Meta Ads,faixa_etaria,Unknown,5,0,0.0,0.0,0.0,0.0
Meta Ads,faixa_etaria,18-24,115264,133,134.06,99.0,1.354141414141414,0.11538728484175459
Meta Ads,faixa_etaria,25-34,107837,125,125.55,88.0,1.4267045454545455,0.11591568756549238
Meta Ads,faixa_etaria,35-44,41017,39,47.75,31.0,1.5403225806451613,0.09508252675719824
Meta Ads,faixa_etaria,45-54,21712,19,25.1,6.0,4.183333333333334,0.08750921149594694
Meta Ads,faixa_etaria,55-64,14953,13,16.76,4.0,4.19,0.08693907577074834
Meta Ads,faixa_etaria,65+,8345,15,9.81,3.0,3.27,0.17974835230677053
Meta Ads,faixa_etaria,Unknown,6,0,0.01,0.0,0.0,0.0
Meta Ads,faixa_etaria,18-24,149820,145,151.0,93.0,1.6236559139784945,0.09678280603390736
Meta Ads,faixa_etaria,25-34,106520,107,109.08,69.0,1.5808695652173912,0.10045061960195269
Meta Ads,faixa_etaria,35-44,38525,56,37.57,27.0,1.3914814814814815,0.14536015574302402
Meta Ads,faixa_etaria,45-54,23773,30,23.59,8.0,2.94875,0.12619358095318217
Meta Ads,faixa_etaria,55-64,20783,49,20.72,8.0,2.59,0.23576961940047153
Meta Ads,faixa_etaria,65+,12537,32,12.69,5.0,2.538,0.25524447635000397
Meta Ads,faixa_etaria,Unknown,4,0,0.01,0.0,0.0,0.0
Meta Ads,faixa_etaria,18-24,19241,22,22.65,17.0,1.3323529411764705,0.11433917156072969
Meta Ads,faixa_etaria,25-34,39959,43,47.83,30.0,1.5943333333333334,0.10761030055807203
Meta Ads,faixa_etaria,35-44,34208,33,39.14,22.0,1.779090909090909,0.09646866230121609
Meta Ads,faixa_etaria,45-54,31357,39,36.28,14.0,2.5914285714285716,0.12437414293459195
Meta Ads,faixa_etaria,55-64,27264,25,31.49,7.0,4.498571428571428,0.09169600938967136
Meta Ads,faixa_etaria,65+,15526,26,18.31,8.0,2.28875,0.16746103310575808
Meta Ads,faixa_etaria,18-24,51280,85,62.18,49.0,1.2689795918367346,0.16575663026521062
Meta Ads,faixa_etaria,25-34,61771,104,72.13,79.0,0.9130379746835442,0.1683637953084781
Meta Ads,faixa_etaria,35-44,27098,63,31.25,21.0,1.4880952380952381,0.23248948261864344
Meta Ads,faixa_etaria,45-54,15213,35,17.1,10.0,1.7100000000000002,0.230066390586998
Meta Ads,faixa_etaria,55-64,9940,28,11.59,4.0,2.8975,0.28169014084507044
Meta Ads,faixa_etaria,65+,4623,27,5.29,2.0,2.645,0.5840363400389358
Meta Ads,faixa_etaria,Unknown,6,0,0.01,0.0,0.0,0.0
Meta Ads,faixa_etaria,18-24,38445,85,48.21,66.0,0.7304545454545455,0.22109507088047858
Meta Ads,faixa_etaria,25-34,52866,113,67.26,72.0,0.9341666666666667,0.21374796655695533
Meta Ads,faixa_etaria,35-44,31695,53,41.12,33.0,1.246060606060606,0.16721880422779617
Meta Ads,faixa_etaria,45-54,24743,34,31.77,19.0,1.6721052631578948,0.137412601543871
Meta Ads,faixa_etaria,55-64,20553,37,26.48,20.0,1.324,0.18002238116090108
Meta Ads,faixa_etaria,65+,11976,34,15.28,15.0,1.0186666666666666,0.28390113560454244
Meta Ads,faixa_etaria,Unknown,1,0,0.0,0.0,0.0,0.0
Meta Ads,faixa_etaria,18-24,37938,52,48.14,44.0,1.094090909090909,0.13706573883704992
Meta Ads,faixa_etaria,25-34,41024,69,50.78,51.0,0.995686274509804,0.16819422776911075
Meta Ads,faixa_etaria,35-44,21944,41,26.07,26.0,1.0026923076923078,0.1868392271235873
Meta Ads,faixa_etaria,45-54,16352,39,18.63,24.0,0.77625,0.23850293542074363
Meta Ads,faixa_etaria,55-64,14612,57,16.29,38.0,0.4286842105263158,0.3900903367095538
Meta Ads,faixa_etaria,65+,10486,39,12.1,29.0,0.41724137931034483,0.3719244707228686
Meta Ads,faixa_etaria,18-24,189072,222,228.25,151.0,1.5115894039735098,0.11741558771261741
Meta Ads,faixa_etaria,25-34,195334,234,233.74,159.0,1.470062893081761,0.11979481298698638
Meta Ads,faixa_etaria,35-44,82988,94,100.26,58.0,1.7286206896551726,0.11326938834530294
Meta Ads,faixa_etaria,45-54,39458,44,46.38,28.0,1.6564285714285716,0.11151097369354757
Meta Ads,faixa_etaria,55-64,21327,26,25.38,15.0,1.692,0.12191119238523936
Meta Ads,faixa_etaria,65+,10839,15,13.13,7.0,1.875714285714286,0.1383891502906172
Meta Ads,faixa_etaria,Unknown,18,0,0.0,0.0,0.0,0.0
Meta Ads,faixa_etaria,18-24,78305,144,91.54,73.0,1.2539726027397262,0.18389630291807674
Meta Ads,faixa_etaria,25-34,105249,265,123.32,74.0,1.6664864864864863,0.25178386492983307
Meta Ads,faixa_etaria,35-44,73944,278,85.53,35.0,2.443714285714286,0.37596018608676834
Meta Ads,faixa_etaria,45-54,60781,258,68.0,34.0,2.0,0.4244747536236653
Meta Ads,faixa_etaria,55-64,53270,306,60.19,42.0,1.433095238095238,0.5744321381640698
Meta Ads,faixa_etaria,65+,32417,196,35.62,22.0,1.619090909090909,0.6046210321744764
Meta Ads,faixa_etaria,Unknown,4,0,0.02,0.0,0.0,0.0
Meta Ads,faixa_etaria,18-24,15977,25,18.75,19.0,0.9868421052631579,0.15647493271577895
Meta Ads,faixa_etaria,25-34,15352,11,18.12,10.0,1.812,0.07165190203230849
Meta Ads,faixa_etaria,35-44,5862,5,7.28,2.0,3.64,0.08529512111907199
Meta Ads,faixa_etaria,45-54,3039,7,3.48,4.0,0.87,0.23033892727871008
Meta Ads,faixa_etaria,55-64,2020,0,2.28,0.0,0.0,0.0
Meta Ads,faixa_etaria,65+,1053,4,1.14,0.0,0.0,0.3798670465337132
Meta Ads,faixa_etaria,18-24,18357,25,18.47,15.0,1.2313333333333332,0.13618783025548836
Meta Ads,faixa_etaria,25-34,15223,24,16.13,16.0,1.008125,0.1576561781514813
Meta Ads,faixa_etaria,35-44,6213,8,6.45,3.0,2.15,0.12876227265411236
Meta Ads,faixa_etaria,45-54,4252,7,4.41,2.0,2.205,0.16462841015992474
Meta Ads,faixa_etaria,55-64,3700,13,3.84,0.0,0.0,0.35135135135135137
Meta Ads,faixa_etaria,65+,1971,9,2.09,1.0,2.09,0.45662100456621
Meta Ads,faixa_etaria,Unknown,1,0,0.0,0.0,0.0,0.0
Meta Ads,faixa_etaria,18-24,546,0,0.83,0.0,0.0,0.0
Meta Ads,faixa_etaria,25-34,1269,0,1.57,0.0,0.0,0.0
Meta Ads,faixa_etaria,35-44,1155,1,1.41,1.0,1.41,0.08658008658008658
Meta Ads,faixa_etaria,45-54,1010,0,1.29,0.0,0.0,0.0
Meta Ads,faixa_etaria,55-64,752,1,0.94,1.0,0.94,0.13297872340425532
Meta Ads,faixa_etaria,65+,419,0,0.37,0.0,0.0,0.0
Meta Ads,faixa_etaria,18-24,78240,104,93.99,80.0,1.174875,0.13292433537832313
Meta Ads,faixa_etaria,25-34,80516,126,94.09,96.0,0.9801041666666667,0.1564906354016593
Meta Ads,faixa_etaria,35-44,38824,67,45.95,39.0,1.1782051282051282,0.1725736657737482
Meta Ads,faixa_etaria,45-54,25461,31,28.86,14.0,2.0614285714285714,0.12175484073681316
Meta Ads,faixa_etaria,55-64,20697,40,23.31,22.0,1.0595454545454546,0.19326472435618688
Meta Ads,faixa_etaria,65+,12826,31,14.24,16.0,0.89,0.24169655387494154
Meta Ads,faixa_etaria,Unknown,6,0,0.01,0.0,0.0,0.0
Meta Ads,faixa_etaria,18-24,50322,103,62.88,79.0,0.7959493670886076,0.20468184889312824
Meta Ads,faixa_etaria,25-34,62678,103,78.86,70.0,1.1265714285714286,0.1643319825138007
Meta Ads,faixa_etaria,35-44,39026,57,47.99,30.0,1.5996666666666668,0.1460564751703992
Meta Ads,faixa_etaria,45-54,28660,35,36.15,21.0,1.7214285714285713,0.12212142358688066
Meta Ads,faixa_etaria,55-64,21900,37,27.39,13.0,2.106923076923077,0.1689497716894977
Meta Ads,faixa_etaria,65+,12726,22,16.61,9.0,1.8455555555555554,0.17287443030017285
Meta Ads,faixa_etaria,Unknown,1,0,0.0,0.0,0.0,0.0
Meta Ads,faixa_etaria,18-24,6439,7,7.65,5.0,1.53,0.10871253300201895
Meta Ads,faixa_etaria,25-34,7501,10,9.27,8.0,1.15875,0.13331555792560992
Meta Ads,faixa_etaria,35-44,3997,4,4.3,1.0,4.3,0.10007505629221916
Meta Ads,faixa_etaria,45-54,2744,6,3.18,1.0,3.18,0.21865889212827988
Meta Ads,faixa_etaria,55-64,2018,3,2.11,2.0,1.055,0.14866204162537167
Meta Ads,faixa_etaria,65+,1312,3,1.4,0.0,0.0,0.22865853658536583
Meta Ads,faixa_etaria,Unknown,1,0,0.0,0.0,0.0,0.0
Meta Ads,faixa_etaria,18-24,201464,295,245.47,246.0,0.9978455284552845,0.1464281459714887
Meta Ads,faixa_etaria,25-34,271574,434,330.45,311.0,1.062540192926045,0.15980911280166732
Meta Ads,faixa_etaria,35-44,144776,243,171.75,168.0,1.0223214285714286,0.16784549925402
Meta Ads,faixa_etaria,45-54,98889,180,115.75,116.0,0.9978448275862069,0.18202226739071078
Meta Ads,faixa_etaria,55-64,75275,139,87.47,87.0,1.0054022988505746,0.18465626037861177
Meta Ads,faixa_etaria,65+,44354,128,49.06,76.0,0.6455263157894737,0.28858727510483834
Meta Ads,faixa_etaria,Unknown,22,0,0.04,0.0,0.0,0.0
Meta Ads,faixa_etaria,18-24,14508,97,47.04,30.0,1.568,0.6685966363385718
Meta Ads,faixa_etaria,25-34,41712,241,147.9,127.0,1.1645669291338583,0.57777138473341
Meta Ads,faixa_etaria,35-44,42616,230,163.01,147.0,1.1089115646258503,0.5397033977848695
Meta Ads,faixa_etaria,45-54,28423,158,114.98,106.0,1.0847169811320756,0.5558878373148507
Meta Ads,faixa_etaria,55-64,24715,178,100.37,77.0,1.3035064935064935,0.7202103985433946
Meta Ads,faixa_etaria,65+,26762,256,125.68,89.0,1.4121348314606743,0.9565802256931469
Meta Ads,faixa_etaria,Unknown,5,0,0.02,0.0,0.0,0.0
Meta Ads,faixa_etaria,18-24,77637,137,89.68,115.0,0.7798260869565218,0.17646225382227546
Meta Ads,faixa_etaria,25-34,104882,179,119.45,136.0,0.8783088235294118,0.17066798878739917
Meta Ads,faixa_etaria,35-44,51435,114,57.22,90.0,0.6357777777777778,0.2216389617964421
Meta Ads,faixa_etaria,45-54,22984,44,24.23,35.0,0.6922857142857143,0.19143752175426382
Meta Ads,faixa_etaria,55-64,5999,20,5.94,10.0,0.5940000000000001,0.3333888981496916
Meta Ads,faixa_etaria,65+,3680,17,3.48,8.0,0.435,0.46195652173913043
Meta Ads,faixa_etaria,Unknown,6,0,0.0,0.0,0.0,0.0
Meta Ads,faixa_etaria,18-24,29423,51,34.89,43.0,0.8113953488372093,0.17333378649355946
Meta Ads,faixa_etaria,25-34,44545,88,53.45,75.0,0.7126666666666667,0.197553036255472
Meta Ads,faixa_etaria,35-44,23158,44,27.33,33.0,0.8281818181818181,0.18999913636756197
Meta Ads,faixa_etaria,45-54,13845,23,15.99,15.0,1.066,0.16612495485734924
Meta Ads,faixa_etaria,55-64,9832,21,11.19,19.0,0.5889473684210526,0.21358828315703823
Meta Ads,faixa_etaria,65+,6633,18,7.1,14.0,0.5071428571428571,0.27137042062415195
Meta Ads,faixa_etaria,Unknown,2,0,0.01,0.0,0.0,0.0
Meta Ads,faixa_etaria,18-24,111659,146,130.72,103.0,1.269126213592233,0.13075524588255313
Meta Ads,faixa_etaria,25-34,161704,199,193.93,126.0,1.5391269841269841,0.12306436451788452
Meta Ads,faixa_etaria,35-44,71945,104,87.11,49.0,1.7777551020408162,0.14455486830217526
Meta Ads,faixa_etaria,45-54,40109,72,48.3,20.0,2.415,0.17951083298012915
Meta Ads,faixa_etaria,55-64,24287,57,28.62,13.0,2.2015384615384614,0.2346934574051962
Meta Ads,faixa_etaria,65+,9623,29,11.31,1.0,11.31,0.30136132183310815
Meta Ads,faixa_etaria,Unknown,10,0,0.01,0.0,0.0,0.0
Meta Ads,faixa_etaria,18-24,27369,37,32.18,31.0,1.0380645161290323,0.13518944791552487
Meta Ads,faixa_etaria,25-34,58163,84,72.98,63.0,1.1584126984126986,0.14442171139728005
Meta Ads,faixa_etaria,35-44,28128,53,33.8,39.0,0.8666666666666666,0.18842434584755405
Meta Ads,faixa_etaria,45-54,18111,26,21.28,18.0,1.1822222222222223,0.14355916293964993
Meta Ads,faixa_etaria,55-64,13631,28,15.1,21.0,0.719047619047619,0.20541412955762597
Meta Ads,faixa_etaria,65+,9560,17,10.3,10.0,1.03,0.17782426778242677
Meta Ads,faixa_etaria,Unknown,7,0,0.03,0.0,0.0,0.0
Meta Ads,faixa_etaria,18-24,5997,53,14.74,50.0,0.2948,0.8837752209438052
Meta Ads,faixa_etaria,25-34,43082,809,148.74,717.0,0.2074476987447699,1.8778144004456618
Meta Ads,faixa_etaria,35-44,22666,491,97.81,420.0,0.23288095238095238,2.1662401835348097
Meta Ads,faixa_etaria,45-54,21880,635,114.3,479.0,0.2386221294363257,2.902193784277879
Meta Ads,faixa_etaria,55-64,34816,1213,207.54,840.0,0.24707142857142855,3.4840303308823533
Meta Ads,faixa_etaria,65+,50532,2662,400.84,1750.0,0.22905142857142854,5.2679490224016465
Meta Ads,faixa_etaria,Unknown,2,0,0.02,0.0,0.0,0.0
Meta Ads,faixa_etaria,18-24,123925,144,158.132925,107.0,1.4778778037383178,0.11619931410127093
Meta Ads,faixa_etaria,25-34,128638,179,162.463005,132.0,1.230780340909091,0.13915017335468524
Meta Ads,faixa_etaria,35-44,67455,108,82.591527,67.0,1.2327093582089552,0.1601067378252168
Meta Ads,faixa_etaria,45-54,49476,85,56.481045,54.0,1.0459452777777778,0.17180046891422102
Meta Ads,faixa_etaria,55-64,41714,93,46.890867,50.0,0.93781734,0.22294673251186653
Meta Ads,faixa_etaria,65+,32370,95,34.130631,47.0,0.7261836382978724,0.2934816187828236
Meta Ads,faixa_etaria,Unknown,26,0,0.02,0.0,0.0,0.0
Meta Ads,faixa_etaria,18-24,72466,117,92.887346,82.0,1.132772512195122,0.1614550271851627
Meta Ads,faixa_etaria,25-34,79813,117,103.347047,84.0,1.230321988095238,0.14659266034355306
Meta Ads,faixa_etaria,35-44,44025,79,54.578441,57.0,0.9575165087719298,0.1794434980124929
Meta Ads,faixa_etaria,45-54,33977,64,41.688809,38.0,1.0970739210526315,0.18836271595491066
Meta Ads,faixa_etaria,55-64,29414,64,35.718979,32.0,1.11621809375,0.2175834636567621
Meta Ads,faixa_etaria,65+,18038,39,21.749379,22.0,0.9886081363636364,0.2162102228628451
Meta Ads,faixa_etaria,Unknown,16,0,0.029999,0.0,0.0,0.0
Meta Ads,faixa_etaria,18-24,70343,145,93.14,106.0,0.8786792452830189,0.20613280639153858
Meta Ads,faixa_etaria,25-34,88596,200,118.37,121.0,0.9782644628099174,0.2257438259063615
Meta Ads,faixa_etaria,35-44,45556,94,61.1,49.0,1.2469387755102042,0.20633945034682588
Meta Ads,faixa_etaria,45-54,29754,52,39.17,24.0,1.6320833333333333,0.17476641796061032
Meta Ads,faixa_etaria,55-64,19485,29,26.29,8.0,3.28625,0.14883243520656916
Meta Ads,faixa_etaria,65+,8999,17,11.64,9.0,1.2933333333333334,0.18890987887543062
Meta Ads,faixa_etaria,Unknown,21,0,0.02,0.0,0.0,0.0
Meta Ads,faixa_etaria,18-24,118451,145,160.676786,118.0,1.3616676779661017,0.12241348743362235
Meta Ads,faixa_etaria,25-34,135545,138,184.396312,104.0,1.7730414615384615,0.10181120661035081
Meta Ads,faixa_etaria,35-44,55597,55,77.338453,35.0,2.209670085714286,0.0989262010540137
Meta Ads,faixa_etaria,45-54,29226,32,39.969201,16.0,2.4980750625,0.1094915486210908
Meta Ads,faixa_etaria,55-64,17422,34,23.959521,9.0,2.662169,0.19515555045344968
Meta Ads,faixa_etaria,65+,9282,18,13.569729,5.0,2.7139458000000003,0.19392372333548805
Meta Ads,faixa_etaria,Unknown,35,0,0.039999,0.0,0.0,0.0
Meta Ads,faixa_etaria,18-24,82748,169,124.935002,132.0,0.9464772878787878,0.2042345434330739
Meta Ads,faixa_etaria,25-34,110586,265,164.953401,187.0,0.8821037486631017,0.23963250321017127
Meta Ads,faixa_etaria,35-44,59332,153,88.326467,106.0,0.8332685566037735,0.25787096339243576
Meta Ads,faixa_etaria,45-54,38381,72,56.477741,50.0,1.12955482,0.1875928193637477
Meta Ads,faixa_etaria,55-64,27506,63,39.028439,43.0,0.9076381162790698,0.22904093652294047
Meta Ads,faixa_etaria,65+,18318,48,26.218951,30.0,0.8739650333333333,0.26203734032099574
Meta Ads,faixa_etaria,Unknown,33,1,0.029999,1.0,0.029999,3.0303030303030303
Meta Ads,faixa_etaria,18-24,86627,137,117.4853,111.0,1.058426126126126,0.15814930679811146
Meta Ads,faixa_etaria,25-34,123998,198,165.73337,143.0,1.1589746153846154,0.15967999483862644
Meta Ads,faixa_etaria,35-44,64503,113,83.256669,89.0,0.935468191011236,0.17518565027983193
Meta Ads,faixa_etaria,45-54,44327,84,57.957682,62.0,0.9348013225806452,0.1895007557470616
Meta Ads,faixa_etaria,55-64,36714,60,47.25811,39.0,1.2117464102564104,0.16342539630658603
Meta Ads,faixa_etaria,65+,22244,59,28.23887,39.0,0.7240735897435897,0.2652400647365582
Meta Ads,faixa_etaria,Unknown,24,0,0.029999,0.0,0.0,0.0
Meta Ads,faixa_etaria,18-24,20075,47,32.9,33.0,0.996969696969697,0.23412204234122044
Meta Ads,faixa_etaria,25-34,57784,124,94.88,85.0,1.116235294117647,0.2145922746781116
Meta Ads,faixa_etaria,35-44,26852,80,45.03,47.0,0.9580851063829787,0.29792939073439595
Meta Ads,faixa_etaria,45-54,11149,18,18.16,8.0,2.27,0.161449457350435
Meta Ads,faixa_etaria,55-64,3437,11,5.8,3.0,1.9333333333333333,0.3200465522257783
Meta Ads,faixa_etaria,65+,1963,5,3.23,0.0,0.0,0.2547121752419766
Meta Ads,faixa_etaria,Unknown,3,0,0.0,0.0,0.0,0.0
Meta Ads,faixa_etaria,18-24,106209,186,194.182718,143.0,1.3579211048951048,0.1751264017173686
Meta Ads,faixa_etaria,25-34,161259,279,296.308888,217.0,1.365478746543779,0.1730135992409726
Meta Ads,faixa_etaria,35-44,78479,135,143.774608,99.0,1.4522687676767676,0.17202054052676513
Meta Ads,faixa_etaria,45-54,44242,94,78.287064,65.0,1.2044163692307692,0.21246779078703493
Meta Ads,faixa_etaria,55-64,29889,69,50.498106,40.0,1.26245265,0.2308541603934558
Meta Ads,faixa_etaria,65+,22207,73,36.768621,48.0,0.7660129375000001,0.32872517674607105
Meta Ads,faixa_etaria,Unknown,103,1,0.159994,1.0,0.159994,0.9708737864077669
Meta Ads,faixa_etaria,18-24,863,21,3.779798,19.0,0.19893673684210525,2.4333719582850524
Meta Ads,faixa_etaria,25-34,4085,80,15.849151,75.0,0.21132201333333334,1.9583843329253363
Meta Ads,faixa_etaria,35-44,4583,91,17.949039,85.0,0.21116516470588234,1.985598952651102
Meta Ads,faixa_etaria,45-54,4920,96,17.589058,92.0,0.19118541304347828,1.951219512195122
Meta Ads,faixa_etaria,55-64,12982,261,48.447406,242.0,0.20019589256198347,2.0104760437528886
Meta Ads,faixa_etaria,65+,18650,417,83.145548,368.0,0.2259389891304348,2.2359249329758715
Meta Ads,faixa_etaria,18-24,131935,170,160.01,126.0,1.269920634920635,0.12885132830560503
Meta Ads,faixa_etaria,25-34,151516,213,185.99,164.0,1.1340853658536585,0.14057921275640858
Meta Ads,faixa_etaria,35-44,83345,108,98.93,80.0,1.236625,0.12958185853980442
Meta Ads,faixa_etaria,45-54,64418,112,74.51,75.0,0.9934666666666667,0.17386444782514204
Meta Ads,faixa_etaria,55-64,57032,99,64.54,68.0,0.9491176470588236,0.17358675831112358
Meta Ads,faixa_etaria,65+,42203,104,47.4,55.0,0.8618181818181818,0.2464279790536218
Meta Ads,faixa_etaria,Unknown,21,0,0.03,0.0,0.0,0.0
Meta Ads,faixa_etaria,18-24,37132,35,47.52,31.0,1.5329032258064517,0.09425832166325541
Meta Ads,faixa_etaria,25-34,47175,36,60.92,34.0,1.791764705882353,0.07631160572337044
Meta Ads,faixa_etaria,35-44,26225,33,33.39,23.0,1.4517391304347826,0.12583412774070543
Meta Ads,faixa_etaria,45-54,19844,34,24.53,23.0,1.066521739130435,0.17133642410804273
Meta Ads,faixa_etaria,55-64,16521,32,19.2,19.0,1.0105263157894737,0.19369287573391442
Meta Ads,faixa_etaria,65+,12665,34,14.45,21.0,0.6880952380952381,0.2684563758389262
Meta Ads,faixa_etaria,Unknown,3,0,0.01,0.0,0.0,0.0
Meta Ads,faixa_etaria,18-24,7139,145,27.120268,135.0,0.20089087407407408,2.0310967922678245
Meta Ads,faixa_etaria,25-34,26916,592,107.631062,547.0,0.1967661096892139,2.199435280130777
Meta Ads,faixa_etaria,35-44,25010,555,105.831045,526.0,0.20119970532319392,2.2191123550579768
Meta Ads,faixa_etaria,45-54,25300,572,120.481189,543.0,0.22188064272559851,2.2608695652173916
Meta Ads,faixa_etaria,55-64,59563,1264,250.802475,1193.0,0.21022839480301758,2.1221227943521983
Meta Ads,faixa_etaria,65+,87640,2181,401.323961,1945.0,0.2063362267352185,2.488589685075308
Meta Ads,faixa_etaria,18-24,94477,1956,261.215424,1857.0,0.14066527948303714,2.070345163373096
Meta Ads,faixa_etaria,25-34,78521,1568,207.696362,1509.0,0.1376384108681246,1.996918021930439
Meta Ads,faixa_etaria,35-44,57306,1002,136.40761,984.0,0.1386256199186992,1.7485080096324994
Meta Ads,faixa_etaria,45-54,44654,725,91.788392,700.0,0.1311262742857143,1.6235947507502129
Meta Ads,faixa_etaria,55-64,68230,1264,152.41733,1192.0,0.1278668875838926,1.8525575260149494
Meta Ads,faixa_etaria,65+,91453,2301,292.144882,2110.0,0.13845729004739335,2.5160464938274307
Meta Ads,faixa_etaria,Unknown,5,0,0.01,0.0,0.0,0.0
Meta Ads,faixa_etaria,18-24,36540,102,42.722848,70.0,0.6103263999999999,0.2791461412151067
Meta Ads,faixa_etaria,25-34,42070,97,48.783252,69.0,0.707003652173913,0.23056810078440695
Meta Ads,faixa_etaria,35-44,20570,45,22.891526,35.0,0.6540436,0.21876519202722414
Meta Ads,faixa_etaria,45-54,14224,36,14.870991,25.0,0.59483964,0.2530933633295838
Meta Ads,faixa_etaria,55-64,11592,43,13.000867,32.0,0.40627709375,0.3709454796411318
Meta Ads,faixa_etaria,65+,7597,27,7.720515,18.0,0.4289175,0.35540344872976176
Meta Ads,faixa_etaria,Unknown,3,0,0.0,0.0,0.0,0.0
Meta Ads,faixa_etaria,18-24,117630,164,164.125896,130.0,1.2625068923076923,0.13942021593131004
Meta Ads,faixa_etaria,25-34,315066,419,452.468685,312.0,1.4502201442307692,0.13298800886163534
Meta Ads,faixa_etaria,35-44,228622,305,324.261891,232.0,1.3976805646551724,0.13340798348365426
Meta Ads,faixa_etaria,45-54,120701,156,162.485937,119.0,1.3654280420168068,0.12924499382772303
Meta Ads,faixa_etaria,55-64,49404,79,59.358516,68.0,0.8729193529411765,0.1599060804793134
Meta Ads,faixa_etaria,65+,33072,78,36.919077,62.0,0.5954689838709678,0.2358490566037736
Meta Ads,faixa_etaria,Unknown,20,0,0.039999,0.0,0.0,0.0
Meta Ads,faixa_etaria,18-24,5486,189,26.260526,176.0,0.1492075340909091,3.4451330659861465
Meta Ads,faixa_etaria,25-34,25486,585,93.261866,537.0,0.17367200372439479,2.2953778545083576
Meta Ads,faixa_etaria,35-44,26719,445,74.46149,432.0,0.17236456018518517,1.66548149257083
Meta Ads,faixa_etaria,45-54,30655,426,72.651454,416.0,0.17464291826923078,1.3896591094438102
Meta Ads,faixa_etaria,55-64,44153,603,95.031902,504.0,0.18855536111111112,1.3657056145675266
Meta Ads,faixa_etaria,65+,55467,914,138.002762,727.0,0.18982498211829435,1.6478266356572377
Meta Ads,faixa_etaria,18-24,269852,445,372.159033,339.0,1.0978142566371683,0.16490520729881566
Meta Ads,faixa_etaria,25-34,359990,551,499.175289,433.0,1.152829766743649,0.15305980721686713
Meta Ads,faixa_etaria,35-44,176424,243,238.772963,190.0,1.256699805263158,0.13773636239967352
Meta Ads,faixa_etaria,45-54,99425,161,125.336306,139.0,0.9017000431654676,0.16193110384712095
Meta Ads,faixa_etaria,55-64,64663,114,74.957791,100.0,0.74957791,0.176298656109367
Meta Ads,faixa_etaria,65+,41902,76,46.908618,64.0,0.73294715625,0.1813755906639301
Meta Ads,faixa_etaria,Unknown,16,0,0.01,0.0,0.0,0.0
Meta Ads,faixa_etaria,18-24,87713,109,122.66,75.0,1.6354666666666666,0.12426892250863612
Meta Ads,faixa_etaria,25-34,92549,126,128.08,101.0,1.2681188118811881,0.13614409664069843
Meta Ads,faixa_etaria,35-44,37286,49,51.16,45.0,1.1368888888888888,0.13141661749718395
Meta Ads,faixa_etaria,45-54,17937,17,25.86,15.0,1.724,0.09477616100797234
Meta Ads,faixa_etaria,55-64,10331,10,14.71,8.0,1.83875,0.09679605072113058
Meta Ads,faixa_etaria,65+,5198,4,7.41,3.0,2.47,0.07695267410542517
Meta Ads,faixa_etaria,Unknown,5,0,0.01,0.0,0.0,0.0
Meta Ads,faixa_etaria,18-24,162185,332,212.022651,272.0,0.7794950404411765,0.20470450411567037
Meta Ads,faixa_etaria,25-34,209218,473,272.103402,375.0,0.725609072,0.22607997399841312
Meta Ads,faixa_etaria,35-44,101854,225,131.581645,167.0,0.7879140419161678,0.22090443183380135
Meta Ads,faixa_etaria,45-54,65843,119,84.271054,89.0,0.946865775280899,0.1807329556672691
Meta Ads,faixa_etaria,55-64,49210,109,60.79076,75.0,0.8105434666666667,0.22149969518390572
Meta Ads,faixa_etaria,65+,31810,88,39.060488,54.0,0.7233423703703704,0.27664256523105946
Meta Ads,faixa_etaria,Unknown,6,0,0.01,0.0,0.0,0.0
Meta Ads,faixa_etaria,18-24,88194,139,144.77,110.0,1.3160909090909092,0.15760709345306936
Meta Ads,faixa_etaria,25-34,116348,250,188.31,181.0,1.0403867403314917,0.214872623508784
Meta Ads,faixa_etaria,35-44,50489,134,80.83,80.0,1.010375,0.2654043455010002
Meta Ads,faixa_etaria,45-54,27330,69,43.45,26.0,1.6711538461538462,0.2524698133918771
Meta Ads,faixa_etaria,55-64,16601,64,26.33,20.0,1.3165,0.385518944641889
Meta Ads,faixa_etaria,65+,10227,38,15.92,10.0,1.592,0.371565463967928
Meta Ads,faixa_etaria,Unknown,192,4,0.36,3.0,0.12,2.083333333333333
Meta Ads,faixa_etaria,18-24,31388,34,44.768783,26.0,1.7218762692307692,0.1083216515865936
Meta Ads,faixa_etaria,25-34,30449,22,43.689053,22.0,1.9858660454545456,0.07225196229761241
Meta Ads,faixa_etaria,35-44,11702,7,16.835782,5.0,3.3671564,0.05981883438728423
Meta Ads,faixa_etaria,45-54,5432,4,7.878026,2.0,3.939013,0.07363770250368189
Meta Ads,faixa_etaria,55-64,2982,3,4.338913,2.0,2.1694565,0.1006036217303823
Meta Ads,faixa_etaria,65+,1522,3,2.219444,3.0,0.7398146666666667,0.19710906701708278
Meta Ads,faixa_etaria,Unknown,1,0,0.0,0.0,0.0,0.0
Meta Ads,faixa_etaria,18-24,2978,53,14.198948,48.0,0.29581141666666666,1.7797179314976492
Meta Ads,faixa_etaria,25-34,4663,171,37.497221,161.0,0.2329019937888199,3.667167059832726
Meta Ads,faixa_etaria,35-44,2719,143,30.737722,139.0,0.22113469064748204,5.259286502390585
Meta Ads,faixa_etaria,45-54,1550,101,20.388489,96.0,0.21238009375,6.516129032258064
Meta Ads,faixa_etaria,55-64,1215,78,16.888748,72.0,0.23456594444444445,6.419753086419753
Meta Ads,faixa_etaria,65+,995,64,15.208873,65.0,0.23398266153846153,6.432160804020101
Meta Ads,faixa_etaria,18-24,26788,40,37.1,30.0,1.2366666666666668,0.1493205913095416
Meta Ads,faixa_etaria,25-34,34461,41,48.92,30.0,1.6306666666666667,0.11897507327123416
Meta Ads,faixa_etaria,35-44,19774,24,27.2,15.0,1.8133333333333332,0.12137149792657025
Meta Ads,faixa_etaria,45-54,15271,21,20.81,9.0,2.312222222222222,0.1375155523541353
Meta Ads,faixa_etaria,55-64,12762,22,17.91,13.0,1.3776923076923078,0.17238677323303556
Meta Ads,faixa_etaria,65+,9037,23,12.03,13.0,0.9253846153846154,0.2545092397919663
Meta Ads,faixa_etaria,Unknown,2,0,0.0,0.0,0.0,0.0
Meta Ads,faixa_etaria,25-34,0,0,0.0,0.0,0.0,0.0
Meta Ads,faixa_etaria,35-44,0,0,0.0,0.0,0.0,0.0
Meta Ads,faixa_etaria,55-64,0,0,0.0,0.0,0.0,0.0
Meta Ads,faixa_etaria,18-24,5378,76,11.33,74.0,0.1531081081081081,1.4131647452584604
Meta Ads,faixa_etaria,25-34,3867,65,8.87,63.0,0.14079365079365078,1.6808895784846134
Meta Ads,faixa_etaria,35-44,2744,47,6.39,47.0,0.13595744680851063,1.7128279883381923
Meta Ads,faixa_etaria,45-54,2270,34,4.71,34.0,0.13852941176470587,1.4977973568281937
Meta Ads,faixa_etaria,55-64,3723,66,9.3,59.0,0.1576271186440678,1.7727639000805804
Meta Ads,faixa_etaria,65+,4795,129,17.51,112.0,0.15633928571428574,2.6903023983315952
Meta Ads,faixa_etaria,18-24,76835,113,115.98,91.0,1.2745054945054946,0.14706839331034033
Meta Ads,faixa_etaria,25-34,119104,169,178.72,130.0,1.3747692307692307,0.14189279957012357
Meta Ads,faixa_etaria,35-44,64740,95,93.37,71.0,1.3150704225352112,0.1467408093914118
Meta Ads,faixa_etaria,45-54,38068,54,51.42,49.0,1.0493877551020407,0.14185142376799412
Meta Ads,faixa_etaria,55-64,26208,43,33.27,40.0,0.8317500000000001,0.16407203907203907
Meta Ads,faixa_etaria,65+,16737,20,21.16,16.0,1.3225,0.119495728027723
Meta Ads,faixa_etaria,Unknown,5,0,0.01,0.0,0.0,0.0
Meta Ads,faixa_etaria,18-24,76184,70,116.95,55.0,2.1263636363636365,0.0918828100388533
Meta Ads,faixa_etaria,25-34,81344,92,123.28,77.0,1.601038961038961,0.11309992132179386
Meta Ads,faixa_etaria,35-44,31681,27,47.97,21.0,2.2842857142857143,0.08522458255736877
Meta Ads,faixa_etaria,45-54,15021,13,22.15,12.0,1.8458333333333332,0.08654550296251914
Meta Ads,faixa_etaria,55-64,7662,3,11.88,4.0,2.97,0.03915426781519186
Meta Ads,faixa_etaria,65+,3921,4,6.28,4.0,1.57,0.102014792144861
Meta Ads,faixa_etaria,Unknown,6,0,0.01,0.0,0.0,0.0
Meta Ads,faixa_etaria,18-24,3169,89,15.02,82.0,0.18317073170731707,2.8084569264752286
Meta Ads,faixa_etaria,25-34,9989,469,69.13,447.0,0.1546532438478747,4.695164681149264
Meta Ads,faixa_etaria,35-44,8319,461,70.18,447.0,0.15700223713646533,5.541531434066595
Meta Ads,faixa_etaria,45-54,4517,267,41.61,256.0,0.1625390625,5.911002878016382
Meta Ads,faixa_etaria,55-64,3310,201,39.42,179.0,0.22022346368715084,6.072507552870091
Meta Ads,faixa_etaria,65+,2878,199,45.71,179.0,0.25536312849162013,6.914523974982627
Meta Ads,faixa_etaria,Unknown,1,0,0.0,0.0,0.0,0.0
Meta Ads,faixa_etaria,18-24,80687,91,115.41,75.0,1.5388,0.11278148896352572
Meta Ads,faixa_etaria,25-34,89937,86,129.0,74.0,1.7432432432432432,0.09562249129946518
Meta Ads,faixa_etaria,35-44,35151,30,51.49,26.0,1.9803846153846154,0.08534607834769992
Meta Ads,faixa_etaria,45-54,16274,19,23.2,12.0,1.9333333333333333,0.116750645200934
Meta Ads,faixa_etaria,55-64,8806,10,12.56,9.0,1.3955555555555557,0.11355893708834887
Meta Ads,faixa_etaria,65+,4687,6,6.95,4.0,1.7375,0.12801365478984425
Meta Ads,faixa_etaria,Unknown,5,0,0.0,0.0,0.0,0.0
Meta Ads,faixa_etaria,18-24,3265,23,9.69,0.0,0.0,0.7044410413476264
Meta Ads,faixa_etaria,25-34,4157,19,12.18,0.0,0.0,0.45706038008178973
Meta Ads,faixa_etaria,35-44,3792,32,11.16,0.0,0.0,0.8438818565400843
Meta Ads,faixa_etaria,45-54,2112,31,6.17,0.0,0.0,1.4678030303030303
Meta Ads,faixa_etaria,55-64,984,17,2.88,0.0,0.0,1.7276422764227644
Meta Ads,faixa_etaria,65+,646,10,2.22,0.0,0.0,1.5479876160990713
Meta Ads,faixa_etaria,18-24,50949,74,102.14,58.0,1.7610344827586206,0.14524328249818447
Meta Ads,faixa_etaria,25-34,66301,123,135.67,99.0,1.3704040404040403,0.1855175638376495
Meta Ads,faixa_etaria,35-44,27698,45,57.21,38.0,1.5055263157894736,0.16246660408693767
Meta Ads,faixa_etaria,45-54,12840,15,26.82,12.0,2.235,0.11682242990654204
Meta Ads,faixa_etaria,55-64,6672,8,13.37,6.0,2.228333333333333,0.1199040767386091
Meta Ads,faixa_etaria,65+,3515,8,7.35,6.0,1.2249999999999999,0.2275960170697013
Meta Ads,faixa_etaria,Unknown,2,0,0.0,0.0,0.0,0.0
Meta Ads,faixa_etaria,18-24,120855,176,197.96,141.0,1.4039716312056738,0.1456290596168963
Meta Ads,faixa_etaria,25-34,107987,117,172.07,94.0,1.830531914893617,0.10834637502662356
Meta Ads,faixa_etaria,35-44,61240,84,94.59,55.0,1.719818181818182,0.1371652514696277
Meta Ads,faixa_etaria,45-54,50759,78,77.38,48.0,1.6120833333333333,0.15366732993163773
Meta Ads,faixa_etaria,55-64,48817,102,71.84,59.0,1.217627118644068,0.20894360571112525
Meta Ads,faixa_etaria,65+,30849,69,44.31,44.0,1.0070454545454546,0.22367013517455994
Meta Ads,faixa_etaria,Unknown,3,0,0.0,0.0,0.0,0.0
Meta Ads,faixa_etaria,18-24,29602,344,97.77,307.0,0.3184690553745928,1.1620836429970949
Meta Ads,faixa_etaria,25-34,69716,1084,280.0,889.0,0.31496062992125984,1.5548797980377533
Meta Ads,faixa_etaria,35-44,45820,876,214.02,677.0,0.31612998522895125,1.9118288956787428
Meta Ads,faixa_etaria,45-54,21591,329,94.16,260.0,0.36215384615384616,1.5237830577555462
Meta Ads,faixa_etaria,55-64,25424,404,129.19,342.0,0.3777485380116959,1.5890497168030209
Meta Ads,faixa_etaria,65+,25853,555,184.47,463.0,0.3984233261339093,2.1467527946466562
Meta Ads,faixa_etaria,18-24,6957,205,23.35,123.0,0.18983739837398375,2.9466724162713813
Meta Ads,faixa_etaria,25-34,37306,1254,134.88,688.0,0.19604651162790698,3.36138958880609
Meta Ads,faixa_etaria,35-44,43975,1699,173.91,880.0,0.197625,3.8635588402501417
Meta Ads,faixa_etaria,45-54,42390,1472,155.44,790.0,0.19675949367088608,3.4725171030903517
Meta Ads,faixa_etaria,55-64,68789,2288,253.18,1264.0,0.2003006329113924,3.326113186701362
Meta Ads,faixa_etaria,65+,63962,2333,259.22,1364.0,0.19004398826979474,3.6474781901754167
Meta Ads,faixa_etaria,Unknown,1,0,0.02,0.0,0.0,0.0
Meta Ads,faixa_etaria,18-24,38917,517,131.8,473.0,0.27864693446088795,1.3284682786442943
Meta Ads,faixa_etaria,25-34,30113,497,123.38,450.0,0.27417777777777774,1.6504499717729886
Meta Ads,faixa_etaria,35-44,12112,258,54.13,216.0,0.25060185185185185,2.130118890356671
Meta Ads,faixa_etaria,45-54,5634,149,28.23,141.0,0.2002127659574468,2.6446574369897053
Meta Ads,faixa_etaria,55-64,3687,76,20.91,72.0,0.29041666666666666,2.0612964469758612
Meta Ads,faixa_etaria,65+,3065,79,19.92,72.0,0.27666666666666667,2.5774877650897228
Meta Ads,faixa_etaria,Unknown,1,0,0.01,0.0,0.0,0.0
Meta Ads,faixa_etaria,18-24,1088,26,6.12,16.0,0.3825,2.389705882352941
Meta Ads,faixa_etaria,25-34,2592,51,11.38,33.0,0.34484848484848485,1.9675925925925926
Meta Ads,faixa_etaria,35-44,2899,69,16.09,41.0,0.3924390243902439,2.3801310796826494
Meta Ads,faixa_etaria,45-54,6291,134,30.53,96.0,0.31802083333333336,2.1300270227308857
Meta Ads,faixa_etaria,55-64,17341,434,87.59,309.0,0.28346278317152107,2.50273917305807
Meta Ads,faixa_etaria,65+,37645,1488,282.12,989.0,0.28525783619817996,3.9527161641652278
Meta Ads,faixa_etaria,18-24,14283,149,50.46,124.0,0.40693548387096773,1.0431982076594553
Meta Ads,faixa_etaria,25-34,12604,146,55.19,113.0,0.4884070796460177,1.1583624246271025
Meta Ads,faixa_etaria,35-44,7919,132,42.38,111.0,0.38180180180180184,1.6668771309508774
Meta Ads,faixa_etaria,45-54,7073,133,41.44,98.0,0.4228571428571428,1.8803902163155664
Meta Ads,faixa_etaria,55-64,10727,203,61.17,144.0,0.4247916666666667,1.8924209937540786
Meta Ads,faixa_etaria,65+,13924,325,99.11,224.0,0.44245535714285716,2.334099396725079
Meta Ads,faixa_etaria,Unknown,1,0,0.01,0.0,0.0,0.0
Meta Ads,faixa_etaria,18-24,23756,265,86.55,232.0,0.3730603448275862,1.115507661222428
Meta Ads,faixa_etaria,25-34,45585,591,181.77,477.0,0.38106918238993714,1.2964791049687396
Meta Ads,faixa_etaria,35-44,38486,623,157.95,495.0,0.3190909090909091,1.6187704619861767
Meta Ads,faixa_etaria,45-54,34709,488,138.07,407.0,0.3392383292383292,1.4059753954305798
Meta Ads,faixa_etaria,55-64,48634,674,206.34,549.0,0.3758469945355191,1.3858617428136695
Meta Ads,faixa_etaria,65+,47012,737,229.32,568.0,0.4037323943661972,1.56768484642219
Meta Ads,faixa_etaria,18-24,332807,437,435.73,349.0,1.248510028653295,0.1313073342808294
Meta Ads,faixa_etaria,25-34,378319,572,486.12,378.0,1.286031746031746,0.15119515541117415
Meta Ads,faixa_etaria,35-44,224337,420,280.88,217.0,1.2943778801843318,0.1872183366988058
Meta Ads,faixa_etaria,45-54,171719,389,210.38,179.0,1.1753072625698324,0.22653288220872472
Meta Ads,faixa_etaria,55-64,141705,433,176.87,192.0,0.9211979166666667,0.3055643766980699
Meta Ads,faixa_etaria,65+,82096,310,100.38,141.0,0.7119148936170212,0.37760670434613136
Meta Ads,faixa_etaria,Unknown,5,0,0.01,0.0,0.0,0.0
Meta Ads,faixa_etaria,18-24,197322,2944,625.59,2688.0,0.23273437500000002,1.4919775797934343
Meta Ads,faixa_etaria,25-34,172234,3046,619.09,2741.0,0.2258628237869391,1.7685242170535433
Meta Ads,faixa_etaria,35-44,78018,1636,299.01,1420.0,0.21057042253521127,2.0969519854392575
Meta Ads,faixa_etaria,45-54,38135,902,159.13,830.0,0.19172289156626504,2.365281237708142
Meta Ads,faixa_etaria,55-64,19572,444,91.46,422.0,0.2167298578199052,2.2685469037400368
Meta Ads,faixa_etaria,65+,12958,325,69.23,297.0,0.2330976430976431,2.5081031023306064
Meta Ads,faixa_etaria,Unknown,9,1,0.05,1.0,0.05,11.11111111111111
Meta Ads,faixa_etaria,18-24,14,1,0.09,1.0,0.09,7.142857142857142
Meta Ads,faixa_etaria,25-34,21,0,0.23,0.0,0.0,0.0
Meta Ads,faixa_etaria,35-44,31,0,0.21,0.0,0.0,0.0
Meta Ads,faixa_etaria,45-54,44,0,0.48,0.0,0.0,0.0
Meta Ads,faixa_etaria,55-64,144,8,1.82,6.0,0.30333333333333334,5.555555555555555
Meta Ads,faixa_etaria,65+,564,33,8.35,20.0,0.4175,5.851063829787234
Meta Ads,faixa_etaria,18-24,100515,122,186.13,98.0,1.8992857142857142,0.12137491916629359
Meta Ads,faixa_etaria,25-34,109817,127,199.36,103.0,1.9355339805825245,0.11564693990912155
Meta Ads,faixa_etaria,35-44,37169,31,68.31,23.0,2.97,0.08340283569641367
Meta Ads,faixa_etaria,45-54,14540,11,26.59,9.0,2.9544444444444444,0.07565337001375516
Meta Ads,faixa_etaria,55-64,7038,4,13.14,3.0,4.38,0.05683432793407218
Meta Ads,faixa_etaria,65+,3445,4,6.47,2.0,3.235,0.11611030478955006
Meta Ads,faixa_etaria,Unknown,4,0,0.0,0.0,0.0,0.0
Meta Ads,faixa_etaria,18-24,102065,150,183.23,126.0,1.454206349206349,0.1469651692548866
Meta Ads,faixa_etaria,25-34,117571,147,209.7,115.0,1.8234782608695652,0.12503083243316804
Meta Ads,faixa_etaria,35-44,38235,45,69.99,39.0,1.7946153846153845,0.11769321302471558
Meta Ads,faixa_etaria,45-54,13130,14,22.55,9.0,2.5055555555555555,0.10662604722010663
Meta Ads,faixa_etaria,55-64,5438,9,9.76,7.0,1.3942857142857144,0.16550202280250093
Meta Ads,faixa_etaria,65+,2582,3,4.75,3.0,1.5833333333333333,0.11618900077459333
Meta Ads,faixa_etaria,Unknown,6,0,0.02,0.0,0.0,0.0
Meta Ads,faixa_etaria,18-24,4331,10,19.87,6.0,3.311666666666667,0.23089355806972986
Meta Ads,faixa_etaria,25-34,13678,38,59.29,15.0,3.9526666666666666,0.2778183945021202
Meta Ads,faixa_etaria,35-44,13440,35,63.9,20.0,3.195,0.26041666666666663
Meta Ads,faixa_etaria,45-54,9930,16,50.64,9.0,5.626666666666667,0.16112789526686808
Meta Ads,faixa_etaria,55-64,6644,25,37.1,20.0,1.855,0.37627934978928357
Meta Ads,faixa_etaria,65+,2848,17,19.17,12.0,1.5975000000000001,0.5969101123595505
Meta Ads,faixa_etaria,18-24,171680,163,133.92,109.0,1.228623853211009,0.09494408201304753
Meta Ads,faixa_etaria,25-34,216931,236,167.98,160.0,1.049875,0.10879035269279172
Meta Ads,faixa_etaria,35-44,124637,180,96.75,99.0,0.9772727272727273,0.14441939391994352
Meta Ads,faixa_etaria,45-54,90689,138,68.82,73.0,0.9427397260273972,0.1521683996956632
Meta Ads,faixa_etaria,55-64,72604,164,55.92,62.0,0.9019354838709678,0.22588287146713681
Meta Ads,faixa_etaria,65+,43439,120,35.01,40.0,0.87525,0.2762494532562904
Meta Ads,faixa_etaria,Unknown,2,0,0.0,0.0,0.0,0.0
Meta Ads,faixa_etaria,18-24,51665,1128,148.46,1059.0,0.14018885741265347,2.1832962353624312
Meta Ads,faixa_etaria,25-34,55572,1245,156.51,1070.0,0.14627102803738318,2.2403368602893545
Meta Ads,faixa_etaria,35-44,34584,828,96.03,685.0,0.1401897810218978,2.394170714781402
Meta Ads,faixa_etaria,45-54,20424,581,63.62,514.0,0.12377431906614786,2.844692518605562
Meta Ads,faixa_etaria,55-64,9886,295,34.73,276.0,0.12583333333333332,2.9840178029536717
Meta Ads,faixa_etaria,65+,5015,150,20.42,138.0,0.14797101449275363,2.991026919242273
Meta Ads,faixa_etaria,Unknown,1,0,0.0,0.0,0.0,0.0
Meta Ads,faixa_etaria,18-24,7214,13,7.28,7.0,1.04,0.18020515663986694
Meta Ads,faixa_etaria,25-34,16689,25,15.65,18.0,0.8694444444444445,0.14979926897956738
Meta Ads,faixa_etaria,35-44,16197,20,15.56,8.0,1.945,0.1234796567265543
Meta Ads,faixa_etaria,45-54,16176,25,15.43,18.0,0.8572222222222222,0.15454995054401582
Meta Ads,faixa_etaria,55-64,16776,28,16.37,17.0,0.9629411764705883,0.16690510252742013
Meta Ads,faixa_etaria,65+,11098,36,10.62,17.0,0.6247058823529411,0.3243827716705713
Meta Ads,faixa_etaria,18-24,509041,547,992.39,421.0,2.3572209026128266,0.10745696319157004
Meta Ads,faixa_etaria,25-34,595139,532,1163.68,399.0,2.916491228070176,0.08939088179400106
Meta Ads,faixa_etaria,35-44,237968,219,468.39,158.0,2.964493670886076,0.09202918039400255
Meta Ads,faixa_etaria,45-54,107325,84,211.39,57.0,3.70859649122807,0.07826694619147449
Meta Ads,faixa_etaria,55-64,53213,30,105.77,14.0,7.555,0.056377201059891385
Meta Ads,faixa_etaria,65+,28910,26,58.35,15.0,3.89,0.08993427879626427
Meta Ads,faixa_etaria,Unknown,6,0,0.0,0.0,0.0,0.0
Meta Ads,faixa_etaria,18-24,222335,230,247.62,161.0,1.5380124223602485,0.10344750039355027
Meta Ads,faixa_etaria,25-34,176507,167,199.81,121.0,1.6513223140495867,0.09461381135025806
Meta Ads,faixa_etaria,35-44,55863,32,62.11,25.0,2.4844,0.05728299590068561
Meta Ads,faixa_etaria,45-54,20036,16,22.22,11.0,2.02,0.07985625873427829
Meta Ads,faixa_etaria,55-64,9586,7,10.79,4.0,2.6975,0.07302315877321093
Meta Ads,faixa_etaria,65+,4924,3,5.39,2.0,2.695,0.060926076360682375
Meta Ads,faixa_etaria,Unknown,3,0,0.0,0.0,0.0,0.0
Meta Ads,faixa_etaria,18-24,256880,69,307.57,4.0,76.8925,0.02686079103083152
Meta Ads,faixa_etaria,25-34,240280,42,286.58,0.0,0.0,0.017479607125020807
Meta Ads,faixa_etaria,35-44,93214,19,111.11,1.0,111.11,0.020383204239706482
Meta Ads,faixa_etaria,45-54,41649,10,48.69,1.0,48.69,0.024010180316454174
Meta Ads,faixa_etaria,55-64,23964,7,29.62,1.0,29.62,0.029210482390252042
Meta Ads,faixa_etaria,65+,13401,5,15.69,0.0,0.0,0.03731064845907022
Meta Ads,faixa_etaria,Unknown,12,0,0.0,0.0,0.0,0.0
Meta Ads,faixa_etaria,18-24,79623,81,81.27,65.0,1.2503076923076923,0.10172939979654119
Meta Ads,faixa_etaria,25-34,72251,62,73.59,50.0,1.4718,0.08581196108012347
Meta Ads,faixa_etaria,35-44,31506,25,28.56,17.0,1.68,0.07934996508601537
Meta Ads,faixa_etaria,45-54,22815,8,18.53,6.0,3.0883333333333334,0.035064650449265836
Meta Ads,faixa_etaria,55-64,21022,8,15.46,1.0,15.46,0.03805537056417087
Meta Ads,faixa_etaria,65+,14148,5,10.71,1.0,10.71,0.03534068419564603
Meta Ads,faixa_etaria,Unknown,6,0,0.01,0.0,0.0,0.0
Meta Ads,faixa_etaria,18-24,83535,39,93.15,3.0,31.05,0.04668701741784881
Meta Ads,faixa_etaria,25-34,91689,25,102.56,5.0,20.512,0.02726608426310681
Meta Ads,faixa_etaria,35-44,46965,14,49.81,6.0,8.301666666666668,0.02980943255615884
Meta Ads,faixa_etaria,45-54,35010,16,37.57,2.0,18.785,0.04570122822050843
Meta Ads,faixa_etaria,55-64,28771,35,30.35,3.0,10.116666666666667,0.12165027284418337
Meta Ads,faixa_etaria,65+,17437,14,18.55,2.0,9.275,0.08028904054596547
Meta Ads,faixa_etaria,Unknown,2,0,0.0,0.0,0.0,0.0
Meta Ads,faixa_etaria,18-24,78175,150,97.89,113.0,0.866283185840708,0.19187719859290053
Meta Ads,faixa_etaria,25-34,76025,114,94.98,84.0,1.1307142857142858,0.14995067412035515
Meta Ads,faixa_etaria,35-44,30231,29,37.74,16.0,2.35875,0.09592802090569283
Meta Ads,faixa_etaria,45-54,18630,17,22.62,4.0,5.655,0.09125067096081589
Meta Ads,faixa_etaria,55-64,13642,19,16.96,4.0,4.24,0.1392757660167131
Meta Ads,faixa_etaria,65+,8358,7,10.63,4.0,2.6575,0.08375209380234507
Meta Ads,faixa_etaria,Unknown,4,0,0.01,0.0,0.0,0.0
Meta Ads,faixa_etaria,18-24,30678,35,37.77,25.0,1.5108000000000001,0.11408827172566659
Meta Ads,faixa_etaria,25-34,32991,36,41.1,28.0,1.467857142857143,0.10912066927343822
Meta Ads,faixa_etaria,35-44,15250,7,19.19,6.0,3.1983333333333337,0.04590163934426229
Meta Ads,faixa_etaria,45-54,10475,8,13.46,4.0,3.365,0.07637231503579953
Meta Ads,faixa_etaria,55-64,8997,10,11.02,4.0,2.755,0.11114816049794375
Meta Ads,faixa_etaria,65+,5103,8,6.31,2.0,3.155,0.1567705271408975
Meta Ads,faixa_etaria,Unknown,2,0,0.0,0.0,0.0,0.0
Meta Ads,faixa_etaria,18-24,312009,562,487.33,401.0,1.215286783042394,0.18012300927216843
Meta Ads,faixa_etaria,25-34,417531,814,654.94,514.0,1.2742023346303504,0.1949555841362677
Meta Ads,faixa_etaria,35-44,215535,414,337.26,243.0,1.3879012345679012,0.19208017259377827
Meta Ads,faixa_etaria,45-54,132058,281,207.32,148.0,1.4008108108108108,0.21278529131139345
Meta Ads,faixa_etaria,55-64,89976,272,138.6,142.0,0.9760563380281689,0.3023028363119054
Meta Ads,faixa_etaria,65+,56927,222,86.67,105.0,0.8254285714285714,0.3899731234739227
Meta Ads,faixa_etaria,Unknown,10,0,0.01,0.0,0.0,0.0
Meta Ads,faixa_etaria,18-24,473890,593,518.1,486.0,1.0660493827160493,0.12513452488974233
Meta Ads,faixa_etaria,25-34,284243,337,309.68,281.0,1.1020640569395017,0.11856052743603185
Meta Ads,faixa_etaria,35-44,55298,61,60.39,48.0,1.258125,0.11031140366740207
Meta Ads,faixa_etaria,45-54,9586,9,9.91,6.0,1.6516666666666666,0.09388691842269978
Meta Ads,faixa_etaria,55-64,4180,6,4.63,5.0,0.9259999999999999,0.14354066985645933
Meta Ads,faixa_etaria,65+,2972,4,3.02,1.0,3.02,0.13458950201884254
Meta Ads,faixa_etaria,Unknown,17,0,0.01,0.0,0.0,0.0
Meta Ads,faixa_etaria,18-24,38293,48,49.96,45.0,1.1102222222222222,0.12534928054735853
Meta Ads,faixa_etaria,25-34,45813,54,59.67,48.0,1.243125,0.11787047344640168
Meta Ads,faixa_etaria,35-44,19982,17,25.66,14.0,1.832857142857143,0.08507656891202083
Meta Ads,faixa_etaria,45-54,5451,5,6.24,4.0,1.56,0.091726288754357
Meta Ads,faixa_etaria,55-64,4342,6,5.37,3.0,1.79,0.1381851681252879
Meta Ads,faixa_etaria,65+,2695,9,3.01,6.0,0.5016666666666666,0.3339517625231911
Meta Ads,faixa_etaria,Unknown,2,0,0.0,0.0,0.0,0.0
Meta Ads,faixa_etaria,18-24,45908,36,51.11,23.0,2.2221739130434783,0.07841770497516773
Meta Ads,faixa_etaria,25-34,43110,43,45.69,30.0,1.523,0.09974483878450474
Meta Ads,faixa_etaria,35-44,15365,7,17.1,6.0,2.85,0.04555808656036447
Meta Ads,faixa_etaria,45-54,7578,9,7.54,6.0,1.2566666666666666,0.11876484560570072
Meta Ads,faixa_etaria,55-64,5405,3,5.39,1.0,5.39,0.05550416281221092
Meta Ads,faixa_etaria,65+,3663,0,3.35,0.0,0.0,0.0
Meta Ads,faixa_etaria,Unknown,2,0,0.0,0.0,0.0,0.0
Meta Ads,faixa_etaria,18-24,177595,38,196.34,4.0,49.085,0.021396998789380332
Meta Ads,faixa_etaria,25-34,212289,62,236.76,9.0,26.306666666666665,0.02920546990187904
Meta Ads,faixa_etaria,35-44,104076,29,114.89,6.0,19.148333333333333,0.02786425304585111
Meta Ads,faixa_etaria,45-54,74043,36,80.08,7.0,11.44,0.04862039625622949
Meta Ads,faixa_etaria,55-64,61555,67,65.33,12.0,5.444166666666667,0.1088457477053042
Meta Ads,faixa_etaria,65+,38132,58,40.34,3.0,13.446666666666667,0.1521032203923214
Meta Ads,faixa_etaria,Unknown,11,0,0.0,0.0,0.0,0.0
Meta Ads,faixa_etaria,18-24,48477,67,58.28,51.0,1.1427450980392158,0.13820987272314705
Meta Ads,faixa_etaria,25-34,54999,75,66.11,56.0,1.1805357142857142,0.13636611574755905
Meta Ads,faixa_etaria,35-44,30307,23,36.0,7.0,5.142857142857143,0.07589005840234929
Meta Ads,faixa_etaria,45-54,22612,16,25.82,7.0,3.6885714285714286,0.07075888908544135
Meta Ads,faixa_etaria,55-64,18079,9,20.53,1.0,20.53,0.04978151446429559
Meta Ads,faixa_etaria,65+,10818,11,12.2,0.0,0.0,0.10168238121649102
Meta Ads,faixa_etaria,Unknown,2,0,0.0,0.0,0.0,0.0
Meta Ads,faixa_etaria,18-24,63812,71,73.71,48.0,1.5356249999999998,0.11126433899580015
Meta Ads,faixa_etaria,25-34,77281,73,88.58,43.0,2.06,0.09446047540792692
Meta Ads,faixa_etaria,35-44,48542,27,56.74,9.0,6.304444444444445,0.05562193564336039
Meta Ads,faixa_etaria,45-54,41537,24,47.66,1.0,47.66,0.05777981077111972
Meta Ads,faixa_etaria,55-64,36799,43,42.3,4.0,10.575,0.11685100138590723
Meta Ads,faixa_etaria,65+,22127,45,25.95,3.0,8.65,0.2033714466488905
Meta Ads,faixa_etaria,Unknown,4,0,0.01,0.0,0.0,0.0
Meta Ads,faixa_etaria,18-24,14140,22,21.42,15.0,1.4280000000000002,0.15558698727015557
Meta Ads,faixa_etaria,25-34,19721,25,30.69,19.0,1.615263157894737,0.1267684194513463
Meta Ads,faixa_etaria,35-44,11101,17,16.4,10.0,1.64,0.1531393568147014
Meta Ads,faixa_etaria,45-54,6863,11,9.33,4.0,2.3325,0.16027976103744718
Meta Ads,faixa_etaria,55-64,4724,10,6.4,0.0,0.0,0.21168501270110077
Meta Ads,faixa_etaria,65+,2597,1,3.63,0.0,0.0,0.03850596842510589
Meta Ads,faixa_etaria,Unknown,1,0,0.0,0.0,0.0,0.0
Meta Ads,faixa_etaria,18-24,6535,7,4.58,7.0,0.6542857142857142,0.10711553175210406
Meta Ads,faixa_etaria,25-34,26076,25,17.64,25.0,0.7056,0.09587360024543641
Meta Ads,faixa_etaria,35-44,23895,16,16.11,16.0,1.006875,0.06695961498221385
Meta Ads,faixa_etaria,45-54,21685,24,13.13,24.0,0.5470833333333334,0.11067558219967719
Meta Ads,faixa_etaria,55-64,28974,20,18.09,20.0,0.9045,0.06902740387934009
Meta Ads,faixa_etaria,65+,41776,37,24.67,36.0,0.6852777777777779,0.08856759862121792
Meta Ads,faixa_etaria,Unknown,61,0,0.04,0.0,0.0,0.0
Meta Ads,faixa_etaria,18-24,376562,525,480.03,434.0,1.1060599078341014,0.13941927225795486
Meta Ads,faixa_etaria,25-34,495477,587,635.74,473.0,1.344059196617336,0.11847169495254067
Meta Ads,faixa_etaria,35-44,248872,261,314.14,199.0,1.5785929648241206,0.10487318782345945
Meta Ads,faixa_etaria,45-54,156570,164,192.75,126.0,1.5297619047619047,0.10474548125439101
Meta Ads,faixa_etaria,55-64,116822,141,140.93,84.0,1.6777380952380954,0.12069644416291452
Meta Ads,faixa_etaria,65+,72559,134,86.46,81.0,1.0674074074074074,0.1846772970961562
Meta Ads,faixa_etaria,Unknown,47,0,0.04,0.0,0.0,0.0
Meta Ads,faixa_etaria,18-24,85211,842,237.87,780.0,0.30496153846153845,0.988135334639894
Meta Ads,faixa_etaria,25-34,96606,1029,292.26,913.0,0.3201095290251917,1.0651512328426804
Meta Ads,faixa_etaria,35-44,42049,688,169.77,577.0,0.29422876949740034,1.6361863540155532
Meta Ads,faixa_etaria,45-54,17180,247,71.07,211.0,0.336824644549763,1.4377182770663564
Meta Ads,faixa_etaria,55-64,20631,370,87.64,322.0,0.27217391304347827,1.7934176724346855
Meta Ads,faixa_etaria,65+,26437,663,141.36,538.0,0.26275092936802974,2.507848848205167
Meta Ads,faixa_etaria,Unknown,10,0,0.03,0.0,0.0,0.0
Meta Ads,faixa_etaria,18-24,39146,51,45.58,39.0,1.1687179487179487,0.13028151024370305
Meta Ads,faixa_etaria,25-34,35494,43,41.94,31.0,1.3529032258064515,0.12114723615258918
Meta Ads,faixa_etaria,35-44,14487,14,16.68,5.0,3.336,0.09663836543107614
Meta Ads,faixa_etaria,45-54,9457,10,11.26,0.0,0.0,0.10574177857671566
Meta Ads,faixa_etaria,55-64,8322,9,9.82,0.0,0.0,0.10814708002883922
Meta Ads,faixa_etaria,65+,5099,9,6.09,0.0,0.0,0.1765051970974701
Meta Ads,faixa_etaria,Unknown,2,0,0.0,0.0,0.0,0.0
Meta Ads,faixa_etaria,18-24,50593,42,61.08,32.0,1.90875,0.08301543691815073
Meta Ads,faixa_etaria,25-34,38595,27,46.37,19.0,2.4405263157894734,0.06995724834823164
Meta Ads,faixa_etaria,35-44,14280,4,17.42,2.0,8.71,0.028011204481792715
Meta Ads,faixa_etaria,45-54,10917,3,12.75,1.0,12.75,0.02748007694421544
Meta Ads,faixa_etaria,55-64,9504,5,11.77,0.0,0.0,0.052609427609427606
Meta Ads,faixa_etaria,65+,7253,8,8.23,1.0,8.23,0.11029918654349924
Meta Ads,faixa_etaria,Unknown,5,0,0.0,0.0,0.0,0.0
Meta Ads,faixa_etaria,18-24,37705,21,46.58,14.0,3.327142857142857,0.05569553109667153
Meta Ads,faixa_etaria,25-34,38619,38,48.73,27.0,1.8048148148148146,0.09839716201869547
Meta Ads,faixa_etaria,35-44,16214,12,20.0,8.0,2.5,0.07401011471567781
Meta Ads,faixa_etaria,45-54,7045,8,8.66,6.0,1.4433333333333334,0.113555713271824
Meta Ads,faixa_etaria,55-64,3599,3,4.62,2.0,2.31,0.08335648791330925
Meta Ads,faixa_etaria,65+,1868,1,2.45,1.0,2.45,0.05353319057815846
Meta Ads,faixa_etaria,Unknown,4,0,0.01,0.0,0.0,0.0
Meta Ads,faixa_etaria,18-24,43665,44,51.85,35.0,1.4814285714285715,0.10076720485514715
Meta Ads,faixa_etaria,25-34,51538,58,59.87,39.0,1.5351282051282051,0.11253832123869767
Meta Ads,faixa_etaria,35-44,19667,14,24.47,9.0,2.718888888888889,0.07118523414857375
Meta Ads,faixa_etaria,45-54,9507,13,10.96,11.0,0.9963636363636365,0.1367413484800673
Meta Ads,faixa_etaria,55-64,5875,3,6.42,2.0,3.21,0.05106382978723404
Meta Ads,faixa_etaria,65+,2923,2,3.55,2.0,1.775,0.06842285323297981
Meta Ads,faixa_etaria,Unknown,4,0,0.0,0.0,0.0,0.0
Meta Ads,faixa_etaria,18-24,16264,16,16.41,11.0,1.491818181818182,0.0983767830791933
Meta Ads,faixa_etaria,25-34,19570,22,19.27,13.0,1.4823076923076923,0.11241696474195197
Meta Ads,faixa_etaria,35-44,9816,7,9.14,3.0,3.046666666666667,0.07131214343928281
Meta Ads,faixa_etaria,45-54,6777,7,6.08,4.0,1.52,0.10329054153755349
Meta Ads,faixa_etaria,55-64,5801,6,5.71,1.0,5.71,0.10343044302706429
Meta Ads,faixa_etaria,65+,3761,3,3.52,0.0,0.0,0.07976601967561818
Meta Ads,faixa_etaria,Unknown,4,0,0.01,0.0,0.0,0.0
Meta Ads,faixa_etaria,18-24,235633,193,274.8,138.0,1.991304347826087,0.08190703339515264
Meta Ads,faixa_etaria,25-34,174816,162,201.53,122.0,1.6518852459016393,0.09266886326194398
Meta Ads,faixa_etaria,35-44,68474,43,77.68,26.0,2.987692307692308,0.06279755819727197
Meta Ads,faixa_etaria,45-54,54670,27,58.2,10.0,5.82,0.04938723248582404
Meta Ads,faixa_etaria,55-64,51083,26,53.45,7.0,7.635714285714286,0.05089755887477244
Meta Ads,faixa_etaria,65+,41894,42,44.36,5.0,8.872,0.10025301952546904
Meta Ads,faixa_etaria,Unknown,34,0,0.01,0.0,0.0,0.0
Meta Ads,faixa_etaria,18-24,130161,122,163.19,91.0,1.7932967032967033,0.09373007275604828
Meta Ads,faixa_etaria,25-34,143190,101,177.65,74.0,2.400675675675676,0.07053565193100077
Meta Ads,faixa_etaria,35-44,77066,49,94.04,28.0,3.358571428571429,0.06358186489502504
Meta Ads,faixa_etaria,45-54,56519,31,66.43,11.0,6.03909090909091,0.05484881190396151
Meta Ads,faixa_etaria,55-64,47775,32,54.89,6.0,9.148333333333333,0.06698063840920984
Meta Ads,faixa_etaria,65+,30753,40,35.1,8.0,4.3875,0.130068611192404
Meta Ads,faixa_etaria,Unknown,19,0,0.03,0.0,0.0,0.0
Meta Ads,faixa_etaria,18-24,170493,186,202.94,128.0,1.58546875,0.10909538808044905
Meta Ads,faixa_etaria,25-34,191549,187,224.25,120.0,1.86875,0.09762515074471806
Meta Ads,faixa_etaria,35-44,89583,59,100.33,32.0,3.1353125,0.06586071017938672
Meta Ads,faixa_etaria,45-54,56278,39,58.04,23.0,2.5234782608695654,0.06929883791179502
Meta Ads,faixa_etaria,55-64,44118,25,42.49,19.0,2.2363157894736845,0.05666621333695997
Meta Ads,faixa_etaria,65+,28429,11,25.9,7.0,3.6999999999999997,0.038692884026873965
Meta Ads,faixa_etaria,Unknown,16,0,0.01,0.0,0.0,0.0
Meta Ads,faixa_etaria,18-24,828339,843,1112.47,675.0,1.6481037037037038,0.10176992752967083
Meta Ads,faixa_etaria,25-34,978343,873,1307.6,675.0,1.9371851851851851,0.08923250843518071
Meta Ads,faixa_etaria,35-44,463942,320,611.87,198.0,3.0902525252525255,0.0689741390087554
Meta Ads,faixa_etaria,45-54,299387,187,385.46,88.0,4.380227272727272,0.06246096189881324
Meta Ads,faixa_etaria,55-64,224616,217,285.15,39.0,7.311538461538461,0.09660932435801545
Meta Ads,faixa_etaria,65+,142512,166,178.37,20.0,8.9185,0.1164814191085663
Meta Ads,faixa_etaria,Unknown,139,1,0.17,0.0,0.0,0.7194244604316548
Meta Ads,faixa_etaria,18-24,101697,114,144.69,56.0,2.5837499999999998,0.11209770199710906
Meta Ads,faixa_etaria,25-34,107302,115,151.71,69.0,2.198695652173913,0.10717414400477158
Meta Ads,faixa_etaria,35-44,53402,63,75.66,32.0,2.364375,0.1179731096213625
Meta Ads,faixa_etaria,45-54,39032,63,55.04,23.0,2.3930434782608696,0.16140602582496413
Meta Ads,faixa_etaria,55-64,31967,88,45.18,29.0,1.5579310344827586,0.2752838865079614
Meta Ads,faixa_etaria,65+,19518,54,27.72,12.0,2.31,0.27666769136181985
Meta Ads,faixa_etaria,Unknown,3,0,0.0,0.0,0.0,0.0
Meta Ads,faixa_etaria,18-24,224920,207,295.28,159.0,1.8571069182389934,0.09203272274586519
Meta Ads,faixa_etaria,25-34,234461,235,305.21,151.0,2.0212582781456954,0.10022988897940381
Meta Ads,faixa_etaria,35-44,116541,115,151.0,49.0,3.0816326530612246,0.09867771857114663
Meta Ads,faixa_etaria,45-54,80449,108,102.08,25.0,4.0832,0.13424654128702657
Meta Ads,faixa_etaria,55-64,64978,97,83.81,23.0,3.643913043478261,0.14928129520760872
Meta Ads,faixa_etaria,65+,39606,89,51.03,9.0,5.67,0.2247134272584962
Meta Ads,faixa_etaria,Unknown,32,0,0.03,0.0,0.0,0.0
Meta Ads,faixa_etaria,18-24,195246,344,320.81,294.0,1.0911904761904763,0.1761879884863198
Meta Ads,faixa_etaria,25-34,230882,391,380.63,352.0,1.0813352272727272,0.16935057735120104
Meta Ads,faixa_etaria,35-44,94161,138,154.06,118.0,1.305593220338983,0.1465574919552681
Meta Ads,faixa_etaria,45-54,46559,72,74.8,54.0,1.385185185185185,0.1546424966171954
Meta Ads,faixa_etaria,55-64,28152,60,43.84,48.0,0.9133333333333334,0.2131287297527707
Meta Ads,faixa_etaria,65+,16632,46,25.86,36.0,0.7183333333333333,0.2765752765752766
Meta Ads,faixa_etaria,Unknown,5,0,0.0,0.0,0.0,0.0
Meta Ads,faixa_etaria,18-24,393371,710,645.7,528.0,1.2229166666666667,0.18049119025042518
Meta Ads,faixa_etaria,25-34,543642,881,885.76,677.0,1.3083604135893647,0.16205517601656974
Meta Ads,faixa_etaria,35-44,286658,370,456.02,265.0,1.7208301886792452,0.129073669669083
Meta Ads,faixa_etaria,45-54,165898,166,249.9,112.0,2.23125,0.10006148356218883
Meta Ads,faixa_etaria,55-64,112334,114,162.87,63.0,2.585238095238095,0.10148307725176704
Meta Ads,faixa_etaria,65+,69967,78,99.5,38.0,2.6184210526315788,0.11148112681692798
Meta Ads,faixa_etaria,Unknown,98,1,0.18,1.0,0.18,1.0204081632653061
Meta Ads,faixa_etaria,18-24,125504,98,192.85,77.0,2.5045454545454544,0.07808516063233044
Meta Ads,faixa_etaria,25-34,148268,105,222.77,71.0,3.137605633802817,0.07081770847384465
Meta Ads,faixa_etaria,35-44,78781,51,115.67,30.0,3.8556666666666666,0.06473642121831406
Meta Ads,faixa_etaria,45-54,54628,47,78.6,27.0,2.911111111111111,0.08603646481657758
Meta Ads,faixa_etaria,55-64,42127,60,58.98,32.0,1.843125,0.14242647233365774
Meta Ads,faixa_etaria,65+,26268,36,36.89,16.0,2.305625,0.13704888076747374
Meta Ads,faixa_etaria,Unknown,51,0,0.03,0.0,0.0,0.0
Meta Ads,faixa_etaria,18-24,52769,75,80.65,58.0,1.3905172413793105,0.14212890143834447
Meta Ads,faixa_etaria,25-34,74806,127,112.3,102.0,1.1009803921568626,0.16977247814346444
Meta Ads,faixa_etaria,35-44,44645,71,66.03,51.0,1.2947058823529412,0.15903236644641058
Meta Ads,faixa_etaria,45-54,27829,49,39.63,38.0,1.0428947368421053,0.17607531711523952
Meta Ads,faixa_etaria,55-64,21358,21,31.18,14.0,2.2271428571428573,0.09832381309111339
Meta Ads,faixa_etaria,65+,14039,23,20.21,13.0,1.5546153846153847,0.16382933257354512
Meta Ads,faixa_etaria,Unknown,2,0,0.0,0.0,0.0,0.0
Meta Ads,faixa_etaria,18-24,5787,1,7.59,1.0,7.59,0.017280110592707794
Meta Ads,faixa_etaria,25-34,7873,12,10.7,11.0,0.9727272727272727,0.15241966213641558
Meta Ads,faixa_etaria,35-44,5727,6,7.28,3.0,2.4266666666666667,0.10476689366160294
Meta Ads,faixa_etaria,45-54,4626,7,5.98,6.0,0.9966666666666667,0.1513186338089062
Meta Ads,faixa_etaria,55-64,3892,4,4.84,3.0,1.6133333333333333,0.10277492291880781
Meta Ads,faixa_etaria,65+,2748,8,3.19,5.0,0.638,0.2911208151382824
Meta Ads,faixa_etaria,Unknown,1,0,0.0,0.0,0.0,0.0
Meta Ads,faixa_etaria,18-24,209244,239,252.77,189.0,1.3374074074074074,0.1142207183957485
Meta Ads,faixa_etaria,25-34,218947,215,265.97,143.0,1.85993006993007,0.09819728062042411
Meta Ads,faixa_etaria,35-44,125328,163,147.2,89.0,1.6539325842696628,0.13005872590322992
Meta Ads,faixa_etaria,45-54,99538,134,117.07,67.0,1.7473134328358209,0.1346219534248227
Meta Ads,faixa_etaria,55-64,90717,166,107.43,60.0,1.7905000000000002,0.18298665079312587
Meta Ads,faixa_etaria,65+,61045,144,71.78,52.0,1.3803846153846153,0.23589155540994347
Meta Ads,faixa_etaria,Unknown,20,0,0.01,0.0,0.0,0.0
Meta Ads,faixa_etaria,18-24,443409,272,591.74,171.0,3.46046783625731,0.061342913653083274
Meta Ads,faixa_etaria,25-34,535447,349,707.92,183.0,3.868415300546448,0.06517918673556859
Meta Ads,faixa_etaria,35-44,296613,230,384.57,116.0,3.3152586206896553,0.07754211716951044
Meta Ads,faixa_etaria,45-54,208473,199,268.07,76.0,3.527236842105263,0.09545600629338093
Meta Ads,faixa_etaria,55-64,162061,217,207.48,65.0,3.1919999999999997,0.1339001980735649
Meta Ads,faixa_etaria,65+,104710,185,134.1,51.0,2.6294117647058823,0.17667844522968199
Meta Ads,faixa_etaria,Unknown,46,0,0.07,0.0,0.0,0.0
Meta Ads,faixa_etaria,45-54,0,0,0.0,0.0,0.0,0.0
Meta Ads,faixa_etaria,18-24,19670,508,97.57,490.0,0.19912244897959183,2.5826131164209456
Meta Ads,faixa_etaria,25-34,60311,1473,314.19,1421.0,0.2211048557353976,2.4423405348941323
Meta Ads,faixa_etaria,35-44,47806,1368,272.26,1304.0,0.2087883435582822,2.861565493871062
Meta Ads,faixa_etaria,45-54,24368,604,137.38,571.0,0.2405954465849387,2.478660538411031
Meta Ads,faixa_etaria,55-64,15694,429,85.11,373.0,0.2281769436997319,2.7335287370969796
Meta Ads,faixa_etaria,65+,18925,518,93.36,424.0,0.22018867924528301,2.737120211360634
Meta Ads,faixa_etaria,Unknown,2,0,0.01,0.0,0.0,0.0
Meta Ads,faixa_etaria,18-24,57618,50,71.12,44.0,1.6163636363636364,0.08677843729390122
Meta Ads,faixa_etaria,25-34,64230,57,78.37,39.0,2.00948717948718,0.08874357776739841
Meta Ads,faixa_etaria,35-44,31829,15,37.84,10.0,3.7840000000000003,0.04712683401929058
Meta Ads,faixa_etaria,45-54,20490,19,24.3,6.0,4.05,0.09272816007808687
Meta Ads,faixa_etaria,55-64,16469,12,18.95,4.0,4.7375,0.07286416904487218
Meta Ads,faixa_etaria,65+,11004,4,12.77,0.0,0.0,0.03635041802980734
Meta Ads,faixa_etaria,Unknown,6,0,0.01,0.0,0.0,0.0
Meta Ads,faixa_etaria,18-24,30406,35,38.36,22.0,1.7436363636363637,0.11510886009340263
Meta Ads,faixa_etaria,25-34,31089,28,39.67,22.0,1.8031818181818182,0.0900640097783782
Meta Ads,faixa_etaria,35-44,13690,12,17.31,5.0,3.4619999999999997,0.08765522279035792
Meta Ads,faixa_etaria,45-54,8998,4,11.05,1.0,11.05,0.04445432318292954
Meta Ads,faixa_etaria,55-64,8281,11,10.24,1.0,10.24,0.13283419876826472
Meta Ads,faixa_etaria,65+,5633,11,7.15,0.0,0.0,0.1952778270903604
Meta Ads,faixa_etaria,18-24,224225,295,315.67,241.0,1.3098340248962657,0.1315642769539525
Meta Ads,faixa_etaria,25-34,266872,330,378.97,267.0,1.4193632958801499,0.12365478581492251
Meta Ads,faixa_etaria,35-44,90828,138,127.53,107.0,1.1918691588785046,0.15193552648962874
Meta Ads,faixa_etaria,45-54,34566,55,48.78,41.0,1.1897560975609756,0.15911589423132558
Meta Ads,faixa_etaria,55-64,15345,25,22.41,19.0,1.1794736842105262,0.16291951775822744
Meta Ads,faixa_etaria,65+,7348,9,10.51,7.0,1.5014285714285713,0.12248230811105063
Meta Ads,faixa_etaria,Unknown,12,0,0.0,0.0,0.0,0.0
Meta Ads,faixa_etaria,18-24,96120,89,126.03,71.0,1.7750704225352112,0.0925925925925926
Meta Ads,faixa_etaria,25-34,101932,101,136.15,76.0,1.7914473684210528,0.09908566495310599
Meta Ads,faixa_etaria,35-44,37987,37,50.06,22.0,2.2754545454545454,0.0974017427014505
Meta Ads,faixa_etaria,45-54,15144,21,19.31,15.0,1.2873333333333332,0.1386687797147385
Meta Ads,faixa_etaria,55-64,7487,7,10.04,5.0,2.008,0.09349539201282223
Meta Ads,faixa_etaria,65+,4112,7,5.49,4.0,1.3725,0.17023346303501946
Meta Ads,faixa_etaria,Unknown,6,0,0.01,0.0,0.0,0.0
Meta Ads,faixa_etaria,18-24,29187,43,36.87,39.0,0.9453846153846153,0.14732586425463393
Meta Ads,faixa_etaria,25-34,24830,52,31.74,41.0,0.7741463414634145,0.20942408376963353
Meta Ads,faixa_etaria,35-44,8167,11,10.35,10.0,1.035,0.13468838006611977
Meta Ads,faixa_etaria,45-54,3065,5,3.82,3.0,1.2733333333333332,0.1631321370309951
Meta Ads,faixa_etaria,55-64,1360,2,1.77,2.0,0.885,0.14705882352941177
Meta Ads,faixa_etaria,65+,678,1,0.86,1.0,0.86,0.14749262536873156
Meta Ads,faixa_etaria,18-24,112538,146,166.33,105.0,1.5840952380952382,0.12973395653023867
Meta Ads,faixa_etaria,25-34,133395,163,200.72,130.0,1.544,0.12219348551295026
Meta Ads,faixa_etaria,35-44,50648,55,76.32,43.0,1.7748837209302324,0.10859263939346074
Meta Ads,faixa_etaria,45-54,21586,35,31.47,26.0,1.2103846153846154,0.16214212915778745
Meta Ads,faixa_etaria,55-64,11011,12,16.61,9.0,1.8455555555555554,0.10898192716374536
Meta Ads,faixa_etaria,65+,5692,7,8.51,6.0,1.4183333333333332,0.1229796205200281
Meta Ads,faixa_etaria,Unknown,3,0,0.0,0.0,0.0,0.0
Meta Ads,faixa_etaria,18-24,25383,38,37.63,30.0,1.2543333333333335,0.14970649647401804
Meta Ads,faixa_etaria,25-34,26168,37,38.77,32.0,1.2115625,0.1413940690920208
Meta Ads,faixa_etaria,35-44,9608,8,14.46,7.0,2.065714285714286,0.08326394671107411
Meta Ads,faixa_etaria,45-54,4042,0,6.29,0.0,0.0,0.0
Meta Ads,faixa_etaria,55-64,2074,3,3.13,3.0,1.0433333333333332,0.14464802314368372
Meta Ads,faixa_etaria,65+,1042,1,1.52,1.0,1.52,0.09596928982725528
Meta Ads,faixa_etaria,Unknown,0,0,0.0,0.0,0.0,0.0
Meta Ads,faixa_etaria,18-24,950,36,4.88,33.0,0.1478787878787879,3.7894736842105265
Meta Ads,faixa_etaria,25-34,4570,339,33.22,334.0,0.09946107784431138,7.4179431072210065
Meta Ads,faixa_etaria,35-44,3634,321,33.74,313.0,0.10779552715654953,8.83324160704458
Meta Ads,faixa_etaria,45-54,1883,121,17.28,123.0,0.1404878048780488,6.4259160913436
Meta Ads,faixa_etaria,55-64,1366,93,11.29,91.0,0.12406593406593405,6.808199121522694
Meta Ads,faixa_etaria,65+,872,64,6.87,61.0,0.11262295081967214,7.339449541284404
Meta Ads,faixa_etaria,18-24,13429,36,22.86,29.0,0.7882758620689655,0.2680765507483804
Meta Ads,faixa_etaria,25-34,16265,38,28.85,32.0,0.9015625,0.233630494927759
Meta Ads,faixa_etaria,35-44,9183,26,16.78,16.0,1.04875,0.2831318741152129
Meta Ads,faixa_etaria,45-54,6924,16,11.82,13.0,0.9092307692307693,0.2310803004043905
Meta Ads,faixa_etaria,55-64,5850,10,9.81,4.0,2.4525,0.17094017094017094
Meta Ads,faixa_etaria,65+,3971,21,6.69,8.0,0.83625,0.528834046839587
Meta Ads,faixa_etaria,18-24,2977,12,4.46,5.0,0.892,0.40309035942223714
Meta Ads,faixa_etaria,25-34,2727,5,4.06,3.0,1.3533333333333333,0.18335166850018336
Meta Ads,faixa_etaria,35-44,1139,2,1.55,2.0,0.775,0.17559262510974538
Meta Ads,faixa_etaria,45-54,498,0,0.68,0.0,0.0,0.0
Meta Ads,faixa_etaria,55-64,260,1,0.32,0.0,0.0,0.38461538461538464
Meta Ads,faixa_etaria,65+,121,0,0.15,0.0,0.0,0.0
Meta Ads,faixa_etaria,18-24,57091,86,90.68,70.0,1.2954285714285716,0.15063670280779806
Meta Ads,faixa_etaria,25-34,69370,87,107.62,74.0,1.4543243243243245,0.12541444428427273
Meta Ads,faixa_etaria,35-44,25314,50,39.37,39.0,1.0094871794871794,0.19751915935845776
Meta Ads,faixa_etaria,45-54,9702,17,15.51,14.0,1.1078571428571429,0.17522160379303237
Meta Ads,faixa_etaria,55-64,4111,2,6.29,2.0,3.145,0.048649963512527365
Meta Ads,faixa_etaria,65+,1960,5,3.26,5.0,0.6519999999999999,0.25510204081632654
Meta Ads,faixa_etaria,Unknown,2,0,0.01,0.0,0.0,0.0
Meta Ads,faixa_etaria,35-44,0,0,0.0,0.0,0.0,0.0
Meta Ads,faixa_etaria,18-24,0,0,0.0,0.0,0.0,0.0
Meta Ads,faixa_etaria,25-34,0,0,0.0,0.0,0.0,0.0
Meta Ads,faixa_etaria,35-44,0,0,0.0,0.0,0.0,0.0
Meta Ads,faixa_etaria,18-24,48342,50,71.86,38.0,1.8910526315789473,0.10342972984154566
Meta Ads,faixa_etaria,25-34,51659,41,74.9,31.0,2.416129032258065,0.07936661569136065
Meta Ads,faixa_etaria,35-44,20923,19,31.39,10.0,3.1390000000000002,0.09080915738660804
Meta Ads,faixa_etaria,45-54,9610,8,14.83,6.0,2.4716666666666667,0.08324661810613944
Meta Ads,faixa_etaria,55-64,4920,3,7.32,3.0,2.44,0.06097560975609756
Meta Ads,faixa_etaria,65+,2538,4,3.87,2.0,1.935,0.15760441292356187
Meta Ads,faixa_etaria,18-24,14313,199,48.43,192.0,0.25223958333333335,1.3903444421155593
Meta Ads,faixa_etaria,25-34,18064,229,71.84,220.0,0.3265454545454546,1.2677147918511957
Meta Ads,faixa_etaria,35-44,8051,137,37.83,133.0,0.2844360902255639,1.7016519686995406
Meta Ads,faixa_etaria,45-54,5008,81,20.83,80.0,0.26037499999999997,1.6174121405750796
Meta Ads,faixa_etaria,55-64,4683,66,18.73,64.0,0.29265625,1.4093529788597052
Meta Ads,faixa_etaria,65+,3698,60,15.04,59.0,0.2549152542372881,1.6224986479177934
Meta Ads,faixa_etaria,Unknown,1,0,0.0,0.0,0.0,0.0
Meta Ads,faixa_etaria,18-24,27214,62,36.97,50.0,0.7394,0.22782391416182848
Meta Ads,faixa_etaria,25-34,35927,78,48.49,57.0,0.850701754385965,0.2171069112366744
Meta Ads,faixa_etaria,35-44,20117,33,26.13,23.0,1.136086956521739,0.16404036387135257
Meta Ads,faixa_etaria,45-54,13727,17,18.9,13.0,1.4538461538461538,0.12384352006993517
Meta Ads,faixa_etaria,55-64,10825,26,13.97,12.0,1.1641666666666668,0.24018475750577367
Meta Ads,faixa_etaria,65+,6811,14,8.73,5.0,1.746,0.20554984583761562
Meta Ads,faixa_etaria,Unknown,1,0,0.0,0.0,0.0,0.0
Meta Ads,faixa_etaria,18-24,36824,90,53.5,51.0,1.0490196078431373,0.244405822289811
Meta Ads,faixa_etaria,25-34,36298,82,51.18,57.0,0.8978947368421053,0.22590776351314124
Meta Ads,faixa_etaria,35-44,14877,30,20.61,14.0,1.4721428571428572,0.2016535591853196
Meta Ads,faixa_etaria,45-54,6712,22,10.0,12.0,0.8333333333333334,0.32777115613825986
Meta Ads,faixa_etaria,55-64,3424,7,4.93,3.0,1.6433333333333333,0.20443925233644858
Meta Ads,faixa_etaria,65+,1739,8,2.46,6.0,0.41,0.46003450258769407
Meta Ads,faixa_etaria,Unknown,3,0,0.0,0.0,0.0,0.0
Meta Ads,faixa_etaria,18-24,5092,5,8.24,0.0,0.0,0.09819324430479183
Meta Ads,faixa_etaria,25-34,5021,7,8.73,0.0,0.0,0.13941445927106152
Meta Ads,faixa_etaria,35-44,2448,8,3.72,0.0,0.0,0.32679738562091504
Meta Ads,faixa_etaria,45-54,1179,2,1.78,0.0,0.0,0.16963528413910092
Meta Ads,faixa_etaria,55-64,699,0,1.1,0.0,0.0,0.0
Meta Ads,faixa_etaria,65+,456,1,0.74,0.0,0.0,0.21929824561403508
Meta Ads,faixa_etaria,18-24,151206,165,260.1,110.0,2.3645454545454547,0.10912265386294195
Meta Ads,faixa_etaria,25-34,135186,126,232.7,80.0,2.90875,0.09320491766898939
Meta Ads,faixa_etaria,35-44,46479,38,79.56,19.0,4.187368421052632,0.08175735278297726
Meta Ads,faixa_etaria,45-54,19586,12,33.72,8.0,4.215,0.06126825283365669
Meta Ads,faixa_etaria,55-64,9966,7,17.08,1.0,17.08,0.07023881196066627
Meta Ads,faixa_etaria,65+,4867,1,8.53,0.0,0.0,0.02054653790836244
Meta Ads,faixa_etaria,Unknown,3,0,0.0,0.0,0.0,0.0
Meta Ads,faixa_etaria,18-24,92970,129,153.04,105.0,1.4575238095238094,0.13875443691513392
Meta Ads,faixa_etaria,25-34,103159,170,165.56,122.0,1.3570491803278688,0.1647941527157107
Meta Ads,faixa_etaria,35-44,70891,115,109.31,76.0,1.4382894736842105,0.16222087429998167
Meta Ads,faixa_etaria,45-54,62474,85,93.58,47.0,1.991063829787234,0.13605659954541088
Meta Ads,faixa_etaria,55-64,56920,111,82.35,73.0,1.128082191780822,0.19501054111033028
Meta Ads,faixa_etaria,65+,35150,87,50.97,53.0,0.9616981132075472,0.24751066856330012
Meta Ads,faixa_etaria,18-24,12421,134,38.81,114.0,0.3404385964912281,1.078818130585299
Meta Ads,faixa_etaria,25-34,19232,256,56.56,222.0,0.2547747747747748,1.3311148086522462
Meta Ads,faixa_etaria,35-44,22401,285,56.58,225.0,0.25146666666666667,1.2722646310432568
Meta Ads,faixa_etaria,45-54,34507,414,91.44,290.0,0.3153103448275862,1.1997565711304952
Meta Ads,faixa_etaria,55-64,57248,879,175.0,587.0,0.2981260647359455,1.535424818334265
Meta Ads,faixa_etaria,65+,61934,1243,241.36,859.0,0.2809778812572759,2.006975167113379
Meta Ads,faixa_etaria,18-24,69393,83,118.37,63.0,1.878888888888889,0.1196086060553658
Meta Ads,faixa_etaria,25-34,58796,73,98.25,56.0,1.7544642857142858,0.12415810599360501
Meta Ads,faixa_etaria,35-44,19494,12,33.07,9.0,3.6744444444444446,0.06155740227762388
Meta Ads,faixa_etaria,45-54,7615,5,13.42,4.0,3.355,0.06565988181221273
Meta Ads,faixa_etaria,55-64,4008,2,6.72,1.0,6.72,0.049900199600798396
Meta Ads,faixa_etaria,65+,2056,1,3.73,0.0,0.0,0.048638132295719845
Meta Ads,faixa_etaria,Unknown,1,0,0.0,0.0,0.0,0.0
Meta Ads,faixa_etaria,18-24,33070,36,58.42,26.0,2.246923076923077,0.10885999395222257
Meta Ads,faixa_etaria,25-34,25856,19,44.61,13.0,3.4315384615384614,0.0734839108910891
Meta Ads,faixa_etaria,35-44,7956,5,13.75,3.0,4.583333333333333,0.0628456510809452
Meta Ads,faixa_etaria,45-54,2966,2,5.23,1.0,5.23,0.06743088334457181
Meta Ads,faixa_etaria,55-64,1475,3,2.54,2.0,1.27,0.2033898305084746
Meta Ads,faixa_etaria,65+,783,0,1.45,0.0,0.0,0.0
Meta Ads,faixa_etaria,18-24,5703,7,36.49,0.0,0.0,0.12274241627213747
Meta Ads,faixa_etaria,25-34,4613,12,30.54,0.0,0.0,0.26013440277476696
Meta Ads,faixa_etaria,35-44,2232,5,14.26,0.0,0.0,0.2240143369175627
Meta Ads,faixa_etaria,45-54,1685,3,12.37,0.0,0.0,0.17804154302670622
Meta Ads,faixa_etaria,55-64,1358,1,12.35,0.0,0.0,0.07363770250368189
Meta Ads,faixa_etaria,65+,1011,1,9.93,1.0,9.93,0.09891196834817012
Meta Ads,faixa_etaria,Unknown,1,0,0.01,0.0,0.0,0.0
Meta Ads,faixa_etaria,18-24,146683,181,296.05,150.0,1.9736666666666667,0.12339534915429871
Meta Ads,faixa_etaria,25-34,206891,207,414.56,159.0,2.607295597484277,0.10005268474704071
Meta Ads,faixa_etaria,35-44,80658,74,165.08,57.0,2.896140350877193,0.09174539413325399
Meta Ads,faixa_etaria,45-54,35110,39,70.81,22.0,3.2186363636363637,0.11107946454001708
Meta Ads,faixa_etaria,55-64,17418,10,36.01,7.0,5.144285714285714,0.057411872775289925
Meta Ads,faixa_etaria,65+,8270,10,17.44,10.0,1.7440000000000002,0.12091898428053204
Meta Ads,faixa_etaria,Unknown,2,0,0.0,0.0,0.0,0.0
Meta Ads,faixa_etaria,18-24,152469,224,428.96,173.0,2.479537572254335,0.1469151106126491
Meta Ads,faixa_etaria,25-34,208227,308,602.25,222.0,2.7128378378378377,0.1479154960691937
Meta Ads,faixa_etaria,35-44,88881,116,265.98,81.0,3.283703703703704,0.13051158290298265
Meta Ads,faixa_etaria,45-54,38360,43,117.99,29.0,4.068620689655172,0.11209593326381648
Meta Ads,faixa_etaria,55-64,18541,29,55.78,23.0,2.425217391304348,0.15641011811660643
Meta Ads,faixa_etaria,65+,9133,15,29.02,6.0,4.836666666666667,0.164239570787255
Meta Ads,faixa_etaria,Unknown,2,0,0.02,0.0,0.0,0.0
Meta Ads,faixa_etaria,18-24,3242,20,43.85,16.0,2.740625,0.6169031462060457
Meta Ads,faixa_etaria,25-34,8085,46,117.3,33.0,3.5545454545454547,0.5689548546691404
Meta Ads,faixa_etaria,35-44,8249,56,120.56,34.0,3.5458823529411765,0.6788701660807371
Meta Ads,faixa_etaria,45-54,6234,40,92.76,35.0,2.6502857142857144,0.6416426050689766
Meta Ads,faixa_etaria,55-64,5206,58,74.63,46.0,1.622391304347826,1.114099116404149
Meta Ads,faixa_etaria,65+,3223,33,50.82,26.0,1.9546153846153846,1.023890784982935
Meta Ads,faixa_etaria,Unknown,1,0,0.04,0.0,0.0,0.0
Meta Ads,faixa_etaria,18-24,272069,248,366.23911,170.0,2.154347705882353,0.09115334712885334
Meta Ads,faixa_etaria,25-34,263220,217,351.936802,145.0,2.4271503586206897,0.08244054403160854
Meta Ads,faixa_etaria,35-44,94616,72,126.340391,46.0,2.746530239130435,0.07609706603534286
Meta Ads,faixa_etaria,45-54,37286,36,51.008233,18.0,2.833790722222222,0.09655098428364534
Meta Ads,faixa_etaria,55-64,17720,16,22.963706,8.0,2.87046325,0.09029345372460496
Meta Ads,faixa_etaria,65+,8336,6,10.881756,6.0,1.813626,0.07197696737044146
Meta Ads,faixa_etaria,Unknown,6,0,0.010002,0.0,0.0,0.0
Meta Ads,faixa_etaria,18-24,321158,433,417.553126,354.0,1.1795286045197741,0.13482460346620667
Meta Ads,faixa_etaria,25-34,377597,501,482.538282,388.0,1.2436553659793814,0.132681138886167
Meta Ads,faixa_etaria,35-44,223989,318,281.942368,227.0,1.2420368634361232,0.14197125751711023
Meta Ads,faixa_etaria,45-54,165074,279,205.796327,167.0,1.2323133353293412,0.1690151083756376
Meta Ads,faixa_etaria,55-64,131210,285,160.802757,170.0,0.9458985705882353,0.217209054187943
Meta Ads,faixa_etaria,65+,73774,179,89.99714,95.0,0.9473383157894737,0.24263290590180822
Meta Ads,faixa_etaria,Unknown,1,0,0.0,0.0,0.0,0.0
Meta Ads,faixa_etaria,18-24,7904,148,25.75314,131.0,0.19658885496183204,1.8724696356275303
Meta Ads,faixa_etaria,25-34,21626,427,69.748505,317.0,0.22002682965299683,1.9744751687783224
Meta Ads,faixa_etaria,35-44,30741,644,95.321624,434.0,0.2196350783410138,2.0949220910185096
Meta Ads,faixa_etaria,45-54,61458,1447,224.857419,952.0,0.23619476785714286,2.354453447883107
Meta Ads,faixa_etaria,55-64,128399,3500,508.351989,2251.0,0.22583384673478454,2.7258779273981886
Meta Ads,faixa_etaria,65+,144645,4798,716.097322,3148.0,0.2274769129606099,3.317086660444537
Meta Ads,faixa_etaria,18-24,59109,70,89.493715,49.0,1.8264023469387753,0.11842528210593986
Meta Ads,faixa_etaria,25-34,59642,74,90.213906,67.0,1.3464762089552238,0.12407363938164381
Meta Ads,faixa_etaria,35-44,19272,13,28.847644,12.0,2.403970333333333,0.06745537567455376
Meta Ads,faixa_etaria,45-54,7054,4,10.572802,3.0,3.524267333333333,0.05670541536716756
Meta Ads,faixa_etaria,55-64,3248,2,5.031333,2.0,2.5156665,0.06157635467980296
Meta Ads,faixa_etaria,65+,1553,2,2.260599,2.0,1.1302995,0.128783000643915
Meta Ads,faixa_etaria,Unknown,2,0,0.0,0.0,0.0,0.0
Meta Ads,faixa_etaria,18-24,51249,52,78.512568,38.0,2.0661202105263157,0.10146539444672092
Meta Ads,faixa_etaria,25-34,41618,42,63.448237,34.0,1.8661246176470587,0.10091787207458312
Meta Ads,faixa_etaria,35-44,12799,11,19.125497,5.0,3.8250994,0.08594421439174936
Meta Ads,faixa_etaria,45-54,4779,6,7.232079,5.0,1.4464158,0.12554927809165098
Meta Ads,faixa_etaria,55-64,2415,2,3.671055,2.0,1.8355275,0.08281573498964803
Meta Ads,faixa_etaria,65+,1285,2,1.950561,0.0,0.0,0.1556420233463035
Meta Ads,faixa_etaria,Unknown,3,0,0.010003,0.0,0.0,0.0
Meta Ads,faixa_etaria,18-24,6443,15,36.764391,0.0,0.0,0.23281080242123234
Meta Ads,faixa_etaria,25-34,5457,5,31.9325,0.0,0.0,0.0916254352208173
Meta Ads,faixa_etaria,35-44,2614,4,16.136317,1.0,16.136317,0.1530221882172915
Meta Ads,faixa_etaria,45-54,2140,8,14.965858,0.0,0.0,0.3738317757009346
Meta Ads,faixa_etaria,55-64,1688,1,14.605717,1.0,14.605717,0.05924170616113744
Meta Ads,faixa_etaria,65+,1354,3,13.325216,1.0,13.325216,0.22156573116691286
Meta Ads,faixa_etaria,18-24,0,0,0.0,0.0,0.0,0.0
Meta Ads,faixa_etaria,25-34,0,0,0.0,0.0,0.0,0.0
Meta Ads,faixa_etaria,35-44,0,0,0.0,0.0,0.0,0.0
Meta Ads,faixa_etaria,45-54,0,0,0.0,0.0,0.0,0.0
Meta Ads,faixa_etaria,65+,0,0,0.0,0.0,0.0,0.0
Meta Ads,faixa_etaria,18-24,30499,44,47.742373,38.0,1.2563782368421053,0.1442670251483655
Meta Ads,faixa_etaria,25-34,30405,56,49.063268,41.0,1.1966650731707318,0.18418023351422463
Meta Ads,faixa_etaria,35-44,11194,27,17.601935,18.0,0.9778852777777778,0.2412006432017152
Meta Ads,faixa_etaria,45-54,5826,12,9.146202,7.0,1.3066002857142858,0.20597322348094746
Meta Ads,faixa_etaria,55-64,3822,14,5.964044,6.0,0.9940073333333334,0.3663003663003663
Meta Ads,faixa_etaria,65+,2126,10,3.212178,4.0,0.8030445,0.4703668861712135
Meta Ads,faixa_etaria,Unknown,1,0,0.0,0.0,0.0,0.0
Meta Ads,faixa_etaria,18-24,20818,28,33.02037,20.0,1.6510185,0.13449899125756556
Meta Ads,faixa_etaria,25-34,22172,28,35.322487,17.0,2.0777933529411765,0.12628540501533467
Meta Ads,faixa_etaria,35-44,12017,32,18.186727,7.0,2.598103857142857,0.2662894233169676
Meta Ads,faixa_etaria,45-54,9237,18,13.922805,2.0,6.9614025,0.1948684637869438
Meta Ads,faixa_etaria,55-64,8019,28,12.501498,3.0,4.167166,0.3491707195410899
Meta Ads,faixa_etaria,65+,4200,15,6.646113,0.0,0.0,0.35714285714285715
Meta Ads,faixa_etaria,18-24,65651,87,107.03784,61.0,1.7547186885245902,0.13251892583509772
Meta Ads,faixa_etaria,25-34,71958,87,119.209868,62.0,1.9227398064516128,0.12090386058534144
Meta Ads,faixa_etaria,35-44,26043,23,42.887148,17.0,2.5227734117647063,0.08831547824751372
Meta Ads,faixa_etaria,45-54,10453,6,17.46291,5.0,3.492582,0.057399789534105045
Meta Ads,faixa_etaria,55-64,5514,8,9.06151,6.0,1.5102516666666668,0.14508523757707653
Meta Ads,faixa_etaria,65+,2583,2,4.330722,2.0,2.165361,0.07742934572202864
Meta Ads,faixa_etaria,Unknown,3,0,0.010002,0.0,0.0,0.0
Meta Ads,faixa_etaria,18-24,118308,142,178.573572,101.0,1.7680551683168317,0.1200256956418839
Meta Ads,faixa_etaria,25-34,133352,160,201.804036,122.0,1.6541314426229508,0.11998320235167077
Meta Ads,faixa_etaria,35-44,48555,43,73.911478,28.0,2.6396956428571428,0.0885593656677994
Meta Ads,faixa_etaria,45-54,18116,20,27.620552,16.0,1.7262845,0.11039964672113049
Meta Ads,faixa_etaria,55-64,8253,5,12.610252,4.0,3.152563,0.06058403004967891
Meta Ads,faixa_etaria,65+,3561,8,5.460109,5.0,1.0920218,0.2246559955068801
Meta Ads,faixa_etaria,Unknown,3,0,0.01,0.0,0.0,0.0
Meta Ads,faixa_etaria,18-24,110517,144,173.110387,108.0,1.6028739537037038,0.13029669643584246
Meta Ads,faixa_etaria,25-34,121850,141,191.811509,92.0,2.084907706521739,0.11571604431678292
Meta Ads,faixa_etaria,35-44,48810,55,77.794668,42.0,1.852254,0.11268182749436591
Meta Ads,faixa_etaria,45-54,20175,18,32.771966,13.0,2.5209204615384615,0.08921933085501858
Meta Ads,faixa_etaria,55-64,10269,6,16.210973,2.0,8.1054865,0.05842827928717499
Meta Ads,faixa_etaria,65+,4820,3,8.280497,1.0,8.280497,0.06224066390041493
Meta Ads,faixa_etaria,Unknown,1,0,0.010001,0.0,0.0,0.0
Meta Ads,faixa_etaria,18-24,61806,83,80.494026,53.0,1.51875520754717,0.13429116914215447
Meta Ads,faixa_etaria,25-34,56512,70,72.833643,51.0,1.4281106470588234,0.12386749716874293
Meta Ads,faixa_etaria,35-44,21342,14,27.281365,13.0,2.0985665384615384,0.0655983506700403
Meta Ads,faixa_etaria,45-54,8839,8,11.19056,7.0,1.5986514285714286,0.09050797601538635
Meta Ads,faixa_etaria,55-64,4515,5,5.410271,3.0,1.8034236666666665,0.11074197120708748
Meta Ads,faixa_etaria,65+,2021,1,2.720136,1.0,2.720136,0.04948045522018803
Meta Ads,faixa_etaria,Unknown,1,0,0.0,0.0,0.0,0.0
Meta Ads,faixa_etaria,18-24,64909,126,95.103804,72.0,1.3208861666666667,0.1941179189326596
Meta Ads,faixa_etaria,25-34,65541,107,99.323973,70.0,1.4189139,0.16325658747959293
Meta Ads,faixa_etaria,35-44,23322,30,34.281371,15.0,2.2854247333333335,0.12863390789812193
Meta Ads,faixa_etaria,45-54,8685,12,12.99052,11.0,1.1809563636363636,0.1381692573402418
Meta Ads,faixa_etaria,55-64,3767,5,5.540222,4.0,1.3850555,0.13273161667109104
Meta Ads,faixa_etaria,65+,1675,3,2.730109,3.0,0.9100363333333333,0.1791044776119403
Meta Ads,faixa_etaria,Unknown,1,0,0.01,0.0,0.0,0.0
Meta Ads,faixa_etaria,18-24,61334,96,81.118115,56.0,1.448537767857143,0.1565200378256758
Meta Ads,faixa_etaria,25-34,56259,89,73.057309,61.0,1.1976608032786886,0.15819691071650757
Meta Ads,faixa_etaria,35-44,20746,33,26.862687,23.0,1.1679429130434784,0.15906680805938495
Meta Ads,faixa_etaria,45-54,8645,10,11.031104,3.0,3.6770346666666662,0.11567379988432619
Meta Ads,faixa_etaria,55-64,4292,8,5.410541,6.0,0.9017568333333333,0.1863932898415657
Meta Ads,faixa_etaria,65+,1955,1,2.440244,1.0,2.440244,0.051150895140664954
Meta Ads,faixa_etaria,18-24,85179,128,110.543685,68.0,1.6256424264705882,0.15027178060320032
Meta Ads,faixa_etaria,25-34,84450,162,109.893663,86.0,1.2778332906976744,0.19182948490230906
Meta Ads,faixa_etaria,35-44,34662,45,45.031501,23.0,1.9578913478260869,0.1298251687727194
Meta Ads,faixa_etaria,45-54,15323,21,19.880663,13.0,1.5292817692307692,0.13704888076747374
Meta Ads,faixa_etaria,55-64,8021,11,10.49035,6.0,1.7483916666666666,0.13714000748036406
Meta Ads,faixa_etaria,65+,3490,6,4.140138,3.0,1.380046,0.17191977077363896
Meta Ads,faixa_etaria,Unknown,1,0,0.0,0.0,0.0,0.0
Meta Ads,faixa_etaria,18-24,344161,230,358.743878,116.0,3.0926196379310342,0.06682918750236082
Meta Ads,faixa_etaria,25-34,328414,187,340.533681,110.0,3.0957607363636366,0.05694032532108863
Meta Ads,faixa_etaria,35-44,124676,76,126.491367,40.0,3.162284175,0.06095800314414964
Meta Ads,faixa_etaria,45-54,54413,32,56.620612,17.0,3.3306242352941178,0.05880947567676842
Meta Ads,faixa_etaria,55-64,27784,15,29.060314,5.0,5.8120628000000005,0.0539879067088972
Meta Ads,faixa_etaria,65+,13349,10,13.730148,4.0,3.432537,0.07491197842535022
Meta Ads,faixa_etaria,Unknown,12,0,0.01,0.0,0.0,0.0
Meta Ads,faixa_etaria,18-24,178546,217,147.79959,165.0,0.8957550909090909,0.12153730691250435
Meta Ads,faixa_etaria,25-34,230317,291,188.102205,219.0,0.8589141780821917,0.1263475991785235
Meta Ads,faixa_etaria,35-44,131952,170,106.816931,123.0,0.8684303333333333,0.1288347277797987
Meta Ads,faixa_etaria,45-54,94461,117,78.205074,80.0,0.9775634249999999,0.12386064089941881
Meta Ads,faixa_etaria,55-64,73624,144,60.163904,80.0,0.7520488000000001,0.19558839508855808
Meta Ads,faixa_etaria,65+,42562,116,35.372295,60.0,0.58953825,0.27254358347822
Meta Ads,faixa_etaria,Unknown,3,0,0.0,0.0,0.0,0.0
Meta Ads,faixa_etaria,18-24,3804,90,8.83107,81.0,0.10902555555555556,2.365930599369085
Meta Ads,faixa_etaria,25-34,9476,207,23.662868,167.0,0.14169382035928144,2.1844660194174756
Meta Ads,faixa_etaria,35-44,13031,317,34.294157,254.0,0.13501636614173226,2.4326605786202133
Meta Ads,faixa_etaria,45-54,20425,574,68.708328,448.0,0.15336680357142857,2.810281517747858
Meta Ads,faixa_etaria,55-64,37100,1204,145.397624,971.0,0.14974008650875387,3.2452830188679247
Meta Ads,faixa_etaria,65+,42523,1726,214.105952,1415.0,0.15131162685512367,4.05897984620088
Meta Ads,faixa_etaria,18-24,277773,249,377.68772,40.0,9.442193,0.08964154183451956
Meta Ads,faixa_etaria,25-34,378563,436,518.716868,90.0,5.763520755555556,0.11517237553590816
Meta Ads,faixa_etaria,35-44,219589,293,303.338169,78.0,3.8889508846153844,0.13343109172135217
Meta Ads,faixa_etaria,45-54,153096,202,205.938757,46.0,4.4769295,0.1319433558028949
Meta Ads,faixa_etaria,55-64,117757,173,158.639042,46.0,3.448674826086956,0.1469127100724373
Meta Ads,faixa_etaria,65+,67925,149,91.999445,25.0,3.6799777999999996,0.2193595877806404
Meta Ads,faixa_etaria,Unknown,27,0,0.05,0.0,0.0,0.0
Meta Ads,faixa_etaria,18-24,435448,540,824.758783,396.0,2.0827241994949497,0.1240102147673201
Meta Ads,faixa_etaria,25-34,596624,734,1170.437611,527.0,2.2209442333965845,0.12302555713481188
Meta Ads,faixa_etaria,35-44,270811,301,546.7856,208.0,2.628776923076923,0.11114762694277558
Meta Ads,faixa_etaria,45-54,126671,143,257.481473,97.0,2.654448175257732,0.11289087478586259
Meta Ads,faixa_etaria,55-64,63018,74,129.050762,45.0,2.867794711111111,0.11742676695547304
Meta Ads,faixa_etaria,65+,32916,37,69.115764,24.0,2.8798235,0.11240733989549155
Meta Ads,faixa_etaria,Unknown,16,0,0.070006,0.0,0.0,0.0
Meta Ads,faixa_etaria,18-24,90308,86,105.884091,38.0,2.786423447368421,0.09522965850201533
Meta Ads,faixa_etaria,25-34,88626,88,103.334233,36.0,2.870395361111111,0.09929366100241464
Meta Ads,faixa_etaria,35-44,46214,54,53.57701,15.0,3.571800666666667,0.1168477084866058
Meta Ads,faixa_etaria,45-54,34809,42,39.087819,8.0,4.885977375,0.12065845040075843
Meta Ads,faixa_etaria,55-64,31342,50,34.93805,6.0,5.823008333333333,0.15953034267117605
Meta Ads,faixa_etaria,65+,19460,27,21.538798,5.0,4.3077596,0.13874614594039056
Meta Ads,faixa_etaria,Unknown,11,0,0.009999,0.0,0.0,0.0
Meta Ads,faixa_etaria,18-24,70243,68,81.26,37.0,2.196216216216216,0.0968067992540182
Meta Ads,faixa_etaria,25-34,68382,45,77.68,26.0,2.987692307692308,0.06580679126085812
Meta Ads,faixa_etaria,35-44,25039,24,28.76,16.0,1.7975,0.09585047326171173
Meta Ads,faixa_etaria,45-54,10855,7,12.86,5.0,2.572,0.06448641179180101
Meta Ads,faixa_etaria,55-64,5683,4,6.5,3.0,2.1666666666666665,0.0703853598451522
Meta Ads,faixa_etaria,65+,2695,2,2.89,2.0,1.445,0.07421150278293136
Meta Ads,faixa_etaria,Unknown,19,0,0.0,0.0,0.0,0.0
Meta Ads,faixa_etaria,18-24,132300,100,165.31,3.0,55.10333333333333,0.07558578987150416
Meta Ads,faixa_etaria,25-34,163973,194,203.7,6.0,33.949999999999996,0.11831216114848177
Meta Ads,faixa_etaria,35-44,83023,113,102.32,8.0,12.79,0.13610686195391639
Meta Ads,faixa_etaria,45-54,52059,56,64.44,4.0,16.11,0.10757025682398816
Meta Ads,faixa_etaria,55-64,34946,45,44.46,9.0,4.94,0.12877010244377038
Meta Ads,faixa_etaria,65+,18089,34,22.02,1.0,22.02,0.1879595334180994
Meta Ads,faixa_etaria,Unknown,44,0,0.04,0.0,0.0,0.0
Meta Ads,faixa_etaria,18-24,44355,35,46.11,6.0,7.685,0.07890880396798557
Meta Ads,faixa_etaria,25-34,59314,68,59.86,8.0,7.4825,0.11464409751492058
Meta Ads,faixa_etaria,35-44,40530,40,40.23,4.0,10.0575,0.09869232667160127
Meta Ads,faixa_etaria,45-54,38955,45,38.11,5.0,7.622,0.11551790527531768
Meta Ads,faixa_etaria,55-64,37437,52,37.18,0.0,0.0,0.13890001869807944
Meta Ads,faixa_etaria,65+,24386,52,23.47,4.0,5.8675,0.21323710325596656
Meta Ads,faixa_etaria,Unknown,6,0,0.0,0.0,0.0,0.0
Meta Ads,faixa_etaria,18-24,13099,12,17.92,5.0,3.5840000000000005,0.09161004656844034
Meta Ads,faixa_etaria,25-34,9214,6,11.77,5.0,2.354,0.06511829824180596
Meta Ads,faixa_etaria,35-44,3166,3,3.94,1.0,3.94,0.09475679090334807
Meta Ads,faixa_etaria,45-54,1622,1,2.29,0.0,0.0,0.06165228113440197
Meta Ads,faixa_etaria,55-64,1042,0,1.4,0.0,0.0,0.0
Meta Ads,faixa_etaria,65+,546,0,0.74,0.0,0.0,0.0
Meta Ads,faixa_etaria,Unknown,3,0,0.0,0.0,0.0,0.0
Meta Ads,faixa_etaria,18-24,8063,7,9.53,7.0,1.3614285714285714,0.08681632146843607
Meta Ads,faixa_etaria,25-34,7916,7,9.23,5.0,1.846,0.08842849924204144
Meta Ads,faixa_etaria,35-44,4049,4,4.14,3.0,1.38,0.09878982464806124
Meta Ads,faixa_etaria,45-54,1840,0,1.86,0.0,0.0,0.0
Meta Ads,faixa_etaria,55-64,1703,2,1.69,0.0,0.0,0.11743981209630064
Meta Ads,faixa_etaria,65+,1208,5,1.14,2.0,0.57,0.4139072847682119
Meta Ads,faixa_etaria,Unknown,4,0,0.0,0.0,0.0,0.0
Meta Ads,faixa_etaria,18-24,9864,18,47.75,2.0,23.875,0.18248175182481752
Meta Ads,faixa_etaria,25-34,8322,17,45.01,2.0,22.505,0.20427781783225185
Meta Ads,faixa_etaria,35-44,2773,4,14.83,1.0,14.83,0.144248106743599
Meta Ads,faixa_etaria,45-54,1040,2,6.13,0.0,0.0,0.19230769230769232
Meta Ads,faixa_etaria,55-64,915,2,5.82,0.0,0.0,0.2185792349726776
Meta Ads,faixa_etaria,65+,801,2,5.86,0.0,0.0,0.24968789013732834
Meta Ads,faixa_etaria,18-24,199627,134,237.23,80.0,2.965375,0.0671251884765087
Meta Ads,faixa_etaria,25-34,201293,139,236.7,84.0,2.8178571428571426,0.06905356867849353
Meta Ads,faixa_etaria,35-44,74125,63,87.12,37.0,2.3545945945945945,0.08499156829679595
Meta Ads,faixa_etaria,45-54,32273,23,38.73,12.0,3.2274999999999996,0.07126700337743624
Meta Ads,faixa_etaria,55-64,17104,18,20.38,8.0,2.5475,0.10523854069223575
Meta Ads,faixa_etaria,65+,8128,7,9.64,1.0,9.64,0.08612204724409449
Meta Ads,faixa_etaria,Unknown,34,0,0.03,0.0,0.0,0.0
Meta Ads,faixa_etaria,18-24,278315,230,354.38,6.0,59.06333333333333,0.0826401739036703
Meta Ads,faixa_etaria,25-34,341709,387,431.3,7.0,61.614285714285714,0.11325426020385766
Meta Ads,faixa_etaria,35-44,162242,244,205.19,4.0,51.2975,0.15039262336509657
Meta Ads,faixa_etaria,45-54,95459,144,121.47,3.0,40.49,0.15085010318566086
Meta Ads,faixa_etaria,55-64,65193,131,83.81,5.0,16.762,0.20094181890693785
Meta Ads,faixa_etaria,65+,34961,99,44.96,1.0,44.96,0.2831726781270559
Meta Ads,faixa_etaria,Unknown,76,0,0.09,0.0,0.0,0.0
Meta Ads,faixa_etaria,18-24,111514,115,122.2,35.0,3.4914285714285715,0.10312606488871352
Meta Ads,faixa_etaria,25-34,166582,223,178.41,41.0,4.351463414634146,0.13386800494651283
Meta Ads,faixa_etaria,35-44,116627,146,124.03,15.0,8.268666666666666,0.12518542018572026
Meta Ads,faixa_etaria,45-54,110029,138,118.41,11.0,10.764545454545454,0.1254214797916913
Meta Ads,faixa_etaria,55-64,107483,230,115.8,13.0,8.907692307692308,0.2139873282286501
Meta Ads,faixa_etaria,65+,71157,163,76.13,4.0,19.0325,0.2290709276669899
Meta Ads,faixa_etaria,Unknown,16,0,0.01,0.0,0.0,0.0
Meta Ads,faixa_etaria,18-24,48758,41,62.02,24.0,2.584166666666667,0.08408876492062842
Meta Ads,faixa_etaria,25-34,39637,38,50.87,23.0,2.2117391304347827,0.09587002043545173
Meta Ads,faixa_etaria,35-44,14980,16,19.22,10.0,1.922,0.1068090787716956
Meta Ads,faixa_etaria,45-54,8002,7,10.19,1.0,10.19,0.08747813046738316
Meta Ads,faixa_etaria,55-64,5129,6,6.87,2.0,3.435,0.11698186781048939
Meta Ads,faixa_etaria,65+,2702,4,3.51,1.0,3.51,0.1480384900074019
Meta Ads,faixa_etaria,Unknown,6,0,0.01,0.0,0.0,0.0
Meta Ads,faixa_etaria,18-24,28777,30,31.12,24.0,1.2966666666666666,0.10424992181255865
Meta Ads,faixa_etaria,25-34,31250,30,32.99,22.0,1.4995454545454547,0.096
Meta Ads,faixa_etaria,35-44,16351,6,17.13,3.0,5.71,0.036695003363708636
Meta Ads,faixa_etaria,45-54,12439,5,12.78,0.0,0.0,0.04019615724736715
Meta Ads,faixa_etaria,55-64,11215,5,11.64,0.0,0.0,0.04458314757021846
Meta Ads,faixa_etaria,65+,6929,11,7.14,2.0,3.57,0.15875306682060902
Meta Ads,faixa_etaria,Unknown,6,0,0.01,0.0,0.0,0.0
Meta Ads,faixa_etaria,18-24,44077,74,231.36,5.0,46.272000000000006,0.16788801415704335
Meta Ads,faixa_etaria,25-34,33271,54,178.37,5.0,35.674,0.16230350755913558
Meta Ads,faixa_etaria,35-44,14170,27,77.49,4.0,19.3725,0.19054340155257588
Meta Ads,faixa_etaria,45-54,10033,20,59.48,11.0,5.407272727272727,0.1993421708362404
Meta Ads,faixa_etaria,55-64,8565,20,54.59,9.0,6.065555555555556,0.23350846468184472
Meta Ads,faixa_etaria,65+,7022,18,51.45,6.0,8.575000000000001,0.25633722586157787
Meta Ads,faixa_etaria,Unknown,3,0,0.01,0.0,0.0,0.0
Meta Ads,faixa_etaria,18-24,63829,63,81.09,41.0,1.9778048780487805,0.09870121731501355
Meta Ads,faixa_etaria,25-34,59067,49,74.82,23.0,3.2530434782608695,0.08295664245687101
Meta Ads,faixa_etaria,35-44,20313,12,25.87,9.0,2.8744444444444444,0.059075468911534486
Meta Ads,faixa_etaria,45-54,8277,5,10.51,3.0,3.5033333333333334,0.06040836051709556
Meta Ads,faixa_etaria,55-64,4032,5,5.09,4.0,1.2725,0.1240079365079365
Meta Ads,faixa_etaria,65+,1964,2,2.54,1.0,2.54,0.10183299389002036
Meta Ads,faixa_etaria,Unknown,3,0,0.0,0.0,0.0,0.0
Meta Ads,faixa_etaria,18-24,27403,40,38.8,31.0,1.2516129032258063,0.14596941940663433
Meta Ads,faixa_etaria,25-34,28518,28,39.79,24.0,1.6579166666666667,0.09818360333824251
Meta Ads,faixa_etaria,35-44,9854,7,13.52,3.0,4.506666666666667,0.07103714227724782
Meta Ads,faixa_etaria,45-54,2849,2,4.0,0.0,0.0,0.0702000702000702
Meta Ads,faixa_etaria,55-64,1788,1,2.45,0.0,0.0,0.05592841163310962
Meta Ads,faixa_etaria,65+,870,1,1.38,1.0,1.38,0.11494252873563218
Meta Ads,faixa_etaria,Unknown,2,0,0.0,0.0,0.0,0.0
Meta Ads,faixa_etaria,18-24,40541,22,47.5,0.0,0.0,0.05426605165141462
Meta Ads,faixa_etaria,25-34,30543,18,36.44,1.0,36.44,0.05893330714075238
Meta Ads,faixa_etaria,35-44,10185,1,11.76,0.0,0.0,0.009818360333824251
Meta Ads,faixa_etaria,45-54,4726,0,5.94,0.0,0.0,0.0
Meta Ads,faixa_etaria,55-64,2772,0,3.23,0.0,0.0,0.0
Meta Ads,faixa_etaria,65+,1388,1,1.58,0.0,0.0,0.07204610951008646
Meta Ads,faixa_etaria,Unknown,1,0,0.0,0.0,0.0,0.0
Meta Ads,faixa_etaria,18-24,35382,44,39.79,25.0,1.5916,0.12435701769261207
Meta Ads,faixa_etaria,25-34,46274,65,49.05,25.0,1.962,0.1404676492198643
Meta Ads,faixa_etaria,35-44,32806,41,35.61,16.0,2.225625,0.12497713832835458
Meta Ads,faixa_etaria,45-54,28675,42,29.28,9.0,3.2533333333333334,0.14646904969485616
Meta Ads,faixa_etaria,55-64,28083,63,29.07,19.0,1.53,0.2243350069437026
Meta Ads,faixa_etaria,65+,17529,47,17.19,10.0,1.719,0.26812710365679726
Meta Ads,faixa_etaria,Unknown,3,0,0.01,0.0,0.0,0.0
Meta Ads,faixa_etaria,18-24,7208,17,9.78,13.0,0.7523076923076922,0.2358490566037736
Meta Ads,faixa_etaria,25-34,5987,14,8.5,11.0,0.7727272727272727,0.23383998663771507
Meta Ads,faixa_etaria,35-44,1623,1,2.25,1.0,2.25,0.06161429451632779
Meta Ads,faixa_etaria,45-54,571,0,0.75,0.0,0.0,0.0
Meta Ads,faixa_etaria,55-64,226,0,0.26,0.0,0.0,0.0
Meta Ads,faixa_etaria,65+,110,0,0.15,0.0,0.0,0.0
Meta Ads,faixa_etaria,18-24,4232,7,5.76,0.0,0.0,0.16540642722117202
Meta Ads,faixa_etaria,25-34,6380,17,8.35,0.0,0.0,0.2664576802507837
Meta Ads,faixa_etaria,35-44,5861,23,8.42,3.0,2.8066666666666666,0.3924245009384065
Meta Ads,faixa_etaria,45-54,4870,13,7.03,0.0,0.0,0.2669404517453799
Meta Ads,faixa_etaria,55-64,4043,18,5.36,0.0,0.0,0.4452139500371012
Meta Ads,faixa_etaria,65+,1998,11,2.86,0.0,0.0,0.5505505505505506
Meta Ads,faixa_etaria,Unknown,1,0,0.0,0.0,0.0,0.0
Meta Ads,faixa_etaria,18-24,1919,0,15.8,0.0,0.0,0.0
Meta Ads,faixa_etaria,25-34,1045,9,9.77,0.0,0.0,0.8612440191387559
Meta Ads,faixa_etaria,35-44,427,8,3.7,0.0,0.0,1.873536299765808
Meta Ads,faixa_etaria,45-54,439,16,4.16,0.0,0.0,3.644646924829157
Meta Ads,faixa_etaria,55-64,500,37,4.5,1.0,4.5,7.3999999999999995
Meta Ads,faixa_etaria,65+,563,39,5.36,0.0,0.0,6.927175843694494
Meta Ads,faixa_etaria,18-24,4650,2,6.36,0.0,0.0,0.043010752688172046
Meta Ads,faixa_etaria,25-34,4380,2,5.87,0.0,0.0,0.045662100456621
Meta Ads,faixa_etaria,35-44,2905,5,3.68,1.0,3.68,0.17211703958691912
Meta Ads,faixa_etaria,45-54,2668,2,3.29,0.0,0.0,0.07496251874062969
Meta Ads,faixa_etaria,55-64,2698,9,3.65,0.0,0.0,0.3335804299481097
Meta Ads,faixa_etaria,65+,1544,3,2.02,0.0,0.0,0.19430051813471502
Meta Ads,faixa_etaria,18-24,7255,1,9.83,0.0,0.0,0.013783597518952445
Meta Ads,faixa_etaria,25-34,6511,0,8.71,0.0,0.0,0.0
Meta Ads,faixa_etaria,35-44,2346,0,3.21,0.0,0.0,0.0
Meta Ads,faixa_etaria,45-54,1085,0,1.52,0.0,0.0,0.0
Meta Ads,faixa_etaria,55-64,574,0,0.8,0.0,0.0,0.0
Meta Ads,faixa_etaria,65+,288,0,0.28,0.0,0.0,0.0
Meta Ads,faixa_etaria,18-24,11410,10,15.05,8.0,1.88125,0.0876424189307625
Meta Ads,faixa_etaria,25-34,13858,16,18.18,12.0,1.515,0.11545677586953383
Meta Ads,faixa_etaria,35-44,8893,9,10.27,3.0,3.4233333333333333,0.10120319352299563
Meta Ads,faixa_etaria,45-54,7412,14,8.96,8.0,1.12,0.18888289260658392
Meta Ads,faixa_etaria,55-64,7233,3,8.22,0.0,0.0,0.04147656574035669
Meta Ads,faixa_etaria,65+,4703,4,4.97,2.0,2.485,0.08505209440782478
Meta Ads,faixa_etaria,Unknown,5,0,0.0,0.0,0.0,0.0
Meta Ads,faixa_etaria,18-24,149623,128,181.17,86.0,2.106627906976744,0.08554834484003128
Meta Ads,faixa_etaria,25-34,151904,120,183.47,76.0,2.414078947368421,0.07899726142827049
Meta Ads,faixa_etaria,35-44,61877,60,74.14,39.0,1.901025641025641,0.09696656269696333
Meta Ads,faixa_etaria,45-54,28830,15,33.88,9.0,3.764444444444445,0.052029136316337155
Meta Ads,faixa_etaria,55-64,16125,10,18.97,7.0,2.71,0.062015503875969
Meta Ads,faixa_etaria,65+,7373,5,9.27,5.0,1.8539999999999999,0.06781500067815001
Meta Ads,faixa_etaria,Unknown,15,0,0.02,0.0,0.0,0.0
Meta Ads,faixa_etaria,18-24,56476,62,61.666983,26.0,2.3718070384615384,0.10978114597351087
Meta Ads,faixa_etaria,25-34,86659,100,93.07054,19.0,4.89844947368421,0.1153948233882228
Meta Ads,faixa_etaria,35-44,68132,79,74.158398,11.0,6.741672545454546,0.11595138848118358
Meta Ads,faixa_etaria,45-54,74334,118,78.478887,8.0,9.809860875,0.15874297091505904
Meta Ads,faixa_etaria,55-64,75508,140,80.97917,22.0,3.6808713636363635,0.18541081739683213
Meta Ads,faixa_etaria,65+,50264,161,53.166021,10.0,5.3166021,0.3203087696960051
Meta Ads,faixa_etaria,Unknown,3,0,0.010001,0.0,0.0,0.0
Meta Ads,faixa_etaria,18-24,50158,16,60.54,1.0,60.54,0.03189919853263687
Meta Ads,faixa_etaria,25-34,39612,14,49.61,0.0,0.0,0.03534282540644249
Meta Ads,faixa_etaria,35-44,14326,3,17.88,0.0,0.0,0.020940946530783194
Meta Ads,faixa_etaria,45-54,6839,0,8.54,0.0,0.0,0.0
Meta Ads,faixa_etaria,55-64,3811,0,4.61,0.0,0.0,0.0
Meta Ads,faixa_etaria,65+,1822,0,2.32,0.0,0.0,0.0
Meta Ads,faixa_etaria,Unknown,2,0,0.0,0.0,0.0,0.0
Meta Ads,faixa_etaria,18-24,24804,47,27.51,39.0,0.7053846153846154,0.1894855668440574
Meta Ads,faixa_etaria,25-34,20062,44,23.18,35.0,0.6622857142857143,0.21932010766623466
Meta Ads,faixa_etaria,35-44,6143,7,7.15,6.0,1.1916666666666667,0.11395083835259645
Meta Ads,faixa_etaria,45-54,2238,2,2.47,2.0,1.235,0.08936550491510277
Meta Ads,faixa_etaria,55-64,971,2,1.09,1.0,1.09,0.20597322348094746
Meta Ads,faixa_etaria,65+,398,0,0.51,0.0,0.0,0.0
Meta Ads,faixa_etaria,Unknown,1,0,0.0,0.0,0.0,0.0
Meta Ads,faixa_etaria,18-24,7689,3,7.98,0.0,0.0,0.03901677721420211
Meta Ads,faixa_etaria,25-34,8568,5,8.92,0.0,0.0,0.05835667600373483
Meta Ads,faixa_etaria,35-44,5520,16,6.06,0.0,0.0,0.2898550724637681
Meta Ads,faixa_etaria,45-54,4770,19,5.4,1.0,5.4,0.3983228511530398
Meta Ads,faixa_etaria,55-64,3829,15,4.46,0.0,0.0,0.3917471924784539
Meta Ads,faixa_etaria,65+,1899,6,2.32,1.0,2.32,0.315955766192733
Meta Ads,faixa_etaria,18-24,3055,4,16.378132,0.0,0.0,0.1309328968903437
Meta Ads,faixa_etaria,25-34,1582,8,9.154545,0.0,0.0,0.5056890012642226
Meta Ads,faixa_etaria,35-44,520,7,3.291634,0.0,0.0,1.3461538461538463
Meta Ads,faixa_etaria,45-54,494,15,3.16157,0.0,0.0,3.0364372469635628
Meta Ads,faixa_etaria,55-64,624,22,3.971972,0.0,0.0,3.5256410256410255
Meta Ads,faixa_etaria,65+,630,29,4.322146,1.0,4.322146,4.603174603174604
Meta Ads,faixa_etaria,18-24,53444,28,68.16216,3.0,22.72072,0.05239128807723972
Meta Ads,faixa_etaria,25-34,58049,50,72.192288,1.0,72.192288,0.0861341280642216
Meta Ads,faixa_etaria,35-44,43892,66,55.161748,5.0,11.0323496,0.15036908776086758
Meta Ads,faixa_etaria,45-54,41536,83,51.821642,1.0,51.821642,0.19982665639445302
Meta Ads,faixa_etaria,55-64,35875,76,43.491378,3.0,14.497126,0.2118466898954704
Meta Ads,faixa_etaria,65+,20068,55,24.760785,1.0,24.760785,0.2740681682280247
Meta Ads,faixa_etaria,Unknown,5,0,0.0,0.0,0.0,0.0
Meta Ads,faixa_etaria,18-24,79331,29,98.143657,0.0,0.0,0.0365556970162988
Meta Ads,faixa_etaria,25-34,80205,21,99.743717,1.0,99.743717,0.026182906302599587
Meta Ads,faixa_etaria,35-44,31454,11,39.571474,0.0,0.0,0.0349717047116424
Meta Ads,faixa_etaria,45-54,14457,4,17.390648,0.0,0.0,0.027668257591478177
Meta Ads,faixa_etaria,55-64,7853,2,9.260345,0.0,0.0,0.025467974022666498
Meta Ads,faixa_etaria,65+,3740,0,4.270159,0.0,0.0,0.0
Meta Ads,faixa_etaria,Unknown,18,0,0.0,0.0,0.0,0.0
Meta Ads,faixa_etaria,18-24,393524,426,527.179178,330.0,1.5975126606060606,0.10825260975188299
Meta Ads,faixa_etaria,25-34,461173,499,610.680632,375.0,1.6284816853333333,0.10820234489009548
Meta Ads,faixa_etaria,35-44,205350,265,267.744661,162.0,1.6527448209876543,0.12904796688580472
Meta Ads,faixa_etaria,45-54,120585,106,148.972594,60.0,2.4828765666666666,0.08790479744578514
Meta Ads,faixa_etaria,55-64,88754,62,106.371852,17.0,6.2571677647058825,0.06985600648984835
Meta Ads,faixa_etaria,65+,51807,43,62.201083,9.0,6.911231444444444,0.08300036674580655
Meta Ads,faixa_etaria,Unknown,62,0,0.070001,0.0,0.0,0.0
Meta Ads,faixa_etaria,18-24,244940,193,353.156468,41.0,8.613572390243903,0.07879480689148363
Meta Ads,faixa_etaria,25-34,263569,212,384.99615,24.0,16.04150625,0.08043434546551377
Meta Ads,faixa_etaria,35-44,99633,77,145.198548,8.0,18.1498185,0.07728363092549657
Meta Ads,faixa_etaria,45-54,45263,31,65.699343,3.0,21.899781,0.06848861100678258
Meta Ads,faixa_etaria,55-64,23243,9,34.199658,1.0,34.199658,0.03872133545583616
Meta Ads,faixa_etaria,65+,11485,1,16.669833,0.0,0.0,0.0087070091423596
Meta Ads,faixa_etaria,Unknown,23,0,0.0,0.0,0.0,0.0
Meta Ads,faixa_etaria,18-24,33210,18,44.57,0.0,0.0,0.05420054200542006
Meta Ads,faixa_etaria,25-34,35906,27,48.07,2.0,24.035,0.07519634601459366
Meta Ads,faixa_etaria,35-44,28083,36,36.62,4.0,9.155,0.12819143253925863
Meta Ads,faixa_etaria,45-54,30201,38,39.49,1.0,39.49,0.12582364822356876
Meta Ads,faixa_etaria,55-64,32209,68,41.97,4.0,10.4925,0.21112111521624388
Meta Ads,faixa_etaria,65+,20750,54,26.25,3.0,8.75,0.26024096385542167
Meta Ads,faixa_etaria,Unknown,4,0,0.02,0.0,0.0,0.0
Meta Ads,faixa_etaria,18-24,61128,59,82.0,47.0,1.7446808510638299,0.09651878026436331
Meta Ads,faixa_etaria,25-34,49891,55,67.17,42.0,1.5992857142857144,0.11024032390611534
Meta Ads,faixa_etaria,35-44,14715,17,19.48,12.0,1.6233333333333333,0.11552837240910636
Meta Ads,faixa_etaria,45-54,5212,7,7.41,7.0,1.0585714285714285,0.1343054489639294
Meta Ads,faixa_etaria,55-64,2095,1,2.88,0.0,0.0,0.0477326968973747
Meta Ads,faixa_etaria,65+,1040,1,1.23,1.0,1.23,0.09615384615384616
Meta Ads,faixa_etaria,Unknown,15,0,0.01,0.0,0.0,0.0
Meta Ads,faixa_etaria,18-24,107701,46,147.195794,9.0,16.35508822222222,0.042710838339476885
Meta Ads,faixa_etaria,25-34,96902,34,130.476272,4.0,32.619068,0.0350869951084601
Meta Ads,faixa_etaria,35-44,32183,10,43.728751,0.0,0.0,0.031072305254326818
Meta Ads,faixa_etaria,45-54,11971,4,17.059513,0.0,0.0,0.03341408403642135
Meta Ads,faixa_etaria,55-64,5795,0,7.669781,0.0,0.0,0.0
Meta Ads,faixa_etaria,65+,2780,1,3.829891,0.0,0.0,0.03597122302158273
Meta Ads,faixa_etaria,Unknown,34,0,0.029999,0.0,0.0,0.0
Meta Ads,faixa_etaria,18-24,19305,7,27.13,1.0,27.13,0.03626003626003626
Meta Ads,faixa_etaria,25-34,14843,8,21.62,0.0,0.0,0.05389746008219363
Meta Ads,faixa_etaria,35-44,6382,1,8.89,1.0,8.89,0.015669069257286117
Meta Ads,faixa_etaria,45-54,4512,5,6.44,2.0,3.22,0.11081560283687944
Meta Ads,faixa_etaria,55-64,3583,6,4.84,2.0,2.42,0.1674574379012001
Meta Ads,faixa_etaria,65+,2124,2,2.89,0.0,0.0,0.09416195856873823
Meta Ads,faixa_etaria,Unknown,3,0,0.0,0.0,0.0,0.0
Meta Ads,faixa_etaria,18-24,20943,11,29.53,2.0,14.765,0.05252351621066705
Meta Ads,faixa_etaria,25-34,20051,12,28.82,1.0,28.82,0.05984738915764799
Meta Ads,faixa_etaria,35-44,10429,8,14.86,0.0,0.0,0.0767091763352191
Meta Ads,faixa_etaria,45-54,8154,14,11.44,0.0,0.0,0.17169487368162864
Meta Ads,faixa_etaria,55-64,7209,26,10.69,0.0,0.0,0.36066028575391873
Meta Ads,faixa_etaria,65+,4201,16,5.76,0.0,0.0,0.38086169959533445
Meta Ads,faixa_etaria,Unknown,7,0,0.01,0.0,0.0,0.0
Meta Ads,faixa_etaria,18-24,21078,33,30.635589,1.0,30.635589,0.15656134358098492
Meta Ads,faixa_etaria,25-34,27914,45,39.624294,2.0,19.812147,0.16120942896037832
Meta Ads,faixa_etaria,35-44,17639,66,24.786431,0.0,0.0,0.3741708713645898
Meta Ads,faixa_etaria,45-54,14119,49,19.007263,0.0,0.0,0.34705007436787305
Meta Ads,faixa_etaria,55-64,11412,43,15.757731,1.0,15.757731,0.3767963547143358
Meta Ads,faixa_etaria,65+,6162,28,9.058696,0.0,0.0,0.45439792275235313
Meta Ads,faixa_etaria,Unknown,8,0,0.019997,0.0,0.0,0.0
Meta Ads,faixa_etaria,18-24,56427,27,80.346785,2.0,40.1733925,0.04784943378170025
Meta Ads,faixa_etaria,25-34,54719,24,79.116835,4.0,19.77920875,0.0438604506661306
Meta Ads,faixa_etaria,35-44,26990,21,38.378465,1.0,38.378465,0.07780659503519823
Meta Ads,faixa_etaria,45-54,17416,12,24.609015,0.0,0.0,0.06890215893431327
Meta Ads,faixa_etaria,55-64,12657,28,18.199272,1.0,18.199272,0.2212214584814727
Meta Ads,faixa_etaria,65+,6417,14,9.279629,0.0,0.0,0.21817048465014804
Meta Ads,faixa_etaria,Unknown,14,0,0.019999,0.0,0.0,0.0
Meta Ads,faixa_etaria,18-24,21286,9,30.452949,0.0,0.0,0.04228131166024617
Meta Ads,faixa_etaria,25-34,21220,5,29.342842,0.0,0.0,0.0235626767200754
Meta Ads,faixa_etaria,35-44,12119,7,17.591704,0.0,0.0,0.05776054129878703
Meta Ads,faixa_etaria,45-54,8714,4,12.531214,1.0,12.531214,0.04590314436538903
Meta Ads,faixa_etaria,55-64,6347,7,9.270898,0.0,0.0,0.11028832519300456
Meta Ads,faixa_etaria,65+,2915,5,4.070394,0.0,0.0,0.17152658662092624
Meta Ads,faixa_etaria,Unknown,5,0,0.0,0.0,0.0,0.0
Meta Ads,faixa_etaria,18-24,14527,11,21.056366,1.0,21.056366,0.0757210711089695
Meta Ads,faixa_etaria,25-34,10952,7,16.647127,1.0,16.647127,0.06391526661796933
Meta Ads,faixa_etaria,35-44,4945,8,7.218754,0.0,0.0,0.16177957532861476
Meta Ads,faixa_etaria,45-54,3810,4,5.079124,0.0,0.0,0.10498687664041995
Meta Ads,faixa_etaria,55-64,3255,5,5.089122,0.0,0.0,0.15360983102918588
Meta Ads,faixa_etaria,65+,1909,3,2.859507,0.0,0.0,0.1571503404924044
Meta Ads,faixa_etaria,18-24,4874,6,23.99,0.0,0.0,0.12310217480508823
Meta Ads,faixa_etaria,25-34,3163,4,15.14,3.0,5.046666666666667,0.12646221941195068
Meta Ads,faixa_etaria,35-44,1214,0,5.69,0.0,0.0,0.0
Meta Ads,faixa_etaria,45-54,743,1,3.53,0.0,0.0,0.13458950201884254
Meta Ads,faixa_etaria,55-64,619,2,3.34,0.0,0.0,0.32310177705977383
Meta Ads,faixa_etaria,65+,487,1,2.85,0.0,0.0,0.20533880903490762
Meta Ads,faixa_etaria,Unknown,2,0,0.01,0.0,0.0,0.0
Meta Ads,faixa_etaria,18-24,17242,9,24.687519,1.0,24.687519,0.052198120867648766
Meta Ads,faixa_etaria,25-34,21788,25,31.496834,1.0,31.496834,0.11474205984945841
Meta Ads,faixa_etaria,35-44,12573,22,17.368254,0.0,0.0,0.17497812773403326
Meta Ads,faixa_etaria,45-54,8627,13,11.908803,0.0,0.0,0.1506896951431552
Meta Ads,faixa_etaria,55-64,6613,21,9.559039,0.0,0.0,0.31755632844397397
Meta Ads,faixa_etaria,65+,3320,6,4.47955,0.0,0.0,0.18072289156626506
Meta Ads,faixa_etaria,Unknown,1,0,0.0,0.0,0.0,0.0
Meta Ads,faixa_etaria,18-24,5935,131,20.37,121.0,0.16834710743801654,2.2072451558550967
Meta Ads,faixa_etaria,25-34,10516,268,45.99,242.0,0.1900413223140496,2.5484975275770254
Meta Ads,faixa_etaria,35-44,7163,150,32.97,144.0,0.22895833333333332,2.094094653078319
Meta Ads,faixa_etaria,45-54,5715,85,24.78,75.0,0.3304,1.4873140857392826
Meta Ads,faixa_etaria,55-64,9546,192,39.4,177.0,0.22259887005649717,2.011313639220616
Meta Ads,faixa_etaria,65+,11688,289,59.23,269.0,0.22018587360594793,2.472621492128679
Meta Ads,faixa_etaria,18-24,28,0,0.15,0.0,0.0,0.0
Meta Ads,faixa_etaria,25-34,302,1,4.24,1.0,4.24,0.33112582781456956
Meta Ads,faixa_etaria,35-44,398,1,5.79,1.0,5.79,0.25125628140703515
Meta Ads,faixa_etaria,45-54,193,4,4.18,3.0,1.3933333333333333,2.072538860103627
Meta Ads,faixa_etaria,55-64,40,0,0.48,0.0,0.0,0.0
Meta Ads,faixa_etaria,65+,36,0,0.7,0.0,0.0,0.0
Meta Ads,faixa_etaria,18-24,31711,26,48.70265,18.0,2.705702777777778,0.08199047649080761
Meta Ads,faixa_etaria,25-34,35209,20,52.792033,15.0,3.5194688666666667,0.05680365815558522
Meta Ads,faixa_etaria,35-44,28625,31,46.083046,21.0,2.194430761904762,0.10829694323144104
Meta Ads,faixa_etaria,45-54,28907,32,48.222723,17.0,2.8366307647058826,0.11069983049088457
Meta Ads,faixa_etaria,55-64,23960,44,41.243776,24.0,1.7184906666666666,0.18363939899833057
Meta Ads,faixa_etaria,65+,16420,36,27.945783,20.0,1.39728915,0.21924482338611448
Meta Ads,faixa_etaria,Unknown,32,0,0.069989,0.0,0.0,0.0
Meta Ads,faixa_etaria,18-24,5415,7,8.029013,0.0,0.0,0.12927054478301017
Meta Ads,faixa_etaria,25-34,11402,17,16.917921,0.0,0.0,0.1490966497105771
Meta Ads,faixa_etaria,35-44,11312,14,16.427981,1.0,16.427981,0.12376237623762376
Meta Ads,faixa_etaria,45-54,10716,23,16.248003,1.0,16.248003,0.21463232549458755
Meta Ads,faixa_etaria,55-64,9978,12,15.428104,0.0,0.0,0.12026458208057728
Meta Ads,faixa_etaria,65+,5441,19,8.328977,1.0,8.328977,0.3492005146112847
Meta Ads,faixa_etaria,18-24,2301,3,3.16,1.0,3.16,0.1303780964797914
Meta Ads,faixa_etaria,25-34,2151,1,3.4,1.0,3.4,0.046490004649000466
Meta Ads,faixa_etaria,35-44,724,1,1.21,1.0,1.21,0.13812154696132595
Meta Ads,faixa_etaria,45-54,277,0,0.29,0.0,0.0,0.0
Meta Ads,faixa_etaria,55-64,152,0,0.16,0.0,0.0,0.0
Meta Ads,faixa_etaria,65+,76,0,0.14,0.0,0.0,0.0
Meta Ads,faixa_etaria,18-24,161511,126,205.56,79.0,2.602025316455696,0.07801326225458328
Meta Ads,faixa_etaria,25-34,163647,137,207.05,91.0,2.275274725274725,0.08371678063148118
Meta Ads,faixa_etaria,35-44,65009,59,82.36,42.0,1.960952380952381,0.09075666446184374
Meta Ads,faixa_etaria,45-54,29276,18,37.73,13.0,2.902307692307692,0.06148380926356059
Meta Ads,faixa_etaria,55-64,16089,8,20.54,6.0,3.4233333333333333,0.04972341351233762
Meta Ads,faixa_etaria,65+,7762,6,9.89,2.0,4.945,0.07729966503478485
Meta Ads,faixa_etaria,Unknown,10,0,0.02,0.0,0.0,0.0
Meta Ads,faixa_etaria,18-24,18406,9,23.79,5.0,4.758,0.04889709877213952
Meta Ads,faixa_etaria,25-34,21659,18,28.31,12.0,2.3591666666666664,0.08310632993212982
Meta Ads,faixa_etaria,35-44,9113,10,12.31,7.0,1.7585714285714287,0.10973334796444639
Meta Ads,faixa_etaria,45-54,4161,5,5.77,4.0,1.4425,0.1201634222542658
Meta Ads,faixa_etaria,55-64,2220,2,2.78,2.0,1.39,0.09009009009009009
Meta Ads,faixa_etaria,65+,1131,2,1.22,1.0,1.22,0.17683465959328026
Meta Ads,faixa_etaria,Unknown,2,0,0.0,0.0,0.0,0.0
Meta Ads,faixa_etaria,18-24,14402,8,16.177387,0.0,0.0,0.05554784057769754
Meta Ads,faixa_etaria,25-34,14729,3,17.197223,0.0,0.0,0.020367981533030075
Meta Ads,faixa_etaria,35-44,7903,4,8.908561,0.0,0.0,0.05061369100341642
Meta Ads,faixa_etaria,45-54,6531,4,7.868729,0.0,0.0,0.06124636349716736
Meta Ads,faixa_etaria,55-64,6239,12,7.648765,0.0,0.0,0.1923385157877865
Meta Ads,faixa_etaria,65+,3658,15,4.119335,0.0,0.0,0.4100601421541826
Meta Ads,faixa_etaria,18-24,17287,6,20.78,0.0,0.0,0.03470816220281136
Meta Ads,faixa_etaria,25-34,21205,16,24.85,0.0,0.0,0.0754539023815138
Meta Ads,faixa_etaria,35-44,13201,18,15.39,0.0,0.0,0.13635330656768427
Meta Ads,faixa_etaria,45-54,11444,18,13.0,0.0,0.0,0.15728766165676336
Meta Ads,faixa_etaria,55-64,10285,28,11.41,0.0,0.0,0.2722411278561011
Meta Ads,faixa_etaria,65+,5721,14,6.44,0.0,0.0,0.24471246285614404
Meta Ads,faixa_etaria,Unknown,2,0,0.01,0.0,0.0,0.0
Meta Ads,faixa_etaria,18-24,32451,14,38.23,0.0,0.0,0.043141967890049614
Meta Ads,faixa_etaria,25-34,33210,15,38.85,1.0,38.85,0.045167118337850046
Meta Ads,faixa_etaria,35-44,20685,9,23.73,0.0,0.0,0.0435097897026831
Meta Ads,faixa_etaria,45-54,17278,25,19.76,3.0,6.586666666666667,0.14469267276305128
Meta Ads,faixa_etaria,55-64,14658,23,17.06,0.0,0.0,0.15691090189657525
Meta Ads,faixa_etaria,65+,7766,14,9.04,1.0,9.04,0.18027298480556272
Meta Ads,faixa_etaria,Unknown,4,0,0.0,0.0,0.0,0.0
Meta Ads,faixa_etaria,18-24,42169,20,48.93,1.0,48.93,0.04742820555384287
Meta Ads,faixa_etaria,25-34,48005,27,54.95,0.0,0.0,0.056244141235287995
Meta Ads,faixa_etaria,35-44,29118,36,33.55,0.0,0.0,0.123634865031939
Meta Ads,faixa_etaria,45-54,23338,37,26.63,0.0,0.0,0.15853972062730312
Meta Ads,faixa_etaria,55-64,20820,33,23.04,0.0,0.0,0.1585014409221902
Meta Ads,faixa_etaria,65+,11808,35,13.36,0.0,0.0,0.29640921409214094
Meta Ads,faixa_etaria,Unknown,7,0,0.0,0.0,0.0,0.0
Meta Ads,faixa_etaria,18-24,42422,632,104.277866,599.0,0.1740865876460768,1.4897930319174013
Meta Ads,faixa_etaria,25-34,63443,1155,200.725892,1099.0,0.1826441237488626,1.8205318159607835
Meta Ads,faixa_etaria,35-44,32628,656,125.857424,613.0,0.2053139053833605,2.0105430918229743
Meta Ads,faixa_etaria,45-54,24272,498,97.348008,471.0,0.2066836687898089,2.0517468688200395
Meta Ads,faixa_etaria,55-64,45045,972,179.286331,871.0,0.20583964523536163,2.157842157842158
Meta Ads,faixa_etaria,65+,60634,1371,269.69448,1186.0,0.22739838111298483,2.2611076293828547
Meta Ads,faixa_etaria,Unknown,3,0,0.0,0.0,0.0,0.0
Meta Ads,faixa_etaria,18-24,6262,2,8.44,0.0,0.0,0.031938677738741615
Meta Ads,faixa_etaria,25-34,8153,0,10.54,0.0,0.0,0.0
Meta Ads,faixa_etaria,35-44,4777,3,6.29,0.0,0.0,0.06280092108017585
Meta Ads,faixa_etaria,45-54,3530,2,4.41,0.0,0.0,0.05665722379603399
Meta Ads,faixa_etaria,55-64,2707,0,3.42,0.0,0.0,0.0
Meta Ads,faixa_etaria,65+,1553,1,1.82,0.0,0.0,0.0643915003219575
Meta Ads,faixa_etaria,Unknown,4,0,0.0,0.0,0.0,0.0
Meta Ads,faixa_etaria,18-24,41053,54,46.61,32.0,1.4565625,0.13153728107568263
Meta Ads,faixa_etaria,25-34,49622,47,59.25,27.0,2.1944444444444446,0.09471605336342752
Meta Ads,faixa_etaria,35-44,31748,53,37.03,25.0,1.4812,0.16693964974171602
Meta Ads,faixa_etaria,45-54,26882,44,31.75,23.0,1.3804347826086956,0.16367829774570344
Meta Ads,faixa_etaria,55-64,23456,53,27.49,15.0,1.8326666666666667,0.2259549795361528
Meta Ads,faixa_etaria,65+,14291,49,16.47,18.0,0.9149999999999999,0.34287313693933247
Meta Ads,faixa_etaria,Unknown,4,0,0.01,0.0,0.0,0.0
Meta Ads,faixa_etaria,18-24,37376,13,44.745991,0.0,0.0,0.03478167808219178
Meta Ads,faixa_etaria,25-34,32294,7,37.966598,1.0,37.966598,0.021675853099646994
Meta Ads,faixa_etaria,35-44,12283,1,14.298719,0.0,0.0,0.00814133355043556
Meta Ads,faixa_etaria,45-54,6105,1,7.36934,0.0,0.0,0.01638001638001638
Meta Ads,faixa_etaria,55-64,3755,3,4.79957,0.0,0.0,0.07989347536617843
Meta Ads,faixa_etaria,65+,2022,1,2.429782,0.0,0.0,0.04945598417408506
Meta Ads,faixa_etaria,Unknown,6,0,0.0,0.0,0.0,0.0
Meta Ads,faixa_etaria,18-24,10853,240,47.280473,245.0,0.1929815224489796,2.2113701280751865
Meta Ads,faixa_etaria,25-34,70012,842,183.921839,914.0,0.20122739496717726,1.2026509741187226
Meta Ads,faixa_etaria,35-44,121117,1323,304.213042,1579.0,0.19266183787207092,1.0923322076999926
Meta Ads,faixa_etaria,45-54,95018,864,183.641837,957.0,0.19189324660397075,0.9093013955250584
Meta Ads,faixa_etaria,55-64,88101,574,120.881209,626.0,0.19310097284345049,0.651524954313799
Meta Ads,faixa_etaria,65+,110672,802,159.9516,855.0,0.1870778947368421,0.7246638716206448
Meta Ads,faixa_etaria,Unknown,1,1,0.050001,1.0,0.050001,100.0
Meta Ads,faixa_etaria,18-24,71882,24,97.393899,0.0,0.0,0.03338805264182967
Meta Ads,faixa_etaria,25-34,67735,16,92.233692,0.0,0.0,0.023621466007234075
Meta Ads,faixa_etaria,35-44,24711,9,33.531342,0.0,0.0,0.036421027072963456
Meta Ads,faixa_etaria,45-54,10560,6,13.98056,0.0,0.0,0.056818181818181816
Meta Ads,faixa_etaria,55-64,5933,4,8.380335,0.0,0.0,0.06741951795044665
Meta Ads,faixa_etaria,65+,3063,1,4.300172,0.0,0.0,0.0326477309826967
Meta Ads,faixa_etaria,Unknown,2,0,0.0,0.0,0.0,0.0
Meta Ads,faixa_etaria,18-24,85093,28,117.6,0.0,0.0,0.03290517433866476
Meta Ads,faixa_etaria,25-34,79968,25,110.16,1.0,110.16,0.0312625050020008
Meta Ads,faixa_etaria,35-44,29829,17,41.28,0.0,0.0,0.056991518321096925
Meta Ads,faixa_etaria,45-54,12680,7,17.34,0.0,0.0,0.055205047318611984
Meta Ads,faixa_etaria,55-64,6808,1,9.01,0.0,0.0,0.014688601645123384
Meta Ads,faixa_etaria,65+,3405,2,4.56,0.0,0.0,0.05873715124816446
Meta Ads,faixa_etaria,Unknown,1,0,0.0,0.0,0.0,0.0
Meta Ads,faixa_etaria,18-24,28396,33,51.71,26.0,1.988846153846154,0.11621355120439499
Meta Ads,faixa_etaria,25-34,26253,32,47.66,21.0,2.2695238095238093,0.12189083152401631
Meta Ads,faixa_etaria,35-44,9676,14,17.85,8.0,2.23125,0.14468788755684167
Meta Ads,faixa_etaria,45-54,4193,1,7.52,1.0,7.52,0.023849272597185785
Meta Ads,faixa_etaria,55-64,2211,2,4.13,2.0,2.065,0.09045680687471733
Meta Ads,faixa_etaria,65+,1075,0,1.82,0.0,0.0,0.0
Meta Ads,faixa_etaria,18-24,6815,296,28.39,268.0,0.10593283582089552,4.343360234776228
Meta Ads,faixa_etaria,25-34,10901,558,51.5,527.0,0.09772296015180265,5.118796440693514
Meta Ads,faixa_etaria,35-44,3979,199,21.4,189.0,0.11322751322751322,5.001256597134959
Meta Ads,faixa_etaria,45-54,2256,101,11.51,96.0,0.11989583333333333,4.476950354609929
Meta Ads,faixa_etaria,55-64,2242,70,8.62,73.0,0.11808219178082191,3.1222123104371096
Meta Ads,faixa_etaria,65+,1729,35,6.37,35.0,0.182,2.0242914979757085
Meta Ads,faixa_etaria,18-24,22209,7,35.984139,0.0,0.0,0.03151875365842677
Meta Ads,faixa_etaria,25-34,18452,7,30.25348,1.0,30.25348,0.03793626707132018
Meta Ads,faixa_etaria,35-44,7024,3,11.511324,0.0,0.0,0.042710706150341685
Meta Ads,faixa_etaria,45-54,3054,2,4.850558,0.0,0.0,0.06548788474132286
Meta Ads,faixa_etaria,55-64,1694,1,2.900334,0.0,0.0,0.05903187721369539
Meta Ads,faixa_etaria,65+,842,0,1.430165,0.0,0.0,0.0
Meta Ads,faixa_etaria,18-24,9958,11,18.96,7.0,2.7085714285714286,0.11046394858405303
Meta Ads,faixa_etaria,25-34,9525,8,18.62,6.0,3.1033333333333335,0.08398950131233596
Meta Ads,faixa_etaria,35-44,3432,5,6.82,3.0,2.2733333333333334,0.1456876456876457
Meta Ads,faixa_etaria,45-54,1583,0,2.91,0.0,0.0,0.0
Meta Ads,faixa_etaria,55-64,908,0,1.92,0.0,0.0,0.0
Meta Ads,faixa_etaria,65+,448,0,0.78,0.0,0.0,0.0
Meta Ads,faixa_etaria,18-24,3399,6,6.8,6.0,1.1333333333333333,0.176522506619594
Meta Ads,faixa_etaria,25-34,3101,8,6.18,5.0,1.236,0.2579812963560142
Meta Ads,faixa_etaria,35-44,1257,3,2.48,3.0,0.8266666666666667,0.23866348448687352
Meta Ads,faixa_etaria,45-54,544,1,1.1,1.0,1.1,0.1838235294117647
Meta Ads,faixa_etaria,55-64,255,0,0.57,0.0,0.0,0.0
Meta Ads,faixa_etaria,65+,101,0,0.16,0.0,0.0,0.0
Meta Ads,faixa_etaria,18-24,56031,45,81.66,26.0,3.1407692307692305,0.08031268404990095
Meta Ads,faixa_etaria,25-34,59711,40,88.34,25.0,3.5336000000000003,0.06698933194888713
Meta Ads,faixa_etaria,35-44,24650,14,36.39,8.0,4.54875,0.056795131845841784
Meta Ads,faixa_etaria,45-54,11507,5,16.73,4.0,4.1825,0.04345181194055792
Meta Ads,faixa_etaria,55-64,6299,1,9.31,0.0,0.0,0.015875535799333228
Meta Ads,faixa_etaria,65+,3095,1,4.7,0.0,0.0,0.03231017770597738
Meta Ads,faixa_etaria,Unknown,3,0,0.0,0.0,0.0,0.0
Meta Ads,faixa_etaria,18-24,62033,64,99.97,43.0,2.3248837209302327,0.10317089291183724
Meta Ads,faixa_etaria,25-34,66001,63,107.34,45.0,2.3853333333333335,0.09545309919546674
Meta Ads,faixa_etaria,35-44,26754,23,42.96,17.0,2.527058823529412,0.0859684533153921
Meta Ads,faixa_etaria,45-54,12160,9,19.99,9.0,2.221111111111111,0.07401315789473685
Meta Ads,faixa_etaria,55-64,6177,4,10.06,3.0,3.3533333333333335,0.06475635421725758
Meta Ads,faixa_etaria,65+,3100,4,5.26,2.0,2.63,0.12903225806451613
Meta Ads,faixa_etaria,Unknown,2,0,0.0,0.0,0.0,0.0
Meta Ads,faixa_etaria,18-24,9811,364,39.83,346.0,0.11511560693641618,3.7101212924268676
Meta Ads,faixa_etaria,25-34,23273,1013,106.8,972.0,0.10987654320987654,4.352683366991792
Meta Ads,faixa_etaria,35-44,14132,760,78.5,736.0,0.10665760869565218,5.3778658363996605
Meta Ads,faixa_etaria,45-54,7192,387,41.13,385.0,0.10683116883116883,5.380978865406007
Meta Ads,faixa_etaria,55-64,4948,223,22.99,224.0,0.10263392857142857,4.506871463217461
Meta Ads,faixa_etaria,65+,3554,64,12.25,68.0,0.1801470588235294,1.8007878446820484
Meta Ads,faixa_etaria,18-24,47529,15,69.87,2.0,34.935,0.03155967935365777
Meta Ads,faixa_etaria,25-34,47486,11,70.72,1.0,70.72,0.02316472223392158
Meta Ads,faixa_etaria,35-44,19121,6,28.25,0.0,0.0,0.03137911197113122
Meta Ads,faixa_etaria,45-54,8454,4,12.56,0.0,0.0,0.04731488052992666
Meta Ads,faixa_etaria,55-64,4410,0,6.46,0.0,0.0,0.0
Meta Ads,faixa_etaria,65+,2015,1,2.72,0.0,0.0,0.04962779156327543
Meta Ads,faixa_etaria,Unknown,2,0,0.0,0.0,0.0,0.0
Meta Ads,faixa_etaria,18-24,149211,178,221.53,125.0,1.77224,0.11929415391626623
Meta Ads,faixa_etaria,25-34,164041,174,245.86,138.0,1.7815942028985507,0.10607104321480605
Meta Ads,faixa_etaria,35-44,85959,97,123.17,86.0,1.4322093023255815,0.11284449563163834
Meta Ads,faixa_etaria,45-54,72974,101,96.05,93.0,1.032795698924731,0.13840545947871846
Meta Ads,faixa_etaria,55-64,62530,82,80.18,78.0,1.0279487179487181,0.13113705421397728
Meta Ads,faixa_etaria,65+,44934,78,56.47,69.0,0.8184057971014492,0.1735879289624783
Meta Ads,faixa_etaria,Unknown,13,0,0.04,0.0,0.0,0.0
Meta Ads,faixa_etaria,18-24,66520,31,100.25,0.0,0.0,0.04660252555622369
Meta Ads,faixa_etaria,25-34,68039,27,103.22,0.0,0.0,0.03968312291479887
Meta Ads,faixa_etaria,35-44,26959,9,41.76,0.0,0.0,0.03338402759746281
Meta Ads,faixa_etaria,45-54,11903,5,17.91,0.0,0.0,0.04200621692010417
Meta Ads,faixa_etaria,55-64,6245,10,9.5,0.0,0.0,0.16012810248198558
Meta Ads,faixa_etaria,65+,3014,2,4.99,0.0,0.0,0.06635700066357
Meta Ads,faixa_etaria,Unknown,5,0,0.0,0.0,0.0,0.0
Meta Ads,faixa_etaria,18-24,60996,58,97.93,45.0,2.1762222222222225,0.09508820250508229
Meta Ads,faixa_etaria,25-34,58605,52,93.12,37.0,2.516756756756757,0.08872963057759577
Meta Ads,faixa_etaria,35-44,21909,19,35.44,14.0,2.531428571428571,0.08672235154502717
Meta Ads,faixa_etaria,45-54,9882,11,15.43,5.0,3.086,0.11131349929164136
Meta Ads,faixa_etaria,55-64,5558,7,8.96,6.0,1.4933333333333334,0.12594458438287154
Meta Ads,faixa_etaria,65+,2839,3,4.89,3.0,1.63,0.10567101091933778
Meta Ads,faixa_etaria,Unknown,6,0,0.02,0.0,0.0,0.0
Meta Ads,faixa_etaria,18-24,208680,241,295.16,183.0,1.612896174863388,0.1154878282537857
Meta Ads,faixa_etaria,25-34,226973,276,323.47,231.0,1.4003030303030304,0.12160036656342385
Meta Ads,faixa_etaria,35-44,97985,138,139.52,113.0,1.2346902654867258,0.14083788334949227
Meta Ads,faixa_etaria,45-54,55963,68,77.53,60.0,1.2921666666666667,0.12150885406429247
Meta Ads,faixa_etaria,55-64,28089,39,37.76,34.0,1.1105882352941177,0.13884438748264444
Meta Ads,faixa_etaria,65+,21376,38,28.13,35.0,0.8037142857142857,0.1777694610778443
Meta Ads,faixa_etaria,Unknown,8,0,0.01,0.0,0.0,0.0
Meta Ads,faixa_etaria,18-24,12856,8,21.26,3.0,7.086666666666667,0.06222775357809583
Meta Ads,faixa_etaria,25-34,12206,5,20.5,3.0,6.833333333333333,0.04096346059315091
Meta Ads,faixa_etaria,35-44,4860,3,7.97,2.0,3.985,0.06172839506172839
Meta Ads,faixa_etaria,45-54,2092,3,3.73,3.0,1.2433333333333334,0.14340344168260039
Meta Ads,faixa_etaria,55-64,1338,3,2.04,2.0,1.02,0.2242152466367713
Meta Ads,faixa_etaria,65+,650,0,1.24,0.0,0.0,0.0
Meta Ads,faixa_etaria,18-24,54969,56,96.87,31.0,3.1248387096774195,0.10187560261238152
Meta Ads,faixa_etaria,25-34,40169,32,70.63,22.0,3.2104545454545454,0.07966342204187309
Meta Ads,faixa_etaria,35-44,14036,11,24.89,8.0,3.11125,0.07836990595611285
Meta Ads,faixa_etaria,45-54,5822,4,10.63,2.0,5.315,0.06870491240123669
Meta Ads,faixa_etaria,55-64,3158,5,5.26,1.0,5.26,0.15832805573147563
Meta Ads,faixa_etaria,65+,1632,2,2.99,1.0,2.99,0.12254901960784313
Meta Ads,faixa_etaria,18-24,54590,47,95.25,31.0,3.0725806451612905,0.08609635464370764
Meta Ads,faixa_etaria,25-34,40311,33,72.28,22.0,3.2854545454545456,0.08186351120041677
Meta Ads,faixa_etaria,35-44,13766,12,23.32,7.0,3.3314285714285714,0.08717129158797036
Meta Ads,faixa_etaria,45-54,5797,4,10.75,2.0,5.375,0.06900120752113162
Meta Ads,faixa_etaria,55-64,3152,0,5.67,0.0,0.0,0.0
Meta Ads,faixa_etaria,65+,1714,3,3.23,3.0,1.0766666666666667,0.1750291715285881
Meta Ads,faixa_etaria,Unknown,2,0,0.0,0.0,0.0,0.0
Meta Ads,faixa_etaria,18-24,42698,41,75.95,17.0,4.4676470588235295,0.09602323293831093
Meta Ads,faixa_etaria,25-34,43305,37,76.96,18.0,4.275555555555555,0.08544048031405149
Meta Ads,faixa_etaria,35-44,16675,17,29.97,4.0,7.4925,0.10194902548725637
Meta Ads,faixa_etaria,45-54,8150,6,14.47,1.0,14.47,0.0736196319018405
Meta Ads,faixa_etaria,55-64,5026,6,9.33,1.0,9.33,0.11937922801432552
Meta Ads,faixa_etaria,65+,2334,0,3.99,0.0,0.0,0.0
Meta Ads,faixa_etaria,18-24,42805,60,76.64,42.0,1.8247619047619048,0.14017054082467
Meta Ads,faixa_etaria,25-34,47701,45,85.17,25.0,3.4068,0.09433764491310455
Meta Ads,faixa_etaria,35-44,16460,16,30.25,9.0,3.361111111111111,0.09720534629404617
Meta Ads,faixa_etaria,45-54,6123,5,11.13,2.0,5.565,0.08165931732810713
Meta Ads,faixa_etaria,55-64,2800,4,5.29,2.0,2.645,0.14285714285714285
Meta Ads,faixa_etaria,65+,1288,0,2.36,0.0,0.0,0.0
Meta Ads,faixa_etaria,18-24,50654,71,92.58,45.0,2.0573333333333332,0.14016662060251905
Meta Ads,faixa_etaria,25-34,44732,44,80.48,28.0,2.8742857142857146,0.09836358758830367
Meta Ads,faixa_etaria,35-44,15779,23,29.28,15.0,1.9520000000000002,0.1457633563597186
Meta Ads,faixa_etaria,45-54,6731,7,12.38,4.0,3.095,0.10399643440796315
Meta Ads,faixa_etaria,55-64,3446,6,6.62,5.0,1.324,0.17411491584445735
Meta Ads,faixa_etaria,65+,1749,7,3.21,4.0,0.8025,0.4002287021154946
Meta Ads,faixa_etaria,Unknown,2,0,0.0,0.0,0.0,0.0
Meta Ads,faixa_etaria,18-24,55387,48,104.76,33.0,3.174545454545455,0.08666293534583928
Meta Ads,faixa_etaria,25-34,69169,88,130.69,59.0,2.2150847457627116,0.1272246237476326
Meta Ads,faixa_etaria,35-44,29122,30,55.75,17.0,3.2794117647058822,0.10301490282260833
Meta Ads,faixa_etaria,45-54,14094,9,26.56,4.0,6.64,0.06385696040868455
Meta Ads,faixa_etaria,55-64,8023,9,14.98,4.0,3.745,0.11217748971706346
Meta Ads,faixa_etaria,65+,3432,3,6.09,2.0,3.045,0.08741258741258741
Meta Ads,faixa_etaria,18-24,14182,28,26.63,19.0,1.401578947368421,0.19743336623889435
Meta Ads,faixa_etaria,25-34,12972,20,24.58,13.0,1.8907692307692305,0.1541782300339192
Meta Ads,faixa_etaria,35-44,4518,4,8.47,2.0,4.235,0.08853474988933156
Meta Ads,faixa_etaria,45-54,1854,2,3.41,0.0,0.0,0.10787486515641855
Meta Ads,faixa_etaria,55-64,936,1,1.7,1.0,1.7,0.10683760683760685
Meta Ads,faixa_etaria,65+,474,2,0.89,1.0,0.89,0.42194092827004215
Meta Ads,faixa_etaria,18-24,115,6,0.62,4.0,0.155,5.217391304347826
Meta Ads,faixa_etaria,25-34,332,10,1.99,3.0,0.6633333333333333,3.0120481927710845
Meta Ads,faixa_etaria,35-44,99,5,0.67,3.0,0.22333333333333336,5.05050505050505
Meta Ads,faixa_etaria,45-54,3,1,0.03,1.0,0.03,33.33333333333333
Meta Ads,faixa_etaria,18-24,71354,101,122.94,87.0,1.413103448275862,0.14154777587801665
Meta Ads,faixa_etaria,25-34,86304,120,144.61,92.0,1.5718478260869566,0.13904338153503892
Meta Ads,faixa_etaria,35-44,64107,109,105.01,80.0,1.3126250000000002,0.170028234046204
Meta Ads,faixa_etaria,45-54,55906,73,89.7,54.0,1.6611111111111112,0.13057632454477158
Meta Ads,faixa_etaria,55-64,50331,102,79.54,60.0,1.3256666666666668,0.20265840138284555
Meta Ads,faixa_etaria,65+,29844,72,47.04,48.0,0.98,0.24125452352231602
Meta Ads,faixa_etaria,Unknown,1,0,0.0,0.0,0.0,0.0
Meta Ads,faixa_etaria,18-24,993,4,1.63,2.0,0.815,0.4028197381671702
Meta Ads,faixa_etaria,25-34,712,3,1.26,2.0,0.63,0.42134831460674155
Meta Ads,faixa_etaria,35-44,220,2,0.31,2.0,0.155,0.9090909090909091
Meta Ads,faixa_etaria,45-54,87,0,0.13,0.0,0.0,0.0
Meta Ads,faixa_etaria,55-64,30,0,0.1,0.0,0.0,0.0
Meta Ads,faixa_etaria,65+,20,0,0.04,0.0,0.0,0.0
Meta Ads,faixa_etaria,18-24,18660,216,64.37,197.0,0.32675126903553303,1.157556270096463
Meta Ads,faixa_etaria,25-34,17535,167,63.69,150.0,0.4246,0.9523809523809524
Meta Ads,faixa_etaria,35-44,11917,143,42.8,117.0,0.3658119658119658,1.1999664345053285
Meta Ads,faixa_etaria,45-54,14961,209,63.0,157.0,0.4012738853503185,1.396965443486398
Meta Ads,faixa_etaria,55-64,28606,641,146.12,476.0,0.3069747899159664,2.240788645738656
Meta Ads,faixa_etaria,65+,41945,1433,288.94,1025.0,0.2818926829268293,3.4163785910120397
Meta Ads,faixa_etaria,18-24,21077,25,37.2,19.0,1.9578947368421054,0.11861270579304456
Meta Ads,faixa_etaria,25-34,17766,16,31.27,8.0,3.90875,0.09005966452774963
Meta Ads,faixa_etaria,35-44,4643,6,8.49,6.0,1.415,0.1292267930217532
Meta Ads,faixa_etaria,45-54,1026,2,1.84,1.0,1.84,0.1949317738791423
Meta Ads,faixa_etaria,55-64,422,0,0.74,0.0,0.0,0.0
Meta Ads,faixa_etaria,65+,214,2,0.45,0.0,0.0,0.9345794392523363
Meta Ads,faixa_etaria,18-24,84985,81,161.55,48.0,3.365625,0.09531093722421605
Meta Ads,faixa_etaria,25-34,96812,104,182.91,73.0,2.5056164383561645,0.10742469941742759
Meta Ads,faixa_etaria,35-44,35804,36,68.16,20.0,3.408,0.10054742486872975
Meta Ads,faixa_etaria,45-54,15943,25,30.06,12.0,2.505,0.15680863074703633
Meta Ads,faixa_etaria,55-64,8832,9,16.36,4.0,4.09,0.10190217391304347
Meta Ads,faixa_etaria,65+,4057,3,7.62,0.0,0.0,0.07394626571358145
Meta Ads,faixa_etaria,18-24,34234,44,60.63,27.0,2.2455555555555557,0.1285271951860723
Meta Ads,faixa_etaria,25-34,32517,39,59.41,31.0,1.9164516129032256,0.11993726358520157
Meta Ads,faixa_etaria,35-44,10496,16,18.62,14.0,1.33,0.1524390243902439
Meta Ads,faixa_etaria,45-54,3918,1,6.75,0.0,0.0,0.025523226135783564
Meta Ads,faixa_etaria,55-64,1732,2,3.09,1.0,3.09,0.11547344110854503
Meta Ads,faixa_etaria,65+,817,1,1.47,1.0,1.47,0.12239902080783352
Meta Ads,faixa_etaria,18-24,1051,6,10.3,4.0,2.575,0.570884871550904
Meta Ads,faixa_etaria,25-34,1912,11,16.23,6.0,2.705,0.5753138075313807
Meta Ads,faixa_etaria,35-44,1701,7,14.82,5.0,2.964,0.411522633744856
Meta Ads,faixa_etaria,45-54,1819,11,18.89,7.0,2.698571428571429,0.6047278724573941
Meta Ads,faixa_etaria,55-64,1768,14,18.92,11.0,1.7200000000000002,0.7918552036199095
Meta Ads,faixa_etaria,65+,1493,6,20.84,3.0,6.946666666666666,0.4018754186202277
Meta Ads,faixa_etaria,18-24,23134,22,41.86,9.0,4.651111111111111,0.09509812397337253
Meta Ads,faixa_etaria,25-34,21757,21,38.54,10.0,3.854,0.09652066001746565
Meta Ads,faixa_etaria,35-44,7853,2,14.04,2.0,7.02,0.025467974022666498
Meta Ads,faixa_etaria,45-54,3519,2,6.33,1.0,6.33,0.05683432793407218
Meta Ads,faixa_etaria,55-64,2187,2,4.0,2.0,2.0,0.09144947416552354
Meta Ads,faixa_etaria,65+,1012,0,1.91,0.0,0.0,0.0
Meta Ads,faixa_etaria,18-24,180194,57,363.11,15.0,24.207333333333334,0.03163257378159095
Meta Ads,faixa_etaria,25-34,192963,71,388.97,13.0,29.92076923076923,0.036794618657462835
Meta Ads,faixa_etaria,35-44,71617,16,145.18,4.0,36.295,0.02234106427244928
Meta Ads,faixa_etaria,45-54,30306,12,59.58,6.0,9.93,0.039596119580281135
Meta Ads,faixa_etaria,55-64,14316,8,27.97,5.0,5.593999999999999,0.05588153115395362
Meta Ads,faixa_etaria,65+,7241,5,15.16,1.0,15.16,0.0690512360171247
Meta Ads,faixa_etaria,Unknown,6,0,0.03,0.0,0.0,0.0
Meta Ads,faixa_etaria,18-24,15313,8,28.97,0.0,0.0,0.052243192059034806
Meta Ads,faixa_etaria,25-34,12210,3,23.51,0.0,0.0,0.02457002457002457
Meta Ads,faixa_etaria,35-44,4385,2,8.19,0.0,0.0,0.04561003420752566
Meta Ads,faixa_etaria,45-54,1835,0,3.7,0.0,0.0,0.0
Meta Ads,faixa_etaria,55-64,927,0,1.69,0.0,0.0,0.0
Meta Ads,faixa_etaria,65+,483,0,0.78,0.0,0.0,0.0
Meta Ads,faixa_etaria,Unknown,1,0,0.0,0.0,0.0,0.0
Meta Ads,faixa_etaria,18-24,40490,65,77.28,45.0,1.7173333333333334,0.16053346505309954
Meta Ads,faixa_etaria,25-34,40733,35,78.93,22.0,3.587727272727273,0.08592541673827118
Meta Ads,faixa_etaria,35-44,14001,8,26.25,5.0,5.25,0.05713877580172845
Meta Ads,faixa_etaria,45-54,5551,4,10.59,3.0,3.53,0.07205908845253108
Meta Ads,faixa_etaria,55-64,2544,2,4.73,2.0,2.365,0.07861635220125787
Meta Ads,faixa_etaria,65+,1188,0,2.2,0.0,0.0,0.0
Meta Ads,faixa_etaria,18-24,17901,33,49.17,22.0,2.235,0.18434724317077258
Meta Ads,faixa_etaria,25-34,26228,17,69.57,10.0,6.956999999999999,0.06481622693304864
Meta Ads,faixa_etaria,35-44,13287,16,35.7,13.0,2.746153846153846,0.12041845412809514
Meta Ads,faixa_etaria,45-54,7725,9,20.64,9.0,2.2933333333333334,0.11650485436893204
Meta Ads,faixa_etaria,55-64,5144,11,14.51,10.0,1.451,0.21384136858475894
Meta Ads,faixa_etaria,65+,2267,4,6.23,3.0,2.0766666666666667,0.17644464049404499
Meta Ads,faixa_etaria,Unknown,1,0,0.0,0.0,0.0,0.0
Meta Ads,faixa_etaria,18-24,9168,5,17.75,4.0,4.4375,0.054537521815008726
Meta Ads,faixa_etaria,25-34,9618,14,19.01,8.0,2.37625,0.1455604075691412
Meta Ads,faixa_etaria,35-44,3163,4,6.34,4.0,1.585,0.12646221941195068
Meta Ads,faixa_etaria,45-54,1120,0,2.28,0.0,0.0,0.0
Meta Ads,faixa_etaria,55-64,491,0,0.92,0.0,0.0,0.0
Meta Ads,faixa_etaria,65+,225,0,0.47,0.0,0.0,0.0
Meta Ads,faixa_etaria,18-24,52372,85,104.02,60.0,1.7336666666666667,0.162300465897808
Meta Ads,faixa_etaria,25-34,55516,109,111.81,66.0,1.694090909090909,0.19633979393328052
Meta Ads,faixa_etaria,35-44,18530,41,37.04,31.0,1.1948387096774193,0.2212628170534269
Meta Ads,faixa_etaria,45-54,6540,5,13.47,5.0,2.694,0.0764525993883792
Meta Ads,faixa_etaria,55-64,2761,3,5.47,1.0,5.47,0.10865628395508872
Meta Ads,faixa_etaria,65+,1217,3,2.53,3.0,0.8433333333333333,0.24650780608052586
Meta Ads,faixa_etaria,18-24,223669,733,615.24,314.0,1.9593630573248408,0.32771640236241945
Meta Ads,faixa_etaria,25-34,278123,780,775.39,347.0,2.2345533141210376,0.2804514549318108
Meta Ads,faixa_etaria,35-44,119872,322,340.75,149.0,2.2869127516778525,0.26861986118526426
Meta Ads,faixa_etaria,45-54,53405,115,153.2,62.0,2.4709677419354836,0.21533564273008143
Meta Ads,faixa_etaria,55-64,26861,58,75.57,40.0,1.8892499999999999,0.2159264360969435
Meta Ads,faixa_etaria,65+,13987,39,39.84,22.0,1.810909090909091,0.27883034246085653
Meta Ads,faixa_etaria,Unknown,4,0,0.01,0.0,0.0,0.0
Meta Ads,faixa_etaria,18-24,18528,23,37.68,18.0,2.0933333333333333,0.12413644214162348
Meta Ads,faixa_etaria,25-34,15204,15,31.25,13.0,2.4038461538461537,0.09865824782951856
Meta Ads,faixa_etaria,35-44,5114,5,10.83,4.0,2.7075,0.09777082518576458
Meta Ads,faixa_etaria,45-54,2224,3,4.7,2.0,2.35,0.13489208633093525
Meta Ads,faixa_etaria,55-64,1138,1,2.49,1.0,2.49,0.08787346221441124
Meta Ads,faixa_etaria,65+,601,0,1.08,0.0,0.0,0.0
Meta Ads,faixa_etaria,18-24,606,3,18.91,1.0,18.91,0.49504950495049505
Meta Ads,faixa_etaria,25-34,602,7,17.25,4.0,4.3125,1.1627906976744187
Meta Ads,faixa_etaria,35-44,334,3,8.6,0.0,0.0,0.8982035928143712
Meta Ads,faixa_etaria,45-54,262,2,7.38,1.0,7.38,0.7633587786259541
Meta Ads,faixa_etaria,55-64,221,3,8.1,3.0,2.6999999999999997,1.3574660633484164
Meta Ads,faixa_etaria,65+,256,0,11.76,0.0,0.0,0.0
Meta Ads,faixa_etaria,18-24,87634,86,114.775096,61.0,1.8815589508196722,0.09813542688910697
Meta Ads,faixa_etaria,25-34,75627,71,99.191688,48.0,2.0664935,0.0938818146958097
Meta Ads,faixa_etaria,35-44,27423,23,36.197915,15.0,2.4131943333333337,0.083871203004777
Meta Ads,faixa_etaria,45-54,10801,11,13.823022,10.0,1.3823022,0.10184242199796315
Meta Ads,faixa_etaria,55-64,5252,6,6.881505,4.0,1.72037625,0.11424219345011424
Meta Ads,faixa_etaria,65+,2511,3,3.530772,2.0,1.765386,0.11947431302270012
Meta Ads,faixa_etaria,Unknown,1,0,0.010002,0.0,0.0,0.0
Meta Ads,faixa_etaria,18-24,88945,97,117.141251,66.0,1.7748674393939394,0.10905615830007306
Meta Ads,faixa_etaria,25-34,77567,82,100.188175,56.0,1.7890745535714285,0.1057150592391094
Meta Ads,faixa_etaria,35-44,27146,24,36.026536,18.0,2.0014742222222224,0.08841081558977382
Meta Ads,faixa_etaria,45-54,9987,6,13.17239,6.0,2.1953983333333333,0.06007810153199159
Meta Ads,faixa_etaria,55-64,4718,7,6.321147,6.0,1.0535245,0.1483679525222552
Meta Ads,faixa_etaria,65+,2167,1,2.760501,1.0,2.760501,0.046146746654360866
Meta Ads,faixa_etaria,Unknown,3,0,0.010002,0.0,0.0,0.0
Meta Ads,faixa_etaria,18-24,69561,95,94.90426,63.0,1.5064168253968253,0.13657077960351346
Meta Ads,faixa_etaria,25-34,78770,96,108.717791,56.0,1.9413891250000002,0.12187380982607592
Meta Ads,faixa_etaria,35-44,29411,23,40.660394,11.0,3.696399454545454,0.07820203325286457
Meta Ads,faixa_etaria,45-54,12000,6,17.2144,3.0,5.738133333333334,0.05
Meta Ads,faixa_etaria,55-64,6035,1,8.632207,0.0,0.0,0.016570008285004142
Meta Ads,faixa_etaria,65+,2582,2,3.710949,1.0,3.710949,0.0774593338497289
Meta Ads,faixa_etaria,18-24,26406,34,41.570554,23.0,1.8074153913043478,0.12875861546618192
Meta Ads,faixa_etaria,25-34,31280,33,49.502567,26.0,1.9039448846153846,0.1054987212276215
Meta Ads,faixa_etaria,35-44,10556,13,17.234375,9.0,1.9149305555555556,0.12315270935960591
Meta Ads,faixa_etaria,45-54,3819,7,6.151562,6.0,1.0252603333333334,0.1832940560356114
Meta Ads,faixa_etaria,55-64,1662,4,2.580655,4.0,0.64516375,0.24067388688327318
Meta Ads,faixa_etaria,65+,687,2,1.130287,1.0,1.130287,0.2911208151382824
Meta Ads,faixa_etaria,18-24,38503,52,64.195861,38.0,1.6893647631578945,0.13505441134457055
Meta Ads,faixa_etaria,25-34,47448,60,80.809966,38.0,2.126578052631579,0.12645422357106728
Meta Ads,faixa_etaria,35-44,18922,22,32.017911,19.0,1.6851532105263156,0.11626677941021034
Meta Ads,faixa_etaria,45-54,8433,10,14.543593,6.0,2.4239321666666664,0.11858176212498517
Meta Ads,faixa_etaria,55-64,4496,3,7.531861,1.0,7.531861,0.06672597864768684
Meta Ads,faixa_etaria,65+,1977,5,3.270808,2.0,1.635404,0.25290844714213456
Meta Ads,faixa_etaria,18-24,167965,227,216.136754,155.0,1.3944306709677419,0.13514720328639895
Meta Ads,faixa_etaria,25-34,208449,313,260.572255,204.0,1.277314975490196,0.15015663303733767
Meta Ads,faixa_etaria,35-44,142718,246,173.431468,145.0,1.1960790896551723,0.17236788632127692
Meta Ads,faixa_etaria,45-54,116866,247,136.146853,145.0,0.9389438137931034,0.21135317372032927
Meta Ads,faixa_etaria,55-64,100215,250,115.164256,132.0,0.8724564848484848,0.24946365314573665
Meta Ads,faixa_etaria,65+,60193,206,67.978415,93.0,0.7309506989247312,0.34223248550495905
Meta Ads,faixa_etaria,Unknown,7,0,0.0,0.0,0.0,0.0
Meta Ads,faixa_etaria,18-24,6154,159,21.275134,96.0,0.22161597916666667,2.5836854078648037
Meta Ads,faixa_etaria,25-34,17010,697,66.746107,261.0,0.2557322107279693,4.097589653145209
Meta Ads,faixa_etaria,35-44,19304,918,77.098606,362.0,0.21297957458563538,4.755491089929548
Meta Ads,faixa_etaria,45-54,32180,1369,129.12116,662.0,0.19504706948640485,4.2541951522684895
Meta Ads,faixa_etaria,55-64,60108,2210,239.327755,1168.0,0.2049038998287671,3.6767152458907297
Meta Ads,faixa_etaria,65+,71892,3157,378.071237,1806.0,0.20934177021040976,4.391309186001225
Meta Ads,faixa_etaria,18-24,38413,39,63.619934,24.0,2.650830583333333,0.10152812849816469
Meta Ads,faixa_etaria,25-34,47294,53,77.74436,35.0,2.2212674285714287,0.11206495538546116
Meta Ads,faixa_etaria,35-44,17527,26,28.889052,16.0,1.80556575,0.14834255719746678
Meta Ads,faixa_etaria,45-54,7427,4,12.103793,2.0,6.0518965,0.05385754678874377
Meta Ads,faixa_etaria,55-64,3704,5,6.151928,3.0,2.0506426666666666,0.13498920086393087
Meta Ads,faixa_etaria,65+,1737,3,2.980934,1.0,2.980934,0.17271157167530224
Meta Ads,faixa_etaria,18-24,14472,9,22.584027,7.0,3.226289571428571,0.06218905472636816
Meta Ads,faixa_etaria,25-34,16389,12,26.266314,10.0,2.6266314,0.07321984257733846
Meta Ads,faixa_etaria,35-44,5528,10,9.105656,6.0,1.5176093333333334,0.1808972503617945
Meta Ads,faixa_etaria,45-54,2274,3,3.62225,2.0,1.811125,0.13192612137203166
Meta Ads,faixa_etaria,55-64,1207,0,1.951212,0.0,0.0,0.0
Meta Ads,faixa_etaria,65+,520,0,0.870541,0.0,0.0,0.0
Meta Ads,faixa_etaria,18-24,1183,0,1.81,0.0,0.0,0.0
Meta Ads,faixa_etaria,25-34,1045,0,1.69,0.0,0.0,0.0
Meta Ads,faixa_etaria,35-44,328,0,0.54,0.0,0.0,0.0
Meta Ads,faixa_etaria,45-54,142,0,0.21,0.0,0.0,0.0
Meta Ads,faixa_etaria,55-64,109,0,0.19,0.0,0.0,0.0
Meta Ads,faixa_etaria,65+,52,0,0.1,0.0,0.0,0.0
Meta Ads,faixa_etaria,18-24,98972,147,152.57975,94.0,1.6231888297872339,0.1485268560805076
Meta Ads,faixa_etaria,25-34,112129,145,181.247219,90.0,2.013857988888889,0.12931534215055873
Meta Ads,faixa_etaria,35-44,50147,64,83.661796,38.0,2.2016262105263156,0.12762478313757553
Meta Ads,faixa_etaria,45-54,24988,24,42.751138,14.0,3.053652714285714,0.09604610212902193
Meta Ads,faixa_etaria,55-64,15172,21,26.4869,15.0,1.7657933333333333,0.13841286580543105
Meta Ads,faixa_etaria,65+,7139,13,12.273197,9.0,1.3636885555555556,0.18209833309987392
Meta Ads,faixa_etaria,Unknown,2,0,0.0,0.0,0.0,0.0
Meta Ads,faixa_etaria,18-24,18992,29,31.124009,23.0,1.3532177826086957,0.15269587194608256
Meta Ads,faixa_etaria,25-34,23773,18,38.207197,12.0,3.1839330833333332,0.07571614857190931
Meta Ads,faixa_etaria,35-44,7792,11,12.135462,9.0,1.3483846666666668,0.14117043121149897
Meta Ads,faixa_etaria,45-54,2839,5,4.872193,4.0,1.21804825,0.17611835153222966
Meta Ads,faixa_etaria,55-64,1148,0,1.82082,0.0,0.0,0.0
Meta Ads,faixa_etaria,65+,492,0,0.71032,0.0,0.0,0.0
Meta Ads,faixa_etaria,18-24,29405,41,54.793621,32.0,1.71230065625,0.13943206937595648
Meta Ads,faixa_etaria,25-34,33864,70,63.074168,44.0,1.4335038181818183,0.20670918969997637
Meta Ads,faixa_etaria,35-44,10837,19,20.621363,13.0,1.5862586923076922,0.17532527452246932
Meta Ads,faixa_etaria,45-54,3895,5,7.620504,2.0,3.810252,0.12836970474967907
Meta Ads,faixa_etaria,55-64,1740,5,3.530233,3.0,1.1767443333333334,0.28735632183908044
Meta Ads,faixa_etaria,65+,823,2,1.680111,2.0,0.8400555,0.24301336573511542
Meta Ads,faixa_etaria,Unknown,1,0,0.010001,0.0,0.0,0.0
Meta Ads,faixa_etaria,18-24,83235,111,143.158225,77.0,1.8591977272727271,0.1333573616867904
Meta Ads,faixa_etaria,25-34,91007,123,160.14276,86.0,1.86212511627907,0.1351544386695529
Meta Ads,faixa_etaria,35-44,34822,31,62.35665,18.0,3.4642583333333334,0.0890241801160186
Meta Ads,faixa_etaria,45-54,14895,20,25.31676,15.0,1.687784,0.13427324605572338
Meta Ads,faixa_etaria,55-64,7930,10,14.223798,8.0,1.77797475,0.12610340479192939
Meta Ads,faixa_etaria,65+,3744,2,6.761805,2.0,3.3809025,0.05341880341880342
Meta Ads,faixa_etaria,Unknown,3,0,0.010003,0.0,0.0,0.0
Meta Ads,faixa_etaria,18-24,2196,22,53.979099,11.0,4.907190818181818,1.0018214936247722
Meta Ads,faixa_etaria,25-34,2393,22,47.167951,17.0,2.774585352941177,0.9193480986209779
Meta Ads,faixa_etaria,35-44,1291,14,22.643817,9.0,2.5159796666666665,1.0844306738962044
Meta Ads,faixa_etaria,45-54,943,6,17.672979,3.0,5.890993000000001,0.6362672322375398
Meta Ads,faixa_etaria,55-64,650,5,16.462775,4.0,4.11569375,0.7692307692307693
Meta Ads,faixa_etaria,65+,660,4,20.05338,4.0,5.013345,0.6060606060606061
Meta Ads,faixa_etaria,18-24,63924,90,106.524859,65.0,1.6388439846153846,0.14079219072648771
Meta Ads,faixa_etaria,25-34,73447,100,123.268767,62.0,1.9882059193548387,0.13615259983389383
Meta Ads,faixa_etaria,35-44,25867,30,42.279867,21.0,2.0133270000000003,0.115977886882901
Meta Ads,faixa_etaria,45-54,9930,9,16.853933,7.0,2.4077047142857144,0.09063444108761329
Meta Ads,faixa_etaria,55-64,4510,3,7.621779,1.0,7.621779,0.06651884700665188
Meta Ads,faixa_etaria,65+,2060,2,3.410796,2.0,1.705398,0.0970873786407767
Meta Ads,faixa_etaria,Unknown,2,0,0.0,0.0,0.0,0.0
Meta Ads,faixa_etaria,18-24,109572,152,192.376933,123.0,1.564040105691057,0.13872157120432227
Meta Ads,faixa_etaria,25-34,112949,117,199.647951,95.0,2.1015573789473683,0.10358657447166421
Meta Ads,faixa_etaria,35-44,38336,59,67.529454,48.0,1.406863625,0.15390233722871452
Meta Ads,faixa_etaria,45-54,13973,13,24.593443,13.0,1.8918033076923078,0.09303657052887712
Meta Ads,faixa_etaria,55-64,5810,5,10.691497,5.0,2.1382994,0.08605851979345956
Meta Ads,faixa_etaria,65+,2866,4,5.14072,4.0,1.28518,0.13956734124214934
Meta Ads,faixa_etaria,Unknown,6,0,0.010001,0.0,0.0,0.0
Meta Ads,faixa_etaria,18-24,23827,27,41.042329,19.0,2.1601225789473686,0.1133168254501196
Meta Ads,faixa_etaria,25-34,22980,24,39.832555,20.0,1.99162775,0.10443864229765012
Meta Ads,faixa_etaria,35-44,8649,2,14.947206,2.0,7.473603,0.02312406058503873
Meta Ads,faixa_etaria,45-54,3658,1,6.468791,0.0,0.0,0.027337342810278838
Meta Ads,faixa_etaria,55-64,1817,0,3.219398,0.0,0.0,0.0
Meta Ads,faixa_etaria,65+,910,1,1.479723,0.0,0.0,0.10989010989010989
Meta Ads,faixa_etaria,Unknown,2,0,0.009998,0.0,0.0,0.0
Meta Ads,faixa_etaria,18-24,11216,14,19.21,11.0,1.7463636363636363,0.12482168330955777
Meta Ads,faixa_etaria,25-34,12907,17,22.37,13.0,1.7207692307692308,0.13171147439373984
Meta Ads,faixa_etaria,35-44,4067,2,7.07,2.0,3.535,0.04917629702483403
Meta Ads,faixa_etaria,45-54,424,1,0.73,0.0,0.0,0.2358490566037736
Meta Ads,faixa_etaria,55-64,202,0,0.33,0.0,0.0,0.0
Meta Ads,faixa_etaria,65+,95,0,0.22,0.0,0.0,0.0
Meta Ads,faixa_etaria,Unknown,1,0,0.0,0.0,0.0,0.0
Meta Ads,faixa_etaria,18-24,18977,40,29.613704,35.0,0.8461058285714286,0.21078147230858407
Meta Ads,faixa_etaria,25-34,21182,28,33.724218,23.0,1.466270347826087,0.13218770654329146
Meta Ads,faixa_etaria,35-44,7484,8,10.841356,8.0,1.3551695,0.10689470871191875
Meta Ads,faixa_etaria,45-54,2406,3,3.68046,2.0,1.84023,0.12468827930174563
Meta Ads,faixa_etaria,55-64,992,0,1.44018,0.0,0.0,0.0
Meta Ads,faixa_etaria,65+,394,0,0.660083,0.0,0.0,0.0
Meta Ads,faixa_etaria,18-24,20968,33,32.0,21.0,1.5238095238095237,0.15738267836703548
Meta Ads,faixa_etaria,25-34,19932,39,31.06,27.0,1.1503703703703703,0.1956652618904275
Meta Ads,faixa_etaria,35-44,6953,8,10.62,6.0,1.7699999999999998,0.11505824823817058
Meta Ads,faixa_etaria,45-54,2453,4,3.77,3.0,1.2566666666666666,0.16306563391765186
Meta Ads,faixa_etaria,55-64,1088,0,1.67,0.0,0.0,0.0
Meta Ads,faixa_etaria,65+,519,1,0.84,1.0,0.84,0.1926782273603083
Meta Ads,faixa_etaria,18-24,21021,15,29.95,12.0,2.495833333333333,0.07135721421435706
Meta Ads,faixa_etaria,25-34,21566,23,31.96,20.0,1.598,0.1066493554669387
Meta Ads,faixa_etaria,35-44,8340,7,11.43,7.0,1.6328571428571428,0.08393285371702637
Meta Ads,faixa_etaria,45-54,2903,0,4.07,0.0,0.0,0.0
Meta Ads,faixa_etaria,55-64,1266,0,1.83,0.0,0.0,0.0
Meta Ads,faixa_etaria,65+,507,0,0.75,0.0,0.0,0.0
Meta Ads,faixa_etaria,18-24,38482,48,59.09,41.0,1.4412195121951221,0.12473364170261421
Meta Ads,faixa_etaria,25-34,39503,47,60.15,38.0,1.5828947368421051,0.11897830544515607
Meta Ads,faixa_etaria,35-44,13191,11,19.61,8.0,2.45125,0.08339019028125237
Meta Ads,faixa_etaria,45-54,4499,4,7.25,3.0,2.4166666666666665,0.08890864636585907
Meta Ads,faixa_etaria,55-64,1754,2,2.67,1.0,2.67,0.11402508551881414
Meta Ads,faixa_etaria,65+,781,2,1.2,1.0,1.2,0.2560819462227913
Meta Ads,faixa_etaria,Unknown,2,0,0.02,0.0,0.0,0.0
Meta Ads,faixa_etaria,18-24,30718,34,35.91,25.0,1.4364,0.11068428934175403
Meta Ads,faixa_etaria,25-34,29992,45,32.45,31.0,1.0467741935483872,0.15004001066951186
Meta Ads,faixa_etaria,35-44,11951,16,13.2,13.0,1.0153846153846153,0.13388001004100075
Meta Ads,faixa_etaria,45-54,4998,10,5.65,6.0,0.9416666666666668,0.20008003201280514
Meta Ads,faixa_etaria,55-64,2387,4,2.61,4.0,0.6525,0.1675743611227482
Meta Ads,faixa_etaria,65+,1015,2,1.12,2.0,0.56,0.19704433497536944
Meta Ads,faixa_etaria,18-24,122229,118,125.87,80.0,1.573375,0.09654010095803778
Meta Ads,faixa_etaria,25-34,107228,92,110.55,63.0,1.7547619047619047,0.085798485470213
Meta Ads,faixa_etaria,35-44,40354,25,41.83,20.0,2.0915,0.061951727214154734
Meta Ads,faixa_etaria,45-54,17087,10,17.52,3.0,5.84,0.058524024111897936
Meta Ads,faixa_etaria,55-64,8770,8,8.83,6.0,1.4716666666666667,0.09122006841505131
Meta Ads,faixa_etaria,65+,4280,5,4.34,5.0,0.868,0.11682242990654204
Meta Ads,faixa_etaria,Unknown,3,0,0.0,0.0,0.0,0.0
Meta Ads,faixa_etaria,18-24,120002,91,126.25638,67.0,1.884423582089552,0.0758320694655089
Meta Ads,faixa_etaria,25-34,109333,81,111.034405,54.0,2.0561926851851853,0.07408559172436502
Meta Ads,faixa_etaria,35-44,39805,37,41.045325,30.0,1.3681775,0.09295314658962442
Meta Ads,faixa_etaria,45-54,16473,15,16.592153,10.0,1.6592153,0.09105809506465125
Meta Ads,faixa_etaria,55-64,8569,11,9.181191,6.0,1.5301985,0.12836970474967907
Meta Ads,faixa_etaria,65+,4036,4,4.210546,2.0,2.105273,0.09910802775024777
Meta Ads,faixa_etaria,18-24,100146,110,110.253569,76.0,1.4507048552631578,0.10983963413416412
Meta Ads,faixa_etaria,25-34,106343,89,113.343669,68.0,1.666818661764706,0.08369145124737876
Meta Ads,faixa_etaria,35-44,42634,39,46.251497,26.0,1.7789037307692308,0.09147628653187596
Meta Ads,faixa_etaria,45-54,20117,17,21.470695,13.0,1.651591923076923,0.08450564199433315
Meta Ads,faixa_etaria,55-64,11220,7,12.080391,4.0,3.02009775,0.06238859180035651
Meta Ads,faixa_etaria,65+,5283,4,5.530179,1.0,5.530179,0.07571455612341473
Meta Ads,faixa_etaria,Unknown,2,0,0.0,0.0,0.0,0.0
Meta Ads,faixa_etaria,18-24,104010,100,83.837118,65.0,1.2898018153846154,0.09614460148062687
Meta Ads,faixa_etaria,25-34,128047,147,101.438613,86.0,1.1795187558139535,0.11480159628886268
Meta Ads,faixa_etaria,35-44,79126,93,62.685322,43.0,1.4577981860465117,0.1175340596011425
Meta Ads,faixa_etaria,45-54,58815,106,46.573954,36.0,1.2937209444444444,0.18022613278925445
Meta Ads,faixa_etaria,55-64,46901,123,36.323084,21.0,1.7296706666666668,0.2622545361506151
Meta Ads,faixa_etaria,65+,27969,86,22.471908,12.0,1.8726589999999999,0.30748328506560835
Meta Ads,faixa_etaria,Unknown,2,0,0.0,0.0,0.0,0.0
Meta Ads,faixa_etaria,18-24,2408,96,6.130234,47.0,0.13043051063829786,3.9867109634551494
Meta Ads,faixa_etaria,25-34,11508,541,35.121339,189.0,0.18582719047619048,4.701077511296489
Meta Ads,faixa_etaria,35-44,14497,738,42.431618,254.0,0.16705361417322834,5.090708422432227
Meta Ads,faixa_etaria,45-54,17370,820,49.051871,345.0,0.14217933623188406,4.720782959124928
Meta Ads,faixa_etaria,55-64,25161,1036,64.552462,485.0,0.13309785979381444,4.117483406859822
Meta Ads,faixa_etaria,65+,24178,924,64.942477,457.0,0.14210607658643326,3.821656050955414
Meta Ads,faixa_etaria,18-24,51332,52,45.193604,34.0,1.3292236470588235,0.10130133250214292
Meta Ads,faixa_etaria,25-34,53250,43,46.303692,32.0,1.446990375,0.08075117370892018
Meta Ads,faixa_etaria,35-44,21265,23,18.301459,12.0,1.5251215833333334,0.10815894662591112
Meta Ads,faixa_etaria,45-54,9732,7,8.7807,6.0,1.46345,0.07192766132346898
Meta Ads,faixa_etaria,55-64,5116,3,4.740378,3.0,1.580126,0.05863956215793589
Meta Ads,faixa_etaria,65+,2345,3,2.080166,2.0,1.040083,0.1279317697228145
Meta Ads,faixa_etaria,18-24,23517,19,16.2,14.0,1.157142857142857,0.08079261810605094
Meta Ads,faixa_etaria,25-34,24531,31,17.47,20.0,0.8734999999999999,0.1263707146060087
Meta Ads,faixa_etaria,35-44,10937,17,7.6,13.0,0.5846153846153845,0.15543567705952271
Meta Ads,faixa_etaria,45-54,5027,7,3.73,5.0,0.746,0.1392480604734434
Meta Ads,faixa_etaria,55-64,2640,3,2.05,2.0,1.025,0.11363636363636363
Meta Ads,faixa_etaria,65+,1166,3,0.86,1.0,0.86,0.2572898799313894
Meta Ads,faixa_etaria,18-24,122323,74,167.020036,0.0,0.0,0.06049557319555603
Meta Ads,faixa_etaria,25-34,140901,125,195.981777,6.0,32.6636295,0.08871477136429123
Meta Ads,faixa_etaria,35-44,55882,49,78.004687,6.0,13.000781166666668,0.08768476432482732
Meta Ads,faixa_etaria,45-54,23990,13,34.262059,0.0,0.0,0.05418924551896623
Meta Ads,faixa_etaria,55-64,11602,6,16.761007,0.0,0.0,0.051715221513532146
Meta Ads,faixa_etaria,65+,5313,0,7.210433,0.0,0.0,0.0
Meta Ads,faixa_etaria,Unknown,2,0,0.0,0.0,0.0,0.0
Meta Ads,faixa_etaria,18-24,368735,449,761.703492,340.0,2.240304388235294,0.12176766512536102
Meta Ads,faixa_etaria,25-34,545054,706,1166.201898,545.0,2.1398199963302753,0.12952845039207125
Meta Ads,faixa_etaria,35-44,259301,282,571.390127,209.0,2.733924052631579,0.1087539191904389
Meta Ads,faixa_etaria,45-54,123531,150,275.599354,118.0,2.335587745762712,0.12142701022415427
Meta Ads,faixa_etaria,55-64,64250,74,141.889964,52.0,2.7286531538461536,0.11517509727626458
Meta Ads,faixa_etaria,65+,32416,31,73.515163,17.0,4.324421352941177,0.09563178677196446
Meta Ads,faixa_etaria,Unknown,10,0,0.030002,0.0,0.0,0.0
Meta Ads,faixa_etaria,18-24,51473,139,76.817823,62.0,1.2389971451612904,0.2700444893439279
Meta Ads,faixa_etaria,25-34,83456,171,127.336392,96.0,1.32642075,0.20489838957055215
Meta Ads,faixa_etaria,35-44,46185,58,69.358035,35.0,1.981658142857143,0.12558189888491933
Meta Ads,faixa_etaria,45-54,27462,29,40.318858,20.0,2.0159428999999998,0.10560046609860899
Meta Ads,faixa_etaria,55-64,17519,22,26.689244,16.0,1.66807775,0.1255779439465723
Meta Ads,faixa_etaria,65+,8010,14,12.409648,9.0,1.378849777777778,0.17478152309612985
Meta Ads,faixa_etaria,Unknown,1,0,0.0,0.0,0.0,0.0
Meta Ads,faixa_etaria,18-24,129000,244,174.243613,118.0,1.4766407881355934,0.18914728682170542
Meta Ads,faixa_etaria,25-34,135929,211,183.983815,122.0,1.5080640573770492,0.15522809702123902
Meta Ads,faixa_etaria,35-44,51705,63,71.111475,38.0,1.8713546052631578,0.12184508268059183
Meta Ads,faixa_etaria,45-54,22618,28,29.620614,15.0,1.9747076,0.12379520735697233
Meta Ads,faixa_etaria,55-64,11810,13,15.390319,8.0,1.923789875,0.11007620660457239
Meta Ads,faixa_etaria,65+,5911,8,7.870163,6.0,1.3116938333333332,0.13534088986635087
Meta Ads,faixa_etaria,Unknown,2,0,0.0,0.0,0.0,0.0
Meta Ads,faixa_etaria,18-24,166942,381,227.698574,179.0,1.2720590726256984,0.22822297564423574
Meta Ads,faixa_etaria,25-34,163837,341,227.1886,182.0,1.248289010989011,0.20813369385425756
Meta Ads,faixa_etaria,35-44,58958,110,81.355918,65.0,1.2516295076923076,0.1865734929950134
Meta Ads,faixa_etaria,45-54,25253,31,35.248231,16.0,2.2030144375,0.12275769215538748
Meta Ads,faixa_etaria,55-64,13072,21,18.089092,9.0,2.0098991111111113,0.1606487148102815
Meta Ads,faixa_etaria,65+,5997,8,8.269585,6.0,1.3782641666666666,0.13340003335000833
Meta Ads,faixa_etaria,Unknown,1,0,0.0,0.0,0.0,0.0
Meta Ads,faixa_etaria,18-24,659,3,2.519496,0.0,0.0,0.4552352048558422
Meta Ads,faixa_etaria,25-34,3170,16,12.44751,5.0,2.489502,0.5047318611987383
Meta Ads,faixa_etaria,35-44,5336,23,23.175364,8.0,2.8969205,0.43103448275862066
Meta Ads,faixa_etaria,45-54,5301,12,24.905018,5.0,4.981003599999999,0.22637238256932654
Meta Ads,faixa_etaria,55-64,4508,20,22.015596,9.0,2.446177333333333,0.44365572315882873
Meta Ads,faixa_etaria,65+,2506,7,14.917016,4.0,3.729254,0.27932960893854747
Meta Ads,faixa_etaria,18-24,91909,119,116.98,93.0,1.2578494623655914,0.1294758946349106
Meta Ads,faixa_etaria,25-34,90940,77,116.7,53.0,2.20188679245283,0.08467121178799208
Meta Ads,faixa_etaria,35-44,32908,33,41.15,23.0,1.7891304347826087,0.10027956727847331
Meta Ads,faixa_etaria,45-54,14046,12,17.61,6.0,2.935,0.08543357539513029
Meta Ads,faixa_etaria,55-64,7622,7,10.36,4.0,2.59,0.09183941222776174
Meta Ads,faixa_etaria,65+,3709,1,4.8,1.0,4.8,0.026961445133459154
Meta Ads,faixa_etaria,Unknown,2,0,0.01,0.0,0.0,0.0
Meta Ads,faixa_etaria,18-24,57840,91,77.38,42.0,1.8423809523809522,0.15733056708160442
Meta Ads,faixa_etaria,25-34,58763,110,79.01,49.0,1.6124489795918369,0.18719262120722224
Meta Ads,faixa_etaria,35-44,34991,70,45.37,10.0,4.537,0.20005144179931983
Meta Ads,faixa_etaria,45-54,27468,58,34.45,5.0,6.890000000000001,0.21115479831076162
Meta Ads,faixa_etaria,55-64,25305,69,33.61,7.0,4.801428571428572,0.2726733847065797
Meta Ads,faixa_etaria,65+,15061,34,19.48,0.0,0.0,0.22574862226943765
Meta Ads,faixa_etaria,Unknown,2,1,0.0,1.0,0.0,50.0
Meta Ads,faixa_etaria,18-24,93489,88,131.9976,7.0,18.8568,0.09412872102600306
Meta Ads,faixa_etaria,25-34,120755,142,171.706877,6.0,28.617812833333332,0.1175934743902944
Meta Ads,faixa_etaria,35-44,66496,90,95.328266,3.0,31.776088666666666,0.13534648700673724
Meta Ads,faixa_etaria,45-54,45660,59,65.908801,1.0,65.908801,0.12921594393342095
Meta Ads,faixa_etaria,55-64,38037,73,54.579007,3.0,18.193002333333332,0.19191839524673346
Meta Ads,faixa_etaria,65+,21686,56,30.369448,0.0,0.0,0.25823111684958033
Meta Ads,faixa_etaria,Unknown,1,0,0.0,0.0,0.0,0.0
Meta Ads,faixa_etaria,18-24,24785,16,28.97,11.0,2.6336363636363633,0.06455517450070608
Meta Ads,faixa_etaria,25-34,21021,16,25.82,12.0,2.151666666666667,0.07611436182864754
Meta Ads,faixa_etaria,35-44,7300,1,8.67,1.0,8.67,0.0136986301369863
Meta Ads,faixa_etaria,45-54,2925,1,3.64,1.0,3.64,0.03418803418803419
Meta Ads,faixa_etaria,55-64,1509,1,2.06,1.0,2.06,0.06626905235255136
Meta Ads,faixa_etaria,65+,702,1,0.8,1.0,0.8,0.14245014245014245
Meta Ads,faixa_etaria,Unknown,4,0,0.01,0.0,0.0,0.0
Meta Ads,faixa_etaria,18-24,23827,28,28.71,22.0,1.305,0.11751374491123516
Meta Ads,faixa_etaria,25-34,21074,26,24.66,18.0,1.37,0.12337477460377716
Meta Ads,faixa_etaria,35-44,7364,6,9.57,5.0,1.9140000000000001,0.08147745790331341
Meta Ads,faixa_etaria,45-54,3202,1,3.94,0.0,0.0,0.03123048094940662
Meta Ads,faixa_etaria,55-64,1771,1,2.06,1.0,2.06,0.0564652738565782
Meta Ads,faixa_etaria,65+,901,1,1.0,1.0,1.0,0.11098779134295228
Meta Ads,faixa_etaria,Unknown,2,0,0.0,0.0,0.0,0.0
Meta Ads,faixa_etaria,18-24,20886,29,25.69,13.0,1.9761538461538461,0.13884898975390214
Meta Ads,faixa_etaria,25-34,20708,21,25.93,16.0,1.620625,0.10141008305968707
Meta Ads,faixa_etaria,35-44,8064,9,10.22,5.0,2.044,0.11160714285714285
Meta Ads,faixa_etaria,45-54,3785,4,4.51,3.0,1.5033333333333332,0.10568031704095111
Meta Ads,faixa_etaria,55-64,2160,5,2.36,3.0,0.7866666666666666,0.23148148148148145
Meta Ads,faixa_etaria,65+,1055,2,1.18,2.0,0.59,0.18957345971563982
Meta Ads,faixa_etaria,Unknown,2,0,0.0,0.0,0.0,0.0
Meta Ads,faixa_etaria,18-24,20163,40,28.74,21.0,1.3685714285714285,0.19838317710658138
Meta Ads,faixa_etaria,25-34,34133,46,49.63,33.0,1.503939393939394,0.13476694108340903
Meta Ads,faixa_etaria,35-44,19050,22,27.92,12.0,2.3266666666666667,0.11548556430446195
Meta Ads,faixa_etaria,45-54,11255,10,16.19,8.0,2.02375,0.0888494002665482
Meta Ads,faixa_etaria,55-64,7282,11,10.82,11.0,0.9836363636363636,0.1510574018126888
Meta Ads,faixa_etaria,65+,3395,6,4.37,6.0,0.7283333333333334,0.17673048600883653
Meta Ads,faixa_etaria,Unknown,2,0,0.01,0.0,0.0,0.0
Meta Ads,faixa_etaria,18-24,45730,76,60.46,40.0,1.5115,0.1661928712005248
Meta Ads,faixa_etaria,25-34,50004,75,65.56,46.0,1.4252173913043478,0.1499880009599232
Meta Ads,faixa_etaria,35-44,19743,19,26.17,12.0,2.1808333333333336,0.09623664083472623
Meta Ads,faixa_etaria,45-54,9379,6,12.58,3.0,4.193333333333333,0.06397270497920887
Meta Ads,faixa_etaria,55-64,5298,1,6.71,0.0,0.0,0.01887504718761797
Meta Ads,faixa_etaria,65+,2566,1,3.51,0.0,0.0,0.03897116134060795
Meta Ads,faixa_etaria,Unknown,4,0,0.0,0.0,0.0,0.0
Meta Ads,faixa_etaria,18-24,112738,143,142.82,92.0,1.552391304347826,0.12684276818818854
Meta Ads,faixa_etaria,25-34,117397,144,148.99,89.0,1.6740449438202247,0.12266071535047744
Meta Ads,faixa_etaria,35-44,42344,57,53.18,41.0,1.2970731707317074,0.1346117513697336
Meta Ads,faixa_etaria,45-54,17783,15,22.25,6.0,3.7083333333333335,0.08435022212225159
Meta Ads,faixa_etaria,55-64,8793,8,11.12,3.0,3.7066666666666666,0.09098146252701012
Meta Ads,faixa_etaria,65+,4098,5,5.3,3.0,1.7666666666666666,0.12201073694485115
Meta Ads,faixa_etaria,Unknown,13,0,0.01,0.0,0.0,0.0
Meta Ads,faixa_etaria,18-24,64130,79,76.91,57.0,1.349298245614035,0.12318727584593794
Meta Ads,faixa_etaria,25-34,68939,58,82.56,45.0,1.8346666666666667,0.0841323488881475
Meta Ads,faixa_etaria,35-44,24425,31,29.34,25.0,1.1736,0.1269191402251791
Meta Ads,faixa_etaria,45-54,9880,6,12.04,6.0,2.0066666666666664,0.06072874493927126
Meta Ads,faixa_etaria,55-64,4967,6,6.49,4.0,1.6225,0.12079726192872962
Meta Ads,faixa_etaria,65+,2318,1,2.63,1.0,2.63,0.04314063848144953
Meta Ads,faixa_etaria,Unknown,8,0,0.01,0.0,0.0,0.0
Meta Ads,faixa_etaria,18-24,69051,96,84.16,50.0,1.6832,0.13902767519659381
Meta Ads,faixa_etaria,25-34,82435,123,100.45,30.0,3.3483333333333336,0.14920846727724874
Meta Ads,faixa_etaria,35-44,54134,100,65.12,13.0,5.009230769230769,0.18472678907895224
Meta Ads,faixa_etaria,45-54,45155,102,54.68,11.0,4.970909090909091,0.22588860591296644
Meta Ads,faixa_etaria,55-64,40917,128,50.24,11.0,4.567272727272727,0.3128284087298678
Meta Ads,faixa_etaria,65+,24738,98,30.35,7.0,4.335714285714286,0.39615166949632147
Meta Ads,faixa_etaria,Unknown,3,0,0.0,0.0,0.0,0.0
Meta Ads,faixa_etaria,18-24,80862,160,112.58,126.0,0.8934920634920634,0.1978679725952858
Meta Ads,faixa_etaria,25-34,84181,183,118.35,130.0,0.9103846153846153,0.21738872192062342
Meta Ads,faixa_etaria,35-44,29656,51,40.75,42.0,0.9702380952380952,0.1719719449689776
Meta Ads,faixa_etaria,45-54,12045,11,16.42,5.0,3.2840000000000003,0.091324200913242
Meta Ads,faixa_etaria,55-64,5880,4,8.08,3.0,2.6933333333333334,0.06802721088435373
Meta Ads,faixa_etaria,65+,2832,3,3.8,2.0,1.9,0.1059322033898305
Meta Ads,faixa_etaria,Unknown,18,0,0.01,0.0,0.0,0.0
Meta Ads,faixa_etaria,18-24,67462,108,90.99,74.0,1.2295945945945945,0.1600901248110047
Meta Ads,faixa_etaria,25-34,59398,72,80.13,51.0,1.5711764705882352,0.12121620256574295
Meta Ads,faixa_etaria,35-44,22176,23,28.67,13.0,2.2053846153846157,0.10371572871572872
Meta Ads,faixa_etaria,45-54,8908,11,12.17,6.0,2.0283333333333333,0.12348450830713965
Meta Ads,faixa_etaria,55-64,4070,4,5.5,4.0,1.375,0.09828009828009827
Meta Ads,faixa_etaria,65+,2017,3,2.56,1.0,2.56,0.1487357461576599
Meta Ads,faixa_etaria,Unknown,11,1,0.01,1.0,0.01,9.090909090909092
Meta Ads,faixa_etaria,18-24,62066,179,80.46,136.0,0.5916176470588235,0.28840266812747717
Meta Ads,faixa_etaria,25-34,52940,133,68.78,100.0,0.6878,0.2512278050623347
Meta Ads,faixa_etaria,35-44,15303,33,19.45,26.0,0.7480769230769231,0.21564399137424034
Meta Ads,faixa_etaria,45-54,5104,10,6.97,7.0,0.9957142857142857,0.1959247648902821
Meta Ads,faixa_etaria,55-64,1629,6,1.93,4.0,0.4825,0.3683241252302026
Meta Ads,faixa_etaria,65+,918,6,1.21,6.0,0.20166666666666666,0.6535947712418301
Meta Ads,faixa_etaria,Unknown,21,0,0.06,0.0,0.0,0.0
Meta Ads,faixa_etaria,18-24,102994,95,130.54,68.0,1.9197058823529412,0.0922383828184166
Meta Ads,faixa_etaria,25-34,95730,89,121.55,70.0,1.7364285714285714,0.0929698109265643
Meta Ads,faixa_etaria,35-44,33876,29,44.07,17.0,2.5923529411764705,0.0856063289644586
Meta Ads,faixa_etaria,45-54,14945,16,20.0,11.0,1.8181818181818181,0.10705921712947475
Meta Ads,faixa_etaria,55-64,8644,8,10.7,3.0,3.5666666666666664,0.09254974548819991
Meta Ads,faixa_etaria,65+,4398,5,5.26,3.0,1.7533333333333332,0.11368804001819009
Meta Ads,faixa_etaria,Unknown,13,0,0.0,0.0,0.0,0.0
Meta Ads,faixa_etaria,18-24,103693,110,133.41,86.0,1.551279069767442,0.10608237778827886
Meta Ads,faixa_etaria,25-34,98150,102,124.97,70.0,1.7852857142857144,0.10392256749872644
Meta Ads,faixa_etaria,35-44,33899,29,43.84,18.0,2.4355555555555557,0.08554824626095166
Meta Ads,faixa_etaria,45-54,14789,17,18.75,13.0,1.4423076923076923,0.11495030089931707
Meta Ads,faixa_etaria,55-64,8168,11,10.49,9.0,1.1655555555555557,0.1346718903036239
Meta Ads,faixa_etaria,65+,3871,2,4.9,2.0,2.45,0.051666236114699046
Meta Ads,faixa_etaria,Unknown,5,0,0.0,0.0,0.0,0.0
Meta Ads,faixa_etaria,18-24,124195,162,167.98,113.0,1.4865486725663717,0.13044003381778654
Meta Ads,faixa_etaria,25-34,139363,182,193.22,130.0,1.4863076923076923,0.1305942036265006
Meta Ads,faixa_etaria,35-44,56817,45,77.26,35.0,2.2074285714285717,0.0792016473942658
Meta Ads,faixa_etaria,45-54,27746,20,38.95,11.0,3.540909090909091,0.07208246233691343
Meta Ads,faixa_etaria,55-64,15805,9,21.51,5.0,4.3020000000000005,0.05694400506168934
Meta Ads,faixa_etaria,65+,7514,7,10.13,5.0,2.0260000000000002,0.09315943571998936
Meta Ads,faixa_etaria,Unknown,9,0,0.01,0.0,0.0,0.0
Meta Ads,faixa_etaria,18-24,1508,0,2.12,0.0,0.0,0.0
Meta Ads,faixa_etaria,25-34,2409,1,3.41,1.0,3.41,0.04151100041511
Meta Ads,faixa_etaria,35-44,1341,0,1.85,0.0,0.0,0.0
Meta Ads,faixa_etaria,45-54,735,2,1.06,2.0,0.53,0.27210884353741494
Meta Ads,faixa_etaria,55-64,433,2,0.64,1.0,0.64,0.4618937644341801
Meta Ads,faixa_etaria,65+,205,0,0.24,0.0,0.0,0.0
Meta Ads,faixa_etaria,18-24,138033,238,184.67,158.0,1.1687974683544302,0.17242253663978904
Meta Ads,faixa_etaria,25-34,156323,243,212.73,177.0,1.2018644067796609,0.15544737498640634
Meta Ads,faixa_etaria,35-44,55596,62,75.41,47.0,1.6044680851063828,0.11151881430318729
Meta Ads,faixa_etaria,45-54,22669,18,29.2,14.0,2.085714285714286,0.07940359080682871
Meta Ads,faixa_etaria,55-64,11357,13,15.58,9.0,1.731111111111111,0.11446684863960553
Meta Ads,faixa_etaria,65+,5161,6,7.16,5.0,1.432,0.11625653943034295
Meta Ads,faixa_etaria,Unknown,20,0,0.02,0.0,0.0,0.0
Meta Ads,faixa_etaria,18-24,322356,421,405.77,252.0,1.6101984126984126,0.13060095050192955
Meta Ads,faixa_etaria,25-34,337702,355,427.22,218.0,1.9597247706422019,0.10512226756134106
Meta Ads,faixa_etaria,35-44,131827,119,164.4,70.0,2.3485714285714288,0.09026982332906006
Meta Ads,faixa_etaria,45-54,60109,56,76.17,29.0,2.626551724137931,0.093164085245138
Meta Ads,faixa_etaria,55-64,32706,31,42.01,15.0,2.8006666666666664,0.09478383171283557
Meta Ads,faixa_etaria,65+,15419,17,19.22,10.0,1.922,0.11025358324145534
Meta Ads,faixa_etaria,Unknown,29,0,0.02,0.0,0.0,0.0
Meta Ads,faixa_etaria,18-24,114043,128,134.84,92.0,1.4656521739130435,0.11223836623028156
Meta Ads,faixa_etaria,25-34,115666,127,138.67,77.0,1.8009090909090908,0.10979890374007918
Meta Ads,faixa_etaria,35-44,55244,66,65.38,23.0,2.842608695652174,0.11946998769097096
Meta Ads,faixa_etaria,45-54,41646,87,49.02,16.0,3.06375,0.20890361619363204
Meta Ads,faixa_etaria,55-64,41060,114,50.6,16.0,3.1625,0.2776424744276669
Meta Ads,faixa_etaria,65+,25488,93,30.55,3.0,10.183333333333334,0.3648775894538606
Meta Ads,faixa_etaria,Unknown,11,0,0.02,0.0,0.0,0.0
Meta Ads,faixa_etaria,18-24,114476,166,141.56,77.0,1.8384415584415585,0.14500856074635732
Meta Ads,faixa_etaria,25-34,132254,220,164.46,60.0,2.741,0.1663465755289065
Meta Ads,faixa_etaria,35-44,83459,203,103.67,26.0,3.9873076923076924,0.24323320432787357
Meta Ads,faixa_etaria,45-54,67709,178,84.75,16.0,5.296875,0.26288971923968746
Meta Ads,faixa_etaria,55-64,60790,188,76.6,11.0,6.963636363636363,0.30926139167626254
Meta Ads,faixa_etaria,65+,36824,144,45.65,15.0,3.0433333333333334,0.3910493156636976
Meta Ads,faixa_etaria,Unknown,15,0,0.02,0.0,0.0,0.0
Meta Ads,faixa_etaria,18-24,82330,111,111.59,82.0,1.3608536585365854,0.13482327219725496
Meta Ads,faixa_etaria,25-34,76625,94,103.26,73.0,1.4145205479452057,0.12267536704730832
Meta Ads,faixa_etaria,35-44,27378,32,37.5,22.0,1.7045454545454546,0.11688216816421945
Meta Ads,faixa_etaria,45-54,11627,13,15.79,10.0,1.579,0.11180872108024426
Meta Ads,faixa_etaria,55-64,5520,4,7.4,2.0,3.7,0.07246376811594203
Meta Ads,faixa_etaria,65+,2741,1,4.04,1.0,4.04,0.036483035388544326
Meta Ads,faixa_etaria,Unknown,24,0,0.05,0.0,0.0,0.0
Meta Ads,faixa_etaria,18-24,41188,99,52.91,80.0,0.6613749999999999,0.240361270272895
Meta Ads,faixa_etaria,25-34,36472,76,46.03,59.0,0.7801694915254237,0.20837903048914236
Meta Ads,faixa_etaria,35-44,11559,17,14.1,11.0,1.2818181818181817,0.14707154598148628
Meta Ads,faixa_etaria,45-54,4179,6,4.97,3.0,1.6566666666666665,0.14357501794687724
Meta Ads,faixa_etaria,55-64,1485,0,2.01,0.0,0.0,0.0
Meta Ads,faixa_etaria,65+,749,1,1.09,1.0,1.09,0.13351134846461948
Meta Ads,faixa_etaria,Unknown,17,0,0.02,0.0,0.0,0.0
Meta Ads,faixa_etaria,18-24,68567,91,84.99,62.0,1.370806451612903,0.13271690463342425
Meta Ads,faixa_etaria,25-34,53659,63,66.8,47.0,1.4212765957446807,0.11740807693024469
Meta Ads,faixa_etaria,35-44,20931,23,25.84,12.0,2.1533333333333333,0.10988485977736372
Meta Ads,faixa_etaria,45-54,9965,9,12.27,6.0,2.045,0.09031610637230306
Meta Ads,faixa_etaria,55-64,5506,2,7.11,2.0,3.555,0.03632401017072285
Meta Ads,faixa_etaria,65+,2519,3,2.98,3.0,0.9933333333333333,0.11909487892020643
Meta Ads,faixa_etaria,Unknown,5,0,0.01,0.0,0.0,0.0
Meta Ads,faixa_etaria,18-24,17833,22,20.54,12.0,1.7116666666666667,0.12336679190265239
Meta Ads,faixa_etaria,25-34,14908,15,17.81,11.0,1.619090909090909,0.10061711832573116
Meta Ads,faixa_etaria,35-44,4681,2,5.39,2.0,2.695,0.04272591326639607
Meta Ads,faixa_etaria,45-54,2028,3,2.36,1.0,2.36,0.14792899408284024
Meta Ads,faixa_etaria,55-64,1119,1,1.54,0.0,0.0,0.08936550491510277
Meta Ads,faixa_etaria,65+,504,0,0.73,0.0,0.0,0.0
Meta Ads,faixa_etaria,18-24,63120,90,83.68,68.0,1.2305882352941178,0.14258555133079848
Meta Ads,faixa_etaria,25-34,60535,88,83.33,71.0,1.173661971830986,0.14537044684893036
Meta Ads,faixa_etaria,35-44,16684,23,23.09,17.0,1.358235294117647,0.13785662910573004
Meta Ads,faixa_etaria,45-54,4549,5,5.95,5.0,1.19,0.10991426687183997
Meta Ads,faixa_etaria,55-64,1825,3,2.41,3.0,0.8033333333333333,0.16438356164383564
Meta Ads,faixa_etaria,65+,891,0,1.4,0.0,0.0,0.0
Meta Ads,faixa_etaria,Unknown,19,0,0.01,0.0,0.0,0.0
Meta Ads,faixa_etaria,18-24,43924,48,51.08,32.0,1.59625,0.10927966487569438
Meta Ads,faixa_etaria,25-34,53363,80,60.24,46.0,1.3095652173913044,0.149916608886307
Meta Ads,faixa_etaria,35-44,38132,62,43.33,26.0,1.6665384615384615,0.16259309766075736
Meta Ads,faixa_etaria,45-54,32090,66,35.24,21.0,1.678095238095238,0.20567154876908691
Meta Ads,faixa_etaria,55-64,33208,78,37.27,22.0,1.6940909090909093,0.23488316068417248
Meta Ads,faixa_etaria,65+,21253,61,22.4,13.0,1.723076923076923,0.28701830329835787
Meta Ads,faixa_etaria,Unknown,4,0,0.0,0.0,0.0,0.0
Meta Ads,faixa_etaria,18-24,37724,8,45.72,0.0,0.0,0.021206658890891742
Meta Ads,faixa_etaria,25-34,33778,4,39.37,0.0,0.0,0.01184202735508319
Meta Ads,faixa_etaria,35-44,12244,3,14.51,0.0,0.0,0.024501796798431882
Meta Ads,faixa_etaria,45-54,5101,2,5.51,0.0,0.0,0.03920799843168006
Meta Ads,faixa_etaria,55-64,2705,0,3.04,0.0,0.0,0.0
Meta Ads,faixa_etaria,65+,1242,1,1.3,0.0,0.0,0.08051529790660225
Meta Ads,faixa_etaria,Unknown,3,0,0.0,0.0,0.0,0.0
Meta Ads,faixa_etaria,18-24,103871,149,124.16,105.0,1.1824761904761905,0.14344716042013653
Meta Ads,faixa_etaria,25-34,94314,142,114.6,105.0,1.0914285714285714,0.1505608923383591
Meta Ads,faixa_etaria,35-44,30169,42,36.49,26.0,1.4034615384615385,0.13921575126785773
Meta Ads,faixa_etaria,45-54,11917,14,14.71,10.0,1.471,0.11747923135017202
Meta Ads,faixa_etaria,55-64,5658,8,6.57,6.0,1.095,0.14139271827500885
Meta Ads,faixa_etaria,65+,2736,3,3.44,2.0,1.72,0.10964912280701754
Meta Ads,faixa_etaria,Unknown,5,0,0.0,0.0,0.0,0.0
Meta Ads,faixa_etaria,18-24,26417,21,34.13,13.0,2.6253846153846156,0.07949426505659235
Meta Ads,faixa_etaria,25-34,20918,9,27.3,7.0,3.9,0.04302514580743857
Meta Ads,faixa_etaria,35-44,7400,5,9.57,4.0,2.3925,0.06756756756756757
Meta Ads,faixa_etaria,45-54,3648,1,4.79,1.0,4.79,0.027412280701754384
Meta Ads,faixa_etaria,55-64,2180,1,2.78,1.0,2.78,0.045871559633027525
Meta Ads,faixa_etaria,65+,1086,3,1.41,1.0,1.41,0.2762430939226519
Meta Ads,faixa_etaria,Unknown,3,0,0.0,0.0,0.0,0.0
Meta Ads,faixa_etaria,25-34,2,0,0.0,0.0,0.0,0.0
Meta Ads,faixa_etaria,35-44,1,0,0.0,0.0,0.0,0.0
Meta Ads,faixa_etaria,45-54,1,0,0.0,0.0,0.0,0.0
Meta Ads,faixa_etaria,18-24,34850,19,48.63,4.0,12.1575,0.05451936872309899
Meta Ads,faixa_etaria,25-34,26636,11,37.7,4.0,9.425,0.041297492115933324
Meta Ads,faixa_etaria,35-44,8774,3,12.76,1.0,12.76,0.03419193070435377
Meta Ads,faixa_etaria,45-54,3761,2,5.02,2.0,2.51,0.05317734645041213
Meta Ads,faixa_etaria,55-64,1945,0,2.85,0.0,0.0,0.0
Meta Ads,faixa_etaria,65+,908,1,1.32,0.0,0.0,0.11013215859030838
Meta Ads,faixa_etaria,18-24,12880,6,18.48,0.0,0.0,0.046583850931677016
Meta Ads,faixa_etaria,25-34,25481,4,39.72,0.0,0.0,0.015697971037243436
Meta Ads,faixa_etaria,35-44,18376,7,30.01,0.0,0.0,0.038093164997823246
Meta Ads,faixa_etaria,45-54,6226,0,9.76,0.0,0.0,0.0
Meta Ads,faixa_etaria,55-64,1028,0,1.4,0.0,0.0,0.0
Meta Ads,faixa_etaria,65+,462,1,0.63,0.0,0.0,0.21645021645021645
Meta Ads,faixa_etaria,Unknown,1,0,0.0,0.0,0.0,0.0
Meta Ads,faixa_etaria,18-24,135002,129,172.730143,88.0,1.962842534090909,0.09555413993866757
Meta Ads,faixa_etaria,25-34,136250,125,175.840326,79.0,2.225826911392405,0.09174311926605505
Meta Ads,faixa_etaria,35-44,55696,56,72.304246,35.0,2.0658356,0.1005458201666188
Meta Ads,faixa_etaria,45-54,31542,31,40.252364,16.0,2.51577275,0.09828165620442585
Meta Ads,faixa_etaria,55-64,24373,39,30.461789,8.0,3.807723625,0.16001312928240266
Meta Ads,faixa_etaria,65+,14831,45,19.24113,11.0,1.7491936363636362,0.30341851527206526
Meta Ads,faixa_etaria,Unknown,9,0,0.030002,0.0,0.0,0.0
Meta Ads,faixa_etaria,18-24,130060,140,166.981294,92.0,1.8150140652173912,0.1076426264800861
Meta Ads,faixa_etaria,25-34,129757,105,165.681206,75.0,2.2090827466666667,0.0809204898386985
Meta Ads,faixa_etaria,35-44,47619,48,61.874185,34.0,1.8198289705882351,0.1008001008001008
Meta Ads,faixa_etaria,45-54,20851,14,27.811881,10.0,2.7811881,0.06714306268284495
Meta Ads,faixa_etaria,55-64,10930,10,14.430976,6.0,2.4051626666666666,0.09149130832570906
Meta Ads,faixa_etaria,65+,5100,4,6.770458,3.0,2.256819333333333,0.0784313725490196
Meta Ads,faixa_etaria,Unknown,5,0,0.0,0.0,0.0,0.0
Meta Ads,faixa_etaria,18-24,218248,256,300.92,180.0,1.6717777777777778,0.11729775301491882
Meta Ads,faixa_etaria,25-34,255677,275,359.77,186.0,1.9342473118279568,0.10755758241844202
Meta Ads,faixa_etaria,35-44,106630,98,150.82,75.0,2.0109333333333335,0.09190659289130639
Meta Ads,faixa_etaria,45-54,49197,46,67.77,30.0,2.259,0.09350163627863488
Meta Ads,faixa_etaria,55-64,25306,24,35.64,21.0,1.697142857142857,0.09483916857662214
Meta Ads,faixa_etaria,65+,11771,8,16.23,8.0,2.02875,0.0679636394528927
Meta Ads,faixa_etaria,Unknown,20,0,0.02,0.0,0.0,0.0
Meta Ads,faixa_etaria,18-24,27476,51,34.95,37.0,0.9445945945945947,0.185616538069588
Meta Ads,faixa_etaria,25-34,33664,47,42.68,28.0,1.5242857142857142,0.13961501901140685
Meta Ads,faixa_etaria,35-44,13869,12,18.0,7.0,2.5714285714285716,0.08652390222799049
Meta Ads,faixa_etaria,45-54,6189,13,7.68,9.0,0.8533333333333333,0.2100500888673453
Meta Ads,faixa_etaria,55-64,3028,0,3.91,0.0,0.0,0.0
Meta Ads,faixa_etaria,65+,1433,3,1.73,3.0,0.5766666666666667,0.20935101186322402
Meta Ads,faixa_etaria,Unknown,1,0,0.0,0.0,0.0,0.0
Meta Ads,faixa_etaria,18-24,62339,81,74.61,55.0,1.3565454545454545,0.12993471181764224
Meta Ads,faixa_etaria,25-34,72355,88,86.99,66.0,1.3180303030303029,0.12162255545573906
Meta Ads,faixa_etaria,35-44,29251,35,34.12,26.0,1.3123076923076922,0.11965402892208812
Meta Ads,faixa_etaria,45-54,13565,7,16.09,4.0,4.0225,0.05160339107998526
Meta Ads,faixa_etaria,55-64,7391,7,8.51,1.0,8.51,0.09470978216750102
Meta Ads,faixa_etaria,65+,3318,3,3.46,3.0,1.1533333333333333,0.09041591320072333
Meta Ads,faixa_etaria,Unknown,3,0,0.0,0.0,0.0,0.0
Meta Ads,faixa_etaria,18-24,186393,252,266.778793,145.0,1.8398537448275862,0.1351982102332169
Meta Ads,faixa_etaria,25-34,216607,283,311.681957,176.0,1.7709202102272728,0.13065136399100674
Meta Ads,faixa_etaria,35-44,98817,109,142.280023,52.0,2.7361542884615386,0.11030490705040631
Meta Ads,faixa_etaria,45-54,50264,45,72.985141,24.0,3.0410475416666665,0.0895272958777654
Meta Ads,faixa_etaria,55-64,27258,25,39.152758,14.0,2.7966255714285713,0.09171619341110866
Meta Ads,faixa_etaria,65+,13047,12,18.841327,5.0,3.7682653999999998,0.09197516670498966
Meta Ads,faixa_etaria,18-24,63195,120,103.08,100.0,1.0308,0.18988844054118206
Meta Ads,faixa_etaria,25-34,70016,116,118.87,99.0,1.2007070707070708,0.1656764168190128
Meta Ads,faixa_etaria,35-44,24612,50,42.64,36.0,1.1844444444444444,0.20315293352836014
Meta Ads,faixa_etaria,45-54,9252,17,16.51,13.0,1.27,0.18374405533938606
Meta Ads,faixa_etaria,55-64,3865,9,7.36,6.0,1.2266666666666668,0.2328589909443726
Meta Ads,faixa_etaria,65+,1781,3,3.19,3.0,1.0633333333333332,0.16844469399213924
Meta Ads,faixa_etaria,Unknown,2,0,0.0,0.0,0.0,0.0
Meta Ads,faixa_etaria,18-24,225031,426,474.983764,349.0,1.3609849971346706,0.1893072510009732
Meta Ads,faixa_etaria,25-34,322610,616,735.476797,530.0,1.3876920698113209,0.19094262422119587
Meta Ads,faixa_etaria,35-44,166477,292,407.800403,243.0,1.6781909588477366,0.17539960475020572
Meta Ads,faixa_etaria,45-54,80474,169,200.900051,146.0,1.3760277465753423,0.2100057161319184
Meta Ads,faixa_etaria,55-64,45820,106,116.555831,79.0,1.4753902658227849,0.23134002618943691
Meta Ads,faixa_etaria,65+,24000,102,63.013153,78.0,0.8078609358974359,0.42500000000000004
Meta Ads,faixa_etaria,Unknown,15,0,0.030002,0.0,0.0,0.0
Meta Ads,faixa_etaria,18-24,93505,121,122.048003,97.0,1.2582268350515464,0.12940484466071334
Meta Ads,faixa_etaria,25-34,90117,82,115.8976,72.0,1.609688888888889,0.09099282044453322
Meta Ads,faixa_etaria,35-44,31133,46,40.982687,37.0,1.1076401891891892,0.147753187935631
Meta Ads,faixa_etaria,45-54,12359,7,15.961047,7.0,2.2801495714285713,0.05663888664131403
Meta Ads,faixa_etaria,55-64,5555,6,7.130468,5.0,1.4260936,0.10801080108010801
Meta Ads,faixa_etaria,65+,2526,1,2.980195,1.0,2.980195,0.0395882818685669
Meta Ads,faixa_etaria,Unknown,3,0,0.0,0.0,0.0,0.0
Meta Ads,faixa_etaria,18-24,32593,32,45.76,21.0,2.179047619047619,0.09818059092443163
Meta Ads,faixa_etaria,25-34,33282,43,46.91,34.0,1.3797058823529411,0.12919896640826875
Meta Ads,faixa_etaria,35-44,11889,9,16.61,5.0,3.322,0.0757002271006813
Meta Ads,faixa_etaria,45-54,4628,2,6.5,2.0,3.25,0.043215211754537596
Meta Ads,faixa_etaria,55-64,2171,3,2.89,3.0,0.9633333333333334,0.1381851681252879
Meta Ads,faixa_etaria,65+,952,1,1.33,1.0,1.33,0.10504201680672269
Meta Ads,faixa_etaria,Unknown,1,0,0.0,0.0,0.0,0.0
Meta Ads,faixa_etaria,18-24,63652,100,113.05,79.0,1.431012658227848,0.15710425438320869
Meta Ads,faixa_etaria,25-34,64532,100,113.69,81.0,1.4035802469135803,0.15496187937767308
Meta Ads,faixa_etaria,35-44,23958,23,43.1,21.0,2.0523809523809526,0.09600133567075717
Meta Ads,faixa_etaria,45-54,10552,12,17.88,7.0,2.5542857142857143,0.11372251705837756
Meta Ads,faixa_etaria,55-64,4804,0,8.24,0.0,0.0,0.0
Meta Ads,faixa_etaria,65+,2276,2,4.02,1.0,4.02,0.08787346221441124
Meta Ads,faixa_etaria,Unknown,15,0,0.02,0.0,0.0,0.0
Meta Ads,faixa_etaria,18-24,38433,72,51.80599,62.0,0.8355804838709677,0.18733900554211225
Meta Ads,faixa_etaria,25-34,35924,50,48.746226,38.0,1.2827954210526316,0.1391827190735998
Meta Ads,faixa_etaria,35-44,11981,18,16.638712,15.0,1.1092474666666667,0.1502378766380102
Meta Ads,faixa_etaria,45-54,5041,5,6.899466,4.0,1.7248665,0.09918666931164452
Meta Ads,faixa_etaria,55-64,2406,3,3.439734,3.0,1.146578,0.12468827930174563
Meta Ads,faixa_etaria,65+,1183,2,1.649872,2.0,0.824936,0.16906170752324598
Meta Ads,faixa_etaria,Unknown,1,0,0.0,0.0,0.0,0.0
Meta Ads,faixa_etaria,18-24,10380,15,13.27,14.0,0.9478571428571428,0.1445086705202312
Meta Ads,faixa_etaria,25-34,3389,5,3.98,4.0,0.995,0.14753614635585718
Meta Ads,faixa_etaria,35-44,741,0,0.95,0.0,0.0,0.0
Meta Ads,faixa_etaria,45-54,298,0,0.47,0.0,0.0,0.0
Meta Ads,faixa_etaria,55-64,128,1,0.17,1.0,0.17,0.78125
Meta Ads,faixa_etaria,65+,67,0,0.09,0.0,0.0,0.0
Meta Ads,faixa_etaria,18-24,51957,76,78.746062,49.0,1.6070624897959183,0.14627480416498256
Meta Ads,faixa_etaria,25-34,50177,47,75.526223,29.0,2.6043525172413795,0.09366841381509457
Meta Ads,faixa_etaria,35-44,18403,13,28.148592,10.0,2.8148592,0.070640656414715
Meta Ads,faixa_etaria,45-54,6713,3,9.869506,2.0,4.934753,0.044689408610159395
Meta Ads,faixa_etaria,55-64,3363,4,5.249737,4.0,1.31243425,0.11894142134998512
Meta Ads,faixa_etaria,65+,1568,0,2.429878,0.0,0.0,0.0
Meta Ads,faixa_etaria,Unknown,7,0,0.0,0.0,0.0,0.0
Meta Ads,faixa_etaria,18-24,34503,14,46.657517,0.0,0.0,0.04057618178129438
Meta Ads,faixa_etaria,25-34,29229,16,41.117811,0.0,0.0,0.05474015532519074
Meta Ads,faixa_etaria,35-44,17626,17,24.698685,0.0,0.0,0.09644842845795983
Meta Ads,faixa_etaria,45-54,18546,25,26.068612,2.0,13.034306,0.1347999568640138
Meta Ads,faixa_etaria,55-64,20804,43,29.648422,0.0,0.0,0.20669102095750816
Meta Ads,faixa_etaria,65+,13845,35,19.678953,1.0,19.678953,0.2527988443481401
Meta Ads,faixa_etaria,Unknown,8,0,0.009999,0.0,0.0,0.0
Meta Ads,faixa_etaria,18-24,37033,70,56.13,44.0,1.2756818181818181,0.1890206032457538
Meta Ads,faixa_etaria,25-34,40684,88,61.0,67.0,0.9104477611940298,0.2163012486481172
Meta Ads,faixa_etaria,35-44,13737,35,20.88,27.0,0.7733333333333333,0.25478634345199097
Meta Ads,faixa_etaria,45-54,4805,7,7.14,5.0,1.428,0.14568158168574402
Meta Ads,faixa_etaria,55-64,1939,1,3.28,1.0,3.28,0.0515729757607014
Meta Ads,faixa_etaria,65+,848,2,1.51,1.0,1.51,0.2358490566037736
Meta Ads,faixa_etaria,Unknown,5,0,0.02,0.0,0.0,0.0
Meta Ads,faixa_etaria,18-24,81786,130,118.163676,105.0,1.1253683428571428,0.15895140977673441
Meta Ads,faixa_etaria,25-34,82906,110,121.073767,83.0,1.4587200843373493,0.13268038501435359
Meta Ads,faixa_etaria,35-44,31869,55,46.661452,38.0,1.227932947368421,0.1725815055382974
Meta Ads,faixa_etaria,45-54,13986,18,20.130626,15.0,1.3420417333333332,0.1287001287001287
Meta Ads,faixa_etaria,55-64,7246,6,10.460325,6.0,1.7433874999999999,0.08280430582390284
Meta Ads,faixa_etaria,65+,3461,8,4.890152,8.0,0.611269,0.23114706732158338
Meta Ads,faixa_etaria,Unknown,22,0,0.050002,0.0,0.0,0.0
Meta Ads,faixa_etaria,18-24,83540,160,123.87,113.0,1.0961946902654867,0.19152501795547042
Meta Ads,faixa_etaria,25-34,99404,145,146.39,109.0,1.3430275229357798,0.1458693815138224
Meta Ads,faixa_etaria,35-44,32261,30,46.78,21.0,2.2276190476190476,0.09299153777006293
Meta Ads,faixa_etaria,45-54,12682,22,19.05,17.0,1.1205882352941177,0.17347421542343477
Meta Ads,faixa_etaria,55-64,6258,7,8.72,5.0,1.7440000000000002,0.11185682326621924
Meta Ads,faixa_etaria,65+,3125,6,5.08,5.0,1.016,0.192
Meta Ads,faixa_etaria,Unknown,16,0,0.05,0.0,0.0,0.0
Meta Ads,faixa_etaria,18-24,34995,48,54.88,28.0,1.9600000000000002,0.13716245177882555
Meta Ads,faixa_etaria,25-34,32998,47,52.01,29.0,1.793448275862069,0.14243287471967997
Meta Ads,faixa_etaria,35-44,13319,22,21.49,6.0,3.5816666666666666,0.16517756588332458
Meta Ads,faixa_etaria,45-54,6803,6,11.1,1.0,11.1,0.08819638394825813
Meta Ads,faixa_etaria,55-64,4211,6,6.92,6.0,1.1533333333333333,0.14248397055331277
Meta Ads,faixa_etaria,65+,2132,4,3.6,3.0,1.2,0.18761726078799248
Meta Ads,faixa_etaria,Unknown,4,0,0.0,0.0,0.0,0.0
Meta Ads,faixa_etaria,18-24,24991,35,34.85,27.0,1.2907407407407407,0.14005041815053418
Meta Ads,faixa_etaria,25-34,23407,44,31.79,24.0,1.3245833333333332,0.18797795531251335
Meta Ads,faixa_etaria,35-44,13568,33,18.95,18.0,1.0527777777777778,0.2432193396226415
Meta Ads,faixa_etaria,45-54,10986,26,15.41,12.0,1.2841666666666667,0.23666484616785
Meta Ads,faixa_etaria,55-64,10979,27,15.29,19.0,0.8047368421052631,0.24592403679752256
Meta Ads,faixa_etaria,65+,6856,20,8.57,7.0,1.2242857142857144,0.29171528588098017
Meta Ads,faixa_etaria,Unknown,7,0,0.01,0.0,0.0,0.0
Meta Ads,faixa_etaria,18-24,716,0,0.98,0.0,0.0,0.0
Meta Ads,faixa_etaria,25-34,902,1,1.32,1.0,1.32,0.11086474501108648
Meta Ads,faixa_etaria,35-44,646,3,0.8,1.0,0.8,0.46439628482972134
Meta Ads,faixa_etaria,45-54,511,0,0.78,0.0,0.0,0.0
Meta Ads,faixa_etaria,55-64,535,0,0.54,0.0,0.0,0.0
Meta Ads,faixa_etaria,65+,357,0,0.51,0.0,0.0,0.0
Meta Ads,faixa_etaria,18-24,895,1,1.22,0.0,0.0,0.11173184357541899
Meta Ads,faixa_etaria,25-34,1166,5,1.48,3.0,0.49333333333333335,0.42881646655231564
Meta Ads,faixa_etaria,35-44,755,1,0.94,0.0,0.0,0.13245033112582782
Meta Ads,faixa_etaria,45-54,442,1,0.52,1.0,0.52,0.22624434389140274
Meta Ads,faixa_etaria,55-64,341,2,0.45,0.0,0.0,0.5865102639296188
Meta Ads,faixa_etaria,65+,201,1,0.26,0.0,0.0,0.4975124378109453
Meta Ads,faixa_etaria,18-24,1916,3,3.378302,2.0,1.689151,0.15657620041753653
Meta Ads,faixa_etaria,25-34,2628,5,4.707634,4.0,1.1769085,0.1902587519025875
Meta Ads,faixa_etaria,35-44,1731,4,3.398292,3.0,1.132764,0.2310803004043905
Meta Ads,faixa_etaria,45-54,1582,2,3.228378,0.0,0.0,0.12642225031605564
Meta Ads,faixa_etaria,55-64,1566,7,2.938523,5.0,0.5877046,0.4469987228607918
Meta Ads,faixa_etaria,65+,1067,5,2.24887,3.0,0.7496233333333334,0.4686035613870665
Meta Ads,faixa_etaria,18-24,1140,3,1.62,2.0,0.81,0.2631578947368421
Meta Ads,faixa_etaria,25-34,1850,4,2.92,1.0,2.92,0.21621621621621623
Meta Ads,faixa_etaria,35-44,1074,1,1.81,0.0,0.0,0.0931098696461825
Meta Ads,faixa_etaria,45-54,840,3,1.17,1.0,1.17,0.35714285714285715
Meta Ads,faixa_etaria,55-64,816,3,1.06,0.0,0.0,0.3676470588235294
Meta Ads,faixa_etaria,65+,527,2,0.76,0.0,0.0,0.3795066413662239
Meta Ads,faixa_etaria,18-24,10580,21,13.98,17.0,0.8223529411764706,0.19848771266540643
Meta Ads,faixa_etaria,25-34,14460,17,19.42,10.0,1.9420000000000002,0.11756569847856155
Meta Ads,faixa_etaria,35-44,10007,12,13.43,11.0,1.220909090909091,0.1199160587588688
Meta Ads,faixa_etaria,45-54,4748,6,6.18,5.0,1.236,0.12636899747262004
Meta Ads,faixa_etaria,55-64,2649,2,3.8,2.0,1.9,0.07550018875047187
Meta Ads,faixa_etaria,65+,1207,2,1.55,2.0,0.775,0.16570008285004142
Meta Ads,faixa_etaria,18-24,1059,13,16.03,9.0,1.7811111111111113,1.2275731822474032
Meta Ads,faixa_etaria,25-34,777,12,13.32,10.0,1.332,1.5444015444015444
Meta Ads,faixa_etaria,35-44,608,9,9.65,9.0,1.0722222222222222,1.4802631578947367
Meta Ads,faixa_etaria,45-54,451,11,8.7,7.0,1.2428571428571427,2.4390243902439024
Meta Ads,faixa_etaria,55-64,407,4,7.29,3.0,2.43,0.9828009828009828
Meta Ads,faixa_etaria,65+,544,7,11.27,6.0,1.8783333333333332,1.2867647058823528
Meta Ads,faixa_etaria,18-24,284928,522,330.276435,442.0,0.7472317533936651,0.18320417789757412
Meta Ads,faixa_etaria,25-34,288404,373,334.986527,316.0,1.0600839462025318,0.12933246418218888
Meta Ads,faixa_etaria,35-44,148078,166,171.253337,139.0,1.232038395683453,0.11210308080876294
Meta Ads,faixa_etaria,45-54,85565,108,99.341936,93.0,1.0681928602150539,0.12621983287559166
Meta Ads,faixa_etaria,55-64,50838,48,59.081151,38.0,1.5547671315789473,0.09441756166646997
Meta Ads,faixa_etaria,65+,22233,39,25.840503,35.0,0.7383000857142856,0.17541492376197543
Meta Ads,faixa_etaria,Unknown,10285,21,5.680111,3.0,1.8933703333333334,0.20418084589207586
Meta Ads,faixa_etaria,18-24,20734,314,202.29,275.0,0.7355999999999999,1.5144207581749785
Meta Ads,faixa_etaria,25-34,9750,143,113.18,121.0,0.9353719008264464,1.4666666666666666
Meta Ads,faixa_etaria,35-44,4143,58,54.21,54.0,1.0038888888888888,1.3999517258025584
Meta Ads,faixa_etaria,45-54,2886,27,39.04,28.0,1.3942857142857144,0.9355509355509356
Meta Ads,faixa_etaria,55-64,2482,38,35.79,34.0,1.0526470588235295,1.5310233682514103
Meta Ads,faixa_etaria,65+,2737,46,44.0,34.0,1.2941176470588236,1.680672268907563
Meta Ads,faixa_etaria,Unknown,1,0,0.0,0.0,0.0,0.0
Meta Ads,faixa_etaria,18-24,285967,393,504.899902,335.0,1.5071638865671642,0.13742844454080366
Meta Ads,faixa_etaria,25-34,525389,609,972.030559,543.0,1.790111526703499,0.11591411316186674
Meta Ads,faixa_etaria,35-44,328315,330,618.917621,274.0,2.2588234343065694,0.10051322662686749
Meta Ads,faixa_etaria,45-54,150749,134,279.424411,111.0,2.5173370360360363,0.08888947853717105
Meta Ads,faixa_etaria,55-64,50068,55,89.548209,43.0,2.082516488372093,0.10985060317967564
Meta Ads,faixa_etaria,65+,19233,17,34.739305,14.0,2.4813789285714285,0.08838974678937243
Meta Ads,faixa_etaria,Unknown,270,0,0.359993,0.0,0.0,0.0
Meta Ads,faixa_etaria,18-24,28019,29,31.95,23.0,1.3891304347826086,0.10350119561725972
Meta Ads,faixa_etaria,25-34,32758,35,38.07,24.0,1.58625,0.10684412967824654
Meta Ads,faixa_etaria,35-44,24157,39,26.92,31.0,0.8683870967741936,0.1614438878999876
Meta Ads,faixa_etaria,45-54,21154,38,23.51,20.0,1.1755,0.179635057199584
Meta Ads,faixa_etaria,55-64,19405,47,21.36,20.0,1.068,0.24220561710899252
Meta Ads,faixa_etaria,65+,12268,32,13.06,18.0,0.7255555555555556,0.26084121291164003
Meta Ads,faixa_etaria,Unknown,1,0,0.0,0.0,0.0,0.0
Meta Ads,faixa_etaria,18-24,228600,374,287.436829,300.0,0.9581227633333333,0.16360454943132108
Meta Ads,faixa_etaria,25-34,293635,512,363.553341,389.0,0.9345844241645244,0.17436613482725152
Meta Ads,faixa_etaria,35-44,194399,321,241.028955,230.0,1.0479519782608695,0.16512430619499072
Meta Ads,faixa_etaria,45-54,148191,260,178.51182,182.0,0.9808341758241759,0.1754492513040603
Meta Ads,faixa_etaria,55-64,123467,267,148.113213,156.0,0.9494436730769231,0.21625211595001095
Meta Ads,faixa_etaria,65+,75738,210,90.725843,130.0,0.6978911,0.27727164699358314
Meta Ads,faixa_etaria,Unknown,7,0,0.01,0.0,0.0,0.0
Meta Ads,faixa_etaria,18-24,68468,87,76.632483,74.0,1.0355740945945946,0.1270666588771397
Meta Ads,faixa_etaria,25-34,58560,74,64.012074,51.0,1.2551387058823529,0.12636612021857924
Meta Ads,faixa_etaria,35-44,41176,57,44.861453,42.0,1.0681298333333333,0.13843015348746843
Meta Ads,faixa_etaria,45-54,41862,72,46.00149,51.0,0.90199,0.17199369356456928
Meta Ads,faixa_etaria,55-64,44251,77,46.801516,47.0,0.9957769361702128,0.17400736706515108
Meta Ads,faixa_etaria,65+,28797,82,30.370984,54.0,0.5624256296296296,0.28475188387679273
Meta Ads,faixa_etaria,Unknown,5,0,0.01,0.0,0.0,0.0
Meta Ads,faixa_etaria,18-24,7006,264,52.015206,264.0,0.19702729545454545,3.768198686839851
Meta Ads,faixa_etaria,25-34,15823,261,47.824786,265.0,0.18047089056603774,1.649497566833091
Meta Ads,faixa_etaria,35-44,16164,162,25.922594,157.0,0.1651120636942675,1.0022271714922049
Meta Ads,faixa_etaria,45-54,20803,175,31.203123,161.0,0.19380821739130435,0.8412248233427871
Meta Ads,faixa_etaria,55-64,35387,400,58.55586,341.0,0.17171806451612903,1.1303586062678384
Meta Ads,faixa_etaria,65+,39239,678,84.238431,534.0,0.15774987078651687,1.7278727796325086
Meta Ads,faixa_etaria,18-24,51546,46,65.39,35.0,1.8682857142857143,0.08924067822915455
Meta Ads,faixa_etaria,25-34,44070,42,55.43,32.0,1.7321875,0.09530292716133423
Meta Ads,faixa_etaria,35-44,13472,15,17.05,13.0,1.3115384615384615,0.11134204275534441
Meta Ads,faixa_etaria,45-54,4854,2,6.28,1.0,6.28,0.04120313143798929
Meta Ads,faixa_etaria,55-64,1988,0,2.85,0.0,0.0,0.0
Meta Ads,faixa_etaria,65+,1007,1,1.22,1.0,1.22,0.09930486593843098
Meta Ads,faixa_etaria,Unknown,4,0,0.01,0.0,0.0,0.0
Meta Ads,faixa_etaria,18-24,89795,221,114.336529,181.0,0.6316935303867404,0.2461161534606604
Meta Ads,faixa_etaria,25-34,97769,278,125.296197,239.0,0.524251870292887,0.28434370812834336
Meta Ads,faixa_etaria,35-44,39104,105,51.618433,96.0,0.5376920104166667,0.26851472995090014
Meta Ads,faixa_etaria,45-54,17055,48,22.219326,40.0,0.5554831499999999,0.28144239226033424
Meta Ads,faixa_etaria,55-64,8154,14,10.639677,14.0,0.7599769285714286,0.17169487368162864
Meta Ads,faixa_etaria,65+,3859,11,5.329838,11.0,0.4845307272727272,0.28504793988079813
Meta Ads,faixa_etaria,Unknown,3,0,0.0,0.0,0.0,0.0
Meta Ads,faixa_etaria,18-24,62163,100,84.56,76.0,1.1126315789473684,0.16086739700464908
Meta Ads,faixa_etaria,25-34,60917,103,83.37,72.0,1.1579166666666667,0.169082522120262
Meta Ads,faixa_etaria,35-44,24420,36,32.07,28.0,1.145357142857143,0.14742014742014742
Meta Ads,faixa_etaria,45-54,11591,10,16.03,5.0,3.2060000000000004,0.0862738331464067
Meta Ads,faixa_etaria,55-64,6165,10,8.24,8.0,1.03,0.16220600162206003
Meta Ads,faixa_etaria,65+,2973,8,4.02,5.0,0.8039999999999999,0.2690884628321561
Meta Ads,faixa_etaria,Unknown,2,0,0.0,0.0,0.0,0.0
Meta Ads,faixa_etaria,18-24,142096,45,153.74,0.0,0.0,0.0316687309987614
Meta Ads,faixa_etaria,25-34,40474,10,43.6,0.0,0.0,0.024707219449523147
Meta Ads,faixa_etaria,35-44,11317,0,12.16,0.0,0.0,0.0
Meta Ads,faixa_etaria,45-54,4190,1,4.25,0.0,0.0,0.02386634844868735
Meta Ads,faixa_etaria,55-64,2084,0,2.26,0.0,0.0,0.0
Meta Ads,faixa_etaria,65+,1183,0,1.4,0.0,0.0,0.0
Meta Ads,faixa_etaria,Unknown,4,0,0.0,0.0,0.0,0.0
Meta Ads,faixa_etaria,18-24,31765,66,46.362488,50.0,0.92724976,0.20777585392727846
Meta Ads,faixa_etaria,25-34,31936,60,46.78242,44.0,1.0632368181818181,0.187875751503006
Meta Ads,faixa_etaria,35-44,11859,16,17.617146,13.0,1.355165076923077,0.1349186272029682
Meta Ads,faixa_etaria,45-54,5075,5,7.52878,4.0,1.882195,0.09852216748768472
Meta Ads,faixa_etaria,55-64,2536,5,3.51943,5.0,0.703886,0.1971608832807571
Meta Ads,faixa_etaria,65+,1159,2,1.629736,2.0,0.814868,0.1725625539257981
Meta Ads,faixa_etaria,18-24,4492,246,17.068303,248.0,0.06882380241935485,5.47640249332146
Meta Ads,faixa_etaria,25-34,8851,666,44.675559,661.0,0.06758783509833585,7.524573494520394
Meta Ads,faixa_etaria,35-44,3351,333,22.047808,331.0,0.0666096918429003,9.937332139659803
Meta Ads,faixa_etaria,45-54,1223,139,9.469059,138.0,0.06861636956521738,11.365494685200327
Meta Ads,faixa_etaria,55-64,609,74,5.219481,73.0,0.0714997397260274,12.151067323481117
Meta Ads,faixa_etaria,65+,232,29,2.119789,31.0,0.06838029032258064,12.5
Meta Ads,faixa_etaria,45-54,0,0,0.0,0.0,0.0,0.0
Meta Ads,faixa_etaria,18-24,69202,141,92.09,103.0,0.8940776699029127,0.20375133666657033
Meta Ads,faixa_etaria,25-34,81556,161,108.51,126.0,0.8611904761904763,0.1974103683358674
Meta Ads,faixa_etaria,35-44,34631,62,45.84,46.0,0.9965217391304348,0.1790303485316624
Meta Ads,faixa_etaria,45-54,16332,33,21.72,23.0,0.9443478260869564,0.2020573108008817
Meta Ads,faixa_etaria,55-64,8122,20,10.67,14.0,0.7621428571428571,0.2462447672986949
Meta Ads,faixa_etaria,65+,3820,6,5.29,5.0,1.058,0.15706806282722513
Meta Ads,faixa_etaria,Unknown,4,0,0.0,0.0,0.0,0.0
Meta Ads,faixa_etaria,18-24,7149,404,28.09,394.0,0.07129441624365482,5.651140019583158
Meta Ads,faixa_etaria,25-34,14416,1013,71.95,1007.0,0.0714498510427011,7.026914539400667
Meta Ads,faixa_etaria,35-44,6803,627,44.96,621.0,0.07239935587761674,9.216522122592973
Meta Ads,faixa_etaria,45-54,2859,281,20.71,274.0,0.07558394160583942,9.828611402588319
Meta Ads,faixa_etaria,55-64,1636,173,13.86,169.0,0.08201183431952662,10.574572127139364
Meta Ads,faixa_etaria,65+,741,67,6.95,67.0,0.10373134328358209,9.041835357624832
Meta Ads,faixa_etaria,18-24,8335,8,12.99,4.0,3.2475,0.09598080383923216
Meta Ads,faixa_etaria,25-34,9240,7,14.9,5.0,2.98,0.07575757575757576
Meta Ads,faixa_etaria,35-44,3943,3,6.61,2.0,3.305,0.0760841998478316
Meta Ads,faixa_etaria,45-54,1868,1,2.72,0.0,0.0,0.05353319057815846
Meta Ads,faixa_etaria,55-64,969,1,1.4,1.0,1.4,0.10319917440660474
Meta Ads,faixa_etaria,65+,480,1,0.72,0.0,0.0,0.20833333333333334
Meta Ads,faixa_etaria,18-24,3334,3,5.16,3.0,1.72,0.08998200359928014
Meta Ads,faixa_etaria,25-34,1872,2,2.77,1.0,2.77,0.10683760683760685
Meta Ads,faixa_etaria,35-44,552,1,0.71,1.0,0.71,0.18115942028985507
Meta Ads,faixa_etaria,45-54,205,0,0.35,0.0,0.0,0.0
Meta Ads,faixa_etaria,55-64,90,1,0.11,1.0,0.11,1.1111111111111112
Meta Ads,faixa_etaria,65+,60,0,0.05,0.0,0.0,0.0
Meta Ads,faixa_etaria,18-24,73722,90,118.0,62.0,1.903225806451613,0.1220802474159681
Meta Ads,faixa_etaria,25-34,54622,49,86.3,36.0,2.397222222222222,0.08970744388707846
Meta Ads,faixa_etaria,35-44,17845,20,28.83,14.0,2.059285714285714,0.11207621182404036
Meta Ads,faixa_etaria,45-54,7381,14,12.08,10.0,1.208,0.1896761956374475
Meta Ads,faixa_etaria,55-64,3589,4,5.59,2.0,2.795,0.11145165784341043
Meta Ads,faixa_etaria,65+,1892,1,2.93,1.0,2.93,0.052854122621564484
Meta Ads,faixa_etaria,Unknown,3,0,0.0,0.0,0.0,0.0
Meta Ads,faixa_etaria,18-24,25830,35,42.88,22.0,1.9490909090909092,0.13550135501355012
Meta Ads,faixa_etaria,25-34,20349,25,32.71,17.0,1.9241176470588235,0.1228561600078628
Meta Ads,faixa_etaria,35-44,6514,8,10.28,5.0,2.056,0.12281240405280934
Meta Ads,faixa_etaria,45-54,2509,1,3.69,0.0,0.0,0.03985651654045436
Meta Ads,faixa_etaria,55-64,1039,0,1.61,0.0,0.0,0.0
Meta Ads,faixa_etaria,65+,530,0,0.81,0.0,0.0,0.0
Meta Ads,faixa_etaria,18-24,31808,35,51.96,27.0,1.9244444444444444,0.11003521126760564
Meta Ads,faixa_etaria,25-34,24190,25,40.55,14.0,2.8964285714285714,0.10334849111202976
Meta Ads,faixa_etaria,35-44,8317,9,13.22,6.0,2.2033333333333336,0.10821209570758686
Meta Ads,faixa_etaria,45-54,3742,3,6.14,3.0,2.0466666666666664,0.08017103153393908
Meta Ads,faixa_etaria,55-64,1795,2,2.92,0.0,0.0,0.11142061281337048
Meta Ads,faixa_etaria,65+,928,1,1.43,0.0,0.0,0.10775862068965517
Meta Ads,faixa_etaria,18-24,90150,145,145.9,109.0,1.338532110091743,0.16084303937881309
Meta Ads,faixa_etaria,25-34,101711,195,162.29,112.0,1.4490178571428571,0.19171967633785922
Meta Ads,faixa_etaria,35-44,73567,181,116.22,77.0,1.5093506493506494,0.2460342273030027
Meta Ads,faixa_etaria,45-54,64136,176,97.46,70.0,1.3922857142857141,0.27441686416365224
Meta Ads,faixa_etaria,55-64,56077,168,85.87,75.0,1.1449333333333334,0.299588066408688
Meta Ads,faixa_etaria,65+,33034,115,50.19,51.0,0.9841176470588234,0.3481261730338439
Meta Ads,faixa_etaria,Unknown,1,0,0.0,0.0,0.0,0.0
Meta Ads,faixa_etaria,18-24,3029,37,12.01,35.0,0.34314285714285714,1.2215252558600198
Meta Ads,faixa_etaria,25-34,4876,57,20.74,49.0,0.42326530612244895,1.1689909762100084
Meta Ads,faixa_etaria,35-44,2931,36,12.03,30.0,0.40099999999999997,1.2282497441146365
Meta Ads,faixa_etaria,45-54,2780,34,11.01,24.0,0.45875,1.223021582733813
Meta Ads,faixa_etaria,55-64,4347,66,19.6,49.0,0.4,1.518288474810214
Meta Ads,faixa_etaria,65+,6330,118,34.0,79.0,0.43037974683544306,1.8641390205371249
Meta Ads,faixa_etaria,18-24,50797,58,77.84,36.0,2.1622222222222223,0.11417997125814518
Meta Ads,faixa_etaria,25-34,35551,42,55.5,27.0,2.0555555555555554,0.11814013670501534
Meta Ads,faixa_etaria,35-44,11224,9,17.46,7.0,2.494285714285714,0.08018531717747684
Meta Ads,faixa_etaria,45-54,4186,9,6.65,6.0,1.1083333333333334,0.21500238891543239
Meta Ads,faixa_etaria,55-64,1802,0,2.83,0.0,0.0,0.0
Meta Ads,faixa_etaria,65+,995,3,1.44,2.0,0.72,0.3015075376884422
Meta Ads,faixa_etaria,Unknown,3,0,0.0,0.0,0.0,0.0
Meta Ads,faixa_etaria,18-24,28805,40,48.14,29.0,1.66,0.13886478042006598
Meta Ads,faixa_etaria,25-34,20087,20,33.84,13.0,2.6030769230769235,0.09956688405436352
Meta Ads,faixa_etaria,35-44,5751,7,9.92,1.0,9.92,0.12171796209354896
Meta Ads,faixa_etaria,45-54,1984,0,2.99,0.0,0.0,0.0
Meta Ads,faixa_etaria,55-64,700,2,1.27,1.0,1.27,0.2857142857142857
Meta Ads,faixa_etaria,65+,408,0,0.75,0.0,0.0,0.0
Meta Ads,faixa_etaria,18-24,312856,584,628.71,498.0,1.2624698795180724,0.18666734855652442
Meta Ads,faixa_etaria,25-34,356571,699,722.35,569.0,1.2695079086115992,0.19603388946380942
Meta Ads,faixa_etaria,35-44,138728,229,281.11,172.0,1.634360465116279,0.16507121849950984
Meta Ads,faixa_etaria,45-54,60784,109,123.07,87.0,1.4145977011494253,0.1793235061858384
Meta Ads,faixa_etaria,55-64,26778,37,54.22,27.0,2.0081481481481482,0.13817312719396518
Meta Ads,faixa_etaria,65+,13099,27,26.09,20.0,1.3045,0.20612260477899078
Meta Ads,faixa_etaria,Unknown,0,0,0.0,0.0,0.0,0.0
Meta Ads,faixa_etaria,18-24,229031,623,501.34,303.0,1.6545874587458744,0.2720155786771223
Meta Ads,faixa_etaria,25-34,301017,721,651.84,322.0,2.0243478260869567,0.2395213559367079
Meta Ads,faixa_etaria,35-44,164877,387,352.16,137.0,2.5705109489051097,0.23472042795538492
Meta Ads,faixa_etaria,45-54,112085,265,235.24,96.0,2.450416666666667,0.23642771111210245
Meta Ads,faixa_etaria,55-64,82291,227,169.26,56.0,3.0225,0.2758503360027221
Meta Ads,faixa_etaria,65+,43861,145,90.06,45.0,2.001333333333333,0.33058981783361074
Meta Ads,faixa_etaria,18-24,29186,502,161.08,89.0,1.8098876404494384,1.7200027410402248
Meta Ads,faixa_etaria,25-34,33727,466,207.85,116.0,1.7918103448275862,1.3816823316630593
Meta Ads,faixa_etaria,35-44,20066,238,137.39,85.0,1.6163529411764703,1.1860859164756303
Meta Ads,faixa_etaria,45-54,10856,91,81.07,42.0,1.930238095238095,0.8382461311717023
Meta Ads,faixa_etaria,55-64,5960,49,50.77,37.0,1.3721621621621622,0.8221476510067114
Meta Ads,faixa_etaria,65+,3666,37,36.72,26.0,1.4123076923076923,1.0092744135297327
Meta Ads,faixa_etaria,Unknown,2,0,0.01,0.0,0.0,0.0
Meta Ads,faixa_etaria,18-24,13473,57,82.47,47.0,1.7546808510638299,0.4230683589401024
Meta Ads,faixa_etaria,25-34,25848,158,169.48,98.0,1.7293877551020407,0.6112658619622408
Meta Ads,faixa_etaria,35-44,22707,162,160.36,122.0,1.3144262295081968,0.713436385255648
Meta Ads,faixa_etaria,45-54,14860,100,116.47,89.0,1.3086516853932584,0.6729475100942126
Meta Ads,faixa_etaria,55-64,10450,69,86.48,60.0,1.4413333333333334,0.6602870813397129
Meta Ads,faixa_etaria,65+,6058,50,56.01,39.0,1.4361538461538461,0.8253549026081214
Meta Ads,faixa_etaria,18-24,10248,70,33.61,61.0,0.550983606557377,0.6830601092896175
Meta Ads,faixa_etaria,25-34,9254,82,38.32,78.0,0.49128205128205127,0.8861033066781931
Meta Ads,faixa_etaria,35-44,3299,36,17.18,31.0,0.5541935483870968,1.0912397696271596
Meta Ads,faixa_etaria,45-54,1283,17,7.21,15.0,0.4806666666666667,1.3250194855806703
Meta Ads,faixa_etaria,55-64,757,14,4.35,10.0,0.43499999999999994,1.8494055482166447
Meta Ads,faixa_etaria,65+,621,11,4.08,10.0,0.40800000000000003,1.7713365539452495
Meta Ads,faixa_etaria,18-24,109853,181,189.32,152.0,1.2455263157894736,0.1647656413570863
Meta Ads,faixa_etaria,25-34,112719,141,197.05,120.0,1.6420833333333333,0.12508982514039338
Meta Ads,faixa_etaria,35-44,39442,47,67.62,39.0,1.733846153846154,0.11916231428426549
Meta Ads,faixa_etaria,45-54,16384,17,27.63,15.0,1.8419999999999999,0.103759765625
Meta Ads,faixa_etaria,55-64,7463,10,12.35,8.0,1.54375,0.13399437223636607
Meta Ads,faixa_etaria,65+,3618,2,5.86,0.0,0.0,0.055279159756771695
Meta Ads,faixa_etaria,Unknown,9,0,0.05,0.0,0.0,0.0
Meta Ads,faixa_etaria,18-24,101428,49,182.29,0.0,0.0,0.04831013132468352
Meta Ads,faixa_etaria,25-34,107483,35,193.13,0.0,0.0,0.03256328907827284
Meta Ads,faixa_etaria,35-44,40457,13,72.32,0.0,0.0,0.03213288182514769
Meta Ads,faixa_etaria,45-54,17244,7,29.8,0.0,0.0,0.04059382973787984
Meta Ads,faixa_etaria,55-64,8168,2,15.17,0.0,0.0,0.024485798237022526
Meta Ads,faixa_etaria,65+,3927,0,7.13,0.0,0.0,0.0
Meta Ads,faixa_etaria,Unknown,18,0,0.06,0.0,0.0,0.0
Meta Ads,faixa_etaria,18-24,131630,57,275.73,2.0,137.865,0.04330319835903669
Meta Ads,faixa_etaria,25-34,145946,61,311.47,1.0,311.47,0.04179628081619229
Meta Ads,faixa_etaria,35-44,56321,27,121.96,0.0,0.0,0.047939489710765074
Meta Ads,faixa_etaria,45-54,24889,11,53.5,2.0,26.75,0.044196231266824704
Meta Ads,faixa_etaria,55-64,11522,3,25.39,1.0,25.39,0.02603714632876237
Meta Ads,faixa_etaria,65+,5620,3,11.92,0.0,0.0,0.05338078291814947
Meta Ads,faixa_etaria,Unknown,4,0,0.01,0.0,0.0,0.0
Meta Ads,faixa_etaria,18-24,241650,448,624.28,368.0,1.6964130434782607,0.18539209600662115
Meta Ads,faixa_etaria,25-34,297523,566,786.27,439.0,1.7910478359908883,0.1902373934116018
Meta Ads,faixa_etaria,35-44,123178,202,332.88,157.0,2.1202547770700635,0.16399032294727955
Meta Ads,faixa_etaria,45-54,55515,107,150.76,81.0,1.8612345679012345,0.1927407007115194
Meta Ads,faixa_etaria,55-64,25700,51,69.89,42.0,1.664047619047619,0.19844357976653695
Meta Ads,faixa_etaria,65+,13097,28,35.87,24.0,1.4945833333333332,0.2137894174238375
Meta Ads,faixa_etaria,Unknown,6,0,0.01,0.0,0.0,0.0
Meta Ads,faixa_etaria,18-24,244396,472,627.03,394.0,1.591446700507614,0.1931291837836953
Meta Ads,faixa_etaria,25-34,301141,549,794.17,447.0,1.7766666666666666,0.18230662712815593
Meta Ads,faixa_etaria,35-44,124472,228,330.12,187.0,1.7653475935828877,0.18317372581785463
Meta Ads,faixa_etaria,45-54,54487,105,147.83,86.0,1.7189534883720932,0.19270651715088002
Meta Ads,faixa_etaria,55-64,24721,51,67.16,44.0,1.5263636363636364,0.2063023340479754
Meta Ads,faixa_etaria,65+,12480,24,33.34,20.0,1.6670000000000003,0.19230769230769232
Meta Ads,faixa_etaria,Unknown,8,0,0.01,0.0,0.0,0.0
Meta Ads,faixa_etaria,18-24,7283,90,32.31,79.0,0.4089873417721519,1.2357544967733078
Meta Ads,faixa_etaria,25-34,8390,121,47.84,112.0,0.42714285714285716,1.4421930870083433
Meta Ads,faixa_etaria,35-44,4542,71,28.68,61.0,0.4701639344262295,1.563188022897402
Meta Ads,faixa_etaria,45-54,2791,55,21.26,45.0,0.4724444444444445,1.9706198495163023
Meta Ads,faixa_etaria,55-64,2260,48,23.58,41.0,0.5751219512195122,2.1238938053097343
Meta Ads,faixa_etaria,65+,1874,59,26.11,57.0,0.45807017543859646,3.1483457844183564
Meta Ads,faixa_etaria,18-24,335890,434,432.22,321.0,1.3464797507788162,0.12920896722141176
Meta Ads,faixa_etaria,25-34,395625,611,505.346221,388.0,1.3024387139175257,0.1544391785150079
Meta Ads,faixa_etaria,35-44,240207,436,301.88956,224.0,1.34772125,0.18151011419317506
Meta Ads,faixa_etaria,45-54,184849,407,228.779979,221.0,1.0352035248868778,0.22017971425325536
Meta Ads,faixa_etaria,55-64,147821,442,182.523918,188.0,0.9708719042553192,0.2990102894717259
Meta Ads,faixa_etaria,65+,86243,332,104.433685,140.0,0.7459548928571428,0.38495877926324457
Meta Ads,faixa_etaria,Unknown,3,0,0.0,0.0,0.0,0.0
Meta Ads,faixa_etaria,18-24,0,0,0.0,0.0,0.0,0.0
Meta Ads,faixa_etaria,18-24,153619,1634,515.471109,1479.0,0.34852678093306283,1.0636705095072874
Meta Ads,faixa_etaria,25-34,156471,1770,587.186829,1605.0,0.365848491588785,1.131200030676611
Meta Ads,faixa_etaria,35-44,79314,969,334.726695,862.0,0.3883140313225058,1.221726303048642
Meta Ads,faixa_etaria,45-54,44064,695,233.378612,628.0,0.37162199363057324,1.5772512708787219
Meta Ads,faixa_etaria,55-64,26366,545,186.194849,504.0,0.3694342242063492,2.0670560570431618
Meta Ads,faixa_etaria,65+,16197,394,149.281905,365.0,0.4089915205479452,2.4325492375131197
Meta Ads,faixa_etaria,Unknown,1,0,0.0,0.0,0.0,0.0
Meta Ads,faixa_etaria,18-24,103533,112,154.132377,90.0,1.7125819666666666,0.10817806882829631
Meta Ads,faixa_etaria,25-34,96941,103,147.331831,85.0,1.7333156588235294,0.10625019341661422
Meta Ads,faixa_etaria,35-44,30663,20,44.58358,15.0,2.9722386666666667,0.06522518996836578
Meta Ads,faixa_etaria,45-54,11648,5,16.961362,3.0,5.653787333333334,0.042925824175824176
Meta Ads,faixa_etaria,55-64,4773,5,6.830549,2.0,3.4152745,0.10475591870940709
Meta Ads,faixa_etaria,65+,2486,1,3.7303,0.0,0.0,0.04022526146419952
Meta Ads,faixa_etaria,Unknown,7,0,0.010001,0.0,0.0,0.0
Meta Ads,faixa_etaria,18-24,83542,73,132.049051,54.0,2.445352796296296,0.0873811974815063
Meta Ads,faixa_etaria,25-34,88806,90,139.651875,73.0,1.9130393835616437,0.10134450374974664
Meta Ads,faixa_etaria,35-44,29287,21,45.376856,16.0,2.8360535,0.07170416908525967
Meta Ads,faixa_etaria,45-54,11836,8,19.207135,4.0,4.80178375,0.06759040216289286
Meta Ads,faixa_etaria,55-64,5822,7,9.493526,3.0,3.1645086666666664,0.12023359670216421
Meta Ads,faixa_etaria,65+,2928,5,4.191557,3.0,1.3971856666666669,0.17076502732240437
Meta Ads,faixa_etaria,Unknown,1,0,0.0,0.0,0.0,0.0
Meta Ads,faixa_etaria,18-24,101970,105,129.544319,77.0,1.6823937532467532,0.10297146219476316
Meta Ads,faixa_etaria,25-34,85580,74,110.713691,54.0,2.050253537037037,0.08646880112175742
Meta Ads,faixa_etaria,35-44,28980,20,36.631221,17.0,2.1547777058823527,0.06901311249137336
Meta Ads,faixa_etaria,45-54,10568,16,13.930464,10.0,1.3930464,0.1514004542013626
Meta Ads,faixa_etaria,55-64,4486,5,6.190206,3.0,2.063402,0.11145786892554616
Meta Ads,faixa_etaria,65+,2296,2,2.960099,0.0,0.0,0.08710801393728224
Meta Ads,faixa_etaria,Unknown,1,0,0.0,0.0,0.0,0.0
Meta Ads,faixa_etaria,18-24,117471,188,189.614132,156.0,1.2154752051282052,0.16003949911041873
Meta Ads,faixa_etaria,25-34,120831,157,197.415536,122.0,1.618160131147541,0.12993354354428913
Meta Ads,faixa_etaria,35-44,41334,42,67.33212,35.0,1.9237748571428572,0.10161126433444621
Meta Ads,faixa_etaria,45-54,16299,20,27.154888,18.0,1.5086048888888888,0.12270691453463403
Meta Ads,faixa_etaria,55-64,7178,4,11.862135,2.0,5.9310675,0.05572582892170522
Meta Ads,faixa_etaria,65+,3696,5,6.581185,2.0,3.2905925,0.13528138528138528
Meta Ads,faixa_etaria,Unknown,11,0,0.020004,0.0,0.0,0.0
Meta Ads,faixa_etaria,18-24,166407,226,199.717264,151.0,1.3226308874172186,0.13581159446417518
Meta Ads,faixa_etaria,25-34,180721,267,217.817923,166.0,1.3121561626506024,0.1477415463615186
Meta Ads,faixa_etaria,35-44,66561,81,79.782902,55.0,1.4505982181818182,0.12169288321990356
Meta Ads,faixa_etaria,45-54,26073,27,31.191134,18.0,1.732840777777778,0.10355540214014498
Meta Ads,faixa_etaria,55-64,12051,7,14.650533,3.0,4.8835109999999995,0.05808646585345614
Meta Ads,faixa_etaria,65+,5363,4,6.710244,1.0,6.710244,0.07458512026850643
Meta Ads,faixa_etaria,Unknown,1,0,0.0,0.0,0.0,0.0
Meta Ads,faixa_etaria,18-24,89453,117,106.4,88.0,1.2090909090909092,0.13079494259555297
Meta Ads,faixa_etaria,25-34,102010,121,120.68,99.0,1.218989898989899,0.11861582197823742
Meta Ads,faixa_etaria,35-44,39001,34,45.42,24.0,1.8925,0.08717725186533679
Meta Ads,faixa_etaria,45-54,14620,20,16.75,16.0,1.046875,0.13679890560875513
Meta Ads,faixa_etaria,55-64,6288,4,7.3,4.0,1.825,0.06361323155216285
Meta Ads,faixa_etaria,65+,2676,2,3.38,1.0,3.38,0.07473841554559044
Meta Ads,faixa_etaria,Unknown,1,0,0.01,0.0,0.0,0.0
Meta Ads,faixa_etaria,18-24,176932,167,139.579232,122.0,1.1440920655737705,0.09438654398299912
Meta Ads,faixa_etaria,25-34,222061,226,176.804361,159.0,1.111977113207547,0.1017738369186845
Meta Ads,faixa_etaria,35-44,127070,140,101.493984,89.0,1.1403818426966292,0.11017549382230267
Meta Ads,faixa_etaria,45-54,93286,138,74.590278,79.0,0.9441807341772152,0.1479321655982677
Meta Ads,faixa_etaria,55-64,69600,122,54.807552,63.0,0.8699611428571429,0.1752873563218391
Meta Ads,faixa_etaria,65+,40522,117,33.324592,64.0,0.52069675,0.28873204678939834
Meta Ads,faixa_etaria,Unknown,2,0,0.010001,0.0,0.0,0.0
Meta Ads,faixa_etaria,18-24,56436,754,175.409225,701.0,0.25022713980028527,1.3360266496562478
Meta Ads,faixa_etaria,25-34,58774,805,180.889826,718.0,0.25193569080779943,1.3696532480348453
Meta Ads,faixa_etaria,35-44,36870,529,121.363302,459.0,0.26440806535947714,1.4347708163818822
Meta Ads,faixa_etaria,45-54,20402,341,81.828969,306.0,0.267414931372549,1.6714047642388
Meta Ads,faixa_etaria,55-64,9807,177,48.925362,171.0,0.2861132280701754,1.8048332823493423
Meta Ads,faixa_etaria,65+,4627,123,30.253316,118.0,0.2563840338983051,2.6583099200345797
Meta Ads,faixa_etaria,Unknown,2,0,0.0,0.0,0.0,0.0
Meta Ads,faixa_etaria,18-24,345045,429,370.93,278.0,1.3342805755395684,0.12433160892057558
Meta Ads,faixa_etaria,25-34,389840,446,413.36,276.0,1.49768115942029,0.11440591011697106
Meta Ads,faixa_etaria,35-44,154100,144,163.76,84.0,1.9495238095238094,0.09344581440622972
Meta Ads,faixa_etaria,45-54,70350,57,75.02,36.0,2.0838888888888887,0.08102345415778252
Meta Ads,faixa_etaria,55-64,36398,34,39.22,14.0,2.801428571428571,0.09341172591900654
Meta Ads,faixa_etaria,65+,17097,17,18.07,8.0,2.25875,0.09943264900274902
Meta Ads,faixa_etaria,Unknown,13,0,0.0,0.0,0.0,0.0
Meta Ads,faixa_etaria,18-24,428835,506,780.705236,391.0,1.9966885831202046,0.11799410029498525
Meta Ads,faixa_etaria,25-34,622769,654,1172.057937,489.0,2.3968464969325156,0.10501486104799691
Meta Ads,faixa_etaria,35-44,290502,264,563.137056,186.0,3.0276185806451617,0.09087717124150609
Meta Ads,faixa_etaria,45-54,137452,118,269.552524,79.0,3.412057265822785,0.08584815062712801
Meta Ads,faixa_etaria,55-64,69313,71,136.451402,47.0,2.903221319148936,0.10243388686105058
Meta Ads,faixa_etaria,65+,35384,42,69.925843,27.0,2.589846037037037,0.11869771648202578
Meta Ads,faixa_etaria,Unknown,12,0,0.030003,0.0,0.0,0.0
Meta Ads,faixa_etaria,18-24,82198,82,94.21377,53.0,1.7776183018867924,0.09975911822672084
Meta Ads,faixa_etaria,25-34,80372,87,94.753791,57.0,1.662347210526316,0.10824665306325586
Meta Ads,faixa_etaria,35-44,29733,39,35.301412,25.0,1.41205648,0.1311673897689436
Meta Ads,faixa_etaria,45-54,12511,12,14.790592,9.0,1.643399111111111,0.0959155942770362
Meta Ads,faixa_etaria,55-64,6248,5,7.200288,3.0,2.400096,0.08002560819462227
Meta Ads,faixa_etaria,65+,2963,3,3.670147,1.0,3.670147,0.10124873439082012
Meta Ads,faixa_etaria,Unknown,2,0,0.0,0.0,0.0,0.0
Meta Ads,faixa_etaria,18-24,189905,253,241.436089,165.0,1.4632490242424243,0.13322450699033728
Meta Ads,faixa_etaria,25-34,178455,238,227.406316,166.0,1.3699175662650602,0.13336695525482614
Meta Ads,faixa_etaria,35-44,66442,63,84.098638,41.0,2.0511862926829267,0.0948195418560549
Meta Ads,faixa_etaria,45-54,28828,23,37.149398,12.0,3.0957831666666666,0.07978354377688358
Meta Ads,faixa_etaria,55-64,14336,15,18.629698,10.0,1.8629698000000001,0.10463169642857142
Meta Ads,faixa_etaria,65+,6868,4,8.559861,4.0,2.13996525,0.05824111822947001
Meta Ads,faixa_etaria,Unknown,9,0,0.0,0.0,0.0,0.0
Meta Ads,faixa_etaria,18-24,108302,174,186.64,117.0,1.5952136752136752,0.1606618529667042
Meta Ads,faixa_etaria,25-34,169257,213,293.25,138.0,2.125,0.12584413052340523
Meta Ads,faixa_etaria,35-44,84634,74,147.98,50.0,2.9596,0.08743530968641444
Meta Ads,faixa_etaria,45-54,44354,46,78.04,33.0,2.364848484848485,0.10371105199080129
Meta Ads,faixa_etaria,55-64,24871,26,43.68,24.0,1.82,0.10453942342487234
Meta Ads,faixa_etaria,65+,11505,14,19.91,10.0,1.991,0.12168622338113863
Meta Ads,faixa_etaria,Unknown,15,0,0.0,0.0,0.0,0.0
Meta Ads,faixa_etaria,18-24,58489,71,76.45,56.0,1.3651785714285716,0.12139034690283643
Meta Ads,faixa_etaria,25-34,57851,66,77.81,55.0,1.4147272727272728,0.11408618692848871
Meta Ads,faixa_etaria,35-44,18792,18,25.01,15.0,1.6673333333333333,0.09578544061302681
Meta Ads,faixa_etaria,45-54,6956,8,9.32,6.0,1.5533333333333335,0.11500862564692352
Meta Ads,faixa_etaria,55-64,3089,7,4.27,6.0,0.7116666666666666,0.22661055357720947
Meta Ads,faixa_etaria,65+,1343,1,1.51,1.0,1.51,0.07446016381236038
Meta Ads,faixa_etaria,Unknown,2,0,0.0,0.0,0.0,0.0
Meta Ads,faixa_etaria,18-24,66490,74,82.05,57.0,1.4394736842105262,0.11129493156865694
Meta Ads,faixa_etaria,25-34,74842,99,93.28,74.0,1.2605405405405405,0.13227866705860347
Meta Ads,faixa_etaria,35-44,29956,26,38.63,16.0,2.414375,0.08679396448123915
Meta Ads,faixa_etaria,45-54,13632,15,17.22,9.0,1.913333333333333,0.11003521126760564
Meta Ads,faixa_etaria,55-64,7484,4,9.38,2.0,4.69,0.053447354355959376
Meta Ads,faixa_etaria,65+,3553,1,4.39,0.0,0.0,0.028145229383619477
Meta Ads,faixa_etaria,Unknown,6,0,0.01,0.0,0.0,0.0
Meta Ads,faixa_etaria,18-24,105731,150,131.5,106.0,1.240566037735849,0.14186946117978644
Meta Ads,faixa_etaria,25-34,104371,104,129.08,73.0,1.7682191780821919,0.09964453727568004
Meta Ads,faixa_etaria,35-44,38258,51,47.58,32.0,1.486875,0.13330545245438863
Meta Ads,faixa_etaria,45-54,16474,16,19.9,12.0,1.6583333333333332,0.09712273886123589
Meta Ads,faixa_etaria,55-64,7892,7,10.0,6.0,1.6666666666666667,0.0886974151039027
Meta Ads,faixa_etaria,65+,3798,6,4.76,2.0,2.38,0.1579778830963665
Meta Ads,faixa_etaria,Unknown,6,0,0.0,0.0,0.0,0.0
Meta Ads,faixa_etaria,18-24,151302,236,276.88,139.0,1.9919424460431654,0.15597943186474733
Meta Ads,faixa_etaria,25-34,244272,306,454.37,205.0,2.216439024390244,0.125270190607192
Meta Ads,faixa_etaria,35-44,125958,161,236.55,119.0,1.9878151260504202,0.1278203845726353
Meta Ads,faixa_etaria,45-54,66790,67,125.87,48.0,2.622291666666667,0.10031441832609672
Meta Ads,faixa_etaria,55-64,38051,53,72.62,40.0,1.8155000000000001,0.1392867467346456
Meta Ads,faixa_etaria,65+,18665,36,35.93,31.0,1.159032258064516,0.19287436378248057
Meta Ads,faixa_etaria,Unknown,9,1,0.02,1.0,0.02,11.11111111111111
Meta Ads,faixa_etaria,18-24,86645,77,105.79,56.0,1.8891071428571429,0.08886837093888857
Meta Ads,faixa_etaria,25-34,96155,106,118.83,90.0,1.3203333333333334,0.11023867713587437
Meta Ads,faixa_etaria,35-44,35230,21,43.04,13.0,3.310769230769231,0.05960828839057621
Meta Ads,faixa_etaria,45-54,14852,13,18.37,13.0,1.4130769230769231,0.0875302989496364
Meta Ads,faixa_etaria,55-64,7371,4,9.3,2.0,4.65,0.0542667209333876
Meta Ads,faixa_etaria,65+,3401,4,4.32,1.0,4.32,0.11761246692149367
Meta Ads,faixa_etaria,Unknown,3,0,0.0,0.0,0.0,0.0
Meta Ads,faixa_etaria,18-24,121923,156,181.57,126.0,1.4410317460317459,0.12794960753918458
Meta Ads,faixa_etaria,25-34,138596,163,206.98,127.0,1.629763779527559,0.11760801177523161
Meta Ads,faixa_etaria,35-44,48790,45,75.22,38.0,1.9794736842105263,0.09223201475712237
Meta Ads,faixa_etaria,45-54,16938,17,25.97,14.0,1.855,0.10036604085488252
Meta Ads,faixa_etaria,55-64,4500,1,6.82,1.0,6.82,0.022222222222222223
Meta Ads,faixa_etaria,65+,2127,3,3.21,0.0,0.0,0.14104372355430184
Meta Ads,faixa_etaria,Unknown,3,0,0.0,0.0,0.0,0.0
Meta Ads,faixa_etaria,18-24,57762,112,81.47,93.0,0.876021505376344,0.19389910321664763
Meta Ads,faixa_etaria,25-34,58220,152,81.26,109.0,0.7455045871559633,0.2610786671246994
Meta Ads,faixa_etaria,35-44,18303,47,25.41,34.0,0.7473529411764706,0.25678850461672953
Meta Ads,faixa_etaria,45-54,7224,23,9.98,18.0,0.5544444444444445,0.3183831672203765
Meta Ads,faixa_etaria,55-64,3726,6,5.15,2.0,2.575,0.1610305958132045
Meta Ads,faixa_etaria,65+,1595,0,2.15,0.0,0.0,0.0
Meta Ads,faixa_etaria,Unknown,3,0,0.0,0.0,0.0,0.0
Meta Ads,faixa_etaria,18-24,210496,264,258.9,172.0,1.5052325581395347,0.1254180602006689
Meta Ads,faixa_etaria,25-34,229473,223,282.86,149.0,1.8983892617449665,0.09717918883703093
Meta Ads,faixa_etaria,35-44,87797,87,107.82,60.0,1.797,0.09909222410788524
Meta Ads,faixa_etaria,45-54,39104,35,47.75,19.0,2.513157894736842,0.08950490998363339
Meta Ads,faixa_etaria,55-64,20959,17,25.38,11.0,2.307272727272727,0.08111074001622215
Meta Ads,faixa_etaria,65+,9840,8,12.23,5.0,2.446,0.08130081300813008
Meta Ads,faixa_etaria,Unknown,26,1,0.04,1.0,0.04,3.8461538461538463
Meta Ads,faixa_etaria,18-24,166659,195,200.41,131.0,1.5298473282442748,0.11700538224758339
Meta Ads,faixa_etaria,25-34,172391,207,205.56,157.0,1.3092993630573249,0.12007587403054683
Meta Ads,faixa_etaria,35-44,64711,70,78.15,52.0,1.5028846153846156,0.10817326266013506
Meta Ads,faixa_etaria,45-54,27328,29,32.76,21.0,1.5599999999999998,0.10611826697892272
Meta Ads,faixa_etaria,55-64,12867,14,15.67,9.0,1.741111111111111,0.10880547136084558
Meta Ads,faixa_etaria,65+,6155,2,7.26,2.0,3.63,0.03249390739236393
Meta Ads,faixa_etaria,Unknown,11,0,0.01,0.0,0.0,0.0
Meta Ads,faixa_etaria,18-24,3585,9,6.39,5.0,1.278,0.2510460251046025
Meta Ads,faixa_etaria,25-34,5927,11,11.17,7.0,1.5957142857142856,0.18559136156571623
Meta Ads,faixa_etaria,35-44,3155,2,5.48,1.0,5.48,0.06339144215530904
Meta Ads,faixa_etaria,45-54,1564,4,2.72,4.0,0.68,0.2557544757033248
Meta Ads,faixa_etaria,55-64,760,1,1.46,0.0,0.0,0.13157894736842105
Meta Ads,faixa_etaria,65+,362,1,0.66,1.0,0.66,0.2762430939226519
Meta Ads,faixa_etaria,18-24,1751,2,2.39,2.0,1.195,0.1142204454597373
Meta Ads,faixa_etaria,25-34,1727,4,2.37,3.0,0.79,0.23161551823972204
Meta Ads,faixa_etaria,35-44,660,0,0.79,0.0,0.0,0.0
Meta Ads,faixa_etaria,45-54,274,0,0.22,0.0,0.0,0.0
Meta Ads,faixa_etaria,55-64,105,0,0.14,0.0,0.0,0.0
Meta Ads,faixa_etaria,65+,43,0,0.04,0.0,0.0,0.0
Meta Ads,faixa_etaria,45-54,0,0,0.0,0.0,0.0,0.0
Meta Ads,faixa_etaria,18-24,77267,146,100.74,99.0,1.0175757575757576,0.188955181384032
Meta Ads,faixa_etaria,25-34,92352,197,118.74,144.0,0.8245833333333333,0.2133142758142758
Meta Ads,faixa_etaria,35-44,34308,76,44.36,49.0,0.9053061224489796,0.22152267692666433
Meta Ads,faixa_etaria,45-54,13927,24,18.14,21.0,0.8638095238095238,0.1723271343433618
Meta Ads,faixa_etaria,55-64,6453,5,8.26,3.0,2.7533333333333334,0.07748334108166745
Meta Ads,faixa_etaria,65+,2914,3,3.97,3.0,1.3233333333333335,0.10295126973232671
Meta Ads,faixa_etaria,Unknown,4,0,0.0,0.0,0.0,0.0
Meta Ads,faixa_etaria,18-24,27934,39,31.48,31.0,1.0154838709677418,0.13961480632920456
Meta Ads,faixa_etaria,25-34,24578,23,27.08,18.0,1.5044444444444443,0.09357962405403207
Meta Ads,faixa_etaria,35-44,10306,11,11.17,9.0,1.241111111111111,0.10673394139336309
Meta Ads,faixa_etaria,45-54,5018,5,5.44,4.0,1.36,0.09964129135113592
Meta Ads,faixa_etaria,55-64,3443,5,4.13,5.0,0.826,0.14522218995062444
Meta Ads,faixa_etaria,65+,2055,4,2.2,2.0,1.1,0.19464720194647203
Meta Ads,faixa_etaria,Unknown,1,0,0.0,0.0,0.0,0.0
Meta Ads,faixa_etaria,18-24,119365,245,166.88,204.0,0.8180392156862745,0.20525279604574204
Meta Ads,faixa_etaria,25-34,135996,295,189.8,240.0,0.7908333333333334,0.2169181446513133
Meta Ads,faixa_etaria,35-44,47608,97,67.27,79.0,0.8515189873417721,0.20374726936649304
Meta Ads,faixa_etaria,45-54,18851,42,26.86,30.0,0.8953333333333333,0.22279985146676567
Meta Ads,faixa_etaria,55-64,7932,19,10.85,15.0,0.7233333333333333,0.2395360564800807
Meta Ads,faixa_etaria,65+,4116,5,6.17,1.0,6.17,0.12147716229348883
Meta Ads,faixa_etaria,Unknown,21,0,0.03,0.0,0.0,0.0
Meta Ads,faixa_etaria,18-24,73741,67,96.05,53.0,1.812264150943396,0.09085854544961419
Meta Ads,faixa_etaria,25-34,62912,43,83.01,32.0,2.5940625,0.06834944048830112
Meta Ads,faixa_etaria,35-44,21263,13,28.31,11.0,2.5736363636363637,0.06113906786436533
Meta Ads,faixa_etaria,45-54,8957,9,11.9,8.0,1.4875,0.10048007145249525
Meta Ads,faixa_etaria,55-64,4484,4,5.62,3.0,1.8733333333333333,0.08920606601248886
Meta Ads,faixa_etaria,65+,2153,2,2.88,2.0,1.44,0.09289363678588017
Meta Ads,faixa_etaria,Unknown,10,0,0.02,0.0,0.0,0.0
Meta Ads,faixa_etaria,18-24,123979,106,252.28,1.0,252.28,0.0854983505271054
Meta Ads,faixa_etaria,25-34,167035,260,347.58,5.0,69.51599999999999,0.15565600023947077
Meta Ads,faixa_etaria,35-44,83647,247,178.3,0.0,0.0,0.29528853395818144
Meta Ads,faixa_etaria,45-54,51027,212,108.03,2.0,54.015,0.4154663217512298
Meta Ads,faixa_etaria,55-64,34405,194,70.46,2.0,35.23,0.5638715303008284
Meta Ads,faixa_etaria,65+,20174,153,41.95,1.0,41.95,0.7584019034400714
Meta Ads,faixa_etaria,Unknown,13,0,0.03,0.0,0.0,0.0
Meta Ads,faixa_etaria,18-24,26971,34,30.45,28.0,1.0875,0.12606132512698826
Meta Ads,faixa_etaria,25-34,32517,37,36.11,25.0,1.4444,0.11378663468339639
Meta Ads,faixa_etaria,35-44,13174,9,14.99,5.0,2.998,0.06831638074996205
Meta Ads,faixa_etaria,45-54,5900,3,6.33,2.0,3.165,0.05084745762711865
Meta Ads,faixa_etaria,55-64,2979,0,3.58,0.0,0.0,0.0
Meta Ads,faixa_etaria,65+,1425,1,1.74,0.0,0.0,0.07017543859649122
Meta Ads,faixa_etaria,Unknown,3,0,0.01,0.0,0.0,0.0
Meta Ads,faixa_etaria,18-24,8569,19,11.53,15.0,0.7686666666666666,0.22172949002217296
Meta Ads,faixa_etaria,25-34,9503,21,11.97,17.0,0.7041176470588235,0.22098284752183522
Meta Ads,faixa_etaria,35-44,3754,8,4.99,6.0,0.8316666666666667,0.21310602024507191
Meta Ads,faixa_etaria,45-54,1545,4,2.22,4.0,0.555,0.2588996763754045
Meta Ads,faixa_etaria,55-64,770,2,0.94,2.0,0.47,0.2597402597402597
Meta Ads,faixa_etaria,65+,368,0,0.48,0.0,0.0,0.0
Meta Ads,faixa_etaria,Unknown,1,0,0.0,0.0,0.0,0.0
Meta Ads,faixa_etaria,18-24,127881,145,152.23,118.0,1.2900847457627118,0.11338666416434028
Meta Ads,faixa_etaria,25-34,124946,123,149.15,99.0,1.5065656565656567,0.09844252717173818
Meta Ads,faixa_etaria,35-44,48333,30,56.54,24.0,2.3558333333333334,0.0620693935820247
Meta Ads,faixa_etaria,45-54,21326,13,25.46,9.0,2.828888888888889,0.060958454468723625
Meta Ads,faixa_etaria,55-64,10605,9,12.99,8.0,1.62375,0.08486562942008487
Meta Ads,faixa_etaria,65+,5047,4,5.92,2.0,2.96,0.0792550029720626
Meta Ads,faixa_etaria,Unknown,15,0,0.01,0.0,0.0,0.0
Meta Ads,faixa_etaria,35-44,0,0,0.0,0.0,0.0,0.0
Meta Ads,faixa_etaria,18-24,191578,72,260.874489,2.0,130.4372445,0.037582603430456524
Meta Ads,faixa_etaria,25-34,221439,71,301.113638,2.0,150.556819,0.03206300606487565
Meta Ads,faixa_etaria,35-44,115434,65,157.096681,1.0,157.096681,0.056309232981617205
Meta Ads,faixa_etaria,45-54,78227,54,105.507771,2.0,52.7538855,0.06902987459572782
Meta Ads,faixa_etaria,55-64,57839,96,78.228347,3.0,26.076115666666666,0.16597797333978803
Meta Ads,faixa_etaria,65+,31543,52,43.809074,0.0,0.0,0.16485432584091558
Meta Ads,faixa_etaria,Unknown,28,0,0.029999,0.0,0.0,0.0
Meta Ads,faixa_etaria,18-24,217962,97,296.830862,1.0,296.830862,0.0445031702773878
Meta Ads,faixa_etaria,25-34,226265,101,310.84043,0.0,0.0,0.0446379245574879
Meta Ads,faixa_etaria,35-44,108309,89,147.565457,2.0,73.7827285,0.08217230331736051
Meta Ads,faixa_etaria,45-54,72009,97,97.796989,3.0,32.59899633333333,0.13470538404921606
Meta Ads,faixa_etaria,55-64,56145,138,76.277652,2.0,38.138826,0.2457921453379642
Meta Ads,faixa_etaria,65+,33078,124,45.058613,0.0,0.0,0.3748715158111131
Meta Ads,faixa_etaria,Unknown,27,0,0.079998,0.0,0.0,0.0
Meta Ads,faixa_etaria,18-24,297719,497,413.954274,343.0,1.2068637725947522,0.16693593623517478
Meta Ads,faixa_etaria,25-34,347663,805,481.233344,347.0,1.3868396080691643,0.2315460661617716
Meta Ads,faixa_etaria,35-44,168750,484,231.3368,114.0,2.0292701754385964,0.28681481481481486
Meta Ads,faixa_etaria,45-54,109340,317,151.237908,59.0,2.563354372881356,0.28992134625937444
Meta Ads,faixa_etaria,55-64,77853,273,107.74851,29.0,3.7154658620689656,0.3506608608531463
Meta Ads,faixa_etaria,65+,43065,171,60.359165,18.0,3.353286944444444,0.39707419017763845
Meta Ads,faixa_etaria,Unknown,38,0,0.039999,0.0,0.0,0.0
Meta Ads,faixa_etaria,18-24,27254,21,34.27,17.0,2.0158823529411767,0.07705290966463638
Meta Ads,faixa_etaria,25-34,24639,30,29.85,23.0,1.297826086956522,0.12175818823815902
Meta Ads,faixa_etaria,35-44,8546,10,10.27,6.0,1.7116666666666667,0.11701380762930025
Meta Ads,faixa_etaria,45-54,3624,4,4.37,4.0,1.0925,0.11037527593818984
Meta Ads,faixa_etaria,55-64,1856,1,2.37,1.0,2.37,0.05387931034482758
Meta Ads,faixa_etaria,65+,975,0,1.36,0.0,0.0,0.0
Meta Ads,faixa_etaria,Unknown,1,0,0.0,0.0,0.0,0.0
Meta Ads,faixa_etaria,18-24,62904,21,85.51,1.0,85.51,0.03338420450209844
Meta Ads,faixa_etaria,25-34,74476,20,101.28,3.0,33.76,0.026854288629894193
Meta Ads,faixa_etaria,35-44,41000,26,53.61,3.0,17.87,0.06341463414634146
Meta Ads,faixa_etaria,45-54,33336,21,44.1,1.0,44.1,0.06299496040316774
Meta Ads,faixa_etaria,55-64,30254,27,40.29,0.0,0.0,0.0892443974350499
Meta Ads,faixa_etaria,65+,19547,23,25.2,0.0,0.0,0.11766511485138385
Meta Ads,faixa_etaria,Unknown,10,0,0.0,0.0,0.0,0.0
Meta Ads,faixa_etaria,18-24,315522,578,710.424391,495.0,1.43520078989899,0.18318849398774095
Meta Ads,faixa_etaria,25-34,425833,700,993.474187,591.0,1.6810053925549915,0.16438369031991415
Meta Ads,faixa_etaria,35-44,182798,275,443.094027,225.0,1.9693067866666667,0.15043928270550005
Meta Ads,faixa_etaria,45-54,83429,127,206.812545,102.0,2.0275739705882354,0.15222524541825985
Meta Ads,faixa_etaria,55-64,38424,54,94.636589,44.0,2.150831568181818,0.1405371642723298
Meta Ads,faixa_etaria,65+,19331,38,48.048268,29.0,1.6568368275862069,0.19657544876105737
Meta Ads,faixa_etaria,Unknown,63,0,0.179994,0.0,0.0,0.0
Meta Ads,faixa_etaria,18-24,27746,47,38.45,28.0,1.3732142857142857,0.16939378649174655
Meta Ads,faixa_etaria,25-34,31218,64,42.64,14.0,3.045714285714286,0.20500993016849253
Meta Ads,faixa_etaria,35-44,16684,47,22.57,13.0,1.7361538461538462,0.2817070246943179
Meta Ads,faixa_etaria,45-54,13551,43,18.48,5.0,3.696,0.317319754999631
Meta Ads,faixa_etaria,55-64,11827,40,15.77,5.0,3.154,0.3382091823793016
Meta Ads,faixa_etaria,65+,6365,28,8.41,3.0,2.8033333333333332,0.4399057344854674
Meta Ads,faixa_etaria,Unknown,6,0,0.02,0.0,0.0,0.0
Meta Ads,faixa_etaria,18-24,101363,146,152.32,122.0,1.2485245901639344,0.14403677870623405
Meta Ads,faixa_etaria,25-34,120223,148,177.0,121.0,1.462809917355372,0.12310456401853223
Meta Ads,faixa_etaria,35-44,67066,93,97.06,71.0,1.3670422535211268,0.13866937047087943
Meta Ads,faixa_etaria,45-54,51103,73,72.43,50.0,1.4486,0.14284875643308612
Meta Ads,faixa_etaria,55-64,43491,79,61.58,51.0,1.207450980392157,0.1816467774941942
Meta Ads,faixa_etaria,65+,27846,67,39.09,40.0,0.9772500000000001,0.2406090641384759
Meta Ads,faixa_etaria,Unknown,26,0,0.01,0.0,0.0,0.0
Meta Ads,faixa_etaria,18-24,10388,16,14.33,12.0,1.1941666666666666,0.15402387370042356
Meta Ads,faixa_etaria,25-34,21134,31,29.45,19.0,1.55,0.14668306993470237
Meta Ads,faixa_etaria,35-44,19265,28,26.62,18.0,1.478888888888889,0.14534129249935115
Meta Ads,faixa_etaria,45-54,10927,16,15.18,8.0,1.8975,0.14642628351789144
Meta Ads,faixa_etaria,55-64,4547,5,6.45,3.0,2.15,0.10996261271167802
Meta Ads,faixa_etaria,65+,2764,9,3.71,6.0,0.6183333333333333,0.3256150506512301
Meta Ads,faixa_etaria,Unknown,4,0,0.02,0.0,0.0,0.0
Meta Ads,faixa_etaria,18-24,41561,71,57.84,51.0,1.1341176470588237,0.17083323307908857
Meta Ads,faixa_etaria,25-34,57018,138,78.5,65.0,1.2076923076923076,0.24202883300010522
Meta Ads,faixa_etaria,35-44,38146,98,51.62,42.0,1.229047619047619,0.2569076705290201
Meta Ads,faixa_etaria,45-54,23929,44,31.12,26.0,1.196923076923077,0.18387730369008318
Meta Ads,faixa_etaria,55-64,14937,43,19.48,19.0,1.0252631578947369,0.2878757447948048
Meta Ads,faixa_etaria,65+,9405,26,11.43,15.0,0.762,0.27644869750132905
Meta Ads,faixa_etaria,Unknown,7,0,0.01,0.0,0.0,0.0
Meta Ads,faixa_etaria,18-24,878,7,2.429801,1.0,2.429801,0.7972665148063782
Meta Ads,faixa_etaria,25-34,3833,22,10.249159,6.0,1.7081931666666668,0.573962953300287
Meta Ads,faixa_etaria,35-44,8086,73,24.907957,14.0,1.7791397857142857,0.9027949542418996
Meta Ads,faixa_etaria,45-54,10376,110,34.217193,16.0,2.1385745625,1.0601387818041634
Meta Ads,faixa_etaria,55-64,9314,121,31.917382,11.0,2.901580181818182,1.2991196048958558
Meta Ads,faixa_etaria,65+,4782,64,18.178509,13.0,1.398346846153846,1.3383521539104977
Meta Ads,faixa_etaria,18-24,345,7,1.58,6.0,0.26333333333333336,2.0289855072463765
Meta Ads,faixa_etaria,25-34,1444,36,7.57,28.0,0.27035714285714285,2.4930747922437675
Meta Ads,faixa_etaria,35-44,1529,38,8.49,26.0,0.32653846153846156,2.485284499672989
Meta Ads,faixa_etaria,45-54,866,24,5.33,18.0,0.2961111111111111,2.771362586605081
Meta Ads,faixa_etaria,55-64,841,30,5.76,25.0,0.2304,3.56718192627824
Meta Ads,faixa_etaria,65+,864,23,9.04,20.0,0.45199999999999996,2.662037037037037
Meta Ads,faixa_etaria,18-24,23,0,0.21,0.0,0.0,0.0
Meta Ads,faixa_etaria,25-34,168,9,3.59,6.0,0.5983333333333333,5.357142857142857
Meta Ads,faixa_etaria,35-44,278,6,6.58,5.0,1.316,2.158273381294964
Meta Ads,faixa_etaria,45-54,89,1,2.34,1.0,2.34,1.1235955056179776
Meta Ads,faixa_etaria,55-64,68,1,1.17,1.0,1.17,1.4705882352941175
Meta Ads,faixa_etaria,65+,27,0,0.46,0.0,0.0,0.0
Meta Ads,faixa_etaria,18-24,23014,34,24.837583,21.0,1.1827420476190476,0.14773616059789693
Meta Ads,faixa_etaria,25-34,24460,37,26.847388,15.0,1.7898258666666667,0.15126737530662307
Meta Ads,faixa_etaria,35-44,15198,34,15.558486,4.0,3.8896215,0.22371364653243847
Meta Ads,faixa_etaria,45-54,13351,34,14.108627,7.0,2.0155181428571427,0.2546625720919781
Meta Ads,faixa_etaria,55-64,12700,33,13.798657,2.0,6.8993285,0.25984251968503935
Meta Ads,faixa_etaria,65+,7303,19,7.629258,0.0,0.0,0.2601670546350815
Meta Ads,faixa_etaria,Unknown,3,0,0.0,0.0,0.0,0.0
Meta Ads,faixa_etaria,18-24,266719,391,408.651487,316.0,1.293200908227848,0.1465962304897664
Meta Ads,faixa_etaria,25-34,549421,775,878.161706,610.0,1.4396093540983605,0.1410575860769792
Meta Ads,faixa_etaria,35-44,366168,538,586.437783,424.0,1.383107978773585,0.1469270935745341
Meta Ads,faixa_etaria,45-54,208530,340,304.993646,257.0,1.1867457042801557,0.16304608449623556
Meta Ads,faixa_etaria,55-64,108169,214,139.047103,153.0,0.9088045947712418,0.1978385674268968
Meta Ads,faixa_etaria,65+,67236,157,82.798275,109.0,0.7596172018348624,0.23350585995597595
Meta Ads,faixa_etaria,Unknown,39,0,0.079998,0.0,0.0,0.0
Meta Ads,faixa_etaria,18-24,120,1,0.31,1.0,0.31,0.8333333333333334
Meta Ads,faixa_etaria,25-34,649,4,1.63,1.0,1.63,0.6163328197226503
Meta Ads,faixa_etaria,35-44,1441,13,3.92,2.0,1.96,0.9021512838306732
Meta Ads,faixa_etaria,45-54,2126,16,6.53,2.0,3.265,0.7525870178739417
Meta Ads,faixa_etaria,55-64,2252,21,6.91,2.0,3.455,0.9325044404973356
Meta Ads,faixa_etaria,65+,1303,13,4.41,0.0,0.0,0.9976976208749041
Meta Ads,faixa_etaria,Unknown,1,0,0.01,0.0,0.0,0.0
Meta Ads,faixa_etaria,18-24,50651,1460,139.537158,893.0,0.1562566159014558,2.8824702375076505
Meta Ads,faixa_etaria,25-34,66408,2364,218.265555,1487.0,0.1467824848688635,3.5598120708348393
Meta Ads,faixa_etaria,35-44,21134,769,78.858394,511.0,0.15432171037181996,3.6386864767672944
Meta Ads,faixa_etaria,45-54,7271,233,26.549459,153.0,0.17352587581699347,3.2045110713794527
Meta Ads,faixa_etaria,55-64,3815,153,14.639702,107.0,0.13681964485981307,4.010484927916121
Meta Ads,faixa_etaria,65+,3268,138,13.159732,104.0,0.12653588461538462,4.222766217870257
Meta Ads,faixa_etaria,Unknown,8,2,0.02,2.0,0.01,25.0
Meta Ads,faixa_etaria,18-24,5019,78,45.4,31.0,1.464516129032258,1.5540944411237299
Meta Ads,faixa_etaria,25-34,11896,192,137.21,79.0,1.7368354430379749,1.6139878950907869
Meta Ads,faixa_etaria,35-44,9306,174,162.0,73.0,2.219178082191781,1.8697614442295292
Meta Ads,faixa_etaria,45-54,4244,101,81.7,46.0,1.7760869565217392,2.3798303487276153
Meta Ads,faixa_etaria,55-64,1674,34,42.28,10.0,4.228,2.031063321385902
Meta Ads,faixa_etaria,65+,489,13,14.11,6.0,2.3516666666666666,2.658486707566462
Meta Ads,faixa_etaria,Unknown,79,0,0.1,0.0,0.0,0.0
Meta Ads,faixa_etaria,18-24,151964,161,152.47,127.0,1.2005511811023621,0.10594614513963835
Meta Ads,faixa_etaria,25-34,133590,155,133.1,118.0,1.1279661016949152,0.1160266487012501
Meta Ads,faixa_etaria,35-44,75871,77,73.01,61.0,1.1968852459016395,0.10148805208841322
Meta Ads,faixa_etaria,45-54,60267,78,57.23,47.0,1.2176595744680851,0.12942406292000597
Meta Ads,faixa_etaria,55-64,55347,94,51.7,60.0,0.8616666666666667,0.169837570238676
Meta Ads,faixa_etaria,65+,34267,71,32.47,46.0,0.7058695652173913,0.2071964280503108
Meta Ads,faixa_etaria,Unknown,14,0,0.0,0.0,0.0,0.0
Meta Ads,faixa_etaria,18-24,7850,224,32.310646,193.0,0.16741267357512954,2.8535031847133756
Meta Ads,faixa_etaria,25-34,33173,612,89.511791,539.0,0.16607011317254175,1.8448738431857232
Meta Ads,faixa_etaria,35-44,36391,475,71.821437,458.0,0.15681536462882098,1.3052677859910418
Meta Ads,faixa_etaria,45-54,35627,358,61.341227,341.0,0.1798862961876833,1.0048558677407584
Meta Ads,faixa_etaria,55-64,56373,636,100.232005,571.0,0.17553766199649737,1.1281996700548134
Meta Ads,faixa_etaria,65+,62179,1073,144.622893,879.0,0.1645311638225256,1.72566300519468
Meta Ads,faixa_etaria,Unknown,1,0,0.0,0.0,0.0,0.0
Meta Ads,faixa_etaria,18-24,185301,361,240.46235,193.0,1.2459189119170984,0.19481816072228428
Meta Ads,faixa_etaria,25-34,230358,889,296.672899,333.0,0.8909096066066066,0.38592104463487265
Meta Ads,faixa_etaria,35-44,137922,733,177.661736,160.0,1.11038585,0.5314598106175955
Meta Ads,faixa_etaria,45-54,99622,425,128.791259,72.0,1.7887674861111111,0.4266125956114111
Meta Ads,faixa_etaria,55-64,82280,343,106.631042,55.0,1.938746218181818,0.4168692270296548
Meta Ads,faixa_etaria,65+,49285,161,64.970635,10.0,6.4970635,0.3266714010347976
Meta Ads,faixa_etaria,Unknown,5510,46,8.120079,28.0,0.2900028214285714,0.8348457350272231
Meta Ads,faixa_etaria,18-24,11317,919,69.541391,843.0,0.08249275326215896,8.120526641336042
Meta Ads,faixa_etaria,25-34,17705,1197,67.021341,895.0,0.07488417988826816,6.7608020333239205
Meta Ads,faixa_etaria,35-44,17411,1068,64.371288,829.0,0.0776493220747889,6.134053184768249
Meta Ads,faixa_etaria,45-54,16502,907,58.391168,727.0,0.08031797524071527,5.496303478366259
Meta Ads,faixa_etaria,55-64,24284,1320,86.47173,1059.0,0.0816541359773371,5.435677812551474
Meta Ads,faixa_etaria,65+,38359,2561,154.073082,2030.0,0.07589806995073892,6.676399280481764
Meta Ads,faixa_etaria,18-24,5138,66,45.869079,34.0,1.3490905588235294,1.2845465161541456
Meta Ads,faixa_etaria,25-34,12390,198,139.937189,90.0,1.5548576555555553,1.5980629539951572
Meta Ads,faixa_etaria,35-44,9994,181,179.786388,78.0,2.3049536923076923,1.8110866519911946
Meta Ads,faixa_etaria,45-54,4180,103,82.688339,44.0,1.8792804318181817,2.464114832535885
Meta Ads,faixa_etaria,55-64,1718,48,34.249312,12.0,2.8541093333333336,2.7939464493597206
Meta Ads,faixa_etaria,65+,618,19,11.579767,11.0,1.0527060909090908,3.074433656957929
Meta Ads,faixa_etaria,Unknown,2218,9,3.659926,6.0,0.6099876666666667,0.40577096483318303
Meta Ads,faixa_etaria,18-24,85297,35,104.38,0.0,0.0,0.04103309612295861
Meta Ads,faixa_etaria,25-34,90311,44,112.12,0.0,0.0,0.048720532382544764
Meta Ads,faixa_etaria,35-44,41365,47,51.93,1.0,51.93,0.1136226278254563
Meta Ads,faixa_etaria,45-54,25922,37,31.67,0.0,0.0,0.14273590000771544
Meta Ads,faixa_etaria,55-64,20098,31,25.06,0.0,0.0,0.1542442034033237
Meta Ads,faixa_etaria,65+,12459,32,15.54,0.0,0.0,0.25684244321374106
Meta Ads,faixa_etaria,Unknown,7166,25,8.71,0.0,0.0,0.3488696622941669
Meta Ads,faixa_etaria,18-24,25015,11,34.745669,0.0,0.0,0.043973615830501696
Meta Ads,faixa_etaria,25-34,20194,9,28.236481,0.0,0.0,0.044567693374269586
Meta Ads,faixa_etaria,35-44,7127,1,9.428825,0.0,0.0,0.014031149151115476
Meta Ads,faixa_etaria,45-54,3177,2,4.159482,0.0,0.0,0.06295247088448222
Meta Ads,faixa_etaria,55-64,1846,0,2.539683,0.0,0.0,0.0
Meta Ads,faixa_etaria,65+,934,0,1.11986,0.0,0.0,0.0
Meta Ads,faixa_etaria,18-24,39896,103,60.445702,71.0,0.8513479154929577,0.2581712452376178
Meta Ads,faixa_etaria,25-34,33529,72,50.006445,46.0,1.0870966304347827,0.21473947925676282
Meta Ads,faixa_etaria,35-44,11661,20,17.448759,11.0,1.586250818181818,0.17151187719749592
Meta Ads,faixa_etaria,45-54,4814,9,7.619458,5.0,1.5238916,0.18695471541337766
Meta Ads,faixa_etaria,55-64,2335,8,3.469753,5.0,0.6939506,0.3426124197002141
Meta Ads,faixa_etaria,65+,1194,1,1.659882,1.0,1.659882,0.08375209380234507
Meta Ads,faixa_etaria,Unknown,2,0,0.0,0.0,0.0,0.0
Meta Ads,faixa_etaria,18-24,33387,32,52.615923,26.0,2.023689346153846,0.09584568844160901
Meta Ads,faixa_etaria,25-34,28824,25,46.526394,20.0,2.3263197,0.08673327782403553
Meta Ads,faixa_etaria,35-44,10687,13,17.16867,11.0,1.5607881818181817,0.12164311780668102
Meta Ads,faixa_etaria,45-54,4568,1,7.049454,0.0,0.0,0.021891418563922942
Meta Ads,faixa_etaria,55-64,2414,2,3.719712,1.0,3.719712,0.08285004142502071
Meta Ads,faixa_etaria,65+,1158,0,1.959848,0.0,0.0,0.0
Meta Ads,faixa_etaria,Unknown,1,0,0.0,0.0,0.0,0.0
Meta Ads,faixa_etaria,18-24,4096,67,19.53,63.0,0.31,1.6357421875
Meta Ads,faixa_etaria,25-34,4334,118,33.31,107.0,0.3113084112149533,2.722658052607291
Meta Ads,faixa_etaria,35-44,2635,101,28.17,91.0,0.3095604395604396,3.8330170777988615
Meta Ads,faixa_etaria,45-54,1514,71,16.86,67.0,0.25164179104477613,4.689564068692206
Meta Ads,faixa_etaria,55-64,1202,52,15.34,54.0,0.2840740740740741,4.326123128119801
Meta Ads,faixa_etaria,65+,1027,51,14.82,50.0,0.2964,4.965920155793573
Meta Ads,faixa_etaria,18-24,9064,12,14.171637,12.0,1.18096975,0.1323918799646955
Meta Ads,faixa_etaria,25-34,7575,4,11.653123,4.0,2.91328075,0.0528052805280528
Meta Ads,faixa_etaria,35-44,2815,2,4.767187,2.0,2.3835935,0.07104795737122557
Meta Ads,faixa_etaria,45-54,1125,1,1.798938,0.0,0.0,0.08888888888888889
Meta Ads,faixa_etaria,55-64,604,0,0.989416,0.0,0.0,0.0
Meta Ads,faixa_etaria,65+,299,0,0.509699,0.0,0.0,0.0
Meta Ads,faixa_etaria,18-24,47447,110,64.91,51.0,1.2727450980392156,0.23183762935485908
Meta Ads,faixa_etaria,25-34,74612,243,102.19,81.0,1.2616049382716048,0.32568487642738436
Meta Ads,faixa_etaria,35-44,53381,186,74.02,48.0,1.5420833333333333,0.34843858301642905
Meta Ads,faixa_etaria,45-54,44889,142,60.48,26.0,2.3261538461538462,0.316335850653835
Meta Ads,faixa_etaria,55-64,39359,109,53.82,23.0,2.34,0.27693793033359587
Meta Ads,faixa_etaria,65+,25664,81,34.51,27.0,1.278148148148148,0.31561720698254364
Meta Ads,faixa_etaria,Unknown,5699,49,6.4,32.0,0.2,0.8597999649061239
Meta Ads,faixa_etaria,25-34,0,0,0.0,0.0,0.0,0.0
Meta Ads,faixa_etaria,35-44,0,0,0.0,0.0,0.0,0.0
Meta Ads,faixa_etaria,18-24,17545,8,26.0,0.0,0.0,0.045597036192647475
Meta Ads,faixa_etaria,25-34,15661,7,23.61,0.0,0.0,0.04469701807036588
Meta Ads,faixa_etaria,35-44,6271,0,9.44,0.0,0.0,0.0
Meta Ads,faixa_etaria,45-54,2777,0,3.85,0.0,0.0,0.0
Meta Ads,faixa_etaria,55-64,1430,2,2.15,0.0,0.0,0.13986013986013987
Meta Ads,faixa_etaria,65+,816,1,1.16,0.0,0.0,0.12254901960784313
Meta Ads,faixa_etaria,18-24,79732,160,111.25,105.0,1.0595238095238095,0.20067225204434855
Meta Ads,faixa_etaria,25-34,83096,143,115.65,105.0,1.1014285714285714,0.172090112640801
Meta Ads,faixa_etaria,35-44,33406,57,46.8,39.0,1.2,0.17062803089265402
Meta Ads,faixa_etaria,45-54,14959,18,20.36,13.0,1.566153846153846,0.12032889899057422
Meta Ads,faixa_etaria,55-64,7338,12,9.98,11.0,0.9072727272727273,0.1635322976287817
Meta Ads,faixa_etaria,65+,3400,7,4.84,5.0,0.968,0.2058823529411765
Meta Ads,faixa_etaria,Unknown,5,0,0.0,0.0,0.0,0.0
Meta Ads,faixa_etaria,18-24,72263,63,103.8,44.0,2.359090909090909,0.08718154518910093
Meta Ads,faixa_etaria,25-34,72688,63,105.31,50.0,2.1062,0.08667180277349769
Meta Ads,faixa_etaria,35-44,29539,17,42.19,12.0,3.515833333333333,0.05755103422593859
Meta Ads,faixa_etaria,45-54,13583,17,19.71,12.0,1.6425,0.1251564455569462
Meta Ads,faixa_etaria,55-64,6851,10,9.82,9.0,1.0911111111111111,0.14596409283316306
Meta Ads,faixa_etaria,65+,3181,2,4.73,2.0,2.365,0.06287331027978622
Meta Ads,faixa_etaria,Unknown,5,0,0.02,0.0,0.0,0.0
Meta Ads,faixa_etaria,18-24,6606,149,38.38,136.0,0.2822058823529412,2.255525280048441
Meta Ads,faixa_etaria,25-34,9638,366,73.22,338.0,0.21662721893491124,3.79746835443038
Meta Ads,faixa_etaria,35-44,6956,406,70.49,374.0,0.18847593582887698,5.836687751581369
Meta Ads,faixa_etaria,45-54,3548,198,39.56,193.0,0.20497409326424873,5.580608793686584
Meta Ads,faixa_etaria,55-64,2395,146,31.63,145.0,0.21813793103448276,6.096033402922756
Meta Ads,faixa_etaria,65+,2006,121,31.07,118.0,0.2633050847457627,6.031904287138584
Meta Ads,faixa_etaria,Unknown,1,0,0.01,0.0,0.0,0.0
Meta Ads,faixa_etaria,18-24,47963,67,68.06,57.0,1.1940350877192982,0.1396910118216125
Meta Ads,faixa_etaria,25-34,47899,44,67.13,35.0,1.918,0.0918599553226581
Meta Ads,faixa_etaria,35-44,18594,16,26.16,10.0,2.616,0.08604926320318382
Meta Ads,faixa_etaria,45-54,8333,9,11.68,6.0,1.9466666666666665,0.10800432017280691
Meta Ads,faixa_etaria,55-64,4160,2,5.93,1.0,5.93,0.04807692307692308
Meta Ads,faixa_etaria,65+,1935,5,2.91,4.0,0.7275,0.2583979328165375
Meta Ads,faixa_etaria,Unknown,3,0,0.02,0.0,0.0,0.0
Meta Ads,faixa_etaria,18-24,2618,10,8.22,0.0,0.0,0.38197097020626436
Meta Ads,faixa_etaria,25-34,3738,17,12.65,0.0,0.0,0.45478865703584803
Meta Ads,faixa_etaria,35-44,2666,7,9.04,0.0,0.0,0.2625656414103526
Meta Ads,faixa_etaria,45-54,1272,4,4.78,0.0,0.0,0.3144654088050315
Meta Ads,faixa_etaria,55-64,484,0,1.87,0.0,0.0,0.0
Meta Ads,faixa_etaria,65+,319,0,1.2,0.0,0.0,0.0
Meta Ads,faixa_etaria,18-24,68494,94,110.82,85.0,1.303764705882353,0.13723829824510175
Meta Ads,faixa_etaria,25-34,71328,86,115.76,62.0,1.8670967741935485,0.12056976222521311
Meta Ads,faixa_etaria,35-44,35187,46,57.06,31.0,1.8406451612903227,0.13073009918435785
Meta Ads,faixa_etaria,45-54,25034,38,40.75,19.0,2.1447368421052633,0.15179356075736997
Meta Ads,faixa_etaria,55-64,20712,37,32.68,18.0,1.8155555555555556,0.17864040169949788
Meta Ads,faixa_etaria,65+,12795,29,20.15,16.0,1.259375,0.22665103556076593
Meta Ads,faixa_etaria,Unknown,5,0,0.0,0.0,0.0,0.0
Meta Ads,faixa_etaria,25-34,0,0,0.0,0.0,0.0,0.0
Meta Ads,faixa_etaria,18-24,12111,9,21.47,0.0,0.0,0.07431260837255388
Meta Ads,faixa_etaria,25-34,9679,6,16.28,1.0,16.28,0.06198987498708544
Meta Ads,faixa_etaria,35-44,3671,1,5.99,0.0,0.0,0.027240533914464723
Meta Ads,faixa_etaria,45-54,1407,1,2.4,0.0,0.0,0.07107320540156362
Meta Ads,faixa_etaria,55-64,616,0,0.98,0.0,0.0,0.0
Meta Ads,faixa_etaria,65+,303,0,0.5,0.0,0.0,0.0
Meta Ads,faixa_etaria,18-24,11484,24,20.45,14.0,1.4607142857142856,0.20898641588296762
Meta Ads,faixa_etaria,25-34,16198,28,28.63,17.0,1.6841176470588235,0.17286084701815038
Meta Ads,faixa_etaria,35-44,7115,7,14.06,2.0,7.03,0.09838369641602249
Meta Ads,faixa_etaria,45-54,3079,0,5.55,0.0,0.0,0.0
Meta Ads,faixa_etaria,55-64,1602,1,2.92,1.0,2.92,0.062421972534332085
Meta Ads,faixa_etaria,65+,721,1,1.35,1.0,1.35,0.13869625520110956
Meta Ads,faixa_etaria,18-24,5172,5,8.73,5.0,1.746,0.09667440061871617
Meta Ads,faixa_etaria,25-34,6280,8,11.12,7.0,1.5885714285714285,0.12738853503184713
Meta Ads,faixa_etaria,35-44,2585,1,4.5,1.0,4.5,0.03868471953578336
Meta Ads,faixa_etaria,45-54,1110,1,2.05,1.0,2.05,0.09009009009009009
Meta Ads,faixa_etaria,55-64,542,0,0.94,0.0,0.0,0.0
Meta Ads,faixa_etaria,65+,222,0,0.29,0.0,0.0,0.0
Meta Ads,faixa_etaria,18-24,42474,22,69.01,1.0,69.01,0.051796393087535905
Meta Ads,faixa_etaria,25-34,33232,9,52.74,0.0,0.0,0.027082330284063556
Meta Ads,faixa_etaria,35-44,14720,8,23.01,0.0,0.0,0.05434782608695652
Meta Ads,faixa_etaria,45-54,6247,0,9.89,0.0,0.0,0.0
Meta Ads,faixa_etaria,55-64,3569,2,5.8,0.0,0.0,0.05603810591202018
Meta Ads,faixa_etaria,65+,1673,0,2.81,0.0,0.0,0.0
Meta Ads,faixa_etaria,Unknown,2,0,0.0,0.0,0.0,0.0
Meta Ads,faixa_etaria,18-24,0,0,0.0,0.0,0.0,0.0
Meta Ads,faixa_etaria,25-34,0,0,0.0,0.0,0.0,0.0
Meta Ads,faixa_etaria,35-44,0,0,0.0,0.0,0.0,0.0
Meta Ads,faixa_etaria,45-54,0,0,0.0,0.0,0.0,0.0
Meta Ads,faixa_etaria,55-64,0,0,0.0,0.0,0.0,0.0
Meta Ads,faixa_etaria,18-24,25186,45,43.07,30.0,1.4356666666666666,0.17867069006590963
Meta Ads,faixa_etaria,25-34,35286,47,59.35,32.0,1.8546875,0.13319730204613728
Meta Ads,faixa_etaria,35-44,16977,18,29.4,12.0,2.4499999999999997,0.10602579961123874
Meta Ads,faixa_etaria,45-54,7221,2,12.52,1.0,12.52,0.02769699487605595
Meta Ads,faixa_etaria,55-64,4150,4,6.75,3.0,2.25,0.09638554216867469
Meta Ads,faixa_etaria,65+,1682,2,2.92,0.0,0.0,0.11890606420927466
Meta Ads,faixa_etaria,18-24,29844,39,49.17,28.0,1.7560714285714287,0.13067953357458784
Meta Ads,faixa_etaria,25-34,37255,27,60.65,21.0,2.888095238095238,0.0724734934908066
Meta Ads,faixa_etaria,35-44,15679,17,25.82,12.0,2.151666666666667,0.10842528222463167
Meta Ads,faixa_etaria,45-54,6256,1,10.67,1.0,10.67,0.0159846547314578
Meta Ads,faixa_etaria,55-64,3250,3,5.18,2.0,2.59,0.0923076923076923
Meta Ads,faixa_etaria,65+,1350,1,2.34,1.0,2.34,0.07407407407407407
Meta Ads,faixa_etaria,18-24,2306,20,7.56,4.0,1.89,0.8673026886383347
Meta Ads,faixa_etaria,25-34,7529,73,26.21,18.0,1.4561111111111111,0.969584274139992
Meta Ads,faixa_etaria,35-44,8414,51,29.58,15.0,1.972,0.6061326360827193
Meta Ads,faixa_etaria,45-54,6439,38,24.32,10.0,2.432,0.5901537505823885
Meta Ads,faixa_etaria,55-64,4221,23,16.91,7.0,2.415714285714286,0.544894574745321
Meta Ads,faixa_etaria,65+,2099,13,8.56,7.0,1.2228571428571429,0.6193425440686041
Meta Ads,faixa_etaria,18-24,92113,126,149.91,105.0,1.4277142857142857,0.13678850976517973
Meta Ads,faixa_etaria,25-34,104151,146,167.38,92.0,1.8193478260869564,0.14018108323491854
Meta Ads,faixa_etaria,35-44,74061,104,115.34,60.0,1.9223333333333334,0.14042478497454802
Meta Ads,faixa_etaria,45-54,57958,86,89.76,46.0,1.951304347826087,0.148383312053556
Meta Ads,faixa_etaria,55-64,54075,107,84.48,41.0,2.060487804878049,0.1978733240869163
Meta Ads,faixa_etaria,65+,30617,74,47.13,28.0,1.6832142857142858,0.24169578992063231
Meta Ads,faixa_etaria,Unknown,3,0,0.0,0.0,0.0,0.0
Meta Ads,faixa_etaria,18-24,9328,122,26.85,99.0,0.27121212121212124,1.3078902229845626
Meta Ads,faixa_etaria,25-34,19045,189,45.53,156.0,0.29185897435897434,0.9923864531373064
Meta Ads,faixa_etaria,35-44,26904,280,58.95,225.0,0.262,1.0407374368123699
Meta Ads,faixa_etaria,45-54,37246,504,96.2,398.0,0.24170854271356784,1.353165440584224
Meta Ads,faixa_etaria,55-64,64033,860,193.16,663.0,0.291342383107089,1.3430574859837896
Meta Ads,faixa_etaria,65+,63598,1209,238.13,884.0,0.26937782805429866,1.9010031762005095
Meta Ads,faixa_etaria,Unknown,0,0,0.0,0.0,0.0,0.0
Meta Ads,faixa_etaria,18-24,82712,115,141.67,85.0,1.666705882352941,0.13903665731695522
Meta Ads,faixa_etaria,25-34,112463,180,193.39,120.0,1.6115833333333331,0.16005263953478033
Meta Ads,faixa_etaria,35-44,45759,68,78.01,44.0,1.7729545454545457,0.14860464608055246
Meta Ads,faixa_etaria,45-54,16486,31,28.48,21.0,1.3561904761904762,0.18803833555744268
Meta Ads,faixa_etaria,55-64,7541,6,12.88,3.0,4.293333333333334,0.07956504442381647
Meta Ads,faixa_etaria,65+,2977,2,4.89,1.0,4.89,0.06718172657037286
Meta Ads,faixa_etaria,18-24,62608,88,105.84,0.0,0.0,0.14055711730130335
Meta Ads,faixa_etaria,25-34,68357,67,117.68,0.0,0.0,0.09801483388680017
Meta Ads,faixa_etaria,35-44,27781,32,46.71,1.0,46.71,0.11518663834995141
Meta Ads,faixa_etaria,45-54,10264,6,17.45,0.0,0.0,0.05845674201091193
Meta Ads,faixa_etaria,55-64,4853,0,8.1,0.0,0.0,0.0
Meta Ads,faixa_etaria,65+,2135,0,3.54,0.0,0.0,0.0
Meta Ads,faixa_etaria,Unknown,5,0,0.0,0.0,0.0,0.0
Meta Ads,faixa_etaria,18-24,125366,61,264.45,13.0,20.342307692307692,0.0486575307499641
Meta Ads,faixa_etaria,25-34,144614,67,304.51,12.0,25.375833333333333,0.046330230821358925
Meta Ads,faixa_etaria,35-44,61565,28,134.18,6.0,22.363333333333333,0.04548038658328596
Meta Ads,faixa_etaria,45-54,25682,13,56.61,5.0,11.322,0.05061911066116346
Meta Ads,faixa_etaria,55-64,12674,12,26.87,1.0,26.87,0.09468202619536059
Meta Ads,faixa_etaria,65+,6093,1,13.33,1.0,13.33,0.016412276382734285
Meta Ads,faixa_etaria,Unknown,3,0,0.01,0.0,0.0,0.0
Meta Ads,faixa_etaria,18-24,2925,24,15.33,3.0,5.11,0.8205128205128205
Meta Ads,faixa_etaria,25-34,10332,63,60.67,21.0,2.889047619047619,0.6097560975609756
Meta Ads,faixa_etaria,35-44,8161,41,53.7,22.0,2.440909090909091,0.5023894130621247
Meta Ads,faixa_etaria,45-54,4073,13,30.15,5.0,6.029999999999999,0.3191750552418365
Meta Ads,faixa_etaria,55-64,2867,11,23.31,11.0,2.119090909090909,0.38367631670735963
Meta Ads,faixa_etaria,65+,1680,8,16.76,4.0,4.19,0.4761904761904762
Meta Ads,faixa_etaria,18-24,0,0,0.0,0.0,0.0,0.0
Meta Ads,faixa_etaria,18-24,296307,504,386.31479,359.0,1.0760857660167131,0.17009385535947513
Meta Ads,faixa_etaria,25-34,361180,646,464.933905,383.0,1.2139266449086161,0.1788581870535467
Meta Ads,faixa_etaria,35-44,235031,498,296.104331,187.0,1.5834456203208556,0.21188694257353288
Meta Ads,faixa_etaria,45-54,168390,416,208.934224,119.0,1.755749781512605,0.24704554902310114
Meta Ads,faixa_etaria,55-64,146672,423,179.440804,120.0,1.4953400333333335,0.28839860368713865
Meta Ads,faixa_etaria,65+,83046,275,103.031946,94.0,1.0960845319148937,0.331141776846567
Meta Ads,faixa_etaria,Unknown,7,0,0.010001,0.0,0.0,0.0
Meta Ads,faixa_etaria,18-24,52037,1218,157.661271,1028.0,0.15336699513618676,2.3406422353325516
Meta Ads,faixa_etaria,25-34,91597,2144,272.16672,1676.0,0.1623906443914081,2.3406880137995785
Meta Ads,faixa_etaria,35-44,67745,1473,183.204718,1061.0,0.17267174175306316,2.1743302088715035
Meta Ads,faixa_etaria,45-54,68558,1435,196.836557,1023.0,0.19241110166177908,2.0931182356544826
Meta Ads,faixa_etaria,55-64,117791,2592,373.330369,1849.0,0.2019093396430503,2.200507678854921
Meta Ads,faixa_etaria,65+,114184,2845,447.410364,1983.0,0.22562297730711045,2.491592517340433
Meta Ads,faixa_etaria,Unknown,1,0,0.0,0.0,0.0,0.0
Meta Ads,faixa_etaria,18-24,136588,171,191.821932,129.0,1.4869917209302326,0.12519401411544206
Meta Ads,faixa_etaria,25-34,147869,160,209.924946,119.0,1.7640751764705882,0.10820388316685715
Meta Ads,faixa_etaria,35-44,61247,69,85.66426,57.0,1.502881754385965,0.1126585791957157
Meta Ads,faixa_etaria,45-54,22273,29,31.495243,16.0,1.9684526875,0.13020248731648185
Meta Ads,faixa_etaria,55-64,10862,11,15.572592,9.0,1.730288,0.1012704842570429
Meta Ads,faixa_etaria,65+,4448,10,6.161026,7.0,0.8801465714285713,0.22482014388489208
Meta Ads,faixa_etaria,Unknown,4,0,0.0,0.0,0.0,0.0
Meta Ads,faixa_etaria,25-34,0,0,0.0,0.0,0.0,0.0
Meta Ads,faixa_etaria,25-34,0,0,0.0,0.0,0.0,0.0
Meta Ads,faixa_etaria,35-44,0,0,0.0,0.0,0.0,0.0
Meta Ads,faixa_etaria,45-54,0,0,0.0,0.0,0.0,0.0
Meta Ads,faixa_etaria,65+,0,0,0.0,0.0,0.0,0.0
Meta Ads,faixa_etaria,18-24,50227,56,84.810913,51.0,1.6629590784313726,0.11149381806598044
Meta Ads,faixa_etaria,25-34,85181,97,144.756899,88.0,1.6449647613636365,0.11387515995351077
Meta Ads,faixa_etaria,35-44,39696,33,67.520533,29.0,2.3282942413793104,0.08313180169286577
Meta Ads,faixa_etaria,45-54,17293,13,29.157504,11.0,2.6506821818181816,0.07517492627074539
Meta Ads,faixa_etaria,55-64,9652,6,16.399845,4.0,4.09996125,0.06216328222130128
Meta Ads,faixa_etaria,65+,4195,6,7.174307,3.0,2.3914356666666667,0.1430274135876043
Meta Ads,faixa_etaria,18-24,7299,42,29.860995,10.0,2.9860995,0.5754212905877518
Meta Ads,faixa_etaria,25-34,22417,152,94.993167,35.0,2.714090485714286,0.6780568318686712
Meta Ads,faixa_etaria,35-44,27409,122,123.714124,52.0,2.3791177692307692,0.44510927067751466
Meta Ads,faixa_etaria,45-54,22606,75,115.613854,42.0,2.7527108095238098,0.3317703264620013
Meta Ads,faixa_etaria,55-64,22380,91,129.384313,59.0,2.1929544576271187,0.40661304736371756
Meta Ads,faixa_etaria,65+,14968,74,106.413547,50.0,2.1282709399999997,0.49438802779262425
Meta Ads,faixa_etaria,18-24,83396,139,120.578585,93.0,1.2965439247311827,0.1666746606551873
Meta Ads,faixa_etaria,25-34,109257,175,154.299376,111.0,1.3900844684684683,0.16017280357322644
Meta Ads,faixa_etaria,35-44,64629,146,92.849712,91.0,1.0203265054945054,0.2259047795881106
Meta Ads,faixa_etaria,45-54,41575,99,59.539053,54.0,1.1025750555555556,0.238123872519543
Meta Ads,faixa_etaria,55-64,33669,107,49.255762,66.0,0.7462994242424242,0.3177997564525231
Meta Ads,faixa_etaria,65+,16314,58,23.477513,31.0,0.757339129032258,0.35552286379796494
Meta Ads,faixa_etaria,18-24,64278,98,88.02012,74.0,1.189461081081081,0.15246273997324122
Meta Ads,faixa_etaria,25-34,103328,133,139.351854,97.0,1.4366170515463919,0.12871632084236606
Meta Ads,faixa_etaria,35-44,52877,58,70.436101,40.0,1.7609025249999999,0.10968852241995575
Meta Ads,faixa_etaria,45-54,22767,22,29.886832,16.0,1.867927,0.09663108885667852
Meta Ads,faixa_etaria,55-64,11974,11,16.253715,8.0,2.031714375,0.0918657090362452
Meta Ads,faixa_etaria,65+,4633,2,6.031379,1.0,6.031379,0.04316857327865314
Meta Ads,faixa_etaria,18-24,70058,98,93.67803,65.0,1.4412004615384617,0.1398840960347141
Meta Ads,faixa_etaria,25-34,110526,173,146.06252,133.0,1.0982144360902255,0.15652425673597162
Meta Ads,faixa_etaria,35-44,51150,79,67.985828,60.0,1.1330971333333333,0.1544477028347996
Meta Ads,faixa_etaria,45-54,19420,20,26.092237,14.0,1.8637312142857143,0.10298661174047373
Meta Ads,faixa_etaria,55-64,9101,6,11.971026,6.0,1.995171,0.06592682122843643
Meta Ads,faixa_etaria,65+,3316,2,4.190359,1.0,4.190359,0.060313630880579006
Meta Ads,faixa_etaria,18-24,88240,104,112.067472,82.0,1.366676487804878,0.11786038077969176
Meta Ads,faixa_etaria,25-34,88509,114,112.557505,89.0,1.2646910674157303,0.12880046097007083
Meta Ads,faixa_etaria,35-44,37214,26,46.843123,19.0,2.465427526315789,0.0698661793948514
Meta Ads,faixa_etaria,45-54,13527,23,16.781119,16.0,1.0488199375,0.17003030975086864
Meta Ads,faixa_etaria,55-64,6786,9,8.190546,6.0,1.3650909999999998,0.1326259946949602
Meta Ads,faixa_etaria,65+,2769,3,3.510234,1.0,3.510234,0.10834236186348861
Meta Ads,faixa_etaria,Unknown,1,0,0.010001,0.0,0.0,0.0
Meta Ads,faixa_etaria,18-24,110032,49,173.693474,19.0,9.141761789473685,0.044532499636469394
Meta Ads,faixa_etaria,25-34,124468,51,197.203944,21.0,9.390664000000001,0.04097438699103384
Meta Ads,faixa_etaria,35-44,50450,22,79.091582,10.0,7.9091582,0.04360753221010902
Meta Ads,faixa_etaria,45-54,18684,9,30.130603,4.0,7.53265075,0.04816955684007707
Meta Ads,faixa_etaria,55-64,8517,5,14.130283,1.0,14.130283,0.05870611717740989
Meta Ads,faixa_etaria,65+,3691,3,5.740115,2.0,2.8700575,0.0812787862367922
Meta Ads,faixa_etaria,Unknown,5,0,0.0,0.0,0.0,0.0
Meta Ads,faixa_etaria,18-24,40661,18,60.38,0.0,0.0,0.04426846363837584
Meta Ads,faixa_etaria,25-34,35659,13,53.75,0.0,0.0,0.03645643456069996
Meta Ads,faixa_etaria,35-44,14664,3,21.82,0.0,0.0,0.020458265139116204
Meta Ads,faixa_etaria,45-54,5644,2,8.04,0.0,0.0,0.03543586109142452
Meta Ads,faixa_etaria,55-64,2746,1,4.1,0.0,0.0,0.03641660597232338
Meta Ads,faixa_etaria,65+,1243,0,1.85,0.0,0.0,0.0
Meta Ads,faixa_etaria,Unknown,3,0,0.0,0.0,0.0,0.0
Meta Ads,faixa_etaria,18-24,28240,52,37.002467,33.0,1.121286878787879,0.18413597733711048
Meta Ads,faixa_etaria,25-34,48620,91,65.084339,54.0,1.205265537037037,0.18716577540106952
Meta Ads,faixa_etaria,35-44,22192,35,29.731982,24.0,1.2388325833333333,0.15771449170872387
Meta Ads,faixa_etaria,45-54,8443,5,11.060737,3.0,3.6869123333333333,0.05922065616487031
Meta Ads,faixa_etaria,55-64,4049,7,5.290353,5.0,1.0580706,0.1728821931341072
Meta Ads,faixa_etaria,65+,1488,1,1.830122,1.0,1.830122,0.06720430107526883
Meta Ads,faixa_etaria,18-24,169171,186,142.326903,114.0,1.2484816052631578,0.10994792251627052
Meta Ads,faixa_etaria,25-34,225871,314,185.048975,209.0,0.8854017942583733,0.13901740373930252
Meta Ads,faixa_etaria,35-44,138434,202,113.015481,99.0,1.1415705151515152,0.1459179103399454
Meta Ads,faixa_etaria,45-54,94792,149,75.033639,68.0,1.1034358676470588,0.1571862604439193
Meta Ads,faixa_etaria,55-64,80397,204,65.403172,78.0,0.8385022051282051,0.2537408112242994
Meta Ads,faixa_etaria,65+,47220,145,37.74183,52.0,0.725804423076923,0.30707327403642526
Meta Ads,faixa_etaria,Unknown,4,0,0.0,0.0,0.0,0.0
Meta Ads,faixa_etaria,18-24,15206,319,34.250667,259.0,0.13224195752895754,2.097856109430488
Meta Ads,faixa_etaria,25-34,29843,633,60.981187,442.0,0.13796648642533937,2.121100425560433
Meta Ads,faixa_etaria,35-44,27897,670,58.271134,453.0,0.12863384988962473,2.4016919382012403
Meta Ads,faixa_etaria,45-54,24209,629,64.621258,461.0,0.14017626464208244,2.5982072782849355
Meta Ads,faixa_etaria,55-64,36364,1182,131.00255,919.0,0.14254902067464637,3.2504674953250468
Meta Ads,faixa_etaria,65+,33055,1326,164.533203,1080.0,0.15234555833333333,4.011495991529269
Meta Ads,faixa_etaria,Unknown,0,0,0.0,0.0,0.0,0.0
Meta Ads,faixa_etaria,18-24,0,0,0.0,0.0,0.0,0.0
Meta Ads,faixa_etaria,25-34,0,0,0.0,0.0,0.0,0.0
Meta Ads,faixa_etaria,35-44,0,0,0.0,0.0,0.0,0.0
Meta Ads,faixa_etaria,45-54,0,0,0.0,0.0,0.0,0.0
Meta Ads,faixa_etaria,18-24,0,0,0.0,0.0,0.0,0.0
Meta Ads,faixa_etaria,25-34,0,0,0.0,0.0,0.0,0.0
Meta Ads,faixa_etaria,35-44,0,0,0.0,0.0,0.0,0.0
Meta Ads,faixa_etaria,18-24,334343,578,436.731226,415.0,1.0523644,0.17287635751309285
Meta Ads,faixa_etaria,25-34,416923,844,547.606615,591.0,0.9265763367174281,0.20243546170395973
Meta Ads,faixa_etaria,35-44,194921,421,255.052396,298.0,0.8558805234899328,0.21598493748749495
Meta Ads,faixa_etaria,45-54,85488,160,112.945489,128.0,0.8823866328125,0.18716077110237694
Meta Ads,faixa_etaria,55-64,45339,83,59.88291,67.0,0.893774776119403,0.183065352125102
Meta Ads,faixa_etaria,65+,20499,32,28.041363,21.0,1.3353030000000001,0.15610517586223718
Meta Ads,faixa_etaria,Unknown,9,0,0.020001,0.0,0.0,0.0
Meta Ads,faixa_etaria,18-24,346849,543,685.074276,392.0,1.7476384591836736,0.15655227490925447
Meta Ads,faixa_etaria,25-34,537051,865,1107.645418,611.0,1.8128402913256956,0.16106477783301773
Meta Ads,faixa_etaria,35-44,287553,504,615.140777,352.0,1.7475590255681817,0.17527203680712775
Meta Ads,faixa_etaria,45-54,139687,230,310.505535,161.0,1.9286058074534163,0.1646538332128258
Meta Ads,faixa_etaria,55-64,81202,128,182.499131,92.0,1.983686206521739,0.15763158542893033
Meta Ads,faixa_etaria,65+,41986,94,97.13486,60.0,1.6189143333333333,0.22388415186014385
Meta Ads,faixa_etaria,Unknown,12,0,0.070004,0.0,0.0,0.0
Meta Ads,faixa_etaria,18-24,89334,169,104.446517,137.0,0.7623833357664234,0.1891776927037858
Meta Ads,faixa_etaria,25-34,98041,151,114.546181,107.0,1.0705250560747663,0.15401719688701665
Meta Ads,faixa_etaria,35-44,41983,47,49.958334,35.0,1.4273809714285715,0.11195007503036944
Meta Ads,faixa_etaria,45-54,15721,17,18.669377,15.0,1.2446251333333334,0.10813561478277463
Meta Ads,faixa_etaria,55-64,7479,9,8.819706,5.0,1.7639412,0.12033694344163659
Meta Ads,faixa_etaria,65+,2912,5,3.459885,4.0,0.86497125,0.1717032967032967
Meta Ads,faixa_etaria,18-24,180103,348,225.903291,244.0,0.9258331598360655,0.19322276697223253
Meta Ads,faixa_etaria,25-34,202082,309,257.093745,215.0,1.1957848604651162,0.15290822537385812
Meta Ads,faixa_etaria,35-44,90513,118,114.141663,84.0,1.3588293214285714,0.13036801343453425
Meta Ads,faixa_etaria,45-54,39050,40,50.200731,28.0,1.7928832499999998,0.10243277848911651
Meta Ads,faixa_etaria,55-64,21061,19,27.390399,12.0,2.2825332499999997,0.09021413987939794
Meta Ads,faixa_etaria,65+,9158,11,11.730171,4.0,2.93254275,0.12011356191308147
Meta Ads,faixa_etaria,Unknown,8,0,0.01,0.0,0.0,0.0
Meta Ads,faixa_etaria,18-24,123448,182,152.046204,112.0,1.3575553928571427,0.14743049705139005
Meta Ads,faixa_etaria,25-34,147143,205,184.03751,137.0,1.3433394890510948,0.13932025308713292
Meta Ads,faixa_etaria,35-44,69088,85,85.753499,62.0,1.3831209516129033,0.12303149606299213
Meta Ads,faixa_etaria,45-54,30554,46,38.291562,39.0,0.9818349230769231,0.1505531190678798
Meta Ads,faixa_etaria,55-64,17559,30,20.560839,19.0,1.0821494210526317,0.170852554245686
Meta Ads,faixa_etaria,65+,7487,7,9.450386,3.0,3.150128666666667,0.09349539201282223
Meta Ads,faixa_etaria,Unknown,3,0,0.0,0.0,0.0,0.0
Meta Ads,faixa_etaria,18-24,115113,186,148.62,126.0,1.1795238095238096,0.16158036016783509
Meta Ads,faixa_etaria,25-34,141763,197,182.42,122.0,1.4952459016393442,0.13896432778651693
Meta Ads,faixa_etaria,35-44,66489,71,84.93,49.0,1.7332653061224492,0.10678458090812014
Meta Ads,faixa_etaria,45-54,28012,34,37.35,24.0,1.5562500000000001,0.12137655290589747
Meta Ads,faixa_etaria,55-64,15325,20,20.66,13.0,1.5892307692307692,0.13050570962479607
Meta Ads,faixa_etaria,65+,6450,10,8.1,9.0,0.8999999999999999,0.15503875968992248
Meta Ads,faixa_etaria,Unknown,2,0,0.0,0.0,0.0,0.0
Meta Ads,faixa_etaria,18-24,27869,45,35.86,34.0,1.0547058823529412,0.16146973339552909
Meta Ads,faixa_etaria,25-34,29913,60,39.22,50.0,0.7844,0.20058168689198677
Meta Ads,faixa_etaria,35-44,11196,12,13.87,9.0,1.541111111111111,0.10718113612004287
Meta Ads,faixa_etaria,45-54,3830,7,4.94,5.0,0.9880000000000001,0.18276762402088773
Meta Ads,faixa_etaria,55-64,1614,3,2.24,2.0,1.12,0.18587360594795538
Meta Ads,faixa_etaria,65+,622,1,0.76,1.0,0.76,0.1607717041800643
Meta Ads,faixa_etaria,18-24,17924,25,23.99,18.0,1.3327777777777776,0.1394777951350145
Meta Ads,faixa_etaria,25-34,19842,15,26.55,10.0,2.6550000000000002,0.07559721802237677
Meta Ads,faixa_etaria,35-44,7772,9,10.15,7.0,1.45,0.11580030880082347
Meta Ads,faixa_etaria,45-54,2563,1,3.51,1.0,3.51,0.03901677721420211
Meta Ads,faixa_etaria,55-64,1081,2,1.55,2.0,0.775,0.18501387604070307
Meta Ads,faixa_etaria,65+,412,0,0.5,0.0,0.0,0.0
Meta Ads,faixa_etaria,Unknown,1,0,0.0,0.0,0.0,0.0
Meta Ads,faixa_etaria,18-24,33715,44,45.33,25.0,1.8132,0.13050570962479607
Meta Ads,faixa_etaria,25-34,42050,53,55.79,40.0,1.39475,0.12604042806183116
Meta Ads,faixa_etaria,35-44,18007,27,24.34,18.0,1.3522222222222222,0.14994168934303326
Meta Ads,faixa_etaria,45-54,6455,5,9.42,3.0,3.14,0.0774593338497289
Meta Ads,faixa_etaria,55-64,3278,2,4.11,1.0,4.11,0.06101281269066504
Meta Ads,faixa_etaria,65+,1284,1,1.89,0.0,0.0,0.0778816199376947
Meta Ads,faixa_etaria,Unknown,2,0,0.0,0.0,0.0,0.0
Meta Ads,faixa_etaria,18-24,108473,185,138.78,136.0,1.0204411764705883,0.17054935329529008
Meta Ads,faixa_etaria,25-34,136074,227,173.38,172.0,1.0080232558139535,0.16682099445889736
Meta Ads,faixa_etaria,35-44,62245,98,79.44,80.0,0.993,0.15744236484858223
Meta Ads,faixa_etaria,45-54,27487,47,35.71,34.0,1.0502941176470588,0.17098992250882233
Meta Ads,faixa_etaria,55-64,14330,17,18.64,11.0,1.6945454545454546,0.11863224005582694
Meta Ads,faixa_etaria,65+,6511,12,8.55,8.0,1.06875,0.18430348640761787
Meta Ads,faixa_etaria,Unknown,24,1,0.03,1.0,0.03,4.166666666666666
Meta Ads,faixa_etaria,18-24,61730,120,79.68,89.0,0.8952808988764046,0.194394945731411
Meta Ads,faixa_etaria,25-34,71824,94,92.51,65.0,1.4232307692307693,0.1308754733793718
Meta Ads,faixa_etaria,35-44,32347,38,40.7,26.0,1.5653846153846156,0.11747611834173186
Meta Ads,faixa_etaria,45-54,13933,18,18.23,16.0,1.139375,0.12918969353333812
Meta Ads,faixa_etaria,55-64,7455,7,9.46,3.0,3.1533333333333338,0.09389671361502347
Meta Ads,faixa_etaria,65+,3332,1,4.35,1.0,4.35,0.030012004801920768
Meta Ads,faixa_etaria,Unknown,9,0,0.02,0.0,0.0,0.0
Meta Ads,faixa_etaria,18-24,41322,45,51.24,33.0,1.5527272727272727,0.10890082764629012
Meta Ads,faixa_etaria,25-34,54399,68,66.86,56.0,1.1939285714285715,0.12500229783635727
Meta Ads,faixa_etaria,35-44,25578,31,31.74,16.0,1.98375,0.12119790444913597
Meta Ads,faixa_etaria,45-54,11081,9,14.08,5.0,2.816,0.08122010648858406
Meta Ads,faixa_etaria,55-64,6173,11,8.0,7.0,1.1428571428571428,0.17819536692046006
Meta Ads,faixa_etaria,65+,2551,4,3.06,4.0,0.765,0.15680125441003528
Meta Ads,faixa_etaria,Unknown,1,0,0.0,0.0,0.0,0.0
Meta Ads,faixa_etaria,18-24,42477,70,53.72,51.0,1.0533333333333332,0.16479506556489396
Meta Ads,faixa_etaria,25-34,52655,82,67.5,58.0,1.1637931034482758,0.15573069983857182
Meta Ads,faixa_etaria,35-44,23819,21,30.55,16.0,1.909375,0.08816491036567446
Meta Ads,faixa_etaria,45-54,10064,14,12.8,9.0,1.4222222222222223,0.13910969793322733
Meta Ads,faixa_etaria,55-64,5455,4,6.96,3.0,2.32,0.07332722273143905
Meta Ads,faixa_etaria,65+,2419,1,3.4,1.0,3.4,0.0413393964448119
Meta Ads,faixa_etaria,Unknown,6,0,0.01,0.0,0.0,0.0
Meta Ads,faixa_etaria,18-24,41671,74,49.0,61.0,0.8032786885245902,0.17758153152072184
Meta Ads,faixa_etaria,25-34,41494,82,49.0,67.0,0.7313432835820896,0.19761893285776258
Meta Ads,faixa_etaria,35-44,15568,28,17.52,25.0,0.7008,0.1798561151079137
Meta Ads,faixa_etaria,45-54,5516,8,6.26,5.0,1.252,0.145032632342277
Meta Ads,faixa_etaria,55-64,2145,3,2.76,3.0,0.9199999999999999,0.13986013986013987
Meta Ads,faixa_etaria,65+,848,0,0.85,0.0,0.0,0.0
Meta Ads,faixa_etaria,Unknown,7,0,0.01,0.0,0.0,0.0
Meta Ads,faixa_etaria,18-24,34184,40,41.09,30.0,1.3696666666666668,0.11701380762930025
Meta Ads,faixa_etaria,25-34,41187,37,49.03,28.0,1.7510714285714286,0.08983417097627892
Meta Ads,faixa_etaria,35-44,16846,21,20.21,17.0,1.1888235294117648,0.1246586726819423
Meta Ads,faixa_etaria,45-54,5978,9,7.01,6.0,1.1683333333333332,0.15055202408832385
Meta Ads,faixa_etaria,55-64,2580,0,3.28,0.0,0.0,0.0
Meta Ads,faixa_etaria,65+,1062,1,1.2,0.0,0.0,0.09416195856873823
Meta Ads,faixa_etaria,Unknown,2,0,0.01,0.0,0.0,0.0
Meta Ads,faixa_etaria,18-24,56544,73,72.06,51.0,1.4129411764705884,0.12910299943406905
Meta Ads,faixa_etaria,25-34,74294,98,94.9,73.0,1.3,0.1319083640670848
Meta Ads,faixa_etaria,35-44,34027,51,44.54,39.0,1.142051282051282,0.14988097687130808
Meta Ads,faixa_etaria,45-54,13683,16,17.35,12.0,1.4458333333333335,0.11693342103339911
Meta Ads,faixa_etaria,55-64,7103,10,9.26,6.0,1.5433333333333332,0.14078558355624385
Meta Ads,faixa_etaria,65+,2993,5,4.13,3.0,1.3766666666666667,0.1670564650851988
Meta Ads,faixa_etaria,Unknown,1,0,0.01,0.0,0.0,0.0
Meta Ads,faixa_etaria,18-24,61055,101,82.86,75.0,1.1048,0.16542461714847267
Meta Ads,faixa_etaria,25-34,74754,120,100.17,87.0,1.1513793103448275,0.16052652700858816
Meta Ads,faixa_etaria,35-44,30118,42,41.28,29.0,1.423448275862069,0.13945149080284214
Meta Ads,faixa_etaria,45-54,11399,12,15.09,11.0,1.3718181818181818,0.10527239231511536
Meta Ads,faixa_etaria,55-64,5412,7,7.46,5.0,1.492,0.1293422025129342
Meta Ads,faixa_etaria,65+,2179,3,3.11,2.0,1.555,0.13767783386874713
Meta Ads,faixa_etaria,Unknown,10,0,0.0,0.0,0.0,0.0
Meta Ads,faixa_etaria,18-24,13676,19,17.6,16.0,1.1,0.1389295115530857
Meta Ads,faixa_etaria,25-34,15190,17,19.91,14.0,1.4221428571428572,0.1119157340355497
Meta Ads,faixa_etaria,35-44,6577,8,8.08,5.0,1.616,0.12163600425726016
Meta Ads,faixa_etaria,45-54,2667,3,3.03,3.0,1.01,0.11248593925759282
Meta Ads,faixa_etaria,55-64,1318,1,1.65,1.0,1.65,0.07587253414264036
Meta Ads,faixa_etaria,65+,489,0,0.58,0.0,0.0,0.0
Meta Ads,faixa_etaria,18-24,277465,512,347.65,359.0,0.9683844011142061,0.1845277782783414
Meta Ads,faixa_etaria,25-34,339667,694,429.47,498.0,0.8623895582329317,0.20431775827501641
Meta Ads,faixa_etaria,35-44,149105,302,187.05,210.0,0.8907142857142858,0.20254183293652123
Meta Ads,faixa_etaria,45-54,63503,98,81.98,71.0,1.1546478873239436,0.15432341779128544
Meta Ads,faixa_etaria,55-64,32919,61,41.06,39.0,1.0528205128205128,0.18530332027096813
Meta Ads,faixa_etaria,65+,14712,19,17.94,13.0,1.3800000000000001,0.1291462751495378
Meta Ads,faixa_etaria,Unknown,38,0,0.04,0.0,0.0,0.0
Meta Ads,faixa_etaria,18-24,144594,237,183.15,180.0,1.0175,0.16390721606705672
Meta Ads,faixa_etaria,25-34,165640,244,209.53,176.0,1.1905113636363636,0.14730741366819608
Meta Ads,faixa_etaria,35-44,70345,81,89.18,50.0,1.7836,0.11514677660103775
Meta Ads,faixa_etaria,45-54,29665,30,37.53,22.0,1.705909090909091,0.10112927692566998
Meta Ads,faixa_etaria,55-64,15712,13,19.88,8.0,2.485,0.08273930753564154
Meta Ads,faixa_etaria,65+,7108,5,9.03,3.0,3.01,0.07034327518289252
Meta Ads,faixa_etaria,Unknown,23,0,0.03,0.0,0.0,0.0
Meta Ads,faixa_etaria,18-24,115568,163,139.24,106.0,1.3135849056603774,0.14104250311504915
Meta Ads,faixa_etaria,25-34,140061,199,168.54,140.0,1.2038571428571427,0.14208095044302124
Meta Ads,faixa_etaria,35-44,64664,75,79.16,43.0,1.8409302325581394,0.11598416429543486
Meta Ads,faixa_etaria,45-54,29769,30,37.01,19.0,1.9478947368421051,0.1007759750075582
Meta Ads,faixa_etaria,55-64,17654,22,21.25,16.0,1.328125,0.12461765039084625
Meta Ads,faixa_etaria,65+,7726,12,9.6,10.0,0.96,0.1553196997152472
Meta Ads,faixa_etaria,Unknown,9,0,0.01,0.0,0.0,0.0
Meta Ads,faixa_etaria,18-24,98457,160,125.36,124.0,1.0109677419354839,0.16250749057964392
Meta Ads,faixa_etaria,25-34,117086,159,150.18,110.0,1.3652727272727274,0.13579761884426833
Meta Ads,faixa_etaria,35-44,51601,47,64.28,29.0,2.216551724137931,0.09108350613360205
Meta Ads,faixa_etaria,45-54,22530,16,28.95,13.0,2.226923076923077,0.07101642254771416
Meta Ads,faixa_etaria,55-64,12487,12,15.91,7.0,2.2728571428571427,0.09609994394169936
Meta Ads,faixa_etaria,65+,5586,7,7.08,4.0,1.77,0.12531328320802004
Meta Ads,faixa_etaria,Unknown,13,0,0.02,0.0,0.0,0.0
Meta Ads,faixa_etaria,18-24,41828,96,51.08,75.0,0.6810666666666666,0.22951133212202354
Meta Ads,faixa_etaria,25-34,39707,62,48.09,45.0,1.0686666666666667,0.15614375299065655
Meta Ads,faixa_etaria,35-44,15189,20,17.78,15.0,1.1853333333333333,0.13167423793534794
Meta Ads,faixa_etaria,45-54,5307,5,6.63,4.0,1.6575,0.0942151874882231
Meta Ads,faixa_etaria,55-64,2150,2,2.58,2.0,1.29,0.09302325581395349
Meta Ads,faixa_etaria,65+,929,1,1.23,1.0,1.23,0.1076426264800861
Meta Ads,faixa_etaria,Unknown,4,0,0.01,0.0,0.0,0.0
Meta Ads,faixa_etaria,18-24,94252,112,112.31,88.0,1.27625,0.11883036964732843
Meta Ads,faixa_etaria,25-34,103026,114,122.74,93.0,1.3197849462365592,0.11065168015840661
Meta Ads,faixa_etaria,35-44,38543,46,46.88,28.0,1.6742857142857144,0.1193472225825701
Meta Ads,faixa_etaria,45-54,13561,11,16.03,4.0,4.0075,0.0811149620234496
Meta Ads,faixa_etaria,55-64,5928,6,7.37,3.0,2.4566666666666666,0.10121457489878542
Meta Ads,faixa_etaria,65+,2405,1,2.95,1.0,2.95,0.04158004158004158
Meta Ads,faixa_etaria,Unknown,10,0,0.03,0.0,0.0,0.0
Meta Ads,faixa_etaria,18-24,4116,12,4.95,10.0,0.495,0.2915451895043732
Meta Ads,faixa_etaria,25-34,5358,5,6.98,3.0,2.3266666666666667,0.0933184023889511
Meta Ads,faixa_etaria,35-44,2235,2,2.9,0.0,0.0,0.0894854586129754
Meta Ads,faixa_etaria,45-54,831,4,1.19,3.0,0.39666666666666667,0.48134777376654636
Meta Ads,faixa_etaria,55-64,339,0,0.43,0.0,0.0,0.0
Meta Ads,faixa_etaria,65+,120,0,0.16,0.0,0.0,0.0
Meta Ads,faixa_etaria,18-24,35453,42,42.95,37.0,1.1608108108108108,0.11846670239471976
Meta Ads,faixa_etaria,25-34,40180,44,47.65,39.0,1.2217948717948717,0.1095072175211548
Meta Ads,faixa_etaria,35-44,17179,16,20.64,12.0,1.72,0.09313696955585307
Meta Ads,faixa_etaria,45-54,6975,6,8.15,6.0,1.3583333333333334,0.08602150537634409
Meta Ads,faixa_etaria,55-64,3590,5,4.42,4.0,1.105,0.1392757660167131
Meta Ads,faixa_etaria,65+,1411,0,1.79,0.0,0.0,0.0
Meta Ads,faixa_etaria,Unknown,2,0,0.0,0.0,0.0,0.0
Meta Ads,faixa_etaria,18-24,81657,118,99.72,95.0,1.0496842105263158,0.1445069008168314
Meta Ads,faixa_etaria,25-34,99045,184,122.53,128.0,0.957265625,0.185774143066283
Meta Ads,faixa_etaria,35-44,40565,55,48.26,38.0,1.27,0.13558486379884135
Meta Ads,faixa_etaria,45-54,14815,21,17.82,14.0,1.272857142857143,0.14174822814714816
Meta Ads,faixa_etaria,55-64,6857,6,8.42,6.0,1.4033333333333333,0.08750182295464488
Meta Ads,faixa_etaria,65+,2699,3,3.19,2.0,1.595,0.11115227862171174
Meta Ads,faixa_etaria,Unknown,10,0,0.01,0.0,0.0,0.0
Meta Ads,faixa_etaria,18-24,56806,65,66.04,50.0,1.3208000000000002,0.11442453261979368
Meta Ads,faixa_etaria,25-34,59681,61,69.66,47.0,1.482127659574468,0.10221008361119954
Meta Ads,faixa_etaria,35-44,25056,29,28.85,21.0,1.3738095238095238,0.11574074074074073
Meta Ads,faixa_etaria,45-54,10542,10,12.17,7.0,1.7385714285714287,0.09485866059571238
Meta Ads,faixa_etaria,55-64,5737,2,6.29,2.0,3.145,0.03486142583231654
Meta Ads,faixa_etaria,65+,2350,1,2.86,1.0,2.86,0.0425531914893617
Meta Ads,faixa_etaria,Unknown,3,0,0.0,0.0,0.0,0.0
Meta Ads,faixa_etaria,18-24,44392,45,58.88,19.0,3.0989473684210527,0.10136961614705352
Meta Ads,faixa_etaria,25-34,70229,127,95.34,35.0,2.724,0.18083697617793218
Meta Ads,faixa_etaria,35-44,37082,49,49.92,12.0,4.16,0.1321395825467882
Meta Ads,faixa_etaria,45-54,23744,37,33.13,7.0,4.732857142857143,0.1558288409703504
Meta Ads,faixa_etaria,55-64,20410,35,28.2,5.0,5.64,0.17148456638902498
Meta Ads,faixa_etaria,65+,11483,24,15.63,1.0,15.63,0.2090046155185927
Meta Ads,faixa_etaria,Unknown,6,0,0.0,0.0,0.0,0.0
Meta Ads,faixa_etaria,18-24,63026,51,72.533438,42.0,1.726986619047619,0.08091898581537778
Meta Ads,faixa_etaria,25-34,71405,62,83.78242,44.0,1.9041459090909092,0.08682865345564036
Meta Ads,faixa_etaria,35-44,31488,18,35.576781,13.0,2.736675461538461,0.05716463414634146
Meta Ads,faixa_etaria,45-54,14272,12,16.548503,9.0,1.8387225555555555,0.08408071748878924
Meta Ads,faixa_etaria,55-64,8129,4,8.939191,4.0,2.23479775,0.049206544470414566
Meta Ads,faixa_etaria,65+,3365,5,3.679667,3.0,1.2265556666666666,0.1485884101040119
Meta Ads,faixa_etaria,Unknown,4,0,0.0,0.0,0.0,0.0
Meta Ads,faixa_etaria,18-24,272544,178,362.152756,9.0,40.239195111111115,0.0653105553598685
Meta Ads,faixa_etaria,25-34,352443,328,465.630686,23.0,20.24481243478261,0.09306469414912483
Meta Ads,faixa_etaria,35-44,199808,245,262.494749,23.0,11.412815173913044,0.12261771300448432
Meta Ads,faixa_etaria,45-54,135129,141,177.846443,2.0,88.9232215,0.1043447372510712
Meta Ads,faixa_etaria,55-64,111942,157,146.377072,4.0,36.594268,0.1402512015150703
Meta Ads,faixa_etaria,65+,65253,120,85.238295,0.0,0.0,0.18389959082341042
Meta Ads,faixa_etaria,Unknown,30,0,0.049999,0.0,0.0,0.0
Meta Ads,faixa_etaria,18-24,477650,701,693.756125,583.0,1.1899762006861063,0.14676018004815242
Meta Ads,faixa_etaria,25-34,570032,747,804.783904,614.0,1.310722970684039,0.13104527465124766
Meta Ads,faixa_etaria,35-44,221420,272,314.363713,233.0,1.3492004849785408,0.12284346490831902
Meta Ads,faixa_etaria,45-54,80971,99,117.647647,93.0,1.2650284623655914,0.12226599646787122
Meta Ads,faixa_etaria,55-64,34213,51,49.939001,42.0,1.1890238333333332,0.14906614444801683
Meta Ads,faixa_etaria,65+,13639,13,19.359613,12.0,1.6133010833333332,0.0953149057848816
Meta Ads,faixa_etaria,Unknown,107,1,0.149997,1.0,0.149997,0.9345794392523363
Meta Ads,faixa_etaria,18-24,780759,481,1097.811126,229.0,4.7939350480349345,0.06160671859049975
Meta Ads,faixa_etaria,25-34,962949,582,1362.958982,270.0,5.04799622962963,0.06043933790886121
Meta Ads,faixa_etaria,35-44,449083,274,627.974924,142.0,4.42235861971831,0.06101322027331251
Meta Ads,faixa_etaria,45-54,229036,198,317.377434,99.0,3.2058326666666668,0.08644929181438726
Meta Ads,faixa_etaria,55-64,148192,177,199.738385,88.0,2.2697543749999998,0.11943964586482402
Meta Ads,faixa_etaria,65+,80898,141,105.039151,77.0,1.3641448181818183,0.17429355484684417
Meta Ads,faixa_etaria,Unknown,198,0,0.309997,0.0,0.0,0.0
Meta Ads,faixa_etaria,18-24,54572,74,72.53,53.0,1.3684905660377358,0.1356006743384886
Meta Ads,faixa_etaria,25-34,86934,143,118.07,106.0,1.1138679245283019,0.16449260358432832
Meta Ads,faixa_etaria,35-44,50635,82,69.39,67.0,1.0356716417910448,0.16194331983805668
Meta Ads,faixa_etaria,45-54,21452,24,30.08,19.0,1.583157894736842,0.11187768040275967
Meta Ads,faixa_etaria,55-64,10710,10,14.79,6.0,2.465,0.09337068160597572
Meta Ads,faixa_etaria,65+,4557,5,6.26,4.0,1.565,0.10972130787798992
Meta Ads,faixa_etaria,18-24,106431,144,149.547978,117.0,1.278187846153846,0.13529892606477437
Meta Ads,faixa_etaria,25-34,140506,202,198.31384,166.0,1.194661686746988,0.1437661025151951
Meta Ads,faixa_etaria,35-44,62075,104,87.890566,84.0,1.046316261904762,0.1675392670157068
Meta Ads,faixa_etaria,45-54,26176,39,36.914438,30.0,1.2304812666666665,0.1489914425427873
Meta Ads,faixa_etaria,55-64,12939,19,18.792259,14.0,1.3423042142857144,0.14684287812041116
Meta Ads,faixa_etaria,65+,5332,9,7.65092,7.0,1.0929885714285714,0.16879219804951237
Meta Ads,faixa_etaria,Unknown,5,0,0.0,0.0,0.0,0.0
Meta Ads,faixa_etaria,18-24,101240,166,168.17,140.0,1.2012142857142856,0.16396681153694193
Meta Ads,faixa_etaria,25-34,139466,197,227.87,163.0,1.3979754601226995,0.1412530652632183
Meta Ads,faixa_etaria,35-44,85694,131,138.12,95.0,1.4538947368421054,0.15286951245128014
Meta Ads,faixa_etaria,45-54,59679,90,94.16,67.0,1.4053731343283582,0.15080681646810434
Meta Ads,faixa_etaria,55-64,49498,115,78.48,81.0,0.9688888888888889,0.23233261949977776
Meta Ads,faixa_etaria,65+,29948,71,45.93,55.0,0.8350909090909091,0.23707760117537063
Meta Ads,faixa_etaria,Unknown,47,0,0.1,0.0,0.0,0.0
Meta Ads,faixa_etaria,18-24,70492,131,107.675693,96.0,1.1216218020833333,0.18583669068830505
Meta Ads,faixa_etaria,25-34,105600,245,162.593496,183.0,0.8884890491803278,0.23200757575757577
Meta Ads,faixa_etaria,35-44,71012,165,105.325787,120.0,0.8777148916666667,0.23235509491353573
Meta Ads,faixa_etaria,45-54,42344,69,62.227511,45.0,1.3828335777777778,0.16295106744757226
Meta Ads,faixa_etaria,55-64,27988,61,39.478421,43.0,0.9181028139534884,0.21795055023581533
Meta Ads,faixa_etaria,65+,16183,32,22.649094,22.0,1.0295042727272727,0.19773836742260398
Meta Ads,faixa_etaria,Unknown,15,0,0.01,0.0,0.0,0.0
Meta Ads,faixa_etaria,18-24,12302,17,17.78,12.0,1.4816666666666667,0.13818891237197203
Meta Ads,faixa_etaria,25-34,33150,66,45.63,41.0,1.1129268292682928,0.1990950226244344
Meta Ads,faixa_etaria,35-44,35610,62,50.36,47.0,1.0714893617021277,0.17410839651783208
Meta Ads,faixa_etaria,45-54,30464,56,43.59,30.0,1.453,0.1838235294117647
Meta Ads,faixa_etaria,55-64,23065,51,32.03,29.0,1.1044827586206898,0.22111424235855193
Meta Ads,faixa_etaria,65+,11905,32,16.51,18.0,0.9172222222222223,0.26879462410751787
Meta Ads,faixa_etaria,Unknown,2,0,0.0,0.0,0.0,0.0
Meta Ads,faixa_etaria,18-24,6709,12,8.85,5.0,1.77,0.17886421225219853
Meta Ads,faixa_etaria,25-34,6819,10,9.29,6.0,1.5483333333333331,0.14664906877841327
Meta Ads,faixa_etaria,35-44,4336,4,5.17,2.0,2.585,0.09225092250922509
Meta Ads,faixa_etaria,45-54,2799,5,3.52,3.0,1.1733333333333333,0.17863522686673813
Meta Ads,faixa_etaria,55-64,2376,3,2.72,2.0,1.36,0.12626262626262627
Meta Ads,faixa_etaria,65+,1415,7,1.75,6.0,0.2916666666666667,0.49469964664310956
Meta Ads,faixa_etaria,Unknown,10,0,0.02,0.0,0.0,0.0
Meta Ads,faixa_etaria,18-24,532,10,1.41,1.0,1.41,1.8796992481203008
Meta Ads,faixa_etaria,25-34,1440,29,3.77,0.0,0.0,2.013888888888889
Meta Ads,faixa_etaria,35-44,2574,109,6.64,0.0,0.0,4.234654234654235
Meta Ads,faixa_etaria,45-54,3601,209,10.3,0.0,0.0,5.803943349069702
Meta Ads,faixa_etaria,55-64,4487,195,13.4,0.0,0.0,4.345888121239136
Meta Ads,faixa_etaria,65+,2590,101,8.36,0.0,0.0,3.8996138996139
Meta Ads,faixa_etaria,18-24,276,11,2.06,9.0,0.2288888888888889,3.985507246376811
Meta Ads,faixa_etaria,25-34,846,40,4.91,30.0,0.16366666666666668,4.7281323877068555
Meta Ads,faixa_etaria,35-44,1176,40,4.82,28.0,0.17214285714285715,3.4013605442176873
Meta Ads,faixa_etaria,45-54,935,22,2.87,11.0,0.2609090909090909,2.3529411764705883
Meta Ads,faixa_etaria,55-64,1433,33,3.53,16.0,0.220625,2.3028611304954643
Meta Ads,faixa_etaria,65+,1734,52,5.77,37.0,0.15594594594594594,2.9988465974625145
Meta Ads,faixa_etaria,18-24,219,2,1.25,0.0,0.0,0.91324200913242
Meta Ads,faixa_etaria,25-34,658,9,6.21,4.0,1.5525,1.3677811550151975
Meta Ads,faixa_etaria,35-44,550,4,5.99,2.0,2.995,0.7272727272727273
Meta Ads,faixa_etaria,45-54,235,1,3.68,0.0,0.0,0.425531914893617
Meta Ads,faixa_etaria,55-64,164,3,1.86,0.0,0.0,1.8292682926829267
Meta Ads,faixa_etaria,65+,106,0,0.7,0.0,0.0,0.0
Meta Ads,faixa_etaria,18-24,51612,22,66.06,5.0,13.212,0.042625745950554135
Meta Ads,faixa_etaria,25-34,69381,48,90.94,10.0,9.094,0.06918320577679768
Meta Ads,faixa_etaria,35-44,41534,45,52.41,16.0,3.275625,0.10834497038570809
Meta Ads,faixa_etaria,45-54,28699,26,34.8,10.0,3.4799999999999995,0.0905954911320952
Meta Ads,faixa_etaria,55-64,24349,41,28.32,16.0,1.77,0.1683847385929607
Meta Ads,faixa_etaria,65+,14747,36,16.25,16.0,1.015625,0.24411744761646437
Meta Ads,faixa_etaria,Unknown,16,0,0.0,0.0,0.0,0.0
Meta Ads,faixa_etaria,18-24,290941,427,401.113929,309.0,1.2981033300970872,0.14676515169742319
Meta Ads,faixa_etaria,25-34,393552,577,544.508184,422.0,1.2903037535545023,0.14661340813920395
Meta Ads,faixa_etaria,35-44,242739,344,324.516998,230.0,1.4109434695652174,0.14171599948916325
Meta Ads,faixa_etaria,45-54,163634,269,212.931469,172.0,1.237973656976744,0.16439126342936067
Meta Ads,faixa_etaria,55-64,130892,265,165.963351,134.0,1.2385324701492537,0.2024569874400269
Meta Ads,faixa_etaria,65+,75973,211,97.986074,121.0,0.8098022644628099,0.2777302462717018
Meta Ads,faixa_etaria,Unknown,59,0,0.129995,0.0,0.0,0.0
Meta Ads,faixa_etaria,18-24,20569,23,23.55,11.0,2.140909090909091,0.11181875638096164
Meta Ads,faixa_etaria,25-34,52505,100,59.23,62.0,0.9553225806451613,0.19045805161413198
Meta Ads,faixa_etaria,35-44,57695,106,66.91,71.0,0.9423943661971831,0.1837247595112228
Meta Ads,faixa_etaria,45-54,52287,85,59.31,55.0,1.0783636363636364,0.16256430852793238
Meta Ads,faixa_etaria,55-64,48611,106,54.59,72.0,0.7581944444444445,0.21805764127460864
Meta Ads,faixa_etaria,65+,27381,84,30.51,54.0,0.5650000000000001,0.30678207516160844
Meta Ads,faixa_etaria,Unknown,0,0,0.0,0.0,0.0,0.0
Meta Ads,faixa_etaria,18-24,39818,75,44.264752,53.0,0.835184,0.18835702446129893
Meta Ads,faixa_etaria,25-34,45100,70,48.284275,49.0,0.9853933673469388,0.15521064301552107
Meta Ads,faixa_etaria,35-44,27534,40,28.6766,28.0,1.0241642857142856,0.1452749328103436
Meta Ads,faixa_etaria,45-54,19332,38,19.607675,28.0,0.7002741071428572,0.19656528036416301
Meta Ads,faixa_etaria,55-64,18093,24,17.717899,20.0,0.88589495,0.1326479854087216
Meta Ads,faixa_etaria,65+,10186,24,10.128799,17.0,0.595811705882353,0.23561751423522484
Meta Ads,faixa_etaria,Unknown,5,0,0.0,0.0,0.0,0.0
Meta Ads,faixa_etaria,18-24,12116,57,27.69,0.0,0.0,0.4704522944866293
Meta Ads,faixa_etaria,25-34,19120,217,44.7,0.0,0.0,1.1349372384937237
Meta Ads,faixa_etaria,35-44,19086,522,42.39,1.0,42.39,2.734988997170701
Meta Ads,faixa_etaria,45-54,17509,610,40.7,2.0,20.35,3.4839225541150265
Meta Ads,faixa_etaria,55-64,13397,442,33.01,0.0,0.0,3.299246099873106
Meta Ads,faixa_etaria,65+,5727,118,14.74,0.0,0.0,2.060415575344858
Meta Ads,faixa_etaria,18-24,22473,1337,127.448916,1162.0,0.10968065060240964,5.9493614559693855
Meta Ads,faixa_etaria,25-34,52477,2644,239.86796,2089.0,0.11482429870751557,5.038397774263011
Meta Ads,faixa_etaria,35-44,52349,2745,238.75797,2110.0,0.11315543601895735,5.2436531738906185
Meta Ads,faixa_etaria,45-54,42373,2217,182.048452,1730.0,0.1052303190751445,5.232105350105019
Meta Ads,faixa_etaria,55-64,44746,2104,175.898504,1635.0,0.10758318287461774,4.702096276762169
Meta Ads,faixa_etaria,65+,51436,2697,211.888198,2016.0,0.1051032728174603,5.243409285325453
Meta Ads,faixa_etaria,Unknown,3,0,0.02,0.0,0.0,0.0
Meta Ads,faixa_etaria,18-24,14014,135,103.06,69.0,1.493623188405797,0.9633223918938205
Meta Ads,faixa_etaria,25-34,35744,321,330.84,149.0,2.220402684563758,0.8980528200537152
Meta Ads,faixa_etaria,35-44,28206,315,360.44,126.0,2.8606349206349204,1.1167836630504147
Meta Ads,faixa_etaria,45-54,14334,203,205.47,93.0,2.2093548387096775,1.416213199386075
Meta Ads,faixa_etaria,55-64,9010,131,109.06,75.0,1.4541333333333333,1.453940066592675
Meta Ads,faixa_etaria,65+,7499,125,69.8,79.0,0.8835443037974683,1.6668889185224696
Meta Ads,faixa_etaria,Unknown,2,0,0.01,0.0,0.0,0.0
Meta Ads,faixa_etaria,18-24,5248,137,19.89,127.0,0.15661417322834645,2.6105182926829267
Meta Ads,faixa_etaria,25-34,21766,403,75.79,406.0,0.18667487684729064,1.851511531746761
Meta Ads,faixa_etaria,35-44,29048,434,78.64,449.0,0.1751447661469933,1.4940787661801156
Meta Ads,faixa_etaria,45-54,27275,439,64.05,364.0,0.17596153846153845,1.6095325389550872
Meta Ads,faixa_etaria,55-64,39570,793,107.36,641.0,0.16748829953198127,2.0040434672731866
Meta Ads,faixa_etaria,65+,45319,1102,154.1,814.0,0.1893120393120393,2.4316511838301818
Meta Ads,faixa_etaria,Unknown,3,0,0.0,0.0,0.0,0.0
Meta Ads,faixa_etaria,18-24,111278,108,160.53,84.0,1.9110714285714285,0.09705422455471881
Meta Ads,faixa_etaria,25-34,128015,118,183.38,76.0,2.412894736842105,0.09217669804319806
Meta Ads,faixa_etaria,35-44,58186,78,84.59,33.0,2.5633333333333335,0.1340528649503317
Meta Ads,faixa_etaria,45-54,25872,41,37.52,23.0,1.6313043478260871,0.15847247990105134
Meta Ads,faixa_etaria,55-64,15652,14,23.38,9.0,2.5977777777777775,0.08944543828264759
Meta Ads,faixa_etaria,65+,7303,11,10.53,7.0,1.5042857142857142,0.15062303163083662
Meta Ads,faixa_etaria,Unknown,5,0,0.01,0.0,0.0,0.0
Meta Ads,faixa_etaria,18-24,52435,72,68.308048,61.0,1.1198040655737704,0.13731286354534186
Meta Ads,faixa_etaria,25-34,72169,120,95.107283,86.0,1.1058986395348838,0.1662763790547188
Meta Ads,faixa_etaria,35-44,49887,72,64.588155,49.0,1.3181256122448979,0.14432617716038246
Meta Ads,faixa_etaria,45-54,38195,46,49.538585,33.0,1.5011692424242424,0.12043461186019112
Meta Ads,faixa_etaria,55-64,34909,63,45.15871,39.0,1.157915641025641,0.180469219971927
Meta Ads,faixa_etaria,65+,21436,49,27.239222,26.0,1.0476623846153847,0.2285874230266841
Meta Ads,faixa_etaria,Unknown,44,0,0.049999,0.0,0.0,0.0
Meta Ads,faixa_etaria,18-24,68506,122,91.256957,101.0,0.9035342277227723,0.17808659095553675
Meta Ads,faixa_etaria,25-34,87413,101,116.766106,79.0,1.4780519746835443,0.11554345463489413
Meta Ads,faixa_etaria,35-44,38483,46,52.388253,40.0,1.309706325,0.11953330041836656
Meta Ads,faixa_etaria,45-54,16328,20,22.79924,16.0,1.4249525,0.1224889759921607
Meta Ads,faixa_etaria,55-64,8768,14,11.839605,8.0,1.479950625,0.15967153284671534
Meta Ads,faixa_etaria,65+,3673,9,4.80984,8.0,0.60123,0.2450313095562211
Meta Ads,faixa_etaria,Unknown,9,0,0.01,0.0,0.0,0.0
Meta Ads,faixa_etaria,18-24,22323,15,32.384952,0.0,0.0,0.0671952694530305
Meta Ads,faixa_etaria,25-34,25284,51,35.2845,0.0,0.0,0.20170859041290937
Meta Ads,faixa_etaria,35-44,17361,35,23.936269,0.0,0.0,0.20160129024825757
Meta Ads,faixa_etaria,45-54,11809,35,16.437438,0.0,0.0,0.2963841138114997
Meta Ads,faixa_etaria,55-64,9742,22,13.187944,1.0,13.187944,0.22582631903099978
Meta Ads,faixa_etaria,65+,5251,17,6.868929,0.0,0.0,0.3237478575509427
Meta Ads,faixa_etaria,Unknown,257,0,0.209967,0.0,0.0,0.0
Meta Ads,faixa_etaria,18-24,28198,33,48.75259,24.0,2.0313579166666664,0.11702957656571389
Meta Ads,faixa_etaria,25-34,28053,37,48.822579,30.0,1.6274193,0.1318932021530674
Meta Ads,faixa_etaria,35-44,11480,16,19.86698,12.0,1.6555816666666667,0.13937282229965156
Meta Ads,faixa_etaria,45-54,4756,3,8.458714,2.0,4.229357,0.06307821698906645
Meta Ads,faixa_etaria,55-64,2385,1,3.969397,1.0,3.969397,0.04192872117400419
Meta Ads,faixa_etaria,65+,1016,0,1.70974,0.0,0.0,0.0
Meta Ads,faixa_etaria,18-24,3467,88,13.528944,80.0,0.16911179999999998,2.5382174790885492
Meta Ads,faixa_etaria,25-34,7747,241,41.936726,233.0,0.17998594849785407,3.110881631599329
Meta Ads,faixa_etaria,35-44,5028,236,36.077184,227.0,0.15893032599118945,4.6937151949085125
Meta Ads,faixa_etaria,45-54,2662,117,18.588549,117.0,0.15887648717948719,4.3951915852742305
Meta Ads,faixa_etaria,55-64,2090,63,11.039138,63.0,0.17522441269841268,3.014354066985646
Meta Ads,faixa_etaria,65+,1473,44,6.929459,43.0,0.16115020930232557,2.9871011541072643
Meta Ads,faixa_etaria,65+,0,0,0.0,0.0,0.0,0.0
Meta Ads,faixa_etaria,18-24,25837,28,38.27,1.0,38.27,0.1083717149823896
Meta Ads,faixa_etaria,25-34,32645,32,46.65,0.0,0.0,0.09802419972430694
Meta Ads,faixa_etaria,35-44,20905,32,29.38,0.0,0.0,0.15307342740971058
Meta Ads,faixa_etaria,45-54,13613,31,19.72,0.0,0.0,0.22772349959597443
Meta Ads,faixa_etaria,55-64,11053,27,15.87,2.0,7.935,0.24427757169999095
Meta Ads,faixa_etaria,65+,5910,14,8.62,0.0,0.0,0.23688663282571912
Meta Ads,faixa_etaria,Unknown,2,0,0.0,0.0,0.0,0.0
Meta Ads,faixa_etaria,18-24,84985,101,135.52,74.0,1.8313513513513515,0.11884450197093605
Meta Ads,faixa_etaria,25-34,96558,103,151.77,70.0,2.168142857142857,0.10667163777211625
Meta Ads,faixa_etaria,35-44,43704,53,68.69,36.0,1.9080555555555554,0.12127036426871683
Meta Ads,faixa_etaria,45-54,20084,16,32.61,9.0,3.623333333333333,0.07966540529774944
Meta Ads,faixa_etaria,55-64,11141,16,16.81,10.0,1.6809999999999998,0.14361367920294407
Meta Ads,faixa_etaria,65+,4951,3,7.84,1.0,7.84,0.060593819430418104
Meta Ads,faixa_etaria,Unknown,3,0,0.0,0.0,0.0,0.0
Meta Ads,faixa_etaria,18-24,13742,274,48.55,244.0,0.19897540983606557,1.9938873526415368
Meta Ads,faixa_etaria,25-34,26735,734,125.71,664.0,0.1893222891566265,2.745464746586871
Meta Ads,faixa_etaria,35-44,17128,519,96.53,503.0,0.19190854870775348,3.0301261092947223
Meta Ads,faixa_etaria,45-54,10597,284,54.7,271.0,0.20184501845018452,2.6800037746532035
Meta Ads,faixa_etaria,55-64,11361,205,49.07,198.0,0.24782828282828284,1.8044186251210281
Meta Ads,faixa_etaria,65+,8841,189,41.24,190.0,0.21705263157894739,2.137767220902613
Meta Ads,faixa_etaria,Unknown,1,0,0.01,0.0,0.0,0.0
Meta Ads,faixa_etaria,18-24,22199,4,32.56,0.0,0.0,0.018018829677012477
Meta Ads,faixa_etaria,25-34,22975,6,32.87,0.0,0.0,0.026115342763873776
Meta Ads,faixa_etaria,35-44,10498,5,15.39,0.0,0.0,0.04762811964183654
Meta Ads,faixa_etaria,45-54,4858,1,7.33,0.0,0.0,0.02058460271716756
Meta Ads,faixa_etaria,55-64,2794,1,4.22,0.0,0.0,0.03579098067287043
Meta Ads,faixa_etaria,65+,1279,0,1.77,0.0,0.0,0.0
Meta Ads,faixa_etaria,18-24,23736,31,46.72,26.0,1.7969230769230768,0.13060330299966297
Meta Ads,faixa_etaria,25-34,29303,35,59.12,19.0,3.1115789473684208,0.11944169538955056
Meta Ads,faixa_etaria,35-44,16153,38,33.21,22.0,1.5095454545454545,0.23525041787903178
Meta Ads,faixa_etaria,45-54,9699,22,19.22,10.0,1.922,0.22682750799051446
Meta Ads,faixa_etaria,55-64,7391,34,14.42,13.0,1.1092307692307692,0.4600189419564335
Meta Ads,faixa_etaria,65+,3918,26,7.8,16.0,0.4875,0.6636038795303726
Meta Ads,faixa_etaria,Unknown,1,0,0.0,0.0,0.0,0.0
Meta Ads,faixa_etaria,18-24,17076,7,32.84,1.0,32.84,0.04099320684000937
Meta Ads,faixa_etaria,25-34,23960,27,45.95,0.0,0.0,0.11268781302170283
Meta Ads,faixa_etaria,35-44,16003,25,31.42,2.0,15.71,0.15622070861713427
Meta Ads,faixa_etaria,45-54,11677,25,21.69,1.0,21.69,0.21409608632354202
Meta Ads,faixa_etaria,55-64,10692,31,20.53,1.0,20.53,0.2899364010475121
Meta Ads,faixa_etaria,65+,6710,24,12.12,1.0,12.12,0.35767511177347244
Meta Ads,genero,female,137388,239,221.44,174.0,1.2726436781609196,0.17395988004774798
Meta Ads,genero,male,261200,343,423.22,209.0,2.024976076555024,0.13131699846860642
Meta Ads,genero,unknown,2749,2,4.08,1.0,4.08,0.07275372862859221
Meta Ads,genero,female,88251,1383,349.92,913.0,0.38326396495071197,1.5671210524526635
Meta Ads,genero,male,97888,1175,311.08,807.0,0.3854770755885997,1.2003514220333442
Meta Ads,genero,unknown,1372,19,4.22,10.0,0.422,1.3848396501457727
Meta Ads,genero,female,12753,19,19.54,4.0,4.885,0.14898455265427743
Meta Ads,genero,male,14382,15,21.45,7.0,3.064285714285714,0.10429703796412182
Meta Ads,genero,unknown,182,0,0.3,0.0,0.0,0.0
Meta Ads,genero,female,7291,12,10.43,9.0,1.1588888888888889,0.16458647647784938
Meta Ads,genero,male,8772,5,12.87,3.0,4.29,0.05699954400364797
Meta Ads,genero,unknown,78,0,0.18,0.0,0.0,0.0
Meta Ads,genero,female,117597,178,195.35,127.0,1.5381889763779528,0.15136440555456346
Meta Ads,genero,male,93628,119,153.04,91.0,1.6817582417582417,0.12709873114880166
Meta Ads,genero,unknown,853,1,1.54,1.0,1.54,0.11723329425556857
Meta Ads,genero,female,24778,33,41.59,23.0,1.8082608695652176,0.13318266203890547
Meta Ads,genero,male,35138,40,57.45,30.0,1.915,0.11383687176276397
Meta Ads,genero,unknown,511,1,0.83,1.0,0.83,0.19569471624266144
Meta Ads,genero,female,82616,119,134.64,38.0,3.543157894736842,0.1440398954197734
Meta Ads,genero,male,68812,83,113.58,42.0,2.704285714285714,0.12061849677381853
Meta Ads,genero,unknown,1161,2,1.76,1.0,1.76,0.17226528854435832
Meta Ads,genero,female,45065,131,71.97,73.0,0.9858904109589041,0.290691223787862
Meta Ads,genero,male,48903,106,76.81,62.0,1.2388709677419356,0.2167556182647281
Meta Ads,genero,unknown,751,3,1.22,2.0,0.61,0.3994673768308922
Meta Ads,genero,female,26929,40,48.3,30.0,1.6099999999999999,0.14853875004641837
Meta Ads,genero,male,27853,34,51.14,27.0,1.894074074074074,0.12206943596740029
Meta Ads,genero,unknown,255,1,0.49,0.0,0.0,0.39215686274509803
Meta Ads,genero,female,21004,14,36.19,1.0,36.19,0.06665397067225291
Meta Ads,genero,male,36452,23,62.91,2.0,31.455,0.06309667507955667
Meta Ads,genero,unknown,482,0,0.83,0.0,0.0,0.0
Meta Ads,genero,female,136804,537,226.55,316.0,0.7169303797468355,0.3925323820940908
Meta Ads,genero,male,163878,432,271.46,243.0,1.117119341563786,0.2636107348149233
Meta Ads,genero,unknown,1316,5,1.94,3.0,0.6466666666666666,0.3799392097264438
Meta Ads,genero,female,161054,226,247.74,141.0,1.7570212765957447,0.14032560507655817
Meta Ads,genero,male,162669,191,249.69,124.0,2.0136290322580646,0.11741634853598411
Meta Ads,genero,unknown,1728,7,2.57,6.0,0.4283333333333333,0.40509259259259256
Meta Ads,genero,female,281034,321,485.0,193.0,2.5129533678756477,0.11422105510365294
Meta Ads,genero,male,297658,282,511.08,197.0,2.5943147208121826,0.09473960048108904
Meta Ads,genero,unknown,2244,1,3.92,1.0,3.92,0.044563279857397504
Meta Ads,genero,female,91808,112,167.36,80.0,2.092,0.12199372603694668
Meta Ads,genero,male,99198,106,181.45,68.0,2.668382352941176,0.10685699308453799
Meta Ads,genero,unknown,656,0,1.19,0.0,0.0,0.0
Meta Ads,genero,female,64170,868,307.03,155.0,1.9808387096774192,1.3526570048309179
Meta Ads,genero,male,10003,144,41.85,28.0,1.4946428571428572,1.4395681295611318
Meta Ads,genero,unknown,199,4,1.11,1.0,1.11,2.0100502512562812
Meta Ads,genero,female,40382,915,173.4,115.0,1.5078260869565219,2.2658610271903323
Meta Ads,genero,male,8352,127,28.91,14.0,2.065,1.5205938697318007
Meta Ads,genero,unknown,117,3,0.31,0.0,0.0,2.564102564102564
Meta Ads,genero,female,27909,32,48.35,17.0,2.8441176470588236,0.11465835393600629
Meta Ads,genero,male,26958,30,46.7,21.0,2.223809523809524,0.11128421989761851
Meta Ads,genero,unknown,161,0,0.33,0.0,0.0,0.0
Meta Ads,genero,female,14047,421,152.58,86.0,1.7741860465116281,2.997081227308322
Meta Ads,genero,male,3557,125,45.45,20.0,2.2725,3.5141973573235874
Meta Ads,genero,unknown,92,3,1.89,0.0,0.0,3.260869565217391
Meta Ads,genero,female,12474,335,97.01,253.0,0.38343873517786564,2.6855860189193526
Meta Ads,genero,male,7212,189,51.03,142.0,0.3593661971830986,2.6206322795341097
Meta Ads,genero,unknown,45,0,0.36,0.0,0.0,0.0
Meta Ads,genero,female,31972,74,69.93,39.0,1.7930769230769232,0.23145252095583638
Meta Ads,genero,male,59017,87,128.67,48.0,2.6806249999999996,0.1474151515664978
Meta Ads,genero,unknown,387,0,0.8,0.0,0.0,0.0
Meta Ads,genero,female,39447,92,84.54,50.0,1.6908,0.2332243263112531
Meta Ads,genero,male,52670,79,114.57,42.0,2.7278571428571428,0.14999050692994115
Meta Ads,genero,unknown,408,1,0.88,0.0,0.0,0.24509803921568626
Meta Ads,genero,female,1176012,1792,1697.656634,1268.0,1.3388459258675078,0.15237939748914126
Meta Ads,genero,male,654318,871,894.1625,565.0,1.5825884955752212,0.1331157021509419
Meta Ads,genero,unknown,6654,7,9.390866,3.0,3.130288666666667,0.10519987977156597
Meta Ads,genero,female,158450,3722,1142.672938,2439.0,0.46850058958589585,2.3490059955822025
Meta Ads,genero,male,138747,2901,898.61668,2001.0,0.4490837981009495,2.090856018508508
Meta Ads,genero,unknown,624,12,3.550382,8.0,0.44379775,1.9230769230769231
Meta Ads,genero,female,0,0,0.0,0.0,0.0,0.0
Meta Ads,genero,female,86897,245,159.95,144.0,1.1107638888888889,0.28194298997663897
Meta Ads,genero,male,99871,158,188.78,80.0,2.35975,0.15820408326741497
Meta Ads,genero,unknown,654,2,1.2,1.0,1.2,0.3058103975535168
Meta Ads,genero,female,392158,718,518.872813,537.0,0.9662435996275605,0.18308946904053977
Meta Ads,genero,male,319599,436,426.656982,335.0,1.2736029313432837,0.13642095250610922
Meta Ads,genero,unknown,2338,8,3.240205,4.0,0.81005125,0.3421727972626176
Meta Ads,genero,female,390522,1067,478.890901,728.0,0.6578171717032967,0.273224043715847
Meta Ads,genero,male,372028,638,458.548739,415.0,1.1049367204819278,0.17149246830883697
Meta Ads,genero,unknown,2708,5,3.39036,4.0,0.84759,0.1846381093057607
Meta Ads,genero,female,93777,4764,265.085149,4503.0,0.05886856517876971,5.0801369205668765
Meta Ads,genero,male,31857,1365,84.434825,1314.0,0.06425785768645358,4.284772577455504
Meta Ads,genero,unknown,154,8,0.450026,7.0,0.06428942857142857,5.194805194805195
Meta Ads,genero,female,140490,219,167.12,159.0,1.0510691823899372,0.15588298099508863
Meta Ads,genero,male,145085,216,181.81,150.0,1.2120666666666666,0.1488782437881242
Meta Ads,genero,unknown,918,2,1.06,2.0,0.53,0.2178649237472767
Meta Ads,genero,female,176678,264,208.479188,153.0,1.3626090718954247,0.1494243765494289
Meta Ads,genero,male,237120,352,289.810575,161.0,1.8000656832298134,0.1484480431848853
Meta Ads,genero,unknown,1387,0,1.690237,0.0,0.0,0.0
Meta Ads,genero,female,162058,399,171.969827,258.0,0.6665497170542636,0.24620814770020613
Meta Ads,genero,male,168078,342,176.970113,209.0,0.84674695215311,0.20347695712704816
Meta Ads,genero,unknown,1013,0,1.060061,0.0,0.0,0.0
Meta Ads,genero,female,425018,692,350.461241,373.0,0.9395743726541554,0.16281663364845722
Meta Ads,genero,male,342741,457,270.778685,220.0,1.2308122045454546,0.1333368345193601
Meta Ads,genero,unknown,2960,4,2.290073,1.0,2.290073,0.13513513513513514
Meta Ads,genero,female,52493,1470,341.062002,1006.0,0.3390278349900597,2.800373383117749
Meta Ads,genero,male,20135,518,123.537969,364.0,0.33939002472527474,2.5726347156692326
Meta Ads,genero,unknown,104,2,0.450029,1.0,0.450029,1.9230769230769231
Meta Ads,genero,female,446690,676,484.22489,498.0,0.9723391365461848,0.15133537800264166
Meta Ads,genero,male,420976,489,459.375152,345.0,1.3315221797101449,0.11615864087263883
Meta Ads,genero,unknown,3482,3,3.989958,3.0,1.3299860000000001,0.08615738081562321
Meta Ads,genero,female,0,0,0.0,0.0,0.0,0.0
Meta Ads,genero,female,425431,1298,495.591612,406.0,1.2206689950738916,0.3051023550234938
Meta Ads,genero,male,500979,850,578.468537,404.0,1.4318528143564355,0.16966779046626704
Meta Ads,genero,unknown,3694,6,4.019851,2.0,2.0099255,0.16242555495397942
Meta Ads,genero,female,171392,429,188.47077,272.0,0.6929072426470588,0.25030339805825247
Meta Ads,genero,male,148881,277,160.309161,196.0,0.8179038826530611,0.18605463423808277
Meta Ads,genero,unknown,1295,2,1.22007,1.0,1.22007,0.15444015444015444
Meta Ads,genero,female,533053,687,821.59165,557.0,1.4750298922800718,0.1288802426775574
Meta Ads,genero,male,437022,410,668.108814,318.0,2.1009711132075473,0.0938167872555615
Meta Ads,genero,unknown,6575,11,9.939536,8.0,1.242442,0.1673003802281369
Meta Ads,genero,female,257012,310,322.979047,210.0,1.5379954619047618,0.12061693617418641
Meta Ads,genero,male,212964,233,265.11101,158.0,1.6779177848101268,0.10940816288198944
Meta Ads,genero,unknown,1519,0,1.689943,0.0,0.0,0.0
Meta Ads,genero,female,300853,337,332.851968,201.0,1.6559799402985074,0.11201483781115695
Meta Ads,genero,male,233504,244,259.09818,130.0,1.9930629230769232,0.1044949979443607
Meta Ads,genero,unknown,1630,1,1.759852,1.0,1.759852,0.06134969325153375
Meta Ads,genero,female,147500,143,155.844802,85.0,1.8334682588235292,0.09694915254237288
Meta Ads,genero,male,135895,121,142.925233,59.0,2.422461576271186,0.0890393318370801
Meta Ads,genero,unknown,1018,1,1.059965,0.0,0.0,0.09823182711198428
Meta Ads,genero,female,87260,146,108.73,87.0,1.2497701149425289,0.16731606692642675
Meta Ads,genero,male,150227,141,187.38,87.0,2.153793103448276,0.09385796161808463
Meta Ads,genero,unknown,1087,1,1.46,0.0,0.0,0.09199632014719411
Meta Ads,genero,female,274242,558,308.223836,211.0,1.4607764739336493,0.20346992801977817
Meta Ads,genero,male,169844,254,190.366193,90.0,2.1151799222222225,0.14954899790395892
Meta Ads,genero,unknown,1468,2,1.409972,0.0,0.0,0.13623978201634876
Meta Ads,genero,female,210629,1420,257.274564,125.0,2.058196512,0.6741711730103641
Meta Ads,genero,male,195061,645,241.115533,90.0,2.6790614777777777,0.33066579172669064
Meta Ads,genero,unknown,1359,8,1.609903,0.0,0.0,0.5886681383370125
Meta Ads,genero,female,163437,214,196.024399,168.0,1.1668118988095237,0.13093730305867093
Meta Ads,genero,male,127748,129,152.705637,96.0,1.59068371875,0.10098005448226195
Meta Ads,genero,unknown,961,2,1.269964,2.0,0.634982,0.20811654526534862
Meta Ads,genero,female,168711,216,210.26159,182.0,1.1552834615384615,0.1280295890605829
Meta Ads,genero,male,232187,250,287.73849,209.0,1.3767391866028709,0.10767183347904921
Meta Ads,genero,unknown,1516,1,1.99992,1.0,1.99992,0.06596306068601583
Meta Ads,genero,female,126748,171,153.28,120.0,1.2773333333333334,0.1349133714141446
Meta Ads,genero,male,134019,161,159.26,99.0,1.6086868686868685,0.12013222005834993
Meta Ads,genero,unknown,1088,0,1.32,0.0,0.0,0.0
Meta Ads,genero,female,210285,781,227.17,172.0,1.3207558139534883,0.3714007180730913
Meta Ads,genero,male,212024,445,228.76,125.0,1.83008,0.20988190016224578
Meta Ads,genero,unknown,1518,3,1.77,0.0,0.0,0.1976284584980237
Meta Ads,genero,female,161598,213,187.23,146.0,1.2823972602739726,0.13180856198715332
Meta Ads,genero,male,146390,130,170.39,85.0,2.0045882352941176,0.08880388004645126
Meta Ads,genero,unknown,1146,1,1.42,0.0,0.0,0.08726003490401396
Meta Ads,genero,female,196095,242,197.61,134.0,1.4747014925373136,0.12340957189117518
Meta Ads,genero,male,154793,177,156.07,76.0,2.053552631578947,0.11434625596764712
Meta Ads,genero,unknown,1074,0,0.98,0.0,0.0,0.0
Meta Ads,genero,female,56341,70,65.32,29.0,2.252413793103448,0.12424344615821516
Meta Ads,genero,male,110406,117,129.25,69.0,1.8731884057971016,0.10597250149448399
Meta Ads,genero,unknown,808,1,1.13,0.0,0.0,0.12376237623762376
Meta Ads,genero,female,93134,224,108.37,106.0,1.0223584905660377,0.2405136684776773
Meta Ads,genero,male,76260,117,90.57,58.0,1.5615517241379309,0.15342250196695514
Meta Ads,genero,unknown,537,1,0.61,1.0,0.61,0.186219739292365
Meta Ads,genero,female,65004,166,84.17,101.0,0.8333663366336633,0.25536890037536153
Meta Ads,genero,male,114448,186,144.88,120.0,1.2073333333333334,0.16251922270376065
Meta Ads,genero,unknown,827,4,1.07,4.0,0.2675,0.48367593712212814
Meta Ads,genero,female,88591,229,108.08,162.0,0.6671604938271605,0.2584912688647831
Meta Ads,genero,male,53374,68,63.45,50.0,1.2690000000000001,0.12740285532281637
Meta Ads,genero,unknown,391,0,0.48,0.0,0.0,0.0
Meta Ads,genero,female,270883,370,324.58,248.0,1.3087903225806452,0.13659033604914297
Meta Ads,genero,male,266127,263,320.07,169.0,1.893905325443787,0.09882499708785655
Meta Ads,genero,unknown,2026,2,2.49,1.0,2.49,0.09871668311944717
Meta Ads,genero,female,205480,930,236.87,167.0,1.418383233532934,0.45259879306988515
Meta Ads,genero,male,197110,513,225.64,113.0,1.9968141592920352,0.260260768099031
Meta Ads,genero,unknown,1380,4,1.71,0.0,0.0,0.2898550724637681
Meta Ads,genero,female,24135,24,28.76,16.0,1.7975,0.09944064636420137
Meta Ads,genero,male,19035,28,22.2,19.0,1.1684210526315788,0.14709745206199107
Meta Ads,genero,unknown,133,0,0.09,0.0,0.0,0.0
Meta Ads,genero,female,29654,56,30.37,25.0,1.2148,0.18884467525460308
Meta Ads,genero,male,19928,30,20.88,12.0,1.74,0.15054195102368526
Meta Ads,genero,unknown,135,0,0.14,0.0,0.0,0.0
Meta Ads,genero,female,1493,0,1.98,0.0,0.0,0.0
Meta Ads,genero,male,3641,2,4.41,2.0,2.205,0.05492996429552321
Meta Ads,genero,unknown,17,0,0.02,0.0,0.0,0.0
Meta Ads,genero,female,133041,243,155.38,166.0,0.9360240963855422,0.18265046113604078
Meta Ads,genero,male,122629,156,144.05,101.0,1.4262376237623764,0.1272129757235238
Meta Ads,genero,unknown,900,0,1.02,0.0,0.0,0.0
Meta Ads,genero,female,81605,153,102.08,87.0,1.1733333333333333,0.18748851173334966
Meta Ads,genero,male,132813,201,166.58,133.0,1.252481203007519,0.1513406067177159
Meta Ads,genero,unknown,895,3,1.22,2.0,0.61,0.33519553072625696
Meta Ads,genero,female,11041,18,12.78,10.0,1.278,0.1630287111674667
Meta Ads,genero,male,12874,15,15.01,7.0,2.144285714285714,0.11651390399254312
Meta Ads,genero,unknown,97,0,0.12,0.0,0.0,0.0
Meta Ads,genero,female,428916,810,514.61,568.0,0.9060035211267606,0.18884816607447613
Meta Ads,genero,male,404544,607,482.12,434.0,1.1108755760368663,0.1500454833096029
Meta Ads,genero,unknown,2894,2,3.26,2.0,1.63,0.0691085003455425
Meta Ads,genero,female,145582,1007,572.34,493.0,1.1609330628803247,0.6917063922737701
Meta Ads,genero,male,32697,151,124.97,82.0,1.5240243902439023,0.46181606875248493
Meta Ads,genero,unknown,462,2,1.69,1.0,1.69,0.4329004329004329
Meta Ads,genero,female,145936,294,165.62,215.0,0.7703255813953489,0.2014581734458941
Meta Ads,genero,male,119813,212,133.34,176.0,0.7576136363636364,0.17694240190964253
Meta Ads,genero,unknown,874,5,1.04,3.0,0.3466666666666667,0.5720823798627002
Meta Ads,genero,female,66823,142,78.76,119.0,0.6618487394957984,0.2125016835520704
Meta Ads,genero,male,60253,101,70.78,79.0,0.8959493670886076,0.1676265082236569
Meta Ads,genero,unknown,362,2,0.42,1.0,0.42,0.5524861878453038
Meta Ads,genero,female,218436,341,260.79,178.0,1.465112359550562,0.1561097987511216
Meta Ads,genero,male,199408,262,237.4,134.0,1.7716417910447761,0.13138891117708418
Meta Ads,genero,unknown,1493,4,1.81,0.0,0.0,0.26791694574681846
Meta Ads,genero,female,74181,125,89.6,91.0,0.9846153846153846,0.1685067604912309
Meta Ads,genero,male,80194,117,95.4,90.0,1.06,0.1458962017108512
Meta Ads,genero,unknown,594,3,0.67,1.0,0.67,0.5050505050505051
Meta Ads,genero,female,107080,3934,636.31,2842.0,0.22389514426460239,3.673888681359731
Meta Ads,genero,male,71502,1917,346.17,1405.0,0.2463843416370107,2.681043886884283
Meta Ads,genero,unknown,393,12,1.51,9.0,0.16777777777777778,3.0534351145038165
Meta Ads,genero,female,189174,312,232.714304,200.0,1.16357152,0.1649275270385994
Meta Ads,genero,male,252532,391,305.765655,257.0,1.1897496303501944,0.1548318628926235
Meta Ads,genero,unknown,1898,1,2.230041,0.0,0.0,0.052687038988408846
Meta Ads,genero,female,134065,267,168.725179,167.0,1.0103304131736526,0.19915712527505317
Meta Ads,genero,male,142737,211,180.034856,146.0,1.2331154520547944,0.14782432025333306
Meta Ads,genero,unknown,947,2,1.239965,2.0,0.6199825,0.21119324181626187
Meta Ads,genero,female,147730,371,196.81,218.0,0.9027981651376147,0.2511338252216882
Meta Ads,genero,male,114169,163,151.77,96.0,1.5809375,0.14277080468428383
Meta Ads,genero,unknown,855,3,1.15,3.0,0.3833333333333333,0.3508771929824561
Meta Ads,genero,female,190245,244,260.47479,172.0,1.5143883139534884,0.12825567031985072
Meta Ads,genero,male,174101,178,237.795244,115.0,2.0677847304347825,0.10223950465534373
Meta Ads,genero,unknown,1212,0,1.679966,0.0,0.0,0.0
Meta Ads,genero,female,167683,455,249.720011,312.0,0.8003846506410256,0.27134533614021694
Meta Ads,genero,male,168070,314,248.760049,235.0,1.0585534,0.18682691735586363
Meta Ads,genero,unknown,1151,2,1.48994,2.0,0.74497,0.1737619461337967
Meta Ads,genero,female,186398,383,248.420062,270.0,0.9200743037037037,0.20547430766424532
Meta Ads,genero,male,190779,267,249.890004,213.0,1.1731925070422535,0.13995251049643828
Meta Ads,genero,unknown,1260,1,1.649934,0.0,0.0,0.07936507936507936
Meta Ads,genero,female,62616,180,104.0,110.0,0.9454545454545454,0.2874664622460713
Meta Ads,genero,male,58336,104,95.54,65.0,1.469846153846154,0.17827756445419637
Meta Ads,genero,unknown,311,1,0.46,1.0,0.46,0.3215434083601286
Meta Ads,genero,female,223676,443,405.944777,320.0,1.268577428125,0.19805432858241387
Meta Ads,genero,male,217151,388,391.265327,289.0,1.3538592629757786,0.1786775101196863
Meta Ads,genero,unknown,1561,6,2.769896,4.0,0.692474,0.38436899423446513
Meta Ads,genero,female,23867,522,106.204313,467.0,0.22741822912205567,2.187120291616039
Meta Ads,genero,male,22073,441,79.835725,411.0,0.19424750608272506,1.9979160059801568
Meta Ads,genero,unknown,143,3,0.719961,3.0,0.23998699999999998,2.097902097902098
Meta Ads,genero,female,233832,379,277.98,274.0,1.0145255474452555,0.16208217865818195
Meta Ads,genero,male,294296,424,350.26,292.0,1.1995205479452054,0.1440726343545274
Meta Ads,genero,unknown,2342,3,3.17,2.0,1.585,0.12809564474807858
Meta Ads,genero,female,76525,97,96.52,69.0,1.3988405797101449,0.12675596210388762
Meta Ads,genero,male,82541,106,102.93,81.0,1.2707407407407407,0.12842102712591316
Meta Ads,genero,unknown,499,1,0.57,1.0,0.57,0.2004008016032064
Meta Ads,genero,female,125687,3227,618.936109,2997.0,0.20651855488822154,2.5674890800162307
Meta Ads,genero,male,105122,2066,391.573865,1875.0,0.20883939466666668,1.9653355149255152
Meta Ads,genero,unknown,759,16,2.680026,17.0,0.1576485882352941,2.1080368906455864
Meta Ads,genero,female,272007,5479,697.527781,5208.0,0.1339339057219662,2.0142863970412526
Meta Ads,genero,male,161243,3304,440.842277,3114.0,0.14156784746307002,2.0490812004242045
Meta Ads,genero,unknown,1396,33,3.309942,30.0,0.1103314,2.3638968481375358
Meta Ads,genero,female,66007,212,76.605107,152.0,0.5039809671052632,0.3211780568727559
Meta Ads,genero,male,66094,135,72.714848,95.0,0.765419452631579,0.20425454655490666
Meta Ads,genero,unknown,495,3,0.670045,2.0,0.3350225,0.6060606060606061
Meta Ads,genero,female,464771,668,659.293513,501.0,1.315955115768463,0.14372669551241365
Meta Ads,genero,male,396850,528,536.396586,418.0,1.2832454210526314,0.13304775103943556
Meta Ads,genero,unknown,2894,5,3.969901,4.0,0.99247525,0.17277125086385625
Meta Ads,genero,female,136184,2213,356.28713,1986.0,0.17939936052366565,1.6250073430065206
Meta Ads,genero,male,51520,946,142.682856,803.0,0.17768724283935242,1.8361801242236024
Meta Ads,genero,unknown,262,3,0.700014,3.0,0.23333800000000002,1.1450381679389312
Meta Ads,genero,female,498867,767,677.530033,606.0,1.1180363580858086,0.15374839386048786
Meta Ads,genero,male,509686,812,675.000108,651.0,1.036866525345622,0.1593137735782423
Meta Ads,genero,unknown,3719,11,4.789859,8.0,0.598732375,0.29577843506318907
Meta Ads,genero,female,136304,177,190.33,139.0,1.3692805755395685,0.1298567907031342
Meta Ads,genero,male,113850,134,158.41,105.0,1.5086666666666666,0.11769872639437856
Meta Ads,genero,unknown,865,4,1.15,3.0,0.3833333333333333,0.46242774566473993
Meta Ads,genero,female,321445,821,415.775198,623.0,0.6673759197431781,0.255409167975859
Meta Ads,genero,male,296566,521,381.364768,407.0,0.937014171990172,0.17567758947418113
Meta Ads,genero,unknown,2115,4,2.700034,2.0,1.350017,0.18912529550827423
Meta Ads,genero,female,159724,426,258.71,249.0,1.038995983935743,0.2667100748791666
Meta Ads,genero,male,148414,268,239.04,178.0,1.3429213483146067,0.18057595644615737
Meta Ads,genero,unknown,1243,4,2.22,3.0,0.7400000000000001,0.32180209171359614
Meta Ads,genero,female,44947,39,64.45385,28.0,2.3019232142857144,0.08676886110307695
Meta Ads,genero,male,38203,34,54.846258,32.0,1.7139455625,0.08899824621103056
Meta Ads,genero,unknown,326,0,0.429892,0.0,0.0,0.0
Meta Ads,genero,female,9506,387,96.132875,373.0,0.2577288873994638,4.071112981274984
Meta Ads,genero,male,4566,218,38.607139,204.0,0.189250681372549,4.774419623302672
Meta Ads,genero,unknown,48,5,0.179987,4.0,0.04499675,10.416666666666668
Meta Ads,genero,female,51304,84,70.79,55.0,1.2870909090909093,0.16372992359270233
Meta Ads,genero,male,66260,87,92.37,55.0,1.6794545454545455,0.1313009357078177
Meta Ads,genero,unknown,531,0,0.81,0.0,0.0,0.0
Meta Ads,genero,female,0,0,0.0,0.0,0.0,0.0
Meta Ads,genero,male,0,0,0.0,0.0,0.0,0.0
Meta Ads,genero,female,13957,257,36.93,238.0,0.15516806722689075,1.8413699219029875
Meta Ads,genero,male,8765,160,21.05,151.0,0.13940397350993378,1.825442099258414
Meta Ads,genero,unknown,55,0,0.13,0.0,0.0,0.0
Meta Ads,genero,female,161002,212,237.46,166.0,1.4304819277108434,0.13167538291449796
Meta Ads,genero,male,179545,280,254.65,230.0,1.1071739130434783,0.1559497618981314
Meta Ads,genero,unknown,1152,2,1.82,1.0,1.82,0.1736111111111111
Meta Ads,genero,female,109384,102,167.96,82.0,2.0482926829268293,0.09324946975791706
Meta Ads,genero,male,105503,107,159.27,91.0,1.7502197802197803,0.10141891699762093
Meta Ads,genero,unknown,932,0,1.29,0.0,0.0,0.0
Meta Ads,genero,female,12479,594,122.56,564.0,0.2173049645390071,4.7599967946149535
Meta Ads,genero,male,19642,1090,158.06,1024.0,0.15435546875,5.549333061806334
Meta Ads,genero,unknown,64,2,0.46,2.0,0.23,3.125
Meta Ads,genero,female,117923,125,170.75,104.0,1.6418269230769231,0.10600137377780416
Meta Ads,genero,male,116539,113,166.52,94.0,1.7714893617021277,0.09696324835462806
Meta Ads,genero,unknown,1085,4,1.34,2.0,0.67,0.3686635944700461
Meta Ads,genero,female,4359,44,12.99,0.0,0.0,1.009405827024547
Meta Ads,genero,male,10554,88,31.16,0.0,0.0,0.8338070873602426
Meta Ads,genero,unknown,43,0,0.15,0.0,0.0,0.0
Meta Ads,genero,female,87969,155,177.74,131.0,1.3567938931297712,0.17619843353908765
Meta Ads,genero,male,79366,117,163.37,87.0,1.877816091954023,0.1474182899478366
Meta Ads,genero,unknown,642,1,1.45,1.0,1.45,0.1557632398753894
Meta Ads,genero,female,161964,279,250.76,188.0,1.3338297872340426,0.17226050233385196
Meta Ads,genero,male,255221,341,402.59,249.0,1.6168273092369476,0.13360969512696838
Meta Ads,genero,unknown,3325,6,4.8,4.0,1.2,0.18045112781954886
Meta Ads,genero,female,168556,2945,808.51,2380.0,0.33971008403361347,1.747193810958969
Meta Ads,genero,male,47830,622,185.65,539.0,0.34443413729128014,1.3004390549864102
Meta Ads,genero,unknown,1620,25,5.45,19.0,0.2868421052631579,1.5432098765432098
Meta Ads,genero,female,206049,7663,809.27,4184.0,0.19342017208413,3.719018291765551
Meta Ads,genero,male,55875,1549,185.96,903.0,0.2059357696566999,2.7722595078299777
Meta Ads,genero,unknown,1456,39,4.77,22.0,0.2168181818181818,2.6785714285714284
Meta Ads,genero,female,43066,843,189.93,757.0,0.2508982826948481,1.9574606418056009
Meta Ads,genero,male,50102,726,187.24,660.0,0.2836969696969697,1.4490439503413037
Meta Ads,genero,unknown,361,7,1.21,7.0,0.17285714285714285,1.9390581717451523
Meta Ads,genero,female,45246,1644,310.24,1100.0,0.28203636363636364,3.633470362020952
Meta Ads,genero,male,22084,549,121.72,377.0,0.3228647214854111,2.485962687918855
Meta Ads,genero,unknown,526,9,1.87,7.0,0.2671428571428572,1.7110266159695817
Meta Ads,genero,female,35147,632,210.72,482.0,0.4371784232365145,1.7981620052920593
Meta Ads,genero,male,30951,449,136.88,329.0,0.41604863221884497,1.4506801072663242
Meta Ads,genero,unknown,433,7,2.16,3.0,0.7200000000000001,1.6166281755196306
Meta Ads,genero,female,167725,2497,727.38,1974.0,0.36848024316109423,1.4887464599791325
Meta Ads,genero,male,69468,867,267.21,739.0,0.3615832205683356,1.248056659181206
Meta Ads,genero,unknown,989,14,5.41,15.0,0.3606666666666667,1.4155712841253791
Meta Ads,genero,female,571316,1223,719.37,697.0,1.0320946915351505,0.21406717123273283
Meta Ads,genero,male,754097,1327,963.85,751.0,1.2834221038615181,0.17597205664523263
Meta Ads,genero,unknown,5575,11,7.15,8.0,0.89375,0.19730941704035873
Meta Ads,genero,female,250963,4886,927.56,4339.0,0.21377275870016132,1.946900539123297
Meta Ads,genero,male,265301,4392,928.75,4042.0,0.22977486392874816,1.6554781173082649
Meta Ads,genero,unknown,1984,20,7.25,18.0,0.4027777777777778,1.0080645161290323
Meta Ads,genero,female,596,31,7.96,20.0,0.398,5.201342281879195
Meta Ads,genero,male,216,11,3.18,7.0,0.4542857142857143,5.092592592592593
Meta Ads,genero,unknown,6,0,0.04,0.0,0.0,0.0
Meta Ads,genero,female,143521,178,263.18,134.0,1.9640298507462688,0.12402366204248855
Meta Ads,genero,male,127983,117,234.97,100.0,2.3497,0.09141839150512178
Meta Ads,genero,unknown,1024,4,1.85,4.0,0.4625,0.390625
Meta Ads,genero,female,150337,202,269.41,166.0,1.6229518072289157,0.134364793763345
Meta Ads,genero,male,127704,164,228.99,131.0,1.7480152671755727,0.12842197581908163
Meta Ads,genero,unknown,986,2,1.6,2.0,0.8,0.2028397565922921
Meta Ads,genero,female,44616,129,216.17,79.0,2.7363291139240506,0.2891339429800968
Meta Ads,genero,male,6086,12,33.07,3.0,11.023333333333333,0.1971738416036806
Meta Ads,genero,unknown,169,0,0.73,0.0,0.0,0.0
Meta Ads,genero,female,305136,493,234.3,275.0,0.8520000000000001,0.16156730113785328
Meta Ads,genero,male,411416,502,321.22,266.0,1.2075939849624062,0.12201761720497015
Meta Ads,genero,unknown,3430,6,2.88,2.0,1.44,0.1749271137026239
Meta Ads,genero,female,97848,2302,272.98,1978.0,0.13800808897876643,2.3526285667566023
Meta Ads,genero,male,78512,1907,244.12,1748.0,0.13965675057208238,2.428928061952313
Meta Ads,genero,unknown,787,18,2.67,16.0,0.166875,2.2871664548919948
Meta Ads,genero,female,34901,68,33.31,43.0,0.7746511627906977,0.1948368241597662
Meta Ads,genero,male,48852,79,47.2,42.0,1.1238095238095238,0.1617129288463113
Meta Ads,genero,unknown,397,0,0.4,0.0,0.0,0.0
Meta Ads,genero,female,804911,823,1579.87,615.0,2.568894308943089,0.10224732920782546
Meta Ads,genero,male,716403,603,1400.17,444.0,3.1535360360360363,0.08417050179856868
Meta Ads,genero,unknown,10288,12,19.93,5.0,3.9859999999999998,0.11664074650077762
Meta Ads,genero,female,282364,271,314.86,187.0,1.6837433155080215,0.09597540762986782
Meta Ads,genero,male,205392,183,231.23,137.0,1.6878102189781021,0.08909792007478383
Meta Ads,genero,unknown,1498,1,1.85,0.0,0.0,0.06675567423230974
Meta Ads,genero,female,357531,91,425.67,2.0,212.835,0.02545233839862837
Meta Ads,genero,male,309025,61,370.01,5.0,74.002,0.019739503276433944
Meta Ads,genero,unknown,2844,0,3.58,0.0,0.0,0.0
Meta Ads,genero,female,134608,110,128.74,87.0,1.4797701149425289,0.08171876857244739
Meta Ads,genero,male,105986,79,98.54,53.0,1.859245283018868,0.07453814654765724
Meta Ads,genero,unknown,777,0,0.85,0.0,0.0,0.0
Meta Ads,genero,female,138874,57,152.53,3.0,50.843333333333334,0.04104439995967568
Meta Ads,genero,male,163170,85,178.04,17.0,10.472941176470588,0.05209290923576638
Meta Ads,genero,unknown,1365,1,1.42,1.0,1.42,0.07326007326007326
Meta Ads,genero,female,104170,218,131.02,157.0,0.8345222929936307,0.20927330325429586
Meta Ads,genero,male,119744,116,148.37,67.0,2.2144776119402985,0.09687332977017638
Meta Ads,genero,unknown,1151,2,1.44,1.0,1.44,0.1737619461337967
Meta Ads,genero,female,47594,54,59.26,38.0,1.5594736842105263,0.11345967979157036
Meta Ads,genero,male,55480,48,69.13,29.0,2.3837931034482756,0.08651766402307137
Meta Ads,genero,unknown,422,2,0.46,2.0,0.23,0.47393364928909953
Meta Ads,genero,female,668627,1473,1043.61,902.0,1.1569955654101995,0.2203022013768514
Meta Ads,genero,male,550968,1086,861.24,648.0,1.329074074074074,0.1971076360151588
Meta Ads,genero,unknown,4451,6,7.28,3.0,2.4266666666666667,0.13480116827679173
Meta Ads,genero,female,616659,746,673.38,624.0,1.0791346153846153,0.12097447697998409
Meta Ads,genero,male,212227,264,230.86,203.0,1.1372413793103449,0.1243951052410862
Meta Ads,genero,unknown,1300,0,1.5,0.0,0.0,0.0
Meta Ads,genero,female,62431,81,80.96,70.0,1.1565714285714286,0.12974323653313258
Meta Ads,genero,male,53757,58,68.44,50.0,1.3688,0.10789292557248358
Meta Ads,genero,unknown,390,0,0.51,0.0,0.0,0.0
Meta Ads,genero,female,71482,56,77.51,33.0,2.348787878787879,0.07834140063232702
Meta Ads,genero,male,49223,42,52.35,33.0,1.5863636363636364,0.08532596550393108
Meta Ads,genero,unknown,326,0,0.32,0.0,0.0,0.0
Meta Ads,genero,female,325535,134,359.24,6.0,59.873333333333335,0.04116300858586634
Meta Ads,genero,male,339412,156,371.42,35.0,10.612,0.04596183988780597
Meta Ads,genero,unknown,2754,0,3.08,0.0,0.0,0.0
Meta Ads,genero,female,78722,126,93.82,80.0,1.17275,0.16005690912324383
Meta Ads,genero,male,105641,74,124.06,41.0,3.0258536585365854,0.07004856069139823
Meta Ads,genero,unknown,931,1,1.06,1.0,1.06,0.10741138560687433
Meta Ads,genero,female,123327,155,142.22,71.0,2.003098591549296,0.12568212962287253
Meta Ads,genero,male,165438,127,190.97,37.0,5.161351351351351,0.07676591835007678
Meta Ads,genero,unknown,1337,1,1.76,0.0,0.0,0.07479431563201197
Meta Ads,genero,female,25681,36,37.89,22.0,1.7222727272727274,0.14018145710836805
Meta Ads,genero,male,33192,50,49.53,26.0,1.905,0.15063870812243915
Meta Ads,genero,unknown,274,0,0.45,0.0,0.0,0.0
Meta Ads,genero,female,54564,73,36.02,72.0,0.5002777777777778,0.13378784546587494
Meta Ads,genero,male,94139,56,58.08,56.0,1.0371428571428571,0.05948650399940513
Meta Ads,genero,unknown,299,0,0.16,0.0,0.0,0.0
Meta Ads,genero,female,719891,965,910.72,749.0,1.2159145527369828,0.13404807116632933
Meta Ads,genero,male,741125,839,931.34,644.0,1.4461801242236025,0.1132062742452353
Meta Ads,genero,unknown,5893,8,8.03,4.0,2.0075,0.13575428474461226
Meta Ads,genero,female,207690,2810,733.03,2400.0,0.30542916666666664,1.352977996051808
Meta Ads,genero,male,79548,1017,263.92,930.0,0.28378494623655914,1.2784733745662997
Meta Ads,genero,unknown,886,12,3.05,11.0,0.2772727272727273,1.3544018058690745
Meta Ads,genero,female,49924,62,58.36,33.0,1.7684848484848485,0.1241887669257271
Meta Ads,genero,male,61503,72,72.19,40.0,1.8047499999999999,0.1170674601238964
Meta Ads,genero,unknown,580,2,0.82,2.0,0.41,0.3448275862068966
Meta Ads,genero,female,61920,47,74.08,30.0,2.469333333333333,0.07590439276485787
Meta Ads,genero,male,68672,42,82.83,25.0,3.3132,0.06116029822926375
Meta Ads,genero,unknown,555,0,0.71,0.0,0.0,0.0
Meta Ads,genero,female,48419,31,61.62,23.0,2.6791304347826084,0.06402445321051653
Meta Ads,genero,male,56357,52,69.01,35.0,1.9717142857142858,0.09226892843834839
Meta Ads,genero,unknown,278,0,0.42,0.0,0.0,0.0
Meta Ads,genero,female,69107,73,81.73,55.0,1.486,0.10563329329879752
Meta Ads,genero,male,63614,61,74.92,43.0,1.7423255813953489,0.09589084163863301
Meta Ads,genero,unknown,458,0,0.47,0.0,0.0,0.0
Meta Ads,genero,female,26216,23,25.13,14.0,1.795,0.08773268233140066
Meta Ads,genero,male,35520,36,34.75,16.0,2.171875,0.10135135135135136
Meta Ads,genero,unknown,257,2,0.26,2.0,0.13,0.7782101167315175
Meta Ads,genero,female,306584,266,347.18,174.0,1.9952873563218392,0.08676251859196826
Meta Ads,genero,male,317629,225,360.28,133.0,2.7088721804511278,0.07083736056846195
Meta Ads,genero,unknown,2391,2,2.57,1.0,2.57,0.0836470096194061
Meta Ads,genero,female,205958,186,253.48,120.0,2.1123333333333334,0.09030967478806358
Meta Ads,genero,male,277676,188,335.7,98.0,3.4255102040816325,0.06770480704129993
Meta Ads,genero,unknown,1849,1,2.15,0.0,0.0,0.05408328826392645
Meta Ads,genero,female,279607,284,317.44,186.0,1.7066666666666666,0.10157113376989847
Meta Ads,genero,male,298858,222,334.52,142.0,2.3557746478873236,0.07428276974349023
Meta Ads,genero,unknown,2001,1,2.0,1.0,2.0,0.04997501249375312
Meta Ads,genero,female,1348728,1372,1787.6,947.0,1.8876451953537485,0.1017254776352237
Meta Ads,genero,male,1575612,1222,2076.68,739.0,2.810121786197564,0.07755716508886705
Meta Ads,genero,unknown,12938,13,16.81,9.0,1.8677777777777775,0.10047920853300356
Meta Ads,genero,female,177230,244,250.72,99.0,2.5325252525252524,0.13767420865541952
Meta Ads,genero,male,174319,252,247.46,121.0,2.045123966942149,0.14456255485632663
Meta Ads,genero,unknown,1372,1,1.82,1.0,1.82,0.0728862973760933
Meta Ads,genero,female,354870,436,464.3,227.0,2.045374449339207,0.12286189308760954
Meta Ads,genero,male,402821,408,519.49,188.0,2.763244680851064,0.10128568272259889
Meta Ads,genero,unknown,3296,7,4.65,1.0,4.65,0.21237864077669902
Meta Ads,genero,female,389616,710,654.05,610.0,1.0722131147540983,0.1822307092111207
Meta Ads,genero,male,220241,339,343.21,290.0,1.1834827586206895,0.1539222942140655
Meta Ads,genero,unknown,1780,2,2.74,2.0,1.37,0.11235955056179776
Meta Ads,genero,female,772866,1311,1235.44,946.0,1.3059619450317126,0.16962837024788255
Meta Ads,genero,male,793034,998,1254.98,730.0,1.7191506849315068,0.1258458023237339
Meta Ads,genero,unknown,6068,11,9.51,8.0,1.18875,0.1812788398154252
Meta Ads,genero,female,211584,172,316.55,108.0,2.9310185185185187,0.08129159104658197
Meta Ads,genero,male,261940,225,386.19,145.0,2.6633793103448276,0.08589753378636329
Meta Ads,genero,unknown,2103,0,3.05,0.0,0.0,0.0
Meta Ads,genero,female,118033,216,178.16,157.0,1.1347770700636943,0.1829996695839299
Meta Ads,genero,male,116633,149,170.68,119.0,1.4342857142857144,0.12775115104644483
Meta Ads,genero,unknown,782,1,1.16,0.0,0.0,0.1278772378516624
Meta Ads,genero,female,14177,22,18.15,15.0,1.21,0.15518092685335402
Meta Ads,genero,male,16389,16,21.35,14.0,1.5250000000000001,0.09762645676978461
Meta Ads,genero,unknown,88,0,0.08,0.0,0.0,0.0
Meta Ads,genero,female,366411,533,438.76,290.0,1.5129655172413792,0.14546506518636176
Meta Ads,genero,male,434879,524,519.07,308.0,1.685292207792208,0.12049328663835228
Meta Ads,genero,unknown,3549,4,4.4,2.0,2.2,0.11270780501549732
Meta Ads,genero,female,783248,669,1027.98,316.0,3.2531012658227847,0.08541355994525361
Meta Ads,genero,male,959793,777,1255.4,344.0,3.649418604651163,0.0809549559123686
Meta Ads,genero,unknown,7718,6,10.57,2.0,5.285,0.07774034724021767
Meta Ads,genero,female,0,0,0.0,0.0,0.0,0.0
Meta Ads,genero,female,133678,3621,736.04,3370.0,0.2184094955489614,2.708747886712847
Meta Ads,genero,male,52687,1270,261.8,1207.0,0.21690140845070424,2.41046178374172
Meta Ads,genero,unknown,411,9,2.04,6.0,0.34,2.18978102189781
Meta Ads,genero,female,97462,89,118.2,64.0,1.846875,0.09131764174755289
Meta Ads,genero,male,103385,68,124.24,39.0,3.1856410256410257,0.06577356483048799
Meta Ads,genero,unknown,799,0,0.92,0.0,0.0,0.0
Meta Ads,genero,female,45169,41,57.08,22.0,2.5945454545454543,0.09077021851269676
Meta Ads,genero,male,52598,60,66.32,29.0,2.2868965517241375,0.11407277843264003
Meta Ads,genero,unknown,330,0,0.38,0.0,0.0,0.0
Meta Ads,genero,female,334836,470,475.35,370.0,1.2847297297297298,0.14036722455172085
Meta Ads,genero,male,302017,377,425.23,308.0,1.3806168831168832,0.12482741037756152
Meta Ads,genero,unknown,2343,5,3.29,4.0,0.8225,0.21340162185232608
Meta Ads,genero,female,136257,155,182.2,115.0,1.5843478260869563,0.11375562356429395
Meta Ads,genero,male,125637,106,163.7,77.0,2.125974025974026,0.0843700502240582
Meta Ads,genero,unknown,894,1,1.19,1.0,1.19,0.11185682326621924
Meta Ads,genero,female,37871,72,47.78,62.0,0.7706451612903226,0.1901190884845924
Meta Ads,genero,male,29190,42,37.35,34.0,1.098529411764706,0.14388489208633093
Meta Ads,genero,unknown,226,0,0.28,0.0,0.0,0.0
Meta Ads,genero,female,175999,236,261.9,172.0,1.522674418604651,0.13409167097540325
Meta Ads,genero,male,157809,180,236.53,146.0,1.620068493150685,0.11406193563104766
Meta Ads,genero,unknown,1065,2,1.53,1.0,1.53,0.18779342723004694
Meta Ads,genero,female,38498,49,57.16,42.0,1.360952380952381,0.12727933918645123
Meta Ads,genero,male,29568,37,44.26,30.0,1.4753333333333332,0.12513528138528138
Meta Ads,genero,unknown,251,1,0.38,1.0,0.38,0.398406374501992
Meta Ads,genero,female,7494,591,65.44,576.0,0.11361111111111111,7.8863090472377895
Meta Ads,genero,male,5758,378,41.63,375.0,0.11101333333333334,6.56477943730462
Meta Ads,genero,unknown,23,5,0.21,4.0,0.0525,21.73913043478261
Meta Ads,genero,female,26081,79,45.59,55.0,0.8289090909090909,0.30290249606993597
Meta Ads,genero,male,29355,68,50.82,47.0,1.0812765957446808,0.23164707886220406
Meta Ads,genero,unknown,186,0,0.4,0.0,0.0,0.0
Meta Ads,genero,female,4309,12,6.22,6.0,1.0366666666666666,0.2784868879090276
Meta Ads,genero,male,3377,6,4.94,3.0,1.6466666666666667,0.17767249037607344
Meta Ads,genero,unknown,36,2,0.06,1.0,0.06,5.555555555555555
Meta Ads,genero,female,88751,136,140.02,116.0,1.2070689655172415,0.15323770999763384
Meta Ads,genero,male,78148,110,121.64,87.0,1.3981609195402298,0.14075856067973588
Meta Ads,genero,unknown,651,1,1.08,1.0,1.08,0.15360983102918588
Meta Ads,genero,female,0,0,0.0,0.0,0.0,0.0
Meta Ads,genero,female,0,0,0.0,0.0,0.0,0.0
Meta Ads,genero,female,72262,70,107.56,51.0,2.109019607843137,0.09686972405967174
Meta Ads,genero,male,65207,54,95.95,38.0,2.525,0.08281319490238778
Meta Ads,genero,unknown,523,1,0.66,1.0,0.66,0.19120458891013384
Meta Ads,genero,female,34072,503,143.87,484.0,0.2972520661157025,1.476285513031228
Meta Ads,genero,male,19586,268,68.39,263.0,0.2600380228136882,1.3683243132849994
Meta Ads,genero,unknown,160,1,0.44,1.0,0.44,0.625
Meta Ads,genero,female,52220,137,69.19,98.0,0.7060204081632653,0.2623515894293374
Meta Ads,genero,male,61924,93,83.31,62.0,1.3437096774193549,0.15018409663458435
Meta Ads,genero,unknown,478,0,0.69,0.0,0.0,0.0
Meta Ads,genero,female,54526,147,78.23,87.0,0.8991954022988506,0.26959615596229325
Meta Ads,genero,male,44959,92,63.98,56.0,1.1424999999999998,0.2046308859182811
Meta Ads,genero,unknown,392,0,0.47,0.0,0.0,0.0
Meta Ads,genero,female,10173,13,16.31,0.0,0.0,0.12778924604344835
Meta Ads,genero,male,4689,10,7.97,0.0,0.0,0.21326508850501172
Meta Ads,genero,unknown,34,0,0.03,0.0,0.0,0.0
Meta Ads,genero,female,184227,183,317.06,125.0,2.53648,0.09933397384748165
Meta Ads,genero,male,181565,164,312.34,91.0,3.432307692307692,0.09032577864676562
Meta Ads,genero,unknown,1501,2,2.29,2.0,1.145,0.13324450366422386
Meta Ads,genero,female,163449,316,253.75,198.0,1.2815656565656566,0.1933324767970437
Meta Ads,genero,male,254318,370,395.74,273.0,1.4495970695970697,0.14548714601404542
Meta Ads,genero,unknown,3797,11,5.32,5.0,1.064,0.28970239662891756
Meta Ads,genero,female,97778,1687,337.5,1145.0,0.29475982532751094,1.7253369878704823
Meta Ads,genero,male,108122,1502,316.97,1133.0,0.2797616946160636,1.3891714914633468
Meta Ads,genero,unknown,1843,22,5.28,19.0,0.27789473684210525,1.1937059142702116
Meta Ads,genero,female,73816,95,125.96,75.0,1.6794666666666667,0.12869838517394602
Meta Ads,genero,male,86817,81,146.22,58.0,2.521034482758621,0.09329969936763537
Meta Ads,genero,unknown,730,0,1.38,0.0,0.0,0.0
Meta Ads,genero,female,36917,35,64.11,25.0,2.5644,0.09480727036324728
Meta Ads,genero,male,34931,30,61.41,20.0,3.0705,0.08588359909535942
Meta Ads,genero,unknown,258,0,0.48,0.0,0.0,0.0
Meta Ads,genero,female,9719,18,65.64,0.0,0.0,0.18520423911925096
Meta Ads,genero,male,6767,11,49.48,1.0,49.48,0.16255356878971478
Meta Ads,genero,unknown,117,0,0.83,0.0,0.0,0.0
Meta Ads,genero,female,243745,262,493.52,206.0,2.3957281553398055,0.10748938439762866
Meta Ads,genero,male,249383,258,502.63,198.0,2.5385353535353534,0.10345532774888423
Meta Ads,genero,unknown,1904,1,3.8,1.0,3.8,0.052521008403361345
Meta Ads,genero,female,260464,420,761.28,306.0,2.487843137254902,0.1612506910743903
Meta Ads,genero,male,252853,311,732.35,224.0,3.269419642857143,0.12299636547717448
Meta Ads,genero,unknown,2296,4,6.37,4.0,1.5925,0.17421602787456447
Meta Ads,genero,female,26723,205,383.81,154.0,2.492272727272727,0.7671294390599858
Meta Ads,genero,male,7397,46,114.53,34.0,3.368529411764706,0.621873732594295
Meta Ads,genero,unknown,120,2,1.62,2.0,0.81,1.6666666666666667
Meta Ads,genero,female,369480,320,492.849545,208.0,2.3694689663461537,0.08660820612753058
Meta Ads,genero,male,321445,271,433.539972,183.0,2.3690708852459017,0.08430680209678172
Meta Ads,genero,unknown,2328,4,2.990483,2.0,1.4952415,0.1718213058419244
Meta Ads,genero,female,548465,949,686.884494,676.0,1.0161013224852071,0.1730283609710738
Meta Ads,genero,male,738442,1035,944.074898,716.0,1.3185403603351955,0.1401599583988993
Meta Ads,genero,unknown,5896,11,7.670609,9.0,0.8522898888888889,0.18656716417910446
Meta Ads,genero,female,212399,6281,902.200016,4000.0,0.225550004,2.957170231498265
Meta Ads,genero,male,181376,4652,733.459439,3213.0,0.2282786924992219,2.5648376852505295
Meta Ads,genero,unknown,998,31,4.470545,20.0,0.22352725,3.106212424849699
Meta Ads,genero,female,73748,83,113.049958,68.0,1.6624993823529413,0.1125454249606769
Meta Ads,genero,male,75555,81,112.609841,66.0,1.706209712121212,0.1072066706372841
Meta Ads,genero,unknown,577,1,0.760201,1.0,0.760201,0.17331022530329288
Meta Ads,genero,female,59986,56,92.066463,39.0,2.3606785384615385,0.09335511619377855
Meta Ads,genero,male,53762,59,81.153327,45.0,1.8034072666666667,0.10974294111082178
Meta Ads,genero,unknown,400,0,0.73021,0.0,0.0,0.0
Meta Ads,genero,female,11921,27,73.908932,3.0,24.636310666666663,0.22649106618572268
Meta Ads,genero,male,7640,8,53.060771,0.0,0.0,0.10471204188481677
Meta Ads,genero,unknown,135,1,0.760298,0.0,0.0,0.7407407407407408
Meta Ads,genero,female,0,0,0.0,0.0,0.0,0.0
Meta Ads,genero,male,0,0,0.0,0.0,0.0,0.0
Meta Ads,genero,female,41391,90,65.714559,64.0,1.026789984375,0.21743857360295715
Meta Ads,genero,male,42123,73,66.425041,50.0,1.32850082,0.17330199653396008
Meta Ads,genero,unknown,359,0,0.5904,0.0,0.0,0.0
Meta Ads,genero,female,36214,83,56.692142,21.0,2.6996258095238095,0.22919312972883416
Meta Ads,genero,male,39922,66,62.407398,28.0,2.2288356428571428,0.16532237863834476
Meta Ads,genero,unknown,327,0,0.50046,0.0,0.0,0.0
Meta Ads,genero,female,90502,116,149.444907,82.0,1.8224988658536585,0.1281739630063424
Meta Ads,genero,male,90966,97,149.374896,71.0,2.1038717746478874,0.10663324758701054
Meta Ads,genero,unknown,737,0,1.180197,0.0,0.0,0.0
Meta Ads,genero,female,173873,203,263.355267,149.0,1.767485013422819,0.11675188212085834
Meta Ads,genero,male,155037,172,234.534691,126.0,1.8613864365079367,0.11094125918329173
Meta Ads,genero,unknown,1238,3,2.100042,1.0,2.100042,0.24232633279483037
Meta Ads,genero,female,182223,225,289.15735,163.0,1.773971472392638,0.12347508272830543
Meta Ads,genero,male,133207,141,209.152549,95.0,2.201605778947368,0.10585029315276225
Meta Ads,genero,unknown,1012,1,1.680101,0.0,0.0,0.09881422924901186
Meta Ads,genero,female,101927,135,131.616583,97.0,1.3568719896907215,0.13244773220049644
Meta Ads,genero,male,52680,46,67.803391,31.0,2.1872061612903226,0.08731966590736523
Meta Ads,genero,unknown,429,0,0.510026,0.0,0.0,0.0
Meta Ads,genero,female,104155,170,154.656187,110.0,1.4059653363636362,0.1632182804474101
Meta Ads,genero,male,63250,113,94.583784,65.0,1.4551351384615383,0.17865612648221343
Meta Ads,genero,unknown,495,0,0.74003,0.0,0.0,0.0
Meta Ads,genero,female,88802,133,116.681673,93.0,1.2546416451612903,0.14977140154501023
Meta Ads,genero,male,63990,104,82.538257,57.0,1.448039596491228,0.16252539459290513
Meta Ads,genero,unknown,439,0,0.70007,0.0,0.0,0.0
Meta Ads,genero,female,141008,220,183.546119,137.0,1.339752693430657,0.15601951662317032
Meta Ads,genero,male,89387,151,115.403847,61.0,1.8918663442622952,0.1689283676597268
Meta Ads,genero,unknown,731,2,1.030034,1.0,1.030034,0.27359781121751026
Meta Ads,genero,female,455334,304,471.415095,155.0,3.0413877096774193,0.06676417750486456
Meta Ads,genero,male,432851,243,448.924852,136.0,3.300918029411765,0.056139410559291766
Meta Ads,genero,unknown,4624,3,4.850052,1.0,4.850052,0.06487889273356401
Meta Ads,genero,female,329070,530,266.717306,362.0,0.736788138121547,0.16105995684808702
Meta Ads,genero,male,418762,521,346.672494,361.0,0.9603116177285318,0.12441434514115417
Meta Ads,genero,unknown,3633,4,3.070199,4.0,0.76754975,0.11010184420589045
Meta Ads,genero,female,70904,2522,295.905867,2031.0,0.14569466617429838,3.5569220354281845
Meta Ads,genero,male,55198,1590,198.014002,1301.0,0.15220138508839354,2.8805391499692017
Meta Ads,genero,unknown,257,6,1.080131,4.0,0.27003275,2.3346303501945527
Meta Ads,genero,female,508665,597,707.735727,112.0,6.319068991071428,0.11736604641561735
Meta Ads,genero,male,700555,895,941.084318,209.0,4.502795779904306,0.12775585071835902
Meta Ads,genero,unknown,5510,10,7.549954,4.0,1.8874885,0.18148820326678766
Meta Ads,genero,female,817807,1002,1601.803586,737.0,2.173410564450475,0.12252279572075074
Meta Ads,genero,male,697311,817,1374.214606,556.0,2.471609003597122,0.11716436425067152
Meta Ads,genero,unknown,10386,10,21.681808,4.0,5.420452,0.09628345850182939
Meta Ads,genero,female,139333,190,161.231002,60.0,2.6871833666666665,0.13636396259321196
Meta Ads,genero,male,170135,156,195.679079,47.0,4.163384659574468,0.09169189173303553
Meta Ads,genero,unknown,1302,1,1.459919,1.0,1.459919,0.07680491551459294
Meta Ads,genero,female,91049,83,105.17,52.0,2.0225,0.09115970521367615
Meta Ads,genero,male,91144,67,104.02,37.0,2.8113513513513513,0.07351005003072061
Meta Ads,genero,unknown,723,0,0.76,0.0,0.0,0.0
Meta Ads,genero,female,208723,208,260.05,7.0,37.15,0.09965360789179918
Meta Ads,genero,male,273427,329,339.12,24.0,14.13,0.12032462046542586
Meta Ads,genero,unknown,2284,5,3.12,0.0,0.0,0.21891418563922943
Meta Ads,genero,female,97470,109,97.43,9.0,10.825555555555557,0.11182928080435005
Meta Ads,genero,male,146459,182,146.5,18.0,8.13888888888889,0.12426685966721061
Meta Ads,genero,unknown,1054,1,1.03,0.0,0.0,0.09487666034155598
Meta Ads,genero,female,21678,17,28.71,10.0,2.871,0.07842051849801643
Meta Ads,genero,male,6964,5,9.28,1.0,9.28,0.07179781734635267
Meta Ads,genero,unknown,50,0,0.07,0.0,0.0,0.0
Meta Ads,genero,female,11808,14,13.38,10.0,1.338,0.11856368563685636
Meta Ads,genero,male,12850,11,14.05,7.0,2.007142857142857,0.08560311284046693
Meta Ads,genero,unknown,125,0,0.16,0.0,0.0,0.0
Meta Ads,genero,female,17499,32,92.33,4.0,23.0825,0.18286759243385337
Meta Ads,genero,male,6107,13,32.48,1.0,32.48,0.2128704765023743
Meta Ads,genero,unknown,109,0,0.59,0.0,0.0,0.0
Meta Ads,genero,female,274893,193,324.71,104.0,3.122211538461538,0.07020913591833913
Meta Ads,genero,male,255722,190,302.56,118.0,2.5640677966101695,0.07429943454219817
Meta Ads,genero,unknown,1969,1,2.56,0.0,0.0,0.050787201625190445
Meta Ads,genero,female,442317,501,565.25,11.0,51.38636363636363,0.11326718168191592
Meta Ads,genero,male,531159,727,670.12,15.0,44.67466666666667,0.136870503935733
Meta Ads,genero,unknown,4479,7,5.83,0.0,0.0,0.15628488501897744
Meta Ads,genero,female,272901,495,292.86,57.0,5.137894736842106,0.1813844581001902
Meta Ads,genero,male,407605,517,439.41,62.0,7.08725806451613,0.12683848333558226
Meta Ads,genero,unknown,2902,3,2.72,0.0,0.0,0.10337698139214334
Meta Ads,genero,female,74672,74,95.12,41.0,2.3200000000000003,0.09910006428112278
Meta Ads,genero,male,44194,38,57.06,20.0,2.853,0.08598452278589853
Meta Ads,genero,unknown,348,0,0.51,0.0,0.0,0.0
Meta Ads,genero,female,48290,48,50.62,33.0,1.533939393939394,0.09939946158624975
Meta Ads,genero,male,58200,39,61.59,18.0,3.421666666666667,0.06701030927835051
Meta Ads,genero,unknown,477,0,0.6,0.0,0.0,0.0
Meta Ads,genero,female,66676,138,360.33,30.0,12.011,0.20697102405663206
Meta Ads,genero,male,49635,71,287.75,10.0,28.775,0.14304422282663443
Meta Ads,genero,unknown,830,4,4.67,0.0,0.0,0.48192771084337355
Meta Ads,genero,female,84468,86,107.2,55.0,1.9490909090909092,0.10181370459819103
Meta Ads,genero,male,72422,49,91.93,26.0,3.535769230769231,0.06765899864682003
Meta Ads,genero,unknown,595,1,0.79,0.0,0.0,0.16806722689075632
Meta Ads,genero,female,48127,45,67.28,33.0,2.038787878787879,0.09350260768383652
Meta Ads,genero,male,22964,32,32.44,25.0,1.2975999999999999,0.13934854554955584
Meta Ads,genero,unknown,193,2,0.22,1.0,0.22,1.0362694300518136
Meta Ads,genero,female,58303,23,68.25,0.0,0.0,0.039449084952746856
Meta Ads,genero,male,31582,19,37.84,1.0,37.84,0.06016085111772529
Meta Ads,genero,unknown,271,0,0.36,0.0,0.0,0.0
Meta Ads,genero,female,88321,186,93.33,65.0,1.4358461538461538,0.21059544162769897
Meta Ads,genero,male,99557,115,105.89,39.0,2.715128205128205,0.11551171690589311
Meta Ads,genero,unknown,874,1,0.78,0.0,0.0,0.11441647597254005
Meta Ads,genero,female,8826,22,11.78,17.0,0.6929411764705882,0.24926353954226152
Meta Ads,genero,male,6854,10,9.84,8.0,1.23,0.14590020426028597
Meta Ads,genero,unknown,45,0,0.07,0.0,0.0,0.0
Meta Ads,genero,female,7537,28,10.2,0.0,0.0,0.371500597054531
Meta Ads,genero,male,19783,61,27.49,3.0,9.163333333333332,0.3083455492089167
Meta Ads,genero,unknown,65,0,0.09,0.0,0.0,0.0
Meta Ads,genero,female,2302,67,20.08,0.0,0.0,2.9105125977410946
Meta Ads,genero,male,2545,42,22.75,1.0,22.75,1.6502946954813358
Meta Ads,genero,unknown,46,0,0.46,0.0,0.0,0.0
Meta Ads,genero,female,9524,15,12.85,0.0,0.0,0.15749685006299874
Meta Ads,genero,male,9236,8,11.92,1.0,11.92,0.08661758336942399
Meta Ads,genero,unknown,85,0,0.1,0.0,0.0,0.0
Meta Ads,genero,female,9089,0,12.73,0.0,0.0,0.0
Meta Ads,genero,male,8897,1,11.53,0.0,0.0,0.011239743733842868
Meta Ads,genero,unknown,73,0,0.09,0.0,0.0,0.0
Meta Ads,genero,female,24482,33,30.13,24.0,1.2554166666666666,0.13479290907605587
Meta Ads,genero,male,28820,22,35.3,9.0,3.922222222222222,0.07633587786259542
Meta Ads,genero,unknown,212,1,0.22,0.0,0.0,0.4716981132075472
Meta Ads,genero,female,215448,175,259.55,116.0,2.2375000000000003,0.08122609632022576
Meta Ads,genero,male,198793,163,239.46,106.0,2.259056603773585,0.08199483885247467
Meta Ads,genero,unknown,1506,0,1.91,0.0,0.0,0.0
Meta Ads,genero,female,151830,290,162.908448,41.0,3.9733767804878046,0.1910030955674109
Meta Ads,genero,male,257927,369,276.601323,55.0,5.0291149636363635,0.14306373508783493
Meta Ads,genero,unknown,1619,1,2.020229,0.0,0.0,0.06176652254478073
Meta Ads,genero,female,69675,20,85.41,0.0,0.0,0.02870470039468963
Meta Ads,genero,male,46527,13,57.65,1.0,57.65,0.02794076557697681
Meta Ads,genero,unknown,368,0,0.44,0.0,0.0,0.0
Meta Ads,genero,female,30552,64,34.5,52.0,0.6634615384615384,0.20947892118355593
Meta Ads,genero,male,23892,38,27.26,31.0,0.8793548387096775,0.1590490540766784
Meta Ads,genero,unknown,173,0,0.15,0.0,0.0,0.0
Meta Ads,genero,female,13009,30,14.49,1.0,14.49,0.2306095779844723
Meta Ads,genero,male,19118,34,20.54,1.0,20.54,0.1778428705931583
Meta Ads,genero,unknown,148,0,0.11,0.0,0.0,0.0
Meta Ads,genero,female,3167,43,18.329101,1.0,18.329101,1.3577518155983581
Meta Ads,genero,male,3678,41,21.61073,0.0,0.0,1.1147362697118
Meta Ads,genero,unknown,60,1,0.340169,0.0,0.0,1.6666666666666667
Meta Ads,genero,female,104386,177,129.824114,3.0,43.27470466666667,0.16956296821412833
Meta Ads,genero,male,147238,180,184.125834,11.0,16.738712181818183,0.12225104932150667
Meta Ads,genero,unknown,1245,1,1.640052,0.0,0.0,0.08032128514056225
Meta Ads,genero,female,97641,35,120.404486,1.0,120.404486,0.03584559764852879
Meta Ads,genero,male,118706,32,147.055479,0.0,0.0,0.026957356831162703
Meta Ads,genero,unknown,711,0,0.920034,0.0,0.0,0.0
Meta Ads,genero,female,624286,694,819.554268,497.0,1.649002551307847,0.11116699717757567
Meta Ads,genero,male,692044,704,897.535625,455.0,1.9726057692307692,0.10172763581506378
Meta Ads,genero,unknown,4925,3,6.130107,1.0,6.130107,0.06091370558375635
Meta Ads,genero,female,369005,217,536.134638,40.0,13.40336595,0.058806791235891116
Meta Ads,genero,male,316734,303,460.185398,37.0,12.43744318918919,0.09566386936672412
Meta Ads,genero,unknown,2417,3,3.599964,0.0,0.0,0.12412081092263137
Meta Ads,genero,female,93190,149,122.04,9.0,13.56,0.15988840004292304
Meta Ads,genero,male,86458,90,113.93,5.0,22.786,0.10409678687917834
Meta Ads,genero,unknown,715,2,1.02,0.0,0.0,0.27972027972027974
Meta Ads,genero,female,69163,70,91.59,55.0,1.6652727272727272,0.10121018463629397
Meta Ads,genero,male,64374,70,87.9,54.0,1.627777777777778,0.10873955323577843
Meta Ads,genero,unknown,559,0,0.69,0.0,0.0,0.0
Meta Ads,genero,female,128245,53,174.365018,11.0,15.851365272727271,0.04132714725720301
Meta Ads,genero,male,128279,42,174.555013,2.0,87.2775065,0.03274113455826753
Meta Ads,genero,unknown,842,0,1.069969,0.0,0.0,0.0
Meta Ads,genero,female,29394,14,41.58,5.0,8.315999999999999,0.04762876777573655
Meta Ads,genero,male,21158,14,29.92,1.0,29.92,0.06616882503072123
Meta Ads,genero,unknown,200,1,0.31,0.0,0.0,0.5
Meta Ads,genero,female,44985,59,63.88,3.0,21.293333333333333,0.13115482938757364
Meta Ads,genero,male,25783,28,36.94,0.0,0.0,0.10859868905868209
Meta Ads,genero,unknown,226,0,0.29,0.0,0.0,0.0
Meta Ads,genero,female,32617,64,46.353325,1.0,46.353325,0.19621669681454457
Meta Ads,genero,male,65403,200,92.186725,3.0,30.728908333333333,0.3057963701970858
Meta Ads,genero,unknown,312,0,0.34995,0.0,0.0,0.0
Meta Ads,genero,female,73247,59,105.125794,3.0,35.04193133333333,0.08054937403579669
Meta Ads,genero,male,100523,67,143.384263,5.0,28.6768526,0.06665141310943765
Meta Ads,genero,unknown,870,0,1.439942,0.0,0.0,0.0
Meta Ads,genero,female,37223,15,52.195055,0.0,0.0,0.04029766542191656
Meta Ads,genero,male,34953,21,50.454886,1.0,50.454886,0.06008067976997683
Meta Ads,genero,unknown,430,1,0.610059,0.0,0.0,0.23255813953488372
Meta Ads,genero,female,24073,21,35.133937,2.0,17.5669685,0.08723466123873219
Meta Ads,genero,male,15201,17,22.626096,0.0,0.0,0.11183474771396618
Meta Ads,genero,unknown,124,0,0.189967,0.0,0.0,0.0
Meta Ads,genero,female,7041,9,32.54,3.0,10.846666666666666,0.1278227524499361
Meta Ads,genero,male,3992,5,21.45,0.0,0.0,0.125250501002004
Meta Ads,genero,unknown,69,0,0.56,0.0,0.0,0.0
Meta Ads,genero,female,27176,30,38.076173,0.0,0.0,0.11039152193111569
Meta Ads,genero,male,42718,66,61.043865,2.0,30.5219325,0.15450161524415937
Meta Ads,genero,unknown,270,0,0.379962,0.0,0.0,0.0
Meta Ads,genero,female,26530,614,123.34,563.0,0.21907637655417408,2.314361100640784
Meta Ads,genero,male,23853,497,98.84,461.0,0.21440347071583515,2.0835953548819854
Meta Ads,genero,unknown,180,4,0.56,4.0,0.14,2.2222222222222223
Meta Ads,genero,female,626,2,9.55,2.0,4.775,0.3194888178913738
Meta Ads,genero,male,367,4,5.96,3.0,1.9866666666666666,1.08991825613079
Meta Ads,genero,unknown,4,0,0.03,0.0,0.0,0.0
Meta Ads,genero,female,113357,136,190.701221,83.0,2.297605072289157,0.11997494640825004
Meta Ads,genero,male,51171,53,73.828859,32.0,2.30715184375,0.10357429012526627
Meta Ads,genero,unknown,336,0,0.52992,0.0,0.0,0.0
Meta Ads,genero,female,19195,40,28.72647,2.0,14.363235,0.20838760093774422
Meta Ads,genero,male,34795,52,52.273577,1.0,52.273577,0.14944675959189538
Meta Ads,genero,unknown,274,0,0.379953,0.0,0.0,0.0
Meta Ads,genero,female,5318,5,7.82,3.0,2.606666666666667,0.0940203083866115
Meta Ads,genero,male,358,0,0.54,0.0,0.0,0.0
Meta Ads,genero,unknown,5,0,0.0,0.0,0.0,0.0
Meta Ads,genero,female,217559,185,274.87,122.0,2.253032786885246,0.08503440446039924
Meta Ads,genero,male,224065,169,286.19,111.0,2.5782882882882885,0.07542454198558454
Meta Ads,genero,unknown,1680,0,2.09,0.0,0.0,0.0
Meta Ads,genero,female,25929,22,34.06,13.0,2.62,0.08484708241737052
Meta Ads,genero,male,30572,24,39.91,18.0,2.217222222222222,0.07850320554755985
Meta Ads,genero,unknown,191,0,0.21,0.0,0.0,0.0
Meta Ads,genero,female,31136,37,36.034181,0.0,0.0,0.11883350462487154
Meta Ads,genero,male,22135,9,25.735844,0.0,0.0,0.04065958888637904
Meta Ads,genero,unknown,191,0,0.149976,0.0,0.0,0.0
Meta Ads,genero,female,30741,34,35.47,0.0,0.0,0.11060147685501448
Meta Ads,genero,male,48135,66,56.14,0.0,0.0,0.13711436584605796
Meta Ads,genero,unknown,269,0,0.27,0.0,0.0,0.0
Meta Ads,genero,female,60381,51,70.19,2.0,35.095,0.08446365578576043
Meta Ads,genero,male,65057,49,75.7,3.0,25.233333333333334,0.07531856679527184
Meta Ads,genero,unknown,614,0,0.78,0.0,0.0,0.0
Meta Ads,genero,female,70156,87,80.7,0.0,0.0,0.12400935059011346
Meta Ads,genero,male,104479,99,119.03,1.0,119.03,0.0947558839575417
Meta Ads,genero,unknown,630,2,0.73,0.0,0.0,0.31746031746031744
Meta Ads,genero,female,159115,3356,611.287489,3106.0,0.19680859272376047,2.1091663262420264
Meta Ads,genero,male,108530,1915,363.392563,1724.0,0.2107845493039443,1.7644890813599927
Meta Ads,genero,unknown,802,13,2.509949,9.0,0.2788832222222222,1.6209476309226933
Meta Ads,genero,female,13188,5,16.89,0.0,0.0,0.03791325447376403
Meta Ads,genero,male,13715,3,17.92,0.0,0.0,0.02187386073641998
Meta Ads,genero,unknown,83,0,0.11,0.0,0.0,0.0
Meta Ads,genero,female,80675,159,92.69,75.0,1.2358666666666667,0.19708707778122095
Meta Ads,genero,male,105483,138,124.87,64.0,1.95109375,0.1308267682944171
Meta Ads,genero,unknown,898,3,1.05,1.0,1.05,0.33407572383073497
Meta Ads,genero,female,59178,19,71.503593,0.0,0.0,0.03210652607387881
Meta Ads,genero,male,34385,7,39.816433,1.0,39.816433,0.020357714119528865
Meta Ads,genero,unknown,278,0,0.289974,0.0,0.0,0.0
Meta Ads,genero,female,377242,3349,721.587216,3790.0,0.19039240527704485,0.8877590512191114
Meta Ads,genero,male,116811,1283,274.562746,1373.0,0.19997286671522213,1.0983554630985095
Meta Ads,genero,unknown,1721,14,3.790038,14.0,0.270717,0.8134805345729227
Meta Ads,genero,female,105267,37,143.575747,0.0,0.0,0.03514871707182688
Meta Ads,genero,male,78115,23,105.564226,0.0,0.0,0.029443768802406706
Meta Ads,genero,unknown,504,0,0.680027,0.0,0.0,0.0
Meta Ads,genero,female,111132,44,152.3,0.0,0.0,0.03959255659935932
Meta Ads,genero,male,105887,35,146.7,1.0,146.7,0.03305410484762057
Meta Ads,genero,unknown,765,1,0.95,0.0,0.0,0.130718954248366
Meta Ads,genero,female,39528,44,72.26,31.0,2.330967741935484,0.11131349929164136
Meta Ads,genero,male,31998,38,57.95,27.0,2.1462962962962964,0.11875742233889619
Meta Ads,genero,unknown,278,0,0.48,0.0,0.0,0.0
Meta Ads,genero,female,13367,576,63.78,543.0,0.11745856353591161,4.309119473329842
Meta Ads,genero,male,14453,679,63.67,642.0,0.09917445482866044,4.697986577181208
Meta Ads,genero,unknown,102,4,0.34,3.0,0.11333333333333334,3.9215686274509802
Meta Ads,genero,female,26833,16,43.575013,0.0,0.0,0.05962806991391198
Meta Ads,genero,male,26230,4,42.914937,1.0,42.914937,0.015249714067861228
Meta Ads,genero,unknown,212,0,0.440051,0.0,0.0,0.0
Meta Ads,genero,female,15376,12,29.91,8.0,3.73875,0.07804370447450572
Meta Ads,genero,male,10398,12,19.98,8.0,2.4975,0.1154068090017311
Meta Ads,genero,unknown,80,0,0.12,0.0,0.0,0.0
Meta Ads,genero,female,5106,12,10.05,10.0,1.0050000000000001,0.23501762632197415
Meta Ads,genero,male,3513,5,7.14,4.0,1.785,0.14232849416453175
Meta Ads,genero,unknown,38,1,0.1,1.0,0.1,2.631578947368421
Meta Ads,genero,female,78016,54,114.25,38.0,3.0065789473684212,0.06921657095980312
Meta Ads,genero,male,82589,52,121.84,25.0,4.8736,0.06296237997796317
Meta Ads,genero,unknown,691,0,1.04,0.0,0.0,0.0
Meta Ads,genero,female,95676,88,154.6,63.0,2.4539682539682537,0.09197708934319997
Meta Ads,genero,male,79900,79,130.04,56.0,2.322142857142857,0.09887359198998749
Meta Ads,genero,unknown,651,0,0.94,0.0,0.0,0.0
Meta Ads,genero,female,24679,1048,116.7,1012.0,0.11531620553359684,4.24652538595567
Meta Ads,genero,male,38068,1753,184.1,1709.0,0.10772381509654769,4.604917516023957
Meta Ads,genero,unknown,163,10,0.7,10.0,0.06999999999999999,6.134969325153374
Meta Ads,genero,female,61577,21,90.8,1.0,90.8,0.03410364259382562
Meta Ads,genero,male,66892,16,99.02,2.0,49.51,0.023919153261974527
Meta Ads,genero,unknown,548,0,0.76,0.0,0.0,0.0
Meta Ads,genero,female,264821,317,383.43,248.0,1.5460887096774194,0.11970349783438626
Meta Ads,genero,male,312652,392,436.96,340.0,1.2851764705882351,0.1253790156467894
Meta Ads,genero,unknown,2189,1,2.91,1.0,2.91,0.04568296025582458
Meta Ads,genero,female,91914,48,140.63,0.0,0.0,0.05222272994320778
Meta Ads,genero,male,89956,36,135.88,0.0,0.0,0.04001956512072569
Meta Ads,genero,unknown,815,0,1.12,0.0,0.0,0.0
Meta Ads,genero,female,74771,73,119.7,54.0,2.216666666666667,0.09763143464712254
Meta Ads,genero,male,84334,77,134.96,56.0,2.41,0.09130362605829202
Meta Ads,genero,unknown,690,0,1.13,0.0,0.0,0.0
Meta Ads,genero,female,440730,559,624.66,454.0,1.3759030837004405,0.12683502371066185
Meta Ads,genero,male,197223,241,275.42,202.0,1.3634653465346536,0.12219670119610795
Meta Ads,genero,unknown,1121,0,1.5,0.0,0.0,0.0
Meta Ads,genero,female,16338,16,27.28,9.0,3.031111111111111,0.09793120332966092
Meta Ads,genero,male,17537,6,29.2,4.0,7.3,0.034213377430575356
Meta Ads,genero,unknown,127,0,0.26,0.0,0.0,0.0
Meta Ads,genero,female,65270,53,115.39,30.0,3.8463333333333334,0.08120116439405546
Meta Ads,genero,male,54031,55,95.03,33.0,2.87969696969697,0.1017934148914512
Meta Ads,genero,unknown,485,2,0.85,2.0,0.425,0.4123711340206186
Meta Ads,genero,female,51826,42,91.28,30.0,3.042666666666667,0.08104040443020877
Meta Ads,genero,male,66992,57,118.31,35.0,3.3802857142857143,0.08508478624313351
Meta Ads,genero,unknown,514,0,0.91,0.0,0.0,0.0
Meta Ads,genero,female,63418,57,113.12,25.0,4.5248,0.0898798448390047
Meta Ads,genero,male,54314,49,96.8,16.0,6.05,0.09021615053209117
Meta Ads,genero,unknown,456,1,0.75,0.0,0.0,0.21929824561403508
Meta Ads,genero,female,57740,58,103.63,40.0,2.59075,0.10045029442327674
Meta Ads,genero,male,58904,72,106.07,40.0,2.65175,0.12223278554936846
Meta Ads,genero,unknown,533,0,1.14,0.0,0.0,0.0
Meta Ads,genero,female,60787,95,112.28,62.0,1.810967741935484,0.15628341586194416
Meta Ads,genero,male,61701,62,111.15,39.0,2.85,0.10048459506328908
Meta Ads,genero,unknown,605,1,1.12,0.0,0.0,0.1652892561983471
Meta Ads,genero,female,93969,106,177.28,62.0,2.8593548387096774,0.1128031584884377
Meta Ads,genero,male,84553,80,160.33,56.0,2.8630357142857146,0.09461521176067082
Meta Ads,genero,unknown,705,1,1.22,1.0,1.22,0.14184397163120568
Meta Ads,genero,female,15427,23,29.3,15.0,1.9533333333333334,0.14908925909120374
Meta Ads,genero,male,19358,34,36.06,21.0,1.7171428571428573,0.17563797913007542
Meta Ads,genero,unknown,151,0,0.32,0.0,0.0,0.0
Meta Ads,genero,female,491,20,3.06,9.0,0.34,4.0733197556008145
Meta Ads,genero,male,54,2,0.24,2.0,0.12,3.7037037037037033
Meta Ads,genero,unknown,4,0,0.01,0.0,0.0,0.0
Meta Ads,genero,female,138672,244,228.34,175.0,1.3048,0.1759547709703473
Meta Ads,genero,male,215861,327,355.51,242.0,1.4690495867768594,0.15148637317533042
Meta Ads,genero,unknown,3314,6,4.99,4.0,1.2475,0.18105009052504525
Meta Ads,genero,female,855,3,1.3,2.0,0.65,0.3508771929824561
Meta Ads,genero,male,1199,6,2.14,4.0,0.535,0.5004170141784821
Meta Ads,genero,unknown,8,0,0.03,0.0,0.0,0.0
Meta Ads,genero,female,73140,1943,421.33,1415.0,0.29775971731448764,2.6565490839485917
Meta Ads,genero,male,59647,852,242.78,695.0,0.34932374100719427,1.4284037755461296
Meta Ads,genero,unknown,837,14,4.81,12.0,0.4008333333333333,1.6726403823178015
Meta Ads,genero,female,29058,34,51.47,23.0,2.2378260869565216,0.11700736458118245
Meta Ads,genero,male,15941,17,28.21,11.0,2.5645454545454545,0.10664324697321373
Meta Ads,genero,unknown,149,0,0.31,0.0,0.0,0.0
Meta Ads,genero,female,127738,142,241.08,85.0,2.8362352941176474,0.11116504094318058
Meta Ads,genero,male,117783,114,223.97,72.0,3.1106944444444444,0.09678816127964138
Meta Ads,genero,unknown,912,2,1.61,0.0,0.0,0.21929824561403508
Meta Ads,genero,female,38071,46,67.53,35.0,1.9294285714285715,0.12082687609991857
Meta Ads,genero,male,45219,56,81.68,38.0,2.1494736842105264,0.12384174793781376
Meta Ads,genero,unknown,424,1,0.76,1.0,0.76,0.2358490566037736
Meta Ads,genero,female,7466,36,77.02,27.0,2.8525925925925923,0.4821859094562015
Meta Ads,genero,male,2249,19,22.74,9.0,2.5266666666666664,0.8448199199644287
Meta Ads,genero,unknown,29,0,0.24,0.0,0.0,0.0
Meta Ads,genero,female,31970,22,57.19,13.0,4.399230769230769,0.06881451360650609
Meta Ads,genero,male,27315,26,49.31,10.0,4.931,0.09518579535053999
Meta Ads,genero,unknown,177,1,0.18,1.0,0.18,0.5649717514124294
Meta Ads,genero,female,254221,83,512.07,22.0,23.275909090909092,0.03264875836378584
Meta Ads,genero,male,240092,84,483.4,21.0,23.01904761904762,0.034986588474418136
Meta Ads,genero,unknown,2330,2,4.53,1.0,4.53,0.08583690987124463
Meta Ads,genero,female,17477,6,33.28,0.0,0.0,0.034330834811466496
Meta Ads,genero,male,17559,7,33.33,0.0,0.0,0.03986559599066006
Meta Ads,genero,unknown,118,0,0.23,0.0,0.0,0.0
Meta Ads,genero,female,48627,58,93.27,40.0,2.33175,0.11927529973060234
Meta Ads,genero,male,55395,56,105.79,37.0,2.8591891891891894,0.1010921563317989
Meta Ads,genero,unknown,485,0,0.92,0.0,0.0,0.0
Meta Ads,genero,female,34249,43,92.7,27.0,3.4333333333333336,0.12555111098134253
Meta Ads,genero,male,38069,47,102.39,40.0,2.55975,0.12346003309779612
Meta Ads,genero,unknown,235,0,0.73,0.0,0.0,0.0
Meta Ads,genero,female,12020,15,24.16,11.0,2.1963636363636363,0.12479201331114809
Meta Ads,genero,male,11664,8,22.47,5.0,4.494,0.06858710562414265
Meta Ads,genero,unknown,101,0,0.14,0.0,0.0,0.0
Meta Ads,genero,female,70293,159,141.37,107.0,1.321214953271028,0.22619606504203832
Meta Ads,genero,male,66201,87,131.93,59.0,2.2361016949152543,0.13141795441156479
Meta Ads,genero,unknown,442,0,1.04,0.0,0.0,0.0
Meta Ads,genero,female,402054,1101,1118.02,534.0,2.093670411985019,0.2738438120252503
Meta Ads,genero,male,311450,936,875.23,397.0,2.204609571788413,0.30052978006100495
Meta Ads,genero,unknown,2417,10,6.75,3.0,2.25,0.4137360364087712
Meta Ads,genero,female,19651,21,39.96,17.0,2.3505882352941176,0.10686479059589843
Meta Ads,genero,male,22961,26,47.54,21.0,2.263809523809524,0.11323548625930925
Meta Ads,genero,unknown,197,0,0.53,0.0,0.0,0.0
Meta Ads,genero,female,1066,7,33.96,2.0,16.98,0.6566604127579738
Meta Ads,genero,male,1205,11,37.88,7.0,5.411428571428572,0.9128630705394192
Meta Ads,genero,unknown,10,0,0.16,0.0,0.0,0.0
Meta Ads,genero,female,126506,122,164.646,88.0,1.8709772727272727,0.09643811360725973
Meta Ads,genero,male,82174,78,108.913814,52.0,2.094496423076923,0.09492053447562489
Meta Ads,genero,unknown,569,0,0.850186,0.0,0.0,0.0
Meta Ads,genero,female,112417,121,146.656605,88.0,1.6665523295454547,0.10763496624176058
Meta Ads,genero,male,97509,95,128.213259,64.0,2.003332171875,0.0974269041832036
Meta Ads,genero,unknown,607,1,0.750136,1.0,0.750136,0.16474464579901155
Meta Ads,genero,female,113761,137,155.959867,82.0,1.9019495975609757,0.12042791466319741
Meta Ads,genero,male,83987,85,116.979903,51.0,2.2937235882352938,0.10120613904532844
Meta Ads,genero,unknown,611,1,0.90023,1.0,0.90023,0.16366612111292964
Meta Ads,genero,female,39047,59,61.255551,40.0,1.531388775,0.15109995646272442
Meta Ads,genero,male,35079,33,56.464335,28.0,2.0165833928571426,0.09407337723424271
Meta Ads,genero,unknown,284,1,0.450114,1.0,0.450114,0.35211267605633806
Meta Ads,genero,female,65623,87,110.717355,59.0,1.8765653389830508,0.13257546896667327
Meta Ads,genero,male,53744,65,91.082504,45.0,2.0240556444444446,0.12094373325394464
Meta Ads,genero,unknown,412,0,0.570141,0.0,0.0,0.0
Meta Ads,genero,female,357748,786,434.513786,461.0,0.9425461735357917,0.2197077272269866
Meta Ads,genero,male,435243,702,530.485666,413.0,1.2844689249394674,0.16128921085462605
Meta Ads,genero,unknown,3422,1,4.430548,0.0,0.0,0.029222676797194622
Meta Ads,genero,female,114254,5368,536.2094,2671.0,0.2007523025084238,4.698303779298755
Meta Ads,genero,male,91983,3128,374.080274,1675.0,0.22333150686567163,3.4006283769827035
Meta Ads,genero,unknown,411,14,1.350326,9.0,0.1500362222222222,3.40632603406326
Meta Ads,genero,female,62524,78,103.312371,49.0,2.1084157346938777,0.12475209519544495
Meta Ads,genero,male,53200,51,87.567438,32.0,2.7364824375,0.09586466165413535
Meta Ads,genero,unknown,378,1,0.610191,0.0,0.0,0.26455026455026454
Meta Ads,genero,female,22779,25,36.292542,19.0,1.910133789473684,0.10975020852539621
Meta Ads,genero,male,17479,9,27.897328,6.0,4.649554666666667,0.05149035986040391
Meta Ads,genero,unknown,132,0,0.210131,0.0,0.0,0.0
Meta Ads,genero,female,1403,0,2.34,0.0,0.0,0.0
Meta Ads,genero,male,1448,0,2.19,0.0,0.0,0.0
Meta Ads,genero,unknown,8,0,0.01,0.0,0.0,0.0
Meta Ads,genero,female,160607,255,255.136468,161.0,1.5846985590062113,0.15877265623540693
Meta Ads,genero,male,146994,158,242.263115,99.0,2.4471021717171717,0.10748738043729676
Meta Ads,genero,unknown,948,1,1.600417,0.0,0.0,0.10548523206751054
Meta Ads,genero,female,30111,37,48.531844,25.0,1.94127376,0.12287868220915944
Meta Ads,genero,male,24729,26,39.987998,23.0,1.738608608695652,0.10513971450523676
Meta Ads,genero,unknown,196,0,0.350158,0.0,0.0,0.0
Meta Ads,genero,female,43157,95,81.625394,63.0,1.2956411746031746,0.22012651481799014
Meta Ads,genero,male,37123,47,69.294579,33.0,2.099835727272727,0.12660614713250545
Meta Ads,genero,unknown,285,0,0.410027,0.0,0.0,0.0
Meta Ads,genero,female,114925,141,201.743868,99.0,2.0378168484848485,0.12268871002827932
Meta Ads,genero,male,119769,156,208.635708,107.0,1.949866429906542,0.1302507326603712
Meta Ads,genero,unknown,942,0,1.590425,0.0,0.0,0.0
Meta Ads,genero,female,3976,43,88.294883,32.0,2.75921509375,1.0814889336016096
Meta Ads,genero,male,4115,30,89.145026,16.0,5.571564125,0.7290400972053462
Meta Ads,genero,unknown,42,0,0.540091,0.0,0.0,0.0
Meta Ads,genero,female,91031,135,151.685398,86.0,1.7637836976744186,0.1483011281871011
Meta Ads,genero,male,87952,97,146.874275,71.0,2.0686517605633803,0.11028742950700383
Meta Ads,genero,unknown,757,2,1.400327,1.0,1.400327,0.26420079260237783
Meta Ads,genero,female,153655,207,270.847919,173.0,1.5655949075144509,0.13471738635254304
Meta Ads,genero,male,128658,141,227.291821,114.0,1.993787903508772,0.10959287413141819
Meta Ads,genero,unknown,1199,2,1.850259,1.0,1.850259,0.16680567139282734
Meta Ads,genero,female,30832,30,53.619978,24.0,2.2341657500000003,0.09730150492994291
Meta Ads,genero,male,30754,25,52.930107,17.0,3.1135357058823527,0.08129023866814072
Meta Ads,genero,unknown,257,0,0.449916,0.0,0.0,0.0
Meta Ads,genero,female,24004,27,41.61,19.0,2.19,0.11248125312447925
Meta Ads,genero,male,4872,7,8.28,7.0,1.1828571428571428,0.14367816091954022
Meta Ads,genero,unknown,36,0,0.04,0.0,0.0,0.0
Meta Ads,genero,female,30487,51,46.825856,42.0,1.1149013333333333,0.16728441630859053
Meta Ads,genero,male,20755,27,32.844108,25.0,1.31376432,0.13008913514815706
Meta Ads,genero,unknown,193,1,0.290036,1.0,0.290036,0.5181347150259068
Meta Ads,genero,female,28184,56,42.93,35.0,1.2265714285714286,0.19869429463525404
Meta Ads,genero,male,23532,29,36.65,23.0,1.5934782608695652,0.12323644399116096
Meta Ads,genero,unknown,197,0,0.38,0.0,0.0,0.0
Meta Ads,genero,female,31620,27,44.86,24.0,1.8691666666666666,0.08538899430740038
Meta Ads,genero,male,23770,18,34.86,15.0,2.324,0.07572570466975179
Meta Ads,genero,unknown,213,0,0.27,0.0,0.0,0.0
Meta Ads,genero,female,50989,69,76.72,57.0,1.3459649122807018,0.13532330502657436
Meta Ads,genero,male,46808,44,72.59,35.0,2.0740000000000003,0.09400102546573236
Meta Ads,genero,unknown,415,1,0.68,0.0,0.0,0.24096385542168677
Meta Ads,genero,female,48851,72,54.58,52.0,1.0496153846153846,0.14738695216065179
Meta Ads,genero,male,31961,38,36.06,29.0,1.243448275862069,0.11889490316323019
Meta Ads,genero,unknown,249,1,0.3,0.0,0.0,0.4016064257028112
Meta Ads,genero,female,175887,161,181.13,111.0,1.6318018018018017,0.09153604302762569
Meta Ads,genero,male,122781,94,126.48,65.0,1.945846153846154,0.07655907673011296
Meta Ads,genero,unknown,1283,3,1.33,1.0,1.33,0.23382696804364772
Meta Ads,genero,female,155244,125,161.430943,92.0,1.7546841630434784,0.08051840972920049
Meta Ads,genero,male,141874,114,145.608891,77.0,1.8910245584415584,0.08035298927217108
Meta Ads,genero,unknown,1100,0,1.280166,0.0,0.0,0.0
Meta Ads,genero,female,153946,153,166.055375,106.0,1.566560141509434,0.09938549881127148
Meta Ads,genero,male,130687,111,141.704587,80.0,1.7713073375000001,0.08493576254715465
Meta Ads,genero,unknown,1112,2,1.170038,2.0,0.585019,0.1798561151079137
Meta Ads,genero,female,191320,335,151.522865,147.0,1.0307677891156461,0.1750993100564499
Meta Ads,genero,male,251372,318,200.076988,114.0,1.755061298245614,0.12650573651798927
Meta Ads,genero,unknown,2178,2,1.730147,2.0,0.8650735,0.09182736455463728
Meta Ads,genero,female,56142,2738,161.366154,1087.0,0.14845092364305426,4.876919240497311
Meta Ads,genero,male,38797,1403,100.283824,683.0,0.146828439238653,3.616258989097095
Meta Ads,genero,unknown,183,14,0.580022,7.0,0.08286028571428572,7.650273224043716
Meta Ads,genero,female,76643,77,67.165356,53.0,1.2672708679245284,0.10046579596310165
Meta Ads,genero,male,65763,54,57.56459,36.0,1.5990163888888889,0.08211304228821678
Meta Ads,genero,unknown,634,0,0.670053,0.0,0.0,0.0
Meta Ads,genero,female,36410,44,25.62,33.0,0.7763636363636364,0.12084592145015105
Meta Ads,genero,male,31141,36,22.1,22.0,1.0045454545454546,0.1156032240454706
Meta Ads,genero,unknown,267,0,0.19,0.0,0.0,0.0
Meta Ads,genero,female,188247,130,262.955801,8.0,32.869475125,0.06905820544284903
Meta Ads,genero,male,169562,133,232.923997,4.0,58.23099925,0.07843738573501138
Meta Ads,genero,unknown,2204,4,3.360202,0.0,0.0,0.18148820326678766
Meta Ads,genero,female,736098,970,1579.810944,735.0,2.1494026448979593,0.13177593200905316
Meta Ads,genero,male,648531,713,1391.767739,539.0,2.5821293858998144,0.10994077384118878
Meta Ads,genero,unknown,8668,9,18.751317,7.0,2.6787595714285715,0.10383017997231195
Meta Ads,genero,female,117570,217,176.974986,122.0,1.4506146393442623,0.18457089393552778
Meta Ads,genero,male,115837,216,174.765048,116.0,1.5065952413793104,0.1864689175306681
Meta Ads,genero,unknown,699,0,1.189966,0.0,0.0,0.0
Meta Ads,genero,female,195085,348,263.125457,170.0,1.5477968058823528,0.17838378142860803
Meta Ads,genero,male,160493,217,217.194504,136.0,1.597018411764706,0.1352083891509287
Meta Ads,genero,unknown,1397,2,1.900039,1.0,1.900039,0.14316392269148173
Meta Ads,genero,female,236051,550,324.663708,271.0,1.1980210627306274,0.23300049565559985
Meta Ads,genero,male,196516,340,271.116395,185.0,1.4654940270270271,0.17301390217590426
Meta Ads,genero,unknown,1493,2,2.069896,1.0,2.069896,0.13395847287340923
Meta Ads,genero,female,15860,68,74.895018,28.0,2.6748220714285713,0.4287515762925599
Meta Ads,genero,male,5576,13,24.84503,3.0,8.281676666666668,0.23314203730272595
Meta Ads,genero,unknown,44,0,0.239952,0.0,0.0,0.0
Meta Ads,genero,female,114761,141,145.72,105.0,1.3878095238095238,0.12286403917707235
Meta Ads,genero,male,125417,108,160.58,75.0,2.1410666666666667,0.08611272793959351
Meta Ads,genero,unknown,958,0,1.31,0.0,0.0,0.0
Meta Ads,genero,female,107270,230,139.97,58.0,2.4132758620689656,0.21441223081942762
Meta Ads,genero,male,111226,200,148.22,56.0,2.646785714285714,0.17981407224929424
Meta Ads,genero,unknown,934,3,1.11,0.0,0.0,0.32119914346895073
Meta Ads,genero,female,192390,304,274.165014,16.0,17.135313375,0.15801237070533813
Meta Ads,genero,male,192235,203,273.345029,4.0,68.33625725,0.10559991676853851
Meta Ads,genero,unknown,1499,1,2.379957,0.0,0.0,0.06671114076050699
Meta Ads,genero,female,34827,25,42.42,19.0,2.2326315789473683,0.0717833864530393
Meta Ads,genero,male,23239,11,27.34,8.0,3.4175,0.047334222642970866
Meta Ads,genero,unknown,180,0,0.21,0.0,0.0,0.0
Meta Ads,genero,female,29541,35,35.59,29.0,1.227241379310345,0.11847940150976609
Meta Ads,genero,male,28405,28,34.18,18.0,1.8988888888888888,0.09857419468403451
Meta Ads,genero,unknown,195,0,0.17,0.0,0.0,0.0
Meta Ads,genero,female,28408,40,34.62,20.0,1.7309999999999999,0.14080540692762603
Meta Ads,genero,male,28027,30,34.87,22.0,1.585,0.10703964034680843
Meta Ads,genero,unknown,225,0,0.4,0.0,0.0,0.0
Meta Ads,genero,female,46663,66,67.87,48.0,1.4139583333333334,0.14143968454664296
Meta Ads,genero,male,48345,68,69.4,42.0,1.6523809523809525,0.14065570379563555
Meta Ads,genero,unknown,272,1,0.41,1.0,0.41,0.3676470588235294
Meta Ads,genero,female,70200,106,93.68,63.0,1.486984126984127,0.150997150997151
Meta Ads,genero,male,62095,72,80.71,38.0,2.1239473684210526,0.11595136484419036
Meta Ads,genero,unknown,429,0,0.6,0.0,0.0,0.0
Meta Ads,genero,female,151426,202,193.42,123.0,1.572520325203252,0.1333984916725001
Meta Ads,genero,male,150541,167,188.71,109.0,1.7312844036697248,0.11093323413555112
Meta Ads,genero,unknown,1199,3,1.54,2.0,0.77,0.25020850708924103
Meta Ads,genero,female,81285,84,96.96,62.0,1.5638709677419353,0.1033400996493818
Meta Ads,genero,male,92633,97,112.16,76.0,1.4757894736842105,0.1047143026783112
Meta Ads,genero,unknown,749,0,0.86,0.0,0.0,0.0
Meta Ads,genero,female,148911,337,182.74,70.0,2.6105714285714288,0.2263096749064878
Meta Ads,genero,male,166181,309,200.57,52.0,3.8571153846153843,0.18594183450574975
Meta Ads,genero,unknown,1341,1,1.69,0.0,0.0,0.07457121551081282
Meta Ads,genero,female,127641,299,177.64,219.0,0.8111415525114155,0.2342507501508136
Meta Ads,genero,male,87099,111,121.36,87.0,1.394942528735632,0.12744118761409431
Meta Ads,genero,unknown,734,2,0.99,2.0,0.495,0.2724795640326975
Meta Ads,genero,female,99609,149,132.81,102.0,1.3020588235294117,0.14958487686855604
Meta Ads,genero,male,63898,73,86.53,48.0,1.8027083333333334,0.11424457729506401
Meta Ads,genero,unknown,535,0,0.69,0.0,0.0,0.0
Meta Ads,genero,female,72024,236,92.71,167.0,0.5551497005988023,0.3276685549261357
Meta Ads,genero,male,65288,128,85.18,110.0,0.7743636363636365,0.19605440509741454
Meta Ads,genero,unknown,669,3,0.97,2.0,0.485,0.4484304932735426
Meta Ads,genero,female,155984,162,200.01,112.0,1.7858035714285714,0.10385680582623859
Meta Ads,genero,male,103721,77,130.89,58.0,2.2567241379310343,0.07423761822581734
Meta Ads,genero,unknown,895,3,1.22,2.0,0.61,0.33519553072625696
Meta Ads,genero,female,136109,139,172.58,104.0,1.6594230769230771,0.10212403294418443
Meta Ads,genero,male,125546,132,162.54,94.0,1.7291489361702126,0.10514074522485783
Meta Ads,genero,unknown,920,0,1.24,0.0,0.0,0.0
Meta Ads,genero,female,192328,250,261.86,174.0,1.5049425287356322,0.12998627344952374
Meta Ads,genero,male,177707,174,245.27,125.0,1.9621600000000001,0.09791398200408538
Meta Ads,genero,unknown,1414,1,1.93,0.0,0.0,0.07072135785007072
Meta Ads,genero,female,3185,4,4.32,3.0,1.4400000000000002,0.12558869701726844
Meta Ads,genero,male,3423,1,4.95,1.0,4.95,0.029214139643587496
Meta Ads,genero,unknown,23,0,0.05,0.0,0.0,0.0
Meta Ads,genero,female,224835,362,302.06,253.0,1.1939130434782608,0.16100696066003958
Meta Ads,genero,male,163006,216,221.02,155.0,1.425935483870968,0.13251045973767836
Meta Ads,genero,unknown,1318,2,1.69,2.0,0.845,0.15174506828528073
Meta Ads,genero,female,467173,595,590.27,339.0,1.7412094395280235,0.12736181243350964
Meta Ads,genero,male,429507,402,540.46,254.0,2.127795275590551,0.09359568062918648
Meta Ads,genero,unknown,3468,2,4.08,1.0,4.08,0.05767012687427912
Meta Ads,genero,female,191355,335,227.42,120.0,1.8951666666666667,0.17506728332157506
Meta Ads,genero,male,200159,278,239.58,106.0,2.260188679245283,0.13888958278168856
Meta Ads,genero,unknown,1644,2,2.08,1.0,2.08,0.12165450121654502
Meta Ads,genero,female,250337,618,310.97,130.0,2.392076923076923,0.24686722298341837
Meta Ads,genero,male,243307,470,303.35,73.0,4.155479452054795,0.19317158980218407
Meta Ads,genero,unknown,1883,11,2.39,2.0,1.195,0.5841741901221456
Meta Ads,genero,female,120345,168,163.8,123.0,1.3317073170731708,0.13959865387012338
Meta Ads,genero,male,85160,86,114.88,66.0,1.7406060606060605,0.10098637858149365
Meta Ads,genero,unknown,740,1,0.95,1.0,0.95,0.13513513513513514
Meta Ads,genero,female,49130,118,62.33,87.0,0.7164367816091953,0.2401791166293507
Meta Ads,genero,male,46080,80,58.3,66.0,0.8833333333333333,0.1736111111111111
Meta Ads,genero,unknown,439,1,0.5,1.0,0.5,0.22779043280182232
Meta Ads,genero,female,89424,112,110.52,72.0,1.535,0.12524601896582574
Meta Ads,genero,male,71156,79,88.69,60.0,1.4781666666666666,0.11102366631064141
Meta Ads,genero,unknown,572,0,0.79,0.0,0.0,0.0
Meta Ads,genero,female,20622,19,24.18,14.0,1.727142857142857,0.09213461351954223
Meta Ads,genero,male,20269,23,24.0,12.0,2.0,0.11347377769006857
Meta Ads,genero,unknown,182,1,0.19,0.0,0.0,0.5494505494505495
Meta Ads,genero,female,76227,105,101.77,85.0,1.1972941176470588,0.1377464677870046
Meta Ads,genero,male,70894,103,97.4,78.0,1.2487179487179487,0.14528733038056818
Meta Ads,genero,unknown,502,1,0.7,1.0,0.7,0.199203187250996
Meta Ads,genero,female,96244,217,108.87,98.0,1.1109183673469387,0.2254686006400399
Meta Ads,genero,male,124647,176,139.55,60.0,2.3258333333333336,0.14119874525660464
Meta Ads,genero,unknown,1083,2,1.14,2.0,0.57,0.18467220683287164
Meta Ads,genero,female,51769,10,60.57,0.0,0.0,0.019316579420116286
Meta Ads,genero,male,40710,8,48.62,0.0,0.0,0.019651191353475806
Meta Ads,genero,unknown,318,0,0.26,0.0,0.0,0.0
Meta Ads,genero,female,118947,177,143.06,123.0,1.163089430894309,0.14880577063734268
Meta Ads,genero,male,128841,179,156.0,130.0,1.2,0.13893093037154322
Meta Ads,genero,unknown,882,2,0.91,1.0,0.91,0.22675736961451248
Meta Ads,genero,female,29040,21,37.06,17.0,2.18,0.07231404958677685
Meta Ads,genero,male,32351,19,42.51,10.0,4.2509999999999994,0.058730796575067225
Meta Ads,genero,unknown,261,0,0.41,0.0,0.0,0.0
Meta Ads,genero,female,3,0,0.0,0.0,0.0,0.0
Meta Ads,genero,male,1,0,0.0,0.0,0.0,0.0
Meta Ads,genero,female,38109,12,53.19,5.0,10.638,0.03148862473431473
Meta Ads,genero,male,38498,24,54.63,6.0,9.105,0.06234090082601693
Meta Ads,genero,unknown,267,0,0.46,0.0,0.0,0.0
Meta Ads,genero,female,34921,8,53.34,0.0,0.0,0.022908851407462558
Meta Ads,genero,male,29324,10,46.29,0.0,0.0,0.03410175965079798
Meta Ads,genero,unknown,209,0,0.37,0.0,0.0,0.0
Meta Ads,genero,female,229074,256,294.237279,146.0,2.0153238287671233,0.11175428027624262
Meta Ads,genero,male,167333,169,215.122633,91.0,2.363984978021978,0.1009962171239385
Meta Ads,genero,unknown,1296,0,1.500088,0.0,0.0,0.0
Meta Ads,genero,female,176862,166,228.265439,116.0,1.9678055086206896,0.09385848853908697
Meta Ads,genero,male,166259,154,213.714455,104.0,2.0549466826923077,0.09262656457695523
Meta Ads,genero,unknown,1201,1,1.570106,0.0,0.0,0.08326394671107411
Meta Ads,genero,female,346582,401,482.31,289.0,1.6688927335640138,0.11570133474906372
Meta Ads,genero,male,317709,300,445.45,208.0,2.1415865384615382,0.09442603136832763
Meta Ads,genero,unknown,2558,6,3.41,3.0,1.1366666666666667,0.23455824863174357
Meta Ads,genero,female,45611,76,57.88,52.0,1.113076923076923,0.16662647168446207
Meta Ads,genero,male,39764,50,50.65,32.0,1.5828125,0.12574187707474097
Meta Ads,genero,unknown,285,0,0.42,0.0,0.0,0.0
Meta Ads,genero,female,99224,127,117.98,83.0,1.4214457831325302,0.127993227444973
Meta Ads,genero,male,88353,94,105.01,72.0,1.4584722222222224,0.10639140719613369
Meta Ads,genero,unknown,645,0,0.79,0.0,0.0,0.0
Meta Ads,genero,female,265633,367,383.006981,206.0,1.8592571893203884,0.13816054481182682
Meta Ads,genero,male,324414,356,465.282777,207.0,2.247742884057971,0.10973632457292226
Meta Ads,genero,unknown,2339,3,3.430242,3.0,1.143414,0.12825994014536127
Meta Ads,genero,female,93291,183,154.09,149.0,1.0341610738255034,0.19616040132488666
Meta Ads,genero,male,78709,131,136.42,107.0,1.2749532710280373,0.16643585866927543
Meta Ads,genero,unknown,723,1,1.14,1.0,1.14,0.13831258644536654
Meta Ads,genero,female,492062,981,1143.397205,827.0,1.3825842865779927,0.19936512065552714
Meta Ads,genero,male,369092,726,848.032428,595.0,1.4252645848739496,0.19669892601302655
Meta Ads,genero,unknown,3273,4,7.330367,3.0,2.4434556666666665,0.12221203788573175
Meta Ads,genero,female,130121,150,169.641124,125.0,1.357128992,0.11527731880326772
Meta Ads,genero,male,104120,112,133.958784,93.0,1.4404170322580645,0.10756819054936612
Meta Ads,genero,unknown,957,1,1.400092,1.0,1.400092,0.10449320794148381
Meta Ads,genero,female,47690,53,66.68,37.0,1.8021621621621624,0.11113440972950303
Meta Ads,genero,male,37545,37,52.92,29.0,1.8248275862068966,0.09854840857637501
Meta Ads,genero,unknown,281,0,0.4,0.0,0.0,0.0
Meta Ads,genero,female,96239,146,169.2,115.0,1.4713043478260868,0.15170564947682333
Meta Ads,genero,male,72921,91,129.8,74.0,1.7540540540540541,0.12479258375502256
Meta Ads,genero,unknown,629,0,1.0,0.0,0.0,0.0
Meta Ads,genero,female,50389,77,69.36463,67.0,1.0352929850746269,0.15281112941316558
Meta Ads,genero,male,44203,73,59.245414,57.0,1.0393932280701754,0.16514716195733323
Meta Ads,genero,unknown,377,0,0.569956,0.0,0.0,0.0
Meta Ads,genero,female,8821,13,10.93,11.0,0.9936363636363637,0.14737558099988662
Meta Ads,genero,male,6125,8,7.96,8.0,0.995,0.1306122448979592
Meta Ads,genero,unknown,57,0,0.04,0.0,0.0,0.0
Meta Ads,genero,female,65861,73,98.855057,51.0,1.9383344509803921,0.11083949530070908
Meta Ads,genero,male,65843,70,100.354982,43.0,2.3338367906976747,0.1063135033336877
Meta Ads,genero,unknown,484,0,0.759962,0.0,0.0,0.0
Meta Ads,genero,female,72621,98,101.4546,1.0,101.4546,0.13494719158370166
Meta Ads,genero,male,61480,52,85.795434,2.0,42.897717,0.08458035133376708
Meta Ads,genero,unknown,460,0,0.629966,0.0,0.0,0.0
Meta Ads,genero,female,51733,131,79.07,91.0,0.8689010989010988,0.253223281077842
Meta Ads,genero,male,46939,71,70.39,53.0,1.3281132075471698,0.15126014614712713
Meta Ads,genero,unknown,379,1,0.5,1.0,0.5,0.2638522427440633
Meta Ads,genero,female,104818,155,153.604779,125.0,1.228838232,0.14787536491823922
Meta Ads,genero,male,115633,167,166.555182,126.0,1.3218665238095237,0.1444224399609108
Meta Ads,genero,unknown,825,5,1.27004,4.0,0.31751,0.6060606060606061
Meta Ads,genero,female,139613,242,206.55,170.0,1.215,0.17333629389813268
Meta Ads,genero,male,97013,128,142.49,100.0,1.4249,0.13194108006143507
Meta Ads,genero,unknown,660,0,0.9,0.0,0.0,0.0
Meta Ads,genero,female,54138,74,85.09,44.0,1.9338636363636363,0.13668772396468284
Meta Ads,genero,male,40011,58,64.42,28.0,2.3007142857142857,0.1449601359626103
Meta Ads,genero,unknown,313,1,0.49,1.0,0.49,0.3194888178913738
Meta Ads,genero,female,46869,86,64.07,54.0,1.1864814814814812,0.18349015340630268
Meta Ads,genero,male,43520,98,60.32,53.0,1.1381132075471698,0.22518382352941174
Meta Ads,genero,unknown,405,1,0.48,0.0,0.0,0.24691358024691357
Meta Ads,genero,female,1376,1,2.04,1.0,2.04,0.07267441860465117
Meta Ads,genero,male,2281,3,2.87,1.0,2.87,0.131521262604121
Meta Ads,genero,unknown,10,0,0.02,0.0,0.0,0.0
Meta Ads,genero,female,1712,10,2.17,4.0,0.5425,0.5841121495327103
Meta Ads,genero,male,2068,1,2.64,0.0,0.0,0.04835589941972921
Meta Ads,genero,unknown,20,0,0.06,0.0,0.0,0.0
Meta Ads,genero,female,5539,12,10.564691,8.0,1.320586375,0.21664560389962087
Meta Ads,genero,male,4910,14,9.245354,9.0,1.0272615555555555,0.28513238289205706
Meta Ads,genero,unknown,41,0,0.089955,0.0,0.0,0.0
Meta Ads,genero,female,2743,7,3.91,1.0,3.91,0.2551950419248997
Meta Ads,genero,male,3484,9,5.4,3.0,1.8,0.2583237657864524
Meta Ads,genero,unknown,20,0,0.03,0.0,0.0,0.0
Meta Ads,genero,female,21192,32,28.76,26.0,1.1061538461538463,0.15100037750094375
Meta Ads,genero,male,22342,28,29.45,21.0,1.4023809523809523,0.12532450093993375
Meta Ads,genero,unknown,117,0,0.15,0.0,0.0,0.0
Meta Ads,genero,female,1779,23,31.13,20.0,1.5565,1.2928611579539067
Meta Ads,genero,male,2043,33,34.66,24.0,1.4441666666666666,1.6152716593245229
Meta Ads,genero,unknown,24,0,0.47,0.0,0.0,0.0
Meta Ads,genero,female,384320,556,446.838706,463.0,0.9650943974082073,0.14467110741049125
Meta Ads,genero,male,492220,696,569.911104,597.0,0.9546249648241206,0.14140018690829304
Meta Ads,genero,unknown,13791,25,9.710189,6.0,1.6183648333333334,0.18127764484083825
Meta Ads,genero,female,18886,268,225.45,232.0,0.9717672413793103,1.4190405591443398
Meta Ads,genero,male,23660,350,261.04,306.0,0.8530718954248366,1.4792899408284024
Meta Ads,genero,unknown,187,8,2.02,8.0,0.2525,4.27807486631016
Meta Ads,genero,female,702291,872,1310.033798,757.0,1.7305598388375165,0.12416505408726583
Meta Ads,genero,male,651676,658,1178.536429,557.0,2.115864324955117,0.10097042088399756
Meta Ads,genero,unknown,6024,8,11.349773,6.0,1.8916288333333335,0.13280212483399734
Meta Ads,genero,female,59164,123,66.51,82.0,0.8110975609756098,0.20789669393550134
Meta Ads,genero,male,78004,97,87.74,54.0,1.6248148148148147,0.12435259730270243
Meta Ads,genero,unknown,594,0,0.62,0.0,0.0,0.0
Meta Ads,genero,female,466779,1031,577.173552,720.0,0.8016299333333333,0.22087540356357077
Meta Ads,genero,male,592484,906,726.256721,662.0,1.0970645332326283,0.15291552176936424
Meta Ads,genero,unknown,4774,7,5.949727,5.0,1.1899454,0.1466275659824047
Meta Ads,genero,female,134030,253,146.234737,183.0,0.7990969234972677,0.18876370961724986
Meta Ads,genero,male,148007,195,161.465231,135.0,1.196038748148148,0.13175052531299195
Meta Ads,genero,unknown,1082,1,0.990032,1.0,0.990032,0.09242144177449169
Meta Ads,genero,female,83682,1020,150.425055,896.0,0.1678851060267857,1.2189001218900122
Meta Ads,genero,male,50387,916,148.364848,822.0,0.18049251581508516,1.817929227777006
Meta Ads,genero,unknown,353,4,0.970097,4.0,0.24252425,1.13314447592068
Meta Ads,genero,female,66835,64,84.97,46.0,1.8471739130434783,0.09575821051844094
Meta Ads,genero,male,49704,42,62.62,36.0,1.7394444444444443,0.08450024142926123
Meta Ads,genero,unknown,402,0,0.64,0.0,0.0,0.0
Meta Ads,genero,female,132492,405,171.744787,347.0,0.49494174927953893,0.3056788334390001
Meta Ads,genero,male,122272,270,156.365254,232.0,0.6739881637931034,0.2208191572886679
Meta Ads,genero,unknown,975,2,1.32996,2.0,0.66498,0.20512820512820512
Meta Ads,genero,female,112156,191,152.19,141.0,1.0793617021276596,0.1702985127857627
Meta Ads,genero,male,55578,76,75.42,53.0,1.4230188679245284,0.13674475511893197
Meta Ads,genero,unknown,497,0,0.68,0.0,0.0,0.0
Meta Ads,genero,female,83416,30,89.75,0.0,0.0,0.035964323391195936
Meta Ads,genero,male,117299,26,127.02,0.0,0.0,0.02216557685913776
Meta Ads,genero,unknown,633,0,0.64,0.0,0.0,0.0
Meta Ads,genero,female,45323,76,66.669198,57.0,1.1696350526315789,0.1676852812038038
Meta Ads,genero,male,38667,78,56.320875,61.0,0.9232930327868852,0.20172239894483668
Meta Ads,genero,unknown,340,0,0.449927,0.0,0.0,0.0
Meta Ads,genero,female,11064,841,61.56388,850.0,0.07242809411764706,7.601229211858279
Meta Ads,genero,male,7655,646,38.83614,632.0,0.06144958860759494,8.438928804702808
Meta Ads,genero,unknown,39,0,0.19998,0.0,0.0,0.0
Meta Ads,genero,male,0,0,0.0,0.0,0.0,0.0
Meta Ads,genero,female,111207,210,146.67,156.0,0.9401923076923077,0.1888370336399687
Meta Ads,genero,male,101663,212,136.41,160.0,0.8525625,0.20853211099416702
Meta Ads,genero,unknown,797,1,1.04,1.0,1.04,0.12547051442910914
Meta Ads,genero,female,18944,1524,114.2,1504.0,0.07593085106382978,8.044763513513512
Meta Ads,genero,male,14561,1037,71.78,1024.0,0.07009765625,7.121763615136323
Meta Ads,genero,unknown,99,4,0.54,4.0,0.135,4.040404040404041
Meta Ads,genero,female,12928,11,20.2,9.0,2.2444444444444445,0.08508663366336634
Meta Ads,genero,male,11816,10,18.97,3.0,6.323333333333333,0.08463100880162493
Meta Ads,genero,unknown,91,0,0.17,0.0,0.0,0.0
Meta Ads,genero,female,2452,2,3.74,1.0,3.74,0.08156606851549755
Meta Ads,genero,male,3636,5,5.37,5.0,1.074,0.13751375137513752
Meta Ads,genero,unknown,25,0,0.04,0.0,0.0,0.0
Meta Ads,genero,female,85162,110,136.21,75.0,1.8161333333333334,0.12916559028674762
Meta Ads,genero,male,73175,67,116.25,49.0,2.372448979591837,0.09156132558934062
Meta Ads,genero,unknown,717,1,1.27,1.0,1.27,0.1394700139470014
Meta Ads,genero,female,28818,41,47.07,25.0,1.8828,0.14227219099174127
Meta Ads,genero,male,27718,27,44.53,18.0,2.473888888888889,0.09740962551410635
Meta Ads,genero,unknown,235,1,0.38,1.0,0.38,0.425531914893617
Meta Ads,genero,female,33303,45,54.78,31.0,1.7670967741935484,0.13512296189532474
Meta Ads,genero,male,37179,30,60.87,19.0,3.2036842105263155,0.08069071249899136
Meta Ads,genero,unknown,298,0,0.57,0.0,0.0,0.0
Meta Ads,genero,female,151087,421,235.74,199.0,1.1846231155778895,0.2786474018280858
Meta Ads,genero,male,264409,555,417.4,294.0,1.4197278911564626,0.20990208351455508
Meta Ads,genero,unknown,3180,4,4.79,1.0,4.79,0.12578616352201258
Meta Ads,genero,female,11770,189,54.05,132.0,0.40946969696969693,1.6057774001699234
Meta Ads,genero,male,12316,156,54.41,131.0,0.4153435114503817,1.2666450146151347
Meta Ads,genero,unknown,207,3,0.93,3.0,0.31,1.4492753623188406
Meta Ads,genero,female,48500,65,74.44,38.0,1.9589473684210525,0.13402061855670103
Meta Ads,genero,male,55569,56,86.62,40.0,2.1655,0.10077561230182296
Meta Ads,genero,unknown,489,0,0.66,0.0,0.0,0.0
Meta Ads,genero,female,28663,38,47.33,26.0,1.8203846153846153,0.13257509681470886
Meta Ads,genero,male,28830,30,49.12,17.0,2.889411764705882,0.10405827263267431
Meta Ads,genero,unknown,242,1,0.46,1.0,0.46,0.4132231404958678
Meta Ads,genero,female,467469,943,942.9,770.0,1.2245454545454546,0.20172460633753253
Meta Ads,genero,male,437131,733,884.53,595.0,1.4866050420168067,0.16768428686137565
Meta Ads,genero,unknown,4216,9,8.12,8.0,1.015,0.21347248576850095
Meta Ads,genero,female,462558,1391,997.65,540.0,1.8475,0.30071904496301005
Meta Ads,genero,male,463756,958,988.41,412.0,2.3990533980582525,0.20657414674958383
Meta Ads,genero,unknown,6848,19,13.84,7.0,1.977142857142857,0.27745327102803735
Meta Ads,genero,female,75317,1048,491.43,316.0,1.5551582278481013,1.3914521290014206
Meta Ads,genero,male,27532,330,179.76,79.0,2.2754430379746835,1.1986052593345926
Meta Ads,genero,unknown,614,5,3.7,0.0,0.0,0.8143322475570033
Meta Ads,genero,female,63469,461,478.56,347.0,1.379135446685879,0.7263388425845688
Meta Ads,genero,male,29573,133,190.0,106.0,1.7924528301886793,0.449734555168566
Meta Ads,genero,unknown,354,2,2.71,2.0,1.355,0.5649717514124294
Meta Ads,genero,female,17826,175,75.85,153.0,0.49575163398692806,0.9817121059127119
Meta Ads,genero,male,7577,55,28.61,52.0,0.5501923076923076,0.7258809555232942
Meta Ads,genero,unknown,59,0,0.29,0.0,0.0,0.0
Meta Ads,genero,female,152120,233,262.34,192.0,1.3663541666666665,0.15316855114383382
Meta Ads,genero,male,136134,162,235.52,140.0,1.6822857142857144,0.1190003966679889
Meta Ads,genero,unknown,1234,3,2.02,2.0,1.01,0.24311183144246357
Meta Ads,genero,female,148689,70,265.44,0.0,0.0,0.04707812951865975
Meta Ads,genero,male,128974,36,232.31,0.0,0.0,0.027912602540046832
Meta Ads,genero,unknown,1062,0,2.15,0.0,0.0,0.0
Meta Ads,genero,female,195662,90,416.51,3.0,138.83666666666667,0.04599768989379645
Meta Ads,genero,male,178577,70,379.92,3.0,126.64,0.03919877699815766
Meta Ads,genero,unknown,1693,2,3.55,0.0,0.0,0.11813349084465447
Meta Ads,genero,female,394283,727,1050.08,576.0,1.8230555555555554,0.18438532729029655
Meta Ads,genero,male,358962,669,941.05,530.0,1.7755660377358489,0.18637070219131832
Meta Ads,genero,unknown,3424,6,8.83,5.0,1.766,0.17523364485981308
Meta Ads,genero,female,399590,799,1055.15,656.0,1.6084603658536587,0.19995495382767337
Meta Ads,genero,male,358744,621,935.86,515.0,1.8172038834951456,0.17310394041433447
Meta Ads,genero,unknown,3371,9,8.65,7.0,1.2357142857142858,0.26698309107089885
Meta Ads,genero,female,12026,202,87.7,175.0,0.5011428571428571,1.6796939963412607
Meta Ads,genero,male,15019,240,91.43,219.0,0.41748858447488585,1.5979758971968838
Meta Ads,genero,unknown,95,2,0.65,1.0,0.65,2.1052631578947367
Meta Ads,genero,female,604365,1271,757.01,679.0,1.1148895434462445,0.2103033762709621
Meta Ads,genero,male,780159,1384,990.25,797.0,1.2424717691342535,0.1773997351821872
Meta Ads,genero,unknown,6112,7,7.93,6.0,1.3216666666666665,0.11452879581151831
Meta Ads,genero,female,0,0,0.0,0.0,0.0,0.0
Meta Ads,genero,female,248397,3117,1074.98,2818.0,0.3814691270404542,1.2548460730202056
Meta Ads,genero,male,225603,2864,922.51,2602.0,0.35453881629515754,1.2694866646276866
Meta Ads,genero,unknown,2032,26,8.75,23.0,0.3804347826086957,1.279527559055118
Meta Ads,genero,female,128623,140,192.39,115.0,1.6729565217391302,0.10884522985780148
Meta Ads,genero,male,120307,106,179.4,80.0,2.2425,0.08810792389470272
Meta Ads,genero,unknown,1121,0,1.79,0.0,0.0,0.0
Meta Ads,genero,female,110229,94,173.23,68.0,2.5475,0.0852770142158597
Meta Ads,genero,male,111087,109,175.2,84.0,2.0857142857142854,0.09812129232043354
Meta Ads,genero,unknown,906,1,1.54,1.0,1.54,0.11037527593818984
Meta Ads,genero,female,137511,148,175.58,111.0,1.5818018018018019,0.10762775341609035
Meta Ads,genero,male,95432,73,123.17,50.0,2.4634,0.07649425769134043
Meta Ads,genero,unknown,938,1,1.22,0.0,0.0,0.10660980810234541
Meta Ads,genero,female,164542,254,268.49,196.0,1.3698469387755103,0.15436788175663357
Meta Ads,genero,male,140925,162,229.3,139.0,1.6496402877697842,0.11495476317189995
Meta Ads,genero,unknown,1353,0,2.190394,0.0,0.0,0.0
Meta Ads,genero,female,256061,356,305.111098,229.0,1.3323628733624455,0.13902937190747516
Meta Ads,genero,male,199596,252,242.858833,163.0,1.489931490797546,0.1262550351710455
Meta Ads,genero,unknown,1520,4,1.900069,2.0,0.9500345,0.2631578947368421
Meta Ads,genero,female,147004,163,173.9,134.0,1.2977611940298508,0.11088133656227042
Meta Ads,genero,male,106280,135,125.19,98.0,1.2774489795918367,0.1270229582235604
Meta Ads,genero,unknown,765,0,0.85,0.0,0.0,0.0
Meta Ads,genero,female,325138,447,254.605081,291.0,0.8749315498281788,0.13748008537913134
Meta Ads,genero,male,400833,460,323.174529,284.0,1.1379384823943661,0.11476101019626628
Meta Ads,genero,unknown,3502,3,2.83039,1.0,2.83039,0.08566533409480297
Meta Ads,genero,female,111004,1482,352.408625,1317.0,0.267584377372817,1.3350870238910308
Meta Ads,genero,male,74825,1235,281.610865,1147.0,0.24551949869224063,1.650517875041764
Meta Ads,genero,unknown,1089,12,4.65051,9.0,0.5167233333333333,1.1019283746556474
Meta Ads,genero,female,522652,635,558.04,380.0,1.4685263157894737,0.12149575625846644
Meta Ads,genero,male,485406,484,517.39,311.0,1.6636334405144695,0.09971034556639186
Meta Ads,genero,unknown,4785,8,4.93,5.0,0.986,0.1671891327063741
Meta Ads,genero,female,827306,935,1560.060359,703.0,2.219147025604552,0.11301743248568244
Meta Ads,genero,male,747053,709,1412.438023,508.0,2.780389809055118,0.09490625163141035
Meta Ads,genero,unknown,9908,11,19.361618,8.0,2.42020225,0.11102139685102946
Meta Ads,genero,female,112374,121,131.355256,78.0,1.6840417435897435,0.10767615284674392
Meta Ads,genero,male,100666,107,117.344695,70.0,1.6763527857142857,0.10629209464963343
Meta Ads,genero,unknown,987,0,1.230049,0.0,0.0,0.0
Meta Ads,genero,female,254622,313,326.644708,212.0,1.5407769245283018,0.12292731971314341
Meta Ads,genero,male,228389,278,288.155332,182.0,1.5832710549450548,0.12172214949056216
Meta Ads,genero,unknown,1832,5,2.47996,4.0,0.61999,0.2729257641921397
Meta Ads,genero,female,211401,282,368.31,184.0,2.0016847826086956,0.13339577390835425
Meta Ads,genero,male,230034,263,398.45,187.0,2.1307486631016044,0.11433092499369658
Meta Ads,genero,unknown,1503,2,2.74,1.0,2.74,0.1330671989354624
Meta Ads,genero,female,79382,103,105.1,83.0,1.2662650602409637,0.12975233680179385
Meta Ads,genero,male,66521,68,88.47,56.0,1.5798214285714285,0.10222335803731153
Meta Ads,genero,unknown,619,0,0.8,0.0,0.0,0.0
Meta Ads,genero,female,101772,115,127.59,75.0,1.7012,0.11299768109106631
Meta Ads,genero,male,93434,103,116.38,82.0,1.4192682926829268,0.11023824303786631
Meta Ads,genero,unknown,757,1,0.99,1.0,0.99,0.13210039630118892
Meta Ads,genero,female,146315,185,182.52,131.0,1.3932824427480917,0.12643953114854936
Meta Ads,genero,male,129101,148,159.04,100.0,1.5903999999999998,0.11463892611211378
Meta Ads,genero,unknown,1114,1,1.26,0.0,0.0,0.08976660682226212
Meta Ads,genero,female,314775,427,590.56,284.0,2.07943661971831,0.13565245016281471
Meta Ads,genero,male,327882,428,607.1,296.0,2.0510135135135137,0.1305347655559012
Meta Ads,genero,unknown,2390,5,4.58,3.0,1.5266666666666666,0.20920502092050208
Meta Ads,genero,female,125028,123,153.96,100.0,1.5396,0.09837796333621268
Meta Ads,genero,male,117584,100,144.27,73.0,1.9763013698630139,0.08504558443325623
Meta Ads,genero,unknown,1045,2,1.42,2.0,0.71,0.19138755980861244
Meta Ads,genero,female,174820,216,260.14,175.0,1.4865142857142857,0.12355565724745453
Meta Ads,genero,male,156674,169,237.57,131.0,1.8135114503816794,0.10786729131827871
Meta Ads,genero,unknown,1383,0,2.06,0.0,0.0,0.0
Meta Ads,genero,female,82598,225,114.9,163.0,0.7049079754601227,0.2724036901619894
Meta Ads,genero,male,63631,114,89.83,92.0,0.9764130434782609,0.17915795759928338
Meta Ads,genero,unknown,604,1,0.69,1.0,0.69,0.16556291390728478
Meta Ads,genero,female,311927,356,383.32,230.0,1.666608695652174,0.11412926742475002
Meta Ads,genero,male,283455,276,348.8,184.0,1.8956521739130436,0.09736995290257713
Meta Ads,genero,unknown,2313,3,2.86,3.0,0.9533333333333333,0.12970168612191957
Meta Ads,genero,female,238929,305,285.73,218.0,1.3106880733944954,0.12765298477790474
Meta Ads,genero,male,209462,209,252.02,152.0,1.6580263157894737,0.09977943493330534
Meta Ads,genero,unknown,1731,3,2.07,2.0,1.035,0.17331022530329288
Meta Ads,genero,female,7180,9,13.11,7.0,1.8728571428571428,0.12534818941504178
Meta Ads,genero,male,8133,19,14.72,11.0,1.3381818181818181,0.23361613180868068
Meta Ads,genero,unknown,40,0,0.05,0.0,0.0,0.0
Meta Ads,genero,female,2134,2,2.64,2.0,1.32,0.09372071227741331
Meta Ads,genero,male,2406,4,3.31,3.0,1.1033333333333333,0.1662510390689942
Meta Ads,genero,unknown,20,0,0.0,0.0,0.0,0.0
Meta Ads,genero,male,0,0,0.0,0.0,0.0,0.0
Meta Ads,genero,female,114998,270,147.23,190.0,0.7748947368421052,0.23478669194246857
Meta Ads,genero,male,111263,178,145.72,126.0,1.1565079365079365,0.1599813055553059
Meta Ads,genero,unknown,964,3,1.26,3.0,0.42,0.3112033195020747
Meta Ads,genero,female,38328,42,42.75,32.0,1.3359375,0.10958046336881652
Meta Ads,genero,male,34712,44,38.41,36.0,1.0669444444444443,0.1267573173542291
Meta Ads,genero,unknown,295,1,0.34,1.0,0.34,0.3389830508474576
Meta Ads,genero,female,194797,412,274.72,322.0,0.8531677018633541,0.21150223052716416
Meta Ads,genero,male,137844,288,191.17,245.0,0.7802857142857142,0.20893183598850876
Meta Ads,genero,unknown,1248,3,1.97,2.0,0.985,0.2403846153846154
Meta Ads,genero,female,89098,78,117.3,61.0,1.922950819672131,0.08754405261622035
Meta Ads,genero,male,83615,60,109.51,48.0,2.2814583333333336,0.07175745978592357
Meta Ads,genero,unknown,807,0,0.98,0.0,0.0,0.0
Meta Ads,genero,female,245447,567,510.86,5.0,102.172,0.2310071013294112
Meta Ads,genero,male,232844,601,483.42,6.0,80.57000000000001,0.25811272783494527
Meta Ads,genero,unknown,1989,4,4.35,0.0,0.0,0.20110608345902461
Meta Ads,genero,female,43332,49,48.58,32.0,1.518125,0.11308040247392229
Meta Ads,genero,male,39348,35,44.24,28.0,1.58,0.08894988309443937
Meta Ads,genero,unknown,289,0,0.39,0.0,0.0,0.0
Meta Ads,genero,female,13273,34,17.2,26.0,0.6615384615384615,0.25615912001808183
Meta Ads,genero,male,11134,20,14.83,18.0,0.8238888888888889,0.17962996227770792
Meta Ads,genero,unknown,103,0,0.1,0.0,0.0,0.0
Meta Ads,genero,female,174001,182,207.55,145.0,1.4313793103448276,0.10459710001666657
Meta Ads,genero,male,162717,139,193.06,112.0,1.7237500000000001,0.08542438712611466
Meta Ads,genero,unknown,1435,3,1.69,3.0,0.5633333333333334,0.20905923344947736
Meta Ads,genero,male,0,0,0.0,0.0,0.0,0.0
Meta Ads,genero,female,317846,192,431.540883,3.0,143.846961,0.060406612007072605
Meta Ads,genero,male,375290,217,511.319197,7.0,73.04559957142857,0.05782195102454102
Meta Ads,genero,unknown,2952,1,3.79992,0.0,0.0,0.03387533875338753
Meta Ads,genero,female,398154,410,544.553235,3.0,181.517745,0.10297523068963266
Meta Ads,genero,male,312993,232,426.636865,4.0,106.65921625,0.07412306345509324
Meta Ads,genero,unknown,2648,4,3.2599,1.0,3.2599,0.1510574018126888
Meta Ads,genero,female,477147,1135,658.570891,426.0,1.5459410586854458,0.23787218613970118
Meta Ads,genero,male,563044,1395,781.50919,479.0,1.6315431941544885,0.2477603881757021
Meta Ads,genero,unknown,4237,17,5.829919,5.0,1.1659838,0.401227283455275
Meta Ads,genero,female,31365,35,38.96,27.0,1.442962962962963,0.11158935118762953
Meta Ads,genero,male,35216,31,43.14,24.0,1.7975,0.08802816901408451
Meta Ads,genero,unknown,314,0,0.39,0.0,0.0,0.0
Meta Ads,genero,female,119143,68,161.18,0.0,0.0,0.05707427209319893
Meta Ads,genero,male,141405,70,187.55,8.0,23.44375,0.04950320002828754
Meta Ads,genero,unknown,979,0,1.26,0.0,0.0,0.0
Meta Ads,genero,female,569757,990,1339.781704,834.0,1.6064528824940048,0.17375828642737168
Meta Ads,genero,male,491361,775,1146.998653,646.0,1.775539710526316,0.15772517558373578
Meta Ads,genero,unknown,4282,7,9.889644,6.0,1.648274,0.16347501167678655
Meta Ads,genero,female,41110,67,55.94,26.0,2.1515384615384616,0.16297737776696666
Meta Ads,genero,male,65965,199,89.93,42.0,2.1411904761904763,0.3016751307511559
Meta Ads,genero,unknown,322,3,0.47,0.0,0.0,0.9316770186335404
Meta Ads,genero,female,175879,271,256.39,199.0,1.288391959798995,0.15408320493066258
Meta Ads,genero,male,233360,335,340.34,256.0,1.329453125,0.14355502228316763
Meta Ads,genero,unknown,1879,0,2.76,0.0,0.0,0.0
Meta Ads,genero,female,32303,62,45.03,38.0,1.185,0.19193263783549516
Meta Ads,genero,male,36436,43,50.27,28.0,1.7953571428571429,0.11801514985179493
Meta Ads,genero,unknown,290,0,0.46,0.0,0.0,0.0
Meta Ads,genero,female,88064,266,118.24,122.0,0.9691803278688524,0.30205305232558144
Meta Ads,genero,male,96221,153,130.77,95.0,1.3765263157894738,0.15900894815061162
Meta Ads,genero,unknown,718,1,0.99,1.0,0.99,0.1392757660167131
Meta Ads,genero,female,10550,126,35.907054,23.0,1.5611762608695654,1.194312796208531
Meta Ads,genero,male,26619,271,85.792962,38.0,2.2577095263157894,1.0180697997670838
Meta Ads,genero,unknown,100,0,0.199984,0.0,0.0,0.0
Meta Ads,genero,female,3000,83,21.35,63.0,0.3388888888888889,2.7666666666666666
Meta Ads,genero,male,2872,75,16.34,60.0,0.2723333333333333,2.6114206128133706
Meta Ads,genero,unknown,17,0,0.08,0.0,0.0,0.0
Meta Ads,genero,female,335,9,6.89,8.0,0.86125,2.6865671641791042
Meta Ads,genero,male,314,8,7.23,5.0,1.4460000000000002,2.547770700636943
Meta Ads,genero,unknown,4,0,0.23,0.0,0.0,0.0
Meta Ads,genero,female,41191,74,43.925726,18.0,2.440318111111111,0.17965089461290087
Meta Ads,genero,male,54502,116,58.574301,30.0,1.9524766999999998,0.21283622619353418
Meta Ads,genero,unknown,336,1,0.279973,1.0,0.279973,0.2976190476190476
Meta Ads,genero,female,839330,1333,1314.392619,1053.0,1.2482361054131055,0.1588171517758212
Meta Ads,genero,male,721593,1071,1077.567552,810.0,1.330330311111111,0.14842161717200694
Meta Ads,genero,unknown,5359,11,8.209829,6.0,1.3683048333333332,0.20526217577906325
Meta Ads,genero,female,2185,16,6.94,3.0,2.3133333333333335,0.7322654462242564
Meta Ads,genero,male,5684,52,16.68,5.0,3.336,0.9148486980999296
Meta Ads,genero,unknown,23,0,0.1,0.0,0.0,0.0
Meta Ads,genero,female,76992,2573,248.244944,1602.0,0.15495939076154808,3.3419056525353286
Meta Ads,genero,male,74960,2527,240.825096,1642.0,0.1466657101096224,3.371131270010672
Meta Ads,genero,unknown,603,19,1.95996,13.0,0.15076615384615383,3.150912106135987
Meta Ads,genero,female,13892,178,198.44,78.0,2.544102564102564,1.2813129858911605
Meta Ads,genero,male,18408,412,280.18,166.0,1.687831325301205,2.2381573229030853
Meta Ads,genero,unknown,407,2,4.18,1.0,4.18,0.4914004914004914
Meta Ads,genero,female,275797,377,270.44,277.0,0.9763176895306859,0.13669474287247504
Meta Ads,genero,male,233655,255,227.55,179.0,1.2712290502793298,0.10913526352956282
Meta Ads,genero,unknown,1868,4,1.99,3.0,0.6633333333333333,0.21413276231263384
Meta Ads,genero,female,166493,2192,333.946681,1982.0,0.16848974823410698,1.3165718678863376
Meta Ads,genero,male,64232,1170,162.44325,981.0,0.1655894495412844,1.8215219828123055
Meta Ads,genero,unknown,869,16,3.450069,18.0,0.1916705,1.8411967779056386
Meta Ads,genero,female,371143,1876,478.254674,478.0,1.000532790794979,0.5054655483196504
Meta Ads,genero,male,410732,1025,532.935208,342.0,1.558290081871345,0.24955445399920143
Meta Ads,genero,unknown,8403,57,12.120118,31.0,0.39097154838709675,0.6783291681542306
Meta Ads,genero,female,45358,2815,179.753596,2246.0,0.08003276758682101,6.206181930420213
Meta Ads,genero,male,79883,5140,318.766377,4123.0,0.07731418311908804,6.434410325100459
Meta Ads,genero,unknown,337,17,1.350027,14.0,0.0964305,5.044510385756676
Meta Ads,genero,female,15366,236,231.125357,104.0,2.222359201923077,1.5358583886502668
Meta Ads,genero,male,18428,376,260.124774,165.0,1.5765137818181818,2.0403733449099195
Meta Ads,genero,unknown,2462,12,6.519869,6.0,1.0866448333333334,0.487408610885459
Meta Ads,genero,female,135274,136,166.29,0.0,0.0,0.10053668849889852
Meta Ads,genero,male,139062,88,172.87,1.0,172.87,0.06328112640405
Meta Ads,genero,unknown,8282,27,10.25,0.0,0.0,0.3260082105771553
Meta Ads,genero,female,36297,14,49.66381,0.0,0.0,0.03857068077251563
Meta Ads,genero,male,21793,9,30.366215,0.0,0.0,0.04129766438764741
Meta Ads,genero,unknown,203,0,0.199975,0.0,0.0,0.0
Meta Ads,genero,female,51540,125,77.934459,83.0,0.9389693855421687,0.24253007372914243
Meta Ads,genero,male,41462,87,62.065587,56.0,1.1083140535714286,0.2098306883411316
Meta Ads,genero,unknown,429,1,0.649954,0.0,0.0,0.2331002331002331
Meta Ads,genero,female,41111,39,65.144952,30.0,2.1714984,0.09486512125708449
Meta Ads,genero,male,39577,33,63.305094,27.0,2.344633111111111,0.08338176213457311
Meta Ads,genero,unknown,351,1,0.589954,1.0,0.589954,0.2849002849002849
Meta Ads,genero,female,10286,340,97.29,320.0,0.30403125000000003,3.305463737118414
Meta Ads,genero,male,4459,117,30.25,109.0,0.2775229357798165,2.623906705539359
Meta Ads,genero,unknown,63,3,0.49,3.0,0.16333333333333333,4.761904761904762
Meta Ads,genero,female,11117,7,17.489679,7.0,2.4985255714285715,0.06296662768732572
Meta Ads,genero,male,10257,12,16.260404,11.0,1.4782185454545456,0.11699327288680901
Meta Ads,genero,unknown,108,0,0.139917,0.0,0.0,0.0
Meta Ads,genero,female,123191,473,169.5,125.0,1.356,0.38395662020764504
Meta Ads,genero,male,161045,395,218.92,130.0,1.684,0.24527306032475393
Meta Ads,genero,unknown,6816,52,7.91,33.0,0.23969696969696971,0.7629107981220657
Meta Ads,genero,female,0,0,0.0,0.0,0.0,0.0
Meta Ads,genero,female,26608,13,39.51,0.0,0.0,0.04885748647023452
Meta Ads,genero,male,17714,5,26.36,0.0,0.0,0.02822626171389861
Meta Ads,genero,unknown,178,0,0.34,0.0,0.0,0.0
Meta Ads,genero,female,115737,201,160.36,145.0,1.1059310344827586,0.17366961300189224
Meta Ads,genero,male,105225,196,147.09,133.0,1.1059398496240602,0.18626752197671656
Meta Ads,genero,unknown,974,0,1.43,0.0,0.0,0.0
Meta Ads,genero,female,100595,101,144.41,79.0,1.8279746835443038,0.10040260450320593
Meta Ads,genero,male,96740,70,139.91,49.0,2.8553061224489795,0.0723589001447178
Meta Ads,genero,unknown,775,1,1.26,1.0,1.26,0.12903225806451613
Meta Ads,genero,female,16121,701,155.36,666.0,0.2332732732732733,4.3483654860120335
Meta Ads,genero,male,14956,682,128.41,635.0,0.20222047244094488,4.560042792190425
Meta Ads,genero,unknown,73,3,0.59,3.0,0.19666666666666666,4.10958904109589
Meta Ads,genero,female,65348,74,93.13,60.0,1.5521666666666667,0.11323988492379262
Meta Ads,genero,male,62989,68,87.9,52.0,1.6903846153846156,0.10795535728460526
Meta Ads,genero,unknown,550,1,0.86,1.0,0.86,0.18181818181818182
Meta Ads,genero,female,3144,11,10.96,0.0,0.0,0.34987277353689566
Meta Ads,genero,male,7926,27,26.73,0.0,0.0,0.34065102195306585
Meta Ads,genero,unknown,27,0,0.07,0.0,0.0,0.0
Meta Ads,genero,female,110381,156,180.54,116.0,1.5563793103448276,0.14132867069513777
Meta Ads,genero,male,122073,173,195.05,115.0,1.6960869565217391,0.14171847992594597
Meta Ads,genero,unknown,1104,1,1.63,0.0,0.0,0.09057971014492754
Meta Ads,genero,female,0,0,0.0,0.0,0.0,0.0
Meta Ads,genero,female,16967,12,28.79,0.0,0.0,0.07072552602109977
Meta Ads,genero,male,10712,5,18.69,1.0,18.69,0.04667662434652726
Meta Ads,genero,unknown,108,0,0.14,0.0,0.0,0.0
Meta Ads,genero,female,21187,43,38.63,19.0,2.033157894736842,0.20295464199745128
Meta Ads,genero,male,18847,18,34.04,16.0,2.1275,0.09550591606091155
Meta Ads,genero,unknown,165,0,0.29,0.0,0.0,0.0
Meta Ads,genero,female,8900,5,15.49,5.0,3.098,0.05617977528089888
Meta Ads,genero,male,6956,10,11.98,9.0,1.3311111111111111,0.14376078205865442
Meta Ads,genero,unknown,55,0,0.16,0.0,0.0,0.0
Meta Ads,genero,female,59314,22,96.16,1.0,96.16,0.037090737431297836
Meta Ads,genero,male,42175,19,66.59,0.0,0.0,0.045050385299347954
Meta Ads,genero,unknown,428,0,0.51,0.0,0.0,0.0
Meta Ads,genero,female,0,0,0.0,0.0,0.0,0.0
Meta Ads,genero,male,0,0,0.0,0.0,0.0,0.0
Meta Ads,genero,female,52643,74,89.56,48.0,1.8658333333333335,0.14056949641927702
Meta Ads,genero,male,37542,44,64.03,30.0,2.134333333333333,0.11720206701827288
Meta Ads,genero,unknown,317,0,0.42,0.0,0.0,0.0
Meta Ads,genero,female,47813,49,79.71,34.0,2.344411764705882,0.10248258841737604
Meta Ads,genero,male,45453,39,73.61,31.0,2.374516129032258,0.08580291729918817
Meta Ads,genero,unknown,368,0,0.51,0.0,0.0,0.0
Meta Ads,genero,female,24149,184,88.03,47.0,1.8729787234042554,0.7619363120626113
Meta Ads,genero,male,6749,34,24.66,14.0,1.7614285714285713,0.5037783375314862
Meta Ads,genero,unknown,110,0,0.45,0.0,0.0,0.0
Meta Ads,genero,female,174644,294,276.24,163.0,1.6947239263803682,0.1683424566546804
Meta Ads,genero,male,235631,345,373.85,207.0,1.8060386473429952,0.146415369794297
Meta Ads,genero,unknown,2703,4,3.91,2.0,1.955,0.14798372179060304
Meta Ads,genero,female,123013,1868,387.05,1406.0,0.2752844950213371,1.518538691032655
Meta Ads,genero,male,95094,1258,265.34,983.0,0.2699287894201424,1.3229015500452184
Meta Ads,genero,unknown,2047,38,6.43,36.0,0.1786111111111111,1.8563751831949193
Meta Ads,genero,female,145449,212,251.65,143.0,1.7597902097902098,0.145755556930608
Meta Ads,genero,male,121499,187,205.89,130.0,1.5837692307692306,0.15391073177557016
Meta Ads,genero,unknown,990,3,1.78,1.0,1.78,0.30303030303030304
Meta Ads,genero,female,91113,104,153.27,1.0,153.27,0.1141439750639316
Meta Ads,genero,male,84311,87,145.02,0.0,0.0,0.10318938216840033
Meta Ads,genero,unknown,579,2,1.03,0.0,0.0,0.3454231433506045
Meta Ads,genero,female,202044,96,428.87,20.0,21.4435,0.047514402803349766
Meta Ads,genero,male,172361,86,367.81,18.0,20.433888888888887,0.04989527793410342
Meta Ads,genero,unknown,1592,0,3.28,0.0,0.0,0.0
Meta Ads,genero,female,25813,144,173.76,61.0,2.8485245901639344,0.5578584434199823
Meta Ads,genero,male,4139,16,25.54,5.0,5.108,0.3865668035757429
Meta Ads,genero,unknown,86,0,0.62,0.0,0.0,0.0
Meta Ads,genero,female,0,0,0.0,0.0,0.0,0.0
Meta Ads,genero,female,664331,1560,848.238345,719.0,1.1797473504867872,0.23482270133412408
Meta Ads,genero,male,621404,1192,784.480953,536.0,1.4635838675373134,0.19182367670629735
Meta Ads,genero,unknown,4898,10,6.050702,7.0,0.864386,0.2041649652919559
Meta Ads,genero,female,287960,6587,924.994799,4672.0,0.1979869004708904,2.2874704820113902
Meta Ads,genero,male,222532,5094,701.60466,3927.0,0.17866174178762415,2.289108982078982
Meta Ads,genero,unknown,1421,26,4.010541,21.0,0.19097814285714285,1.8296973961998593
Meta Ads,genero,female,212855,250,301.92026,193.0,1.5643536787564767,0.11745084682060558
Meta Ads,genero,male,169126,199,236.91944,144.0,1.645273888888889,0.11766375365112401
Meta Ads,genero,unknown,1310,1,1.8003,0.0,0.0,0.07633587786259542
Meta Ads,genero,female,0,0,0.0,0.0,0.0,0.0
Meta Ads,genero,female,0,0,0.0,0.0,0.0,0.0
Meta Ads,genero,male,0,0,0.0,0.0,0.0,0.0
Meta Ads,genero,female,111227,127,188.30304,118.0,1.5957884745762714,0.11418090931158802
Meta Ads,genero,male,94356,83,160.386281,67.0,2.3938250895522386,0.08796472932298953
Meta Ads,genero,unknown,661,1,1.130679,1.0,1.130679,0.15128593040847202
Meta Ads,genero,female,97732,483,511.227041,217.0,2.3558849815668204,0.4942086522326362
Meta Ads,genero,male,19000,71,87.212907,30.0,2.9070969,0.3736842105263158
Meta Ads,genero,unknown,347,2,1.540051,1.0,1.540051,0.5763688760806917
Meta Ads,genero,female,163152,354,231.59411,223.0,1.0385386098654708,0.21697558105325093
Meta Ads,genero,male,184207,370,266.165173,223.0,1.193565798206278,0.20086098791034002
Meta Ads,genero,unknown,1481,0,2.240717,0.0,0.0,0.0
Meta Ads,genero,female,144052,196,193.964337,142.0,1.3659460352112676,0.13606197761919306
Meta Ads,genero,male,115005,126,154.95542,92.0,1.6842980434782608,0.10956045389330898
Meta Ads,genero,unknown,800,2,1.060242,2.0,0.530121,0.25
Meta Ads,genero,female,165706,248,220.898935,189.0,1.168777433862434,0.14966265554657043
Meta Ads,genero,male,97150,129,128.100981,90.0,1.4233442333333333,0.13278435409161093
Meta Ads,genero,unknown,715,1,0.980084,0.0,0.0,0.13986013986013987
Meta Ads,genero,female,155283,194,197.263153,149.0,1.3239137785234898,0.12493318650463991
Meta Ads,genero,male,81101,83,101.796787,62.0,1.6418836612903225,0.10234152476541597
Meta Ads,genero,unknown,662,2,0.90006,2.0,0.45003,0.3021148036253776
Meta Ads,genero,female,178731,82,283.145663,34.0,8.32781361764706,0.04587900252334514
Meta Ads,genero,male,135935,57,215.024301,23.0,9.348882652173913,0.04193180564240262
Meta Ads,genero,unknown,1181,0,1.820036,0.0,0.0,0.0
Meta Ads,genero,female,62640,26,93.83,0.0,0.0,0.041507024265644954
Meta Ads,genero,male,37682,11,55.64,0.0,0.0,0.029191656493816675
Meta Ads,genero,unknown,298,0,0.47,0.0,0.0,0.0
Meta Ads,genero,female,64373,131,84.705647,77.0,1.1000733376623377,0.20350146800677305
Meta Ads,genero,male,48260,59,64.734316,41.0,1.578885756097561,0.12225445503522586
Meta Ads,genero,unknown,399,1,0.560037,2.0,0.2800185,0.2506265664160401
Meta Ads,genero,female,375363,686,308.24495,378.0,0.8154628306878308,0.18275642511382315
Meta Ads,genero,male,377249,507,307.604919,238.0,1.2924576428571428,0.13439399441748023
Meta Ads,genero,unknown,3277,7,2.720132,4.0,0.680033,0.21361000915471468
Meta Ads,genero,female,89692,2713,278.065413,1959.0,0.141942528330781,3.024795968425278
Meta Ads,genero,male,76365,2034,234.034556,1645.0,0.14227024680851064,2.6635238656452564
Meta Ads,genero,unknown,517,12,1.56003,10.0,0.156003,2.321083172147002
Meta Ads,genero,female,0,0,0.0,0.0,0.0,0.0
Meta Ads,genero,male,0,0,0.0,0.0,0.0,0.0
Meta Ads,genero,female,0,0,0.0,0.0,0.0,0.0
Meta Ads,genero,male,0,0,0.0,0.0,0.0,0.0
Meta Ads,genero,female,617160,1283,808.359288,900.0,0.8981769866666667,0.20788774385896688
Meta Ads,genero,male,475380,826,625.560403,614.0,1.0188280179153093,0.17375573225630023
Meta Ads,genero,unknown,4982,9,6.360309,6.0,1.0600515,0.1806503412284223
Meta Ads,genero,female,779950,1491,1623.531229,1034.0,1.570146256286267,0.19116610039105073
Meta Ads,genero,male,645592,857,1355.32781,622.0,2.178983617363344,0.13274637851770157
Meta Ads,genero,unknown,8798,16,19.210961,12.0,1.6009134166666668,0.18185951352580132
Meta Ads,genero,female,146123,239,171.484282,183.0,0.9370725792349727,0.16356083573427865
Meta Ads,genero,male,108353,157,127.16576,119.0,1.068619831932773,0.14489677258589978
Meta Ads,genero,unknown,994,2,1.249958,1.0,1.249958,0.2012072434607646
Meta Ads,genero,female,308381,515,390.61569,354.0,1.1034341525423728,0.16700120954274097
Meta Ads,genero,male,231488,329,293.204271,233.0,1.2583874291845494,0.1421239977882223
Meta Ads,genero,unknown,2106,1,2.650039,0.0,0.0,0.04748338081671415
Meta Ads,genero,female,239104,358,296.202086,242.0,1.2239755619834711,0.14972564239828695
Meta Ads,genero,male,154659,196,192.187842,129.0,1.4898282325581393,0.12673041982684485
Meta Ads,genero,unknown,1519,1,1.750071,1.0,1.750071,0.06583278472679394
Meta Ads,genero,female,218038,300,281.29,204.0,1.3788725490196079,0.1375906951999193
Meta Ads,genero,male,153750,215,199.12,136.0,1.4641176470588235,0.13983739837398373
Meta Ads,genero,unknown,1366,3,1.67,3.0,0.5566666666666666,0.21961932650073207
Meta Ads,genero,female,43207,71,55.3,60.0,0.9216666666666666,0.16432522507926955
Meta Ads,genero,male,31562,55,41.21,40.0,1.03025,0.174260186299981
Meta Ads,genero,unknown,275,2,0.38,1.0,0.38,0.7272727272727273
Meta Ads,genero,female,28644,32,37.75,23.0,1.641304347826087,0.11171624074849881
Meta Ads,genero,male,20760,20,28.21,15.0,1.8806666666666667,0.09633911368015415
Meta Ads,genero,unknown,191,0,0.29,0.0,0.0,0.0
Meta Ads,genero,female,64742,80,86.37,50.0,1.7274,0.12356739056562972
Meta Ads,genero,male,39737,51,54.14,36.0,1.5038888888888888,0.128343860885321
Meta Ads,genero,unknown,312,1,0.37,1.0,0.37,0.3205128205128205
Meta Ads,genero,female,196772,332,250.8,257.0,0.975875486381323,0.16872319232411115
Meta Ads,genero,male,156957,252,202.03,182.0,1.110054945054945,0.160553527399224
Meta Ads,genero,unknown,1415,3,1.7,3.0,0.5666666666666667,0.21201413427561835
Meta Ads,genero,female,105874,158,135.68,114.0,1.1901754385964913,0.1492339951262822
Meta Ads,genero,male,84056,119,108.39,85.0,1.2751764705882354,0.14157228514323786
Meta Ads,genero,unknown,700,1,0.88,1.0,0.88,0.14285714285714285
Meta Ads,genero,female,77982,109,97.02,78.0,1.2438461538461538,0.13977584570798388
Meta Ads,genero,male,62621,59,77.25,43.0,1.7965116279069768,0.09421759473658997
Meta Ads,genero,unknown,502,0,0.71,0.0,0.0,0.0
Meta Ads,genero,female,79045,103,100.0,80.0,1.25,0.1303055221709153
Meta Ads,genero,male,57345,88,74.31,58.0,1.2812068965517243,0.15345714534833027
Meta Ads,genero,unknown,505,1,0.63,0.0,0.0,0.19801980198019803
Meta Ads,genero,female,64453,119,75.68,97.0,0.7802061855670104,0.1846306611018882
Meta Ads,genero,male,42395,73,49.28,62.0,0.7948387096774193,0.17219011675905177
Meta Ads,genero,unknown,401,3,0.44,2.0,0.22,0.7481296758104738
Meta Ads,genero,female,56797,65,67.8,51.0,1.3294117647058823,0.11444266422522317
Meta Ads,genero,male,44669,42,53.52,29.0,1.8455172413793104,0.0940249389957241
Meta Ads,genero,unknown,373,1,0.51,1.0,0.51,0.2680965147453083
Meta Ads,genero,female,115947,180,148.85,128.0,1.162890625,0.1552433439416285
Meta Ads,genero,male,72152,72,92.64,55.0,1.6843636363636363,0.09978933362900543
Meta Ads,genero,unknown,546,1,0.76,1.0,0.76,0.18315018315018314
Meta Ads,genero,female,104241,156,140.36,112.0,1.2532142857142858,0.1496532074711486
Meta Ads,genero,male,79993,129,108.71,97.0,1.120721649484536,0.16126411060967835
Meta Ads,genero,unknown,693,0,0.9,0.0,0.0,0.0
Meta Ads,genero,female,22489,27,28.6,21.0,1.361904761904762,0.12005869536217706
Meta Ads,genero,male,17283,21,22.02,18.0,1.2233333333333334,0.12150668286755771
Meta Ads,genero,unknown,145,0,0.23,0.0,0.0,0.0
Meta Ads,genero,female,494276,1029,622.52,716.0,0.8694413407821229,0.20818328221479496
Meta Ads,genero,male,379815,645,478.52,465.0,1.0290752688172042,0.1698195173966273
Meta Ads,genero,unknown,3318,12,4.15,9.0,0.46111111111111114,0.3616636528028933
Meta Ads,genero,female,250103,375,318.22,268.0,1.1873880597014927,0.14993822545111413
Meta Ads,genero,male,181559,233,228.39,169.0,1.351420118343195,0.12833293860397996
Meta Ads,genero,unknown,1425,2,1.72,2.0,0.86,0.14035087719298245
Meta Ads,genero,female,231052,316,280.78,210.0,1.3370476190476188,0.13676574970136593
Meta Ads,genero,male,143251,184,172.55,123.0,1.4028455284552845,0.12844587472338762
Meta Ads,genero,unknown,1148,1,1.48,1.0,1.48,0.08710801393728224
Meta Ads,genero,female,179813,232,228.0,163.0,1.3987730061349692,0.12902292937663015
Meta Ads,genero,male,126844,163,162.39,120.0,1.3532499999999998,0.12850430450001576
Meta Ads,genero,unknown,1103,6,1.39,4.0,0.3475,0.543970988213962
Meta Ads,genero,female,62849,113,76.6,85.0,0.9011764705882352,0.17979601902973794
Meta Ads,genero,male,41868,73,50.2,57.0,0.880701754385965,0.17435750453807203
Meta Ads,genero,unknown,397,0,0.6,0.0,0.0,0.0
Meta Ads,genero,female,145758,167,175.7,126.0,1.3944444444444444,0.11457347109592614
Meta Ads,genero,male,110941,122,131.23,91.0,1.442087912087912,0.10996836156155074
Meta Ads,genero,unknown,1026,1,1.38,0.0,0.0,0.09746588693957114
Meta Ads,genero,female,7555,16,9.54,11.0,0.8672727272727272,0.21178027796161483
Meta Ads,genero,male,5403,7,7.01,5.0,1.402,0.12955765315565426
Meta Ads,genero,unknown,41,0,0.06,0.0,0.0,0.0
Meta Ads,genero,female,60941,67,73.31,61.0,1.2018032786885247,0.10994240330811768
Meta Ads,genero,male,43543,45,51.86,36.0,1.4405555555555556,0.10334611763084768
Meta Ads,genero,unknown,306,1,0.43,1.0,0.43,0.32679738562091504
Meta Ads,genero,female,146955,258,178.26,178.0,1.0014606741573033,0.17556394814739207
Meta Ads,genero,male,97911,129,120.45,105.0,1.1471428571428572,0.13175230566534915
Meta Ads,genero,unknown,782,0,1.24,0.0,0.0,0.0
Meta Ads,genero,female,86679,87,100.63,66.0,1.5246969696969697,0.1003703319143045
Meta Ads,genero,male,72920,79,84.54,61.0,1.3859016393442625,0.10833790455293472
Meta Ads,genero,unknown,576,2,0.7,1.0,0.7,0.3472222222222222
Meta Ads,genero,female,109899,197,149.96,41.0,3.6575609756097562,0.17925549823019318
Meta Ads,genero,male,96717,119,130.29,38.0,3.4286842105263156,0.12303938294198538
Meta Ads,genero,unknown,730,1,0.85,0.0,0.0,0.136986301369863
Meta Ads,genero,female,102787,74,118.429285,54.0,2.193134907407407,0.07199354003911
Meta Ads,genero,male,88210,78,101.850785,61.0,1.669685,0.08842534859993198
Meta Ads,genero,unknown,692,0,0.779929,0.0,0.0,0.0
Meta Ads,genero,female,565340,716,743.575126,40.0,18.589378149999998,0.12664944988856264
Meta Ads,genero,male,567424,452,750.714984,21.0,35.74833257142857,0.07965824498082563
Meta Ads,genero,unknown,4385,1,5.49989,0.0,0.0,0.02280501710376283
Meta Ads,genero,female,834914,1227,1205.465891,1024.0,1.1772127841796876,0.14696124391254667
Meta Ads,genero,male,558411,648,787.864243,548.0,1.4377084726277372,0.11604355931383874
Meta Ads,genero,unknown,4707,9,6.669867,6.0,1.1116445,0.19120458891013384
Meta Ads,genero,female,1411528,1068,1987.303935,529.0,3.756718213610586,0.07566268611037118
Meta Ads,genero,male,1229918,780,1710.656172,374.0,4.573946983957219,0.06341886207047949
Meta Ads,genero,unknown,9669,5,13.249893,2.0,6.6249465,0.05171165580721895
Meta Ads,genero,female,122815,208,166.43,152.0,1.0949342105263158,0.1693604201441192
Meta Ads,genero,male,105289,130,143.65,103.0,1.3946601941747574,0.12346968819154898
Meta Ads,genero,unknown,756,0,1.04,0.0,0.0,0.0
Meta Ads,genero,female,199288,329,282.283934,269.0,1.0493826542750928,0.16508771225563004
Meta Ads,genero,male,153054,188,215.225873,149.0,1.4444689463087248,0.1228324643589844
Meta Ads,genero,unknown,1122,0,1.600192,0.0,0.0,0.0
Meta Ads,genero,female,212258,346,344.7,286.0,1.2052447552447552,0.16300916808789304
Meta Ads,genero,male,251263,420,404.96,311.0,1.3021221864951769,0.16715553026112082
Meta Ads,genero,unknown,2051,4,3.17,4.0,0.7925,0.19502681618722573
Meta Ads,genero,female,161877,399,243.360265,273.0,0.8914295421245422,0.24648344113122928
Meta Ads,genero,male,170589,301,254.929802,233.0,1.094119321888412,0.17644748489058498
Meta Ads,genero,unknown,1168,3,1.669933,3.0,0.5566443333333333,0.2568493150684931
Meta Ads,genero,female,51363,126,72.39,78.0,0.9280769230769231,0.24531277378657787
Meta Ads,genero,male,94466,156,132.64,97.0,1.367422680412371,0.1651387800901912
Meta Ads,genero,unknown,669,2,0.87,2.0,0.435,0.29895366218236175
Meta Ads,genero,female,11222,24,14.21,13.0,1.093076923076923,0.21386562110140794
Meta Ads,genero,male,13158,17,16.98,11.0,1.5436363636363637,0.12919896640826875
Meta Ads,genero,unknown,84,0,0.13,0.0,0.0,0.0
Meta Ads,genero,female,12421,492,36.37,1.0,36.37,3.961033733193785
Meta Ads,genero,male,2772,161,7.42,0.0,0.0,5.808080808080808
Meta Ads,genero,unknown,31,0,0.09,0.0,0.0,0.0
Meta Ads,genero,female,3491,113,12.26,74.0,0.16567567567567568,3.236894872529361
Meta Ads,genero,male,2889,84,11.61,56.0,0.20732142857142857,2.907580477673936
Meta Ads,genero,unknown,20,1,0.09,1.0,0.09,5.0
Meta Ads,genero,female,1218,11,10.93,4.0,2.7325,0.9031198686371099
Meta Ads,genero,male,710,8,8.64,2.0,4.32,1.1267605633802817
Meta Ads,genero,unknown,4,0,0.12,0.0,0.0,0.0
Meta Ads,genero,female,112690,121,141.15,34.0,4.151470588235294,0.1073742124412104
Meta Ads,genero,male,116750,95,146.44,38.0,3.853684210526316,0.08137044967880086
Meta Ads,genero,unknown,898,2,1.19,1.0,1.19,0.22271714922048996
Meta Ads,genero,female,615111,1081,831.776675,719.0,1.1568521210013907,0.17574063868147374
Meta Ads,genero,male,677228,1004,908.163614,662.0,1.3718483595166164,0.14825140130059597
Meta Ads,genero,unknown,5451,8,7.209711,7.0,1.0299587142857143,0.1467620620069712
Meta Ads,genero,female,98865,237,111.52,153.0,0.7288888888888888,0.23972083143680775
Meta Ads,genero,male,158998,264,181.18,170.0,1.065764705882353,0.16603982440030693
Meta Ads,genero,unknown,1185,3,1.4,2.0,0.7,0.25316455696202533
Meta Ads,genero,female,75650,132,79.240605,83.0,0.9547060843373494,0.17448777263714474
Meta Ads,genero,male,83821,138,88.739478,111.0,0.7994547567567568,0.16463654692738097
Meta Ads,genero,unknown,597,1,0.699917,1.0,0.699917,0.16750418760469013
Meta Ads,genero,female,63406,1189,149.51,3.0,49.836666666666666,1.8752168564489162
Meta Ads,genero,male,23286,771,53.09,0.0,0.0,3.3110023189899507
Meta Ads,genero,unknown,263,6,0.63,0.0,0.0,2.2813688212927756
Meta Ads,genero,female,116638,6024,537.265431,4733.0,0.1135147751954363,5.16469761141309
Meta Ads,genero,male,148581,7688,635.404597,5988.0,0.1061129921509686,5.174282041445407
Meta Ads,genero,unknown,638,32,3.259972,21.0,0.1552367619047619,5.015673981191222
Meta Ads,genero,female,64569,643,678.12,341.0,1.9886217008797653,0.9958339141073891
Meta Ads,genero,male,43822,585,496.32,249.0,1.9932530120481928,1.3349459175756468
Meta Ads,genero,unknown,418,2,4.24,1.0,4.24,0.4784688995215311
Meta Ads,genero,female,119845,2466,364.87,2070.0,0.1762657004830918,2.0576578080020025
Meta Ads,genero,male,48022,837,134.1,726.0,0.1847107438016529,1.7429511473907793
Meta Ads,genero,unknown,362,5,0.86,5.0,0.172,1.3812154696132597
Meta Ads,genero,female,211650,233,306.53,152.0,2.016644736842105,0.11008740845735886
Meta Ads,genero,male,133688,135,192.09,79.0,2.4315189873417724,0.10098138950391958
Meta Ads,genero,unknown,973,2,1.32,1.0,1.32,0.20554984583761562
Meta Ads,genero,female,127917,239,164.005314,166.0,0.9879838192771084,0.18683990400025016
Meta Ads,genero,male,140076,182,184.614725,127.0,1.4536592519685039,0.12992946686084697
Meta Ads,genero,unknown,1082,1,1.369961,1.0,1.369961,0.09242144177449169
Meta Ads,genero,female,115346,173,154.664842,137.0,1.1289404525547444,0.14998352782064397
Meta Ads,genero,male,107083,137,144.215191,113.0,1.276240628318584,0.12793814144168542
Meta Ads,genero,unknown,751,2,0.989967,2.0,0.4949835,0.2663115845539281
Meta Ads,genero,female,47580,143,66.499635,0.0,0.0,0.3005464480874317
Meta Ads,genero,male,43870,30,61.110475,1.0,61.110475,0.06838386140870754
Meta Ads,genero,unknown,577,2,0.699891,0.0,0.0,0.34662045060658575
Meta Ads,genero,female,42384,53,74.138731,40.0,1.8534682750000002,0.12504718761796904
Meta Ads,genero,male,33258,37,56.891353,29.0,1.9617707931034483,0.11125142822779482
Meta Ads,genero,unknown,246,0,0.549916,0.0,0.0,0.0
Meta Ads,genero,female,13281,494,78.253891,484.0,0.1616815929752066,3.719599427753934
Meta Ads,genero,male,9135,295,49.676122,279.0,0.17805061648745518,3.2293377120963327
Meta Ads,genero,unknown,51,0,0.169987,0.0,0.0,0.0
Meta Ads,genero,female,0,0,0.0,0.0,0.0,0.0
Meta Ads,genero,female,53705,108,77.03,0.0,0.0,0.20109859417186482
Meta Ads,genero,male,55824,56,81.06,3.0,27.02,0.10031527658354829
Meta Ads,genero,unknown,436,0,0.42,0.0,0.0,0.0
Meta Ads,genero,female,133665,159,211.19,105.0,2.0113333333333334,0.11895410167209067
Meta Ads,genero,male,126750,132,200.43,94.0,2.1322340425531916,0.10414201183431952
Meta Ads,genero,unknown,1011,1,1.62,1.0,1.62,0.09891196834817012
Meta Ads,genero,female,53139,1460,266.24,1373.0,0.19391114348142754,2.7475112440956737
Meta Ads,genero,male,35023,743,148.95,695.0,0.2143165467625899,2.121463038574651
Meta Ads,genero,unknown,243,2,0.62,2.0,0.31,0.823045267489712
Meta Ads,genero,female,31066,6,44.84,0.0,0.0,0.019313719178523144
Meta Ads,genero,male,33301,11,48.95,0.0,0.0,0.033032041079847446
Meta Ads,genero,unknown,236,0,0.35,0.0,0.0,0.0
Meta Ads,genero,female,45429,126,91.34,69.0,1.3237681159420291,0.27735587400118866
Meta Ads,genero,male,44423,60,88.51,37.0,2.3921621621621623,0.1350651689440155
Meta Ads,genero,unknown,350,0,0.64,0.0,0.0,0.0
Meta Ads,genero,female,41490,86,80.15,1.0,80.15,0.20727886237647625
Meta Ads,genero,male,44315,52,83.85,5.0,16.77,0.11734175786979578
Meta Ads,genero,unknown,315,1,0.57,0.0,0.0,0.31746031746031744
TikTok Ads,faixa_etaria,AGE_18_24,1975,0,5.32,0.0,0.0,0.0
TikTok Ads,faixa_etaria,AGE_25_34,1081,0,2.83,0.0,0.0,0.0
TikTok Ads,faixa_etaria,AGE_35_44,657,0,1.71,0.0,0.0,0.0
TikTok Ads,faixa_etaria,AGE_45_54,641,0,1.42,0.0,0.0,0.0
TikTok Ads,faixa_etaria,AGE_55_100,783,0,1.85,0.0,0.0,0.0
TikTok Ads,faixa_etaria,AGE_18_24,3752,0,9.08,0.0,0.0,0.0
TikTok Ads,faixa_etaria,AGE_25_34,1810,0,4.85,0.0,0.0,0.0
TikTok Ads,faixa_etaria,AGE_35_44,1338,0,3.18,0.0,0.0,0.0
TikTok Ads,faixa_etaria,AGE_45_54,1279,0,2.8,0.0,0.0,0.0
TikTok Ads,faixa_etaria,AGE_55_100,1746,0,3.39,0.0,0.0,0.0
TikTok Ads,faixa_etaria,AGE_18_24,6095,0,10.1,0.0,0.0,0.0
TikTok Ads,faixa_etaria,AGE_25_34,4084,0,7.6,0.0,0.0,0.0
TikTok Ads,faixa_etaria,AGE_35_44,2412,0,3.96,0.0,0.0,0.0
TikTok Ads,faixa_etaria,AGE_45_54,2072,0,3.26,0.0,0.0,0.0
TikTok Ads,faixa_etaria,AGE_55_100,2357,0,3.29,0.0,0.0,0.0
TikTok Ads,faixa_etaria,NONE,1,0,0.0,0.0,0.0,0.0
TikTok Ads,faixa_etaria,AGE_18_24,5269,0,10.18,0.0,0.0,0.0
TikTok Ads,faixa_etaria,AGE_25_34,3664,0,6.64,0.0,0.0,0.0
TikTok Ads,faixa_etaria,AGE_35_44,2187,0,4.12,0.0,0.0,0.0
TikTok Ads,faixa_etaria,AGE_45_54,1791,0,2.81,0.0,0.0,0.0
TikTok Ads,faixa_etaria,AGE_55_100,2090,0,3.05,0.0,0.0,0.0
TikTok Ads,faixa_etaria,NONE,0,0,0.01,0.0,0.0,0.0
TikTok Ads,faixa_etaria,AGE_18_24,8027,0,16.55,0.0,0.0,0.0
TikTok Ads,faixa_etaria,AGE_25_34,5976,0,12.81,0.0,0.0,0.0
TikTok Ads,faixa_etaria,AGE_35_44,3267,0,6.35,0.0,0.0,0.0
TikTok Ads,faixa_etaria,AGE_45_54,2441,0,4.68,0.0,0.0,0.0
TikTok Ads,faixa_etaria,AGE_55_100,2693,0,4.72,0.0,0.0,0.0
TikTok Ads,faixa_etaria,NONE,3,0,0.01,0.0,0.0,0.0
TikTok Ads,faixa_etaria,AGE_18_24,9216,0,19.15,0.0,0.0,0.0
TikTok Ads,faixa_etaria,AGE_25_34,6415,0,14.34,0.0,0.0,0.0
TikTok Ads,faixa_etaria,AGE_35_44,3420,0,6.92,0.0,0.0,0.0
TikTok Ads,faixa_etaria,AGE_45_54,2874,0,4.62,0.0,0.0,0.0
TikTok Ads,faixa_etaria,AGE_55_100,3147,0,5.59,0.0,0.0,0.0
TikTok Ads,faixa_etaria,NONE,3,0,0.02,0.0,0.0,0.0
TikTok Ads,faixa_etaria,AGE_18_24,10000,0,18.98,0.0,0.0,0.0
TikTok Ads,faixa_etaria,AGE_25_34,7104,0,14.7,0.0,0.0,0.0
TikTok Ads,faixa_etaria,AGE_35_44,3579,0,7.42,0.0,0.0,0.0
TikTok Ads,faixa_etaria,AGE_45_54,2763,0,4.24,0.0,0.0,0.0
TikTok Ads,faixa_etaria,AGE_55_100,3042,0,4.92,0.0,0.0,0.0
TikTok Ads,faixa_etaria,NONE,8,0,0.02,0.0,0.0,0.0
TikTok Ads,faixa_etaria,AGE_18_24,10467,0,19.01,0.0,0.0,0.0
TikTok Ads,faixa_etaria,AGE_25_34,7179,0,15.06,0.0,0.0,0.0
TikTok Ads,faixa_etaria,AGE_35_44,3635,0,7.26,0.0,0.0,0.0
TikTok Ads,faixa_etaria,AGE_45_54,2648,0,4.7,0.0,0.0,0.0
TikTok Ads,faixa_etaria,AGE_55_100,2746,0,4.47,0.0,0.0,0.0
TikTok Ads,faixa_etaria,NONE,8,0,0.06,0.0,0.0,0.0
TikTok Ads,faixa_etaria,AGE_18_24,10298,0,18.66,0.0,0.0,0.0
TikTok Ads,faixa_etaria,AGE_25_34,6614,0,13.84,0.0,0.0,0.0
TikTok Ads,faixa_etaria,AGE_35_44,3570,0,7.38,0.0,0.0,0.0
TikTok Ads,faixa_etaria,AGE_45_54,2703,0,5.05,0.0,0.0,0.0
TikTok Ads,faixa_etaria,AGE_55_100,2897,0,4.93,0.0,0.0,0.0
TikTok Ads,faixa_etaria,NONE,7,0,0.02,0.0,0.0,0.0
TikTok Ads,faixa_etaria,AGE_18_24,9719,0,19.29,0.0,0.0,0.0
TikTok Ads,faixa_etaria,AGE_25_34,5996,0,12.46,0.0,0.0,0.0
TikTok Ads,faixa_etaria,AGE_35_44,3468,0,6.92,0.0,0.0,0.0
TikTok Ads,faixa_etaria,AGE_45_54,2673,0,4.38,0.0,0.0,0.0
TikTok Ads,faixa_etaria,AGE_55_100,3011,0,5.1,0.0,0.0,0.0
TikTok Ads,faixa_etaria,NONE,4,0,0.0,0.0,0.0,0.0
TikTok Ads,faixa_etaria,AGE_18_24,8960,0,17.87,0.0,0.0,0.0
TikTok Ads,faixa_etaria,AGE_25_34,6110,0,13.63,0.0,0.0,0.0
TikTok Ads,faixa_etaria,AGE_35_44,3153,0,6.71,0.0,0.0,0.0
TikTok Ads,faixa_etaria,AGE_45_54,2354,0,4.77,0.0,0.0,0.0
TikTok Ads,faixa_etaria,AGE_55_100,2604,0,4.57,0.0,0.0,0.0
TikTok Ads,faixa_etaria,NONE,2,0,0.01,0.0,0.0,0.0
TikTok Ads,faixa_etaria,AGE_18_24,9249,0,19.17,0.0,0.0,0.0
TikTok Ads,faixa_etaria,AGE_25_34,6078,0,13.74,0.0,0.0,0.0
TikTok Ads,faixa_etaria,AGE_35_44,3179,0,6.62,0.0,0.0,0.0
TikTok Ads,faixa_etaria,AGE_45_54,2198,0,4.23,0.0,0.0,0.0
TikTok Ads,faixa_etaria,AGE_55_100,2402,0,4.23,0.0,0.0,0.0
TikTok Ads,faixa_etaria,NONE,4,0,0.02,0.0,0.0,0.0
TikTok Ads,faixa_etaria,AGE_18_24,9646,0,19.58,0.0,0.0,0.0
TikTok Ads,faixa_etaria,AGE_25_34,6352,0,14.35,0.0,0.0,0.0
TikTok Ads,faixa_etaria,AGE_35_44,3192,0,6.6,0.0,0.0,0.0
TikTok Ads,faixa_etaria,AGE_45_54,2286,0,4.08,0.0,0.0,0.0
TikTok Ads,faixa_etaria,AGE_55_100,2639,0,4.12,0.0,0.0,0.0
TikTok Ads,faixa_etaria,NONE,3,0,0.03,0.0,0.0,0.0
TikTok Ads,faixa_etaria,AGE_18_24,10120,0,19.65,0.0,0.0,0.0
TikTok Ads,faixa_etaria,AGE_25_34,6335,0,13.55,0.0,0.0,0.0
TikTok Ads,faixa_etaria,AGE_35_44,3329,0,6.53,0.0,0.0,0.0
TikTok Ads,faixa_etaria,AGE_45_54,2319,0,3.74,0.0,0.0,0.0
TikTok Ads,faixa_etaria,AGE_55_100,2580,0,3.75,0.0,0.0,0.0
TikTok Ads,faixa_etaria,NONE,4,0,0.03,0.0,0.0,0.0
TikTok Ads,faixa_etaria,AGE_18_24,9980,0,17.85,0.0,0.0,0.0
TikTok Ads,faixa_etaria,AGE_25_34,6599,0,13.75,0.0,0.0,0.0
TikTok Ads,faixa_etaria,AGE_35_44,3216,0,6.54,0.0,0.0,0.0
TikTok Ads,faixa_etaria,AGE_45_54,2322,0,4.44,0.0,0.0,0.0
TikTok Ads,faixa_etaria,AGE_55_100,2428,0,3.64,0.0,0.0,0.0
TikTok Ads,faixa_etaria,NONE,6,0,0.04,0.0,0.0,0.0
TikTok Ads,faixa_etaria,AGE_18_24,10932,0,19.38,0.0,0.0,0.0
TikTok Ads,faixa_etaria,AGE_25_34,6179,0,12.48,0.0,0.0,0.0
TikTok Ads,faixa_etaria,AGE_35_44,3430,0,6.74,0.0,0.0,0.0
TikTok Ads,faixa_etaria,AGE_45_54,2547,0,4.46,0.0,0.0,0.0
TikTok Ads,faixa_etaria,AGE_55_100,2690,0,5.0,0.0,0.0,0.0
TikTok Ads,faixa_etaria,NONE,6,0,0.02,0.0,0.0,0.0
TikTok Ads,faixa_etaria,AGE_18_24,9460,0,17.92,0.0,0.0,0.0
TikTok Ads,faixa_etaria,AGE_25_34,5273,0,11.73,0.0,0.0,0.0
TikTok Ads,faixa_etaria,AGE_35_44,3134,0,6.74,0.0,0.0,0.0
TikTok Ads,faixa_etaria,AGE_45_54,2501,0,4.89,0.0,0.0,0.0
TikTok Ads,faixa_etaria,AGE_55_100,2715,0,5.06,0.0,0.0,0.0
TikTok Ads,faixa_etaria,NONE,3,0,0.01,0.0,0.0,0.0
TikTok Ads,faixa_etaria,AGE_18_24,14003,0,28.39,0.0,0.0,0.0
TikTok Ads,faixa_etaria,AGE_25_34,7491,0,18.19,0.0,0.0,0.0
TikTok Ads,faixa_etaria,AGE_35_44,4026,0,9.99,0.0,0.0,0.0
TikTok Ads,faixa_etaria,AGE_45_54,3308,0,8.0,0.0,0.0,0.0
TikTok Ads,faixa_etaria,AGE_55_100,3893,0,8.29,0.0,0.0,0.0
TikTok Ads,faixa_etaria,NONE,0,0,0.0,0.0,0.0,0.0
TikTok Ads,faixa_etaria,AGE_18_24,18764,0,37.68,0.0,0.0,0.0
TikTok Ads,faixa_etaria,AGE_25_34,9754,0,24.63,0.0,0.0,0.0
TikTok Ads,faixa_etaria,AGE_35_44,5115,0,13.3,0.0,0.0,0.0
TikTok Ads,faixa_etaria,AGE_45_54,3904,0,8.79,0.0,0.0,0.0
TikTok Ads,faixa_etaria,AGE_55_100,4375,0,10.81,0.0,0.0,0.0
TikTok Ads,faixa_etaria,NONE,3,0,0.0,0.0,0.0,0.0
TikTok Ads,faixa_etaria,AGE_18_24,28460,0,59.98,0.0,0.0,0.0
TikTok Ads,faixa_etaria,AGE_25_34,17424,0,45.81,0.0,0.0,0.0
TikTok Ads,faixa_etaria,AGE_35_44,8393,0,21.71,0.0,0.0,0.0
TikTok Ads,faixa_etaria,AGE_45_54,5597,0,14.13,0.0,0.0,0.0
TikTok Ads,faixa_etaria,AGE_55_100,6033,0,13.97,0.0,0.0,0.0
TikTok Ads,faixa_etaria,AGE_18_24,30828,0,64.51,0.0,0.0,0.0
TikTok Ads,faixa_etaria,AGE_25_34,19597,0,54.2,0.0,0.0,0.0
TikTok Ads,faixa_etaria,AGE_35_44,9771,0,26.25,0.0,0.0,0.0
TikTok Ads,faixa_etaria,AGE_45_54,6524,0,16.1,0.0,0.0,0.0
TikTok Ads,faixa_etaria,AGE_55_100,6691,0,17.17,0.0,0.0,0.0
TikTok Ads,faixa_etaria,NONE,7,0,0.14,0.0,0.0,0.0
TikTok Ads,faixa_etaria,AGE_18_24,18793,0,37.97,0.0,0.0,0.0
TikTok Ads,faixa_etaria,AGE_25_34,13265,0,33.23,0.0,0.0,0.0
TikTok Ads,faixa_etaria,AGE_35_44,6892,0,17.83,0.0,0.0,0.0
TikTok Ads,faixa_etaria,AGE_45_54,4583,0,10.78,0.0,0.0,0.0
TikTok Ads,faixa_etaria,AGE_55_100,4397,0,11.39,0.0,0.0,0.0
TikTok Ads,faixa_etaria,NONE,11,0,0.04,0.0,0.0,0.0
TikTok Ads,faixa_etaria,AGE_18_24,16961,0,33.35,0.0,0.0,0.0
TikTok Ads,faixa_etaria,AGE_25_34,10404,0,24.63,0.0,0.0,0.0
TikTok Ads,faixa_etaria,AGE_35_44,5259,0,14.23,0.0,0.0,0.0
TikTok Ads,faixa_etaria,AGE_45_54,3798,0,8.76,0.0,0.0,0.0
TikTok Ads,faixa_etaria,AGE_55_100,3965,0,10.41,0.0,0.0,0.0
TikTok Ads,faixa_etaria,NONE,4,0,0.03,0.0,0.0,0.0
TikTok Ads,faixa_etaria,AGE_18_24,15905,0,32.3,0.0,0.0,0.0
TikTok Ads,faixa_etaria,AGE_25_34,9687,0,24.39,0.0,0.0,0.0
TikTok Ads,faixa_etaria,AGE_35_44,5086,0,12.57,0.0,0.0,0.0
TikTok Ads,faixa_etaria,AGE_45_54,3716,0,7.99,0.0,0.0,0.0
TikTok Ads,faixa_etaria,AGE_55_100,3708,0,8.69,0.0,0.0,0.0
TikTok Ads,faixa_etaria,NONE,4,0,0.01,0.0,0.0,0.0
TikTok Ads,faixa_etaria,AGE_18_24,16648,0,33.92,0.0,0.0,0.0
TikTok Ads,faixa_etaria,AGE_25_34,9409,0,23.84,0.0,0.0,0.0
TikTok Ads,faixa_etaria,AGE_35_44,4905,0,12.4,0.0,0.0,0.0
TikTok Ads,faixa_etaria,AGE_45_54,3818,0,7.79,0.0,0.0,0.0
TikTok Ads,faixa_etaria,AGE_55_100,4422,0,10.07,0.0,0.0,0.0
TikTok Ads,faixa_etaria,NONE,4,0,0.02,0.0,0.0,0.0
TikTok Ads,faixa_etaria,AGE_18_24,16061,0,32.0,0.0,0.0,0.0
TikTok Ads,faixa_etaria,AGE_25_34,8709,0,20.73,0.0,0.0,0.0
TikTok Ads,faixa_etaria,AGE_35_44,4596,0,11.22,0.0,0.0,0.0
TikTok Ads,faixa_etaria,AGE_45_54,3580,0,7.99,0.0,0.0,0.0
TikTok Ads,faixa_etaria,AGE_55_100,3863,0,8.3,0.0,0.0,0.0
TikTok Ads,faixa_etaria,NONE,4,0,0.02,0.0,0.0,0.0
TikTok Ads,faixa_etaria,AGE_18_24,15286,0,31.55,0.0,0.0,0.0
TikTok Ads,faixa_etaria,AGE_25_34,8182,0,20.87,0.0,0.0,0.0
TikTok Ads,faixa_etaria,AGE_35_44,4225,0,11.36,0.0,0.0,0.0
TikTok Ads,faixa_etaria,AGE_45_54,3259,0,8.03,0.0,0.0,0.0
TikTok Ads,faixa_etaria,AGE_55_100,3448,0,8.08,0.0,0.0,0.0
TikTok Ads,faixa_etaria,NONE,6,0,0.03,0.0,0.0,0.0
TikTok Ads,faixa_etaria,AGE_18_24,14647,0,30.89,0.0,0.0,0.0
TikTok Ads,faixa_etaria,AGE_25_34,7873,0,21.18,0.0,0.0,0.0
TikTok Ads,faixa_etaria,AGE_35_44,3941,0,11.45,0.0,0.0,0.0
TikTok Ads,faixa_etaria,AGE_45_54,2732,0,6.51,0.0,0.0,0.0
TikTok Ads,faixa_etaria,AGE_55_100,2986,0,7.37,0.0,0.0,0.0
TikTok Ads,faixa_etaria,NONE,4,0,0.06,0.0,0.0,0.0
TikTok Ads,faixa_etaria,AGE_18_24,13284,0,27.57,0.0,0.0,0.0
TikTok Ads,faixa_etaria,AGE_25_34,7812,0,19.55,0.0,0.0,0.0
TikTok Ads,faixa_etaria,AGE_35_44,4047,0,10.31,0.0,0.0,0.0
TikTok Ads,faixa_etaria,AGE_45_54,2856,0,6.88,0.0,0.0,0.0
TikTok Ads,faixa_etaria,AGE_55_100,2951,0,6.43,0.0,0.0,0.0
TikTok Ads,faixa_etaria,NONE,2,0,0.01,0.0,0.0,0.0
TikTok Ads,faixa_etaria,AGE_18_24,12658,0,25.06,0.0,0.0,0.0
TikTok Ads,faixa_etaria,AGE_25_34,6620,0,15.2,0.0,0.0,0.0
TikTok Ads,faixa_etaria,AGE_35_44,3377,0,8.84,0.0,0.0,0.0
TikTok Ads,faixa_etaria,AGE_45_54,2393,0,5.34,0.0,0.0,0.0
TikTok Ads,faixa_etaria,AGE_55_100,2844,0,5.13,0.0,0.0,0.0
TikTok Ads,faixa_etaria,NONE,3,0,0.01,0.0,0.0,0.0
TikTok Ads,faixa_etaria,AGE_18_24,11612,0,23.73,0.0,0.0,0.0
TikTok Ads,faixa_etaria,AGE_25_34,6255,0,15.19,0.0,0.0,0.0
TikTok Ads,faixa_etaria,AGE_35_44,2950,0,6.67,0.0,0.0,0.0
TikTok Ads,faixa_etaria,AGE_45_54,2328,0,4.17,0.0,0.0,0.0
TikTok Ads,faixa_etaria,AGE_55_100,2691,0,4.46,0.0,0.0,0.0
TikTok Ads,faixa_etaria,NONE,5,0,0.02,0.0,0.0,0.0
TikTok Ads,faixa_etaria,AGE_18_24,7751,0,16.89,0.0,0.0,0.0
TikTok Ads,faixa_etaria,AGE_25_34,4068,0,10.03,0.0,0.0,0.0
TikTok Ads,faixa_etaria,AGE_35_44,1936,0,4.25,0.0,0.0,0.0
TikTok Ads,faixa_etaria,AGE_45_54,1719,0,3.82,0.0,0.0,0.0
TikTok Ads,faixa_etaria,AGE_55_100,2131,0,3.61,0.0,0.0,0.0
TikTok Ads,faixa_etaria,NONE,0,0,0.0,0.0,0.0,0.0
TikTok Ads,faixa_etaria,AGE_18_24,6585,0,14.15,0.0,0.0,0.0
TikTok Ads,faixa_etaria,AGE_25_34,3215,0,8.1,0.0,0.0,0.0
TikTok Ads,faixa_etaria,AGE_35_44,1644,0,3.86,0.0,0.0,0.0
TikTok Ads,faixa_etaria,AGE_45_54,1571,0,3.06,0.0,0.0,0.0
TikTok Ads,faixa_etaria,AGE_55_100,2105,0,4.02,0.0,0.0,0.0
TikTok Ads,faixa_etaria,AGE_18_24,8782,0,17.07,0.0,0.0,0.0
TikTok Ads,faixa_etaria,AGE_25_34,5336,0,11.42,0.0,0.0,0.0
TikTok Ads,faixa_etaria,AGE_35_44,2456,0,4.92,0.0,0.0,0.0
TikTok Ads,faixa_etaria,AGE_45_54,2073,0,3.38,0.0,0.0,0.0
TikTok Ads,faixa_etaria,AGE_55_100,2300,0,3.48,0.0,0.0,0.0
TikTok Ads,faixa_etaria,NONE,0,0,0.0,0.0,0.0,0.0
TikTok Ads,faixa_etaria,AGE_18_24,8874,0,16.16,0.0,0.0,0.0
TikTok Ads,faixa_etaria,AGE_25_34,5734,0,12.2,0.0,0.0,0.0
TikTok Ads,faixa_etaria,AGE_35_44,2722,0,5.29,0.0,0.0,0.0
TikTok Ads,faixa_etaria,AGE_45_54,1900,0,3.7,0.0,0.0,0.0
TikTok Ads,faixa_etaria,AGE_55_100,1975,0,2.91,0.0,0.0,0.0
TikTok Ads,faixa_etaria,NONE,0,0,0.0,0.0,0.0,0.0
TikTok Ads,faixa_etaria,AGE_18_24,8514,0,14.34,0.0,0.0,0.0
TikTok Ads,faixa_etaria,AGE_25_34,5950,0,12.84,0.0,0.0,0.0
TikTok Ads,faixa_etaria,AGE_35_44,2765,0,5.44,0.0,0.0,0.0
TikTok Ads,faixa_etaria,AGE_45_54,1907,0,3.42,0.0,0.0,0.0
TikTok Ads,faixa_etaria,AGE_55_100,1935,0,2.91,0.0,0.0,0.0
TikTok Ads,faixa_etaria,AGE_18_24,7366,0,12.93,0.0,0.0,0.0
TikTok Ads,faixa_etaria,AGE_25_34,5210,0,11.49,0.0,0.0,0.0
TikTok Ads,faixa_etaria,AGE_35_44,2722,0,6.0,0.0,0.0,0.0
TikTok Ads,faixa_etaria,AGE_45_54,2070,0,3.71,0.0,0.0,0.0
TikTok Ads,faixa_etaria,AGE_55_100,2104,0,3.28,0.0,0.0,0.0
TikTok Ads,faixa_etaria,NONE,5,0,0.01,0.0,0.0,0.0
TikTok Ads,faixa_etaria,AGE_18_24,6785,0,13.38,0.0,0.0,0.0
TikTok Ads,faixa_etaria,AGE_25_34,5047,0,10.91,0.0,0.0,0.0
TikTok Ads,faixa_etaria,AGE_35_44,2317,0,4.79,0.0,0.0,0.0
TikTok Ads,faixa_etaria,AGE_45_54,1769,0,3.65,0.0,0.0,0.0
TikTok Ads,faixa_etaria,AGE_55_100,1682,0,3.24,0.0,0.0,0.0
TikTok Ads,faixa_etaria,AGE_18_24,6729,0,14.63,0.0,0.0,0.0
TikTok Ads,faixa_etaria,AGE_25_34,4385,0,10.42,0.0,0.0,0.0
TikTok Ads,faixa_etaria,AGE_35_44,2263,0,5.5,0.0,0.0,0.0
TikTok Ads,faixa_etaria,AGE_45_54,1595,0,3.43,0.0,0.0,0.0
TikTok Ads,faixa_etaria,AGE_55_100,1832,0,3.28,0.0,0.0,0.0
TikTok Ads,faixa_etaria,NONE,3,0,0.0,0.0,0.0,0.0
TikTok Ads,faixa_etaria,AGE_18_24,7730,0,15.36,0.0,0.0,0.0
TikTok Ads,faixa_etaria,AGE_25_34,4242,0,9.73,0.0,0.0,0.0
TikTok Ads,faixa_etaria,AGE_35_44,2075,0,4.65,0.0,0.0,0.0
TikTok Ads,faixa_etaria,AGE_45_54,1840,0,3.82,0.0,0.0,0.0
TikTok Ads,faixa_etaria,AGE_55_100,2307,0,3.88,0.0,0.0,0.0
TikTok Ads,faixa_etaria,AGE_18_24,7288,0,14.67,0.0,0.0,0.0
TikTok Ads,faixa_etaria,AGE_25_34,4041,0,9.91,0.0,0.0,0.0
TikTok Ads,faixa_etaria,AGE_35_44,2148,0,4.98,0.0,0.0,0.0
TikTok Ads,faixa_etaria,AGE_45_54,1656,0,3.78,0.0,0.0,0.0
TikTok Ads,faixa_etaria,AGE_55_100,1976,0,3.93,0.0,0.0,0.0
TikTok Ads,faixa_etaria,NONE,3,0,0.0,0.0,0.0,0.0
TikTok Ads,faixa_etaria,AGE_18_24,7738,0,15.71,0.0,0.0,0.0
TikTok Ads,faixa_etaria,AGE_25_34,4463,0,10.62,0.0,0.0,0.0
TikTok Ads,faixa_etaria,AGE_35_44,2160,0,4.82,0.0,0.0,0.0
TikTok Ads,faixa_etaria,AGE_45_54,1433,0,3.2,0.0,0.0,0.0
TikTok Ads,faixa_etaria,AGE_55_100,1593,0,3.22,0.0,0.0,0.0
TikTok Ads,faixa_etaria,NONE,2,0,0.01,0.0,0.0,0.0
TikTok Ads,faixa_etaria,AGE_18_24,7807,0,14.3,0.0,0.0,0.0
TikTok Ads,faixa_etaria,AGE_25_34,4818,0,11.06,0.0,0.0,0.0
TikTok Ads,faixa_etaria,AGE_35_44,2235,0,5.33,0.0,0.0,0.0
TikTok Ads,faixa_etaria,AGE_45_54,1630,0,3.42,0.0,0.0,0.0
TikTok Ads,faixa_etaria,AGE_55_100,1580,0,2.97,0.0,0.0,0.0
TikTok Ads,faixa_etaria,NONE,1,0,0.01,0.0,0.0,0.0
TikTok Ads,faixa_etaria,AGE_18_24,6894,0,13.04,0.0,0.0,0.0
TikTok Ads,faixa_etaria,AGE_25_34,4571,0,10.42,0.0,0.0,0.0
TikTok Ads,faixa_etaria,AGE_35_44,2120,0,4.89,0.0,0.0,0.0
TikTok Ads,faixa_etaria,AGE_45_54,1691,0,3.26,0.0,0.0,0.0
TikTok Ads,faixa_etaria,AGE_55_100,1663,0,2.97,0.0,0.0,0.0
TikTok Ads,faixa_etaria,NONE,2,0,0.01,0.0,0.0,0.0
TikTok Ads,faixa_etaria,AGE_18_24,6667,0,13.76,0.0,0.0,0.0
TikTok Ads,faixa_etaria,AGE_25_34,4480,0,10.22,0.0,0.0,0.0
TikTok Ads,faixa_etaria,AGE_35_44,2206,0,4.94,0.0,0.0,0.0
TikTok Ads,faixa_etaria,AGE_45_54,1657,0,3.21,0.0,0.0,0.0
TikTok Ads,faixa_etaria,AGE_55_100,1674,0,3.18,0.0,0.0,0.0
TikTok Ads,faixa_etaria,NONE,3,0,0.02,0.0,0.0,0.0
TikTok Ads,faixa_etaria,AGE_18_24,6489,0,13.09,0.0,0.0,0.0
TikTok Ads,faixa_etaria,AGE_25_34,4603,0,10.85,0.0,0.0,0.0
TikTok Ads,faixa_etaria,AGE_35_44,2344,0,5.2,0.0,0.0,0.0
TikTok Ads,faixa_etaria,AGE_45_54,1681,0,3.13,0.0,0.0,0.0
TikTok Ads,faixa_etaria,AGE_55_100,1830,0,2.98,0.0,0.0,0.0
TikTok Ads,faixa_etaria,NONE,1,0,0.01,0.0,0.0,0.0
TikTok Ads,faixa_etaria,AGE_18_24,7934,0,14.61,0.0,0.0,0.0
TikTok Ads,faixa_etaria,AGE_25_34,4216,0,9.12,0.0,0.0,0.0
TikTok Ads,faixa_etaria,AGE_35_44,2043,0,4.41,0.0,0.0,0.0
TikTok Ads,faixa_etaria,AGE_45_54,1806,0,3.27,0.0,0.0,0.0
TikTok Ads,faixa_etaria,AGE_55_100,2134,0,3.47,0.0,0.0,0.0
TikTok Ads,faixa_etaria,NONE,2,0,0.01,0.0,0.0,0.0
TikTok Ads,faixa_etaria,AGE_18_24,7165,0,13.8,0.0,0.0,0.0
TikTok Ads,faixa_etaria,AGE_25_34,3902,0,9.43,0.0,0.0,0.0
TikTok Ads,faixa_etaria,AGE_35_44,2003,0,4.58,0.0,0.0,0.0
TikTok Ads,faixa_etaria,AGE_45_54,1670,0,3.42,0.0,0.0,0.0
TikTok Ads,faixa_etaria,AGE_55_100,2049,0,3.51,0.0,0.0,0.0
TikTok Ads,faixa_etaria,NONE,4,0,0.04,0.0,0.0,0.0
TikTok Ads,faixa_etaria,AGE_18_24,7309,0,14.01,0.0,0.0,0.0
TikTok Ads,faixa_etaria,AGE_25_34,4327,0,10.27,0.0,0.0,0.0
TikTok Ads,faixa_etaria,AGE_35_44,2177,0,4.84,0.0,0.0,0.0
TikTok Ads,faixa_etaria,AGE_45_54,1662,0,3.48,0.0,0.0,0.0
TikTok Ads,faixa_etaria,AGE_55_100,1800,0,3.33,0.0,0.0,0.0
TikTok Ads,faixa_etaria,NONE,4,0,0.01,0.0,0.0,0.0
TikTok Ads,faixa_etaria,AGE_18_24,6748,0,12.45,0.0,0.0,0.0
TikTok Ads,faixa_etaria,AGE_25_34,4194,0,9.5,0.0,0.0,0.0
TikTok Ads,faixa_etaria,AGE_35_44,2248,0,4.79,0.0,0.0,0.0
TikTok Ads,faixa_etaria,AGE_45_54,1656,0,3.5,0.0,0.0,0.0
TikTok Ads,faixa_etaria,AGE_55_100,1711,0,3.12,0.0,0.0,0.0
TikTok Ads,faixa_etaria,NONE,2,0,0.0,0.0,0.0,0.0
TikTok Ads,faixa_etaria,AGE_18_24,6173,0,11.57,0.0,0.0,0.0
TikTok Ads,faixa_etaria,AGE_25_34,3769,0,9.3,0.0,0.0,0.0
TikTok Ads,faixa_etaria,AGE_35_44,1908,0,4.32,0.0,0.0,0.0
TikTok Ads,faixa_etaria,AGE_45_54,1531,0,3.49,0.0,0.0,0.0
TikTok Ads,faixa_etaria,AGE_55_100,1612,0,3.41,0.0,0.0,0.0
TikTok Ads,faixa_etaria,NONE,6,0,0.03,0.0,0.0,0.0
TikTok Ads,faixa_etaria,AGE_18_24,5210,0,10.95,0.0,0.0,0.0
TikTok Ads,faixa_etaria,AGE_25_34,3804,0,9.47,0.0,0.0,0.0
TikTok Ads,faixa_etaria,AGE_35_44,2082,0,4.69,0.0,0.0,0.0
TikTok Ads,faixa_etaria,AGE_45_54,1633,0,3.67,0.0,0.0,0.0
TikTok Ads,faixa_etaria,AGE_55_100,1787,0,4.07,0.0,0.0,0.0
TikTok Ads,faixa_etaria,NONE,7,0,0.0,0.0,0.0,0.0
TikTok Ads,faixa_etaria,AGE_18_24,4568,0,10.43,0.0,0.0,0.0
TikTok Ads,faixa_etaria,AGE_25_34,3822,0,9.81,0.0,0.0,0.0
TikTok Ads,faixa_etaria,AGE_35_44,2076,0,4.8,0.0,0.0,0.0
TikTok Ads,faixa_etaria,AGE_45_54,1523,0,3.37,0.0,0.0,0.0
TikTok Ads,faixa_etaria,AGE_55_100,1776,0,3.9,0.0,0.0,0.0
TikTok Ads,faixa_etaria,NONE,2,0,0.01,0.0,0.0,0.0
TikTok Ads,faixa_etaria,AGE_18_24,5532,0,11.81,0.0,0.0,0.0
TikTok Ads,faixa_etaria,AGE_25_34,3124,0,7.66,0.0,0.0,0.0
TikTok Ads,faixa_etaria,AGE_35_44,1783,0,3.98,0.0,0.0,0.0
TikTok Ads,faixa_etaria,AGE_45_54,1476,0,3.05,0.0,0.0,0.0
TikTok Ads,faixa_etaria,AGE_55_100,1942,0,3.9,0.0,0.0,0.0
TikTok Ads,faixa_etaria,NONE,4,0,0.0,0.0,0.0,0.0
TikTok Ads,faixa_etaria,AGE_18_24,4853,0,10.11,0.0,0.0,0.0
TikTok Ads,faixa_etaria,AGE_25_34,2784,0,6.84,0.0,0.0,0.0
TikTok Ads,faixa_etaria,AGE_35_44,1614,0,3.96,0.0,0.0,0.0
TikTok Ads,faixa_etaria,AGE_45_54,1386,0,3.14,0.0,0.0,0.0
TikTok Ads,faixa_etaria,AGE_55_100,1864,0,4.91,0.0,0.0,0.0
TikTok Ads,faixa_etaria,NONE,3,0,0.0,0.0,0.0,0.0
TikTok Ads,faixa_etaria,AGE_18_24,5253,0,10.8,0.0,0.0,0.0
TikTok Ads,faixa_etaria,AGE_25_34,2986,0,7.02,0.0,0.0,0.0
TikTok Ads,faixa_etaria,AGE_35_44,1686,0,4.2,0.0,0.0,0.0
TikTok Ads,faixa_etaria,AGE_45_54,1375,0,3.24,0.0,0.0,0.0
TikTok Ads,faixa_etaria,AGE_55_100,1657,0,4.09,0.0,0.0,0.0
TikTok Ads,faixa_etaria,NONE,4,0,0.01,0.0,0.0,0.0
TikTok Ads,faixa_etaria,AGE_18_24,5239,0,10.28,0.0,0.0,0.0
TikTok Ads,faixa_etaria,AGE_25_34,3203,0,7.54,0.0,0.0,0.0
TikTok Ads,faixa_etaria,AGE_35_44,1789,0,4.05,0.0,0.0,0.0
TikTok Ads,faixa_etaria,AGE_45_54,1350,0,2.67,0.0,0.0,0.0
TikTok Ads,faixa_etaria,AGE_55_100,1427,0,2.84,0.0,0.0,0.0
TikTok Ads,faixa_etaria,AGE_18_24,3494,0,6.78,0.0,0.0,0.0
TikTok Ads,faixa_etaria,AGE_25_34,2458,0,5.99,0.0,0.0,0.0
TikTok Ads,faixa_etaria,AGE_35_44,1435,0,3.45,0.0,0.0,0.0
TikTok Ads,faixa_etaria,AGE_45_54,1157,0,3.06,0.0,0.0,0.0
TikTok Ads,faixa_etaria,AGE_55_100,1294,0,3.51,0.0,0.0,0.0
TikTok Ads,faixa_etaria,NONE,1,0,0.0,0.0,0.0,0.0
TikTok Ads,faixa_etaria,AGE_18_24,3384,0,7.12,0.0,0.0,0.0
TikTok Ads,faixa_etaria,AGE_25_34,2485,0,6.33,0.0,0.0,0.0
TikTok Ads,faixa_etaria,AGE_35_44,1353,0,3.28,0.0,0.0,0.0
TikTok Ads,faixa_etaria,AGE_45_54,1104,0,2.42,0.0,0.0,0.0
TikTok Ads,faixa_etaria,AGE_55_100,1313,0,3.44,0.0,0.0,0.0
TikTok Ads,faixa_etaria,AGE_18_24,3791,0,8.75,0.0,0.0,0.0
TikTok Ads,faixa_etaria,AGE_25_34,2755,0,6.82,0.0,0.0,0.0
TikTok Ads,faixa_etaria,AGE_35_44,1503,0,3.58,0.0,0.0,0.0
TikTok Ads,faixa_etaria,AGE_45_54,1119,0,2.68,0.0,0.0,0.0
TikTok Ads,faixa_etaria,AGE_55_100,1371,0,3.76,0.0,0.0,0.0
TikTok Ads,faixa_etaria,NONE,1,0,0.0,0.0,0.0,0.0
TikTok Ads,faixa_etaria,AGE_18_24,4612,0,9.73,0.0,0.0,0.0
TikTok Ads,faixa_etaria,AGE_25_34,2427,0,5.77,0.0,0.0,0.0
TikTok Ads,faixa_etaria,AGE_35_44,1365,0,3.31,0.0,0.0,0.0
TikTok Ads,faixa_etaria,AGE_45_54,1279,0,3.01,0.0,0.0,0.0
TikTok Ads,faixa_etaria,AGE_55_100,1634,0,3.6,0.0,0.0,0.0
TikTok Ads,faixa_etaria,NONE,3,0,0.02,0.0,0.0,0.0
TikTok Ads,faixa_etaria,AGE_18_24,8914,0,19.13,0.0,0.0,0.0
TikTok Ads,faixa_etaria,AGE_25_34,4517,0,10.86,0.0,0.0,0.0
TikTok Ads,faixa_etaria,AGE_35_44,2589,0,5.92,0.0,0.0,0.0
TikTok Ads,faixa_etaria,AGE_45_54,2046,0,4.43,0.0,0.0,0.0
TikTok Ads,faixa_etaria,AGE_55_100,2749,0,5.76,0.0,0.0,0.0
TikTok Ads,faixa_etaria,NONE,1,0,0.0,0.0,0.0,0.0
TikTok Ads,faixa_etaria,AGE_18_24,9907,0,22.11,0.0,0.0,0.0
TikTok Ads,faixa_etaria,AGE_25_34,5978,0,14.25,0.0,0.0,0.0
TikTok Ads,faixa_etaria,AGE_35_44,2980,0,6.68,0.0,0.0,0.0
TikTok Ads,faixa_etaria,AGE_45_54,2183,0,4.91,0.0,0.0,0.0
TikTok Ads,faixa_etaria,AGE_55_100,2642,0,5.29,0.0,0.0,0.0
TikTok Ads,faixa_etaria,NONE,0,0,0.0,0.0,0.0,0.0
TikTok Ads,faixa_etaria,AGE_18_24,7383,0,15.6,0.0,0.0,0.0
TikTok Ads,faixa_etaria,AGE_25_34,6065,0,14.24,0.0,0.0,0.0
TikTok Ads,faixa_etaria,AGE_35_44,2940,0,6.46,0.0,0.0,0.0
TikTok Ads,faixa_etaria,AGE_45_54,2161,0,4.63,0.0,0.0,0.0
TikTok Ads,faixa_etaria,AGE_55_100,2203,0,4.64,0.0,0.0,0.0
TikTok Ads,faixa_etaria,NONE,0,0,0.0,0.0,0.0,0.0
TikTok Ads,faixa_etaria,AGE_18_24,7609,0,14.71,0.0,0.0,0.0
TikTok Ads,faixa_etaria,AGE_25_34,6892,0,14.74,0.0,0.0,0.0
TikTok Ads,faixa_etaria,AGE_35_44,2744,0,5.51,0.0,0.0,0.0
TikTok Ads,faixa_etaria,AGE_45_54,1964,0,3.65,0.0,0.0,0.0
TikTok Ads,faixa_etaria,AGE_55_100,2018,0,3.42,0.0,0.0,0.0
TikTok Ads,faixa_etaria,NONE,1,0,0.0,0.0,0.0,0.0
TikTok Ads,faixa_etaria,AGE_18_24,7189,0,14.17,0.0,0.0,0.0
TikTok Ads,faixa_etaria,AGE_25_34,6212,0,13.64,0.0,0.0,0.0
TikTok Ads,faixa_etaria,AGE_35_44,2698,0,6.07,0.0,0.0,0.0
TikTok Ads,faixa_etaria,AGE_45_54,1837,0,4.05,0.0,0.0,0.0
TikTok Ads,faixa_etaria,AGE_55_100,2064,0,4.05,0.0,0.0,0.0
TikTok Ads,faixa_etaria,NONE,7,0,0.02,0.0,0.0,0.0
TikTok Ads,faixa_etaria,AGE_18_24,6214,0,13.78,0.0,0.0,0.0
TikTok Ads,faixa_etaria,AGE_25_34,5802,0,14.16,0.0,0.0,0.0
TikTok Ads,faixa_etaria,AGE_35_44,2733,0,6.35,0.0,0.0,0.0
TikTok Ads,faixa_etaria,AGE_45_54,1855,0,4.31,0.0,0.0,0.0
TikTok Ads,faixa_etaria,AGE_55_100,1864,0,3.75,0.0,0.0,0.0
TikTok Ads,faixa_etaria,NONE,1,0,0.02,0.0,0.0,0.0
TikTok Ads,faixa_etaria,AGE_18_24,5957,0,14.59,0.0,0.0,0.0
TikTok Ads,faixa_etaria,AGE_25_34,5182,0,13.81,0.0,0.0,0.0
TikTok Ads,faixa_etaria,AGE_35_44,2590,0,6.81,0.0,0.0,0.0
TikTok Ads,faixa_etaria,AGE_45_54,1763,0,3.91,0.0,0.0,0.0
TikTok Ads,faixa_etaria,AGE_55_100,1928,0,3.99,0.0,0.0,0.0
TikTok Ads,faixa_etaria,NONE,3,0,0.0,0.0,0.0,0.0
TikTok Ads,faixa_etaria,AGE_18_24,7690,0,16.57,0.0,0.0,0.0
TikTok Ads,faixa_etaria,AGE_25_34,5244,0,12.69,0.0,0.0,0.0
TikTok Ads,faixa_etaria,AGE_35_44,2772,0,6.47,0.0,0.0,0.0
TikTok Ads,faixa_etaria,AGE_45_54,2121,0,4.56,0.0,0.0,0.0
TikTok Ads,faixa_etaria,AGE_55_100,2402,0,4.5,0.0,0.0,0.0
TikTok Ads,faixa_etaria,NONE,3,0,0.0,0.0,0.0,0.0
TikTok Ads,faixa_etaria,AGE_18_24,7499,0,15.67,0.0,0.0,0.0
TikTok Ads,faixa_etaria,AGE_25_34,5252,0,12.38,0.0,0.0,0.0
TikTok Ads,faixa_etaria,AGE_35_44,2586,0,5.55,0.0,0.0,0.0
TikTok Ads,faixa_etaria,AGE_45_54,1886,0,4.06,0.0,0.0,0.0
TikTok Ads,faixa_etaria,AGE_55_100,2096,0,4.3,0.0,0.0,0.0
TikTok Ads,faixa_etaria,NONE,5,0,0.03,0.0,0.0,0.0
TikTok Ads,faixa_etaria,AGE_18_24,6910,0,14.07,0.0,0.0,0.0
TikTok Ads,faixa_etaria,AGE_25_34,5149,0,12.04,0.0,0.0,0.0
TikTok Ads,faixa_etaria,AGE_35_44,2720,0,6.87,0.0,0.0,0.0
TikTok Ads,faixa_etaria,AGE_45_54,2005,0,4.73,0.0,0.0,0.0
TikTok Ads,faixa_etaria,AGE_55_100,2092,0,4.26,0.0,0.0,0.0
TikTok Ads,faixa_etaria,NONE,7,0,0.02,0.0,0.0,0.0
TikTok Ads,faixa_etaria,AGE_18_24,6782,0,14.77,0.0,0.0,0.0
TikTok Ads,faixa_etaria,AGE_25_34,5495,0,13.35,0.0,0.0,0.0
TikTok Ads,faixa_etaria,AGE_35_44,2523,0,5.7,0.0,0.0,0.0
TikTok Ads,faixa_etaria,AGE_45_54,1748,0,3.56,0.0,0.0,0.0
TikTok Ads,faixa_etaria,AGE_55_100,1643,0,3.49,0.0,0.0,0.0
TikTok Ads,faixa_etaria,NONE,3,0,0.01,0.0,0.0,0.0
TikTok Ads,faixa_etaria,AGE_18_24,10312,0,24.36,0.0,0.0,0.0
TikTok Ads,faixa_etaria,AGE_25_34,7455,0,18.71,0.0,0.0,0.0
TikTok Ads,faixa_etaria,AGE_35_44,3468,0,7.71,0.0,0.0,0.0
TikTok Ads,faixa_etaria,AGE_45_54,2383,0,4.47,0.0,0.0,0.0
TikTok Ads,faixa_etaria,AGE_55_100,706,0,1.42,0.0,0.0,0.0
TikTok Ads,faixa_etaria,NONE,0,0,0.0,0.0,0.0,0.0
TikTok Ads,faixa_etaria,AGE_18_24,13219,0,33.39,0.0,0.0,0.0
TikTok Ads,faixa_etaria,AGE_25_34,9727,0,27.1,0.0,0.0,0.0
TikTok Ads,faixa_etaria,AGE_35_44,4424,0,10.78,0.0,0.0,0.0
TikTok Ads,faixa_etaria,AGE_45_54,2875,0,5.45,0.0,0.0,0.0
TikTok Ads,faixa_etaria,AGE_55_100,0,0,0.0,0.0,0.0,0.0
TikTok Ads,faixa_etaria,NONE,0,0,0.0,0.0,0.0,0.0
TikTok Ads,faixa_etaria,AGE_18_24,12306,0,32.95,0.0,0.0,0.0
TikTok Ads,faixa_etaria,AGE_25_34,9465,0,27.54,0.0,0.0,0.0
TikTok Ads,faixa_etaria,AGE_35_44,4297,0,10.9,0.0,0.0,0.0
TikTok Ads,faixa_etaria,AGE_45_54,2795,0,6.05,0.0,0.0,0.0
TikTok Ads,faixa_etaria,NONE,1,0,0.0,0.0,0.0,0.0
TikTok Ads,faixa_etaria,AGE_18_24,11268,0,31.5,0.0,0.0,0.0
TikTok Ads,faixa_etaria,AGE_25_34,9198,0,27.72,0.0,0.0,0.0
TikTok Ads,faixa_etaria,AGE_35_44,4194,0,11.11,0.0,0.0,0.0
TikTok Ads,faixa_etaria,AGE_45_54,2699,0,5.84,0.0,0.0,0.0
TikTok Ads,faixa_etaria,NONE,1,0,0.0,0.0,0.0,0.0
TikTok Ads,faixa_etaria,AGE_18_24,4147,0,12.07,0.0,0.0,0.0
TikTok Ads,faixa_etaria,AGE_25_34,3609,0,10.91,0.0,0.0,0.0
TikTok Ads,faixa_etaria,AGE_35_44,1567,0,4.54,0.0,0.0,0.0
TikTok Ads,faixa_etaria,AGE_45_54,951,0,2.65,0.0,0.0,0.0
TikTok Ads,faixa_etaria,NONE,0,0,0.0,0.0,0.0,0.0
TikTok Ads,faixa_etaria,AGE_18_24,0,0,0.0,0.0,0.0,0.0
TikTok Ads,faixa_etaria,AGE_25_34,0,0,0.0,0.0,0.0,0.0
TikTok Ads,faixa_etaria,AGE_35_44,0,0,0.0,0.0,0.0,0.0
TikTok Ads,faixa_etaria,AGE_45_54,0,0,0.0,0.0,0.0,0.0
TikTok Ads,faixa_etaria,NONE,0,0,0.0,0.0,0.0,0.0
TikTok Ads,faixa_etaria,AGE_25_34,0,0,0.0,0.0,0.0,0.0
TikTok Ads,faixa_etaria,NONE,0,0,0.0,0.0,0.0,0.0
TikTok Ads,faixa_etaria,NONE,0,0,0.0,0.0,0.0,0.0
TikTok Ads,faixa_etaria,NONE,0,0,0.0,0.0,0.0,0.0
TikTok Ads,faixa_etaria,AGE_18_24,3799,0,8.32,0.0,0.0,0.0
TikTok Ads,faixa_etaria,AGE_25_34,1801,0,4.63,0.0,0.0,0.0
TikTok Ads,faixa_etaria,AGE_35_44,895,0,2.33,0.0,0.0,0.0
TikTok Ads,faixa_etaria,AGE_45_54,905,0,2.11,0.0,0.0,0.0
TikTok Ads,faixa_etaria,AGE_55_100,1399,0,2.76,0.0,0.0,0.0
TikTok Ads,faixa_etaria,NONE,0,0,0.0,0.0,0.0,0.0
TikTok Ads,faixa_etaria,AGE_18_24,7224,0,17.58,0.0,0.0,0.0
TikTok Ads,faixa_etaria,AGE_25_34,4257,0,11.11,0.0,0.0,0.0
TikTok Ads,faixa_etaria,AGE_35_44,2110,0,5.47,0.0,0.0,0.0
TikTok Ads,faixa_etaria,AGE_45_54,1730,0,3.71,0.0,0.0,0.0
TikTok Ads,faixa_etaria,AGE_55_100,2146,0,4.42,0.0,0.0,0.0
TikTok Ads,faixa_etaria,AGE_18_24,7142,0,16.63,0.0,0.0,0.0
TikTok Ads,faixa_etaria,AGE_25_34,5002,0,13.09,0.0,0.0,0.0
TikTok Ads,faixa_etaria,AGE_35_44,2341,0,5.53,0.0,0.0,0.0
TikTok Ads,faixa_etaria,AGE_45_54,1948,0,4.0,0.0,0.0,0.0
TikTok Ads,faixa_etaria,AGE_55_100,1848,0,3.53,0.0,0.0,0.0
TikTok Ads,faixa_etaria,AGE_18_24,6563,0,16.16,0.0,0.0,0.0
TikTok Ads,faixa_etaria,AGE_25_34,4493,0,12.05,0.0,0.0,0.0
TikTok Ads,faixa_etaria,AGE_35_44,2246,0,5.89,0.0,0.0,0.0
TikTok Ads,faixa_etaria,AGE_45_54,1812,0,4.41,0.0,0.0,0.0
TikTok Ads,faixa_etaria,AGE_55_100,1988,0,4.03,0.0,0.0,0.0
TikTok Ads,faixa_etaria,NONE,0,0,0.01,0.0,0.0,0.0
TikTok Ads,faixa_etaria,AGE_18_24,6458,0,15.91,0.0,0.0,0.0
TikTok Ads,faixa_etaria,AGE_25_34,4344,0,11.63,0.0,0.0,0.0
TikTok Ads,faixa_etaria,AGE_35_44,2074,0,5.31,0.0,0.0,0.0
TikTok Ads,faixa_etaria,AGE_45_54,1735,0,4.45,0.0,0.0,0.0
TikTok Ads,faixa_etaria,AGE_55_100,1973,0,4.25,0.0,0.0,0.0
TikTok Ads,faixa_etaria,NONE,1,0,0.01,0.0,0.0,0.0
TikTok Ads,faixa_etaria,AGE_18_24,7096,0,14.44,0.0,0.0,0.0
TikTok Ads,faixa_etaria,AGE_25_34,5860,0,13.46,0.0,0.0,0.0
TikTok Ads,faixa_etaria,AGE_35_44,2718,0,6.08,0.0,0.0,0.0
TikTok Ads,faixa_etaria,AGE_45_54,1807,0,3.45,0.0,0.0,0.0
TikTok Ads,faixa_etaria,AGE_55_100,1639,0,2.75,0.0,0.0,0.0
TikTok Ads,faixa_etaria,NONE,2,0,0.01,0.0,0.0,0.0
TikTok Ads,faixa_etaria,AGE_18_24,6490,0,13.99,0.0,0.0,0.0
TikTok Ads,faixa_etaria,AGE_25_34,5722,0,13.75,0.0,0.0,0.0
TikTok Ads,faixa_etaria,AGE_35_44,2674,0,6.01,0.0,0.0,0.0
TikTok Ads,faixa_etaria,AGE_45_54,1899,0,3.66,0.0,0.0,0.0
TikTok Ads,faixa_etaria,AGE_55_100,1899,0,3.33,0.0,0.0,0.0
TikTok Ads,faixa_etaria,NONE,5,0,0.0,0.0,0.0,0.0
TikTok Ads,faixa_etaria,AGE_18_24,7033,0,14.94,0.0,0.0,0.0
TikTok Ads,faixa_etaria,AGE_25_34,5388,0,11.74,0.0,0.0,0.0
TikTok Ads,faixa_etaria,AGE_35_44,2505,0,5.8,0.0,0.0,0.0
TikTok Ads,faixa_etaria,AGE_45_54,2086,0,4.06,0.0,0.0,0.0
TikTok Ads,faixa_etaria,AGE_55_100,2323,0,4.29,0.0,0.0,0.0
TikTok Ads,faixa_etaria,NONE,2,0,0.02,0.0,0.0,0.0
TikTok Ads,faixa_etaria,AGE_18_24,7351,0,14.1,0.0,0.0,0.0
TikTok Ads,faixa_etaria,AGE_25_34,5230,0,11.26,0.0,0.0,0.0
TikTok Ads,faixa_etaria,AGE_35_44,2452,0,5.11,0.0,0.0,0.0
TikTok Ads,faixa_etaria,AGE_45_54,2039,0,3.8,0.0,0.0,0.0
TikTok Ads,faixa_etaria,AGE_55_100,2268,0,4.18,0.0,0.0,0.0
TikTok Ads,faixa_etaria,NONE,5,0,0.01,0.0,0.0,0.0
TikTok Ads,faixa_etaria,AGE_18_24,7317,0,14.27,0.0,0.0,0.0
TikTok Ads,faixa_etaria,AGE_25_34,5452,0,11.33,0.0,0.0,0.0
TikTok Ads,faixa_etaria,AGE_35_44,2599,0,4.91,0.0,0.0,0.0
TikTok Ads,faixa_etaria,AGE_45_54,2022,0,3.7,0.0,0.0,0.0
TikTok Ads,faixa_etaria,AGE_55_100,1842,0,3.29,0.0,0.0,0.0
TikTok Ads,faixa_etaria,NONE,2,0,0.01,0.0,0.0,0.0
TikTok Ads,faixa_etaria,AGE_18_24,6614,0,14.31,0.0,0.0,0.0
TikTok Ads,faixa_etaria,AGE_25_34,5205,0,11.62,0.0,0.0,0.0
TikTok Ads,faixa_etaria,AGE_35_44,2436,0,4.88,0.0,0.0,0.0
TikTok Ads,faixa_etaria,AGE_45_54,1855,0,3.41,0.0,0.0,0.0
TikTok Ads,faixa_etaria,AGE_55_100,1814,0,3.16,0.0,0.0,0.0
TikTok Ads,faixa_etaria,NONE,2,0,0.02,0.0,0.0,0.0
TikTok Ads,faixa_etaria,AGE_18_24,6307,0,13.99,0.0,0.0,0.0
TikTok Ads,faixa_etaria,AGE_25_34,4883,0,12.13,0.0,0.0,0.0
TikTok Ads,faixa_etaria,AGE_35_44,2351,0,5.25,0.0,0.0,0.0
TikTok Ads,faixa_etaria,AGE_45_54,1744,0,3.02,0.0,0.0,0.0
TikTok Ads,faixa_etaria,AGE_55_100,1781,0,3.6,0.0,0.0,0.0
TikTok Ads,faixa_etaria,NONE,1,0,0.0,0.0,0.0,0.0
TikTok Ads,faixa_etaria,AGE_18_24,6038,0,14.31,0.0,0.0,0.0
TikTok Ads,faixa_etaria,AGE_25_34,4600,0,11.88,0.0,0.0,0.0
TikTok Ads,faixa_etaria,AGE_35_44,2081,0,4.64,0.0,0.0,0.0
TikTok Ads,faixa_etaria,AGE_45_54,1547,0,3.27,0.0,0.0,0.0
TikTok Ads,faixa_etaria,AGE_55_100,1728,0,3.19,0.0,0.0,0.0
TikTok Ads,faixa_etaria,NONE,0,0,0.01,0.0,0.0,0.0
TikTok Ads,faixa_etaria,AGE_18_24,6264,0,14.58,0.0,0.0,0.0
TikTok Ads,faixa_etaria,AGE_25_34,4280,0,11.02,0.0,0.0,0.0
TikTok Ads,faixa_etaria,AGE_35_44,2163,0,4.87,0.0,0.0,0.0
TikTok Ads,faixa_etaria,AGE_45_54,1534,0,3.27,0.0,0.0,0.0
TikTok Ads,faixa_etaria,AGE_55_100,1725,0,3.01,0.0,0.0,0.0
TikTok Ads,faixa_etaria,AGE_18_24,7290,0,15.88,0.0,0.0,0.0
TikTok Ads,faixa_etaria,AGE_25_34,4536,0,10.14,0.0,0.0,0.0
TikTok Ads,faixa_etaria,AGE_35_44,2285,0,5.26,0.0,0.0,0.0
TikTok Ads,faixa_etaria,AGE_45_54,1682,0,3.13,0.0,0.0,0.0
TikTok Ads,faixa_etaria,AGE_55_100,1773,0,3.17,0.0,0.0,0.0
TikTok Ads,faixa_etaria,NONE,3,0,0.03,0.0,0.0,0.0
TikTok Ads,faixa_etaria,AGE_18_24,7148,0,14.86,0.0,0.0,0.0
TikTok Ads,faixa_etaria,AGE_25_34,4209,0,9.03,0.0,0.0,0.0
TikTok Ads,faixa_etaria,AGE_35_44,2420,0,4.81,0.0,0.0,0.0
TikTok Ads,faixa_etaria,AGE_45_54,1686,0,3.06,0.0,0.0,0.0
TikTok Ads,faixa_etaria,AGE_55_100,1635,0,2.93,0.0,0.0,0.0
TikTok Ads,faixa_etaria,NONE,1,0,0.0,0.0,0.0,0.0
TikTok Ads,faixa_etaria,AGE_18_24,7272,0,14.16,0.0,0.0,0.0
TikTok Ads,faixa_etaria,AGE_25_34,4762,0,10.1,0.0,0.0,0.0
TikTok Ads,faixa_etaria,AGE_35_44,2518,0,4.89,0.0,0.0,0.0
TikTok Ads,faixa_etaria,AGE_45_54,1616,0,3.16,0.0,0.0,0.0
TikTok Ads,faixa_etaria,AGE_55_100,1467,0,2.55,0.0,0.0,0.0
TikTok Ads,faixa_etaria,NONE,1,0,0.01,0.0,0.0,0.0
TikTok Ads,faixa_etaria,AGE_18_24,6617,0,13.58,0.0,0.0,0.0
TikTok Ads,faixa_etaria,AGE_25_34,4500,0,10.23,0.0,0.0,0.0
TikTok Ads,faixa_etaria,AGE_35_44,2207,0,4.62,0.0,0.0,0.0
TikTok Ads,faixa_etaria,AGE_45_54,1470,0,2.73,0.0,0.0,0.0
TikTok Ads,faixa_etaria,AGE_55_100,1379,0,2.81,0.0,0.0,0.0
TikTok Ads,faixa_etaria,AGE_18_24,6136,0,13.47,0.0,0.0,0.0
TikTok Ads,faixa_etaria,AGE_25_34,4258,0,9.98,0.0,0.0,0.0
TikTok Ads,faixa_etaria,AGE_35_44,2060,0,4.64,0.0,0.0,0.0
TikTok Ads,faixa_etaria,AGE_45_54,1376,0,3.02,0.0,0.0,0.0
TikTok Ads,faixa_etaria,AGE_55_100,1406,0,2.83,0.0,0.0,0.0
TikTok Ads,faixa_etaria,AGE_18_24,5342,0,12.05,0.0,0.0,0.0
TikTok Ads,faixa_etaria,AGE_25_34,3876,0,10.16,0.0,0.0,0.0
TikTok Ads,faixa_etaria,AGE_35_44,1930,0,4.67,0.0,0.0,0.0
TikTok Ads,faixa_etaria,AGE_45_54,1337,0,2.84,0.0,0.0,0.0
TikTok Ads,faixa_etaria,AGE_55_100,1437,0,2.98,0.0,0.0,0.0
TikTok Ads,faixa_etaria,NONE,0,0,0.02,0.0,0.0,0.0
TikTok Ads,faixa_etaria,AGE_18_24,5312,0,12.2,0.0,0.0,0.0
TikTok Ads,faixa_etaria,AGE_25_34,3943,0,10.06,0.0,0.0,0.0
TikTok Ads,faixa_etaria,AGE_35_44,2006,0,5.13,0.0,0.0,0.0
TikTok Ads,faixa_etaria,AGE_45_54,1317,0,2.92,0.0,0.0,0.0
TikTok Ads,faixa_etaria,AGE_55_100,1337,0,2.81,0.0,0.0,0.0
TikTok Ads,faixa_etaria,AGE_18_24,6037,0,13.98,0.0,0.0,0.0
TikTok Ads,faixa_etaria,AGE_25_34,3549,0,8.4,0.0,0.0,0.0
TikTok Ads,faixa_etaria,AGE_35_44,1981,0,4.67,0.0,0.0,0.0
TikTok Ads,faixa_etaria,AGE_45_54,1448,0,3.1,0.0,0.0,0.0
TikTok Ads,faixa_etaria,AGE_55_100,1629,0,3.44,0.0,0.0,0.0
TikTok Ads,faixa_etaria,AGE_18_24,6130,0,12.85,0.0,0.0,0.0
TikTok Ads,faixa_etaria,AGE_25_34,3565,0,8.38,0.0,0.0,0.0
TikTok Ads,faixa_etaria,AGE_35_44,1904,0,3.89,0.0,0.0,0.0
TikTok Ads,faixa_etaria,AGE_45_54,1468,0,3.15,0.0,0.0,0.0
TikTok Ads,faixa_etaria,AGE_55_100,1449,0,2.67,0.0,0.0,0.0
TikTok Ads,faixa_etaria,AGE_18_24,5493,0,11.29,0.0,0.0,0.0
TikTok Ads,faixa_etaria,AGE_25_34,3719,0,8.42,0.0,0.0,0.0
TikTok Ads,faixa_etaria,AGE_35_44,2015,0,4.48,0.0,0.0,0.0
TikTok Ads,faixa_etaria,AGE_45_54,1389,0,2.92,0.0,0.0,0.0
TikTok Ads,faixa_etaria,AGE_55_100,1181,0,2.24,0.0,0.0,0.0
TikTok Ads,faixa_etaria,AGE_18_24,5008,0,11.19,0.0,0.0,0.0
TikTok Ads,faixa_etaria,AGE_25_34,3477,0,8.12,0.0,0.0,0.0
TikTok Ads,faixa_etaria,AGE_35_44,1791,0,3.97,0.0,0.0,0.0
TikTok Ads,faixa_etaria,AGE_45_54,1269,0,2.71,0.0,0.0,0.0
TikTok Ads,faixa_etaria,AGE_55_100,1192,0,2.55,0.0,0.0,0.0
TikTok Ads,faixa_etaria,NONE,0,0,0.01,0.0,0.0,0.0
TikTok Ads,faixa_etaria,AGE_18_24,4360,0,10.75,0.0,0.0,0.0
TikTok Ads,faixa_etaria,AGE_25_34,3082,0,7.87,0.0,0.0,0.0
TikTok Ads,faixa_etaria,AGE_35_44,1483,0,3.81,0.0,0.0,0.0
TikTok Ads,faixa_etaria,AGE_45_54,1029,0,2.28,0.0,0.0,0.0
TikTok Ads,faixa_etaria,AGE_55_100,1085,0,2.46,0.0,0.0,0.0
TikTok Ads,faixa_etaria,AGE_18_24,3594,0,9.15,0.0,0.0,0.0
TikTok Ads,faixa_etaria,AGE_25_34,2564,0,6.56,0.0,0.0,0.0
TikTok Ads,faixa_etaria,AGE_35_44,1453,0,4.24,0.0,0.0,0.0
TikTok Ads,faixa_etaria,AGE_45_54,1015,0,2.5,0.0,0.0,0.0
TikTok Ads,faixa_etaria,AGE_55_100,1096,0,2.79,0.0,0.0,0.0
TikTok Ads,faixa_etaria,NONE,0,0,0.01,0.0,0.0,0.0
TikTok Ads,faixa_etaria,AGE_18_24,3587,0,8.77,0.0,0.0,0.0
TikTok Ads,faixa_etaria,AGE_25_34,2165,0,5.99,0.0,0.0,0.0
TikTok Ads,faixa_etaria,AGE_35_44,1227,0,3.31,0.0,0.0,0.0
TikTok Ads,faixa_etaria,AGE_45_54,982,0,2.48,0.0,0.0,0.0
TikTok Ads,faixa_etaria,AGE_55_100,1034,0,2.39,0.0,0.0,0.0
TikTok Ads,faixa_etaria,AGE_18_24,2276,0,5.04,0.0,0.0,0.0
TikTok Ads,faixa_etaria,AGE_25_34,1405,0,3.08,0.0,0.0,0.0
TikTok Ads,faixa_etaria,AGE_35_44,821,0,1.93,0.0,0.0,0.0
TikTok Ads,faixa_etaria,AGE_45_54,662,0,1.76,0.0,0.0,0.0
TikTok Ads,faixa_etaria,AGE_55_100,746,0,2.12,0.0,0.0,0.0
TikTok Ads,faixa_etaria,NONE,0,0,0.0,0.0,0.0,0.0
TikTok Ads,faixa_etaria,AGE_18_24,1680,0,3.31,0.0,0.0,0.0
TikTok Ads,faixa_etaria,AGE_25_34,960,0,2.24,0.0,0.0,0.0
TikTok Ads,faixa_etaria,AGE_35_44,506,0,1.29,0.0,0.0,0.0
TikTok Ads,faixa_etaria,AGE_45_54,400,0,0.8,0.0,0.0,0.0
TikTok Ads,faixa_etaria,AGE_55_100,459,0,1.2,0.0,0.0,0.0
TikTok Ads,faixa_etaria,AGE_18_24,321,0,0.59,0.0,0.0,0.0
TikTok Ads,faixa_etaria,AGE_25_34,199,0,0.35,0.0,0.0,0.0
TikTok Ads,faixa_etaria,AGE_35_44,124,0,0.2,0.0,0.0,0.0
TikTok Ads,faixa_etaria,AGE_45_54,80,0,0.17,0.0,0.0,0.0
TikTok Ads,faixa_etaria,AGE_55_100,101,0,0.32,0.0,0.0,0.0
TikTok Ads,faixa_etaria,AGE_35_44,0,0,0.0,0.0,0.0,0.0
TikTok Ads,faixa_etaria,AGE_18_24,4543,2,10.95,2.0,5.475,0.04402377283733216
TikTok Ads,faixa_etaria,AGE_25_34,2357,0,7.03,0.0,0.0,0.0
TikTok Ads,faixa_etaria,AGE_35_44,1845,0,5.97,0.0,0.0,0.0
TikTok Ads,faixa_etaria,AGE_45_54,1818,1,5.46,1.0,5.46,0.055005500550055
TikTok Ads,faixa_etaria,AGE_55_100,2692,2,9.57,2.0,4.785,0.07429420505200594
TikTok Ads,faixa_etaria,AGE_18_24,10274,3,29.23,3.0,9.743333333333334,0.029199922133540977
TikTok Ads,faixa_etaria,AGE_25_34,5905,3,20.32,3.0,6.773333333333333,0.05080440304826418
TikTok Ads,faixa_etaria,AGE_35_44,3535,0,10.67,0.0,0.0,0.0
TikTok Ads,faixa_etaria,AGE_45_54,2803,2,8.1,2.0,4.05,0.07135212272565108
TikTok Ads,faixa_etaria,AGE_55_100,3101,1,9.32,1.0,9.32,0.032247662044501774
TikTok Ads,faixa_etaria,AGE_18_24,10958,4,26.14,4.0,6.535,0.03650301149844862
TikTok Ads,faixa_etaria,AGE_25_34,7695,4,21.09,4.0,5.2725,0.05198180636777128
TikTok Ads,faixa_etaria,AGE_35_44,4329,3,11.13,3.0,3.7100000000000004,0.0693000693000693
TikTok Ads,faixa_etaria,AGE_45_54,2962,1,7.82,1.0,7.82,0.0337609723160027
TikTok Ads,faixa_etaria,AGE_55_100,3039,3,8.1,3.0,2.6999999999999997,0.09871668311944717
TikTok Ads,faixa_etaria,AGE_18_24,9374,9,20.18,9.0,2.2422222222222223,0.09601024109238318
TikTok Ads,faixa_etaria,AGE_25_34,7313,6,17.95,6.0,2.9916666666666667,0.08204567209079722
TikTok Ads,faixa_etaria,AGE_35_44,4473,0,12.53,0.0,0.0,0.0
TikTok Ads,faixa_etaria,AGE_45_54,3210,4,8.28,4.0,2.07,0.12461059190031153
TikTok Ads,faixa_etaria,AGE_55_100,3391,2,9.87,2.0,4.935,0.058979652020053085
TikTok Ads,faixa_etaria,AGE_18_24,8135,4,19.34,4.0,4.835,0.049170251997541485
TikTok Ads,faixa_etaria,AGE_25_34,7061,1,17.49,1.0,17.49,0.0141622999575131
TikTok Ads,faixa_etaria,AGE_35_44,4376,1,13.83,1.0,13.83,0.022851919561243144
TikTok Ads,faixa_etaria,AGE_45_54,3060,0,7.77,0.0,0.0,0.0
TikTok Ads,faixa_etaria,AGE_55_100,3139,1,9.1,1.0,9.1,0.03185727938834024
TikTok Ads,faixa_etaria,NONE,0,0,0.01,0.0,0.0,0.0
TikTok Ads,faixa_etaria,AGE_18_24,9136,2,21.93,2.0,10.965,0.021891418563922942
TikTok Ads,faixa_etaria,AGE_25_34,7625,4,19.47,4.0,4.8675,0.05245901639344263
TikTok Ads,faixa_etaria,AGE_35_44,4381,2,11.87,2.0,5.935,0.045651677699155443
TikTok Ads,faixa_etaria,AGE_45_54,2774,0,7.21,0.0,0.0,0.0
TikTok Ads,faixa_etaria,AGE_55_100,2941,2,8.82,2.0,4.41,0.06800408024481469
TikTok Ads,faixa_etaria,AGE_18_24,8626,4,21.99,4.0,5.4975,0.04637143519591931
TikTok Ads,faixa_etaria,AGE_25_34,7194,5,19.3,5.0,3.8600000000000003,0.06950236308034474
TikTok Ads,faixa_etaria,AGE_35_44,3807,5,10.58,5.0,2.116,0.1313370107696349
TikTok Ads,faixa_etaria,AGE_45_54,2574,1,7.07,1.0,7.07,0.03885003885003885
TikTok Ads,faixa_etaria,AGE_55_100,3034,1,8.89,1.0,8.89,0.03295978905735003
TikTok Ads,faixa_etaria,NONE,0,0,0.01,0.0,0.0,0.0
TikTok Ads,faixa_etaria,AGE_18_24,8080,6,20.44,6.0,3.4066666666666667,0.07425742574257425
TikTok Ads,faixa_etaria,AGE_25_34,5915,1,17.69,1.0,17.69,0.0169061707523246
TikTok Ads,faixa_etaria,AGE_35_44,3377,2,10.98,2.0,5.49,0.059224163458691144
TikTok Ads,faixa_etaria,AGE_45_54,2566,1,7.52,1.0,7.52,0.03897116134060795
TikTok Ads,faixa_etaria,AGE_55_100,2977,1,8.6,1.0,8.6,0.03359086328518643
TikTok Ads,faixa_etaria,AGE_18_24,7508,3,20.68,3.0,6.8933333333333335,0.03995737879595098
TikTok Ads,faixa_etaria,AGE_25_34,5130,1,15.17,1.0,15.17,0.01949317738791423
TikTok Ads,faixa_etaria,AGE_35_44,2984,2,9.84,2.0,4.92,0.06702412868632708
TikTok Ads,faixa_etaria,AGE_45_54,2155,0,6.13,0.0,0.0,0.0
TikTok Ads,faixa_etaria,AGE_55_100,2700,2,8.08,2.0,4.04,0.07407407407407407
TikTok Ads,faixa_etaria,AGE_18_24,6993,3,17.12,3.0,5.706666666666667,0.0429000429000429
TikTok Ads,faixa_etaria,AGE_25_34,4750,5,13.84,5.0,2.768,0.10526315789473684
TikTok Ads,faixa_etaria,AGE_35_44,2521,4,6.48,4.0,1.62,0.15866719555731854
TikTok Ads,faixa_etaria,AGE_45_54,1757,2,3.91,2.0,1.955,0.11383039271485487
TikTok Ads,faixa_etaria,AGE_55_100,1864,1,4.81,1.0,4.81,0.0536480686695279
TikTok Ads,faixa_etaria,AGE_18_24,5858,3,14.91,3.0,4.97,0.051212017753499484
TikTok Ads,faixa_etaria,AGE_25_34,4114,1,11.48,1.0,11.48,0.024307243558580455
TikTok Ads,faixa_etaria,AGE_35_44,2178,1,6.61,1.0,6.61,0.04591368227731864
TikTok Ads,faixa_etaria,AGE_45_54,1420,0,3.34,0.0,0.0,0.0
TikTok Ads,faixa_etaria,AGE_55_100,1501,0,3.85,0.0,0.0,0.0
TikTok Ads,faixa_etaria,AGE_18_24,5825,5,16.01,5.0,3.2020000000000004,0.08583690987124463
TikTok Ads,faixa_etaria,AGE_25_34,3937,3,11.05,3.0,3.6833333333333336,0.0762001524003048
TikTok Ads,faixa_etaria,AGE_35_44,2019,0,5.51,0.0,0.0,0.0
TikTok Ads,faixa_etaria,AGE_45_54,1412,1,3.83,1.0,3.83,0.0708215297450425
TikTok Ads,faixa_etaria,AGE_55_100,1487,0,5.08,0.0,0.0,0.0
TikTok Ads,faixa_etaria,NONE,0,0,0.0,0.0,0.0,0.0
TikTok Ads,faixa_etaria,AGE_18_24,7308,351,32.58,351.0,0.09282051282051282,4.80295566502463
TikTok Ads,faixa_etaria,AGE_25_34,4314,131,17.0,131.0,0.1297709923664122,3.0366249420491425
TikTok Ads,faixa_etaria,AGE_35_44,3480,179,16.7,179.0,0.09329608938547486,5.14367816091954
TikTok Ads,faixa_etaria,AGE_45_54,2552,147,11.89,147.0,0.0808843537414966,5.760188087774295
TikTok Ads,faixa_etaria,AGE_55_100,2208,67,8.01,67.0,0.11955223880597014,3.0344202898550723
TikTok Ads,faixa_etaria,NONE,1,0,0.0,0.0,0.0,0.0
TikTok Ads,faixa_etaria,AGE_18_24,7007,344,28.65,344.0,0.08328488372093022,4.909376337947767
TikTok Ads,faixa_etaria,AGE_25_34,3793,136,15.11,136.0,0.11110294117647058,3.5855523332454524
TikTok Ads,faixa_etaria,AGE_35_44,3069,170,13.42,170.0,0.07894117647058824,5.539263603779733
TikTok Ads,faixa_etaria,AGE_45_54,2317,180,14.48,180.0,0.08044444444444444,7.768666378938283
TikTok Ads,faixa_etaria,AGE_55_100,2614,107,8.65,107.0,0.0808411214953271,4.093343534812548
TikTok Ads,faixa_etaria,NONE,3,1,0.04,1.0,0.04,33.33333333333333
TikTok Ads,faixa_etaria,AGE_18_24,6508,490,32.79,490.0,0.06691836734693878,7.52919483712354
TikTok Ads,faixa_etaria,AGE_25_34,3875,185,17.44,185.0,0.09427027027027028,4.774193548387097
TikTok Ads,faixa_etaria,AGE_35_44,3236,230,15.86,230.0,0.06895652173913043,7.107540173053152
TikTok Ads,faixa_etaria,AGE_45_54,2331,194,11.71,194.0,0.060360824742268046,8.322608322608323
TikTok Ads,faixa_etaria,AGE_55_100,2391,127,9.93,127.0,0.07818897637795276,5.311585110832287
TikTok Ads,faixa_etaria,NONE,2,0,0.01,0.0,0.0,0.0
TikTok Ads,faixa_etaria,AGE_18_24,6182,499,32.38,499.0,0.06488977955911825,8.071821417017148
TikTok Ads,faixa_etaria,AGE_25_34,3791,191,17.59,191.0,0.09209424083769634,5.038248483249802
TikTok Ads,faixa_etaria,AGE_35_44,2758,236,18.13,236.0,0.07682203389830508,8.556925308194344
TikTok Ads,faixa_etaria,AGE_45_54,2175,272,13.54,272.0,0.04977941176470588,12.50574712643678
TikTok Ads,faixa_etaria,AGE_55_100,2049,136,8.74,136.0,0.06426470588235295,6.637384089799903
TikTok Ads,faixa_etaria,NONE,11,2,0.08,2.0,0.04,18.181818181818183
TikTok Ads,faixa_etaria,AGE_18_24,6128,296,28.38,296.0,0.09587837837837837,4.830287206266318
TikTok Ads,faixa_etaria,AGE_25_34,3826,85,14.48,85.0,0.1703529411764706,2.22164140094093
TikTok Ads,faixa_etaria,AGE_35_44,2911,144,15.49,144.0,0.10756944444444444,4.946753692889041
TikTok Ads,faixa_etaria,AGE_45_54,1924,115,7.92,115.0,0.06886956521739131,5.977130977130978
TikTok Ads,faixa_etaria,AGE_55_100,2121,114,10.72,114.0,0.09403508771929825,5.374823196605375
TikTok Ads,faixa_etaria,NONE,0,0,0.0,0.0,0.0,0.0
TikTok Ads,faixa_etaria,AGE_18_24,6353,394,29.55,394.0,0.075,6.201794427829372
TikTok Ads,faixa_etaria,AGE_25_34,3781,145,15.21,145.0,0.10489655172413793,3.834964295160011
TikTok Ads,faixa_etaria,AGE_35_44,2974,156,14.74,156.0,0.09448717948717948,5.245460659045057
TikTok Ads,faixa_etaria,AGE_45_54,1923,239,12.07,239.0,0.0505020920502092,12.428497139885595
TikTok Ads,faixa_etaria,AGE_55_100,1814,124,9.22,124.0,0.07435483870967742,6.835722160970231
TikTok Ads,faixa_etaria,NONE,0,0,0.01,0.0,0.0,0.0
TikTok Ads,faixa_etaria,AGE_18_24,5734,336,26.29,336.0,0.07824404761904762,5.859783746076038
TikTok Ads,faixa_etaria,AGE_25_34,3612,140,15.87,140.0,0.11335714285714285,3.875968992248062
TikTok Ads,faixa_etaria,AGE_35_44,2648,153,12.21,153.0,0.07980392156862745,5.777945619335347
TikTok Ads,faixa_etaria,AGE_45_54,2159,256,12.43,256.0,0.0485546875,11.857341361741547
TikTok Ads,faixa_etaria,AGE_55_100,1918,152,10.42,152.0,0.06855263157894737,7.924921793534932
TikTok Ads,faixa_etaria,NONE,0,0,0.0,0.0,0.0,0.0
TikTok Ads,faixa_etaria,AGE_18_24,5324,201,26.15,201.0,0.1300995024875622,3.7753568745304285
TikTok Ads,faixa_etaria,AGE_25_34,3519,74,14.51,74.0,0.19608108108108108,2.1028701335606708
TikTok Ads,faixa_etaria,AGE_35_44,2341,94,10.48,94.0,0.11148936170212767,4.015378043571124
TikTok Ads,faixa_etaria,AGE_45_54,1595,113,9.53,113.0,0.0843362831858407,7.084639498432602
TikTok Ads,faixa_etaria,AGE_55_100,2321,142,13.26,142.0,0.09338028169014084,6.1180525635501946
TikTok Ads,faixa_etaria,NONE,1,0,0.0,0.0,0.0,0.0
TikTok Ads,faixa_etaria,AGE_18_24,5637,333,29.14,333.0,0.0875075075075075,5.907397551889303
TikTok Ads,faixa_etaria,AGE_25_34,3107,143,16.81,143.0,0.11755244755244755,4.602510460251046
TikTok Ads,faixa_etaria,AGE_35_44,2095,109,10.65,109.0,0.09770642201834863,5.202863961813843
TikTok Ads,faixa_etaria,AGE_45_54,1903,196,12.05,196.0,0.061479591836734696,10.299527062532842
TikTok Ads,faixa_etaria,AGE_55_100,1756,105,8.6,105.0,0.0819047619047619,5.979498861047836
TikTok Ads,faixa_etaria,NONE,0,0,0.0,0.0,0.0,0.0
TikTok Ads,faixa_etaria,AGE_18_24,5798,293,26.5,293.0,0.09044368600682594,5.053466712659538
TikTok Ads,faixa_etaria,AGE_25_34,3412,132,14.66,132.0,0.11106060606060607,3.8686987104337636
TikTok Ads,faixa_etaria,AGE_35_44,2190,135,11.44,135.0,0.08474074074074074,6.164383561643835
TikTok Ads,faixa_etaria,AGE_45_54,2195,229,12.38,229.0,0.05406113537117904,10.432801822323462
TikTok Ads,faixa_etaria,AGE_55_100,1726,81,9.51,81.0,0.1174074074074074,4.692931633835458
TikTok Ads,faixa_etaria,NONE,0,0,0.0,0.0,0.0,0.0
TikTok Ads,faixa_etaria,AGE_18_24,5801,322,25.08,322.0,0.07788819875776397,5.550767109119118
TikTok Ads,faixa_etaria,AGE_25_34,3338,110,13.49,110.0,0.12263636363636364,3.2953864589574597
TikTok Ads,faixa_etaria,AGE_35_44,2381,155,10.73,155.0,0.0692258064516129,6.509869802603947
TikTok Ads,faixa_etaria,AGE_45_54,1857,174,10.15,174.0,0.058333333333333334,9.36995153473344
TikTok Ads,faixa_etaria,AGE_55_100,1629,68,6.32,68.0,0.09294117647058824,4.174340085942296
TikTok Ads,faixa_etaria,NONE,1,0,0.01,0.0,0.0,0.0
TikTok Ads,faixa_etaria,AGE_18_24,5329,291,23.44,291.0,0.08054982817869416,5.460686808031526
TikTok Ads,faixa_etaria,AGE_25_34,3522,141,13.77,141.0,0.0976595744680851,4.003407155025554
TikTok Ads,faixa_etaria,AGE_35_44,2214,150,10.91,150.0,0.07273333333333333,6.775067750677506
TikTok Ads,faixa_etaria,AGE_45_54,2033,215,10.8,215.0,0.05023255813953489,10.57550418101328
TikTok Ads,faixa_etaria,AGE_55_100,1619,46,5.47,46.0,0.11891304347826086,2.8412600370599135
TikTok Ads,faixa_etaria,NONE,2,0,0.0,0.0,0.0,0.0
TikTok Ads,faixa_etaria,AGE_18_24,5956,332,23.97,332.0,0.07219879518072289,5.574210879785091
TikTok Ads,faixa_etaria,AGE_25_34,3776,160,14.23,160.0,0.0889375,4.23728813559322
TikTok Ads,faixa_etaria,AGE_35_44,2750,129,9.96,129.0,0.0772093023255814,4.6909090909090905
TikTok Ads,faixa_etaria,AGE_45_54,2155,213,11.45,213.0,0.05375586854460094,9.88399071925754
TikTok Ads,faixa_etaria,AGE_55_100,1750,66,5.97,66.0,0.09045454545454545,3.7714285714285714
TikTok Ads,faixa_etaria,NONE,1,0,0.0,0.0,0.0,0.0
TikTok Ads,faixa_etaria,AGE_18_24,4547,289,21.9,289.0,0.07577854671280276,6.355839014734991
TikTok Ads,faixa_etaria,AGE_25_34,2905,150,13.4,150.0,0.08933333333333333,5.163511187607573
TikTok Ads,faixa_etaria,AGE_35_44,2125,134,9.69,134.0,0.0723134328358209,6.305882352941176
TikTok Ads,faixa_etaria,AGE_45_54,1685,199,10.85,199.0,0.05452261306532663,11.810089020771514
TikTok Ads,faixa_etaria,AGE_55_100,1691,78,6.48,78.0,0.08307692307692308,4.612655233589591
TikTok Ads,faixa_etaria,NONE,0,0,0.0,0.0,0.0,0.0
TikTok Ads,faixa_etaria,AGE_18_24,11251,272,37.74,272.0,0.13875,2.4175628832992624
TikTok Ads,faixa_etaria,AGE_25_34,6867,127,25.09,127.0,0.19755905511811023,1.8494247852046015
TikTok Ads,faixa_etaria,AGE_35_44,4211,117,16.13,117.0,0.13786324786324786,2.7784374257895985
TikTok Ads,faixa_etaria,AGE_45_54,3526,182,14.9,182.0,0.08186813186813187,5.161656267725468
TikTok Ads,faixa_etaria,AGE_55_100,3420,92,11.14,92.0,0.12108695652173913,2.690058479532164
TikTok Ads,faixa_etaria,NONE,1,0,0.0,0.0,0.0,0.0
TikTok Ads,faixa_etaria,AGE_18_24,13391,271,42.04,271.0,0.15512915129151292,2.0237472929579567
TikTok Ads,faixa_etaria,AGE_25_34,9399,153,32.13,153.0,0.21000000000000002,1.6278327481646986
TikTok Ads,faixa_etaria,AGE_35_44,4755,174,18.96,174.0,0.10896551724137932,3.659305993690852
TikTok Ads,faixa_etaria,AGE_45_54,4088,155,16.01,155.0,0.10329032258064517,3.7915851272015653
TikTok Ads,faixa_etaria,AGE_55_100,4117,58,11.44,58.0,0.19724137931034483,1.4087928102987612
TikTok Ads,faixa_etaria,NONE,1,0,0.0,0.0,0.0,0.0
TikTok Ads,faixa_etaria,AGE_18_24,12371,223,46.06,223.0,0.20654708520179374,1.8026028615310001
TikTok Ads,faixa_etaria,AGE_25_34,9734,110,36.77,110.0,0.3342727272727273,1.1300595849599342
TikTok Ads,faixa_etaria,AGE_35_44,4573,127,18.41,127.0,0.14496062992125985,2.7771703476929805
TikTok Ads,faixa_etaria,AGE_45_54,4005,169,17.29,169.0,0.10230769230769231,4.219725343320849
TikTok Ads,faixa_etaria,AGE_55_100,4217,67,13.37,67.0,0.19955223880597014,1.5888072089162912
TikTok Ads,faixa_etaria,NONE,2,1,0.05,1.0,0.05,50.0
TikTok Ads,faixa_etaria,AGE_18_24,11234,252,44.53,252.0,0.1767063492063492,2.24319031511483
TikTok Ads,faixa_etaria,AGE_25_34,7871,131,33.03,131.0,0.25213740458015266,1.664337441239995
TikTok Ads,faixa_etaria,AGE_35_44,4492,98,18.61,98.0,0.18989795918367347,2.1816562778272486
TikTok Ads,faixa_etaria,AGE_45_54,3419,155,16.33,155.0,0.1053548387096774,4.533489324363849
TikTok Ads,faixa_etaria,AGE_55_100,3409,79,13.33,79.0,0.16873417721518988,2.317395130536814
TikTok Ads,faixa_etaria,NONE,2,0,0.0,0.0,0.0,0.0
TikTok Ads,faixa_etaria,AGE_18_24,12406,291,45.02,291.0,0.15470790378006874,2.3456392068354024
TikTok Ads,faixa_etaria,AGE_25_34,8087,150,33.45,150.0,0.22300000000000003,1.854828737479906
TikTok Ads,faixa_etaria,AGE_35_44,5273,95,19.47,95.0,0.20494736842105263,1.8016309501232695
TikTok Ads,faixa_etaria,AGE_45_54,3217,102,12.2,102.0,0.1196078431372549,3.1706558905812874
TikTok Ads,faixa_etaria,AGE_55_100,4044,246,18.49,246.0,0.07516260162601625,6.083086053412463
TikTok Ads,faixa_etaria,NONE,0,0,0.0,0.0,0.0,0.0
TikTok Ads,faixa_etaria,AGE_18_24,7234,272,26.88,272.0,0.0988235294117647,3.7600221177771633
TikTok Ads,faixa_etaria,AGE_25_34,4321,131,16.28,131.0,0.12427480916030535,3.031705623698218
TikTok Ads,faixa_etaria,AGE_35_44,2674,95,11.83,95.0,0.12452631578947368,3.552729992520568
TikTok Ads,faixa_etaria,AGE_45_54,2759,399,15.63,399.0,0.03917293233082707,14.461761507792678
TikTok Ads,faixa_etaria,AGE_55_100,2434,118,9.07,118.0,0.07686440677966101,4.84798685291701
TikTok Ads,faixa_etaria,NONE,1,0,0.02,0.0,0.0,0.0
TikTok Ads,faixa_etaria,AGE_18_24,6191,215,20.3,215.0,0.0944186046511628,3.472783072201583
TikTok Ads,faixa_etaria,AGE_25_34,3813,124,14.3,124.0,0.1153225806451613,3.2520325203252036
TikTok Ads,faixa_etaria,AGE_35_44,3430,126,11.69,126.0,0.09277777777777778,3.6734693877551026
TikTok Ads,faixa_etaria,AGE_45_54,2420,215,10.6,215.0,0.04930232558139535,8.884297520661157
TikTok Ads,faixa_etaria,AGE_55_100,3754,288,12.22,288.0,0.042430555555555555,7.67181672882259
TikTok Ads,faixa_etaria,NONE,1,0,0.0,0.0,0.0,0.0
TikTok Ads,faixa_etaria,AGE_18_24,6379,193,20.26,193.0,0.10497409326424871,3.025552594450541
TikTok Ads,faixa_etaria,AGE_25_34,4340,91,14.38,91.0,0.15802197802197804,2.0967741935483875
TikTok Ads,faixa_etaria,AGE_35_44,3463,205,14.12,205.0,0.0688780487804878,5.919722783713543
TikTok Ads,faixa_etaria,AGE_45_54,2453,260,12.17,260.0,0.04680769230769231,10.59926620464737
TikTok Ads,faixa_etaria,AGE_55_100,3079,291,11.82,291.0,0.04061855670103093,9.451120493666775
TikTok Ads,faixa_etaria,NONE,0,0,0.0,0.0,0.0,0.0
TikTok Ads,faixa_etaria,AGE_18_24,8061,208,23.37,208.0,0.11235576923076923,2.5803250217094655
TikTok Ads,faixa_etaria,AGE_25_34,5511,132,16.56,132.0,0.12545454545454546,2.3952095808383236
TikTok Ads,faixa_etaria,AGE_35_44,3554,102,10.4,102.0,0.10196078431372549,2.8700056274620147
TikTok Ads,faixa_etaria,AGE_45_54,3288,312,14.46,312.0,0.04634615384615385,9.48905109489051
TikTok Ads,faixa_etaria,AGE_55_100,3406,270,11.5,270.0,0.04259259259259259,7.9271873165002935
TikTok Ads,faixa_etaria,NONE,0,0,0.0,0.0,0.0,0.0
TikTok Ads,faixa_etaria,AGE_18_24,11007,303,31.9,303.0,0.10528052805280527,2.7527936767511587
TikTok Ads,faixa_etaria,AGE_25_34,6066,160,20.41,160.0,0.1275625,2.637652489284537
TikTok Ads,faixa_etaria,AGE_35_44,5188,168,15.31,168.0,0.09113095238095238,3.2382420971472627
TikTok Ads,faixa_etaria,AGE_45_54,3397,213,12.26,213.0,0.05755868544600939,6.2702384456873705
TikTok Ads,faixa_etaria,AGE_55_100,3550,193,11.26,193.0,0.0583419689119171,5.436619718309859
TikTok Ads,faixa_etaria,NONE,0,0,0.02,0.0,0.0,0.0
TikTok Ads,faixa_etaria,AGE_18_24,10999,306,34.86,306.0,0.11392156862745098,2.7820710973724885
TikTok Ads,faixa_etaria,AGE_25_34,5849,105,19.48,105.0,0.18552380952380954,1.7951786630193196
TikTok Ads,faixa_etaria,AGE_35_44,4411,116,13.81,116.0,0.11905172413793104,2.629789163454999
TikTok Ads,faixa_etaria,AGE_45_54,3029,174,11.05,174.0,0.06350574712643678,5.744470122152526
TikTok Ads,faixa_etaria,AGE_55_100,3520,204,12.22,204.0,0.05990196078431373,5.795454545454545
TikTok Ads,faixa_etaria,NONE,2,0,0.02,0.0,0.0,0.0
TikTok Ads,faixa_etaria,AGE_18_24,10497,350,37.52,350.0,0.1072,3.3342859864723255
TikTok Ads,faixa_etaria,AGE_25_34,5549,129,20.02,129.0,0.1551937984496124,2.3247431969724275
TikTok Ads,faixa_etaria,AGE_35_44,4056,109,14.66,109.0,0.1344954128440367,2.687376725838264
TikTok Ads,faixa_etaria,AGE_45_54,2703,193,11.79,193.0,0.0610880829015544,7.140214576396596
TikTok Ads,faixa_etaria,AGE_55_100,3226,237,13.26,237.0,0.05594936708860759,7.346559206447613
TikTok Ads,faixa_etaria,NONE,0,0,0.0,0.0,0.0,0.0
TikTok Ads,faixa_etaria,AGE_18_24,10398,250,35.62,250.0,0.14248,2.404308520869398
TikTok Ads,faixa_etaria,AGE_25_34,5658,110,21.41,110.0,0.19463636363636364,1.9441498762813716
TikTok Ads,faixa_etaria,AGE_35_44,4007,103,13.56,103.0,0.1316504854368932,2.570501622161218
TikTok Ads,faixa_etaria,AGE_45_54,3037,205,11.54,205.0,0.05629268292682926,6.75008231807705
TikTok Ads,faixa_etaria,AGE_55_100,3215,180,12.2,180.0,0.06777777777777777,5.598755832037325
TikTok Ads,faixa_etaria,NONE,3,0,0.0,0.0,0.0,0.0
TikTok Ads,faixa_etaria,AGE_18_24,11785,364,39.27,364.0,0.1078846153846154,3.088672040729741
TikTok Ads,faixa_etaria,AGE_25_34,6255,128,20.73,128.0,0.161953125,2.046362909672262
TikTok Ads,faixa_etaria,AGE_35_44,4422,137,14.85,137.0,0.1083941605839416,3.0981456354590686
TikTok Ads,faixa_etaria,AGE_45_54,3486,207,12.17,207.0,0.058792270531400966,5.938037865748709
TikTok Ads,faixa_etaria,AGE_55_100,3438,221,12.42,221.0,0.056199095022624435,6.428155904595695
TikTok Ads,faixa_etaria,NONE,3,0,0.0,0.0,0.0,0.0
TikTok Ads,faixa_etaria,AGE_18_24,11618,332,33.11,332.0,0.0997289156626506,2.8576347047684627
TikTok Ads,faixa_etaria,AGE_25_34,7072,127,20.13,127.0,0.15850393700787402,1.7958144796380089
TikTok Ads,faixa_etaria,AGE_35_44,4871,127,15.45,127.0,0.12165354330708661,2.607267501539725
TikTok Ads,faixa_etaria,AGE_45_54,3458,156,10.82,156.0,0.06935897435897435,4.511278195488721
TikTok Ads,faixa_etaria,AGE_55_100,3650,285,14.67,285.0,0.05147368421052632,7.808219178082192
TikTok Ads,faixa_etaria,NONE,1,0,0.0,0.0,0.0,0.0
TikTok Ads,faixa_etaria,AGE_18_24,12028,212,34.4,212.0,0.16226415094339622,1.7625540405719988
TikTok Ads,faixa_etaria,AGE_25_34,7238,102,23.4,102.0,0.22941176470588234,1.409229068803537
TikTok Ads,faixa_etaria,AGE_35_44,4722,76,13.19,76.0,0.17355263157894738,1.609487505294367
TikTok Ads,faixa_etaria,AGE_45_54,3304,175,11.59,175.0,0.06622857142857143,5.296610169491525
TikTok Ads,faixa_etaria,AGE_55_100,3322,179,10.87,179.0,0.06072625698324022,5.38832028898254
TikTok Ads,faixa_etaria,NONE,8,0,0.04,0.0,0.0,0.0
TikTok Ads,faixa_etaria,AGE_18_24,11359,231,36.23,231.0,0.15683982683982683,2.033629720926138
TikTok Ads,faixa_etaria,AGE_25_34,6364,113,21.1,113.0,0.18672566371681418,1.77561282212445
TikTok Ads,faixa_etaria,AGE_35_44,4586,103,14.76,103.0,0.1433009708737864,2.2459659834278236
TikTok Ads,faixa_etaria,AGE_45_54,3080,108,9.23,108.0,0.08546296296296296,3.506493506493506
TikTok Ads,faixa_etaria,AGE_55_100,3418,212,13.13,212.0,0.061933962264150946,6.20245757753072
TikTok Ads,faixa_etaria,NONE,9,0,0.05,0.0,0.0,0.0
TikTok Ads,faixa_etaria,AGE_18_24,11247,320,34.27,320.0,0.10709375000000002,2.8452031652885212
TikTok Ads,faixa_etaria,AGE_25_34,6032,137,20.46,137.0,0.14934306569343067,2.271220159151194
TikTok Ads,faixa_etaria,AGE_35_44,4580,209,17.8,209.0,0.08516746411483254,4.563318777292577
TikTok Ads,faixa_etaria,AGE_45_54,2647,156,10.18,156.0,0.06525641025641025,5.8934642992066495
TikTok Ads,faixa_etaria,AGE_55_100,4499,436,18.97,436.0,0.0435091743119266,9.69104245387864
TikTok Ads,faixa_etaria,NONE,10,0,0.04,0.0,0.0,0.0
TikTok Ads,faixa_etaria,AGE_18_24,11519,258,32.04,258.0,0.1241860465116279,2.2397777584859795
TikTok Ads,faixa_etaria,AGE_25_34,6448,119,21.02,119.0,0.17663865546218488,1.8455334987593053
TikTok Ads,faixa_etaria,AGE_35_44,5141,163,15.45,163.0,0.09478527607361963,3.1705893794981526
TikTok Ads,faixa_etaria,AGE_45_54,3177,181,11.54,181.0,0.06375690607734806,5.69719861504564
TikTok Ads,faixa_etaria,AGE_55_100,3684,216,12.45,216.0,0.057638888888888885,5.863192182410423
TikTok Ads,faixa_etaria,NONE,5,0,0.01,0.0,0.0,0.0
TikTok Ads,faixa_etaria,AGE_18_24,11534,318,33.21,318.0,0.10443396226415094,2.7570660655453443
TikTok Ads,faixa_etaria,AGE_25_34,6989,156,20.5,156.0,0.13141025641025642,2.23207898125626
TikTok Ads,faixa_etaria,AGE_35_44,4719,137,13.94,137.0,0.10175182481751824,2.903157448611994
TikTok Ads,faixa_etaria,AGE_45_54,3136,175,10.24,175.0,0.05851428571428571,5.580357142857143
TikTok Ads,faixa_etaria,AGE_55_100,4200,356,14.67,356.0,0.041207865168539325,8.476190476190476
TikTok Ads,faixa_etaria,NONE,14,0,0.06,0.0,0.0,0.0
TikTok Ads,faixa_etaria,AGE_18_24,12354,342,34.9,342.0,0.102046783625731,2.768334142787761
TikTok Ads,faixa_etaria,AGE_25_34,7324,119,20.77,119.0,0.1745378151260504,1.6247951938831238
TikTok Ads,faixa_etaria,AGE_35_44,4572,109,12.16,109.0,0.11155963302752293,2.3840769903762027
TikTok Ads,faixa_etaria,AGE_45_54,3057,183,9.61,183.0,0.05251366120218579,5.986261040235525
TikTok Ads,faixa_etaria,AGE_55_100,3100,211,10.56,211.0,0.05004739336492891,6.806451612903226
TikTok Ads,faixa_etaria,NONE,4,0,0.04,0.0,0.0,0.0
TikTok Ads,faixa_etaria,AGE_18_24,11165,369,33.53,369.0,0.09086720867208672,3.304970891177788
TikTok Ads,faixa_etaria,AGE_25_34,6596,98,19.36,98.0,0.19755102040816325,1.4857489387507579
TikTok Ads,faixa_etaria,AGE_35_44,4362,145,13.17,145.0,0.09082758620689656,3.3241632278771207
TikTok Ads,faixa_etaria,AGE_45_54,2357,110,7.86,110.0,0.07145454545454545,4.666949512091642
TikTok Ads,faixa_etaria,AGE_55_100,3894,308,10.98,308.0,0.03564935064935065,7.909604519774012
TikTok Ads,faixa_etaria,NONE,10,1,0.08,1.0,0.08,10.0
TikTok Ads,faixa_etaria,AGE_18_24,10975,278,32.02,278.0,0.11517985611510792,2.5330296127562644
TikTok Ads,faixa_etaria,AGE_25_34,6976,125,21.65,125.0,0.1732,1.7918577981651376
TikTok Ads,faixa_etaria,AGE_35_44,4813,164,13.81,164.0,0.08420731707317074,3.4074381882401825
TikTok Ads,faixa_etaria,AGE_45_54,2712,127,7.47,127.0,0.05881889763779528,4.682890855457227
TikTok Ads,faixa_etaria,AGE_55_100,2654,144,8.45,144.0,0.05868055555555555,5.425772418990203
TikTok Ads,faixa_etaria,NONE,13,0,0.06,0.0,0.0,0.0
TikTok Ads,faixa_etaria,AGE_18_24,9556,282,29.59,282.0,0.1049290780141844,2.9510255336961073
TikTok Ads,faixa_etaria,AGE_25_34,5800,159,20.32,159.0,0.12779874213836478,2.741379310344828
TikTok Ads,faixa_etaria,AGE_35_44,4240,125,13.35,125.0,0.10679999999999999,2.94811320754717
TikTok Ads,faixa_etaria,AGE_45_54,2395,147,8.74,147.0,0.05945578231292517,6.137787056367432
TikTok Ads,faixa_etaria,AGE_55_100,3006,125,8.08,125.0,0.06464,4.1583499667332005
TikTok Ads,faixa_etaria,NONE,5,1,0.08,1.0,0.08,20.0
TikTok Ads,faixa_etaria,AGE_18_24,9759,344,31.32,344.0,0.09104651162790697,3.524951326980223
TikTok Ads,faixa_etaria,AGE_25_34,5459,131,17.13,131.0,0.13076335877862594,2.399706906026745
TikTok Ads,faixa_etaria,AGE_35_44,4077,134,13.92,134.0,0.10388059701492537,3.2867304390483203
TikTok Ads,faixa_etaria,AGE_45_54,3434,229,11.16,229.0,0.04873362445414847,6.668608037274315
TikTok Ads,faixa_etaria,AGE_55_100,2997,157,9.42,157.0,0.06,5.2385719052385715
TikTok Ads,faixa_etaria,NONE,10,1,0.04,1.0,0.04,10.0
TikTok Ads,faixa_etaria,AGE_18_24,9115,288,29.18,288.0,0.10131944444444445,3.1596269884805266
TikTok Ads,faixa_etaria,AGE_25_34,5493,115,17.78,115.0,0.15460869565217392,2.0935736391771345
TikTok Ads,faixa_etaria,AGE_35_44,3982,104,12.83,104.0,0.12336538461538461,2.6117528879959817
TikTok Ads,faixa_etaria,AGE_45_54,2548,174,11.24,174.0,0.06459770114942529,6.828885400313972
TikTok Ads,faixa_etaria,AGE_55_100,3956,176,11.57,176.0,0.06573863636363636,4.448938321536906
TikTok Ads,faixa_etaria,NONE,6,0,0.03,0.0,0.0,0.0
TikTok Ads,faixa_etaria,AGE_18_24,10660,306,31.03,306.0,0.10140522875816994,2.8705440900562853
TikTok Ads,faixa_etaria,AGE_25_34,6156,118,18.53,118.0,0.15703389830508477,1.916829109811566
TikTok Ads,faixa_etaria,AGE_35_44,4933,133,13.91,133.0,0.10458646616541353,2.6961281167646463
TikTok Ads,faixa_etaria,AGE_45_54,2916,100,8.69,100.0,0.08689999999999999,3.4293552812071333
TikTok Ads,faixa_etaria,AGE_55_100,3320,142,10.38,142.0,0.07309859154929578,4.27710843373494
TikTok Ads,faixa_etaria,NONE,6,0,0.03,0.0,0.0,0.0
TikTok Ads,faixa_etaria,AGE_18_24,10285,296,29.87,296.0,0.10091216216216217,2.877977637335926
TikTok Ads,faixa_etaria,AGE_25_34,6228,87,16.05,87.0,0.18448275862068966,1.3969171483622351
TikTok Ads,faixa_etaria,AGE_35_44,3997,107,12.02,107.0,0.11233644859813084,2.6770077558168626
TikTok Ads,faixa_etaria,AGE_45_54,2599,197,10.63,197.0,0.053959390862944163,7.5798383993843785
TikTok Ads,faixa_etaria,AGE_55_100,3811,289,13.14,289.0,0.045467128027681665,7.583311466806612
TikTok Ads,faixa_etaria,NONE,10,1,0.05,1.0,0.05,10.0
TikTok Ads,faixa_etaria,AGE_18_24,10258,213,29.54,213.0,0.13868544600938967,2.0764281536361864
TikTok Ads,faixa_etaria,AGE_25_34,5805,83,17.82,83.0,0.2146987951807229,1.4298018949181739
TikTok Ads,faixa_etaria,AGE_35_44,3885,80,11.58,80.0,0.14475,2.0592020592020592
TikTok Ads,faixa_etaria,AGE_45_54,2625,143,9.4,143.0,0.06573426573426573,5.447619047619048
TikTok Ads,faixa_etaria,AGE_55_100,3292,259,13.49,259.0,0.05208494208494208,7.867557715674361
TikTok Ads,faixa_etaria,NONE,5,0,0.01,0.0,0.0,0.0
TikTok Ads,faixa_etaria,AGE_18_24,11174,321,29.74,321.0,0.09264797507788161,2.872740289958833
TikTok Ads,faixa_etaria,AGE_25_34,8241,120,20.11,120.0,0.16758333333333333,1.456133964324718
TikTok Ads,faixa_etaria,AGE_35_44,4059,131,11.09,131.0,0.08465648854961833,3.22739591032274
TikTok Ads,faixa_etaria,AGE_45_54,3345,171,9.77,171.0,0.05713450292397661,5.112107623318385
TikTok Ads,faixa_etaria,AGE_55_100,3616,123,9.23,123.0,0.07504065040650407,3.4015486725663715
TikTok Ads,faixa_etaria,NONE,3,0,0.04,0.0,0.0,0.0
TikTok Ads,faixa_etaria,AGE_18_24,10431,350,25.85,350.0,0.07385714285714286,3.35538299300163
TikTok Ads,faixa_etaria,AGE_25_34,8056,124,17.96,124.0,0.14483870967741935,1.5392254220456802
TikTok Ads,faixa_etaria,AGE_35_44,4379,126,11.15,126.0,0.0884920634920635,2.877369262388673
TikTok Ads,faixa_etaria,AGE_45_54,3733,243,12.07,243.0,0.04967078189300412,6.50950977765872
TikTok Ads,faixa_etaria,AGE_55_100,3998,219,11.92,219.0,0.05442922374429224,5.4777388694347176
TikTok Ads,faixa_etaria,NONE,9,1,0.05,1.0,0.05,11.11111111111111
TikTok Ads,faixa_etaria,AGE_18_24,11295,377,27.09,377.0,0.07185676392572944,3.3377600708278
TikTok Ads,faixa_etaria,AGE_25_34,7979,118,18.54,118.0,0.1571186440677966,1.478882065421732
TikTok Ads,faixa_etaria,AGE_35_44,4145,154,10.07,154.0,0.06538961038961039,3.715319662243667
TikTok Ads,faixa_etaria,AGE_45_54,3771,249,11.23,249.0,0.04510040160642571,6.6030230708035
TikTok Ads,faixa_etaria,AGE_55_100,3531,109,7.84,109.0,0.07192660550458715,3.0869442084395358
TikTok Ads,faixa_etaria,NONE,7,0,0.06,0.0,0.0,0.0
TikTok Ads,faixa_etaria,AGE_18_24,12413,558,31.34,558.0,0.056164874551971326,4.495287198904374
TikTok Ads,faixa_etaria,AGE_25_34,8225,184,19.76,184.0,0.1073913043478261,2.2370820668693012
TikTok Ads,faixa_etaria,AGE_35_44,4855,215,12.0,215.0,0.05581395348837209,4.42842430484037
TikTok Ads,faixa_etaria,AGE_45_54,4578,356,14.23,356.0,0.03997191011235955,7.776321537789428
TikTok Ads,faixa_etaria,AGE_55_100,3495,118,8.13,118.0,0.06889830508474577,3.376251788268956
TikTok Ads,faixa_etaria,NONE,17,0,0.1,0.0,0.0,0.0
TikTok Ads,faixa_etaria,AGE_18_24,11550,611,29.79,611.0,0.04875613747954173,5.29004329004329
TikTok Ads,faixa_etaria,AGE_25_34,8124,185,18.69,185.0,0.10102702702702704,2.277203348104382
TikTok Ads,faixa_etaria,AGE_35_44,4633,195,11.14,195.0,0.05712820512820513,4.208935894668682
TikTok Ads,faixa_etaria,AGE_45_54,4145,301,11.88,301.0,0.03946843853820598,7.261761158021712
TikTok Ads,faixa_etaria,AGE_55_100,3629,235,11.49,235.0,0.0488936170212766,6.475613116561036
TikTok Ads,faixa_etaria,NONE,11,1,0.06,1.0,0.06,9.090909090909092
TikTok Ads,faixa_etaria,AGE_18_24,12186,640,29.69,640.0,0.046390625000000005,5.251928442474972
TikTok Ads,faixa_etaria,AGE_25_34,8521,179,17.95,179.0,0.10027932960893854,2.1006924069944843
TikTok Ads,faixa_etaria,AGE_35_44,5357,236,11.47,236.0,0.04860169491525424,4.405450812021654
TikTok Ads,faixa_etaria,AGE_45_54,4164,382,12.32,382.0,0.03225130890052356,9.173871277617675
TikTok Ads,faixa_etaria,AGE_55_100,3337,141,7.88,141.0,0.05588652482269504,4.225352112676056
TikTok Ads,faixa_etaria,NONE,8,0,0.01,0.0,0.0,0.0
TikTok Ads,faixa_etaria,AGE_18_24,10492,560,24.42,560.0,0.04360714285714286,5.33739992375143
TikTok Ads,faixa_etaria,AGE_25_34,7623,216,17.92,216.0,0.08296296296296297,2.833530106257379
TikTok Ads,faixa_etaria,AGE_35_44,4657,241,10.37,241.0,0.043029045643153525,5.17500536826283
TikTok Ads,faixa_etaria,AGE_45_54,3684,373,11.7,373.0,0.03136729222520107,10.124864277958741
TikTok Ads,faixa_etaria,AGE_55_100,2957,244,9.21,244.0,0.03774590163934426,8.251606357795064
TikTok Ads,faixa_etaria,NONE,6,0,0.02,0.0,0.0,0.0
TikTok Ads,faixa_etaria,AGE_18_24,7520,328,16.27,328.0,0.04960365853658536,4.361702127659575
TikTok Ads,faixa_etaria,AGE_25_34,6599,185,13.82,185.0,0.0747027027027027,2.803455068949841
TikTok Ads,faixa_etaria,AGE_35_44,2969,130,6.65,130.0,0.051153846153846154,4.378578646008757
TikTok Ads,faixa_etaria,AGE_45_54,2278,306,8.06,306.0,0.026339869281045755,13.432835820895523
TikTok Ads,faixa_etaria,AGE_55_100,2282,145,5.44,145.0,0.03751724137931035,6.35407537248028
TikTok Ads,faixa_etaria,NONE,7,0,0.0,0.0,0.0,0.0
TikTok Ads,faixa_etaria,AGE_18_24,12,2,0.0,2.0,0.0,16.666666666666664
TikTok Ads,faixa_etaria,AGE_25_34,13,1,0.0,1.0,0.0,7.6923076923076925
TikTok Ads,faixa_etaria,AGE_35_44,7,0,0.0,0.0,0.0,0.0
TikTok Ads,faixa_etaria,AGE_45_54,9,1,0.0,1.0,0.0,11.11111111111111
TikTok Ads,faixa_etaria,AGE_55_100,6,0,0.0,0.0,0.0,0.0
TikTok Ads,faixa_etaria,NONE,3,0,0.0,0.0,0.0,0.0
TikTok Ads,faixa_etaria,AGE_25_34,1,1,0.0,1.0,0.0,100.0
TikTok Ads,faixa_etaria,AGE_45_54,1,1,0.0,1.0,0.0,100.0
TikTok Ads,faixa_etaria,AGE_55_100,0,0,0.0,0.0,0.0,0.0
TikTok Ads,faixa_etaria,NONE,2,0,0.0,0.0,0.0,0.0
TikTok Ads,faixa_etaria,AGE_25_34,0,0,0.0,0.0,0.0,0.0
TikTok Ads,faixa_etaria,AGE_35_44,0,0,0.0,0.0,0.0,0.0
TikTok Ads,faixa_etaria,AGE_45_54,1,0,0.0,0.0,0.0,0.0
TikTok Ads,faixa_etaria,NONE,4,0,0.0,0.0,0.0,0.0
TikTok Ads,faixa_etaria,AGE_18_24,0,0,0.0,0.0,0.0,0.0
TikTok Ads,faixa_etaria,AGE_25_34,2,0,0.0,0.0,0.0,0.0
TikTok Ads,faixa_etaria,AGE_35_44,0,0,0.0,0.0,0.0,0.0
TikTok Ads,faixa_etaria,NONE,7,0,0.0,0.0,0.0,0.0
TikTok Ads,faixa_etaria,AGE_18_24,0,0,0.0,0.0,0.0,0.0
TikTok Ads,faixa_etaria,AGE_25_34,1,1,0.0,1.0,0.0,100.0
TikTok Ads,faixa_etaria,AGE_35_44,0,0,0.0,0.0,0.0,0.0
TikTok Ads,faixa_etaria,NONE,0,0,0.0,0.0,0.0,0.0
TikTok Ads,faixa_etaria,AGE_18_24,0,0,0.0,0.0,0.0,0.0
TikTok Ads,faixa_etaria,AGE_25_34,0,0,0.0,0.0,0.0,0.0
TikTok Ads,faixa_etaria,AGE_45_54,0,0,0.0,0.0,0.0,0.0
TikTok Ads,faixa_etaria,NONE,0,0,0.0,0.0,0.0,0.0
TikTok Ads,faixa_etaria,AGE_18_24,2,0,0.0,0.0,0.0,0.0
TikTok Ads,faixa_etaria,AGE_35_44,0,0,0.0,0.0,0.0,0.0
TikTok Ads,faixa_etaria,AGE_45_54,0,0,0.0,0.0,0.0,0.0
TikTok Ads,faixa_etaria,AGE_55_100,0,0,0.0,0.0,0.0,0.0
TikTok Ads,faixa_etaria,NONE,0,0,0.0,0.0,0.0,0.0
TikTok Ads,faixa_etaria,AGE_25_34,0,0,0.0,0.0,0.0,0.0
TikTok Ads,faixa_etaria,AGE_55_100,0,0,0.0,0.0,0.0,0.0
TikTok Ads,faixa_etaria,NONE,0,0,0.0,0.0,0.0,0.0
TikTok Ads,faixa_etaria,NONE,0,0,0.0,0.0,0.0,0.0
TikTok Ads,faixa_etaria,AGE_55_100,0,0,0.0,0.0,0.0,0.0
TikTok Ads,faixa_etaria,NONE,0,0,0.0,0.0,0.0,0.0
TikTok Ads,faixa_etaria,AGE_18_24,0,0,0.0,0.0,0.0,0.0
TikTok Ads,faixa_etaria,AGE_35_44,0,0,0.0,0.0,0.0,0.0
TikTok Ads,faixa_etaria,AGE_45_54,0,0,0.0,0.0,0.0,0.0
TikTok Ads,faixa_etaria,AGE_18_24,0,0,0.0,0.0,0.0,0.0
TikTok Ads,faixa_etaria,AGE_55_100,0,0,0.0,0.0,0.0,0.0
TikTok Ads,faixa_etaria,NONE,0,0,0.0,0.0,0.0,0.0
TikTok Ads,faixa_etaria,AGE_18_24,0,0,0.0,0.0,0.0,0.0
TikTok Ads,faixa_etaria,AGE_55_100,0,0,0.0,0.0,0.0,0.0
TikTok Ads,faixa_etaria,NONE,0,0,0.0,0.0,0.0,0.0
TikTok Ads,faixa_etaria,AGE_18_24,3885,0,4.56,0.0,0.0,0.0
TikTok Ads,faixa_etaria,AGE_25_34,2534,0,3.62,0.0,0.0,0.0
TikTok Ads,faixa_etaria,AGE_35_44,1092,0,1.61,0.0,0.0,0.0
TikTok Ads,faixa_etaria,AGE_45_54,878,0,1.1,0.0,0.0,0.0
TikTok Ads,faixa_etaria,AGE_55_100,1024,0,1.09,0.0,0.0,0.0
TikTok Ads,faixa_etaria,NONE,2,0,0.0,0.0,0.0,0.0
TikTok Ads,faixa_etaria,AGE_18_24,8184,0,13.79,0.0,0.0,0.0
TikTok Ads,faixa_etaria,AGE_25_34,6206,0,10.21,0.0,0.0,0.0
TikTok Ads,faixa_etaria,AGE_35_44,2604,0,4.52,0.0,0.0,0.0
TikTok Ads,faixa_etaria,AGE_45_54,2113,0,2.8,0.0,0.0,0.0
TikTok Ads,faixa_etaria,AGE_55_100,2385,0,3.33,0.0,0.0,0.0
TikTok Ads,faixa_etaria,NONE,4,0,0.0,0.0,0.0,0.0
TikTok Ads,faixa_etaria,AGE_18_24,7824,0,12.31,0.0,0.0,0.0
TikTok Ads,faixa_etaria,AGE_25_34,5897,0,10.27,0.0,0.0,0.0
TikTok Ads,faixa_etaria,AGE_35_44,2485,0,4.51,0.0,0.0,0.0
TikTok Ads,faixa_etaria,AGE_45_54,1932,0,3.12,0.0,0.0,0.0
TikTok Ads,faixa_etaria,AGE_55_100,2245,0,3.45,0.0,0.0,0.0
TikTok Ads,faixa_etaria,NONE,11,0,0.02,0.0,0.0,0.0
TikTok Ads,faixa_etaria,AGE_18_24,7910,0,11.99,0.0,0.0,0.0
TikTok Ads,faixa_etaria,AGE_25_34,6134,0,10.26,0.0,0.0,0.0
TikTok Ads,faixa_etaria,AGE_35_44,2529,0,4.46,0.0,0.0,0.0
TikTok Ads,faixa_etaria,AGE_45_54,1859,0,3.49,0.0,0.0,0.0
TikTok Ads,faixa_etaria,AGE_55_100,2109,0,3.58,0.0,0.0,0.0
TikTok Ads,faixa_etaria,NONE,2,0,0.02,0.0,0.0,0.0
TikTok Ads,faixa_etaria,AGE_18_24,7791,0,12.28,0.0,0.0,0.0
TikTok Ads,faixa_etaria,AGE_25_34,6302,0,11.33,0.0,0.0,0.0
TikTok Ads,faixa_etaria,AGE_35_44,2660,0,4.55,0.0,0.0,0.0
TikTok Ads,faixa_etaria,AGE_45_54,1781,0,2.52,0.0,0.0,0.0
TikTok Ads,faixa_etaria,AGE_55_100,1729,0,2.76,0.0,0.0,0.0
TikTok Ads,faixa_etaria,NONE,2,0,0.0,0.0,0.0,0.0
TikTok Ads,faixa_etaria,AGE_18_24,6813,0,11.97,0.0,0.0,0.0
TikTok Ads,faixa_etaria,AGE_25_34,5611,0,10.65,0.0,0.0,0.0
TikTok Ads,faixa_etaria,AGE_35_44,2037,0,3.96,0.0,0.0,0.0
TikTok Ads,faixa_etaria,AGE_45_54,1388,0,2.47,0.0,0.0,0.0
TikTok Ads,faixa_etaria,AGE_55_100,1449,0,2.42,0.0,0.0,0.0
TikTok Ads,faixa_etaria,NONE,1,0,0.0,0.0,0.0,0.0
TikTok Ads,faixa_etaria,AGE_18_24,6036,0,11.93,0.0,0.0,0.0
TikTok Ads,faixa_etaria,AGE_25_34,4831,0,10.54,0.0,0.0,0.0
TikTok Ads,faixa_etaria,AGE_35_44,1728,0,3.42,0.0,0.0,0.0
TikTok Ads,faixa_etaria,AGE_45_54,1229,0,2.21,0.0,0.0,0.0
TikTok Ads,faixa_etaria,AGE_55_100,1315,0,2.49,0.0,0.0,0.0
TikTok Ads,faixa_etaria,NONE,1,0,0.0,0.0,0.0,0.0
TikTok Ads,faixa_etaria,AGE_18_24,7715,0,12.77,0.0,0.0,0.0
TikTok Ads,faixa_etaria,AGE_25_34,5677,0,10.8,0.0,0.0,0.0
TikTok Ads,faixa_etaria,AGE_35_44,2151,0,4.19,0.0,0.0,0.0
TikTok Ads,faixa_etaria,AGE_45_54,1668,0,2.96,0.0,0.0,0.0
TikTok Ads,faixa_etaria,AGE_55_100,1826,0,3.02,0.0,0.0,0.0
TikTok Ads,faixa_etaria,NONE,4,0,0.03,0.0,0.0,0.0
TikTok Ads,faixa_etaria,AGE_18_24,7744,0,12.46,0.0,0.0,0.0
TikTok Ads,faixa_etaria,AGE_25_34,5656,0,9.46,0.0,0.0,0.0
TikTok Ads,faixa_etaria,AGE_35_44,2296,0,3.72,0.0,0.0,0.0
TikTok Ads,faixa_etaria,AGE_45_54,1829,0,2.95,0.0,0.0,0.0
TikTok Ads,faixa_etaria,AGE_55_100,2064,0,2.87,0.0,0.0,0.0
TikTok Ads,faixa_etaria,NONE,12,0,0.04,0.0,0.0,0.0
TikTok Ads,faixa_etaria,AGE_18_24,7324,0,11.86,0.0,0.0,0.0
TikTok Ads,faixa_etaria,AGE_25_34,5205,0,9.7,0.0,0.0,0.0
TikTok Ads,faixa_etaria,AGE_35_44,2178,0,3.47,0.0,0.0,0.0
TikTok Ads,faixa_etaria,AGE_45_54,1575,0,2.43,0.0,0.0,0.0
TikTok Ads,faixa_etaria,AGE_55_100,1980,0,2.9,0.0,0.0,0.0
TikTok Ads,faixa_etaria,NONE,18,0,0.04,0.0,0.0,0.0
TikTok Ads,faixa_etaria,AGE_18_24,6887,0,11.44,0.0,0.0,0.0
TikTok Ads,faixa_etaria,AGE_25_34,5163,0,9.32,0.0,0.0,0.0
TikTok Ads,faixa_etaria,AGE_35_44,2243,0,3.89,0.0,0.0,0.0
TikTok Ads,faixa_etaria,AGE_45_54,1623,0,2.97,0.0,0.0,0.0
TikTok Ads,faixa_etaria,AGE_55_100,1797,0,3.12,0.0,0.0,0.0
TikTok Ads,faixa_etaria,NONE,18,0,0.03,0.0,0.0,0.0
TikTok Ads,faixa_etaria,AGE_18_24,6865,0,9.88,0.0,0.0,0.0
TikTok Ads,faixa_etaria,AGE_25_34,5572,0,9.39,0.0,0.0,0.0
TikTok Ads,faixa_etaria,AGE_35_44,2465,0,4.0,0.0,0.0,0.0
TikTok Ads,faixa_etaria,AGE_45_54,1690,0,2.95,0.0,0.0,0.0
TikTok Ads,faixa_etaria,AGE_55_100,1634,0,2.47,0.0,0.0,0.0
TikTok Ads,faixa_etaria,NONE,9,0,0.01,0.0,0.0,0.0
TikTok Ads,faixa_etaria,AGE_18_24,5594,0,10.32,0.0,0.0,0.0
TikTok Ads,faixa_etaria,AGE_25_34,4673,0,9.17,0.0,0.0,0.0
TikTok Ads,faixa_etaria,AGE_35_44,1867,0,4.09,0.0,0.0,0.0
TikTok Ads,faixa_etaria,AGE_45_54,1261,0,2.41,0.0,0.0,0.0
TikTok Ads,faixa_etaria,AGE_55_100,1284,0,2.46,0.0,0.0,0.0
TikTok Ads,faixa_etaria,NONE,22,0,0.02,0.0,0.0,0.0
TikTok Ads,faixa_etaria,AGE_18_24,6128,0,10.49,0.0,0.0,0.0
TikTok Ads,faixa_etaria,AGE_25_34,4309,0,8.26,0.0,0.0,0.0
TikTok Ads,faixa_etaria,AGE_35_44,1693,0,3.31,0.0,0.0,0.0
TikTok Ads,faixa_etaria,AGE_45_54,1206,0,2.29,0.0,0.0,0.0
TikTok Ads,faixa_etaria,AGE_55_100,1511,0,2.04,0.0,0.0,0.0
TikTok Ads,faixa_etaria,NONE,17,0,0.04,0.0,0.0,0.0
TikTok Ads,faixa_etaria,AGE_18_24,8047,0,12.29,0.0,0.0,0.0
TikTok Ads,faixa_etaria,AGE_25_34,5698,0,8.96,0.0,0.0,0.0
TikTok Ads,faixa_etaria,AGE_35_44,2310,0,3.51,0.0,0.0,0.0
TikTok Ads,faixa_etaria,AGE_45_54,1567,0,2.51,0.0,0.0,0.0
TikTok Ads,faixa_etaria,AGE_55_100,1844,0,2.87,0.0,0.0,0.0
TikTok Ads,faixa_etaria,NONE,23,0,0.07,0.0,0.0,0.0
TikTok Ads,faixa_etaria,AGE_18_24,12464,0,20.3,0.0,0.0,0.0
TikTok Ads,faixa_etaria,AGE_25_34,9522,0,16.34,0.0,0.0,0.0
TikTok Ads,faixa_etaria,AGE_35_44,3619,0,5.99,0.0,0.0,0.0
TikTok Ads,faixa_etaria,AGE_45_54,2732,0,4.58,0.0,0.0,0.0
TikTok Ads,faixa_etaria,AGE_55_100,3120,0,4.79,0.0,0.0,0.0
TikTok Ads,faixa_etaria,NONE,31,0,0.04,0.0,0.0,0.0
TikTok Ads,faixa_etaria,AGE_18_24,19532,0,35.6,0.0,0.0,0.0
TikTok Ads,faixa_etaria,AGE_25_34,16364,0,32.48,0.0,0.0,0.0
TikTok Ads,faixa_etaria,AGE_35_44,6598,0,11.88,0.0,0.0,0.0
TikTok Ads,faixa_etaria,AGE_45_54,4680,0,8.46,0.0,0.0,0.0
TikTok Ads,faixa_etaria,AGE_55_100,5175,0,8.82,0.0,0.0,0.0
TikTok Ads,faixa_etaria,NONE,53,0,0.1,0.0,0.0,0.0
TikTok Ads,faixa_etaria,AGE_18_24,17867,0,34.63,0.0,0.0,0.0
TikTok Ads,faixa_etaria,AGE_25_34,14801,0,29.6,0.0,0.0,0.0
TikTok Ads,faixa_etaria,AGE_35_44,6140,0,11.77,0.0,0.0,0.0
TikTok Ads,faixa_etaria,AGE_45_54,4228,0,8.04,0.0,0.0,0.0
TikTok Ads,faixa_etaria,AGE_55_100,4680,0,7.89,0.0,0.0,0.0
TikTok Ads,faixa_etaria,NONE,51,0,0.14,0.0,0.0,0.0
TikTok Ads,faixa_etaria,AGE_18_24,18103,0,30.86,0.0,0.0,0.0
TikTok Ads,faixa_etaria,AGE_25_34,16472,0,28.2,0.0,0.0,0.0
TikTok Ads,faixa_etaria,AGE_35_44,6701,0,11.99,0.0,0.0,0.0
TikTok Ads,faixa_etaria,AGE_45_54,4368,0,6.91,0.0,0.0,0.0
TikTok Ads,faixa_etaria,AGE_55_100,4500,0,6.7,0.0,0.0,0.0
TikTok Ads,faixa_etaria,NONE,43,0,0.08,0.0,0.0,0.0
TikTok Ads,faixa_etaria,AGE_18_24,17388,0,31.92,0.0,0.0,0.0
TikTok Ads,faixa_etaria,AGE_25_34,15113,0,28.83,0.0,0.0,0.0
TikTok Ads,faixa_etaria,AGE_35_44,5537,0,10.39,0.0,0.0,0.0
TikTok Ads,faixa_etaria,AGE_45_54,3466,0,5.73,0.0,0.0,0.0
TikTok Ads,faixa_etaria,AGE_55_100,3707,0,5.59,0.0,0.0,0.0
TikTok Ads,faixa_etaria,NONE,52,0,0.07,0.0,0.0,0.0
TikTok Ads,faixa_etaria,AGE_18_24,16347,0,32.34,0.0,0.0,0.0
TikTok Ads,faixa_etaria,AGE_25_34,12975,0,27.78,0.0,0.0,0.0
TikTok Ads,faixa_etaria,AGE_35_44,4705,0,10.01,0.0,0.0,0.0
TikTok Ads,faixa_etaria,AGE_45_54,3027,0,5.92,0.0,0.0,0.0
TikTok Ads,faixa_etaria,AGE_55_100,3543,0,5.91,0.0,0.0,0.0
TikTok Ads,faixa_etaria,NONE,43,0,0.13,0.0,0.0,0.0
TikTok Ads,faixa_etaria,AGE_18_24,14476,0,28.63,0.0,0.0,0.0
TikTok Ads,faixa_etaria,AGE_25_34,12368,0,28.78,0.0,0.0,0.0
TikTok Ads,faixa_etaria,AGE_35_44,5055,0,10.83,0.0,0.0,0.0
TikTok Ads,faixa_etaria,AGE_45_54,3522,0,6.89,0.0,0.0,0.0
TikTok Ads,faixa_etaria,AGE_55_100,3871,0,6.43,0.0,0.0,0.0
TikTok Ads,faixa_etaria,NONE,38,0,0.09,0.0,0.0,0.0
TikTok Ads,faixa_etaria,AGE_18_24,17067,0,31.67,0.0,0.0,0.0
TikTok Ads,faixa_etaria,AGE_25_34,12772,0,28.26,0.0,0.0,0.0
TikTok Ads,faixa_etaria,AGE_35_44,4824,0,9.97,0.0,0.0,0.0
TikTok Ads,faixa_etaria,AGE_45_54,3450,0,6.38,0.0,0.0,0.0
TikTok Ads,faixa_etaria,AGE_55_100,3933,0,6.67,0.0,0.0,0.0
TikTok Ads,faixa_etaria,NONE,51,0,0.1,0.0,0.0,0.0
TikTok Ads,faixa_etaria,AGE_18_24,17142,0,28.33,0.0,0.0,0.0
TikTok Ads,faixa_etaria,AGE_25_34,13365,0,27.12,0.0,0.0,0.0
TikTok Ads,faixa_etaria,AGE_35_44,5294,0,10.34,0.0,0.0,0.0
TikTok Ads,faixa_etaria,AGE_45_54,3638,0,6.45,0.0,0.0,0.0
TikTok Ads,faixa_etaria,AGE_55_100,4193,0,6.98,0.0,0.0,0.0
TikTok Ads,faixa_etaria,NONE,31,0,0.07,0.0,0.0,0.0
TikTok Ads,faixa_etaria,AGE_18_24,12846,0,24.83,0.0,0.0,0.0
TikTok Ads,faixa_etaria,AGE_25_34,9577,0,19.18,0.0,0.0,0.0
TikTok Ads,faixa_etaria,AGE_35_44,4111,0,7.64,0.0,0.0,0.0
TikTok Ads,faixa_etaria,AGE_45_54,2938,0,5.27,0.0,0.0,0.0
TikTok Ads,faixa_etaria,AGE_55_100,3425,0,6.58,0.0,0.0,0.0
TikTok Ads,faixa_etaria,NONE,13,0,0.0,0.0,0.0,0.0
TikTok Ads,faixa_etaria,AGE_18_24,6114,0,11.23,0.0,0.0,0.0
TikTok Ads,faixa_etaria,AGE_25_34,5223,0,9.53,0.0,0.0,0.0
TikTok Ads,faixa_etaria,AGE_35_44,2282,0,4.38,0.0,0.0,0.0
TikTok Ads,faixa_etaria,AGE_45_54,1617,0,2.98,0.0,0.0,0.0
TikTok Ads,faixa_etaria,AGE_55_100,1693,0,3.31,0.0,0.0,0.0
TikTok Ads,faixa_etaria,NONE,11,0,0.04,0.0,0.0,0.0
TikTok Ads,faixa_etaria,AGE_18_24,3445,0,6.77,0.0,0.0,0.0
TikTok Ads,faixa_etaria,AGE_25_34,2750,0,5.85,0.0,0.0,0.0
TikTok Ads,faixa_etaria,AGE_35_44,1181,0,2.38,0.0,0.0,0.0
TikTok Ads,faixa_etaria,AGE_45_54,786,0,1.66,0.0,0.0,0.0
TikTok Ads,faixa_etaria,AGE_55_100,936,0,1.75,0.0,0.0,0.0
TikTok Ads,faixa_etaria,NONE,11,0,0.02,0.0,0.0,0.0
TikTok Ads,faixa_etaria,AGE_18_24,4802,0,8.04,0.0,0.0,0.0
TikTok Ads,faixa_etaria,AGE_25_34,3120,0,5.1,0.0,0.0,0.0
TikTok Ads,faixa_etaria,AGE_35_44,1478,0,2.49,0.0,0.0,0.0
TikTok Ads,faixa_etaria,AGE_45_54,1086,0,1.62,0.0,0.0,0.0
TikTok Ads,faixa_etaria,AGE_55_100,1403,0,2.31,0.0,0.0,0.0
TikTok Ads,faixa_etaria,NONE,11,0,0.03,0.0,0.0,0.0
TikTok Ads,faixa_etaria,AGE_18_24,5066,0,7.57,0.0,0.0,0.0
TikTok Ads,faixa_etaria,AGE_25_34,3147,0,5.12,0.0,0.0,0.0
TikTok Ads,faixa_etaria,AGE_35_44,1446,0,2.21,0.0,0.0,0.0
TikTok Ads,faixa_etaria,AGE_45_54,1108,0,1.73,0.0,0.0,0.0
TikTok Ads,faixa_etaria,AGE_55_100,1410,0,1.78,0.0,0.0,0.0
TikTok Ads,faixa_etaria,NONE,7,0,0.02,0.0,0.0,0.0
TikTok Ads,faixa_etaria,AGE_18_24,4547,0,7.2,0.0,0.0,0.0
TikTok Ads,faixa_etaria,AGE_25_34,3289,0,5.86,0.0,0.0,0.0
TikTok Ads,faixa_etaria,AGE_35_44,1324,0,2.07,0.0,0.0,0.0
TikTok Ads,faixa_etaria,AGE_45_54,990,0,1.4,0.0,0.0,0.0
TikTok Ads,faixa_etaria,AGE_55_100,1129,0,1.45,0.0,0.0,0.0
TikTok Ads,faixa_etaria,NONE,12,0,0.02,0.0,0.0,0.0
TikTok Ads,faixa_etaria,AGE_18_24,3958,0,6.76,0.0,0.0,0.0
TikTok Ads,faixa_etaria,AGE_25_34,3260,0,5.81,0.0,0.0,0.0
TikTok Ads,faixa_etaria,AGE_35_44,1417,0,2.28,0.0,0.0,0.0
TikTok Ads,faixa_etaria,AGE_45_54,985,0,1.77,0.0,0.0,0.0
TikTok Ads,faixa_etaria,AGE_55_100,1019,0,1.48,0.0,0.0,0.0
TikTok Ads,faixa_etaria,NONE,6,0,0.01,0.0,0.0,0.0
TikTok Ads,faixa_etaria,AGE_18_24,3630,0,6.54,0.0,0.0,0.0
TikTok Ads,faixa_etaria,AGE_25_34,3065,0,5.86,0.0,0.0,0.0
TikTok Ads,faixa_etaria,AGE_35_44,1501,0,2.39,0.0,0.0,0.0
TikTok Ads,faixa_etaria,AGE_45_54,992,0,1.6,0.0,0.0,0.0
TikTok Ads,faixa_etaria,AGE_55_100,1077,0,1.64,0.0,0.0,0.0
TikTok Ads,faixa_etaria,NONE,7,0,0.01,0.0,0.0,0.0
TikTok Ads,faixa_etaria,AGE_18_24,3137,0,5.69,0.0,0.0,0.0
TikTok Ads,faixa_etaria,AGE_25_34,2806,0,5.8,0.0,0.0,0.0
TikTok Ads,faixa_etaria,AGE_35_44,1292,0,2.11,0.0,0.0,0.0
TikTok Ads,faixa_etaria,AGE_45_54,799,0,1.43,0.0,0.0,0.0
TikTok Ads,faixa_etaria,AGE_55_100,927,0,1.86,0.0,0.0,0.0
TikTok Ads,faixa_etaria,NONE,8,0,0.02,0.0,0.0,0.0
TikTok Ads,faixa_etaria,AGE_18_24,3324,0,6.14,0.0,0.0,0.0
TikTok Ads,faixa_etaria,AGE_25_34,2496,0,5.0,0.0,0.0,0.0
TikTok Ads,faixa_etaria,AGE_35_44,1129,0,2.17,0.0,0.0,0.0
TikTok Ads,faixa_etaria,AGE_45_54,756,0,1.45,0.0,0.0,0.0
TikTok Ads,faixa_etaria,AGE_55_100,885,0,1.49,0.0,0.0,0.0
TikTok Ads,faixa_etaria,NONE,12,0,0.03,0.0,0.0,0.0
TikTok Ads,faixa_etaria,AGE_18_24,4493,0,6.4,0.0,0.0,0.0
TikTok Ads,faixa_etaria,AGE_25_34,3010,0,4.89,0.0,0.0,0.0
TikTok Ads,faixa_etaria,AGE_35_44,1516,0,2.18,0.0,0.0,0.0
TikTok Ads,faixa_etaria,AGE_45_54,1135,0,1.79,0.0,0.0,0.0
TikTok Ads,faixa_etaria,AGE_55_100,1368,0,1.95,0.0,0.0,0.0
TikTok Ads,faixa_etaria,NONE,7,0,0.01,0.0,0.0,0.0
TikTok Ads,faixa_etaria,AGE_18_24,4478,0,6.54,0.0,0.0,0.0
TikTok Ads,faixa_etaria,AGE_25_34,3008,0,4.6,0.0,0.0,0.0
TikTok Ads,faixa_etaria,AGE_35_44,1480,0,1.99,0.0,0.0,0.0
TikTok Ads,faixa_etaria,AGE_45_54,1139,0,1.27,0.0,0.0,0.0
TikTok Ads,faixa_etaria,AGE_55_100,1305,0,1.43,0.0,0.0,0.0
TikTok Ads,faixa_etaria,NONE,10,0,0.0,0.0,0.0,0.0
TikTok Ads,faixa_etaria,AGE_18_24,3867,0,6.14,0.0,0.0,0.0
TikTok Ads,faixa_etaria,AGE_25_34,2746,0,4.6,0.0,0.0,0.0
TikTok Ads,faixa_etaria,AGE_35_44,1368,0,1.84,0.0,0.0,0.0
TikTok Ads,faixa_etaria,AGE_45_54,1037,0,1.45,0.0,0.0,0.0
TikTok Ads,faixa_etaria,AGE_55_100,1131,0,1.51,0.0,0.0,0.0
TikTok Ads,faixa_etaria,NONE,6,0,0.01,0.0,0.0,0.0
TikTok Ads,faixa_etaria,AGE_18_24,3210,0,5.74,0.0,0.0,0.0
TikTok Ads,faixa_etaria,AGE_25_34,2558,0,4.66,0.0,0.0,0.0
TikTok Ads,faixa_etaria,AGE_35_44,1275,0,2.08,0.0,0.0,0.0
TikTok Ads,faixa_etaria,AGE_45_54,908,0,1.22,0.0,0.0,0.0
TikTok Ads,faixa_etaria,AGE_55_100,1024,0,1.44,0.0,0.0,0.0
TikTok Ads,faixa_etaria,NONE,6,0,0.01,0.0,0.0,0.0
TikTok Ads,faixa_etaria,AGE_18_24,2971,0,5.64,0.0,0.0,0.0
TikTok Ads,faixa_etaria,AGE_25_34,2663,0,4.74,0.0,0.0,0.0
TikTok Ads,faixa_etaria,AGE_35_44,1223,0,1.99,0.0,0.0,0.0
TikTok Ads,faixa_etaria,AGE_45_54,817,0,1.19,0.0,0.0,0.0
TikTok Ads,faixa_etaria,AGE_55_100,799,0,1.04,0.0,0.0,0.0
TikTok Ads,faixa_etaria,NONE,8,0,0.01,0.0,0.0,0.0
TikTok Ads,faixa_etaria,AGE_18_24,2637,0,4.63,0.0,0.0,0.0
TikTok Ads,faixa_etaria,AGE_25_34,2445,0,4.52,0.0,0.0,0.0
TikTok Ads,faixa_etaria,AGE_35_44,995,0,1.55,0.0,0.0,0.0
TikTok Ads,faixa_etaria,AGE_45_54,815,0,1.26,0.0,0.0,0.0
TikTok Ads,faixa_etaria,AGE_55_100,799,0,1.28,0.0,0.0,0.0
TikTok Ads,faixa_etaria,NONE,4,0,0.01,0.0,0.0,0.0
TikTok Ads,faixa_etaria,AGE_18_24,2072,0,5.02,0.0,0.0,0.0
TikTok Ads,faixa_etaria,AGE_25_34,1723,0,3.51,0.0,0.0,0.0
TikTok Ads,faixa_etaria,AGE_35_44,763,0,1.63,0.0,0.0,0.0
TikTok Ads,faixa_etaria,AGE_45_54,541,0,0.88,0.0,0.0,0.0
TikTok Ads,faixa_etaria,AGE_55_100,547,0,0.99,0.0,0.0,0.0
TikTok Ads,faixa_etaria,NONE,7,0,0.02,0.0,0.0,0.0
TikTok Ads,faixa_etaria,AGE_18_24,2561,0,4.35,0.0,0.0,0.0
TikTok Ads,faixa_etaria,AGE_25_34,1718,0,2.6,0.0,0.0,0.0
TikTok Ads,faixa_etaria,AGE_35_44,816,0,1.43,0.0,0.0,0.0
TikTok Ads,faixa_etaria,AGE_45_54,746,0,1.27,0.0,0.0,0.0
TikTok Ads,faixa_etaria,AGE_55_100,1021,0,1.71,0.0,0.0,0.0
TikTok Ads,faixa_etaria,NONE,0,0,0.0,0.0,0.0,0.0
TikTok Ads,faixa_etaria,AGE_18_24,740,0,1.14,0.0,0.0,0.0
TikTok Ads,faixa_etaria,AGE_25_34,480,0,0.81,0.0,0.0,0.0
TikTok Ads,faixa_etaria,AGE_35_44,228,0,0.39,0.0,0.0,0.0
TikTok Ads,faixa_etaria,AGE_45_54,184,0,0.3,0.0,0.0,0.0
TikTok Ads,faixa_etaria,AGE_55_100,412,0,0.61,0.0,0.0,0.0
TikTok Ads,faixa_etaria,NONE,0,0,0.0,0.0,0.0,0.0
TikTok Ads,faixa_etaria,AGE_25_34,0,0,0.0,0.0,0.0,0.0
TikTok Ads,faixa_etaria,NONE,0,0,0.0,0.0,0.0,0.0
TikTok Ads,faixa_etaria,NONE,0,0,0.0,0.0,0.0,0.0
TikTok Ads,faixa_etaria,AGE_55_100,0,0,0.0,0.0,0.0,0.0
TikTok Ads,faixa_etaria,AGE_18_24,0,0,0.0,0.0,0.0,0.0
TikTok Ads,faixa_etaria,NONE,0,0,0.0,0.0,0.0,0.0
TikTok Ads,faixa_etaria,AGE_35_44,0,0,0.0,0.0,0.0,0.0
TikTok Ads,faixa_etaria,NONE,0,0,0.0,0.0,0.0,0.0
TikTok Ads,faixa_etaria,NONE,0,0,0.0,0.0,0.0,0.0
TikTok Ads,faixa_etaria,NONE,0,0,0.0,0.0,0.0,0.0
TikTok Ads,faixa_etaria,NONE,0,0,0.0,0.0,0.0,0.0
TikTok Ads,faixa_etaria,NONE,0,0,0.0,0.0,0.0,0.0
TikTok Ads,faixa_etaria,NONE,0,0,0.0,0.0,0.0,0.0
TikTok Ads,faixa_etaria,AGE_18_24,0,0,0.0,0.0,0.0,0.0
TikTok Ads,faixa_etaria,NONE,8,0,0.01,0.0,0.0,0.0
TikTok Ads,faixa_etaria,AGE_18_24,5990,230,15.51,230.0,0.06743478260869565,3.8397328881469113
TikTok Ads,faixa_etaria,AGE_25_34,3424,87,7.71,87.0,0.08862068965517242,2.5408878504672896
TikTok Ads,faixa_etaria,AGE_35_44,2295,93,5.33,93.0,0.05731182795698925,4.052287581699346
TikTok Ads,faixa_etaria,AGE_45_54,1944,124,5.78,124.0,0.046612903225806454,6.378600823045268
TikTok Ads,faixa_etaria,AGE_55_100,2317,97,5.16,97.0,0.053195876288659794,4.186447993094519
TikTok Ads,faixa_etaria,NONE,20,1,0.04,1.0,0.04,5.0
TikTok Ads,faixa_etaria,AGE_18_24,14797,688,34.19,688.0,0.04969476744186046,4.649591133337839
TikTok Ads,faixa_etaria,AGE_25_34,10301,361,23.9,361.0,0.06620498614958448,3.5045141248422484
TikTok Ads,faixa_etaria,AGE_35_44,6452,469,17.94,469.0,0.03825159914712154,7.269063856168629
TikTok Ads,faixa_etaria,AGE_45_54,5297,356,13.45,356.0,0.03778089887640449,6.720785350198226
TikTok Ads,faixa_etaria,AGE_55_100,5936,391,13.89,391.0,0.035524296675191816,6.586927223719677
TikTok Ads,faixa_etaria,NONE,25,1,0.07,1.0,0.07,4.0
TikTok Ads,faixa_etaria,AGE_18_24,13710,705,34.95,705.0,0.049574468085106384,5.142231947483589
TikTok Ads,faixa_etaria,AGE_25_34,9887,439,25.13,439.0,0.05724373576309795,4.440173965813695
TikTok Ads,faixa_etaria,AGE_35_44,5951,320,15.69,320.0,0.04903125,5.37724752142497
TikTok Ads,faixa_etaria,AGE_45_54,4823,312,12.35,312.0,0.03958333333333333,6.46900269541779
TikTok Ads,faixa_etaria,AGE_55_100,5055,435,14.38,435.0,0.03305747126436782,8.605341246290802
TikTok Ads,faixa_etaria,NONE,18,1,0.03,1.0,0.03,5.555555555555555
TikTok Ads,faixa_etaria,AGE_18_24,14250,885,34.51,885.0,0.03899435028248587,6.210526315789474
TikTok Ads,faixa_etaria,AGE_25_34,10799,652,28.47,652.0,0.043665644171779136,6.037596073710529
TikTok Ads,faixa_etaria,AGE_35_44,6680,391,15.49,391.0,0.03961636828644501,5.8532934131736525
TikTok Ads,faixa_etaria,AGE_45_54,4593,338,11.1,338.0,0.03284023668639053,7.359024602656215
TikTok Ads,faixa_etaria,AGE_55_100,4961,451,11.31,451.0,0.02507760532150776,9.090909090909092
TikTok Ads,faixa_etaria,NONE,22,0,0.03,0.0,0.0,0.0
TikTok Ads,faixa_etaria,AGE_18_24,5794,292,15.61,292.0,0.05345890410958904,5.039696237487055
TikTok Ads,faixa_etaria,AGE_25_34,4409,219,14.1,219.0,0.06438356164383562,4.96711272397369
TikTok Ads,faixa_etaria,AGE_35_44,2401,155,7.89,155.0,0.05090322580645161,6.455643481882549
TikTok Ads,faixa_etaria,AGE_45_54,1810,132,5.15,132.0,0.03901515151515152,7.292817679558011
TikTok Ads,faixa_etaria,AGE_55_100,2478,215,7.06,215.0,0.03283720930232558,8.67635189669088
TikTok Ads,faixa_etaria,NONE,16,0,0.01,0.0,0.0,0.0
TikTok Ads,faixa_etaria,AGE_18_24,3575,15,6.97,15.0,0.4646666666666667,0.4195804195804196
TikTok Ads,faixa_etaria,AGE_25_34,3314,8,5.91,8.0,0.73875,0.24140012070006037
TikTok Ads,faixa_etaria,AGE_35_44,1974,9,3.49,9.0,0.3877777777777778,0.4559270516717325
TikTok Ads,faixa_etaria,AGE_45_54,1491,4,2.62,4.0,0.655,0.2682763246143528
TikTok Ads,faixa_etaria,AGE_55_100,1569,6,2.51,6.0,0.4183333333333333,0.3824091778202677
TikTok Ads,faixa_etaria,NONE,30,0,0.06,0.0,0.0,0.0
TikTok Ads,faixa_etaria,AGE_18_24,10742,340,29.04,340.0,0.08541176470588235,3.165146155278346
TikTok Ads,faixa_etaria,AGE_25_34,8698,254,24.33,254.0,0.09578740157480314,2.9202115428834214
TikTok Ads,faixa_etaria,AGE_35_44,4953,133,12.34,133.0,0.09278195488721805,2.685241267918433
TikTok Ads,faixa_etaria,AGE_45_54,4148,209,11.82,209.0,0.056555023923444976,5.038572806171649
TikTok Ads,faixa_etaria,AGE_55_100,4926,210,12.37,210.0,0.058904761904761904,4.263093788063337
TikTok Ads,faixa_etaria,NONE,43,0,0.08,0.0,0.0,0.0
TikTok Ads,faixa_etaria,AGE_18_24,15170,867,46.17,867.0,0.05325259515570935,5.715227422544496
TikTok Ads,faixa_etaria,AGE_25_34,9774,393,29.35,393.0,0.07468193384223919,4.020871700429711
TikTok Ads,faixa_etaria,AGE_35_44,5981,343,18.36,343.0,0.05352769679300291,5.734826952014713
TikTok Ads,faixa_etaria,AGE_45_54,5597,343,16.26,343.0,0.047405247813411086,6.12828300875469
TikTok Ads,faixa_etaria,AGE_55_100,6310,432,18.59,432.0,0.04303240740740741,6.8462757527733755
TikTok Ads,faixa_etaria,NONE,45,1,0.17,1.0,0.17,2.2222222222222223
TikTok Ads,faixa_etaria,AGE_18_24,14143,795,40.44,795.0,0.05086792452830188,5.621155341865234
TikTok Ads,faixa_etaria,AGE_25_34,9422,374,25.78,374.0,0.06893048128342247,3.9694332413500315
TikTok Ads,faixa_etaria,AGE_35_44,5540,336,16.81,336.0,0.0500297619047619,6.064981949458484
TikTok Ads,faixa_etaria,AGE_45_54,5125,428,16.83,428.0,0.03932242990654205,8.351219512195122
TikTok Ads,faixa_etaria,AGE_55_100,5487,518,17.13,518.0,0.03306949806949807,9.440495717149625
TikTok Ads,faixa_etaria,NONE,39,0,0.08,0.0,0.0,0.0
TikTok Ads,faixa_etaria,AGE_18_24,12755,859,37.65,859.0,0.043830034924330616,6.734613876911015
TikTok Ads,faixa_etaria,AGE_25_34,8538,361,24.37,361.0,0.06750692520775624,4.2281564769266815
TikTok Ads,faixa_etaria,AGE_35_44,5335,339,15.28,339.0,0.04507374631268436,6.354264292408622
TikTok Ads,faixa_etaria,AGE_45_54,4684,372,14.38,372.0,0.038655913978494626,7.941929974380871
TikTok Ads,faixa_etaria,AGE_55_100,5486,518,17.03,518.0,0.032876447876447876,9.44221655122129
TikTok Ads,faixa_etaria,NONE,53,0,0.16,0.0,0.0,0.0
TikTok Ads,faixa_etaria,AGE_18_24,11624,715,31.86,715.0,0.04455944055944056,6.151066758430833
TikTok Ads,faixa_etaria,AGE_25_34,8820,386,23.52,386.0,0.060932642487046634,4.37641723356009
TikTok Ads,faixa_etaria,AGE_35_44,5293,299,15.25,299.0,0.05100334448160535,5.648970338182505
TikTok Ads,faixa_etaria,AGE_45_54,4972,428,14.9,428.0,0.034813084112149534,8.608205953338697
TikTok Ads,faixa_etaria,AGE_55_100,5021,324,11.67,324.0,0.03601851851851852,6.452897829117705
TikTok Ads,faixa_etaria,NONE,18,0,0.04,0.0,0.0,0.0
TikTok Ads,faixa_etaria,AGE_18_24,4581,223,12.18,223.0,0.054618834080717486,4.867932765771665
TikTok Ads,faixa_etaria,AGE_25_34,3560,114,9.98,114.0,0.08754385964912281,3.2022471910112356
TikTok Ads,faixa_etaria,AGE_35_44,2116,78,6.01,78.0,0.07705128205128205,3.6862003780718333
TikTok Ads,faixa_etaria,AGE_45_54,1942,153,6.06,153.0,0.0396078431372549,7.8784757981462405
TikTok Ads,faixa_etaria,AGE_55_100,2049,155,5.91,155.0,0.038129032258064514,7.564665690580771
TikTok Ads,faixa_etaria,NONE,0,0,0.0,0.0,0.0,0.0
TikTok Ads,faixa_etaria,AGE_18_24,0,0,0.0,0.0,0.0,0.0
TikTok Ads,faixa_etaria,AGE_25_34,0,0,0.0,0.0,0.0,0.0
TikTok Ads,faixa_etaria,AGE_35_44,0,0,0.0,0.0,0.0,0.0
TikTok Ads,faixa_etaria,AGE_45_54,0,0,0.0,0.0,0.0,0.0
TikTok Ads,faixa_etaria,AGE_55_100,0,0,0.0,0.0,0.0,0.0
TikTok Ads,faixa_etaria,NONE,0,0,0.0,0.0,0.0,0.0
TikTok Ads,faixa_etaria,AGE_18_24,0,0,0.0,0.0,0.0,0.0
TikTok Ads,faixa_etaria,AGE_25_34,0,0,0.0,0.0,0.0,0.0
TikTok Ads,faixa_etaria,AGE_35_44,0,0,0.0,0.0,0.0,0.0
TikTok Ads,faixa_etaria,NONE,0,0,0.0,0.0,0.0,0.0
TikTok Ads,faixa_etaria,AGE_18_24,0,0,0.0,0.0,0.0,0.0
TikTok Ads,faixa_etaria,AGE_25_34,0,0,0.0,0.0,0.0,0.0
TikTok Ads,faixa_etaria,AGE_35_44,0,0,0.0,0.0,0.0,0.0
TikTok Ads,faixa_etaria,NONE,0,0,0.0,0.0,0.0,0.0
TikTok Ads,faixa_etaria,AGE_18_24,0,0,0.0,0.0,0.0,0.0
TikTok Ads,faixa_etaria,AGE_25_34,0,0,0.0,0.0,0.0,0.0
TikTok Ads,faixa_etaria,AGE_45_54,0,0,0.0,0.0,0.0,0.0
TikTok Ads,faixa_etaria,NONE,0,0,0.0,0.0,0.0,0.0
TikTok Ads,faixa_etaria,AGE_25_34,0,0,0.0,0.0,0.0,0.0
TikTok Ads,faixa_etaria,NONE,0,0,0.0,0.0,0.0,0.0
TikTok Ads,faixa_etaria,AGE_35_44,0,0,0.0,0.0,0.0,0.0
TikTok Ads,faixa_etaria,NONE,0,0,0.0,0.0,0.0,0.0
TikTok Ads,faixa_etaria,AGE_35_44,0,0,0.0,0.0,0.0,0.0
TikTok Ads,faixa_etaria,AGE_25_34,0,0,0.0,0.0,0.0,0.0
TikTok Ads,faixa_etaria,AGE_35_44,0,0,0.0,0.0,0.0,0.0
TikTok Ads,faixa_etaria,NONE,0,0,0.0,0.0,0.0,0.0
TikTok Ads,faixa_etaria,AGE_18_24,0,0,0.0,0.0,0.0,0.0
TikTok Ads,faixa_etaria,NONE,0,0,0.0,0.0,0.0,0.0
TikTok Ads,faixa_etaria,NONE,0,0,0.0,0.0,0.0,0.0
TikTok Ads,faixa_etaria,NONE,0,0,0.0,0.0,0.0,0.0
TikTok Ads,faixa_etaria,NONE,0,0,0.0,0.0,0.0,0.0
TikTok Ads,faixa_etaria,NONE,0,0,0.0,0.0,0.0,0.0
TikTok Ads,faixa_etaria,AGE_55_100,0,0,0.0,0.0,0.0,0.0
TikTok Ads,faixa_etaria,NONE,0,0,0.0,0.0,0.0,0.0
TikTok Ads,faixa_etaria,NONE,0,0,0.0,0.0,0.0,0.0
TikTok Ads,faixa_etaria,AGE_18_24,0,0,0.0,0.0,0.0,0.0
TikTok Ads,faixa_etaria,NONE,7,1,0.03,1.0,0.03,14.285714285714285
TikTok Ads,faixa_etaria,AGE_18_24,5871,204,13.93,204.0,0.0682843137254902,3.4747061829330605
TikTok Ads,faixa_etaria,AGE_25_34,4333,138,10.83,138.0,0.07847826086956522,3.1848603738749133
TikTok Ads,faixa_etaria,AGE_35_44,2458,114,6.85,114.0,0.060087719298245613,4.637917005695687
TikTok Ads,faixa_etaria,AGE_45_54,3097,222,9.47,222.0,0.04265765765765766,7.168227316758154
TikTok Ads,faixa_etaria,AGE_55_100,3832,250,10.73,250.0,0.04292,6.524008350730689
TikTok Ads,faixa_etaria,NONE,8,0,0.03,0.0,0.0,0.0
TikTok Ads,faixa_etaria,AGE_18_24,8702,421,26.09,421.0,0.06197149643705463,4.837968283153298
TikTok Ads,faixa_etaria,AGE_25_34,6868,204,18.89,204.0,0.09259803921568628,2.9702970297029703
TikTok Ads,faixa_etaria,AGE_35_44,3787,190,11.57,190.0,0.060894736842105265,5.017163982043834
TikTok Ads,faixa_etaria,AGE_45_54,3815,242,11.61,242.0,0.047975206611570245,6.343381389252949
TikTok Ads,faixa_etaria,AGE_55_100,5358,325,15.63,325.0,0.0480923076923077,6.065696155281822
TikTok Ads,faixa_etaria,NONE,19,0,0.03,0.0,0.0,0.0
TikTok Ads,faixa_etaria,AGE_18_24,8707,364,23.21,364.0,0.06376373626373627,4.180544389571609
TikTok Ads,faixa_etaria,AGE_25_34,7537,224,19.32,224.0,0.08625000000000001,2.972004776436248
TikTok Ads,faixa_etaria,AGE_35_44,4062,215,12.09,215.0,0.056232558139534886,5.292959133431808
TikTok Ads,faixa_etaria,AGE_45_54,3879,311,13.04,311.0,0.041929260450160766,8.017530291312195
TikTok Ads,faixa_etaria,AGE_55_100,4722,369,14.53,369.0,0.03937669376693767,7.814485387547649
TikTok Ads,faixa_etaria,NONE,29,0,0.09,0.0,0.0,0.0
TikTok Ads,faixa_etaria,AGE_18_24,9556,493,24.6,493.0,0.04989858012170386,5.159062369192131
TikTok Ads,faixa_etaria,AGE_25_34,8229,309,20.34,309.0,0.0658252427184466,3.7550127597520966
TikTok Ads,faixa_etaria,AGE_35_44,4448,228,12.08,228.0,0.05298245614035088,5.125899280575539
TikTok Ads,faixa_etaria,AGE_45_54,4357,350,13.06,350.0,0.037314285714285716,8.03305026394308
TikTok Ads,faixa_etaria,AGE_55_100,5370,423,14.18,423.0,0.03352245862884161,7.877094972067039
TikTok Ads,faixa_etaria,NONE,29,0,0.12,0.0,0.0,0.0
TikTok Ads,faixa_etaria,AGE_18_24,9192,382,21.72,382.0,0.056858638743455495,4.155787641427328
TikTok Ads,faixa_etaria,AGE_25_34,8916,286,20.07,286.0,0.07017482517482518,3.207716464782414
TikTok Ads,faixa_etaria,AGE_35_44,4851,360,12.77,360.0,0.035472222222222224,7.421150278293136
TikTok Ads,faixa_etaria,AGE_45_54,3973,238,9.63,238.0,0.040462184873949585,5.9904354392147
TikTok Ads,faixa_etaria,AGE_55_100,5509,593,16.29,593.0,0.027470489038785833,10.764204029769468
TikTok Ads,faixa_etaria,NONE,51,0,0.07,0.0,0.0,0.0
TikTok Ads,faixa_etaria,AGE_18_24,8112,394,21.61,394.0,0.05484771573604061,4.857001972386588
TikTok Ads,faixa_etaria,AGE_25_34,7582,189,18.93,189.0,0.10015873015873016,2.492745977314693
TikTok Ads,faixa_etaria,AGE_35_44,4351,244,12.06,244.0,0.04942622950819672,5.6079062284532295
TikTok Ads,faixa_etaria,AGE_45_54,3451,287,9.84,287.0,0.03428571428571429,8.316430020283976
TikTok Ads,faixa_etaria,AGE_55_100,4804,628,16.05,628.0,0.025557324840764332,13.072439633638636
TikTok Ads,faixa_etaria,NONE,41,0,0.08,0.0,0.0,0.0
TikTok Ads,faixa_etaria,AGE_18_24,7673,427,22.27,427.0,0.05215456674473068,5.564968069855337
TikTok Ads,faixa_etaria,AGE_25_34,8135,292,21.34,292.0,0.07308219178082191,3.5894283958205286
TikTok Ads,faixa_etaria,AGE_35_44,3964,221,10.57,221.0,0.047828054298642536,5.575176589303734
TikTok Ads,faixa_etaria,AGE_45_54,3663,360,10.72,360.0,0.029777777777777778,9.828009828009828
TikTok Ads,faixa_etaria,AGE_55_100,4731,603,14.58,603.0,0.02417910447761194,12.745719720989221
TikTok Ads,faixa_etaria,NONE,44,1,0.1,1.0,0.1,2.272727272727273
TikTok Ads,faixa_etaria,AGE_18_24,8894,445,22.73,445.0,0.05107865168539326,5.003373060490218
TikTok Ads,faixa_etaria,AGE_25_34,8063,327,20.41,327.0,0.06241590214067278,4.055562445739799
TikTok Ads,faixa_etaria,AGE_35_44,4205,377,11.76,377.0,0.03119363395225464,8.96551724137931
TikTok Ads,faixa_etaria,AGE_45_54,3934,413,11.15,413.0,0.02699757869249395,10.498220640569395
TikTok Ads,faixa_etaria,AGE_55_100,4805,596,13.72,596.0,0.02302013422818792,12.403746097814777
TikTok Ads,faixa_etaria,NONE,24,0,0.1,0.0,0.0,0.0
TikTok Ads,faixa_etaria,AGE_18_24,8871,519,21.78,519.0,0.041965317919075144,5.850524179912073
TikTok Ads,faixa_etaria,AGE_25_34,7410,196,15.86,196.0,0.08091836734693877,2.645074224021592
TikTok Ads,faixa_etaria,AGE_35_44,4038,257,9.87,257.0,0.03840466926070039,6.364536899455175
TikTok Ads,faixa_etaria,AGE_45_54,4010,310,10.43,310.0,0.03364516129032258,7.73067331670823
TikTok Ads,faixa_etaria,AGE_55_100,5181,445,13.34,445.0,0.02997752808988764,8.58907546805636
TikTok Ads,faixa_etaria,NONE,32,0,0.08,0.0,0.0,0.0
TikTok Ads,faixa_etaria,AGE_18_24,8369,475,20.95,475.0,0.04410526315789474,5.675707969888875
TikTok Ads,faixa_etaria,AGE_25_34,7448,276,17.26,276.0,0.06253623188405798,3.705692803437164
TikTok Ads,faixa_etaria,AGE_35_44,3814,202,9.25,202.0,0.04579207920792079,5.29627687467226
TikTok Ads,faixa_etaria,AGE_45_54,3633,291,10.26,291.0,0.03525773195876289,8.00990916597853
TikTok Ads,faixa_etaria,AGE_55_100,4648,432,12.82,432.0,0.029675925925925925,9.294320137693632
TikTok Ads,faixa_etaria,NONE,35,0,0.1,0.0,0.0,0.0
TikTok Ads,faixa_etaria,AGE_18_24,9072,567,20.76,567.0,0.03661375661375662,6.25
TikTok Ads,faixa_etaria,AGE_25_34,7893,239,15.82,239.0,0.06619246861924687,3.0279994932218424
TikTok Ads,faixa_etaria,AGE_35_44,4244,267,10.41,267.0,0.03898876404494382,6.291234684260131
TikTok Ads,faixa_etaria,AGE_45_54,4320,411,11.76,411.0,0.028613138686131388,9.51388888888889
TikTok Ads,faixa_etaria,AGE_55_100,4996,420,11.75,420.0,0.027976190476190477,8.406725380304243
TikTok Ads,faixa_etaria,NONE,29,1,0.1,1.0,0.1,3.4482758620689653
TikTok Ads,faixa_etaria,AGE_18_24,8407,475,20.81,475.0,0.04381052631578947,5.650053526822886
TikTok Ads,faixa_etaria,AGE_25_34,7559,263,17.27,263.0,0.06566539923954373,3.479296203201482
TikTok Ads,faixa_etaria,AGE_35_44,4106,228,10.24,228.0,0.04491228070175439,5.552849488553337
TikTok Ads,faixa_etaria,AGE_45_54,3817,295,9.78,295.0,0.03315254237288135,7.728582656536546
TikTok Ads,faixa_etaria,AGE_55_100,4321,288,9.49,288.0,0.03295138888888889,6.6651238139319595
TikTok Ads,faixa_etaria,NONE,28,0,0.02,0.0,0.0,0.0
TikTok Ads,faixa_etaria,AGE_18_24,8080,444,21.14,444.0,0.04761261261261261,5.4950495049504955
TikTok Ads,faixa_etaria,AGE_25_34,7369,182,16.07,182.0,0.0882967032967033,2.4698059438186997
TikTok Ads,faixa_etaria,AGE_35_44,3686,174,9.19,174.0,0.05281609195402299,4.720564297341292
TikTok Ads,faixa_etaria,AGE_45_54,3362,264,9.14,264.0,0.03462121212121212,7.852468768590125
TikTok Ads,faixa_etaria,AGE_55_100,4337,354,10.67,354.0,0.030141242937853106,8.162324187226194
TikTok Ads,faixa_etaria,NONE,30,0,0.03,0.0,0.0,0.0
TikTok Ads,faixa_etaria,AGE_18_24,7244,333,19.27,333.0,0.057867867867867864,4.596907785753728
TikTok Ads,faixa_etaria,AGE_25_34,6943,188,17.34,188.0,0.0922340425531915,2.7077632147486677
TikTok Ads,faixa_etaria,AGE_35_44,3456,180,9.17,180.0,0.050944444444444445,5.208333333333334
TikTok Ads,faixa_etaria,AGE_45_54,3320,262,9.43,262.0,0.03599236641221374,7.8915662650602405
TikTok Ads,faixa_etaria,AGE_55_100,3797,320,10.12,320.0,0.031625,8.427706083750328
TikTok Ads,faixa_etaria,NONE,26,0,0.07,0.0,0.0,0.0
TikTok Ads,faixa_etaria,AGE_18_24,7156,271,17.4,271.0,0.06420664206642065,3.7870318613750698
TikTok Ads,faixa_etaria,AGE_25_34,6289,169,14.75,169.0,0.08727810650887574,2.6872316743520432
TikTok Ads,faixa_etaria,AGE_35_44,3322,155,8.41,155.0,0.05425806451612903,4.665863937387116
TikTok Ads,faixa_etaria,AGE_45_54,3448,263,9.68,263.0,0.03680608365019011,7.627610208816706
TikTok Ads,faixa_etaria,AGE_55_100,4555,405,11.61,405.0,0.028666666666666667,8.89132821075741
TikTok Ads,faixa_etaria,NONE,32,0,0.12,0.0,0.0,0.0
TikTok Ads,faixa_etaria,AGE_18_24,6946,301,18.12,301.0,0.060199335548172764,4.333429311834149
TikTok Ads,faixa_etaria,AGE_25_34,5353,117,12.59,117.0,0.1076068376068376,2.1856902671399214
TikTok Ads,faixa_etaria,AGE_35_44,2762,97,6.91,97.0,0.07123711340206186,3.5119478638667636
TikTok Ads,faixa_etaria,AGE_45_54,3272,217,7.93,217.0,0.03654377880184332,6.6320293398533
TikTok Ads,faixa_etaria,AGE_55_100,5423,469,12.17,469.0,0.025948827292110874,8.648349621980454
TikTok Ads,faixa_etaria,NONE,25,0,0.07,0.0,0.0,0.0
TikTok Ads,faixa_etaria,AGE_18_24,6524,250,15.8,250.0,0.0632,3.8320049049662783
TikTok Ads,faixa_etaria,AGE_25_34,5481,110,11.4,110.0,0.10363636363636364,2.0069330414157998
TikTok Ads,faixa_etaria,AGE_35_44,2634,107,6.62,107.0,0.06186915887850467,4.0622627182991655
TikTok Ads,faixa_etaria,AGE_45_54,2551,160,6.59,160.0,0.0411875,6.272050176401411
TikTok Ads,faixa_etaria,AGE_55_100,3423,234,8.17,234.0,0.03491452991452992,6.8361086765994745
TikTok Ads,faixa_etaria,NONE,14,0,0.05,0.0,0.0,0.0
TikTok Ads,faixa_etaria,AGE_18_24,2957,90,5.7,90.0,0.06333333333333334,3.043625295908015
TikTok Ads,faixa_etaria,AGE_25_34,2591,20,4.66,20.0,0.233,0.7719027402547279
TikTok Ads,faixa_etaria,AGE_35_44,1458,26,2.54,26.0,0.09769230769230769,1.7832647462277091
TikTok Ads,faixa_etaria,AGE_45_54,1208,15,1.91,15.0,0.12733333333333333,1.2417218543046358
TikTok Ads,faixa_etaria,AGE_55_100,1514,35,2.58,35.0,0.07371428571428572,2.3117569352708056
TikTok Ads,faixa_etaria,NONE,6,0,0.01,0.0,0.0,0.0
TikTok Ads,faixa_etaria,AGE_18_24,2236,0,3.39,0.0,0.0,0.0
TikTok Ads,faixa_etaria,AGE_25_34,2018,0,3.33,0.0,0.0,0.0
TikTok Ads,faixa_etaria,AGE_35_44,1044,0,1.59,0.0,0.0,0.0
TikTok Ads,faixa_etaria,AGE_45_54,968,0,1.45,0.0,0.0,0.0
TikTok Ads,faixa_etaria,AGE_55_100,1095,0,1.15,0.0,0.0,0.0
TikTok Ads,faixa_etaria,NONE,7,0,0.04,0.0,0.0,0.0
TikTok Ads,faixa_etaria,AGE_18_24,2024,0,3.48,0.0,0.0,0.0
TikTok Ads,faixa_etaria,AGE_25_34,1822,0,3.15,0.0,0.0,0.0
TikTok Ads,faixa_etaria,AGE_35_44,876,0,1.63,0.0,0.0,0.0
TikTok Ads,faixa_etaria,AGE_45_54,809,0,1.31,0.0,0.0,0.0
TikTok Ads,faixa_etaria,AGE_55_100,919,0,1.5,0.0,0.0,0.0
TikTok Ads,faixa_etaria,NONE,6,0,0.01,0.0,0.0,0.0
TikTok Ads,faixa_etaria,AGE_18_24,1716,0,3.35,0.0,0.0,0.0
TikTok Ads,faixa_etaria,AGE_25_34,1418,0,2.89,0.0,0.0,0.0
TikTok Ads,faixa_etaria,AGE_35_44,845,0,1.75,0.0,0.0,0.0
TikTok Ads,faixa_etaria,AGE_45_54,680,0,1.14,0.0,0.0,0.0
TikTok Ads,faixa_etaria,AGE_55_100,756,0,1.28,0.0,0.0,0.0
TikTok Ads,faixa_etaria,NONE,7,0,0.02,0.0,0.0,0.0
TikTok Ads,faixa_etaria,AGE_18_24,1913,0,3.68,0.0,0.0,0.0
TikTok Ads,faixa_etaria,AGE_25_34,1346,0,2.93,0.0,0.0,0.0
TikTok Ads,faixa_etaria,AGE_35_44,980,0,2.04,0.0,0.0,0.0
TikTok Ads,faixa_etaria,AGE_45_54,868,0,1.39,0.0,0.0,0.0
TikTok Ads,faixa_etaria,AGE_55_100,862,0,1.32,0.0,0.0,0.0
TikTok Ads,faixa_etaria,NONE,3,0,0.02,0.0,0.0,0.0
TikTok Ads,faixa_etaria,AGE_18_24,1736,0,3.69,0.0,0.0,0.0
TikTok Ads,faixa_etaria,AGE_25_34,990,0,2.23,0.0,0.0,0.0
TikTok Ads,faixa_etaria,AGE_35_44,819,0,1.76,0.0,0.0,0.0
TikTok Ads,faixa_etaria,AGE_45_54,791,0,1.54,0.0,0.0,0.0
TikTok Ads,faixa_etaria,AGE_55_100,704,0,1.4,0.0,0.0,0.0
TikTok Ads,faixa_etaria,NONE,8,0,0.03,0.0,0.0,0.0
TikTok Ads,faixa_etaria,AGE_18_24,2154,0,3.73,0.0,0.0,0.0
TikTok Ads,faixa_etaria,AGE_25_34,1124,0,2.29,0.0,0.0,0.0
TikTok Ads,faixa_etaria,AGE_35_44,892,0,1.67,0.0,0.0,0.0
TikTok Ads,faixa_etaria,AGE_45_54,857,0,1.41,0.0,0.0,0.0
TikTok Ads,faixa_etaria,AGE_55_100,605,0,0.96,0.0,0.0,0.0
TikTok Ads,faixa_etaria,NONE,2,0,0.01,0.0,0.0,0.0
TikTok Ads,faixa_etaria,AGE_18_24,2057,0,3.11,0.0,0.0,0.0
TikTok Ads,faixa_etaria,AGE_25_34,1186,0,2.03,0.0,0.0,0.0
TikTok Ads,faixa_etaria,AGE_35_44,903,0,1.64,0.0,0.0,0.0
TikTok Ads,faixa_etaria,AGE_45_54,891,0,1.61,0.0,0.0,0.0
TikTok Ads,faixa_etaria,AGE_55_100,624,0,0.91,0.0,0.0,0.0
TikTok Ads,faixa_etaria,NONE,4,0,0.0,0.0,0.0,0.0
TikTok Ads,faixa_etaria,AGE_18_24,1868,0,3.11,0.0,0.0,0.0
TikTok Ads,faixa_etaria,AGE_25_34,1057,0,2.09,0.0,0.0,0.0
TikTok Ads,faixa_etaria,AGE_35_44,838,0,1.59,0.0,0.0,0.0
TikTok Ads,faixa_etaria,AGE_45_54,765,0,1.18,0.0,0.0,0.0
TikTok Ads,faixa_etaria,AGE_55_100,586,0,0.88,0.0,0.0,0.0
TikTok Ads,faixa_etaria,NONE,5,0,0.0,0.0,0.0,0.0
TikTok Ads,faixa_etaria,AGE_18_24,1602,0,2.86,0.0,0.0,0.0
TikTok Ads,faixa_etaria,AGE_25_34,1071,0,2.29,0.0,0.0,0.0
TikTok Ads,faixa_etaria,AGE_35_44,811,0,1.56,0.0,0.0,0.0
TikTok Ads,faixa_etaria,AGE_45_54,741,0,1.38,0.0,0.0,0.0
TikTok Ads,faixa_etaria,AGE_55_100,569,0,0.97,0.0,0.0,0.0
TikTok Ads,faixa_etaria,NONE,2,0,0.01,0.0,0.0,0.0
TikTok Ads,faixa_etaria,AGE_18_24,1283,0,2.63,0.0,0.0,0.0
TikTok Ads,faixa_etaria,AGE_25_34,876,0,2.18,0.0,0.0,0.0
TikTok Ads,faixa_etaria,AGE_35_44,658,0,1.41,0.0,0.0,0.0
TikTok Ads,faixa_etaria,AGE_45_54,662,0,1.47,0.0,0.0,0.0
TikTok Ads,faixa_etaria,AGE_55_100,508,0,1.0,0.0,0.0,0.0
TikTok Ads,faixa_etaria,NONE,3,0,0.01,0.0,0.0,0.0
TikTok Ads,faixa_etaria,AGE_18_24,1314,0,2.48,0.0,0.0,0.0
TikTok Ads,faixa_etaria,AGE_25_34,872,0,1.93,0.0,0.0,0.0
TikTok Ads,faixa_etaria,AGE_35_44,664,0,1.52,0.0,0.0,0.0
TikTok Ads,faixa_etaria,AGE_45_54,738,0,1.43,0.0,0.0,0.0
TikTok Ads,faixa_etaria,AGE_55_100,640,0,1.27,0.0,0.0,0.0
TikTok Ads,faixa_etaria,AGE_18_24,1121,0,2.44,0.0,0.0,0.0
TikTok Ads,faixa_etaria,AGE_25_34,725,0,1.68,0.0,0.0,0.0
TikTok Ads,faixa_etaria,AGE_35_44,608,0,1.39,0.0,0.0,0.0
TikTok Ads,faixa_etaria,AGE_45_54,632,0,1.14,0.0,0.0,0.0
TikTok Ads,faixa_etaria,AGE_55_100,438,0,0.79,0.0,0.0,0.0
TikTok Ads,faixa_etaria,NONE,2,0,0.0,0.0,0.0,0.0
TikTok Ads,faixa_etaria,AGE_18_24,1101,0,2.26,0.0,0.0,0.0
TikTok Ads,faixa_etaria,AGE_25_34,626,0,1.17,0.0,0.0,0.0
TikTok Ads,faixa_etaria,AGE_35_44,556,0,1.03,0.0,0.0,0.0
TikTok Ads,faixa_etaria,AGE_45_54,533,0,1.07,0.0,0.0,0.0
TikTok Ads,faixa_etaria,AGE_55_100,365,0,0.72,0.0,0.0,0.0
TikTok Ads,faixa_etaria,NONE,2,0,0.0,0.0,0.0,0.0
TikTok Ads,faixa_etaria,AGE_18_24,1009,0,1.3,0.0,0.0,0.0
TikTok Ads,faixa_etaria,AGE_25_34,569,0,1.12,0.0,0.0,0.0
TikTok Ads,faixa_etaria,AGE_35_44,493,0,0.77,0.0,0.0,0.0
TikTok Ads,faixa_etaria,AGE_45_54,528,0,1.0,0.0,0.0,0.0
TikTok Ads,faixa_etaria,AGE_55_100,366,0,0.59,0.0,0.0,0.0
TikTok Ads,genero,NONE,19,0,0.05,0.0,0.0,0.0
TikTok Ads,genero,MALE,2556,0,6.63,0.0,0.0,0.0
TikTok Ads,genero,FEMALE,2562,0,6.45,0.0,0.0,0.0
TikTok Ads,genero,NONE,48,0,0.08,0.0,0.0,0.0
TikTok Ads,genero,MALE,4782,0,11.51,0.0,0.0,0.0
TikTok Ads,genero,FEMALE,5095,0,11.71,0.0,0.0,0.0
TikTok Ads,genero,NONE,58,0,0.1,0.0,0.0,0.0
TikTok Ads,genero,MALE,8184,0,13.58,0.0,0.0,0.0
TikTok Ads,genero,FEMALE,8778,0,14.53,0.0,0.0,0.0
TikTok Ads,genero,NONE,60,0,0.11,0.0,0.0,0.0
TikTok Ads,genero,MALE,7712,0,13.44,0.0,0.0,0.0
TikTok Ads,genero,FEMALE,7230,0,13.25,0.0,0.0,0.0
TikTok Ads,genero,NONE,77,0,0.11,0.0,0.0,0.0
TikTok Ads,genero,MALE,11454,0,21.85,0.0,0.0,0.0
TikTok Ads,genero,FEMALE,10873,0,23.16,0.0,0.0,0.0
TikTok Ads,genero,NONE,92,0,0.2,0.0,0.0,0.0
TikTok Ads,genero,MALE,12397,0,23.63,0.0,0.0,0.0
TikTok Ads,genero,FEMALE,12586,0,26.8,0.0,0.0,0.0
TikTok Ads,genero,NONE,106,0,0.24,0.0,0.0,0.0
TikTok Ads,genero,MALE,12919,0,24.24,0.0,0.0,0.0
TikTok Ads,genero,FEMALE,13466,0,25.8,0.0,0.0,0.0
TikTok Ads,genero,NONE,134,0,0.23,0.0,0.0,0.0
TikTok Ads,genero,MALE,12525,0,22.96,0.0,0.0,0.0
TikTok Ads,genero,FEMALE,14024,0,27.33,0.0,0.0,0.0
TikTok Ads,genero,NONE,88,0,0.22,0.0,0.0,0.0
TikTok Ads,genero,MALE,12433,0,23.38,0.0,0.0,0.0
TikTok Ads,genero,FEMALE,13569,0,26.32,0.0,0.0,0.0
TikTok Ads,genero,NONE,96,0,0.24,0.0,0.0,0.0
TikTok Ads,genero,MALE,12163,0,22.6,0.0,0.0,0.0
TikTok Ads,genero,FEMALE,12615,0,25.33,0.0,0.0,0.0
TikTok Ads,genero,NONE,59,0,0.1,0.0,0.0,0.0
TikTok Ads,genero,MALE,11025,0,21.83,0.0,0.0,0.0
TikTok Ads,genero,FEMALE,12101,0,25.62,0.0,0.0,0.0
TikTok Ads,genero,NONE,110,0,0.16,0.0,0.0,0.0
TikTok Ads,genero,MALE,11192,0,22.37,0.0,0.0,0.0
TikTok Ads,genero,FEMALE,11806,0,25.47,0.0,0.0,0.0
TikTok Ads,genero,NONE,74,0,0.19,0.0,0.0,0.0
TikTok Ads,genero,MALE,11687,0,23.39,0.0,0.0,0.0
TikTok Ads,genero,FEMALE,12358,0,25.17,0.0,0.0,0.0
TikTok Ads,genero,NONE,78,0,0.14,0.0,0.0,0.0
TikTok Ads,genero,MALE,11652,0,22.49,0.0,0.0,0.0
TikTok Ads,genero,FEMALE,12956,0,24.62,0.0,0.0,0.0
TikTok Ads,genero,NONE,86,0,0.17,0.0,0.0,0.0
TikTok Ads,genero,MALE,11371,0,21.25,0.0,0.0,0.0
TikTok Ads,genero,FEMALE,13092,0,24.83,0.0,0.0,0.0
TikTok Ads,genero,NONE,63,0,0.2,0.0,0.0,0.0
TikTok Ads,genero,MALE,12021,0,21.71,0.0,0.0,0.0
TikTok Ads,genero,FEMALE,13700,0,26.19,0.0,0.0,0.0
TikTok Ads,genero,NONE,66,0,0.11,0.0,0.0,0.0
TikTok Ads,genero,MALE,11127,0,21.84,0.0,0.0,0.0
TikTok Ads,genero,FEMALE,11896,0,24.41,0.0,0.0,0.0
TikTok Ads,genero,NONE,101,0,0.19,0.0,0.0,0.0
TikTok Ads,genero,MALE,15396,0,34.5,0.0,0.0,0.0
TikTok Ads,genero,FEMALE,17227,0,38.18,0.0,0.0,0.0
TikTok Ads,genero,NONE,175,0,0.36,0.0,0.0,0.0
TikTok Ads,genero,MALE,18959,0,42.82,0.0,0.0,0.0
TikTok Ads,genero,FEMALE,22778,0,52.03,0.0,0.0,0.0
TikTok Ads,genero,NONE,249,0,0.62,0.0,0.0,0.0
TikTok Ads,genero,MALE,29421,0,65.9,0.0,0.0,0.0
TikTok Ads,genero,FEMALE,36240,0,89.08,0.0,0.0,0.0
TikTok Ads,genero,NONE,246,0,0.45,0.0,0.0,0.0
TikTok Ads,genero,MALE,33402,0,78.21,0.0,0.0,0.0
TikTok Ads,genero,FEMALE,39763,0,99.57,0.0,0.0,0.0
TikTok Ads,genero,NONE,166,0,0.49,0.0,0.0,0.0
TikTok Ads,genero,MALE,22530,0,52.19,0.0,0.0,0.0
TikTok Ads,genero,FEMALE,25241,0,58.66,0.0,0.0,0.0
TikTok Ads,genero,NONE,171,0,0.26,0.0,0.0,0.0
TikTok Ads,genero,MALE,18341,0,41.38,0.0,0.0,0.0
TikTok Ads,genero,FEMALE,21886,0,49.78,0.0,0.0,0.0
TikTok Ads,genero,NONE,150,0,0.35,0.0,0.0,0.0
TikTok Ads,genero,MALE,17891,0,40.18,0.0,0.0,0.0
TikTok Ads,genero,FEMALE,20065,0,45.44,0.0,0.0,0.0
TikTok Ads,genero,NONE,143,0,0.27,0.0,0.0,0.0
TikTok Ads,genero,MALE,18547,0,41.06,0.0,0.0,0.0
TikTok Ads,genero,FEMALE,20516,0,46.7,0.0,0.0,0.0
TikTok Ads,genero,NONE,116,0,0.14,0.0,0.0,0.0
TikTok Ads,genero,MALE,17465,0,37.8,0.0,0.0,0.0
TikTok Ads,genero,FEMALE,19232,0,42.32,0.0,0.0,0.0
TikTok Ads,genero,NONE,109,0,0.22,0.0,0.0,0.0
TikTok Ads,genero,MALE,15914,0,36.43,0.0,0.0,0.0
TikTok Ads,genero,FEMALE,18381,0,43.26,0.0,0.0,0.0
TikTok Ads,genero,NONE,117,0,0.29,0.0,0.0,0.0
TikTok Ads,genero,MALE,14701,0,34.27,0.0,0.0,0.0
TikTok Ads,genero,FEMALE,17367,0,42.87,0.0,0.0,0.0
TikTok Ads,genero,NONE,90,0,0.25,0.0,0.0,0.0
TikTok Ads,genero,MALE,14886,0,33.92,0.0,0.0,0.0
TikTok Ads,genero,FEMALE,15978,0,36.63,0.0,0.0,0.0
TikTok Ads,genero,NONE,89,0,0.19,0.0,0.0,0.0
TikTok Ads,genero,MALE,12813,0,27.44,0.0,0.0,0.0
TikTok Ads,genero,FEMALE,14992,0,31.95,0.0,0.0,0.0
TikTok Ads,genero,NONE,116,0,0.25,0.0,0.0,0.0
TikTok Ads,genero,MALE,11398,0,23.23,0.0,0.0,0.0
TikTok Ads,genero,FEMALE,14325,0,30.75,0.0,0.0,0.0
TikTok Ads,genero,NONE,43,0,0.11,0.0,0.0,0.0
TikTok Ads,genero,MALE,7796,0,16.62,0.0,0.0,0.0
TikTok Ads,genero,FEMALE,9771,0,21.89,0.0,0.0,0.0
TikTok Ads,genero,NONE,30,0,0.04,0.0,0.0,0.0
TikTok Ads,genero,MALE,6127,0,13.25,0.0,0.0,0.0
TikTok Ads,genero,FEMALE,8963,0,19.9,0.0,0.0,0.0
TikTok Ads,genero,NONE,64,0,0.13,0.0,0.0,0.0
TikTok Ads,genero,MALE,8969,0,16.95,0.0,0.0,0.0
TikTok Ads,genero,FEMALE,11914,0,23.19,0.0,0.0,0.0
TikTok Ads,genero,NONE,93,0,0.12,0.0,0.0,0.0
TikTok Ads,genero,MALE,9347,0,16.87,0.0,0.0,0.0
TikTok Ads,genero,FEMALE,11765,0,23.27,0.0,0.0,0.0
TikTok Ads,genero,NONE,84,0,0.1,0.0,0.0,0.0
TikTok Ads,genero,MALE,9506,0,17.04,0.0,0.0,0.0
TikTok Ads,genero,FEMALE,11481,0,21.81,0.0,0.0,0.0
TikTok Ads,genero,NONE,88,0,0.13,0.0,0.0,0.0
TikTok Ads,genero,MALE,9474,0,18.28,0.0,0.0,0.0
TikTok Ads,genero,FEMALE,9910,0,19.0,0.0,0.0,0.0
TikTok Ads,genero,NONE,109,0,0.12,0.0,0.0,0.0
TikTok Ads,genero,MALE,8521,0,17.04,0.0,0.0,0.0
TikTok Ads,genero,FEMALE,8975,0,18.82,0.0,0.0,0.0
TikTok Ads,genero,NONE,83,0,0.14,0.0,0.0,0.0
TikTok Ads,genero,MALE,8264,0,17.86,0.0,0.0,0.0
TikTok Ads,genero,FEMALE,8457,0,19.26,0.0,0.0,0.0
TikTok Ads,genero,NONE,63,0,0.13,0.0,0.0,0.0
TikTok Ads,genero,MALE,8594,0,17.31,0.0,0.0,0.0
TikTok Ads,genero,FEMALE,9540,0,20.0,0.0,0.0,0.0
TikTok Ads,genero,NONE,59,0,0.12,0.0,0.0,0.0
TikTok Ads,genero,MALE,8178,0,17.48,0.0,0.0,0.0
TikTok Ads,genero,FEMALE,8872,0,19.67,0.0,0.0,0.0
TikTok Ads,genero,NONE,65,0,0.16,0.0,0.0,0.0
TikTok Ads,genero,MALE,8244,0,17.38,0.0,0.0,0.0
TikTok Ads,genero,FEMALE,9081,0,20.03,0.0,0.0,0.0
TikTok Ads,genero,NONE,65,0,0.15,0.0,0.0,0.0
TikTok Ads,genero,MALE,8453,0,16.67,0.0,0.0,0.0
TikTok Ads,genero,FEMALE,9554,0,20.27,0.0,0.0,0.0
TikTok Ads,genero,NONE,72,0,0.13,0.0,0.0,0.0
TikTok Ads,genero,MALE,8147,0,16.62,0.0,0.0,0.0
TikTok Ads,genero,FEMALE,8721,0,17.84,0.0,0.0,0.0
TikTok Ads,genero,NONE,66,0,0.11,0.0,0.0,0.0
TikTok Ads,genero,MALE,8221,0,17.23,0.0,0.0,0.0
TikTok Ads,genero,FEMALE,8399,0,17.98,0.0,0.0,0.0
TikTok Ads,genero,NONE,92,0,0.22,0.0,0.0,0.0
TikTok Ads,genero,MALE,8505,0,17.13,0.0,0.0,0.0
TikTok Ads,genero,FEMALE,8353,0,17.92,0.0,0.0,0.0
TikTok Ads,genero,NONE,54,0,0.13,0.0,0.0,0.0
TikTok Ads,genero,MALE,8676,0,16.23,0.0,0.0,0.0
TikTok Ads,genero,FEMALE,9404,0,18.53,0.0,0.0,0.0
TikTok Ads,genero,NONE,68,0,0.12,0.0,0.0,0.0
TikTok Ads,genero,MALE,8124,0,15.62,0.0,0.0,0.0
TikTok Ads,genero,FEMALE,8599,0,19.01,0.0,0.0,0.0
TikTok Ads,genero,NONE,66,0,0.11,0.0,0.0,0.0
TikTok Ads,genero,MALE,8274,0,16.63,0.0,0.0,0.0
TikTok Ads,genero,FEMALE,8939,0,19.23,0.0,0.0,0.0
TikTok Ads,genero,NONE,60,0,0.09,0.0,0.0,0.0
TikTok Ads,genero,MALE,7925,0,16.1,0.0,0.0,0.0
TikTok Ads,genero,FEMALE,8576,0,17.18,0.0,0.0,0.0
TikTok Ads,genero,NONE,64,0,0.07,0.0,0.0,0.0
TikTok Ads,genero,MALE,7275,0,15.54,0.0,0.0,0.0
TikTok Ads,genero,FEMALE,7656,0,16.48,0.0,0.0,0.0
TikTok Ads,genero,NONE,71,0,0.14,0.0,0.0,0.0
TikTok Ads,genero,MALE,7471,0,16.66,0.0,0.0,0.0
TikTok Ads,genero,FEMALE,6980,0,16.08,0.0,0.0,0.0
TikTok Ads,genero,NONE,99,0,0.16,0.0,0.0,0.0
TikTok Ads,genero,MALE,7105,0,15.98,0.0,0.0,0.0
TikTok Ads,genero,FEMALE,6568,0,16.17,0.0,0.0,0.0
TikTok Ads,genero,NONE,53,0,0.1,0.0,0.0,0.0
TikTok Ads,genero,MALE,6688,0,14.27,0.0,0.0,0.0
TikTok Ads,genero,FEMALE,7118,0,16.04,0.0,0.0,0.0
TikTok Ads,genero,NONE,54,0,0.07,0.0,0.0,0.0
TikTok Ads,genero,MALE,5810,0,13.09,0.0,0.0,0.0
TikTok Ads,genero,FEMALE,6641,0,15.8,0.0,0.0,0.0
TikTok Ads,genero,NONE,63,0,0.12,0.0,0.0,0.0
TikTok Ads,genero,MALE,6087,0,14.1,0.0,0.0,0.0
TikTok Ads,genero,FEMALE,6810,0,15.13,0.0,0.0,0.0
TikTok Ads,genero,NONE,54,0,0.09,0.0,0.0,0.0
TikTok Ads,genero,MALE,6492,0,13.54,0.0,0.0,0.0
TikTok Ads,genero,FEMALE,6466,0,13.76,0.0,0.0,0.0
TikTok Ads,genero,NONE,52,0,0.06,0.0,0.0,0.0
TikTok Ads,genero,MALE,5116,0,11.88,0.0,0.0,0.0
TikTok Ads,genero,FEMALE,4670,0,10.85,0.0,0.0,0.0
TikTok Ads,genero,NONE,57,0,0.15,0.0,0.0,0.0
TikTok Ads,genero,MALE,5101,0,11.94,0.0,0.0,0.0
TikTok Ads,genero,FEMALE,4482,0,10.5,0.0,0.0,0.0
TikTok Ads,genero,NONE,87,0,0.25,0.0,0.0,0.0
TikTok Ads,genero,MALE,5655,0,13.83,0.0,0.0,0.0
TikTok Ads,genero,FEMALE,4797,0,11.51,0.0,0.0,0.0
TikTok Ads,genero,NONE,50,0,0.04,0.0,0.0,0.0
TikTok Ads,genero,MALE,5507,0,12.52,0.0,0.0,0.0
TikTok Ads,genero,FEMALE,5761,0,12.86,0.0,0.0,0.0
TikTok Ads,genero,NONE,78,0,0.14,0.0,0.0,0.0
TikTok Ads,genero,MALE,10138,0,22.37,0.0,0.0,0.0
TikTok Ads,genero,FEMALE,10602,0,23.61,0.0,0.0,0.0
TikTok Ads,genero,NONE,95,0,0.18,0.0,0.0,0.0
TikTok Ads,genero,MALE,11351,0,25.08,0.0,0.0,0.0
TikTok Ads,genero,FEMALE,12245,0,27.98,0.0,0.0,0.0
TikTok Ads,genero,NONE,113,0,0.2,0.0,0.0,0.0
TikTok Ads,genero,MALE,10416,0,21.85,0.0,0.0,0.0
TikTok Ads,genero,FEMALE,10223,0,23.52,0.0,0.0,0.0
TikTok Ads,genero,NONE,130,0,0.26,0.0,0.0,0.0
TikTok Ads,genero,MALE,9884,0,18.39,0.0,0.0,0.0
TikTok Ads,genero,FEMALE,11213,0,23.38,0.0,0.0,0.0
TikTok Ads,genero,NONE,134,0,0.21,0.0,0.0,0.0
TikTok Ads,genero,MALE,9452,0,19.87,0.0,0.0,0.0
TikTok Ads,genero,FEMALE,10415,0,21.9,0.0,0.0,0.0
TikTok Ads,genero,NONE,155,0,0.26,0.0,0.0,0.0
TikTok Ads,genero,MALE,8730,0,19.43,0.0,0.0,0.0
TikTok Ads,genero,FEMALE,9590,0,22.68,0.0,0.0,0.0
TikTok Ads,genero,NONE,133,0,0.23,0.0,0.0,0.0
TikTok Ads,genero,MALE,8365,0,19.75,0.0,0.0,0.0
TikTok Ads,genero,FEMALE,8923,0,23.15,0.0,0.0,0.0
TikTok Ads,genero,NONE,117,0,0.21,0.0,0.0,0.0
TikTok Ads,genero,MALE,9134,0,20.17,0.0,0.0,0.0
TikTok Ads,genero,FEMALE,10981,0,24.41,0.0,0.0,0.0
TikTok Ads,genero,NONE,112,0,0.21,0.0,0.0,0.0
TikTok Ads,genero,MALE,8552,0,19.16,0.0,0.0,0.0
TikTok Ads,genero,FEMALE,10658,0,22.59,0.0,0.0,0.0
TikTok Ads,genero,NONE,101,0,0.25,0.0,0.0,0.0
TikTok Ads,genero,MALE,8758,0,20.02,0.0,0.0,0.0
TikTok Ads,genero,FEMALE,10022,0,21.73,0.0,0.0,0.0
TikTok Ads,genero,NONE,133,0,0.24,0.0,0.0,0.0
TikTok Ads,genero,MALE,8412,0,18.75,0.0,0.0,0.0
TikTok Ads,genero,FEMALE,9653,0,21.9,0.0,0.0,0.0
TikTok Ads,genero,NONE,49,0,0.13,0.0,0.0,0.0
TikTok Ads,genero,MALE,11225,0,24.89,0.0,0.0,0.0
TikTok Ads,genero,FEMALE,13053,0,31.66,0.0,0.0,0.0
TikTok Ads,genero,NONE,41,0,0.09,0.0,0.0,0.0
TikTok Ads,genero,MALE,13834,0,31.92,0.0,0.0,0.0
TikTok Ads,genero,FEMALE,16370,0,44.71,0.0,0.0,0.0
TikTok Ads,genero,NONE,31,0,0.04,0.0,0.0,0.0
TikTok Ads,genero,MALE,13457,0,32.63,0.0,0.0,0.0
TikTok Ads,genero,FEMALE,15375,0,44.77,0.0,0.0,0.0
TikTok Ads,genero,NONE,27,0,0.08,0.0,0.0,0.0
TikTok Ads,genero,MALE,12216,0,31.04,0.0,0.0,0.0
TikTok Ads,genero,FEMALE,15117,0,45.05,0.0,0.0,0.0
TikTok Ads,genero,NONE,14,0,0.04,0.0,0.0,0.0
TikTok Ads,genero,MALE,4653,0,13.22,0.0,0.0,0.0
TikTok Ads,genero,FEMALE,5608,0,16.91,0.0,0.0,0.0
TikTok Ads,genero,NONE,0,0,0.0,0.0,0.0,0.0
TikTok Ads,genero,MALE,0,0,0.0,0.0,0.0,0.0
TikTok Ads,genero,FEMALE,0,0,0.0,0.0,0.0,0.0
TikTok Ads,genero,NONE,0,0,0.0,0.0,0.0,0.0
TikTok Ads,genero,MALE,0,0,0.0,0.0,0.0,0.0
TikTok Ads,genero,NONE,0,0,0.0,0.0,0.0,0.0
TikTok Ads,genero,NONE,0,0,0.0,0.0,0.0,0.0
TikTok Ads,genero,NONE,0,0,0.0,0.0,0.0,0.0
TikTok Ads,genero,NONE,19,0,0.02,0.0,0.0,0.0
TikTok Ads,genero,MALE,3816,0,8.36,0.0,0.0,0.0
TikTok Ads,genero,FEMALE,4964,0,11.77,0.0,0.0,0.0
TikTok Ads,genero,NONE,29,0,0.03,0.0,0.0,0.0
TikTok Ads,genero,MALE,7734,0,18.32,0.0,0.0,0.0
TikTok Ads,genero,FEMALE,9704,0,23.94,0.0,0.0,0.0
TikTok Ads,genero,NONE,49,0,0.1,0.0,0.0,0.0
TikTok Ads,genero,MALE,8396,0,19.36,0.0,0.0,0.0
TikTok Ads,genero,FEMALE,9836,0,23.32,0.0,0.0,0.0
TikTok Ads,genero,NONE,58,0,0.16,0.0,0.0,0.0
TikTok Ads,genero,MALE,8082,0,19.62,0.0,0.0,0.0
TikTok Ads,genero,FEMALE,8962,0,22.76,0.0,0.0,0.0
TikTok Ads,genero,NONE,78,0,0.18,0.0,0.0,0.0
TikTok Ads,genero,MALE,8461,0,21.12,0.0,0.0,0.0
TikTok Ads,genero,FEMALE,8045,0,20.26,0.0,0.0,0.0
TikTok Ads,genero,NONE,97,0,0.14,0.0,0.0,0.0
TikTok Ads,genero,MALE,8906,0,16.78,0.0,0.0,0.0
TikTok Ads,genero,FEMALE,10118,0,23.27,0.0,0.0,0.0
TikTok Ads,genero,NONE,107,0,0.19,0.0,0.0,0.0
TikTok Ads,genero,MALE,9213,0,17.85,0.0,0.0,0.0
TikTok Ads,genero,FEMALE,9366,0,22.71,0.0,0.0,0.0
TikTok Ads,genero,NONE,73,0,0.13,0.0,0.0,0.0
TikTok Ads,genero,MALE,9212,0,18.64,0.0,0.0,0.0
TikTok Ads,genero,FEMALE,10055,0,22.06,0.0,0.0,0.0
TikTok Ads,genero,NONE,71,0,0.11,0.0,0.0,0.0
TikTok Ads,genero,MALE,8818,0,16.59,0.0,0.0,0.0
TikTok Ads,genero,FEMALE,10453,0,21.77,0.0,0.0,0.0
TikTok Ads,genero,NONE,56,0,0.05,0.0,0.0,0.0
TikTok Ads,genero,MALE,9032,0,16.75,0.0,0.0,0.0
TikTok Ads,genero,FEMALE,10149,0,20.71,0.0,0.0,0.0
TikTok Ads,genero,NONE,55,0,0.09,0.0,0.0,0.0
TikTok Ads,genero,MALE,8501,0,16.6,0.0,0.0,0.0
TikTok Ads,genero,FEMALE,9370,0,20.7,0.0,0.0,0.0
TikTok Ads,genero,NONE,83,0,0.24,0.0,0.0,0.0
TikTok Ads,genero,MALE,7843,0,16.93,0.0,0.0,0.0
TikTok Ads,genero,FEMALE,9142,0,20.84,0.0,0.0,0.0
TikTok Ads,genero,NONE,61,0,0.1,0.0,0.0,0.0
TikTok Ads,genero,MALE,7618,0,16.52,0.0,0.0,0.0
TikTok Ads,genero,FEMALE,8316,0,20.67,0.0,0.0,0.0
TikTok Ads,genero,NONE,77,0,0.2,0.0,0.0,0.0
TikTok Ads,genero,MALE,7404,0,16.5,0.0,0.0,0.0
TikTok Ads,genero,FEMALE,8485,0,20.06,0.0,0.0,0.0
TikTok Ads,genero,NONE,63,0,0.1,0.0,0.0,0.0
TikTok Ads,genero,MALE,7832,0,17.2,0.0,0.0,0.0
TikTok Ads,genero,FEMALE,9671,0,20.28,0.0,0.0,0.0
TikTok Ads,genero,NONE,46,0,0.13,0.0,0.0,0.0
TikTok Ads,genero,MALE,7653,0,15.19,0.0,0.0,0.0
TikTok Ads,genero,FEMALE,9402,0,19.4,0.0,0.0,0.0
TikTok Ads,genero,NONE,51,0,0.09,0.0,0.0,0.0
TikTok Ads,genero,MALE,8042,0,15.12,0.0,0.0,0.0
TikTok Ads,genero,FEMALE,9543,0,19.65,0.0,0.0,0.0
TikTok Ads,genero,NONE,65,0,0.14,0.0,0.0,0.0
TikTok Ads,genero,MALE,7111,0,13.62,0.0,0.0,0.0
TikTok Ads,genero,FEMALE,8998,0,20.22,0.0,0.0,0.0
TikTok Ads,genero,NONE,71,0,0.17,0.0,0.0,0.0
TikTok Ads,genero,MALE,6834,0,13.83,0.0,0.0,0.0
TikTok Ads,genero,FEMALE,8331,0,19.94,0.0,0.0,0.0
TikTok Ads,genero,NONE,71,0,0.15,0.0,0.0,0.0
TikTok Ads,genero,MALE,6524,0,14.39,0.0,0.0,0.0
TikTok Ads,genero,FEMALE,7327,0,18.16,0.0,0.0,0.0
TikTok Ads,genero,NONE,55,0,0.17,0.0,0.0,0.0
TikTok Ads,genero,MALE,6865,0,15.86,0.0,0.0,0.0
TikTok Ads,genero,FEMALE,6995,0,17.11,0.0,0.0,0.0
TikTok Ads,genero,NONE,65,0,0.12,0.0,0.0,0.0
TikTok Ads,genero,MALE,6848,0,15.8,0.0,0.0,0.0
TikTok Ads,genero,FEMALE,7731,0,17.67,0.0,0.0,0.0
TikTok Ads,genero,NONE,44,0,0.12,0.0,0.0,0.0
TikTok Ads,genero,MALE,6561,0,13.24,0.0,0.0,0.0
TikTok Ads,genero,FEMALE,7911,0,17.58,0.0,0.0,0.0
TikTok Ads,genero,NONE,33,0,0.04,0.0,0.0,0.0
TikTok Ads,genero,MALE,6412,0,13.19,0.0,0.0,0.0
TikTok Ads,genero,FEMALE,7352,0,16.12,0.0,0.0,0.0
TikTok Ads,genero,NONE,61,0,0.14,0.0,0.0,0.0
TikTok Ads,genero,MALE,6298,0,13.78,0.0,0.0,0.0
TikTok Ads,genero,FEMALE,6378,0,14.62,0.0,0.0,0.0
TikTok Ads,genero,NONE,49,0,0.13,0.0,0.0,0.0
TikTok Ads,genero,MALE,5543,0,13.44,0.0,0.0,0.0
TikTok Ads,genero,FEMALE,5447,0,13.61,0.0,0.0,0.0
TikTok Ads,genero,NONE,64,0,0.13,0.0,0.0,0.0
TikTok Ads,genero,MALE,5082,0,13.08,0.0,0.0,0.0
TikTok Ads,genero,FEMALE,4576,0,12.03,0.0,0.0,0.0
TikTok Ads,genero,NONE,49,0,0.15,0.0,0.0,0.0
TikTok Ads,genero,MALE,4879,0,12.43,0.0,0.0,0.0
TikTok Ads,genero,FEMALE,4067,0,10.37,0.0,0.0,0.0
TikTok Ads,genero,NONE,20,0,0.07,0.0,0.0,0.0
TikTok Ads,genero,MALE,2962,0,6.91,0.0,0.0,0.0
TikTok Ads,genero,FEMALE,2928,0,6.95,0.0,0.0,0.0
TikTok Ads,genero,NONE,6,0,0.03,0.0,0.0,0.0
TikTok Ads,genero,MALE,1834,0,4.17,0.0,0.0,0.0
TikTok Ads,genero,FEMALE,2165,0,4.64,0.0,0.0,0.0
TikTok Ads,genero,NONE,1,0,0.0,0.0,0.0,0.0
TikTok Ads,genero,MALE,462,0,0.83,0.0,0.0,0.0
TikTok Ads,genero,FEMALE,362,0,0.8,0.0,0.0,0.0
TikTok Ads,genero,MALE,0,0,0.0,0.0,0.0,0.0
TikTok Ads,genero,NONE,50,0,0.13,0.0,0.0,0.0
TikTok Ads,genero,MALE,5590,1,17.93,1.0,17.93,0.017889087656529516
TikTok Ads,genero,FEMALE,7615,4,20.92,4.0,5.23,0.05252790544977019
TikTok Ads,genero,NONE,79,0,0.31,0.0,0.0,0.0
TikTok Ads,genero,MALE,10633,5,33.64,5.0,6.728,0.04702341766199568
TikTok Ads,genero,FEMALE,14906,4,43.69,4.0,10.9225,0.026834831611431638
TikTok Ads,genero,NONE,61,0,0.14,0.0,0.0,0.0
TikTok Ads,genero,MALE,11826,4,31.89,4.0,7.9725,0.03382377811601556
TikTok Ads,genero,FEMALE,17096,11,42.25,11.0,3.840909090909091,0.06434253626579317
TikTok Ads,genero,NONE,72,0,0.13,0.0,0.0,0.0
TikTok Ads,genero,MALE,11589,11,31.59,11.0,2.8718181818181816,0.09491759427042885
TikTok Ads,genero,FEMALE,16100,10,37.09,10.0,3.7090000000000005,0.062111801242236024
TikTok Ads,genero,NONE,63,0,0.19,0.0,0.0,0.0
TikTok Ads,genero,MALE,11306,4,31.14,4.0,7.785,0.03537944454272068
TikTok Ads,genero,FEMALE,14402,3,36.2,3.0,12.066666666666668,0.02083044021663658
TikTok Ads,genero,NONE,98,0,0.28,0.0,0.0,0.0
TikTok Ads,genero,MALE,11741,8,31.7,8.0,3.9625,0.06813729665275531
TikTok Ads,genero,FEMALE,15018,2,37.33,2.0,18.665,0.013317352510320946
TikTok Ads,genero,NONE,71,0,0.17,0.0,0.0,0.0
TikTok Ads,genero,MALE,10393,9,28.24,9.0,3.1377777777777776,0.08659674781102665
TikTok Ads,genero,FEMALE,14771,7,39.42,7.0,5.631428571428572,0.04739015638751608
TikTok Ads,genero,NONE,57,0,0.14,0.0,0.0,0.0
TikTok Ads,genero,MALE,9634,4,29.85,4.0,7.4625,0.041519618019514225
TikTok Ads,genero,FEMALE,13224,7,35.25,7.0,5.035714285714286,0.052934059286146404
TikTok Ads,genero,NONE,50,0,0.05,0.0,0.0,0.0
TikTok Ads,genero,MALE,7980,4,25.15,4.0,6.2875,0.05012531328320802
TikTok Ads,genero,FEMALE,12447,4,34.7,4.0,8.675,0.03213625773278702
TikTok Ads,genero,NONE,32,0,0.06,0.0,0.0,0.0
TikTok Ads,genero,MALE,6393,11,17.25,11.0,1.5681818181818181,0.1720631941185672
TikTok Ads,genero,FEMALE,11460,4,28.85,4.0,7.2125,0.034904013961605584
TikTok Ads,genero,NONE,35,0,0.14,0.0,0.0,0.0
TikTok Ads,genero,MALE,5120,2,13.82,2.0,6.91,0.0390625
TikTok Ads,genero,FEMALE,9916,3,26.23,3.0,8.743333333333334,0.03025413473174667
TikTok Ads,genero,NONE,49,0,0.09,0.0,0.0,0.0
TikTok Ads,genero,MALE,5282,1,15.77,1.0,15.77,0.01893222264293828
TikTok Ads,genero,FEMALE,9349,8,25.62,8.0,3.2025,0.08557064926730132
TikTok Ads,genero,NONE,87,5,0.4,5.0,0.08,5.747126436781609
TikTok Ads,genero,MALE,9111,382,38.98,382.0,0.10204188481675391,4.1927340577324115
TikTok Ads,genero,FEMALE,10664,488,46.8,488.0,0.0959016393442623,4.576144036009002
TikTok Ads,genero,NONE,64,1,0.22,1.0,0.22,1.5625
TikTok Ads,genero,MALE,9543,419,37.69,419.0,0.08995226730310261,4.390652834538405
TikTok Ads,genero,FEMALE,9194,517,42.4,517.0,0.08201160541586074,5.623232542962802
TikTok Ads,genero,NONE,84,14,0.72,14.0,0.05142857142857143,16.666666666666664
TikTok Ads,genero,MALE,9208,553,40.91,553.0,0.07397830018083182,6.005647263249348
TikTok Ads,genero,FEMALE,9052,660,46.14,660.0,0.0699090909090909,7.291206363234644
TikTok Ads,genero,NONE,76,2,0.27,2.0,0.135,2.631578947368421
TikTok Ads,genero,MALE,8289,539,40.53,539.0,0.0751948051948052,6.502593799010738
TikTok Ads,genero,FEMALE,8592,793,49.59,793.0,0.06253467843631778,9.22951582867784
TikTok Ads,genero,NONE,97,6,0.42,6.0,0.06999999999999999,6.185567010309279
TikTok Ads,genero,MALE,8506,374,39.14,374.0,0.1046524064171123,4.3968963084881265
TikTok Ads,genero,FEMALE,8318,376,37.51,376.0,0.09976063829787234,4.520317383986535
TikTok Ads,genero,NONE,62,2,0.75,2.0,0.375,3.225806451612903
TikTok Ads,genero,MALE,8528,533,37.9,533.0,0.07110694183864916,6.25
TikTok Ads,genero,FEMALE,8255,523,42.14,523.0,0.0805736137667304,6.335554209569957
TikTok Ads,genero,NONE,93,3,0.25,3.0,0.08333333333333333,3.225806451612903
TikTok Ads,genero,MALE,7866,428,34.86,428.0,0.08144859813084113,5.4411390795830155
TikTok Ads,genero,FEMALE,8112,606,42.12,606.0,0.0695049504950495,7.4704142011834325
TikTok Ads,genero,NONE,54,5,0.37,5.0,0.074,9.25925925925926
TikTok Ads,genero,MALE,7514,280,37.3,280.0,0.1332142857142857,3.726377428799574
TikTok Ads,genero,FEMALE,7532,339,36.26,339.0,0.10696165191740413,4.500796601168348
TikTok Ads,genero,NONE,57,2,0.31,2.0,0.155,3.508771929824561
TikTok Ads,genero,MALE,6937,433,36.7,433.0,0.08475750577367207,6.2418913074816205
TikTok Ads,genero,FEMALE,7505,451,40.24,451.0,0.0892239467849224,6.009327115256496
TikTok Ads,genero,NONE,80,6,0.33,6.0,0.055,7.5
TikTok Ads,genero,MALE,7271,386,33.97,386.0,0.08800518134715025,5.308760830697291
TikTok Ads,genero,FEMALE,7970,478,40.19,478.0,0.08407949790794979,5.9974905897114175
TikTok Ads,genero,NONE,43,0,0.11,0.0,0.0,0.0
TikTok Ads,genero,MALE,7035,353,29.15,353.0,0.08257790368271954,5.017768301350391
TikTok Ads,genero,FEMALE,7928,476,36.51,476.0,0.0767016806722689,6.004036326942482
TikTok Ads,genero,NONE,45,1,0.18,1.0,0.18,2.2222222222222223
TikTok Ads,genero,MALE,7362,448,32.17,448.0,0.07180803571428572,6.085302906818799
TikTok Ads,genero,FEMALE,7311,394,32.05,394.0,0.08134517766497461,5.389139652578306
TikTok Ads,genero,NONE,72,2,0.23,2.0,0.115,2.7777777777777777
TikTok Ads,genero,MALE,8102,463,32.23,463.0,0.06961123110151188,5.714638360898543
TikTok Ads,genero,FEMALE,8215,435,33.12,435.0,0.07613793103448276,5.295191722458917
TikTok Ads,genero,NONE,56,3,0.18,3.0,0.06,5.357142857142857
TikTok Ads,genero,MALE,6762,432,31.51,432.0,0.07293981481481482,6.388642413487133
TikTok Ads,genero,FEMALE,6136,415,30.63,415.0,0.07380722891566265,6.763363754889179
TikTok Ads,genero,NONE,104,1,0.31,1.0,0.31,0.9615384615384616
TikTok Ads,genero,MALE,14411,340,48.15,340.0,0.14161764705882351,2.359308861286517
TikTok Ads,genero,FEMALE,14760,449,56.54,449.0,0.12592427616926502,3.0420054200542004
TikTok Ads,genero,NONE,166,2,0.44,2.0,0.22,1.2048192771084338
TikTok Ads,genero,MALE,18023,414,60.04,414.0,0.14502415458937198,2.297064861565777
TikTok Ads,genero,FEMALE,17562,395,60.1,395.0,0.15215189873417723,2.249174353718255
TikTok Ads,genero,NONE,181,1,0.52,1.0,0.52,0.5524861878453038
TikTok Ads,genero,MALE,16465,270,58.57,270.0,0.21692592592592594,1.6398420892802916
TikTok Ads,genero,FEMALE,18255,425,72.81,425.0,0.17131764705882355,2.3281292796494113
TikTok Ads,genero,NONE,139,7,0.83,7.0,0.11857142857142856,5.0359712230215825
TikTok Ads,genero,MALE,14947,241,59.29,241.0,0.24601659751037344,1.6123636850204053
TikTok Ads,genero,FEMALE,15341,468,65.76,468.0,0.14051282051282052,3.0506485887491035
TikTok Ads,genero,NONE,136,2,0.53,2.0,0.265,1.4705882352941175
TikTok Ads,genero,MALE,16428,444,63.17,444.0,0.14227477477477476,2.7027027027027026
TikTok Ads,genero,FEMALE,16465,438,64.93,438.0,0.1482420091324201,2.660188278165806
TikTok Ads,genero,NONE,72,1,0.18,1.0,0.18,1.3888888888888888
TikTok Ads,genero,MALE,9340,356,36.6,356.0,0.10280898876404494,3.8115631691648826
TikTok Ads,genero,FEMALE,10010,658,42.91,658.0,0.06521276595744681,6.573426573426573
TikTok Ads,genero,NONE,59,2,0.14,2.0,0.07,3.389830508474576
TikTok Ads,genero,MALE,9012,395,30.65,395.0,0.07759493670886075,4.383044829116733
TikTok Ads,genero,FEMALE,10538,571,38.34,571.0,0.06714535901926445,5.418485481115962
TikTok Ads,genero,NONE,69,1,0.22,1.0,0.22,1.4492753623188406
TikTok Ads,genero,MALE,9542,358,31.21,358.0,0.08717877094972067,3.7518339970656047
TikTok Ads,genero,FEMALE,10104,681,41.32,681.0,0.06067547723935389,6.739904988123516
TikTok Ads,genero,NONE,82,7,0.42,7.0,0.06,8.536585365853659
TikTok Ads,genero,MALE,11418,362,33.35,362.0,0.09212707182320443,3.1704326502014366
TikTok Ads,genero,FEMALE,12320,655,42.52,655.0,0.06491603053435115,5.316558441558442
TikTok Ads,genero,NONE,206,12,0.51,12.0,0.0425,5.825242718446602
TikTok Ads,genero,MALE,14341,415,42.44,415.0,0.10226506024096385,2.8938009901680495
TikTok Ads,genero,FEMALE,14661,610,48.19,610.0,0.079,4.16069845167451
TikTok Ads,genero,NONE,187,15,0.62,15.0,0.04133333333333333,8.02139037433155
TikTok Ads,genero,MALE,13292,354,41.18,354.0,0.1163276836158192,2.663256093891062
TikTok Ads,genero,FEMALE,14329,536,49.64,536.0,0.09261194029850746,3.7406657826784846
TikTok Ads,genero,NONE,99,5,0.4,5.0,0.08,5.05050505050505
TikTok Ads,genero,MALE,12376,468,46.64,468.0,0.09965811965811966,3.7815126050420167
TikTok Ads,genero,FEMALE,13558,545,50.23,545.0,0.0921651376146789,4.01976692727541
TikTok Ads,genero,NONE,110,5,0.69,5.0,0.13799999999999998,4.545454545454546
TikTok Ads,genero,MALE,12598,359,41.4,359.0,0.11532033426183844,2.8496586759803146
TikTok Ads,genero,FEMALE,13607,484,52.24,484.0,0.10793388429752067,3.5569927243330643
TikTok Ads,genero,NONE,159,9,0.48,9.0,0.05333333333333333,5.660377358490567
TikTok Ads,genero,MALE,13926,425,44.05,425.0,0.10364705882352941,3.0518454689070804
TikTok Ads,genero,FEMALE,15304,623,54.91,623.0,0.08813804173354735,4.070831155253528
TikTok Ads,genero,NONE,181,7,0.57,7.0,0.08142857142857142,3.867403314917127
TikTok Ads,genero,MALE,15860,457,45.77,457.0,0.1001531728665208,2.881462799495586
TikTok Ads,genero,FEMALE,14631,563,47.84,563.0,0.0849733570159858,3.847993985373522
TikTok Ads,genero,NONE,129,13,0.69,13.0,0.05307692307692307,10.077519379844961
TikTok Ads,genero,MALE,15297,312,45.25,312.0,0.1450320512820513,2.039615610904099
TikTok Ads,genero,FEMALE,15189,419,47.51,419.0,0.1133890214797136,2.7585752847455396
TikTok Ads,genero,NONE,133,4,0.48,4.0,0.12,3.007518796992481
TikTok Ads,genero,MALE,14184,312,44.45,312.0,0.14246794871794874,2.199661590524535
TikTok Ads,genero,FEMALE,14498,451,49.56,451.0,0.10988913525498892,3.110773899848255
TikTok Ads,genero,NONE,136,22,0.93,22.0,0.042272727272727274,16.176470588235293
TikTok Ads,genero,MALE,13749,520,47.95,520.0,0.09221153846153847,3.782093243144956
TikTok Ads,genero,FEMALE,15129,716,52.85,716.0,0.07381284916201118,4.73263269218058
TikTok Ads,genero,NONE,161,2,0.37,2.0,0.185,1.2422360248447204
TikTok Ads,genero,MALE,14249,413,44.47,413.0,0.10767554479418887,2.8984490139658927
TikTok Ads,genero,FEMALE,15569,522,47.7,522.0,0.09137931034482759,3.3528164943156273
TikTok Ads,genero,NONE,162,9,0.69,9.0,0.07666666666666666,5.555555555555555
TikTok Ads,genero,MALE,14979,541,45.11,541.0,0.0833826247689464,3.6117230789772345
TikTok Ads,genero,FEMALE,15442,592,46.77,592.0,0.07900337837837838,3.8337002978888743
TikTok Ads,genero,NONE,145,2,0.52,2.0,0.26,1.3793103448275863
TikTok Ads,genero,MALE,15079,449,41.51,449.0,0.09244988864142538,2.9776510378672327
TikTok Ads,genero,FEMALE,15197,513,46.03,513.0,0.0897270955165692,3.3756662499177468
TikTok Ads,genero,NONE,85,2,0.29,2.0,0.145,2.3529411764705883
TikTok Ads,genero,MALE,13532,320,37.19,320.0,0.11621875,2.364765001477978
TikTok Ads,genero,FEMALE,14761,708,47.46,708.0,0.06703389830508474,4.79642300657137
TikTok Ads,genero,NONE,102,5,0.54,5.0,0.10800000000000001,4.901960784313726
TikTok Ads,genero,MALE,13634,316,38.2,316.0,0.1208860759493671,2.317735074079507
TikTok Ads,genero,FEMALE,14404,518,44.74,518.0,0.08637065637065637,3.5962232713135243
TikTok Ads,genero,NONE,135,23,0.88,23.0,0.03826086956521739,17.037037037037038
TikTok Ads,genero,MALE,12137,330,37.7,330.0,0.11424242424242426,2.718958556480185
TikTok Ads,genero,FEMALE,12738,485,41.56,485.0,0.08569072164948455,3.8075051028418905
TikTok Ads,genero,NONE,117,4,0.4,4.0,0.1,3.418803418803419
TikTok Ads,genero,MALE,12515,470,39.82,470.0,0.08472340425531914,3.7554934079105076
TikTok Ads,genero,FEMALE,13099,522,42.81,522.0,0.08201149425287357,3.985037025727155
TikTok Ads,genero,NONE,120,4,0.39,4.0,0.0975,3.3333333333333335
TikTok Ads,genero,MALE,12846,434,42.21,434.0,0.09725806451612903,3.378483574653589
TikTok Ads,genero,FEMALE,12138,420,40.04,420.0,0.09533333333333333,3.4602076124567476
TikTok Ads,genero,NONE,142,4,0.48,4.0,0.12,2.8169014084507045
TikTok Ads,genero,MALE,14100,367,40.39,367.0,0.11005449591280654,2.602836879432624
TikTok Ads,genero,FEMALE,13749,428,41.7,428.0,0.09742990654205608,3.1129536693577715
TikTok Ads,genero,NONE,88,0,0.32,0.0,0.0,0.0
TikTok Ads,genero,MALE,14340,526,41.82,526.0,0.07950570342205324,3.6680613668061364
TikTok Ads,genero,FEMALE,12498,450,39.6,450.0,0.08800000000000001,3.600576092174748
TikTok Ads,genero,NONE,135,2,0.44,2.0,0.22,1.4814814814814816
TikTok Ads,genero,MALE,13466,437,42.81,437.0,0.0979633867276888,3.2452101589187583
TikTok Ads,genero,FEMALE,12274,340,38.63,340.0,0.11361764705882353,2.7700831024930745
TikTok Ads,genero,NONE,160,8,0.56,8.0,0.07,5.0
TikTok Ads,genero,MALE,16548,393,39.84,393.0,0.10137404580152673,2.374909354604786
TikTok Ads,genero,FEMALE,13732,465,39.55,465.0,0.08505376344086021,3.386251092339062
TikTok Ads,genero,NONE,154,9,0.49,9.0,0.05444444444444444,5.844155844155844
TikTok Ads,genero,MALE,14611,396,35.13,396.0,0.08871212121212121,2.710286770241599
TikTok Ads,genero,FEMALE,15835,657,43.37,657.0,0.06601217656012176,4.149036943479634
TikTok Ads,genero,NONE,221,32,1.04,32.0,0.0325,14.479638009049776
TikTok Ads,genero,MALE,14484,449,34.93,449.0,0.07779510022271714,3.0999723833195247
TikTok Ads,genero,FEMALE,16025,527,38.85,527.0,0.07371916508538899,3.2886115444617787
TikTok Ads,genero,NONE,232,25,0.95,25.0,0.038,10.775862068965516
TikTok Ads,genero,MALE,15603,594,38.61,594.0,0.065,3.806960199961546
TikTok Ads,genero,FEMALE,17738,812,45.96,812.0,0.05660098522167488,4.577742699289661
TikTok Ads,genero,NONE,163,7,0.44,7.0,0.06285714285714286,4.294478527607362
TikTok Ads,genero,MALE,14943,616,36.81,616.0,0.05975649350649351,4.122331526467242
TikTok Ads,genero,FEMALE,16992,904,45.84,904.0,0.05070796460176991,5.32015065913371
TikTok Ads,genero,NONE,196,14,0.64,14.0,0.045714285714285714,7.142857142857142
TikTok Ads,genero,MALE,15604,574,34.49,574.0,0.06008710801393729,3.678543963086388
TikTok Ads,genero,FEMALE,17776,991,44.24,991.0,0.044641775983854694,5.574932493249325
TikTok Ads,genero,NONE,231,12,0.63,12.0,0.0525,5.194805194805195
TikTok Ads,genero,MALE,13291,571,30.84,571.0,0.054010507880910684,4.29614024527876
TikTok Ads,genero,FEMALE,15899,1051,42.16,1051.0,0.040114176974310176,6.610478646455752
TikTok Ads,genero,NONE,132,3,0.34,3.0,0.11333333333333334,2.272727272727273
TikTok Ads,genero,MALE,10139,458,23.05,458.0,0.05032751091703057,4.517210770292928
TikTok Ads,genero,FEMALE,11383,633,26.87,633.0,0.042448657187993684,5.560924185188439
TikTok Ads,genero,NONE,7,0,0.0,0.0,0.0,0.0
TikTok Ads,genero,MALE,28,0,0.0,0.0,0.0,0.0
TikTok Ads,genero,FEMALE,19,4,0.0,4.0,0.0,21.052631578947366
TikTok Ads,genero,NONE,4,1,0.0,1.0,0.0,25.0
TikTok Ads,genero,MALE,0,0,0.0,0.0,0.0,0.0
TikTok Ads,genero,FEMALE,1,1,0.0,1.0,0.0,100.0
TikTok Ads,genero,NONE,2,0,0.0,0.0,0.0,0.0
TikTok Ads,genero,MALE,0,0,0.0,0.0,0.0,0.0
TikTok Ads,genero,FEMALE,1,0,0.0,0.0,0.0,0.0
TikTok Ads,genero,NONE,4,0,0.0,0.0,0.0,0.0
TikTok Ads,genero,MALE,2,0,0.0,0.0,0.0,0.0
TikTok Ads,genero,FEMALE,0,0,0.0,0.0,0.0,0.0
TikTok Ads,genero,NONE,7,0,0.0,0.0,0.0,0.0
TikTok Ads,genero,MALE,0,0,0.0,0.0,0.0,0.0
TikTok Ads,genero,FEMALE,1,1,0.0,1.0,0.0,100.0
TikTok Ads,genero,NONE,0,0,0.0,0.0,0.0,0.0
TikTok Ads,genero,MALE,0,0,0.0,0.0,0.0,0.0
TikTok Ads,genero,FEMALE,0,0,0.0,0.0,0.0,0.0
TikTok Ads,genero,NONE,0,0,0.0,0.0,0.0,0.0
TikTok Ads,genero,MALE,0,0,0.0,0.0,0.0,0.0
TikTok Ads,genero,FEMALE,2,0,0.0,0.0,0.0,0.0
TikTok Ads,genero,NONE,0,0,0.0,0.0,0.0,0.0
TikTok Ads,genero,MALE,0,0,0.0,0.0,0.0,0.0
TikTok Ads,genero,NONE,0,0,0.0,0.0,0.0,0.0
TikTok Ads,genero,NONE,0,0,0.0,0.0,0.0,0.0
TikTok Ads,genero,FEMALE,0,0,0.0,0.0,0.0,0.0
TikTok Ads,genero,NONE,0,0,0.0,0.0,0.0,0.0
TikTok Ads,genero,MALE,0,0,0.0,0.0,0.0,0.0
TikTok Ads,genero,FEMALE,0,0,0.0,0.0,0.0,0.0
TikTok Ads,genero,MALE,0,0,0.0,0.0,0.0,0.0
TikTok Ads,genero,FEMALE,0,0,0.0,0.0,0.0,0.0
TikTok Ads,genero,NONE,0,0,0.0,0.0,0.0,0.0
TikTok Ads,genero,MALE,0,0,0.0,0.0,0.0,0.0
TikTok Ads,genero,NONE,14,0,0.04,0.0,0.0,0.0
TikTok Ads,genero,MALE,3921,0,4.75,0.0,0.0,0.0
TikTok Ads,genero,FEMALE,5478,0,7.19,0.0,0.0,0.0
TikTok Ads,genero,NONE,51,0,0.09,0.0,0.0,0.0
TikTok Ads,genero,MALE,9697,0,14.82,0.0,0.0,0.0
TikTok Ads,genero,FEMALE,11746,0,19.74,0.0,0.0,0.0
TikTok Ads,genero,NONE,39,0,0.03,0.0,0.0,0.0
TikTok Ads,genero,MALE,9244,0,14.89,0.0,0.0,0.0
TikTok Ads,genero,FEMALE,11104,0,18.74,0.0,0.0,0.0
TikTok Ads,genero,NONE,61,0,0.2,0.0,0.0,0.0
TikTok Ads,genero,MALE,9369,0,15.4,0.0,0.0,0.0
TikTok Ads,genero,FEMALE,11122,0,18.2,0.0,0.0,0.0
TikTok Ads,genero,NONE,47,0,0.06,0.0,0.0,0.0
TikTok Ads,genero,MALE,9290,0,15.23,0.0,0.0,0.0
TikTok Ads,genero,FEMALE,10928,0,18.17,0.0,0.0,0.0
TikTok Ads,genero,NONE,32,0,0.05,0.0,0.0,0.0
TikTok Ads,genero,MALE,7940,0,14.11,0.0,0.0,0.0
TikTok Ads,genero,FEMALE,9328,0,17.31,0.0,0.0,0.0
TikTok Ads,genero,NONE,39,0,0.07,0.0,0.0,0.0
TikTok Ads,genero,MALE,6765,0,13.48,0.0,0.0,0.0
TikTok Ads,genero,FEMALE,8336,0,17.04,0.0,0.0,0.0
TikTok Ads,genero,NONE,24,0,0.02,0.0,0.0,0.0
TikTok Ads,genero,MALE,8115,0,14.41,0.0,0.0,0.0
TikTok Ads,genero,FEMALE,10899,0,19.31,0.0,0.0,0.0
TikTok Ads,genero,NONE,27,0,0.06,0.0,0.0,0.0
TikTok Ads,genero,MALE,8645,0,13.87,0.0,0.0,0.0
TikTok Ads,genero,FEMALE,10921,0,17.56,0.0,0.0,0.0
TikTok Ads,genero,NONE,30,0,0.06,0.0,0.0,0.0
TikTok Ads,genero,MALE,8088,0,13.36,0.0,0.0,0.0
TikTok Ads,genero,FEMALE,10156,0,16.98,0.0,0.0,0.0
TikTok Ads,genero,NONE,38,0,0.07,0.0,0.0,0.0
TikTok Ads,genero,MALE,8155,0,14.72,0.0,0.0,0.0
TikTok Ads,genero,FEMALE,9538,0,15.99,0.0,0.0,0.0
TikTok Ads,genero,NONE,37,0,0.08,0.0,0.0,0.0
TikTok Ads,genero,MALE,8718,0,13.95,0.0,0.0,0.0
TikTok Ads,genero,FEMALE,9489,0,14.69,0.0,0.0,0.0
TikTok Ads,genero,NONE,24,0,0.08,0.0,0.0,0.0
TikTok Ads,genero,MALE,7079,0,13.48,0.0,0.0,0.0
TikTok Ads,genero,FEMALE,7585,0,14.9,0.0,0.0,0.0
TikTok Ads,genero,NONE,48,0,0.03,0.0,0.0,0.0
TikTok Ads,genero,MALE,6633,0,11.54,0.0,0.0,0.0
TikTok Ads,genero,FEMALE,8188,0,14.84,0.0,0.0,0.0
TikTok Ads,genero,NONE,67,0,0.12,0.0,0.0,0.0
TikTok Ads,genero,MALE,8591,0,13.23,0.0,0.0,0.0
TikTok Ads,genero,FEMALE,10825,0,16.83,0.0,0.0,0.0
TikTok Ads,genero,NONE,117,0,0.24,0.0,0.0,0.0
TikTok Ads,genero,MALE,14109,0,22.77,0.0,0.0,0.0
TikTok Ads,genero,FEMALE,17254,0,29.06,0.0,0.0,0.0
TikTok Ads,genero,NONE,115,0,0.2,0.0,0.0,0.0
TikTok Ads,genero,MALE,24957,0,44.28,0.0,0.0,0.0
TikTok Ads,genero,FEMALE,27308,0,52.8,0.0,0.0,0.0
TikTok Ads,genero,NONE,116,0,0.2,0.0,0.0,0.0
TikTok Ads,genero,MALE,22561,0,42.79,0.0,0.0,0.0
TikTok Ads,genero,FEMALE,25092,0,49.04,0.0,0.0,0.0
TikTok Ads,genero,NONE,165,0,0.28,0.0,0.0,0.0
TikTok Ads,genero,MALE,23196,0,40.21,0.0,0.0,0.0
TikTok Ads,genero,FEMALE,26834,0,44.31,0.0,0.0,0.0
TikTok Ads,genero,NONE,198,0,0.3,0.0,0.0,0.0
TikTok Ads,genero,MALE,20463,0,36.51,0.0,0.0,0.0
TikTok Ads,genero,FEMALE,24593,0,45.73,0.0,0.0,0.0
TikTok Ads,genero,NONE,157,0,0.28,0.0,0.0,0.0
TikTok Ads,genero,MALE,18411,0,36.8,0.0,0.0,0.0
TikTok Ads,genero,FEMALE,22081,0,44.95,0.0,0.0,0.0
TikTok Ads,genero,NONE,136,0,0.3,0.0,0.0,0.0
TikTok Ads,genero,MALE,18739,0,38.6,0.0,0.0,0.0
TikTok Ads,genero,FEMALE,20460,0,42.79,0.0,0.0,0.0
TikTok Ads,genero,NONE,105,0,0.17,0.0,0.0,0.0
TikTok Ads,genero,MALE,19370,0,38.83,0.0,0.0,0.0
TikTok Ads,genero,FEMALE,22609,0,44.04,0.0,0.0,0.0
TikTok Ads,genero,NONE,120,0,0.2,0.0,0.0,0.0
TikTok Ads,genero,MALE,20507,0,36.61,0.0,0.0,0.0
TikTok Ads,genero,FEMALE,23056,0,42.51,0.0,0.0,0.0
TikTok Ads,genero,NONE,93,0,0.13,0.0,0.0,0.0
TikTok Ads,genero,MALE,15754,0,31.5,0.0,0.0,0.0
TikTok Ads,genero,FEMALE,17081,0,31.94,0.0,0.0,0.0
TikTok Ads,genero,NONE,51,0,0.04,0.0,0.0,0.0
TikTok Ads,genero,MALE,8131,0,15.35,0.0,0.0,0.0
TikTok Ads,genero,FEMALE,8760,0,16.04,0.0,0.0,0.0
TikTok Ads,genero,NONE,38,0,0.09,0.0,0.0,0.0
TikTok Ads,genero,MALE,4446,0,9.21,0.0,0.0,0.0
TikTok Ads,genero,FEMALE,4625,0,9.15,0.0,0.0,0.0
TikTok Ads,genero,NONE,32,0,0.05,0.0,0.0,0.0
TikTok Ads,genero,MALE,5667,0,9.27,0.0,0.0,0.0
TikTok Ads,genero,FEMALE,6201,0,10.26,0.0,0.0,0.0
TikTok Ads,genero,NONE,33,0,0.05,0.0,0.0,0.0
TikTok Ads,genero,MALE,5786,0,8.33,0.0,0.0,0.0
TikTok Ads,genero,FEMALE,6369,0,10.06,0.0,0.0,0.0
TikTok Ads,genero,NONE,27,0,0.04,0.0,0.0,0.0
TikTok Ads,genero,MALE,5411,0,8.16,0.0,0.0,0.0
TikTok Ads,genero,FEMALE,5848,0,9.8,0.0,0.0,0.0
TikTok Ads,genero,NONE,40,0,0.1,0.0,0.0,0.0
TikTok Ads,genero,MALE,5088,0,8.44,0.0,0.0,0.0
TikTok Ads,genero,FEMALE,5523,0,9.58,0.0,0.0,0.0
TikTok Ads,genero,NONE,41,0,0.07,0.0,0.0,0.0
TikTok Ads,genero,MALE,4831,0,7.96,0.0,0.0,0.0
TikTok Ads,genero,FEMALE,5399,0,10.01,0.0,0.0,0.0
TikTok Ads,genero,NONE,48,0,0.1,0.0,0.0,0.0
TikTok Ads,genero,MALE,4236,0,8.0,0.0,0.0,0.0
TikTok Ads,genero,FEMALE,4684,0,8.8,0.0,0.0,0.0
TikTok Ads,genero,NONE,51,0,0.06,0.0,0.0,0.0
TikTok Ads,genero,MALE,4059,0,7.95,0.0,0.0,0.0
TikTok Ads,genero,FEMALE,4488,0,8.26,0.0,0.0,0.0
TikTok Ads,genero,NONE,39,0,0.09,0.0,0.0,0.0
TikTok Ads,genero,MALE,5463,0,8.16,0.0,0.0,0.0
TikTok Ads,genero,FEMALE,6032,0,8.99,0.0,0.0,0.0
TikTok Ads,genero,NONE,24,0,0.04,0.0,0.0,0.0
TikTok Ads,genero,MALE,5465,0,7.06,0.0,0.0,0.0
TikTok Ads,genero,FEMALE,5928,0,8.74,0.0,0.0,0.0
TikTok Ads,genero,NONE,23,0,0.04,0.0,0.0,0.0
TikTok Ads,genero,MALE,4934,0,7.12,0.0,0.0,0.0
TikTok Ads,genero,FEMALE,5202,0,8.38,0.0,0.0,0.0
TikTok Ads,genero,NONE,26,0,0.03,0.0,0.0,0.0
TikTok Ads,genero,MALE,4327,0,6.72,0.0,0.0,0.0
TikTok Ads,genero,FEMALE,4628,0,8.4,0.0,0.0,0.0
TikTok Ads,genero,NONE,23,0,0.01,0.0,0.0,0.0
TikTok Ads,genero,MALE,3968,0,6.57,0.0,0.0,0.0
TikTok Ads,genero,FEMALE,4488,0,8.03,0.0,0.0,0.0
TikTok Ads,genero,NONE,26,0,0.05,0.0,0.0,0.0
TikTok Ads,genero,MALE,3639,0,6.39,0.0,0.0,0.0
TikTok Ads,genero,FEMALE,4034,0,6.81,0.0,0.0,0.0
TikTok Ads,genero,NONE,25,0,0.03,0.0,0.0,0.0
TikTok Ads,genero,MALE,2684,0,5.37,0.0,0.0,0.0
TikTok Ads,genero,FEMALE,2941,0,6.64,0.0,0.0,0.0
TikTok Ads,genero,NONE,28,0,0.05,0.0,0.0,0.0
TikTok Ads,genero,MALE,3519,0,5.81,0.0,0.0,0.0
TikTok Ads,genero,FEMALE,3322,0,5.52,0.0,0.0,0.0
TikTok Ads,genero,NONE,7,0,0.01,0.0,0.0,0.0
TikTok Ads,genero,MALE,1042,0,1.63,0.0,0.0,0.0
TikTok Ads,genero,FEMALE,995,0,1.61,0.0,0.0,0.0
TikTok Ads,genero,NONE,0,0,0.0,0.0,0.0,0.0
TikTok Ads,genero,MALE,0,0,0.0,0.0,0.0,0.0
TikTok Ads,genero,NONE,0,0,0.0,0.0,0.0,0.0
TikTok Ads,genero,NONE,0,0,0.0,0.0,0.0,0.0
TikTok Ads,genero,MALE,0,0,0.0,0.0,0.0,0.0
TikTok Ads,genero,FEMALE,0,0,0.0,0.0,0.0,0.0
TikTok Ads,genero,NONE,0,0,0.0,0.0,0.0,0.0
TikTok Ads,genero,FEMALE,0,0,0.0,0.0,0.0,0.0
TikTok Ads,genero,NONE,0,0,0.0,0.0,0.0,0.0
TikTok Ads,genero,NONE,0,0,0.0,0.0,0.0,0.0
TikTok Ads,genero,NONE,0,0,0.0,0.0,0.0,0.0
TikTok Ads,genero,NONE,0,0,0.0,0.0,0.0,0.0
TikTok Ads,genero,NONE,0,0,0.0,0.0,0.0,0.0
TikTok Ads,genero,NONE,0,0,0.0,0.0,0.0,0.0
TikTok Ads,genero,MALE,0,0,0.0,0.0,0.0,0.0
TikTok Ads,genero,NONE,90,4,0.16,4.0,0.04,4.444444444444445
TikTok Ads,genero,MALE,7317,243,16.41,243.0,0.06753086419753086,3.3210332103321036
TikTok Ads,genero,FEMALE,8571,384,22.93,384.0,0.05971354166666667,4.48022401120056
TikTok Ads,genero,NONE,389,37,1.08,37.0,0.02918918918918919,9.511568123393316
TikTok Ads,genero,MALE,19183,899,43.26,899.0,0.048120133481646274,4.6864411197414375
TikTok Ads,genero,FEMALE,23231,1330,59.07,1330.0,0.04441353383458647,5.7251086909732685
TikTok Ads,genero,NONE,456,36,1.11,36.0,0.030833333333333338,7.894736842105263
TikTok Ads,genero,MALE,17801,794,42.28,794.0,0.05324937027707809,4.4604235717094545
TikTok Ads,genero,FEMALE,21194,1382,59.18,1382.0,0.042821997105643994,6.520713409455506
TikTok Ads,genero,NONE,292,30,0.79,30.0,0.026333333333333334,10.273972602739725
TikTok Ads,genero,MALE,19046,1210,44.84,1210.0,0.037057851239669426,6.353040008400714
TikTok Ads,genero,FEMALE,21963,1478,55.28,1478.0,0.03740189445196211,6.729499612985476
TikTok Ads,genero,NONE,189,26,0.77,26.0,0.029615384615384616,13.756613756613756
TikTok Ads,genero,MALE,7616,362,20.79,362.0,0.05743093922651933,4.753151260504201
TikTok Ads,genero,FEMALE,9109,625,28.28,625.0,0.045248000000000003,6.8613459216159844
TikTok Ads,genero,NONE,86,0,0.09,0.0,0.0,0.0
TikTok Ads,genero,MALE,5968,17,9.66,17.0,0.5682352941176471,0.2848525469168901
TikTok Ads,genero,FEMALE,5885,25,11.76,25.0,0.4704,0.4248088360237893
TikTok Ads,genero,NONE,211,4,0.47,4.0,0.1175,1.8957345971563981
TikTok Ads,genero,MALE,16744,541,40.4,541.0,0.07467652495378928,3.2310081223124705
TikTok Ads,genero,FEMALE,16542,601,49.09,601.0,0.08168053244592346,3.6331761576592916
TikTok Ads,genero,NONE,316,28,1.23,28.0,0.04392857142857143,8.860759493670885
TikTok Ads,genero,MALE,21572,1083,58.11,1083.0,0.05365650969529086,5.020396810680512
TikTok Ads,genero,FEMALE,20987,1267,69.47,1267.0,0.05483030781373323,6.037070567494163
TikTok Ads,genero,NONE,351,28,1.11,28.0,0.039642857142857146,7.977207977207977
TikTok Ads,genero,MALE,18412,1092,52.33,1092.0,0.04792124542124542,5.930914620899413
TikTok Ads,genero,FEMALE,20999,1332,63.72,1332.0,0.047837837837837835,6.343159198057051
TikTok Ads,genero,NONE,461,22,0.88,22.0,0.04,4.772234273318872
TikTok Ads,genero,MALE,17810,1196,51.0,1196.0,0.042642140468227424,6.715328467153285
TikTok Ads,genero,FEMALE,18566,1231,56.91,1231.0,0.046230706742485785,6.630399655283853
TikTok Ads,genero,NONE,359,23,0.83,23.0,0.03608695652173913,6.406685236768802
TikTok Ads,genero,MALE,16881,954,42.99,954.0,0.04506289308176101,5.651323973698241
TikTok Ads,genero,FEMALE,18543,1175,53.54,1175.0,0.04556595744680851,6.336622984414604
TikTok Ads,genero,NONE,283,19,0.53,19.0,0.027894736842105264,6.713780918727916
TikTok Ads,genero,MALE,6739,271,17.13,271.0,0.06321033210332103,4.021368155512688
TikTok Ads,genero,FEMALE,7244,433,22.52,433.0,0.05200923787528868,5.97736057426836
TikTok Ads,genero,NONE,0,0,0.0,0.0,0.0,0.0
TikTok Ads,genero,MALE,0,0,0.0,0.0,0.0,0.0
TikTok Ads,genero,FEMALE,0,0,0.0,0.0,0.0,0.0
TikTok Ads,genero,NONE,0,0,0.0,0.0,0.0,0.0
TikTok Ads,genero,MALE,0,0,0.0,0.0,0.0,0.0
TikTok Ads,genero,FEMALE,0,0,0.0,0.0,0.0,0.0
TikTok Ads,genero,NONE,0,0,0.0,0.0,0.0,0.0
TikTok Ads,genero,MALE,0,0,0.0,0.0,0.0,0.0
TikTok Ads,genero,FEMALE,0,0,0.0,0.0,0.0,0.0
TikTok Ads,genero,NONE,0,0,0.0,0.0,0.0,0.0
TikTok Ads,genero,MALE,0,0,0.0,0.0,0.0,0.0
TikTok Ads,genero,FEMALE,0,0,0.0,0.0,0.0,0.0
TikTok Ads,genero,NONE,0,0,0.0,0.0,0.0,0.0
TikTok Ads,genero,MALE,0,0,0.0,0.0,0.0,0.0
TikTok Ads,genero,NONE,0,0,0.0,0.0,0.0,0.0
TikTok Ads,genero,FEMALE,0,0,0.0,0.0,0.0,0.0
TikTok Ads,genero,NONE,0,0,0.0,0.0,0.0,0.0
TikTok Ads,genero,FEMALE,0,0,0.0,0.0,0.0,0.0
TikTok Ads,genero,MALE,0,0,0.0,0.0,0.0,0.0
TikTok Ads,genero,NONE,0,0,0.0,0.0,0.0,0.0
TikTok Ads,genero,NONE,0,0,0.0,0.0,0.0,0.0
TikTok Ads,genero,NONE,0,0,0.0,0.0,0.0,0.0
TikTok Ads,genero,NONE,0,0,0.0,0.0,0.0,0.0
TikTok Ads,genero,NONE,0,0,0.0,0.0,0.0,0.0
TikTok Ads,genero,NONE,0,0,0.0,0.0,0.0,0.0
TikTok Ads,genero,FEMALE,0,0,0.0,0.0,0.0,0.0
TikTok Ads,genero,NONE,0,0,0.0,0.0,0.0,0.0
TikTok Ads,genero,NONE,0,0,0.0,0.0,0.0,0.0
TikTok Ads,genero,MALE,0,0,0.0,0.0,0.0,0.0
TikTok Ads,genero,NONE,86,4,0.19,4.0,0.0475,4.651162790697675
TikTok Ads,genero,MALE,9406,344,22.48,344.0,0.06534883720930233,3.657240059536466
TikTok Ads,genero,FEMALE,10106,581,29.17,581.0,0.050206540447504305,5.749059964377597
TikTok Ads,genero,NONE,185,31,0.87,31.0,0.028064516129032258,16.756756756756758
TikTok Ads,genero,MALE,13819,494,37.9,494.0,0.07672064777327935,3.574788334901223
TikTok Ads,genero,FEMALE,14534,857,45.05,857.0,0.05256709451575262,5.896518508325306
TikTok Ads,genero,NONE,162,22,0.73,22.0,0.03318181818181818,13.580246913580247
TikTok Ads,genero,MALE,14121,635,38.64,635.0,0.0608503937007874,4.496848665108703
TikTok Ads,genero,FEMALE,14643,826,42.85,826.0,0.051876513317191286,5.64092057638462
TikTok Ads,genero,NONE,351,26,0.89,26.0,0.03423076923076923,7.4074074074074066
TikTok Ads,genero,MALE,15379,722,38.32,722.0,0.053074792243767314,4.6947135704532155
TikTok Ads,genero,FEMALE,16259,1055,45.14,1055.0,0.04278672985781991,6.488713943046928
TikTok Ads,genero,NONE,193,9,0.47,9.0,0.05222222222222222,4.66321243523316
TikTok Ads,genero,MALE,15296,738,35.26,738.0,0.04777777777777777,4.824790794979079
TikTok Ads,genero,FEMALE,16981,1112,44.87,1112.0,0.04035071942446043,6.548495377186267
TikTok Ads,genero,NONE,210,13,0.64,13.0,0.04923076923076923,6.190476190476191
TikTok Ads,genero,MALE,13350,727,35.23,727.0,0.04845942228335626,5.4456928838951315
TikTok Ads,genero,FEMALE,14791,1002,42.69,1002.0,0.042604790419161674,6.774389831654385
TikTok Ads,genero,NONE,228,13,0.56,13.0,0.04307692307692308,5.701754385964912
TikTok Ads,genero,MALE,13346,849,36.2,849.0,0.042638398115429924,6.361456616214596
TikTok Ads,genero,FEMALE,14633,1041,42.8,1041.0,0.04111431316042267,7.114057267819312
TikTok Ads,genero,NONE,192,10,0.44,10.0,0.044,5.208333333333334
TikTok Ads,genero,MALE,14021,917,36.27,917.0,0.039552889858233374,6.54018971542686
TikTok Ads,genero,FEMALE,15732,1232,43.16,1232.0,0.03503246753246753,7.83117213323163
TikTok Ads,genero,NONE,203,17,0.64,17.0,0.037647058823529415,8.374384236453201
TikTok Ads,genero,MALE,14221,705,32.35,705.0,0.045886524822695035,4.957457281485127
TikTok Ads,genero,FEMALE,15110,1005,38.39,1005.0,0.03819900497512438,6.651224354731966
TikTok Ads,genero,NONE,167,19,0.57,19.0,0.03,11.377245508982035
TikTok Ads,genero,MALE,13654,650,31.73,650.0,0.048815384615384615,4.760509740735316
TikTok Ads,genero,FEMALE,14123,1007,38.32,1007.0,0.03805362462760675,7.130213127522481
TikTok Ads,genero,NONE,209,24,0.6,24.0,0.024999999999999998,11.483253588516746
TikTok Ads,genero,MALE,15079,744,32.04,744.0,0.043064516129032254,4.934014191922541
TikTok Ads,genero,FEMALE,15272,1136,37.96,1136.0,0.03341549295774648,7.438449449973808
TikTok Ads,genero,NONE,155,11,0.43,11.0,0.03909090909090909,7.096774193548387
TikTok Ads,genero,MALE,13983,584,30.91,584.0,0.05292808219178082,4.176500035757705
TikTok Ads,genero,FEMALE,14101,955,36.35,955.0,0.038062827225130894,6.772569321324728
TikTok Ads,genero,NONE,185,5,0.21,5.0,0.041999999999999996,2.7027027027027026
TikTok Ads,genero,MALE,13246,543,29.64,543.0,0.05458563535911602,4.09935074739544
TikTok Ads,genero,FEMALE,13431,870,36.38,870.0,0.04181609195402299,6.477551932097386
TikTok Ads,genero,NONE,176,6,0.36,6.0,0.06,3.4090909090909087
TikTok Ads,genero,MALE,12071,523,29.51,523.0,0.0564244741873805,4.332698202303041
TikTok Ads,genero,FEMALE,12543,754,35.49,754.0,0.04706896551724138,6.011321055568843
TikTok Ads,genero,NONE,128,14,0.47,14.0,0.03357142857142857,10.9375
TikTok Ads,genero,MALE,11870,424,27.61,424.0,0.06511792452830188,3.5720303285593933
TikTok Ads,genero,FEMALE,12798,825,33.84,825.0,0.04101818181818182,6.446319737458977
TikTok Ads,genero,NONE,206,22,0.6,22.0,0.02727272727272727,10.679611650485436
TikTok Ads,genero,MALE,11440,427,25.29,427.0,0.0592271662763466,3.7325174825174825
TikTok Ads,genero,FEMALE,12142,752,31.95,752.0,0.04248670212765957,6.193378356119256
TikTok Ads,genero,NONE,197,28,0.88,28.0,0.03142857142857143,14.213197969543149
TikTok Ads,genero,MALE,9993,341,22.24,341.0,0.0652199413489736,3.4123886720704495
TikTok Ads,genero,FEMALE,10448,492,25.53,492.0,0.05189024390243903,4.7090352220520675
TikTok Ads,genero,NONE,87,7,0.22,7.0,0.03142857142857143,8.045977011494253
TikTok Ads,genero,MALE,4999,52,8.54,52.0,0.1642307692307692,1.0402080416083215
TikTok Ads,genero,FEMALE,4656,127,8.68,127.0,0.06834645669291338,2.72766323024055
TikTok Ads,genero,NONE,28,0,0.03,0.0,0.0,0.0
TikTok Ads,genero,MALE,3746,0,5.45,0.0,0.0,0.0
TikTok Ads,genero,FEMALE,3593,0,5.44,0.0,0.0,0.0
TikTok Ads,genero,NONE,36,0,0.09,0.0,0.0,0.0
TikTok Ads,genero,MALE,3333,0,5.76,0.0,0.0,0.0
TikTok Ads,genero,FEMALE,3088,0,5.26,0.0,0.0,0.0
TikTok Ads,genero,NONE,32,0,0.05,0.0,0.0,0.0
TikTok Ads,genero,MALE,2855,0,5.43,0.0,0.0,0.0
TikTok Ads,genero,FEMALE,2534,0,4.94,0.0,0.0,0.0
TikTok Ads,genero,NONE,27,0,0.03,0.0,0.0,0.0
TikTok Ads,genero,MALE,3195,0,6.16,0.0,0.0,0.0
TikTok Ads,genero,FEMALE,2754,0,5.19,0.0,0.0,0.0
TikTok Ads,genero,NONE,12,0,0.03,0.0,0.0,0.0
TikTok Ads,genero,MALE,2638,0,5.57,0.0,0.0,0.0
TikTok Ads,genero,FEMALE,2393,0,5.04,0.0,0.0,0.0
TikTok Ads,genero,NONE,23,0,0.03,0.0,0.0,0.0
TikTok Ads,genero,MALE,2932,0,5.19,0.0,0.0,0.0
TikTok Ads,genero,FEMALE,2685,0,4.87,0.0,0.0,0.0
TikTok Ads,genero,NONE,16,0,0.04,0.0,0.0,0.0
TikTok Ads,genero,MALE,2815,0,4.51,0.0,0.0,0.0
TikTok Ads,genero,FEMALE,2832,0,4.76,0.0,0.0,0.0
TikTok Ads,genero,NONE,26,0,0.08,0.0,0.0,0.0
TikTok Ads,genero,MALE,2658,0,4.51,0.0,0.0,0.0
TikTok Ads,genero,FEMALE,2434,0,4.26,0.0,0.0,0.0
TikTok Ads,genero,NONE,27,0,0.07,0.0,0.0,0.0
TikTok Ads,genero,MALE,2605,0,4.97,0.0,0.0,0.0
TikTok Ads,genero,FEMALE,2167,0,4.02,0.0,0.0,0.0
TikTok Ads,genero,NONE,20,0,0.05,0.0,0.0,0.0
TikTok Ads,genero,MALE,2185,0,4.8,0.0,0.0,0.0
TikTok Ads,genero,FEMALE,1784,0,3.85,0.0,0.0,0.0
TikTok Ads,genero,NONE,17,0,0.03,0.0,0.0,0.0
TikTok Ads,genero,MALE,2335,0,4.97,0.0,0.0,0.0
TikTok Ads,genero,FEMALE,1879,0,3.64,0.0,0.0,0.0
TikTok Ads,genero,NONE,10,0,0.01,0.0,0.0,0.0
TikTok Ads,genero,MALE,1883,0,3.81,0.0,0.0,0.0
TikTok Ads,genero,FEMALE,1631,0,3.62,0.0,0.0,0.0
TikTok Ads,genero,NONE,20,0,0.05,0.0,0.0,0.0
TikTok Ads,genero,MALE,1730,0,3.29,0.0,0.0,0.0
TikTok Ads,genero,FEMALE,1433,0,2.91,0.0,0.0,0.0
TikTok Ads,genero,NONE,6,0,0.03,0.0,0.0,0.0
TikTok Ads,genero,MALE,1586,0,2.67,0.0,0.0,0.0
TikTok Ads,genero,FEMALE,1375,0,2.08,0.0,0.0,0.0
