plataforma,impressoes,cliques,landing_page_views,sessoes_ga4,leads,add_to_cart,conversoes,receita
Google Ads,114163744,1781381,1514173.8499999999,98577.0,0.0,0,1742483.130698,4528.0
Meta Ads,304272359,719643,104689.0,17079.0,17.0,0,459116.0,0.0
TikTok Ads,6627720,52091,44277.35,12484.0,0.0,0,52091.0,0.0
