plataforma,impressoes,cliques,landing_page_views,sessoes_ga4,conversoes,receita
Google Ads,18741241,414579,352392.14999999997,10454.0,433127.54832099995,610.0
Meta Ads,29449505,47137,5872.0,2387.0,0.0,0.0
TikTok Ads,0,0,0.0,1.0,0.0,0.0
