plataforma,impressoes,cliques,landing_page_views,sessoes_ga4,conversoes,receita
Google Ads,18953730,413124,351155.39999999997,10529.0,438198.030134,620.0
Meta Ads,76618561,173568,25544.0,2313.0,0.0,0.0
TikTok Ads,0,0,0.0,1.0,0.0,0.0
