plataforma,impressoes,cliques,landing_page_views,sessoes_ga4,conversoes,receita
Google Ads,18953728,413124,351155.39999999997,10529.0,438197.490451,620.0
Meta Ads,59371733,125132,21038.0,2313.0,0.0,0.0
TikTok Ads,0,0,0.0,1.0,0.0,0.0
