plataforma,impressoes,cliques,landing_page_views,sessoes_ga4,leads,add_to_cart,conversoes,receita
Google Ads,113737475,1805221,1534437.8499999999,98131.0,0.0,0,1728486.183265,4487.0
Meta Ads,160845769,445298,90924.0,17300.0,50.0,0,301760.0,0.0
TikTok Ads,6514140,52084,44271.4,12485.0,0.0,0,52084.0,0.0
