plataforma,custo_total,receita_total,roas_7d,roas_30d,roas_total,tendencia_7d_vs_30d,cpa_total,conversoes_total,acao,motivo
Google Ads,133151.352527,673.0,0.0002798312547687862,0.0015205886010310197,0.005054398526395225,-0.8159717529257753,0.2897172346232066,459590.72024199995,DIMINUIR,ROAS em queda (-82% nos ultimos 7d vs 30d)
