plataforma,custo_total,receita_total,roas_7d,roas_30d,roas_total,tendencia_7d_vs_30d,cpa_total,conversoes_total,acao,motivo
Google Ads,133151.345939,673.0,0.00027983177064657647,0.001520588812596406,0.005054398776474392,-0.8159714392684742,0.28971658990916677,459591.72024199995,DIMINUIR,ROAS em queda (-82% nos ultimos 7d vs 30d)
Meta Ads,126409.98,0.0,0.0,0.0,0.0,0.0,0.0,0.0,DIMINUIR,ROAS 0.0x abaixo da media (0.0x)
