plataforma,custo_total,receita_total,roas_7d,roas_30d,roas_total,tendencia_7d_vs_30d,cpa_total,conversoes_total,acao,motivo
Google Ads,550897.3700969999,4487.0,0.0,0.00011030765764843233,0.008144892757810673,-1.0,0.31871667556890154,1728486.183265,DIMINUIR,ROAS em queda (-100% nos ultimos 7d vs 30d)
TikTok Ads,16112.06,0.0,0.0,0.0,0.0,0.0,0.3093475923508179,52084.0,DIMINUIR,ROAS 0.0x abaixo da media (0.0x)
Meta Ads,267139.74,0.0,0.0,0.0,0.0,0.0,0.8852722030752916,301760.0,DIMINUIR,ROAS 0.0x abaixo da media (0.0x)
