plataforma,custo_total,receita_total,roas_7d,roas_30d,roas_total,tendencia_7d_vs_30d,cpa_total,conversoes_total,acao,motivo
Google Ads,549888.452217,4503.0,0.0,0.0005263980487803655,0.008188933558879324,-1.0,0.317549799172852,1731660.525843,DIMINUIR,ROAS em queda (-100% nos ultimos 7d vs 30d)
TikTok Ads,16228.93,0.0,0.0,0.0,0.0,0.0,0.3115495958994836,52091.0,DIMINUIR,ROAS 0.0x abaixo da media (0.0x)
Meta Ads,266581.79000000004,0.0,0.0,0.0,0.0,0.0,0.8768186019280803,304033.0,DIMINUIR,ROAS 0.0x abaixo da media (0.0x)
