plataforma,custo_total,receita_total,roas_7d,roas_30d,roas_total,tendencia_7d_vs_30d,cpa_total,conversoes_total,acao,motivo
Google Ads,550397.4941779999,4506.0,0.0,0.0008695526950043508,0.008186810528143046,-1.0,0.3177955249867422,1731923.36236,DIMINUIR,ROAS em queda (-100% nos ultimos 7d vs 30d)
TikTok Ads,16247.79,0.0,0.0,0.0,0.0,0.0,0.31191165460444226,52091.0,DIMINUIR,ROAS 0.0x abaixo da media (0.0x)
Meta Ads,265816.17000000004,0.0,0.0,0.0,0.0,0.0,0.8755963607975416,303583.0,DIMINUIR,ROAS 0.0x abaixo da media (0.0x)
