plataforma,campanha,impressoes,custo,video_p25,video_p50,video_p75,video_p100,video_2s,video_6s
Meta Ads,ALC Continente Night RUN - Vendas!,37732,63.14,8.0,2.0,2.0,1.0,,
Meta Ads,[TFG] Corrida Story Final,0,0.0,,,,,,
Meta Ads,ALC - NATAL 25,401337,648.74,8596.0,2309.0,1234.0,878.0,,
Meta Ads,TRAF - NATAL 25,210333,731.28,18156.0,7255.0,4112.0,2715.0,,
Meta Ads,[ALC] Pandora Black Friday,58406,87.96,2297.0,876.0,496.0,336.0,,
Meta Ads,[ALC] Promo Nike 30% OFF Nov,57824,84.58,1808.0,675.0,389.0,264.0,,
Meta Ads,[ALC] Curso de Gestantes Nov.,212078,349.93,,,,,,
Meta Ads,[BF] ALC Riachuelo,60427,99.87,6.0,2.0,1.0,,,
Meta Ads,[BF] ALC Adcos,152589,249.98,,,,,,
Meta Ads,[BF] ALC Nike,94719,150.0,11.0,2.0,1.0,1.0,,
Meta Ads,[BF] Outlet Aniversário,55037,99.93,1244.0,522.0,158.0,99.0,,
Meta Ads,[BF] Outlet Aniversário - 2,57938,99.93,23.0,12.0,7.0,5.0,,
Meta Ads,[ALC] Black Friday Gastronomia,301998,499.95,3.0,1.0,,,,
Meta Ads,[ALC] Black Friday Jóias,325451,500.0,802.0,294.0,173.0,120.0,,
Meta Ads,[ALC] Black Friday Inst.,580936,1000.0,14160.0,5838.0,3412.0,2437.0,,
Meta Ads,[ALC] Spedini,191662,350.0,4924.0,1980.0,1159.0,850.0,,
Meta Ads,[ENG] Post Foto Papai Noel,74372,349.99,22662.0,13133.0,8725.0,3356.0,,
Meta Ads,[ENG] Decoração de Natal,48851,202.62,9448.0,5741.0,3893.0,3278.0,,
Meta Ads,[ALC] Vídeo Promo Natal 25 Sara,55028,95.38,252.0,56.0,29.0,11.0,,
Meta Ads,[ENG] Encontro Pet,17696,199.92,,,,,,
Meta Ads,[TFG] Narbona - Jazz,19731,148.4,,,,,,
Meta Ads,[ALC] Horário Black,91376,199.4,,,,,,
Meta Ads,[ALC] Eventos de Natal,92525,199.99,246.0,92.0,44.0,22.0,,
Meta Ads,ALC - NATAL 25,1836984,2601.21,37215.0,15326.0,7100.0,4835.0,,
Meta Ads,TRAF - NATAL 25,297821,2044.84,17961.0,8619.0,5373.0,3805.0,,
Meta Ads,[ENG] Post Foto Papai Noel,0,0.0,,,,,,
Meta Ads,[ALC] Agenda de Natal,187422,349.93,4.0,2.0,1.0,1.0,,
Meta Ads,ALC - NARBONA,714095,948.77,3367.0,1013.0,582.0,339.0,,
Meta Ads,ALC - Horário final de ano,765258,940.83,,,,,,
Meta Ads,TFG - Story Horário Dezembro,125788,349.97,1.0,1.0,1.0,1.0,,
Meta Ads,[ALC] Homem do Sapato - feed,286493,349.99,,,,,,
Meta Ads,[ALC] Homem do Sapato - Reels,415185,499.98,12399.0,4491.0,2246.0,1163.0,,
Meta Ads,[ALC] Horário dezembro 02,331149,350.0,,,,,,
Meta Ads,ALC - NATAL 25,770719,623.53,24322.0,9528.0,4803.0,3212.0,,
Meta Ads,TRAF - NATAL 25,72732,465.05,8963.0,4794.0,3201.0,2395.0,,
Meta Ads,ALC - NARBONA,871148,947.59,6087.0,1761.0,993.0,608.0,,
Meta Ads,ALC - Horário final de ano,0,0.0,,,,,,
Meta Ads,ALC - Capivalley,930104,1078.08,5280.0,1588.0,820.0,428.0,,
Meta Ads,[ALC] Aniversário Capitu,321568,350.0,,,,,,
Meta Ads,ALC - LIQUIDA,976650,1499.64,19690.0,8919.0,5561.0,4067.0,,
Meta Ads,[ALC] Novas Lojas - Vídeo Elisa,471495,589.78,2702.0,711.0,423.0,191.0,,
Meta Ads,[ALC] Video Argentinos,535987,593.71,1261.0,433.0,263.0,178.0,,
Meta Ads,[ALC] Nike 20% OFF - 26/01,284413,299.83,6728.0,2746.0,1636.0,1164.0,,
Meta Ads,[ALC] Volta às aulas,238574,297.57,,,,,,
Meta Ads,[ALC] Capivalley vídeo,445554,500.0,3972.0,1068.0,572.0,296.0,,
Meta Ads,[ALC] - Video Capivalley 2,407049,500.0,6352.0,2133.0,1076.0,536.0,,
Meta Ads,[ALC] Usaflex liquida,292146,350.0,,,,,,
Meta Ads,[ALC] Homem do Sapato - promoção,402414,500.0,,,,,,
Meta Ads,ALC - NARBONA,191965,222.37,1501.0,475.0,260.0,165.0,,
Meta Ads,ALC - Capivalley,310577,323.58,2889.0,856.0,425.0,237.0,,
Meta Ads,[ALC] Novas Lojas - Vídeo Elisa,227691,255.32,1171.0,268.0,167.0,91.0,,
Meta Ads,[ALC] Video Argentinos,258931,251.86,512.0,183.0,108.0,70.0,,
Meta Ads,[ALC] Volta às aulas,124110,139.92,,,,,,
Meta Ads,[ALC] Carnaval - 02/02,109450,124.23,1891.0,789.0,262.0,152.0,,
Meta Ads,[ALC] Semana do Cinema 2026,72738,91.97,,,,,,
Meta Ads,[ALC] Bazar anacapri,53618,63.95,,,,,,
Meta Ads,ALC - NARBONA,608926,738.63,4396.0,1336.0,733.0,463.0,,
Meta Ads,ALC - Capivalley,517220,598.34,5236.0,1584.0,810.0,442.0,,
Meta Ads,[ALC] Novas Lojas - Vídeo Elisa,124746,154.77,695.0,126.0,62.0,29.0,,
Meta Ads,[ALC] Video Argentinos,142748,154.19,300.0,120.0,62.0,50.0,,
Meta Ads,[ALC] Volta às aulas,48596,62.19,,,,,,
Meta Ads,[ALC] Carnaval - 02/02,317051,375.77,2175.0,870.0,273.0,151.0,,
Meta Ads,[ALC] Semana do Cinema 2026,322854,408.03,,,,,,
Meta Ads,[ALC] Bazar anacapri,112750,135.97,,,,,,
Meta Ads,[ALC] Eventos Carnaval,836354,999.99,1515.0,347.0,193.0,137.0,,
Meta Ads,[ALC] Eventos de Carnaval,178741,699.0,30351.0,12884.0,8055.0,4447.0,,
Meta Ads,[ALC] Musical das capivaras,266623,300.0,,,,,,
Meta Ads,[ALC] Carnapet Continente Shopping,127438,149.96,,,,,,
Meta Ads,[ALC] Capivalley - Últimos dias,419337,500.0,4338.0,1040.0,545.0,325.0,,
Meta Ads,ALC - Narbona novos conteúdos,154969,185.67,639.0,170.0,98.0,65.0,,
Meta Ads,TFG - Narbona Site,178975,983.99,3401.0,868.0,580.0,400.0,,
Meta Ads,ALC - Narbona novos conteúdos,443604,540.71,2313.0,664.0,372.0,201.0,,
Meta Ads,[ALC] Musical K-Pop,277749,350.0,,,,,,
Meta Ads,[ALC] Vídeo musical K-POP,262754,349.73,12456.0,4856.0,2805.0,985.0,,
Meta Ads,[ALC] Vídeo influenciadora - musicais,365558,499.95,2751.0,678.0,368.0,215.0,,
Meta Ads,[ALC] A Menina da Casa Mágica,336904,499.97,,,,,,
Meta Ads,[ALC] Musical A Menina da Casa Mágica 02,378437,499.96,,,,,,
Meta Ads,[ALC] Vídeo Gabby,121263,200.0,1380.0,334.0,169.0,107.0,,
Meta Ads,[ALC] Campanha de Almoço,442388,799.98,2785.0,1280.0,769.0,283.0,,
Meta Ads,TRAF - FRANQUIAS CS,46083,186.76,,,,,,
Meta Ads,ALC - Narbona novos conteúdos,530470,631.41,2129.0,595.0,333.0,202.0,,
Meta Ads,[ALC] Campanha de Almoço,159565,200.02,217.0,93.0,50.0,16.0,,
Meta Ads,TRAF - FRANQUIAS CS,231568,1013.19,,,,,,
Meta Ads,ENG - FRANQUIAS CS — Whats,434646,1141.68,,,,,,
Meta Ads,[ALC] Horário de funcionamento Páscoa,132596,149.99,,,,,,
Meta Ads,ALC - PROMO IPHONE,864515,1199.66,8641.0,2717.0,1605.0,1105.0,,
Meta Ads,TRAF - PROMO IPHONE,187966,499.67,2798.0,1155.0,857.0,619.0,,
Meta Ads,ALC - Super Games,1012272,1357.32,18127.0,9571.0,4231.0,1962.0,,
Meta Ads,ALC - CINEPOLIS MJ,251019,349.89,1303.0,343.0,155.0,95.0,,
Meta Ads,[ALC] Patrulha Canina Show,620126,799.84,,,,,,
Meta Ads,[ALC] Video Patrulha Canina,309381,499.97,15958.0,4944.0,2807.0,1998.0,,
Meta Ads,ALC - PROMO MAES 26,83476,119.73,724.0,326.0,91.0,57.0,,
Meta Ads,TRAF - PROMO MAES 26,14120,134.92,862.0,392.0,177.0,111.0,,
Meta Ads,ALC - Narbona novos conteúdos,92363,123.97,509.0,163.0,85.0,47.0,,
Meta Ads,[ALC] Campanha de Almoço,0,0.0,,,,,,
Meta Ads,ENG - FRANQUIAS CS — Whats,22777,58.11,,,,,,
Meta Ads,ALC - Super Games,267328,375.54,5508.0,2718.0,1243.0,596.0,,
Meta Ads,ALC - PROMO MAES 26,153303,217.13,601.0,175.0,88.0,52.0,,
Meta Ads,TRAF - PROMO MAES 26,23440,207.84,2149.0,1006.0,560.0,338.0,,
Meta Ads,ALC - PRESENTES MAE,131876,168.71,9.0,6.0,4.0,3.0,,
Meta Ads,ENG - ALBUM DE FIGURINHAS,9096,24.81,1980.0,876.0,467.0,237.0,,
Meta Ads,ALC - NATAL 25,466480,727.43,11275.0,3357.0,1879.0,1314.0,,
Meta Ads,Aventura Canina,218006,999.61,2699.0,1397.0,989.0,770.0,,
Meta Ads,Reels Aventura Canina,263380,1000.0,27305.0,13350.0,8557.0,6272.0,,
Meta Ads,TRAF - NATAL 25 - CLIQUES,93529,378.38,401.0,205.0,114.0,77.0,,
Meta Ads,Video Campanha Jeep,67856,433.83,4786.0,2234.0,1184.0,579.0,,
Meta Ads,Sessão especial Wicked,66531,349.76,152.0,70.0,47.0,38.0,,
Meta Ads,Vilão Favorito,238182,1000.0,1208.0,610.0,430.0,352.0,,
Meta Ads,ALC - NATAL 25,1330988,1690.37,13010.0,4536.0,2182.0,1406.0,,
Meta Ads,TRAF - NATAL 25 - CLIQUES,518248,1863.56,5318.0,2548.0,1625.0,1045.0,,
Meta Ads,Video Campanha Jeep,818,11.18,103.0,54.0,35.0,21.0,,
Meta Ads,ALC - Pet Day,272528,500.0,327.0,159.0,96.0,64.0,,
Meta Ads,ALC - Encontro com personagens,279027,500.0,207.0,81.0,61.0,41.0,,
Meta Ads,ENG - PANETONE,50871,249.97,14202.0,7402.0,5742.0,2603.0,,
Meta Ads,ALC - NATAL 25,719982,558.4,12861.0,4674.0,2193.0,1426.0,,
Meta Ads,TRAF - NATAL 25 - CLIQUES,177147,519.77,5210.0,2440.0,1486.0,948.0,,
Meta Ads,ALC - Capivalley - CS,84150,80.91,,,,,,
Meta Ads,ALC - LIQUIDA 25,1531602,2999.97,28901.0,12514.0,7651.0,5588.0,,
Meta Ads,ALC - VOLTA AS AULAS,489254,547.94,3211.0,633.0,343.0,226.0,,
Meta Ads,ALC - SUMMER,669400,799.26,19122.0,5705.0,3310.0,2356.0,,
Meta Ads,ALC - VOLTA AS AULAS,179722,161.56,203.0,36.0,20.0,17.0,,
Meta Ads,ALC - SUMMER,224455,236.65,13322.0,2383.0,1359.0,933.0,,
Meta Ads,ALC - Semana do Cinema - BS JAN 25,122997,152.77,,,,,,
Meta Ads,ALC - Inauguração - Shantal,57309,70.26,147.0,60.0,27.0,17.0,,
Meta Ads,ALC - Arena Summer Vibes Sephora,578561,885.72,17493.0,7339.0,2841.0,2004.0,,
Meta Ads,ALC - VOLTA AS AULAS,182680,196.75,859.0,174.0,65.0,39.0,,
Meta Ads,ALC - SUMMER,746655,829.08,40133.0,9047.0,4958.0,3430.0,,
Meta Ads,ALC - Semana do Cinema - BS JAN 25,287362,347.0,,,,,,
Meta Ads,ALC - Inauguração - Shantal,336289,393.54,380.0,163.0,70.0,51.0,,
Meta Ads,ALC - Arena Summer Vibes Sephora,704632,1114.28,5397.0,2053.0,1156.0,587.0,,
Meta Ads,TRAF - ARENA SUMMER VIBES SEPHORA,979188,1000.0,7471.0,3582.0,2333.0,1825.0,,
Meta Ads,ALC - Carnaval Kids,1583487,2000.0,,,,,,
Meta Ads,TRAF - Carnaval,288124,1000.0,,,,,,
Meta Ads,ALC - Ghibli Fest,112007,131.37,,,,,,
Meta Ads,ALC - Moda Feminina | Verão - AON,131147,157.62,36.0,9.0,3.0,3.0,,
Meta Ads,ALC - Moda Masculina - AON,105054,131.05,732.0,140.0,45.0,24.0,,
Meta Ads,ALC - Lojas Corredor Zara,133179,157.12,1598.0,674.0,268.0,140.0,,
Meta Ads,ALC - Ghibli Fest,61993,60.14,,,,,,
Meta Ads,ALC - Moda Feminina | Verão - AON,626604,710.03,460.0,129.0,76.0,50.0,,
Meta Ads,ALC - Moda Masculina - AON,485483,591.33,599.0,110.0,40.0,28.0,,
Meta Ads,ALC - Lojas Corredor Zara,580466,653.96,4424.0,1467.0,648.0,392.0,,
Meta Ads,ALC - GASTRONOMIA - BS,2937278,3881.09,,,,,,
Meta Ads,ALC - MINI DAY SPA,352921,500.0,1874.0,419.0,195.0,128.0,,
Meta Ads,ALC - UNIZUSHI + DULADU,760987,988.44,5763.0,1490.0,793.0,496.0,,
Meta Ads,ALC - PASSAPORTE ELAS,611637,1000.0,,,,,,
Meta Ads,ALC - Heroínas do K-pop,1571968,2499.93,,,,,,
Meta Ads,ALC - PROMO IPHONE,475627,705.79,11517.0,4132.0,2504.0,1755.0,,
Meta Ads,ALC - A casa mágica da Gabby,235448,350.0,,,,,,
Meta Ads,ALC - Programação para os pequenos no fds,30654,39.58,,,,,,
Meta Ads,ALC - UNIZUSHI + DULADU,804839,962.23,4365.0,1206.0,615.0,343.0,,
Meta Ads,ALC - PROMO IPHONE,1750759,2293.95,54857.0,17498.0,10053.0,6876.0,,
Meta Ads,ALC - Programação para os pequenos no fds,0,0.0,,,,,,
Meta Ads,TRAF - IPHONE,186776,999.88,1985.0,1000.0,663.0,497.0,,
Meta Ads,ALC -  New in: Louen,201646,243.36,,,,,,
Meta Ads,ALC - Orion Verso,98097,123.78,,,,,,
Meta Ads,ALC | A menina mágica,67287,85.41,,,,,,
Meta Ads,ALC - Golden,334873,499.96,2874.0,620.0,333.0,144.0,,
Meta Ads,ALC | A menina mágica,0,0.0,,,,,,
Meta Ads,ALC - Gastronomia — AON,406845,695.48,4849.0,1595.0,663.0,405.0,,
Meta Ads,ALC - Promo Natal 25,466396,722.33,7558.0,2018.0,1017.0,643.0,,
Meta Ads,TRAF - Promo Natal 25,228646,725.96,32537.0,13247.0,7169.0,4648.0,,
Meta Ads,ALC - Arvore Solidária,161363,273.56,3114.0,992.0,567.0,401.0,,
Meta Ads,ALC - Mercado Shelf,72106,126.0,508.0,94.0,60.0,36.0,,
Meta Ads,ENG - Decoração Natal,16603,115.95,498.0,199.0,125.0,74.0,,
Meta Ads,ALC- Black Friday NK,495032,999.95,416.0,207.0,104.0,38.0,,
Meta Ads,ALC- Espetáculo de Natal,515613,1500.0,13.0,5.0,3.0,2.0,,
Meta Ads,VISUALIZAÇOES - ESPETACULO DE NATAL,34240,499.96,9132.0,6068.0,2871.0,2386.0,,
Meta Ads,ALC - Gastronomia — AON,693253,929.38,4657.0,1773.0,620.0,401.0,,
Meta Ads,ALC - Promo Natal 25,1292803,1638.63,4858.0,1583.0,861.0,540.0,,
Meta Ads,TRAF - Promo Natal 25,394773,1640.13,20604.0,8283.0,4668.0,2384.0,,
Meta Ads,ALC - Arvore Solidária,149880,226.42,16.0,3.0,2.0,2.0,,
Meta Ads,ALC - Mercado Shelf,114148,173.95,806.0,139.0,72.0,42.0,,
Meta Ads,ENG - Decoração Natal,19696,127.73,597.0,233.0,145.0,85.0,,
Meta Ads,ALC- Black Friday NK,0,0.0,,,,,,
Meta Ads,ALC- Inauguração Brasileirisse - Empréstimo NR,83873,132.73,689.0,315.0,202.0,147.0,,
Meta Ads,ALC - Natal NR - Empréstimo,76463,119.6,1354.0,497.0,245.0,152.0,,
Meta Ads,ALC - Feira Pet,182205,300.0,,,,,,
Meta Ads,ALC - Carrossel das Renas,330148,499.99,5469.0,3464.0,1401.0,359.0,,
Meta Ads,ALC - Decoração itens de Natal,316442,499.99,1543.0,210.0,107.0,62.0,,
Meta Ads,ALC - LOOKS DE FIM DE ANO,155036,199.93,682.0,113.0,56.0,33.0,,
Meta Ads,ALC - Amigo Secreto no NK,167900,249.98,321.0,136.0,105.0,41.0,,
Meta Ads,ALC - McDonalds,153231,199.92,1434.0,353.0,181.0,84.0,,
Meta Ads,ALC - Arezzo,231126,299.98,13701.0,4727.0,2330.0,1616.0,,
Meta Ads,ALC - Gastronomia — AON,892809,925.19,6932.0,3060.0,1151.0,731.0,,
Meta Ads,ALC - Promo Natal 25,751465,616.46,2818.0,1035.0,503.0,322.0,,
Meta Ads,TRAF - Promo Natal 25,126359,495.0,7775.0,2639.0,1865.0,1498.0,,
Meta Ads,ALC - Arena Super Games,1214730,1656.37,12296.0,4810.0,1943.0,1270.0,,
Meta Ads,ALC - LIQUIDA,1525504,2997.7,25741.0,10409.0,6213.0,4463.0,,
Meta Ads,ALC - Cinema - AON,310770,358.37,43706.0,17475.0,9326.0,6568.0,,
Meta Ads,ALC - Gastronomia — AON,137474,152.73,1054.0,415.0,166.0,99.0,,
Meta Ads,ALC - Arena Super Games,355502,428.58,5861.0,2185.0,907.0,560.0,,
Meta Ads,ALC - Cinema - AON,181582,176.07,24648.0,10202.0,6144.0,4701.0,,
Meta Ads,ALC - Coleção Boca Rosa Adidas,7912,10.41,128.0,63.0,27.0,19.0,,
Meta Ads,ALC - Oficinas de Carnaval no Neumarkt Shopping,6583,7.12,,,,,,
Meta Ads,ENG - Conteúdos - Fev,4208,20.1,118.0,55.0,34.0,21.0,,
Meta Ads,ALC - Gastronomia — AON,578026,687.05,3974.0,1647.0,517.0,335.0,,
Meta Ads,ALC - Arena Super Games,1106887,1414.91,19249.0,7025.0,2738.0,1691.0,,
Meta Ads,ALC - Cinema - AON,746809,803.88,98313.0,37246.0,20649.0,14681.0,,
Meta Ads,ALC - Coleção Boca Rosa Adidas,139994,180.34,2272.0,1054.0,361.0,202.0,,
Meta Ads,ALC - Oficinas de Carnaval no Neumarkt Shopping,125167,133.28,,,,,,
Meta Ads,ENG - Conteúdos - Fev,136648,758.05,22616.0,11764.0,7220.0,5183.0,,
Meta Ads,ALC - Semana do Cinema,157485,199.92,1626.0,819.0,207.0,124.0,,
Meta Ads,ALC- Valentine's Day,71284,99.94,524.0,97.0,62.0,40.0,,
Meta Ads,ALC - Moda Feminina,90156,106.45,1501.0,715.0,260.0,146.0,,
Meta Ads,ALC - Feira Pet NK,188752,200.0,,,,,,
Meta Ads,ALC - Promoção Meu Méqui,15725,21.69,,,,,,
Meta Ads,ALC - Poker NK,27385,37.78,600.0,206.0,102.0,47.0,,
Meta Ads,ENG - POKER,4893,43.29,156.0,54.0,34.0,20.0,,
Meta Ads,ALC - General Ly,18845,24.87,135.0,43.0,27.0,16.0,,
Meta Ads,ALC - Exposição Telomar,18059,24.35,155.0,41.0,23.0,17.0,,
Meta Ads,ALC - Legueiros,53514,65.65,,,,,,
Meta Ads,ALC - Gastronomia — AON,415747,500.92,2727.0,957.0,405.0,250.0,,
Meta Ads,ALC - Cinema - AON,411376,441.53,99526.0,40425.0,23283.0,17209.0,,
Meta Ads,ALC - Moda Feminina,116570,143.5,1836.0,844.0,305.0,182.0,,
Meta Ads,ALC - Promoção Meu Méqui,54617,61.91,,,,,,
Meta Ads,ALC - Poker NK,32275,35.14,624.0,215.0,99.0,47.0,,
Meta Ads,ENG - POKER,6905,40.28,201.0,80.0,52.0,33.0,,
Meta Ads,ALC - General Ly,252869,315.59,1763.0,494.0,301.0,173.0,,
Meta Ads,ALC - Exposição Telomar,217058,268.38,2275.0,694.0,381.0,251.0,,
Meta Ads,ALC - Legueiros,1321255,1723.22,1734.0,382.0,193.0,131.0,,
Meta Ads,ALC - Semana do Consumidor,688156,999.92,3279.0,692.0,365.0,245.0,,
Meta Ads,ALC - Páscoa,180363,236.99,840.0,295.0,170.0,118.0,,
Meta Ads,ALC - Agenda de março,134096,180.18,,,,,,
Meta Ads,ALC - Crepusculo,257366,349.99,3345.0,2004.0,626.0,398.0,,
Meta Ads,ALC - L’Occitane,50752,71.81,669.0,217.0,73.0,45.0,,
Meta Ads,ACL - Outuno,70994,101.11,476.0,180.0,117.0,47.0,,
Meta Ads,ALC - Camiseta BR Centauro,98332,138.89,9386.0,4041.0,2449.0,1661.0,,
Meta Ads,ALC - Foot Wear,174640,249.95,2935.0,1140.0,397.0,243.0,,
Meta Ads,ALC - Tommy Hilfeger,72606,103.26,3462.0,1163.0,581.0,298.0,,
Meta Ads,ALC - Tour pelo NK,39398,57.95,48.0,25.0,23.0,19.0,,
Meta Ads,ENG - Corrida NK,11102,54.55,92.0,52.0,26.0,18.0,,
Meta Ads,ALC - Filme Super Mário,70164,99.5,489.0,128.0,68.0,41.0,,
Meta Ads,TRAF - FRANQUIAS,50563,222.74,,,,,,
Meta Ads,ENG - FRANQUIAS,997,15.54,,,,,,
Meta Ads,ALC - Evento ELAS,164864,265.06,2365.0,932.0,533.0,212.0,,
Meta Ads,ALC - Kopenhagen,54264,81.38,7875.0,2664.0,1297.0,785.0,,
Meta Ads,ALC - Lelis,5681,8.36,150.0,60.0,38.0,26.0,,
Meta Ads,ALC - Gastronomia — AON,443304,563.15,2290.0,684.0,341.0,227.0,,
Meta Ads,ALC - Legueiros,56692,74.18,351.0,96.0,53.0,41.0,,
Meta Ads,ACL - Outuno,53462,61.92,363.0,121.0,69.0,35.0,,
Meta Ads,ALC - Camiseta BR Centauro,79145,91.88,7260.0,2772.0,1564.0,1019.0,,
Meta Ads,ALC - Tommy Hilfeger,126052,146.67,6404.0,2135.0,1035.0,571.0,,
Meta Ads,ALC - Filme Super Mário,175265,200.46,1173.0,334.0,194.0,113.0,,
Meta Ads,TRAF - FRANQUIAS,268447,977.19,,,,,,
Meta Ads,ALC - Evento ELAS,26986,34.92,348.0,148.0,70.0,30.0,,
Meta Ads,ALC - Kopenhagen,187056,218.61,8908.0,2991.0,1441.0,876.0,,
Meta Ads,ALC - Lelis,93841,111.61,3066.0,1126.0,641.0,450.0,,
Meta Ads,TRAF - CAMPANHA IPHONE,495774,999.94,2362.0,1840.0,1252.0,980.0,,
Meta Ads,ALC - PROMO MAES 26,71804,130.69,928.0,665.0,579.0,215.0,,
Meta Ads,TRAF - PROMO MAES 26,27922,127.79,3807.0,3336.0,3070.0,1635.0,,
Meta Ads,ALC - ANÚNCIOS NR,53275,86.93,646.0,252.0,105.0,59.0,,
Meta Ads,ALC - BFS BS,25854,50.01,90.0,20.0,13.0,7.0,,
Meta Ads,ALC - Diabo veste prada,8657,17.29,284.0,171.0,96.0,37.0,,
Meta Ads,ALC - Gastronomia — AON,124546,178.12,627.0,184.0,82.0,56.0,,
Meta Ads,ALC - PROMO MAES 26,137272,216.77,1027.0,237.0,122.0,65.0,,
Meta Ads,TRAF - PROMO MAES 26,53103,245.92,6512.0,5581.0,5055.0,2841.0,,
Meta Ads,ALC - ANÚNCIOS NR,117173,171.55,2305.0,972.0,391.0,242.0,,
Meta Ads,ALC - BFS BS,496082,707.93,1111.0,225.0,123.0,76.0,,
Meta Ads,ALC - Diabo veste prada,142842,210.35,4944.0,2836.0,1373.0,410.0,,
Meta Ads,ALC - PROMO MAES BS,112631,175.45,1621.0,687.0,226.0,145.0,,
Meta Ads,ALC - TRANSMISSAO BFS,377684,528.96,,,,,,
Meta Ads,ALC - COBASI,6352,10.24,23.0,7.0,2.0,1.0,,
Meta Ads,ALC | Moda Feminina,132624,232.63,1553.0,671.0,253.0,157.0,,
Meta Ads,ALC | Moda masculina,132099,231.87,1837.0,566.0,307.0,203.0,,
Meta Ads,ALC - Lojas - Inauguração/ Gastronomia,130813,231.99,2084.0,728.0,417.0,218.0,,
Meta Ads,ALC - Lojas - Diversão,131044,234.63,,,,,,
Meta Ads,ALC - Inauguração Allmini,138116,250.41,,,,,,
Meta Ads,ALC - Natal Noel Decor,198328,373.15,1216.0,310.0,161.0,101.0,,
Meta Ads,ALC - Feira Pet Out,29098,55.49,,,,,,
Meta Ads,ALC - Torneio de Futebol de Mesa,50876,94.33,,,,,,
Meta Ads,TRAF - PATATIPATATA,3900,23.06,,,,,,
Meta Ads,ALC - NATAL 25,399762,655.76,2337.0,720.0,377.0,255.0,,
Meta Ads,ALC - PATATIPATATA,31312,52.22,,,,,,
Meta Ads,TRAF - NATAL 25,151385,735.08,1023.0,503.0,331.0,144.0,,
Meta Ads,[ALC - Cine Materna],45148,79.99,,,,,,
Meta Ads,ALC - Senhora Farinha,246433,466.66,17103.0,9506.0,3889.0,919.0,,
Meta Ads,ALC - ESQUENTA VOLKSFRIENDS,83714,149.97,,,,,,
Meta Ads,ENG - PET DAY,9744,100.0,289.0,129.0,85.0,63.0,,
Meta Ads,ALC - Cidadania Já,59462,106.68,925.0,350.0,175.0,66.0,,
Meta Ads,Black Friday - NR,496643,1000.0,729.0,212.0,114.0,67.0,,
Meta Ads,ALC - Torneio de Poker - NR,35154,66.84,371.0,98.0,54.0,34.0,,
Meta Ads,ALC - Feirão Regional do Banco Omni,104507,199.98,,,,,,
Meta Ads,ALC - Nova Arezzo,72553,195.82,,,,,,
Meta Ads,ALC- Diário da lancheira,23785,46.77,,,,,,
Meta Ads,ALC - Patrulha Canina,136936,274.34,,,,,,
Meta Ads,ALC - MILENINHA NR,715921,2000.0,16012.0,2618.0,1303.0,622.0,,
Meta Ads,ALC - CHURRAS,42809,88.03,,,,,,
Meta Ads,ENG - CHURRAS NR,2281,72.0,,,,,,
Meta Ads,ALC | Moda Feminina,209249,274.41,2144.0,797.0,338.0,231.0,,
Meta Ads,ALC | Moda masculina,210533,275.62,5455.0,1957.0,1071.0,716.0,,
Meta Ads,ALC - Lojas - Inauguração/ Gastronomia,198359,273.84,2737.0,1030.0,585.0,228.0,,
Meta Ads,ALC - Lojas - Diversão,74410,118.17,,,,,,
Meta Ads,ALC - Natal Noel Decor,119779,202.37,653.0,111.0,61.0,39.0,,
Meta Ads,ALC - NATAL 25,796413,969.43,6425.0,2409.0,1160.0,693.0,,
Meta Ads,TRAF - NATAL 25,206648,911.64,4627.0,2411.0,1588.0,898.0,,
Meta Ads,ALC - Senhora Farinha,116102,191.49,5924.0,3502.0,1294.0,309.0,,
Meta Ads,ALC - Cidadania Já,40390,64.4,511.0,150.0,74.0,26.0,,
Meta Ads,ALC - Torneio de Poker - NR,2859,4.54,31.0,5.0,6.0,4.0,,
Meta Ads,ALC - Nova Arezzo,308549,499.0,3192.0,1094.0,610.0,403.0,,
Meta Ads,ALC- Diário da lancheira,55036,88.87,37.0,8.0,5.0,3.0,,
Meta Ads,ALC - Patrulha Canina,80565,151.33,,,,,,
Meta Ads,ALC - CHURRAS,235636,411.97,1789.0,659.0,379.0,255.0,,
Meta Ads,ENG - CHURRAS NR,8133,177.98,,,,,,
Meta Ads,ALC - Inauguração Brasileirisse,179740,299.96,,,,,,
Meta Ads,ALC - Musical Chapeuzinho,283512,499.99,43.0,21.0,11.0,9.0,,
Meta Ads,ALC - Árvore solidária,61843,107.0,659.0,217.0,74.0,46.0,,
Meta Ads,ALC - Cine Materna,28912,49.93,397.0,178.0,34.0,21.0,,
Meta Ads,ALC - Oficina de Decoupage Mundo Kids,51435,79.96,,,,,,
Meta Ads,ALC - Comedy Show,51913,79.96,6.0,1.0,,,,
Meta Ads,ALC - Avatar 3,55603,79.99,,,,,,
Meta Ads,ALC - Feira do Vinil,98212,149.99,,,,,,
Meta Ads,ALC - Panetone Cacau Show,81061,90.94,2148.0,1135.0,297.0,148.0,,
Meta Ads,ALC | Moda Feminina,299951,308.94,4971.0,1894.0,930.0,628.0,,
Meta Ads,ALC | Moda masculina,298218,308.32,10116.0,3497.0,1949.0,1340.0,,
Meta Ads,ALC - Lojas - Inauguração/ Gastronomia,285745,308.93,3405.0,1235.0,678.0,347.0,,
Meta Ads,ALC - NATAL 25,444870,353.33,8132.0,2925.0,1348.0,815.0,,
Meta Ads,TRAF - NATAL 25,95122,262.23,5497.0,2773.0,1871.0,1198.0,,
Meta Ads,ALC - Nova Arezzo,143040,125.4,1371.0,456.0,268.0,135.0,,
Meta Ads,ALC - Panetone Cacau Show,67818,47.91,1728.0,804.0,237.0,115.0,,
Meta Ads,ALC - Dragões,360013,499.24,,,,,,
Meta Ads,ALC - LIQUIDA 25,1393297,2990.33,38278.0,17233.0,9931.0,6154.0,,
Meta Ads,ALC - VOLTA AS AULAS,234106,352.93,2525.0,945.0,537.0,355.0,,
Meta Ads,ALC - Wow Park,356975,482.22,4233.0,1067.0,510.0,311.0,,
Meta Ads,ALC - PISTA DE PATINAÇAO,434060,597.85,20489.0,7338.0,3733.0,2595.0,,
Meta Ads,ENG - GANHADOR CARRO,21480,99.98,3155.0,2180.0,1313.0,703.0,,
Meta Ads,ALC - Inauguração Freddo Gelateria,241136,307.61,,,,,,
Meta Ads,ALC - Dragões,219430,289.3,1747.0,499.0,277.0,122.0,,
Meta Ads,ALC - Show Kpop,386124,549.89,26158.0,9807.0,5739.0,3289.0,,
Meta Ads,ALC | Moda Feminina,43706,50.82,280.0,129.0,49.0,38.0,,
Meta Ads,ALC | Moda masculina,43107,49.84,1023.0,359.0,192.0,143.0,,
Meta Ads,ALC - Lojas - Inauguração/ Gastronomia,42496,50.41,392.0,151.0,75.0,35.0,,
Meta Ads,ALC - VOLTA AS AULAS,68748,96.92,968.0,346.0,193.0,141.0,,
Meta Ads,ALC - Wow Park,98837,125.91,1125.0,265.0,119.0,63.0,,
Meta Ads,ALC - PISTA DE PATINAÇAO,221829,272.77,2384.0,813.0,396.0,258.0,,
Meta Ads,ALC - Inauguração Freddo Gelateria,130105,151.05,,,,,,
Meta Ads,ALC - Dragões,235106,276.5,1963.0,538.0,293.0,144.0,,
Meta Ads,ALC - A menina da casa mágica,150202,206.83,2676.0,1240.0,693.0,206.0,,
Meta Ads,ALC - Bailinho de Carnaval,96543,126.45,1000.0,479.0,118.0,76.0,,
Meta Ads,ALC - Semana do Cinema Jan 25,80609,102.37,,,,,,
Meta Ads,ALC | Moda Feminina,275140,351.27,4410.0,1704.0,904.0,632.0,,
Meta Ads,ALC | Moda masculina,277609,356.46,9612.0,3397.0,1895.0,1306.0,,
Meta Ads,ALC - Lojas - Inauguração/ Gastronomia,385613,528.54,3917.0,1339.0,691.0,390.0,,
Meta Ads,ALC - VOLTA AS AULAS,33163,50.08,564.0,197.0,126.0,71.0,,
Meta Ads,ALC - Wow Park,423046,573.85,2277.0,618.0,326.0,212.0,,
Meta Ads,ALC - PISTA DE PATINAÇAO,981485,1245.71,9064.0,4249.0,1620.0,965.0,,
Meta Ads,ALC - Inauguração Freddo Gelateria,437720,528.01,3844.0,953.0,553.0,383.0,,
Meta Ads,ALC - Dragões,576854,725.21,5859.0,2064.0,1004.0,548.0,,
Meta Ads,ALC - A menina da casa mágica,65272,93.16,288.0,97.0,53.0,25.0,,
Meta Ads,ALC - Bailinho de Carnaval,273744,373.21,2186.0,936.0,196.0,126.0,,
Meta Ads,ALC - Semana do Cinema Jan 25,153021,197.62,,,,,,
Meta Ads,ALC - Brasileirisse,161152,200.0,1197.0,376.0,190.0,106.0,,
Meta Ads,ALC - Feira de adoção pet,41073,48.37,,,,,,
Meta Ads,ALC - Oficina de RPG,147623,199.87,,,,,,
Meta Ads,ALC - Aventura Congelante,221974,249.56,23244.0,8546.0,3954.0,2355.0,,
Meta Ads,ALC - Encerramento Carnval,92797,109.45,641.0,116.0,64.0,35.0,,
Meta Ads,ALC - Volksfriends,248670,299.97,,,,,,
Meta Ads,ALC - Norte Cafe,61652,79.98,956.0,437.0,133.0,88.0,,
Meta Ads,ALC - Filme Todo mundo em Panico,4,0.0,,,,,,
Meta Ads,ALC - Todo mundo em panico,76874,108.28,977.0,456.0,188.0,135.0,,
Meta Ads,ALC- Massinha Play-Doh,64454,100.0,1515.0,589.0,359.0,178.0,,
Meta Ads,ALC | Moda Feminina,397703,510.86,11994.0,4505.0,2296.0,1528.0,,
Meta Ads,ALC | Moda masculina,344322,443.55,17327.0,6224.0,3392.0,2306.0,,
Meta Ads,ALC - Lojas - Inauguração/ Gastronomia,666849,931.17,5121.0,1557.0,824.0,522.0,,
Meta Ads,ALC - Wow Park,85660,108.95,853.0,216.0,107.0,60.0,,
Meta Ads,ALC - PISTA DE PATINAÇAO,188222,223.78,3186.0,1401.0,481.0,294.0,,
Meta Ads,ALC - Todo mundo em panico,592386,851.72,11083.0,4387.0,2658.0,1692.0,,
Meta Ads,ALC - FitDance Colors,172723,291.65,,,,,,
Meta Ads,ALC- PASSAPORTE ELAS,864427,1998.76,11603.0,2506.0,1475.0,938.0,,
Meta Ads,ALC - Coelho Flock,235198,305.0,,,,,,
Meta Ads,ALC - Fitdance Colors 26,85516,120.0,1279.0,595.0,136.0,86.0,,
Meta Ads,ALC - Semana do Consumidor,169789,300.0,298.0,113.0,54.0,20.0,,
Meta Ads,ALC - Pet Day - Corrida Pet,94969,129.18,,,,,,
Meta Ads,ALC - Show BTS,15003,18.93,,,,,,
Meta Ads,ALC - Pokemon,132188,199.97,1907.0,898.0,233.0,171.0,,
Meta Ads,ALC - Páscoa Cacau Show,134561,187.88,2167.0,676.0,482.0,257.0,,
Meta Ads,ALC - Dia da Pipoca,99051,149.96,,,,,,
Meta Ads,ALC - Torresmo Fest,221276,321.43,1761.0,681.0,393.0,266.0,,
Meta Ads,ALC - ELITE BTS,237286,349.94,,,,,,
Meta Ads,ALC - ANIVERSARIO DE INDAIAL,94462,150.0,1020.0,236.0,98.0,53.0,,
Meta Ads,ALC - Economéqui,90794,124.87,,,,,,
Meta Ads,ALC - Promo Iphone,3667,4.93,,,,,,
Meta Ads,ALC - Crepusculo,3800,4.87,108.0,46.0,14.0,9.0,,
Meta Ads,ALC - Caça aos ovos,10490,19.9,667.0,221.0,119.0,77.0,,
Meta Ads,ALC - Super Mário - Pré-venda Filme,6247,9.34,228.0,81.0,42.0,12.0,,
Meta Ads,TRAF - FRANQUIAS,43651,58.36,,,,,,
Meta Ads,ENG - FRANQUIAS,3846,66.26,,,,,,
Meta Ads,TRAF - FRANQUIAS,890331,1026.46,1.0,,,,,
Meta Ads,ENG - FRANQUIAS,42733,488.51,,,,,,
Meta Ads,ALC - CAMPANHA IPHONE,1359991,2499.92,23462.0,8154.0,4193.0,2250.0,,
Meta Ads,ALC - C&A,137762,154.87,,,,,,
Meta Ads,ALC - Capivalley,1064037,1309.38,3332.0,1347.0,468.0,240.0,,
Meta Ads,ALC - Ações Autismo,283119,308.69,,,,,,
Meta Ads,TRAF - PROMO IPHONE,134422,299.76,5580.0,2432.0,1549.0,977.0,,
Meta Ads,ALC - Parceirão do atacadão,116941,148.23,2137.0,1049.0,685.0,489.0,,
Meta Ads,ALC - Legião urbana Cover,255739,329.44,5709.0,2110.0,710.0,423.0,,
Meta Ads,ALC - Diabo veste prada,168231,228.29,29251.0,9145.0,4263.0,2697.0,,
Meta Ads,ALC - Senhora Farinha,201348,217.41,10760.0,4562.0,2307.0,1639.0,,
Meta Ads,ALC - PROMO MAES 26,84330,123.44,1198.0,329.0,181.0,85.0,,
Meta Ads,TRAF - PROMO MAES 26,18758,100.6,3121.0,1653.0,872.0,385.0,,
Meta Ads,TRAF - FRANQUIAS,0,0.0,,,,,,
Meta Ads,ALC - PROMO MAES 26,165806,213.61,3135.0,911.0,470.0,265.0,,
Meta Ads,TRAF - PROMO MAES 26,27868,150.56,5772.0,2955.0,1700.0,805.0,,
Meta Ads,ALC - Jeep - NATAL 2025,18691,28.51,297.0,91.0,45.0,31.0,,
Meta Ads,ALC - Reels Maya,195069,309.22,239.0,83.0,59.0,30.0,,
Meta Ads,ALC - Natal Aftermovie,98149,155.45,180.0,64.0,33.0,22.0,,
Meta Ads,ALC - Feira de Adoção,11578,18.45,261.0,55.0,32.0,24.0,,
Meta Ads,ALC - Edgar + Rayban,121547,194.83,244.0,88.0,53.0,31.0,,
Meta Ads,ALC - NATAL 25,418676,657.93,9423.0,2562.0,1365.0,898.0,,
Meta Ads,TRAF - NATAL 25,24293,109.39,103.0,50.0,31.0,24.0,,
Meta Ads,ALC - Reels Decoração,126441,194.48,1198.0,413.0,147.0,88.0,,
Meta Ads,ALC - Reels Madô,57735,96.91,748.0,409.0,217.0,36.0,,
Meta Ads,ALC - Aventuras Caninas de Natal,908816,1835.55,7641.0,2866.0,1394.0,990.0,,
Meta Ads,ALC - Mileninha,933162,1999.9,16036.0,6419.0,2677.0,1705.0,,
Meta Ads,ENG - Mileninha,103463,674.89,19521.0,10247.0,6905.0,4688.0,,
Meta Ads,ENG - Aventuras Caninas de Natal,93396,671.27,22980.0,11517.0,8132.0,6343.0,,
Meta Ads,TRAF - NATAL 25,25462,104.75,,,,,,
Meta Ads,ALC - Chapeuzinho vermelho Natal,289488,499.88,2208.0,806.0,458.0,327.0,,
Meta Ads,ALC - Meu vilão favorito,278725,499.9,6499.0,2775.0,1508.0,559.0,,
Meta Ads,ALC - BLACK FRIDAY GS,375932,799.98,24991.0,11068.0,5355.0,3681.0,,
Meta Ads,ALC- Tributo Elton John e Adele,756669,1999.96,7465.0,2505.0,1357.0,864.0,,
Meta Ads,ALC - MUSICAL TEMPO,761705,1999.66,6026.0,2406.0,1034.0,702.0,,
Meta Ads,TRAF - NATAL 25 CLIQUES 02,27140,179.78,113.0,57.0,41.0,30.0,,
Meta Ads,ALC - NATAL 25,1390636,1755.19,17689.0,6707.0,3656.0,2041.0,,
Meta Ads,ALC - BLACK FRIDAY GS,0,0.0,,,,,,
Meta Ads,TRAF - NATAL 25 CLIQUES 02,476032,2006.24,7962.0,5304.0,2972.0,2273.0,,
Meta Ads,ALC - Árvore solidária,250051,373.58,2859.0,1226.0,792.0,581.0,,
Meta Ads,Coral Adventista,222222,349.97,,,,,,
Meta Ads,ALC - Inauguração - Manly,233881,299.97,1350.0,205.0,101.0,66.0,,
Meta Ads,ALC - Encontro Pet com Noel,306820,499.98,425.0,170.0,100.0,68.0,,
Meta Ads,ALC - MODA,457177,549.87,925.0,228.0,128.0,87.0,,
Meta Ads,ALC - Rubens Herbst - Zootopia 2,254049,299.94,150.0,55.0,23.0,14.0,,
Meta Ads,ALC - NATAL 25,729473,580.61,19415.0,7205.0,3884.0,2319.0,,
Meta Ads,TRAF - NATAL 25 CLIQUES 02,186918,638.67,4975.0,2926.0,1768.0,1379.0,,
Meta Ads,ALC - MODA,1012843,1080.36,1845.0,567.0,318.0,213.0,,
Meta Ads,ALC - LIQUIDA,1584267,2991.86,53875.0,21245.0,12518.0,8979.0,,
Meta Ads,ALC - Filme Bob Esponja,214027,249.93,20857.0,6309.0,2939.0,1977.0,,
Meta Ads,ALC - CORRIDA SHOPPING,484843,617.28,5268.0,1668.0,867.0,381.0,,
Meta Ads,ALC - Exposição Legueiros,442938,769.5,3661.0,1265.0,724.0,488.0,,
Meta Ads,ALC - Volta às aulas,146522,194.37,462.0,312.0,56.0,39.0,,
Meta Ads,ALC - MODA,147035,175.46,219.0,72.0,50.0,32.0,,
Meta Ads,ALC - CORRIDA SHOPPING,204839,242.26,2063.0,608.0,322.0,152.0,,
Meta Ads,ALC - Exposição Legueiros,469135,853.85,4359.0,1557.0,864.0,609.0,,
Meta Ads,ALC - Volta às aulas,180133,211.69,393.0,201.0,60.0,37.0,,
Meta Ads,ALC - Bailinho de carnaval e carnapet,72840,103.04,755.0,349.0,222.0,160.0,,
Meta Ads,ALC - Semana do Cinema,22401,30.96,521.0,212.0,117.0,87.0,,
Meta Ads,ALC - MODA,646623,804.48,946.0,335.0,192.0,131.0,,
Meta Ads,ALC - CORRIDA SHOPPING,521813,640.38,5704.0,1694.0,879.0,420.0,,
Meta Ads,ALC - Exposição Legueiros,191265,376.27,1919.0,650.0,341.0,239.0,,
Meta Ads,ALC - Volta às aulas,68084,93.91,135.0,75.0,15.0,9.0,,
Meta Ads,ALC - Bailinho de carnaval e carnapet,260037,396.73,2374.0,1075.0,700.0,523.0,,
Meta Ads,ALC - Semana do Cinema,351657,468.67,5336.0,2238.0,1306.0,986.0,,
Meta Ads,ALC - Retail Experience,73335,81.5,,,,,,
Meta Ads,ALC - Heroinas do Kpop,333889,467.86,,,,,,
Meta Ads,ALC - Benefícios AJFans,173520,227.79,1129.0,641.0,280.0,106.0,,
Meta Ads,ALC - Aniversário Joinville - Atlantida,480280,998.63,10002.0,2874.0,1593.0,996.0,,
Meta Ads,ALC - MODA,82969,93.21,86.0,22.0,12.0,7.0,,
Meta Ads,ALC - Heroinas do Kpop,24510,32.13,,,,,,
Meta Ads,ALC - Benefícios AJFans,338153,402.3,2409.0,1172.0,563.0,226.0,,
Meta Ads,ALC - Aniversário Joinville - Atlantida,0,0.0,,,,,,
Meta Ads,ALC - Exposição Territórios Internos,696088,946.66,5258.0,1329.0,651.0,399.0,,
Meta Ads,ALC - COTTON,713795,974.45,5162.0,1679.0,974.0,518.0,,
Meta Ads,ALC - TODO MUNDO EM PANICO,1044428,1445.91,1516.0,601.0,348.0,174.0,,
Meta Ads,ALC - Últimos eventos do GS,66895,82.49,188.0,121.0,48.0,13.0,,
Meta Ads,ALC - ANIVERSARIO JOINVILLE GARTEN,261527,349.99,,,,,,
Meta Ads,ALC- SEMANA DO CONSUMIDOR,1065400,2496.67,65437.0,24939.0,14057.0,10075.0,,
Meta Ads,ALC - Camiseta Centauro,107397,146.34,1132.0,298.0,163.0,94.0,,
Meta Ads,ALC - PROMO IPHONE,411118,599.49,1.0,,,,,
Meta Ads,ALC - Turma do Coelho,69029,95.76,4502.0,1669.0,942.0,625.0,,
Meta Ads,ALC - Musical - A menina da casa mágica,185003,250.0,5700.0,1879.0,1014.0,643.0,,
Meta Ads,ENG - Panico 7,37269,121.9,1436.0,757.0,544.0,99.0,,
Meta Ads,TRAF - FRANQUIA,5889,37.77,,,,,,
Meta Ads,ENG - FRANQUIAS,653,14.35,,,,,,
Meta Ads,ALC - Camiseta Centauro,96029,102.78,911.0,234.0,111.0,66.0,,
Meta Ads,ALC - PROMO IPHONE,1566282,2400.17,11269.0,3357.0,1539.0,983.0,,
Meta Ads,ENG - Panico 7,7892,23.72,308.0,153.0,104.0,21.0,,
Meta Ads,TRAF - FRANQUIA,152555,491.03,,,,,,
Meta Ads,ENG - FRANQUIAS,32707,482.8,,,,,,
Meta Ads,ALC - ELLAS,511320,499.98,4899.0,2212.0,1049.0,424.0,,
Meta Ads,TRAF - PROMO IPHONE,231594,499.84,4524.0,2090.0,1423.0,596.0,,
Meta Ads,ALC - DINOS,790278,1023.31,106290.0,43994.0,25705.0,17542.0,,
Meta Ads,TRAF - FRANQUIA 02,125578,499.87,,,,,,
Meta Ads,ENG - FRANQUIAS GS,36256,497.77,,,,,,
Meta Ads,ALC - Candlelight,282618,349.41,19483.0,8005.0,4373.0,2941.0,,
Meta Ads,ALC - LOOKS OUTONO,58293,80.23,141.0,63.0,48.0,16.0,,
Meta Ads,ALC - DIABO VESTE PRADA,93431,140.65,2067.0,1049.0,419.0,183.0,,
Meta Ads,ALC - PROMO MAES 26,81039,129.04,1110.0,503.0,188.0,124.0,,
Meta Ads,TRAF - PROMO MAES 26,14808,128.03,738.0,399.0,169.0,115.0,,
Meta Ads,ALC - CINEMA,21482,33.89,26.0,11.0,5.0,3.0,,
Meta Ads,ALC - DINOS,225922,299.57,20512.0,8352.0,4960.0,3343.0,,
Meta Ads,ENG - FRANQUIAS GS,0,0.0,,,,,,
Meta Ads,ALC - LOOKS OUTONO,34980,50.18,66.0,34.0,23.0,7.0,,
Meta Ads,ALC - DIABO VESTE PRADA,174889,234.89,4567.0,2208.0,909.0,381.0,,
Meta Ads,ALC - PROMO MAES 26,154182,214.45,1566.0,670.0,239.0,162.0,,
Meta Ads,TRAF - PROMO MAES 26,23790,214.79,2099.0,1203.0,488.0,301.0,,
Meta Ads,ALC - CINEMA,101684,138.94,125.0,49.0,30.0,13.0,,
Meta Ads,ENG - ALBUM DE FIGURINHAS,6323,20.59,1714.0,1057.0,735.0,542.0,,
Meta Ads,ALC - GIFT GUIDE DIA DAS MAES,43032,65.86,2.0,,,,,
Meta Ads,TRAF- Giftcard,0,0.0,,,,,,
Meta Ads,ALC - Inauguração Ritmi,53117,89.77,212.0,31.0,13.0,7.0,,
Meta Ads,ALC - Loja Crocs,74710,136.96,472.0,251.0,51.0,35.0,,
Meta Ads,ALC - Chilli Beans,30450,52.17,276.0,52.0,34.0,24.0,,
Meta Ads,ALC - Avatim,115504,184.75,219.0,83.0,51.0,34.0,,
Meta Ads,ALC - Chegada Papai Noel - Natal 2025,38478,66.62,759.0,290.0,198.0,139.0,,
Meta Ads,ALC - Casas Maria,102453,174.18,431.0,126.0,67.0,41.0,,
Meta Ads,ALC - LAS LEÑAS,106157,174.18,6690.0,2105.0,1247.0,920.0,,
Meta Ads,ENG - Officina Gelatiera,34173,124.73,4775.0,3436.0,2376.0,1333.0,,
Meta Ads,ALC - PROMO NATAL 25,456918,720.31,24746.0,7550.0,4046.0,2661.0,,
Meta Ads,TRAF - NATAL 25,241156,724.68,27375.0,12799.0,8070.0,5746.0,,
Meta Ads,ALC - LEGOS,267938,459.32,22.0,3.0,1.0,1.0,,
Meta Ads,ALC - Transmissão ao vivo Jogo de Futebol,176003,299.32,5391.0,2341.0,581.0,365.0,,
Meta Ads,ALC- BLACK FRIDAY NS,375997,799.96,6272.0,2818.0,1719.0,1319.0,,
Meta Ads,VISUALIZAÇÕES - BF SORANA,30038,199.92,2775.0,1390.0,883.0,485.0,,
Meta Ads,ENG - Officina Gelatiera,0,0.0,,,,,,
Meta Ads,ALC - PROMO NATAL 25,1290633,1638.77,14056.0,5296.0,2243.0,1230.0,,
Meta Ads,TRAF - NATAL 25,511913,1630.61,33877.0,18332.0,13297.0,7151.0,,
Meta Ads,ALC - LEGOS,383291,540.64,983.0,162.0,86.0,56.0,,
Meta Ads,ALC- BLACK FRIDAY NS,0,0.0,,,,,,
Meta Ads,VISUALIZAÇÕES - BF SORANA,0,0.0,,,,,,
Meta Ads,"ALC - Espetáculo Luz, camera e emoção",206244,349.82,419.0,146.0,80.0,52.0,,
Meta Ads,ENG - Tour fofíssima Natal,117079,599.98,10477.0,4518.0,2903.0,1853.0,,
Meta Ads,ALC - Exposição Legueiros,348840,500.0,6359.0,1880.0,1104.0,615.0,,
Meta Ads,ALC - Panetone,259857,349.98,8183.0,4075.0,2016.0,561.0,,
Meta Ads,ALC - UEBEL,263571,349.98,378.0,131.0,82.0,48.0,,
Meta Ads,ALC - Mana Naspolini - Looks fim de ano,237046,299.96,3486.0,1744.0,262.0,165.0,,
Meta Ads,ALC - Chapeuzinho Vermelho,315847,499.99,,,,,,
Meta Ads,ALC - Mesa Posta Natal 25,100620,149.94,124.0,47.0,25.0,16.0,,
Meta Ads,ALC - Avatar 3,113032,150.0,11501.0,5858.0,3202.0,2161.0,,
Meta Ads,ALC - PROMO NATAL 25,755889,618.57,8823.0,3009.0,1418.0,868.0,,
Meta Ads,TRAF - NATAL 25,166574,513.66,11985.0,5646.0,4853.0,2338.0,,
Meta Ads,ALC - Panetone,0,0.0,,,,,,
Meta Ads,ALC - UEBEL,0,0.0,,,,,,
Meta Ads,ALC - Super ZOO,1097522,1440.28,28768.0,12236.0,7370.0,5117.0,,
Meta Ads,ALC - LIQUIDA 25,1434340,2998.07,46209.0,22224.0,13226.0,7287.0,,
Meta Ads,ALC - Cinema - Bob Esponja Filme,255470,299.9,13450.0,4864.0,2485.0,1765.0,,
Meta Ads,ALC - FÉRIAS JAN 25,541975,686.47,7641.0,2559.0,1344.0,804.0,,
Meta Ads,ALC - VERÃO/LOJAS,395282,490.14,5710.0,2778.0,1635.0,537.0,,
Meta Ads,ALC - ÓCULOS META OAKLEY,373154,482.08,2472.0,510.0,204.0,111.0,,
Meta Ads,ALC - Novidades Cinema GNC,75044,96.89,,,,,,
Meta Ads,ALC - Vortex,49595,66.25,,,,,,
Meta Ads,ALC - Blokinho do Rosa 2025,104791,140.88,4758.0,1955.0,992.0,686.0,,
Meta Ads,ALC - Super ZOO,259536,321.33,4599.0,1543.0,848.0,569.0,,
Meta Ads,ALC - FÉRIAS JAN 25,140174,175.61,1880.0,543.0,295.0,179.0,,
Meta Ads,ALC - VERÃO/LOJAS,104442,125.33,2552.0,1190.0,743.0,260.0,,
Meta Ads,ALC - ÓCULOS META OAKLEY,101132,125.49,651.0,104.0,44.0,29.0,,
Meta Ads,ALC - Novidades Cinema GNC,78263,88.93,78.0,23.0,17.0,11.0,,
Meta Ads,ALC - Vortex,74404,86.56,,,,,,
Meta Ads,ALC - Blokinho do Rosa 2025,121763,149.59,3737.0,1444.0,781.0,543.0,,
Meta Ads,ALC - Carnapet,121816,160.97,1513.0,840.0,126.0,88.0,,
Meta Ads,ALC - Exposição Ambiências,22607,28.3,520.0,204.0,43.0,28.0,,
Meta Ads,ALC - Super ZOO,973017,1238.39,8564.0,2320.0,1292.0,856.0,,
Meta Ads,ALC - FÉRIAS JAN 25,483543,617.67,5961.0,1705.0,804.0,495.0,,
Meta Ads,ALC - VERÃO/LOJAS,412114,504.46,5415.0,2766.0,1597.0,580.0,,
Meta Ads,ALC - ÓCULOS META OAKLEY,343523,441.23,2013.0,356.0,172.0,89.0,,
Meta Ads,ALC - Novidades Cinema GNC,134100,163.87,446.0,148.0,96.0,68.0,,
Meta Ads,ALC - Vortex,285160,343.58,,,,,,
Meta Ads,ALC - Blokinho do Rosa 2025,79881,109.27,622.0,100.0,49.0,25.0,,
Meta Ads,ALC - Carnapet,63111,89.0,780.0,467.0,64.0,38.0,,
Meta Ads,ALC - Exposição Ambiências,122100,148.15,2331.0,1081.0,220.0,154.0,,
Meta Ads,ALC - A Casa de Gaby,245648,299.95,120.0,62.0,42.0,6.0,,
Meta Ads,ALC - Exposição Beatles,160175,185.87,1061.0,187.0,101.0,69.0,,
Meta Ads,ALC - CAPIVALLEY,207346,281.1,31780.0,11611.0,6363.0,4325.0,,
Meta Ads,ALC - Exposição Beatles,191689,221.06,1236.0,251.0,129.0,79.0,,
Meta Ads,ALC - CAPIVALLEY,1137149,1499.79,168134.0,62218.0,36405.0,25094.0,,
Meta Ads,ALC - MISS CRICIUMA,1398032,2000.0,,,,,,
Meta Ads,ALC - Páscoa,2651115,3711.21,17246.0,3901.0,2161.0,1398.0,,
Meta Ads,ALC - MUSICAL O ENCANTO DA NATUREZA,228860,311.12,3870.0,1804.0,438.0,290.0,,
Meta Ads,ALC - DIA DA MULHER - PANDORA,353464,499.11,3243.0,539.0,314.0,197.0,,
Meta Ads,ALC - Promo Iphone,465572,752.83,,,,,,
Meta Ads,ALC - Heroinas do kpop,333634,499.96,,,,,,
Meta Ads,ALC - Diversão no Nações,146498,205.9,,,,,,
Meta Ads,ALC - Aniversario NS,24464,31.32,,,,,,
Meta Ads,ENG - Posts,15224,43.88,2700.0,1515.0,944.0,442.0,,
Meta Ads,ALC - Páscoa,230338,288.78,1703.0,434.0,206.0,141.0,,
Meta Ads,ALC - Promo Iphone,1297790,1747.15,6261.0,1419.0,643.0,381.0,,
Meta Ads,ALC - Diversão no Nações,259048,294.1,,,,,,
Meta Ads,ALC - Aniversario NS,160068,168.68,,,,,,
Meta Ads,ENG - Posts,86955,203.23,13333.0,5686.0,3158.0,1386.0,,
Meta Ads,TRAF - IPHONE,168229,499.83,5008.0,1918.0,1128.0,720.0,,
Meta Ads,ALC - Hello Kitty,269075,349.99,,,,,,
Meta Ads,[ALC - Encontro de Goldens e Labradores],223180,299.87,,,,,,
Meta Ads,ALC - Hello Kitty Parade,92027,128.31,1119.0,326.0,143.0,77.0,,
Meta Ads,ALC - PROMO MAES 26,75888,131.58,132.0,32.0,15.0,9.0,,
Meta Ads,TRAF - PROMO MAES 26,22467,128.1,1128.0,506.0,236.0,137.0,,
Meta Ads,ALC - Hello Kitty Parade,80373,110.6,808.0,228.0,105.0,66.0,,
Meta Ads,ALC - PROMO MAES 26,186397,286.13,1285.0,337.0,141.0,81.0,,
Meta Ads,TRAF - PROMO MAES 26,66910,285.17,2323.0,1019.0,497.0,281.0,,
Meta Ads,ALC - CAMICADO DIA DAS MAES,37967,52.94,467.0,93.0,36.0,23.0,,
TikTok Ads,ALC - Boliche,5563,7.94,242.0,141.0,81.0,56.0,782.0,213.0
TikTok Ads,ALC - Promo mães,0,0.0,0.0,0.0,0.0,0.0,0.0,0.0
TikTok Ads,ALC - Boliche,3441,5.86,128.0,80.0,42.0,32.0,388.0,112.0
TikTok Ads,Alcance - Balde Stich,2048,3.88,40.0,11.0,8.0,6.0,208.0,41.0
TikTok Ads,Alcance - Balde Stich,5016,7.79,196.0,77.0,44.0,20.0,715.0,205.0
TikTok Ads,Alcance - Promo mães,29645,72.45,485.0,214.0,152.0,78.0,3054.0,640.0
TikTok Ads,Alcance - Promo mães,31489,72.78,724.0,341.0,245.0,108.0,4116.0,932.0
TikTok Ads,Alcance - Promo mães,34746,72.64,219.0,90.0,44.0,27.0,2298.0,489.0
TikTok Ads,Alcance - Promo mães,32782,72.48,639.0,294.0,206.0,102.0,3811.0,843.0
TikTok Ads,Alcance - Promo mães,31023,72.85,249.0,82.0,45.0,29.0,2996.0,617.0
TikTok Ads,Reach - show beatles,47206,103.4,1948.0,886.0,498.0,275.0,9368.0,2821.0
TikTok Ads,Reach - show beatles,0,0.0,0.0,0.0,0.0,0.0,0.0,0.0
TikTok Ads,Alcance - Promo mães,33693,72.23,580.0,248.0,176.0,72.0,3557.0,790.0
TikTok Ads,Alcance - Promo mães,0,0.0,0.0,0.0,0.0,0.0,0.0,0.0
TikTok Ads,Alcance - Campanha Namorados,13494,23.71,86.0,39.0,28.0,18.0,593.0,112.0
TikTok Ads,Alcance - Balde Stich,3821,6.98,150.0,60.0,31.0,15.0,516.0,158.0
TikTok Ads,Alcance - Promo mães,28935,72.79,534.0,244.0,165.0,81.0,3364.0,733.0
TikTok Ads,Alcance - Balde Stich,0,0.0,0.0,0.0,0.0,0.0,0.0,0.0
TikTok Ads,ALC - Promo mães,0,0.0,0.0,0.0,0.0,0.0,0.0,0.0
TikTok Ads,Alcance - Me nota Way,0,0.0,0.0,0.0,0.0,0.0,0.0,0.0
TikTok Ads,Alcance - Balde Stich,2136,2.84,68.0,24.0,11.0,5.0,264.0,71.0
TikTok Ads,Alcance - Balde Stich,4122,6.22,92.0,34.0,14.0,8.0,409.0,99.0
TikTok Ads,ALC - Boliche,4605,6.67,147.0,80.0,55.0,31.0,451.0,128.0
TikTok Ads,ALC | St Patricks Festival,0,0.0,0.0,0.0,0.0,0.0,0.0,0.0
TikTok Ads,ALC - Outback ,0,0.0,0.0,0.0,0.0,0.0,0.0,0.0
TikTok Ads,ALC - Boliche,3048,5.37,124.0,66.0,43.0,21.0,368.0,109.0
TikTok Ads,ALC - Boliche,5649,7.66,281.0,172.0,95.0,63.0,811.0,244.0
TikTok Ads,Reach - show beatles,0,0.0,0.0,0.0,0.0,0.0,0.0,0.0
TikTok Ads,Alcance | Dino,0,0.0,0.0,0.0,0.0,0.0,0.0,0.0
TikTok Ads,Alcance - Balde Stich,3056,5.71,68.0,20.0,9.0,3.0,356.0,72.0
TikTok Ads,ALC - Boliche,1,0.0,0.0,0.0,0.0,0.0,0.0,0.0
TikTok Ads,Alcance - Balde Stich,5219,7.67,162.0,53.0,33.0,14.0,635.0,171.0
TikTok Ads,ALC - Boliche,4357,6.79,238.0,148.0,92.0,58.0,686.0,206.0
TikTok Ads,Reach - show beatles,33208,68.36,1681.0,805.0,438.0,246.0,7658.0,2470.0
TikTok Ads,Alcance - Promo mães,31636,72.28,552.0,276.0,186.0,81.0,3420.0,712.0
TikTok Ads,Alcance - Promo mães,0,0.0,0.0,0.0,0.0,0.0,0.0,0.0
TikTok Ads,Alcance - Promo mães,30681,72.87,619.0,276.0,198.0,100.0,4024.0,887.0
TikTok Ads,Alcance - Me nota Way,0,0.0,0.0,0.0,0.0,0.0,0.0,0.0
TikTok Ads,Alcance - Balde Stich,4535,7.63,217.0,80.0,45.0,23.0,681.0,226.0
TikTok Ads,ALC - Boliche,3604,4.92,210.0,126.0,81.0,59.0,566.0,189.0
TikTok Ads,ALC - Boliche,4654,6.31,165.0,86.0,45.0,30.0,530.0,138.0
TikTok Ads,Alcance - Promo mães,28361,72.31,432.0,188.0,133.0,65.0,2712.0,602.0
TikTok Ads,Interação com a comunidade - Panda Cafe,2702,21.7,64.0,34.0,20.0,16.0,466.0,101.0
TikTok Ads,Alcance - Promo mães,30054,72.76,341.0,151.0,91.0,53.0,2850.0,600.0
TikTok Ads,Interação com a comunidade | Conteúdos abr - mai,0,0.0,0.0,0.0,0.0,0.0,0.0,0.0
TikTok Ads,Reach - show beatles,0,0.0,0.0,0.0,0.0,0.0,0.0,0.0
TikTok Ads,Alcance - Promo mães,32278,71.89,243.0,97.0,55.0,38.0,2391.0,517.0
TikTok Ads,ALC - Boliche,3585,6.91,192.0,114.0,69.0,45.0,577.0,164.0
TikTok Ads,ALC - Promo mães,0,0.0,0.0,0.0,0.0,0.0,0.0,0.0
TikTok Ads,Alcance - Balde Stich,4177,7.23,172.0,59.0,37.0,18.0,603.0,178.0
TikTok Ads,Alcance - Promo mães,0,0.0,0.0,0.0,0.0,0.0,0.0,0.0
TikTok Ads,Alcance - Promo mães,31216,71.61,597.0,297.0,224.0,103.0,3652.0,792.0
TikTok Ads,Alcance - Promo mães,29653,72.76,656.0,301.0,206.0,109.0,3973.0,896.0
TikTok Ads,Alcance - Promo mães,32299,71.46,626.0,301.0,208.0,93.0,3771.0,837.0
TikTok Ads,Alcance - Promo mães,28320,72.75,524.0,236.0,156.0,79.0,3556.0,705.0
TikTok Ads,Alcance - Campanha Namorados,24625,47.95,187.0,64.0,36.0,26.0,1147.0,243.0
TikTok Ads,Reach - show beatles,0,0.0,0.0,0.0,0.0,0.0,0.0,0.0
TikTok Ads,Alcance - Promo mães,32374,72.85,255.0,74.0,46.0,28.0,2677.0,557.0
TikTok Ads,Alcance - Promo mães,21995,68.95,501.0,235.0,168.0,84.0,2818.0,641.0
TikTok Ads,Alcance - Balde Stich,3448,5.86,83.0,25.0,11.0,8.0,372.0,90.0
TikTok Ads,Alcance - Balde Stich,5957,8.22,190.0,70.0,31.0,17.0,782.0,201.0
TikTok Ads,Alcance - Promo mães,29770,72.65,825.0,396.0,278.0,125.0,4324.0,951.0
TikTok Ads,ALC - Promo mães,21443,53.41,266.0,125.0,86.0,55.0,1350.0,324.0
TikTok Ads,ALC - Promo mães,0,0.0,0.0,0.0,0.0,0.0,0.0,0.0
TikTok Ads,Alcance - Balde Stich,318,0.51,10.0,3.0,2.0,0.0,29.0,10.0
TikTok Ads,Alcance - Balde Stich,4728,7.53,179.0,47.0,21.0,9.0,660.0,192.0
TikTok Ads,Interação com a comunidade - Panda Cafe,1011,11.31,29.0,14.0,10.0,4.0,167.0,44.0
TikTok Ads,ALC - Boliche,2677,4.7,65.0,37.0,22.0,17.0,246.0,56.0
TikTok Ads,ALC - Boliche,4383,6.57,222.0,118.0,76.0,44.0,707.0,185.0
TikTok Ads,Reach - show beatles,12243,28.24,511.0,237.0,126.0,74.0,2538.0,785.0
TikTok Ads,ALC - Boliche,4111,6.84,145.0,93.0,54.0,41.0,510.0,130.0
TikTok Ads,ALC - Boliche,3745,6.0,148.0,82.0,46.0,32.0,433.0,134.0
TikTok Ads,Alcance - Balde Stich,0,0.0,0.0,0.0,0.0,0.0,0.0,0.0
TikTok Ads,Alcance - Balde Stich,4201,7.21,161.0,55.0,34.0,21.0,571.0,169.0
TikTok Ads,ALC - Boliche,5277,7.52,254.0,145.0,83.0,58.0,701.0,227.0
TikTok Ads,Reach - show beatles,0,0.0,0.0,0.0,0.0,0.0,0.0,0.0
TikTok Ads,Alcance - Promo mães,32800,72.94,671.0,309.0,194.0,80.0,4027.0,889.0
TikTok Ads,ALC - Promo mães,8276,22.01,130.0,61.0,40.0,26.0,561.0,151.0
TikTok Ads,Alcance - Promo mães,28332,72.73,523.0,232.0,160.0,83.0,3471.0,716.0
TikTok Ads,Alcance - Promo mães,36853,72.97,209.0,87.0,43.0,28.0,2113.0,468.0
TikTok Ads,ALC - Promo mães,0,0.0,0.0,0.0,0.0,0.0,0.0,0.0
TikTok Ads,Alcance - Promo mães,0,0.0,0.0,0.0,0.0,0.0,0.0,0.0
TikTok Ads,Alcance - Balde Stich,5642,8.21,194.0,67.0,35.0,17.0,696.0,206.0
TikTok Ads,Alcance - Balde Stich,3877,6.51,113.0,34.0,15.0,9.0,419.0,120.0
TikTok Ads,ALC - Boliche,4284,7.41,254.0,139.0,80.0,50.0,751.0,214.0
TikTok Ads,ALC - Boliche,1390,2.51,40.0,20.0,10.0,5.0,132.0,35.0
TikTok Ads,Alcance - Promo mães,31196,72.87,294.0,137.0,78.0,44.0,2667.0,547.0
TikTok Ads,Alcance - Promo mães,0,0.0,0.0,0.0,0.0,0.0,0.0,0.0
TikTok Ads,Alcance - Promo mães,33008,72.48,683.0,310.0,219.0,95.0,3629.0,882.0
TikTok Ads,Alcance - Menu Mamma Mia,3925,8.13,46.0,12.0,7.0,6.0,266.0,51.0
TikTok Ads,Alcance - Menu Mamma Mia,4706,10.34,54.0,23.0,15.0,8.0,391.0,67.0
TikTok Ads,Alcance - Campanha Namorados,0,0.0,0.0,0.0,0.0,0.0,0.0,0.0
TikTok Ads,ALC - Villa - Vinicius Camilo ,2315,4.95,72.0,35.0,26.0,18.0,272.0,74.0
TikTok Ads,Alcance - Campanha Namorados,21482,48.76,170.0,68.0,42.0,32.0,1219.0,252.0
TikTok Ads,ALC - planet games,4630,7.83,112.0,36.0,14.0,5.0,793.0,236.0
TikTok Ads,ALC - Cafés,4810,13.35,8.0,5.0,3.0,1.0,231.0,51.0
TikTok Ads,Interação com a comunidade - Panda Cafe,983,11.07,23.0,10.0,9.0,6.0,166.0,34.0
TikTok Ads,ALC - Cafés,6725,11.81,30.0,11.0,6.0,2.0,420.0,78.0
TikTok Ads,Alcance - Campanha Namorados,17567,45.48,153.0,65.0,36.0,26.0,1017.0,202.0
TikTok Ads,Interação com a comunidade - Panda Cafe,2157,25.1,53.0,27.0,18.0,13.0,356.0,72.0
TikTok Ads,Alcance - Campanha Namorados,16713,40.36,122.0,54.0,36.0,23.0,869.0,175.0
TikTok Ads,Interação com a comunidade - Panda Cafe,0,0.0,0.0,0.0,0.0,0.0,0.0,0.0
TikTok Ads,Alcance - Menu Mamma Mia,5246,9.83,61.0,27.0,16.0,8.0,384.0,75.0
TikTok Ads,ALC - Cafés,6477,11.23,14.0,6.0,4.0,2.0,380.0,68.0
TikTok Ads,Alcance - Menu Mamma Mia,2578,6.51,22.0,8.0,4.0,2.0,137.0,27.0
TikTok Ads,Alcance - Menu Mamma Mia,0,0.0,0.0,0.0,0.0,0.0,0.0,0.0
TikTok Ads,Alcance - Menu Mamma Mia,4195,9.44,33.0,9.0,5.0,4.0,318.0,38.0
TikTok Ads,Alcance - Menu Mamma Mia,6739,10.72,67.0,22.0,13.0,9.0,552.0,85.0
TikTok Ads,Interação com a comunidade - Panda Cafe,2221,17.78,53.0,25.0,17.0,13.0,346.0,75.0
TikTok Ads,ALC - Cafés,5891,11.23,23.0,8.0,7.0,1.0,404.0,77.0
TikTok Ads,Alcance - Campanha Namorados,19090,46.85,173.0,70.0,35.0,26.0,991.0,224.0
TikTok Ads,ALC - Villa - Vinicius Camilo ,9427,19.44,298.0,171.0,125.0,76.0,1269.0,309.0
TikTok Ads,Alcance - Menu Mamma Mia,2201,5.74,12.0,6.0,5.0,3.0,118.0,19.0
TikTok Ads,Interação com a comunidade - Panda Cafe,1460,14.02,36.0,19.0,13.0,10.0,244.0,52.0
TikTok Ads,Alcance - Menu Mamma Mia,4880,9.82,48.0,18.0,7.0,3.0,358.0,62.0
TikTok Ads,Alcance - Menu Mamma Mia,2907,4.48,22.0,6.0,4.0,3.0,209.0,30.0
TikTok Ads,ALC - planet games,10192,19.71,263.0,86.0,37.0,20.0,1880.0,555.0
TikTok Ads,Alcance - Campanha Namorados,20843,47.76,181.0,73.0,39.0,28.0,1206.0,236.0
TikTok Ads,Alcance - Promo mães,0,0.0,0.0,0.0,0.0,0.0,0.0,0.0
TikTok Ads,Interação com a comunidade - Panda Cafe,790,7.49,22.0,6.0,4.0,1.0,136.0,35.0
TikTok Ads,Alcance - Campanha Namorados,0,0.0,0.0,0.0,0.0,0.0,0.0,0.0
TikTok Ads,Alcance - Menu Mamma Mia,4592,10.13,40.0,19.0,12.0,11.0,361.0,51.0
TikTok Ads,Alcance - Menu Mamma Mia,5631,10.07,57.0,28.0,13.0,9.0,414.0,74.0
TikTok Ads,ALC - Villa - Vinicius Camilo ,5144,8.22,166.0,87.0,56.0,39.0,653.0,173.0
TikTok Ads,ALC - Cafés,5137,13.13,19.0,5.0,2.0,1.0,278.0,62.0
TikTok Ads,Alcance - Menu Mamma Mia,1084,2.96,7.0,4.0,3.0,2.0,67.0,8.0
TikTok Ads,Alcance - Menu Mamma Mia,4498,9.45,54.0,19.0,14.0,10.0,366.0,62.0
TikTok Ads,ALC - Villa - Vinicius Camilo ,9822,19.34,295.0,166.0,117.0,68.0,1355.0,311.0
TikTok Ads,Alcance - Menu Mamma Mia,6668,10.46,72.0,19.0,9.0,4.0,489.0,88.0
TikTok Ads,Alcance - Campanha Namorados,17842,43.48,125.0,38.0,22.0,16.0,907.0,185.0
TikTok Ads,ALC - Cafés,5555,11.45,22.0,6.0,2.0,0.0,382.0,82.0
TikTok Ads,Interação com a comunidade - Panda Cafe,2507,20.97,59.0,27.0,16.0,11.0,408.0,100.0
TikTok Ads,Alcance - Campanha Namorados,6518,15.48,51.0,23.0,11.0,6.0,303.0,72.0
TikTok Ads,ALC - planet games,9489,19.21,290.0,94.0,37.0,19.0,1817.0,556.0
TikTok Ads,Alcance - Campanha Namorados,0,0.0,0.0,0.0,0.0,0.0,0.0,0.0
TikTok Ads,Interação com a comunidade - Panda Cafe,1770,18.31,52.0,23.0,14.0,11.0,277.0,71.0
TikTok Ads,Alcance - Campanha Namorados,19030,47.28,168.0,65.0,30.0,21.0,1031.0,219.0
TikTok Ads,ALC - Villa - Vinicius Camilo ,4481,7.74,145.0,74.0,54.0,24.0,563.0,156.0
TikTok Ads,Alcance - Menu Mamma Mia,5034,9.85,53.0,24.0,14.0,6.0,396.0,72.0
TikTok Ads,ALC - Cafés,5208,13.22,16.0,7.0,3.0,2.0,319.0,66.0
TikTok Ads,Alcance - Menu Mamma Mia,4016,8.74,27.0,17.0,12.0,10.0,265.0,38.0
TikTok Ads,Traffic - Natal 2,0,0.0,0.0,0.0,0.0,0.0,0.0,0.0
TikTok Ads,Alcance - Menu Mamma Mia,3387,7.51,28.0,9.0,5.0,4.0,224.0,37.0
TikTok Ads,Alcance - Menu Mamma Mia,5364,10.99,60.0,28.0,19.0,8.0,429.0,76.0
TikTok Ads,ALC - planet games,5151,8.18,125.0,37.0,18.0,11.0,889.0,257.0
TikTok Ads,Interação com a comunidade - Panda Cafe,736,6.98,10.0,4.0,2.0,1.0,127.0,20.0
TikTok Ads,ALC - Cafés,1892,4.92,4.0,3.0,0.0,0.0,97.0,17.0
TikTok Ads,Alcance - Campanha Namorados,0,0.0,0.0,0.0,0.0,0.0,0.0,0.0
TikTok Ads,Alcance - Campanha Namorados,22032,49.93,147.0,52.0,25.0,18.0,1085.0,207.0
TikTok Ads,ALC - planet games,8416,16.68,233.0,85.0,35.0,27.0,1576.0,480.0
TikTok Ads,Interação com a comunidade - Panda Cafe,0,0.0,0.0,0.0,0.0,0.0,0.0,0.0
TikTok Ads,Interação com a comunidade - Panda Cafe,2535,21.83,53.0,25.0,15.0,7.0,462.0,92.0
TikTok Ads,Alcance - Menu Mamma Mia,3819,8.32,33.0,9.0,6.0,3.0,229.0,45.0
TikTok Ads,Alcance - Menu Mamma Mia,4852,9.6,45.0,13.0,5.0,3.0,449.0,64.0
TikTok Ads,ALC - Villa - Vinicius Camilo ,8433,16.99,306.0,167.0,120.0,75.0,1162.0,315.0
TikTok Ads,ALC - planet games,2402,5.13,56.0,22.0,11.0,7.0,412.0,126.0
TikTok Ads,Interação com a comunidade - Panda Cafe,2072,18.91,58.0,26.0,15.0,10.0,336.0,88.0
TikTok Ads,Alcance - Campanha Namorados,17698,42.75,118.0,44.0,26.0,17.0,838.0,157.0
TikTok Ads,Alcance - Menu Mamma Mia,2885,6.99,25.0,9.0,7.0,4.0,201.0,33.0
TikTok Ads,Alcance - Menu Mamma Mia,5353,10.47,43.0,14.0,6.0,3.0,376.0,54.0
TikTok Ads,ALC - Cafés,6159,11.98,19.0,8.0,4.0,3.0,399.0,71.0
TikTok Ads,ALC - Cafés ,5659,10.93,62.0,30.0,20.0,8.0,643.0,197.0
TikTok Ads,Alcance - Copo smurf ,3604,6.82,13.0,5.0,2.0,1.0,191.0,28.0
TikTok Ads,ALC -  tendência athleisure ,261,0.51,0.0,0.0,0.0,0.0,13.0,2.0
TikTok Ads,ALC - planet games,8301,16.81,113.0,39.0,19.0,11.0,1294.0,249.0
TikTok Ads,ALC - Cafés,0,0.0,0.0,0.0,0.0,0.0,0.0,0.0
TikTok Ads,ALC - Villa - Vinicius Camilo ,8206,17.25,185.0,101.0,72.0,52.0,933.0,195.0
TikTok Ads,ALC - Cafés,5816,11.09,18.0,7.0,3.0,1.0,350.0,68.0
TikTok Ads,Alcance - Copo smurf ,2817,5.84,19.0,8.0,2.0,0.0,160.0,31.0
TikTok Ads,ALC -  tendência athleisure ,5382,10.71,14.0,6.0,3.0,2.0,333.0,63.0
TikTok Ads,ALC - planet games,5820,11.52,55.0,14.0,7.0,7.0,748.0,137.0
TikTok Ads,ALC - planet games,8982,18.29,232.0,79.0,33.0,19.0,1661.0,492.0
TikTok Ads,Interação com a comunidade - Festa junina pet,1186,12.05,67.0,34.0,23.0,16.0,337.0,85.0
TikTok Ads,ALC - Villa - Vinicius Camilo ,10061,19.52,264.0,144.0,96.0,55.0,1162.0,275.0
TikTok Ads,Alcance - Copo smurf ,5998,12.16,47.0,16.0,7.0,3.0,357.0,71.0
TikTok Ads,ALC - Villa - Vinicius Camilo ,6110,13.36,129.0,60.0,36.0,20.0,622.0,143.0
TikTok Ads,ALC - Cafés ,7546,16.19,84.0,51.0,32.0,18.0,1073.0,269.0
TikTok Ads,ALC - Cafés ,9760,21.82,121.0,67.0,47.0,23.0,1373.0,388.0
TikTok Ads,ALC - planet games,8732,18.42,168.0,56.0,28.0,12.0,1530.0,363.0
TikTok Ads,ALC - Conteúdos  de Julho/Ago ,5891,11.68,29.0,10.0,5.0,4.0,305.0,49.0
TikTok Ads,ALC -  tendência athleisure ,6200,12.31,24.0,8.0,3.0,0.0,430.0,92.0
TikTok Ads,Alcance - Tres porquinhos ,0,0.0,0.0,0.0,0.0,0.0,0.0,0.0
TikTok Ads,Alcance - Copo Stitch ,10353,20.28,500.0,199.0,116.0,59.0,2095.0,658.0
TikTok Ads,ALC - Cafés,6197,10.68,18.0,10.0,5.0,2.0,353.0,80.0
TikTok Ads,ALC -  tendência athleisure ,5015,10.47,4.0,1.0,1.0,0.0,288.0,52.0
TikTok Ads,Alcance - Copo smurf ,384,0.77,3.0,1.0,0.0,0.0,34.0,6.0
TikTok Ads,ALC - planet games,9554,18.34,221.0,90.0,41.0,20.0,1806.0,462.0
TikTok Ads,ALC - Cafés ,6690,14.33,72.0,36.0,24.0,11.0,850.0,214.0
TikTok Ads,Interação com a comunidade - Festa junina pet,172,2.49,13.0,6.0,4.0,2.0,54.0,14.0
TikTok Ads,ALC - planet games,6162,12.31,76.0,29.0,14.0,8.0,769.0,176.0
TikTok Ads,ALC - Villa - Vinicius Camilo ,0,0.0,0.0,0.0,0.0,0.0,0.0,0.0
TikTok Ads,ALC - Villa - Vinicius Camilo ,10019,18.94,211.0,105.0,70.0,39.0,976.0,220.0
TikTok Ads,ALC - Villa - Vinicius Camilo ,6075,12.21,117.0,63.0,44.0,36.0,508.0,121.0
TikTok Ads,ALC -  tendência athleisure ,6005,12.1,17.0,4.0,2.0,2.0,390.0,84.0
TikTok Ads,ALC - Villa - Vinicius Camilo ,9639,18.85,232.0,119.0,88.0,47.0,1145.0,243.0
TikTok Ads,Alcance - Tres porquinhos ,6809,16.14,204.0,91.0,55.0,38.0,774.0,202.0
TikTok Ads,Interação com a comunidade - Festa junina pet,701,6.77,31.0,13.0,9.0,4.0,187.0,38.0
TikTok Ads,ALC - planet games,9003,17.91,126.0,37.0,15.0,11.0,1374.0,294.0
TikTok Ads,Alcance - Copo smurf ,6656,12.83,53.0,17.0,7.0,4.0,362.0,73.0
TikTok Ads,Alcance - Copo Stitch ,5862,12.48,298.0,119.0,70.0,31.0,1186.0,415.0
TikTok Ads,ALC - Cafés ,10839,23.28,101.0,53.0,32.0,17.0,1299.0,355.0
TikTok Ads,ALC - Villa - Vinicius Camilo ,9002,17.74,185.0,95.0,63.0,42.0,838.0,193.0
TikTok Ads,ALC - Cafés ,9908,21.41,154.0,86.0,48.0,18.0,1417.0,396.0
TikTok Ads,ALC - Conteúdos  de Julho/Ago ,10594,19.99,69.0,28.0,19.0,12.0,663.0,139.0
TikTok Ads,Alcance - Copo smurf ,5836,11.78,53.0,22.0,7.0,6.0,419.0,91.0
TikTok Ads,ALC - planet games,8480,18.05,206.0,58.0,25.0,12.0,1531.0,389.0
TikTok Ads,ALC - Villa - Vinicius Camilo ,6956,15.53,154.0,84.0,53.0,34.0,706.0,157.0
TikTok Ads,Alcance - Tres porquinhos ,0,0.0,0.0,0.0,0.0,0.0,0.0,0.0
TikTok Ads,Interação com a comunidade - Festa junina pet,1488,16.69,93.0,47.0,29.0,21.0,402.0,108.0
TikTok Ads,ALC - Cafés,2482,5.19,15.0,3.0,1.0,0.0,164.0,34.0
TikTok Ads,Alcance - Copo smurf ,0,0.0,0.0,0.0,0.0,0.0,0.0,0.0
TikTok Ads,ALC -  tendência athleisure ,3615,7.57,5.0,4.0,2.0,2.0,234.0,45.0
TikTok Ads,ALC - planet games,7852,16.72,130.0,44.0,22.0,8.0,1259.0,281.0
TikTok Ads,ALC - Villa - Vinicius Camilo ,9027,18.18,240.0,115.0,83.0,51.0,1080.0,249.0
TikTok Ads,ALC - Cafés,5223,10.7,24.0,11.0,8.0,4.0,365.0,82.0
TikTok Ads,Alcance - Copo smurf ,3650,7.56,17.0,5.0,3.0,2.0,216.0,31.0
TikTok Ads,ALC - Cafés ,0,0.0,0.0,0.0,0.0,0.0,0.0,0.0
TikTok Ads,ALC - Villa - Vinicius Camilo ,0,0.0,0.0,0.0,0.0,0.0,0.0,0.0
TikTok Ads,ALC - Cafés ,8740,18.99,95.0,52.0,35.0,14.0,1122.0,289.0
TikTok Ads,Interação com a comunidade - Festa junina pet,719,6.96,28.0,20.0,13.0,12.0,178.0,36.0
TikTok Ads,ALC - planet games,561,1.28,6.0,1.0,0.0,0.0,57.0,12.0
TikTok Ads,ALC -  tendência athleisure ,5418,11.59,16.0,6.0,2.0,2.0,408.0,84.0
TikTok Ads,ALC - planet games,9147,18.51,196.0,73.0,27.0,15.0,1667.0,403.0
TikTok Ads,ALC - Cafés,0,0.0,0.0,0.0,0.0,0.0,0.0,0.0
TikTok Ads,ALC -  tendência athleisure ,2347,4.89,10.0,2.0,1.0,0.0,145.0,22.0
TikTok Ads,ALC - planet games,8073,16.98,133.0,52.0,26.0,14.0,1311.0,303.0
TikTok Ads,ALC - Villa - Vinicius Camilo ,8280,18.37,202.0,110.0,80.0,47.0,973.0,215.0
TikTok Ads,ALC - Villa - Vinicius Camilo ,9136,18.07,248.0,128.0,93.0,59.0,1114.0,266.0
TikTok Ads,ALC -  tendência athleisure ,5586,11.44,17.0,7.0,5.0,2.0,363.0,83.0
TikTok Ads,Interação com a comunidade - Festa junina pet,547,5.58,26.0,8.0,6.0,4.0,161.0,32.0
TikTok Ads,ALC - planet games,4143,8.82,48.0,15.0,7.0,1.0,543.0,107.0
TikTok Ads,ALC - planet games,8917,18.42,197.0,56.0,29.0,13.0,1606.0,437.0
TikTok Ads,Alcance - Copo smurf ,5735,12.21,49.0,17.0,8.0,5.0,345.0,79.0
TikTok Ads,ALC - Cafés ,7973,16.93,94.0,54.0,35.0,14.0,1036.0,278.0
TikTok Ads,Interação com a comunidade - Festa junina pet,1422,13.53,79.0,39.0,24.0,17.0,422.0,103.0
TikTok Ads,ALC -  tendência athleisure ,3175,6.3,6.0,2.0,0.0,0.0,206.0,32.0
TikTok Ads,ALC - Villa - Vinicius Camilo ,6571,15.05,134.0,68.0,35.0,20.0,636.0,141.0
TikTok Ads,ALC - Villa - Vinicius Camilo ,9816,19.31,331.0,170.0,117.0,78.0,1333.0,360.0
TikTok Ads,ALC - Cafés ,8714,19.69,88.0,43.0,26.0,15.0,1129.0,277.0
TikTok Ads,ALC -  tendência athleisure ,5485,11.08,16.0,7.0,5.0,2.0,404.0,82.0
TikTok Ads,ALC - planet games,9462,18.39,272.0,94.0,39.0,21.0,1866.0,530.0
TikTok Ads,Alcance - Copo smurf ,4878,10.5,36.0,9.0,4.0,2.0,304.0,57.0
TikTok Ads,ALC - Villa - Vinicius Camilo ,3952,8.42,58.0,22.0,12.0,8.0,290.0,62.0
TikTok Ads,Interação com a comunidade - Festa junina pet,596,5.47,44.0,24.0,14.0,11.0,160.0,50.0
TikTok Ads,ALC - Villa - Vinicius Camilo ,8968,18.88,284.0,156.0,104.0,63.0,1176.0,294.0
TikTok Ads,ALC - Cafés,5681,10.98,20.0,11.0,8.0,2.0,383.0,72.0
TikTok Ads,Alcance - Tres porquinhos ,0,0.0,0.0,0.0,0.0,0.0,0.0,0.0
TikTok Ads,ALC -  tendência athleisure ,0,0.0,0.0,0.0,0.0,0.0,0.0,0.0
TikTok Ads,Alcance - Copo smurf ,6630,13.33,39.0,17.0,7.0,3.0,414.0,76.0
TikTok Ads,ALC - planet games,8452,18.14,165.0,51.0,24.0,10.0,1466.0,366.0
TikTok Ads,Alcance - Copo Stitch ,9470,18.38,467.0,190.0,109.0,65.0,2130.0,636.0
TikTok Ads,ALC - Conteúdos  de Julho/Ago ,10507,19.28,49.0,24.0,16.0,7.0,690.0,120.0
TikTok Ads,ALC - Villa - Vinicius Camilo ,8206,17.99,185.0,85.0,62.0,41.0,898.0,196.0
TikTok Ads,ALC - Cafés,5110,10.29,16.0,9.0,5.0,3.0,328.0,63.0
TikTok Ads,ALC - Cafés ,10748,22.73,132.0,60.0,37.0,19.0,1494.0,365.0
TikTok Ads,ALC - Cafés ,0,0.0,0.0,0.0,0.0,0.0,0.0,0.0
TikTok Ads,Interação com a comunidade - Festa junina pet,104,1.77,7.0,4.0,3.0,1.0,32.0,9.0
TikTok Ads,ALC - planet games,6736,15.32,120.0,38.0,20.0,14.0,1130.0,264.0
TikTok Ads,ALC -  tendência athleisure ,4596,9.53,13.0,3.0,3.0,1.0,303.0,71.0
TikTok Ads,ALC - planet games,10143,19.69,288.0,86.0,36.0,20.0,2023.0,610.0
TikTok Ads,Alcance - Tres porquinhos ,0,0.0,0.0,0.0,0.0,0.0,0.0,0.0
TikTok Ads,Alcance - Copo smurf ,6365,12.62,61.0,19.0,7.0,5.0,449.0,94.0
TikTok Ads,Alcance - Copo Stitch ,10564,19.67,549.0,212.0,132.0,67.0,2263.0,736.0
TikTok Ads,Interação com a comunidade - Festa junina pet,1493,13.77,100.0,59.0,49.0,34.0,440.0,118.0
TikTok Ads,ALC - planet games,8415,18.27,172.0,64.0,28.0,14.0,1546.0,366.0
TikTok Ads,ALC - Villa - Vinicius Camilo ,7637,16.4,151.0,68.0,45.0,24.0,761.0,161.0
TikTok Ads,ALC - Cafés ,10770,22.39,141.0,71.0,47.0,21.0,1576.0,444.0
TikTok Ads,ALC - Conteúdos  de Julho/Ago ,10685,20.08,61.0,26.0,12.0,7.0,664.0,133.0
TikTok Ads,ALC - Villa - Vinicius Camilo ,8269,18.24,194.0,97.0,67.0,45.0,863.0,201.0
TikTok Ads,ALC -  tendência athleisure ,3862,8.08,10.0,4.0,2.0,2.0,272.0,57.0
TikTok Ads,ALC - planet games,7137,15.78,105.0,51.0,23.0,9.0,1091.0,252.0
TikTok Ads,Alcance - Copo smurf ,4463,9.19,26.0,10.0,3.0,3.0,276.0,50.0
TikTok Ads,ALC - Cafés ,0,0.0,0.0,0.0,0.0,0.0,0.0,0.0
TikTok Ads,Interação com a comunidade - Festa junina pet,621,6.72,43.0,17.0,13.0,8.0,175.0,50.0
TikTok Ads,ALC - Cafés,5357,10.88,29.0,13.0,6.0,3.0,368.0,73.0
TikTok Ads,ALC - Villa - Vinicius Camilo ,541,1.24,5.0,2.0,2.0,1.0,47.0,5.0
TikTok Ads,ALC - Villa - Vinicius Camilo ,9156,19.15,238.0,107.0,71.0,44.0,1031.0,252.0
TikTok Ads,ALC - Cafés ,1900,4.23,11.0,7.0,6.0,3.0,190.0,53.0
TikTok Ads,ALC - planet games,6498,14.15,112.0,42.0,23.0,13.0,1078.0,256.0
TikTok Ads,ALC -  tendência athleisure ,4567,9.91,13.0,7.0,4.0,2.0,278.0,69.0
TikTok Ads,ALC - planet games,10052,19.28,229.0,82.0,38.0,21.0,1835.0,493.0
TikTok Ads,Alcance - Copo smurf ,0,0.0,0.0,0.0,0.0,0.0,0.0,0.0
TikTok Ads,ALC - Villa - Vinicius Camilo ,8976,18.16,162.0,73.0,44.0,34.0,835.0,172.0
TikTok Ads,ALC - Cafés,6099,10.39,19.0,8.0,4.0,0.0,362.0,76.0
TikTok Ads,Alcance - Copo Stitch ,10520,20.18,537.0,216.0,133.0,63.0,2131.0,699.0
TikTok Ads,Interação com a comunidade - Festa junina pet,137,1.31,12.0,8.0,5.0,4.0,32.0,13.0
TikTok Ads,Alcance - Tres porquinhos ,31891,76.97,792.0,361.0,238.0,138.0,3182.0,784.0
TikTok Ads,ALC - Cafés,6724,11.52,29.0,10.0,4.0,1.0,408.0,84.0
TikTok Ads,ALC -  tendência athleisure ,5922,12.0,13.0,6.0,3.0,1.0,418.0,80.0
TikTok Ads,ALC - planet games,10043,18.79,167.0,60.0,25.0,12.0,1595.0,380.0
TikTok Ads,ALC - planet games,0,0.0,0.0,0.0,0.0,0.0,0.0,0.0
TikTok Ads,Alcance - Copo smurf ,5333,10.34,30.0,15.0,8.0,5.0,261.0,48.0
TikTok Ads,Interação com a comunidade - Festa junina pet,469,6.63,35.0,16.0,14.0,10.0,141.0,44.0
TikTok Ads,Alcance - Copo smurf ,6569,13.12,49.0,21.0,11.0,6.0,397.0,76.0
TikTok Ads,ALC - Villa - Vinicius Camilo ,8191,16.77,111.0,47.0,33.0,17.0,673.0,120.0
TikTok Ads,ALC - Cafés ,10013,20.62,93.0,46.0,24.0,13.0,1272.0,327.0
TikTok Ads,ALC -  tendência athleisure ,0,0.0,0.0,0.0,0.0,0.0,0.0,0.0
TikTok Ads,ALC - Cafés ,11330,22.75,167.0,95.0,60.0,21.0,1554.0,454.0
TikTok Ads,ALC - planet games,8981,17.36,153.0,56.0,27.0,16.0,1475.0,341.0
TikTok Ads,ALC - Cafés,5977,11.12,19.0,7.0,1.0,1.0,364.0,68.0
TikTok Ads,ALC -  tendência athleisure ,5801,11.51,16.0,7.0,3.0,1.0,455.0,90.0
TikTok Ads,Alcance - Copo smurf ,5264,10.92,33.0,14.0,10.0,4.0,293.0,66.0
TikTok Ads,ALC - planet games,0,0.0,0.0,0.0,0.0,0.0,0.0,0.0
TikTok Ads,Alcance - Promo mães,0,0.0,0.0,0.0,0.0,0.0,0.0,0.0
TikTok Ads,ALC - Villa - Vinicius Camilo ,8846,18.38,256.0,136.0,88.0,54.0,1140.0,266.0
TikTok Ads,ALC - Cafés ,9411,20.49,95.0,41.0,28.0,10.0,1191.0,312.0
TikTok Ads,Interação com a comunidade - Festa junina pet,761,7.27,38.0,23.0,16.0,13.0,192.0,45.0
TikTok Ads,ALC - planet games,9314,17.79,242.0,90.0,38.0,21.0,1845.0,522.0
TikTok Ads,ALC - Villa - Vinicius Camilo ,5904,11.8,90.0,33.0,18.0,8.0,463.0,96.0
TikTok Ads,Alcance - Tres porquinhos ,24196,56.89,576.0,250.0,133.0,76.0,2372.0,565.0
TikTok Ads,ALC - Villa - Vinicius Camilo ,7949,16.9,174.0,75.0,56.0,32.0,784.0,180.0
TikTok Ads,Interação com a comunidade - Festa junina pet,1040,11.28,73.0,42.0,31.0,27.0,332.0,87.0
TikTok Ads,ALC - planet games,8564,17.9,208.0,63.0,32.0,19.0,1603.0,420.0
TikTok Ads,ALC - Conteúdos  de Julho/Ago ,10002,19.03,71.0,33.0,22.0,13.0,716.0,144.0
TikTok Ads,Interação com a comunidade - Festa junina pet,94,1.39,5.0,3.0,2.0,1.0,23.0,5.0
TikTok Ads,ALC - Villa - Vinicius Camilo ,8603,18.58,188.0,88.0,60.0,34.0,906.0,205.0
TikTok Ads,ALC - Cafés ,10963,23.21,158.0,79.0,56.0,30.0,1509.0,408.0
TikTok Ads,ALC - Cafés,5722,10.37,14.0,5.0,3.0,2.0,345.0,68.0
TikTok Ads,ALC - Conteúdos  de Julho/Ago ,4971,11.57,26.0,13.0,9.0,6.0,333.0,62.0
TikTok Ads,ALC - Conteúdos  de Julho/Ago ,8732,18.16,53.0,23.0,12.0,4.0,537.0,108.0
TikTok Ads,Alcance - Copo Stitch ,5354,13.16,140.0,49.0,38.0,21.0,812.0,206.0
TikTok Ads,ALC - Conteúdos  de Julho/Ago ,8448,18.68,54.0,20.0,15.0,6.0,577.0,108.0
TikTok Ads,Alcance - Copo Stitch ,8164,16.4,239.0,96.0,64.0,36.0,1122.0,304.0
TikTok Ads,Alcance - Copo Stitch ,8992,18.76,238.0,101.0,66.0,35.0,1348.0,316.0
TikTok Ads,Alcance - Conteúdos Ago/Set ,19748,44.6,328.0,112.0,57.0,30.0,2435.0,636.0
TikTok Ads,Alcance - Conteúdos Ago/Set ,18475,42.37,435.0,165.0,81.0,36.0,2906.0,775.0
TikTok Ads,Alcance - Copo Stitch ,8978,17.48,201.0,74.0,43.0,26.0,1177.0,272.0
TikTok Ads,NSpromopais24,0,0.0,0.0,0.0,0.0,0.0,0.0,0.0
TikTok Ads,Alcance - Copo Stitch ,6338,13.29,111.0,47.0,32.0,17.0,764.0,145.0
TikTok Ads,Alcance - Copo Stitch ,0,0.0,0.0,0.0,0.0,0.0,0.0,0.0
TikTok Ads,ALC - Conteúdos  de Julho/Ago ,0,0.0,0.0,0.0,0.0,0.0,0.0,0.0
TikTok Ads,ALC - Conteúdos  de Julho/Ago ,6604,14.9,32.0,14.0,7.0,3.0,431.0,72.0
TikTok Ads,ALC - Conteúdos  de Julho/Ago ,8482,17.68,55.0,23.0,14.0,9.0,553.0,107.0
TikTok Ads,ALC - Conteúdos  de Julho/Ago ,0,0.0,0.0,0.0,0.0,0.0,0.0,0.0
TikTok Ads,ALC - Conteúdos  de Julho/Ago ,7046,16.46,48.0,19.0,13.0,8.0,507.0,95.0
TikTok Ads,ALC - Conteúdos  de Julho/Ago ,9143,18.7,46.0,17.0,12.0,6.0,566.0,108.0
TikTok Ads,Alcance - Copo Stitch ,8514,17.51,298.0,110.0,61.0,30.0,1391.0,402.0
TikTok Ads,Alcance - Copo Stitch ,504,1.0,12.0,6.0,5.0,2.0,49.0,16.0
TikTok Ads,Alcance - Copo Stitch ,6778,15.15,149.0,47.0,30.0,15.0,790.0,198.0
TikTok Ads,Alcance - Copo Stitch ,6356,14.45,158.0,64.0,41.0,20.0,788.0,222.0
TikTok Ads,Alcance - Copo Stitch ,8468,17.59,316.0,123.0,77.0,43.0,1547.0,433.0
TikTok Ads,Alcance - Copo Stitch ,0,0.0,0.0,0.0,0.0,0.0,0.0,0.0
TikTok Ads,ALC - Conteúdos  de Julho/Ago ,6350,14.6,32.0,10.0,7.0,5.0,402.0,79.0
TikTok Ads,ALC - Conteúdos  de Julho/Ago ,0,0.0,0.0,0.0,0.0,0.0,0.0,0.0
TikTok Ads,ALC - Conteúdos  de Julho/Ago ,8349,17.65,61.0,22.0,14.0,8.0,550.0,117.0
TikTok Ads,Alcance - Conteúdos Ago/Set ,14069,30.99,174.0,69.0,39.0,22.0,1436.0,333.0
TikTok Ads,ALC - Conteúdos  de Julho/Ago ,1479,3.09,5.0,0.0,0.0,0.0,80.0,13.0
TikTok Ads,ALC - Conteúdos  de Julho/Ago ,7296,16.51,49.0,25.0,14.0,8.0,515.0,99.0
TikTok Ads,Alcance - Copo Stitch ,3943,8.64,55.0,25.0,18.0,8.0,348.0,78.0
TikTok Ads,Alcance - Copo Stitch ,6726,15.85,210.0,73.0,43.0,26.0,1140.0,303.0
TikTok Ads,Alcance - Copo Stitch ,8929,18.39,254.0,101.0,68.0,38.0,1320.0,362.0
TikTok Ads,ALC - Conteúdos  de Julho/Ago ,8689,18.71,44.0,23.0,14.0,6.0,525.0,114.0
TikTok Ads,ALC - Conteúdos  de Julho/Ago ,0,0.0,0.0,0.0,0.0,0.0,0.0,0.0
TikTok Ads,Alcance - Conteúdos Ago/Set ,21227,42.03,437.0,167.0,88.0,47.0,3089.0,834.0
TikTok Ads,ALC - Conteúdos  de Julho/Ago ,7081,15.26,31.0,9.0,7.0,5.0,431.0,73.0
TikTok Ads,ALC - Conteúdos  de Julho/Ago ,8426,17.08,46.0,17.0,11.0,6.0,552.0,105.0
TikTok Ads,Alcance - Promo mães,0,0.0,0.0,0.0,0.0,0.0,0.0,0.0
TikTok Ads,Alcance - Copo Stitch ,0,0.0,0.0,0.0,0.0,0.0,0.0,0.0
TikTok Ads,Alcance - Copo Stitch ,6155,14.36,141.0,60.0,37.0,23.0,715.0,179.0
TikTok Ads,Alcance - Copo Stitch ,8337,17.67,296.0,115.0,80.0,46.0,1441.0,409.0
TikTok Ads,Alcance - Copo Stitch ,7226,16.37,217.0,91.0,56.0,31.0,1176.0,312.0
TikTok Ads,Alcance - Copo Stitch ,8701,18.86,284.0,101.0,55.0,32.0,1312.0,375.0
TikTok Ads,Alcance - Copo Stitch ,5270,12.04,65.0,24.0,18.0,12.0,467.0,90.0
TikTok Ads,ALC - Conteúdos  de Julho/Ago ,5644,12.37,42.0,11.0,8.0,6.0,362.0,67.0
TikTok Ads,ALC - Conteúdos  de Julho/Ago ,7502,16.05,36.0,17.0,13.0,11.0,473.0,79.0
TikTok Ads,ALC - Conteúdos  de Julho/Ago ,8493,18.41,46.0,17.0,10.0,5.0,507.0,96.0
TikTok Ads,ALC - Conteúdos  de Julho/Ago ,5000,11.5,22.0,12.0,5.0,4.0,352.0,65.0
TikTok Ads,ALC - Conteúdos  de Julho/Ago ,8383,17.28,38.0,18.0,14.0,7.0,493.0,96.0
TikTok Ads,ALC - Conteúdos  de Julho/Ago ,8915,18.13,50.0,21.0,15.0,10.0,593.0,107.0
TikTok Ads,Alcance - Copo Stitch ,8547,17.81,242.0,95.0,52.0,29.0,1105.0,309.0
TikTok Ads,Alcance - Copo Stitch ,8356,18.58,449.0,183.0,122.0,57.0,1859.0,607.0
TikTok Ads,Alcance - Copo Stitch ,4669,11.02,95.0,27.0,14.0,9.0,625.0,132.0
TikTok Ads,Alcance - Conteúdos Ago/Set ,20248,44.57,314.0,136.0,63.0,42.0,2539.0,604.0
TikTok Ads,Alcance - Conteúdos Ago/Set ,20001,41.98,396.0,159.0,84.0,45.0,3041.0,823.0
TikTok Ads,Alcance - Copo Stitch ,8616,18.86,219.0,85.0,56.0,27.0,1251.0,315.0
TikTok Ads,Alcance - Copo Stitch ,5674,13.05,94.0,35.0,22.0,14.0,617.0,133.0
TikTok Ads,Alcance - Copo Stitch ,7493,16.04,207.0,87.0,54.0,25.0,1088.0,283.0
TikTok Ads,ALC - Conteúdos  de Julho/Ago ,5185,12.43,30.0,11.0,9.0,6.0,350.0,71.0
TikTok Ads,ALC - Conteúdos  de Julho/Ago ,8397,16.97,61.0,24.0,13.0,7.0,570.0,118.0
TikTok Ads,ALC - Conteúdos  de Julho/Ago ,9205,18.68,55.0,25.0,16.0,11.0,524.0,123.0
TikTok Ads,ALC - Conteúdos  de Julho/Ago ,6674,14.1,40.0,19.0,9.0,4.0,413.0,80.0
TikTok Ads,Alcance - Copo Stitch ,4838,11.29,103.0,41.0,29.0,14.0,662.0,151.0
TikTok Ads,Alcance - Copo Stitch ,8408,17.47,187.0,72.0,43.0,27.0,1055.0,254.0
TikTok Ads,Alcance - Copo Stitch ,8690,17.85,481.0,186.0,119.0,67.0,1956.0,633.0
TikTok Ads,ALC - Conteúdos  de Julho/Ago ,9156,17.41,37.0,15.0,5.0,4.0,549.0,103.0
TikTok Ads,Alcance - Conteúdos Ago/Set ,0,0.0,0.0,0.0,0.0,0.0,0.0,0.0
TikTok Ads,Alcance - Conteúdos Ago/Set ,19322,41.96,324.0,122.0,59.0,28.0,2332.0,608.0
TikTok Ads,Alcance - Conteúdos Set ,9953,20.98,58.0,31.0,14.0,6.0,777.0,164.0
TikTok Ads,Alcance - Conteúdos Set ,9460,22.09,37.0,19.0,12.0,6.0,621.0,105.0
TikTok Ads,Alcance - Giftcard ,9387,19.85,107.0,29.0,19.0,10.0,750.0,100.0
TikTok Ads,Alcance - Giftcard ,8821,20.69,83.0,23.0,17.0,11.0,538.0,86.0
TikTok Ads,ALC - Baby shark ,30245,76.72,565.0,239.0,128.0,86.0,1987.0,435.0
TikTok Ads,ALC - Baby shark ,0,0.0,0.0,0.0,0.0,0.0,0.0,0.0
TikTok Ads,ALC - Baby shark ,27360,76.17,521.0,200.0,116.0,70.0,1901.0,381.0
TikTok Ads,Alcance - Conteúdos Ago/Set ,18198,40.89,301.0,116.0,61.0,31.0,2218.0,541.0
TikTok Ads,Alcance - Giftcard ,9273,19.5,131.0,49.0,24.0,17.0,849.0,132.0
TikTok Ads,Alcance - Giftcard ,4244,9.75,33.0,14.0,10.0,5.0,229.0,44.0
TikTok Ads,Alcance - Conteúdos Ago/Set ,0,0.0,0.0,0.0,0.0,0.0,0.0,0.0
TikTok Ads,Alcance - Conteúdos Ago/Set ,20232,44.79,330.0,131.0,65.0,32.0,2486.0,578.0
TikTok Ads,Alcance - Conteúdos Set ,8600,21.55,40.0,15.0,6.0,3.0,604.0,122.0
TikTok Ads,ALC - Baby shark ,0,0.0,0.0,0.0,0.0,0.0,0.0,0.0
TikTok Ads,ALC - Baby shark ,17150,39.5,266.0,102.0,57.0,34.0,948.0,191.0
TikTok Ads,ALC - Baby shark ,0,0.0,0.0,0.0,0.0,0.0,0.0,0.0
TikTok Ads,Alcance - Giftcard ,8311,20.62,87.0,33.0,14.0,9.0,633.0,93.0
TikTok Ads,ALC - Baby shark ,28863,77.44,519.0,204.0,127.0,77.0,1814.0,369.0
TikTok Ads,Alcance - Conteúdos Set ,8791,21.92,43.0,26.0,16.0,6.0,570.0,106.0
TikTok Ads,Alcance - Conteúdos Ago/Set ,0,0.0,0.0,0.0,0.0,0.0,0.0,0.0
TikTok Ads,Alcance - Conteúdos Ago/Set ,18881,42.0,293.0,133.0,64.0,39.0,2205.0,517.0
TikTok Ads,Tráfego - App instal - NS,0,0.0,0.0,0.0,0.0,0.0,0.0,0.0
TikTok Ads,Alcance - Conteúdos Set ,9651,21.02,56.0,28.0,13.0,6.0,834.0,153.0
TikTok Ads,Alcance - Conteúdos Set ,8998,21.78,39.0,17.0,8.0,5.0,534.0,100.0
TikTok Ads,Alcance - Giftcard ,9035,19.73,143.0,59.0,34.0,23.0,778.0,131.0
TikTok Ads,Alcance - Giftcard ,8469,20.51,86.0,34.0,18.0,8.0,539.0,96.0
TikTok Ads,Alcance - Conteúdos Ago/Set ,7177,17.18,113.0,57.0,23.0,8.0,922.0,212.0
TikTok Ads,Alcance - Conteúdos Ago/Set ,17421,43.13,353.0,156.0,68.0,36.0,2545.0,654.0
TikTok Ads,ALC - Baby shark ,10275,30.17,193.0,77.0,57.0,37.0,704.0,140.0
TikTok Ads,Alcance - Conteúdos Set ,9848,20.69,61.0,29.0,13.0,5.0,797.0,166.0
TikTok Ads,Alcance - Conteúdos Set ,4555,10.4,18.0,9.0,5.0,3.0,276.0,47.0
TikTok Ads,ALC - Baby shark ,0,0.0,0.0,0.0,0.0,0.0,0.0,0.0
TikTok Ads,NSpromopais24,0,0.0,0.0,0.0,0.0,0.0,0.0,0.0
TikTok Ads,Alcance - Giftcard ,7984,20.01,99.0,45.0,19.0,10.0,636.0,107.0
TikTok Ads,Alcance | Ritmi Mana Spolini,4792,9.95,36.0,24.0,10.0,3.0,315.0,116.0
TikTok Ads,Alcance - Conteúdos Set ,8328,17.47,44.0,16.0,7.0,5.0,562.0,113.0
TikTok Ads,Alcance | Giftcard ,6599,12.37,47.0,25.0,13.0,10.0,683.0,70.0
TikTok Ads,Alcance - Giftcard ,4788,12.17,68.0,18.0,8.0,7.0,323.0,51.0
TikTok Ads,Alcance - Giftcard ,7846,16.51,95.0,33.0,25.0,16.0,567.0,108.0
TikTok Ads,Alcance - Conteúdos Set ,4207,10.78,18.0,6.0,5.0,1.0,248.0,55.0
TikTok Ads,Alcance | Giftcard ,3156,6.95,24.0,10.0,9.0,2.0,341.0,37.0
TikTok Ads,Alcance | Chillibeans Vini ,2895,6.31,40.0,19.0,10.0,1.0,237.0,57.0
TikTok Ads,Alcance - Giftcard ,6827,16.26,83.0,27.0,15.0,10.0,530.0,86.0
TikTok Ads,Visualizações de vídeo | Natal ,7986,26.17,2494.0,969.0,583.0,274.0,4590.0,2486.0
TikTok Ads,Alcance - Giftcard ,825,1.63,6.0,3.0,1.0,1.0,45.0,6.0
TikTok Ads,Alcance - Giftcard ,8788,18.37,93.0,35.0,18.0,13.0,665.0,94.0
TikTok Ads,Alcance - Conteúdos Set ,9093,19.38,56.0,27.0,19.0,8.0,631.0,149.0
TikTok Ads,Alcance - Conteúdos Set ,6262,13.99,25.0,11.0,4.0,1.0,399.0,75.0
TikTok Ads,Alcance - Giftcard ,7536,16.85,83.0,37.0,26.0,20.0,557.0,89.0
TikTok Ads,Alcance - Giftcard ,9524,18.92,100.0,45.0,23.0,16.0,668.0,108.0
TikTok Ads,Alcance - Conteúdos Set ,1266,3.03,4.0,0.0,0.0,0.0,86.0,17.0
TikTok Ads,Alcance - Giftcard ,4644,10.9,64.0,28.0,14.0,9.0,316.0,47.0
TikTok Ads,Alcance | Giftcard ,6824,13.77,47.0,19.0,12.0,9.0,707.0,63.0
TikTok Ads,Alcance - Conteúdos Set ,9818,19.55,49.0,18.0,10.0,3.0,721.0,144.0
TikTok Ads,Promo Natura 2024 - Tráfego,0,0.0,0.0,0.0,0.0,0.0,0.0,0.0
TikTok Ads,Alcance - Conteúdos Set ,7700,17.09,46.0,16.0,9.0,3.0,550.0,125.0
TikTok Ads,Alcance | Ritmi Mana Spolini,4602,8.95,55.0,19.0,10.0,3.0,421.0,162.0
TikTok Ads,Alcance - Conteúdos Set ,8826,19.67,41.0,22.0,9.0,2.0,686.0,117.0
TikTok Ads,Alcance - Conteúdos Set ,7279,16.62,34.0,17.0,8.0,4.0,426.0,85.0
TikTok Ads,Alcance - Giftcard ,0,0.0,0.0,0.0,0.0,0.0,0.0,0.0
TikTok Ads,Alcance - Giftcard ,7365,16.97,92.0,31.0,14.0,11.0,538.0,93.0
TikTok Ads,Alcance - Giftcard ,8242,18.34,101.0,34.0,19.0,13.0,713.0,107.0
TikTok Ads,Alcance - Conteúdos Set ,8739,17.74,43.0,19.0,6.0,2.0,581.0,118.0
TikTok Ads,Visualizações de vídeo | Natal 02 ,3063,12.04,335.0,173.0,120.0,78.0,1408.0,365.0
TikTok Ads,Alcance | Ritmi Mana Spolini,2422,5.38,23.0,10.0,4.0,0.0,175.0,59.0
TikTok Ads,Alcance - Conteúdos Set ,5492,13.47,18.0,8.0,3.0,2.0,380.0,59.0
TikTok Ads,Alcance | Chillibeans Vini ,5863,13.7,72.0,35.0,24.0,9.0,455.0,100.0
TikTok Ads,Alcance - Giftcard ,6475,14.55,70.0,28.0,16.0,10.0,417.0,70.0
TikTok Ads,Alcance - Giftcard ,8473,18.2,99.0,30.0,15.0,11.0,570.0,83.0
TikTok Ads,Visualizações de vídeo | Natal 02 ,1601,6.02,173.0,90.0,65.0,42.0,821.0,184.0
TikTok Ads,Visualizações de vídeo | Natal ,7222,23.77,2498.0,1027.0,632.0,301.0,4392.0,2266.0
TikTok Ads,Alcance - Conteúdos Set ,7316,15.53,33.0,21.0,9.0,7.0,394.0,93.0
TikTok Ads,Alcance - Conteúdos Set ,8150,19.04,32.0,11.0,7.0,1.0,658.0,114.0
TikTok Ads,Alcance - Giftcard ,7200,15.41,72.0,20.0,12.0,8.0,405.0,66.0
TikTok Ads,Alcance - Giftcard ,7845,18.25,105.0,45.0,24.0,18.0,623.0,101.0
TikTok Ads,Visualizações de vídeo | Natal ,3181,14.32,1285.0,560.0,356.0,176.0,2011.0,1157.0
TikTok Ads,Visualizações de vídeo | Natal 02 ,2988,11.64,360.0,188.0,135.0,89.0,1286.0,411.0
TikTok Ads,Alcance - Giftcard ,8362,16.98,90.0,37.0,21.0,15.0,537.0,83.0
TikTok Ads,Alcance - Giftcard ,5547,13.71,67.0,19.0,11.0,8.0,386.0,51.0
TikTok Ads,Alcance - Conteúdos Set ,0,0.0,0.0,0.0,0.0,0.0,0.0,0.0
TikTok Ads,Alcance | Ritmi Mana Spolini,4494,10.9,41.0,14.0,6.0,0.0,300.0,113.0
TikTok Ads,Alcance | Chillibeans Vini ,6393,12.75,70.0,27.0,18.0,4.0,443.0,100.0
TikTok Ads,Alcance - Conteúdos Set ,7137,16.75,37.0,21.0,10.0,1.0,529.0,104.0
TikTok Ads,Alcance - Conteúdos Set ,9891,19.28,43.0,22.0,13.0,7.0,712.0,132.0
TikTok Ads,Alcance - Giftcard ,7737,17.83,120.0,48.0,30.0,12.0,599.0,118.0
TikTok Ads,Alcance - Giftcard ,6808,14.5,79.0,24.0,15.0,10.0,424.0,70.0
TikTok Ads,Visualizações de vídeo | Natal 02 ,2901,13.21,319.0,180.0,125.0,84.0,1351.0,352.0
TikTok Ads,Alcance - Conteúdos Set ,6989,14.85,40.0,22.0,11.0,4.0,451.0,99.0
TikTok Ads,Alcance - Conteúdos Set ,8229,18.93,47.0,22.0,11.0,8.0,655.0,135.0
TikTok Ads,Alcance | Chillibeans Vini ,6275,11.68,81.0,30.0,19.0,12.0,554.0,116.0
TikTok Ads,Alcance - Conteúdos Set ,8985,17.73,38.0,16.0,8.0,4.0,601.0,120.0
TikTok Ads,Alcance - Conteúdos Set ,4832,12.6,26.0,14.0,7.0,2.0,325.0,64.0
TikTok Ads,Alcance - Giftcard ,4890,12.64,55.0,22.0,11.0,10.0,292.0,41.0
TikTok Ads,Alcance - Giftcard ,8651,17.13,90.0,31.0,24.0,12.0,571.0,84.0
TikTok Ads,Alcance - Conteúdos Set ,7088,16.88,40.0,14.0,9.0,5.0,494.0,103.0
TikTok Ads,Alcance - Conteúdos Set ,9138,19.02,50.0,25.0,14.0,10.0,719.0,145.0
TikTok Ads,Visualizações de vídeo | Natal ,6344,25.59,2125.0,832.0,528.0,233.0,3695.0,2125.0
TikTok Ads,Alcance - Conteúdos Set ,0,0.0,0.0,0.0,0.0,0.0,0.0,0.0
TikTok Ads,Alcance | Giftcard ,6016,14.24,41.0,18.0,7.0,4.0,631.0,58.0
TikTok Ads,Alcance - Giftcard ,6785,15.95,79.0,39.0,21.0,12.0,514.0,97.0
TikTok Ads,Alcance - Giftcard ,9346,18.23,116.0,39.0,21.0,14.0,653.0,102.0
TikTok Ads,Alcance - Giftcard ,4005,8.84,38.0,14.0,3.0,2.0,250.0,32.0
TikTok Ads,Alcance | Ritmi Mana Spolini,900,2.59,10.0,7.0,3.0,2.0,86.0,26.0
TikTok Ads,ALC - NATAL 25,0,0.0,0.0,0.0,0.0,0.0,0.0,0.0
TikTok Ads,Alcance | Giftcard ,0,0.0,0.0,0.0,0.0,0.0,0.0,0.0
TikTok Ads,Alcance | Chillibeans Vini ,0,0.0,0.0,0.0,0.0,0.0,0.0,0.0
TikTok Ads,Visualizações de vídeo | Natal ,0,0.0,0.0,0.0,0.0,0.0,0.0,0.0
TikTok Ads,Visualizações de vídeo | Natal 02 ,2893,12.02,266.0,139.0,96.0,66.0,1110.0,308.0
TikTok Ads,Alcance | Ritmi Mana Spolini,0,0.0,0.0,0.0,0.0,0.0,0.0,0.0
TikTok Ads,TRAF - NATAL 25,4420,32.24,1113.0,473.0,293.0,238.0,1285.0,1159.0
TikTok Ads,Alcance | Giftcard ,5128,12.18,43.0,18.0,10.0,8.0,520.0,56.0
TikTok Ads,Alcance | Chillibeans Vini ,0,0.0,0.0,0.0,0.0,0.0,0.0,0.0
TikTok Ads,Alcance | Giftcard ,0,0.0,0.0,0.0,0.0,0.0,0.0,0.0
TikTok Ads,TRAF - NATAL 25,7169,40.9,2162.0,1748.0,1616.0,1284.0,2179.0,1691.0
TikTok Ads,ALC - NATAL 25 02,10657,38.39,179.0,65.0,34.0,25.0,494.0,99.0
TikTok Ads,Visualizações de vídeo | Natal 02 ,0,0.0,0.0,0.0,0.0,0.0,0.0,0.0
TikTok Ads,Alcance | Ritmi Mana Spolini,4223,9.93,48.0,14.0,5.0,0.0,370.0,138.0
TikTok Ads,Alcance | Giftcard ,0,0.0,0.0,0.0,0.0,0.0,0.0,0.0
TikTok Ads,Alcance | Chillibeans Vini ,4834,10.73,41.0,17.0,9.0,5.0,333.0,60.0
TikTok Ads,Alcance | Chillibeans Vini ,0,0.0,0.0,0.0,0.0,0.0,0.0,0.0
TikTok Ads,ALC - NATAL 25,9186,33.01,339.0,131.0,76.0,51.0,458.0,103.0
TikTok Ads,Visualizações de vídeo | Natal ,1469,4.81,411.0,171.0,104.0,42.0,817.0,380.0
TikTok Ads,Visualizações de vídeo | Natal 02 ,3443,11.3,320.0,169.0,113.0,73.0,1395.0,360.0
TikTok Ads,Alcance | Ritmi Mana Spolini,0,0.0,0.0,0.0,0.0,0.0,0.0,0.0
TikTok Ads,TRAF - NATAL 25,4308,31.17,1423.0,722.0,523.0,430.0,1621.0,1386.0
TikTok Ads,Alcance | Chillibeans Vini ,4500,10.25,38.0,13.0,8.0,3.0,298.0,55.0
TikTok Ads,Alcance | Chillibeans Vini ,0,0.0,0.0,0.0,0.0,0.0,0.0,0.0
TikTok Ads,ALC - NATAL 25,10467,37.95,379.0,158.0,86.0,48.0,569.0,118.0
TikTok Ads,Alcance | Giftcard ,5359,12.25,42.0,13.0,6.0,4.0,537.0,61.0
TikTok Ads,Visualizações de vídeo | Natal 02 ,0,0.0,0.0,0.0,0.0,0.0,0.0,0.0
TikTok Ads,Alcance | Ritmi Mana Spolini,0,0.0,0.0,0.0,0.0,0.0,0.0,0.0
TikTok Ads,ALC - BLACK FRIDAY - NS,19972,61.99,139.0,47.0,25.0,20.0,1229.0,255.0
TikTok Ads,ALC - NATAL 25,10174,35.65,337.0,137.0,83.0,57.0,469.0,113.0
TikTok Ads,TRAF - NATAL 25,6490,52.44,2790.0,2251.0,2051.0,1797.0,2809.0,2248.0
TikTok Ads,TRAF - NATAL 25,5820,32.76,2158.0,1747.0,1426.0,1130.0,2176.0,1720.0
TikTok Ads,ALC - NATAL 25,0,0.0,0.0,0.0,0.0,0.0,0.0,0.0
TikTok Ads,Alcance | Giftcard ,0,0.0,0.0,0.0,0.0,0.0,0.0,0.0
TikTok Ads,Alcance | Chillibeans Vini ,0,0.0,0.0,0.0,0.0,0.0,0.0,0.0
TikTok Ads,ALC - NATAL 25 02,12487,39.48,240.0,79.0,41.0,25.0,555.0,103.0
TikTok Ads,ALC - NATAL 25,11006,38.47,405.0,156.0,87.0,61.0,568.0,123.0
TikTok Ads,Alcance | Ritmi Mana Spolini,3883,9.09,32.0,14.0,13.0,3.0,299.0,107.0
TikTok Ads,Alcance | Giftcard ,0,0.0,0.0,0.0,0.0,0.0,0.0,0.0
TikTok Ads,ALC - NATAL 25 02,13708,41.3,349.0,142.0,68.0,43.0,708.0,158.0
TikTok Ads,Alcance | Chillibeans Vini ,0,0.0,0.0,0.0,0.0,0.0,0.0,0.0
TikTok Ads,Alcance | Ritmi Mana Spolini,0,0.0,0.0,0.0,0.0,0.0,0.0,0.0
TikTok Ads,TRAF - NATAL 25,7148,33.32,2954.0,2521.0,2069.0,1502.0,2973.0,2477.0
TikTok Ads,Alcance | Giftcard ,5704,12.98,52.0,16.0,9.0,6.0,653.0,78.0
TikTok Ads,Alcance | Giftcard ,0,0.0,0.0,0.0,0.0,0.0,0.0,0.0
TikTok Ads,Alcance | Chillibeans Vini ,5320,12.02,75.0,40.0,29.0,13.0,465.0,109.0
TikTok Ads,TRAF - NATAL 25,5644,31.57,791.0,331.0,224.0,182.0,956.0,838.0
TikTok Ads,ALC - BLACK FRIDAY - NS,17930,61.37,136.0,52.0,21.0,15.0,1156.0,230.0
TikTok Ads,Visualizações de vídeo | Natal ,5560,20.41,1673.0,662.0,429.0,198.0,3045.0,1520.0
TikTok Ads,Visualizações de vídeo | Natal 02 ,2927,10.3,240.0,123.0,92.0,62.0,1195.0,281.0
TikTok Ads,Alcance | Ritmi Mana Spolini,0,0.0,0.0,0.0,0.0,0.0,0.0,0.0
TikTok Ads,Alcance | Chillibeans Vini ,902,2.46,12.0,8.0,4.0,1.0,74.0,16.0
TikTok Ads,Alcance | Giftcard ,1216,3.37,6.0,0.0,0.0,0.0,130.0,9.0
TikTok Ads,Alcance | Chillibeans Vini ,0,0.0,0.0,0.0,0.0,0.0,0.0,0.0
TikTok Ads,Alcance | Giftcard ,0,0.0,0.0,0.0,0.0,0.0,0.0,0.0
TikTok Ads,ALC - NATAL 25,3427,12.73,138.0,68.0,42.0,31.0,185.0,55.0
TikTok Ads,Alcance | Ritmi Mana Spolini,0,0.0,0.0,0.0,0.0,0.0,0.0,0.0
TikTok Ads,Alcance | Chillibeans Vini ,0,0.0,0.0,0.0,0.0,0.0,0.0,0.0
TikTok Ads,TRAF - NATAL 25,5712,31.86,2034.0,1652.0,1358.0,1099.0,2053.0,1602.0
TikTok Ads,Alcance | Ritmi Mana Spolini,3489,8.37,22.0,8.0,2.0,0.0,239.0,77.0
TikTok Ads,Alcance | Chillibeans Vini ,0,0.0,0.0,0.0,0.0,0.0,0.0,0.0
TikTok Ads,ALC - NATAL 25,9969,35.73,357.0,135.0,81.0,50.0,492.0,100.0
TikTok Ads,Alcance | Giftcard ,5747,12.0,44.0,16.0,10.0,8.0,653.0,68.0
TikTok Ads,Visualizações de vídeo | Natal 02 ,2650,11.51,253.0,138.0,92.0,65.0,1078.0,289.0
TikTok Ads,Alcance | Ritmi Mana Spolini,0,0.0,0.0,0.0,0.0,0.0,0.0,0.0
TikTok Ads,ALC - NATAL 25,7031,26.2,218.0,82.0,53.0,29.0,311.0,65.0
TikTok Ads,TRAF - NATAL 25,5497,33.17,745.0,298.0,175.0,143.0,983.0,838.0
TikTok Ads,ALC - NATAL 25,0,0.0,0.0,0.0,0.0,0.0,0.0,0.0
TikTok Ads,TRAF - NATAL 25,6903,44.71,2399.0,1917.0,1790.0,1501.0,2370.0,1900.0
TikTok Ads,ALC - NATAL 25,11709,38.42,431.0,154.0,96.0,67.0,557.0,130.0
TikTok Ads,Alcance | Giftcard ,4977,12.38,41.0,19.0,12.0,8.0,514.0,47.0
TikTok Ads,Alcance | Chillibeans Vini ,0,0.0,0.0,0.0,0.0,0.0,0.0,0.0
TikTok Ads,Alcance | Chillibeans Vini ,5280,11.89,77.0,30.0,21.0,9.0,448.0,107.0
TikTok Ads,ALC - NATAL 25 02,4780,12.75,58.0,21.0,11.0,6.0,219.0,52.0
TikTok Ads,Visualizações de vídeo | Natal 02 ,0,0.0,0.0,0.0,0.0,0.0,0.0,0.0
TikTok Ads,ALC - BLACK FRIDAY - NS,17967,58.66,142.0,57.0,31.0,15.0,1112.0,230.0
TikTok Ads,Alcance | Ritmi Mana Spolini,0,0.0,0.0,0.0,0.0,0.0,0.0,0.0
TikTok Ads,Visualizações de vídeo | Natal ,4552,17.44,1224.0,478.0,306.0,128.0,2408.0,1177.0
TikTok Ads,ALC - NATAL 25,9113,32.79,343.0,132.0,86.0,56.0,476.0,106.0
TikTok Ads,Alcance | Giftcard ,0,0.0,0.0,0.0,0.0,0.0,0.0,0.0
TikTok Ads,Alcance | Giftcard ,0,0.0,0.0,0.0,0.0,0.0,0.0,0.0
TikTok Ads,ALC - NATAL 25 02,10621,38.74,132.0,41.0,25.0,13.0,515.0,114.0
TikTok Ads,ALC - BLACK FRIDAY - NS,3121,9.73,20.0,6.0,5.0,2.0,208.0,34.0
TikTok Ads,Visualizações de vídeo | Natal ,7963,23.05,2381.0,886.0,573.0,250.0,4447.0,2249.0
TikTok Ads,Alcance | Ritmi Mana Spolini,3832,9.17,35.0,19.0,10.0,2.0,283.0,102.0
TikTok Ads,TRAF - NATAL 25,5987,41.14,1606.0,1336.0,1252.0,1111.0,1635.0,1334.0
TikTok Ads,Alcance | Chillibeans Vini ,5559,11.51,78.0,35.0,16.0,7.0,507.0,104.0
TikTok Ads,Alcance | Giftcard ,0,0.0,0.0,0.0,0.0,0.0,0.0,0.0
TikTok Ads,Alcance | Chillibeans Vini ,3891,8.86,37.0,19.0,10.0,6.0,260.0,56.0
TikTok Ads,Alcance | Chillibeans Vini ,0,0.0,0.0,0.0,0.0,0.0,0.0,0.0
TikTok Ads,TRAF - NATAL 25,5095,32.63,2285.0,1950.0,1568.0,1409.0,2192.0,1899.0
TikTok Ads,Visualizações de vídeo | Natal 02 ,3173,11.56,349.0,174.0,125.0,83.0,1443.0,369.0
TikTok Ads,Alcance | Ritmi Mana Spolini,0,0.0,0.0,0.0,0.0,0.0,0.0,0.0
TikTok Ads,Alcance | Giftcard ,0,0.0,0.0,0.0,0.0,0.0,0.0,0.0
TikTok Ads,Alcance | Giftcard ,5745,12.99,53.0,22.0,6.0,3.0,589.0,79.0
TikTok Ads,Alcance | Chillibeans Vini ,0,0.0,0.0,0.0,0.0,0.0,0.0,0.0
TikTok Ads,ALC - NATAL 25,0,0.0,0.0,0.0,0.0,0.0,0.0,0.0
TikTok Ads,ALC - NATAL 25,8013,27.19,264.0,108.0,55.0,35.0,376.0,87.0
TikTok Ads,ALC - NATAL 25 02,8077,32.27,89.0,26.0,19.0,12.0,390.0,73.0
TikTok Ads,Alcance | Ritmi Mana Spolini,0,0.0,0.0,0.0,0.0,0.0,0.0,0.0
TikTok Ads,Alcance | Chillibeans Vini ,0,0.0,0.0,0.0,0.0,0.0,0.0,0.0
TikTok Ads,TRAF - NATAL 25,6531,41.72,2702.0,2277.0,2140.0,1828.0,2686.0,2312.0
TikTok Ads,ALC - BLACK FRIDAY - NS,0,0.0,0.0,0.0,0.0,0.0,0.0,0.0
TikTok Ads,Visualizações de vídeo | Natal ,6468,21.43,1980.0,761.0,477.0,207.0,3522.0,1845.0
TikTok Ads,ALC - NATAL 25,7915,29.1,277.0,105.0,59.0,47.0,385.0,83.0
TikTok Ads,Alcance | Giftcard ,0,0.0,0.0,0.0,0.0,0.0,0.0,0.0
TikTok Ads,Alcance | Ritmi Mana Spolini,3588,8.79,27.0,10.0,4.0,1.0,264.0,93.0
TikTok Ads,ALC - NATAL 25,0,0.0,0.0,0.0,0.0,0.0,0.0,0.0
TikTok Ads,TRAF - NATAL 25,5039,33.22,2099.0,1761.0,1525.0,1327.0,2096.0,1773.0
TikTok Ads,TRAF - NATAL 25,7978,45.26,2811.0,2327.0,2133.0,1759.0,2826.0,2314.0
TikTok Ads,TRAF - NATAL 25,7122,29.65,1593.0,626.0,365.0,278.0,2016.0,1802.0
TikTok Ads,ALC - NATAL 25,9540,35.51,365.0,124.0,65.0,46.0,498.0,96.0
TikTok Ads,Alcance | Giftcard ,5821,13.28,43.0,20.0,9.0,7.0,675.0,52.0
TikTok Ads,Alcance | Giftcard ,0,0.0,0.0,0.0,0.0,0.0,0.0,0.0
TikTok Ads,Alcance | Chillibeans Vini ,3520,8.48,30.0,14.0,8.0,2.0,269.0,51.0
TikTok Ads,Visualizações de vídeo | Natal 02 ,2464,10.36,212.0,111.0,82.0,53.0,1022.0,243.0
TikTok Ads,Alcance | Ritmi Mana Spolini,0,0.0,0.0,0.0,0.0,0.0,0.0,0.0
TikTok Ads,ALC - NATAL 25,9241,32.26,310.0,116.0,57.0,41.0,436.0,85.0
TikTok Ads,Alcance | Giftcard ,5286,12.33,44.0,19.0,12.0,6.0,547.0,59.0
TikTok Ads,Alcance | Giftcard ,0,0.0,0.0,0.0,0.0,0.0,0.0,0.0
TikTok Ads,ALC - BLACK FRIDAY - NS,17149,46.17,311.0,114.0,51.0,35.0,796.0,166.0
TikTok Ads,ALC - NATAL 25 02,9565,36.8,138.0,56.0,28.0,21.0,483.0,93.0
TikTok Ads,Visualizações de vídeo | Natal ,0,0.0,0.0,0.0,0.0,0.0,0.0,0.0
TikTok Ads,Visualizações de vídeo | Natal 02 ,853,5.31,84.0,50.0,39.0,24.0,358.0,99.0
TikTok Ads,Alcance | Ritmi Mana Spolini,0,0.0,0.0,0.0,0.0,0.0,0.0,0.0
TikTok Ads,Alcance | Ritmi Mana Spolini,4371,9.45,46.0,25.0,10.0,5.0,431.0,158.0
TikTok Ads,TRAF - NATAL 25,7338,49.3,3590.0,2974.0,2779.0,2306.0,3553.0,3055.0
TikTok Ads,Alcance | Chillibeans Vini ,4298,9.63,41.0,18.0,8.0,5.0,299.0,55.0
TikTok Ads,Alcance | Chillibeans Vini ,0,0.0,0.0,0.0,0.0,0.0,0.0,0.0
TikTok Ads,Alcance | Giftcard ,0,0.0,0.0,0.0,0.0,0.0,0.0,0.0
TikTok Ads,TRAF - NATAL 25,5147,38.84,2479.0,2006.0,1702.0,1504.0,2439.0,2024.0
TikTok Ads,Visualizações de vídeo | Natal 02 ,0,0.0,0.0,0.0,0.0,0.0,0.0,0.0
TikTok Ads,Alcance | Ritmi Mana Spolini,3539,9.15,35.0,17.0,6.0,5.0,297.0,107.0
TikTok Ads,Alcance | Giftcard ,0,0.0,0.0,0.0,0.0,0.0,0.0,0.0
TikTok Ads,Alcance | Chillibeans Vini ,0,0.0,0.0,0.0,0.0,0.0,0.0,0.0
TikTok Ads,ALC - NATAL 25,9942,36.08,374.0,139.0,85.0,56.0,507.0,109.0
TikTok Ads,Visualizações de vídeo | Natal ,6921,23.01,2307.0,934.0,583.0,260.0,3997.0,2105.0
TikTok Ads,TRAF - NATAL 25,7092,41.89,2548.0,2056.0,1927.0,1699.0,2545.0,2120.0
TikTok Ads,Visualizações de vídeo | Natal 02 ,2644,11.47,252.0,144.0,95.0,65.0,1002.0,267.0
TikTok Ads,Alcance | Chillibeans Vini ,0,0.0,0.0,0.0,0.0,0.0,0.0,0.0
TikTok Ads,Alcance | Ritmi Mana Spolini,0,0.0,0.0,0.0,0.0,0.0,0.0,0.0
TikTok Ads,TRAF - NATAL 25,6007,31.45,1499.0,747.0,514.0,394.0,1683.0,1588.0
TikTok Ads,ALC - BLACK FRIDAY - NS,22632,62.08,282.0,105.0,50.0,31.0,1124.0,222.0
TikTok Ads,Visualizações de vídeo | Natal ,0,0.0,0.0,0.0,0.0,0.0,0.0,0.0
TikTok Ads,ALC - NATAL 25,0,0.0,0.0,0.0,0.0,0.0,0.0,0.0
TikTok Ads,Alcance | Giftcard ,0,0.0,0.0,0.0,0.0,0.0,0.0,0.0
TikTok Ads,ALC - BLACK FRIDAY - NS,0,0.0,0.0,0.0,0.0,0.0,0.0,0.0
TikTok Ads,Alcance | Ritmi Mana Spolini,4060,9.55,50.0,14.0,5.0,0.0,450.0,171.0
TikTok Ads,ALC - NATAL 25,9752,36.17,347.0,132.0,83.0,56.0,467.0,110.0
TikTok Ads,TRAF - NATAL 25,4530,41.52,2266.0,1808.0,1717.0,1572.0,2228.0,1884.0
TikTok Ads,TRAF - NATAL 25,4912,33.02,1696.0,1207.0,881.0,751.0,1771.0,1394.0
TikTok Ads,ALC - NATAL 25,9006,32.54,342.0,134.0,77.0,47.0,471.0,103.0
TikTok Ads,Alcance | Chillibeans Vini ,0,0.0,0.0,0.0,0.0,0.0,0.0,0.0
TikTok Ads,Alcance | Giftcard ,0,0.0,0.0,0.0,0.0,0.0,0.0,0.0
TikTok Ads,Visualizações de vídeo | Natal 02 ,3810,11.71,375.0,203.0,123.0,81.0,1627.0,433.0
TikTok Ads,Alcance | Ritmi Mana Spolini,0,0.0,0.0,0.0,0.0,0.0,0.0,0.0
TikTok Ads,ALC - NATAL 25,0,0.0,0.0,0.0,0.0,0.0,0.0,0.0
TikTok Ads,ALC - NATAL 25 02,16563,40.22,278.0,101.0,56.0,34.0,1253.0,249.0
TikTok Ads,ALC - NATAL 25 02,13120,40.07,31.0,9.0,5.0,3.0,145.0,31.0
TikTok Ads,ALC - BLACK FRIDAY - NS,0,0.0,0.0,0.0,0.0,0.0,0.0,0.0
TikTok Ads,Alcance | Chillibeans Vini ,0,0.0,0.0,0.0,0.0,0.0,0.0,0.0
TikTok Ads,ALC - NATAL 25 02,15761,36.41,113.0,41.0,27.0,21.0,435.0,86.0
TikTok Ads,ALC - LEGUEIROS,6195,13.48,132.0,60.0,42.0,23.0,895.0,252.0
TikTok Ads,Alcance | Ritmi Mana Spolini,0,0.0,0.0,0.0,0.0,0.0,0.0,0.0
TikTok Ads,TRAF - NATAL 25,6611,30.66,1215.0,399.0,229.0,167.0,1417.0,1304.0
TikTok Ads,ALC - NATAL 25,0,0.0,0.0,0.0,0.0,0.0,0.0,0.0
TikTok Ads,ALC - LEGUEIROS,6906,14.58,199.0,98.0,59.0,26.0,1122.0,395.0
TikTok Ads,TRAF - NATAL 25,8111,31.57,1656.0,722.0,438.0,347.0,2186.0,1904.0
TikTok Ads,TRAF - NATAL 25,7348,37.77,1635.0,671.0,439.0,339.0,1996.0,1840.0
TikTok Ads,ALC - BLACK FRIDAY - NS,0,0.0,0.0,0.0,0.0,0.0,0.0,0.0
TikTok Ads,Alcance | Chillibeans Vini ,0,0.0,0.0,0.0,0.0,0.0,0.0,0.0
TikTok Ads,Visualizações de vídeo | Natal 02 ,0,0.0,0.0,0.0,0.0,0.0,0.0,0.0
TikTok Ads,Alcance | Ritmi Mana Spolini,0,0.0,0.0,0.0,0.0,0.0,0.0,0.0
TikTok Ads,ALC - NATAL 25 02,12651,36.63,48.0,17.0,13.0,6.0,225.0,55.0
TikTok Ads,ALC - LEGUEIROS,5769,9.24,95.0,39.0,27.0,16.0,818.0,219.0
TikTok Ads,ALC - LEGUEIROS,6726,16.83,284.0,132.0,88.0,42.0,1338.0,502.0
TikTok Ads,ALC - NATAL 25,0,0.0,0.0,0.0,0.0,0.0,0.0,0.0
TikTok Ads,ALC - NATAL 25 02,15027,41.95,169.0,56.0,35.0,18.0,630.0,133.0
TikTok Ads,ALC - LEGUEIROS,5864,12.48,175.0,89.0,53.0,26.0,929.0,305.0
TikTok Ads,TRAF - NATAL 25,8635,31.67,1356.0,571.0,326.0,223.0,1829.0,1638.0
TikTok Ads,TRAF - NATAL 25,9801,30.34,2067.0,853.0,489.0,387.0,2619.0,2311.0
TikTok Ads,TRAF - NATAL 25,9297,42.63,1878.0,740.0,513.0,405.0,2258.0,2053.0
TikTok Ads,ALC - BLACK FRIDAY - NS,0,0.0,0.0,0.0,0.0,0.0,0.0,0.0
TikTok Ads,ALC - NATAL 25 02,15360,35.68,120.0,46.0,29.0,12.0,521.0,128.0
TikTok Ads,Alcance | Giftcard ,0,0.0,0.0,0.0,0.0,0.0,0.0,0.0
TikTok Ads,ALC - NATAL 25 02,13809,37.12,56.0,18.0,11.0,7.0,272.0,56.0
TikTok Ads,ALC - BLACK FRIDAY - NS,0,0.0,0.0,0.0,0.0,0.0,0.0,0.0
TikTok Ads,ALC - NATAL 25,0,0.0,0.0,0.0,0.0,0.0,0.0,0.0
TikTok Ads,ALC - LEGUEIROS,6852,16.08,336.0,154.0,93.0,33.0,1497.0,584.0
TikTok Ads,ALC - NATAL 25,0,0.0,0.0,0.0,0.0,0.0,0.0,0.0
TikTok Ads,ALC - LEGUEIROS,5171,8.24,127.0,56.0,33.0,15.0,759.0,230.0
TikTok Ads,ALC - BLACK FRIDAY - NS,0,0.0,0.0,0.0,0.0,0.0,0.0,0.0
TikTok Ads,TRAF - NATAL 25,6175,36.93,1174.0,514.0,313.0,246.0,1365.0,1258.0
TikTok Ads,Alcance | Giftcard ,0,0.0,0.0,0.0,0.0,0.0,0.0,0.0
TikTok Ads,TRAF - NATAL 25,7226,21.63,1232.0,451.0,258.0,174.0,1501.0,1291.0
TikTok Ads,ALC - BLACK FRIDAY - NS,0,0.0,0.0,0.0,0.0,0.0,0.0,0.0
TikTok Ads,ALC - NATAL 25,0,0.0,0.0,0.0,0.0,0.0,0.0,0.0
TikTok Ads,ALC - NATAL 25 02,15837,35.41,82.0,25.0,14.0,8.0,438.0,96.0
TikTok Ads,ALC - NATAL 25 02,16266,40.28,305.0,106.0,63.0,34.0,1127.0,248.0
TikTok Ads,Alcance | Giftcard ,0,0.0,0.0,0.0,0.0,0.0,0.0,0.0
TikTok Ads,ALC - BLACK FRIDAY - NS,0,0.0,0.0,0.0,0.0,0.0,0.0,0.0
TikTok Ads,ALC - NATAL 25 02,13838,36.96,52.0,19.0,10.0,4.0,226.0,52.0
TikTok Ads,Alcance | Chillibeans Vini ,0,0.0,0.0,0.0,0.0,0.0,0.0,0.0
TikTok Ads,ALC - LEGUEIROS,6022,13.01,193.0,87.0,58.0,22.0,1011.0,344.0
TikTok Ads,Alcance | Ritmi Mana Spolini,0,0.0,0.0,0.0,0.0,0.0,0.0,0.0
TikTok Ads,ALC - BLACK FRIDAY - NS,0,0.0,0.0,0.0,0.0,0.0,0.0,0.0
TikTok Ads,Alcance | Ritmi Mana Spolini,0,0.0,0.0,0.0,0.0,0.0,0.0,0.0
TikTok Ads,TRAF - NATAL 25,7241,36.31,1397.0,597.0,379.0,301.0,1713.0,1557.0
TikTok Ads,ALC - LEGUEIROS,1442,2.48,30.0,10.0,2.0,1.0,205.0,66.0
TikTok Ads,ALC - LEGUEIROS,6417,15.6,313.0,144.0,87.0,40.0,1380.0,526.0
TikTok Ads,ALC - BLACK FRIDAY - NS,0,0.0,0.0,0.0,0.0,0.0,0.0,0.0
TikTok Ads,TRAF - NATAL 25,6894,32.62,1712.0,581.0,314.0,239.0,1953.0,1824.0
TikTok Ads,Alcance | Ritmi Mana Spolini,0,0.0,0.0,0.0,0.0,0.0,0.0,0.0
TikTok Ads,ALC - NATAL 25 02,16599,39.76,282.0,98.0,53.0,28.0,1231.0,239.0
TikTok Ads,ALC - LEGUEIROS,5791,12.54,151.0,67.0,45.0,22.0,895.0,287.0
TikTok Ads,ALC - NATAL 25 02,16939,42.08,524.0,213.0,129.0,83.0,767.0,195.0
TikTok Ads,ALC - LEGUEIROS,5514,13.45,168.0,81.0,57.0,28.0,949.0,338.0
TikTok Ads,TRAF - NATAL 25,7310,44.89,1267.0,595.0,384.0,313.0,1555.0,1358.0
TikTok Ads,TRAF - NATAL 25,14,0.0,7.0,4.0,2.0,2.0,9.0,4.0
TikTok Ads,ALC - BLACK FRIDAY - NS,0,0.0,0.0,0.0,0.0,0.0,0.0,0.0
TikTok Ads,TRAF - NATAL 25,7958,32.71,1550.0,552.0,280.0,189.0,1784.0,1677.0
TikTok Ads,ALC - NATAL 25,0,0.0,0.0,0.0,0.0,0.0,0.0,0.0
TikTok Ads,ALC - BLACK FRIDAY - NS,0,0.0,0.0,0.0,0.0,0.0,0.0,0.0
TikTok Ads,ALC - NATAL 25 02,14250,37.33,32.0,16.0,8.0,6.0,155.0,33.0
TikTok Ads,Alcance | Ritmi Mana Spolini,0,0.0,0.0,0.0,0.0,0.0,0.0,0.0
TikTok Ads,ALC - NATAL 25 02,14066,36.58,162.0,63.0,30.0,22.0,725.0,149.0
TikTok Ads,Alcance | Chillibeans Vini ,0,0.0,0.0,0.0,0.0,0.0,0.0,0.0
TikTok Ads,ALC - BLACK FRIDAY - NS,0,0.0,0.0,0.0,0.0,0.0,0.0,0.0
TikTok Ads,ALC - NATAL 25,0,0.0,0.0,0.0,0.0,0.0,0.0,0.0
TikTok Ads,ALC - LEGUEIROS,5535,11.78,193.0,90.0,50.0,20.0,1037.0,329.0
TikTok Ads,ALC - LEGUEIROS,4457,8.45,244.0,105.0,65.0,28.0,904.0,408.0
TikTok Ads,ALC - BLACK FRIDAY - NS,0,0.0,0.0,0.0,0.0,0.0,0.0,0.0
TikTok Ads,TRAF - NATAL 25,7114,41.71,1535.0,694.0,488.0,381.0,1854.0,1680.0
TikTok Ads,TRAF - NATAL 25,8762,29.28,1643.0,705.0,452.0,362.0,2009.0,1751.0
TikTok Ads,Alcance | Ritmi Mana Spolini,0,0.0,0.0,0.0,0.0,0.0,0.0,0.0
TikTok Ads,ALC - NATAL 25,0,0.0,0.0,0.0,0.0,0.0,0.0,0.0
TikTok Ads,ALC - NATAL 25 02,15104,37.83,70.0,30.0,17.0,13.0,293.0,71.0
TikTok Ads,ALC - BLACK FRIDAY - NS,0,0.0,0.0,0.0,0.0,0.0,0.0,0.0
TikTok Ads,ALC - NATAL 25 02,13991,38.36,31.0,11.0,8.0,4.0,177.0,33.0
TikTok Ads,ALC - LEGUEIROS,6752,16.4,220.0,105.0,56.0,22.0,1127.0,375.0
TikTok Ads,ALC - LEGUEIROS,0,0.0,0.0,0.0,0.0,0.0,0.0,0.0
TikTok Ads,ALC - NATAL 25 02,15454,40.06,231.0,73.0,44.0,27.0,517.0,106.0
TikTok Ads,TRAF - NATAL 25,7636,40.66,2413.0,943.0,603.0,473.0,2809.0,2649.0
TikTok Ads,TRAF - NATAL 25,10969,38.17,2362.0,956.0,609.0,497.0,2930.0,2509.0
TikTok Ads,Tráfego - App instal - NS,0,0.0,0.0,0.0,0.0,0.0,0.0,0.0
TikTok Ads,ALC - NATAL 25,0,0.0,0.0,0.0,0.0,0.0,0.0,0.0
TikTok Ads,ALC - LEGUEIROS,6509,11.58,127.0,49.0,27.0,17.0,913.0,230.0
TikTok Ads,ALC - BLACK FRIDAY - NS,0,0.0,0.0,0.0,0.0,0.0,0.0,0.0
TikTok Ads,TRAF - NATAL 25,6916,33.72,1203.0,418.0,244.0,183.0,1353.0,1288.0
TikTok Ads,Alcance | Giftcard ,0,0.0,0.0,0.0,0.0,0.0,0.0,0.0
TikTok Ads,Alcance | Ritmi Mana Spolini,0,0.0,0.0,0.0,0.0,0.0,0.0,0.0
TikTok Ads,ALC - NATAL 25 02,16194,35.29,76.0,31.0,24.0,14.0,340.0,89.0
TikTok Ads,ALC - NATAL 25 02,17632,43.46,281.0,91.0,53.0,29.0,1222.0,260.0
TikTok Ads,ALC - LEGUEIROS,5807,13.91,121.0,55.0,28.0,7.0,799.0,224.0
TikTok Ads,ALC - LEGUEIROS,6311,15.2,151.0,73.0,45.0,12.0,920.0,282.0
TikTok Ads,TRAF - NATAL 25,11955,39.19,2635.0,1056.0,648.0,513.0,3241.0,2859.0
TikTok Ads,TRAF - NATAL 25,6626,37.65,1631.0,656.0,399.0,282.0,1875.0,1709.0
TikTok Ads,Alcance | Chillibeans Vini ,0,0.0,0.0,0.0,0.0,0.0,0.0,0.0
TikTok Ads,Alcance | Giftcard ,0,0.0,0.0,0.0,0.0,0.0,0.0,0.0
TikTok Ads,TRAF - NATAL 25,7024,37.46,1735.0,651.0,375.0,283.0,2051.0,1879.0
TikTok Ads,ALC - NATAL 25,0,0.0,0.0,0.0,0.0,0.0,0.0,0.0
TikTok Ads,ALC - LEGUEIROS,6668,15.03,233.0,107.0,68.0,31.0,1190.0,430.0
TikTok Ads,ALC - NATAL 25 02,12592,35.57,41.0,9.0,6.0,2.0,209.0,39.0
TikTok Ads,ALC - NATAL 25 02,14428,28.63,54.0,19.0,11.0,7.0,258.0,61.0
TikTok Ads,ALC - NATAL 25 02,15888,41.16,271.0,91.0,47.0,31.0,1201.0,235.0
TikTok Ads,ALC - BLACK FRIDAY - NS,0,0.0,0.0,0.0,0.0,0.0,0.0,0.0
TikTok Ads,Alcance | Giftcard ,0,0.0,0.0,0.0,0.0,0.0,0.0,0.0
TikTok Ads,ALC - NATAL 25,0,0.0,0.0,0.0,0.0,0.0,0.0,0.0
TikTok Ads,ALC - LEGUEIROS,5406,13.27,100.0,37.0,21.0,9.0,729.0,194.0
TikTok Ads,ALC - NATAL 25,0,0.0,0.0,0.0,0.0,0.0,0.0,0.0
TikTok Ads,ALC - BLACK FRIDAY - NS,0,0.0,0.0,0.0,0.0,0.0,0.0,0.0
TikTok Ads,TRAF - NATAL 25,7987,31.97,1604.0,569.0,311.0,224.0,1964.0,1776.0
TikTok Ads,ALC - NATAL 25,0,0.0,0.0,0.0,0.0,0.0,0.0,0.0
TikTok Ads,ALC - NATAL 25 02,12367,37.05,48.0,13.0,8.0,6.0,248.0,65.0
TikTok Ads,ALC - BLACK FRIDAY - NS,0,0.0,0.0,0.0,0.0,0.0,0.0,0.0
TikTok Ads,ALC - LEGUEIROS,6124,15.76,271.0,118.0,71.0,30.0,1251.0,510.0
TikTok Ads,ALC - NATAL 25 02,40,0.0,0.0,0.0,0.0,0.0,1.0,0.0
TikTok Ads,ALC - NATAL 25 02,15393,41.64,246.0,80.0,43.0,24.0,1088.0,197.0
TikTok Ads,ALC - LEGUEIROS,6103,10.24,109.0,48.0,29.0,8.0,790.0,211.0
TikTok Ads,TRAF - NATAL 25,6881,34.21,1384.0,574.0,385.0,299.0,1707.0,1587.0
TikTok Ads,Alcance | Chillibeans Vini ,0,0.0,0.0,0.0,0.0,0.0,0.0,0.0
TikTok Ads,TRAF - NATAL 25,5834,32.01,1358.0,553.0,333.0,241.0,1631.0,1464.0
TikTok Ads,ALC - LEGUEIROS,5559,13.39,115.0,49.0,29.0,13.0,766.0,211.0
TikTok Ads,TRAF - NATAL 25,6566,34.39,1349.0,545.0,337.0,260.0,1523.0,1433.0
TikTok Ads,Alcance | Giftcard ,0,0.0,0.0,0.0,0.0,0.0,0.0,0.0
TikTok Ads,ALC - NATAL 25 02,13792,38.64,33.0,14.0,9.0,4.0,142.0,31.0
TikTok Ads,TRAF - NATAL 25,11785,35.86,2078.0,738.0,399.0,303.0,2669.0,2223.0
TikTok Ads,ALC - BLACK FRIDAY - NS,0,0.0,0.0,0.0,0.0,0.0,0.0,0.0
TikTok Ads,ALC - NATAL 25 02,15980,35.84,62.0,27.0,13.0,6.0,268.0,68.0
TikTok Ads,ALC - LEGUEIROS,6806,15.41,178.0,77.0,48.0,20.0,1073.0,330.0
TikTok Ads,ALC - LEGUEIROS,6569,16.61,316.0,141.0,84.0,30.0,1415.0,522.0
TikTok Ads,ALC - LEGUEIROS,5857,9.92,130.0,56.0,28.0,15.0,811.0,237.0
TikTok Ads,TRAF - NATAL 25,7224,32.3,1730.0,744.0,481.0,380.0,2158.0,1903.0
TikTok Ads,Alcance | Ritmi Mana Spolini,0,0.0,0.0,0.0,0.0,0.0,0.0,0.0
TikTok Ads,Alcance | Giftcard ,0,0.0,0.0,0.0,0.0,0.0,0.0,0.0
TikTok Ads,TRAF - NATAL 25,12568,35.72,2047.0,869.0,556.0,407.0,2576.0,2175.0
TikTok Ads,TRAF - NATAL 25,7554,37.82,1765.0,765.0,483.0,354.0,2287.0,2029.0
TikTok Ads,ALC - NATAL 25,0,0.0,0.0,0.0,0.0,0.0,0.0,0.0
TikTok Ads,ALC - NATAL 25 02,15932,40.82,306.0,111.0,55.0,29.0,1141.0,256.0
TikTok Ads,ALC - NATAL 25 02,15865,35.3,87.0,28.0,19.0,6.0,352.0,81.0
TikTok Ads,ALC - LEGUEIROS,6996,14.89,203.0,98.0,66.0,26.0,1095.0,359.0
TikTok Ads,ALC - NATAL 25,0,0.0,0.0,0.0,0.0,0.0,0.0,0.0
TikTok Ads,ALC - BLACK FRIDAY - NS,0,0.0,0.0,0.0,0.0,0.0,0.0,0.0
TikTok Ads,ALC - BLACK FRIDAY - NS,0,0.0,0.0,0.0,0.0,0.0,0.0,0.0
TikTok Ads,ALC - NATAL 25,0,0.0,0.0,0.0,0.0,0.0,0.0,0.0
TikTok Ads,ALC - NATAL 25,0,0.0,0.0,0.0,0.0,0.0,0.0,0.0
TikTok Ads,TRAF - NATAL 25,8290,35.35,964.0,334.0,189.0,139.0,1112.0,1037.0
TikTok Ads,Alcance | Giftcard ,0,0.0,0.0,0.0,0.0,0.0,0.0,0.0
TikTok Ads,ALC - NATAL 25 02,12795,39.8,27.0,11.0,4.0,2.0,131.0,34.0
TikTok Ads,ALC - NATAL 25,0,0.0,0.0,0.0,0.0,0.0,0.0,0.0
TikTok Ads,ALC - FERIAS NACOES SHOPPING,8555,13.41,132.0,67.0,33.0,15.0,845.0,183.0
TikTok Ads,ALC - NATAL 25 02,2,0.0,0.0,0.0,0.0,0.0,2.0,0.0
TikTok Ads,ALC - LIQUIDA,0,0.0,0.0,0.0,0.0,0.0,0.0,0.0
TikTok Ads,ALC - LIQUIDA,10382,19.54,183.0,90.0,60.0,45.0,413.0,86.0
TikTok Ads,ALC - LEGUEIROS,0,0.0,0.0,0.0,0.0,0.0,0.0,0.0
TikTok Ads,ALC - BLACK FRIDAY - NS,0,0.0,0.0,0.0,0.0,0.0,0.0,0.0
TikTok Ads,TRAF - NATAL 25,2,0.0,0.0,0.0,0.0,0.0,0.0,0.0
TikTok Ads,ALC - LEGUEIROS,0,0.0,0.0,0.0,0.0,0.0,0.0,0.0
TikTok Ads,ALC - BLACK FRIDAY - NS,0,0.0,0.0,0.0,0.0,0.0,0.0,0.0
TikTok Ads,ALC - NATAL 25,0,0.0,0.0,0.0,0.0,0.0,0.0,0.0
TikTok Ads,TRAF - NATAL 25,0,0.0,0.0,0.0,0.0,0.0,0.0,0.0
TikTok Ads,ALC - NATAL 25 02,0,0.0,0.0,0.0,0.0,0.0,0.0,0.0
TikTok Ads,ALC - FERIAS NACOES SHOPPING,7506,11.09,98.0,42.0,23.0,16.0,615.0,119.0
TikTok Ads,ALC - NATAL 25 02,0,0.0,0.0,0.0,0.0,0.0,0.0,0.0
TikTok Ads,ALC - Bloko Rosa,16449,32.39,132.0,52.0,24.0,16.0,1415.0,332.0
TikTok Ads,ALC - LEGUEIROS,0,0.0,0.0,0.0,0.0,0.0,0.0,0.0
TikTok Ads,TRAF - NATAL 25,0,0.0,0.0,0.0,0.0,0.0,0.0,0.0
TikTok Ads,ALC - LIQUIDA,0,0.0,0.0,0.0,0.0,0.0,0.0,0.0
TikTok Ads,ALC - LIQUIDA,12558,20.88,244.0,105.0,62.0,51.0,556.0,97.0
TikTok Ads,ALC - NATAL 25,0,0.0,0.0,0.0,0.0,0.0,0.0,0.0
TikTok Ads,ALC - NATAL 25 02,0,0.0,0.0,0.0,0.0,0.0,0.0,0.0
TikTok Ads,ALC - FERIAS NACOES SHOPPING,6218,11.5,82.0,31.0,16.0,10.0,490.0,100.0
TikTok Ads,ALC - NATAL 25,0,0.0,0.0,0.0,0.0,0.0,0.0,0.0
TikTok Ads,ALC - LEGUEIROS,0,0.0,0.0,0.0,0.0,0.0,0.0,0.0
TikTok Ads,ALC - NATAL 25,0,0.0,0.0,0.0,0.0,0.0,0.0,0.0
TikTok Ads,ALC - LIQUIDA,11192,18.91,184.0,82.0,55.0,37.0,438.0,83.0
TikTok Ads,ALC - FERIAS NACOES SHOPPING,7301,12.53,112.0,51.0,27.0,20.0,735.0,130.0
TikTok Ads,ALC - Bloko Rosa,17457,33.31,128.0,49.0,19.0,6.0,1561.0,322.0
TikTok Ads,TRAF - NATAL 25,0,0.0,0.0,0.0,0.0,0.0,0.0,0.0
TikTok Ads,ALC - NATAL 25 02,0,0.0,0.0,0.0,0.0,0.0,0.0,0.0
TikTok Ads,ALC - NATAL 25,0,0.0,0.0,0.0,0.0,0.0,0.0,0.0
TikTok Ads,ALC - LIQUIDA,11746,20.02,200.0,90.0,56.0,42.0,495.0,79.0
TikTok Ads,ALC - LEGUEIROS,0,0.0,0.0,0.0,0.0,0.0,0.0,0.0
TikTok Ads,TRAF - NATAL 25,2,0.0,1.0,1.0,1.0,1.0,2.0,1.0
TikTok Ads,ALC - NATAL 25,0,0.0,0.0,0.0,0.0,0.0,0.0,0.0
TikTok Ads,ALC - NATAL 25 02,0,0.0,0.0,0.0,0.0,0.0,0.0,0.0
TikTok Ads,ALC - LIQUIDA,10658,18.24,195.0,78.0,47.0,40.0,414.0,89.0
TikTok Ads,ALC - FERIAS NACOES SHOPPING,6785,12.2,109.0,46.0,30.0,22.0,611.0,125.0
TikTok Ads,ALC - NATAL 25 02,4,0.0,0.0,0.0,0.0,0.0,0.0,0.0
TikTok Ads,ALC - LEGUEIROS,0,0.0,0.0,0.0,0.0,0.0,0.0,0.0
TikTok Ads,ALC - Bloko Rosa,7197,11.33,42.0,8.0,2.0,2.0,582.0,135.0
TikTok Ads,TRAF - NATAL 25,0,0.0,0.0,0.0,0.0,0.0,0.0,0.0
TikTok Ads,ALC - Smart Zoo,7196,9.87,171.0,65.0,36.0,27.0,807.0,145.0
TikTok Ads,ALC - FERIAS NACOES SHOPPING,4705,9.92,80.0,40.0,25.0,16.0,416.0,89.0
TikTok Ads,ALC - NATAL 25 02,0,0.0,0.0,0.0,0.0,0.0,0.0,0.0
TikTok Ads,ALC - NATAL 25 02,7,0.0,0.0,0.0,0.0,0.0,1.0,0.0
TikTok Ads,ALC - LIQUIDA,0,0.0,0.0,0.0,0.0,0.0,0.0,0.0
TikTok Ads,ALC - LIQUIDA,10371,18.54,158.0,59.0,37.0,25.0,412.0,65.0
TikTok Ads,ALC - FERIAS NACOES SHOPPING,8656,14.2,97.0,45.0,22.0,15.0,702.0,117.0
TikTok Ads,ALC - BLACK FRIDAY - NS,0,0.0,0.0,0.0,0.0,0.0,0.0,0.0
TikTok Ads,TRAF - NATAL 25,0,0.0,0.0,0.0,0.0,0.0,0.0,0.0
TikTok Ads,ALC - LIQUIDA,11845,20.09,239.0,82.0,52.0,42.0,520.0,89.0
TikTok Ads,ALC - FERIAS NACOES SHOPPING,4068,4.88,34.0,12.0,6.0,3.0,246.0,45.0
TikTok Ads,Traffic - Promo Natal,0,0.0,0.0,0.0,0.0,0.0,0.0,0.0
TikTok Ads,ALC - Carna PET,18940,36.73,253.0,86.0,49.0,37.0,1636.0,293.0
TikTok Ads,TRAF - NATAL 25,0,0.0,0.0,0.0,0.0,0.0,0.0,0.0
TikTok Ads,ALC - NATAL 25 02,0,0.0,0.0,0.0,0.0,0.0,0.0,0.0
TikTok Ads,ALC - FERIAS NACOES SHOPPING,7020,11.18,56.0,30.0,17.0,10.0,442.0,71.0
TikTok Ads,ALC - LEGUEIROS,0,0.0,0.0,0.0,0.0,0.0,0.0,0.0
TikTok Ads,ALC - LEGUEIROS,0,0.0,0.0,0.0,0.0,0.0,0.0,0.0
TikTok Ads,TRAF - NATAL 25,2,0.0,1.0,1.0,1.0,1.0,1.0,1.0
TikTok Ads,ALC - NATAL 25 02,0,0.0,0.0,0.0,0.0,0.0,0.0,0.0
TikTok Ads,ALC - LIQUIDA,0,0.0,0.0,0.0,0.0,0.0,0.0,0.0
TikTok Ads,ALC - LIQUIDA,11710,20.05,207.0,98.0,62.0,49.0,463.0,89.0
TikTok Ads,ALC - FERIAS NACOES SHOPPING,8936,13.77,121.0,54.0,27.0,17.0,676.0,147.0
TikTok Ads,ALC - NATAL 25 02,0,0.0,0.0,0.0,0.0,0.0,0.0,0.0
TikTok Ads,ALC - Smart Zoo,12463,19.0,349.0,135.0,76.0,57.0,1579.0,292.0
TikTok Ads,ALC - Smart Zoo,10837,19.08,345.0,135.0,79.0,56.0,1505.0,287.0
TikTok Ads,TRAF - NATAL 25,0,0.0,0.0,0.0,0.0,0.0,0.0,0.0
TikTok Ads,TRAF - NATAL 25,1,0.0,1.0,0.0,0.0,0.0,1.0,1.0
TikTok Ads,ALC - FERIAS NACOES SHOPPING,8401,12.58,67.0,28.0,15.0,10.0,554.0,85.0
TikTok Ads,ALC - LIQUIDA,10738,17.63,210.0,96.0,63.0,44.0,458.0,97.0
TikTok Ads,ALC - NATAL 25,0,0.0,0.0,0.0,0.0,0.0,0.0,0.0
TikTok Ads,ALC - NATAL 25 02,0,0.0,0.0,0.0,0.0,0.0,0.0,0.0
TikTok Ads,ALC - NATAL 25 02,0,0.0,0.0,0.0,0.0,0.0,0.0,0.0
TikTok Ads,ALC - FERIAS NACOES SHOPPING,8641,13.64,103.0,52.0,25.0,13.0,735.0,130.0
TikTok Ads,ALC - LIQUIDA,9999,18.94,169.0,76.0,46.0,35.0,421.0,81.0
TikTok Ads,ALC - LEGUEIROS,0,0.0,0.0,0.0,0.0,0.0,0.0,0.0
TikTok Ads,ALC - Carna PET,18256,36.44,241.0,82.0,44.0,25.0,1506.0,276.0
TikTok Ads,TRAF - NATAL 25,0,0.0,0.0,0.0,0.0,0.0,0.0,0.0
TikTok Ads,ALC - FERIAS NACOES SHOPPING,5774,9.41,48.0,16.0,9.0,6.0,363.0,67.0
TikTok Ads,ALC - NATAL 25,0,0.0,0.0,0.0,0.0,0.0,0.0,0.0
TikTok Ads,ALC - FERIAS NACOES SHOPPING,7616,12.16,65.0,29.0,18.0,7.0,541.0,100.0
TikTok Ads,ALC - BLACK FRIDAY - NS,0,0.0,0.0,0.0,0.0,0.0,0.0,0.0
TikTok Ads,ALC - LIQUIDA,8470,16.96,142.0,69.0,44.0,30.0,338.0,64.0
TikTok Ads,ALC - Smart Zoo,10768,19.16,306.0,130.0,80.0,53.0,1453.0,266.0
TikTok Ads,ALC - LEGUEIROS,0,0.0,0.0,0.0,0.0,0.0,0.0,0.0
TikTok Ads,ALC - BLACK FRIDAY - NS,0,0.0,0.0,0.0,0.0,0.0,0.0,0.0
TikTok Ads,ALC - LEGUEIROS,0,0.0,0.0,0.0,0.0,0.0,0.0,0.0
TikTok Ads,TRAF - NATAL 25,0,0.0,0.0,0.0,0.0,0.0,0.0,0.0
TikTok Ads,Alcance | Giftcard ,0,0.0,0.0,0.0,0.0,0.0,0.0,0.0
TikTok Ads,Tráfego - App instal - NS,0,0.0,0.0,0.0,0.0,0.0,0.0,0.0
TikTok Ads,ALC - NATAL 25 02,0,0.0,0.0,0.0,0.0,0.0,0.0,0.0
TikTok Ads,ALC - FERIAS NACOES SHOPPING,5215,8.08,41.0,14.0,6.0,2.0,294.0,53.0
TikTok Ads,ALC - NATAL 25 02,0,0.0,0.0,0.0,0.0,0.0,0.0,0.0
TikTok Ads,TRAF - NATAL 25,0,0.0,0.0,0.0,0.0,0.0,0.0,0.0
TikTok Ads,TRAF - NATAL 25,0,0.0,0.0,0.0,0.0,0.0,0.0,0.0
TikTok Ads,ALC - Carna PET,7672,12.25,74.0,23.0,15.0,7.0,536.0,91.0
TikTok Ads,ALC - FERIAS NACOES SHOPPING,8707,13.71,132.0,59.0,33.0,23.0,803.0,154.0
TikTok Ads,ALC - LIQUIDA,8355,18.39,171.0,80.0,57.0,43.0,436.0,82.0
TikTok Ads,ALC - BLACK FRIDAY - NS,0,0.0,0.0,0.0,0.0,0.0,0.0,0.0
TikTok Ads,ALC - Smart Zoo,10900,19.71,357.0,159.0,94.0,71.0,1692.0,342.0
TikTok Ads,ALC - NATAL 25 02,3,0.0,0.0,0.0,0.0,0.0,0.0,0.0
TikTok Ads,ALC - NATAL 25 02,0,0.0,0.0,0.0,0.0,0.0,0.0,0.0
TikTok Ads,ALC - LIQUIDA,5345,7.1,96.0,40.0,19.0,17.0,193.0,44.0
TikTok Ads,ALC - FERIAS NACOES SHOPPING,2164,3.49,22.0,7.0,2.0,0.0,147.0,28.0
TikTok Ads,TRAF - NATAL 25,1,0.0,2.0,2.0,1.0,1.0,3.0,3.0
TikTok Ads,ALC - FERIAS NACOES SHOPPING,7360,12.24,84.0,33.0,22.0,13.0,600.0,105.0
TikTok Ads,ALC - BLACK FRIDAY - NS,0,0.0,0.0,0.0,0.0,0.0,0.0,0.0
TikTok Ads,ALC - LIQUIDA,2968,6.62,63.0,26.0,12.0,8.0,133.0,30.0
TikTok Ads,ALC - Bloko Rosa,12752,29.89,105.0,47.0,21.0,13.0,1157.0,273.0
TikTok Ads,ALC - Carna PET,0,0.0,0.0,0.0,0.0,0.0,0.0,0.0
TikTok Ads,ALC - NATAL 25 02,0,0.0,0.0,0.0,0.0,0.0,0.0,0.0
TikTok Ads,ALC - NATAL 25 02,0,0.0,0.0,0.0,0.0,0.0,0.0,0.0
TikTok Ads,ALC - Smart Zoo,6869,11.38,117.0,42.0,26.0,18.0,622.0,103.0
TikTok Ads,ALC - Smart Zoo,10271,18.04,296.0,129.0,73.0,52.0,1321.0,268.0
TikTok Ads,ALC - Smart Zoo,12793,18.76,316.0,135.0,93.0,72.0,1343.0,240.0
TikTok Ads,ALC - Carna PET,18632,33.78,233.0,90.0,43.0,27.0,1459.0,270.0
TikTok Ads,ALC - Bloko Rosa,14657,28.1,73.0,31.0,18.0,13.0,923.0,189.0
TikTok Ads,ALC - Bloko Rosa,0,0.0,0.0,0.0,0.0,0.0,0.0,0.0
TikTok Ads,ALC - Carna PET,16818,31.27,178.0,61.0,33.0,23.0,1167.0,214.0
TikTok Ads,TRAF - NATAL 25,0,0.0,0.0,0.0,0.0,0.0,0.0,0.0
TikTok Ads,ALC - Smart Zoo,0,0.0,0.0,0.0,0.0,0.0,0.0,0.0
TikTok Ads,ALC - Smart Zoo,11534,17.24,215.0,88.0,51.0,34.0,1084.0,219.0
TikTok Ads,ALC - Smart Zoo,11077,20.2,405.0,154.0,96.0,64.0,1618.0,331.0
TikTok Ads,ALC - Smart Zoo,11417,15.84,145.0,59.0,35.0,22.0,879.0,151.0
TikTok Ads,ALC - Smart Zoo,9969,18.98,333.0,145.0,79.0,65.0,1479.0,285.0
TikTok Ads,TRAF - NATAL 25,0,0.0,0.0,0.0,0.0,0.0,0.0,0.0
TikTok Ads,ALC - Carna PET,15216,33.04,195.0,63.0,36.0,22.0,1203.0,223.0
TikTok Ads,ALC - Bloko Rosa,13991,30.05,119.0,45.0,28.0,14.0,1158.0,280.0
TikTok Ads,TRAF - NATAL 25,0,0.0,0.0,0.0,0.0,0.0,0.0,0.0
TikTok Ads,ALC - FERIAS NACOES SHOPPING,0,0.0,0.0,0.0,0.0,0.0,0.0,0.0
TikTok Ads,ALC - Smart Zoo,2044,3.25,39.0,16.0,8.0,6.0,211.0,43.0
TikTok Ads,ALC - Smart Zoo,8968,16.9,280.0,115.0,67.0,40.0,1206.0,264.0
TikTok Ads,ALC - Smart Zoo,11720,18.61,319.0,122.0,79.0,60.0,1349.0,242.0
TikTok Ads,ALC - Bloko Rosa,15903,29.26,89.0,29.0,14.0,11.0,1050.0,244.0
TikTok Ads,ALC - Smart Zoo,8479,14.61,189.0,71.0,36.0,24.0,916.0,178.0
TikTok Ads,ALC - Smart Zoo,12188,18.44,243.0,84.0,46.0,31.0,1091.0,210.0
TikTok Ads,ALC - Smart Zoo,10767,18.57,423.0,164.0,86.0,62.0,1670.0,350.0
TikTok Ads,ALC - LIQUIDA,0,0.0,0.0,0.0,0.0,0.0,0.0,0.0
TikTok Ads,ALC - Bloko Rosa,0,0.0,0.0,0.0,0.0,0.0,0.0,0.0
TikTok Ads,ALC - Carna PET,13790,33.04,205.0,77.0,42.0,24.0,1229.0,243.0
TikTok Ads,ALC - FERIAS NACOES SHOPPING,0,0.0,0.0,0.0,0.0,0.0,0.0,0.0
TikTok Ads,ALC - LIQUIDA,0,0.0,0.0,0.0,0.0,0.0,0.0,0.0
TikTok Ads,ALC - Smart Zoo,10159,15.54,178.0,76.0,48.0,33.0,878.0,169.0
TikTok Ads,ALC - Smart Zoo,9109,18.45,299.0,123.0,84.0,55.0,1256.0,253.0
TikTok Ads,ALC - Bloko Rosa,17022,30.54,138.0,41.0,19.0,10.0,1486.0,321.0
TikTok Ads,ALC - Carna PET,0,0.0,0.0,0.0,0.0,0.0,0.0,0.0
TikTok Ads,ALC - Carna PET,7194,15.27,71.0,25.0,13.0,8.0,451.0,84.0
TikTok Ads,ALC - Carna PET,20557,34.76,280.0,94.0,55.0,40.0,1651.0,324.0
TikTok Ads,ALC - Bloko Rosa,14650,31.03,84.0,27.0,12.0,6.0,1084.0,229.0
TikTok Ads,ALC - Smart Zoo,7699,13.25,181.0,72.0,40.0,25.0,828.0,164.0
TikTok Ads,ALC - Smart Zoo,11286,18.0,242.0,107.0,58.0,37.0,1025.0,213.0
TikTok Ads,ALC - Smart Zoo,9600,18.22,335.0,141.0,92.0,61.0,1272.0,250.0
TikTok Ads,ALC - Smart Zoo,5650,12.04,107.0,35.0,18.0,9.0,574.0,100.0
TikTok Ads,ALC - Smart Zoo,10651,18.12,240.0,90.0,52.0,40.0,1103.0,216.0
TikTok Ads,ALC - Smart Zoo,11442,18.94,276.0,123.0,79.0,66.0,1174.0,206.0
TikTok Ads,ALC - Carna PET,0,0.0,0.0,0.0,0.0,0.0,0.0,0.0
TikTok Ads,ALC - Bloko Rosa,6973,12.45,35.0,14.0,8.0,3.0,489.0,99.0
TikTok Ads,ALC - FERIAS NACOES SHOPPING,0,0.0,0.0,0.0,0.0,0.0,0.0,0.0
TikTok Ads,ALC - NATAL 25 02,0,0.0,0.0,0.0,0.0,0.0,0.0,0.0
TikTok Ads,ALC - Smart Zoo,8981,15.15,182.0,73.0,45.0,31.0,901.0,165.0
TikTok Ads,ALC - Smart Zoo,11900,19.58,264.0,104.0,67.0,45.0,1222.0,260.0
TikTok Ads,ALC - Bloko Rosa,18871,31.47,119.0,44.0,20.0,11.0,1575.0,335.0
TikTok Ads,ALC - Bloko Rosa,0,0.0,0.0,0.0,0.0,0.0,0.0,0.0
TikTok Ads,ALC - Smart Zoo,8598,16.27,215.0,72.0,43.0,34.0,1010.0,200.0
TikTok Ads,ALC - Smart Zoo,10962,18.79,300.0,113.0,71.0,53.0,1349.0,268.0
TikTok Ads,ALC - Carna PET,15714,33.4,183.0,67.0,27.0,16.0,1113.0,200.0
TikTok Ads,ALC - FERIAS NACOES SHOPPING,0,0.0,0.0,0.0,0.0,0.0,0.0,0.0
TikTok Ads,ALC - NATAL 25 02,0,0.0,0.0,0.0,0.0,0.0,0.0,0.0
TikTok Ads,TRAF - NATAL 25,0,0.0,0.0,0.0,0.0,0.0,0.0,0.0
TikTok Ads,ALC - Carna PET,0,0.0,0.0,0.0,0.0,0.0,0.0,0.0
TikTok Ads,ALC - NATAL 25,0,0.0,0.0,0.0,0.0,0.0,0.0,0.0
TikTok Ads,ALC - Smart Zoo,0,0.0,0.0,0.0,0.0,0.0,0.0,0.0
TikTok Ads,ALC - NATAL 25 02,0,0.0,0.0,0.0,0.0,0.0,0.0,0.0
TikTok Ads,TRAF - NATAL 25,0,0.0,0.0,0.0,0.0,0.0,0.0,0.0
TikTok Ads,TRAF - NATAL 25,0,0.0,0.0,0.0,0.0,0.0,0.0,0.0
TikTok Ads,Tráfego - App instal - NS,0,0.0,0.0,0.0,0.0,0.0,0.0,0.0
TikTok Ads,ALC - LEGUEIROS,0,0.0,0.0,0.0,0.0,0.0,0.0,0.0
TikTok Ads,ALC - BLACK FRIDAY - NS,0,0.0,0.0,0.0,0.0,0.0,0.0,0.0
TikTok Ads,TRAF - NATAL 25,0,0.0,0.0,0.0,0.0,0.0,0.0,0.0
TikTok Ads,TRAF - PROMO MAES,4483,19.46,1332.0,547.0,313.0,244.0,1803.0,1475.0
TikTok Ads,ALC - PROMO MAES,11495,20.04,65.0,16.0,10.0,6.0,532.0,84.0
TikTok Ads,TRAF - NATAL 25,0,0.0,0.0,0.0,0.0,0.0,0.0,0.0
TikTok Ads,ALC - Smart Zoo,0,0.0,0.0,0.0,0.0,0.0,0.0,0.0
TikTok Ads,TRAF - PROMO MAES,14561,55.92,3744.0,1572.0,992.0,782.0,5002.0,4145.0
TikTok Ads,ALC - PROMO MAES,28242,47.49,204.0,76.0,45.0,32.0,1665.0,273.0
TikTok Ads,TRAF - PROMO MAES,121,0.67,9.0,3.0,3.0,3.0,36.0,11.0
TikTok Ads,ALC - PROMO MAES,11818,20.84,144.0,51.0,30.0,21.0,967.0,217.0
TikTok Ads,ALC - FERIAS NACOES SHOPPING,0,0.0,0.0,0.0,0.0,0.0,0.0,0.0
TikTok Ads,TRAF - PROMO MAES,6444,33.04,2002.0,1126.0,720.0,467.0,2857.0,2489.0
TikTok Ads,ALC - PROMO MAES,27067,56.92,319.0,152.0,99.0,69.0,2285.0,508.0
TikTok Ads,TRAF - PROMO MAES,15215,52.9,3363.0,1229.0,766.0,579.0,4510.0,3694.0
TikTok Ads,TRAF - PROMO MAES,13454,54.69,3310.0,1398.0,921.0,730.0,4517.0,3656.0
TikTok Ads,ALC - PROMO MAES,25997,47.88,199.0,88.0,57.0,34.0,1557.0,284.0
TikTok Ads,TRAF - PROMO MAES,5792,26.29,1572.0,606.0,391.0,303.0,2071.0,1675.0
TikTok Ads,ALC - PROMO MAES,11122,23.55,94.0,37.0,25.0,15.0,698.0,127.0
TikTok Ads,ALC - PROMO MAES,26086,48.01,192.0,69.0,40.0,31.0,1476.0,288.0
TikTok Ads,TRAF - NATAL 25,0,0.0,0.0,0.0,0.0,0.0,0.0,0.0
