shopping,plataforma,tipo_post,data,caption,likes,comentarios,salvos,compartilhamentos,alcance,impressoes,engajamento
CS,Instagram,Reel,2026-05-07,"O amor de mãe merece ser celebrado em grande estilo!

E aqui no Continente Shopping, além de encontrar o presente perfeito, você ainda pode concorrer ao incrível Jaecoo 7 Luxury, um SUV híbrido de lux",9,0,0,4,1857,0,13
CS,Instagram,Reel,2026-05-07,"Se você está com dúvidas de como presenteá-la nessa data especial, nós ajudamos você. 🤍

Encontre o presente perfeito no Continente Shopping. Você tem a chance de conquistar o incrível Jaecoo 7 Luxury",19,3,0,4,1408,0,26
CS,Instagram,Reel,2026-05-06,"Mocassins no guarda-roupa masculino: tendência de estilo e conforto. 

Um clássico da @homemdosapato.floripa com solado robusto, design marcante e bridão exclusivo. Versátil, vai do casual ao fashion,",33,6,1,0,1245,0,40
CS,Instagram,Reel,2026-05-06,"Se você sonha com um SUV híbrido de luxo, potente e repleto de tecnologia de última geração, o Jaecoo 7 Luxury é para você.

Com 330 cavalos de potência, assistente de voz IA e um interior de alta qua",37,1,0,5,1432,0,43
CS,Instagram,Carrossel,2026-05-05,"🚒 Operação Bombeiro no Maternar

Você sabe como agir em uma emergência com um bebê? Esse conhecimento pode salvar vidas.

Convidamos você para participar de um momento especial de aprendizado e preven",32,2,1,13,1749,0,48
CS,Instagram,Reel,2026-05-05,"A pré-estreia de O Diabo Veste Prada 2 foi um desfile de looks icônicos. Qual foi o seu favorito? ✨

#continenteshopping #odiabovesteprada2 #filme #cinema #moda",41,13,0,4,1514,0,58
CS,Instagram,Carrossel,2026-05-05,"O que acontece quando você entra em uma @allminioficial pela primeira vez?

Cuidado: é um caminho sem volta! Cada corredor é uma nova surpresa e cada item é um “mimo” que você não sabia que precisava,",919,7,56,540,15985,0,1522
CS,Instagram,Reel,2026-05-04,"Uma noite de estilo, sofisticação e muita moda. O Diabo Veste Prada 2 ainda nos inspira!

Assista ao filme nas telas da @cinepolisbrasil 

#continenteshopping #odiabovesteprada2 #cinema",103,17,1,19,2959,0,140
CS,Instagram,Carrossel,2026-05-04,"Existem diversas formas de demonstrar o amor. Presentear é uma delas

Neste Dia das Mães, surpreenda quem você ama com @oboticario que mais combina com ela e torne esse dia ainda mais especial 💚

#OBo",14,1,1,4,727,0,20
CS,Instagram,Carrossel,2026-05-04,"Tem coisa no Continente Shopping que você talvez nem saiba que existe.

Além das compras e do lazer, existem vários serviços por aqui que podem facilitar sua rotina de um jeito que você nem imagina.

",12,1,3,8,1023,0,24
CS,Instagram,Reel,2026-05-03,"ASMR do seu futuro Jaecoo 7 Luxury híbrido! O carro mais tecnológico e sofisticado pode ser seu.

A cada R$300 em compras, cadastre seus cupons no App AJFans, ganhe 1 número da sorte e concorra ao inc",59,5,4,35,4425,0,103
CS,Instagram,Carrossel,2026-05-03,"Missão de Dia das Mães: achar um presente que acompanhe o ritmo, valorize o jeito dela e esteja à altura de tudo que sua mãe é. Difícil? A gente te ajuda!

Qual desses presentes da @riachuelo é a cara",16,1,2,2,1491,0,21
CS,Instagram,Carrossel,2026-05-02,"Sabe o que toda mamãe tem em comum? Todas sabem que, na maternidade, os dias são longos, mas os anos são curtos. 

Por isso, nesse Dia das Mães, escolha presentes que transbordam cuidado. Qual dessas ",4,0,0,1,1177,0,5
CS,Instagram,Reel,2026-05-02,"O ponto oficial da torcida no Continente Shopping já está pronto para reunir amigos, completar o álbum e viver a emoção da Copa juntos!

Nosso espaço oficial de Troca de Figurinhas chegou para transfo",146,11,10,104,5891,0,271
CS,Instagram,Reel,2026-05-01,"Que tal comemorar o Dia das Mães com um presente de luxo? ✨🎁

O Jaecoo 7 Luxury é um SUV híbrido repleto de inovação, potência e sofisticação. Com 330 cavalos de potência, ele combina performance de s",81,12,3,21,7820,0,117
CS,Instagram,Carrossel,2026-04-30,"A gente sabe que ter uma mãe incrível eleva o padrão, o que significa que a escolha do presente perfeito não é uma missão simples. A boa notícia? A @arezzo.continente resolveu isso por você.

Deslize ",14,0,0,0,1388,0,14
CS,Instagram,Carrossel,2026-04-30,"A moda nunca foi tão poderosa. E o Continente Shopping foi o lugar onde tudo aconteceu! 💋✨ 

#ODiaboVestePrada2 #continenteshopping #cinema",795,25,13,198,13274,0,1031
CS,Instagram,Carrossel,2026-04-28,"🎮✨ Campeonato EA FC26 no Continente Shopping!

Chegou a hora de mostrar suas habilidades no FIFA! 

Participe do nosso campeonato gratuito de EA Sports FC 26 e concorra a grandes emoções e prêmios! A ",217,7,11,248,7638,0,483
CS,Instagram,Carrossel,2026-04-28,"Parabéns, Marcela! 🎉 Agora é só aproveitar toda a tecnologia e a performance do novo iPhone. 📸

Para você que participou: continue cadastrando suas notas e acumulando pontos no app. Novas oportunidade",128,7,0,25,4645,0,160
CS,Instagram,Carrossel,2026-04-28,"Cada mãe carrega um estilo próprio: clássico, moderno, romântico... É nessa singularidade que mora a arte de presentear.

Navegue pelas nossas escolhas da @mrcat_continenteshopping e descubra qual mai",15,0,1,0,1038,0,16
CS,Instagram,Carrossel,2026-04-27,"O cuidado dela sempre esteve nos detalhes: no toque, no acolhimento e no tempo dedicado a fazer tudo florescer.

Neste Dia das Mães, o convite é retribuir com a mesma delicadeza: presentes que acolhem",10,1,0,0,1038,0,11
CS,Instagram,Carrossel,2026-04-27,"Uma das peças favoritas da @silviabraz tem nome: vestido Paisley!

E por aqui, você confere mais sobre a estampa, que tem inspiração nos 70 e é ideal para levar um toque boho aos looks.

Descubra as p",50,0,1,0,3324,0,51
CS,Instagram,Carrossel,2026-04-27,"No dia 1º de maio, nossas lojas e quiosques estarão fechados, mas a alimentação e o lazer funcionam normalmente, das 11h às 22h.

Um convite pra aproveitar o dia no Continente Shopping.

#continentesh",139,1,6,74,10215,0,220
CS,Instagram,Reel,2026-04-27,"O Dia das Mães se aproxima… e com ele, a chance de transformar esse momento em algo ainda mais especial 

No Continente Shopping, cada escolha pode ir além do presente. A cada R$300 em compras, você g",37,1,3,11,1857,0,52
CS,Instagram,Carrossel,2026-04-27,"Tem coisa no Continente Shopping que você talvez nem saiba que existe.

Além das compras e do lazer, existem vários serviços por aqui que podem facilitar sua rotina de um jeito que você nem imagina.

",34,2,2,9,1657,0,47
CS,Instagram,Reel,2026-04-26,"O passo certo para atualizar o visual! 👞

Se você quer saber quais sapatos masculinos estão dominando a temporada, acabou de encontrar o guia definitivo com o consultor de moda e estilo @felipedenigri",127,34,4,28,2369,0,193
CS,Instagram,Reel,2026-04-26,"O Evento mais icônico do ano está chegando!

Garanta o seu lugar na primeira fileira. O Diabo Veste Prada 2 está chegando no Continente Shopping, e as vendas dos ingressos já estão disponíveis na @cin",1139,29,20,420,22873,0,1608
CS,Instagram,Carrossel,2026-04-26,"Ele começa como um balde de pipoca… e termina como tudo o que você quiser. ✨👠
 
Organizador, porta-joias, nécessaire, cantinho de autocuidado. Um colecionável que vai muito além do cinema.
 
Porque qu",1741,40,65,1209,38452,0,3055
CS,Instagram,Reel,2026-04-25,"Que aventura linda vivemos hoje! 🐾✨

O musical da Aventura Canina no Continente Shopping foi cheio de alegria, risadas e momentos especiais.
Só temos a agradecer a cada família que esteve presente e f",255,16,6,89,5522,0,366
CS,Instagram,Reel,2026-04-25,"Começou a contagem regressiva por aqui 🍿✨

#DiaboVestePrada2 já está dando o que falar, e nada melhor do que entrar no clima com uma trend inspirada no clássico que todo mundo ama.

E fica o questiona",296,18,9,28,10491,0,351
CS,Instagram,Carrossel,2026-04-24,"📱 O iPhone 17 já tem novos donos! ✨

A sorte brilhou para quem utilizou o App AJFans! Confira quem garantiu o prêmio aqui no Continente Shopping:

🏆 Ganhador(a): Marcel Silva Fuch

Parabéns! 🎉 Agora é",52,14,2,17,3696,0,85
CS,Instagram,Carrossel,2026-04-23,"#tbt pra lembrar como tudo começou 🍔✨

A pré-inauguração do @bombeefburgers foi cheia de momentos especiais, ainda mais com a presença da criançada da @ongcvm deixando tudo mais leve e cheio de energi",152,5,8,15,9514,0,180
CS,Instagram,Reel,2026-04-23,"Uma tarde pra viver em família no Continente Shopping 🐾💙

Neste sábado, dia 25 de abril, o Continente Shopping recebe o Musical da Aventura Canina, um espetáculo cheio de música, diversão e personagen",120,4,12,172,4616,0,308
CS,Instagram,Carrossel,2026-04-23,"O Dia das Mães está chegando, e a oportunidade de ganhar um presente de luxo também! 💐 No Continente Shopping, você tem a chance de conquistar o incrível Jaecoo 7 Luxury, o SUV híbrido de luxo, a cada",35,1,5,17,5343,0,58
CS,Instagram,Reel,2026-04-23,"ELE CHEGOU! O prêmio da nossa promoção de Mães: um Jaecoo 7 Luxury, que presentão hein? 

A cada R$ 300,00 em compras no Continente Shopping você ganha 1 número da sorte e concorre a esse super carro.",90,8,2,27,3941,0,127
CS,Instagram,Carrossel,2026-04-22,"O Super Games chegou no Continente Shopping com uma experiência interativa que reúne o melhor dos videogames de todas as gerações.

Dos clássicos que marcaram época às tecnologias mais avançadas da at",55,3,2,28,2467,0,88
CS,Instagram,Carrossel,2026-04-22,"O Continente Shopping recebe neste sábado (25/04), um dos maiores encontros de conversíveis do Brasil, reunindo modelos incríveis e apaixonados por carros em um só lugar.

Pra quem participa, é experi",731,9,36,542,13754,0,1318
CS,Instagram,Carrossel,2026-04-21,"As semifinais da Liga dos Campeões vão ganhar tela grande no Continente Shopping, com transmissão na Praça de Alimentação para você acompanhar cada lance.

Chama a galera, escolhe seu lugar favorito e",41,0,3,5,3187,0,49
CS,Instagram,Reel,2026-04-21,"Só de olhar já sabemos a resposta, né? 😂 

Assista #Michael nas telas da @cinepolisbrasil, sessões a partir de 21/04. Te esperamos aqui! 

#continenteshopping #shopping #cinema #saojose",424,25,10,55,10540,0,514
CS,Instagram,Reel,2026-04-20,"Você entrou na @allminioficial do Continente Shopping e não conseguiu sair sem as comidinhas mais diferentes do mundo! 🍡🥤✨

A loja inaugurou hoje e está cheia de novidades em papelaria, mimos e, claro",1757,34,171,2495,31213,0,4457
CS,Instagram,Carrossel,2026-04-18,"Tem coisas que o tempo muda.
Outras, ele só melhora. 🎮

Os videogames evoluíram, os gráficos ficaram mais realistas, os controles mais modernos…
mas a sensação de jogar, de passar de fase e de compart",86,2,5,25,3334,0,118
CS,Instagram,Carrossel,2026-04-18,"O melhor plano pro fim de semana já começou: com helado e muuuito Dulce de Leche @havannacontinente 

#havanna #havannabr #dulcemomento #helado
#dulcedeleche",52,2,3,5,2738,0,62
CS,Instagram,Carrossel,2026-04-17,"A cada mudança de estação, o estilo também se renova.

Agora é a hora de escolher suas próximas apostas e entrar na estação com presença, atitude e muito estilo.

Vem descobrir as novidades da @ophici",48,4,4,14,2556,0,70
CS,Instagram,Reel,2026-04-16,"Dos clássicos que marcaram época às tecnologias mais avançadas da atualidade, você vai poder jogar, explorar e se divertir em um ambiente pensado para todas as idades.

💃 Tem área de dança
🥽 Realidade",265,7,21,307,8748,0,600
CS,Instagram,Reel,2026-04-16,"Eu depois de garantir meu ingresso na pré-venda de Michael: já vivendo o show na cabeça, cantando sozinho e achando que tô no palco 🕺

A cinebiografia do Rei do Pop está chegando! Garanta seu ingresso",367,96,7,96,5662,0,566
CS,Instagram,Carrossel,2026-04-15,"Elegância que sai das telas direto para o seu estilo. ✨

Com inspirações no universo de O Diabo Veste Prada 2, as tendências do momento ganham vida nas lojas do Continente Shopping, onde sofisticação ",157,0,8,52,5793,0,217
CS,Instagram,Carrossel,2026-04-14,O acervo de quem entende que um único par nunca é o limite. ✨ Uma curadoria de saltos e texturas para um Inverno inesquecível. Arraste para o lado e descubra as novidades da @arezzo.continente by @ama,46,2,1,2,4097,0,51
CS,Instagram,Carrossel,2026-04-12,"𝑅𝑈𝑁𝑊𝐴𝑌 os reúne outra vez.

#ODiaboVestePrada2, em 30 de abril nos cinemas.

#continenteshopping #cinema",1004,14,22,220,10374,0,1260
CS,Instagram,Reel,2026-04-10,"De 11/04 até 11/05 evento gratuito #Prepare-se para apertar o play na nostalgia!

O Super Games chega ao Continente Shopping com uma experiência interativa que reúne o melhor dos videogames de todas a",69,6,4,69,3324,0,148
CS,Instagram,Carrossel,2026-04-08,"Prepare-se para apertar o play na nostalgia!

O Super Games chega ao Continente Shopping com uma experiência interativa que reúne o melhor dos videogames de todas as gerações.

Dos clássicos que marca",252,7,28,324,7688,0,611
CS,Instagram,Carrossel,2026-04-07,"Abril chegou e a telona da @cinepolisbrasil no Continente Shopping está pronta para receber os lançamentos mais aguardados do ano. Se você é fã de cinema, prepare a pipoca porque o mês está imperdível",280,4,14,143,6847,0,441
CS,Instagram,Carrossel,2026-04-07,"Abril é mês de conscientização, respeito e inclusão.

O Continente Shopping preparou uma programação especial de Abril Azul em parceria com @amafloripa com ações que convidam toda a comunidade a refle",101,8,4,93,3510,0,206
CS,Instagram,Carrossel,2026-04-06,"🎮 ATENÇÃO gamers de todas as idades!

A Arena Super Games está chegando no Continente Shopping trazendo a maior experiência gamer da região, uma verdadeira viagem pelos jogos que marcaram gerações.

P",301,9,26,329,11259,0,665
CS,Instagram,Carrossel,2026-04-06,"O mês mudou, mas o destino preferido continua o mesmo: Continente Shopping! 

Neste mês de abril, preparamos uma agenda especial para você viver momentos incríveis.

Lembrando que de segunda a quinta ",1109,21,112,909,28470,0,2151
CS,Instagram,Reel,2026-04-05,"A Páscoa nos convida a renovar sentimentos, fortalecer laços e valorizar o que realmente importa: estar presente. 

Que este momento seja de união, esperança e novos começos, ao lado de quem faz a vid",363,5,6,26,9963,0,400
CS,Instagram,Carrossel,2026-04-04,"Em clima de Páscoa, nosso shopping se encheu de alegria! A nossa caça aos doces foi um sucesso e transformou o dia em uma experiência inesquecível para a criançada e suas famílias.

Acreditamos que a ",142,5,0,11,5331,0,158
CS,Instagram,Imagem,2026-04-03,"O filme do Mario chegou trazendo nostalgia, diversão e muita ação! E pra deixar tudo ainda mais épico, a @cinepolisbrasil preparou um balde de pipoca temático do Yoshi simplesmente incrível 🤩

Corre g",274,16,13,112,7742,0,415
CS,Instagram,Carrossel,2026-04-03,"Seu almoço de sexta-feira é no Continente Shopping!

Seja para manter a tradição com um peixe grelhado, saborear um risoto ou aproveitar um combo de sushi fresquinho, estamos prontos para receber você",49,4,1,10,3630,0,64
CS,Instagram,Reel,2026-04-02,"A época mais dulce do ano chegou. Páscoa Havanna com muuuuito Dulce de Leche @havannacontinente 

#continenteshopping #havanna #pascoa #dulcedeleche #dulcemomento",32,0,0,11,3211,0,43
CS,Instagram,Carrossel,2026-04-02,"A busca pelo ovo de Páscoa perfeito termina aqui! 🍫✨

Das opções clássicas as mais irresístiveis, nossas lojas estão recheadas de delícias para deixar o seu feriado inesquecível. E o melhor: sua compr",38,0,1,2,3477,0,41
CS,Instagram,Carrossel,2026-04-02,"Por um passeio mais leve e acolhedor para todos. ❤️🧩

Aqui no Continente Shopping, acreditamos que o lazer deve ser acessível e confortável para todos. Por isso, reforçamos nossas iniciativas de apoio",172,5,3,28,4859,0,208
CS,Instagram,Carrossel,2026-03-31,"Direto pra uma nova galáxia… e com ingresso garantido 🚀🍄
 
A pré-venda de “Super Mario Galaxy: O Filme” já começou! Não perca a chance de viver essa aventura épica cheia de nostalgia e diversão.
 
Gar",154,6,7,67,5410,0,234
CS,Instagram,Reel,2026-03-30,"@eleveby26.continente não é só uma academia. É o começo de um novo nível.

Aqui, cada detalhe foi pensado para entregar experiência, performance e resultado: estrutura premium, energia certa e um ambi",48,1,2,2,2976,0,53
CS,Instagram,Reel,2026-03-28,"Páscoa do jeitinho que a gente ama! 🍫 

Chamamos a @lauracquadros e @kalliuporai para provar as novidades MAIS irresistíveis da @brasilcacau_continenteshopping… e olha, foi amor na primeira mordida! 🤤",298,93,10,79,15660,0,480
CS,Instagram,Reel,2026-03-26,"Suas compras no Continente Shopping valem um iPhone 17 Black! 

A @lauracquadros veio te mostrar como transformar suas notas fiscais em chances de ganhar o smartphone mais moderno do mercado. É simple",116,12,3,5,3834,0,136
CS,Instagram,Carrossel,2026-03-25,"📱 Seu próximo iPhone pode estar mais perto do que você imagina.

Confira o passo a passo e participe do sorteio pelo App AJFans. Cada compra pode se transformar em uma nova chance de ganhar.

A cada 1",39,4,4,11,4275,0,58
CS,Instagram,Carrossel,2026-03-24,"Tem coisas que são essenciais na Páscoa. O Ovo Recheado de Marshmallow da @goldko.continente é uma delas 🐰

Um marshmallow sem açúcar, com uma textura e sabor que só a GoldKo consegue entregar.

É o e",38,2,3,0,3150,0,43
CS,Instagram,Reel,2026-03-23,"A Amarelinha já está entre nós! O único manto com cinco estrelas no peito está pronto pra voar livre.

A nova camisa I da Seleção Brasileira acaba de chegar no Continente Shopping. Uma celebração para",175,13,3,19,4935,0,210
CS,Instagram,Reel,2026-03-22,"Quando viajamos, o nosso primeiro desejo é mergulhar na história e nos monumentos do destino, não é? 🌍 Mas e se a gente olhasse para a nossa própria cidade com esse mesmo olhar de turista?

Neste últi",230,12,10,16,4324,0,268
CS,Instagram,Imagem,2026-03-22,"Quer ganhar um iPhone 17 Black? É fácil, basta participar do sorteio exclusivo no App AJFans!

📝 Cadastre suas notas fiscais no app e ganhe 1 ponto a cada real gasto. Já é NewFan, SuperFan ou MegaFan?",21,0,4,4,2997,0,29
CS,Instagram,Carrossel,2026-03-21,"A magia só acontece de verdade quando temos um público tão especial para compartilhá-la! ✨💖

Hoje, o palco do Continente Shopping transbordou alegria com o musical “A Menina da Casa Mágica”. Ver cada ",284,11,6,72,7889,0,373
CS,Instagram,Carrossel,2026-03-19,"Absolute cinema 🍿 

Reviva o início de uma das sagas mais marcantes do cinema com reexibição de “Crepúsculo” nas telonas da @cinepolisbrasil 

De 19/03 a 25/03, volte a Forks e reviva novamente esse c",4378,54,127,1752,56519,0,6311
CS,Instagram,Reel,2026-03-19,"Entre tantas histórias que nasceram ao longo desses 276 anos, existe algo em comum: o orgulho de ser de São José. ✨

Uma cidade cheia de vida, que cresce junto com as pessoas que vivem aqui.

E o Cont",61,3,2,8,2925,0,74
CS,Instagram,Reel,2026-03-17,"Um palco cheio de histórias no coração de São José!

O Theatro Adolpho Mello acompanha a cidade desde o seu nascimento e já viveu muitas fases: de apresentações teatrais a cinema e até quartel. Hoje, ",212,27,4,29,4991,0,272
CS,Instagram,Carrossel,2026-03-17,"A semana está cheia de programação no Continente Shopping! Tem musical infantil e cinema com desconto para você aproveitar momentos especiais com a família, living painting, jazz ao vivo e promoções e",207,2,22,180,7742,0,411
CS,Instagram,Reel,2026-03-17,"✨ Promoção exclusiva para fãs de K-Pop!

Para celebrar o musical Guerreiras do K-Pop, a @anacapricontinente preparou um presente especial no Continente Shopping. 

👟 Na compra de um tênis da marca, vo",68,6,2,36,4655,0,112
CS,Instagram,Reel,2026-03-16,"Você sabe como começou a economia de São José?

No segundo episódio da nossa série especial de aniversário da cidade, o @guiamanezinho conta curiosidades sobre as atividades que movimentaram São José ",126,14,6,10,3702,0,156
CS,Instagram,Carrossel,2026-03-16,"Quem disse que jeans não é digno de tapete vermelho? ✨

Na cobertura da maior premiação do cinema, @caropita levou para Hollywood um look exclusivo criado a partir do denim da @cea_brasil. O vestido, ",15,0,2,2,2332,0,19
CS,Instagram,Reel,2026-03-15,"Quem disse que quem nasce no continente não é Manezinho? 👀 

Em comemoração aos 276 anos de São José, convidamos o nosso estimado @guiamanezinho para uma série super especial, cheia de histórias, curi",498,45,18,148,9312,0,709
CS,Instagram,Carrossel,2026-03-15,"A aventura vai começar! 🍄

Os ingressos para Super Mario Galaxy: O Filme já estão disponíveis na @cinepolisbrasil ⭐🎬

Prepare-se para embarcar nessa jornada pelo universo do Mario Galaxy e garantir se",1726,22,82,913,37168,0,2743
CS,Instagram,Reel,2026-03-14,"Já anota na agenda: 19/03 Aniversário de São José às 19h

🎟️ Evento gratuito no Continente Shopping.

O musical Heroínas do K-Pop chega ao Continente Shopping no dia 19/03, às 19h, com muita atitude, ",427,19,36,565,18602,0,1047
CS,Instagram,Reel,2026-03-13,"A gente veste a camisa. Desde sempre. 🇧🇷✨

A camisa da Seleção Brasileira chegou no Continente Shopping. 

Disponível nas lojas Nike Unite e Centauro. Garanta já a sua! ⚽️🔥

#copa #brasil #nike #centa",408,28,17,145,9604,0,598
CS,Instagram,Carrossel,2026-03-12,"Direto para o Uruguai, sem sair do Continente Shopping 🇺🇾

A @amanddasasso veio viver a experiência do @narbona.br o único restaurante da marca no Brasil, e se surpreendeu com uma gastronomia cheia de",69,2,6,3,3019,0,80
CS,Instagram,Reel,2026-03-12,Live especial de Páscoa na @kopenhagen_continenteshopping 🍫,16,0,0,2,1280,0,18
CS,Instagram,Carrossel,2026-03-12,"Cada momento pede uma escolha de JEANS @damyller diferente. Do conforto à atitude, cada modelagem traduz estilo e personalidade. A escolha é sua: qual delas acompanha melhor o seu dia a dia? Comenta a",12,0,1,0,1152,0,13
CS,Instagram,Imagem,2026-03-11,"Coelhinho da Páscoa, o que trazes pra mim? 🐰 

Muitos doces, diversão e uma caça especial pelo shopping para as crianças viverem a magia da Páscoa!

No dia 28 de março, sábado, o Continente Shopping c",237,35,42,264,10998,0,578
CS,Instagram,Carrossel,2026-03-11,"Nessa temporada, o @cafecultura escolheu celebrar o que é nosso: BRIGADEIRO. O doce mais afetivo, que tem gosto de abraço e memória, é o grande protagonista da nossa Páscoa!

Ele chega transformando n",74,4,2,21,2556,0,101
CS,Instagram,Carrossel,2026-03-10,"Dois musicais especiais chegam ao Continente Shopping para encantar públicos de todas as idades! 🎶✨

🎤 19/03 – Quinta-feira: Musical Heroínas do K-Pop
Às 19h, um espetáculo vibrante inspirado no unive",231,21,33,335,10756,0,620
CS,Instagram,Carrossel,2026-03-10,"A semana em comemoração ao Dia do Consumidor começa com um combo de vantagens no nosso programa de relacionamento AJFans.

De 09 a 15 de março, tem benefícios exclusivos, cupons e descontos, ingressos",511,4,99,777,17498,0,1391
CS,Instagram,Carrossel,2026-03-09,"A semana em comemoração ao Dia do Consumidor começa com um combo de vantagens no nosso programa de relacionamento AJFans.

De 09 a 15 de março, tem benefícios exclusivos, cupons e descontos, ingressos",15,1,2,3,1358,0,21
CS,Instagram,Carrossel,2026-03-08,"Procurando um programa diferente para este domingo? No Continente Shopping, o dia é para os apaixonados por história e nostalgia.

Vem para a Feira de Colecionismo, um encontro imperdível para quem am",217,2,5,20,4460,0,244
CS,Instagram,Reel,2026-03-05,"Especial dia da mulher: unimos o cuidado da @adcoscontinente com a doçura irresistível da @goldko.continente para criar uma experiência especial.

Confira nossa programação especial para os dias 7 e 8",68,16,2,6,3560,0,92
CS,Instagram,Carrossel,2026-03-04,"Os filmes mais aguardados de 2026 🎬✨

Já salva esse post e manda pra aquela pessoa que vai sentar do seu lado na @cinepolisbrasil pra conferir todos esses lançamentos 🍿👀

#continenteshopping #cinema #",1673,20,263,1845,23644,0,3801
CS,Instagram,Carrossel,2026-03-03,"O mês mudou, mas o destino preferido continua o mesmo: Continente Shopping! 

Neste mês de março, preparamos uma agenda especial para você viver momentos incríveis.

Lembrando que de segunda a quinta ",2811,37,392,3313,64225,0,6553
CS,Instagram,Imagem,2026-03-01,"Já anota na agenda: 19/03 Aniversário de São José às 19h

Elas cantam, dançam, inspiram e conquistam 🎤 

O musical Heroínas do K-Pop chega ao Continente Shopping no dia 19/03, às 19h, com muita atitud",418,23,65,635,13287,0,1141
CS,Instagram,Carrossel,2026-02-28,"Homem do Sapato no Continente Shopping

Agora, você tem à disposição uma linha exclusiva de calçados masculinos com qualidade e sofisticação para todos os momentos. Do look casual ao mais formal, a Ho",57,0,0,3,2689,0,60
CS,Instagram,Reel,2026-02-26,"Ainda em ritmo de folia por aqui! 🥁✨ Nosso #TBT de hoje é pra relembrar os sorrisos e a energia contagiante do nosso Carnaval.

Queremos agradecer a cada um de vocês que trouxe animação, fantasias cri",72,12,2,13,3927,0,99
CS,Instagram,Carrossel,2026-02-25,"Luzes apagadas.
Coração acelerado.
Balde na mão.

A pré-venda de #Pânico7 já está aberta! O filme estreia dia 26 de fevereiro, mas já terá sessões especiais a partir do dia 25, somente nos cinemas. Co",414,7,7,151,6410,0,579
CS,Instagram,Carrossel,2026-02-24,"O Inverno 2026 da @chua_continente já começou a chegar. 

O Preview de Inverno é o convite perfeito para renovar o closet com as tendências que acabaram de sair das passarelas. Peças versáteis, cortes",19,1,2,7,1586,0,29
CS,Instagram,Carrossel,2026-02-22,"O @narbona.br chegou ao Continente Shopping!

A primeira unidade no Brasil do renomado restaurante uruguaio traz uma experiência gastronômica única, com vinhos próprios, pratos autênticos e uma fábric",61,6,4,17,3211,0,88
CS,Instagram,Carrossel,2026-02-21,"Última chamada para os pequenos protetores da natureza! 🌿🦦

O @capivalleyparque está vivendo seus últimos dias aqui no @continenteshopping e você não pode deixar essa aventura passar. É a oportunidade",39,2,2,25,5707,0,68
CS,Instagram,Reel,2026-02-19,"Estávamos esperando por isso há muito tempo! 🔪🖤

#Pânico7 estreia dia 26 de fevereiro na @cinepolisbrasil. Um novo capítulo da clássica franquia do cinema. Garanta agora seu lugar.

🍿 Balde já disponí",385,65,4,144,9914,0,598
CS,Instagram,Reel,2026-02-19,#tbt de um musical inédito em Santa Catarina! Ainda estamos encantados com o Musical das Capivaras que aconteceu aqui no Continente Shopping. Quem viveu esse momento com a gente sabe o quanto foi espe,40,1,2,7,3607,0,50
CS,Instagram,Carrossel,2026-02-19,"Hoje é o dia perfeito pra reunir a galera, trocar ideia e aproveitar um burguer de respeito! 🍔🔥 @bombeefburgers 

🚘 Aproveite para almoçar no Continente Shopping com estacionamento gratuito de segunda",21,2,3,2,1608,0,28
CS,Instagram,Carrossel,2026-02-18,"Que energia incrível! 🙌🎊 O Carnaval no Continente Shopping chegou ao fim, mas as memórias que criamos juntos vão ficar por muito tempo. Queremos agradecer a todos que trouxeram sua animação, suas fant",98,18,2,34,4275,0,152
CS,Instagram,Carrossel,2026-02-16,"Nossas capivarinhas deram um show de talento, mas o verdadeiro espetáculo aconteceu na plateia. Ficamos encantados com a animação das famílias e a recepção calorosa que deram ao nosso musical 💜

Agrad",79,12,1,14,3867,0,106
CS,Instagram,Reel,2026-02-15,"Confira a programação de carnaval:
🍃 Segunda-feira: Musical das Capivaras às 17h
🐾 Terça-feira: Carnapet das 14h às 16h
🥳 Terça-feira: Bailinho Kids das 16h às 18h

A folia está garantida no Continent",33,4,0,13,2811,0,50
CS,Instagram,Carrossel,2026-02-15,"Um pedacinho do Uruguai agora aqui!

No @narbona.br cada detalhe conta uma história de tradição e sabor. Comece sua jornada explorando nossa seleção de vinhos exclusivos, vindos diretamente de Terraza",33,2,1,9,2619,0,45
CS,Instagram,Reel,2026-02-14,"MUSICAL INÉDITO DAS CAPIVARAS NESTA SEGUNDA

Nesta segunda-feira, às 17h, tem apresentação especial do musical das capivaras no Continente Shopping, na Praça de Alimentação, e o melhor: evento gratuit",51,9,5,26,4243,0,91
CS,Instagram,Carrossel,2026-02-13,"Procurando um programa diferente para este Carnaval? No Continente Shopping, a folia é para os apaixonados por história e nostalgia.

Vem aí a Feira de Colecionismo, um encontro imperdível para quem a",267,18,19,125,6429,0,429
CS,Instagram,Carrossel,2026-02-12,"Já prepara a pipoca e atualize a sua lista! 🎬🍿 O ano de 2026 promete ser um ano incrível para quem não dispensa uma ida ao cinema. Tem de tudo: do mundo da moda à ficção científica, passando por roman",406,2,47,332,8027,0,787
CS,Instagram,Reel,2026-02-12,"VEM PRO BAILINHO DO CONTINENTE! 🎊🎭

Anota na agenda para não esquecer:
🗓 Terça-feira, 17/02
⏰ A partir das 16h
📍 Praça de Alimentação do Continente Shopping

A Isis já escolheu a fantasia e espera por",105,16,10,111,4827,0,242
CS,Instagram,Reel,2026-02-11,"Procurando o salão perfeito para o seu Glow Up de Carnaval? ✨

No @frankdferranfloripa a gente prepara o seu visual para brilhar do primeiro acorde até o último bloco! Seja um penteado que aguenta a f",64,18,6,16,4203,0,104
CS,Instagram,Carrossel,2026-02-10,"Esperou o ano inteiro pelo carnaval? 🥳🎉 Aqui você encontra looks e acessórios que vão fazer seu visual brilhar no bloco, avenida e rolê. Descubra o seu favorito.

#continenteshopping #carnaval #look",13,0,1,0,1480,0,14
CS,Instagram,Story,2026-05-08,,0,0,0,0,143,0,0
CS,Instagram,Story,2026-05-08,,0,0,0,0,173,0,0
CS,Instagram,Story,2026-05-08,,0,0,0,0,192,0,0
CS,Instagram,Story,2026-05-08,,0,0,0,0,203,0,0
CS,Instagram,Story,2026-05-07,,0,0,0,0,783,0,0
CS,Instagram,Story,2026-05-07,,0,0,0,0,903,0,0
CS,Instagram,Story,2026-05-07,,0,0,0,0,837,0,0
CS,Instagram,Story,2026-05-07,,0,0,0,0,884,0,0
CS,Instagram,Story,2026-05-07,,0,0,0,0,977,0,0
CS,Instagram,Story,2026-05-07,,0,0,0,0,997,0,0
CS,Instagram,Story,2026-05-07,,0,0,0,0,1046,0,0
CS,Instagram,Story,2026-05-07,,0,0,0,0,1238,0,0
CS,Instagram,Story,2026-05-07,,0,1,0,0,1281,0,1
CS,Instagram,Story,2026-05-07,,0,0,0,0,1316,0,0
CS,Instagram,Story,2026-05-07,,0,0,0,0,1462,0,0
BS,Instagram,Reel,2026-05-08,,27,3,0,0,1120,0,30
BS,Instagram,Reel,2026-05-08,,56,4,0,14,785,0,74
BS,Instagram,Reel,2026-05-08,,49,12,1,12,2734,0,74
BS,Instagram,Reel,2026-05-07,,55,0,0,7,1303,0,62
BS,Instagram,Reel,2026-05-07,,24,1,1,3,1234,0,29
BS,Instagram,Reel,2026-05-07,,25,0,1,4,651,0,30
BS,Instagram,Reel,2026-05-07,,131,62,2,119,4283,0,314
BS,Instagram,Reel,2026-05-07,,43,1,0,4,1959,0,48
BS,Instagram,Carrossel,2026-05-07,"Encerramos a noite com toda a leveza e sofisticação da Água de Coco. ✨

Uma passarela iluminada por movimento, textura e aquele verão chic que só a marca sabe traduzir.

#BFS2026 #BalnearioShopping #A",58,3,1,4,1164,0,66
BS,Instagram,Carrossel,2026-05-07,"Recém-chegada ao Balneário Shopping e já fazendo sua estreia no BFS. 💎

A Zapalla apresentou uma passarela cheia de personalidade, elegância e presença.

Welcome to the runway.

#BFS2026 #BalnearioSho",62,3,2,9,1930,0,76
BS,Instagram,Carrossel,2026-05-07,"A Salinas levou o verão brasileiro para a passarela do BFS. ☀️

Cores, leveza e aquele lifestyle que transforma moda em desejo instantâneo.

#BFS2026 #BalnearioShopping #SalinasnoBFS",64,3,0,5,1392,0,72
BS,Instagram,Carrossel,2026-05-07,"A noite começou com a força e a atitude da Schutz na passarela do BFS Winter 2026. 💥

Saltos marcantes, silhuetas poderosas e uma coleção que fez exatamente o que a moda deve fazer: chamar atenção.

#",72,4,2,7,1673,0,85
BS,Instagram,Carrossel,2026-05-07,"O primeiro dia de BFS foi exatamente como imaginávamos: lotado de moda, energia e gente que transforma presença em estilo. 💥

Entre flashes, passarela e encontros, o Winter 2026 começou em grande esti",169,17,4,21,5289,0,211
BS,Instagram,Reel,2026-05-06,#BFS BEST WINTER DAY 1 - PARTE 1,28,1,0,1,1232,0,30
BS,Instagram,Imagem,2026-05-06,"It’s BFS day. 💥

A passarela acende hoje para mais uma edição do
Balneário Fashion Show Winter 2026.

Moda, tendência e tudo aquilo que faz a gente querer estar aqui. 💎

See you at the runway.

#BFS20",56,2,0,10,2477,0,68
BS,Instagram,Carrossel,2026-05-06,"Delicadeza, elegância e um desfile cheio de encanto. 💕
A Milon encerra o BFS Kids no sábado, dia 09 de maio, às 18h.

Seu convite pode ser retirado na loja participante. 💎

#BFS2026 #BalnearioShopping",55,3,0,8,3274,0,66
BS,Instagram,Carrossel,2026-05-06,"Cor, diversão e aquele toque fashion que só a infância tem. 💫
A Puket desfila no BFS Kids no sábado, dia 09 de maio, às 17h30.

Garanta seu convite diretamente na loja participante. ✨

#BFS2026 #Balne",36,4,1,8,1450,0,49
BS,Instagram,Carrossel,2026-05-06,"Brilho, atitude e muita personalidade. ✨
A Pampili sobe à passarela do BFS Kids no sábado, dia 09 de maio, às 17h.

Para assistir ao desfile, basta retirar seu convite na loja participante. 💎

#BFS202",53,8,2,7,2538,0,70
BS,Instagram,Carrossel,2026-05-06,"🎁✨ Gift Guide de Dia das Mães

Selecionamos sugestões especiais para surpreender quem merece tudo.

👉 Encontre o presente ideal no Balneário Shopping.

📲 E lembre-se: cadastrando suas compras no app A",24,0,0,2,909,0,26
BS,Instagram,Carrossel,2026-05-06,"🌸✨ O Dia das Mães está chegando.

E no Balneário Shopping, além de encontrar o presente perfeito, suas compras também podem te aproximar de um Jaecoo 7 Luxury.

👉 Aproveite para antecipar suas escolha",21,0,0,3,2138,0,24
BS,Instagram,Reel,2026-05-05,Ouvimos dizer que você vai poder escolher o presente de dia das Mães da sua mãe na Zara 👀🌟,3781,349,48,3744,57901,0,7922
BS,Instagram,Carrossel,2026-05-05,"Não conseguiu vir?

A gente leva o BFS até você.
Acompanhe os desfiles ao vivo pelas nossas redes sociais.

Fashion, wherever you are. 💎

#BFS2026 #BalnearioShopping",73,5,0,14,3355,0,92
BS,Instagram,Carrossel,2026-05-05,"06 — 07 — 08

O line-up do BFS Winter 2026 está no ar.
Três dias, marcas que ditam tendência e uma passarela pronta pra tudo acontecer.

Escolha seu momento.
Nos vemos no BFS. 💎

#BFS2026 #BalnearioSh",85,2,5,57,3840,0,149
BS,Instagram,Carrossel,2026-05-05,"Quer viver o BFS de perto?

Os convites para os desfiles estão disponíveis nas lojas das marcas participantes.

Escolha sua marca. Garanta seu lugar.
A passarela te espera. ✨

#BFS2026 #BalnearioShopp",63,4,0,8,1833,0,75
BS,Instagram,Carrossel,2026-05-04,"O BFS é onde a moda ganha vida.

E esse ano, ela vem mais forte, mais desejada e mais presente do que nunca.

See you at the runway.

#BFS2025 #BalnearioShopping",83,2,0,14,3289,0,99
BS,Instagram,Carrossel,2026-05-04,"Não é só sobre assistir.
É sobre estar, viver e fazer parte.

Acompanhe o BFS ao vivo.

#BFS2025 #BalnearioShopping",55,1,1,12,2645,0,69
BS,Instagram,Carrossel,2026-05-04,"Inspiração, estilo e marcas que você ama —
tudo no mesmo lugar.

A passarela do BFS já tem nome.
Agora falta você.

#BFS2025 #BalnearioShopping",91,1,3,9,2674,0,104
BS,Instagram,Carrossel,2026-05-04,"12 marcas.
Um só palco.

Quando tudo se encontra, a moda deixa de ser tendência —
vira experiência.

#BFS2025 #BalnearioShopping",64,5,0,4,2101,0,73
BS,Instagram,Carrossel,2026-05-04,"O line-up começa a tomar forma.
Marcas que traduzem desejo, tendência e presença.

E isso é só o começo.

#BFS2025 #BalnearioShopping",109,6,4,7,2959,0,126
BS,Instagram,Carrossel,2026-05-03,"Balneário Fashion Show.
A moda ganha palco — e a cidade muda de ritmo.

Prepare-se para viver de perto.

#BFS2025 #BalnearioShopping",259,26,10,76,7551,0,371
BS,Instagram,Carrossel,2026-05-03,"🌸✨ Domingo é dia de escolher com calma e acertar no presente.

Antecipe o Dia das Mães no Balneário Shopping, aproveite o dia para encontrar algo especial e transformar a escolha em um momento leve e ",15,0,0,2,1599,0,17
BS,Instagram,Reel,2026-05-01,"👠✨ last night was ICONIC.

a première de o diabo veste prada 2 tomou o Balneário Shopping com uma noite à altura e looks que a Miranda aprovaria! 

#DiaboVestePrada #FashionBS #BalnearioShopping",729,27,7,167,14339,0,930
BS,Instagram,Carrossel,2026-05-01,"✨ feriado pede experiência

cinema, exposições, atrações e um mix completo para viver o dia do começo ao fim.

hoje, 1º de maio, estamos abertos esperando por você.

👉 programe sua visita.

#Experienc",153,36,1,16,7025,0,206
BS,Instagram,Carrossel,2026-05-01,"🍽️✨ feriado pede bons sabores

hoje, 1º de maio, o Balneário Shopping está aberto, perfeito para um almoço especial, um café sem pressa ou um jantar para fechar o dia.

👉 vem aproveitar o feriado com ",30,4,1,1,4235,0,36
BS,Instagram,Reel,2026-04-30,"Save the dates.

06 — 07 — 08 — 09

O BFS Winter 2026 está chegando.
Expectativa alta, passarela pronta e muita coisa linda por vir.

Stay tuned. 💎

#BFS2026 #BalnearioShopping",129,10,8,35,3538,0,182
BS,Instagram,Carrossel,2026-04-29,"O BFS 2026 começou.

Ontem, em um evento exclusivo, demos início a uma nova edição com PatBO e Água de Coco abrindo a nossa passarela. 

Foi só o primeiro movimento.
Em breve, revelamos o line-up comp",247,15,2,40,6828,0,304
BS,Instagram,Reel,2026-04-29,"✨ E a cidade virou passarela. 

O lançamento do Balneário Fashion Show tomou o Molhe da Barra Sul, e esse foi só o começo.

📅 Stay tuned:  6, 7, 8 e 9 de maio

#BFS #BalnearioFashionShow #BalnearioSho",248,29,5,71,5234,0,353
BS,Instagram,Carrossel,2026-04-29,"📱✨ Temos um vencedor!

O cliente Vinícius Teodoro é o grande ganhador do iPhone 17 Black na promoção do Balneário Shopping.
Parabéns por essa conquista e obrigado a todos que participaram! 💛

👉 Fique ",46,1,0,3,3140,0,50
BS,Instagram,Carrossel,2026-04-29,"👠 E ai, qual look você usaria na estreia de o Diabo Veste Prada 2?

Selecionamos produções que poderiam facilmente passar pelo olhar da Miranda, mas agora queremos saber:
qual é o seu?

30/04 tá logo ",180,25,6,41,7983,0,252
BS,Instagram,Reel,2026-04-28,"O Dia das Mães se aproxima… e com ele, a chance de transformar esse momento em algo ainda mais especial 

No Balneário Shopping, cada escolha pode ir além do presente. A cada R$300 em compras, você ga",22,0,1,0,1765,0,23
BS,Instagram,Carrossel,2026-04-27,"No feriado, o shopping estará aberto normalmente, com tudo o que você precisa para curtir o dia: gastronomia, cinema, compras e experiências para todos os momentos.

👉 Programe sua visita e aproveite ",183,0,10,159,13795,0,352
BS,Instagram,Reel,2026-04-26,"👠 it’s not just a shoe. it’s the moment.

o salto de o diabo veste prada já chegou no Balneário Shopping —
e dia 30/04, a história continua nas telas.",1700,93,30,550,26930,0,2373
BS,Instagram,Carrossel,2026-04-26,"🎁✨ Gift Guide de Dia das Mães

Selecionamos ideias especiais para transformar a data em um momento ainda mais significativo.

👉 Encontre o presente ideal no Balneário Shopping.

📲 E aproveite: cadastr",11,0,1,1,1282,0,13
BS,Instagram,Carrossel,2026-04-26,"✨ É hoje!

A Menina da Casa Mágica te espera para um musical encantador + fotos especiais ao final.

📍 Praça de Eventos – Piso L1
🕔 17h

👉 Venha viver esse momento. 💛",29,1,0,18,4243,0,48
BS,Instagram,Carrossel,2026-04-25,"✨ New in: Austral

A nova marca de moda masculina chega ao Balneário Shopping com peças que unem estilo, versatilidade e identidade.

📍 Piso L2

👉 Passe pelo shopping e venha conhecer.

#Austral #Moda",58,8,2,8,3678,0,76
BS,Instagram,Carrossel,2026-04-25,"⏰ É amanhã!

A Menina da Casa Mágica chega com um musical cheio de encanto  e fotos com a personagem ao final.

👉 Não perca.",39,1,2,11,2674,0,53
BS,Instagram,Carrossel,2026-04-25,"⏰ Está chegando!

O Encontro de Goldens será uma tarde com dicas de adestramento, cuidados, ativações e brindes para os participantes.

📅 25/04
🕒 15h às 17h
📍 Praça de Eventos – Piso L1

👉 Não perca. ",97,4,0,189,5493,0,290
BS,Instagram,Carrossel,2026-04-24,"✨ Seu final de semana começa no Balneário Shopping

Encontro de Goldens, musical A Menina da Casa Mágica, Orion Verso e a exposição Legueiros — experiências para todos os momentos.

👉 Programe sua vis",468,5,22,316,23576,0,811
BS,Instagram,Carrossel,2026-04-24,"📱 O iPhone 17 já tem novos donos! ✨

A sorte brilhou para quem utilizou o App AJFans! Confira quem garantiu o prêmio aqui no Balneário Shopping:

🏆 Ganhador(a): Vinicius Teodoro

Parabéns! 🎉 Agora é s",16,1,0,5,1818,0,22
BS,Instagram,Carrossel,2026-04-24,"🐾✨ Tarde perfeita para quem ama goldens.

Além do encontro, você vai encontrar dicas de cuidados, ativações especiais e brindes para aproveitar ainda mais a experiência.

📅 25 de abril
📍 Praça de Even",71,1,1,20,2110,0,93
BS,Instagram,Carrossel,2026-04-23,"✨ Programa perfeito para o fim de semana.

Musical + fotos com a personagem + momentos para guardar na memória.

📅 26/04 | 17h
📍 Piso L1

👉 Esperamos você.",32,6,1,19,1930,0,58
BS,Instagram,Carrossel,2026-04-23,"💛🐶 Um encontro para aprender, compartilhar e aproveitar.

Teremos dicas de adestramento e cuidados, ativações de marcas e brindes ao longo da tarde.

📅 25/04 | 15h às 17h
📍 Piso L1

👉 Esperamos você e",134,7,3,87,4032,0,231
BS,Instagram,Carrossel,2026-04-23,"✨ O Dia das Mães está chegando, e a oportunidade de ganhar um presente de luxo também! 

💐 No Balneário Shopping, você tem a chance de conquistar o incrível Jaecoo 7 Luxury, o SUV híbrido de luxo, a c",32,4,2,29,4754,0,67
BS,Instagram,Reel,2026-04-23,"Sim, os carros entram assim mesmo.
E esse aqui não veio só de visita não.

ELE CHEGOU. O prêmio da nossa campanha de Mães.

Um Jaecoo 7 Luxury, híbrido, tecnológico e simplesmente surreal.

E agora ve",81,4,4,30,4374,0,119
BS,Instagram,Carrossel,2026-04-22,"💫 Um convite para entrar em um universo mágico.

“A Menina da Casa Mágica” chega ao Balneário Shopping com uma apresentação encantadora e um momento especial de fotos ao final.

👉 Programe-se para viv",98,7,11,87,5241,0,203
BS,Instagram,Reel,2026-04-22,"🐾✨ Vem aí: Encontro de Goldens no Balneário Shopping

Uma tarde especial com dicas de adestramento, cuidados, ativações de marcas e brindes para você e seu golden.

📅 25 de abril
🕒 Das 15h às 17h
📍 Pr",314,18,4,197,11899,0,533
BS,Instagram,Carrossel,2026-04-21,"✨ Vem aí: A Menina da Casa Mágica - O Musical 

Um musical cheio de encanto, imaginação e momentos especiais para toda a família.

📅 26 de abril | 17h
📍 Praça de Eventos – Piso L1
🎟️ Gratuito

📸 E ao ",172,7,42,276,7544,0,497
BS,Instagram,Reel,2026-04-21,"✨ Silvia Braz e Bebela x Riachuelo. 
E o resultado? simplesmente impecável.

Modelagens atemporais, cores versáteis e aquela elegância sem esforço que a gente reconhece de longe.

📍 Disponível na Riac",171,0,1,34,4616,0,206
BS,Instagram,Carrossel,2026-04-21,"🍽️✨ Feriado pede boas escolhas e bons sabores.

Se a ideia é aproveitar o dia com calma, o Balneário Shopping reúne opções gastronômicas para todos os momentos: do almoço especial à pausa para o café ",30,1,3,6,5014,0,40
BS,Instagram,Carrossel,2026-04-20,"✨ Amanhã, feriado, o Balneário Shopping funciona normalmente.

Uma ótima oportunidade para aproveitar o dia com mais calma, seja para um almoço especial, um café, compras ou um programa completo por a",57,10,0,9,5340,0,76
BS,Instagram,Carrossel,2026-04-19,"✨ Beauty News no Balneário Shopping

As novidades e tendências de beleza já chegaram por aqui.
Me Linda, Granado, Paris, Sephora e L’Occitane esperando por você.

👉 Descubra seus novos favoritos.

#Be",34,2,2,5,2753,0,43
BS,Instagram,Carrossel,2026-04-19,"🧱 Criatividade em cada detalhe.

A exposição Legueiros segue encantando visitantes com construções impressionantes e muita imaginação.

👉 Venha conferir de perto.

#Legueiros #ExposicaoBS #BalnearioSh",102,3,3,45,4795,0,153
BS,Instagram,Imagem,2026-04-19,"📱🔥 Última chamada

Essa é a hora de cadastrar suas compras e garantir suas chances.

👉 Corre para o app AJFans e participe.

#UltimaChamada #AJFans #BalnearioShopping",17,11,0,1,2467,0,29
BS,Instagram,Carrossel,2026-04-18,"🧱✨ A exposição Legueiros já começou.

O maior encontro de colecionadores de LEGO do sul do país já está no Balneário Shopping.

Uma experiência que encanta crianças e adultos.

📍 Piso L2, em frente à ",165,9,3,136,6425,0,313
BS,Instagram,Imagem,2026-04-18,"⏰ Últimos dias

Cadastre suas notas e não fique de fora da chance de ganhar um iPhone 17.

👉 Participe pelo app AJFans.

#UltimaChance #PromocaoBS #BalnearioShopping",12,3,0,1,1632,0,16
BS,Instagram,Carrossel,2026-04-17,"🎉 Diversão garantida para os pequenos.

WOW Park, Orion Verso, GNC Cinemas e a exposição Legueiros transformam o Balneário Shopping em um roteiro completo para curtir em família.

👉 Qual vai ser a pri",78,0,4,25,6083,0,107
BS,Instagram,Imagem,2026-04-17,"🚨 Reta final

Os últimos dias da promoção chegaram e suas compras ainda podem virar um iPhone 17.

👉 Cadastre agora no app AJFans.

#RetaFinal #UltimosDias #BalnearioShopping",10,0,0,1,2138,0,11
BS,Instagram,Carrossel,2026-04-17,"✨ Seu final de semana começa no Balneário Shopping.

Shows, exposições, cinema, gastronomia e experiências para aproveitar do começo ao fim do dia.

Da Banda Extraordinários à exposição Legueiros, pas",116,1,6,34,8698,0,157
BS,Instagram,Imagem,2026-04-17,"📚✨ No Dia Nacional do Livro Infantil, um encontro especial no Balneário Shopping.

Neste sábado, às 11h, acontece o lançamento do livro infantil escrito por @carolfranzoicosta, que apresenta uma traje",56,11,0,11,4734,0,78
BS,Instagram,Imagem,2026-04-16,"📲 Baixe o app AJFans e concorra

Suas compras podem valer um iPhone 17.

👉 Cadastre suas notas e participe.

#AJFans #iPhone17 #BalnearioShopping",8,0,0,1,1191,0,9
BS,Instagram,Imagem,2026-04-15,"🛍️✨ Compre e concorra

Cadastre suas notas fiscais no app AJFans e transforme suas compras em chances de ganhar um iPhone 17.

👉 Participe.

#ComprouConcorreu #PromocaoBS #BalnearioShopping",12,0,0,1,1474,0,13
BS,Instagram,Carrossel,2026-04-15,"🧱✨ Vem aí: Legueiros no Balneário Shopping

A partir de 18 de abril, o shopping recebe o maior encontro de colecionadores de LEGO do sul do país — uma exposição que reúne criatividade, técnica e verda",237,13,28,427,7753,0,705
BS,Instagram,Carrossel,2026-04-15,"✨ New in: Swarovski & Ariana Grande

Uma coleção que traduz brilho, leveza e personalidade em peças inspiradas na magia da natureza.

📍 Piso L1

📲 Cadastre suas compras no app AJFans e concorra a um i",51,1,1,14,2130,0,67
BS,Instagram,Imagem,2026-04-14,"⏰ Ainda não participou?

Os últimos dias da promoção estão passando e essa pode ser a sua chance de levar um iPhone 17.

📲 Baixe o app AJFans e participe.

#UltimosDias #AJFans #BalnearioShopping",14,0,1,1,2027,0,16
BS,Instagram,Carrossel,2026-04-14,"🍂✨ O outono chegou ao Balneário Shopping

Novas coleções de Luiza Barcelos, Animale, Le Lis, Osklen, Anselmi e Boss já estão por aqui.

👉 Atualize seu guarda-roupa para a estação.

📲 Cadastre suas com",22,0,1,0,1487,0,23
BS,Instagram,Carrossel,2026-04-14,"✨ A nova Shoulder já está aberta

Um espaço renovado, com ainda mais inspiração, estilo e identidade.

📍 Piso L2

📲 Cadastre suas notas no app AJFans e concorra a um iPhone 17 Black.

#Shoulder #Reabe",50,3,3,4,2164,0,60
BS,Instagram,Imagem,2026-04-13,"✨ Essa é a sua chance

Ainda dá tempo de cadastrar suas compras e concorrer ao iPhone 17.

👉 Não deixe para depois.

#SuaChance #PromocaoBS #BalnearioShopping",6,0,0,0,1240,0,6
BS,Instagram,Carrossel,2026-04-13,"✨ O Balneário Shopping não para de se renovar

Yogoberry, Pollo Pollo, Los Mariachis, Las Leñas, Tok&Stok, Orion Verso e Louen já são novidades por aqui.

Passe pelo Balneário Shopping e descubra.

📲 ",266,8,4,91,9591,0,369
BS,Instagram,Carrossel,2026-04-13,"🍣 Seu almoço pede um UNI 

O Unizushi reúne frescor, sabor e combinações que fazem da pausa do dia um momento especial.

📍 Piso L1
👉 Passe pelo Balneário Shopping e aproveite seu almoço.

📲 E aproveit",57,4,6,12,2630,0,79
BS,Instagram,Imagem,2026-04-12,"⏳ Ainda dá tempo de participar

A cada compra no Balneário Shopping, suas chances aumentam.

👉 Cadastre suas notas no app AJFans e participe agora.

#AindaDaTempo #AJFans #BalnearioShopping",6,0,1,1,1626,0,8
BS,Instagram,Carrossel,2026-04-12,"✨ New in: Arezzo + Sarah Jessica Parker

Uma coleção icônica, com design marcante, feminilidade e atitude em cada detalhe.

📍 Piso L1

📲 Cadastre suas compras no app AJFans e concorra a um iPhone 17 B",59,0,3,6,3601,0,68
BS,Instagram,Carrossel,2026-04-12,"🍽️✨ Almoço de domingo no Balneário Shopping

Opções para todos os gostos. Escolha o seu restaurante favorito e aproveite.

📲 Cadastre suas notas no app AJFans e concorra a um iPhone 17 Black.

#OndeAl",20,0,0,2,1489,0,22
BS,Instagram,Imagem,2026-04-11,"📱✨ Concorra a um iPhone 17

A cada R$100 em compras, você garante um número da sorte para participar.

👉 Cadastre suas notas no app AJFans e aumente suas chances.

#PromocaoBS #iPhone17 #BalnearioShop",17,1,3,4,1995,0,25
BS,Instagram,Carrossel,2026-04-11,"✨ New in: Latin Soul | PatBO

Uma coleção que traduz movimento, intensidade e sofisticação em cada detalhe.
Texturas, formas e acabamentos que elevam o vestir com personalidade.

📍 Piso L2

👉 Descubra",24,0,0,2,2044,0,26
BS,Instagram,Carrossel,2026-04-11,"✨ Um dia inteiro no Balneário Shopping

Café da manhã, almoço, jantar, cinema, compras e experiências, tudo em um só lugar.

👉 Programe sua visita e aproveite.

📲 Cadastre suas compras no app AJFans e",30,1,1,8,3860,0,40
BS,Instagram,Carrossel,2026-04-10,"✨ Reserva no Balneário Shopping

A marca chega com um novo espaço e toda a sua identidade: estilo, autenticidade e atitude em cada peça.

📍 Piso L1 - Passe pelo shopping e descubra a nova loja.

📲 Cad",32,0,2,3,2243,0,37
BS,Instagram,Reel,2026-04-10,"✨ A nova Shoulder já está aberta

Um espaço icônico, pensado nos mínimos detalhes para traduzir o estilo da marca com ainda mais presença e sofisticação.

📍 Piso L2

📲 Cadastre suas compras no app AJF",147,3,5,21,3583,0,176
BS,Instagram,Carrossel,2026-04-10,"✨ Tem muita novidade chegando.

Novas lojas, ativações e experiências que prometem transformar ainda mais o Balneário Shopping e que vocês já estão esperando.

👉 Fique de olho, vem muita coisa boa por",1031,59,11,354,16995,0,1455
BS,Instagram,Carrossel,2026-04-09,"📱✨ Concorrer a um iPhone 17 nunca foi tão simples.

1️⃣ Baixe o app AJFans
2️⃣ Cadastre suas notas fiscais
3️⃣ Troque seus pontos por números da sorte
4️⃣ E pronto: é só torcer

👉 Quanto mais você com",36,0,4,5,3345,0,45
BS,Instagram,Carrossel,2026-04-09,"🎬🍿 Vem aí! Um dos títulos mais aguardados chega ao GNC Cinemas

A pré-venda de O Diabo Veste Prada 2 começa HOJE, dia 9 de abril, com estreia em 30/04 👠

Garanta seu ingresso e não fique de fora!

#DV",783,25,28,499,10910,0,1335
BS,Instagram,Carrossel,2026-04-09,"✨ Zapälla no Balneário Shopping

A nova marca de moda masculina do Grupo Mixed chega ao shopping trazendo tradição, sofisticação e um olhar contemporâneo para o vestir.

Peças pensadas para o homem mo",131,11,5,28,6150,0,175
BS,Instagram,Carrossel,2026-04-08,"🍿✨ 2026 promete grandes estreias no cinema e essa é só uma prévia do que vem por aí.

Dos blockbusters aos favoritos do público, a lista já está pronta para lotar as salas.

👉 E aí, qual desses você e",358,6,27,154,6919,0,545
BS,Instagram,Carrossel,2026-04-08,"💙 Abril, mês de conscientização do autismo.

No dia 09 de abril, o Balneário Shopping recebe a Sessão Azul no GNC Cinemas, uma sessão adaptada para pessoas com Transtorno do Espectro Autista (TEA).

🎬",121,7,7,95,6126,0,230
BS,Instagram,Carrossel,2026-04-07,"🚀 Uma nova dimensão de entretenimento chegou ao Balneário Shopping.

No Orion Verso, você vive experiências 9D que vão muito além da realidade: sensações como vento, movimento, impacto e adrenalina em",241,54,33,163,8989,0,491
BS,Instagram,Carrossel,2026-04-05,"A Páscoa nos convida a renovar sentimentos, fortalecer laços e valorizar o que realmente importa: estar presente.

Que este momento seja de união, esperança e novos começos, ao lado de quem faz a vida",50,0,0,4,4655,0,54
BS,Instagram,Carrossel,2026-04-04,"✨ Tania Bulhões no Balneário Shopping

A nova coleção Botânica celebra a beleza da natureza brasileira, com porcelanas inspiradas em bromélias e proteas, formas esculturais, traços delicados e detalhe",20,2,0,0,2101,0,22
BS,Instagram,Carrossel,2026-04-03,"✨ New in: Louen

Bolsas e calçados que traduzem o melhor do design brasileiro, com qualidade e personalidade.

📍 Piso L1

👉 Venha conhecer a nova marca do Balneário Shopping.

#NewInBS #Louen #Balnear",29,4,0,6,2141,0,39
BS,Instagram,Carrossel,2026-04-02,"Feriado de Páscoa chegando e por aqui seguimos prontos para lhes atender da melhor forma. 

Já reservou seu horário de almoço ou jantar para esse dia especial? 

O Balneário Shopping te espera com as ",78,11,8,26,8317,0,123
BS,Instagram,Carrossel,2026-04-02,"✨ Detoni no Balneário Shopping

Maquiagem com identidade, performance e as cores que traduzem as tendências do momento.
A Detoni traz produtos pensados para destacar sua beleza com personalidade.

📍 E",51,1,3,8,3140,0,63
BS,Instagram,Reel,2026-04-01,"ELAS 2026 ✦

Uma noite que atravessa, inspira e permanece.

Obrigada a todas que fizeram parte, foi histórico.

E agora a gente quer saber:
quem você quer ver no próximo ELAS? 👀",196,25,4,36,8311,0,261
BS,Instagram,Reel,2026-03-31,"SHE IS HERE

Susana Barbosa, uma das vozes mais influentes da moda e da cultura contemporânea, desembarca no ELAS 2026 ao lado de Clemilda Thomé, empresária e referência em inovação e liderança.

Duas",194,21,3,8,4219,0,226
BS,Instagram,Reel,2026-03-31,"Março se despede à altura de quem ele representa.

O ELAS 2026 chega para encerrar o mês da mulher com propósito, presença e conversas que importam em um encontro pensado para mulheres que constroem, ",86,5,1,16,3927,0,108
BS,Instagram,Reel,2026-03-31,"Spoiler do que vem por aí… 🪩💫

Os últimos detalhes, a montagem, os toques finais! 
Tudo sendo preparado para receber uma noite que vai muito além de um evento.

Hoje, o ELAS 2026 ganha vida por aqui.
",94,5,3,36,4946,0,138
BS,Instagram,Carrossel,2026-03-31,"Hoje o Balneário Shopping recebe mais uma edição do ELAS.

Entre as convidadas desta noite, duas mulheres que transformam seus mercados todos os dias: Susana Barbosa e Clemilda Thomé.

Uma noite exclu",74,9,0,8,3702,0,91
BS,Instagram,Carrossel,2026-03-30,"✨ Novidades no Balneário Shopping

Novas coleções e lançamentos que atualizam o seu estilo.

Cotton On, Lua Luá, Farm, Lacoste, Arezzo e D’Vie já estão com novidades no mall.

👉 Passe pelo shopping e ",144,0,6,17,7052,0,167
BS,Instagram,Carrossel,2026-03-30,"🐰✨ Páscoa na Camicado

Uma coleção pensada para transformar a casa em um cenário de afeto, onde cada detalhe convida a celebrar.

Peças que unem beleza, funcionalidade e tornam cada momento ainda mais",26,2,0,0,2049,0,28
BS,Instagram,Imagem,2026-03-29,"O sorteio do iPhone 17 Black já está rolando e dá pra participar em poucos minutos.

Só seguir:

1️⃣ Abra o app AJFans
2️⃣ Cadastre suas notas fiscais (válidas de 19/03 a 19/04)
3️⃣ Ganhe 1 ponto a ca",15,0,2,6,2549,0,23
BS,Instagram,Carrossel,2026-03-29,"🎁🐰 Páscoa para os pequenos

Na Superlegal, opções que vão além do chocolate: personagens, pelúcias e presentes que encantam.

📍 Piso L1

👉 Escolha o presente ideal para essa Páscoa.

#GiftGuide #Pasco",50,9,1,5,3708,0,65
BS,Instagram,Imagem,2026-03-28,"Tem compras que vêm com um bônus… e outras que podem virar um iPhone 17 Black. ✨

Se você passou pelo Balneário Shopping, já pode transformar suas compras em chances reais de ganhar.

Funciona assim:
",19,0,1,2,2839,0,22
BS,Instagram,Reel,2026-03-28,"Hoje foi dia de viver um pouquinho de magia ✨💖
O encontro com A Menina da Casa Mágica foi daqueles que deixam o coração quentinho... Cheio de sorrisos, encantamento e memórias lindas pra guardar 🫶🏻

E",143,5,4,46,4694,0,198
BS,Instagram,Carrossel,2026-03-28,"🍫✨ Wishlist de Páscoa

Os ovos que não podem faltar na sua lista, dos clássicos aos mais criativos.

👉 Escolha o seu no Balneário Shopping.

#WishlistPascoa #ChocolateLovers #BalnearioShopping",45,3,1,1,3081,0,50
BS,Instagram,Carrossel,2026-03-28,"ESTÁ CHEGANDO A HORA! 💜🩵

Um encontro cheio de carinho, diversão e fotos para guardar na memória.

📲 Inscrição pelo app AJFans.

#CasaMagica #EventosInfantis #BalnearioShopping",38,2,0,21,2875,0,61
BS,Instagram,Imagem,2026-03-27,"Sim, você leu certo. 👀
O Balneário Shopping vai sortear um iPhone 17 Black e participar é mais fácil do que parece.

Olha só:

1️⃣ Baixe ou abra o app AJFans
2️⃣ Cadastre suas notas fiscais de compras",69,8,7,15,5820,0,99
BS,Instagram,Carrossel,2026-03-27,"🍪🐰 Páscoa com Biscoitê

Sabores que encantam e apresentações que transformam cada detalhe em presente.
A coleção de Páscoa da Biscoitê já está disponível, perfeita para surpreender com afeto e sofisti",62,4,0,10,2997,0,76
BS,Instagram,Carrossel,2026-03-27,"✨ Um programa perfeito para o fim de semana

Diversão, personagens e momentos especiais para curtir em família.

📲 Ainda dá tempo de fazer a sua inscrição para viver esse momento. 

#FinalDeSemana #Pr",25,1,0,7,4082,0,33
BS,Instagram,Carrossel,2026-03-26,"🐰🍫 Páscoa no Balneário Shopping

Uma curadoria especial com marcas e sabores que transformam a data em experiência.

Dos clássicos aos lançamentos mais desejados, escolha o seu.

👉 Passe pelo shopping",56,4,2,5,3041,0,67
BS,Instagram,Carrossel,2026-03-26,"✨ Um encontro especial te espera no Balneário Shopping

Prepare-se para viver momentos mágicos com personagens que encantam os pequenos.

📲 Garanta sua vaga pelo app AJFans.

#EventosBS #ProgramacaoKi",127,1,8,108,5624,0,244
BS,Instagram,Carrossel,2026-03-26,"🇧🇷✨ A nova amarelinha já chegou.

A camisa da Seleção assinada pela Nike é mais do que um uniforme, é símbolo, história e paixão dentro e fora de campo.

👉 Garanta a sua no Balneário Shopping e entre ",147,33,6,39,6738,0,225
BS,Instagram,Carrossel,2026-03-25,"Um final de semana que promete sair do comum 👀✨

No sábado, A Menina da Casa Mágica chega por aqui pra um encontro cheio de cor, imaginação e aquele universo que todo mundo ama.

E no domingo… prepare",158,18,20,252,9163,0,448
BS,Instagram,Reel,2026-03-25,"✨ A Tok&Stok está de volta ao Balneário Shopping

Um novo espaço, cheio de inspirações, design e soluções para transformar cada detalhe da sua casa.

👉 Passe pelo shopping e venha conferir de perto a ",474,24,10,137,9917,0,645
BS,Instagram,Carrossel,2026-03-24,"📱 Seu próximo iPhone pode estar mais perto do que você imagina.

Confira o passo a passo e participe do sorteio pelo App AJFans. Cada compra pode se transformar em uma nova chance de ganhar.

A cada 1",17,0,4,5,2521,0,26
BS,Instagram,Carrossel,2026-03-23,"🏃‍♀️✨ Movimento, energia e preparação.

No último domingo, o Balneário Shopping recebeu um treino especial para a GV Life Run, que acontece no dia 12 de abril.

A ação foi realizada em parceria com a ",226,15,3,46,7141,0,290
BS,Instagram,Carrossel,2026-03-23,"✨ Um dia para ficar na memória.

O musical Heroínas do KPop foi um verdadeiro sucesso, casa cheia, muita energia e um público que fez tudo ainda mais especial. 💜

📸 As fotos do meet&greet já estão dis",277,7,12,153,7788,0,449
BS,Instagram,Carrossel,2026-03-22,"⏰ É hoje!

As Heroínas do KPop chegam ao Balneário Shopping com um musical cheio de energia e performance.

📅 22 de março
🕔 17h
📍 Piso L1
🎟️ Gratuito

📲 Lembrando que as fotos serão feitas após o even",94,2,3,34,5552,0,133
BS,Instagram,Carrossel,2026-03-22,"✨ Março no Balneário Shopping

Experiências para todos os gostos: gastronomia, exposições, eventos para toda a família e ativações especiais.

Na agenda: Aventura Jurássica, Quinta Gastronômica, Gourm",58,0,3,17,3954,0,78
BS,Instagram,Imagem,2026-03-20,"⚠️ Sorteio de um iPhone 17 Black maravilhoso.

Veja como participar desse sorteio exclusivo no App AJFans:

1️⃣ Abra o app AJFans e cadastre suas notas fiscais de 19/03 a 19/04.
2️⃣ A cada real em com",39,5,7,23,6852,0,74
BS,Instagram,Carrossel,2026-03-17,"📸✨ Quer garantir sua foto com as Heroínas do KPop?

O meet & greet acontece após o espetáculo e as vagas são limitadas. 
A participação é confirmada somente pelo app AJFans.

📅 22 de março (Domingo)
🕔",85,1,10,100,4443,0,196
BS,Instagram,Carrossel,2026-03-17,"🎤✨ Vem aí: Heroínas do KPop

Um musical cheio de energia, performance e atitude que promete encantar toda a família.

📅 22 de março
🕔 17h
📍 Praça de Eventos – Piso L1
🎟️ Evento gratuito

📸 Após o espe",145,4,19,224,8738,0,392
BS,Instagram,Carrossel,2026-03-14,"✨ Semana do Consumidor no Balneário Shopping

Aproveite benefícios especiais que preparamos para você no app AJFans. Durante a Semana do Consumidor, clientes do app encontram experiências, vantagens e",8,1,2,3,1842,0,14
BS,Instagram,Carrossel,2026-03-13,"Tem fã de K-POP por aí? 🎶

As heroínas do K-pop chegam no dia 22 de Março com Mira, Zoey e Rumi em um espetáculo gratuito no Balneário Shopping!

E aí, quem amou a novidade? Já manda para quem vai vir",192,12,16,249,7771,0,469
BS,Instagram,Carrossel,2026-03-13,"É clima de Copa no Balneário Shopping

A contagem regressiva já começou e nada melhor do que torcer pelo Brasil com a camisa certa. Selecionamos lojas do nosso mix onde você encontra camisetas do Bras",1531,150,69,219,54023,0,1969
BS,Instagram,Reel,2026-03-11,"⚽✨ Clima de Copa no ar.

A nova coleção exclusiva CBF já chegou à Centauro do Balneário Shopping.
Peças oficiais para quem vive o futebol dentro e fora do campo e quer torcer pelo Brasil com estilo.

",30,1,0,1,1628,0,32
BS,Instagram,Carrossel,2026-03-09,"A semana em comemoração ao Dia do Consumidor começa com um combo de vantagens no nosso programa de relacionamento AJFans.

De 09 a 15 de março, tem benefícios exclusivos, cupons e descontos, ingressos",11,3,2,2,3360,0,18
BS,Instagram,Carrossel,2026-03-08,"✨ Seu Dia da Mulher começa no Balneário Shopping

E se o Dia da Mulher fosse feito de pequenas experiências especiais?

Entre um café, um momento de cuidado, um bom filme ou uma pausa para relaxar, o ",46,3,4,21,4105,0,74
BS,Instagram,Carrossel,2026-03-07,"✨ New in: Sephora Collection

Skincare potente e maquiagem de alta performance acabam de chegar.
Hidratantes com ácido hialurônico, delineador retrátil à prova d’água e gloss com brilho e nutrição par",55,1,1,6,2988,0,63
BS,Instagram,Carrossel,2026-03-06,"💐 Passaporte Elas chegou ao Balneário Shopping!

Para celebrar o Dia da Mulher, preparamos uma seleção de benefícios exclusivos para você aproveitar ainda mais sua experiência por aqui.

Tem presentes",116,6,10,78,5975,0,210
BS,Instagram,Carrossel,2026-02-28,"Opções deliciosas para todos os gostos no Balneário Shopping.

👉 Escolha seu favorito.
#OndeAlmocar #Gastronomia #BalnearioShopping",31,0,2,4,2570,0,37
BS,Instagram,Carrossel,2026-02-27,"Sabores árabes que conquistam.
Pratos tradicionais da Bread Pide, cheios de aroma e autenticidade.

👉 Descubra no BS.
#BreadPide #Gastronomia #BalnearioShopping",69,3,6,29,3150,0,107
BS,Instagram,Carrossel,2026-02-26,"Estilo que protege.
Seleção de óculos para ela e para ele em Oculum, GrandVision, Coliseu, OJO e Óticas Carol.

#OculosDeSol #Verao #BalnearioShopping",13,1,0,5,1735,0,19
BS,Instagram,Carrossel,2026-02-25,"Verão pede leveza.
Pratos frescos da Growfit para curtir a estação com sabor e energia.

📍 Piso L2
👉 Experimente.
@growfitgourmet 
#Growfit #AlimentacaoSaudavel #BalnearioShopping",39,3,6,6,2912,0,54
BS,Instagram,Carrossel,2026-02-24,"As bolsas que vão dominar 2026.
Palha, shopper e hobo em modelos Schutz, Arezzo e Luiza Barcelos.

👉 Antecipe tendências no BS.

#Trends2026 #Bolsas #BalnearioShopping",21,0,2,1,1998,0,24
BS,Instagram,Reel,2026-02-23,"Verão também é cuidado e brilho.
Protetor, body mist, iluminador corporal e muito mais na Sephora.

👉Descubra as novidades
#sephora #beautyvibes #balnearioshopping",92,0,1,14,3907,0,107
BS,Instagram,Carrossel,2026-02-20,"✨🎬 A magia voltou para a tela grande!

A partir de 19 de fevereiro, o Ghibli Fest – Parte 2 chega ao GNC Cinemas do Balneário Shopping com um filme por dia para você viver histórias inesquecíveis do S",515,16,36,303,10283,0,870
BS,Instagram,Carrossel,2026-02-20,"O modelo certo muda tudo.
Opções Paula Torres, Arezzo, Luiza Barcelos e Schutz para cada momento.

👉 Escolha o seu no BS.
#ShoesLovers #Estilo #BalnearioShopping",17,1,1,0,2696,0,19
BS,Instagram,Carrossel,2026-02-19,"Osklen SS26 já chegou.
A coleção Spring Summer 2026 espera por você no Balneário Shopping.

📍 Piso L1
👉 Confira de perto.
#Osklen #SS26 #BalnearioShopping",4,0,0,1,1434,0,5
BS,Instagram,Carrossel,2026-02-18,"Inverno em movimento.
Os looks Anselmi traduzem elegância e conforto para a temporada de ski.

📍 Piso L2
👉 Descubra a coleção.
#Anselmi #WinterStyle #BalnearioShopping",18,0,0,0,1867,0,18
BS,Instagram,Reel,2026-02-17,"Perfumaria é escolha, momento e identidade.
Na Unique, fragrâncias de nicho para diferentes ocasiões.

📍Piso L2
👉 Descubra o seu perfume
#perfumariadenicho #unique #balnearioshopping",28,0,2,7,2871,0,37
BS,Instagram,Carrossel,2026-02-16,"Estilo, conforto e presença.
Sapatos masculinos Noha pensados para acompanhar a rotina com elegância.

📍 Piso L2
👉 Conheça.
#ModaMasculina #NohaShoes #BalnearioShopping",8,0,1,0,1930,0,9
BS,Instagram,Carrossel,2026-02-16,"🎭 É hoje! Passaporte da Folia
O Carnaval das crianças já começou no Balneário Shopping.

🕚 Das 11h às 18h
📍 Praça de Eventos – Piso L1
🎟️ Evento gratuito

📲 Ainda dá tempo de participar!
Inscreva-se p",14,0,1,3,3014,0,18
BS,Instagram,Carrossel,2026-02-15,"Nossa Feira Pet está chegando ao Balneário Shopping 💙

Em parceria com a ONG Defesa Animal, uma oportunidade de encontrar um novo melhor amigo.

📅 21 de fevereiro

⏰ Das 13h às 17h

📍 Estacionamento S",267,1,1,80,5840,0,349
BS,Instagram,Carrossel,2026-02-15,"🎉 É amanhã!
O Passaporte da Folia começa no Balneário Shopping com muita diversão para as crianças.

📅 16 de fevereiro
🕚 Das 11h às 18h
📍 Praça de Eventos – Piso L1
🎟️ Evento gratuito

📲 Inscrição obr",7,0,0,1,2252,0,8
BS,Instagram,Carrossel,2026-02-15,"Entre o sol e o pôr do sol.
Saídas de praia Água de Coco, ViX, Calzedonia, Farm, Salinas e Lua Luá.

👉 Passe pelo BS.
#ModaPraia #Verao #BalnearioShopping",11,1,1,3,2167,0,16
BS,Instagram,Reel,2026-02-14,"✨Cada detalhe conta uma história.
Na Pandora, seus charms podem ser personalizados para refletir momentos, pessoas e significados únicos.

Descubra a experiência de personalização na loja Pandora do B",49,10,4,20,3630,0,83
BS,Instagram,Carrossel,2026-02-14,"👧🧒 Um Carnaval pensado para crianças
Atividades indicadas para crianças de 3 a 12 anos, em um ambiente seguro e cheio de cuidado.

📅 16 e 17 de fevereiro
📍 Praça de Eventos – Piso L1
🎟️ Evento gratuit",10,1,2,1,1923,0,14
BS,Instagram,Carrossel,2026-02-13,"⏰ Faltam poucos dias!
O Carnaval das crianças está chegando ao Balneário Shopping.

📅 16 e 17 de fevereiro
🕚 Das 11h às 18h
📍 Piso L1 – Praça de Eventos
🎟️ Evento gratuito

📲 Garanta a inscrição pelo ",11,0,1,3,2298,0,15
BS,Instagram,Carrossel,2026-02-13,"👙 Bikini season is on.
Modelos ViX Paula Hermanny, Água de Coco e Salinas para viver o verão por inteiro.

#BikiniSeason #ModaPraia #BalnearioShopping",9,0,0,1,1554,0,10
BS,Instagram,Carrossel,2026-02-12,"Refrescante, leve e com personalidade.
Os drinks de verão do Unizushi são o convite perfeito para a estação.

📍 Piso L1
👉 Experimente.
#Unizushi #DrinksDeVerao #BalnearioShopping",37,3,8,7,2405,0,55
BS,Instagram,Carrossel,2026-02-12,"🎭 Carnaval Kids no Balneário Shopping: Passaporte da Folia

Nos dias 16 e 17 de fevereiro, o Balneário Shopping promove uma programação especial de Carnaval para as crianças: o Passaporte da Folia, um",26,4,2,19,2745,0,51
BS,Instagram,Carrossel,2026-02-11,"Fragrâncias leves para dias de sol.
Seleção de Sephora, Granado, Natura, L’Occitane, Tania Bulhões e O Boticário.

👉 Escolha a sua no Balneário Shopping.
#Perfumaria #Verao #BalnearioShopping",14,2,1,0,1370,0,17
BS,Instagram,Carrossel,2026-02-10,"🎭 Carnaval Kids no Balneário Shopping: Passaporte da Folia

Nos dias 16 e 17 de fevereiro, o Balneário Shopping promove uma programação especial de Carnaval para as crianças: o Passaporte da Folia, um",12,1,0,1,2246,0,14
BS,Instagram,Carrossel,2026-02-10,"O verão pede atenção.
Proteção, hidratação e praticidade para cuidar de você todos os dias.

👉 Encontre seus essenciais no BS.
#CuidadosDeVerao #BemEstar #BalnearioShopping",12,1,0,0,1468,0,13
BS,Instagram,Reel,2026-02-09,"Conforto que acompanha cada fase.
Na Magic Feet, os calçados certos para a rotina escolar começar com segurança e bem-estar.

👉 Programe sua visita ao Balneário Shopping.
#VoltaAsAulas #MagicFeet #bal",9,2,1,2,2204,0,14
BS,Instagram,Carrossel,2026-02-09,"🎭 Carnaval Kids no Balneário Shopping: Passaporte da Folia

Nos dias 16 e 17 de fevereiro, o Balneário Shopping promove uma programação especial de Carnaval para as crianças: o Passaporte da Folia, um",25,2,2,9,2190,0,38
BS,Instagram,Carrossel,2026-02-09,"Comece o ano com mais clareza.
Planners que unem produtividade, organização e estilo para a nova rotina.

👉 Planeje seu ano no Balneário Shopping.
#Organizacao #Planner #BalnearioShopping",7,1,2,0,1267,0,10
BS,Instagram,Carrossel,2026-02-08,"Cor, brilho e atitude para a folia.
A coleção de Carnaval da Renner traz peças para curtir cada momento.

👉 Disponível no Balneário Shopping.
#Renner #Carnaval2025 #balnearioshopping",10,1,0,1,1418,0,12
BS,Instagram,Carrossel,2026-02-08,"Sephora Summer Vibes está acontecendo. 💄🌴
Uma arena vibrante, interativa e cheia de descobertas para quem ama beleza e verão.

👉 Passe pelo Balneário Shopping e aproveite.
Das 12h às 20h | Piso L2 | E",106,0,4,8,4684,0,118
BS,Instagram,Carrossel,2026-02-07,"Verão é experimentar, descobrir e se inspirar.
A Arena Sephora Summer Vibes reúne tudo isso em um só espaço, com marcas favoritas e novidades da estação.

✨ Venha viver essa experiência no Balneário S",111,0,1,7,4349,0,119
BS,Instagram,Carrossel,2026-02-07,"Entre aulas e compromissos, a bolsa certa faz diferença.
Modelos Coach, Nike, Kipling, Lacoste e Adidas para a rotina universitária.

👉 Tudo em um só lugar.
#VoltaAsAulas #Bolsas #BalnearioShopping",13,1,0,45,1295,0,59
BS,Instagram,Story,2026-05-08,,0,0,0,0,747,0,0
BS,Instagram,Story,2026-05-08,,0,1,0,0,767,0,1
BS,Instagram,Story,2026-05-08,,0,0,0,0,864,0,0
BS,Instagram,Story,2026-05-08,,0,0,0,0,863,0,0
BS,Instagram,Story,2026-05-08,,0,0,0,0,1202,0,0
BS,Instagram,Story,2026-05-08,,0,1,0,0,1264,0,1
BS,Instagram,Story,2026-05-08,,0,0,0,0,1245,0,0
BS,Instagram,Story,2026-05-08,,0,1,0,0,936,0,1
BS,Instagram,Story,2026-05-08,,0,0,0,0,1074,0,0
BS,Instagram,Story,2026-05-08,,0,0,0,0,1584,0,0
BS,Instagram,Story,2026-05-08,,0,0,0,0,1374,0,0
BS,Instagram,Story,2026-05-08,,0,0,0,0,1184,0,0
BS,Instagram,Story,2026-05-08,,0,0,0,0,1295,0,0
BS,Instagram,Story,2026-05-08,,0,0,0,0,1043,0,0
BS,Instagram,Story,2026-05-08,,0,0,0,0,1175,0,0
BS,Instagram,Story,2026-05-08,,0,0,0,0,1264,0,0
BS,Instagram,Story,2026-05-08,,0,0,0,0,1169,0,0
BS,Instagram,Story,2026-05-08,,0,0,0,0,1324,0,0
BS,Instagram,Story,2026-05-08,,0,0,0,0,1194,0,0
BS,Instagram,Story,2026-05-08,,0,0,0,0,1384,0,0
BS,Instagram,Story,2026-05-07,,0,0,0,0,1294,0,0
BS,Instagram,Story,2026-05-07,,0,0,0,0,1723,0,0
BS,Instagram,Story,2026-05-07,,0,0,0,0,1758,0,0
BS,Instagram,Story,2026-05-07,,0,0,0,0,1533,0,0
BS,Instagram,Story,2026-05-07,,0,1,0,0,1573,0,1
BS,Instagram,Story,2026-05-07,,0,0,0,0,2077,0,0
BS,Instagram,Story,2026-05-07,,0,1,0,0,2088,0,1
BS,Instagram,Story,2026-05-07,,0,0,0,0,2121,0,0
BS,Instagram,Story,2026-05-07,,0,0,0,0,2115,0,0
BS,Instagram,Story,2026-05-07,,0,0,0,0,2124,0,0
BS,Instagram,Story,2026-05-07,,0,0,0,0,2144,0,0
BS,Instagram,Story,2026-05-07,,0,0,0,0,2149,0,0
BS,Instagram,Story,2026-05-07,,0,0,0,0,2170,0,0
BS,Instagram,Story,2026-05-07,,0,0,0,0,2181,0,0
BS,Instagram,Story,2026-05-07,,0,0,0,0,2187,0,0
BS,Instagram,Story,2026-05-07,,0,0,0,0,2190,0,0
BS,Instagram,Story,2026-05-07,,0,0,0,0,2252,0,0
BS,Instagram,Story,2026-05-07,,0,0,0,0,2222,0,0
BS,Instagram,Story,2026-05-07,,0,0,0,0,2243,0,0
BS,Instagram,Story,2026-05-07,,0,1,0,0,2255,0,1
BS,Instagram,Story,2026-05-07,,0,0,0,0,2252,0,0
BS,Instagram,Story,2026-05-07,,0,1,0,0,2291,0,1
BS,Instagram,Story,2026-05-07,,0,0,0,0,2288,0,0
BS,Instagram,Story,2026-05-07,,0,0,0,0,2319,0,0
BS,Instagram,Story,2026-05-07,,0,0,0,0,2379,0,0
BS,Instagram,Story,2026-05-07,,0,0,0,0,2401,0,0
BS,Instagram,Story,2026-05-07,,0,0,0,0,2556,0,0
BS,Instagram,Story,2026-05-07,,0,0,0,0,2385,0,0
BS,Instagram,Story,2026-05-07,,0,0,0,0,2392,0,0
BS,Instagram,Story,2026-05-07,,0,0,0,0,2392,0,0
BS,Instagram,Story,2026-05-07,,0,0,0,0,2408,0,0
BS,Instagram,Story,2026-05-07,,0,0,0,0,2411,0,0
BS,Instagram,Story,2026-05-07,,0,0,0,0,2434,0,0
BS,Instagram,Story,2026-05-07,,0,0,0,0,2450,0,0
BS,Instagram,Story,2026-05-07,,0,0,0,0,2474,0,0
BS,Instagram,Story,2026-05-07,,0,1,0,0,2487,0,1
BS,Instagram,Story,2026-05-07,,0,0,0,0,2511,0,0
BS,Instagram,Story,2026-05-07,,0,0,0,0,2545,0,0
BS,Instagram,Story,2026-05-07,,0,2,0,0,2570,0,2
BS,Instagram,Story,2026-05-07,,0,0,0,0,2605,0,0
BS,Instagram,Story,2026-05-07,,0,0,0,0,2619,0,0
BS,Facebook,Video,2026-05-05,Ouvimos dizer que você vai poder escolher o presente de dia das Mães da sua mãe na Zara 👀🌟,0,0,0,0,0,0,0
BS,Facebook,Video,2026-05-01,"👠✨ last night was ICONIC.

a première de o diabo veste prada 2 tomou o Balneário Shopping com uma noite à altura e looks que a Miranda aprovaria! 

#DiaboVestePrada #FashionBS #BalnearioShopping",1,0,0,0,0,0,1
BS,Facebook,Video,2026-04-30,"Save the dates.

06 — 07 — 08 — 09

O BFS Winter 2026 está chegando.
Expectativa alta, passarela pronta e muita coisa linda por vir.

Stay tuned. 💎

#BFS2026 #BalnearioShopping",0,0,0,1,0,0,1
BS,Facebook,Video,2026-04-29,"✨ E a cidade virou passarela. 

O lançamento do Balneário Fashion Show tomou o Molhe da Barra Sul, e esse foi só o começo.

📅 Stay tuned:  6, 7, 8 e 9 de maio

#BFS #BalnearioFashionShow #BalnearioSho",0,0,0,0,0,0,0
BS,Facebook,Video,2026-04-28,"O Dia das Mães se aproxima… e com ele, a chance de transformar esse momento em algo ainda mais especial 

No Balneário Shopping, cada escolha pode ir além do presente. A cada R$300 em compras, você ga",0,0,0,0,0,0,0
BS,Facebook,Video,2026-04-26,"👠 it’s not just a shoe. it’s the moment.

o salto de o diabo veste prada já chegou no Balneário Shopping —
e dia 30/04, a história continua nas telas.",13,0,0,0,0,0,13
BS,Facebook,Video,2026-04-23,"Sim, os carros entram assim mesmo.
E esse aqui não veio só de visita não.

ELE CHEGOU. O prêmio da nossa campanha de Mães.

Um Jaecoo 7 Luxury, híbrido, tecnológico e simplesmente surreal.

E agora ve",1,1,0,0,0,0,2
BS,Facebook,Video,2026-04-22,"🐾✨ Vem aí: Encontro de Goldens no Balneário Shopping

Uma tarde especial com dicas de adestramento, cuidados, ativações de marcas e brindes para você e seu golden.

📅 25 de abril
🕒 Das 15h às 17h
📍 Pr",0,0,0,0,0,0,0
BS,Facebook,Video,2026-04-21,"✨ Silvia Braz e Bebela x Riachuelo. 
E o resultado? simplesmente impecável.

Modelagens atemporais, cores versáteis e aquela elegância sem esforço que a gente reconhece de longe.

📍 Disponível na Riac",0,0,0,0,0,0,0
BS,Facebook,Video,2026-04-10,"✨ A nova Shoulder já está aberta

Um espaço icônico, pensado nos mínimos detalhes para traduzir o estilo da marca com ainda mais presença e sofisticação.

📍 Piso L2

📲 Cadastre suas compras no app AJF",1,0,0,0,0,0,1
BS,Facebook,Video,2026-04-02,"Por um passeio mais leve e acolhedor para todos. ❤️🧩

Aqui no Balneário Shopping, acreditamos que o lazer deve ser acessível e confortável para todos. Por isso, reforçamos nossas iniciativas de apoio ",1,0,0,0,0,0,1
BS,Facebook,Video,2026-04-01,"ELAS 2026 ✦

Uma noite que atravessa, inspira e permanece.

Obrigada a todas que fizeram parte, foi histórico.

E agora a gente quer saber:
quem você quer ver no próximo ELAS? 👀",1,0,0,0,0,0,1
BS,Facebook,Video,2026-03-31,"SHE IS HERE

Susana Barbosa, uma das vozes mais influentes da moda e da cultura contemporânea, desembarca no ELAS 2026 ao lado de Clemilda Thomé, empresária e referência em inovação e liderança.

Duas",0,0,0,0,0,0,0
BS,Facebook,Video,2026-03-31,"Março se despede à altura de quem ele representa.

O ELAS 2026 chega para encerrar o mês da mulher com propósito, presença e conversas que importam em um encontro pensado para mulheres que constroem, ",0,0,0,0,0,0,0
BS,Facebook,Video,2026-03-31,,0,0,0,0,0,0,0
BS,Facebook,Video,2026-03-31,"Spoiler do que vem por aí… 🪩💫

Os últimos detalhes, a montagem, os toques finais! 
Tudo sendo preparado para receber uma noite que vai muito além de um evento.

Hoje, o ELAS 2026 ganha vida por aqui.
",0,0,0,0,0,0,0
BS,Facebook,Video,2026-03-28,"Hoje foi dia de viver um pouquinho de magia ✨💖
O encontro com A Menina da Casa Mágica foi daqueles que deixam o coração quentinho... Cheio de sorrisos, encantamento e memórias lindas pra guardar 🫶🏻

E",0,0,0,0,0,0,0
BS,Facebook,Video,2026-03-25,"✨ A Tok&Stok está de volta ao Balneário Shopping

Um novo espaço, cheio de inspirações, design e soluções para transformar cada detalhe da sua casa.

👉 Passe pelo shopping e venha conferir de perto a ",0,0,0,0,0,0,0
BS,Facebook,Video,2026-03-11,"⚽✨ Clima de Copa no ar.

A nova coleção exclusiva CBF já chegou à Centauro do Balneário Shopping.
Peças oficiais para quem vive o futebol dentro e fora do campo e quer torcer pelo Brasil com estilo.

",1,0,0,0,0,0,1
NK,Instagram,Reel,2026-05-07,"Que tipo de mãe é a sua?
Não deixa aproveitar a oportunidade de ganhar um carrão, e venha comprar aqui no Neumarkt Shopping!!",38,13,0,9,634,0,60
NK,Instagram,Reel,2026-05-06,"Te mostrando alguns dos pratos do Madero no @shoppingneumarkt 🥩🍔

📍 Shopping Neumarkt
R. 7 de Setembro, 1213 - Centro, Blumenau - SC, 89010-911

De domingo a quinta:
🕥  das 11h45 às 22h30

Sexta e sáb",67,30,2,36,1591,0,135
NK,Instagram,Reel,2026-05-06,"A Maze passando pra dar aquela dica especial de Dia das Mães 🐾💖

Na @cobasi você encontra opções lindas de arranjos de flores 🌷
Pode montar do seu jeitinho ou escolher um vasinho já prontinho — perfei",145,18,1,13,5476,0,177
NK,Instagram,Carrossel,2026-05-05,"Tem novidade especial chegando no Neumarkt

Tania Bulhões chega ao Neumarkt Shopping para marcar um novo capítulo no nosso posicionamento: mais sofisticado, mais autoral, mais conectado com o que há d",196,21,2,104,3140,0,323
NK,Instagram,Carrossel,2026-05-05,"✨ Maio chegou com tudo no Neumarkt Shopping!

Preparamos uma agenda cheia de experiências pra você curtir com a família, amigos e quem você ama 💚

⚽ Champions League ao vivo (Praça de Alimentação)
📅 0",596,27,56,327,15834,0,1006
NK,Instagram,Reel,2026-05-04,"Se a ideia é escolher um presente realmente exclusivo para a sua mãe, esse vídeo é pra você! ✨

As biojoias da coleção Natureza Eternizada são feitas a partir de elementos naturais reais, como folhas ",44,6,1,4,2101,0,55
NK,Instagram,Reel,2026-05-04,"ASMR do seu futuro Jaecoo 7 Luxury híbrido! O carro mais tecnológico e sofisticado pode ser seu!

A cada R$300 em compras, cadastre seus cupons no App AJFans, ganhe 1 número da sorte e concorra ao inc",20,0,0,0,689,0,20
NK,Instagram,Reel,2026-05-03,Dia das mães é daqui uma semana🤭 Já escolheu o presente da sua? ✨❤️,87,17,5,8,5193,0,117
NK,Instagram,Reel,2026-05-01,Muita gente maravilhosa e muito bem vestida para a premier de O Diabo Veste Prada 2 aqui no NK👠✨,1068,64,25,412,15701,0,1569
NK,Instagram,Reel,2026-04-29,"Uma experiência completa para o seu almoço! 🥗🍝

No Menu Executivo do Kombina Felice, você escolhe sua entrada e seu prato principal em um menu pensado para unir sabor e sofisticação, a partir de R$49,",125,17,29,77,6026,0,248
NK,Instagram,Reel,2026-04-28,"O Dia das Mães se aproxima… e com ele, a chance de transformar esse momento em algo ainda mais especial. 

No Neumarkt Shopping, cada escolha pode ir além do presente. A cada R$300 em compras, você ga",72,3,0,6,3250,0,81
NK,Instagram,Carrossel,2026-04-28,"Hoje começa a emoção da Liga dos Campeões da UEFA no Neumarkt Shopping.

O primeiro confronto já é daqueles imperdíveis: PSG x Bayern, às 16h, com transmissão ao vivo na praça de alimentação.

Chama o",39,0,0,3,2319,0,42
NK,Instagram,Reel,2026-04-27,"Tem sentimentos que não cabem em palavras... mas cabem em cuidado, em escolha, em presença.

Nesse Dia das Mães, escolhi transformar tudo o que ela sempre foi pra mim em cada detalhe. Porque no fim, s",106,13,5,30,5336,0,154
NK,Instagram,Reel,2026-04-27,"✨ A magia chegou em Blumenau! ✨

A menina da casa mágica já está por aqui e vem direto para o Neumarkt Shopping 💫
Vem viver uma tarde super divertida com a Gabi e seus amigos! 🎉

🗓️ Dia 03/05
⏰ Às 17h",182,10,18,181,6293,0,391
NK,Instagram,Reel,2026-04-27,"Parabéns! 🎉 Agora é só aproveitar toda a tecnologia e a performance do novo iPhone. 📸

Para você que participou: continue cadastrando suas notas e acumulando pontos no app. Novas oportunidades e benef",125,3,2,13,5831,0,143
NK,Instagram,Reel,2026-04-26,"Tem coisas que não pedem atenção... simplesmente
chegam, estreiam e dominam.

Um clássico está de volta, mais afiado e mais icônico. Porque no mundo da moda (e do cinema), relevância não se explica...",1347,21,29,590,21251,0,1987
NK,Instagram,Carrossel,2026-04-24,"Vem aí o Festival de Dança NK 💃✨

De 25 a 27 de abril, a Praça Central do Neumarkt Shopping vai se transformar em um verdadeiro palco de energia, movimento e muita expressão!

Vem conferir a programaç",128,17,3,34,3010,0,182
NK,Instagram,Reel,2026-04-23,"Como que colocam um carro dentro do shopping?
Já ouvi várias vezes essa pergunta, e tá aí a resposta hehehe",13058,101,442,3713,154744,0,17314
NK,Instagram,Carrossel,2026-04-23,"✨ O Dia das Mães está chegando, e a oportunidade de ganhar um presente de luxo também! 💐

No Neumarkt, você tem a chance de conquistar o incrível Jaecoo 7 Luxury, o SUV híbrido de luxo, a cada R$300 e",26,1,2,9,3113,0,38
NK,Instagram,Carrossel,2026-04-22,"O lar Silvana estará mais uma vez presente com seus cachorrinhos cheios de amor, esperando por um novo lar 💛

Se você sonha em ter um companheiro fiel, essa é a oportunidade perfeita!

📍 espaço Pet do",190,2,1,41,2993,0,234
NK,Instagram,Reel,2026-04-20,"Se você é melisseira como eu, já se prepara… porque a nova coleção da Melissa chegou no Neumarkt Shopping e tá simplesmente apaixonante! 💖

São modelos que unem estilo, conforto e muita personalidade ",54,4,0,4,2745,0,62
NK,Instagram,Reel,2026-04-18,"Feriadão prolongado está aí, que tal vir comigo na Farm montar uma mala de viagem prática e cheia de estilo? ✨

#frm07",51,13,1,5,1880,0,70
NK,Instagram,Carrossel,2026-04-17,Horário de feriado!,62,4,1,18,3920,0,85
NK,Instagram,Reel,2026-04-17,🤫🤫,104,69,0,15,3103,0,188
NK,Instagram,Reel,2026-04-16,"Elegância, atitude e um toque de poder… 🖤✨👠

Looks inspirados no universo de O Diabo Veste Prada, porque estilo de verdade não pede permissão — ele impõe presença.

Todas essas peças você encontra aqu",439,51,13,64,8444,0,567
NK,Instagram,Reel,2026-04-15,"Conhecendo a nova unidade do @crepefy.neumarktshop no Neumarkt Shopping 😍✨

📍 R. 7 de Setembro, 1213 - Centro, Blumenau - SC, 89010-911

🕥 Todos os dias:
das 10h00 às 21h45

Já salva pra conhecer 💖

#",388,24,33,348,9541,0,793
NK,Instagram,Reel,2026-04-14,"Já faz parte da minha rotina… e resolvi mostrar mais da @bt_shoppingneumarkt pra vocês 🤍

Prática, completa e perfeita para encaixar no dia  a dia!

#bodytech #neumarkt #blumenau #rotina #fitness",91,8,3,19,3907,0,121
NK,Instagram,Reel,2026-04-13,,69,4,1,1,2385,0,75
NK,Instagram,Reel,2026-04-09,"✨ TBT de um dia especial com a @susanabarbosa no evento Elas aqui no Neumarkt… ainda dá pra sentir a energia incrível que foi! 💖

E pra você que não conseguiu vir, calma que tem mais! 🙌
A Susana Barbo",28,1,0,2,1430,0,31
NK,Instagram,Carrossel,2026-04-09,"🎬🍿 Vem aí! Um dos títulos mais aguardados chega ao GNC Cinemas

A pré-venda de O Diabo Veste Prada 2 começa HOJE, dia 9 de abril, com estreia em 30/04 👠

Garanta seu ingresso e não fique de fora!",1511,35,52,951,19175,0,2549
NK,Instagram,Reel,2026-04-02,"Páscoa entre amigas💕
Coelhinho secreto, o que trazes pra mim? 
Aqui no NK encontramos diversas opções de presentes para essa data tão especial 🐰✨",143,14,6,10,4382,0,173
NK,Instagram,Reel,2026-03-31,"Esse é o top5 da Alice, e o de vocês?",79,6,5,2,2859,0,92
NK,Instagram,Reel,2026-03-30,"inspiração do dia: @lelisblanc_bnu
qual look é mais você? ✨
1, 2 ou 3: qual você usaria?",64,11,4,6,2711,0,85
NK,Instagram,Imagem,2026-03-30,"A moda de verdade tem nome — e ela está chegando ✨

No dia 1º de abril, o Neumarkt Shopping recebe @susanabarbosa, Publisher e Diretora Editorial da ELLE Brasil, para um encontro sobre moda, luxo e cu",46,4,0,10,2104,0,60
NK,Instagram,Reel,2026-03-29,"Já tem o app AJ Fans? Se não, corre baixar pra não perder a oportunidade de ganhar um IPhone 17✨",39,5,2,7,2566,0,53
NK,Instagram,Carrossel,2026-03-28,"Entre escolhas, silêncio e expectativa…
cada detalhe guarda um segredo.

Da Kopenhagen, não é só um ovo —
é uma experiência que se revela aos poucos.

E quando finalmente se abre…
vale cada segundo de",64,3,2,1,1961,0,70
NK,Instagram,Reel,2026-03-27,"A moda de verdade tem nome — e ela está chegando. ✨

No dia 1º de abril, a Susana Barbosa, Publisher e Diretora Editorial da ELLE Brasil, desembarca no Neumarkt Shopping para um encontro imperdível so",96,7,2,39,2976,0,144
NK,Instagram,Reel,2026-03-27,"Esse é o Neumarkt Shopping, se quiser vim vê 🤷🏽",840,34,10,76,17064,0,960
NK,Instagram,Reel,2026-03-26,"Essa é a Páscoa da Lindt 🍫🐰

Eu fui conferir de perto as novidades desse ano e olha… tem MUITA opção!

E eu ainda provei um deles pra contar pra vocês! 👀🍫

📍 R. 7 de Setembro, 1213 - Loja 70A Loja 71
",122,50,4,57,3860,0,233
NK,Instagram,Reel,2026-03-26,"🍄✨ Mario e Luigi chegaram no GNC Cinemas do Neumarkt Shopping para contar:
Super Mario Galaxy estreia 1º de abril, e não é mentira 🤭",219,28,4,49,4291,0,300
NK,Instagram,Reel,2026-03-25,"🏃‍♀️💖 Vai correr com a gente? Olha as infos importantes:

📍 Largada: 7h em frente ao shopping.
🚗 Estacionamento:
5h30 às 6h15 no Subsolo
6h15 às 7h no G1
🎽 Retirada de kits na Centauro: 27 e 28/03.
👟 ",249,20,6,81,5861,0,356
NK,Instagram,Reel,2026-03-23,"Um toque clássico, um mood leve e muito estilo ✨
Vivendo meu momento Tommy girl!",101,26,3,7,3085,0,137
NK,Instagram,Reel,2026-03-23,"Tem novidade no shopping! 🎉
A Foot Wear já está de portas abertas esperando por você com modelos incríveis. Passa aqui pra conferir!",38,3,1,11,2252,0,53
NK,Instagram,Reel,2026-03-23,"A camisa oficial da Copa já está disponível na Centauro! ⚽🔥

Garanta a sua e entre no clima da torcida com estilo 💛💚
Corre pra loja aqui do NK e não fica de fora desse momento!",86,9,1,10,2601,0,106
NK,Instagram,Reel,2026-03-22,"Outono com estilo 🍂🤎

A nova coleção da Bottero traz o marrom como protagonista, com camurça e mocassim que nunca saem de cena.

Elegância fácil pra todos os dias ✨",56,2,1,4,2556,0,63
NK,Instagram,Reel,2026-03-18,"Menu especial durante todo o mês de março em comemoração ao dia Internacional da Mulher? Você encontra lá no @kombinafelice 😍

Essa é uma experiência gastronômica com entrada, prato principal e sobrem",268,46,29,120,9308,0,463
NK,Instagram,Reel,2026-03-16,"Ver a roupa no corpo dá todo um carme a mais né!?
Esses são meus novos queridinhos da YouCom ✨🥰",146,20,7,17,5144,0,190
NK,Instagram,Reel,2026-03-13,Looks irresistíveis da shoulder com aquele toque especial da Arezzo,46,4,0,4,2807,0,54
NK,Instagram,Reel,2026-03-12,"Chama todos os fãs de Crepúsculo! 🙌

O clássico que conquistou gerações está de volta às telonas. A pré-venda de ingressos já começou, e essa é a sua chance de reviver todo o romance e drama da saga.
",373,13,7,175,6293,0,568
NK,Instagram,Carrossel,2026-03-12,"Mais informações 👇🏻

12/03 - Sessão Azul no Cinema
• Filme: Cara de Um, Focinho de Outro
• Sessão especial para crianças com autismo
• Ambiente mais tranquilo e acolhedor no GNC Cinemas

14/03 e 21/03",116,9,5,24,4785,0,154
NK,Instagram,Reel,2026-03-11,Tínhamos que entrar para a trend também 🤭✨,190,7,2,37,3907,0,236
NK,Instagram,Reel,2026-03-11,"Um mundo de criatividade te espera na Jogaderia.
Vem montar, criar e se divertir no Neumarkt Shopping.",179,4,9,127,4173,0,319
NK,Instagram,Reel,2026-03-10,"A Páscoa está chegando e a Camicado já está cheia de decorações lindas! 🐰

Tem opções de mesa posta, decorações para casa e até mesmo presentes!

Eu já escolhi alguns dos meus favoritos por aqui, agor",50,8,4,32,2014,0,94
NK,Instagram,Reel,2026-03-09,"Começou a Semana do Consumidor!!

De 9 a 15 de março, o Dia do Consumidor ganha uma semana inteira de vantagens no Shopping Neumarkt.

No app AJ Fans, você encontra benefícios gratuitos, descontos e b",92,5,0,5,3684,0,102
NK,Instagram,Reel,2026-03-08,Feliz dia da Mulher 🫶🏻✨,570,33,12,137,7152,0,752
NK,Instagram,Carrossel,2026-03-05,Brown🤎,59,5,1,4,1448,0,69
NK,Instagram,Reel,2026-03-04,A coleção nova da @arezzo já chegou no Neumarkt Shopping… e eu já tenho os meus preferidos 👀✨#,49,7,2,5,2457,0,63
NK,Instagram,Reel,2026-03-03,"Eu vim “só dar uma olhadinha” e saí querendo tudo🙈

Tá rolando até 70% OFF na loja inteira e peças a partir de R$29,90.

Vale muito a pena passar aqui e ver de perto!
Promoção válida até dia 15 de mar",79,9,2,36,4299,0,126
NK,Instagram,Reel,2026-02-27,"O Giro Mensal no @shoppingneumarkt te leva hoje até a @authenticfeet !
Vem conhecer um pouquinho desse universo de tênis  e streetwear🤍💫",65,2,7,5,3264,0,79
NK,Instagram,Reel,2026-02-26,"Na terça-feira tivemos a alegria de abrir a exposição de Telomar Florêncio aqui no Neumarkt Shopping, e queremos compartilhar o quanto esse momento foi especial para todos nós.

Autodidata, Telomar co",53,2,2,10,2243,0,67
NK,Instagram,Reel,2026-02-26,"Nem todo mundo sabe, mas a General Lyy também tem tênis infantis cheios de estilo 👟✨

A Alice veio mostrar algumas opções que provam que a loja não é só para adultos — tem modelos incríveis para os pe",56,17,0,10,2630,0,83
NK,Instagram,Reel,2026-02-26,"Está chegando! Aqui no Neumarkt shopping, o torneio de Poker!",41,1,2,11,1366,0,55
NK,Instagram,Reel,2026-02-25,A Baier espera por vocês ✨,57,8,1,2,1575,0,68
NK,Instagram,Reel,2026-02-24,"Do básico ao luxo!
Com as peças da @arezzo e @shoulder complementando o look, não tem erro ✨",57,11,1,3,2447,0,72
NK,Instagram,Carrossel,2026-02-24,"⚽ Promoção Meu Méqui: Rumo à Final da Copa do Mundo FIFA 2026™️ ⚽

O Meu Méqui tem uma oportunidade única para você! Participe e concorra a prêmios incríveis, incluindo uma viagem para a Final da Copa",222,6,28,239,8308,0,495
NK,Instagram,Reel,2026-02-23,"Conjuntinhos lindos estampados a aqui da @farmblumenau , para quem ama uma cor nesse verão 💖☀️",57,13,2,10,3381,0,82
NK,Instagram,Carrossel,2026-02-19,"Neste fim de semana tem mais um encontro cheio de amor no Neumarkt Shopping 💙🐾

A Feira de Adoção Pet acontece com o Lar Silvana, trazendo cãezinhos que estão esperando por um novo começo, um lar e mu",793,19,11,160,8928,0,983
NK,Instagram,Reel,2026-02-18,Muito estilo e conforto essas peças da Le Lis Blanc💖,57,8,1,11,3240,0,77
NK,Instagram,Reel,2026-02-16,"Gostou? Corre pra @farmneumakrt ver as novidades🌟🤍

#vestidos #blusa #farmrio #adorofarm #fy vestidosfarm",95,15,8,13,4496,0,131
NK,Instagram,Reel,2026-02-14,Envia para a sua best no vídeo e vem aproveitar um cafezinho aqui no @cafecultura do @neumarktshopping!,105,5,2,4,4434,0,116
NK,Instagram,Reel,2026-02-13,"Encontre o presente perfeito para o seu amor com as joias delicadas da Sandra Duwe, uma verdadeira declaração de carinho neste Valentine's Day. 💎💕 Venha se apaixonar pelas opções exclusivas que prepar",45,7,2,12,3815,0,66
NK,Instagram,Reel,2026-02-12,"TBT do nosso encontrinho épico das Heroínas do K-pop! 💫🎤 Foi um momento incrível de diversão, amizade e muito K-pop no ar! 💖 

#KpopLovers #TBT #KpopVibes #MelhoresMomentos #meetings",255,16,3,92,7238,0,366
NK,Instagram,Reel,2026-02-07,"Não deixe de aproveitar a semana do cinema!🍿🎞️
🎟️Ingressos matinê apenas R$10,00
🎟️Ingressos noite apenas R$12,00
🎟️Ingresso VIP apenas R$13,00

Corre e aproveita que é por tempo limitado🤭",59,6,1,26,2971,0,92
NK,Instagram,Story,2026-05-08,,0,0,0,0,0,0,0
NK,Instagram,Story,2026-05-08,,0,0,0,0,27,0,0
NK,Instagram,Story,2026-05-08,,0,0,0,0,46,0,0
NK,Instagram,Story,2026-05-08,,0,1,0,0,321,0,1
NK,Instagram,Story,2026-05-07,,0,1,0,0,475,0,1
NK,Instagram,Story,2026-05-07,,0,1,0,0,543,0,1
NK,Instagram,Story,2026-05-07,,0,2,0,0,589,0,2
NK,Instagram,Story,2026-05-07,,0,1,0,0,611,0,1
NK,Instagram,Story,2026-05-07,,0,1,0,0,627,0,1
NK,Facebook,Album,2026-04-17,Horário de feriado!,0,0,0,0,0,0,0
NK,Facebook,Video,2026-03-27,,0,0,0,0,0,0,0
NK,Facebook,Album,2026-03-24,"A magia da Páscoa chegou ao Neumarkt Shopping! 

Nossa Caça aos Doces começa com uma divertida pintura facial de coelhinho, para as crianças entrarem no clima e se prepararem para a aventura. Em segui",0,0,0,0,0,0,0
NK,Facebook,Video,2026-03-20,,0,0,0,0,0,0,0
NK,Facebook,Video,2026-03-13,,2,0,0,0,0,0,2
NK,Facebook,Video,2026-03-06,,0,0,0,0,0,0,0
NS,Instagram,Reel,2026-05-07,"Prepare-se para viver essa experiência com a gente.

📅 Em breve!",444,20,27,342,7299,0,833
NS,Instagram,Reel,2026-05-07,"Flores são um gesto de carinho e afeto para quem amamos. 🌸🌺🌼🌷

Na @cobasi, você encontra arranjos lindos a partir de R$29,90 para presentear aquela que te ama incondicionalmente. Para o Dia das Mães, ",18,0,0,2,2616,0,20
NS,Instagram,Reel,2026-05-06,"Passeio de mãe e filha pelo shopping: amamos muito! 🤍

Neste Dia das Mães, o presente pode ser ainda maior do que você imagina! No Nações Shopping, suas compras viram chances de ganhar um carro de lux",5945,111,52,203,47923,0,6311
NS,Instagram,Reel,2026-05-06,"🤍 Sua mãe merece o melhor cuidado.

Presenteie com a @adcoscriciuma e escolha dermocosméticos pensados para valorizar e cuidar da pele com qualidade e tecnologia.

Um carinho em forma de autocuidado p",9,2,0,1,1993,0,12
NS,Instagram,Reel,2026-05-06,"Um presente à altura de quem sempre foi inspiração.

A @lezalezcriciuma traz peças que unem elegância, leveza e significado, perfeitas para celebrar o amor único que as mães tem.

Escolha o look ideal",19,2,0,4,2464,0,25
NS,Instagram,Reel,2026-05-05,"Histórias que transcendem o tempo merecem ser guardadas. 

Presenteie com algo especial: personalize seu pingente para o Dia das Mães na @acium_sulsc 🤍",14,0,0,1,2216,0,15
NS,Instagram,Reel,2026-05-05,"🔥 Big Box por R$ 25,90? Tem sim! No KFC, é só pagar com Pix pelo RecargaPay e garantir o desconto na hora. 

É simples:
➡️ Abra o app RecargaPay e se cadastre
➡️ Escaneie o QR Code no totem ou caixa
➡",136,1,32,139,6175,0,308
NS,Instagram,Imagem,2026-05-04,"Uma homenagem especial para quem merece tudo!

Em clima de Dia das Mães, o Nações Shopping recebe um show gratuito na Praça de Alimentação, com um repertório preparado para emocionar e celebrar esse m",77,6,4,9,5668,0,96
NS,Instagram,Reel,2026-05-04,"ASMR do seu futuro Jaecoo 7 Luxury híbrido! O carro mais tecnológico e sofisticado pode ser seu!

A cada R$300 em compras, cadastre seus cupons no App AJFans, ganhe 1 número da sorte e concorra ao inc",15,1,0,3,3081,0,19
NS,Instagram,Reel,2026-05-03,"💐 Um almoço de Dia das Mães pede uma mesa à altura desse momento especial.

Com as peças da Camicado e Cassol, cada detalhe ganha charme, elegância e aquele toque de carinho que faz toda a diferença. ",32,5,1,28,4785,0,66
NS,Instagram,Reel,2026-05-01,"O ano de 2026 é especial porque celebramos os 10 anos do Nações, aqui em Criciúma. O @adelorlessa nos conta mais sobre essa história. 🤍",80,3,0,2,2768,0,85
NS,Instagram,Reel,2026-05-01,O filme é um sucesso e o nosso evento também! Confira os melhores momentos dessa noite que com certeza seria aprovada pela Miranda 😉👠,810,21,11,253,18909,0,1095
NS,Instagram,Reel,2026-05-01,"⚽💚 A emoção da Copa chegou aqui no Nações! 

Os álbuns e figurinhas da @fifaworldcup já chegaram na Livraria Catarinense,  @fatima.papelaria, @fatimaesportes e na @fatimacrianca ✅

Garanta o seu e com",257,5,8,71,13391,0,341
NS,Instagram,Reel,2026-04-30,"É final de semana de ‘O Diabo Veste Prada’! 👠

Vem pro @gnccinemas 🍿",200,5,5,20,7421,0,230
NS,Instagram,Reel,2026-04-28,"Tá chegando… 👠

Faltam 2 dias para a estreia oficial de O Diabo Veste Prada. Já estamos prontos por aqui!",111,6,1,5,5998,0,123
NS,Instagram,Carrossel,2026-04-27,"📱 O iPhone 17 já tem uma nova dona! ✨

A sorte brilhou para quem utilizou o App AJFans! Confira quem garantiu o prêmio aqui no Nações:

🏆 Ganhador(a): Katrine Nascimento

Parabéns! 🎉 Agora é só aprove",41,1,1,5,2667,0,48
NS,Instagram,Reel,2026-04-27,"Nosso Encontro de Goldens foi um sucesso, com muita fofura! Confira os melhores momentos ❤️",575,23,5,40,17939,0,643
NS,Instagram,Reel,2026-04-26,Semana oficial de ESTREIA de um dos filmes mais esperados de 2026! Quem aí já está com os ingressos na mão? #TheDevilWearsPrada2 👠,2123,82,37,782,37924,0,3024
NS,Instagram,Reel,2026-04-26,"Fomos na @tokaia_ garantir o look e a bolsa para O Diabo Veste Prada ✨ 

Entramos oficialmente na semana da estreia! Quem aí está ansiosa?",89,13,3,8,8208,0,113
NS,Instagram,Reel,2026-04-25,"A @freddogelateria chegou e nós já estamos apaixonados! 

Pode vir, você não vai se arrepender. 🤭❤️",233,15,5,149,11994,0,402
NS,Instagram,Reel,2026-04-24,"A @daialano já garantiu suas peças preferidas na inauguração da @lezalezcriciuma, aqui no Nações. ✨

E podemos falar? Ela arrasou em cada escolha! 

@lezalezcriciuma é a mais nova loja do shopping. Ve",174,97,5,118,8230,0,394
NS,Instagram,Carrossel,2026-04-23,"O Dia das Mães está chegando, e a oportunidade de ganhar um presente de luxo também! ✨

Aqui no Nações, você tem a chance de conquistar o incrível Jaecoo 7 Luxury, o SUV híbrido de luxo, a cada R$300 ",16,0,2,11,6200,0,29
NS,Instagram,Reel,2026-04-23,"Vem cá: a sua mãe merece um desses, não merece? 😍

Comprou, concorreu! A cada R$300 em compras aqui no Nações, você pode ganhar um Jaecoo 7 Luxury. Esse carrão já está aqui, só esperando a nova dona. ",102,7,5,51,8194,0,165
NS,Instagram,Carrossel,2026-04-22,"Esses looks são dignos de aprovação da Miranda Priestly.

👠 Inspirados no universo de O Diabo Veste Prada 2, reunimos produções com marcas do Nações Shopping que traduzem elegância, atitude e muito es",789,18,36,108,19259,0,951
NS,Instagram,Reel,2026-04-21,"A @isabelamrtl já garantiu seus registros com as Hello Kittys mais fofas do Brasil! 🎀

Vem visitar a exposição em comemoração aos 50 anos de uma das personagens mais queridas, até dia 17 de maio pelos",854,13,15,156,12623,0,1038
NS,Instagram,Reel,2026-04-19,"Você nem precisa sair do Nações pra matar a vontade de comer um X-salada! 

É só chegar na @viapian.food e pedir o seu. 😉",49,2,1,24,5806,0,76
NS,Instagram,Imagem,2026-04-19,"💛 Prepare-se para uma dose extra de fofura!

No dia 25 de abril, o Nações Shopping recebe um encontro especial de goldens e labradores. 🐾

Um momento perfeito para reunir os aumigos, fazer novas amiza",211,13,9,142,17848,0,375
NS,Instagram,Reel,2026-04-18,"24 de abril, a @lezalezcriciuma inaugura sua nova loja no Nações Shopping, trazendo sofisticação, identidade e peças que traduzem um lifestyle contemporâneo e autêntico.

Aguarde! ✨",54,4,0,5,4880,0,63
NS,Instagram,Imagem,2026-04-17,"Passear no Nações e encontrar a Hello Kitty já seria legal. Imagine encontrar várias? Pois você já tem esse encontro marcado com elas. 💖

A Hello Kitty Parade chegou com esculturas em tamanho real, pe",2211,9,66,226,43122,0,2512
NS,Instagram,Reel,2026-04-17,"Imagina uma collab dessas! @oboticario + @milkymoo se uniram pra criar os cremosíssimos de Deleite, com textura mais densa e ultra hidratante como você nunca viu! 🐮🧡

Corre pra garantir!",83,0,2,16,5947,0,101
NS,Instagram,Reel,2026-04-17,"Nossa Miss Criciúma foi escolhida! 👑

Ana Caroline Nazario Ribeiro agora representa Criciúma com toda sua graça e beleza. ✨",501,39,9,106,17377,0,655
NS,Instagram,Carrossel,2026-04-16,"Você se lembra do dia da inauguração do Nações Shopping? Um #tbt de uma história que seguimos construindo juntos. 

Relembrar esses momentos é celebrar cada passo dos 10 anos do Nações Shopping, feito",642,12,14,15,18974,0,683
NS,Instagram,Reel,2026-04-16,"Uma década de histórias, encontros e memórias. O Nações completa 10 anos fazendo parte da vida de milhares de pessoas, sendo palco de momentos especiais e conexões que marcaram gerações. 

Mais do que",150,19,9,23,7080,0,201
NS,Instagram,Carrossel,2026-04-15,"Em clima de comemoração, vem aí o Nações Dance! 💃

Celebrando os 10 anos do Nações Shopping, preparamos um momento cheio de ritmo, música e muita energia para você curtir com a gente. 🤍

Chame os amig",62,0,1,17,6545,0,80
NS,Instagram,Reel,2026-04-14,"🎀 A Hello Kitty chegou aos corredores do Nações Shopping com a Hello Kitty Parade, uma exposição cheia de arte, cor e criatividade, com peças exclusivas customizadas por artistas brasileiros. 

Venha ",3789,67,105,2232,41197,0,6193
NS,Instagram,Reel,2026-04-13,"No sábado a diversão foi garantida pra toda a família com o Musical dos Irmãos Bros! 🍄

Um espetáculo divertido que encantou as crianças e os adultos. Foi lindo!",97,6,5,32,6002,0,140
NS,Instagram,Reel,2026-04-12,"Atenção para o convite especial da nossa Miss, @analuiza.vargass 👑🤍

É no nosso aniversário, nesta quinta-feira dia 16, às 19h, que iremos conhecer a nova Miss Criciúma! Esperamos por você na Praça de",764,14,14,81,30944,0,873
NS,Instagram,Reel,2026-04-12,"💎✨ O momento de brilhar é agora!

A Diamond Week da Vivara chegou com uma seleção especial de joias com diamantes com 20% OFF.

Uma oportunidade perfeita para garantir aquela peça única para você ou p",41,4,0,6,6306,0,51
NS,Instagram,Imagem,2026-04-11,"🎢✨ Sua próxima aventura começa aqui!

O quiosque do Beto Carrero World está em frente a Riachuelo, prontinho para você garantir seu passaporte e viver dias inesquecíveis.

Passe por lá e comece a plan",21,3,1,1,3954,0,26
NS,Instagram,Reel,2026-04-10,"🏁 Bora acelerar e viver essa experiência com a gente?

O @extremekart no Nações Shopping tá te esperando pra muita adrenalina e diversão, anexo ao estacionamento.

Quer saber mais? Confira todas as in",64,5,4,34,5594,0,107
NS,Instagram,Reel,2026-04-09,"👠 A pré-venda de O Diabo Veste Prada 2 está aberta!

O clássico está de volta e você já pode garantir seu lugar para rever esse ícone nas telonas.

🎟️ Garanta seu ingresso antecipado em ingresso.com",1013,26,31,496,15864,0,1566
NS,Instagram,Reel,2026-04-09,"Ontem foi dia de viver o skate de perto! Os atletas do @skatetotalurbe passaram pelo Nações Shopping e aproveitaram cada momento, no @galetomammamia, no @extremekart e no @antoniosboliche_criciuma 🔥

",94,2,3,16,8490,0,115
NS,Instagram,Carrossel,2026-04-08,"Abril chegou com uma programação imperdível! ✨

O Nações Shopping preparou uma agenda cheia de experiências para você aproveitar: eventos, música, diversão e momentos especiais para toda a família. 

",1820,10,119,1584,50843,0,3533
NS,Instagram,Reel,2026-04-08,"🛹🔥 O clima do skate vai tomar conta do shopping!

Os atletas do STU estarão pelos corredores do Nações Shopping e você pode encontrar de perto, tirar fotos e garantir aquele autógrafo.

Uma oportunida",168,1,1,54,6335,0,224
NS,Instagram,Reel,2026-04-07,"Uma história que emociona dentro e fora das páginas. 🤍

O filme Uma Segunda Chance está em cartaz no GNC Cinemas, e para quem quiser se aprofundar ainda mais nessa história, o livro também está dispon",97,0,2,16,5213,0,115
NS,Instagram,Imagem,2026-04-06,"🍄 A aventura vai ganhar vida no palco!

O musical inspirado no mundo do Super Mario Bross vai encantar o público com muita diversão, música e um universo cheio de nostalgia. ❤️

Um espetáculo para tod",129,7,16,197,8512,0,349
NS,Instagram,Reel,2026-04-06,A gente AMA esses achadinhos e quer levar TODOS! Pode vir que a @lojasrenner tá cheinha de novidades 🩷🎀,141,3,3,22,6415,0,169
NS,Instagram,Reel,2026-04-05,"Páscoa que transborda significado 🤍

A @lojacacaushownacoes, em parceria com o Nações Shopping, realizou a doação de chocolates para instituições da cidade: a @apaedeicara, a @casadainfanciacriciuma e",78,3,0,12,8501,0,93
NS,Instagram,Reel,2026-04-04,"Levanta a mão quem aqui ama uma boa promoção: 🙋‍♀️🙋‍♂️

Aqui no @bazarcasamaria você encontra muitas opções com qualidade e preço justo. Vem visitar! 🩷",128,3,2,7,8976,0,140
NS,Instagram,Reel,2026-04-03,"Os nossos aumigos não precisam ficar de fora dessa data tão especial: eles também têm um ovo de Páscoa pensado especialmente para eles. 💛🐾

O Ovo Joy você encontra na @cobasi 🐶",14,0,0,3,4425,0,17
NS,Instagram,Reel,2026-04-03,"📱 Imagina ganhar um IPhone 17 novinho na faixa? 

Confira o passo a passo e participe do sorteio pelo App AJFans. Cada compra pode se transformar em uma nova chance de ganhar.

A cada 100 pontos, você",43,6,4,6,9729,0,59
NS,Instagram,Carrossel,2026-04-02,"Confira nosso horário de funcionamento, para você aproveitar cada momento com conforto e tranquilidade. 🤍

Programe sua visita e venha curtir!",77,1,7,12,5423,0,97
NS,Instagram,Reel,2026-04-02,"🍫 Se for pra ganhar chocolate… que seja assim!

Envia esse vídeo pra aquela pessoa que precisa entender o que você quer de presente nessa Páscoa. 🐰",67,7,1,22,7426,0,97
NS,Instagram,Reel,2026-04-01,"Atenção que “Super Mario Galaxy: O Filme” já está em cartaz! E a gente já se preparou com o balde pra hoje 🍄🤍

Garanta seu ingresso no site ingresso.com ou na nossa bilheteria.",259,5,7,167,9169,0,438
NS,Instagram,Reel,2026-03-31,"Ainda dá tempo de garantir as compras de Páscoa! Na @kopenhagen_nacoesshopping você encontra muitas opções para presentear quem você ama 🎁🍫

Corre pra cá!",50,4,3,9,5584,0,66
NS,Instagram,Reel,2026-03-31,"👖✨ O jeans perfeito existe e você encontra na C&A!

Modelagens que valorizam, conforto para o dia a dia e aquele estilo versátil que combina com tudo. Escolha o seu favorito!",25,1,0,2,4382,0,28
NS,Instagram,Carrossel,2026-03-30,"🍫🐰🎁 A wish list de Páscoa está pronta!

Selecionamos os queridinhos que são sucesso garantido na hora de presentear, com opções deliciosas para surpreender e deixar a data ainda mais especial.

Agora ",32,0,1,0,4714,0,33
NS,Instagram,Reel,2026-03-30,"Elas são um fenômeno! 

Confira os melhores momentos do musical Heroínas do K-Pop: O Retorno 💜",305,14,10,66,10065,0,395
NS,Instagram,Reel,2026-03-29,"Nossa Caça aos Ovos desse sábado foi um sucesso! Todos os coelhinhos garantiram seus chocolates com nossas lojas participantes para uma Páscoa mais doce 🐰🩷

E quem não conseguiu ir, não fique triste: ",111,7,3,17,7444,0,138
NS,Instagram,Reel,2026-03-29,"☀️🍨 Dia de calor pede… gelato!

Refrescante, cremoso e cheio de sabor, é a escolha perfeita para dar aquela pausa deliciosa no meio do dia. Vem se refrescar e aproveitar cada colherada na @officina.ge",72,4,3,23,8973,0,102
NS,Instagram,Carrossel,2026-03-29,"🎤 É hoje, às 18h, o musical Heroínas do K-pop: O Retorno, que promete encantar com muita música, dança e uma história cheia de atitude e emoção. 💜

Traga a família, chame os amigos e venha viver esse ",296,3,17,130,11359,0,446
NS,Instagram,Reel,2026-03-28,"🌞🌴 Um pedacinho do Rio de Janeiro por aqui…

A Farm traz cor, leveza e aquela energia única que só o RJ tem. Vem sentir esse clima, se inspirar e levar um pouco desse lifestyle para o seu dia a dia.",53,3,0,4,6783,0,60
NS,Instagram,Carrossel,2026-03-27,"Uma coincidência que pode virar história! 🤍

O Nações Shopping está procurando uma criança muito especial: alguém que tenha nascido no dia 16 de abril de 2016, a mesma data da nossa inauguração. Em 20",384,19,5,40,16885,0,448
NS,Instagram,Reel,2026-03-27,"🍫🐰 A Páscoa fica ainda mais doce por aqui!

Na Cacau Show você encontra opções para todos os gostos: dos clássicos aos presentes mais especiais para surpreender quem você ama. Garanta suas compras de ",176,8,3,54,11417,0,241
NS,Instagram,Imagem,2026-03-26,"🍄🎮 Ele está invadindo o Nações!

A pré-venda do filme ‘Super Mario Galaxy’ já está liberada! Prepare-se para viver essa experiência na telona e garantir seu lugar nessa jornada cheia de ação e nostalg",4198,25,86,1064,69671,0,5373
NS,Instagram,Reel,2026-03-25,"✨ Últimos dias do Capivalley Parque!

Aproveite para viver essa experiência cheia de diversão, cores e momentos especiais com a família antes que acabe. 💛

Ainda dá tempo de viver tudo isso, mas corre",49,2,1,13,4532,0,65
NS,Instagram,Reel,2026-03-25,"Cuidado que entende a sua pele. 🤍✨

A ADCOS desenvolve dermocosméticos pensados especialmente para a pele brasileira, unindo tecnologia, ciência e resultados reais para o seu dia a dia.

Cada detalhe ",65,0,0,10,4399,0,75
NS,Instagram,Carrossel,2026-03-24,"📱 Seu próximo iPhone pode estar mais perto do que você imagina.

Confira o passo a passo e participe do sorteio pelo App AJFans. Cada compra pode se transformar em uma nova chance de ganhar.

A cada 1",40,1,1,18,6549,0,60
NS,Instagram,Carrossel,2026-03-24,"🍫 A melhor parte da Páscoa começa na escolha do ovo perfeito!

Preparamos uma seleção especial para todos os gostos, dos clássicos aos mais criativos, para deixar sua celebração ainda mais doce. 🐰

Pa",266,2,10,108,15904,0,386
NS,Instagram,Carrossel,2026-03-23,"RESGATES ENCERRADOS! ❌

🐰 A magia da Páscoa vai tomar conta do shopping!

No dia 28 de março, teremos uma Caça aos Ovos especial para a criançada, com muita diversão, doces e momentos encantadores aqu",326,47,42,491,12328,0,906
NS,Instagram,Reel,2026-03-23,"Nosso musical de Páscoa foi lindo e emocionante! 🤍

Confira os melhores momentos.",71,8,3,11,6668,0,93
NS,Instagram,Reel,2026-03-22,"⚒️ A @lojacassol.criciuma no Mês da Construção: tudo o que você precisa para tirar seus planos do papel, do início ao acabamento.

E o melhor: loja aberta sábado e domingo para te atender quando você ",79,8,1,5,5717,0,93
NS,Instagram,Reel,2026-03-21,"O Brasileiro tá só por esse momento! 🇧🇷⚽️

A camisa oficial já está disponível na @centauroesporte ✅",93,10,3,22,8540,0,128
NS,Instagram,Imagem,2026-03-20,"Imagina ganhar um iPhone 17 Black novinho? 😍 

Então, atenção para as regrinhas desse sorteio exclusivo no App AJFans:

1️⃣ Abra o app AJFans e cadastre suas notas fiscais de 19/03 a 19/04.
2️⃣ A cada",35,5,2,19,2734,0,61
NS,Instagram,Reel,2026-03-19,"Essa sexta é o #FeliciJah 🙃 

Pote de 360ml com todos os adicionais que você tem direito, por somente R$16,99. Não vai perder, né? 😋",65,0,4,24,6210,0,93
NS,Instagram,Imagem,2026-03-19,"O retorno mais esperado vai acontecer! ✨🎤

O musical Heroínas do K-pop: O Retorno promete emocionar com muita música, dança e uma história cheia de atitude e talento. 💜 Uma experiência pra quem ama o ",480,17,54,785,19660,0,1336
NS,Instagram,Carrossel,2026-03-18,"Diversão não tem idade, só precisa ter vontade de aproveitar! 😄

No Nações Shopping, tem opções para crianças, jovens e adultos viverem momentos especiais do jeito que mais gostam. Chame a família, re",156,7,6,24,10760,0,193
NS,Instagram,Reel,2026-03-18,"Elegância que se destaca nos detalhes. 

A @aramisnacoes_oficial traduz o homem contemporâneo com peças que unem sofisticação, conforto e estilo em cada composição.

Para quem valoriza presença, quali",39,11,0,12,3913,0,62
NS,Instagram,Carrossel,2026-03-17,"🐰 Um espetáculo para emocionar e encantar!

A magia da Páscoa ganha vida em um show especial, com música, cores e uma mensagem que aquece o coração. 

Reúna a família, venha viver esse momento e celeb",88,5,2,30,4754,0,125
NS,Instagram,Reel,2026-03-17,"Um mix perfeito para a sua rotina de autocuidado. 🍒✨

Com hidratação na medida certa, um aroma irresistivelmente adocicado e aquele toque de refrescância que faz toda a diferença, a linha #PanvelMilks",62,7,2,11,5146,0,82
NS,Instagram,Reel,2026-03-17,"Domingo vai ser mágico! Traga toda a família e venha assistir esse musical que será especial e inesquecível. 🐰

Esperamos por você!",59,3,4,58,5999,0,124
NS,Instagram,Imagem,2026-03-16,"🐰 Um momento especial para toda a família!

No domingo (22), a praça de alimentação recebe o Musical de Páscoa – Show da Vida, um espetáculo cheio de música, emoção e uma linda mensagem para celebrar ",82,5,9,124,6159,0,220
NS,Instagram,Reel,2026-03-15,"A Páscoa ganha ainda mais encanto nos detalhes. 🐰✨

A @camicado_criciuma preparou uma mesa de Páscoa cheia de charme e delicadeza, com peças que transformam qualquer encontro em um momento ainda mais ",34,4,0,28,6431,0,66
NS,Instagram,Reel,2026-03-14,"Nosso St. Patrick’s Festival com muito rock e chopp verde 🎤🍻🍀

Praça cheia, do jeitinho que a gente gosta! 💚",102,3,2,11,7848,0,118
NS,Instagram,Reel,2026-03-13,"🍀🍻💚 É neste sábado!

O clima do St. Patrick’s Day vai tomar conta do Nações Shopping com muita música, chopp e diversão.

A festa acontece na nossa Praça de Alimentação, com as bandas @vigariojack e @",90,19,0,43,5785,0,152
NS,Instagram,Carrossel,2026-03-11,"Tem coisa boa chegando por aqui… ✨

Algumas marcas já estão preparando seus espaços e, em breve, o Nações Shopping vai ganhar novas opções para você aproveitar ainda mais sua visita.

Fique atento por",1376,61,28,535,31942,0,2000
NS,Instagram,Reel,2026-03-10,"#MilkMooDay: comprou um de 500ml, ganha outro de 300ml do mesmo sabor. Simples assim!

Perfeito para dividir… ou não. 👀

É amanhã! Já combina com a galera e vem!",63,0,1,10,4764,0,74
NS,Instagram,Reel,2026-03-09,"Cadê os fãs da saga? 🙌

Um clássico que marcou gerações está de volta às telonas. A pré-venda de Crepúsculo já começou, e essa é a chance perfeita de reviver toda a emoção no cinema.

🩸✨ Garanta seus ",760,28,22,411,13974,0,1221
NS,Instagram,Carrossel,2026-03-09,"A semana em comemoração ao Dia do Consumidor começa com um combo de vantagens no nosso programa de relacionamento AJFans.

De 09 a 15 de março, tem benefícios exclusivos, cupons e descontos, ingressos",8,0,0,1,2234,0,9
NS,Instagram,Reel,2026-03-08,"Preparamos um lounge especial para celebrar o Dia da Mulher, pensado para acolher, inspirar e conectar. Um ambiente criado para receber mulheres incríveis em momentos de conversa, troca de experiência",45,3,0,2,6519,0,50
NS,Instagram,Reel,2026-03-08,"As capis mais amadas de Criciúma! ❤️

O musical do @capivalleyparque ensinou muito mais que música e diversão, ensinou sobre cuidar do meio ambiente! Fique com os melhores momentos dessa noite.

#naco",80,7,3,19,7389,0,109
NS,Instagram,Reel,2026-03-07,"A tarde está pedindo um café especial! Essa edição limitada de Páscoa já ganhou nosso coração por aqui. 🐰

Venha experimentar!",27,5,1,6,6634,0,39
NS,Instagram,Carrossel,2026-03-06,"Um mês inteiro de experiências esperando por você ✨

Preparamos uma programação especial com eventos para todos os gostos: música, diversão, atividades para a família e momentos para aproveitar cada v",532,6,46,343,26780,0,927
NS,Instagram,Carrossel,2026-03-05,"O clima do St. Patrick’s Day vai tomar conta da noite com muita música, energia e diversão! 💚🎶

No dia 14 de março, teremos banda ao vivo para celebrar essa data cheia de tradição, boas vibrações e mo",89,5,2,82,4332,0,178
NS,Instagram,Reel,2026-03-05,"Olha que convite especial! O musical ‘O Canto da Natureza’ será nesse sábado, às 18h, gratuito na nossa Praça de Alimentação 🤍 Você não pode perder!",185,6,5,159,9560,0,355
NS,Instagram,Reel,2026-03-04,"Dar um presente e montar uma pulseira Pandora é escolher, um a um, os símbolos que representam cada pessoa. 💎

Presenteie com algo que tenha significado de verdade. Não é só uma joia, é uma lembrança ",45,1,2,14,4365,0,62
NS,Instagram,Reel,2026-03-03,"💚 Prepare-se para se encantar com “O canto da natureza”!

O musical das capivaras do @capivalleyparque chega para emocionar toda a família com uma história cheia de música e uma mensagem especial sobr",64,3,4,71,5599,0,142
NS,Instagram,Carrossel,2026-03-02,"Estão oficialmente abertas as inscrições para o concurso Miss Criciúma! 👑

Se você carrega beleza, atitude, propósito e amor pela nossa cidade, essa pode ser a sua oportunidade de representar Criciúma",187,5,12,68,8432,0,272
NS,Instagram,Imagem,2026-03-02,"ARMY, é agora! 💜✨

O BTS WORLD TOUR ‘ARIRANG’ LIVE VIEWING chega ao GNC com dois momentos imperdíveis: direto de Goyang (11/04) e Tóquio (18/04). 🎤 Se prepare, aqueça a voz e venha viver essa experiên",660,34,37,231,11113,0,962
NS,Instagram,Reel,2026-03-01,"A gente já tá arrumando tudo pra data mais doce do ano: a Páscoa 🤍🐰

Visite nossas lojas e boas compras!",28,2,1,2,6600,0,33
NS,Instagram,Reel,2026-02-28,"As capivaras mais queridas chegaram aqui no Nações Shopping! 😍

O @capivalleyparque chegou e já está aberto! Traz todo mundo e vem! 💚",718,13,20,414,19022,0,1165
NS,Instagram,Reel,2026-02-28,"Um encontro de energia boa, autocuidado e amor em forma de patinhas 🐾🤍🧘‍♀️

O Puppy Yoga foi muito mais do que uma aula: foi uma experiência que reuniu mulheres incríveis, momentos de conexão e doguin",402,23,5,131,11890,0,561
NS,Instagram,Reel,2026-02-27,"Neste sábado estaremos transmitindo o jogo BrusqueXCriciúma ao vivo a partir das 18h30 na nossa praça de alimentação. Passe na @tigremaniacos, compre sua camiseta nova e venha! 🐯

Esperamos por você.",32,1,1,1,4724,0,35
NS,Instagram,Reel,2026-02-27,"Postando esse vídeo com água na boca… 🤤

Se você ainda não veio visitar a Royal Trudel, esse vídeo é um sinal! 🤭",1357,11,99,1640,36260,0,3107
NS,Instagram,Imagem,2026-02-26,Comenta aqui embaixo que a gente quer saber! 👇,16,24,0,18,3751,0,58
NS,Instagram,Reel,2026-02-26,"Olha quem tá chegando! O @capivalleyparque é uma experiência inédita em SC e totalmente dedicada às nossas queridas capivaras. 😍

O melhor de tudo? Além de se divertir, você ajuda a proteger! 💚 Parte ",1706,73,50,749,35421,0,2578
NS,Instagram,Reel,2026-02-25,"Que tal sair da rotina? Um café diferente, um dia diferente… Você merece! 

Visite o Café Cultura e aproveite. 😉",54,6,4,10,4097,0,74
NS,Instagram,Reel,2026-02-24,"Eles estão indo embora… Mas você ainda pode vê-los! 

Amanhã, 25/02, é o último dia do Smart Zoo aqui no shopping. Não vai perder, né? A gente te espera! 🐅",30,0,0,8,4541,0,38
NS,Instagram,Carrossel,2026-02-23,"Já imaginou um parque temático inspirado na nossa amada capivara?

Vem aí o @capivalleyparque uma experiência inédita em Santa Catarina e totalmente dedicada às nossas queridas capivaras. Mais do que ",351,8,16,377,15404,0,752
NS,Instagram,Reel,2026-02-22,"Um sábado cheio de magia, música e imaginação ✨
O musical A Menina da Casa Mágica transformou nossa praça de alimentação em um mundo de fantasias e magia.✨✨#casadagabby #cake  #pandy #criciúma",126,6,1,12,5160,0,145
NS,Instagram,Reel,2026-02-19,"✨ A magia vai tomar conta do Nações Shopping!

No dia 21 de fevereiro, às 17h, a praça de alimentação vira palco para o musical “A Menina da Casa Mágica” 🏡💫

Um espetáculo encantador, cheio de cores, ",185,2,7,205,10308,0,399
NS,Instagram,Reel,2026-02-18,"Pós-Carnaval do jeito que a gente ama: KFC + voltinha no shopping + zero pressa. 🍗✨

Porque a folia acaba, mas a vontade de aproveitar continua.

#nacoesshopping #kfc #criciuma",65,14,2,56,6099,0,137
NS,Instagram,Reel,2026-02-18,"Se você ama a menina da casa mágica, prepara o coração 💜✨
Tem produtos especiais esperando por você aqui no Nações Shopping!

E anota aí:
🎭 Musical dia 21 de fevereiro
🕔 Às 17h
📍 Praça de alimentação
",21,0,1,4,2121,0,26
NS,Instagram,Carrossel,2026-02-17,"Das páginas para a telona 🎬📖

A intensidade de “O Morro dos Ventos Uivantes” ganha vida no cinema do GNC Cinemas do Nações Shopping. Uma história de amor, obsessão e sentimentos à flor da pele que atr",125,0,8,30,5882,0,163
NS,Instagram,Imagem,2026-02-16,Eles não estão na moda. Eles são a moda! Quem mais está ansioso por essa estreia? 👠✨,703,12,22,261,11359,0,998
NS,Instagram,Reel,2026-02-13,"✨ Não é só uma nécessaire. São 3 compartimentos, 3 moods, infinitas possibilidades para curtir o Carnaval com estilo e organização. Você encontra ela aqui na @bagaggio 

#carnaval #organizer #viagem #",17,2,0,0,4816,0,19
NS,Instagram,Carrossel,2026-02-13,O carnaval chegou 🎉 e o Nações Shopping estará aberto todos os dias para você curtir do seu jeito! 🎊✨,95,3,3,20,14558,0,121
NS,Instagram,Reel,2026-02-12,"🎸✨ A exposição dos Beatles chegou ao Nações Shopping! ✨🎸

Aberta ao público de segunda a sexta, das 10h às 22h, e com entrada gratuita! Venha viver a história dessa banda icônica e se emocionar com mo",120,3,8,38,6399,0,169
NS,Instagram,Carrossel,2026-02-11,"✨ Carnaval também é estilo! Brilho, cores e texturas que acompanham o ritmo da folia.

Dos paetês ao metalizado, do laço ao sporty chic, escolha suas peças favoritas e brilhe neste Carnaval. 🎊🎉",16,2,0,1,3802,0,19
NS,Instagram,Imagem,2026-02-10,"✨ A magia vai tomar conta do Nações Shopping!
No dia 21/02, às 17h, acontece o musical A Menina da Casa Mágica uma experiência divertida para toda a família.
Salve a data e venha viver esse espetáculo",334,9,60,593,16994,0,996
NS,Instagram,Reel,2026-02-09,"Seu carro também merece um cuidado especial ✨🚗

Aqui no Nações Shopping, a Lavação H2O oferece serviços completos como lavagem, polimento e outros cuidados para deixar seu carro impecável enquanto voc",19,2,0,5,2645,0,26
NS,Instagram,Reel,2026-02-09,O Blokinho Mário Rosa Kids foi pura diversão e folia. #nacoesshopping #carnaval #criciuma #tioclo #blokorosa,82,8,4,26,10068,0,120
NS,Instagram,Reel,2026-02-08,"🎭🐾 O nosso Carnapet foi pura alegria e diversão! Fantasias, latidos, lambidas e muita folia em família. Quem aí veio curtir com o pet? 💖

#nacoesshopping #pet #fantasias #carnaval",4502,98,57,445,56571,0,5102
NS,Instagram,Story,2026-05-08,,0,0,0,0,113,0,0
NS,Instagram,Story,2026-05-08,,0,0,0,0,113,0,0
NS,Instagram,Story,2026-05-08,,0,0,0,0,119,0,0
NS,Instagram,Story,2026-05-08,,0,0,0,0,231,0,0
NS,Instagram,Story,2026-05-08,,0,0,0,0,664,0,0
NS,Instagram,Story,2026-05-08,,0,0,0,0,704,0,0
NS,Instagram,Story,2026-05-08,,0,0,0,0,728,0,0
NS,Instagram,Story,2026-05-07,,0,0,0,0,1016,0,0
NS,Instagram,Story,2026-05-07,,0,0,0,0,1044,0,0
NS,Instagram,Story,2026-05-07,,0,0,0,0,1041,0,0
NS,Instagram,Story,2026-05-07,,0,1,0,0,1053,0,1
NS,Instagram,Story,2026-05-07,,0,0,0,0,1066,0,0
NS,Instagram,Story,2026-05-07,,0,3,0,0,2477,0,3
NS,Instagram,Story,2026-05-07,,0,0,0,0,1182,0,0
NS,Instagram,Story,2026-05-07,,0,0,0,0,1185,0,0
NS,Instagram,Story,2026-05-07,,0,0,0,0,1189,0,0
NS,Instagram,Story,2026-05-07,,0,0,0,0,1200,0,0
NS,Instagram,Story,2026-05-07,,0,0,0,0,1865,0,0
NS,Instagram,Story,2026-05-07,,0,0,0,0,1330,0,0
NS,Facebook,Video,2026-05-07,"Flores são um gesto de carinho e afeto para quem amamos. 🌸🌺🌼🌷

Na @cobasi, você encontra arranjos lindos a partir de R$29,90 para presentear aquela que te ama incondicionalmente. Para o Dia das Mães, ",0,0,0,0,0,0,0
NS,Facebook,Video,2026-05-06,"Passeio de mãe e filha pelo shopping: amamos muito! 🤍

Neste Dia das Mães, o presente pode ser ainda maior do que você imagina! No Nações Shopping, suas compras viram chances de ganhar um carro de lux",1,0,0,0,0,0,1
NS,Facebook,Video,2026-05-06,"🤍 Sua mãe merece o melhor cuidado.

Presenteie com a @adcoscriciuma e escolha dermocosméticos pensados para valorizar e cuidar da pele com qualidade e tecnologia.

Um carinho em forma de autocuidado p",0,0,0,0,0,0,0
NS,Facebook,Video,2026-05-06,"Um presente à altura de quem sempre foi inspiração.

A @lezalezcriciuma traz peças que unem elegância, leveza e significado, perfeitas para celebrar o amor único que as mães tem.

Escolha o look ideal",0,0,0,0,0,0,0
NS,Facebook,Video,2026-05-05,"Histórias que transcendem o tempo merecem ser guardadas. 

Presenteie com algo especial: personalize seu pingente para o Dia das Mães na @acium_sulsc 🤍",0,0,0,0,0,0,0
NS,Facebook,Video,2026-05-05,"🔥 Big Box por R$ 25,90? Tem sim! No KFC, é só pagar com Pix pelo RecargaPay e garantir o desconto na hora. 

É simples:
➡️ Abra o app RecargaPay e se cadastre
➡️ Escaneie o QR Code no totem ou caixa
➡",0,0,0,0,0,0,0
NS,Facebook,Imagem,2026-05-04,"Uma homenagem especial para quem merece tudo!

Em clima de Dia das Mães, o Nações Shopping recebe um show gratuito na Praça de Alimentação, com um repertório preparado para emocionar e celebrar esse m",3,0,0,0,0,0,3
NS,Facebook,Video,2026-05-04,"ASMR do seu futuro Jaecoo 7 Luxury híbrido! O carro mais tecnológico e sofisticado pode ser seu!

A cada R$300 em compras, cadastre seus cupons no App AJFans, ganhe 1 número da sorte e concorra ao inc",2,0,0,0,0,0,2
NS,Facebook,Video,2026-05-03,"💐 Um almoço de Dia das Mães pede uma mesa à altura desse momento especial.

Com as peças da Camicado e Cassol, cada detalhe ganha charme, elegância e aquele toque de carinho que faz toda a diferença. ",0,0,0,0,0,0,0
NS,Facebook,Video,2026-05-01,O filme é um sucesso e o nosso evento também! Confira os melhores momentos dessa noite que com certeza seria aprovada pela Miranda 😉👠,2,0,0,0,0,0,2
NS,Facebook,Video,2026-05-01,"⚽💚 A emoção da Copa chegou aqui no Nações! 

Os álbuns e figurinhas da @fifaworldcup já chegaram na Livraria Catarinense e na @fatima.papelaria ✅

Garanta o seu e comece a completar!",1,0,0,0,0,0,1
NS,Facebook,Video,2026-04-30,"É final de semana de ‘O Diabo Veste Prada’! 👠

Vem pro @gnccinemas 🍿",3,0,0,0,0,0,3
NS,Facebook,Album,2026-04-29,"Ainda não sabe o que dar de presente? A gente te ajuda! No Nações Shopping você encontra opções para todos os estilos de mãe.

Escolha com carinho e torne o Dia das Mães ainda mais inesquecível. 🤍",0,1,0,0,0,0,1
NS,Facebook,Album,2026-04-28,"Programe seu feriado com a gente!

Dia 01 de maio, a alimentação e lazer funcionam das 10h às 22h 🍽️
Já as lojas e quiosques têm funcionamento facultativo.

Aproveite para passear, relaxar e curtir o ",1,0,0,0,0,0,1
NS,Facebook,Video,2026-04-28,"Tá chegando… 👠

Faltam 2 dias para a estreia oficial de O Diabo Veste Prada. Já estamos prontos por aqui!",0,0,0,0,0,0,0
NS,Facebook,Album,2026-04-27,"📱 O iPhone 17 já tem novos donos! ✨

A sorte brilhou para quem utilizou o App AJFans! Confira quem garantiu o prêmio aqui no Nações:

🏆 Ganhador(a): Katrine Nascimento

Parabéns! 🎉 Agora é só aproveit",0,0,0,0,0,0,0
NS,Facebook,Video,2026-04-27,"Nosso Encontro de Goldens foi um sucesso, com muita fofura! Confira os melhores momentos ❤️",0,0,0,0,0,0,0
NS,Facebook,Video,2026-04-26,"Fomos na @tokaia_ garantir o look e a bolsa para O Diabo Veste Prada ✨ 

Entramos oficialmente na semana da estreia! Quem aí está ansiosa?",0,0,0,0,0,0,0
NS,Facebook,Video,2026-04-25,"A @freddogelateria chegou e nós já estamos apaixonados! 

Pode vir, você não vai se arrepender. 🤭❤️",0,0,0,0,0,0,0
NS,Facebook,Video,2026-04-24,"A @daialano já garantiu suas peças preferidas na inauguração da @lezalezcriciuma, aqui no Nações. ✨

E podemos falar? Ela arrasou em cada escolha! 

@lezalezcriciuma é a mais nova loja do shopping. Ve",4,0,0,0,0,0,4
NS,Facebook,Album,2026-04-23,"O Dia das Mães está chegando, e a oportunidade de ganhar um presente de luxo também! ✨

Aqui no Nações, você tem a chance de conquistar o incrível Jaecoo 7 Luxury, o SUV híbrido de luxo, a cada R$300 ",0,0,0,0,0,0,0
NS,Facebook,Video,2026-04-23,"Vem cá: a sua mãe merece um desses, não merece? 😍

Comprou, concorreu! A cada R$300 em compras aqui no Nações, você pode ganhar um Jaecoo 7 Luxury. Esse carrão já está aqui, só esperando a nova dona. ",2,0,0,0,0,0,2
NS,Facebook,Album,2026-04-22,"Esses looks são dignos de aprovação da Miranda Priestly.

👠 Inspirados no universo de O Diabo Veste Prada 2, reunimos produções com marcas do Nações Shopping que traduzem elegância, atitude e muito es",1,0,0,0,0,0,1
NS,Facebook,Video,2026-04-21,"A @isabelamrtl já garantiu seus registros com as Hello Kittys mais fofas do Brasil! 🎀

Vem visitar a exposição em comemoração aos 50 anos de uma das personagens mais queridas, até dia 17 de maio pelos",1,0,0,0,0,0,1
NS,Facebook,Imagem,2026-04-20,"Aproveite seu feriado no Gigante do Sul! ✨

Lojas e alimentação abertos em horário normal. Esperamos por você!",9,0,0,0,0,0,9
NS,Facebook,Video,2026-04-19,"Você nem precisa sair do Nações pra matar a vontade de comer um X-salada! 

É só chegar na @viapian.food e pedir o seu. 😉",0,0,0,0,0,0,0
NS,Facebook,Imagem,2026-04-19,"💛 Prepare-se para uma dose extra de fofura!

No dia 25 de abril, o Nações Shopping recebe um encontro especial de goldens e labradores. 🐾

Um momento perfeito para reunir os aumigos, fazer novas amiza",0,0,0,0,0,0,0
NS,Facebook,Video,2026-04-18,"24 de abril, a @lezalezcriciuma inaugura sua nova loja no Nações Shopping, trazendo sofisticação, identidade e peças que traduzem um lifestyle contemporâneo e autêntico.

Aguarde! ✨",1,0,0,0,0,0,1
NS,Facebook,Imagem,2026-04-17,"Passear no Nações e encontrar a Hello Kitty já seria legal. Imagine encontrar várias? Pois você já tem esse encontro marcado com elas. 💖

A Hello Kitty Parade chegou com esculturas em tamanho real, pe",2,0,0,0,0,0,2
NS,Facebook,Video,2026-04-17,"Imagina uma collab dessas! @oboticario + @milkymoo se uniram pra criar os cremosíssimos de Deleite, com textura mais densa e ultra hidratante como você nunca viu! 🐮🧡

Corre pra garantir!",1,0,0,0,0,0,1
NS,Facebook,Video,2026-04-17,"Nossa Miss Criciúma foi escolhida! 👑

Ana Caroline agora representa Criciúma com toda sua graça e beleza. ✨",3,0,0,0,0,0,3
NS,Facebook,Video,2026-04-16,"Uma década de histórias, encontros e memórias. O Nações completa 10 anos fazendo parte da vida de milhares de pessoas, sendo palco de momentos especiais e conexões que marcaram gerações. 

Mais do que",1,0,0,0,0,0,1
NS,Facebook,Album,2026-04-14,🎂 O Planet Games comemora aniversário junto com o Nações Shopping e preparou uma programação especial para o fim de semana. Vem celebrar com a gente!,0,0,0,0,0,0,0
NS,Facebook,Video,2026-04-14,"🎀 A Hello Kitty chegou aos corredores do Nações Shopping com a Hello Kitty Parade, uma exposição cheia de arte, cor e criatividade, com peças exclusivas customizadas por artistas brasileiros. 

Venha ",1,0,0,0,0,0,1
NS,Facebook,Video,2026-04-13,"No sábado a diversão foi garantida pra toda a família com o Musical dos Irmãos Bross! 🍄

Um espetáculo divertido que encantou as crianças e os adultos. Foi lindo!",1,0,0,0,0,0,1
NS,Facebook,Video,2026-04-12,"Atenção para o convite especial da nossa Miss, @analuiza.vargass 👑🤍

É nesta quinta-feira, dia 16, às 19h, que iremos conhecer a nova Miss Criciúma! Esperamos por você na Praça de Alimentação.",6,0,0,0,0,0,6
NS,Facebook,Video,2026-04-12,"💎✨ O momento de brilhar é agora!

A Diamond Week da Vivara chegou com uma seleção especial de joias com diamantes com 20% OFF.

Uma oportunidade perfeita para garantir aquela peça única para você ou p",0,0,0,0,0,0,0
NS,Facebook,Imagem,2026-04-11,"🎢✨ Sua próxima aventura começa aqui!

O quiosque do Beto Carrero World está em frente a Riachuelo, prontinho para você garantir seu passaporte e viver dias inesquecíveis.

Passe por lá e comece a plan",0,0,0,0,0,0,0
NS,Facebook,Video,2026-04-10,"🏁 Bora acelerar e viver essa experiência com a gente?

O @extremekart no Nações Shopping tá te esperando pra muita adrenalina e diversão, anexo ao estacionamento.

Quer saber mais? Confira todas as in",1,0,0,0,0,0,1
NS,Facebook,Video,2026-04-09,"👠 A pré-venda de O Diabo Veste Prada 2 está aberta!

O clássico está de volta e você já pode garantir seu lugar para rever esse ícone nas telonas.

🎟️ Garanta seu ingresso antecipado em ingresso.com",0,0,0,0,0,0,0
NS,Facebook,Video,2026-04-09,"Ontem foi dia de viver o skate de perto! Os atletas do @skatetotalurbe passaram pelo Nações Shopping e aproveitaram cada momento, no @galetomammamia, no @extremekart e no @antoniosboliche_criciuma 🔥

",0,0,0,0,0,0,0
NS,Facebook,Album,2026-04-08,"Abril chegou com uma programação imperdível! ✨

O Nações Shopping preparou uma agenda cheia de experiências para você aproveitar: eventos, música, diversão e momentos especiais para toda a família. 

",3,0,0,0,0,0,3
NS,Facebook,Video,2026-04-08,"🛹🔥 O clima do skate vai tomar conta do shopping!

Os atletas do STU estarão pelos corredores do Nações Shopping e você pode encontrar de perto, tirar fotos e garantir aquele autógrafo.

Uma oportunida",2,0,0,0,0,0,2
NS,Facebook,Video,2026-04-08,"🛹🔥 O clima do skate vai tomar conta do shopping!

Os atletas do STU estarão pelos corredores do Nações Shopping e você pode encontrar de perto, tirar fotos e garantir aquele autógrafo.

Uma oportunida",0,0,0,0,0,0,0
NS,Facebook,Video,2026-04-07,"Uma história que emociona dentro e fora das páginas. 🤍

O filme Uma Segunda Chance está em cartaz no GNC Cinemas, e para quem quiser se aprofundar ainda mais nessa história, o livro também está dispon",0,0,0,0,0,0,0
NS,Facebook,Imagem,2026-04-06,"🍄 A aventura vai ganhar vida no palco!

O musical inspirado no mundo do Super Mario Bross vai encantar o público com muita diversão, música e um universo cheio de nostalgia. ❤️

Um espetáculo para tod",0,0,0,0,0,0,0
NS,Facebook,Video,2026-04-06,A gente AMA esses achadinhos e quer levar TODOS! Pode vir que a @lojasrenner tá cheinha de novidades 🩷🎀,0,0,0,0,0,0,0
NS,Facebook,Video,2026-04-05,"Páscoa que transborda significado 🤍

A @lojacacaushownacoes, em parceria com o Nações Shopping, realizou a doação de chocolates para instituições da cidade: a @apaedeicara, a @casadainfanciacriciuma e",0,0,0,0,0,0,0
NS,Facebook,Video,2026-04-04,"Levanta a mão quem aqui ama uma boa promoção: 🙋‍♀️🙋‍♂️

Aqui no @bazarcasamaria você encontra muitas opções com qualidade e preço justo. Vem visitar! 🩷",0,0,0,0,0,0,0
NS,Facebook,Video,2026-04-03,"Os nossos aumigos não precisam ficar de fora dessa data tão especial: eles também têm um ovo de Páscoa pensado especialmente para eles. 💛🐾

O Ovo Joy você encontra na @cobasi 🐶",1,0,0,0,0,0,1
NS,Facebook,Video,2026-04-03,"📱 Imagina ganhar um IPhone 17 novinho na faixa? 

Confira o passo a passo e participe do sorteio pelo App AJFans. Cada compra pode se transformar em uma nova chance de ganhar.

A cada 100 pontos, você",1,0,0,0,0,0,1
NS,Facebook,Album,2026-04-02,"Confira nosso horário de funcionamento, para você aproveitar cada momento com conforto e tranquilidade. 🤍

Programe sua visita e venha curtir!",0,0,0,0,0,0,0
NS,Facebook,Video,2026-04-02,"🍫 Se for pra ganhar chocolate… que seja assim!

Envia esse vídeo pra aquela pessoa que precisa entender o que você quer de presente nessa Páscoa. 🐰",0,0,0,0,0,0,0
NS,Facebook,Video,2026-04-01,"Atenção que o filme “Super Mario Galaxy: O Filme” já está em cartaz! E a gente já se preparou com o balde pra hoje 🍄🤍

Garanta seu ingresso no site ingresso.com ou na nossa bilheteria.",0,0,0,0,0,0,0
NS,Facebook,Album,2026-04-01,"✨ Pode vir aproveitar o feriado com a gente!

O Nações Shopping estará aberto em horário normal, com tudo prontinho para você curtir, passear e aproveitar cada momento.",0,0,0,0,0,0,0
NS,Facebook,Video,2026-03-31,"Ainda dá tempo de garantir as compras de Páscoa! Na @kopenhagen_nacoesshopping você encontra muitas opções para presentear quem você ama 🎁🍫

Corre pra cá!",0,0,0,0,0,0,0
NS,Facebook,Video,2026-03-31,"👖✨ O jeans perfeito existe e você encontra na C&A!

Modelagens que valorizam, conforto para o dia a dia e aquele estilo versátil que combina com tudo. Escolha o seu favorito!",0,0,0,0,0,0,0
NS,Facebook,Album,2026-03-30,"🍫🐰🎁 A wish list de Páscoa está pronta!

Selecionamos os queridinhos que são sucesso garantido na hora de presentear opções deliciosas para surpreender e deixar a data ainda mais especial.

Agora é só ",2,0,0,0,0,0,2
NS,Facebook,Video,2026-03-29,"Nossa Caça aos Ovos desse sábado foi um sucesso! Todos os coelhinhos garantiram seus chocolates para uma Páscoa mais doce 🐰🩷

E quem não conseguiu ir, não fique triste: ano que vem tem mais!",1,0,0,0,0,0,1
NS,Facebook,Video,2026-03-29,"☀️🍨 Dia de calor pede… gelato!

Refrescante, cremoso e cheio de sabor, é a escolha perfeita para dar aquela pausa deliciosa no meio do dia. Vem se refrescar e aproveitar cada colherada na @officina.ge",1,0,0,0,0,0,1
NS,Facebook,Album,2026-03-29,"🎤 É hoje, às 17h, o musical Heroínas do K-pop: O Retorno promete encantar com muita música, dança e uma história cheia de atitude e emoção. 💜

Traga a família, chame os amigos e venha viver esse espet",2,0,0,0,0,0,2
NS,Facebook,Video,2026-03-28,"🌞🌴 Um pedacinho do Rio de Janeiro por aqui…

A Farm traz cor, leveza e aquela energia única que só o RJ tem. Vem sentir esse clima, se inspirar e levar um pouco desse lifestyle para o seu dia a dia.",0,0,0,0,0,0,0
NS,Facebook,Album,2026-03-27,"Uma coincidência que pode virar história! 🤍

O Nações Shopping está procurando uma criança muito especial: alguém que tenha nascido no dia 16 de abril de 2016, a mesma data da nossa inauguração. Em 20",1,0,0,1,0,0,2
NS,Facebook,Video,2026-03-27,"🍫🐰 A Páscoa fica ainda mais doce por aqui!

Na Cacau Show você encontra opções para todos os gostos: dos clássicos aos presentes mais especiais para surpreender quem você ama. Garanta suas compras de ",0,0,0,0,0,0,0
NS,Facebook,Imagem,2026-03-26,"🍄🎮 Ele está invadindo o Nações!

A pré-venda do filme ‘Super Mario Galaxy’ já está liberada! Prepare-se para viver essa experiência na telona e garantir seu lugar nessa jornada cheia de ação e nostalg",21,0,0,1,0,0,22
NS,Facebook,Video,2026-03-25,"✨ Últimos dias do Capivalley Parque!

Aproveite para viver essa experiência cheia de diversão, cores e momentos especiais com a família antes que acabe. 💛

Ainda dá tempo de viver tudo isso, mas corre",3,0,0,0,0,0,3
NS,Facebook,Video,2026-03-25,"Cuidado que entende a sua pele. 🤍✨

A ADCOS desenvolve dermocosméticos pensados especialmente para a pele brasileira, unindo tecnologia, ciência e resultados reais para o seu dia a dia.

Cada detalhe ",0,0,0,0,0,0,0
NS,Facebook,Album,2026-03-24,"📱 Seu próximo iPhone pode estar mais perto do que você imagina.

Confira o passo a passo e participe do sorteio pelo App AJFans. Cada compra pode se transformar em uma nova chance de ganhar.

A cada 1",0,0,0,0,0,0,0
NS,Facebook,Album,2026-03-24,"🍫 A melhor parte da Páscoa começa na escolha do ovo perfeito!

Preparamos uma seleção especial para todos os gostos, dos clássicos aos mais criativos, para deixar sua celebração ainda mais doce. 🐰

Pa",1,0,0,0,0,0,1
NS,Facebook,Album,2026-03-23,"🐰 A magia da Páscoa vai tomar conta do shopping!

No dia 28 de março, teremos uma Caça aos Ovos especial para a criançada, com muita diversão, doces e momentos encantadores aqui pelo Nações. 

Para pa",0,0,0,0,0,0,0
NS,Facebook,Video,2026-03-23,"Nosso musical de Páscoa foi lindo e emocionante! 🤍

Confira os melhores momentos.",1,0,0,0,0,0,1
NS,Facebook,Video,2026-03-22,"Passamos por momentos históricos no futebol. Cada camisa, uma conquista.

Mas a pergunta é: o que vem por aí? 👀 Deixe seu palpite nos comentários e se prepare para o lançamento! 🔥",0,0,0,0,0,0,0
NS,Facebook,Video,2026-03-22,"⚒️ A @lojacassol.criciuma no Mês da Construção: tudo o que você precisa para tirar seus planos do papel, do início ao acabamento.

E o melhor: loja aberta sábado e domingo para te atender quando você ",0,0,0,0,0,0,0
NS,Facebook,Video,2026-03-21,"O Brasileiro tá só por esse momento! 🇧🇷⚽️

A camisa oficial já está disponível na @centauroesporte ✅",0,0,0,0,0,0,0
NS,Facebook,Imagem,2026-03-20,"Imagina ganhar um iPhone 17 Black novinho? 😍 

Então, atenção para as regrinhas desse sorteio exclusivo no App AJFans:

1️⃣ Abra o app AJFans e cadastre suas notas fiscais de 19/03 a 19/04.
2️⃣ A cada",0,0,0,0,0,0,0
NS,Facebook,Video,2026-03-19,"Essa sexta é o #FeliciJah 🙃 

Pote de 360ml com todos os adicionais que você tem direito, por só R$16,99. Não vai perder, né? 😋",0,0,0,0,0,0,0
NS,Facebook,Imagem,2026-03-19,"O retorno mais esperado vai acontecer! ✨🎤

O musical Heroínas do K-pop: O Retorno promete emocionar com muita música, dança e uma história cheia de atitude e talento. 💜 Uma experiência pra quem ama o ",0,0,0,0,0,0,0
NS,Facebook,Album,2026-03-18,"Diversão não tem idade, só precisa ter vontade de aproveitar! 😄

No Nações Shopping, tem opções para crianças, jovens e adultos viverem momentos especiais do jeito que mais gostam. Chame a família, re",2,0,0,0,0,0,2
NS,Facebook,Video,2026-03-18,"Elegância que se destaca nos detalhes. 

A @aramisnacoes_oficial traduz o homem contemporâneo com peças que unem sofisticação, conforto e estilo em cada composição.

Para quem valoriza presença, quali",0,0,0,0,0,0,0
NS,Facebook,Album,2026-03-17,"🐰 Um espetáculo para emocionar e encantar!

A magia da Páscoa ganha vida em um show especial, com música, cores e uma mensagem que aquece o coração. 

Reúna a família, venha viver esse momento e celeb",0,0,0,0,0,0,0
NS,Facebook,Video,2026-03-17,"Um mix perfeito para a sua rotina de autocuidado. 🍒✨

Com hidratação na medida certa, um aroma irresistivelmente adocicado e aquele toque de refrescância que faz toda a diferença, a linha #PanvelMilks",0,0,0,0,0,0,0
NS,Facebook,Video,2026-03-17,"Domingo vai ser mágico! Traga toda a família e venha assistir esse musical que será especial e inesquecível. 🐰

Esperamos por você!",0,0,0,0,0,0,0
NS,Facebook,Video,2026-03-16,"Domingo viveremos a magia da Páscoa com o musical ‘Show da Vida’, na nossa praça de alimentação. Já chama a família, traga as crianças e venha celebrar essa data tão especial. 🐰🤍",0,0,0,0,0,0,0
NS,Facebook,Imagem,2026-03-16,"🐰 Um momento especial para toda a família!

No domingo (22), a praça de alimentação recebe o Musical de Páscoa – Show da Vida, um espetáculo cheio de música, emoção e uma linda mensagem para celebrar ",0,0,0,0,0,0,0
NS,Facebook,Imagem,2026-03-15,"Hoje tem encontro marcado com as capivaras mais queridas do Nações! 🧡🦫

Das 16h às 18h, o Cacá e a Capitu vão passear pelos corredores do shopping distribuindo abraços, sorrisos e muitas fotos fofas.
",0,0,0,0,0,0,0
NS,Facebook,Video,2026-03-15,"A Páscoa ganha ainda mais encanto nos detalhes. 🐰✨

A @camicado_criciuma preparou uma mesa de Páscoa cheia de charme e delicadeza, com peças que transformam qualquer encontro em um momento ainda mais ",1,0,0,0,0,0,1
NS,Facebook,Video,2026-03-14,"Nosso St. Patrick’s Festival com muito rock e chopp verde 🎤🍻🍀

Praça cheia, do jeitinho que a gente gosta! 💚",0,0,0,0,0,0,0
NS,Facebook,Video,2026-03-13,"🍀🍻💚 É neste sábado!

O clima do St. Patrick’s Day vai tomar conta do Nações Shopping com muita música, chopp e diversão.

A festa acontece na nossa Praça de Alimentação, com as bandas @vigariojack e @",3,0,0,0,0,0,3
NS,Facebook,Album,2026-03-11,"Tem coisa boa chegando por aqui… ✨

Algumas marcas já estão preparando seus espaços e, em breve, o Nações Shopping vai ganhar novas opções para você aproveitar ainda mais sua visita.

Fique atento por",1,0,0,0,0,0,1
NS,Facebook,Album,2026-03-11,"Tem coisa boa chegando por aqui… ✨

Algumas marcas já estão preparando seus espaços e, em breve, o Nações Shopping vai ganhar novas opções para você aproveitar ainda mais sua visita. 

Fique atento po",0,0,0,0,0,0,0
NS,Facebook,Video,2026-03-10,"#MilkMooDay: comprou um de 500ml, ganha outro de 300ml do mesmo sabor. Simples assim!

Perfeito para dividir… ou não. 👀

É amanhã! Já combina com a galera e vem!",1,0,0,0,0,0,1
NS,Facebook,Video,2026-03-09,"Cadê os fãs da saga? 🙌

Um clássico que marcou gerações está de volta às telonas. A pré-venda de Crepúsculo já começou, e essa é a chance perfeita de reviver toda a emoção no cinema.

🩸✨ Garanta seus ",0,0,0,0,0,0,0
NS,Facebook,Album,2026-03-09,"A semana em comemoração ao Dia do Consumidor começa com um combo de vantagens no nosso programa de relacionamento AJFans.

De 09 a 15 de março, tem benefícios exclusivos, cupons e descontos, ingressos",0,0,0,0,0,0,0
NS,Facebook,Video,2026-03-08,"Preparamos um lounge especial para celebrar o Dia da Mulher, pensado para acolher, inspirar e conectar. Um ambiente criado para receber mulheres incríveis em momentos de conversa, troca de experiência",0,0,0,0,0,0,0
NS,Facebook,Video,2026-03-08,"As capis mais amadas de Criciúma! ❤️

O musical do @capivalleyparque ensinou muito mais que música e diversão, ensinou sobre cuidar do meio ambiente! Fique com os melhores momentos dessa noite.",1,0,0,0,0,0,1
NS,Facebook,Video,2026-03-07,"A tarde está pedindo um café especial! Essa edição limitada de Páscoa já ganhou nosso coração por aqui. 🐰

Venha experimentar!",0,0,0,0,0,0,0
NS,Facebook,Album,2026-03-06,"Um mês inteiro de experiências esperando por você ✨

Preparamos uma programação especial com eventos para todos os gostos: música, diversão, atividades para a família e momentos para aproveitar cada v",1,0,0,0,0,0,1
NS,Facebook,Album,2026-03-05,"O clima do St. Patrick’s Day vai tomar conta da noite com muita música, energia e diversão! 💚🎶

No dia 15 de março, teremos banda ao vivo para celebrar essa data cheia de tradição, boas vibrações e mo",2,0,0,0,0,0,2
NS,Facebook,Video,2026-03-05,"Olha que convite especial! O musical ‘O Canto da Natureza’ será nesse sábado, às 18h, gratuito na nossa Praça de Alimentação 🤍 Você não pode perder!",0,0,0,0,0,0,0
NS,Facebook,Video,2026-03-04,"Dar um presente e montar uma pulseira Pandora é escolher, um a um, os símbolos que representam cada pessoa. 💎

Neste Dia da Mulher, presenteie com algo que tenha significado de verdade. Não é só uma j",0,0,0,0,0,0,0
NS,Facebook,Video,2026-03-03,"💚 Prepare-se para se encantar com “O Canto da Natureza”!

O musical das capivaras do @capivalleyparque chega para emocionar toda a família com uma história cheia de música e uma mensagem especial sobr",1,0,0,0,0,0,1
NS,Facebook,Album,2026-03-02,"Estão oficialmente abertas as inscrições para o concurso Miss Criciúma! 👑

Se você carrega beleza, atitude, propósito e amor pela nossa cidade, essa pode ser a sua oportunidade de representar Criciúma",0,0,0,0,0,0,0
NS,Facebook,Imagem,2026-03-02,"ARMY, é agora! 💜✨

O BTS WORLD TOUR ‘ARIRANG’ LIVE VIEWING chega ao GNC com dois momentos imperdíveis: direto de Goyang (11/04) e Tóquio (18/04). 🎤 Se prepare, aqueça a voz e venha viver essa experiên",0,0,0,0,0,0,0
NS,Facebook,Video,2026-03-01,"A gente já tá arrumando tudo pra data mais doce do ano: a Páscoa 🤍🐰

Visite nossas lojas e boas compras!",0,0,0,0,0,0,0
NS,Facebook,Video,2026-02-28,"As capivaras mais queridas chegaram aqui no Nações Shopping! 😍

O @capivalleyparque chegou e já está aberto! Traz todo mundo e vem! 💚",4,0,0,0,0,0,4
NS,Facebook,Video,2026-02-28,"Um encontro de energia boa, autocuidado e amor em forma de patinhas 🐾🤍🧘‍♀️

O Puppy Yoga foi muito mais do que uma aula: foi uma experiência que reuniu mulheres incríveis, momentos de conexão e doguin",1,0,0,0,0,0,1
NS,Facebook,Video,2026-02-27,"Neste sábado estaremos transmitindo o jogo BrusqueXCriciúma ao vivo a partir das 18h30 na nossa praça de alimentação. Passe na @tigremaniacos, compre sua camiseta nova e venha! 🐯

Esperamos por você.",0,0,0,0,0,0,0
NS,Facebook,Video,2026-02-27,"Postando esse vídeo com água na boca… 🤤

Se você ainda não veio visitar a Royal Trudel, esse vídeo é um sinal! 🤭",0,0,0,0,0,0,0
NS,Facebook,Imagem,2026-02-26,Comenta aqui embaixo que a gente quer saber! 👇,0,0,0,0,0,0,0
NS,Facebook,Video,2026-02-25,"Que tal sair da rotina? Um café diferente, um dia diferente… Você merece! 

Visite o Café Cultura e aproveite. 😉",1,0,0,0,0,0,1
NS,Facebook,Video,2026-02-24,"Eles estão indo embora… Mas você ainda pode vê-los! 

Amanhã, 24/02, é o último dia do Smart Zoo aqui no shopping. Não vai perder, né? A gente te espera! 🐅",1,0,0,0,0,0,1
NS,Facebook,Album,2026-02-23,"Já imaginou um parque temático inspirado na nossa amada capivara?

Vem aí o @capivalleyparque uma experiência inédita em Santa Catarina e totalmente dedicada às nossas queridas capivaras. Mais do que ",0,0,0,0,0,0,0
NS,Facebook,Video,2026-02-22,"Um sábado cheio de magia, música e imaginação ✨
O musical A Menina da Casa Mágica transformou nossa praça de alimentação em um mundo de fantasias e magia.✨✨",1,0,0,0,0,0,1
NS,Facebook,Video,2026-02-19,"✨ A magia vai tomar conta do Nações Shopping!

No dia 21 de fevereiro, às 17h, a praça de alimentação vira palco para o musical “A Menina da Casa Mágica” 🏡💫

Um espetáculo encantador, cheio de cores, ",1,0,0,0,0,0,1
NS,Facebook,Video,2026-02-18,"Pós-Carnaval do jeito que a gente ama: KFC + voltinha no shopping + zero pressa. 🍗✨

Porque a folia acaba, mas a vontade de aproveitar continua.

#nacoesshopping #kfc #criciuma",1,0,0,0,0,0,1
NS,Facebook,Video,2026-02-18,"Se você ama a menina da casa mágica, prepara o coração 💜✨
Tem produtos especiais esperando por você aqui no Nações Shopping!

E anota aí:
🎭 Musical dia 21 de fevereiro
🕔 Às 17h
📍 Praça de alimentação
",2,0,0,0,0,0,2
NS,Facebook,Album,2026-02-17,"Das páginas para a telona 🎬📖

A intensidade de “O Morro dos Ventos Uivantes” ganha vida no cinema do GNC Cinemas do Nações Shopping. Uma história de amor, obsessão e sentimentos à flor da pele que atr",1,0,0,0,0,0,1
NS,Facebook,Imagem,2026-02-16,Eles não estão na moda. Eles são a moda! Quem mais está ansioso por essa estreia? 👠✨,4,0,0,0,0,0,4
NS,Facebook,Album,2026-02-13,O carnaval chegou 🎉 e o Nações Shopping estará aberto todos os dias para você curtir do seu jeito! 🎊✨,0,0,0,0,0,0,0
NS,Facebook,Video,2026-02-12,"🎸✨ A exposição dos Beatles chegou ao Nações Shopping! ✨🎸

Aberta ao público de segunda a sexta, das 10h às 22h, e com entrada gratuita! Venha viver a história dessa banda icônica e se emocionar com mo",1,0,0,0,0,0,1
NS,Facebook,Album,2026-02-11,"✨ Carnaval também é estilo! Brilho, cores e texturas que acompanham o ritmo da folia.

Dos paetês ao metalizado, do laço ao sporty chic, escolha suas peças favoritas e brilhe neste Carnaval. 🎊🎉",0,0,0,0,0,0,0
NS,Facebook,Imagem,2026-02-10,"✨ A magia vai tomar conta do Nações Shopping!
No dia 21/02, às 17h, acontece o musical A Menina da Casa Mágica uma experiência divertida para toda a família.
Salve a data e venha viver esse espetáculo",0,0,0,0,0,0,0
NS,Facebook,Video,2026-02-09,"Seu carro também merece um cuidado especial ✨🚗

Aqui no Nações Shopping, a Lavação H2O oferece serviços completos como lavagem, polimento e outros cuidados para deixar seu carro impecável enquanto voc",0,0,0,0,0,0,0
NS,Facebook,Video,2026-02-09,O Blokinho Mário Rosa Kids foi pura diversão e folia. ##nacoesshopping #carnaval #criciuma #tioclo blokorosa,0,0,0,0,0,0,0
NS,Facebook,Video,2026-02-08,"🎭🐾 O nosso Carnapet foi pura alegria e diversão! Fantasias, latidos, lambidas e muita folia em família. Quem aí veio curtir com o pet? 💖

#nacoesshopping #pet #fantasias #carnaval",3,0,0,0,0,0,3
AJ,Instagram,Imagem,2026-04-24,"A Almeida Junior celebra mais uma conquista relevante em sua trajetória.

O Norte Shopping foi o vencedor da categoria Shopping Center na 2ª edição do Reputation Awards, premiação nacional promovida p",18,4,0,3,1408,0,25
AJ,Instagram,Imagem,2026-04-23,"Inovação e experiência de consumo: a Almeida Junior lança sua nova campanha integrada para o Dia das Mães e Namorados. Este ano, sortearemos seis SUVs híbridos Jaecoo 7 Luxury, reforçando nosso compro",13,1,1,0,302,0,15
AJ,Instagram,Carrossel,2026-04-10,"Na última quarta e quinta-feira (08 e 09/04), aconteceu o Garten Fashion Trends, no Garten Shopping. 

Em sua primeira edição, o evento reuniu grandes marcas nacionais e internacionais, além de conteú",35,1,1,1,789,0,38
AJ,Instagram,Carrossel,2026-04-02,"O Grupo Almeida Junior reforça seu posicionamento como um verdadeiro hub de moda ao trazer Susana Barbosa, diretora da ELLE Brasil, para inspirar em grandes talks sobre moda, comportamento e protagoni",42,2,0,2,1136,0,46
AJ,Facebook,Imagem,2026-04-24,"A Almeida Junior celebra mais uma conquista relevante em sua trajetória.

O Norte Shopping foi o vencedor da categoria Shopping Center na 2ª edição do Reputation Awards, premiação nacional promovida p",1,0,0,0,0,0,1
AJ,Facebook,Imagem,2026-04-23,"Inovação e experiência de consumo: a Almeida Junior lança sua nova campanha integrada para o Dia das Mães e Namorados. Este ano, sortearemos seis SUVs híbridos Jaecoo 7 Luxury, reforçando nosso compro",0,0,0,0,0,0,0
AJ,Facebook,Album,2026-04-10,"Na última quarta e quinta-feira (08 e 09/04), aconteceu o Garten Fashion Trends, no Garten Shopping. 

Em sua primeira edição, o evento reuniu grandes marcas nacionais e internacionais, além de conteú",0,0,0,0,0,0,0
AJ,Facebook,Album,2026-04-02,"O Grupo Almeida Junior reforça seu posicionamento como um verdadeiro hub de moda ao trazer Susana Barbosa, diretora da ELLE Brasil, para inspirar em grandes talks sobre moda, comportamento e protagoni",1,0,0,0,0,0,1
CS_Residences,Instagram,Reel,2026-03-24,"Já imaginou ter diferentes opções gastronômica todos os dias, a poucos passos de você?

No CS Residences, gastronomia e bons momentos deixam de ser ocasião e passam a fazer parte da rotina.

Um almoço",12,0,0,21,429,0,33
CS_Residences,Instagram,Carrossel,2026-03-17,"A Grande Florianópolis é hoje um dos principais eixos de desenvolvimento do estado, conectando qualidade de vida, infraestrutura e serviços em uma mesma região.

É nesse cenário que surgem projetos pe",4,1,0,2,294,0,7
CS_Residences,Instagram,Carrossel,2026-02-26,"Imagine viver onde sua rotina se encontra com suas experiências.

Onde sair para jantar, treinar, encontrar amigos ou resolver o dia a dia está a poucos passos.

No CS Residences, morar é estar conect",8,0,1,3,309,0,12
CS_Residences,Instagram,Carrossel,2026-02-23,"Escolher um novo lar é escolher como você quer viver.

Mais tempo de qualidade?
Mais lazer?
Mais praticidade no dia a dia?

No CS Residences, cada detalhe foi pensado para integrar conforto, bem-estar",14,2,1,4,284,0,21
CS_Residences,Facebook,Video,2026-03-24,"Já imaginou ter diferentes opções gastronômica todos os dias, a poucos passos de você?

No CS Residences, gastronomia e bons momentos deixam de ser ocasião e passam a fazer parte da rotina.

Um almoço",0,0,0,0,0,0,0
CS_Residences,Facebook,Album,2026-03-17,"A Grande Florianópolis é hoje um dos principais eixos de desenvolvimento do estado, conectando qualidade de vida, infraestrutura e serviços em uma mesma região.

É nesse cenário que surgem projetos pe",0,0,0,0,0,0,0
CS_Residences,Facebook,Album,2026-02-26,"Imagine viver onde sua rotina se encontra com suas experiências.

Onde sair para jantar, treinar, encontrar amigos ou resolver o dia a dia está a poucos passos.

No CS Residences, morar é estar conect",0,0,0,0,0,0,0
CS_Residences,Facebook,Album,2026-02-23,"Escolher um novo lar é escolher como você quer viver.

Mais tempo de qualidade?
Mais lazer?
Mais praticidade no dia a dia?

No CS Residences, cada detalhe foi pensado para integrar conforto, bem-estar",0,0,0,0,0,0,0
