campanha,campanha_id,objetivo,data,impressoes,alcance,frequencia,cliques,ctr,cpc,cpm,custo,link_click,valor_link_click,custo_link_click,landing_page_view,valor_landing_page_view,custo_landing_page_view,lead,valor_lead,custo_lead,purchase,valor_purchase,custo_purchase,add_to_cart,valor_add_to_cart,custo_add_to_cart,initiate_checkout,valor_initiate_checkout,custo_initiate_checkout,complete_registration,valor_complete_registration,custo_complete_registration,post_engagement,valor_post_engagement,custo_post_engagement,post_reaction,valor_post_reaction,custo_post_reaction,page_engagement,valor_page_engagement,custo_page_engagement,offsite_conversion.fb_pixel_purchase,valor_offsite_conversion.fb_pixel_purchase,custo_offsite_conversion.fb_pixel_purchase,offsite_conversion.fb_pixel_lead,valor_offsite_conversion.fb_pixel_lead,custo_offsite_conversion.fb_pixel_lead,offsite_conversion.fb_pixel_view_content,valor_offsite_conversion.fb_pixel_view_content,custo_offsite_conversion.fb_pixel_view_content,video_p25,quality_ranking,engagement_rate_ranking,conversion_rate_ranking,outbound_clicks,gender,shopping,video_p50,video_p75,video_p100
ALC Continente Night RUN - Vendas!,120232284160870087,OUTCOME_AWARENESS,2025-11-08,15833,15488,1.022275,20,0.126318,1.325,1.673719,26.5,16.0,0,1.65625,0.0,0,0.0,0.0,0,0.0,0,0,0,0,0,0,0.0,0,0.0,0,0,0,17.0,0,1.558824,1.0,0,0,17.0,0,1.558824,0,0,0,0.0,0,0,0.0,0,0,1.0,,,,16.0,female,CS,,,
ALC Continente Night RUN - Vendas!,120232284160870087,OUTCOME_AWARENESS,2025-11-08,21671,20343,1.06528,46,0.212265,0.788261,1.673204,36.26,31.0,0,1.169677,0.0,0,0.0,0.0,0,0.0,0,0,0,0,0,0,0.0,0,0.0,0,0,0,38.0,0,0.954211,2.0,0,0,38.0,0,0.954211,0,0,0,0.0,0,0,0.0,0,0,7.0,,,,31.0,male,CS,2.0,2.0,1.0
ALC Continente Night RUN - Vendas!,120232284160870087,OUTCOME_AWARENESS,2025-11-08,228,219,1.041096,1,0.438596,0.38,1.666667,0.38,1.0,0,0.38,0.0,0,0.0,0.0,0,0.0,0,0,0,0,0,0,0.0,0,0.0,0,0,0,1.0,0,0.38,0.0,0,0,1.0,0,0.38,0,0,0,0.0,0,0,0.0,0,0,,,,,1.0,unknown,CS,,,
[TFG] Corrida Story Final,120235177716760087,LINK_CLICKS,2025-11-08,0,0,0.0,0,0.0,0.0,0.0,0.0,0.0,0,0.0,0.0,0,0.0,0.0,0,0.0,0,0,0,0,0,0,0.0,0,0.0,0,0,0,0.0,0,0.0,0.0,0,0,0.0,0,0.0,0,0,0,0.0,0,0,0.0,0,0,,,,,0.0,female,CS,,,
[TFG] Corrida Story Final,120235177716760087,LINK_CLICKS,2025-11-08,0,0,0.0,0,0.0,0.0,0.0,0.0,0.0,0,0.0,0.0,0,0.0,0.0,0,0.0,0,0,0,0,0,0,0.0,0,0.0,0,0,0,0.0,0,0.0,0.0,0,0,0.0,0,0.0,0,0,0,0.0,0,0,0.0,0,0,,,,,0.0,male,CS,,,
[TFG] Corrida Story Final,120235177716760087,LINK_CLICKS,2025-11-08,0,0,0.0,0,0.0,0.0,0.0,0.0,0.0,0,0.0,0.0,0,0.0,0.0,0,0.0,0,0,0,0,0,0,0.0,0,0.0,0,0,0,0.0,0,0.0,0.0,0,0,0.0,0,0.0,0,0,0,0.0,0,0,0.0,0,0,,,,,0.0,unknown,CS,,,
ALC - NATAL 25,120235302545560087,OUTCOME_AWARENESS,2025-11-08,137388,79696,1.723901,239,0.17396,0.926527,1.611786,221.44,174.0,0,1.272644,0.0,0,0.0,0.0,0,0.0,0,0,0,0,0,0,0.0,0,0.0,0,0,0,790.0,0,0.280304,24.0,0,0,790.0,0,0.280304,0,0,0,0.0,0,0,0.0,0,0,2609.0,,,,174.0,female,CS,667.0,339.0,247.0
ALC - NATAL 25,120235302545560087,OUTCOME_AWARENESS,2025-11-08,261200,134599,1.940579,343,0.131317,1.233878,1.620291,423.22,209.0,0,2.024976,0.0,0,0.0,0.0,0,0.0,0,0,0,0,0,0,0.0,0,0.0,0,0,0,1589.0,0,0.266344,56.0,0,0,1590.0,0,0.266176,0,0,0,0.0,0,0,0.0,0,0,5952.0,,,,208.0,male,CS,1633.0,888.0,628.0
ALC - NATAL 25,120235302545560087,OUTCOME_AWARENESS,2025-11-08,2749,2032,1.352854,2,0.072754,2.04,1.484176,4.08,1.0,0,4.08,0.0,0,0.0,0.0,0,0.0,0,0,0,0,0,0,0.0,0,0.0,0,0,0,11.0,0,0.370909,0.0,0,0,11.0,0,0.370909,0,0,0,0.0,0,0,0.0,0,0,35.0,,,,1.0,unknown,CS,9.0,7.0,3.0
TRAF - NATAL 25,120235302629640087,LINK_CLICKS,2025-11-08,99798,37644,2.6511,1513,1.516062,0.254263,3.854787,384.7,1022.0,0,0.376419,5.0,0,76.94,0.0,0,0.0,0,0,0,0,0,0,0.0,0,0.0,0,0,0,4834.0,0,0.079582,193.0,0,0,4834.0,0,0.079582,0,0,0,0.0,0,0,0.0,0,0,9307.0,,,,1022.0,female,CS,3753.0,2145.0,1399.0
TRAF - NATAL 25,120235302629640087,LINK_CLICKS,2025-11-08,109022,37915,2.875432,1303,1.195172,0.262479,3.137073,342.01,915.0,0,0.373781,8.0,0,42.75125,0.0,0,0.0,0,0,0,0,0,0,0.0,0,0.0,0,0,0,4259.0,0,0.080303,114.0,0,0,4260.0,0,0.080284,0,0,0,0.0,0,0,0.0,0,0,8752.0,,,,915.0,male,CS,3471.0,1948.0,1300.0
TRAF - NATAL 25,120235302629640087,LINK_CLICKS,2025-11-08,1513,1110,1.363063,20,1.321877,0.2285,3.020489,4.57,10.0,0,0.457,0.0,0,0.0,0.0,0,0.0,0,0,0,0,0,0,0.0,0,0.0,0,0,0,40.0,0,0.11425,1.0,0,0,40.0,0,0.11425,0,0,0,0.0,0,0,0.0,0,0,97.0,,,,10.0,unknown,CS,31.0,19.0,16.0
[ALC] Pandora Black Friday,120235312805230087,OUTCOME_AWARENESS,2025-11-08,31229,24688,1.264947,50,0.160108,0.9436,1.510775,47.18,11.0,0,4.289091,0.0,0,0.0,0.0,0,0.0,0,0,0,0,0,0,0.0,0,0.0,0,0,0,1127.0,0,0.041863,1.0,0,0,1127.0,0,0.041863,0,0,0,0.0,0,0,0.0,0,0,1256.0,,,,11.0,female,CS,495.0,284.0,187.0
[ALC] Pandora Black Friday,120235312805230087,OUTCOME_AWARENESS,2025-11-08,26857,21735,1.235657,28,0.104256,1.437143,1.498306,40.24,11.0,0,3.658182,0.0,0,0.0,0.0,0,0.0,0,0,0,0,0,0,0.0,0,0.0,0,0,0,934.0,0,0.043084,5.0,0,0,934.0,0,0.043084,0,0,0,0.0,0,0,0.0,0,0,1029.0,,,,11.0,male,CS,376.0,208.0,147.0
[ALC] Pandora Black Friday,120235312805230087,OUTCOME_AWARENESS,2025-11-08,320,262,1.221374,0,0.0,0.0,1.6875,0.54,0.0,0,0.0,0.0,0,0.0,0.0,0,0.0,0,0,0,0,0,0,0.0,0,0.0,0,0,0,12.0,0,0.045,0.0,0,0,12.0,0,0.045,0,0,0,0.0,0,0,0.0,0,0,12.0,,,,0.0,unknown,CS,5.0,4.0,2.0
[ALC] Promo Nike 30% OFF Nov,120235313060850087,OUTCOME_AWARENESS,2025-11-08,25206,22004,1.145519,33,0.130921,1.108485,1.451242,36.58,18.0,0,2.032222,3.0,0,12.193333,0.0,0,0.0,0,0,0,0,0,0,0.0,0,0.0,0,0,0,969.0,0,0.03775,1.0,0,0,970.0,0,0.037711,0,0,0,0.0,0,0,0.0,0,0,726.0,,,,18.0,female,CS,274.0,161.0,112.0
[ALC] Promo Nike 30% OFF Nov,120235313060850087,OUTCOME_AWARENESS,2025-11-08,32371,28013,1.155571,33,0.101943,1.443333,1.471379,47.63,14.0,0,3.402143,2.0,0,23.815,0.0,0,0.0,0,0,0,0,0,0,0.0,0,0.0,0,0,0,1439.0,0,0.033099,6.0,0,0,1439.0,0,0.033099,0,0,0,0.0,0,0,0.0,0,0,1074.0,,,,14.0,male,CS,398.0,226.0,151.0
[ALC] Promo Nike 30% OFF Nov,120235313060850087,OUTCOME_AWARENESS,2025-11-08,247,220,1.122727,1,0.404858,0.37,1.497976,0.37,1.0,0,0.37,0.0,0,0.0,0.0,0,0.0,0,0,0,0,0,0,0.0,0,0.0,0,0,0,10.0,0,0.037,0.0,0,0,10.0,0,0.037,0,0,0,0.0,0,0,0.0,0,0,8.0,,,,1.0,unknown,CS,3.0,2.0,1.0
[ALC] Curso de Gestantes Nov.,120235518802250087,OUTCOME_AWARENESS,2025-11-08,117597,62947,1.868191,178,0.151364,1.097472,1.661182,195.35,127.0,0,1.538189,15.0,0,13.023333,0.0,0,0.0,0,0,0,0,0,0,0.0,0,0.0,0,0,0,135.0,0,1.447037,8.0,0,0,135.0,0,1.447037,0,0,0,0.0,0,0,0.0,0,0,,,,,127.0,female,CS,,,
[ALC] Curso de Gestantes Nov.,120235518802250087,OUTCOME_AWARENESS,2025-11-08,93628,53158,1.761315,119,0.127099,1.28605,1.634554,153.04,91.0,0,1.681758,10.0,0,15.304,0.0,0,0.0,0,0,0,0,0,0,0.0,0,0.0,0,0,0,93.0,0,1.645591,2.0,0,0,93.0,0,1.645591,0,0,0,0.0,0,0,0.0,0,0,,,,,91.0,male,CS,,,
[ALC] Curso de Gestantes Nov.,120235518802250087,OUTCOME_AWARENESS,2025-11-08,853,551,1.548094,1,0.117233,1.54,1.805393,1.54,1.0,0,1.54,0.0,0,0.0,0.0,0,0.0,0,0,0,0,0,0,0.0,0,0.0,0,0,0,1.0,0,1.54,0.0,0,0,1.0,0,1.54,0,0,0,0.0,0,0,0.0,0,0,,,,,1.0,unknown,CS,,,
[BF] ALC Riachuelo,120235701472890087,OUTCOME_AWARENESS,2025-11-08,24778,18032,1.374113,33,0.133183,1.260303,1.678505,41.59,23.0,0,1.808261,3.0,0,13.863333,0.0,0,0.0,0,0,0,0,0,0,0.0,0,0.0,0,0,0,32.0,0,1.299688,7.0,0,0,32.0,0,1.299688,0,0,0,0.0,0,0,0.0,0,0,3.0,,,,23.0,female,CS,1.0,1.0,
[BF] ALC Riachuelo,120235701472890087,OUTCOME_AWARENESS,2025-11-08,35138,22902,1.534276,40,0.113837,1.43625,1.634982,57.45,30.0,0,1.915,1.0,0,57.45,0.0,0,0.0,0,0,0,0,0,0,0.0,0,0.0,0,0,0,40.0,0,1.43625,7.0,0,0,40.0,0,1.43625,0,0,0,0.0,0,0,0.0,0,0,3.0,,,,30.0,male,CS,1.0,,
[BF] ALC Riachuelo,120235701472890087,OUTCOME_AWARENESS,2025-11-08,511,402,1.271144,1,0.195695,0.83,1.624266,0.83,1.0,0,0.83,0.0,0,0.0,0.0,0,0.0,0,0,0,0,0,0,0.0,0,0.0,0,0,0,1.0,0,0.83,0.0,0,0,1.0,0,0.83,0,0,0,0.0,0,0,0.0,0,0,,,,,1.0,unknown,CS,,,
[BF] ALC Adcos,120235701675980087,OUTCOME_AWARENESS,2025-11-08,82616,31401,2.630999,119,0.14404,1.131429,1.629709,134.64,38.0,0,3.543158,7.0,0,19.234286,0.0,0,0.0,0,0,0,0,0,0,0.0,0,0.0,0,0,0,59.0,0,2.282034,20.0,0,0,59.0,0,2.282034,0,0,0,0.0,0,0,0.0,0,0,,,,,38.0,female,CS,,,
[BF] ALC Adcos,120235701675980087,OUTCOME_AWARENESS,2025-11-08,68812,27142,2.535259,83,0.120619,1.368434,1.650584,113.58,42.0,0,2.704286,5.0,0,22.716,0.0,0,0.0,0,0,0,0,0,0,0.0,0,0.0,0,0,0,55.0,0,2.065091,13.0,0,0,55.0,0,2.065091,0,0,0,0.0,0,0,0.0,0,0,,,,,42.0,male,CS,,,
[BF] ALC Adcos,120235701675980087,OUTCOME_AWARENESS,2025-11-08,1161,535,2.170093,2,0.172265,0.88,1.515935,1.76,1.0,0,1.76,0.0,0,0.0,0.0,0,0.0,0,0,0,0,0,0,0.0,0,0.0,0,0,0,1.0,0,1.76,0.0,0,0,1.0,0,1.76,0,0,0,0.0,0,0,0.0,0,0,,,,,1.0,unknown,CS,,,
[BF] ALC Nike,120235703048250087,OUTCOME_AWARENESS,2025-11-08,45065,36469,1.235707,131,0.290691,0.549389,1.597027,71.97,73.0,0,0.98589,18.0,0,3.998333,0.0,0,0.0,0,0,0,0,0,0,0.0,0,0.0,0,0,0,81.0,0,0.888519,3.0,0,0,82.0,0,0.877683,0,0,0,0.0,0,0,0.0,0,0,6.0,,,,73.0,female,CS,1.0,,
[BF] ALC Nike,120235703048250087,OUTCOME_AWARENESS,2025-11-08,48903,41630,1.174706,106,0.216756,0.724623,1.57066,76.81,62.0,0,1.238871,12.0,0,6.400833,0.0,0,0.0,0,0,0,0,0,0,0.0,0,0.0,0,0,0,69.0,0,1.113188,4.0,0,0,69.0,0,1.113188,0,0,0,0.0,0,0,0.0,0,0,5.0,,,,62.0,male,CS,1.0,1.0,1.0
[BF] ALC Nike,120235703048250087,OUTCOME_AWARENESS,2025-11-08,751,693,1.083694,3,0.399467,0.406667,1.624501,1.22,2.0,0,0.61,0.0,0,0.0,0.0,0,0.0,0,0,0,0,0,0,0.0,0,0.0,0,0,0,2.0,0,0.61,0.0,0,0,2.0,0,0.61,0,0,0,0.0,0,0,0.0,0,0,,,,,2.0,unknown,CS,,,
[BF] Outlet Aniversário,120235703488080087,OUTCOME_AWARENESS,2025-11-08,26929,26102,1.031683,40,0.148539,1.2075,1.793605,48.3,30.0,0,1.61,1.0,0,48.3,0.0,0,0.0,0,0,0,0,0,0,0.0,0,0.0,0,0,0,1204.0,0,0.040116,8.0,0,0,1204.0,0,0.040116,0,0,0,0.0,0,0,0.0,0,0,530.0,,,,30.0,female,CS,224.0,56.0,36.0
[BF] Outlet Aniversário,120235703488080087,OUTCOME_AWARENESS,2025-11-08,27853,25621,1.087116,34,0.122069,1.504118,1.836068,51.14,27.0,0,1.894074,2.0,0,25.57,0.0,0,0.0,0,0,0,0,0,0,0.0,0,0.0,0,0,0,1670.0,0,0.030623,4.0,0,0,1670.0,0,0.030623,0,0,0,0.0,0,0,0.0,0,0,712.0,,,,27.0,male,CS,295.0,102.0,63.0
[BF] Outlet Aniversário,120235703488080087,OUTCOME_AWARENESS,2025-11-08,255,240,1.0625,1,0.392157,0.49,1.921569,0.49,0.0,0,0.0,0.0,0,0.0,0.0,0,0.0,0,0,0,0,0,0,0.0,0,0.0,0,0,0,13.0,0,0.037692,0.0,0,0,13.0,0,0.037692,0,0,0,0.0,0,0,0.0,0,0,2.0,,,,0.0,unknown,CS,3.0,,
[BF] Outlet Aniversário - 2,120235703619910087,OUTCOME_AWARENESS,2025-11-08,21004,16748,1.25412,14,0.066654,2.585,1.723005,36.19,1.0,0,36.19,0.0,0,0.0,0.0,0,0.0,0,0,0,0,0,0,0.0,0,0.0,0,0,0,6.0,0,6.031667,2.0,0,0,6.0,0,6.031667,0,0,0,0.0,0,0,0.0,0,0,7.0,,,,0.0,female,CS,2.0,2.0,1.0
[BF] Outlet Aniversário - 2,120235703619910087,OUTCOME_AWARENESS,2025-11-08,36452,26157,1.393585,23,0.063097,2.735217,1.725831,62.91,2.0,0,31.455,0.0,0,0.0,0.0,0,0.0,0,0,0,0,0,0,0.0,0,0.0,0,0,0,22.0,0,2.859545,5.0,0,0,22.0,0,2.859545,0,0,0,0.0,0,0,0.0,0,0,16.0,,,,1.0,male,CS,10.0,5.0,4.0
[BF] Outlet Aniversário - 2,120235703619910087,OUTCOME_AWARENESS,2025-11-08,482,400,1.205,0,0.0,0.0,1.721992,0.83,0.0,0,0.0,0.0,0,0.0,0.0,0,0.0,0,0,0,0,0,0,0.0,0,0.0,0,0,0,0.0,0,0.0,0.0,0,0,0.0,0,0.0,0,0,0,0.0,0,0,0.0,0,0,,,,,0.0,unknown,CS,,,
[ALC] Black Friday Gastronomia,120235997770420087,OUTCOME_AWARENESS,2025-11-08,136804,63990,2.137897,537,0.392532,0.421881,1.656019,226.55,316.0,0,0.71693,72.0,0,3.146528,0.0,0,0.0,0,0,0,0,0,0,0.0,0,0.0,0,0,0,412.0,0,0.549879,22.0,0,0,412.0,0,0.549879,0,0,0,0.0,0,0,0.0,0,0,1.0,,,,316.0,female,CS,,,
[ALC] Black Friday Gastronomia,120235997770420087,OUTCOME_AWARENESS,2025-11-08,163878,74077,2.212266,432,0.263611,0.62838,1.656476,271.46,243.0,0,1.117119,49.0,0,5.54,0.0,0,0.0,0,0,0,0,0,0,0.0,0,0.0,0,0,0,332.0,0,0.817651,37.0,0,0,332.0,0,0.817651,0,0,0,0.0,0,0,0.0,0,0,2.0,,,,243.0,male,CS,1.0,,
[ALC] Black Friday Gastronomia,120235997770420087,OUTCOME_AWARENESS,2025-11-08,1316,850,1.548235,5,0.379939,0.388,1.474164,1.94,3.0,0,0.646667,1.0,0,1.94,0.0,0,0.0,0,0,0,0,0,0,0.0,0,0.0,0,0,0,3.0,0,0.646667,0.0,0,0,3.0,0,0.646667,0,0,0,0.0,0,0,0.0,0,0,,,,,3.0,unknown,CS,,,
[ALC] Black Friday Jóias,120235998038130087,OUTCOME_AWARENESS,2025-11-08,161054,86493,1.862047,226,0.140326,1.096195,1.538242,247.74,141.0,0,1.757021,24.0,0,10.3225,0.0,0,0.0,0,0,0,0,0,0,0.0,0,0.0,0,0,0,730.0,0,0.33937,32.0,0,0,730.0,0,0.33937,0,0,0,0.0,0,0,0.0,0,0,399.0,,,,141.0,female,CS,153.0,87.0,57.0
[ALC] Black Friday Jóias,120235998038130087,OUTCOME_AWARENESS,2025-11-08,162669,89916,1.809122,191,0.117416,1.307277,1.534957,249.69,124.0,0,2.013629,12.0,0,20.8075,0.0,0,0.0,0,0,0,0,0,0,0.0,0,0.0,0,0,0,696.0,0,0.35875,28.0,0,0,696.0,0,0.35875,0,0,0,0.0,0,0,0.0,0,0,400.0,,,,124.0,male,CS,140.0,85.0,62.0
[ALC] Black Friday Jóias,120235998038130087,OUTCOME_AWARENESS,2025-11-08,1728,1148,1.505226,7,0.405093,0.367143,1.487269,2.57,6.0,0,0.428333,1.0,0,2.57,0.0,0,0.0,0,0,0,0,0,0,0.0,0,0.0,0,0,0,9.0,0,0.285556,0.0,0,0,9.0,0,0.285556,0,0,0,0.0,0,0,0.0,0,0,3.0,,,,6.0,unknown,CS,1.0,1.0,1.0
[ALC] Black Friday Inst.,120236147694890087,OUTCOME_AWARENESS,2025-11-08,281034,127728,2.200254,321,0.114221,1.510903,1.72577,485.0,193.0,0,2.512953,26.0,0,18.653846,0.0,0,0.0,0,0,0,0,0,0,0.0,0,0.0,0,0,0,8636.0,0,0.05616,21.0,0,0,8636.0,0,0.05616,0,0,0,0.0,0,0,0.0,0,0,6384.0,,,,192.0,female,CS,2695.0,1599.0,1174.0
[ALC] Black Friday Inst.,120236147694890087,OUTCOME_AWARENESS,2025-11-08,297658,135753,2.192644,282,0.09474,1.81234,1.717004,511.08,197.0,0,2.594315,28.0,0,18.252857,0.0,0,0.0,0,0,0,0,0,0,0.0,0,0.0,0,0,0,10473.0,0,0.0488,31.0,0,0,10473.0,0,0.0488,0,0,0,0.0,0,0,0.0,0,0,7718.0,,,,197.0,male,CS,3118.0,1794.0,1252.0
[ALC] Black Friday Inst.,120236147694890087,OUTCOME_AWARENESS,2025-11-08,2244,1145,1.959825,1,0.044563,3.92,1.746881,3.92,1.0,0,3.92,0.0,0,0.0,0.0,0,0.0,0,0,0,0,0,0,0.0,0,0.0,0,0,0,84.0,0,0.046667,1.0,0,0,84.0,0,0.046667,0,0,0,0.0,0,0,0.0,0,0,58.0,,,,1.0,unknown,CS,25.0,19.0,11.0
[ALC] Spedini,120236148302980087,OUTCOME_AWARENESS,2025-11-08,91808,46733,1.964522,112,0.121994,1.494286,1.822935,167.36,80.0,0,2.092,11.0,0,15.214545,0.0,0,0.0,0,0,0,0,0,0,0.0,0,0.0,0,0,0,2915.0,0,0.057413,7.0,0,0,2915.0,0,0.057413,0,0,0,0.0,0,0,0.0,0,0,2159.0,,,,80.0,female,CS,876.0,526.0,393.0
[ALC] Spedini,120236148302980087,OUTCOME_AWARENESS,2025-11-08,99198,51256,1.935344,106,0.106857,1.711792,1.82917,181.45,68.0,0,2.668382,11.0,0,16.495455,0.0,0,0.0,0,0,0,0,0,0,0.0,0,0.0,0,0,0,3640.0,0,0.049849,12.0,0,0,3640.0,0,0.049849,0,0,0,0.0,0,0,0.0,0,0,2750.0,,,,68.0,male,CS,1097.0,628.0,453.0
[ALC] Spedini,120236148302980087,OUTCOME_AWARENESS,2025-11-08,656,401,1.63591,0,0.0,0.0,1.814024,1.19,0.0,0,0.0,0.0,0,0.0,0.0,0,0.0,0,0,0,0,0,0,0.0,0,0.0,0,0,0,19.0,0,0.062632,0.0,0,0,19.0,0,0.062632,0,0,0,0.0,0,0,0.0,0,0,15.0,,,,0.0,unknown,CS,7.0,5.0,4.0
[ENG] Post Foto Papai Noel,120236148415870087,OUTCOME_ENGAGEMENT,2025-11-08,64170,40511,1.584014,868,1.352657,0.353721,4.784635,307.03,155.0,0,1.980839,53.0,0,5.793019,0.0,0,0.0,0,0,0,0,0,0,0.0,0,0.0,0,0,0,25378.0,0,0.012098,924.0,0,0,25378.0,0,0.012098,0,0,0,0.0,0,0,0.0,0,0,20007.0,,,,155.0,female,CS,11610.0,7732.0,2977.0
[ENG] Post Foto Papai Noel,120236148415870087,OUTCOME_ENGAGEMENT,2025-11-08,10003,6930,1.443434,144,1.439568,0.290625,4.183745,41.85,28.0,0,1.494643,7.0,0,5.978571,0.0,0,0.0,0,0,0,0,0,0,0.0,0,0.0,0,0,0,3441.0,0,0.012162,138.0,0,0,3442.0,0,0.012159,0,0,0,0.0,0,0,0.0,0,0,2602.0,,,,28.0,male,CS,1487.0,964.0,363.0
[ENG] Post Foto Papai Noel,120236148415870087,OUTCOME_ENGAGEMENT,2025-11-08,199,142,1.401408,4,2.01005,0.2775,5.577889,1.11,1.0,0,1.11,1.0,0,1.11,0.0,0,0.0,0,0,0,0,0,0,0.0,0,0.0,0,0,0,75.0,0,0.0148,3.0,0,0,75.0,0,0.0148,0,0,0,0.0,0,0,0.0,0,0,53.0,,,,1.0,unknown,CS,36.0,29.0,16.0
[ENG] Decoração de Natal,120236148469040087,OUTCOME_ENGAGEMENT,2025-11-08,40382,21772,1.854768,915,2.265861,0.189508,4.293992,173.4,115.0,0,1.507826,39.0,0,4.446154,0.0,0,0.0,0,0,0,0,0,0,0.0,0,0.0,0,0,0,16348.0,0,0.010607,373.0,0,0,16356.0,0,0.010602,0,0,0,0.0,0,0,0.0,0,0,8195.0,,,,115.0,female,CS,4941.0,3311.0,2779.0
[ENG] Decoração de Natal,120236148469040087,OUTCOME_ENGAGEMENT,2025-11-08,8352,5159,1.618918,127,1.520594,0.227638,3.461446,28.91,14.0,0,2.065,4.0,0,7.2275,0.0,0,0.0,0,0,0,0,0,0,0.0,0,0.0,0,0,0,2503.0,0,0.01155,51.0,0,0,2503.0,0,0.01155,0,0,0,0.0,0,0,0.0,0,0,1238.0,,,,14.0,male,CS,790.0,577.0,496.0
[ENG] Decoração de Natal,120236148469040087,OUTCOME_ENGAGEMENT,2025-11-08,117,80,1.4625,3,2.564103,0.103333,2.649573,0.31,0.0,0,0.0,0.0,0,0.0,0.0,0,0.0,0,0,0,0,0,0,0.0,0,0.0,0,0,0,41.0,0,0.007561,1.0,0,0,41.0,0,0.007561,0,0,0,0.0,0,0,0.0,0,0,15.0,,,,0.0,unknown,CS,10.0,5.0,3.0
[ALC] Vídeo Promo Natal 25 Sara,120236328658450087,OUTCOME_AWARENESS,2025-11-08,27909,22338,1.249396,32,0.114658,1.510938,1.732416,48.35,17.0,0,2.844118,3.0,0,16.116667,0.0,0,0.0,0,0,0,0,0,0,0.0,0,0.0,0,0,0,1069.0,0,0.045229,5.0,0,0,1069.0,0,0.045229,0,0,0,0.0,0,0,0.0,0,0,126.0,,,,17.0,female,CS,22.0,12.0,3.0
[ALC] Vídeo Promo Natal 25 Sara,120236328658450087,OUTCOME_AWARENESS,2025-11-08,26958,21558,1.250487,30,0.111284,1.556667,1.732324,46.7,21.0,0,2.22381,3.0,0,15.566667,0.0,0,0.0,0,0,0,0,0,0,0.0,0,0.0,0,0,0,1153.0,0,0.040503,5.0,0,0,1153.0,0,0.040503,0,0,0,0.0,0,0,0.0,0,0,122.0,,,,21.0,male,CS,33.0,17.0,8.0
[ALC] Vídeo Promo Natal 25 Sara,120236328658450087,OUTCOME_AWARENESS,2025-11-08,161,131,1.229008,0,0.0,0.0,2.049689,0.33,0.0,0,0.0,0.0,0,0.0,0.0,0,0.0,0,0,0,0,0,0,0.0,0,0.0,0,0,0,7.0,0,0.047143,0.0,0,0,7.0,0,0.047143,0,0,0,0.0,0,0,0.0,0,0,4.0,,,,0.0,unknown,CS,1.0,,
[ENG] Encontro Pet,120236405335330087,OUTCOME_ENGAGEMENT,2025-11-08,14047,7974,1.7616,421,2.997081,0.362423,10.862106,152.58,86.0,0,1.774186,20.0,0,7.629,0.0,0,0.0,0,0,0,0,0,0,0.0,0,0.0,0,0,0,1021.0,0,0.149442,867.0,0,0,1021.0,0,0.149442,0,0,0,0.0,0,0,0.0,0,0,,,,,86.0,female,CS,,,
[ENG] Encontro Pet,120236405335330087,OUTCOME_ENGAGEMENT,2025-11-08,3557,2148,1.655959,125,3.514197,0.3636,12.777622,45.45,20.0,0,2.2725,4.0,0,11.3625,0.0,0,0.0,0,0,0,0,0,0,0.0,0,0.0,0,0,0,331.0,0,0.137311,297.0,0,0,331.0,0,0.137311,0,0,0,0.0,0,0,0.0,0,0,,,,,20.0,male,CS,,,
[ENG] Encontro Pet,120236405335330087,OUTCOME_ENGAGEMENT,2025-11-08,92,59,1.559322,3,3.26087,0.63,20.543478,1.89,0.0,0,0.0,0.0,0,0.0,0.0,0,0.0,0,0,0,0,0,0,0.0,0,0.0,0,0,0,8.0,0,0.23625,8.0,0,0,8.0,0,0.23625,0,0,0,0.0,0,0,0.0,0,0,,,,,0.0,unknown,CS,,,
[TFG] Narbona - Jazz,120236413078750087,LINK_CLICKS,2025-11-08,12474,8587,1.452661,335,2.685586,0.289582,7.776976,97.01,253.0,0,0.383439,82.0,0,1.183049,0.0,0,0.0,0,0,0,0,0,0,0.0,0,0.0,0,0,0,278.0,0,0.348957,24.0,0,0,279.0,0,0.347706,0,0,0,0.0,0,0,0.0,0,0,,,,,253.0,female,CS,,,
[TFG] Narbona - Jazz,120236413078750087,LINK_CLICKS,2025-11-08,7212,5138,1.403659,189,2.620632,0.27,7.075707,51.03,142.0,0,0.359366,43.0,0,1.186744,0.0,0,0.0,0,0,0,0,0,0,0.0,0,0.0,0,0,0,152.0,0,0.335724,8.0,0,0,152.0,0,0.335724,0,0,0,0.0,0,0,0.0,0,0,,,,,142.0,male,CS,,,
[TFG] Narbona - Jazz,120236413078750087,LINK_CLICKS,2025-11-08,45,26,1.730769,0,0.0,0.0,8.0,0.36,0.0,0,0.0,0.0,0,0.0,0.0,0,0.0,0,0,0,0,0,0,0.0,0,0.0,0,0,0,0.0,0,0.0,0.0,0,0,0.0,0,0.0,0,0,0,0.0,0,0,0.0,0,0,,,,,0.0,unknown,CS,,,
[ALC] Horário Black,120236465660000087,OUTCOME_AWARENESS,2025-11-08,31972,24052,1.329287,74,0.231453,0.945,2.187226,69.93,39.0,0,1.793077,1.0,0,69.93,0.0,0,0.0,0,0,0,0,0,0,0.0,0,0.0,0,0,0,49.0,0,1.427143,10.0,0,0,49.0,0,1.427143,0,0,0,0.0,0,0,0.0,0,0,,,,,39.0,female,CS,,,
[ALC] Horário Black,120236465660000087,OUTCOME_AWARENESS,2025-11-08,59017,41143,1.434436,87,0.147415,1.478966,2.180219,128.67,48.0,0,2.680625,7.0,0,18.381429,0.0,0,0.0,0,0,0,0,0,0,0.0,0,0.0,0,0,0,58.0,0,2.218448,10.0,0,0,58.0,0,2.218448,0,0,0,0.0,0,0,0.0,0,0,,,,,48.0,male,CS,,,
[ALC] Horário Black,120236465660000087,OUTCOME_AWARENESS,2025-11-08,387,292,1.325342,0,0.0,0.0,2.067183,0.8,0.0,0,0.0,0.0,0,0.0,0.0,0,0.0,0,0,0,0,0,0,0.0,0,0.0,0,0,0,0.0,0,0.0,0.0,0,0,0.0,0,0.0,0,0,0,0.0,0,0,0.0,0,0,,,,,0.0,unknown,CS,,,
[ALC] Eventos de Natal,120236497340300087,OUTCOME_AWARENESS,2025-11-08,39447,32509,1.213418,92,0.233224,0.918913,2.143129,84.54,50.0,0,1.6908,7.0,0,12.077143,0.0,0,0.0,0,0,0,0,0,0,0.0,0,0.0,0,0,0,147.0,0,0.575102,15.0,0,0,147.0,0,0.575102,0,0,0,0.0,0,0,0.0,0,0,80.0,,,,50.0,female,CS,33.0,17.0,9.0
[ALC] Eventos de Natal,120236497340300087,OUTCOME_AWARENESS,2025-11-08,52670,42780,1.231183,79,0.149991,1.450253,2.175242,114.57,42.0,0,2.727857,5.0,0,22.914,0.0,0,0.0,0,0,0,0,0,0,0.0,0,0.0,0,0,0,210.0,0,0.545571,14.0,0,0,210.0,0,0.545571,0,0,0,0.0,0,0,0.0,0,0,165.0,,,,41.0,male,CS,59.0,27.0,13.0
[ALC] Eventos de Natal,120236497340300087,OUTCOME_AWARENESS,2025-11-08,408,347,1.175793,1,0.245098,0.88,2.156863,0.88,0.0,0,0.0,0.0,0,0.0,0.0,0,0.0,0,0,0,0,0,0,0.0,0,0.0,0,0,0,1.0,0,0.88,0.0,0,0,1.0,0,0.88,0,0,0,0.0,0,0,0.0,0,0,1.0,,,,0.0,unknown,CS,,,
ALC - NATAL 25,120235302545560087,OUTCOME_AWARENESS,2025-12-01,1176012,411275,2.85943,1792,0.152379,0.947353,1.443571,1697.656634,1268.0,0,1.338846,2.0,0,848.828317,0.0,0,0.0,0,0,0,0,0,0,0.0,0,0.0,0,0,0,35178.0,0,0.048259,90.0,0,0,35178.0,0,0.048259,0,0,0,0.0,0,0,0.0,0,0,21081.0,,,,1268.0,female,CS,9143.0,4066.0,2841.0
ALC - NATAL 25,120235302545560087,OUTCOME_AWARENESS,2025-12-01,654318,263502,2.483161,871,0.133116,1.026593,1.366556,894.1625,565.0,0,1.582589,2.0,0,447.08125,0.0,0,0.0,0,0,0,0,0,0,0.0,0,0.0,0,0,0,26426.0,0,0.033836,65.0,0,0,26426.0,0,0.033836,0,0,0,0.0,0,0,0.0,0,0,15979.0,,,,563.0,male,CS,6110.0,2996.0,1965.0
ALC - NATAL 25,120235302545560087,OUTCOME_AWARENESS,2025-12-01,6654,2731,2.43647,7,0.1052,1.341552,1.411311,9.390866,3.0,0,3.130289,0.0,0,0.0,0.0,0,0.0,0,0,0,0,0,0,0.0,0,0.0,0,0,0,283.0,0,0.033183,0.0,0,0,283.0,0,0.033183,0,0,0,0.0,0,0,0.0,0,0,155.0,,,,3.0,unknown,CS,73.0,38.0,29.0
TRAF - NATAL 25,120235302629640087,LINK_CLICKS,2025-12-01,158450,62356,2.541055,3722,2.349006,0.307005,7.211568,1142.672938,2439.0,0,0.468501,16.0,0,71.417059,0.0,0,0.0,0,0,0,0,0,0,0.0,0,0.0,0,0,0,18737.0,0,0.060985,265.0,0,0,18738.0,0,0.060982,0,0,0,0.0,0,0,0.0,0,0,9640.0,,,,2421.0,female,CS,4668.0,2918.0,2094.0
TRAF - NATAL 25,120235302629640087,LINK_CLICKS,2025-12-01,138747,54496,2.546003,2901,2.090856,0.309761,6.476657,898.61668,2001.0,0,0.449084,9.0,0,99.846298,0.0,0,0.0,0,0,0,0,0,0,0.0,0,0.0,0,0,0,15369.0,0,0.058469,185.0,0,0,15375.0,0,0.058447,0,0,0,0.0,0,0,0.0,0,0,8278.0,,,,1979.0,male,CS,3931.0,2442.0,1701.0
TRAF - NATAL 25,120235302629640087,LINK_CLICKS,2025-12-01,624,328,1.902439,12,1.923077,0.295865,5.689715,3.550382,8.0,0,0.443798,0.0,0,0.0,0.0,0,0.0,0,0,0,0,0,0,0.0,0,0.0,0,0,0,69.0,0,0.051455,0.0,0,0,69.0,0,0.051455,0,0,0,0.0,0,0,0.0,0,0,43.0,,,,8.0,unknown,CS,20.0,13.0,10.0
[ENG] Post Foto Papai Noel,120236148415870087,OUTCOME_ENGAGEMENT,2025-12-01,0,0,0.0,0,0.0,0.0,0.0,0.0,0.0,0,0.0,0.0,0,0.0,0.0,0,0.0,0,0,0,0,0,0,0.0,0,0.0,0,0,0,0.0,0,0.0,0.0,0,0,0.0,0,0.0,0,0,0,0.0,0,0,0.0,0,0,,,,,0.0,female,CS,,,
[ALC] Agenda de Natal,120236907935260087,OUTCOME_AWARENESS,2025-12-01,86897,59311,1.465108,245,0.281943,0.652857,1.840685,159.95,144.0,0,1.110764,19.0,0,8.418421,0.0,0,0.0,0,0,0,0,0,0,0.0,0,0.0,0,0,0,169.0,0,0.94645,21.0,0,0,169.0,0,0.94645,0,0,0,0.0,0,0,0.0,0,0,4.0,,,,144.0,female,CS,2.0,1.0,1.0
[ALC] Agenda de Natal,120236907935260087,OUTCOME_AWARENESS,2025-12-01,99871,66890,1.493063,158,0.158204,1.19481,1.890238,188.78,80.0,0,2.35975,12.0,0,15.731667,0.0,0,0.0,0,0,0,0,0,0,0.0,0,0.0,0,0,0,94.0,0,2.008298,13.0,0,0,94.0,0,2.008298,0,0,0,0.0,0,0,0.0,0,0,,,,,80.0,male,CS,,,
[ALC] Agenda de Natal,120236907935260087,OUTCOME_AWARENESS,2025-12-01,654,454,1.440529,2,0.30581,0.6,1.834862,1.2,1.0,0,1.2,0.0,0,0.0,0.0,0,0.0,0,0,0,0,0,0,0.0,0,0.0,0,0,0,1.0,0,1.2,0.0,0,0,1.0,0,1.2,0,0,0,0.0,0,0,0.0,0,0,,,,,1.0,unknown,CS,,,
ALC - NARBONA,120237232905670087,OUTCOME_AWARENESS,2025-12-01,392158,165337,2.371871,718,0.183089,0.722664,1.323122,518.872813,537.0,0,0.966244,74.0,0,7.011795,0.0,0,0.0,0,0,0,0,0,0,0.0,0,0.0,0,0,0,21811.0,0,0.02379,88.0,0,0,21811.0,0,0.02379,0,0,0,0.0,0,0,0.0,0,0,1677.0,,,,537.0,female,CS,468.0,279.0,168.0
ALC - NARBONA,120237232905670087,OUTCOME_AWARENESS,2025-12-01,319599,135203,2.363845,436,0.136421,0.978571,1.334976,426.656982,335.0,0,1.273603,42.0,0,10.1585,0.0,0,0.0,0,0,0,0,0,0,0.0,0,0.0,0,0,0,18524.0,0,0.023033,85.0,0,0,18524.0,0,0.023033,0,0,0,0.0,0,0,0.0,0,0,1679.0,,,,335.0,male,CS,542.0,303.0,171.0
ALC - NARBONA,120237232905670087,OUTCOME_AWARENESS,2025-12-01,2338,1054,2.218216,8,0.342173,0.405026,1.385887,3.240205,4.0,0,0.810051,1.0,0,3.240205,0.0,0,0.0,0,0,0,0,0,0,0.0,0,0.0,0,0,0,137.0,0,0.023651,0.0,0,0,137.0,0,0.023651,0,0,0,0.0,0,0,0.0,0,0,11.0,,,,4.0,unknown,CS,3.0,,
ALC - Horário final de ano,120237500254090087,OUTCOME_AWARENESS,2025-12-01,390522,150331,2.597748,1067,0.273224,0.44882,1.226284,478.890901,728.0,0,0.657817,76.0,0,6.301196,0.0,0,0.0,0,0,0,0,0,0,0.0,0,0.0,0,0,0,801.0,0,0.597866,66.0,0,0,803.0,0,0.596377,0,0,0,0.0,0,0,0.0,0,0,,,,,422.0,female,CS,,,
ALC - Horário final de ano,120237500254090087,OUTCOME_AWARENESS,2025-12-01,372028,144560,2.57352,638,0.171492,0.718728,1.232565,458.548739,415.0,0,1.104937,38.0,0,12.067072,0.0,0,0.0,0,0,0,0,0,0,0.0,0,0.0,0,0,0,495.0,0,0.926361,74.0,0,0,495.0,0,0.926361,0,0,0,0.0,0,0,0.0,0,0,,,,,249.0,male,CS,,,
ALC - Horário final de ano,120237500254090087,OUTCOME_AWARENESS,2025-12-01,2708,1141,2.373357,5,0.184638,0.678072,1.251979,3.39036,4.0,0,0.84759,0.0,0,0.0,0.0,0,0.0,0,0,0,0,0,0,0.0,0,0.0,0,0,0,4.0,0,0.84759,0.0,0,0,4.0,0,0.84759,0,0,0,0.0,0,0,0.0,0,0,,,,,2.0,unknown,CS,,,
TFG - Story Horário Dezembro,120237500542310087,LINK_CLICKS,2025-12-01,93777,39224,2.390807,4764,5.080137,0.055643,2.826761,265.085149,4503.0,0,0.058869,914.0,0,0.290028,0.0,0,0.0,0,0,0,0,0,0,0.0,0,0.0,0,0,0,4619.0,0,0.05739,99.0,0,0,4628.0,0,0.057279,0,0,0,0.0,0,0,0.0,0,0,1.0,,,,4503.0,female,CS,1.0,1.0,1.0
TFG - Story Horário Dezembro,120237500542310087,LINK_CLICKS,2025-12-01,31857,13166,2.419642,1365,4.284773,0.061857,2.650432,84.434825,1314.0,0,0.064258,261.0,0,0.323505,0.0,0,0.0,0,0,0,0,0,0,0.0,0,0.0,0,0,0,1352.0,0,0.062452,32.0,0,0,1353.0,0,0.062406,0,0,0,0.0,0,0,0.0,0,0,,,,,1314.0,male,CS,,,
TFG - Story Horário Dezembro,120237500542310087,LINK_CLICKS,2025-12-01,154,75,2.053333,8,5.194805,0.056253,2.922245,0.450026,7.0,0,0.064289,0.0,0,0.0,0.0,0,0.0,0,0,0,0,0,0,0.0,0,0.0,0,0,0,9.0,0,0.050003,2.0,0,0,9.0,0,0.050003,0,0,0,0.0,0,0,0.0,0,0,,,,,7.0,unknown,CS,,,
[ALC] Homem do Sapato - feed,120237652019840087,OUTCOME_AWARENESS,2025-12-01,140490,84363,1.665304,219,0.155883,0.763105,1.189551,167.12,159.0,0,1.051069,15.0,0,11.141333,0.0,0,0.0,0,0,0,0,0,0,0.0,0,0.0,0,0,0,176.0,0,0.949545,15.0,0,0,176.0,0,0.949545,0,0,0,0.0,0,0,0.0,0,0,,,,,158.0,female,CS,,,
[ALC] Homem do Sapato - feed,120237652019840087,OUTCOME_AWARENESS,2025-12-01,145085,82845,1.751283,216,0.148878,0.841713,1.253127,181.81,150.0,0,1.212067,18.0,0,10.100556,0.0,0,0.0,0,0,0,0,0,0,0.0,0,0.0,0,0,0,165.0,0,1.101879,14.0,0,0,165.0,0,1.101879,0,0,0,0.0,0,0,0.0,0,0,,,,,148.0,male,CS,,,
[ALC] Homem do Sapato - feed,120237652019840087,OUTCOME_AWARENESS,2025-12-01,918,581,1.580034,2,0.217865,0.53,1.154684,1.06,2.0,0,0.53,0.0,0,0.0,0.0,0,0.0,0,0,0,0,0,0,0.0,0,0.0,0,0,0,2.0,0,0.53,0.0,0,0,2.0,0,0.53,0,0,0,0.0,0,0,0.0,0,0,,,,,2.0,unknown,CS,,,
[ALC] Homem do Sapato - Reels,120237652925190087,OUTCOME_AWARENESS,2025-12-01,176678,105452,1.675435,264,0.149424,0.789694,1.179995,208.479188,153.0,0,1.362609,15.0,0,13.898613,0.0,0,0.0,0,0,0,0,0,0,0.0,0,0.0,0,0,0,9004.0,0,0.023154,18.0,0,0,9004.0,0,0.023154,0,0,0,0.0,0,0,0.0,0,0,4608.0,,,,153.0,female,CS,1703.0,785.0,362.0
[ALC] Homem do Sapato - Reels,120237652925190087,OUTCOME_AWARENESS,2025-12-01,237120,132727,1.786524,352,0.148448,0.823326,1.222211,289.810575,161.0,0,1.800066,20.0,0,14.490529,0.0,0,0.0,0,0,0,0,0,0,0.0,0,0.0,0,0,0,14713.0,0,0.019698,53.0,0,0,14713.0,0,0.019698,0,0,0,0.0,0,0,0.0,0,0,7743.0,,,,161.0,male,CS,2770.0,1454.0,798.0
[ALC] Homem do Sapato - Reels,120237652925190087,OUTCOME_AWARENESS,2025-12-01,1387,846,1.63948,0,0.0,0.0,1.218628,1.690237,0.0,0,0.0,0.0,0,0.0,0.0,0,0.0,0,0,0,0,0,0,0.0,0,0.0,0,0,0,83.0,0,0.020364,0.0,0,0,83.0,0,0.020364,0,0,0,0.0,0,0,0.0,0,0,48.0,,,,0.0,unknown,CS,18.0,7.0,3.0
[ALC] Horário dezembro 02,120237943844790087,OUTCOME_AWARENESS,2025-12-01,162058,112172,1.444728,399,0.246208,0.431002,1.061162,171.969827,258.0,0,0.66655,47.0,0,3.658932,0.0,0,0.0,0,0,0,0,0,0,0.0,0,0.0,0,0,0,294.0,0,0.584931,33.0,0,0,294.0,0,0.584931,0,0,0,0.0,0,0,0.0,0,0,,,,,258.0,female,CS,,,
[ALC] Horário dezembro 02,120237943844790087,OUTCOME_AWARENESS,2025-12-01,168078,113633,1.47913,342,0.203477,0.517456,1.052905,176.970113,209.0,0,0.846747,35.0,0,5.056289,0.0,0,0.0,0,0,0,0,0,0,0.0,0,0.0,0,0,0,250.0,0,0.70788,34.0,0,0,250.0,0,0.70788,0,0,0,0.0,0,0,0.0,0,0,,,,,209.0,male,CS,,,
[ALC] Horário dezembro 02,120237943844790087,OUTCOME_AWARENESS,2025-12-01,1013,693,1.46176,0,0.0,0.0,1.046457,1.060061,0.0,0,0.0,0.0,0,0.0,0.0,0,0.0,0,0,0,0,0,0,0.0,0,0.0,0,0,0,0.0,0,0.0,0.0,0,0,0.0,0,0.0,0,0,0,0.0,0,0,0.0,0,0,,,,,0.0,unknown,CS,,,
ALC - NATAL 25,120235302545560087,OUTCOME_AWARENESS,2026-01-01,425018,327801,1.296573,692,0.162817,0.506447,0.82458,350.461241,373.0,0,0.939574,1.0,0,350.461241,0.0,0,0.0,0,0,0,0,0,0,0.0,0,0.0,0,0,0,17240.0,0,0.020328,37.0,0,0,17240.0,0,0.020328,0,0,0,0.0,0,0,0.0,0,0,11287.0,,,,373.0,female,CS,4587.0,2302.0,1587.0
ALC - NATAL 25,120235302545560087,OUTCOME_AWARENESS,2026-01-01,342741,237894,1.44073,457,0.133337,0.592514,0.790039,270.778685,220.0,0,1.230812,0.0,0,0.0,0.0,0,0.0,0,0,0,0,0,0,0.0,0,0.0,0,0,0,21066.0,0,0.012854,53.0,0,0,21066.0,0,0.012854,0,0,0,0.0,0,0,0.0,0,0,12936.0,,,,218.0,male,CS,4905.0,2482.0,1611.0
ALC - NATAL 25,120235302545560087,OUTCOME_AWARENESS,2026-01-01,2960,2082,1.42171,4,0.135135,0.572518,0.773673,2.290073,1.0,0,2.290073,0.0,0,0.0,0.0,0,0.0,0,0,0,0,0,0,0.0,0,0.0,0,0,0,147.0,0,0.015579,0.0,0,0,147.0,0,0.015579,0,0,0,0.0,0,0,0.0,0,0,99.0,,,,1.0,unknown,CS,36.0,19.0,14.0
TRAF - NATAL 25,120235302629640087,LINK_CLICKS,2026-01-01,52493,21824,2.405288,1470,2.800373,0.232015,6.497285,341.062002,1006.0,0,0.339028,25.0,0,13.64248,0.0,0,0.0,0,0,0,0,0,0,0.0,0,0.0,0,0,0,6982.0,0,0.048849,66.0,0,0,6982.0,0,0.048849,0,0,0,0.0,0,0,0.0,0,0,5803.0,,,,1002.0,female,CS,3203.0,2155.0,1621.0
TRAF - NATAL 25,120235302629640087,LINK_CLICKS,2026-01-01,20135,9899,2.034044,518,2.572635,0.23849,6.135484,123.537969,364.0,0,0.33939,13.0,0,9.502921,0.0,0,0.0,0,0,0,0,0,0,0.0,0,0.0,0,0,0,3624.0,0,0.034089,38.0,0,0,3625.0,0,0.034079,0,0,0,0.0,0,0,0.0,0,0,3147.0,,,,360.0,male,CS,1583.0,1042.0,771.0
TRAF - NATAL 25,120235302629640087,LINK_CLICKS,2026-01-01,104,59,1.762712,2,1.923077,0.225015,4.327202,0.450029,1.0,0,0.450029,0.0,0,0.0,0.0,0,0.0,0,0,0,0,0,0,0.0,0,0.0,0,0,0,14.0,0,0.032145,0.0,0,0,14.0,0,0.032145,0,0,0,0.0,0,0,0.0,0,0,13.0,,,,1.0,unknown,CS,8.0,4.0,3.0
ALC - NARBONA,120237232905670087,OUTCOME_AWARENESS,2026-01-01,446690,190547,2.344251,676,0.151335,0.716309,1.084029,484.22489,498.0,0,0.972339,67.0,0,7.227237,0.0,0,0.0,0,0,0,0,0,0,0.0,0,0.0,0,0,0,24885.0,0,0.019459,87.0,0,0,24885.0,0,0.019459,0,0,0,0.0,0,0,0.0,0,0,2786.0,,,,498.0,female,CS,759.0,430.0,262.0
ALC - NARBONA,120237232905670087,OUTCOME_AWARENESS,2026-01-01,420976,184473,2.282047,489,0.116159,0.939417,1.091215,459.375152,345.0,0,1.331522,51.0,0,9.007356,0.0,0,0.0,0,0,0,0,0,0,0.0,0,0.0,0,0,0,22265.0,0,0.020632,109.0,0,0,22265.0,0,0.020632,0,0,0,0.0,0,0,0.0,0,0,3278.0,,,,345.0,male,CS,996.0,559.0,345.0
ALC - NARBONA,120237232905670087,OUTCOME_AWARENESS,2026-01-01,3482,1714,2.031505,3,0.086157,1.329986,1.145881,3.989958,3.0,0,1.329986,0.0,0,0.0,0.0,0,0.0,0,0,0,0,0,0,0.0,0,0.0,0,0,0,177.0,0,0.022542,0.0,0,0,177.0,0,0.022542,0,0,0,0.0,0,0,0.0,0,0,23.0,,,,3.0,unknown,CS,6.0,4.0,1.0
ALC - Horário final de ano,120237500254090087,OUTCOME_AWARENESS,2026-01-01,0,0,0.0,0,0.0,0.0,0.0,0.0,0.0,0,0.0,0.0,0,0.0,0.0,0,0.0,0,0,0,0,0,0,0.0,0,0.0,0,0,0,0.0,0,0.0,0.0,0,0,0.0,0,0.0,0,0,0,0.0,0,0,0.0,0,0,,,,,0.0,female,CS,,,
ALC - Capivalley,120238793084460087,OUTCOME_AWARENESS,2026-01-01,425431,228987,1.857883,1298,0.305102,0.381812,1.164917,495.591612,406.0,0,1.220669,64.0,0,7.743619,0.0,0,0.0,0,0,0,0,0,0,0.0,0,0.0,0,0,0,21323.0,0,0.023242,196.0,0,0,21326.0,0,0.023239,0,0,0,0.0,0,0,0.0,0,0,3135.0,,,,402.0,female,CS,962.0,498.0,246.0
ALC - Capivalley,120238793084460087,OUTCOME_AWARENESS,2026-01-01,500979,232350,2.156139,850,0.169668,0.680551,1.154676,578.468537,404.0,0,1.431853,45.0,0,12.854856,0.0,0,0.0,0,0,0,0,0,0,0.0,0,0.0,0,0,0,16050.0,0,0.036042,115.0,0,0,16050.0,0,0.036042,0,0,0,0.0,0,0,0.0,0,0,2116.0,,,,397.0,male,CS,614.0,316.0,178.0
ALC - Capivalley,120238793084460087,OUTCOME_AWARENESS,2026-01-01,3694,1704,2.16784,6,0.162426,0.669975,1.088211,4.019851,2.0,0,2.009925,0.0,0,0.0,0.0,0,0.0,0,0,0,0,0,0,0.0,0,0.0,0,0,0,150.0,0,0.026799,0.0,0,0,150.0,0,0.026799,0,0,0,0.0,0,0,0.0,0,0,29.0,,,,2.0,unknown,CS,12.0,6.0,4.0
[ALC] Aniversário Capitu,120238793338590087,OUTCOME_AWARENESS,2026-01-01,171392,125714,1.363349,429,0.250303,0.439326,1.099647,188.47077,272.0,0,0.692907,39.0,0,4.832584,0.0,0,0.0,0,0,0,0,0,0,0.0,0,0.0,0,0,0,301.0,0,0.626149,24.0,0,0,303.0,0,0.622016,0,0,0,0.0,0,0,0.0,0,0,,,,,272.0,female,CS,,,
[ALC] Aniversário Capitu,120238793338590087,OUTCOME_AWARENESS,2026-01-01,148881,110292,1.34988,277,0.186055,0.578733,1.07676,160.309161,196.0,0,0.817904,25.0,0,6.412366,0.0,0,0.0,0,0,0,0,0,0,0.0,0,0.0,0,0,0,223.0,0,0.718875,25.0,0,0,223.0,0,0.718875,0,0,0,0.0,0,0,0.0,0,0,,,,,196.0,male,CS,,,
[ALC] Aniversário Capitu,120238793338590087,OUTCOME_AWARENESS,2026-01-01,1295,977,1.325486,2,0.15444,0.610035,0.942139,1.22007,1.0,0,1.22007,1.0,0,1.22007,0.0,0,0.0,0,0,0,0,0,0,0.0,0,0.0,0,0,0,1.0,0,1.22007,0.0,0,0,1.0,0,1.22007,0,0,0,0.0,0,0,0.0,0,0,,,,,1.0,unknown,CS,,,
ALC - LIQUIDA,120238798195590087,OUTCOME_AWARENESS,2026-01-01,533053,359686,1.481995,687,0.12888,1.195912,1.541294,821.59165,557.0,0,1.47503,87.0,0,9.443582,0.0,0,0.0,0,0,0,0,0,0,0.0,0,0.0,0,0,0,13909.0,0,0.059069,39.0,0,0,13909.0,0,0.059069,0,0,0,0.0,0,0,0.0,0,0,10350.0,,,,557.0,female,CS,4778.0,3012.0,2191.0
ALC - LIQUIDA,120238798195590087,OUTCOME_AWARENESS,2026-01-01,437022,296039,1.476231,410,0.093817,1.629534,1.528776,668.108814,318.0,0,2.100971,48.0,0,13.918934,0.0,0,0.0,0,0,0,0,0,0,0.0,0,0.0,0,0,0,12280.0,0,0.054406,47.0,0,0,12280.0,0,0.054406,0,0,0,0.0,0,0,0.0,0,0,9217.0,,,,318.0,male,CS,4079.0,2518.0,1850.0
ALC - LIQUIDA,120238798195590087,OUTCOME_AWARENESS,2026-01-01,6575,4514,1.45658,11,0.1673,0.903594,1.511717,9.939536,8.0,0,1.242442,1.0,0,9.939536,0.0,0,0.0,0,0,0,0,0,0,0.0,0,0.0,0,0,0,164.0,0,0.060607,0.0,0,0,164.0,0,0.060607,0,0,0,0.0,0,0,0.0,0,0,123.0,,,,8.0,unknown,CS,62.0,31.0,26.0
[ALC] Novas Lojas - Vídeo Elisa,120238977169450087,OUTCOME_AWARENESS,2026-01-01,257012,152335,1.68715,310,0.120617,1.041868,1.256669,322.979047,210.0,0,1.537995,26.0,0,12.422271,0.0,0,0.0,0,0,0,0,0,0,0.0,0,0.0,0,0,0,9621.0,0,0.03357,51.0,0,0,9621.0,0,0.03357,0,0,0,0.0,0,0,0.0,0,0,1530.0,,,,209.0,female,CS,402.0,251.0,97.0
[ALC] Novas Lojas - Vídeo Elisa,120238977169450087,OUTCOME_AWARENESS,2026-01-01,212964,124591,1.709305,233,0.109408,1.137815,1.244863,265.11101,158.0,0,1.677918,22.0,0,12.0505,0.0,0,0.0,0,0,0,0,0,0,0.0,0,0.0,0,0,0,9514.0,0,0.027865,25.0,0,0,9514.0,0,0.027865,0,0,0,0.0,0,0,0.0,0,0,1159.0,,,,158.0,male,CS,306.0,169.0,93.0
[ALC] Novas Lojas - Vídeo Elisa,120238977169450087,OUTCOME_AWARENESS,2026-01-01,1519,943,1.610817,0,0.0,0.0,1.112536,1.689943,0.0,0,0.0,0.0,0,0.0,0.0,0,0.0,0,0,0,0,0,0,0.0,0,0.0,0,0,0,90.0,0,0.018777,0.0,0,0,90.0,0,0.018777,0,0,0,0.0,0,0,0.0,0,0,13.0,,,,0.0,unknown,CS,3.0,3.0,1.0
[ALC] Video Argentinos,120238977290500087,OUTCOME_AWARENESS,2026-01-01,300853,228387,1.317295,337,0.112015,0.987691,1.106361,332.851968,201.0,0,1.65598,54.0,0,6.163925,0.0,0,0.0,0,0,0,0,0,0,0.0,0,0.0,0,0,0,12969.0,0,0.025665,44.0,0,0,12969.0,0,0.025665,0,0,0,0.0,0,0,0.0,0,0,612.0,,,,200.0,female,CS,225.0,141.0,103.0
[ALC] Video Argentinos,120238977290500087,OUTCOME_AWARENESS,2026-01-01,233504,174174,1.340636,244,0.104495,1.061878,1.109609,259.09818,130.0,0,1.993063,33.0,0,7.85146,0.0,0,0.0,0,0,0,0,0,0,0.0,0,0.0,0,0,0,12477.0,0,0.020766,46.0,0,0,12477.0,0,0.020766,0,0,0,0.0,0,0,0.0,0,0,644.0,,,,130.0,male,CS,208.0,122.0,75.0
[ALC] Video Argentinos,120238977290500087,OUTCOME_AWARENESS,2026-01-01,1630,1249,1.305044,1,0.06135,1.759852,1.079664,1.759852,1.0,0,1.759852,0.0,0,0.0,0.0,0,0.0,0,0,0,0,0,0,0.0,0,0.0,0,0,0,94.0,0,0.018722,0.0,0,0,94.0,0,0.018722,0,0,0,0.0,0,0,0.0,0,0,5.0,,,,1.0,unknown,CS,,,
[ALC] Nike 20% OFF - 26/01,120238977576680087,OUTCOME_AWARENESS,2026-01-01,147500,123157,1.197658,143,0.096949,1.089824,1.056575,155.844802,85.0,0,1.833468,12.0,0,12.987067,0.0,0,0.0,0,0,0,0,0,0,0.0,0,0.0,0,0,0,4055.0,0,0.038433,8.0,0,0,4055.0,0,0.038433,0,0,0,0.0,0,0,0.0,0,0,3052.0,,,,84.0,female,CS,1279.0,774.0,557.0
[ALC] Nike 20% OFF - 26/01,120238977576680087,OUTCOME_AWARENESS,2026-01-01,135895,108971,1.247075,121,0.089039,1.1812,1.051733,142.925233,59.0,0,2.422462,4.0,0,35.731308,0.0,0,0.0,0,0,0,0,0,0,0.0,0,0.0,0,0,0,5011.0,0,0.028522,22.0,0,0,5011.0,0,0.028522,0,0,0,0.0,0,0,0.0,0,0,3652.0,,,,59.0,male,CS,1458.0,858.0,604.0
[ALC] Nike 20% OFF - 26/01,120238977576680087,OUTCOME_AWARENESS,2026-01-01,1018,816,1.247549,1,0.098232,1.059965,1.041223,1.059965,0.0,0,0.0,0.0,0,0.0,0.0,0,0.0,0,0,0,0,0,0,0.0,0,0.0,0,0,0,34.0,0,0.031175,0.0,0,0,34.0,0,0.031175,0,0,0,0.0,0,0,0.0,0,0,24.0,,,,0.0,unknown,CS,9.0,4.0,3.0
[ALC] Volta às aulas,120239008937960087,OUTCOME_AWARENESS,2026-01-01,87260,52712,1.655411,146,0.167316,0.744726,1.246046,108.73,87.0,0,1.24977,14.0,0,7.766429,0.0,0,0.0,0,0,0,0,0,0,0.0,0,0.0,0,0,0,98.0,0,1.10949,11.0,0,0,98.0,0,1.10949,0,0,0,0.0,0,0,0.0,0,0,,,,,87.0,female,CS,,,
[ALC] Volta às aulas,120239008937960087,OUTCOME_AWARENESS,2026-01-01,150227,83137,1.806981,141,0.093858,1.328936,1.247312,187.38,87.0,0,2.153793,10.0,0,18.738,0.0,0,0.0,0,0,0,0,0,0,0.0,0,0.0,0,0,0,105.0,0,1.784571,15.0,0,0,105.0,0,1.784571,0,0,0,0.0,0,0,0.0,0,0,,,,,85.0,male,CS,,,
[ALC] Volta às aulas,120239008937960087,OUTCOME_AWARENESS,2026-01-01,1087,579,1.877375,1,0.091996,1.46,1.343146,1.46,0.0,0,0.0,0.0,0,0.0,0.0,0,0.0,0,0,0,0,0,0,0.0,0,0.0,0,0,0,0.0,0,0.0,0.0,0,0,0.0,0,0.0,0,0,0,0.0,0,0,0.0,0,0,,,,,0.0,unknown,CS,,,
[ALC] Capivalley vídeo,120239017203610087,OUTCOME_AWARENESS,2026-01-01,274242,207176,1.323715,558,0.20347,0.552372,1.123912,308.223836,211.0,0,1.460776,33.0,0,9.340116,0.0,0,0.0,0,0,0,0,0,0,0.0,0,0.0,0,0,0,18434.0,0,0.01672,69.0,0,0,18434.0,0,0.01672,0,0,0,0.0,0,0,0.0,0,0,2698.0,,,,211.0,female,CS,746.0,415.0,211.0
[ALC] Capivalley vídeo,120239017203610087,OUTCOME_AWARENESS,2026-01-01,169844,132407,1.282742,254,0.149549,0.749473,1.12083,190.366193,90.0,0,2.11518,11.0,0,17.306018,0.0,0,0.0,0,0,0,0,0,0,0.0,0,0.0,0,0,0,10484.0,0,0.018158,43.0,0,0,10484.0,0,0.018158,0,0,0,0.0,0,0,0.0,0,0,1258.0,,,,89.0,male,CS,318.0,155.0,84.0
[ALC] Capivalley vídeo,120239017203610087,OUTCOME_AWARENESS,2026-01-01,1468,1049,1.399428,2,0.13624,0.704986,0.960471,1.409972,0.0,0,0.0,0.0,0,0.0,0.0,0,0.0,0,0,0,0,0,0,0.0,0,0.0,0,0,0,111.0,0,0.012702,1.0,0,0,111.0,0,0.012702,0,0,0,0.0,0,0,0.0,0,0,16.0,,,,0.0,unknown,CS,4.0,2.0,1.0
[ALC] - Video Capivalley 2,120239017296950087,OUTCOME_AWARENESS,2026-01-01,210629,134318,1.568137,1420,0.674171,0.181179,1.221458,257.274564,125.0,0,2.058197,26.0,0,9.895176,0.0,0,0.0,0,0,0,0,0,0,0.0,0,0.0,0,0,0,22327.0,0,0.011523,169.0,0,0,22329.0,0,0.011522,0,0,0,0.0,0,0,0.0,0,0,3757.0,,,,124.0,female,CS,1339.0,698.0,344.0
[ALC] - Video Capivalley 2,120239017296950087,OUTCOME_AWARENESS,2026-01-01,195061,118634,1.644225,645,0.330666,0.373823,1.236103,241.115533,90.0,0,2.679061,14.0,0,17.222538,0.0,0,0.0,0,0,0,0,0,0,0.0,0,0.0,0,0,0,18044.0,0,0.013363,103.0,0,0,18044.0,0,0.013363,0,0,0,0.0,0,0,0.0,0,0,2576.0,,,,90.0,male,CS,786.0,373.0,190.0
[ALC] - Video Capivalley 2,120239017296950087,OUTCOME_AWARENESS,2026-01-01,1359,879,1.546075,8,0.588668,0.201238,1.184624,1.609903,0.0,0,0.0,0.0,0,0.0,0.0,0,0.0,0,0,0,0,0,0,0.0,0,0.0,0,0,0,130.0,0,0.012384,2.0,0,0,130.0,0,0.012384,0,0,0,0.0,0,0,0.0,0,0,19.0,,,,0.0,unknown,CS,8.0,5.0,2.0
[ALC] Usaflex liquida,120239017471460087,OUTCOME_AWARENESS,2026-01-01,163437,107781,1.51638,214,0.130937,0.916002,1.199388,196.024399,168.0,0,1.166812,13.0,0,15.0788,0.0,0,0.0,0,0,0,0,0,0,0.0,0,0.0,0,0,0,176.0,0,1.113775,7.0,0,0,176.0,0,1.113775,0,0,0,0.0,0,0,0.0,0,0,,,,,168.0,female,CS,,,
[ALC] Usaflex liquida,120239017471460087,OUTCOME_AWARENESS,2026-01-01,127748,82509,1.548292,129,0.10098,1.183765,1.195366,152.705637,96.0,0,1.590684,9.0,0,16.967293,0.0,0,0.0,0,0,0,0,0,0,0.0,0,0.0,0,0,0,107.0,0,1.427155,10.0,0,0,107.0,0,1.427155,0,0,0,0.0,0,0,0.0,0,0,,,,,96.0,male,CS,,,
[ALC] Usaflex liquida,120239017471460087,OUTCOME_AWARENESS,2026-01-01,961,591,1.626058,2,0.208117,0.634982,1.321502,1.269964,2.0,0,0.634982,0.0,0,0.0,0.0,0,0.0,0,0,0,0,0,0,0.0,0,0.0,0,0,0,2.0,0,0.634982,0.0,0,0,2.0,0,0.634982,0,0,0,0.0,0,0,0.0,0,0,,,,,2.0,unknown,CS,,,
[ALC] Homem do Sapato - promoção,120239017891420087,OUTCOME_AWARENESS,2026-01-01,168711,104823,1.609485,216,0.12803,0.973433,1.246283,210.26159,182.0,0,1.155283,23.0,0,9.141808,0.0,0,0.0,0,0,0,0,0,0,0.0,0,0.0,0,0,0,183.0,0,1.14897,1.0,0,0,183.0,0,1.14897,0,0,0,0.0,0,0,0.0,0,0,,,,,182.0,female,CS,,,
[ALC] Homem do Sapato - promoção,120239017891420087,OUTCOME_AWARENESS,2026-01-01,232187,136267,1.703912,250,0.107672,1.150954,1.239253,287.73849,209.0,0,1.376739,24.0,0,11.989104,0.0,0,0.0,0,0,0,0,0,0,0.0,0,0.0,0,0,0,219.0,0,1.313874,10.0,0,0,219.0,0,1.313874,0,0,0,0.0,0,0,0.0,0,0,,,,,208.0,male,CS,,,
[ALC] Homem do Sapato - promoção,120239017891420087,OUTCOME_AWARENESS,2026-01-01,1516,923,1.64247,1,0.065963,1.99992,1.319208,1.99992,1.0,0,1.99992,0.0,0,0.0,0.0,0,0.0,0,0,0,0,0,0,0.0,0,0.0,0,0,0,1.0,0,1.99992,0.0,0,0,1.0,0,1.99992,0,0,0,0.0,0,0,0.0,0,0,,,,,1.0,unknown,CS,,,
ALC - NARBONA,120237232905670087,OUTCOME_AWARENESS,2026-02-01,91615,74540,1.229072,128,0.139715,0.832891,1.163674,106.61,96.0,0,1.110521,21.0,0,5.076667,0.0,0,0.0,0,0,0,0,0,0,0.0,0,0.0,0,0,0,5260.0,0,0.020268,30.0,0,0,5260.0,0,0.020268,0,0,0,0.0,0,0,0.0,0,0,634.0,,,,96.0,female,CS,187.0,106.0,70.0
ALC - NARBONA,120237232905670087,OUTCOME_AWARENESS,2026-02-01,99550,78952,1.260893,123,0.123556,0.93374,1.153692,114.85,76.0,0,1.511184,10.0,0,11.485,0.0,0,0.0,0,0,0,0,0,0,0.0,0,0.0,0,0,0,5327.0,0,0.02156,28.0,0,0,5327.0,0,0.02156,0,0,0,0.0,0,0,0.0,0,0,862.0,,,,76.0,male,CS,285.0,152.0,94.0
ALC - NARBONA,120237232905670087,OUTCOME_AWARENESS,2026-02-01,800,656,1.219512,0,0.0,0.0,1.1375,0.91,0.0,0,0.0,0.0,0,0.0,0.0,0,0.0,0,0,0,0,0,0,0.0,0,0.0,0,0,0,30.0,0,0.030333,0.0,0,0,30.0,0,0.030333,0,0,0,0.0,0,0,0.0,0,0,5.0,,,,0.0,unknown,CS,3.0,2.0,1.0
ALC - Capivalley,120238793084460087,OUTCOME_AWARENESS,2026-02-01,151841,124181,1.222739,550,0.362221,0.286909,1.039245,157.8,121.0,0,1.304132,17.0,0,9.282353,0.0,0,0.0,0,0,0,0,0,0,0.0,0,0.0,0,0,0,11134.0,0,0.014173,69.0,0,0,11135.0,0,0.014172,0,0,0,0.0,0,0,0.0,0,0,1618.0,,,,121.0,female,CS,491.0,245.0,137.0
ALC - Capivalley,120238793084460087,OUTCOME_AWARENESS,2026-02-01,157601,121736,1.294613,327,0.207486,0.503028,1.043712,164.49,98.0,0,1.678469,13.0,0,12.653077,0.0,0,0.0,0,0,0,0,0,0,0.0,0,0.0,0,0,0,9475.0,0,0.01736,44.0,0,0,9475.0,0,0.01736,0,0,0,0.0,0,0,0.0,0,0,1261.0,,,,97.0,male,CS,362.0,178.0,99.0
ALC - Capivalley,120238793084460087,OUTCOME_AWARENESS,2026-02-01,1135,887,1.279594,1,0.088106,1.29,1.136564,1.29,0.0,0,0.0,0.0,0,0.0,0.0,0,0.0,0,0,0,0,0,0,0.0,0,0.0,0,0,0,79.0,0,0.016329,0.0,0,0,79.0,0,0.016329,0,0,0,0.0,0,0,0.0,0,0,10.0,,,,0.0,unknown,CS,3.0,2.0,1.0
[ALC] Novas Lojas - Vídeo Elisa,120238977169450087,OUTCOME_AWARENESS,2026-02-01,116477,96375,1.208581,158,0.135649,0.826519,1.121166,130.59,108.0,0,1.209167,14.0,0,9.327857,0.0,0,0.0,0,0,0,0,0,0,0.0,0,0.0,0,0,0,3841.0,0,0.033999,11.0,0,0,3841.0,0,0.033999,0,0,0,0.0,0,0,0.0,0,0,628.0,,,,108.0,female,CS,154.0,99.0,49.0
[ALC] Novas Lojas - Vídeo Elisa,120238977169450087,OUTCOME_AWARENESS,2026-02-01,110339,88978,1.240071,96,0.087005,1.28875,1.121272,123.72,58.0,0,2.133103,8.0,0,15.465,0.0,0,0.0,0,0,0,0,0,0,0.0,0,0.0,0,0,0,4826.0,0,0.025636,14.0,0,0,4826.0,0,0.025636,0,0,0,0.0,0,0,0.0,0,0,539.0,,,,58.0,male,CS,113.0,67.0,42.0
[ALC] Novas Lojas - Vídeo Elisa,120238977169450087,OUTCOME_AWARENESS,2026-02-01,875,713,1.227209,1,0.114286,1.01,1.154286,1.01,0.0,0,0.0,0.0,0,0.0,0.0,0,0.0,0,0,0,0,0,0,0.0,0,0.0,0,0,0,37.0,0,0.027297,1.0,0,0,37.0,0,0.027297,0,0,0,0.0,0,0,0.0,0,0,4.0,,,,0.0,unknown,CS,1.0,1.0,
[ALC] Video Argentinos,120238977290500087,OUTCOME_AWARENESS,2026-02-01,144934,121769,1.190237,178,0.122815,0.792135,0.972857,141.0,99.0,0,1.424242,36.0,0,3.916667,0.0,0,0.0,0,0,0,0,0,0,0.0,0,0.0,0,0,0,6124.0,0,0.023024,20.0,0,0,6124.0,0,0.023024,0,0,0,0.0,0,0,0.0,0,0,235.0,,,,99.0,female,CS,81.0,44.0,29.0
[ALC] Video Argentinos,120238977290500087,OUTCOME_AWARENESS,2026-02-01,113181,99190,1.141053,122,0.107792,0.903033,0.973397,110.17,60.0,0,1.836167,13.0,0,8.474615,0.0,0,0.0,0,0,0,0,0,0,0.0,0,0.0,0,0,0,6389.0,0,0.017244,19.0,0,0,6390.0,0,0.017241,0,0,0,0.0,0,0,0.0,0,0,272.0,,,,60.0,male,CS,101.0,63.0,40.0
[ALC] Video Argentinos,120238977290500087,OUTCOME_AWARENESS,2026-02-01,816,690,1.182609,0,0.0,0.0,0.845588,0.69,0.0,0,0.0,0.0,0,0.0,0.0,0,0.0,0,0,0,0,0,0,0.0,0,0.0,0,0,0,53.0,0,0.013019,0.0,0,0,53.0,0,0.013019,0,0,0,0.0,0,0,0.0,0,0,5.0,,,,0.0,unknown,CS,1.0,1.0,1.0
[ALC] Volta às aulas,120239008937960087,OUTCOME_AWARENESS,2026-02-01,41890,33581,1.247432,51,0.121747,0.913529,1.112199,46.59,17.0,0,2.740588,3.0,0,15.53,0.0,0,0.0,0,0,0,0,0,0,0.0,0,0.0,0,0,0,33.0,0,1.411818,16.0,0,0,33.0,0,1.411818,0,0,0,0.0,0,0,0.0,0,0,,,,,17.0,female,CS,,,
[ALC] Volta às aulas,120239008937960087,OUTCOME_AWARENESS,2026-02-01,81614,60418,1.350823,80,0.098022,1.156375,1.133507,92.51,51.0,0,1.813922,8.0,0,11.56375,0.0,0,0.0,0,0,0,0,0,0,0.0,0,0.0,0,0,0,64.0,0,1.445469,12.0,0,0,64.0,0,1.445469,0,0,0,0.0,0,0,0.0,0,0,,,,,51.0,male,CS,,,
[ALC] Volta às aulas,120239008937960087,OUTCOME_AWARENESS,2026-02-01,606,436,1.389908,1,0.165017,0.82,1.353135,0.82,0.0,0,0.0,0.0,0,0.0,0.0,0,0.0,0,0,0,0,0,0,0.0,0,0.0,0,0,0,0.0,0,0.0,0.0,0,0,0.0,0,0.0,0,0,0,0.0,0,0,0.0,0,0,,,,,0.0,unknown,CS,,,
[ALC] Carnaval - 02/02,120239471825400087,OUTCOME_AWARENESS,2026-02-01,58548,46291,1.264781,132,0.225456,0.497576,1.121815,65.68,60.0,0,1.094667,9.0,0,7.297778,0.0,0,0.0,0,0,0,0,0,0,0.0,0,0.0,0,0,0,4190.0,0,0.015675,19.0,0,0,4190.0,0,0.015675,0,0,0,0.0,0,0,0.0,0,0,1037.0,,,,60.0,female,CS,474.0,155.0,89.0
[ALC] Carnaval - 02/02,120239471825400087,OUTCOME_AWARENESS,2026-02-01,50542,38359,1.317605,67,0.132563,0.86791,1.150528,58.15,37.0,0,1.571622,4.0,0,14.5375,0.0,0,0.0,0,0,0,0,0,0,0.0,0,0.0,0,0,0,3640.0,0,0.015975,14.0,0,0,3640.0,0,0.015975,0,0,0,0.0,0,0,0.0,0,0,845.0,,,,35.0,male,CS,311.0,105.0,61.0
[ALC] Carnaval - 02/02,120239471825400087,OUTCOME_AWARENESS,2026-02-01,360,276,1.304348,0,0.0,0.0,1.111111,0.4,0.0,0,0.0,0.0,0,0.0,0.0,0,0.0,0,0,0,0,0,0,0.0,0,0.0,0,0,0,36.0,0,0.011111,0.0,0,0,36.0,0,0.011111,0,0,0,0.0,0,0,0.0,0,0,9.0,,,,0.0,unknown,CS,4.0,2.0,2.0
[ALC] Semana do Cinema 2026,120239561692810087,OUTCOME_AWARENESS,2026-02-01,24982,23049,1.083865,66,0.26419,0.483788,1.27812,31.93,40.0,0,0.79825,9.0,0,3.547778,0.0,0,0.0,0,0,0,0,0,0,0.0,0,0.0,0,0,0,47.0,0,0.679362,6.0,0,0,47.0,0,0.679362,0,0,0,0.0,0,0,0.0,0,0,,,,,40.0,female,CS,,,
[ALC] Semana do Cinema 2026,120239561692810087,OUTCOME_AWARENESS,2026-02-01,47415,42963,1.103624,69,0.145524,0.863188,1.256143,59.56,47.0,0,1.267234,8.0,0,7.445,0.0,0,0.0,0,0,0,0,0,0,0.0,0,0.0,0,0,0,65.0,0,0.916308,11.0,0,0,65.0,0,0.916308,0,0,0,0.0,0,0,0.0,0,0,,,,,47.0,male,CS,,,
[ALC] Semana do Cinema 2026,120239561692810087,OUTCOME_AWARENESS,2026-02-01,341,306,1.114379,0,0.0,0.0,1.407625,0.48,0.0,0,0.0,0.0,0,0.0,0.0,0,0.0,0,0,0,0,0,0,0.0,0,0.0,0,0,0,0.0,0,0.0,0.0,0,0,0.0,0,0.0,0,0,0,0.0,0,0,0.0,0,0,,,,,0.0,unknown,CS,,,
[ALC] Bazar anacapri,120239563051420087,OUTCOME_AWARENESS,2026-02-01,41133,38109,1.079351,116,0.282012,0.419569,1.183235,48.67,80.0,0,0.608375,22.0,0,2.212273,0.0,0,0.0,0,0,0,0,0,0,0.0,0,0.0,0,0,0,86.0,0,0.56593,2.0,0,0,86.0,0,0.56593,0,0,0,0.0,0,0,0.0,0,0,,,,,80.0,female,CS,,,
[ALC] Bazar anacapri,120239563051420087,OUTCOME_AWARENESS,2026-02-01,12395,12177,1.017903,16,0.129084,0.94625,1.22146,15.14,11.0,0,1.376364,2.0,0,7.57,0.0,0,0.0,0,0,0,0,0,0,0.0,0,0.0,0,0,0,11.0,0,1.376364,0.0,0,0,11.0,0,1.376364,0,0,0,0.0,0,0,0.0,0,0,,,,,11.0,male,CS,,,
[ALC] Bazar anacapri,120239563051420087,OUTCOME_AWARENESS,2026-02-01,90,90,1.0,0,0.0,0.0,1.555556,0.14,0.0,0,0.0,0.0,0,0.0,0.0,0,0.0,0,0,0,0,0,0,0.0,0,0.0,0,0,0,0.0,0,0.0,0.0,0,0,0.0,0,0.0,0,0,0,0.0,0,0,0.0,0,0,,,,,0.0,unknown,CS,,,
ALC - NARBONA,120237232905670087,OUTCOME_AWARENESS,2026-02-06,306016,144068,2.124108,413,0.13496,0.89891,1.213172,371.25,272.0,0,1.36489,37.0,0,10.033784,0.0,0,0.0,0,0,0,0,0,0,0.0,0,0.0,0,0,0,17461.0,0,0.021262,66.0,0,0,17461.0,0,0.021262,0,0,0,0.0,0,0,0.0,0,0,2027.0,,,,272.0,female,CS,611.0,342.0,217.0
ALC - NARBONA,120237232905670087,OUTCOME_AWARENESS,2026-02-06,300596,149005,2.017355,301,0.100134,1.210897,1.212524,364.48,192.0,0,1.898333,32.0,0,11.39,0.0,0,0.0,0,0,0,0,0,0,0.0,0,0.0,0,0,0,14875.0,0,0.024503,73.0,0,0,14875.0,0,0.024503,0,0,0,0.0,0,0,0.0,0,0,2349.0,,,,192.0,male,CS,719.0,388.0,244.0
ALC - NARBONA,120237232905670087,OUTCOME_AWARENESS,2026-02-06,2314,1205,1.920332,2,0.08643,1.45,1.253241,2.9,1.0,0,2.9,0.0,0,0.0,0.0,0,0.0,0,0,0,0,0,0,0.0,0,0.0,0,0,0,126.0,0,0.023016,0.0,0,0,126.0,0,0.023016,0,0,0,0.0,0,0,0.0,0,0,20.0,,,,1.0,unknown,CS,6.0,3.0,2.0
ALC - Capivalley,120238793084460087,OUTCOME_AWARENESS,2026-02-06,263924,189400,1.393474,1161,0.439899,0.263773,1.160334,306.24,218.0,0,1.404771,27.0,0,11.342222,0.0,0,0.0,0,0,0,0,0,0,0.0,0,0.0,0,0,0,21220.0,0,0.014432,126.0,0,0,21221.0,0,0.014431,0,0,0,0.0,0,0,0.0,0,0,3077.0,,,,217.0,female,CS,948.0,495.0,266.0
ALC - Capivalley,120238793084460087,OUTCOME_AWARENESS,2026-02-06,251533,172272,1.460092,631,0.250862,0.459445,1.152572,289.91,140.0,0,2.070786,18.0,0,16.106111,0.0,0,0.0,0,0,0,0,0,0,0.0,0,0.0,0,0,0,17054.0,0,0.017,81.0,0,0,17056.0,0,0.016998,0,0,0,0.0,0,0,0.0,0,0,2139.0,,,,139.0,male,CS,631.0,314.0,175.0
ALC - Capivalley,120238793084460087,OUTCOME_AWARENESS,2026-02-06,1763,1202,1.466722,6,0.340329,0.365,1.242201,2.19,0.0,0,0.0,0.0,0,0.0,0.0,0,0.0,0,0,0,0,0,0,0.0,0,0.0,0,0,0,128.0,0,0.017109,1.0,0,0,128.0,0,0.017109,0,0,0,0.0,0,0,0.0,0,0,20.0,,,,0.0,unknown,CS,5.0,1.0,1.0
[ALC] Novas Lojas - Vídeo Elisa,120238977169450087,OUTCOME_AWARENESS,2026-02-06,69256,63274,1.094541,79,0.11407,1.081013,1.233106,85.4,54.0,0,1.581481,6.0,0,14.233333,0.0,0,0.0,0,0,0,0,0,0,0.0,0,0.0,0,0,0,2188.0,0,0.039031,8.0,0,0,2188.0,0,0.039031,0,0,0,0.0,0,0,0.0,0,0,378.0,,,,54.0,female,CS,64.0,35.0,15.0
[ALC] Novas Lojas - Vídeo Elisa,120238977169450087,OUTCOME_AWARENESS,2026-02-06,55086,50200,1.097331,62,0.112551,1.110806,1.250227,68.87,46.0,0,1.497174,7.0,0,9.838571,0.0,0,0.0,0,0,0,0,0,0,0.0,0,0.0,0,0,0,2351.0,0,0.029294,7.0,0,0,2351.0,0,0.029294,0,0,0,0.0,0,0,0.0,0,0,315.0,,,,46.0,male,CS,62.0,27.0,14.0
[ALC] Novas Lojas - Vídeo Elisa,120238977169450087,OUTCOME_AWARENESS,2026-02-06,404,360,1.122222,0,0.0,0.0,1.237624,0.5,0.0,0,0.0,0.0,0,0.0,0.0,0,0.0,0,0,0,0,0,0,0.0,0,0.0,0,0,0,22.0,0,0.022727,0.0,0,0,22.0,0,0.022727,0,0,0,0.0,0,0,0.0,0,0,2.0,,,,0.0,unknown,CS,,,
[ALC] Video Argentinos,120238977290500087,OUTCOME_AWARENESS,2026-02-06,80815,75127,1.075712,120,0.148487,0.724833,1.076285,86.98,60.0,0,1.449667,15.0,0,5.798667,0.0,0,0.0,0,0,0,0,0,0,0.0,0,0.0,0,0,0,3423.0,0,0.02541,15.0,0,0,3423.0,0,0.02541,0,0,0,0.0,0,0,0.0,0,0,134.0,,,,60.0,female,CS,57.0,32.0,28.0
[ALC] Video Argentinos,120238977290500087,OUTCOME_AWARENESS,2026-02-06,61540,56940,1.080787,85,0.138122,0.785647,1.085148,66.78,28.0,0,2.385,11.0,0,6.070909,0.0,0,0.0,0,0,0,0,0,0,0.0,0,0.0,0,0,0,3307.0,0,0.020194,9.0,0,0,3307.0,0,0.020194,0,0,0,0.0,0,0,0.0,0,0,163.0,,,,28.0,male,CS,63.0,30.0,22.0
[ALC] Video Argentinos,120238977290500087,OUTCOME_AWARENESS,2026-02-06,393,377,1.04244,0,0.0,0.0,1.094148,0.43,0.0,0,0.0,0.0,0,0.0,0.0,0,0.0,0,0,0,0,0,0,0.0,0,0.0,0,0,0,27.0,0,0.015926,0.0,0,0,27.0,0,0.015926,0,0,0,0.0,0,0,0.0,0,0,3.0,,,,0.0,unknown,CS,,,
[ALC] Volta às aulas,120239008937960087,OUTCOME_AWARENESS,2026-02-06,15944,13810,1.154526,19,0.119167,1.09,1.298921,20.71,12.0,0,1.725833,0.0,0,0.0,0.0,0,0.0,0,0,0,0,0,0,0.0,0,0.0,0,0,0,16.0,0,1.294375,4.0,0,0,16.0,0,1.294375,0,0,0,0.0,0,0,0.0,0,0,,,,,12.0,female,CS,,,
[ALC] Volta às aulas,120239008937960087,OUTCOME_AWARENESS,2026-02-06,32433,28192,1.150433,39,0.120248,1.055128,1.268769,41.15,20.0,0,2.0575,2.0,0,20.575,0.0,0,0.0,0,0,0,0,0,0,0.0,0,0.0,0,0,0,28.0,0,1.469643,7.0,0,0,28.0,0,1.469643,0,0,0,0.0,0,0,0.0,0,0,,,,,20.0,male,CS,,,
[ALC] Volta às aulas,120239008937960087,OUTCOME_AWARENESS,2026-02-06,219,182,1.203297,0,0.0,0.0,1.506849,0.33,0.0,0,0.0,0.0,0,0.0,0.0,0,0.0,0,0,0,0,0,0,0.0,0,0.0,0,0,0,0.0,0,0.0,0.0,0,0,0.0,0,0.0,0,0,0,0.0,0,0,0.0,0,0,,,,,0.0,unknown,CS,,,
[ALC] Carnaval - 02/02,120239471825400087,OUTCOME_AWARENESS,2026-02-06,167627,121207,1.382981,335,0.199848,0.591254,1.181612,198.07,212.0,0,0.934292,26.0,0,7.618077,0.0,0,0.0,0,0,0,0,0,0,0.0,0,0.0,0,0,0,5476.0,0,0.036171,26.0,0,0,5476.0,0,0.036171,0,0,0,0.0,0,0,0.0,0,0,1259.0,,,,208.0,female,CS,554.0,149.0,74.0
[ALC] Carnaval - 02/02,120239471825400087,OUTCOME_AWARENESS,2026-02-06,148347,101478,1.461864,206,0.138864,0.85665,1.189576,176.47,122.0,0,1.446475,10.0,0,17.647,0.0,0,0.0,0,0,0,0,0,0,0.0,0,0.0,0,0,0,4149.0,0,0.042533,17.0,0,0,4149.0,0,0.042533,0,0,0,0.0,0,0,0.0,0,0,909.0,,,,114.0,male,CS,315.0,124.0,77.0
[ALC] Carnaval - 02/02,120239471825400087,OUTCOME_AWARENESS,2026-02-06,1077,753,1.430279,1,0.092851,1.23,1.142061,1.23,1.0,0,1.23,0.0,0,0.0,0.0,0,0.0,0,0,0,0,0,0,0.0,0,0.0,0,0,0,36.0,0,0.034167,0.0,0,0,36.0,0,0.034167,0,0,0,0.0,0,0,0.0,0,0,7.0,,,,1.0,unknown,CS,1.0,,
[ALC] Semana do Cinema 2026,120239561692810087,OUTCOME_AWARENESS,2026-02-06,121627,94545,1.286446,253,0.208013,0.60996,1.268797,154.32,148.0,0,1.042703,51.0,0,3.025882,0.0,0,0.0,0,0,0,0,0,0,0.0,0,0.0,0,0,0,191.0,0,0.807958,30.0,0,0,191.0,0,0.807958,0,0,0,0.0,0,0,0.0,0,0,,,,,148.0,female,CS,,,
[ALC] Semana do Cinema 2026,120239561692810087,OUTCOME_AWARENESS,2026-02-06,199846,135849,1.471089,318,0.159123,0.792138,1.260471,251.9,206.0,0,1.222816,31.0,0,8.125806,0.0,0,0.0,0,0,0,0,0,0,0.0,0,0.0,0,0,0,257.0,0,0.980156,39.0,0,0,258.0,0,0.976357,0,0,0,0.0,0,0,0.0,0,0,,,,,205.0,male,CS,,,
[ALC] Semana do Cinema 2026,120239561692810087,OUTCOME_AWARENESS,2026-02-06,1381,1003,1.376869,7,0.506879,0.258571,1.310644,1.81,6.0,0,0.301667,0.0,0,0.0,0.0,0,0.0,0,0,0,0,0,0,0.0,0,0.0,0,0,0,6.0,0,0.301667,0.0,0,0,6.0,0,0.301667,0,0,0,0.0,0,0,0.0,0,0,,,,,5.0,unknown,CS,,,
[ALC] Bazar anacapri,120239563051420087,OUTCOME_AWARENESS,2026-02-06,58499,52795,1.108041,131,0.223935,0.551069,1.234038,72.19,92.0,0,0.784674,23.0,0,3.138696,0.0,0,0.0,0,0,0,0,0,0,0.0,0,0.0,0,0,0,99.0,0,0.729192,4.0,0,0,99.0,0,0.729192,0,0,0,0.0,0,0,0.0,0,0,,,,,92.0,female,CS,,,
[ALC] Bazar anacapri,120239563051420087,OUTCOME_AWARENESS,2026-02-06,53853,46925,1.14764,67,0.124413,0.945075,1.175793,63.32,46.0,0,1.376522,5.0,0,12.664,0.0,0,0.0,0,0,0,0,0,0,0.0,0,0.0,0,0,0,55.0,0,1.151273,8.0,0,0,55.0,0,1.151273,0,0,0,0.0,0,0,0.0,0,0,,,,,46.0,male,CS,,,
[ALC] Bazar anacapri,120239563051420087,OUTCOME_AWARENESS,2026-02-06,398,340,1.170588,0,0.0,0.0,1.155779,0.46,0.0,0,0.0,0.0,0,0.0,0.0,0,0.0,0,0,0,0,0,0,0.0,0,0.0,0,0,0,0.0,0,0.0,0.0,0,0,0.0,0,0.0,0,0,0,0.0,0,0,0.0,0,0,,,,,0.0,unknown,CS,,,
[ALC] Eventos Carnaval,120239751838580087,OUTCOME_AWARENESS,2026-02-06,428916,290220,1.4779,810,0.188848,0.635321,1.199792,514.61,568.0,0,0.906004,91.0,0,5.655055,0.0,0,0.0,0,0,0,0,0,0,0.0,0,0.0,0,0,0,7423.0,0,0.069326,41.0,0,0,7423.0,0,0.069326,0,0,0,0.0,0,0,0.0,0,0,801.0,,,,567.0,female,CS,175.0,87.0,63.0
[ALC] Eventos Carnaval,120239751838580087,OUTCOME_AWARENESS,2026-02-06,404544,256575,1.576709,607,0.150045,0.794267,1.191762,482.12,434.0,0,1.110876,53.0,0,9.096604,0.0,0,0.0,0,0,0,0,0,0,0.0,0,0.0,0,0,0,7326.0,0,0.065809,62.0,0,0,7326.0,0,0.065809,0,0,0,0.0,0,0,0.0,0,0,709.0,,,,427.0,male,CS,171.0,105.0,74.0
[ALC] Eventos Carnaval,120239751838580087,OUTCOME_AWARENESS,2026-02-06,2894,1885,1.535279,2,0.069109,1.63,1.126469,3.26,2.0,0,1.63,0.0,0,0.0,0.0,0,0.0,0,0,0,0,0,0,0.0,0,0.0,0,0,0,68.0,0,0.047941,0.0,0,0,68.0,0,0.047941,0,0,0,0.0,0,0,0.0,0,0,5.0,,,,2.0,unknown,CS,1.0,1.0,
[ALC] Eventos de Carnaval,120239828976910087,OUTCOME_ENGAGEMENT,2026-02-06,145582,100044,1.45518,1007,0.691706,0.568361,3.931393,572.34,493.0,0,1.160933,128.0,0,4.471406,0.0,0,0.0,0,0,0,0,0,0,0.0,0,0.0,0,0,0,67059.0,0,0.008535,971.0,0,0,67059.0,0,0.008535,0,0,0,0.0,0,0,0.0,0,0,25749.0,,,,486.0,female,CS,10728.0,6608.0,3514.0
[ALC] Eventos de Carnaval,120239828976910087,OUTCOME_ENGAGEMENT,2026-02-06,32697,25274,1.293701,151,0.461816,0.827616,3.822063,124.97,82.0,0,1.524024,21.0,0,5.950952,0.0,0,0.0,0,0,0,0,0,0,0.0,0,0.0,0,0,0,12754.0,0,0.009798,169.0,0,0,12754.0,0,0.009798,0,0,0,0.0,0,0,0.0,0,0,4522.0,,,,80.0,male,CS,2115.0,1425.0,922.0
[ALC] Eventos de Carnaval,120239828976910087,OUTCOME_ENGAGEMENT,2026-02-06,462,348,1.327586,2,0.4329,0.845,3.658009,1.69,1.0,0,1.69,0.0,0,0.0,0.0,0,0.0,0,0,0,0,0,0,0.0,0,0.0,0,0,0,180.0,0,0.009389,5.0,0,0,180.0,0,0.009389,0,0,0,0.0,0,0,0.0,0,0,80.0,,,,1.0,unknown,CS,41.0,22.0,11.0
[ALC] Musical das capivaras,120239893660110087,OUTCOME_AWARENESS,2026-02-06,145936,141795,1.029204,294,0.201458,0.563333,1.134881,165.62,215.0,0,0.770326,40.0,0,4.1405,0.0,0,0.0,0,0,0,0,0,0,0.0,0,0.0,0,0,0,241.0,0,0.68722,5.0,0,0,241.0,0,0.68722,0,0,0,0.0,0,0,0.0,0,0,,,,,215.0,female,CS,,,
[ALC] Musical das capivaras,120239893660110087,OUTCOME_AWARENESS,2026-02-06,119813,116172,1.031341,212,0.176942,0.628962,1.112901,133.34,176.0,0,0.757614,19.0,0,7.017895,0.0,0,0.0,0,0,0,0,0,0,0.0,0,0.0,0,0,0,191.0,0,0.698115,10.0,0,0,191.0,0,0.698115,0,0,0,0.0,0,0,0.0,0,0,,,,,176.0,male,CS,,,
[ALC] Musical das capivaras,120239893660110087,OUTCOME_AWARENESS,2026-02-06,874,832,1.050481,5,0.572082,0.208,1.189931,1.04,3.0,0,0.346667,0.0,0,0.0,0.0,0,0.0,0,0,0,0,0,0,0.0,0,0.0,0,0,0,3.0,0,0.346667,0.0,0,0,3.0,0,0.346667,0,0,0,0.0,0,0,0.0,0,0,,,,,3.0,unknown,CS,,,
[ALC] Carnapet Continente Shopping,120239915880680087,OUTCOME_AWARENESS,2026-02-06,66823,65178,1.025239,142,0.212502,0.554648,1.178636,78.76,119.0,0,0.661849,21.0,0,3.750476,0.0,0,0.0,0,0,0,0,0,0,0.0,0,0.0,0,0,0,132.0,0,0.596667,7.0,0,0,132.0,0,0.596667,0,0,0,0.0,0,0,0.0,0,0,,,,,119.0,female,CS,,,
[ALC] Carnapet Continente Shopping,120239915880680087,OUTCOME_AWARENESS,2026-02-06,60253,56972,1.05759,101,0.167627,0.700792,1.174713,70.78,79.0,0,0.895949,9.0,0,7.864444,0.0,0,0.0,0,0,0,0,0,0,0.0,0,0.0,0,0,0,90.0,0,0.786444,10.0,0,0,90.0,0,0.786444,0,0,0,0.0,0,0,0.0,0,0,,,,,79.0,male,CS,,,
[ALC] Carnapet Continente Shopping,120239915880680087,OUTCOME_AWARENESS,2026-02-06,362,359,1.008357,2,0.552486,0.21,1.160221,0.42,1.0,0,0.42,0.0,0,0.0,0.0,0,0.0,0,0,0,0,0,0,0.0,0,0.0,0,0,0,2.0,0,0.21,1.0,0,0,2.0,0,0.21,0,0,0,0.0,0,0,0.0,0,0,,,,,1.0,unknown,CS,,,
[ALC] Capivalley - Últimos dias,120240006022760087,OUTCOME_AWARENESS,2026-02-06,218436,176890,1.234869,341,0.15611,0.76478,1.193897,260.79,178.0,0,1.465112,39.0,0,6.686923,0.0,0,0.0,0,0,0,0,0,0,0.0,0,0.0,0,0,0,9893.0,0,0.026361,18.0,0,0,9894.0,0,0.026358,0,0,0,0.0,0,0,0.0,0,0,2195.0,,,,177.0,female,CS,505.0,262.0,145.0
[ALC] Capivalley - Últimos dias,120240006022760087,OUTCOME_AWARENESS,2026-02-06,199408,156893,1.270981,262,0.131389,0.906107,1.190524,237.4,134.0,0,1.771642,18.0,0,13.188889,0.0,0,0.0,0,0,0,0,0,0,0.0,0,0.0,0,0,0,9864.0,0,0.024067,20.0,0,0,9864.0,0,0.024067,0,0,0,0.0,0,0,0.0,0,0,2128.0,,,,134.0,male,CS,532.0,281.0,180.0
[ALC] Capivalley - Últimos dias,120240006022760087,OUTCOME_AWARENESS,2026-02-06,1493,1161,1.28596,4,0.267917,0.4525,1.212324,1.81,0.0,0,0.0,0.0,0,0.0,0.0,0,0.0,0,0,0,0,0,0,0.0,0,0.0,0,0,0,78.0,0,0.023205,0.0,0,0,78.0,0,0.023205,0,0,0,0.0,0,0,0.0,0,0,15.0,,,,0.0,unknown,CS,3.0,2.0,
ALC - Narbona novos conteúdos,120240054308210087,OUTCOME_AWARENESS,2026-02-06,74181,67127,1.105084,125,0.168507,0.7168,1.207856,89.6,91.0,0,0.984615,53.0,0,1.690566,0.0,0,0.0,0,0,0,0,0,0,0.0,0,0.0,0,0,0,1557.0,0,0.057547,10.0,0,0,1557.0,0,0.057547,0,0,0,0.0,0,0,0.0,0,0,287.0,,,,91.0,female,CS,66.0,43.0,28.0
ALC - Narbona novos conteúdos,120240054308210087,OUTCOME_AWARENESS,2026-02-06,80194,67065,1.195765,117,0.145896,0.815385,1.189615,95.4,90.0,0,1.06,39.0,0,2.446154,0.0,0,0.0,0,0,0,0,0,0,0.0,0,0.0,0,0,0,1879.0,0,0.050772,3.0,0,0,1879.0,0,0.050772,0,0,0,0.0,0,0,0.0,0,0,347.0,,,,90.0,male,CS,101.0,53.0,36.0
ALC - Narbona novos conteúdos,120240054308210087,OUTCOME_AWARENESS,2026-02-06,594,520,1.142308,3,0.505051,0.223333,1.127946,0.67,1.0,0,0.67,1.0,0,0.67,0.0,0,0.0,0,0,0,0,0,0,0.0,0,0.0,0,0,0,23.0,0,0.02913,0.0,0,0,23.0,0,0.02913,0,0,0,0.0,0,0,0.0,0,0,5.0,,,,1.0,unknown,CS,3.0,2.0,1.0
TFG - Narbona Site,120240056012140087,LINK_CLICKS,2026-02-06,107080,56343,1.900502,3934,3.673889,0.161746,5.94238,636.31,2842.0,0,0.223895,741.0,0,0.858718,0.0,0,0.0,0,0,0,0,0,0,0.0,0,0.0,0,0,0,8773.0,0,0.07253,127.0,0,0,8774.0,0,0.072522,0,0,0,0.0,0,0,0.0,0,0,2117.0,,,,2841.0,female,CS,624.0,420.0,294.0
TFG - Narbona Site,120240056012140087,LINK_CLICKS,2026-02-06,71502,38827,1.841554,1917,2.681044,0.180579,4.841403,346.17,1405.0,0,0.246384,334.0,0,1.036437,0.0,0,0.0,0,0,0,0,0,0,0.0,0,0.0,0,0,0,4976.0,0,0.069568,61.0,0,0,4976.0,0,0.069568,0,0,0,0.0,0,0,0.0,0,0,1279.0,,,,1405.0,male,CS,242.0,160.0,106.0
TFG - Narbona Site,120240056012140087,LINK_CLICKS,2026-02-06,393,223,1.762332,12,3.053435,0.125833,3.842239,1.51,9.0,0,0.167778,3.0,0,0.503333,0.0,0,0.0,0,0,0,0,0,0,0.0,0,0.0,0,0,0,22.0,0,0.068636,0.0,0,0,22.0,0,0.068636,0,0,0,0.0,0,0,0.0,0,0,5.0,,,,9.0,unknown,CS,2.0,,
ALC - Narbona novos conteúdos,120240054308210087,OUTCOME_AWARENESS,2026-03-01,189174,91284,2.072368,312,0.164928,0.745879,1.23016,232.714304,200.0,0,1.163572,107.0,0,2.1749,4.0,0,58.178576,0,0,0,0,0,0,45.0,0,5.171429,0,0,0,5122.0,0,0.045434,34.0,0,0,5122.0,0,0.045434,0,0,0,4.0,0,0,292.0,0,0,992.0,,,,199.0,female,CS,262.0,138.0,75.0
ALC - Narbona novos conteúdos,120240054308210087,OUTCOME_AWARENESS,2026-03-01,252532,116385,2.169799,391,0.154832,0.782009,1.2108,305.765655,257.0,0,1.18975,133.0,0,2.29899,1.0,0,305.765655,0,0,0,0,0,0,48.0,0,6.370118,0,0,0,7211.0,0,0.042403,42.0,0,0,7211.0,0,0.042403,0,0,0,1.0,0,0,292.0,0,0,1309.0,,,,255.0,male,CS,398.0,230.0,124.0
ALC - Narbona novos conteúdos,120240054308210087,OUTCOME_AWARENESS,2026-03-01,1898,931,2.038668,1,0.052687,2.230041,1.174943,2.230041,0.0,0,0.0,0.0,0,0.0,0.0,0,0.0,0,0,0,0,0,0,2.0,0,1.115021,0,0,0,41.0,0,0.054391,1.0,0,0,41.0,0,0.054391,0,0,0,0.0,0,0,13.0,0,0,12.0,,,,0.0,unknown,CS,4.0,4.0,2.0
[ALC] Musical K-Pop,120240776590700087,OUTCOME_AWARENESS,2026-03-01,134065,92726,1.445819,267,0.199157,0.63193,1.258533,168.725179,167.0,0,1.01033,2.0,0,84.36259,0.0,0,0.0,0,0,0,0,0,0,0.0,0,0.0,0,0,0,224.0,0,0.753237,30.0,0,0,224.0,0,0.753237,0,0,0,0.0,0,0,0.0,0,0,,,,,167.0,female,CS,,,
[ALC] Musical K-Pop,120240776590700087,OUTCOME_AWARENESS,2026-03-01,142737,96400,1.480674,211,0.147824,0.853246,1.261305,180.034856,146.0,0,1.233115,0.0,0,0.0,0.0,0,0.0,0,0,0,0,0,0,0.0,0,0.0,0,0,0,182.0,0,0.989203,21.0,0,0,182.0,0,0.989203,0,0,0,0.0,0,0,0.0,0,0,,,,,146.0,male,CS,,,
[ALC] Musical K-Pop,120240776590700087,OUTCOME_AWARENESS,2026-03-01,947,627,1.510367,2,0.211193,0.619982,1.309361,1.239965,2.0,0,0.619982,0.0,0,0.0,0.0,0,0.0,0,0,0,0,0,0,0.0,0,0.0,0,0,0,2.0,0,0.619982,0.0,0,0,2.0,0,0.619982,0,0,0,0.0,0,0,0.0,0,0,,,,,2.0,unknown,CS,,,
[ALC] Vídeo musical K-POP,120240907473160087,OUTCOME_AWARENESS,2026-03-01,147730,72548,2.036307,371,0.251134,0.530485,1.332228,196.81,218.0,0,0.902798,15.0,0,13.120667,0.0,0,0.0,0,0,0,0,0,0,0.0,0,0.0,0,0,0,9893.0,0,0.019894,38.0,0,0,9893.0,0,0.019894,0,0,0,0.0,0,0,0.0,0,0,6289.0,,,,217.0,female,CS,2708.0,1690.0,490.0
[ALC] Vídeo musical K-POP,120240907473160087,OUTCOME_AWARENESS,2026-03-01,114169,49258,2.317776,163,0.142771,0.931104,1.329345,151.77,96.0,0,1.580938,8.0,0,18.97125,0.0,0,0.0,0,0,0,0,0,0,0.0,0,0.0,0,0,0,9914.0,0,0.015309,21.0,0,0,9914.0,0,0.015309,0,0,0,0.0,0,0,0.0,0,0,6106.0,,,,96.0,male,CS,2128.0,1108.0,491.0
[ALC] Vídeo musical K-POP,120240907473160087,OUTCOME_AWARENESS,2026-03-01,855,341,2.507331,3,0.350877,0.383333,1.345029,1.15,3.0,0,0.383333,0.0,0,0.0,0.0,0,0.0,0,0,0,0,0,0,0.0,0,0.0,0,0,0,91.0,0,0.012637,0.0,0,0,91.0,0,0.012637,0,0,0,0.0,0,0,0.0,0,0,61.0,,,,3.0,unknown,CS,20.0,7.0,4.0
[ALC] Vídeo influenciadora - musicais,120240907672990087,OUTCOME_AWARENESS,2026-03-01,190245,127392,1.493383,244,0.128256,1.06752,1.369154,260.47479,172.0,0,1.514388,2.0,0,130.237395,0.0,0,0.0,0,0,0,0,0,0,0.0,0,0.0,0,0,0,7921.0,0,0.032884,22.0,0,0,7921.0,0,0.032884,0,0,0,0.0,0,0,0.0,0,0,1424.0,,,,172.0,female,CS,355.0,198.0,121.0
[ALC] Vídeo influenciadora - musicais,120240907672990087,OUTCOME_AWARENESS,2026-03-01,174101,113270,1.537044,178,0.10224,1.335928,1.365847,237.795244,115.0,0,2.067785,2.0,0,118.897622,0.0,0,0.0,0,0,0,0,0,0,0.0,0,0.0,0,0,0,8859.0,0,0.026842,22.0,0,0,8859.0,0,0.026842,0,0,0,0.0,0,0,0.0,0,0,1315.0,,,,115.0,male,CS,318.0,166.0,94.0
[ALC] Vídeo influenciadora - musicais,120240907672990087,OUTCOME_AWARENESS,2026-03-01,1212,834,1.453237,0,0.0,0.0,1.386111,1.679966,0.0,0,0.0,0.0,0,0.0,0.0,0,0.0,0,0,0,0,0,0,0.0,0,0.0,0,0,0,63.0,0,0.026666,0.0,0,0,63.0,0,0.026666,0,0,0,0.0,0,0,0.0,0,0,12.0,,,,0.0,unknown,CS,5.0,4.0,
[ALC] A Menina da Casa Mágica,120241003965020087,OUTCOME_AWARENESS,2026-03-01,167683,109040,1.537812,455,0.271345,0.548835,1.489239,249.720011,312.0,0,0.800385,13.0,0,19.209232,0.0,0,0.0,0,0,0,0,0,0,0.0,0,0.0,0,0,0,401.0,0,0.622743,25.0,0,0,402.0,0,0.621194,0,0,0,0.0,0,0,0.0,0,0,,,,,311.0,female,CS,,,
[ALC] A Menina da Casa Mágica,120241003965020087,OUTCOME_AWARENESS,2026-03-01,168070,111375,1.509046,314,0.186827,0.792229,1.480098,248.760049,235.0,0,1.058553,3.0,0,82.920016,0.0,0,0.0,0,0,0,0,0,0,0.0,0,0.0,0,0,0,283.0,0,0.879011,17.0,0,0,283.0,0,0.879011,0,0,0,0.0,0,0,0.0,0,0,,,,,234.0,male,CS,,,
[ALC] A Menina da Casa Mágica,120241003965020087,OUTCOME_AWARENESS,2026-03-01,1151,806,1.42804,2,0.173762,0.74497,1.294475,1.48994,2.0,0,0.74497,0.0,0,0.0,0.0,0,0.0,0,0,0,0,0,0,0.0,0,0.0,0,0,0,3.0,0,0.496647,1.0,0,0,3.0,0,0.496647,0,0,0,0.0,0,0,0.0,0,0,,,,,2.0,unknown,CS,,,
[ALC] Musical A Menina da Casa Mágica 02,120241004108970087,OUTCOME_AWARENESS,2026-03-01,186398,140783,1.324009,383,0.205474,0.648616,1.33274,248.420062,270.0,0,0.920074,13.0,0,19.109236,0.0,0,0.0,0,0,0,0,0,0,0.0,0,0.0,0,0,0,344.0,0,0.722151,26.0,0,0,344.0,0,0.722151,0,0,0,0.0,0,0,0.0,0,0,,,,,269.0,female,CS,,,
[ALC] Musical A Menina da Casa Mágica 02,120241004108970087,OUTCOME_AWARENESS,2026-03-01,190779,141531,1.347966,267,0.139953,0.935918,1.30984,249.890004,213.0,0,1.173193,0.0,0,0.0,0.0,0,0.0,0,0,0,0,0,0,0.0,0,0.0,0,0,0,253.0,0,0.987708,25.0,0,0,253.0,0,0.987708,0,0,0,0.0,0,0,0.0,0,0,,,,,211.0,male,CS,,,
[ALC] Musical A Menina da Casa Mágica 02,120241004108970087,OUTCOME_AWARENESS,2026-03-01,1260,920,1.369565,1,0.079365,1.649934,1.309471,1.649934,0.0,0,0.0,0.0,0,0.0,0.0,0,0.0,0,0,0,0,0,0,0.0,0,0.0,0,0,0,0.0,0,0.0,0.0,0,0,0.0,0,0.0,0,0,0,0.0,0,0,0.0,0,0,,,,,0.0,unknown,CS,,,
[ALC] Vídeo Gabby,120241170074910087,OUTCOME_AWARENESS,2026-03-01,62616,58327,1.073534,180,0.287466,0.577778,1.660917,104.0,110.0,0,0.945455,5.0,0,20.8,0.0,0,0.0,0,0,0,0,0,0,0.0,0,0.0,0,0,0,5068.0,0,0.020521,7.0,0,0,5068.0,0,0.020521,0,0,0,0.0,0,0,0.0,0,0,696.0,,,,110.0,female,CS,151.0,78.0,48.0
[ALC] Vídeo Gabby,120241170074910087,OUTCOME_AWARENESS,2026-03-01,58336,56013,1.041473,104,0.178278,0.918654,1.637754,95.54,65.0,0,1.469846,5.0,0,19.108,0.0,0,0.0,0,0,0,0,0,0,0.0,0,0.0,0,0,0,5654.0,0,0.016898,14.0,0,0,5654.0,0,0.016898,0,0,0,0.0,0,0,0.0,0,0,681.0,,,,64.0,male,CS,182.0,90.0,58.0
[ALC] Vídeo Gabby,120241170074910087,OUTCOME_AWARENESS,2026-03-01,311,291,1.068729,1,0.321543,0.46,1.4791,0.46,1.0,0,0.46,0.0,0,0.0,0.0,0,0.0,0,0,0,0,0,0,0.0,0,0.0,0,0,0,37.0,0,0.012432,0.0,0,0,37.0,0,0.012432,0,0,0,0.0,0,0,0.0,0,0,3.0,,,,1.0,unknown,CS,1.0,1.0,1.0
[ALC] Campanha de Almoço,120241302239000087,OUTCOME_AWARENESS,2026-03-01,223676,135130,1.655265,443,0.198054,0.916354,1.814879,405.944777,320.0,0,1.268577,4.0,0,101.486194,13.0,0,31.226521,0,0,0,0,0,0,158.0,0,2.569271,0,0,0,7216.0,0,0.056256,58.0,0,0,7216.0,0,0.056256,0,0,0,13.0,0,0,912.0,0,0,1331.0,,,,318.0,female,CS,630.0,391.0,133.0
[ALC] Campanha de Almoço,120241302239000087,OUTCOME_AWARENESS,2026-03-01,217151,135635,1.600995,388,0.178678,1.008416,1.801812,391.265327,289.0,0,1.353859,3.0,0,130.421776,5.0,0,78.253065,0,0,0,0,0,0,107.0,0,3.656685,0,0,0,7063.0,0,0.055396,29.0,0,0,7063.0,0,0.055396,0,0,0,5.0,0,0,544.0,0,0,1443.0,,,,287.0,male,CS,644.0,375.0,149.0
[ALC] Campanha de Almoço,120241302239000087,OUTCOME_AWARENESS,2026-03-01,1561,1048,1.489504,6,0.384369,0.461649,1.774437,2.769896,4.0,0,0.692474,0.0,0,0.0,1.0,0,2.769896,0,0,0,0,0,0,0.0,0,0.0,0,0,0,43.0,0,0.064416,0.0,0,0,43.0,0,0.064416,0,0,0,1.0,0,0,6.0,0,0,11.0,,,,4.0,unknown,CS,6.0,3.0,1.0
TRAF - FRANQUIAS CS,120241484290580087,LINK_CLICKS,2026-03-01,23867,13106,1.821074,522,2.18712,0.203457,4.449839,106.204313,467.0,0,0.227418,6.0,0,17.700719,1.0,0,106.204313,0,0,0,0,0,0,4.0,0,26.551078,0,0,0,471.0,0,0.225487,3.0,0,0,471.0,0,0.225487,0,0,0,1.0,0,0,9.0,0,0,,,,,336.0,female,CS,,,
TRAF - FRANQUIAS CS,120241484290580087,LINK_CLICKS,2026-03-01,22073,12640,1.746282,441,1.997916,0.181033,3.616895,79.835725,411.0,0,0.194248,5.0,0,15.967145,1.0,0,79.835725,0,0,0,0,0,0,0.0,0,0.0,0,0,0,415.0,0,0.192375,4.0,0,0,415.0,0,0.192375,0,0,0,1.0,0,0,14.0,0,0,,,,,324.0,male,CS,,,
TRAF - FRANQUIAS CS,120241484290580087,LINK_CLICKS,2026-03-01,143,81,1.765432,3,2.097902,0.239987,5.034695,0.719961,3.0,0,0.239987,0.0,0,0.0,0.0,0,0.0,0,0,0,0,0,0,0.0,0,0.0,0,0,0,3.0,0,0.239987,0.0,0,0,3.0,0,0.239987,0,0,0,0.0,0,0,0.0,0,0,,,,,3.0,unknown,CS,,,
ALC - Narbona novos conteúdos,120240054308210087,OUTCOME_AWARENESS,2026-04-01,233832,109904,2.127602,379,0.162082,0.733456,1.188802,277.98,274.0,0,1.014526,149.0,0,1.865638,7.0,0,39.711429,0,0,0,0,0,0,185.0,0,1.502595,0,0,0,4998.0,0,0.055618,31.0,0,0,4998.0,0,0.055618,0,0,0,7.0,0,0,676.0,0,0,893.0,,,,274.0,female,CS,225.0,131.0,83.0
ALC - Narbona novos conteúdos,120240054308210087,OUTCOME_AWARENESS,2026-04-01,294296,132515,2.22085,424,0.144073,0.826085,1.190162,350.26,292.0,0,1.199521,127.0,0,2.757953,13.0,0,26.943077,0,0,0,0,0,0,159.0,0,2.202893,0,0,0,6692.0,0,0.05234,49.0,0,0,6692.0,0,0.05234,0,0,0,13.0,0,0,602.0,0,0,1228.0,,,,291.0,male,CS,367.0,199.0,118.0
ALC - Narbona novos conteúdos,120240054308210087,OUTCOME_AWARENESS,2026-04-01,2342,1088,2.152574,3,0.128096,1.056667,1.353544,3.17,2.0,0,1.585,1.0,0,3.17,0.0,0,0.0,0,0,0,0,0,0,0.0,0,0.0,0,0,0,40.0,0,0.07925,1.0,0,0,40.0,0,0.07925,0,0,0,0.0,0,0,2.0,0,0,8.0,,,,2.0,unknown,CS,3.0,3.0,1.0
[ALC] Campanha de Almoço,120241302239000087,OUTCOME_AWARENESS,2026-04-01,76525,41171,1.858711,97,0.126756,0.995052,1.261287,96.52,69.0,0,1.398841,0.0,0,0.0,3.0,0,32.173333,0,0,0,0,0,0,30.0,0,3.217333,0,0,0,1323.0,0,0.072955,18.0,0,0,1323.0,0,0.072955,0,0,0,3.0,0,0,149.0,0,0,126.0,,,,69.0,female,CS,58.0,31.0,9.0
[ALC] Campanha de Almoço,120241302239000087,OUTCOME_AWARENESS,2026-04-01,82541,43893,1.880505,106,0.128421,0.971038,1.247017,102.93,81.0,0,1.270741,0.0,0,0.0,0.0,0,0.0,0,0,0,0,0,0,26.0,0,3.958846,0,0,0,1294.0,0,0.079544,11.0,0,0,1294.0,0,0.079544,0,0,0,0.0,0,0,133.0,0,0,91.0,,,,81.0,male,CS,35.0,19.0,7.0
[ALC] Campanha de Almoço,120241302239000087,OUTCOME_AWARENESS,2026-04-01,499,306,1.630719,1,0.200401,0.57,1.142285,0.57,1.0,0,0.57,0.0,0,0.0,0.0,0,0.0,0,0,0,0,0,0,0.0,0,0.0,0,0,0,5.0,0,0.114,0.0,0,0,5.0,0,0.114,0,0,0,0.0,0,0,0.0,0,0,,,,,1.0,unknown,CS,,,
TRAF - FRANQUIAS CS,120241484290580087,LINK_CLICKS,2026-04-01,125687,47183,2.66382,3227,2.567489,0.191799,4.924424,618.936109,2997.0,0,0.206519,4.0,0,154.734027,0.0,0,0.0,0,0,0,0,0,0,9.0,0,68.770679,0,0,0,3037.0,0,0.203799,31.0,0,0,3037.0,0,0.203799,0,0,0,0.0,0,0,64.0,0,0,,,,,2066.0,female,CS,,,
TRAF - FRANQUIAS CS,120241484290580087,LINK_CLICKS,2026-04-01,105122,43781,2.401087,2066,1.965336,0.189532,3.724947,391.573865,1875.0,0,0.208839,5.0,0,78.314773,5.0,0,78.314773,0,0,0,0,0,0,18.0,0,21.754104,0,0,0,1907.0,0,0.205335,27.0,0,0,1908.0,0,0.205227,0,0,0,5.0,0,0,75.0,0,0,,,,,1246.0,male,CS,,,
TRAF - FRANQUIAS CS,120241484290580087,LINK_CLICKS,2026-04-01,759,284,2.672535,16,2.108037,0.167502,3.530997,2.680026,17.0,0,0.157649,0.0,0,0.0,0.0,0,0.0,0,0,0,0,0,0,0.0,0,0.0,0,0,0,17.0,0,0.157649,0.0,0,0,17.0,0,0.157649,0,0,0,0.0,0,0,16.0,0,0,,,,,14.0,unknown,CS,,,
ENG - FRANQUIAS CS — Whats,120241860601160087,OUTCOME_ENGAGEMENT,2026-04-01,272007,155632,1.747758,5479,2.014286,0.127309,2.564374,697.527781,5208.0,0,0.133934,2.0,0,348.76389,0.0,0,0.0,0,0,0,0,0,0,0.0,0,0.0,0,0,0,5319.0,0,0.131139,105.0,0,0,5323.0,0,0.13104,0,0,0,0.0,0,0,0.0,0,0,,,,,927.0,female,CS,,,
ENG - FRANQUIAS CS — Whats,120241860601160087,OUTCOME_ENGAGEMENT,2026-04-01,161243,103540,1.557302,3304,2.049081,0.133427,2.734024,440.842277,3114.0,0,0.141568,2.0,0,220.421139,0.0,0,0.0,0,0,0,0,0,0,0.0,0,0.0,0,0,0,3247.0,0,0.135769,123.0,0,0,3247.0,0,0.135769,0,0,0,0.0,0,0,0.0,0,0,,,,,1721.0,male,CS,,,
ENG - FRANQUIAS CS — Whats,120241860601160087,OUTCOME_ENGAGEMENT,2026-04-01,1396,826,1.690073,33,2.363897,0.100301,2.371019,3.309942,30.0,0,0.110331,0.0,0,0.0,0.0,0,0.0,0,0,0,0,0,0,0.0,0,0.0,0,0,0,30.0,0,0.110331,0.0,0,0,30.0,0,0.110331,0,0,0,0.0,0,0,0.0,0,0,,,,,13.0,unknown,CS,,,
[ALC] Horário de funcionamento Páscoa,120241863611910087,OUTCOME_AWARENESS,2026-04-01,66007,49634,1.329875,212,0.321178,0.361345,1.16056,76.605107,152.0,0,0.503981,9.0,0,8.511679,0.0,0,0.0,0,0,0,0,0,0,0.0,0,0.0,0,0,0,160.0,0,0.478782,7.0,0,0,160.0,0,0.478782,0,0,0,0.0,0,0,0.0,0,0,,,,,152.0,female,CS,,,
[ALC] Horário de funcionamento Páscoa,120241863611910087,OUTCOME_AWARENESS,2026-04-01,66094,47791,1.38298,135,0.204255,0.538629,1.100173,72.714848,95.0,0,0.765419,4.0,0,18.178712,0.0,0,0.0,0,0,0,0,0,0,0.0,0,0.0,0,0,0,101.0,0,0.719949,5.0,0,0,101.0,0,0.719949,0,0,0,0.0,0,0,0.0,0,0,,,,,95.0,male,CS,,,
[ALC] Horário de funcionamento Páscoa,120241863611910087,OUTCOME_AWARENESS,2026-04-01,495,385,1.285714,3,0.606061,0.223348,1.353626,0.670045,2.0,0,0.335022,0.0,0,0.0,0.0,0,0.0,0,0,0,0,0,0,0.0,0,0.0,0,0,0,3.0,0,0.223348,1.0,0,0,3.0,0,0.223348,0,0,0,0.0,0,0,0.0,0,0,,,,,2.0,unknown,CS,,,
ALC - PROMO IPHONE,120241864077630087,OUTCOME_AWARENESS,2026-04-01,464771,188304,2.468195,668,0.143727,0.986966,1.418534,659.293513,501.0,0,1.315955,44.0,0,14.983943,0.0,0,0.0,0,0,0,0,0,0,0.0,0,0.0,0,0,0,13294.0,0,0.049593,20.0,0,0,13294.0,0,0.049593,0,0,0,0.0,0,0,0.0,0,0,4256.0,,,,499.0,female,CS,1277.0,751.0,514.0
ALC - PROMO IPHONE,120241864077630087,OUTCOME_AWARENESS,2026-04-01,396850,163723,2.423911,528,0.133048,1.015903,1.351636,536.396586,418.0,0,1.283245,28.0,0,19.157021,0.0,0,0.0,0,0,0,0,0,0,0.0,0,0.0,0,0,0,11052.0,0,0.048534,34.0,0,0,11052.0,0,0.048534,0,0,0,0.0,0,0,0.0,0,0,4360.0,,,,415.0,male,CS,1433.0,851.0,589.0
ALC - PROMO IPHONE,120241864077630087,OUTCOME_AWARENESS,2026-04-01,2894,1254,2.307815,5,0.172771,0.79398,1.371769,3.969901,4.0,0,0.992475,1.0,0,3.969901,0.0,0,0.0,0,0,0,0,0,0,0.0,0,0.0,0,0,0,85.0,0,0.046705,0.0,0,0,85.0,0,0.046705,0,0,0,0.0,0,0,0.0,0,0,25.0,,,,4.0,unknown,CS,7.0,3.0,2.0
TRAF - PROMO IPHONE,120242044707630087,LINK_CLICKS,2026-04-01,136184,28434,4.789477,2213,1.625007,0.160997,2.616219,356.28713,1986.0,0,0.179399,599.0,0,0.594803,0.0,0,0.0,0,0,0,0,0,0,0.0,0,0.0,0,0,0,12005.0,0,0.029678,95.0,0,0,12006.0,0,0.029676,0,0,0,0.0,0,0,0.0,0,0,2089.0,,,,1984.0,female,CS,925.0,704.0,506.0
TRAF - PROMO IPHONE,120242044707630087,LINK_CLICKS,2026-04-01,51520,15427,3.339599,946,1.83618,0.150828,2.769465,142.682856,803.0,0,0.177687,245.0,0,0.582379,0.0,0,0.0,0,0,0,0,0,0,0.0,0,0.0,0,0,0,4487.0,0,0.031799,28.0,0,0,4487.0,0,0.031799,0,0,0,0.0,0,0,0.0,0,0,707.0,,,,802.0,male,CS,230.0,153.0,113.0
TRAF - PROMO IPHONE,120242044707630087,LINK_CLICKS,2026-04-01,262,103,2.543689,3,1.145038,0.233338,2.671809,0.700014,3.0,0,0.233338,0.0,0,0.0,0.0,0,0.0,0,0,0,0,0,0,0.0,0,0.0,0,0,0,28.0,0,0.025001,0.0,0,0,28.0,0,0.025001,0,0,0,0.0,0,0,0.0,0,0,2.0,,,,3.0,unknown,CS,,,
ALC - Super Games,120242125799840087,OUTCOME_AWARENESS,2026-04-01,498867,197388,2.527342,767,0.153748,0.883351,1.358138,677.530033,606.0,0,1.118036,14.0,0,48.395002,0.0,0,0.0,0,0,0,0,0,0,0.0,0,0.0,0,0,0,19766.0,0,0.034278,79.0,0,0,19766.0,0,0.034278,0,0,0,0.0,0,0,0.0,0,0,8539.0,,,,604.0,female,CS,4852.0,2003.0,870.0
ALC - Super Games,120242125799840087,OUTCOME_AWARENESS,2026-04-01,509686,218789,2.329578,812,0.159314,0.831281,1.324345,675.000108,651.0,0,1.036867,14.0,0,48.214293,0.0,0,0.0,0,0,0,0,0,0,0.0,0,0.0,0,0,0,21935.0,0,0.030773,105.0,0,0,21935.0,0,0.030773,0,0,0,0.0,0,0,0.0,0,0,9516.0,,,,649.0,male,CS,4674.0,2201.0,1081.0
ALC - Super Games,120242125799840087,OUTCOME_AWARENESS,2026-04-01,3719,1612,2.307072,11,0.295778,0.435442,1.287943,4.789859,8.0,0,0.598732,0.0,0,0.0,0.0,0,0.0,0,0,0,0,0,0,0.0,0,0.0,0,0,0,168.0,0,0.028511,1.0,0,0,168.0,0,0.028511,0,0,0,0.0,0,0,0.0,0,0,72.0,,,,8.0,unknown,CS,45.0,27.0,11.0
ALC - CINEPOLIS MJ,120242532204570087,OUTCOME_AWARENESS,2026-04-01,136304,73677,1.850021,177,0.129857,1.075311,1.396364,190.33,139.0,0,1.369281,3.0,0,63.443333,0.0,0,0.0,0,0,0,0,0,0,0.0,0,0.0,0,0,0,7161.0,0,0.026579,22.0,0,0,7161.0,0,0.026579,0,0,0,0.0,0,0,0.0,0,0,705.0,,,,139.0,female,CS,200.0,94.0,59.0
ALC - CINEPOLIS MJ,120242532204570087,OUTCOME_AWARENESS,2026-04-01,113850,64589,1.762684,134,0.117699,1.182164,1.391392,158.41,105.0,0,1.508667,3.0,0,52.803333,0.0,0,0.0,0,0,0,0,0,0,0.0,0,0.0,0,0,0,6824.0,0,0.023214,28.0,0,0,6824.0,0,0.023214,0,0,0,0.0,0,0,0.0,0,0,592.0,,,,105.0,male,CS,142.0,61.0,36.0
ALC - CINEPOLIS MJ,120242532204570087,OUTCOME_AWARENESS,2026-04-01,865,531,1.629002,4,0.462428,0.2875,1.32948,1.15,3.0,0,0.383333,0.0,0,0.0,0.0,0,0.0,0,0,0,0,0,0,0.0,0,0.0,0,0,0,48.0,0,0.023958,0.0,0,0,48.0,0,0.023958,0,0,0,0.0,0,0,0.0,0,0,6.0,,,,3.0,unknown,CS,1.0,,
[ALC] Patrulha Canina Show,120242694123040087,OUTCOME_AWARENESS,2026-04-01,321445,224780,1.430043,821,0.255409,0.506425,1.293457,415.775198,623.0,0,0.667376,52.0,0,7.995677,0.0,0,0.0,0,0,0,0,0,0,0.0,0,0.0,0,0,0,719.0,0,0.578269,37.0,0,0,719.0,0,0.578269,0,0,0,0.0,0,0,0.0,0,0,,,,,621.0,female,CS,,,
[ALC] Patrulha Canina Show,120242694123040087,OUTCOME_AWARENESS,2026-04-01,296566,201895,1.468912,521,0.175678,0.731986,1.285936,381.364768,407.0,0,0.937014,17.0,0,22.433222,0.0,0,0.0,0,0,0,0,0,0,0.0,0,0.0,0,0,0,463.0,0,0.823682,40.0,0,0,463.0,0,0.823682,0,0,0,0.0,0,0,0.0,0,0,,,,,407.0,male,CS,,,
[ALC] Patrulha Canina Show,120242694123040087,OUTCOME_AWARENESS,2026-04-01,2115,1452,1.456612,4,0.189125,0.675008,1.276612,2.700034,2.0,0,1.350017,0.0,0,0.0,0.0,0,0.0,0,0,0,0,0,0,0.0,0,0.0,0,0,0,2.0,0,1.350017,0.0,0,0,2.0,0,1.350017,0,0,0,0.0,0,0,0.0,0,0,,,,,2.0,unknown,CS,,,
[ALC] Video Patrulha Canina,120242948000440087,OUTCOME_AWARENESS,2026-04-01,159724,130690,1.222159,426,0.26671,0.6073,1.619732,258.71,249.0,0,1.038996,7.0,0,36.958571,0.0,0,0.0,0,0,0,0,0,0,0.0,0,0.0,0,0,0,12260.0,0,0.021102,46.0,0,0,12262.0,0,0.021099,0,0,0,0.0,0,0,0.0,0,0,8148.0,,,,249.0,female,CS,2562.0,1481.0,1067.0
[ALC] Video Patrulha Canina,120242948000440087,OUTCOME_AWARENESS,2026-04-01,148414,127700,1.162208,268,0.180576,0.89194,1.61063,239.04,178.0,0,1.342921,5.0,0,47.808,0.0,0,0.0,0,0,0,0,0,0,0.0,0,0.0,0,0,0,11739.0,0,0.020363,42.0,0,0,11739.0,0,0.020363,0,0,0,0.0,0,0,0.0,0,0,7737.0,,,,178.0,male,CS,2357.0,1309.0,916.0
[ALC] Video Patrulha Canina,120242948000440087,OUTCOME_AWARENESS,2026-04-01,1243,950,1.308421,4,0.321802,0.555,1.786002,2.22,3.0,0,0.74,0.0,0,0.0,0.0,0,0.0,0,0,0,0,0,0,0.0,0,0.0,0,0,0,113.0,0,0.019646,1.0,0,0,113.0,0,0.019646,0,0,0,0.0,0,0,0.0,0,0,73.0,,,,3.0,unknown,CS,25.0,17.0,15.0
ALC - PROMO MAES 26,120243262160690087,OUTCOME_AWARENESS,2026-04-01,44947,35224,1.276033,39,0.086769,1.652663,1.433997,64.45385,28.0,0,2.301923,17.0,0,3.791403,0.0,0,0.0,0,0,0,0,0,0,0.0,0,0.0,0,0,0,1539.0,0,0.04188,4.0,0,0,1539.0,0,0.04188,0,0,0,0.0,0,0,0.0,0,0,375.0,,,,28.0,female,CS,181.0,48.0,31.0
ALC - PROMO MAES 26,120243262160690087,OUTCOME_AWARENESS,2026-04-01,38203,28533,1.338906,34,0.088998,1.613125,1.435653,54.846258,32.0,0,1.713946,12.0,0,4.570521,0.0,0,0.0,0,0,0,0,0,0,0.0,0,0.0,0,0,0,1358.0,0,0.040388,5.0,0,0,1358.0,0,0.040388,0,0,0,0.0,0,0,0.0,0,0,346.0,,,,32.0,male,CS,142.0,42.0,26.0
ALC - PROMO MAES 26,120243262160690087,OUTCOME_AWARENESS,2026-04-01,326,259,1.258687,0,0.0,0.0,1.318688,0.429892,0.0,0,0.0,0.0,0,0.0,0.0,0,0.0,0,0,0,0,0,0,0.0,0,0.0,0,0,0,7.0,0,0.061413,0.0,0,0,7.0,0,0.061413,0,0,0,0.0,0,0,0.0,0,0,3.0,,,,0.0,unknown,CS,3.0,1.0,
TRAF - PROMO MAES 26,120243262954300087,LINK_CLICKS,2026-04-01,9506,7297,1.302727,387,4.071113,0.248405,10.112863,96.132875,373.0,0,0.257729,229.0,0,0.419794,1.0,0,96.132875,0,0,0,0,0,0,44.0,0,2.184838,0,0,0,2445.0,0,0.039318,45.0,0,0,2445.0,0,0.039318,0,0,0,1.0,0,0,95.0,0,0,631.0,,,,373.0,female,CS,296.0,134.0,90.0
TRAF - PROMO MAES 26,120243262954300087,LINK_CLICKS,2026-04-01,4566,3786,1.206022,218,4.77442,0.177097,8.455352,38.607139,204.0,0,0.189251,145.0,0,0.266256,0.0,0,0.0,0,0,0,0,0,0,20.0,0,1.930357,0,0,0,1093.0,0,0.035322,20.0,0,0,1093.0,0,0.035322,0,0,0,0.0,0,0,32.0,0,0,230.0,,,,204.0,male,CS,95.0,42.0,21.0
TRAF - PROMO MAES 26,120243262954300087,LINK_CLICKS,2026-04-01,48,35,1.371429,5,10.416667,0.035997,3.749722,0.179987,4.0,0,0.044997,4.0,0,0.044997,0.0,0,0.0,0,0,0,0,0,0,0.0,0,0.0,0,0,0,8.0,0,0.022498,0.0,0,0,8.0,0,0.022498,0,0,0,0.0,0,0,0.0,0,0,1.0,,,,4.0,unknown,CS,1.0,1.0,
ALC - Narbona novos conteúdos,120240054308210087,OUTCOME_AWARENESS,2026-05-01,40591,31886,1.273004,68,0.167525,0.799559,1.339459,54.37,47.0,0,1.156809,30.0,0,1.812333,16.0,0,3.398125,0,0,0,0,0,0,88.0,0,0.617841,0,0,0,1116.0,0,0.048719,6.0,0,0,1116.0,0,0.048719,0,0,0,16.0,0,0,277.0,0,0,187.0,,,,46.0,female,CS,55.0,26.0,13.0
ALC - Narbona novos conteúdos,120240054308210087,OUTCOME_AWARENESS,2026-05-01,51357,40741,1.260573,71,0.138248,0.970704,1.341979,68.92,46.0,0,1.498261,21.0,0,3.281905,12.0,0,5.743333,0,0,0,0,0,0,64.0,0,1.076875,0,0,0,1681.0,0,0.040999,8.0,0,0,1681.0,0,0.040999,0,0,0,12.0,0,0,189.0,0,0,322.0,,,,46.0,male,CS,108.0,59.0,34.0
ALC - Narbona novos conteúdos,120240054308210087,OUTCOME_AWARENESS,2026-05-01,414,312,1.326923,0,0.0,0.0,1.642512,0.68,0.0,0,0.0,0.0,0,0.0,0.0,0,0.0,0,0,0,0,0,0,0.0,0,0.0,0,0,0,5.0,0,0.136,0.0,0,0,5.0,0,0.136,0,0,0,0.0,0,0,0.0,0,0,,,,,0.0,unknown,CS,,,
[ALC] Campanha de Almoço,120241302239000087,OUTCOME_AWARENESS,2026-05-01,0,0,0.0,0,0.0,0.0,0.0,0.0,0.0,0,0.0,0.0,0,0.0,0.0,0,0.0,0,0,0,0,0,0,0.0,0,0.0,0,0,0,0.0,0,0.0,0.0,0,0,0.0,0,0.0,0,0,0,0.0,0,0,1.0,0,0,,,,,0.0,female,CS,,,
[ALC] Campanha de Almoço,120241302239000087,OUTCOME_AWARENESS,2026-05-01,0,0,0.0,0,0.0,0.0,0.0,0.0,0.0,0,0.0,0.0,0,0.0,0.0,0,0.0,0,0,0,0,0,0,1.0,0,0.0,0,0,0,0.0,0,0.0,0.0,0,0,0.0,0,0.0,0,0,0,0.0,0,0,4.0,0,0,,,,,0.0,male,CS,,,
ENG - FRANQUIAS CS — Whats,120241860601160087,OUTCOME_ENGAGEMENT,2026-05-01,13957,13032,1.070979,257,1.84137,0.143697,2.645984,36.93,238.0,0,0.155168,0.0,0,0.0,0.0,0,0.0,0,0,0,0,0,0,0.0,0,0.0,0,0,0,244.0,0,0.151352,6.0,0,0,244.0,0,0.151352,0,0,0,0.0,0,0,0.0,0,0,,,,,38.0,female,CS,,,
ENG - FRANQUIAS CS — Whats,120241860601160087,OUTCOME_ENGAGEMENT,2026-05-01,8765,7970,1.099749,160,1.825442,0.131563,2.401597,21.05,151.0,0,0.139404,0.0,0,0.0,0.0,0,0.0,0,0,0,0,0,0,0.0,0,0.0,0,0,0,160.0,0,0.131563,7.0,0,0,160.0,0,0.131563,0,0,0,0.0,0,0,0.0,0,0,,,,,68.0,male,CS,,,
ENG - FRANQUIAS CS — Whats,120241860601160087,OUTCOME_ENGAGEMENT,2026-05-01,55,50,1.1,0,0.0,0.0,2.363636,0.13,0.0,0,0.0,0.0,0,0.0,0.0,0,0.0,0,0,0,0,0,0,0.0,0,0.0,0,0,0,0.0,0,0.0,0.0,0,0,0.0,0,0.0,0,0,0,0.0,0,0,0.0,0,0,,,,,0.0,unknown,CS,,,
ALC - Super Games,120242125799840087,OUTCOME_AWARENESS,2026-05-01,128315,92975,1.380102,171,0.133266,1.076725,1.434906,184.12,131.0,0,1.405496,1.0,0,184.12,0.0,0,0.0,0,0,0,0,0,0,0.0,0,0.0,0,0,0,5940.0,0,0.030997,25.0,0,0,5940.0,0,0.030997,0,0,0,0.0,0,0,0.0,0,0,2453.0,,,,131.0,female,CS,1301.0,562.0,266.0
ALC - Super Games,120242125799840087,OUTCOME_AWARENESS,2026-05-01,138126,99038,1.394677,227,0.164343,0.837445,1.37628,190.1,187.0,0,1.016578,5.0,0,38.02,0.0,0,0.0,0,0,0,0,0,0,0.0,0,0.0,0,0,0,6900.0,0,0.027551,22.0,0,0,6900.0,0,0.027551,0,0,0,0.0,0,0,0.0,0,0,3025.0,,,,187.0,male,CS,1401.0,669.0,324.0
ALC - Super Games,120242125799840087,OUTCOME_AWARENESS,2026-05-01,887,681,1.302496,1,0.11274,1.32,1.488162,1.32,1.0,0,1.32,0.0,0,0.0,0.0,0,0.0,0,0,0,0,0,0,0.0,0,0.0,0,0,0,55.0,0,0.024,2.0,0,0,55.0,0,0.024,0,0,0,0.0,0,0,0.0,0,0,30.0,,,,1.0,unknown,CS,16.0,12.0,6.0
ALC - PROMO MAES 26,120243262160690087,OUTCOME_AWARENESS,2026-05-01,77071,58981,1.306709,82,0.106395,1.343537,1.429461,110.17,70.0,0,1.573857,41.0,0,2.687073,0.0,0,0.0,0,0,0,0,0,0,0.0,0,0.0,0,0,0,1541.0,0,0.071493,17.0,0,0,1541.0,0,0.071493,0,0,0,0.0,0,0,0.0,0,0,241.0,,,,70.0,female,CS,56.0,27.0,16.0
ALC - PROMO MAES 26,120243262160690087,OUTCOME_AWARENESS,2026-05-01,75586,58902,1.28325,82,0.108486,1.29378,1.403567,106.09,70.0,0,1.515571,37.0,0,2.867297,0.0,0,0.0,0,0,0,0,0,0,0.0,0,0.0,0,0,0,2136.0,0,0.049668,12.0,0,0,2136.0,0,0.049668,0,0,0,0.0,0,0,0.0,0,0,360.0,,,,70.0,male,CS,119.0,61.0,36.0
ALC - PROMO MAES 26,120243262160690087,OUTCOME_AWARENESS,2026-05-01,646,520,1.242308,0,0.0,0.0,1.346749,0.87,0.0,0,0.0,0.0,0,0.0,0.0,0,0.0,0,0,0,0,0,0,0.0,0,0.0,0,0,0,13.0,0,0.066923,1.0,0,0,13.0,0,0.066923,0,0,0,0.0,0,0,0.0,0,0,,,,,0.0,unknown,CS,,,
TRAF - PROMO MAES 26,120243262954300087,LINK_CLICKS,2026-05-01,9029,6684,1.350838,452,5.006091,0.207279,10.376564,93.69,441.0,0,0.212449,281.0,0,0.333416,11.0,0,8.517273,0,0,0,0,0,0,77.0,0,1.216753,0,0,0,3141.0,0,0.029828,68.0,0,0,3141.0,0,0.029828,0,0,0,11.0,0,0,120.0,0,0,860.0,,,,441.0,female,CS,415.0,223.0,150.0
TRAF - PROMO MAES 26,120243262954300087,LINK_CLICKS,2026-05-01,14361,9717,1.477925,851,5.925771,0.133784,7.927721,113.85,828.0,0,0.1375,644.0,0,0.176786,8.0,0,14.23125,0,0,0,0,0,0,77.0,0,1.478571,0,0,0,5322.0,0,0.021392,119.0,0,0,5322.0,0,0.021392,0,0,0,8.0,0,0,143.0,0,0,1284.0,,,,828.0,male,CS,591.0,337.0,188.0
TRAF - PROMO MAES 26,120243262954300087,LINK_CLICKS,2026-05-01,50,40,1.25,2,4.0,0.15,6.0,0.3,2.0,0,0.15,1.0,0,0.3,0.0,0,0.0,0,0,0,0,0,0,0.0,0,0.0,0,0,0,15.0,0,0.02,0.0,0,0,15.0,0,0.02,0,0,0,0.0,0,0,0.0,0,0,5.0,,,,2.0,unknown,CS,,,
ALC - PRESENTES MAE,120243695350000087,OUTCOME_AWARENESS,2026-05-01,64687,47380,1.365281,67,0.103576,1.235224,1.279392,82.76,55.0,0,1.504727,0.0,0,0.0,0.0,0,0.0,0,0,0,0,0,0,0.0,0,0.0,0,0,0,66.0,0,1.253939,7.0,0,0,66.0,0,1.253939,0,0,0,0.0,0,0,0.0,0,0,4.0,,,,0.0,female,CS,4.0,3.0,2.0
ALC - PRESENTES MAE,120243695350000087,OUTCOME_AWARENESS,2026-05-01,66581,49686,1.340035,71,0.106637,1.201831,1.281597,85.33,61.0,0,1.398852,0.0,0,0.0,0.0,0,0.0,0,0,0,0,0,0,0.0,0,0.0,0,0,0,69.0,0,1.236667,2.0,0,0,69.0,0,1.236667,0,0,0,0.0,0,0,0.0,0,0,5.0,,,,0.0,male,CS,2.0,1.0,1.0
ALC - PRESENTES MAE,120243695350000087,OUTCOME_AWARENESS,2026-05-01,608,464,1.310345,1,0.164474,0.62,1.019737,0.62,0.0,0,0.0,0.0,0,0.0,0.0,0,0.0,0,0,0,0,0,0,0.0,0,0.0,0,0,0,0.0,0,0.0,0.0,0,0,0.0,0,0.0,0,0,0,0.0,0,0,0.0,0,0,,,,,0.0,unknown,CS,,,
ENG - ALBUM DE FIGURINHAS,120243696014400087,OUTCOME_ENGAGEMENT,2026-05-01,2642,2294,1.1517,28,1.059803,0.248929,2.638153,6.97,0.0,0,0.0,0.0,0,0.0,0.0,0,0.0,0,0,0,0,0,0,0.0,0,0.0,0,0,0,952.0,0,0.007321,26.0,0,0,952.0,0,0.007321,0,0,0,0.0,0,0,0.0,0,0,592.0,,,,0.0,female,CS,272.0,141.0,70.0
ENG - ALBUM DE FIGURINHAS,120243696014400087,OUTCOME_ENGAGEMENT,2026-05-01,6431,5654,1.137425,66,1.026279,0.268788,2.758513,17.74,0.0,0,0.0,0.0,0,0.0,0.0,0,0.0,0,0,0,0,0,0,0.0,0,0.0,0,0,0,2283.0,0,0.00777,49.0,0,0,2283.0,0,0.00777,0,0,0,0.0,0,0,0.0,0,0,1384.0,,,,0.0,male,CS,601.0,325.0,166.0
ENG - ALBUM DE FIGURINHAS,120243696014400087,OUTCOME_ENGAGEMENT,2026-05-01,23,20,1.15,0,0.0,0.0,4.347826,0.1,0.0,0,0.0,0.0,0,0.0,0.0,0,0.0,0,0,0,0,0,0,0.0,0,0.0,0,0,0,8.0,0,0.0125,0.0,0,0,8.0,0,0.0125,0,0,0,0.0,0,0,0.0,0,0,4.0,,,,0.0,unknown,CS,3.0,1.0,1.0
ALC - NATAL 25,120236680754500402,OUTCOME_AWARENESS,2025-11-08,181547,92044,1.972394,313,0.172407,0.893514,1.540483,279.67,213.0,0,1.313005,36.0,0,7.768611,0.0,0,0.0,0,0,0,0,0,0,0.0,0,0.0,0,0,0,1423.0,0,0.196535,36.0,0,0,1423.0,0,0.196535,0,0,0,0.0,0,0,0.0,0,0,4536.0,,,,213.0,female,BS,1358.0,739.0,526.0
ALC - NATAL 25,120236680754500402,OUTCOME_AWARENESS,2025-11-08,281369,131151,2.145382,376,0.133632,1.177261,1.573201,442.65,275.0,0,1.609636,62.0,0,7.139516,0.0,0,0.0,0,0,0,0,0,0,0.0,0,0.0,0,0,0,2195.0,0,0.201663,40.0,0,0,2195.0,0,0.201663,0,0,0,0.0,0,0,0.0,0,0,6689.0,,,,275.0,male,BS,1977.0,1123.0,775.0
ALC - NATAL 25,120236680754500402,OUTCOME_AWARENESS,2025-11-08,3564,2510,1.41992,6,0.16835,0.851667,1.433782,5.11,4.0,0,1.2775,2.0,0,2.555,0.0,0,0.0,0,0,0,0,0,0,0.0,0,0.0,0,0,0,27.0,0,0.189259,2.0,0,0,27.0,0,0.189259,0,0,0,0.0,0,0,0.0,0,0,50.0,,,,4.0,unknown,BS,22.0,17.0,13.0
Aventura Canina,120237077896970402,LINK_CLICKS,2025-11-08,168556,82583,2.04105,2945,1.747194,0.274537,4.796685,808.51,2380.0,0,0.33971,1162.0,0,0.695792,0.0,0,0.0,0,0,0,0,0,0,0.0,0,0.0,0,0,0,3701.0,0,0.218457,116.0,0,0,3703.0,0,0.218339,0,0,0,0.0,0,0,0.0,0,0,2020.0,,,,2380.0,female,BS,1048.0,739.0,578.0
Aventura Canina,120237077896970402,LINK_CLICKS,2025-11-08,47830,28007,1.707787,622,1.300439,0.298473,3.881455,185.65,539.0,0,0.344434,175.0,0,1.060857,0.0,0,0.0,0,0,0,0,0,0,0.0,0,0.0,0,0,0,856.0,0,0.216881,20.0,0,0,857.0,0,0.216628,0,0,0,0.0,0,0,0.0,0,0,656.0,,,,539.0,male,BS,334.0,240.0,186.0
Aventura Canina,120237077896970402,LINK_CLICKS,2025-11-08,1620,1245,1.301205,25,1.54321,0.218,3.364198,5.45,19.0,0,0.286842,9.0,0,0.605556,0.0,0,0.0,0,0,0,0,0,0,0.0,0,0.0,0,0,0,32.0,0,0.170313,0.0,0,0,32.0,0,0.170313,0,0,0,0.0,0,0,0.0,0,0,23.0,,,,19.0,unknown,BS,15.0,10.0,6.0
Reels Aventura Canina,120237269817780402,LINK_CLICKS,2025-11-08,206049,104176,1.977893,7663,3.719018,0.105607,3.927561,809.27,4184.0,0,0.19342,2010.0,0,0.402622,0.0,0,0.0,0,0,0,0,0,0,0.0,0,0.0,0,0,0,45810.0,0,0.017666,471.0,0,0,45830.0,0,0.017658,0,0,0,0.0,0,0,0.0,0,0,22903.0,,,,4179.0,female,BS,11344.0,7286.0,5369.0
Reels Aventura Canina,120237269817780402,LINK_CLICKS,2025-11-08,55875,33753,1.655408,1549,2.77226,0.120052,3.328143,185.96,903.0,0,0.205936,356.0,0,0.52236,0.0,0,0.0,0,0,0,0,0,0,0.0,0,0.0,0,0,0,9099.0,0,0.020437,63.0,0,0,9101.0,0,0.020433,0,0,0,0.0,0,0,0.0,0,0,4270.0,,,,903.0,male,BS,1940.0,1223.0,870.0
Reels Aventura Canina,120237269817780402,LINK_CLICKS,2025-11-08,1456,1182,1.23181,39,2.678571,0.122308,3.276099,4.77,22.0,0,0.216818,9.0,0,0.53,0.0,0,0.0,0,0,0,0,0,0,0.0,0,0.0,0,0,0,269.0,0,0.017732,0.0,0,0,269.0,0,0.017732,0,0,0,0.0,0,0,0.0,0,0,132.0,,,,22.0,unknown,BS,66.0,48.0,33.0
TRAF - NATAL 25 - CLIQUES,120237281768620402,LINK_CLICKS,2025-11-08,43066,22859,1.883984,843,1.957461,0.225302,4.410208,189.93,757.0,0,0.250898,593.0,0,0.320287,0.0,0,0.0,0,0,0,0,0,0,0.0,0,0.0,0,0,0,1260.0,0,0.150738,74.0,0,0,1260.0,0,0.150738,0,0,0,0.0,0,0,0.0,0,0,222.0,,,,757.0,female,BS,109.0,63.0,39.0
TRAF - NATAL 25 - CLIQUES,120237281768620402,LINK_CLICKS,2025-11-08,50102,26554,1.886797,726,1.449044,0.257906,3.737176,187.24,660.0,0,0.283697,505.0,0,0.370772,0.0,0,0.0,0,0,0,0,0,0,0.0,0,0.0,0,0,0,1048.0,0,0.178664,76.0,0,0,1048.0,0,0.178664,0,0,0,0.0,0,0,0.0,0,0,179.0,,,,660.0,male,BS,96.0,51.0,38.0
TRAF - NATAL 25 - CLIQUES,120237281768620402,LINK_CLICKS,2025-11-08,361,219,1.648402,7,1.939058,0.172857,3.351801,1.21,7.0,0,0.172857,5.0,0,0.242,0.0,0,0.0,0,0,0,0,0,0,0.0,0,0.0,0,0,0,8.0,0,0.15125,0.0,0,0,8.0,0,0.15125,0,0,0,0.0,0,0,0.0,0,0,,,,,7.0,unknown,BS,,,
Video Campanha Jeep,120237337357090402,LINK_CLICKS,2025-11-08,45246,31670,1.428671,1644,3.63347,0.18871,6.856739,310.24,1100.0,0,0.282036,419.0,0,0.74043,0.0,0,0.0,0,0,0,0,0,0,0.0,0,0.0,0,0,0,10033.0,0,0.030922,106.0,0,0,10035.0,0,0.030916,0,0,0,0.0,0,0,0.0,0,0,3754.0,,,,1098.0,female,BS,1784.0,995.0,473.0
Video Campanha Jeep,120237337357090402,LINK_CLICKS,2025-11-08,22084,16301,1.354764,549,2.485963,0.221712,5.511683,121.72,377.0,0,0.322865,141.0,0,0.863262,0.0,0,0.0,0,0,0,0,0,0,0.0,0,0.0,0,0,0,3205.0,0,0.037978,28.0,0,0,3205.0,0,0.037978,0,0,0,0.0,0,0,0.0,0,0,1015.0,,,,377.0,male,BS,441.0,185.0,105.0
Video Campanha Jeep,120237337357090402,LINK_CLICKS,2025-11-08,526,459,1.14597,9,1.711027,0.207778,3.555133,1.87,7.0,0,0.267143,4.0,0,0.4675,0.0,0,0.0,0,0,0,0,0,0,0.0,0,0.0,0,0,0,51.0,0,0.036667,0.0,0,0,51.0,0,0.036667,0,0,0,0.0,0,0,0.0,0,0,17.0,,,,7.0,unknown,BS,9.0,4.0,1.0
Sessão especial Wicked,120237355221110402,LINK_CLICKS,2025-11-08,35147,23097,1.521713,632,1.798162,0.333418,5.995391,210.72,482.0,0,0.437178,329.0,0,0.640486,0.0,0,0.0,0,0,0,0,0,0,0.0,0,0.0,0,0,0,607.0,0,0.34715,47.0,0,0,609.0,0,0.34601,0,0,0,0.0,0,0,0.0,0,0,100.0,,,,482.0,female,BS,48.0,31.0,24.0
Sessão especial Wicked,120237355221110402,LINK_CLICKS,2025-11-08,30951,21007,1.473366,449,1.45068,0.304855,4.422474,136.88,329.0,0,0.416049,234.0,0,0.584957,0.0,0,0.0,0,0,0,0,0,0,0.0,0,0.0,0,0,0,390.0,0,0.350974,28.0,0,0,390.0,0,0.350974,0,0,0,0.0,0,0,0.0,0,0,52.0,,,,329.0,male,BS,22.0,16.0,14.0
Sessão especial Wicked,120237355221110402,LINK_CLICKS,2025-11-08,433,330,1.312121,7,1.616628,0.308571,4.988453,2.16,3.0,0,0.72,5.0,0,0.432,0.0,0,0.0,0,0,0,0,0,0,0.0,0,0.0,0,0,0,4.0,0,0.54,1.0,0,0,4.0,0,0.54,0,0,0,0.0,0,0,0.0,0,0,,,,,3.0,unknown,BS,,,
Vilão Favorito,120237719928760402,LINK_CLICKS,2025-11-08,167725,79500,2.109748,2497,1.488746,0.291302,4.336742,727.38,1974.0,0,0.36848,636.0,0,1.143679,0.0,0,0.0,0,0,0,0,0,0,0.0,0,0.0,0,0,0,2594.0,0,0.280409,125.0,0,0,2599.0,0,0.279869,0,0,0,0.0,0,0,0.0,0,0,889.0,,,,1974.0,female,BS,448.0,315.0,259.0
Vilão Favorito,120237719928760402,LINK_CLICKS,2025-11-08,69468,36953,1.879902,867,1.248057,0.308201,3.846519,267.21,739.0,0,0.361583,177.0,0,1.509661,0.0,0,0.0,0,0,0,0,0,0,0.0,0,0.0,0,0,0,954.0,0,0.280094,47.0,0,0,954.0,0,0.280094,0,0,0,0.0,0,0,0.0,0,0,318.0,,,,739.0,male,BS,162.0,115.0,93.0
Vilão Favorito,120237719928760402,LINK_CLICKS,2025-11-08,989,650,1.521538,14,1.415571,0.386429,5.470172,5.41,15.0,0,0.360667,7.0,0,0.772857,0.0,0,0.0,0,0,0,0,0,0,0.0,0,0.0,0,0,0,17.0,0,0.318235,1.0,0,0,17.0,0,0.318235,0,0,0,0.0,0,0,0.0,0,0,1.0,,,,15.0,unknown,BS,,,
ALC - NATAL 25,120236680754500402,OUTCOME_AWARENESS,2025-12-01,571316,236970,2.410921,1223,0.214067,0.588201,1.259146,719.37,697.0,0,1.032095,104.0,0,6.917019,0.0,0,0.0,0,0,0,0,0,0,0.0,0,0.0,0,0,0,7816.0,0,0.092038,109.0,0,0,7818.0,0,0.092015,0,0,0,0.0,0,0,0.0,0,0,4661.0,,,,677.0,female,BS,1699.0,757.0,501.0
ALC - NATAL 25,120236680754500402,OUTCOME_AWARENESS,2025-12-01,754097,288708,2.611971,1327,0.175972,0.726338,1.278151,963.85,751.0,0,1.283422,89.0,0,10.829775,0.0,0,0.0,0,0,0,0,0,0,0.0,0,0.0,0,0,0,13039.0,0,0.073921,163.0,0,0,13041.0,0,0.073909,0,0,0,0.0,0,0,0.0,0,0,8308.0,,,,738.0,male,BS,2826.0,1421.0,901.0
ALC - NATAL 25,120236680754500402,OUTCOME_AWARENESS,2025-12-01,5575,2404,2.319052,11,0.197309,0.65,1.282511,7.15,8.0,0,0.89375,0.0,0,0.0,0.0,0,0.0,0,0,0,0,0,0,0.0,0,0.0,0,0,0,63.0,0,0.113492,2.0,0,0,63.0,0,0.113492,0,0,0,0.0,0,0,0.0,0,0,41.0,,,,8.0,unknown,BS,11.0,4.0,4.0
TRAF - NATAL 25 - CLIQUES,120237281768620402,LINK_CLICKS,2025-12-01,250963,92051,2.726347,4886,1.946901,0.18984,3.696003,927.56,4339.0,0,0.213773,2048.0,0,0.45291,0.0,0,0.0,0,0,0,0,0,0,0.0,0,0.0,0,0,0,12180.0,0,0.076154,426.0,0,0,12180.0,0,0.076154,0,0,0,0.0,0,0,0.0,0,0,3385.0,,,,4335.0,female,BS,1626.0,1075.0,682.0
TRAF - NATAL 25 - CLIQUES,120237281768620402,LINK_CLICKS,2025-12-01,265301,92088,2.880951,4392,1.655478,0.211464,3.500741,928.75,4042.0,0,0.229775,1463.0,0,0.634826,0.0,0,0.0,0,0,0,0,0,0,0.0,0,0.0,0,0,0,8547.0,0,0.108664,336.0,0,0,8547.0,0,0.108664,0,0,0,0.0,0,0,0.0,0,0,1925.0,,,,4041.0,male,BS,917.0,548.0,362.0
TRAF - NATAL 25 - CLIQUES,120237281768620402,LINK_CLICKS,2025-12-01,1984,820,2.419512,20,1.008065,0.3625,3.654234,7.25,18.0,0,0.402778,7.0,0,1.035714,0.0,0,0.0,0,0,0,0,0,0,0.0,0,0.0,0,0,0,43.0,0,0.168605,1.0,0,0,43.0,0,0.168605,0,0,0,0.0,0,0,0.0,0,0,8.0,,,,18.0,unknown,BS,5.0,2.0,1.0
Video Campanha Jeep,120237337357090402,LINK_CLICKS,2025-12-01,596,581,1.025818,31,5.201342,0.256774,13.355705,7.96,20.0,0,0.398,13.0,0,0.612308,0.0,0,0.0,0,0,0,0,0,0,0.0,0,0.0,0,0,0,209.0,0,0.038086,4.0,0,0,209.0,0,0.038086,0,0,0,0.0,0,0,0.0,0,0,87.0,,,,20.0,female,BS,44.0,29.0,17.0
Video Campanha Jeep,120237337357090402,LINK_CLICKS,2025-12-01,216,210,1.028571,11,5.092593,0.289091,14.722222,3.18,7.0,0,0.454286,4.0,0,0.795,0.0,0,0.0,0,0,0,0,0,0,0.0,0,0.0,0,0,0,55.0,0,0.057818,1.0,0,0,55.0,0,0.057818,0,0,0,0.0,0,0,0.0,0,0,16.0,,,,7.0,male,BS,10.0,6.0,4.0
Video Campanha Jeep,120237337357090402,LINK_CLICKS,2025-12-01,6,6,1.0,0,0.0,0.0,6.666667,0.04,0.0,0,0.0,0.0,0,0.0,0.0,0,0.0,0,0,0,0,0,0,0.0,0,0.0,0,0,0,3.0,0,0.013333,0.0,0,0,3.0,0,0.013333,0,0,0,0.0,0,0,0.0,0,0,,,,,0.0,unknown,BS,,,
ALC - Pet Day,120238799202670402,OUTCOME_AWARENESS,2025-12-01,143521,106274,1.350481,178,0.124024,1.478539,1.833739,263.18,134.0,0,1.96403,0.0,0,0.0,0.0,0,0.0,0,0,0,0,0,0,0.0,0,0.0,0,0,0,239.0,0,1.101172,6.0,0,0,239.0,0,1.101172,0,0,0,0.0,0,0,0.0,0,0,143.0,,,,0.0,female,BS,71.0,48.0,32.0
ALC - Pet Day,120238799202670402,OUTCOME_AWARENESS,2025-12-01,127983,100777,1.269962,117,0.091418,2.008291,1.835947,234.97,100.0,0,2.3497,0.0,0,0.0,0.0,0,0.0,0,0,0,0,0,0,0.0,0,0.0,0,0,0,222.0,0,1.058423,5.0,0,0,222.0,0,1.058423,0,0,0,0.0,0,0,0.0,0,0,183.0,,,,0.0,male,BS,88.0,48.0,32.0
ALC - Pet Day,120238799202670402,OUTCOME_AWARENESS,2025-12-01,1024,819,1.250305,4,0.390625,0.4625,1.806641,1.85,4.0,0,0.4625,0.0,0,0.0,0.0,0,0.0,0,0,0,0,0,0,0.0,0,0.0,0,0,0,4.0,0,0.4625,0.0,0,0,4.0,0,0.4625,0,0,0,0.0,0,0,0.0,0,0,1.0,,,,1.0,unknown,BS,,,
ALC - Encontro com personagens,120238799625500402,OUTCOME_AWARENESS,2025-12-01,150337,102621,1.464973,202,0.134365,1.333713,1.792041,269.41,166.0,0,1.622952,0.0,0,0.0,0.0,0,0.0,0,0,0,0,0,0,0.0,0,0.0,0,0,0,216.0,0,1.247269,6.0,0,0,216.0,0,1.247269,0,0,0,0.0,0,0,0.0,0,0,118.0,,,,0.0,female,BS,43.0,32.0,19.0
ALC - Encontro com personagens,120238799625500402,OUTCOME_AWARENESS,2025-12-01,127704,91938,1.389023,164,0.128422,1.39628,1.793131,228.99,131.0,0,1.748015,0.0,0,0.0,0.0,0,0.0,0,0,0,0,0,0,0.0,0,0.0,0,0,0,177.0,0,1.293729,11.0,0,0,177.0,0,1.293729,0,0,0,0.0,0,0,0.0,0,0,89.0,,,,0.0,male,BS,38.0,29.0,22.0
ALC - Encontro com personagens,120238799625500402,OUTCOME_AWARENESS,2025-12-01,986,703,1.40256,2,0.20284,0.8,1.622718,1.6,2.0,0,0.8,0.0,0,0.0,0.0,0,0.0,0,0,0,0,0,0,0.0,0,0.0,0,0,0,2.0,0,0.8,0.0,0,0,2.0,0,0.8,0,0,0,0.0,0,0,0.0,0,0,,,,,0.0,unknown,BS,,,
ENG - PANETONE,120238800303500402,OUTCOME_ENGAGEMENT,2025-12-01,44616,28041,1.591099,129,0.289134,1.675736,4.845123,216.17,79.0,0,2.736329,0.0,0,0.0,0.0,0,0.0,0,0,0,0,0,0,0.0,0,0.0,0,0,0,16994.0,0,0.01272,79.0,0,0,16994.0,0,0.01272,0,0,0,0.0,0,0,0.0,0,0,12654.0,,,,34.0,female,BS,6496.0,5013.0,2317.0
ENG - PANETONE,120238800303500402,OUTCOME_ENGAGEMENT,2025-12-01,6086,3891,1.564122,12,0.197174,2.755833,5.433782,33.07,3.0,0,11.023333,0.0,0,0.0,0.0,0,0.0,0,0,0,0,0,0,0.0,0,0.0,0,0,0,1985.0,0,0.01666,9.0,0,0,1985.0,0,0.01666,0,0,0,0.0,0,0,0.0,0,0,1515.0,,,,3.0,male,BS,888.0,715.0,280.0
ENG - PANETONE,120238800303500402,OUTCOME_ENGAGEMENT,2025-12-01,169,102,1.656863,0,0.0,0.0,4.319527,0.73,0.0,0,0.0,0.0,0,0.0,0.0,0,0.0,0,0,0,0,0,0,0.0,0,0.0,0,0,0,45.0,0,0.016222,0.0,0,0,45.0,0,0.016222,0,0,0,0.0,0,0,0.0,0,0,33.0,,,,0.0,unknown,BS,18.0,14.0,6.0
ALC - NATAL 25,120236680754500402,OUTCOME_AWARENESS,2026-01-01,305136,195045,1.564439,493,0.161567,0.475254,0.767854,234.3,275.0,0,0.852,43.0,0,5.448837,0.0,0,0.0,0,0,0,0,0,0,0.0,0,0.0,0,0,0,5487.0,0,0.042701,57.0,0,0,5487.0,0,0.042701,0,0,0,0.0,0,0,0.0,0,0,4044.0,,,,252.0,female,BS,1639.0,749.0,491.0
ALC - NATAL 25,120236680754500402,OUTCOME_AWARENESS,2026-01-01,411416,242384,1.697373,502,0.122018,0.63988,0.780767,321.22,266.0,0,1.207594,37.0,0,8.681622,0.0,0,0.0,0,0,0,0,0,0,0.0,0,0.0,0,0,0,10186.0,0,0.031535,96.0,0,0,10186.0,0,0.031535,0,0,0,0.0,0,0,0.0,0,0,8761.0,,,,249.0,male,BS,3008.0,1430.0,926.0
ALC - NATAL 25,120236680754500402,OUTCOME_AWARENESS,2026-01-01,3430,2110,1.625592,6,0.174927,0.48,0.83965,2.88,2.0,0,1.44,0.0,0,0.0,0.0,0,0.0,0,0,0,0,0,0,0.0,0,0.0,0,0,0,59.0,0,0.048814,0.0,0,0,59.0,0,0.048814,0,0,0,0.0,0,0,0.0,0,0,56.0,,,,2.0,unknown,BS,27.0,14.0,9.0
TRAF - NATAL 25 - CLIQUES,120237281768620402,LINK_CLICKS,2026-01-01,97848,52244,1.872904,2302,2.352629,0.118584,2.789837,272.98,1978.0,0,0.138008,1059.0,0,0.257771,0.0,0,0.0,0,0,0,0,0,0,0.0,0,0.0,0,0,0,9656.0,0,0.028271,150.0,0,0,9656.0,0,0.028271,0,0,0,0.0,0,0,0.0,0,0,3335.0,,,,1978.0,female,BS,1589.0,994.0,640.0
TRAF - NATAL 25 - CLIQUES,120237281768620402,LINK_CLICKS,2026-01-01,78512,44180,1.777094,1907,2.428928,0.128013,3.109334,244.12,1748.0,0,0.139657,459.0,0,0.531852,0.0,0,0.0,0,0,0,0,0,0,0.0,0,0.0,0,0,0,6125.0,0,0.039856,111.0,0,0,6125.0,0,0.039856,0,0,0,0.0,0,0,0.0,0,0,1867.0,,,,1747.0,male,BS,847.0,492.0,308.0
TRAF - NATAL 25 - CLIQUES,120237281768620402,LINK_CLICKS,2026-01-01,787,461,1.707158,18,2.287166,0.148333,3.39263,2.67,16.0,0,0.166875,2.0,0,1.335,0.0,0,0.0,0,0,0,0,0,0,0.0,0,0.0,0,0,0,34.0,0,0.078529,1.0,0,0,34.0,0,0.078529,0,0,0,0.0,0,0,0.0,0,0,8.0,,,,16.0,unknown,BS,4.0,,
ALC - Capivalley - CS,120239928434450402,OUTCOME_AWARENESS,2026-01-01,34901,25023,1.394757,68,0.194837,0.489853,0.954414,33.31,43.0,0,0.774651,0.0,0,0.0,0.0,0,0.0,0,0,0,0,0,0,0.0,0,0.0,0,0,0,51.0,0,0.653137,8.0,0,0,51.0,0,0.653137,0,0,0,0.0,0,0,0.0,0,0,,,,,43.0,female,BS,,,
ALC - Capivalley - CS,120239928434450402,OUTCOME_AWARENESS,2026-01-01,48852,34221,1.427544,79,0.161713,0.597468,0.966184,47.2,42.0,0,1.12381,0.0,0,0.0,0.0,0,0.0,0,0,0,0,0,0,0.0,0,0.0,0,0,0,50.0,0,0.944,8.0,0,0,50.0,0,0.944,0,0,0,0.0,0,0,0.0,0,0,,,,,42.0,male,BS,,,
ALC - Capivalley - CS,120239928434450402,OUTCOME_AWARENESS,2026-01-01,397,272,1.459559,0,0.0,0.0,1.007557,0.4,0.0,0,0.0,0.0,0,0.0,0.0,0,0.0,0,0,0,0,0,0,0.0,0,0.0,0,0,0,0.0,0,0.0,0.0,0,0,0.0,0,0.0,0,0,0,0.0,0,0,0.0,0,0,,,,,0.0,unknown,BS,,,
ALC - LIQUIDA 25,120239970790610402,OUTCOME_AWARENESS,2026-01-01,804911,434548,1.852295,823,0.102247,1.919648,1.962788,1579.87,615.0,0,2.568894,335.0,0,4.71603,0.0,0,0.0,0,0,0,0,0,0,0.0,0,0.0,0,0,0,19786.0,0,0.079848,77.0,0,0,19786.0,0,0.079848,0,0,0,0.0,0,0,0.0,0,0,14699.0,,,,607.0,female,BS,6437.0,4004.0,2966.0
ALC - LIQUIDA 25,120239970790610402,OUTCOME_AWARENESS,2026-01-01,716403,383336,1.868864,603,0.084171,2.322007,1.954445,1400.17,444.0,0,3.153536,203.0,0,6.897389,0.0,0,0.0,0,0,0,0,0,0,0.0,0,0.0,0,0,0,18693.0,0,0.074903,69.0,0,0,18693.0,0,0.074903,0,0,0,0.0,0,0,0.0,0,0,14007.0,,,,436.0,male,BS,5991.0,3595.0,2585.0
ALC - LIQUIDA 25,120239970790610402,OUTCOME_AWARENESS,2026-01-01,10288,5733,1.794523,12,0.116641,1.660833,1.937208,19.93,5.0,0,3.986,3.0,0,6.643333,0.0,0,0.0,0,0,0,0,0,0,0.0,0,0.0,0,0,0,261.0,0,0.07636,4.0,0,0,261.0,0,0.07636,0,0,0,0.0,0,0,0.0,0,0,195.0,,,,5.0,unknown,BS,86.0,52.0,37.0
ALC - VOLTA AS AULAS,120240233245310402,OUTCOME_AWARENESS,2026-01-01,282364,170701,1.654144,271,0.095975,1.161845,1.115085,314.86,187.0,0,1.683743,0.0,0,0.0,0.0,0,0.0,0,0,0,0,0,0,0.0,0,0.0,0,0,0,8184.0,0,0.038473,41.0,0,0,8184.0,0,0.038473,0,0,0,0.0,0,0,0.0,0,0,1892.0,,,,0.0,female,BS,340.0,183.0,119.0
ALC - VOLTA AS AULAS,120240233245310402,OUTCOME_AWARENESS,2026-01-01,205392,120629,1.702675,183,0.089098,1.263552,1.125798,231.23,137.0,0,1.68781,0.0,0,0.0,0.0,0,0.0,0,0,0,0,0,0,0.0,0,0.0,0,0,0,6054.0,0,0.038195,15.0,0,0,6054.0,0,0.038195,0,0,0,0.0,0,0,0.0,0,0,1309.0,,,,0.0,male,BS,291.0,159.0,107.0
ALC - VOLTA AS AULAS,120240233245310402,OUTCOME_AWARENESS,2026-01-01,1498,936,1.600427,1,0.066756,1.85,1.23498,1.85,0.0,0,0.0,0.0,0,0.0,0.0,0,0.0,0,0,0,0,0,0,0.0,0,0.0,0,0,0,46.0,0,0.040217,1.0,0,0,46.0,0,0.040217,0,0,0,0.0,0,0,0.0,0,0,10.0,,,,0.0,unknown,BS,2.0,1.0,
ALC - SUMMER,120240233387880402,OUTCOME_AWARENESS,2026-01-01,357531,157215,2.274153,91,0.025452,4.677692,1.190582,425.67,2.0,0,212.835,0.0,0,0.0,0.0,0,0.0,0,0,0,0,0,0,0.0,0,0.0,0,0,0,2446.0,0,0.174027,22.0,0,0,2446.0,0,0.174027,0,0,0,0.0,0,0,0.0,0,0,10107.0,,,,0.0,female,BS,3148.0,1789.0,1260.0
ALC - SUMMER,120240233387880402,OUTCOME_AWARENESS,2026-01-01,309025,142485,2.168825,61,0.01974,6.065738,1.197346,370.01,5.0,0,74.002,0.0,0,0.0,0.0,0,0.0,0,0,0,0,0,0,0.0,0,0.0,0,0,0,2051.0,0,0.180405,32.0,0,0,2051.0,0,0.180405,0,0,0,0.0,0,0,0.0,0,0,8952.0,,,,1.0,male,BS,2542.0,1516.0,1094.0
ALC - SUMMER,120240233387880402,OUTCOME_AWARENESS,2026-01-01,2844,1483,1.917734,0,0.0,0.0,1.25879,3.58,0.0,0,0.0,0.0,0,0.0,0.0,0,0.0,0,0,0,0,0,0,0.0,0,0.0,0,0,0,8.0,0,0.4475,0.0,0,0,8.0,0,0.4475,0,0,0,0.0,0,0,0.0,0,0,63.0,,,,0.0,unknown,BS,15.0,5.0,2.0
ALC - VOLTA AS AULAS,120240233245310402,OUTCOME_AWARENESS,2026-02-01,99267,84084,1.180569,73,0.073539,1.243425,0.914403,90.77,56.0,0,1.620893,0.0,0,0.0,0.0,0,0.0,0,0,0,0,0,0,0.0,0,0.0,0,0,0,555.0,0,0.16355,10.0,0,0,555.0,0,0.16355,0,0,0,0.0,0,0,0.0,0,0,117.0,,,,10.0,female,BS,17.0,9.0,8.0
ALC - VOLTA AS AULAS,120240233245310402,OUTCOME_AWARENESS,2026-02-01,79879,66088,1.208676,57,0.071358,1.231754,0.878954,70.21,39.0,0,1.800256,0.0,0,0.0,0.0,0,0.0,0,0,0,0,0,0,0.0,0,0.0,0,0,0,427.0,0,0.164426,8.0,0,0,427.0,0,0.164426,0,0,0,0.0,0,0,0.0,0,0,86.0,,,,9.0,male,BS,19.0,11.0,9.0
ALC - VOLTA AS AULAS,120240233245310402,OUTCOME_AWARENESS,2026-02-01,576,494,1.165992,0,0.0,0.0,1.006944,0.58,0.0,0,0.0,0.0,0,0.0,0.0,0,0.0,0,0,0,0,0,0,0.0,0,0.0,0,0,0,3.0,0,0.193333,0.0,0,0,3.0,0,0.193333,0,0,0,0.0,0,0,0.0,0,0,,,,,0.0,unknown,BS,,,
ALC - SUMMER,120240233387880402,OUTCOME_AWARENESS,2026-02-01,100351,82392,1.21797,48,0.047832,2.202917,1.053702,105.74,3.0,0,35.246667,0.0,0,0.0,0.0,0,0.0,0,0,0,0,0,0,0.0,0,0.0,0,0,0,817.0,0,0.129425,26.0,0,0,817.0,0,0.129425,0,0,0,0.0,0,0,0.0,0,0,5056.0,,,,0.0,female,BS,1008.0,568.0,385.0
ALC - SUMMER,120240233387880402,OUTCOME_AWARENESS,2026-02-01,123075,96110,1.280564,67,0.054438,1.938806,1.055454,129.9,10.0,0,12.99,1.0,0,129.9,0.0,0,0.0,0,0,0,0,0,0,0.0,0,0.0,0,0,0,1081.0,0,0.120167,27.0,0,0,1081.0,0,0.120167,0,0,0,0.0,0,0,0.0,0,0,8187.0,,,,0.0,male,BS,1364.0,783.0,544.0
ALC - SUMMER,120240233387880402,OUTCOME_AWARENESS,2026-02-01,1029,810,1.27037,1,0.097182,1.01,0.981535,1.01,1.0,0,1.01,0.0,0,0.0,0.0,0,0.0,0,0,0,0,0,0,0.0,0,0.0,0,0,0,9.0,0,0.112222,0.0,0,0,9.0,0,0.112222,0,0,0,0.0,0,0,0.0,0,0,79.0,,,,0.0,unknown,BS,11.0,8.0,4.0
ALC - Semana do Cinema - BS JAN 25,120241101673890402,OUTCOME_AWARENESS,2026-02-01,60895,48439,1.257148,151,0.247968,0.505298,1.252976,76.3,122.0,0,0.62541,82.0,0,0.930488,0.0,0,0.0,0,0,0,0,0,0,0.0,0,0.0,0,0,0,130.0,0,0.586923,3.0,0,0,130.0,0,0.586923,0,0,0,0.0,0,0,0.0,0,0,,,,,122.0,female,BS,,,
ALC - Semana do Cinema - BS JAN 25,120241101673890402,OUTCOME_AWARENESS,2026-02-01,61432,50350,1.220099,76,0.123714,0.994474,1.230303,75.58,54.0,0,1.39963,31.0,0,2.438065,0.0,0,0.0,0,0,0,0,0,0,0.0,0,0.0,0,0,0,61.0,0,1.239016,5.0,0,0,61.0,0,1.239016,0,0,0,0.0,0,0,0.0,0,0,,,,,54.0,male,BS,,,
ALC - Semana do Cinema - BS JAN 25,120241101673890402,OUTCOME_AWARENESS,2026-02-01,670,550,1.218182,2,0.298507,0.445,1.328358,0.89,1.0,0,0.89,0.0,0,0.0,0.0,0,0.0,0,0,0,0,0,0,0.0,0,0.0,0,0,0,1.0,0,0.89,0.0,0,0,1.0,0,0.89,0,0,0,0.0,0,0,0.0,0,0,,,,,1.0,unknown,BS,,,
ALC - Inauguração - Shantal,120241101729600402,OUTCOME_AWARENESS,2026-02-01,27459,22831,1.202707,36,0.131105,0.934167,1.224735,33.63,28.0,0,1.201071,0.0,0,0.0,0.0,0,0.0,0,0,0,0,0,0,0.0,0,0.0,0,0,0,134.0,0,0.25097,1.0,0,0,134.0,0,0.25097,0,0,0,0.0,0,0,0.0,0,0,70.0,,,,0.0,female,BS,30.0,11.0,8.0
ALC - Inauguração - Shantal,120241101729600402,OUTCOME_AWARENESS,2026-02-01,29645,25351,1.169382,29,0.097824,1.254483,1.227188,36.38,23.0,0,1.581739,0.0,0,0.0,0.0,0,0.0,0,0,0,0,0,0,0.0,0,0.0,0,0,0,145.0,0,0.250897,2.0,0,0,145.0,0,0.250897,0,0,0,0.0,0,0,0.0,0,0,76.0,,,,0.0,male,BS,30.0,16.0,9.0
ALC - Inauguração - Shantal,120241101729600402,OUTCOME_AWARENESS,2026-02-01,205,175,1.171429,2,0.97561,0.125,1.219512,0.25,2.0,0,0.125,0.0,0,0.0,0.0,0,0.0,0,0,0,0,0,0,0.0,0,0.0,0,0,0,4.0,0,0.0625,1.0,0,0,4.0,0,0.0625,0,0,0,0.0,0,0,0.0,0,0,1.0,,,,0.0,unknown,BS,,,
ALC - Arena Summer Vibes Sephora,120241133287260402,OUTCOME_AWARENESS,2026-02-01,359933,265461,1.355879,748,0.207816,0.738516,1.534758,552.41,381.0,0,1.449895,0.0,0,0.0,0.0,0,0.0,0,0,0,0,0,0,0.0,0,0.0,0,0,0,29668.0,0,0.01862,98.0,0,0,29668.0,0,0.01862,0,0,0,0.0,0,0,0.0,0,0,9690.0,,,,92.0,female,BS,4121.0,1435.0,1005.0
ALC - Arena Summer Vibes Sephora,120241133287260402,OUTCOME_AWARENESS,2026-02-01,216930,181086,1.197939,422,0.194533,0.783957,1.525054,330.83,200.0,0,1.65415,0.0,0,0.0,0.0,0,0.0,0,0,0,0,0,0,0.0,0,0.0,0,0,0,25418.0,0,0.013016,73.0,0,0,25418.0,0,0.013016,0,0,0,0.0,0,0,0.0,0,0,7764.0,,,,47.0,male,BS,3204.0,1400.0,995.0
ALC - Arena Summer Vibes Sephora,120241133287260402,OUTCOME_AWARENESS,2026-02-01,1698,1489,1.140363,1,0.058893,2.48,1.460542,2.48,0.0,0,0.0,0.0,0,0.0,0.0,0,0.0,0,0,0,0,0,0,0.0,0,0.0,0,0,0,148.0,0,0.016757,1.0,0,0,148.0,0,0.016757,0,0,0,0.0,0,0,0.0,0,0,39.0,,,,0.0,unknown,BS,14.0,6.0,4.0
ALC - VOLTA AS AULAS,120240233245310402,OUTCOME_AWARENESS,2026-02-06,106823,89375,1.195222,93,0.08706,1.24172,1.081041,115.48,64.0,0,1.804375,0.0,0,0.0,0.0,0,0.0,0,0,0,0,0,0,0.0,0,0.0,0,0,0,2087.0,0,0.055333,6.0,0,0,2087.0,0,0.055333,0,0,0,0.0,0,0,0.0,0,0,508.0,,,,7.0,female,BS,100.0,34.0,17.0
ALC - VOLTA AS AULAS,120240233245310402,OUTCOME_AWARENESS,2026-02-06,75330,62567,1.203989,64,0.08496,1.260625,1.071021,80.68,47.0,0,1.716596,0.0,0,0.0,0.0,0,0.0,0,0,0,0,0,0,0.0,0,0.0,0,0,0,1542.0,0,0.052322,7.0,0,0,1542.0,0,0.052322,0,0,0,0.0,0,0,0.0,0,0,350.0,,,,1.0,male,BS,74.0,31.0,22.0
ALC - VOLTA AS AULAS,120240233245310402,OUTCOME_AWARENESS,2026-02-06,527,431,1.222738,0,0.0,0.0,1.119545,0.59,0.0,0,0.0,0.0,0,0.0,0.0,0,0.0,0,0,0,0,0,0,0.0,0,0.0,0,0,0,7.0,0,0.084286,0.0,0,0,7.0,0,0.084286,0,0,0,0.0,0,0,0.0,0,0,1.0,,,,0.0,unknown,BS,,,
ALC - SUMMER,120240233387880402,OUTCOME_AWARENESS,2026-02-06,364058,191816,1.897954,143,0.039279,2.839371,1.115289,406.03,6.0,0,67.671667,0.0,0,0.0,0.0,0,0.0,0,0,0,0,0,0,0.0,0,0.0,0,0,0,3531.0,0,0.11499,46.0,0,0,3531.0,0,0.11499,0,0,0,0.0,0,0,0.0,0,0,18720.0,,,,2.0,female,BS,4636.0,2510.0,1716.0
ALC - SUMMER,120240233387880402,OUTCOME_AWARENESS,2026-02-06,379507,200768,1.890276,174,0.045849,2.411264,1.10554,419.56,42.0,0,9.989524,0.0,0,0.0,0.0,0,0.0,0,0,0,0,0,0,0.0,0,0.0,0,0,0,3380.0,0,0.12413,63.0,0,0,3380.0,0,0.12413,0,0,0,0.0,0,0,0.0,0,0,21214.0,,,,1.0,male,BS,4376.0,2425.0,1697.0
ALC - SUMMER,120240233387880402,OUTCOME_AWARENESS,2026-02-06,3090,1617,1.910946,0,0.0,0.0,1.12945,3.49,0.0,0,0.0,0.0,0,0.0,0.0,0,0.0,0,0,0,0,0,0,0.0,0,0.0,0,0,0,32.0,0,0.109063,0.0,0,0,32.0,0,0.109063,0,0,0,0.0,0,0,0.0,0,0,199.0,,,,0.0,unknown,BS,35.0,23.0,17.0
ALC - Semana do Cinema - BS JAN 25,120241101673890402,OUTCOME_AWARENESS,2026-02-06,121997,95971,1.271186,193,0.158201,0.769637,1.217571,148.54,115.0,0,1.291652,3.0,0,49.513333,0.0,0,0.0,0,0,0,0,0,0,0.0,0,0.0,0,0,0,134.0,0,1.108507,16.0,0,0,134.0,0,1.108507,0,0,0,0.0,0,0,0.0,0,0,,,,,41.0,female,BS,,,
ALC - Semana do Cinema - BS JAN 25,120241101673890402,OUTCOME_AWARENESS,2026-02-06,163953,122458,1.338851,114,0.069532,1.726754,1.200649,196.85,54.0,0,3.64537,0.0,0,0.0,0.0,0,0.0,0,0,0,0,0,0,0.0,0,0.0,0,0,0,72.0,0,2.734028,16.0,0,0,72.0,0,2.734028,0,0,0,0.0,0,0,0.0,0,0,,,,,18.0,male,BS,,,
ALC - Semana do Cinema - BS JAN 25,120241101673890402,OUTCOME_AWARENESS,2026-02-06,1412,1046,1.349904,1,0.070822,1.61,1.140227,1.61,1.0,0,1.61,0.0,0,0.0,0.0,0,0.0,0,0,0,0,0,0,0.0,0,0.0,0,0,0,1.0,0,1.61,0.0,0,0,1.0,0,1.61,0,0,0,0.0,0,0,0.0,0,0,,,,,0.0,unknown,BS,,,
ALC - Inauguração - Shantal,120241101729600402,OUTCOME_AWARENESS,2026-02-06,143462,73522,1.95128,173,0.120589,0.970231,1.169996,167.85,81.0,0,2.072222,0.0,0,0.0,0.0,0,0.0,0,0,0,0,0,0,0.0,0,0.0,0,0,0,472.0,0,0.355614,25.0,0,0,472.0,0,0.355614,0,0,0,0.0,0,0,0.0,0,0,217.0,,,,19.0,female,BS,98.0,42.0,33.0
ALC - Inauguração - Shantal,120241101729600402,OUTCOME_AWARENESS,2026-02-06,191273,88161,2.169587,146,0.076331,1.532329,1.169637,223.72,43.0,0,5.202791,0.0,0,0.0,0.0,0,0.0,0,0,0,0,0,0,0.0,0,0.0,0,0,0,399.0,0,0.560702,51.0,0,0,399.0,0,0.560702,0,0,0,0.0,0,0,0.0,0,0,163.0,,,,13.0,male,BS,65.0,28.0,18.0
ALC - Inauguração - Shantal,120241101729600402,OUTCOME_AWARENESS,2026-02-06,1554,665,2.336842,1,0.06435,1.97,1.267696,1.97,0.0,0,0.0,0.0,0,0.0,0.0,0,0.0,0,0,0,0,0,0,0.0,0,0.0,0,0,0,1.0,0,1.97,0.0,0,0,1.0,0,1.97,0,0,0,0.0,0,0,0.0,0,0,,,,,0.0,unknown,BS,,,
ALC - Arena Summer Vibes Sephora,120241133287260402,OUTCOME_AWARENESS,2026-02-06,334375,293606,1.138856,761,0.227589,0.695256,1.582325,529.09,543.0,0,0.974383,232.0,0,2.28056,0.0,0,0.0,0,0,0,0,0,0,0.0,0,0.0,0,0,0,18790.0,0,0.028158,122.0,0,0,18753.0,0,0.028214,0,0,0,0.0,0,0,0.0,0,0,2736.0,,,,525.0,female,BS,1094.0,699.0,293.0
ALC - Arena Summer Vibes Sephora,120241133287260402,OUTCOME_AWARENESS,2026-02-06,367230,309395,1.186929,714,0.194429,0.812241,1.579228,579.94,474.0,0,1.223502,195.0,0,2.974051,0.0,0,0.0,0,0,0,0,0,0,0.0,0,0.0,0,0,0,17589.0,0,0.032972,88.0,0,0,17568.0,0,0.033011,0,0,0,0.0,0,0,0.0,0,0,2636.0,,,,447.0,male,BS,954.0,454.0,292.0
ALC - Arena Summer Vibes Sephora,120241133287260402,OUTCOME_AWARENESS,2026-02-06,3027,2551,1.186593,5,0.16518,1.05,1.73439,5.25,3.0,0,1.75,2.0,0,2.625,0.0,0,0.0,0,0,0,0,0,0,0.0,0,0.0,0,0,0,132.0,0,0.039773,0.0,0,0,132.0,0,0.039773,0,0,0,0.0,0,0,0.0,0,0,25.0,,,,3.0,unknown,BS,5.0,3.0,2.0
TRAF - ARENA SUMMER VIBES SEPHORA,120241256148390402,LINK_CLICKS,2026-02-06,671223,469439,1.429841,819,0.122016,0.866178,1.056877,709.4,696.0,0,1.019253,301.0,0,2.356811,0.0,0,0.0,0,0,0,0,0,0,0.0,0,0.0,0,0,0,5769.0,0,0.122968,7.0,0,0,5769.0,0,0.122968,0,0,0,0.0,0,0,0.0,0,0,5810.0,,,,695.0,female,BS,2787.0,1832.0,1441.0
TRAF - ARENA SUMMER VIBES SEPHORA,120241256148390402,LINK_CLICKS,2026-02-06,306366,185792,1.648973,320,0.10445,0.902938,0.94312,288.94,259.0,0,1.115598,108.0,0,2.67537,0.0,0,0.0,0,0,0,0,0,0,0.0,0,0.0,0,0,0,1752.0,0,0.16492,5.0,0,0,1752.0,0,0.16492,0,0,0,0.0,0,0,0.0,0,0,1646.0,,,,259.0,male,BS,786.0,497.0,381.0
TRAF - ARENA SUMMER VIBES SEPHORA,120241256148390402,LINK_CLICKS,2026-02-06,1599,1119,1.428954,0,0.0,0.0,1.038149,1.66,0.0,0,0.0,0.0,0,0.0,0.0,0,0.0,0,0,0,0,0,0,0.0,0,0.0,0,0,0,12.0,0,0.138333,0.0,0,0,12.0,0,0.138333,0,0,0,0.0,0,0,0.0,0,0,15.0,,,,0.0,unknown,BS,9.0,4.0,3.0
ALC - Carnaval Kids,120241264649820402,OUTCOME_AWARENESS,2026-02-06,782322,420244,1.86159,1046,0.133705,0.948069,1.267611,991.68,819.0,0,1.210842,403.0,0,2.460744,0.0,0,0.0,0,0,0,0,0,0,0.0,0,0.0,0,0,0,880.0,0,1.126909,55.0,0,0,880.0,0,1.126909,0,0,0,0.0,0,0,0.0,0,0,,,,,789.0,female,BS,,,
ALC - Carnaval Kids,120241264649820402,OUTCOME_AWARENESS,2026-02-06,794882,427170,1.86081,897,0.112847,1.114582,1.257772,999.78,694.0,0,1.440605,278.0,0,3.596331,0.0,0,0.0,0,0,0,0,0,0,0.0,0,0.0,0,0,0,752.0,0,1.329495,56.0,0,0,752.0,0,1.329495,0,0,0,0.0,0,0,0.0,0,0,,,,,651.0,male,BS,,,
ALC - Carnaval Kids,120241264649820402,OUTCOME_AWARENESS,2026-02-06,6283,3483,1.803905,8,0.127328,1.0675,1.359223,8.54,4.0,0,2.135,2.0,0,4.27,0.0,0,0.0,0,0,0,0,0,0,0.0,0,0.0,0,0,0,5.0,0,1.708,1.0,0,0,5.0,0,1.708,0,0,0,0.0,0,0,0.0,0,0,,,,,4.0,unknown,BS,,,
TRAF - Carnaval,120241501677080402,LINK_CLICKS,2026-02-06,207690,87607,2.370701,2810,1.352978,0.260865,3.529443,733.03,2400.0,0,0.305429,1147.0,0,0.639085,0.0,0,0.0,0,0,0,0,0,0,0.0,0,0.0,0,0,0,2510.0,0,0.292044,92.0,0,0,2513.0,0,0.291695,0,0,0,0.0,0,0,0.0,0,0,,,,,1546.0,female,BS,,,
TRAF - Carnaval,120241501677080402,LINK_CLICKS,2026-02-06,79548,38655,2.057897,1017,1.278473,0.259508,3.317745,263.92,930.0,0,0.283785,364.0,0,0.725055,0.0,0,0.0,0,0,0,0,0,0,0.0,0,0.0,0,0,0,959.0,0,0.275203,26.0,0,0,959.0,0,0.275203,0,0,0,0.0,0,0,0.0,0,0,,,,,652.0,male,BS,,,
TRAF - Carnaval,120241501677080402,LINK_CLICKS,2026-02-06,886,408,2.171569,12,1.354402,0.254167,3.442438,3.05,11.0,0,0.277273,6.0,0,0.508333,0.0,0,0.0,0,0,0,0,0,0,0.0,0,0.0,0,0,0,12.0,0,0.254167,1.0,0,0,12.0,0,0.254167,0,0,0,0.0,0,0,0.0,0,0,,,,,7.0,unknown,BS,,,
ALC - Ghibli Fest,120242067064510402,OUTCOME_AWARENESS,2026-02-06,49924,37202,1.341971,62,0.124189,0.94129,1.168977,58.36,33.0,0,1.768485,8.0,0,7.295,0.0,0,0.0,0,0,0,0,0,0,0.0,0,0.0,0,0,0,41.0,0,1.423415,6.0,0,0,41.0,0,1.423415,0,0,0,0.0,0,0,0.0,0,0,,,,,22.0,female,BS,,,
ALC - Ghibli Fest,120242067064510402,OUTCOME_AWARENESS,2026-02-06,61503,46213,1.330859,72,0.117067,1.002639,1.173764,72.19,40.0,0,1.80475,4.0,0,18.0475,0.0,0,0.0,0,0,0,0,0,0,0.0,0,0.0,0,0,0,65.0,0,1.110615,19.0,0,0,65.0,0,1.110615,0,0,0,0.0,0,0,0.0,0,0,,,,,25.0,male,BS,,,
ALC - Ghibli Fest,120242067064510402,OUTCOME_AWARENESS,2026-02-06,580,445,1.303371,2,0.344828,0.41,1.413793,0.82,2.0,0,0.41,0.0,0,0.0,0.0,0,0.0,0,0,0,0,0,0,0.0,0,0.0,0,0,0,4.0,0,0.205,1.0,0,0,4.0,0,0.205,0,0,0,0.0,0,0,0.0,0,0,,,,,1.0,unknown,BS,,,
ALC - Moda Feminina | Verão - AON,120242067169520402,OUTCOME_AWARENESS,2026-02-06,61920,44382,1.39516,47,0.075904,1.57617,1.196382,74.08,30.0,0,2.469333,0.0,0,0.0,0.0,0,0.0,0,0,0,0,0,0,0.0,0,0.0,0,0,0,122.0,0,0.607213,10.0,0,0,122.0,0,0.607213,0,0,0,0.0,0,0,0.0,0,0,19.0,,,,4.0,female,BS,5.0,1.0,1.0
ALC - Moda Feminina | Verão - AON,120242067169520402,OUTCOME_AWARENESS,2026-02-06,68672,51566,1.33173,42,0.06116,1.972143,1.206168,82.83,25.0,0,3.3132,0.0,0,0.0,0.0,0,0.0,0,0,0,0,0,0,0.0,0,0.0,0,0,0,110.0,0,0.753,7.0,0,0,110.0,0,0.753,0,0,0,0.0,0,0,0.0,0,0,17.0,,,,4.0,male,BS,4.0,2.0,2.0
ALC - Moda Feminina | Verão - AON,120242067169520402,OUTCOME_AWARENESS,2026-02-06,555,439,1.264237,0,0.0,0.0,1.279279,0.71,0.0,0,0.0,0.0,0,0.0,0.0,0,0.0,0,0,0,0,0,0,0.0,0,0.0,0,0,0,0.0,0,0.0,0.0,0,0,0.0,0,0.0,0,0,0,0.0,0,0,0.0,0,0,,,,,0.0,unknown,BS,,,
ALC - Moda Masculina - AON,120242067335900402,OUTCOME_AWARENESS,2026-02-06,48419,34918,1.386649,31,0.064024,1.987742,1.272641,61.62,23.0,0,2.67913,0.0,0,0.0,0.0,0,0.0,0,0,0,0,0,0,0.0,0,0.0,0,0,0,1304.0,0,0.047255,5.0,0,0,1304.0,0,0.047255,0,0,0,0.0,0,0,0.0,0,0,372.0,,,,0.0,female,BS,73.0,23.0,13.0
ALC - Moda Masculina - AON,120242067335900402,OUTCOME_AWARENESS,2026-02-06,56357,40655,1.386226,52,0.092269,1.327115,1.224515,69.01,35.0,0,1.971714,0.0,0,0.0,0.0,0,0.0,0,0,0,0,0,0,0.0,0,0.0,0,0,0,1816.0,0,0.038001,5.0,0,0,1816.0,0,0.038001,0,0,0,0.0,0,0,0.0,0,0,359.0,,,,0.0,male,BS,67.0,22.0,11.0
ALC - Moda Masculina - AON,120242067335900402,OUTCOME_AWARENESS,2026-02-06,278,215,1.293023,0,0.0,0.0,1.510791,0.42,0.0,0,0.0,0.0,0,0.0,0.0,0,0.0,0,0,0,0,0,0,0.0,0,0.0,0,0,0,4.0,0,0.105,0.0,0,0,4.0,0,0.105,0,0,0,0.0,0,0,0.0,0,0,1.0,,,,0.0,unknown,BS,,,
ALC - Lojas Corredor Zara,120242067408940402,OUTCOME_AWARENESS,2026-02-06,69107,35043,1.972063,73,0.105633,1.119589,1.182659,81.73,55.0,0,1.486,1.0,0,81.73,0.0,0,0.0,0,0,0,0,0,0,0.0,0,0.0,0,0,0,3809.0,0,0.021457,15.0,0,0,3809.0,0,0.021457,0,0,0,0.0,0,0,0.0,0,0,885.0,,,,0.0,female,BS,398.0,165.0,85.0
ALC - Lojas Corredor Zara,120242067408940402,OUTCOME_AWARENESS,2026-02-06,63614,34510,1.84335,61,0.095891,1.228197,1.177728,74.92,43.0,0,1.742326,1.0,0,74.92,0.0,0,0.0,0,0,0,0,0,0,0.0,0,0.0,0,0,0,3326.0,0,0.022526,3.0,0,0,3326.0,0,0.022526,0,0,0,0.0,0,0,0.0,0,0,706.0,,,,0.0,male,BS,272.0,102.0,54.0
ALC - Lojas Corredor Zara,120242067408940402,OUTCOME_AWARENESS,2026-02-06,458,252,1.81746,0,0.0,0.0,1.026201,0.47,0.0,0,0.0,0.0,0,0.0,0.0,0,0.0,0,0,0,0,0,0,0.0,0,0.0,0,0,0,22.0,0,0.021364,1.0,0,0,22.0,0,0.021364,0,0,0,0.0,0,0,0.0,0,0,7.0,,,,0.0,unknown,BS,4.0,1.0,1.0
ALC - Ghibli Fest,120242067064510402,OUTCOME_AWARENESS,2026-03-01,26216,24504,1.069866,23,0.087733,1.092609,0.958575,25.13,14.0,0,1.795,0.0,0,0.0,1.0,0,25.13,0,0,0,0,0,0,0.0,0,0.0,0,0,0,16.0,0,1.570625,2.0,0,0,16.0,0,1.570625,0,0,0,1.0,0,0,5.0,0,0,,,,,5.0,female,BS,,,
ALC - Ghibli Fest,120242067064510402,OUTCOME_AWARENESS,2026-03-01,35520,32617,1.089003,36,0.101351,0.965278,0.978322,34.75,16.0,0,2.171875,0.0,0,0.0,0.0,0,0.0,0,0,0,0,0,0,1.0,0,34.75,0,0,0,25.0,0,1.39,9.0,0,0,25.0,0,1.39,0,0,0,0.0,0,0,10.0,0,0,,,,,3.0,male,BS,,,
ALC - Ghibli Fest,120242067064510402,OUTCOME_AWARENESS,2026-03-01,257,241,1.06639,2,0.77821,0.13,1.011673,0.26,2.0,0,0.13,0.0,0,0.0,0.0,0,0.0,0,0,0,0,0,0,0.0,0,0.0,0,0,0,2.0,0,0.13,0.0,0,0,2.0,0,0.13,0,0,0,0.0,0,0,0.0,0,0,,,,,0.0,unknown,BS,,,
ALC - Moda Feminina | Verão - AON,120242067169520402,OUTCOME_AWARENESS,2026-03-01,306584,139087,2.204261,266,0.086763,1.305188,1.132414,347.18,174.0,0,1.995287,0.0,0,0.0,0.0,0,0.0,0,0,0,0,0,0,0.0,0,0.0,0,0,0,1447.0,0,0.239931,29.0,0,0,1447.0,0,0.239931,0,0,0,0.0,0,0,3.0,0,0,250.0,,,,45.0,female,BS,65.0,37.0,23.0
ALC - Moda Feminina | Verão - AON,120242067169520402,OUTCOME_AWARENESS,2026-03-01,317629,160246,1.982134,225,0.070837,1.601244,1.134279,360.28,133.0,0,2.708872,0.0,0,0.0,0.0,0,0.0,0,0,0,0,0,0,1.0,0,360.28,0,0,0,1244.0,0,0.289614,33.0,0,0,1244.0,0,0.289614,0,0,0,0.0,0,0,1.0,0,0,208.0,,,,38.0,male,BS,63.0,39.0,27.0
ALC - Moda Feminina | Verão - AON,120242067169520402,OUTCOME_AWARENESS,2026-03-01,2391,1178,2.029711,2,0.083647,1.285,1.074864,2.57,1.0,0,2.57,0.0,0,0.0,0.0,0,0.0,0,0,0,0,0,0,0.0,0,0.0,0,0,0,10.0,0,0.257,0.0,0,0,10.0,0,0.257,0,0,0,0.0,0,0,0.0,0,0,2.0,,,,0.0,unknown,BS,1.0,,
ALC - Moda Masculina - AON,120242067335900402,OUTCOME_AWARENESS,2026-03-01,205958,104029,1.979813,186,0.09031,1.362796,1.230736,253.48,120.0,0,2.112333,0.0,0,0.0,1.0,0,253.48,0,0,0,0,0,0,28.0,0,9.052857,0,0,0,1727.0,0,0.146775,21.0,0,0,1727.0,0,0.146775,0,0,0,1.0,0,0,170.0,0,0,329.0,,,,28.0,female,BS,57.0,20.0,16.0
ALC - Moda Masculina - AON,120242067335900402,OUTCOME_AWARENESS,2026-03-01,277676,134163,2.069691,188,0.067705,1.785638,1.208963,335.7,98.0,0,3.42551,0.0,0,0.0,5.0,0,67.14,0,0,0,0,0,0,33.0,0,10.172727,0,0,0,1581.0,0,0.212334,46.0,0,0,1581.0,0,0.212334,0,0,0,5.0,0,0,200.0,0,0,270.0,,,,22.0,male,BS,53.0,20.0,12.0
ALC - Moda Masculina - AON,120242067335900402,OUTCOME_AWARENESS,2026-03-01,1849,945,1.956614,1,0.054083,2.15,1.162791,2.15,0.0,0,0.0,0.0,0,0.0,0.0,0,0.0,0,0,0,0,0,0,0.0,0,0.0,0,0,0,8.0,0,0.26875,0.0,0,0,8.0,0,0.26875,0,0,0,0.0,0,0,0.0,0,0,,,,,0.0,unknown,BS,,,
ALC - Lojas Corredor Zara,120242067408940402,OUTCOME_AWARENESS,2026-03-01,279607,134478,2.079203,284,0.101571,1.117746,1.135308,317.44,186.0,0,1.706667,0.0,0,0.0,2.0,0,158.72,0,0,0,0,0,0,46.0,0,6.90087,0,0,0,13489.0,0,0.023533,37.0,0,0,13489.0,0,0.023533,0,0,0,2.0,0,0,190.0,0,0,2153.0,,,,1.0,female,BS,745.0,324.0,206.0
ALC - Lojas Corredor Zara,120242067408940402,OUTCOME_AWARENESS,2026-03-01,298858,153607,1.945601,222,0.074283,1.506847,1.119328,334.52,142.0,0,2.355775,0.0,0,0.0,4.0,0,83.63,0,0,0,0,0,0,30.0,0,11.150667,0,0,0,14633.0,0,0.022861,47.0,0,0,14633.0,0,0.022861,0,0,0,4.0,0,0,158.0,0,0,2264.0,,,,1.0,male,BS,721.0,324.0,186.0
ALC - Lojas Corredor Zara,120242067408940402,OUTCOME_AWARENESS,2026-03-01,2001,1096,1.82573,1,0.049975,2.0,0.9995,2.0,1.0,0,2.0,0.0,0,0.0,0.0,0,0.0,0,0,0,0,0,0,0.0,0,0.0,0,0,0,82.0,0,0.02439,0.0,0,0,82.0,0,0.02439,0,0,0,0.0,0,0,1.0,0,0,7.0,,,,0.0,unknown,BS,1.0,,
ALC - GASTRONOMIA - BS,120242410811390402,OUTCOME_AWARENESS,2026-03-01,1348728,506667,2.661961,1372,0.101725,1.302915,1.325397,1787.6,947.0,0,1.887645,1.0,0,1787.6,9.0,0,198.622222,0,0,0,0,0,0,150.0,0,11.917333,0,0,0,1100.0,0,1.625091,143.0,0,0,1100.0,0,1.625091,0,0,0,9.0,0,0,827.0,0,0,,,,,307.0,female,BS,,,
ALC - GASTRONOMIA - BS,120242410811390402,OUTCOME_AWARENESS,2026-03-01,1575612,591620,2.663216,1222,0.077557,1.699411,1.318015,2076.68,739.0,0,2.810122,2.0,0,1038.34,7.0,0,296.668571,0,0,0,0,0,0,138.0,0,15.048406,0,0,0,932.0,0,2.228197,186.0,0,0,932.0,0,2.228197,0,0,0,6.0,0,0,792.0,0,0,,,,,196.0,male,BS,,,
ALC - GASTRONOMIA - BS,120242410811390402,OUTCOME_AWARENESS,2026-03-01,12938,4980,2.597992,13,0.100479,1.293077,1.299273,16.81,9.0,0,1.867778,0.0,0,0.0,0.0,0,0.0,0,0,0,0,0,0,0.0,0,0.0,0,0,0,10.0,0,1.681,1.0,0,0,11.0,0,1.528182,0,0,0,0.0,0,0,1.0,0,0,,,,,3.0,unknown,BS,,,
ALC - MINI DAY SPA,120242455605130402,OUTCOME_AWARENESS,2026-03-01,177230,113951,1.555318,244,0.137674,1.027541,1.414659,250.72,99.0,0,2.532525,1.0,0,250.72,1.0,0,250.72,0,0,0,0,0,0,25.0,0,10.0288,0,0,0,10675.0,0,0.023487,55.0,0,0,10675.0,0,0.023487,0,0,0,1.0,0,0,132.0,0,0,853.0,,,,0.0,female,BS,186.0,91.0,58.0
ALC - MINI DAY SPA,120242455605130402,OUTCOME_AWARENESS,2026-03-01,174319,108868,1.601196,252,0.144563,0.981984,1.419581,247.46,121.0,0,2.045124,0.0,0,0.0,2.0,0,123.73,0,0,0,0,0,0,12.0,0,20.621667,0,0,0,16471.0,0,0.015024,51.0,0,0,16471.0,0,0.015024,0,0,0,2.0,0,0,82.0,0,0,1014.0,,,,0.0,male,BS,232.0,103.0,69.0
ALC - MINI DAY SPA,120242455605130402,OUTCOME_AWARENESS,2026-03-01,1372,817,1.679315,1,0.072886,1.82,1.326531,1.82,1.0,0,1.82,0.0,0,0.0,0.0,0,0.0,0,0,0,0,0,0,0.0,0,0.0,0,0,0,94.0,0,0.019362,0.0,0,0,94.0,0,0.019362,0,0,0,0.0,0,0,1.0,0,0,7.0,,,,0.0,unknown,BS,1.0,1.0,1.0
ALC - UNIZUSHI + DULADU,120242554636430402,OUTCOME_AWARENESS,2026-03-01,354870,144060,2.463349,436,0.122862,1.064908,1.308366,464.3,227.0,0,2.045374,146.0,0,3.180137,0.0,0,0.0,0,0,0,0,0,0,0.0,0,0.0,0,0,0,14039.0,0,0.033072,40.0,0,0,14039.0,0,0.033072,0,0,0,0.0,0,0,0.0,0,0,2555.0,,,,213.0,female,BS,583.0,313.0,207.0
ALC - UNIZUSHI + DULADU,120242554636430402,OUTCOME_AWARENESS,2026-03-01,402821,160987,2.502196,408,0.101286,1.27326,1.28963,519.49,188.0,0,2.763245,86.0,0,6.040581,0.0,0,0.0,0,0,0,0,0,0,0.0,0,0.0,0,0,0,19538.0,0,0.026589,71.0,0,0,19538.0,0,0.026589,0,0,0,0.0,0,0,0.0,0,0,3181.0,,,,174.0,male,BS,902.0,477.0,287.0
ALC - UNIZUSHI + DULADU,120242554636430402,OUTCOME_AWARENESS,2026-03-01,3296,1474,2.236092,7,0.212379,0.664286,1.410801,4.65,1.0,0,4.65,1.0,0,4.65,0.0,0,0.0,0,0,0,0,0,0,0.0,0,0.0,0,0,0,156.0,0,0.029808,0.0,0,0,156.0,0,0.029808,0,0,0,0.0,0,0,0.0,0,0,27.0,,,,1.0,unknown,BS,5.0,3.0,2.0
ALC - PASSAPORTE ELAS,120242577698480402,OUTCOME_AWARENESS,2026-03-01,389616,283972,1.372023,710,0.182231,0.921197,1.678704,654.05,610.0,0,1.072213,0.0,0,0.0,10.0,0,65.405,0,0,0,0,0,0,82.0,0,7.97622,0,0,0,630.0,0,1.038175,19.0,0,0,630.0,0,1.038175,0,0,0,10.0,0,0,407.0,0,0,,,,,608.0,female,BS,,,
ALC - PASSAPORTE ELAS,120242577698480402,OUTCOME_AWARENESS,2026-03-01,220241,182689,1.205552,339,0.153922,1.012419,1.558338,343.21,290.0,0,1.183483,0.0,0,0.0,1.0,0,343.21,0,0,0,0,0,0,54.0,0,6.355741,0,0,0,316.0,0,1.086108,25.0,0,0,316.0,0,1.086108,0,0,0,1.0,0,0,262.0,0,0,,,,,290.0,male,BS,,,
ALC - PASSAPORTE ELAS,120242577698480402,OUTCOME_AWARENESS,2026-03-01,1780,1487,1.197041,2,0.11236,1.37,1.539326,2.74,2.0,0,1.37,0.0,0,0.0,0.0,0,0.0,0,0,0,0,0,0,1.0,0,2.74,0,0,0,2.0,0,1.37,0.0,0,0,2.0,0,1.37,0,0,0,0.0,0,0,9.0,0,0,,,,,2.0,unknown,BS,,,
ALC - Heroínas do K-pop,120243021110970402,OUTCOME_AWARENESS,2026-03-01,772866,417983,1.849037,1311,0.169628,0.942365,1.598518,1235.44,946.0,0,1.305962,92.0,0,13.428696,10.0,0,123.544,0,0,0,0,0,0,141.0,0,8.761986,0,0,0,1097.0,0,1.126199,99.0,0,0,1097.0,0,1.126199,0,0,0,10.0,0,0,750.0,0,0,,,,,308.0,female,BS,,,
ALC - Heroínas do K-pop,120243021110970402,OUTCOME_AWARENESS,2026-03-01,793034,402256,1.971466,998,0.125846,1.257495,1.582505,1254.98,730.0,0,1.719151,114.0,0,11.008596,7.0,0,179.282857,0,0,0,0,0,0,96.0,0,13.072708,0,0,0,871.0,0,1.44085,93.0,0,0,871.0,0,1.44085,0,0,0,7.0,0,0,472.0,0,0,,,,,291.0,male,BS,,,
ALC - Heroínas do K-pop,120243021110970402,OUTCOME_AWARENESS,2026-03-01,6068,3285,1.847184,11,0.181279,0.864545,1.567238,9.51,8.0,0,1.18875,1.0,0,9.51,0.0,0,0.0,0,0,0,0,0,0,1.0,0,9.51,0,0,0,10.0,0,0.951,0.0,0,0,10.0,0,0.951,0,0,0,0.0,0,0,4.0,0,0,,,,,4.0,unknown,BS,,,
ALC - PROMO IPHONE,120243347374580402,OUTCOME_AWARENESS,2026-03-01,211584,135140,1.565665,172,0.081292,1.840407,1.496096,316.55,108.0,0,2.931019,1.0,0,316.55,5.0,0,63.31,0,0,0,0,0,0,57.0,0,5.553509,0,0,0,1480.0,0,0.213885,22.0,0,0,1480.0,0,0.213885,0,0,0,5.0,0,0,263.0,0,0,4627.0,,,,80.0,female,BS,1716.0,1045.0,777.0
ALC - PROMO IPHONE,120243347374580402,OUTCOME_AWARENESS,2026-03-01,261940,161800,1.618912,225,0.085898,1.7164,1.474345,386.19,145.0,0,2.663379,1.0,0,386.19,0.0,0,0.0,0,0,0,0,0,0,43.0,0,8.981163,0,0,0,2045.0,0,0.188846,31.0,0,0,2046.0,0,0.188754,0,0,0,0.0,0,0,245.0,0,0,6840.0,,,,118.0,male,BS,2392.0,1445.0,967.0
ALC - PROMO IPHONE,120243347374580402,OUTCOME_AWARENESS,2026-03-01,2103,1378,1.526125,0,0.0,0.0,1.450309,3.05,0.0,0,0.0,0.0,0,0.0,0.0,0,0.0,0,0,0,0,0,0,2.0,0,1.525,0,0,0,20.0,0,0.1525,0.0,0,0,20.0,0,0.1525,0,0,0,0.0,0,0,3.0,0,0,50.0,,,,0.0,unknown,BS,24.0,14.0,11.0
ALC - A casa mágica da Gabby,120243428312700402,OUTCOME_AWARENESS,2026-03-01,118033,87761,1.344937,216,0.183,0.824815,1.509408,178.16,157.0,0,1.134777,58.0,0,3.071724,0.0,0,0.0,0,0,0,0,0,0,0.0,0,0.0,0,0,0,173.0,0,1.029827,10.0,0,0,173.0,0,1.029827,0,0,0,0.0,0,0,0.0,0,0,,,,,125.0,female,BS,,,
ALC - A casa mágica da Gabby,120243428312700402,OUTCOME_AWARENESS,2026-03-01,116633,87951,1.326113,149,0.127751,1.145503,1.463394,170.68,119.0,0,1.434286,46.0,0,3.710435,0.0,0,0.0,0,0,0,0,0,0,0.0,0,0.0,0,0,0,140.0,0,1.219143,16.0,0,0,140.0,0,1.219143,0,0,0,0.0,0,0,0.0,0,0,,,,,97.0,male,BS,,,
ALC - A casa mágica da Gabby,120243428312700402,OUTCOME_AWARENESS,2026-03-01,782,627,1.247209,1,0.127877,1.16,1.483376,1.16,0.0,0,0.0,0.0,0,0.0,0.0,0,0.0,0,0,0,0,0,0,0.0,0,0.0,0,0,0,0.0,0,0.0,0.0,0,0,0.0,0,0.0,0,0,0,0.0,0,0,0.0,0,0,,,,,0.0,unknown,BS,,,
ALC - Programação para os pequenos no fds,120243505357570402,OUTCOME_AWARENESS,2026-03-01,14177,12239,1.158346,22,0.155181,0.825,1.280243,18.15,15.0,0,1.21,0.0,0,0.0,0.0,0,0.0,0,0,0,0,0,0,3.0,0,6.05,0,0,0,15.0,0,1.21,0.0,0,0,15.0,0,1.21,0,0,0,0.0,0,0,10.0,0,0,,,,,4.0,female,BS,,,
ALC - Programação para os pequenos no fds,120243505357570402,OUTCOME_AWARENESS,2026-03-01,16389,13519,1.212294,16,0.097626,1.334375,1.302703,21.35,14.0,0,1.525,0.0,0,0.0,0.0,0,0.0,0,0,0,0,0,0,13.0,0,1.642308,0,0,0,15.0,0,1.423333,1.0,0,0,15.0,0,1.423333,0,0,0,0.0,0,0,40.0,0,0,,,,,1.0,male,BS,,,
ALC - Programação para os pequenos no fds,120243505357570402,OUTCOME_AWARENESS,2026-03-01,88,73,1.205479,0,0.0,0.0,0.909091,0.08,0.0,0,0.0,0.0,0,0.0,0.0,0,0.0,0,0,0,0,0,0,0.0,0,0.0,0,0,0,0.0,0,0.0,0.0,0,0,0.0,0,0.0,0,0,0,0.0,0,0,0.0,0,0,,,,,0.0,unknown,BS,,,
ALC - UNIZUSHI + DULADU,120242554636430402,OUTCOME_AWARENESS,2026-04-01,366411,160044,2.289439,533,0.145465,0.823189,1.197453,438.76,290.0,0,1.512966,77.0,0,5.698182,0.0,0,0.0,0,0,0,0,0,0,0.0,0,0.0,0,0,0,11778.0,0,0.037253,55.0,0,0,11778.0,0,0.037253,0,0,0,0.0,0,0,0.0,0,0,1986.0,,,,114.0,female,BS,531.0,281.0,160.0
ALC - UNIZUSHI + DULADU,120242554636430402,OUTCOME_AWARENESS,2026-04-01,434879,197037,2.207093,524,0.120493,0.990592,1.193596,519.07,308.0,0,1.685292,62.0,0,8.372097,0.0,0,0.0,0,0,0,0,0,0,0.0,0,0.0,0,0,0,14863.0,0,0.034924,77.0,0,0,14863.0,0,0.034924,0,0,0,0.0,0,0,0.0,0,0,2361.0,,,,92.0,male,BS,667.0,330.0,181.0
ALC - UNIZUSHI + DULADU,120242554636430402,OUTCOME_AWARENESS,2026-04-01,3549,1659,2.139241,4,0.112708,1.1,1.239786,4.4,2.0,0,2.2,0.0,0,0.0,0.0,0,0.0,0,0,0,0,0,0,0.0,0,0.0,0,0,0,134.0,0,0.032836,2.0,0,0,134.0,0,0.032836,0,0,0,0.0,0,0,0.0,0,0,18.0,,,,0.0,unknown,BS,8.0,4.0,2.0
ALC - PROMO IPHONE,120243347374580402,OUTCOME_AWARENESS,2026-04-01,783248,329051,2.380324,669,0.085414,1.536592,1.312458,1027.98,316.0,0,3.253101,7.0,0,146.854286,14.0,0,73.427143,0,0,0,0,0,0,299.0,0,3.43806,0,0,0,6126.0,0,0.167806,99.0,0,0,6127.0,0,0.167779,0,0,0,14.0,0,0,1129.0,0,0,22493.0,,,,227.0,female,BS,7083.0,4073.0,2847.0
ALC - PROMO IPHONE,120243347374580402,OUTCOME_AWARENESS,2026-04-01,959793,403692,2.377538,777,0.080955,1.615701,1.30799,1255.4,344.0,0,3.649419,4.0,0,313.85,15.0,0,83.693333,0,0,0,0,0,0,217.0,0,5.785253,0,0,0,8889.0,0,0.141231,157.0,0,0,8890.0,0,0.141215,0,0,0,15.0,0,0,997.0,0,0,32153.0,,,,242.0,male,BS,10347.0,5943.0,4002.0
ALC - PROMO IPHONE,120243347374580402,OUTCOME_AWARENESS,2026-04-01,7718,3366,2.292929,6,0.07774,1.761667,1.369526,10.57,2.0,0,5.285,0.0,0,0.0,0.0,0,0.0,0,0,0,0,0,0,1.0,0,10.57,0,0,0,59.0,0,0.179153,1.0,0,0,59.0,0,0.179153,0,0,0,0.0,0,0,10.0,0,0,211.0,,,,2.0,unknown,BS,68.0,37.0,27.0
ALC - Programação para os pequenos no fds,120243505357570402,OUTCOME_AWARENESS,2026-04-01,0,0,0.0,0,0.0,0.0,0.0,0.0,0.0,0,0.0,0.0,0,0.0,0.0,0,0.0,0,0,0,0,0,0,0.0,0,0.0,0,0,0,0.0,0,0.0,0.0,0,0,0.0,0,0.0,0,0,0,0.0,0,0,0.0,0,0,,,,,0.0,female,BS,,,
TRAF - IPHONE,120244150237280402,LINK_CLICKS,2026-04-01,133678,49845,2.681874,3621,2.708748,0.20327,5.506067,736.04,3370.0,0,0.21841,731.0,0,1.006895,17.0,0,43.296471,0,0,0,0,0,0,201.0,0,3.661891,0,0,0,4376.0,0,0.168199,208.0,0,0,4380.0,0,0.168046,0,0,0,17.0,0,0,728.0,0,0,1574.0,,,,3369.0,female,BS,796.0,521.0,398.0
TRAF - IPHONE,120244150237280402,LINK_CLICKS,2026-04-01,52687,23317,2.259596,1270,2.410462,0.206142,4.968968,261.8,1207.0,0,0.216901,255.0,0,1.026667,3.0,0,87.266667,0,0,0,0,0,0,35.0,0,7.48,0,0,0,1470.0,0,0.178095,50.0,0,0,1470.0,0,0.178095,0,0,0,3.0,0,0,202.0,0,0,407.0,,,,1207.0,male,BS,203.0,141.0,98.0
TRAF - IPHONE,120244150237280402,LINK_CLICKS,2026-04-01,411,197,2.086294,9,2.189781,0.226667,4.963504,2.04,6.0,0,0.34,0.0,0,0.0,0.0,0,0.0,0,0,0,0,0,0,1.0,0,2.04,0,0,0,7.0,0,0.291429,0.0,0,0,7.0,0,0.291429,0,0,0,0.0,0,0,2.0,0,0,4.0,,,,6.0,unknown,BS,1.0,1.0,1.0
ALC -  New in: Louen,120244275580200402,OUTCOME_AWARENESS,2026-04-01,97462,65015,1.499069,89,0.091318,1.32809,1.21278,118.2,64.0,0,1.846875,0.0,0,0.0,5.0,0,23.64,0,0,0,0,0,0,44.0,0,2.686364,0,0,0,73.0,0,1.619178,9.0,0,0,73.0,0,1.619178,0,0,0,5.0,0,0,150.0,0,0,,,,,8.0,female,BS,,,
ALC -  New in: Louen,120244275580200402,OUTCOME_AWARENESS,2026-04-01,103385,69503,1.48749,68,0.065774,1.827059,1.201722,124.24,39.0,0,3.185641,1.0,0,124.24,1.0,0,124.24,0,0,0,0,0,0,15.0,0,8.282667,0,0,0,50.0,0,2.4848,11.0,0,0,50.0,0,2.4848,0,0,0,1.0,0,0,88.0,0,0,,,,,6.0,male,BS,,,
ALC -  New in: Louen,120244275580200402,OUTCOME_AWARENESS,2026-04-01,799,565,1.414159,0,0.0,0.0,1.151439,0.92,0.0,0,0.0,0.0,0,0.0,0.0,0,0.0,0,0,0,0,0,0,0.0,0,0.0,0,0,0,0.0,0,0.0,0.0,0,0,0.0,0,0.0,0,0,0,0.0,0,0,0.0,0,0,,,,,0.0,unknown,BS,,,
ALC - Orion Verso,120244275602510402,OUTCOME_AWARENESS,2026-04-01,45169,32234,1.401284,41,0.09077,1.392195,1.263699,57.08,22.0,0,2.594545,0.0,0,0.0,0.0,0,0.0,0,0,0,0,0,0,13.0,0,4.390769,0,0,0,27.0,0,2.114074,5.0,0,0,27.0,0,2.114074,0,0,0,0.0,0,0,82.0,0,0,,,,,3.0,female,BS,,,
ALC - Orion Verso,120244275602510402,OUTCOME_AWARENESS,2026-04-01,52598,35801,1.469177,60,0.114073,1.105333,1.260884,66.32,29.0,0,2.286897,0.0,0,0.0,0.0,0,0.0,0,0,0,0,0,0,21.0,0,3.158095,0,0,0,45.0,0,1.473778,15.0,0,0,45.0,0,1.473778,0,0,0,0.0,0,0,90.0,0,0,,,,,9.0,male,BS,,,
ALC - Orion Verso,120244275602510402,OUTCOME_AWARENESS,2026-04-01,330,239,1.380753,0,0.0,0.0,1.151515,0.38,0.0,0,0.0,0.0,0,0.0,0.0,0,0.0,0,0,0,0,0,0,0.0,0,0.0,0,0,0,0.0,0,0.0,0.0,0,0,0.0,0,0.0,0,0,0,0.0,0,0,0.0,0,0,,,,,0.0,unknown,BS,,,
ALC | A menina mágica,120245113213580402,OUTCOME_AWARENESS,2026-04-01,37871,26446,1.432012,72,0.190119,0.663611,1.261651,47.78,62.0,0,0.770645,35.0,0,1.365143,0.0,0,0.0,0,0,0,0,0,0,29.0,0,1.647586,0,0,0,72.0,0,0.663611,4.0,0,0,72.0,0,0.663611,0,0,0,0.0,0,0,54.0,0,0,,,,,62.0,female,BS,,,
ALC | A menina mágica,120245113213580402,OUTCOME_AWARENESS,2026-04-01,29190,20421,1.429411,42,0.143885,0.889286,1.279548,37.35,34.0,0,1.098529,22.0,0,1.697727,2.0,0,18.675,0,0,0,0,0,0,12.0,0,3.1125,0,0,0,37.0,0,1.009459,2.0,0,0,37.0,0,1.009459,0,0,0,2.0,0,0,31.0,0,0,,,,,34.0,male,BS,,,
ALC | A menina mágica,120245113213580402,OUTCOME_AWARENESS,2026-04-01,226,164,1.378049,0,0.0,0.0,1.238938,0.28,0.0,0,0.0,0.0,0,0.0,0.0,0,0.0,0,0,0,0,0,0,0.0,0,0.0,0,0,0,0.0,0,0.0,0.0,0,0,0.0,0,0.0,0,0,0,0.0,0,0,0.0,0,0,,,,,0.0,unknown,BS,,,
ALC - Golden,120245123572570402,OUTCOME_AWARENESS,2026-04-01,175999,123894,1.420561,236,0.134092,1.109746,1.488077,261.9,172.0,0,1.522674,3.0,0,87.3,8.0,0,32.7375,0,0,0,0,0,0,179.0,0,1.463128,0,0,0,7214.0,0,0.036304,32.0,0,0,7214.0,0,0.036304,0,0,0,8.0,0,0,410.0,0,0,1440.0,,,,0.0,female,BS,289.0,172.0,78.0
ALC - Golden,120245123572570402,OUTCOME_AWARENESS,2026-04-01,157809,110791,1.424385,180,0.114062,1.314056,1.498837,236.53,146.0,0,1.620068,0.0,0,0.0,2.0,0,118.265,0,0,0,0,0,0,80.0,0,2.956625,0,0,0,8093.0,0,0.029226,41.0,0,0,8093.0,0,0.029226,0,0,0,2.0,0,0,189.0,0,0,1424.0,,,,0.0,male,BS,330.0,160.0,66.0
ALC - Golden,120245123572570402,OUTCOME_AWARENESS,2026-04-01,1065,806,1.32134,2,0.187793,0.765,1.43662,1.53,1.0,0,1.53,0.0,0,0.0,0.0,0,0.0,0,0,0,0,0,0,1.0,0,1.53,0,0,0,44.0,0,0.034773,0.0,0,0,44.0,0,0.034773,0,0,0,0.0,0,0,3.0,0,0,10.0,,,,0.0,unknown,BS,1.0,1.0,
ALC | A menina mágica,120245113213580402,OUTCOME_AWARENESS,2026-05-01,0,0,0.0,0,0.0,0.0,0.0,0.0,0.0,0,0.0,0.0,0,0.0,0.0,0,0.0,0,0,0,0,0,0,0.0,0,0.0,0,0,0,0.0,0,0.0,0.0,0,0,0.0,0,0.0,0,0,0,0.0,0,0,7.0,0,0,,,,,0.0,female,BS,,,
ALC - Gastronomia — AON,120217368581940157,OUTCOME_AWARENESS,2025-11-08,203270,133197,1.526085,200,0.098391,1.73935,1.711369,347.87,135.0,0,2.576815,0.0,0,0.0,0.0,0,0.0,0,0,0,0,0,0,0.0,0,0.0,0,0,0,7884.0,0,0.044124,52.0,0,0,7884.0,0,0.044124,0,0,0,0.0,0,0,0.0,0,0,2606.0,,,,63.0,female,NK,845.0,359.0,214.0
ALC - Gastronomia — AON,120217368581940157,OUTCOME_AWARENESS,2025-11-08,201940,131547,1.535117,189,0.093592,1.825979,1.708973,345.11,105.0,0,3.286762,0.0,0,0.0,0.0,0,0.0,0,0,0,0,0,0,0.0,0,0.0,0,0,0,7644.0,0,0.045148,45.0,0,0,7644.0,0,0.045148,0,0,0,0.0,0,0,0.0,0,0,2226.0,,,,44.0,male,NK,743.0,302.0,190.0
ALC - Gastronomia — AON,120217368581940157,OUTCOME_AWARENESS,2025-11-08,1635,1141,1.432954,2,0.122324,1.25,1.529052,2.5,2.0,0,1.25,0.0,0,0.0,0.0,0,0.0,0,0,0,0,0,0,0.0,0,0.0,0,0,0,64.0,0,0.039063,0.0,0,0,64.0,0,0.039063,0,0,0,0.0,0,0,0.0,0,0,17.0,,,,2.0,unknown,NK,7.0,2.0,1.0
ALC - Promo Natal 25,120234188543950157,OUTCOME_AWARENESS,2025-11-08,179851,126196,1.425172,342,0.190157,0.813772,1.547448,278.31,222.0,0,1.253649,0.0,0,0.0,0.0,0,0.0,0,0,0,0,0,0,0.0,0,0.0,0,0,0,782.0,0,0.355895,19.0,0,0,782.0,0,0.355895,0,0,0,0.0,0,0,0.0,0,0,2055.0,,,,141.0,female,NK,530.0,279.0,171.0
ALC - Promo Natal 25,120234188543950157,OUTCOME_AWARENESS,2025-11-08,282482,179391,1.574672,400,0.141602,1.0958,1.551674,438.32,297.0,0,1.475825,0.0,0,0.0,0.0,0,0.0,0,0,0,0,0,0,0.0,0,0.0,0,0,0,1494.0,0,0.293387,36.0,0,0,1494.0,0,0.293387,0,0,0,0.0,0,0,0.0,0,0,5451.0,,,,232.0,male,NK,1468.0,729.0,467.0
ALC - Promo Natal 25,120234188543950157,OUTCOME_AWARENESS,2025-11-08,4063,3250,1.250154,12,0.295348,0.475,1.402904,5.7,6.0,0,0.95,0.0,0,0.0,0.0,0,0.0,0,0,0,0,0,0,0.0,0,0.0,0,0,0,17.0,0,0.335294,0.0,0,0,17.0,0,0.335294,0,0,0,0.0,0,0,0.0,0,0,52.0,,,,6.0,unknown,NK,20.0,9.0,5.0
TRAF - Promo Natal 25,120234188664020157,LINK_CLICKS,2025-11-08,107861,37604,2.868338,1798,1.66696,0.206357,3.43989,371.03,1240.0,0,0.299218,418.0,0,0.887632,0.0,0,0.0,0,0,0,0,0,0,0.0,0,0.0,0,0,0,9159.0,0,0.04051,84.0,0,0,9159.0,0,0.04051,0,0,0,0.0,0,0,0.0,0,0,16567.0,,,,1239.0,female,NK,6875.0,3659.0,2387.0
TRAF - Promo Natal 25,120234188664020157,LINK_CLICKS,2025-11-08,118793,44926,2.644193,1606,1.351932,0.217472,2.940072,349.26,1227.0,0,0.284645,420.0,0,0.831571,0.0,0,0.0,0,0,0,0,0,0,0.0,0,0.0,0,0,0,8279.0,0,0.042186,47.0,0,0,8280.0,0,0.042181,0,0,0,0.0,0,0,0.0,0,0,15774.0,,,,1227.0,male,NK,6280.0,3459.0,2226.0
TRAF - Promo Natal 25,120234188664020157,LINK_CLICKS,2025-11-08,1992,1464,1.360656,25,1.25502,0.2268,2.846386,5.67,22.0,0,0.257727,9.0,0,0.63,0.0,0,0.0,0,0,0,0,0,0,0.0,0,0.0,0,0,0,110.0,0,0.051545,0.0,0,0,110.0,0,0.051545,0,0,0,0.0,0,0,0.0,0,0,196.0,,,,22.0,unknown,NK,92.0,51.0,35.0
ALC - Arvore Solidária,120234357546450157,OUTCOME_AWARENESS,2025-11-08,73816,51997,1.41962,95,0.128698,1.325895,1.706405,125.96,75.0,0,1.679467,0.0,0,0.0,0.0,0,0.0,0,0,0,0,0,0,0.0,0,0.0,0,0,0,337.0,0,0.373769,7.0,0,0,337.0,0,0.373769,0,0,0,0.0,0,0,0.0,0,0,1425.0,,,,0.0,female,NK,444.0,254.0,169.0
ALC - Arvore Solidária,120234357546450157,OUTCOME_AWARENESS,2025-11-08,86817,58865,1.474849,81,0.0933,1.805185,1.684232,146.22,58.0,0,2.521034,0.0,0,0.0,0.0,0,0.0,0,0,0,0,0,0,0.0,0,0.0,0,0,0,374.0,0,0.390963,5.0,0,0,374.0,0,0.390963,0,0,0,0.0,0,0,0.0,0,0,1673.0,,,,0.0,male,NK,545.0,310.0,230.0
ALC - Arvore Solidária,120234357546450157,OUTCOME_AWARENESS,2025-11-08,730,539,1.35436,0,0.0,0.0,1.890411,1.38,0.0,0,0.0,0.0,0,0.0,0.0,0,0.0,0,0,0,0,0,0,0.0,0,0.0,0,0,0,3.0,0,0.46,0.0,0,0,3.0,0,0.46,0,0,0,0.0,0,0,0.0,0,0,16.0,,,,0.0,unknown,NK,3.0,3.0,2.0
ALC - Mercado Shelf,120234830692550157,OUTCOME_AWARENESS,2025-11-08,36917,31029,1.189758,35,0.094807,1.831714,1.736598,64.11,25.0,0,2.5644,0.0,0,0.0,0.0,0,0.0,0,0,0,0,0,0,0.0,0,0.0,0,0,0,942.0,0,0.068057,5.0,0,0,942.0,0,0.068057,0,0,0,0.0,0,0,0.0,0,0,276.0,,,,0.0,female,NK,45.0,28.0,13.0
ALC - Mercado Shelf,120234830692550157,OUTCOME_AWARENESS,2025-11-08,34931,28973,1.20564,30,0.085884,2.047,1.758037,61.41,20.0,0,3.0705,0.0,0,0.0,0.0,0,0.0,0,0,0,0,0,0,0.0,0,0.0,0,0,0,966.0,0,0.063571,8.0,0,0,966.0,0,0.063571,0,0,0,0.0,0,0,0.0,0,0,231.0,,,,0.0,male,NK,49.0,32.0,23.0
ALC - Mercado Shelf,120234830692550157,OUTCOME_AWARENESS,2025-11-08,258,223,1.156951,0,0.0,0.0,1.860465,0.48,0.0,0,0.0,0.0,0,0.0,0.0,0,0.0,0,0,0,0,0,0,0.0,0,0.0,0,0,0,3.0,0,0.16,0.0,0,0,3.0,0,0.16,0,0,0,0.0,0,0,0.0,0,0,1.0,,,,0.0,unknown,NK,,,
ENG - Decoração Natal,120234835113290157,OUTCOME_ENGAGEMENT,2025-11-08,9719,4268,2.277179,18,0.185204,3.646667,6.753781,65.64,0.0,0,0.0,0.0,0,0.0,0.0,0,0.0,0,0,0,0,0,0,0.0,0,0.0,0,0,0,1447.0,0,0.045363,559.0,0,0,1447.0,0,0.045363,0,0,0,0.0,0,0,0.0,0,0,342.0,,,,0.0,female,NK,130.0,80.0,50.0
ENG - Decoração Natal,120234835113290157,OUTCOME_ENGAGEMENT,2025-11-08,6767,2813,2.405617,11,0.162554,4.498182,7.311955,49.48,1.0,0,49.48,0.0,0,0.0,0.0,0,0.0,0,0,0,0,0,0,0.0,0,0.0,0,0,0,733.0,0,0.067503,321.0,0,0,733.0,0,0.067503,0,0,0,0.0,0,0,0.0,0,0,153.0,,,,1.0,male,NK,69.0,45.0,24.0
ENG - Decoração Natal,120234835113290157,OUTCOME_ENGAGEMENT,2025-11-08,117,52,2.25,0,0.0,0.0,7.094017,0.83,0.0,0,0.0,0.0,0,0.0,0.0,0,0.0,0,0,0,0,0,0,0.0,0,0.0,0,0,0,7.0,0,0.118571,3.0,0,0,7.0,0,0.118571,0,0,0,0.0,0,0,0.0,0,0,3.0,,,,0.0,unknown,NK,,,
ALC- Black Friday NK,120234972150530157,OUTCOME_AWARENESS,2025-11-08,243745,204171,1.193828,262,0.107489,1.883664,2.024739,493.52,206.0,0,2.395728,0.0,0,0.0,0.0,0,0.0,0,0,0,0,0,0,0.0,0,0.0,0,0,0,516.0,0,0.956434,12.0,0,0,516.0,0,0.956434,0,0,0,0.0,0,0,0.0,0,0,206.0,,,,133.0,female,NK,105.0,50.0,12.0
ALC- Black Friday NK,120234972150530157,OUTCOME_AWARENESS,2025-11-08,249383,216030,1.154391,258,0.103455,1.948178,2.015494,502.63,198.0,0,2.538535,0.0,0,0.0,0.0,0,0.0,0,0,0,0,0,0,0.0,0,0.0,0,0,0,553.0,0,0.908915,22.0,0,0,553.0,0,0.908915,0,0,0,0.0,0,0,0.0,0,0,209.0,,,,116.0,male,NK,101.0,53.0,26.0
ALC- Black Friday NK,120234972150530157,OUTCOME_AWARENESS,2025-11-08,1904,1664,1.144231,1,0.052521,3.8,1.995798,3.8,1.0,0,3.8,0.0,0,0.0,0.0,0,0.0,0,0,0,0,0,0,0.0,0,0.0,0,0,0,4.0,0,0.95,0.0,0,0,4.0,0,0.95,0,0,0,0.0,0,0,0.0,0,0,1.0,,,,1.0,unknown,NK,1.0,1.0,
ALC- Espetáculo de Natal,120235247951700157,OUTCOME_AWARENESS,2025-11-08,260464,252588,1.031181,420,0.161251,1.812571,2.922784,761.28,306.0,0,2.487843,0.0,0,0.0,0.0,0,0.0,0,0,0,0,0,0,0.0,0,0.0,0,0,0,369.0,0,2.063089,25.0,0,0,369.0,0,2.063089,0,0,0,0.0,0,0,0.0,0,0,8.0,,,,0.0,female,NK,1.0,,
ALC- Espetáculo de Natal,120235247951700157,OUTCOME_AWARENESS,2025-11-08,252853,251482,1.005452,311,0.122996,2.354823,2.896347,732.35,224.0,0,3.26942,0.0,0,0.0,0.0,0,0.0,0,0,0,0,0,0,0.0,0,0.0,0,0,0,269.0,0,2.722491,26.0,0,0,269.0,0,2.722491,0,0,0,0.0,0,0,0.0,0,0,5.0,,,,0.0,male,NK,4.0,3.0,2.0
ALC- Espetáculo de Natal,120235247951700157,OUTCOME_AWARENESS,2025-11-08,2296,2237,1.026375,4,0.174216,1.5925,2.77439,6.37,4.0,0,1.5925,0.0,0,0.0,0.0,0,0.0,0,0,0,0,0,0,0.0,0,0.0,0,0,0,4.0,0,1.5925,0.0,0,0,4.0,0,1.5925,0,0,0,0.0,0,0,0.0,0,0,,,,,0.0,unknown,NK,,,
VISUALIZAÇOES - ESPETACULO DE NATAL,120235343099230157,OUTCOME_AWARENESS,2025-11-08,26723,22973,1.163235,205,0.767129,1.872244,14.362534,383.81,154.0,0,2.492273,0.0,0,0.0,0.0,0,0.0,0,0,0,0,0,0,0.0,0,0.0,0,0,0,11561.0,0,0.033199,152.0,0,0,11561.0,0,0.033199,0,0,0,0.0,0,0,0.0,0,0,7069.0,,,,0.0,female,NK,4645.0,2194.0,1802.0
VISUALIZAÇOES - ESPETACULO DE NATAL,120235343099230157,OUTCOME_AWARENESS,2025-11-08,7397,6976,1.06035,46,0.621874,2.489783,15.483304,114.53,34.0,0,3.368529,0.0,0,0.0,0.0,0,0.0,0,0,0,0,0,0,0.0,0,0.0,0,0,0,3219.0,0,0.035579,22.0,0,0,3219.0,0,0.035579,0,0,0,0.0,0,0,0.0,0,0,2040.0,,,,0.0,male,NK,1407.0,673.0,581.0
VISUALIZAÇOES - ESPETACULO DE NATAL,120235343099230157,OUTCOME_AWARENESS,2025-11-08,120,104,1.153846,2,1.666667,0.81,13.5,1.62,2.0,0,0.81,0.0,0,0.0,0.0,0,0.0,0,0,0,0,0,0,0.0,0,0.0,0,0,0,47.0,0,0.034468,0.0,0,0,47.0,0,0.034468,0,0,0,0.0,0,0,0.0,0,0,23.0,,,,0.0,unknown,NK,16.0,4.0,3.0
ALC - Gastronomia — AON,120217368581940157,OUTCOME_AWARENESS,2025-12-01,369480,207017,1.784781,320,0.086608,1.540155,1.3339,492.849545,208.0,0,2.369469,0.0,0,0.0,0.0,0,0.0,0,0,0,0,0,0,0.0,0,0.0,0,0,0,12868.0,0,0.0383,38.0,0,0,12868.0,0,0.0383,0,0,0,0.0,0,0,0.0,0,0,2456.0,,,,11.0,female,NK,998.0,338.0,221.0
ALC - Gastronomia — AON,120217368581940157,OUTCOME_AWARENESS,2025-12-01,321445,182928,1.757221,271,0.084307,1.599779,1.348722,433.539972,183.0,0,2.369071,0.0,0,0.0,0.0,0,0.0,0,0,0,0,0,0,0.0,0,0.0,0,0,0,12027.0,0,0.036047,38.0,0,0,12027.0,0,0.036047,0,0,0,0.0,0,0,0.0,0,0,2181.0,,,,9.0,male,NK,764.0,275.0,176.0
ALC - Gastronomia — AON,120217368581940157,OUTCOME_AWARENESS,2025-12-01,2328,1392,1.672414,4,0.171821,0.747621,1.284572,2.990483,2.0,0,1.495241,0.0,0,0.0,0.0,0,0.0,0,0,0,0,0,0,0.0,0,0.0,0,0,0,96.0,0,0.031151,1.0,0,0,96.0,0,0.031151,0,0,0,0.0,0,0,0.0,0,0,20.0,,,,0.0,unknown,NK,11.0,7.0,4.0
ALC - Promo Natal 25,120234188543950157,OUTCOME_AWARENESS,2025-12-01,548465,331775,1.653123,949,0.173028,0.723798,1.252376,686.884494,676.0,0,1.016101,0.0,0,0.0,0.0,0,0.0,0,0,0,0,0,0,0.0,0,0.0,0,0,0,1953.0,0,0.351707,50.0,0,0,1953.0,0,0.351707,0,0,0,0.0,0,0,0.0,0,0,1526.0,,,,575.0,female,NK,459.0,258.0,168.0
ALC - Promo Natal 25,120234188543950157,OUTCOME_AWARENESS,2025-12-01,738442,388226,1.902093,1035,0.14016,0.91215,1.278469,944.074898,716.0,0,1.31854,0.0,0,0.0,0.0,0,0.0,0,0,0,0,0,0,0.0,0,0.0,0,0,0,3083.0,0,0.30622,112.0,0,0,3083.0,0,0.30622,0,0,0,0.0,0,0,0.0,0,0,3317.0,,,,631.0,male,NK,1115.0,598.0,370.0
ALC - Promo Natal 25,120234188543950157,OUTCOME_AWARENESS,2025-12-01,5896,3326,1.7727,11,0.186567,0.697328,1.300985,7.670609,9.0,0,0.85229,0.0,0,0.0,0.0,0,0.0,0,0,0,0,0,0,0.0,0,0.0,0,0,0,26.0,0,0.295023,0.0,0,0,26.0,0,0.295023,0,0,0,0.0,0,0,0.0,0,0,15.0,,,,7.0,unknown,NK,9.0,5.0,2.0
TRAF - Promo Natal 25,120234188664020157,LINK_CLICKS,2025-12-01,212399,63592,3.340027,6281,2.95717,0.14364,4.247666,902.200016,4000.0,0,0.22555,1752.0,0,0.514954,0.0,0,0.0,0,0,0,0,0,0,0.0,0,0.0,0,0,0,36302.0,0,0.024853,337.0,0,0,36311.0,0,0.024846,0,0,0,0.0,0,0,0.0,0,0,11605.0,,,,3994.0,female,NK,4649.0,2586.0,1343.0
TRAF - Promo Natal 25,120234188664020157,LINK_CLICKS,2025-12-01,181376,56283,3.222572,4652,2.564838,0.157665,4.043862,733.459439,3213.0,0,0.228279,1430.0,0,0.512909,0.0,0,0.0,0,0,0,0,0,0,0.0,0,0.0,0,0,0,25905.0,0,0.028313,146.0,0,0,25907.0,0,0.028311,0,0,0,0.0,0,0,0.0,0,0,8939.0,,,,3208.0,male,NK,3604.0,2065.0,1029.0
TRAF - Promo Natal 25,120234188664020157,LINK_CLICKS,2025-12-01,998,371,2.690027,31,3.106212,0.144211,4.479504,4.470545,20.0,0,0.223527,9.0,0,0.496727,0.0,0,0.0,0,0,0,0,0,0,0.0,0,0.0,0,0,0,139.0,0,0.032162,1.0,0,0,139.0,0,0.032162,0,0,0,0.0,0,0,0.0,0,0,60.0,,,,20.0,unknown,NK,30.0,17.0,12.0
ALC - Arvore Solidária,120234357546450157,OUTCOME_AWARENESS,2025-12-01,73748,68211,1.081175,83,0.112545,1.362048,1.532922,113.049958,68.0,0,1.662499,0.0,0,0.0,0.0,0,0.0,0,0,0,0,0,0,0.0,0,0.0,0,0,0,155.0,0,0.729355,1.0,0,0,155.0,0,0.729355,0,0,0,0.0,0,0,0.0,0,0,6.0,,,,0.0,female,NK,2.0,2.0,2.0
ALC - Arvore Solidária,120234357546450157,OUTCOME_AWARENESS,2025-12-01,75555,70870,1.066107,81,0.107207,1.390245,1.490435,112.609841,66.0,0,1.70621,0.0,0,0.0,0.0,0,0.0,0,0,0,0,0,0,0.0,0,0.0,0,0,0,144.0,0,0.782013,3.0,0,0,144.0,0,0.782013,0,0,0,0.0,0,0,0.0,0,0,10.0,,,,1.0,male,NK,1.0,,
ALC - Arvore Solidária,120234357546450157,OUTCOME_AWARENESS,2025-12-01,577,521,1.107486,1,0.17331,0.760201,1.317507,0.760201,1.0,0,0.760201,0.0,0,0.0,0.0,0,0.0,0,0,0,0,0,0,0.0,0,0.0,0,0,0,3.0,0,0.2534,0.0,0,0,3.0,0,0.2534,0,0,0,0.0,0,0,0.0,0,0,,,,,0.0,unknown,NK,,,
ALC - Mercado Shelf,120234830692550157,OUTCOME_AWARENESS,2025-12-01,59986,43308,1.385102,56,0.093355,1.644044,1.534799,92.066463,39.0,0,2.360679,0.0,0,0.0,0.0,0,0.0,0,0,0,0,0,0,0.0,0,0.0,0,0,0,1412.0,0,0.065203,2.0,0,0,1412.0,0,0.065203,0,0,0,0.0,0,0,0.0,0,0,399.0,,,,0.0,female,NK,56.0,25.0,17.0
ALC - Mercado Shelf,120234830692550157,OUTCOME_AWARENESS,2025-12-01,53762,40437,1.329525,59,0.109743,1.37548,1.509492,81.153327,45.0,0,1.803407,0.0,0,0.0,0.0,0,0.0,0,0,0,0,0,0,0.0,0,0.0,0,0,0,1568.0,0,0.051756,5.0,0,0,1568.0,0,0.051756,0,0,0,0.0,0,0,0.0,0,0,403.0,,,,0.0,male,NK,82.0,46.0,24.0
ALC - Mercado Shelf,120234830692550157,OUTCOME_AWARENESS,2025-12-01,400,308,1.298701,0,0.0,0.0,1.825525,0.73021,0.0,0,0.0,0.0,0,0.0,0.0,0,0.0,0,0,0,0,0,0,0.0,0,0.0,0,0,0,10.0,0,0.073021,0.0,0,0,10.0,0,0.073021,0,0,0,0.0,0,0,0.0,0,0,4.0,,,,0.0,unknown,NK,1.0,1.0,1.0
ENG - Decoração Natal,120234835113290157,OUTCOME_ENGAGEMENT,2025-12-01,11921,6166,1.933344,27,0.226491,2.737368,6.199894,73.908932,3.0,0,24.636311,0.0,0,0.0,0.0,0,0.0,0,0,0,0,0,0,0.0,0,0.0,0,0,0,1703.0,0,0.043399,544.0,0,0,1703.0,0,0.043399,0,0,0,0.0,0,0,0.0,0,0,422.0,,,,1.0,female,NK,160.0,99.0,54.0
ENG - Decoração Natal,120234835113290157,OUTCOME_ENGAGEMENT,2025-12-01,7640,3742,2.041689,8,0.104712,6.632596,6.945127,53.060771,0.0,0,0.0,0.0,0,0.0,0.0,0,0.0,0,0,0,0,0,0,0.0,0,0.0,0,0,0,850.0,0,0.062424,323.0,0,0,850.0,0,0.062424,0,0,0,0.0,0,0,0.0,0,0,172.0,,,,0.0,male,NK,71.0,45.0,30.0
ENG - Decoração Natal,120234835113290157,OUTCOME_ENGAGEMENT,2025-12-01,135,78,1.730769,1,0.740741,0.760298,5.631834,0.760298,0.0,0,0.0,0.0,0,0.0,0.0,0,0.0,0,0,0,0,0,0,0.0,0,0.0,0,0,0,18.0,0,0.042239,8.0,0,0,18.0,0,0.042239,0,0,0,0.0,0,0,0.0,0,0,3.0,,,,0.0,unknown,NK,2.0,1.0,1.0
ALC- Black Friday NK,120234972150530157,OUTCOME_AWARENESS,2025-12-01,0,0,0.0,0,0.0,0.0,0.0,0.0,0.0,0,0.0,0.0,0,0.0,0.0,0,0.0,0,0,0,0,0,0,0.0,0,0.0,0,0,0,0.0,0,0.0,0.0,0,0,0.0,0,0.0,0,0,0,0.0,0,0,0.0,0,0,,,,,0.0,female,NK,,,
ALC- Black Friday NK,120234972150530157,OUTCOME_AWARENESS,2025-12-01,0,0,0.0,0,0.0,0.0,0.0,0.0,0.0,0,0.0,0.0,0,0.0,0.0,0,0.0,0,0,0,0,0,0,0.0,0,0.0,0,0,0,0.0,0,0.0,0.0,0,0,0.0,0,0.0,0,0,0,0.0,0,0,0.0,0,0,,,,,0.0,male,NK,,,
ALC- Inauguração Brasileirisse - Empréstimo NR,120235718036840157,OUTCOME_AWARENESS,2025-12-01,41391,41366,1.000604,90,0.217439,0.730162,1.587653,65.714559,64.0,0,1.02679,0.0,0,0.0,0.0,0,0.0,0,0,0,0,0,0,0.0,0,0.0,0,0,0,498.0,0,0.131957,5.0,0,0,498.0,0,0.131957,0,0,0,0.0,0,0,0.0,0,0,362.0,,,,64.0,female,NK,168.0,108.0,81.0
ALC- Inauguração Brasileirisse - Empréstimo NR,120235718036840157,OUTCOME_AWARENESS,2025-12-01,42123,41523,1.01445,73,0.173302,0.909932,1.57693,66.425041,50.0,0,1.328501,0.0,0,0.0,0.0,0,0.0,0,0,0,0,0,0,0.0,0,0.0,0,0,0,459.0,0,0.144717,8.0,0,0,459.0,0,0.144717,0,0,0,0.0,0,0,0.0,0,0,325.0,,,,50.0,male,NK,145.0,92.0,65.0
ALC- Inauguração Brasileirisse - Empréstimo NR,120235718036840157,OUTCOME_AWARENESS,2025-12-01,359,359,1.0,0,0.0,0.0,1.644569,0.5904,0.0,0,0.0,0.0,0,0.0,0.0,0,0.0,0,0,0,0,0,0,0.0,0,0.0,0,0,0,2.0,0,0.2952,0.0,0,0,2.0,0,0.2952,0,0,0,0.0,0,0,0.0,0,0,2.0,,,,0.0,unknown,NK,2.0,2.0,1.0
ALC - Natal NR - Empréstimo,120235718224840157,OUTCOME_AWARENESS,2025-12-01,36214,34027,1.064272,83,0.229193,0.683038,1.565476,56.692142,21.0,0,2.699626,0.0,0,0.0,0.0,0,0.0,0,0,0,0,0,0,0.0,0,0.0,0,0,0,2510.0,0,0.022587,15.0,0,0,2510.0,0,0.022587,0,0,0,0.0,0,0,0.0,0,0,577.0,,,,14.0,female,NK,231.0,113.0,72.0
ALC - Natal NR - Empréstimo,120235718224840157,OUTCOME_AWARENESS,2025-12-01,39922,36677,1.088475,66,0.165322,0.945567,1.563233,62.407398,28.0,0,2.228836,0.0,0,0.0,0.0,0,0.0,0,0,0,0,0,0,0.0,0,0.0,0,0,0,2967.0,0,0.021034,7.0,0,0,2967.0,0,0.021034,0,0,0,0.0,0,0,0.0,0,0,763.0,,,,19.0,male,NK,257.0,126.0,78.0
ALC - Natal NR - Empréstimo,120235718224840157,OUTCOME_AWARENESS,2025-12-01,327,291,1.123711,0,0.0,0.0,1.53046,0.50046,0.0,0,0.0,0.0,0,0.0,0.0,0,0.0,0,0,0,0,0,0,0.0,0,0.0,0,0,0,24.0,0,0.020853,1.0,0,0,24.0,0,0.020853,0,0,0,0.0,0,0,0.0,0,0,14.0,,,,0.0,unknown,NK,9.0,6.0,2.0
ALC - Feira Pet,120235844541760157,OUTCOME_AWARENESS,2025-12-01,90502,86798,1.042674,116,0.128174,1.288318,1.651288,149.444907,82.0,0,1.822499,0.0,0,0.0,0.0,0,0.0,0,0,0,0,0,0,0.0,0,0.0,0,0,0,100.0,0,1.494449,11.0,0,0,100.0,0,1.494449,0,0,0,0.0,0,0,0.0,0,0,,,,,0.0,female,NK,,,
ALC - Feira Pet,120235844541760157,OUTCOME_AWARENESS,2025-12-01,90966,90195,1.008548,97,0.106633,1.539947,1.642096,149.374896,71.0,0,2.103872,0.0,0,0.0,0.0,0,0.0,0,0,0,0,0,0,0.0,0,0.0,0,0,0,89.0,0,1.67837,11.0,0,0,89.0,0,1.67837,0,0,0,0.0,0,0,0.0,0,0,,,,,0.0,male,NK,,,
ALC - Feira Pet,120235844541760157,OUTCOME_AWARENESS,2025-12-01,737,726,1.015152,0,0.0,0.0,1.601352,1.180197,0.0,0,0.0,0.0,0,0.0,0.0,0,0.0,0,0,0,0,0,0,0.0,0,0.0,0,0,0,0.0,0,0.0,0.0,0,0,0.0,0,0.0,0,0,0,0.0,0,0,0.0,0,0,,,,,0.0,unknown,NK,,,
ALC - Carrossel das Renas,120236216503990157,OUTCOME_AWARENESS,2025-12-01,173873,138620,1.254314,203,0.116752,1.297317,1.514642,263.355267,149.0,0,1.767485,0.0,0,0.0,0.0,0,0.0,0,0,0,0,0,0,0.0,0,0.0,0,0,0,6392.0,0,0.041201,29.0,0,0,6392.0,0,0.041201,0,0,0,0.0,0,0,0.0,0,0,2964.0,,,,0.0,female,NK,1976.0,776.0,154.0
ALC - Carrossel das Renas,120236216503990157,OUTCOME_AWARENESS,2025-12-01,155037,123734,1.252986,172,0.110941,1.363574,1.512766,234.534691,126.0,0,1.861386,0.0,0,0.0,0.0,0,0.0,0,0,0,0,0,0,0.0,0,0.0,0,0,0,5531.0,0,0.042404,29.0,0,0,5531.0,0,0.042404,0,0,0,0.0,0,0,0.0,0,0,2478.0,,,,0.0,male,NK,1477.0,621.0,203.0
ALC - Carrossel das Renas,120236216503990157,OUTCOME_AWARENESS,2025-12-01,1238,1061,1.166824,3,0.242326,0.700014,1.696318,2.100042,1.0,0,2.100042,0.0,0,0.0,0.0,0,0.0,0,0,0,0,0,0,0.0,0,0.0,0,0,0,57.0,0,0.036843,1.0,0,0,57.0,0,0.036843,0,0,0,0.0,0,0,0.0,0,0,27.0,,,,0.0,unknown,NK,11.0,4.0,2.0
ALC - Decoração itens de Natal,120236216543100157,OUTCOME_AWARENESS,2025-12-01,182223,140871,1.293545,225,0.123475,1.285144,1.586832,289.15735,163.0,0,1.773971,0.0,0,0.0,0.0,0,0.0,0,0,0,0,0,0,0.0,0,0.0,0,0,0,6077.0,0,0.047582,17.0,0,0,6077.0,0,0.047582,0,0,0,0.0,0,0,0.0,0,0,1009.0,,,,1.0,female,NK,137.0,70.0,37.0
ALC - Decoração itens de Natal,120236216543100157,OUTCOME_AWARENESS,2025-12-01,133207,112816,1.180746,141,0.10585,1.483351,1.570132,209.152549,95.0,0,2.201606,0.0,0,0.0,0.0,0,0.0,0,0,0,0,0,0,0.0,0,0.0,0,0,0,4360.0,0,0.047971,22.0,0,0,4360.0,0,0.047971,0,0,0,0.0,0,0,0.0,0,0,531.0,,,,0.0,male,NK,72.0,37.0,25.0
ALC - Decoração itens de Natal,120236216543100157,OUTCOME_AWARENESS,2025-12-01,1012,881,1.148695,1,0.098814,1.680101,1.660179,1.680101,0.0,0,0.0,0.0,0,0.0,0.0,0,0.0,0,0,0,0,0,0,0.0,0,0.0,0,0,0,25.0,0,0.067204,0.0,0,0,25.0,0,0.067204,0,0,0,0.0,0,0,0.0,0,0,3.0,,,,0.0,unknown,NK,1.0,,
ALC - LOOKS DE FIM DE ANO,120236217385520157,OUTCOME_AWARENESS,2025-12-01,101927,70356,1.448732,135,0.132448,0.974938,1.291283,131.616583,97.0,0,1.356872,0.0,0,0.0,0.0,0,0.0,0,0,0,0,0,0,0.0,0,0.0,0,0,0,3692.0,0,0.035649,12.0,0,0,3692.0,0,0.035649,0,0,0,0.0,0,0,0.0,0,0,460.0,,,,0.0,female,NK,74.0,32.0,15.0
ALC - LOOKS DE FIM DE ANO,120236217385520157,OUTCOME_AWARENESS,2025-12-01,52680,38396,1.372018,46,0.08732,1.473987,1.28708,67.803391,31.0,0,2.187206,0.0,0,0.0,0.0,0,0.0,0,0,0,0,0,0,0.0,0,0.0,0,0,0,1607.0,0,0.042193,3.0,0,0,1607.0,0,0.042193,0,0,0,0.0,0,0,0.0,0,0,221.0,,,,0.0,male,NK,38.0,23.0,17.0
ALC - LOOKS DE FIM DE ANO,120236217385520157,OUTCOME_AWARENESS,2025-12-01,429,329,1.303951,0,0.0,0.0,1.188871,0.510026,0.0,0,0.0,0.0,0,0.0,0.0,0,0.0,0,0,0,0,0,0,0.0,0,0.0,0,0,0,10.0,0,0.051003,0.0,0,0,10.0,0,0.051003,0,0,0,0.0,0,0,0.0,0,0,1.0,,,,0.0,unknown,NK,1.0,1.0,1.0
ALC - Amigo Secreto no NK,120236217481630157,OUTCOME_AWARENESS,2025-12-01,104155,81935,1.271191,170,0.163218,0.909742,1.484866,154.656187,110.0,0,1.405965,0.0,0,0.0,0.0,0,0.0,0,0,0,0,0,0,0.0,0,0.0,0,0,0,7012.0,0,0.022056,17.0,0,0,7012.0,0,0.022056,0,0,0,0.0,0,0,0.0,0,0,229.0,,,,0.0,female,NK,103.0,82.0,32.0
ALC - Amigo Secreto no NK,120236217481630157,OUTCOME_AWARENESS,2025-12-01,63250,56163,1.126186,113,0.178656,0.837025,1.495396,94.583784,65.0,0,1.455135,0.0,0,0.0,0.0,0,0.0,0,0,0,0,0,0,0.0,0,0.0,0,0,0,3762.0,0,0.025142,9.0,0,0,3762.0,0,0.025142,0,0,0,0.0,0,0,0.0,0,0,91.0,,,,0.0,male,NK,33.0,23.0,9.0
ALC - Amigo Secreto no NK,120236217481630157,OUTCOME_AWARENESS,2025-12-01,495,446,1.109865,0,0.0,0.0,1.495009,0.74003,0.0,0,0.0,0.0,0,0.0,0.0,0,0.0,0,0,0,0,0,0,0.0,0,0.0,0,0,0,23.0,0,0.032175,0.0,0,0,23.0,0,0.032175,0,0,0,0.0,0,0,0.0,0,0,1.0,,,,0.0,unknown,NK,,,
ALC - McDonalds,120236217571610157,OUTCOME_AWARENESS,2025-12-01,88802,61818,1.436507,133,0.149771,0.877306,1.313953,116.681673,93.0,0,1.254642,0.0,0,0.0,0.0,0,0.0,0,0,0,0,0,0,0.0,0,0.0,0,0,0,3550.0,0,0.032868,13.0,0,0,3550.0,0,0.032868,0,0,0,0.0,0,0,0.0,0,0,829.0,,,,1.0,female,NK,185.0,90.0,38.0
ALC - McDonalds,120236217571610157,OUTCOME_AWARENESS,2025-12-01,63990,47520,1.346591,104,0.162525,0.793637,1.289862,82.538257,57.0,0,1.44804,0.0,0,0.0,0.0,0,0.0,0,0,0,0,0,0,0.0,0,0.0,0,0,0,3231.0,0,0.025546,19.0,0,0,3231.0,0,0.025546,0,0,0,0.0,0,0,0.0,0,0,599.0,,,,0.0,male,NK,167.0,90.0,46.0
ALC - McDonalds,120236217571610157,OUTCOME_AWARENESS,2025-12-01,439,333,1.318318,0,0.0,0.0,1.594693,0.70007,0.0,0,0.0,0.0,0,0.0,0.0,0,0.0,0,0,0,0,0,0,0.0,0,0.0,0,0,0,21.0,0,0.033337,0.0,0,0,21.0,0,0.033337,0,0,0,0.0,0,0,0.0,0,0,6.0,,,,0.0,unknown,NK,1.0,1.0,
ALC - Arezzo,120236324569710157,OUTCOME_AWARENESS,2025-12-01,141008,103154,1.366966,220,0.15602,0.834301,1.301672,183.546119,137.0,0,1.339753,0.0,0,0.0,0.0,0,0.0,0,0,0,0,0,0,0.0,0,0.0,0,0,0,13518.0,0,0.013578,59.0,0,0,13518.0,0,0.013578,0,0,0,0.0,0,0,0.0,0,0,9053.0,,,,0.0,female,NK,3191.0,1546.0,1076.0
ALC - Arezzo,120236324569710157,OUTCOME_AWARENESS,2025-12-01,89387,65493,1.364833,151,0.168928,0.764264,1.291059,115.403847,61.0,0,1.891866,0.0,0,0.0,0.0,0,0.0,0,0,0,0,0,0,0.0,0,0.0,0,0,0,7511.0,0,0.015365,33.0,0,0,7511.0,0,0.015365,0,0,0,0.0,0,0,0.0,0,0,4603.0,,,,0.0,male,NK,1517.0,777.0,533.0
ALC - Arezzo,120236324569710157,OUTCOME_AWARENESS,2025-12-01,731,551,1.326679,2,0.273598,0.515017,1.409076,1.030034,1.0,0,1.030034,0.0,0,0.0,0.0,0,0.0,0,0,0,0,0,0,0.0,0,0.0,0,0,0,63.0,0,0.01635,0.0,0,0,63.0,0,0.01635,0,0,0,0.0,0,0,0.0,0,0,45.0,,,,0.0,unknown,NK,19.0,7.0,7.0
ALC - Gastronomia — AON,120217368581940157,OUTCOME_AWARENESS,2026-01-01,455334,254034,1.792414,304,0.066764,1.550708,1.035317,471.415095,155.0,0,3.041388,0.0,0,0.0,0.0,0,0.0,0,0,0,0,0,0,0.0,0,0.0,0,0,0,14339.0,0,0.032876,71.0,0,0,14339.0,0,0.032876,0,0,0,0.0,0,0,0.0,0,0,3682.0,,,,1.0,female,NK,1683.0,577.0,380.0
ALC - Gastronomia — AON,120217368581940157,OUTCOME_AWARENESS,2026-01-01,432851,227926,1.899086,243,0.056139,1.847427,1.037135,448.924852,136.0,0,3.300918,0.0,0,0.0,0.0,0,0.0,0,0,0,0,0,0,0.0,0,0.0,0,0,0,14299.0,0,0.031396,75.0,0,0,14299.0,0,0.031396,0,0,0,0.0,0,0,0.0,0,0,3208.0,,,,0.0,male,NK,1360.0,565.0,344.0
ALC - Gastronomia — AON,120217368581940157,OUTCOME_AWARENESS,2026-01-01,4624,3021,1.530619,3,0.064879,1.616684,1.048887,4.850052,1.0,0,4.850052,0.0,0,0.0,0.0,0,0.0,0,0,0,0,0,0,0.0,0,0.0,0,0,0,147.0,0,0.032994,1.0,0,0,147.0,0,0.032994,0,0,0,0.0,0,0,0.0,0,0,42.0,,,,0.0,unknown,NK,17.0,9.0,7.0
ALC - Promo Natal 25,120234188543950157,OUTCOME_AWARENESS,2026-01-01,329070,296179,1.111051,530,0.16106,0.50324,0.810518,266.717306,362.0,0,0.736788,0.0,0,0.0,0.0,0,0.0,0,0,0,0,0,0,0.0,0,0.0,0,0,0,2148.0,0,0.12417,55.0,0,0,2148.0,0,0.12417,0,0,0,0.0,0,0,0.0,0,0,925.0,,,,344.0,female,NK,345.0,146.0,96.0
ALC - Promo Natal 25,120234188543950157,OUTCOME_AWARENESS,2026-01-01,418762,342968,1.220994,521,0.124414,0.665398,0.827851,346.672494,361.0,0,0.960312,0.0,0,0.0,0.0,0,0.0,0,0,0,0,0,0,0.0,0,0.0,0,0,0,2897.0,0,0.119666,53.0,0,0,2897.0,0,0.119666,0,0,0,0.0,0,0,0.0,0,0,1882.0,,,,348.0,male,NK,687.0,356.0,226.0
ALC - Promo Natal 25,120234188543950157,OUTCOME_AWARENESS,2026-01-01,3633,3114,1.166667,4,0.110102,0.76755,0.845086,3.070199,4.0,0,0.76755,0.0,0,0.0,0.0,0,0.0,0,0,0,0,0,0,0.0,0,0.0,0,0,0,27.0,0,0.113711,0.0,0,0,27.0,0,0.113711,0,0,0,0.0,0,0,0.0,0,0,11.0,,,,4.0,unknown,NK,3.0,1.0,
TRAF - Promo Natal 25,120234188664020157,LINK_CLICKS,2026-01-01,70904,36402,1.947805,2522,3.556922,0.11733,4.173331,295.905867,2031.0,0,0.145695,1111.0,0,0.266342,0.0,0,0.0,0,0,0,0,0,0,0.0,0,0.0,0,0,0,13881.0,0,0.021317,118.0,0,0,13882.0,0,0.021316,0,0,0,0.0,0,0,0.0,0,0,4329.0,,,,2028.0,female,NK,1378.0,946.0,761.0
TRAF - Promo Natal 25,120234188664020157,LINK_CLICKS,2026-01-01,55198,27403,2.014305,1590,2.880539,0.124537,3.58734,198.014002,1301.0,0,0.152201,712.0,0,0.27811,0.0,0,0.0,0,0,0,0,0,0,0.0,0,0.0,0,0,0,8593.0,0,0.023044,53.0,0,0,8593.0,0,0.023044,0,0,0,0.0,0,0,0.0,0,0,3426.0,,,,1298.0,male,NK,1254.0,916.0,734.0
TRAF - Promo Natal 25,120234188664020157,LINK_CLICKS,2026-01-01,257,138,1.862319,6,2.33463,0.180022,4.202844,1.080131,4.0,0,0.270033,3.0,0,0.360044,0.0,0,0.0,0,0,0,0,0,0,0.0,0,0.0,0,0,0,44.0,0,0.024548,1.0,0,0,44.0,0,0.024548,0,0,0,0.0,0,0,0.0,0,0,20.0,,,,4.0,unknown,NK,7.0,3.0,3.0
ALC - Arena Super Games,120236945555570157,OUTCOME_AWARENESS,2026-01-01,508665,334736,1.519601,597,0.117366,1.185487,1.391359,707.735727,112.0,0,6.319069,0.0,0,0.0,0.0,0,0.0,0,0,0,0,0,0,0.0,0,0.0,0,0,0,15278.0,0,0.046324,146.0,0,0,15278.0,0,0.046324,0,0,0,0.0,0,0,0.0,0,0,4661.0,,,,103.0,female,NK,1973.0,705.0,476.0
ALC - Arena Super Games,120236945555570157,OUTCOME_AWARENESS,2026-01-01,700555,427430,1.638994,895,0.127756,1.051491,1.343341,941.084318,209.0,0,4.502796,0.0,0,0.0,0.0,0,0.0,0,0,0,0,0,0,0.0,0,0.0,0,0,0,26020.0,0,0.036168,211.0,0,0,26020.0,0,0.036168,0,0,0,0.0,0,0,0.0,0,0,7568.0,,,,189.0,male,NK,2812.0,1223.0,782.0
ALC - Arena Super Games,120236945555570157,OUTCOME_AWARENESS,2026-01-01,5510,3490,1.578797,10,0.181488,0.754995,1.370228,7.549954,4.0,0,1.887489,0.0,0,0.0,0.0,0,0.0,0,0,0,0,0,0,0.0,0,0.0,0,0,0,226.0,0,0.033407,2.0,0,0,226.0,0,0.033407,0,0,0,0.0,0,0,0.0,0,0,67.0,,,,4.0,unknown,NK,25.0,15.0,12.0
ALC - LIQUIDA,120237106180890157,OUTCOME_AWARENESS,2026-01-01,817807,646004,1.265947,1002,0.122523,1.598606,1.958657,1601.803586,737.0,0,2.173411,0.0,0,0.0,0.0,0,0.0,0,0,0,0,0,0,0.0,0,0.0,0,0,0,19489.0,0,0.08219,116.0,0,0,19489.0,0,0.08219,0,0,0,0.0,0,0,0.0,0,0,12865.0,,,,721.0,female,NK,5140.0,3044.0,2208.0
ALC - LIQUIDA,120237106180890157,OUTCOME_AWARENESS,2026-01-01,697311,522479,1.33462,817,0.117164,1.682025,1.970734,1374.214606,556.0,0,2.471609,0.0,0,0.0,0.0,0,0.0,0,0,0,0,0,0,0.0,0,0.0,0,0,0,18238.0,0,0.075349,121.0,0,0,18238.0,0,0.075349,0,0,0,0.0,0,0,0.0,0,0,12686.0,,,,551.0,male,NK,5187.0,3115.0,2222.0
ALC - LIQUIDA,120237106180890157,OUTCOME_AWARENESS,2026-01-01,10386,8734,1.189146,10,0.096283,2.168181,2.087599,21.681808,4.0,0,5.420452,0.0,0,0.0,0.0,0,0.0,0,0,0,0,0,0,0.0,0,0.0,0,0,0,260.0,0,0.083392,3.0,0,0,260.0,0,0.083392,0,0,0,0.0,0,0,0.0,0,0,190.0,,,,4.0,unknown,NK,82.0,54.0,33.0
ALC - Cinema - AON,120237502551570157,OUTCOME_AWARENESS,2026-01-01,139333,82405,1.690832,190,0.136364,0.848584,1.157163,161.231002,60.0,0,2.687183,0.0,0,0.0,0.0,0,0.0,0,0,0,0,0,0,0.0,0,0.0,0,0,0,7669.0,0,0.021024,43.0,0,0,7669.0,0,0.021024,0,0,0,0.0,0,0,0.0,0,0,19765.0,,,,59.0,female,NK,7742.0,3898.0,2704.0
ALC - Cinema - AON,120237502551570157,OUTCOME_AWARENESS,2026-01-01,170135,105770,1.608537,156,0.091692,1.254353,1.15014,195.679079,47.0,0,4.163385,0.0,0,0.0,0.0,0,0.0,0,0,0,0,0,0,0.0,0,0.0,0,0,0,9532.0,0,0.020529,36.0,0,0,9532.0,0,0.020529,0,0,0,0.0,0,0,0.0,0,0,23760.0,,,,44.0,male,NK,9663.0,5391.0,3839.0
ALC - Cinema - AON,120237502551570157,OUTCOME_AWARENESS,2026-01-01,1302,825,1.578182,1,0.076805,1.459919,1.121289,1.459919,1.0,0,1.459919,0.0,0,0.0,0.0,0,0.0,0,0,0,0,0,0,0.0,0,0.0,0,0,0,70.0,0,0.020856,1.0,0,0,70.0,0,0.020856,0,0,0,0.0,0,0,0.0,0,0,181.0,,,,0.0,unknown,NK,70.0,37.0,25.0
ALC - Gastronomia — AON,120217368581940157,OUTCOME_AWARENESS,2026-02-01,68146,66461,1.025353,64,0.093916,1.18,1.108209,75.52,36.0,0,2.097778,0.0,0,0.0,0.0,0,0.0,0,0,0,0,0,0,0.0,0,0.0,0,0,0,2136.0,0,0.035356,8.0,0,0,2136.0,0,0.035356,0,0,0,0.0,0,0,0.0,0,0,531.0,,,,1.0,female,NK,211.0,82.0,52.0
ALC - Gastronomia — AON,120217368581940157,OUTCOME_AWARENESS,2026-02-01,68775,64359,1.068615,45,0.065431,1.702444,1.113922,76.61,24.0,0,3.192083,0.0,0,0.0,0.0,0,0.0,0,0,0,0,0,0,0.0,0,0.0,0,0,0,2273.0,0,0.033704,12.0,0,0,2273.0,0,0.033704,0,0,0,0.0,0,0,0.0,0,0,519.0,,,,0.0,male,NK,202.0,84.0,47.0
ALC - Gastronomia — AON,120217368581940157,OUTCOME_AWARENESS,2026-02-01,553,537,1.029795,0,0.0,0.0,1.084991,0.6,0.0,0,0.0,0.0,0,0.0,0.0,0,0.0,0,0,0,0,0,0,0.0,0,0.0,0,0,0,19.0,0,0.031579,1.0,0,0,19.0,0,0.031579,0,0,0,0.0,0,0,0.0,0,0,4.0,,,,0.0,unknown,NK,2.0,,
ALC - Arena Super Games,120236945555570157,OUTCOME_AWARENESS,2026-02-01,149337,142499,1.047986,150,0.100444,1.200667,1.205997,180.1,5.0,0,36.02,0.0,0,0.0,0.0,0,0.0,0,0,0,0,0,0,0.0,0,0.0,0,0,0,7706.0,0,0.023371,41.0,0,0,7706.0,0,0.023371,0,0,0,0.0,0,0,0.0,0,0,2050.0,,,,3.0,female,NK,785.0,269.0,169.0
ALC - Arena Super Games,120236945555570157,OUTCOME_AWARENESS,2026-02-01,204427,183212,1.115795,254,0.12425,0.969449,1.204538,246.24,18.0,0,13.68,0.0,0,0.0,0.0,0,0.0,0,0,0,0,0,0,0.0,0,0.0,0,0,0,14936.0,0,0.016486,68.0,0,0,14939.0,0,0.016483,0,0,0,0.0,0,0,0.0,0,0,3785.0,,,,15.0,male,NK,1388.0,632.0,388.0
ALC - Arena Super Games,120236945555570157,OUTCOME_AWARENESS,2026-02-01,1738,1619,1.073502,5,0.287687,0.448,1.288838,2.24,0.0,0,0.0,0.0,0,0.0,0.0,0,0.0,0,0,0,0,0,0,0.0,0,0.0,0,0,0,112.0,0,0.02,0.0,0,0,112.0,0,0.02,0,0,0,0.0,0,0,0.0,0,0,26.0,,,,0.0,unknown,NK,12.0,6.0,3.0
ALC - Cinema - AON,120237502551570157,OUTCOME_AWARENESS,2026-02-01,71658,59078,1.212939,80,0.111641,0.8715,0.972955,69.72,7.0,0,9.96,0.0,0,0.0,0.0,0,0.0,0,0,0,0,0,0,0.0,0,0.0,0,0,0,3581.0,0,0.019469,27.0,0,0,3581.0,0,0.019469,0,0,0,0.0,0,0,0.0,0,0,9090.0,,,,7.0,female,NK,3736.0,2199.0,1649.0
ALC - Cinema - AON,120237502551570157,OUTCOME_AWARENESS,2026-02-01,109150,83140,1.312846,142,0.130096,0.743521,0.967293,105.58,14.0,0,7.541429,0.0,0,0.0,0.0,0,0.0,0,0,0,0,0,0,0.0,0,0.0,0,0,0,6224.0,0,0.016963,50.0,0,0,6224.0,0,0.016963,0,0,0,0.0,0,0,0.0,0,0,15458.0,,,,8.0,male,NK,6420.0,3916.0,3028.0
ALC - Cinema - AON,120237502551570157,OUTCOME_AWARENESS,2026-02-01,774,601,1.287854,1,0.129199,0.77,0.994832,0.77,0.0,0,0.0,0.0,0,0.0,0.0,0,0.0,0,0,0,0,0,0,0.0,0,0.0,0,0,0,45.0,0,0.017111,0.0,0,0,45.0,0,0.017111,0,0,0,0.0,0,0,0.0,0,0,100.0,,,,0.0,unknown,NK,46.0,29.0,24.0
ALC - Coleção Boca Rosa Adidas,120238011056000157,OUTCOME_AWARENESS,2026-02-01,7163,7028,1.019209,7,0.097724,1.34,1.309507,9.38,3.0,0,3.126667,0.0,0,0.0,0.0,0,0.0,0,0,0,0,0,0,0.0,0,0.0,0,0,0,304.0,0,0.030855,3.0,0,0,304.0,0,0.030855,0,0,0,0.0,0,0,0.0,0,0,118.0,,,,0.0,female,NK,60.0,27.0,19.0
ALC - Coleção Boca Rosa Adidas,120238011056000157,OUTCOME_AWARENESS,2026-02-01,745,741,1.005398,2,0.268456,0.515,1.38255,1.03,0.0,0,0.0,0.0,0,0.0,0.0,0,0.0,0,0,0,0,0,0,0.0,0,0.0,0,0,0,31.0,0,0.033226,0.0,0,0,31.0,0,0.033226,0,0,0,0.0,0,0,0.0,0,0,10.0,,,,0.0,male,NK,3.0,,
ALC - Coleção Boca Rosa Adidas,120238011056000157,OUTCOME_AWARENESS,2026-02-01,4,4,1.0,0,0.0,0.0,0.0,0.0,0.0,0,0.0,0.0,0,0.0,0.0,0,0.0,0,0,0,0,0,0,0.0,0,0.0,0,0,0,0.0,0,0.0,0.0,0,0,0.0,0,0.0,0,0,0,0.0,0,0,0.0,0,0,,,,,0.0,unknown,NK,,,
ALC - Oficinas de Carnaval no Neumarkt Shopping,120238012028540157,OUTCOME_AWARENESS,2026-02-01,2908,2858,1.017495,3,0.103164,1.05,1.083219,3.15,3.0,0,1.05,0.0,0,0.0,0.0,0,0.0,0,0,0,0,0,0,0.0,0,0.0,0,0,0,3.0,0,1.05,0.0,0,0,3.0,0,1.05,0,0,0,0.0,0,0,0.0,0,0,,,,,3.0,female,NK,,,
ALC - Oficinas de Carnaval no Neumarkt Shopping,120238012028540157,OUTCOME_AWARENESS,2026-02-01,3637,3637,1.0,6,0.164971,0.651667,1.075062,3.91,5.0,0,0.782,0.0,0,0.0,0.0,0,0.0,0,0,0,0,0,0,0.0,0,0.0,0,0,0,5.0,0,0.782,0.0,0,0,5.0,0,0.782,0,0,0,0.0,0,0,0.0,0,0,,,,,5.0,male,NK,,,
ALC - Oficinas de Carnaval no Neumarkt Shopping,120238012028540157,OUTCOME_AWARENESS,2026-02-01,38,36,1.055556,0,0.0,0.0,1.578947,0.06,0.0,0,0.0,0.0,0,0.0,0.0,0,0.0,0,0,0,0,0,0,0.0,0,0.0,0,0,0,0.0,0,0.0,0.0,0,0,0.0,0,0.0,0,0,0,0.0,0,0,0.0,0,0,,,,,0.0,unknown,NK,,,
ENG - Conteúdos - Fev,120238024409700157,OUTCOME_ENGAGEMENT,2026-02-01,3798,2863,1.326581,7,0.184308,2.541429,4.684044,17.79,0.0,0,0.0,0.0,0,0.0,0.0,0,0.0,0,0,0,0,0,0,0.0,0,0.0,0,0,0,371.0,0,0.047951,110.0,0,0,371.0,0,0.047951,0,0,0,0.0,0,0,0.0,0,0,107.0,,,,0.0,female,NK,51.0,32.0,21.0
ENG - Conteúdos - Fev,120238024409700157,OUTCOME_ENGAGEMENT,2026-02-01,404,343,1.177843,1,0.247525,2.28,5.643564,2.28,0.0,0,0.0,0.0,0,0.0,0.0,0,0.0,0,0,0,0,0,0,0.0,0,0.0,0,0,0,57.0,0,0.04,24.0,0,0,57.0,0,0.04,0,0,0,0.0,0,0,0.0,0,0,11.0,,,,0.0,male,NK,4.0,2.0,
ENG - Conteúdos - Fev,120238024409700157,OUTCOME_ENGAGEMENT,2026-02-01,6,6,1.0,0,0.0,0.0,5.0,0.03,0.0,0,0.0,0.0,0,0.0,0.0,0,0.0,0,0,0,0,0,0,0.0,0,0.0,0,0,0,1.0,0,0.03,0.0,0,0,1.0,0,0.03,0,0,0,0.0,0,0,0.0,0,0,,,,,0.0,unknown,NK,,,
ALC - Gastronomia — AON,120217368581940157,OUTCOME_AWARENESS,2026-02-06,297796,177820,1.674705,212,0.07119,1.671509,1.189942,354.36,120.0,0,2.953,0.0,0,0.0,0.0,0,0.0,0,0,0,0,0,0,0.0,0,0.0,0,0,0,9958.0,0,0.035585,39.0,0,0,9958.0,0,0.035585,0,0,0,0.0,0,0,0.0,0,0,2037.0,,,,0.0,female,NK,884.0,258.0,177.0
ALC - Gastronomia — AON,120217368581940157,OUTCOME_AWARENESS,2026-02-06,278091,172619,1.61101,212,0.076234,1.556462,1.186554,329.97,131.0,0,2.518855,0.0,0,0.0,0.0,0,0.0,0,0,0,0,0,0,0.0,0,0.0,0,0,0,9750.0,0,0.033843,52.0,0,0,9750.0,0,0.033843,0,0,0,0.0,0,0,0.0,0,0,1922.0,,,,1.0,male,NK,759.0,258.0,158.0
ALC - Gastronomia — AON,120217368581940157,OUTCOME_AWARENESS,2026-02-06,2139,1458,1.467078,1,0.046751,2.72,1.271622,2.72,0.0,0,0.0,0.0,0,0.0,0.0,0,0.0,0,0,0,0,0,0,0.0,0,0.0,0,0,0,69.0,0,0.03942,2.0,0,0,69.0,0,0.03942,0,0,0,0.0,0,0,0.0,0,0,15.0,,,,0.0,unknown,NK,4.0,1.0,
ALC - Arena Super Games,120236945555570157,OUTCOME_AWARENESS,2026-02-06,501703,333158,1.505901,559,0.111421,1.154204,1.28602,645.2,13.0,0,49.630769,0.0,0,0.0,0.0,0,0.0,0,0,0,0,0,0,0.0,0,0.0,0,0,0,24297.0,0,0.026555,133.0,0,0,24297.0,0,0.026555,0,0,0,0.0,0,0,0.0,0,0,7081.0,,,,6.0,female,NK,2760.0,912.0,579.0
ALC - Arena Super Games,120236945555570157,OUTCOME_AWARENESS,2026-02-06,600159,393248,1.526159,802,0.133631,0.951372,1.27133,763.0,21.0,0,36.333333,0.0,0,0.0,0.0,0,0.0,0,0,0,0,0,0,0.0,0,0.0,0,0,0,43756.0,0,0.017438,188.0,0,0,43757.0,0,0.017437,0,0,0,0.0,0,0,0.0,0,0,12069.0,,,,11.0,male,NK,4224.0,1812.0,1103.0
ALC - Arena Super Games,120236945555570157,OUTCOME_AWARENESS,2026-02-06,5025,3415,1.471449,7,0.139303,0.958571,1.335323,6.71,0.0,0,0.0,0.0,0,0.0,0.0,0,0.0,0,0,0,0,0,0,0.0,0,0.0,0,0,0,337.0,0,0.019911,1.0,0,0,337.0,0,0.019911,0,0,0,0.0,0,0,0.0,0,0,99.0,,,,0.0,unknown,NK,41.0,14.0,9.0
ALC - Cinema - AON,120237502551570157,OUTCOME_AWARENESS,2026-02-06,298713,149971,1.991805,524,0.175419,0.611775,1.073171,320.57,59.0,0,5.43339,0.0,0,0.0,0.0,0,0.0,0,0,0,0,0,0,0.0,0,0.0,0,0,0,14061.0,0,0.022799,136.0,0,0,14064.0,0,0.022794,0,0,0,0.0,0,0,0.0,0,0,39259.0,,,,55.0,female,NK,14448.0,7743.0,5395.0
ALC - Cinema - AON,120237502551570157,OUTCOME_AWARENESS,2026-02-06,444914,196633,2.262662,557,0.125193,0.862352,1.079602,480.33,66.0,0,7.277727,0.0,0,0.0,0.0,0,0.0,0,0,0,0,0,0,0.0,0,0.0,0,0,0,21884.0,0,0.021949,164.0,0,0,21886.0,0,0.021947,0,0,0,0.0,0,0,0.0,0,0,58641.0,,,,61.0,male,NK,22655.0,12830.0,9231.0
ALC - Cinema - AON,120237502551570157,OUTCOME_AWARENESS,2026-02-06,3182,1528,2.082461,3,0.09428,0.993333,0.936518,2.98,0.0,0,0.0,0.0,0,0.0,0.0,0,0.0,0,0,0,0,0,0,0.0,0,0.0,0,0,0,138.0,0,0.021594,2.0,0,0,138.0,0,0.021594,0,0,0,0.0,0,0,0.0,0,0,413.0,,,,0.0,unknown,NK,143.0,76.0,55.0
ALC - Coleção Boca Rosa Adidas,120238011056000157,OUTCOME_AWARENESS,2026-02-06,89187,47774,1.866852,84,0.094184,1.3625,1.283259,114.45,48.0,0,2.384375,0.0,0,0.0,0.0,0,0.0,0,0,0,0,0,0,0.0,0,0.0,0,0,0,3865.0,0,0.029612,18.0,0,0,3865.0,0,0.029612,0,0,0,0.0,0,0,0.0,0,0,1535.0,,,,0.0,female,NK,729.0,237.0,135.0
ALC - Coleção Boca Rosa Adidas,120238011056000157,OUTCOME_AWARENESS,2026-02-06,50413,27718,1.818782,41,0.081328,1.592927,1.295499,65.31,21.0,0,3.11,0.0,0,0.0,0.0,0,0.0,0,0,0,0,0,0,0.0,0,0.0,0,0,0,2123.0,0,0.030763,10.0,0,0,2123.0,0,0.030763,0,0,0,0.0,0,0,0.0,0,0,732.0,,,,0.0,male,NK,322.0,123.0,67.0
ALC - Coleção Boca Rosa Adidas,120238011056000157,OUTCOME_AWARENESS,2026-02-06,394,223,1.766816,0,0.0,0.0,1.472081,0.58,0.0,0,0.0,0.0,0,0.0,0.0,0,0.0,0,0,0,0,0,0,0.0,0,0.0,0,0,0,13.0,0,0.044615,0.0,0,0,13.0,0,0.044615,0,0,0,0.0,0,0,0.0,0,0,5.0,,,,0.0,unknown,NK,3.0,1.0,
ALC - Oficinas de Carnaval no Neumarkt Shopping,120238012028540157,OUTCOME_AWARENESS,2026-02-06,57190,33764,1.693816,59,0.103165,1.031356,1.063997,60.85,40.0,0,1.52125,0.0,0,0.0,0.0,0,0.0,0,0,0,0,0,0,0.0,0,0.0,0,0,0,46.0,0,1.322826,6.0,0,0,47.0,0,1.294681,0,0,0,0.0,0,0,0.0,0,0,,,,,16.0,female,NK,,,
ALC - Oficinas de Carnaval no Neumarkt Shopping,120238012028540157,OUTCOME_AWARENESS,2026-02-06,67413,41458,1.626055,44,0.065269,1.630227,1.064038,71.73,20.0,0,3.5865,0.0,0,0.0,0.0,0,0.0,0,0,0,0,0,0,0.0,0,0.0,0,0,0,25.0,0,2.8692,5.0,0,0,25.0,0,2.8692,0,0,0,0.0,0,0,0.0,0,0,,,,,9.0,male,NK,,,
ALC - Oficinas de Carnaval no Neumarkt Shopping,120238012028540157,OUTCOME_AWARENESS,2026-02-06,564,353,1.597734,0,0.0,0.0,1.241135,0.7,0.0,0,0.0,0.0,0,0.0,0.0,0,0.0,0,0,0,0,0,0,0.0,0,0.0,0,0,0,1.0,0,0.7,1.0,0,0,1.0,0,0.7,0,0,0,0.0,0,0,0.0,0,0,,,,,0.0,unknown,NK,,,
ENG - Conteúdos - Fev,120238024409700157,OUTCOME_ENGAGEMENT,2026-02-06,80377,30896,2.601534,163,0.202794,2.667914,5.410379,434.87,34.0,0,12.790294,0.0,0,0.0,0.0,0,0.0,0,0,0,0,0,0,0.0,0,0.0,0,0,0,16503.0,0,0.026351,3013.0,0,0,16503.0,0,0.026351,0,0,0,0.0,0,0,0.0,0,0,14391.0,,,,34.0,female,NK,7738.0,4871.0,3511.0
ENG - Conteúdos - Fev,120238024409700157,OUTCOME_ENGAGEMENT,2026-02-06,55338,18722,2.955774,83,0.149987,3.830723,5.7456,317.95,11.0,0,28.904545,0.0,0,0.0,0.0,0,0.0,0,0,0,0,0,0,0.0,0,0.0,0,0,0,10109.0,0,0.031452,2523.0,0,0,10109.0,0,0.031452,0,0,0,0.0,0,0,0.0,0,0,8105.0,,,,11.0,male,NK,3969.0,2316.0,1646.0
ENG - Conteúdos - Fev,120238024409700157,OUTCOME_ENGAGEMENT,2026-02-06,933,317,2.943218,4,0.428725,1.3075,5.605573,5.23,0.0,0,0.0,0.0,0,0.0,0.0,0,0.0,0,0,0,0,0,0,0.0,0,0.0,0,0,0,172.0,0,0.030407,47.0,0,0,172.0,0,0.030407,0,0,0,0.0,0,0,0.0,0,0,120.0,,,,0.0,unknown,NK,57.0,33.0,26.0
ALC - Semana do Cinema,120238152179080157,OUTCOME_AWARENESS,2026-02-06,84468,64082,1.318124,86,0.101814,1.246512,1.26912,107.2,55.0,0,1.949091,0.0,0,0.0,0.0,0,0.0,0,0,0,0,0,0,0.0,0,0.0,0,0,0,2375.0,0,0.045137,11.0,0,0,2375.0,0,0.045137,0,0,0,0.0,0,0,0.0,0,0,873.0,,,,55.0,female,NK,475.0,99.0,60.0
ALC - Semana do Cinema,120238152179080157,OUTCOME_AWARENESS,2026-02-06,72422,57682,1.255539,49,0.067659,1.876122,1.269366,91.93,26.0,0,3.535769,0.0,0,0.0,0.0,0,0.0,0,0,0,0,0,0,0.0,0,0.0,0,0,0,2388.0,0,0.038497,6.0,0,0,2388.0,0,0.038497,0,0,0,0.0,0,0,0.0,0,0,743.0,,,,26.0,male,NK,341.0,106.0,62.0
ALC - Semana do Cinema,120238152179080157,OUTCOME_AWARENESS,2026-02-06,595,479,1.242171,1,0.168067,0.79,1.327731,0.79,0.0,0,0.0,0.0,0,0.0,0.0,0,0.0,0,0,0,0,0,0,0.0,0,0.0,0,0,0,20.0,0,0.0395,0.0,0,0,20.0,0,0.0395,0,0,0,0.0,0,0,0.0,0,0,10.0,,,,0.0,unknown,NK,3.0,2.0,2.0
ALC- Valentine's Day,120238271108280157,OUTCOME_AWARENESS,2026-02-06,48127,38699,1.243624,45,0.093503,1.495111,1.397968,67.28,33.0,0,2.038788,0.0,0,0.0,0.0,0,0.0,0,0,0,0,0,0,0.0,0,0.0,0,0,0,1996.0,0,0.033707,4.0,0,0,1996.0,0,0.033707,0,0,0,0.0,0,0,0.0,0,0,363.0,,,,0.0,female,NK,65.0,40.0,27.0
ALC- Valentine's Day,120238271108280157,OUTCOME_AWARENESS,2026-02-06,22964,19937,1.151828,32,0.139349,1.01375,1.412646,32.44,25.0,0,1.2976,0.0,0,0.0,0.0,0,0.0,0,0,0,0,0,0,0.0,0,0.0,0,0,0,924.0,0,0.035108,5.0,0,0,924.0,0,0.035108,0,0,0,0.0,0,0,0.0,0,0,160.0,,,,0.0,male,NK,31.0,22.0,13.0
ALC- Valentine's Day,120238271108280157,OUTCOME_AWARENESS,2026-02-06,193,155,1.245161,2,1.036269,0.11,1.139896,0.22,1.0,0,0.22,0.0,0,0.0,0.0,0,0.0,0,0,0,0,0,0,0.0,0,0.0,0,0,0,9.0,0,0.024444,0.0,0,0,9.0,0,0.024444,0,0,0,0.0,0,0,0.0,0,0,1.0,,,,0.0,unknown,NK,1.0,,
ALC - Moda Feminina,120238480775560157,OUTCOME_AWARENESS,2026-02-06,58303,37721,1.545638,23,0.039449,2.967391,1.170609,68.25,0.0,0,0.0,0.0,0,0.0,0.0,0,0.0,0,0,0,0,0,0,0.0,0,0.0,0,0,0,2733.0,0,0.024973,16.0,0,0,2733.0,0,0.024973,0,0,0,0.0,0,0,0.0,0,0,1096.0,,,,0.0,female,NK,545.0,203.0,116.0
ALC - Moda Feminina,120238480775560157,OUTCOME_AWARENESS,2026-02-06,31582,22028,1.433721,19,0.060161,1.991579,1.198151,37.84,1.0,0,37.84,0.0,0,0.0,0.0,0,0.0,0,0,0,0,0,0,0.0,0,0.0,0,0,0,1044.0,0,0.036245,4.0,0,0,1044.0,0,0.036245,0,0,0,0.0,0,0,0.0,0,0,395.0,,,,1.0,male,NK,164.0,53.0,28.0
ALC - Moda Feminina,120238480775560157,OUTCOME_AWARENESS,2026-02-06,271,198,1.368687,0,0.0,0.0,1.328413,0.36,0.0,0,0.0,0.0,0,0.0,0.0,0,0.0,0,0,0,0,0,0,0.0,0,0.0,0,0,0,14.0,0,0.025714,0.0,0,0,14.0,0,0.025714,0,0,0,0.0,0,0,0.0,0,0,10.0,,,,0.0,unknown,NK,6.0,4.0,2.0
ALC - Feira Pet NK,120238544787450157,OUTCOME_AWARENESS,2026-02-06,88321,63848,1.383301,186,0.210595,0.501774,1.056714,93.33,65.0,0,1.435846,0.0,0,0.0,0.0,0,0.0,0,0,0,0,0,0,0.0,0,0.0,0,0,0,90.0,0,1.037,23.0,0,0,90.0,0,1.037,0,0,0,0.0,0,0,0.0,0,0,,,,,44.0,female,NK,,,
ALC - Feira Pet NK,120238544787450157,OUTCOME_AWARENESS,2026-02-06,99557,68601,1.451247,115,0.115512,0.920783,1.063612,105.89,39.0,0,2.715128,0.0,0,0.0,0.0,0,0.0,0,0,0,0,0,0,0.0,0,0.0,0,0,0,60.0,0,1.764833,18.0,0,0,60.0,0,1.764833,0,0,0,0.0,0,0,0.0,0,0,,,,,29.0,male,NK,,,
ALC - Feira Pet NK,120238544787450157,OUTCOME_AWARENESS,2026-02-06,874,589,1.483871,1,0.114416,0.78,0.892449,0.78,0.0,0,0.0,0.0,0,0.0,0.0,0,0.0,0,0,0,0,0,0,0.0,0,0.0,0,0,0,0.0,0,0.0,0.0,0,0,0.0,0,0.0,0,0,0,0.0,0,0,0.0,0,0,,,,,0.0,unknown,NK,,,
ALC - Promoção Meu Méqui,120238882009230157,OUTCOME_AWARENESS,2026-02-06,8826,8398,1.050965,22,0.249264,0.535455,1.334693,11.78,17.0,0,0.692941,0.0,0,0.0,0.0,0,0.0,0,0,0,0,0,0,0.0,0,0.0,0,0,0,19.0,0,0.62,0.0,0,0,19.0,0,0.62,0,0,0,0.0,0,0,0.0,0,0,,,,,4.0,female,NK,,,
ALC - Promoção Meu Méqui,120238882009230157,OUTCOME_AWARENESS,2026-02-06,6854,6538,1.048333,10,0.1459,0.984,1.435658,9.84,8.0,0,1.23,0.0,0,0.0,0.0,0,0.0,0,0,0,0,0,0,0.0,0,0.0,0,0,0,8.0,0,1.23,0.0,0,0,8.0,0,1.23,0,0,0,0.0,0,0,0.0,0,0,,,,,3.0,male,NK,,,
ALC - Promoção Meu Méqui,120238882009230157,OUTCOME_AWARENESS,2026-02-06,45,43,1.046512,0,0.0,0.0,1.555556,0.07,0.0,0,0.0,0.0,0,0.0,0.0,0,0.0,0,0,0,0,0,0,0.0,0,0.0,0,0,0,0.0,0,0.0,0.0,0,0,0.0,0,0.0,0,0,0,0.0,0,0,0.0,0,0,,,,,0.0,unknown,NK,,,
ALC - Poker NK,120238895400210157,OUTCOME_AWARENESS,2026-02-06,7537,6586,1.144397,28,0.371501,0.364286,1.353324,10.2,0.0,0,0.0,0.0,0,0.0,0.0,0,0.0,0,0,0,0,0,0,0.0,0,0.0,0,0,0,668.0,0,0.015269,2.0,0,0,669.0,0,0.015247,0,0,0,0.0,0,0,0.0,0,0,139.0,,,,0.0,female,NK,31.0,11.0,8.0
ALC - Poker NK,120238895400210157,OUTCOME_AWARENESS,2026-02-06,19783,15763,1.255028,61,0.308346,0.450656,1.389577,27.49,3.0,0,9.163333,0.0,0,0.0,0.0,0,0.0,0,0,0,0,0,0,0.0,0,0.0,0,0,0,1924.0,0,0.014288,2.0,0,0,1924.0,0,0.014288,0,0,0,0.0,0,0,0.0,0,0,460.0,,,,3.0,male,NK,175.0,91.0,39.0
ALC - Poker NK,120238895400210157,OUTCOME_AWARENESS,2026-02-06,65,59,1.101695,0,0.0,0.0,1.384615,0.09,0.0,0,0.0,0.0,0,0.0,0.0,0,0.0,0,0,0,0,0,0,0.0,0,0.0,0,0,0,8.0,0,0.01125,0.0,0,0,8.0,0,0.01125,0,0,0,0.0,0,0,0.0,0,0,1.0,,,,0.0,unknown,NK,,,
ENG - POKER,120238895417590157,OUTCOME_ENGAGEMENT,2026-02-06,2302,1512,1.522487,67,2.910513,0.299701,8.72285,20.08,0.0,0,0.0,0.0,0,0.0,0.0,0,0.0,0,0,0,0,0,0,0.0,0,0.0,0,0,0,488.0,0,0.041148,178.0,0,0,488.0,0,0.041148,0,0,0,0.0,0,0,0.0,0,0,66.0,,,,0.0,female,NK,25.0,18.0,12.0
ENG - POKER,120238895417590157,OUTCOME_ENGAGEMENT,2026-02-06,2545,1637,1.554673,42,1.650295,0.541667,8.939096,22.75,1.0,0,22.75,0.0,0,0.0,0.0,0,0.0,0,0,0,0,0,0,0.0,0,0.0,0,0,0,505.0,0,0.04505,201.0,0,0,505.0,0,0.04505,0,0,0,0.0,0,0,0.0,0,0,90.0,,,,0.0,male,NK,29.0,16.0,8.0
ENG - POKER,120238895417590157,OUTCOME_ENGAGEMENT,2026-02-06,46,28,1.642857,0,0.0,0.0,10.0,0.46,0.0,0,0.0,0.0,0,0.0,0.0,0,0.0,0,0,0,0,0,0,0.0,0,0.0,0,0,0,7.0,0,0.065714,3.0,0,0,7.0,0,0.065714,0,0,0,0.0,0,0,0.0,0,0,,,,,0.0,unknown,NK,,,
ALC - General Ly,120238922807440157,OUTCOME_AWARENESS,2026-02-06,9524,8596,1.107957,15,0.157497,0.856667,1.349223,12.85,0.0,0,0.0,0.0,0,0.0,0.0,0,0.0,0,0,0,0,0,0,0.0,0,0.0,0,0,0,783.0,0,0.016411,1.0,0,0,783.0,0,0.016411,0,0,0,0.0,0,0,0.0,0,0,77.0,,,,0.0,female,NK,27.0,17.0,9.0
ALC - General Ly,120238922807440157,OUTCOME_AWARENESS,2026-02-06,9236,8045,1.148042,8,0.086618,1.49,1.290602,11.92,1.0,0,11.92,0.0,0,0.0,0.0,0,0.0,0,0,0,0,0,0,0.0,0,0.0,0,0,0,787.0,0,0.015146,3.0,0,0,787.0,0,0.015146,0,0,0,0.0,0,0,0.0,0,0,57.0,,,,0.0,male,NK,16.0,10.0,7.0
ALC - General Ly,120238922807440157,OUTCOME_AWARENESS,2026-02-06,85,72,1.180556,0,0.0,0.0,1.176471,0.1,0.0,0,0.0,0.0,0,0.0,0.0,0,0.0,0,0,0,0,0,0,0.0,0,0.0,0,0,0,10.0,0,0.01,0.0,0,0,10.0,0,0.01,0,0,0,0.0,0,0,0.0,0,0,1.0,,,,0.0,unknown,NK,,,
ALC - Exposição Telomar,120238922924330157,OUTCOME_AWARENESS,2026-02-06,9089,8963,1.014058,0,0.0,0.0,1.400594,12.73,0.0,0,0.0,0.0,0,0.0,0.0,0,0.0,0,0,0,0,0,0,0.0,0,0.0,0,0,0,373.0,0,0.034129,0.0,0,0,373.0,0,0.034129,0,0,0,0.0,0,0,0.0,0,0,71.0,,,,0.0,female,NK,22.0,14.0,9.0
ALC - Exposição Telomar,120238922924330157,OUTCOME_AWARENESS,2026-02-06,8897,8706,1.021939,1,0.01124,11.53,1.295942,11.53,0.0,0,0.0,0.0,0,0.0,0.0,0,0.0,0,0,0,0,0,0,0.0,0,0.0,0,0,0,373.0,0,0.030912,1.0,0,0,373.0,0,0.030912,0,0,0,0.0,0,0,0.0,0,0,82.0,,,,0.0,male,NK,19.0,9.0,8.0
ALC - Exposição Telomar,120238922924330157,OUTCOME_AWARENESS,2026-02-06,73,72,1.013889,0,0.0,0.0,1.232877,0.09,0.0,0,0.0,0.0,0,0.0,0.0,0,0.0,0,0,0,0,0,0,0.0,0,0.0,0,0,0,6.0,0,0.015,0.0,0,0,6.0,0,0.015,0,0,0,0.0,0,0,0.0,0,0,2.0,,,,0.0,unknown,NK,,,
ALC - Legueiros,120238935282320157,OUTCOME_AWARENESS,2026-02-06,24482,22773,1.075045,33,0.134793,0.91303,1.2307,30.13,24.0,0,1.255417,0.0,0,0.0,0.0,0,0.0,0,0,0,0,0,0,0.0,0,0.0,0,0,0,25.0,0,1.2052,1.0,0,0,25.0,0,1.2052,0,0,0,0.0,0,0,0.0,0,0,,,,,16.0,female,NK,,,
ALC - Legueiros,120238935282320157,OUTCOME_AWARENESS,2026-02-06,28820,25841,1.115282,22,0.076336,1.604545,1.224844,35.3,9.0,0,3.922222,0.0,0,0.0,0.0,0,0.0,0,0,0,0,0,0,0.0,0,0.0,0,0,0,12.0,0,2.941667,2.0,0,0,12.0,0,2.941667,0,0,0,0.0,0,0,0.0,0,0,,,,,3.0,male,NK,,,
ALC - Legueiros,120238935282320157,OUTCOME_AWARENESS,2026-02-06,212,200,1.06,1,0.471698,0.22,1.037736,0.22,0.0,0,0.0,0.0,0,0.0,0.0,0,0.0,0,0,0,0,0,0,0.0,0,0.0,0,0,0,1.0,0,0.22,1.0,0,0,1.0,0,0.22,0,0,0,0.0,0,0,0.0,0,0,,,,,0.0,unknown,NK,,,
ALC - Gastronomia — AON,120217368581940157,OUTCOME_AWARENESS,2026-03-01,215448,142085,1.516332,175,0.081226,1.483143,1.204699,259.55,116.0,0,2.2375,0.0,0,0.0,0.0,0,0.0,0,0,0,0,0,0,0.0,0,0.0,0,0,0,8472.0,0,0.030636,25.0,0,0,8472.0,0,0.030636,0,0,0,0.0,0,0,0.0,0,0,1410.0,,,,0.0,female,NK,493.0,202.0,133.0
ALC - Gastronomia — AON,120217368581940157,OUTCOME_AWARENESS,2026-03-01,198793,133518,1.488885,163,0.081995,1.46908,1.20457,239.46,106.0,0,2.259057,0.0,0,0.0,0.0,0,0.0,0,0,0,0,0,0,0.0,0,0.0,0,0,0,7965.0,0,0.030064,28.0,0,0,7965.0,0,0.030064,0,0,0,0.0,0,0,0.0,0,0,1308.0,,,,0.0,male,NK,460.0,201.0,116.0
ALC - Gastronomia — AON,120217368581940157,OUTCOME_AWARENESS,2026-03-01,1506,1100,1.369091,0,0.0,0.0,1.26826,1.91,0.0,0,0.0,0.0,0,0.0,0.0,0,0.0,0,0,0,0,0,0,0.0,0,0.0,0,0,0,40.0,0,0.04775,0.0,0,0,40.0,0,0.04775,0,0,0,0.0,0,0,0.0,0,0,9.0,,,,0.0,unknown,NK,4.0,2.0,1.0
ALC - Cinema - AON,120237502551570157,OUTCOME_AWARENESS,2026-03-01,151830,86779,1.749617,290,0.191003,0.561753,1.072966,162.908448,41.0,0,3.973377,12.0,0,13.575704,0.0,0,0.0,0,0,0,0,0,0,0.0,0,0.0,0,0,0,15804.0,0,0.010308,112.0,0,0,15806.0,0,0.010307,0,0,0,0.0,0,0,0.0,0,0,40136.0,,,,40.0,female,NK,15915.0,8908.0,6480.0
ALC - Cinema - AON,120237502551570157,OUTCOME_AWARENESS,2026-03-01,257927,139334,1.851142,369,0.143064,0.749597,1.072402,276.601323,55.0,0,5.029115,16.0,0,17.287583,0.0,0,0.0,0,0,0,0,0,0,0.0,0,0.0,0,0,0,24084.0,0,0.011485,119.0,0,0,24084.0,0,0.011485,0,0,0,0.0,0,0,0.0,0,0,59026.0,,,,53.0,male,NK,24362.0,14304.0,10676.0
ALC - Cinema - AON,120237502551570157,OUTCOME_AWARENESS,2026-03-01,1619,903,1.792913,1,0.061767,2.020229,1.247825,2.020229,0.0,0,0.0,0.0,0,0.0,0.0,0,0.0,0,0,0,0,0,0,0.0,0,0.0,0,0,0,143.0,0,0.014127,0.0,0,0,143.0,0,0.014127,0,0,0,0.0,0,0,0.0,0,0,364.0,,,,0.0,unknown,NK,148.0,71.0,53.0
ALC - Moda Feminina,120238480775560157,OUTCOME_AWARENESS,2026-03-01,69675,43386,1.605933,20,0.028705,4.2705,1.225834,85.41,0.0,0,0.0,0.0,0,0.0,0.0,0,0.0,0,0,0,0,0,0,0.0,0,0.0,0,0,0,3226.0,0,0.026476,27.0,0,0,3226.0,0,0.026476,0,0,0,0.0,0,0,0.0,0,0,1247.0,,,,0.0,female,NK,608.0,229.0,134.0
ALC - Moda Feminina,120238480775560157,OUTCOME_AWARENESS,2026-03-01,46527,29490,1.577721,13,0.027941,4.434615,1.239065,57.65,1.0,0,57.65,0.0,0,0.0,0.0,0,0.0,0,0,0,0,0,0,0.0,0,0.0,0,0,0,1624.0,0,0.035499,9.0,0,0,1624.0,0,0.035499,0,0,0,0.0,0,0,0.0,0,0,584.0,,,,1.0,male,NK,233.0,76.0,48.0
ALC - Moda Feminina,120238480775560157,OUTCOME_AWARENESS,2026-03-01,368,262,1.40458,0,0.0,0.0,1.195652,0.44,0.0,0,0.0,0.0,0,0.0,0.0,0,0.0,0,0,0,0,0,0,0.0,0,0.0,0,0,0,15.0,0,0.029333,0.0,0,0,15.0,0,0.029333,0,0,0,0.0,0,0,0.0,0,0,5.0,,,,0.0,unknown,NK,3.0,,
ALC - Promoção Meu Méqui,120238882009230157,OUTCOME_AWARENESS,2026-03-01,30552,22660,1.348279,64,0.209479,0.539063,1.129222,34.5,52.0,0,0.663462,0.0,0,0.0,0.0,0,0.0,0,0,0,0,0,0,0.0,0,0.0,0,0,0,53.0,0,0.650943,0.0,0,0,53.0,0,0.650943,0,0,0,0.0,0,0,0.0,0,0,,,,,17.0,female,NK,,,
ALC - Promoção Meu Méqui,120238882009230157,OUTCOME_AWARENESS,2026-03-01,23892,17267,1.38368,38,0.159049,0.717368,1.140968,27.26,31.0,0,0.879355,0.0,0,0.0,0.0,0,0.0,0,0,0,0,0,0,0.0,0,0.0,0,0,0,33.0,0,0.826061,2.0,0,0,33.0,0,0.826061,0,0,0,0.0,0,0,0.0,0,0,,,,,9.0,male,NK,,,
ALC - Promoção Meu Méqui,120238882009230157,OUTCOME_AWARENESS,2026-03-01,173,132,1.310606,0,0.0,0.0,0.867052,0.15,0.0,0,0.0,0.0,0,0.0,0.0,0,0.0,0,0,0,0,0,0,0.0,0,0.0,0,0,0,0.0,0,0.0,0.0,0,0,0.0,0,0.0,0,0,0,0.0,0,0,0.0,0,0,,,,,0.0,unknown,NK,,,
ALC - Poker NK,120238895400210157,OUTCOME_AWARENESS,2026-03-01,13009,10490,1.240133,30,0.23061,0.483,1.113844,14.49,1.0,0,14.49,0.0,0,0.0,0.0,0,0.0,0,0,0,0,0,0,0.0,0,0.0,0,0,0,898.0,0,0.016136,3.0,0,0,898.0,0,0.016136,0,0,0,0.0,0,0,0.0,0,0,215.0,,,,0.0,female,NK,71.0,30.0,12.0
ALC - Poker NK,120238895400210157,OUTCOME_AWARENESS,2026-03-01,19118,15212,1.256771,34,0.177843,0.604118,1.07438,20.54,1.0,0,20.54,0.0,0,0.0,0.0,0,0.0,0,0,0,0,0,0,0.0,0,0.0,0,0,0,1569.0,0,0.013091,3.0,0,0,1569.0,0,0.013091,0,0,0,0.0,0,0,0.0,0,0,409.0,,,,0.0,male,NK,144.0,69.0,35.0
ALC - Poker NK,120238895400210157,OUTCOME_AWARENESS,2026-03-01,148,117,1.264957,0,0.0,0.0,0.743243,0.11,0.0,0,0.0,0.0,0,0.0,0.0,0,0.0,0,0,0,0,0,0,0.0,0,0.0,0,0,0,12.0,0,0.009167,0.0,0,0,12.0,0,0.009167,0,0,0,0.0,0,0,0.0,0,0,,,,,0.0,unknown,NK,,,
ENG - POKER,120238895417590157,OUTCOME_ENGAGEMENT,2026-03-01,3167,2147,1.475082,43,1.357752,0.426258,5.787528,18.329101,1.0,0,18.329101,0.0,0,0.0,0.0,0,0.0,0,0,0,0,0,0,0.0,0,0.0,0,0,0,492.0,0,0.037254,130.0,0,0,492.0,0,0.037254,0,0,0,0.0,0,0,0.0,0,0,108.0,,,,0.0,female,NK,41.0,27.0,18.0
ENG - POKER,120238895417590157,OUTCOME_ENGAGEMENT,2026-03-01,3678,2285,1.609628,41,1.114736,0.527091,5.875674,21.61073,0.0,0,0.0,0.0,0,0.0,0.0,0,0.0,0,0,0,0,0,0,0.0,0,0.0,0,0,0,544.0,0,0.039726,185.0,0,0,544.0,0,0.039726,0,0,0,0.0,0,0,0.0,0,0,93.0,,,,0.0,male,NK,39.0,25.0,15.0
ENG - POKER,120238895417590157,OUTCOME_ENGAGEMENT,2026-03-01,60,39,1.538462,1,1.666667,0.340169,5.669482,0.340169,0.0,0,0.0,0.0,0,0.0,0.0,0,0.0,0,0,0,0,0,0,0.0,0,0.0,0,0,0,6.0,0,0.056695,4.0,0,0,6.0,0,0.056695,0,0,0,0.0,0,0,0.0,0,0,,,,,0.0,unknown,NK,,,
ALC - General Ly,120238922807440157,OUTCOME_AWARENESS,2026-03-01,104386,52514,1.987775,177,0.169563,0.73347,1.243693,129.824114,3.0,0,43.274705,0.0,0,0.0,0.0,0,0.0,0,0,0,0,0,0,0.0,0,0.0,0,0,0,8438.0,0,0.015386,41.0,0,0,8438.0,0,0.015386,0,0,0,0.0,0,0,0.0,0,0,813.0,,,,0.0,female,NK,260.0,169.0,95.0
ALC - General Ly,120238922807440157,OUTCOME_AWARENESS,2026-03-01,147238,63798,2.307878,180,0.122251,1.022921,1.250532,184.125834,11.0,0,16.738712,0.0,0,0.0,0.0,0,0.0,0,0,0,0,0,0,0.0,0,0.0,0,0,0,14219.0,0,0.012949,35.0,0,0,14219.0,0,0.012949,0,0,0,0.0,0,0,0.0,0,0,936.0,,,,1.0,male,NK,230.0,131.0,78.0
ALC - General Ly,120238922807440157,OUTCOME_AWARENESS,2026-03-01,1245,540,2.305556,1,0.080321,1.640052,1.317311,1.640052,0.0,0,0.0,0.0,0,0.0,0.0,0,0.0,0,0,0,0,0,0,0.0,0,0.0,0,0,0,147.0,0,0.011157,0.0,0,0,147.0,0,0.011157,0,0,0,0.0,0,0,0.0,0,0,14.0,,,,0.0,unknown,NK,4.0,1.0,
ALC - Exposição Telomar,120238922924330157,OUTCOME_AWARENESS,2026-03-01,97641,50789,1.922483,35,0.035846,3.440128,1.233135,120.404486,1.0,0,120.404486,0.0,0,0.0,0.0,0,0.0,0,0,0,0,0,0,0.0,0,0.0,0,0,0,4698.0,0,0.025629,19.0,0,0,4698.0,0,0.025629,0,0,0,0.0,0,0,0.0,0,0,969.0,,,,1.0,female,NK,301.0,142.0,94.0
ALC - Exposição Telomar,120238922924330157,OUTCOME_AWARENESS,2026-03-01,118706,59700,1.988375,32,0.026957,4.595484,1.238821,147.055479,0.0,0,0.0,0.0,0,0.0,0.0,0,0.0,0,0,0,0,0,0,0.0,0,0.0,0,0,0,5992.0,0,0.024542,18.0,0,0,5992.0,0,0.024542,0,0,0,0.0,0,0,0.0,0,0,1301.0,,,,0.0,male,NK,392.0,239.0,157.0
ALC - Exposição Telomar,120238922924330157,OUTCOME_AWARENESS,2026-03-01,711,415,1.713253,0,0.0,0.0,1.294,0.920034,0.0,0,0.0,0.0,0,0.0,0.0,0,0.0,0,0,0,0,0,0,0.0,0,0.0,0,0,0,43.0,0,0.021396,1.0,0,0,43.0,0,0.021396,0,0,0,0.0,0,0,0.0,0,0,5.0,,,,0.0,unknown,NK,1.0,,
ALC - Legueiros,120238935282320157,OUTCOME_AWARENESS,2026-03-01,624286,239688,2.604578,694,0.111167,1.180914,1.312787,819.554268,497.0,0,1.649003,0.0,0,0.0,0.0,0,0.0,0,0,0,0,0,0,0.0,0,0.0,0,0,0,6034.0,0,0.135823,64.0,0,0,6034.0,0,0.135823,0,0,0,0.0,0,0,0.0,0,0,760.0,,,,52.0,female,NK,165.0,88.0,67.0
ALC - Legueiros,120238935282320157,OUTCOME_AWARENESS,2026-03-01,692044,282588,2.44895,704,0.101728,1.274909,1.296934,897.535625,455.0,0,1.972606,1.0,0,897.535625,0.0,0,0.0,0,0,0,0,0,0,0.0,0,0.0,0,0,0,7887.0,0,0.113799,102.0,0,0,7887.0,0,0.113799,0,0,0,0.0,0,0,0.0,0,0,968.0,,,,49.0,male,NK,216.0,104.0,63.0
ALC - Legueiros,120238935282320157,OUTCOME_AWARENESS,2026-03-01,4925,2183,2.25607,3,0.060914,2.043369,1.244692,6.130107,1.0,0,6.130107,1.0,0,6.130107,0.0,0,0.0,0,0,0,0,0,0,0.0,0,0.0,0,0,0,44.0,0,0.139321,0.0,0,0,44.0,0,0.139321,0,0,0,0.0,0,0,0.0,0,0,6.0,,,,0.0,unknown,NK,1.0,1.0,1.0
ALC - Semana do Consumidor,120239316518760157,OUTCOME_AWARENESS,2026-03-01,369005,230125,1.603498,217,0.058807,2.470667,1.45292,536.134638,40.0,0,13.403366,0.0,0,0.0,0.0,0,0.0,0,0,0,0,0,0,0.0,0,0.0,0,0,0,14760.0,0,0.036323,48.0,0,0,14760.0,0,0.036323,0,0,0,0.0,0,0,0.0,0,0,1818.0,,,,39.0,female,NK,353.0,204.0,134.0
ALC - Semana do Consumidor,120239316518760157,OUTCOME_AWARENESS,2026-03-01,316734,201136,1.574726,303,0.095664,1.518764,1.452908,460.185398,37.0,0,12.437443,1.0,0,460.185398,0.0,0,0.0,0,0,0,0,0,0,0.0,0,0.0,0,0,0,13673.0,0,0.033657,72.0,0,0,13673.0,0,0.033657,0,0,0,0.0,0,0,0.0,0,0,1449.0,,,,37.0,male,NK,337.0,159.0,111.0
ALC - Semana do Consumidor,120239316518760157,OUTCOME_AWARENESS,2026-03-01,2417,1567,1.542438,3,0.124121,1.199988,1.489435,3.599964,0.0,0,0.0,0.0,0,0.0,0.0,0,0.0,0,0,0,0,0,0,0.0,0,0.0,0,0,0,87.0,0,0.041379,0.0,0,0,87.0,0,0.041379,0,0,0,0.0,0,0,0.0,0,0,12.0,,,,0.0,unknown,NK,2.0,2.0,
ALC - Páscoa,120239362078700157,OUTCOME_AWARENESS,2026-03-01,93190,54390,1.713366,149,0.159888,0.81906,1.309583,122.04,9.0,0,13.56,1.0,0,122.04,0.0,0,0.0,0,0,0,0,0,0,0.0,0,0.0,0,0,0,5316.0,0,0.022957,35.0,0,0,5316.0,0,0.022957,0,0,0,0.0,0,0,0.0,0,0,573.0,,,,6.0,female,NK,223.0,137.0,94.0
ALC - Páscoa,120239362078700157,OUTCOME_AWARENESS,2026-03-01,86458,51996,1.662782,90,0.104097,1.265889,1.31775,113.93,5.0,0,22.786,0.0,0,0.0,0.0,0,0.0,0,0,0,0,0,0,0.0,0,0.0,0,0,0,3146.0,0,0.036214,16.0,0,0,3146.0,0,0.036214,0,0,0,0.0,0,0,0.0,0,0,263.0,,,,2.0,male,NK,69.0,30.0,22.0
ALC - Páscoa,120239362078700157,OUTCOME_AWARENESS,2026-03-01,715,434,1.647465,2,0.27972,0.51,1.426573,1.02,0.0,0,0.0,0.0,0,0.0,0.0,0,0.0,0,0,0,0,0,0,0.0,0,0.0,0,0,0,26.0,0,0.039231,1.0,0,0,26.0,0,0.039231,0,0,0,0.0,0,0,0.0,0,0,4.0,,,,0.0,unknown,NK,3.0,3.0,2.0
ALC - Agenda de março,120239404690950157,OUTCOME_AWARENESS,2026-03-01,69163,40654,1.701259,70,0.10121,1.308429,1.324263,91.59,55.0,0,1.665273,0.0,0,0.0,0.0,0,0.0,0,0,0,0,0,0,0.0,0,0.0,0,0,0,57.0,0,1.606842,1.0,0,0,57.0,0,1.606842,0,0,0,0.0,0,0,0.0,0,0,,,,,20.0,female,NK,,,
ALC - Agenda de março,120239404690950157,OUTCOME_AWARENESS,2026-03-01,64374,38748,1.66135,70,0.10874,1.255714,1.365458,87.9,54.0,0,1.627778,0.0,0,0.0,0.0,0,0.0,0,0,0,0,0,0,0.0,0,0.0,0,0,0,54.0,0,1.627778,0.0,0,0,54.0,0,1.627778,0,0,0,0.0,0,0,0.0,0,0,,,,,17.0,male,NK,,,
ALC - Agenda de março,120239404690950157,OUTCOME_AWARENESS,2026-03-01,559,348,1.606322,0,0.0,0.0,1.234347,0.69,0.0,0,0.0,0.0,0,0.0,0.0,0,0.0,0,0,0,0,0,0,0.0,0,0.0,0,0,0,0.0,0,0.0,0.0,0,0,0.0,0,0.0,0,0,0,0.0,0,0,0.0,0,0,,,,,0.0,unknown,NK,,,
ALC - Crepusculo,120239513135660157,OUTCOME_AWARENESS,2026-03-01,128245,66074,1.94093,53,0.041327,3.289906,1.359624,174.365018,11.0,0,15.851365,2.0,0,87.182509,0.0,0,0.0,0,0,0,0,0,0,0.0,0,0.0,0,0,0,3518.0,0,0.049564,34.0,0,0,3518.0,0,0.049564,0,0,0,0.0,0,0,0.0,0,0,1561.0,,,,11.0,female,NK,995.0,292.0,180.0
ALC - Crepusculo,120239513135660157,OUTCOME_AWARENESS,2026-03-01,128279,67056,1.913013,42,0.032741,4.156072,1.360745,174.555013,2.0,0,87.277506,0.0,0,0.0,0.0,0,0.0,0,0,0,0,0,0,0.0,0,0.0,0,0,0,4216.0,0,0.041403,31.0,0,0,4216.0,0,0.041403,0,0,0,0.0,0,0,0.0,0,0,1772.0,,,,2.0,male,NK,1001.0,331.0,216.0
ALC - Crepusculo,120239513135660157,OUTCOME_AWARENESS,2026-03-01,842,478,1.761506,0,0.0,0.0,1.270748,1.069969,0.0,0,0.0,0.0,0,0.0,0.0,0,0.0,0,0,0,0,0,0,0.0,0,0.0,0,0,0,37.0,0,0.028918,2.0,0,0,37.0,0,0.028918,0,0,0,0.0,0,0,0.0,0,0,12.0,,,,0.0,unknown,NK,8.0,3.0,2.0
ALC - L’Occitane,120239890293650157,OUTCOME_AWARENESS,2026-03-01,29394,21027,1.397917,14,0.047629,2.97,1.414574,41.58,5.0,0,8.316,0.0,0,0.0,0.0,0,0.0,0,0,0,0,0,0,0.0,0,0.0,0,0,0,1235.0,0,0.033668,6.0,0,0,1235.0,0,0.033668,0,0,0,0.0,0,0,0.0,0,0,328.0,,,,2.0,female,NK,124.0,47.0,28.0
ALC - L’Occitane,120239890293650157,OUTCOME_AWARENESS,2026-03-01,21158,15480,1.366796,14,0.066169,2.137143,1.414122,29.92,1.0,0,29.92,0.0,0,0.0,0.0,0,0.0,0,0,0,0,0,0,0.0,0,0.0,0,0,0,1332.0,0,0.022462,1.0,0,0,1332.0,0,0.022462,0,0,0,0.0,0,0,0.0,0,0,339.0,,,,0.0,male,NK,93.0,26.0,17.0
ALC - L’Occitane,120239890293650157,OUTCOME_AWARENESS,2026-03-01,200,146,1.369863,1,0.5,0.31,1.55,0.31,0.0,0,0.0,0.0,0,0.0,0.0,0,0.0,0,0,0,0,0,0,0.0,0,0.0,0,0,0,10.0,0,0.031,0.0,0,0,10.0,0,0.031,0,0,0,0.0,0,0,0.0,0,0,2.0,,,,0.0,unknown,NK,,,
ACL - Outuno,120239890390310157,OUTCOME_AWARENESS,2026-03-01,44985,34297,1.311631,59,0.131155,1.082712,1.420029,63.88,3.0,0,21.293333,1.0,0,63.88,0.0,0,0.0,0,0,0,0,0,0,0.0,0,0.0,0,0,0,2013.0,0,0.031734,9.0,0,0,2013.0,0,0.031734,0,0,0,0.0,0,0,0.0,0,0,343.0,,,,3.0,female,NK,138.0,91.0,31.0
ACL - Outuno,120239890390310157,OUTCOME_AWARENESS,2026-03-01,25783,20085,1.283694,28,0.108599,1.319286,1.432727,36.94,0.0,0,0.0,0.0,0,0.0,0.0,0,0.0,0,0,0,0,0,0,0.0,0,0.0,0,0,0,1032.0,0,0.035795,6.0,0,0,1032.0,0,0.035795,0,0,0,0.0,0,0,0.0,0,0,130.0,,,,0.0,male,NK,40.0,24.0,14.0
ACL - Outuno,120239890390310157,OUTCOME_AWARENESS,2026-03-01,226,178,1.269663,0,0.0,0.0,1.283186,0.29,0.0,0,0.0,0.0,0,0.0,0.0,0,0.0,0,0,0,0,0,0,0.0,0,0.0,0,0,0,15.0,0,0.019333,0.0,0,0,15.0,0,0.019333,0,0,0,0.0,0,0,0.0,0,0,3.0,,,,0.0,unknown,NK,2.0,2.0,2.0
ALC - Camiseta BR Centauro,120239896037880157,OUTCOME_AWARENESS,2026-03-01,32617,23602,1.381959,64,0.196217,0.724271,1.42114,46.353325,1.0,0,46.353325,0.0,0,0.0,0.0,0,0.0,0,0,0,0,0,0,0.0,0,0.0,0,0,0,1595.0,0,0.029062,12.0,0,0,1595.0,0,0.029062,0,0,0,0.0,0,0,0.0,0,0,2157.0,,,,0.0,female,NK,949.0,552.0,380.0
ALC - Camiseta BR Centauro,120239896037880157,OUTCOME_AWARENESS,2026-03-01,65403,42098,1.553589,200,0.305796,0.460934,1.409518,92.186725,3.0,0,30.728908,0.0,0,0.0,0.0,0,0.0,0,0,0,0,0,0,0.0,0,0.0,0,0,0,5282.0,0,0.017453,27.0,0,0,5282.0,0,0.017453,0,0,0,0.0,0,0,0.0,0,0,7184.0,,,,2.0,male,NK,3076.0,1885.0,1274.0
ALC - Camiseta BR Centauro,120239896037880157,OUTCOME_AWARENESS,2026-03-01,312,224,1.392857,0,0.0,0.0,1.121633,0.34995,0.0,0,0.0,0.0,0,0.0,0.0,0,0.0,0,0,0,0,0,0,0.0,0,0.0,0,0,0,29.0,0,0.012067,0.0,0,0,29.0,0,0.012067,0,0,0,0.0,0,0,0.0,0,0,45.0,,,,0.0,unknown,NK,16.0,12.0,7.0
ALC - Foot Wear,120239902813790157,OUTCOME_AWARENESS,2026-03-01,73247,48240,1.518387,59,0.080549,1.781793,1.435223,105.125794,3.0,0,35.041931,0.0,0,0.0,0.0,0,0.0,0,0,0,0,0,0,0.0,0,0.0,0,0,0,2673.0,0,0.039329,10.0,0,0,2673.0,0,0.039329,0,0,0,0.0,0,0,0.0,0,0,1034.0,,,,3.0,female,NK,458.0,138.0,87.0
ALC - Foot Wear,120239902813790157,OUTCOME_AWARENESS,2026-03-01,100523,64028,1.569985,67,0.066651,2.140064,1.426383,143.384263,5.0,0,28.676853,1.0,0,143.384263,0.0,0,0.0,0,0,0,0,0,0,0.0,0,0.0,0,0,0,5496.0,0,0.026089,14.0,0,0,5496.0,0,0.026089,0,0,0,0.0,0,0,0.0,0,0,1878.0,,,,3.0,male,NK,672.0,257.0,155.0
ALC - Foot Wear,120239902813790157,OUTCOME_AWARENESS,2026-03-01,870,553,1.573237,0,0.0,0.0,1.655106,1.439942,0.0,0,0.0,0.0,0,0.0,0.0,0,0.0,0,0,0,0,0,0,0.0,0,0.0,0,0,0,63.0,0,0.022856,1.0,0,0,63.0,0,0.022856,0,0,0,0.0,0,0,0.0,0,0,23.0,,,,0.0,unknown,NK,10.0,2.0,1.0
ALC - Tommy Hilfeger,120239902864470157,OUTCOME_AWARENESS,2026-03-01,37223,26128,1.42464,15,0.040298,3.47967,1.402226,52.195055,0.0,0,0.0,0.0,0,0.0,0.0,0,0.0,0,0,0,0,0,0,0.0,0,0.0,0,0,0,2199.0,0,0.023736,14.0,0,0,2199.0,0,0.023736,0,0,0,0.0,0,0,0.0,0,0,1411.0,,,,0.0,female,NK,506.0,262.0,121.0
ALC - Tommy Hilfeger,120239902864470157,OUTCOME_AWARENESS,2026-03-01,34953,21877,1.597705,21,0.060081,2.402614,1.443507,50.454886,1.0,0,50.454886,0.0,0,0.0,0.0,0,0.0,0,0,0,0,0,0,0.0,0,0.0,0,0,0,3265.0,0,0.015453,14.0,0,0,3265.0,0,0.015453,0,0,0,0.0,0,0,0.0,0,0,2028.0,,,,0.0,male,NK,654.0,318.0,177.0
ALC - Tommy Hilfeger,120239902864470157,OUTCOME_AWARENESS,2026-03-01,430,241,1.784232,1,0.232558,0.610059,1.418742,0.610059,0.0,0,0.0,0.0,0,0.0,0.0,0,0.0,0,0,0,0,0,0,0.0,0,0.0,0,0,0,36.0,0,0.016946,0.0,0,0,36.0,0,0.016946,0,0,0,0.0,0,0,0.0,0,0,23.0,,,,0.0,unknown,NK,3.0,1.0,
ALC - Tour pelo NK,120239934055580157,OUTCOME_AWARENESS,2026-03-01,24073,17451,1.379462,21,0.087235,1.673045,1.459475,35.133937,2.0,0,17.566969,0.0,0,0.0,0.0,0,0.0,0,0,0,0,0,0,0.0,0,0.0,0,0,0,1100.0,0,0.03194,4.0,0,0,1100.0,0,0.03194,0,0,0,0.0,0,0,0.0,0,0,34.0,,,,0.0,female,NK,21.0,20.0,16.0
ALC - Tour pelo NK,120239934055580157,OUTCOME_AWARENESS,2026-03-01,15201,10504,1.447163,17,0.111835,1.330947,1.488461,22.626096,0.0,0,0.0,0.0,0,0.0,0.0,0,0.0,0,0,0,0,0,0,0.0,0,0.0,0,0,0,1284.0,0,0.017622,1.0,0,0,1284.0,0,0.017622,0,0,0,0.0,0,0,0.0,0,0,14.0,,,,0.0,male,NK,4.0,3.0,3.0
ALC - Tour pelo NK,120239934055580157,OUTCOME_AWARENESS,2026-03-01,124,78,1.589744,0,0.0,0.0,1.531994,0.189967,0.0,0,0.0,0.0,0,0.0,0.0,0,0.0,0,0,0,0,0,0,0.0,0,0.0,0,0,0,10.0,0,0.018997,0.0,0,0,10.0,0,0.018997,0,0,0,0.0,0,0,0.0,0,0,,,,,0.0,unknown,NK,,,
ENG - Corrida NK,120239980952960157,OUTCOME_ENGAGEMENT,2026-03-01,7041,4201,1.67603,9,0.127823,3.615556,4.621503,32.54,3.0,0,10.846667,1.0,0,32.54,0.0,0,0.0,0,0,0,0,0,0,0.0,0,0.0,0,0,0,824.0,0,0.03949,213.0,0,0,824.0,0,0.03949,0,0,0,0.0,0,0,0.0,0,0,59.0,,,,3.0,female,NK,27.0,11.0,9.0
ENG - Corrida NK,120239980952960157,OUTCOME_ENGAGEMENT,2026-03-01,3992,2406,1.659185,5,0.125251,4.29,5.373246,21.45,0.0,0,0.0,0.0,0,0.0,0.0,0,0.0,0,0,0,0,0,0,0.0,0,0.0,0,0,0,514.0,0,0.041732,173.0,0,0,514.0,0,0.041732,0,0,0,0.0,0,0,0.0,0,0,33.0,,,,0.0,male,NK,25.0,15.0,9.0
ENG - Corrida NK,120239980952960157,OUTCOME_ENGAGEMENT,2026-03-01,69,44,1.568182,0,0.0,0.0,8.115942,0.56,0.0,0,0.0,0.0,0,0.0,0.0,0,0.0,0,0,0,0,0,0,0.0,0,0.0,0,0,0,8.0,0,0.07,4.0,0,0,8.0,0,0.07,0,0,0,0.0,0,0,0.0,0,0,,,,,0.0,unknown,NK,,,
ALC - Filme Super Mário,120240044542830157,OUTCOME_AWARENESS,2026-03-01,27176,22310,1.218108,30,0.110392,1.269206,1.401096,38.076173,0.0,0,0.0,0.0,0,0.0,0.0,0,0.0,0,0,0,0,0,0,0.0,0,0.0,0,0,0,2653.0,0,0.014352,13.0,0,0,2653.0,0,0.014352,0,0,0,0.0,0,0,0.0,0,0,193.0,,,,0.0,female,NK,47.0,32.0,21.0
ALC - Filme Super Mário,120240044542830157,OUTCOME_AWARENESS,2026-03-01,42718,33017,1.293818,66,0.154502,0.924907,1.428996,61.043865,2.0,0,30.521932,0.0,0,0.0,0.0,0,0.0,0,0,0,0,0,0,0.0,0,0.0,0,0,0,3965.0,0,0.015396,18.0,0,0,3965.0,0,0.015396,0,0,0,0.0,0,0,0.0,0,0,296.0,,,,0.0,male,NK,81.0,36.0,20.0
ALC - Filme Super Mário,120240044542830157,OUTCOME_AWARENESS,2026-03-01,270,207,1.304348,0,0.0,0.0,1.407266,0.379962,0.0,0,0.0,0.0,0,0.0,0.0,0,0.0,0,0,0,0,0,0,0.0,0,0.0,0,0,0,24.0,0,0.015832,0.0,0,0,24.0,0,0.015832,0,0,0,0.0,0,0,0.0,0,0,,,,,0.0,unknown,NK,,,
TRAF - FRANQUIAS,120240045624670157,LINK_CLICKS,2026-03-01,26530,15872,1.671497,614,2.314361,0.200879,4.649077,123.34,563.0,0,0.219076,369.0,0,0.334255,0.0,0,0.0,0,0,0,0,0,0,3.0,0,41.113333,0,0,0,594.0,0,0.207643,23.0,0,0,594.0,0,0.207643,0,0,0,0.0,0,0,23.0,0,0,,,,,563.0,female,NK,,,
TRAF - FRANQUIAS,120240045624670157,LINK_CLICKS,2026-03-01,23853,15280,1.56106,497,2.083595,0.198873,4.143714,98.84,461.0,0,0.214403,323.0,0,0.306006,0.0,0,0.0,0,0,0,0,0,0,2.0,0,49.42,0,0,0,489.0,0,0.202127,20.0,0,0,489.0,0,0.202127,0,0,0,0.0,0,0,24.0,0,0,,,,,461.0,male,NK,,,
TRAF - FRANQUIAS,120240045624670157,LINK_CLICKS,2026-03-01,180,102,1.764706,4,2.222222,0.14,3.111111,0.56,4.0,0,0.14,2.0,0,0.28,0.0,0,0.0,0,0,0,0,0,0,0.0,0,0.0,0,0,0,4.0,0,0.14,0.0,0,0,4.0,0,0.14,0,0,0,0.0,0,0,0.0,0,0,,,,,4.0,unknown,NK,,,
ENG - FRANQUIAS,120240047407400157,OUTCOME_ENGAGEMENT,2026-03-01,626,438,1.429224,2,0.319489,4.775,15.255591,9.55,2.0,0,4.775,0.0,0,0.0,0.0,0,0.0,0,0,0,0,0,0,0.0,0,0.0,0,0,0,5.0,0,1.91,3.0,0,0,5.0,0,1.91,0,0,0,0.0,0,0,0.0,0,0,,,,,2.0,female,NK,,,
ENG - FRANQUIAS,120240047407400157,OUTCOME_ENGAGEMENT,2026-03-01,367,261,1.40613,4,1.089918,1.49,16.239782,5.96,3.0,0,1.986667,0.0,0,0.0,0.0,0,0.0,0,0,0,0,0,0,0.0,0,0.0,0,0,0,4.0,0,1.49,0.0,0,0,4.0,0,1.49,0,0,0,0.0,0,0,0.0,0,0,,,,,2.0,male,NK,,,
ENG - FRANQUIAS,120240047407400157,OUTCOME_ENGAGEMENT,2026-03-01,4,3,1.333333,0,0.0,0.0,7.5,0.03,0.0,0,0.0,0.0,0,0.0,0.0,0,0.0,0,0,0,0,0,0,0.0,0,0.0,0,0,0,0.0,0,0.0,0.0,0,0,0.0,0,0.0,0,0,0,0.0,0,0,0.0,0,0,,,,,0.0,unknown,NK,,,
ALC - Evento ELAS,120240291158100157,OUTCOME_AWARENESS,2026-03-01,113357,102728,1.103467,136,0.119975,1.402215,1.682307,190.701221,83.0,0,2.297605,50.0,0,3.814024,0.0,0,0.0,0,0,0,0,0,0,0.0,0,0.0,0,0,0,3388.0,0,0.056287,10.0,0,0,3388.0,0,0.056287,0,0,0,0.0,0,0,0.0,0,0,1679.0,,,,83.0,female,NK,686.0,398.0,153.0
ALC - Evento ELAS,120240291158100157,OUTCOME_AWARENESS,2026-03-01,51171,48709,1.050545,53,0.103574,1.392997,1.442787,73.828859,32.0,0,2.307152,10.0,0,7.382886,0.0,0,0.0,0,0,0,0,0,0,0.0,0,0.0,0,0,0,1365.0,0,0.054087,9.0,0,0,1365.0,0,0.054087,0,0,0,0.0,0,0,0.0,0,0,681.0,,,,32.0,male,NK,245.0,135.0,59.0
ALC - Evento ELAS,120240291158100157,OUTCOME_AWARENESS,2026-03-01,336,331,1.015106,0,0.0,0.0,1.577143,0.52992,0.0,0,0.0,0.0,0,0.0,0.0,0,0.0,0,0,0,0,0,0,0.0,0,0.0,0,0,0,12.0,0,0.04416,0.0,0,0,12.0,0,0.04416,0,0,0,0.0,0,0,0.0,0,0,5.0,,,,0.0,unknown,NK,1.0,,
ALC - Kopenhagen,120240291675120157,OUTCOME_AWARENESS,2026-03-01,19195,16853,1.138966,40,0.208388,0.718162,1.49656,28.72647,2.0,0,14.363235,0.0,0,0.0,0.0,0,0.0,0,0,0,0,0,0,0.0,0,0.0,0,0,0,2335.0,0,0.012303,8.0,0,0,2335.0,0,0.012303,0,0,0,0.0,0,0,0.0,0,0,3102.0,,,,0.0,female,NK,1085.0,539.0,322.0
ALC - Kopenhagen,120240291675120157,OUTCOME_AWARENESS,2026-03-01,34795,25333,1.373505,52,0.149447,1.005261,1.50233,52.273577,1.0,0,52.273577,0.0,0,0.0,0.0,0,0.0,0,0,0,0,0,0,0.0,0,0.0,0,0,0,3552.0,0,0.014717,14.0,0,0,3552.0,0,0.014717,0,0,0,0.0,0,0,0.0,0,0,4740.0,,,,0.0,male,NK,1570.0,753.0,460.0
ALC - Kopenhagen,120240291675120157,OUTCOME_AWARENESS,2026-03-01,274,212,1.292453,0,0.0,0.0,1.386691,0.379953,0.0,0,0.0,0.0,0,0.0,0.0,0,0.0,0,0,0,0,0,0,0.0,0,0.0,0,0,0,27.0,0,0.014072,0.0,0,0,27.0,0,0.014072,0,0,0,0.0,0,0,0.0,0,0,33.0,,,,0.0,unknown,NK,9.0,5.0,3.0
ALC - Lelis,120240357317290157,OUTCOME_AWARENESS,2026-03-01,5318,5063,1.050365,5,0.09402,1.564,1.470478,7.82,3.0,0,2.606667,1.0,0,7.82,0.0,0,0.0,0,0,0,0,0,0,0.0,0,0.0,0,0,0,184.0,0,0.0425,1.0,0,0,184.0,0,0.0425,0,0,0,0.0,0,0,0.0,0,0,148.0,,,,3.0,female,NK,59.0,37.0,25.0
ALC - Lelis,120240357317290157,OUTCOME_AWARENESS,2026-03-01,358,355,1.008451,0,0.0,0.0,1.50838,0.54,0.0,0,0.0,0.0,0,0.0,0.0,0,0.0,0,0,0,0,0,0,0.0,0,0.0,0,0,0,6.0,0,0.09,0.0,0,0,6.0,0,0.09,0,0,0,0.0,0,0,0.0,0,0,2.0,,,,0.0,male,NK,1.0,1.0,1.0
ALC - Lelis,120240357317290157,OUTCOME_AWARENESS,2026-03-01,5,5,1.0,0,0.0,0.0,0.0,0.0,0.0,0,0.0,0.0,0,0.0,0.0,0,0.0,0,0,0,0,0,0,0.0,0,0.0,0,0,0,0.0,0,0.0,0.0,0,0,0.0,0,0.0,0,0,0,0.0,0,0,0.0,0,0,,,,,0.0,unknown,NK,,,
ALC - Gastronomia — AON,120217368581940157,OUTCOME_AWARENESS,2026-04-01,217559,133950,1.624181,185,0.085034,1.485784,1.263427,274.87,122.0,0,2.253033,0.0,0,0.0,0.0,0,0.0,0,0,0,0,0,0,0.0,0,0.0,0,0,0,7824.0,0,0.035132,23.0,0,0,7824.0,0,0.035132,0,0,0,0.0,0,0,0.0,0,0,1141.0,,,,0.0,female,NK,343.0,151.0,101.0
ALC - Gastronomia — AON,120217368581940157,OUTCOME_AWARENESS,2026-04-01,224065,139774,1.603052,169,0.075425,1.693432,1.277263,286.19,111.0,0,2.578288,0.0,0,0.0,0.0,0,0.0,0,0,0,0,0,0,0.0,0,0.0,0,0,0,7896.0,0,0.036245,28.0,0,0,7896.0,0,0.036245,0,0,0,0.0,0,0,0.0,0,0,1139.0,,,,0.0,male,NK,340.0,190.0,126.0
ALC - Gastronomia — AON,120217368581940157,OUTCOME_AWARENESS,2026-04-01,1680,1095,1.534247,0,0.0,0.0,1.244048,2.09,0.0,0,0.0,0.0,0,0.0,0.0,0,0.0,0,0,0,0,0,0,0.0,0,0.0,0,0,0,57.0,0,0.036667,0.0,0,0,57.0,0,0.036667,0,0,0,0.0,0,0,0.0,0,0,10.0,,,,0.0,unknown,NK,1.0,,
ALC - Legueiros,120238935282320157,OUTCOME_AWARENESS,2026-04-01,25929,23857,1.086851,22,0.084847,1.548182,1.313587,34.06,13.0,0,2.62,0.0,0,0.0,0.0,0,0.0,0,0,0,0,0,0,0.0,0,0.0,0,0,0,1242.0,0,0.027424,8.0,0,0,1242.0,0,0.027424,0,0,0,0.0,0,0,0.0,0,0,142.0,,,,0.0,female,NK,35.0,20.0,18.0
ALC - Legueiros,120238935282320157,OUTCOME_AWARENESS,2026-04-01,30572,29297,1.04352,24,0.078503,1.662917,1.305443,39.91,18.0,0,2.217222,0.0,0,0.0,0.0,0,0.0,0,0,0,0,0,0,0.0,0,0.0,0,0,0,1672.0,0,0.02387,6.0,0,0,1672.0,0,0.02387,0,0,0,0.0,0,0,0.0,0,0,208.0,,,,0.0,male,NK,60.0,32.0,22.0
ALC - Legueiros,120238935282320157,OUTCOME_AWARENESS,2026-04-01,191,186,1.026882,0,0.0,0.0,1.099476,0.21,0.0,0,0.0,0.0,0,0.0,0.0,0,0.0,0,0,0,0,0,0,0.0,0,0.0,0,0,0,10.0,0,0.021,0.0,0,0,10.0,0,0.021,0,0,0,0.0,0,0,0.0,0,0,1.0,,,,0.0,unknown,NK,1.0,1.0,1.0
ACL - Outuno,120239890390310157,OUTCOME_AWARENESS,2026-04-01,31136,24403,1.275909,37,0.118834,0.973897,1.157316,36.034181,0.0,0,0.0,0.0,0,0.0,0.0,0,0.0,0,0,0,0,0,0,0.0,0,0.0,0,0,0,1622.0,0,0.022216,16.0,0,0,1622.0,0,0.022216,0,0,0,0.0,0,0,0.0,0,0,244.0,,,,0.0,female,NK,84.0,51.0,25.0
ACL - Outuno,120239890390310157,OUTCOME_AWARENESS,2026-04-01,22135,18370,1.204954,9,0.04066,2.859538,1.162676,25.735844,0.0,0,0.0,0.0,0,0.0,0.0,0,0.0,0,0,0,0,0,0,0.0,0,0.0,0,0,0,925.0,0,0.027823,3.0,0,0,925.0,0,0.027823,0,0,0,0.0,0,0,0.0,0,0,119.0,,,,0.0,male,NK,37.0,18.0,10.0
ACL - Outuno,120239890390310157,OUTCOME_AWARENESS,2026-04-01,191,158,1.208861,0,0.0,0.0,0.785214,0.149976,0.0,0,0.0,0.0,0,0.0,0.0,0,0.0,0,0,0,0,0,0,0.0,0,0.0,0,0,0,7.0,0,0.021425,0.0,0,0,7.0,0,0.021425,0,0,0,0.0,0,0,0.0,0,0,,,,,0.0,unknown,NK,,,
ALC - Camiseta BR Centauro,120239896037880157,OUTCOME_AWARENESS,2026-04-01,30741,24890,1.235074,34,0.110601,1.043235,1.153834,35.47,0.0,0,0.0,0.0,0,0.0,0.0,0,0.0,0,0,0,0,0,0,0.0,0,0.0,0,0,0,1599.0,0,0.022183,8.0,0,0,1599.0,0,0.022183,0,0,0,0.0,0,0,0.0,0,0,2197.0,,,,0.0,female,NK,862.0,508.0,352.0
ALC - Camiseta BR Centauro,120239896037880157,OUTCOME_AWARENESS,2026-04-01,48135,37518,1.282984,66,0.137114,0.850606,1.166303,56.14,0.0,0,0.0,0.0,0,0.0,0.0,0,0.0,0,0,0,0,0,0,0.0,0,0.0,0,0,0,3555.0,0,0.015792,20.0,0,0,3555.0,0,0.015792,0,0,0,0.0,0,0,0.0,0,0,5033.0,,,,0.0,male,NK,1901.0,1053.0,665.0
ALC - Camiseta BR Centauro,120239896037880157,OUTCOME_AWARENESS,2026-04-01,269,214,1.257009,0,0.0,0.0,1.003717,0.27,0.0,0,0.0,0.0,0,0.0,0.0,0,0.0,0,0,0,0,0,0,0.0,0,0.0,0,0,0,20.0,0,0.0135,0.0,0,0,20.0,0,0.0135,0,0,0,0.0,0,0,0.0,0,0,30.0,,,,0.0,unknown,NK,9.0,3.0,2.0
ALC - Tommy Hilfeger,120239902864470157,OUTCOME_AWARENESS,2026-04-01,60381,36550,1.652011,51,0.084464,1.376275,1.162452,70.19,2.0,0,35.095,0.0,0,0.0,0.0,0,0.0,0,0,0,0,0,0,0.0,0,0.0,0,0,0,4303.0,0,0.016312,35.0,0,0,4303.0,0,0.016312,0,0,0,0.0,0,0,0.0,0,0,2592.0,,,,0.0,female,NK,903.0,447.0,226.0
ALC - Tommy Hilfeger,120239902864470157,OUTCOME_AWARENESS,2026-04-01,65057,37875,1.717677,49,0.075319,1.544898,1.163595,75.7,3.0,0,25.233333,0.0,0,0.0,0.0,0,0.0,0,0,0,0,0,0,0.0,0,0.0,0,0,0,6324.0,0,0.01197,15.0,0,0,6324.0,0,0.01197,0,0,0,0.0,0,0,0.0,0,0,3772.0,,,,0.0,male,NK,1217.0,583.0,343.0
ALC - Tommy Hilfeger,120239902864470157,OUTCOME_AWARENESS,2026-04-01,614,348,1.764368,0,0.0,0.0,1.270358,0.78,0.0,0,0.0,0.0,0,0.0,0.0,0,0.0,0,0,0,0,0,0,0.0,0,0.0,0,0,0,60.0,0,0.013,0.0,0,0,60.0,0,0.013,0,0,0,0.0,0,0,0.0,0,0,40.0,,,,0.0,unknown,NK,15.0,5.0,2.0
ALC - Filme Super Mário,120240044542830157,OUTCOME_AWARENESS,2026-04-01,70156,47015,1.492205,87,0.124009,0.927586,1.150294,80.7,0.0,0,0.0,0.0,0,0.0,0.0,0,0.0,0,0,0,0,0,0,0.0,0,0.0,0,0,0,6955.0,0,0.011603,32.0,0,0,6955.0,0,0.011603,0,0,0,0.0,0,0,0.0,0,0,469.0,,,,0.0,female,NK,138.0,89.0,49.0
ALC - Filme Super Mário,120240044542830157,OUTCOME_AWARENESS,2026-04-01,104479,67082,1.557482,99,0.094756,1.202323,1.139272,119.03,1.0,0,119.03,0.0,0,0.0,0.0,0,0.0,0,0,0,0,0,0,0.0,0,0.0,0,0,0,10200.0,0,0.01167,30.0,0,0,10200.0,0,0.01167,0,0,0,0.0,0,0,0.0,0,0,699.0,,,,0.0,male,NK,193.0,105.0,64.0
ALC - Filme Super Mário,120240044542830157,OUTCOME_AWARENESS,2026-04-01,630,443,1.422122,2,0.31746,0.365,1.15873,0.73,0.0,0,0.0,0.0,0,0.0,0.0,0,0.0,0,0,0,0,0,0,0.0,0,0.0,0,0,0,74.0,0,0.009865,0.0,0,0,74.0,0,0.009865,0,0,0,0.0,0,0,0.0,0,0,5.0,,,,0.0,unknown,NK,3.0,,
TRAF - FRANQUIAS,120240045624670157,LINK_CLICKS,2026-04-01,159115,57467,2.768806,3356,2.109166,0.182148,3.841797,611.287489,3106.0,0,0.196809,1463.0,0,0.417832,0.0,0,0.0,0,0,0,0,0,0,12.0,0,50.940624,0,0,0,3168.0,0,0.192957,49.0,0,0,3170.0,0,0.192835,0,0,0,0.0,0,0,55.0,0,0,,,,,3103.0,female,NK,,,
TRAF - FRANQUIAS,120240045624670157,LINK_CLICKS,2026-04-01,108530,45353,2.393006,1915,1.764489,0.189761,3.348314,363.392563,1724.0,0,0.210785,875.0,0,0.415306,0.0,0,0.0,0,0,0,0,0,0,9.0,0,40.376951,0,0,0,1787.0,0,0.203353,49.0,0,0,1787.0,0,0.203353,0,0,0,0.0,0,0,38.0,0,0,,,,,1723.0,male,NK,,,
TRAF - FRANQUIAS,120240045624670157,LINK_CLICKS,2026-04-01,802,348,2.304598,13,1.620948,0.193073,3.129612,2.509949,9.0,0,0.278883,7.0,0,0.358564,0.0,0,0.0,0,0,0,0,0,0,0.0,0,0.0,0,0,0,10.0,0,0.250995,1.0,0,0,10.0,0,0.250995,0,0,0,0.0,0,0,0.0,0,0,,,,,9.0,unknown,NK,,,
ALC - Evento ELAS,120240291158100157,OUTCOME_AWARENESS,2026-04-01,13188,12597,1.046916,5,0.037913,3.378,1.28071,16.89,0.0,0,0.0,0.0,0,0.0,0.0,0,0.0,0,0,0,0,0,0,0.0,0,0.0,0,0,0,302.0,0,0.055927,0.0,0,0,302.0,0,0.055927,0,0,0,0.0,0,0,0.0,0,0,155.0,,,,0.0,female,NK,68.0,35.0,13.0
ALC - Evento ELAS,120240291158100157,OUTCOME_AWARENESS,2026-04-01,13715,13223,1.037208,3,0.021874,5.973333,1.306599,17.92,0.0,0,0.0,0.0,0,0.0,0.0,0,0.0,0,0,0,0,0,0,0.0,0,0.0,0,0,0,328.0,0,0.054634,0.0,0,0,328.0,0,0.054634,0,0,0,0.0,0,0,0.0,0,0,192.0,,,,0.0,male,NK,80.0,35.0,17.0
ALC - Evento ELAS,120240291158100157,OUTCOME_AWARENESS,2026-04-01,83,80,1.0375,0,0.0,0.0,1.325301,0.11,0.0,0,0.0,0.0,0,0.0,0.0,0,0.0,0,0,0,0,0,0,0.0,0,0.0,0,0,0,2.0,0,0.055,0.0,0,0,2.0,0,0.055,0,0,0,0.0,0,0,0.0,0,0,1.0,,,,0.0,unknown,NK,,,
ALC - Kopenhagen,120240291675120157,OUTCOME_AWARENESS,2026-04-01,80675,64635,1.248163,159,0.197087,0.582956,1.148931,92.69,75.0,0,1.235867,0.0,0,0.0,0.0,0,0.0,0,0,0,0,0,0,0.0,0,0.0,0,0,0,2727.0,0,0.03399,22.0,0,0,2727.0,0,0.03399,0,0,0,0.0,0,0,0.0,0,0,3496.0,,,,3.0,female,NK,1161.0,565.0,350.0
ALC - Kopenhagen,120240291675120157,OUTCOME_AWARENESS,2026-04-01,105483,78960,1.335904,138,0.130827,0.904855,1.183793,124.87,64.0,0,1.951094,0.0,0,0.0,0.0,0,0.0,0,0,0,0,0,0,0.0,0,0.0,0,0,0,4067.0,0,0.030703,26.0,0,0,4067.0,0,0.030703,0,0,0,0.0,0,0,0.0,0,0,5369.0,,,,4.0,male,NK,1813.0,866.0,521.0
ALC - Kopenhagen,120240291675120157,OUTCOME_AWARENESS,2026-04-01,898,653,1.375191,3,0.334076,0.35,1.169265,1.05,1.0,0,1.05,0.0,0,0.0,0.0,0,0.0,0,0,0,0,0,0,0.0,0,0.0,0,0,0,35.0,0,0.03,0.0,0,0,35.0,0,0.03,0,0,0,0.0,0,0,0.0,0,0,43.0,,,,0.0,unknown,NK,17.0,10.0,5.0
ALC - Lelis,120240357317290157,OUTCOME_AWARENESS,2026-04-01,59178,36759,1.609891,19,0.032107,3.763347,1.20828,71.503593,0.0,0,0.0,0.0,0,0.0,0.0,0,0.0,0,0,0,0,0,0,0.0,0,0.0,0,0,0,2603.0,0,0.02747,10.0,0,0,2603.0,0,0.02747,0,0,0,0.0,0,0,0.0,0,0,2067.0,,,,0.0,female,NK,761.0,444.0,316.0
ALC - Lelis,120240357317290157,OUTCOME_AWARENESS,2026-04-01,34385,22798,1.508246,7,0.020358,5.688062,1.157959,39.816433,1.0,0,39.816433,0.0,0,0.0,0.0,0,0.0,0,0,0,0,0,0,0.0,0,0.0,0,0,0,1256.0,0,0.031701,7.0,0,0,1256.0,0,0.031701,0,0,0,0.0,0,0,0.0,0,0,994.0,,,,0.0,male,NK,363.0,197.0,134.0
ALC - Lelis,120240357317290157,OUTCOME_AWARENESS,2026-04-01,278,194,1.43299,0,0.0,0.0,1.043072,0.289974,0.0,0,0.0,0.0,0,0.0,0.0,0,0.0,0,0,0,0,0,0,0.0,0,0.0,0,0,0,7.0,0,0.041425,0.0,0,0,7.0,0,0.041425,0,0,0,0.0,0,0,0.0,0,0,5.0,,,,0.0,unknown,NK,2.0,,
TRAF - CAMPANHA IPHONE,120240657900390157,LINK_CLICKS,2026-04-01,377242,40049,9.419511,3349,0.887759,0.215463,1.912797,721.587216,3790.0,0,0.190392,961.0,0,0.750871,2.0,0,360.793608,0,0,0,0,0,0,8.0,0,90.198402,0,0,0,5125.0,0,0.140798,18.0,0,0,5125.0,0,0.140798,0,0,0,2.0,0,0,60.0,0,0,1778.0,,,,3784.0,female,NK,1458.0,974.0,752.0
TRAF - CAMPANHA IPHONE,120240657900390157,LINK_CLICKS,2026-04-01,116811,24001,4.866922,1283,1.098355,0.214001,2.350487,274.562746,1373.0,0,0.199973,343.0,0,0.800474,1.0,0,274.562746,0,0,0,0,0,0,3.0,0,91.520915,0,0,0,1739.0,0,0.157885,10.0,0,0,1740.0,0,0.157795,0,0,0,1.0,0,0,29.0,0,0,582.0,,,,1373.0,male,NK,382.0,278.0,228.0
TRAF - CAMPANHA IPHONE,120240657900390157,LINK_CLICKS,2026-04-01,1721,220,7.822727,14,0.813481,0.270717,2.20223,3.790038,14.0,0,0.270717,4.0,0,0.947509,0.0,0,0.0,0,0,0,0,0,0,0.0,0,0.0,0,0,0,14.0,0,0.270717,0.0,0,0,14.0,0,0.270717,0,0,0,0.0,0,0,0.0,0,0,2.0,,,,14.0,unknown,NK,,,
ALC - PROMO MAES 26,120241760752510157,OUTCOME_AWARENESS,2026-04-01,39528,29843,1.324532,44,0.111314,1.642273,1.828071,72.26,31.0,0,2.330968,0.0,0,0.0,0.0,0,0.0,0,0,0,0,0,0,0.0,0,0.0,0,0,0,3935.0,0,0.018363,43.0,0,0,3935.0,0,0.018363,0,0,0,0.0,0,0,0.0,0,0,417.0,,,,31.0,female,NK,281.0,248.0,99.0
ALC - PROMO MAES 26,120241760752510157,OUTCOME_AWARENESS,2026-04-01,31998,27117,1.179998,38,0.118757,1.525,1.811051,57.95,27.0,0,2.146296,0.0,0,0.0,0.0,0,0.0,0,0,0,0,0,0,0.0,0,0.0,0,0,0,4199.0,0,0.013801,36.0,0,0,4199.0,0,0.013801,0,0,0,0.0,0,0,0.0,0,0,508.0,,,,26.0,male,NK,382.0,331.0,116.0
ALC - PROMO MAES 26,120241760752510157,OUTCOME_AWARENESS,2026-04-01,278,231,1.203463,0,0.0,0.0,1.726619,0.48,0.0,0,0.0,0.0,0,0.0,0.0,0,0.0,0,0,0,0,0,0,0.0,0,0.0,0,0,0,33.0,0,0.014545,3.0,0,0,33.0,0,0.014545,0,0,0,0.0,0,0,0.0,0,0,3.0,,,,0.0,unknown,NK,2.0,,
TRAF - PROMO MAES 26,120241769186730157,LINK_CLICKS,2026-04-01,13367,11606,1.151732,576,4.309119,0.110729,4.771452,63.78,543.0,0,0.117459,345.0,0,0.18487,0.0,0,0.0,0,0,0,0,0,0,10.0,0,6.378,0,0,0,5755.0,0,0.011083,293.0,0,0,5755.0,0,0.011083,0,0,0,0.0,0,0,64.0,0,0,1567.0,,,,543.0,female,NK,1310.0,1192.0,645.0
TRAF - PROMO MAES 26,120241769186730157,LINK_CLICKS,2026-04-01,14453,12745,1.134013,679,4.697987,0.09377,4.405314,63.67,642.0,0,0.099174,454.0,0,0.140242,0.0,0,0.0,0,0,0,0,0,0,13.0,0,4.897692,0,0,0,6865.0,0,0.009275,256.0,0,0,6865.0,0,0.009275,0,0,0,0.0,0,0,35.0,0,0,2225.0,,,,642.0,male,NK,2011.0,1865.0,985.0
TRAF - PROMO MAES 26,120241769186730157,LINK_CLICKS,2026-04-01,102,87,1.172414,4,3.921569,0.085,3.333333,0.34,3.0,0,0.113333,3.0,0,0.113333,0.0,0,0.0,0,0,0,0,0,0,0.0,0,0.0,0,0,0,42.0,0,0.008095,5.0,0,0,42.0,0,0.008095,0,0,0,0.0,0,0,1.0,0,0,15.0,,,,3.0,unknown,NK,15.0,13.0,5.0
ALC - ANÚNCIOS NR,120241771203780157,OUTCOME_AWARENESS,2026-04-01,26833,19849,1.351857,16,0.059628,2.723438,1.623934,43.575013,0.0,0,0.0,0.0,0,0.0,0.0,0,0.0,0,0,0,0,0,0,0.0,0,0.0,0,0,0,1282.0,0,0.03399,7.0,0,0,1282.0,0,0.03399,0,0,0,0.0,0,0,0.0,0,0,352.0,,,,0.0,female,NK,140.0,62.0,30.0
ALC - ANÚNCIOS NR,120241771203780157,OUTCOME_AWARENESS,2026-04-01,26230,20871,1.256768,4,0.01525,10.728734,1.636101,42.914937,1.0,0,42.914937,0.0,0,0.0,0.0,0,0.0,0,0,0,0,0,0,0.0,0,0.0,0,0,0,1027.0,0,0.041787,5.0,0,0,1027.0,0,0.041787,0,0,0,0.0,0,0,0.0,0,0,291.0,,,,1.0,male,NK,110.0,42.0,28.0
ALC - ANÚNCIOS NR,120241771203780157,OUTCOME_AWARENESS,2026-04-01,212,169,1.254438,0,0.0,0.0,2.07571,0.440051,0.0,0,0.0,0.0,0,0.0,0.0,0,0.0,0,0,0,0,0,0,0.0,0,0.0,0,0,0,16.0,0,0.027503,1.0,0,0,16.0,0,0.027503,0,0,0,0.0,0,0,0.0,0,0,3.0,,,,0.0,unknown,NK,2.0,1.0,1.0
ALC - BFS BS,120241981891200157,OUTCOME_AWARENESS,2026-04-01,15376,15257,1.0078,12,0.078044,2.4925,1.945239,29.91,8.0,0,3.73875,0.0,0,0.0,0.0,0,0.0,0,0,0,0,0,0,0.0,0,0.0,0,0,0,554.0,0,0.053989,6.0,0,0,554.0,0,0.053989,0,0,0,0.0,0,0,0.0,0,0,47.0,,,,0.0,female,NK,15.0,9.0,4.0
ALC - BFS BS,120241981891200157,OUTCOME_AWARENESS,2026-04-01,10398,10398,1.0,12,0.115407,1.665,1.921523,19.98,8.0,0,2.4975,0.0,0,0.0,0.0,0,0.0,0,0,0,0,0,0,0.0,0,0.0,0,0,0,460.0,0,0.043435,0.0,0,0,460.0,0,0.043435,0,0,0,0.0,0,0,0.0,0,0,43.0,,,,0.0,male,NK,5.0,4.0,3.0
ALC - BFS BS,120241981891200157,OUTCOME_AWARENESS,2026-04-01,80,79,1.012658,0,0.0,0.0,1.5,0.12,0.0,0,0.0,0.0,0,0.0,0.0,0,0.0,0,0,0,0,0,0,0.0,0,0.0,0,0,0,2.0,0,0.06,0.0,0,0,2.0,0,0.06,0,0,0,0.0,0,0,0.0,0,0,,,,,0.0,unknown,NK,,,
ALC - Diabo veste prada,120241982450130157,OUTCOME_AWARENESS,2026-04-01,5106,5039,1.013296,12,0.235018,0.8375,1.968273,10.05,10.0,0,1.005,7.0,0,1.435714,0.0,0,0.0,0,0,0,0,0,0,0.0,0,0.0,0,0,0,293.0,0,0.0343,3.0,0,0,293.0,0,0.0343,0,0,0,0.0,0,0,0.0,0,0,152.0,,,,10.0,female,NK,101.0,51.0,20.0
ALC - Diabo veste prada,120241982450130157,OUTCOME_AWARENESS,2026-04-01,3513,3513,1.0,5,0.142328,1.428,2.032451,7.14,4.0,0,1.785,3.0,0,2.38,0.0,0,0.0,0,0,0,0,0,0,0.0,0,0.0,0,0,0,258.0,0,0.027674,3.0,0,0,258.0,0,0.027674,0,0,0,0.0,0,0,0.0,0,0,132.0,,,,4.0,male,NK,70.0,45.0,17.0
ALC - Diabo veste prada,120241982450130157,OUTCOME_AWARENESS,2026-04-01,38,38,1.0,1,2.631579,0.1,2.631579,0.1,1.0,0,0.1,0.0,0,0.0,0.0,0,0.0,0,0,0,0,0,0,0.0,0,0.0,0,0,0,2.0,0,0.05,0.0,0,0,2.0,0,0.05,0,0,0,0.0,0,0,0.0,0,0,,,,,1.0,unknown,NK,,,
ALC - Gastronomia — AON,120217368581940157,OUTCOME_AWARENESS,2026-05-01,61270,60232,1.017233,46,0.075078,1.902826,1.428595,87.53,33.0,0,2.652424,0.0,0,0.0,0.0,0,0.0,0,0,0,0,0,0,0.0,0,0.0,0,0,0,2150.0,0,0.040712,7.0,0,0,2150.0,0,0.040712,0,0,0,0.0,0,0,0.0,0,0,295.0,,,,0.0,female,NK,86.0,38.0,25.0
ALC - Gastronomia — AON,120217368581940157,OUTCOME_AWARENESS,2026-05-01,62755,59226,1.059585,43,0.06852,2.088837,1.43128,89.82,23.0,0,3.905217,0.0,0,0.0,0.0,0,0.0,0,0,0,0,0,0,0.0,0,0.0,0,0,0,2298.0,0,0.039086,12.0,0,0,2298.0,0,0.039086,0,0,0,0.0,0,0,0.0,0,0,330.0,,,,0.0,male,NK,98.0,44.0,31.0
ALC - Gastronomia — AON,120217368581940157,OUTCOME_AWARENESS,2026-05-01,521,517,1.007737,0,0.0,0.0,1.477927,0.77,0.0,0,0.0,0.0,0,0.0,0.0,0,0.0,0,0,0,0,0,0,0.0,0,0.0,0,0,0,14.0,0,0.055,0.0,0,0,14.0,0,0.055,0,0,0,0.0,0,0,0.0,0,0,2.0,,,,0.0,unknown,NK,,,
ALC - PROMO MAES 26,120241760752510157,OUTCOME_AWARENESS,2026-05-01,74888,56950,1.314978,69,0.092138,1.708551,1.574218,117.89,49.0,0,2.405918,0.0,0,0.0,0.0,0,0.0,0,0,0,0,0,0,0.0,0,0.0,0,0,0,4600.0,0,0.025628,22.0,0,0,4600.0,0,0.025628,0,0,0,0.0,0,0,0.0,0,0,563.0,,,,49.0,female,NK,130.0,69.0,38.0
ALC - PROMO MAES 26,120241760752510157,OUTCOME_AWARENESS,2026-05-01,61886,49600,1.247702,63,0.1018,1.557778,1.585819,98.14,47.0,0,2.088085,0.0,0,0.0,0.0,0,0.0,0,0,0,0,0,0,0.0,0,0.0,0,0,0,4252.0,0,0.023081,20.0,0,0,4252.0,0,0.023081,0,0,0,0.0,0,0,0.0,0,0,464.0,,,,47.0,male,NK,107.0,53.0,27.0
ALC - PROMO MAES 26,120241760752510157,OUTCOME_AWARENESS,2026-05-01,498,395,1.260759,0,0.0,0.0,1.485944,0.74,0.0,0,0.0,0.0,0,0.0,0.0,0,0.0,0,0,0,0,0,0,0.0,0,0.0,0,0,0,20.0,0,0.037,0.0,0,0,20.0,0,0.037,0,0,0,0.0,0,0,0.0,0,0,,,,,0.0,unknown,NK,,,
TRAF - PROMO MAES 26,120241769186730157,LINK_CLICKS,2026-05-01,21081,17723,1.189471,840,3.984631,0.114631,4.56762,96.29,813.0,0,0.118438,514.0,0,0.187335,0.0,0,0.0,0,0,0,0,0,0,34.0,0,2.832059,0,0,0,8099.0,0,0.011889,253.0,0,0,8099.0,0,0.011889,0,0,0,0.0,0,0,53.0,0,0,2308.0,,,,813.0,female,NK,1884.0,1678.0,953.0
TRAF - PROMO MAES 26,120241769186730157,LINK_CLICKS,2026-05-01,31879,25829,1.234233,1438,4.510806,0.103644,4.675178,149.04,1398.0,0,0.106609,925.0,0,0.161124,0.0,0,0.0,0,0,0,0,0,0,25.0,0,5.9616,0,0,0,13451.0,0,0.01108,241.0,0,0,13451.0,0,0.01108,0,0,0,0.0,0,0,40.0,0,0,4187.0,,,,1397.0,male,NK,3680.0,3361.0,1879.0
TRAF - PROMO MAES 26,120241769186730157,LINK_CLICKS,2026-05-01,143,123,1.162602,9,6.293706,0.065556,4.125874,0.59,9.0,0,0.065556,6.0,0,0.098333,0.0,0,0.0,0,0,0,0,0,0,0.0,0,0.0,0,0,0,55.0,0,0.010727,1.0,0,0,55.0,0,0.010727,0,0,0,0.0,0,0,0.0,0,0,17.0,,,,9.0,unknown,NK,17.0,16.0,9.0
ALC - ANÚNCIOS NR,120241771203780157,OUTCOME_AWARENESS,2026-05-01,56746,42538,1.334007,20,0.035245,4.157,1.465125,83.14,1.0,0,83.14,0.0,0,0.0,0.0,0,0.0,0,0,0,0,0,0,0.0,0,0.0,0,0,0,3402.0,0,0.024439,17.0,0,0,3402.0,0,0.024439,0,0,0,0.0,0,0,0.0,0,0,1206.0,,,,1.0,female,NK,512.0,194.0,115.0
ALC - ANÚNCIOS NR,120241771203780157,OUTCOME_AWARENESS,2026-05-01,59946,45460,1.318654,15,0.025023,5.848,1.463317,87.72,2.0,0,43.86,0.0,0,0.0,0.0,0,0.0,0,0,0,0,0,0,0.0,0,0.0,0,0,0,2924.0,0,0.03,11.0,0,0,2924.0,0,0.03,0,0,0,0.0,0,0,0.0,0,0,1086.0,,,,2.0,male,NK,458.0,196.0,126.0
ALC - ANÚNCIOS NR,120241771203780157,OUTCOME_AWARENESS,2026-05-01,481,373,1.289544,0,0.0,0.0,1.434511,0.69,0.0,0,0.0,0.0,0,0.0,0.0,0,0.0,0,0,0,0,0,0,0.0,0,0.0,0,0,0,32.0,0,0.021563,1.0,0,0,32.0,0,0.021563,0,0,0,0.0,0,0,0.0,0,0,13.0,,,,0.0,unknown,NK,2.0,1.0,1.0
ALC - BFS BS,120241981891200157,OUTCOME_AWARENESS,2026-05-01,231636,181390,1.277005,267,0.115267,1.264157,1.457157,337.53,208.0,0,1.62274,0.0,0,0.0,0.0,0,0.0,0,0,0,0,0,0,0.0,0,0.0,0,0,0,5705.0,0,0.059164,26.0,0,0,5705.0,0,0.059164,0,0,0,0.0,0,0,0.0,0,0,514.0,,,,52.0,female,NK,113.0,64.0,38.0
ALC - BFS BS,120241981891200157,OUTCOME_AWARENESS,2026-05-01,262575,208944,1.256676,325,0.123774,1.131969,1.401085,367.89,274.0,0,1.342664,0.0,0,0.0,0.0,0,0.0,0,0,0,0,0,0,0.0,0,0.0,0,0,0,6078.0,0,0.060528,32.0,0,0,6078.0,0,0.060528,0,0,0,0.0,0,0,0.0,0,0,590.0,,,,74.0,male,NK,110.0,58.0,37.0
ALC - BFS BS,120241981891200157,OUTCOME_AWARENESS,2026-05-01,1871,1507,1.241539,1,0.053447,2.51,1.341529,2.51,1.0,0,2.51,0.0,0,0.0,0.0,0,0.0,0,0,0,0,0,0,0.0,0,0.0,0,0,0,34.0,0,0.073824,0.0,0,0,34.0,0,0.073824,0,0,0,0.0,0,0,0.0,0,0,7.0,,,,1.0,unknown,NK,2.0,1.0,1.0
ALC - Diabo veste prada,120241982450130157,OUTCOME_AWARENESS,2026-05-01,72684,49935,1.455572,35,0.048154,3.079143,1.48272,107.77,0.0,0,0.0,0.0,0,0.0,0.0,0,0.0,0,0,0,0,0,0,0.0,0,0.0,0,0,0,4046.0,0,0.026636,40.0,0,0,4046.0,0,0.026636,0,0,0,0.0,0,0,0.0,0,0,2253.0,,,,0.0,female,NK,1389.0,649.0,178.0
ALC - Diabo veste prada,120241982450130157,OUTCOME_AWARENESS,2026-05-01,69561,50942,1.365494,23,0.033065,4.426522,1.463607,101.81,0.0,0,0.0,0.0,0,0.0,0.0,0,0.0,0,0,0,0,0,0,0.0,0,0.0,0,0,0,5182.0,0,0.019647,24.0,0,0,5182.0,0,0.019647,0,0,0,0.0,0,0,0.0,0,0,2679.0,,,,0.0,male,NK,1437.0,718.0,231.0
ALC - Diabo veste prada,120241982450130157,OUTCOME_AWARENESS,2026-05-01,597,438,1.363014,0,0.0,0.0,1.289782,0.77,0.0,0,0.0,0.0,0,0.0,0.0,0,0.0,0,0,0,0,0,0,0.0,0,0.0,0,0,0,23.0,0,0.033478,0.0,0,0,23.0,0,0.033478,0,0,0,0.0,0,0,0.0,0,0,12.0,,,,0.0,unknown,NK,10.0,6.0,1.0
ALC - PROMO MAES BS,120242170726050157,OUTCOME_AWARENESS,2026-05-01,53987,39254,1.375325,51,0.094467,1.648431,1.557227,84.07,39.0,0,2.155641,0.0,0,0.0,0.0,0,0.0,0,0,0,0,0,0,3.0,0,28.023333,0,0,0,1816.0,0,0.046294,5.0,0,0,1816.0,0,0.046294,0,0,0,0.0,0,0,11.0,0,0,643.0,,,,39.0,female,NK,285.0,73.0,49.0
ALC - PROMO MAES BS,120242170726050157,OUTCOME_AWARENESS,2026-05-01,58173,44188,1.316489,50,0.085951,1.8116,1.55708,90.58,40.0,0,2.2645,0.0,0,0.0,0.0,0,0.0,0,0,0,0,0,0,6.0,0,15.096667,0,0,0,2902.0,0,0.031213,14.0,0,0,2902.0,0,0.031213,0,0,0,0.0,0,0,11.0,0,0,974.0,,,,40.0,male,NK,399.0,152.0,95.0
ALC - PROMO MAES BS,120242170726050157,OUTCOME_AWARENESS,2026-05-01,471,371,1.269542,0,0.0,0.0,1.698514,0.8,0.0,0,0.0,0.0,0,0.0,0.0,0,0.0,0,0,0,0,0,0,0.0,0,0.0,0,0,0,10.0,0,0.08,0.0,0,0,10.0,0,0.08,0,0,0,0.0,0,0,0.0,0,0,4.0,,,,0.0,unknown,NK,3.0,1.0,1.0
ALC - TRANSMISSAO BFS,120242225610560157,OUTCOME_AWARENESS,2026-05-01,293598,286683,1.024121,382,0.13011,1.087539,1.414996,415.44,310.0,0,1.340129,0.0,0,0.0,0.0,0,0.0,0,0,0,0,0,0,0.0,0,0.0,0,0,0,320.0,0,1.29825,10.0,0,0,320.0,0,1.29825,0,0,0,0.0,0,0,0.0,0,0,,,,,209.0,female,NK,,,
ALC - TRANSMISSAO BFS,120242225610560157,OUTCOME_AWARENESS,2026-05-01,83562,81827,1.021203,105,0.125655,1.074286,1.349896,112.8,87.0,0,1.296552,0.0,0,0.0,0.0,0,0.0,0,0,0,0,0,0,0.0,0,0.0,0,0,0,91.0,0,1.23956,4.0,0,0,91.0,0,1.23956,0,0,0,0.0,0,0,0.0,0,0,,,,,78.0,male,NK,,,
ALC - TRANSMISSAO BFS,120242225610560157,OUTCOME_AWARENESS,2026-05-01,523,480,1.089583,0,0.0,0.0,1.376673,0.72,0.0,0,0.0,0.0,0,0.0,0.0,0,0.0,0,0,0,0,0,0,0.0,0,0.0,0,0,0,0.0,0,0.0,0.0,0,0,0.0,0,0.0,0,0,0,0.0,0,0,0.0,0,0,,,,,0.0,unknown,NK,,,
ALC - COBASI,120242288756310157,OUTCOME_AWARENESS,2026-05-01,3277,3277,1.0,3,0.091547,1.856667,1.699725,5.57,1.0,0,5.57,0.0,0,0.0,0.0,0,0.0,0,0,0,0,0,0,0.0,0,0.0,0,0,0,219.0,0,0.025434,1.0,0,0,219.0,0,0.025434,0,0,0,0.0,0,0,0.0,0,0,15.0,,,,0.0,female,NK,3.0,,
ALC - COBASI,120242288756310157,OUTCOME_AWARENESS,2026-05-01,3054,3001,1.017661,1,0.032744,4.64,1.519319,4.64,1.0,0,4.64,0.0,0,0.0,0.0,0,0.0,0,0,0,0,0,0,0.0,0,0.0,0,0,0,185.0,0,0.025081,3.0,0,0,185.0,0,0.025081,0,0,0,0.0,0,0,0.0,0,0,8.0,,,,0.0,male,NK,4.0,2.0,1.0
ALC - COBASI,120242288756310157,OUTCOME_AWARENESS,2026-05-01,21,21,1.0,0,0.0,0.0,1.428571,0.03,0.0,0,0.0,0.0,0,0.0,0.0,0,0.0,0,0,0,0,0,0,0.0,0,0.0,0,0,0,1.0,0,0.03,0.0,0,0,1.0,0,0.03,0,0,0,0.0,0,0,0.0,0,0,,,,,0.0,unknown,NK,,,
ALC | Moda Feminina,120218457714640075,OUTCOME_AWARENESS,2025-11-08,72679,52950,1.372597,63,0.086683,2.023016,1.753601,127.45,38.0,0,3.353947,3.0,0,42.483333,0.0,0,0.0,0,0,0,0,0,0,0.0,0,0.0,0,0,0,2461.0,0,0.051788,9.0,0,0,2461.0,0,0.051788,0,0,0,0.0,0,0,0.0,0,0,868.0,,,,6.0,female,NR,394.0,147.0,90.0
ALC | Moda Feminina,120218457714640075,OUTCOME_AWARENESS,2025-11-08,59420,43227,1.374604,59,0.099293,1.766949,1.75446,104.25,34.0,0,3.066176,0.0,0,0.0,0.0,0,0.0,0,0,0,0,0,0,0.0,0,0.0,0,0,0,2394.0,0,0.043546,13.0,0,0,2394.0,0,0.043546,0,0,0,0.0,0,0,0.0,0,0,676.0,,,,2.0,male,NR,273.0,105.0,66.0
ALC | Moda Feminina,120218457714640075,OUTCOME_AWARENESS,2025-11-08,525,417,1.258993,2,0.380952,0.465,1.771429,0.93,2.0,0,0.465,0.0,0,0.0,0.0,0,0.0,0,0,0,0,0,0,0.0,0,0.0,0,0,0,28.0,0,0.033214,0.0,0,0,28.0,0,0.033214,0,0,0,0.0,0,0,0.0,0,0,9.0,,,,0.0,unknown,NR,4.0,1.0,1.0
ALC | Moda masculina,120218468471470075,OUTCOME_AWARENESS,2025-11-08,58060,44346,1.30925,47,0.080951,2.169149,1.755942,101.95,34.0,0,2.998529,0.0,0,0.0,0.0,0,0.0,0,0,0,0,0,0,0.0,0,0.0,0,0,0,789.0,0,0.129214,9.0,0,0,789.0,0,0.129214,0,0,0,0.0,0,0,0.0,0,0,873.0,,,,1.0,female,NR,263.0,148.0,92.0
ALC | Moda masculina,120218468471470075,OUTCOME_AWARENESS,2025-11-08,73484,52553,1.398284,64,0.087094,2.014531,1.754532,128.93,41.0,0,3.144634,0.0,0,0.0,0.0,0,0.0,0,0,0,0,0,0,0.0,0,0.0,0,0,0,932.0,0,0.138337,10.0,0,0,932.0,0,0.138337,0,0,0,0.0,0,0,0.0,0,0,952.0,,,,3.0,male,NR,300.0,158.0,111.0
ALC | Moda masculina,120218468471470075,OUTCOME_AWARENESS,2025-11-08,555,448,1.238839,0,0.0,0.0,1.783784,0.99,0.0,0,0.0,0.0,0,0.0,0.0,0,0.0,0,0,0,0,0,0,0.0,0,0.0,0,0,0,8.0,0,0.12375,0.0,0,0,8.0,0,0.12375,0,0,0,0.0,0,0,0.0,0,0,12.0,,,,0.0,unknown,NR,3.0,1.0,
ALC - Lojas - Inauguração/ Gastronomia,120218470856850075,OUTCOME_AWARENESS,2025-11-08,70325,46087,1.525918,64,0.091006,1.948125,1.772911,124.68,31.0,0,4.021935,0.0,0,0.0,0.0,0,0.0,0,0,0,0,0,0,0.0,0,0.0,0,0,0,5316.0,0,0.023454,17.0,0,0,5316.0,0,0.023454,0,0,0,0.0,0,0,0.0,0,0,1206.0,,,,19.0,female,NR,439.0,248.0,118.0
ALC - Lojas - Inauguração/ Gastronomia,120218470856850075,OUTCOME_AWARENESS,2025-11-08,59981,39641,1.513105,59,0.098364,1.804746,1.775229,106.48,22.0,0,4.84,0.0,0,0.0,0.0,0,0.0,0,0,0,0,0,0,0.0,0,0.0,0,0,0,3854.0,0,0.027628,14.0,0,0,3854.0,0,0.027628,0,0,0,0.0,0,0,0.0,0,0,874.0,,,,17.0,male,NR,286.0,168.0,100.0
ALC - Lojas - Inauguração/ Gastronomia,120218470856850075,OUTCOME_AWARENESS,2025-11-08,507,362,1.400552,1,0.197239,0.83,1.637081,0.83,0.0,0,0.0,0.0,0,0.0,0.0,0,0.0,0,0,0,0,0,0,0.0,0,0.0,0,0,0,28.0,0,0.029643,0.0,0,0,28.0,0,0.029643,0,0,0,0.0,0,0,0.0,0,0,4.0,,,,0.0,unknown,NR,3.0,1.0,
ALC - Lojas - Diversão,120226684244550075,OUTCOME_AWARENESS,2025-11-08,64693,41437,1.561238,64,0.098929,1.80875,1.789374,115.76,44.0,0,2.630909,0.0,0,0.0,0.0,0,0.0,0,0,0,0,0,0,0.0,0,0.0,0,0,0,47.0,0,2.462979,2.0,0,0,47.0,0,2.462979,0,0,0,0.0,0,0,0.0,0,0,,,,,30.0,female,NR,,,
ALC - Lojas - Diversão,120226684244550075,OUTCOME_AWARENESS,2025-11-08,65743,44376,1.481499,84,0.12777,1.400238,1.789088,117.62,46.0,0,2.556957,0.0,0,0.0,0.0,0,0.0,0,0,0,0,0,0,0.0,0,0.0,0,0,0,52.0,0,2.261923,6.0,0,0,52.0,0,2.261923,0,0,0,0.0,0,0,0.0,0,0,,,,,27.0,male,NR,,,
ALC - Lojas - Diversão,120226684244550075,OUTCOME_AWARENESS,2025-11-08,608,420,1.447619,0,0.0,0.0,2.055921,1.25,0.0,0,0.0,0.0,0,0.0,0.0,0,0.0,0,0,0,0,0,0,0.0,0,0.0,0,0,0,0.0,0,0.0,0.0,0,0,0.0,0,0.0,0,0,0,0.0,0,0,0.0,0,0,,,,,0.0,unknown,NR,,,
ALC - Inauguração Allmini,120233682805660075,OUTCOME_AWARENESS,2025-11-08,68006,49261,1.380524,100,0.147046,1.2443,1.829692,124.43,64.0,0,1.944219,0.0,0,0.0,0.0,0,0.0,0,0,0,0,0,0,0.0,0,0.0,0,0,0,102.0,0,1.219902,11.0,0,0,77.0,0,1.615974,0,0,0,0.0,0,0,0.0,0,0,,,,,0.0,female,NR,,,
ALC - Inauguração Allmini,120233682805660075,OUTCOME_AWARENESS,2025-11-08,69444,49983,1.389352,65,0.093601,1.918923,1.796124,124.73,40.0,0,3.11825,0.0,0,0.0,0.0,0,0.0,0,0,0,0,0,0,0.0,0,0.0,0,0,0,62.0,0,2.011774,9.0,0,0,52.0,0,2.398654,0,0,0,0.0,0,0,0.0,0,0,,,,,0.0,male,NR,,,
ALC - Inauguração Allmini,120233682805660075,OUTCOME_AWARENESS,2025-11-08,666,497,1.34004,1,0.15015,1.25,1.876877,1.25,0.0,0,0.0,0.0,0,0.0,0.0,0,0.0,0,0,0,0,0,0,0.0,0,0.0,0,0,0,0.0,0,0.0,0.0,0,0,0.0,0,0.0,0,0,0,0.0,0,0,0.0,0,0,,,,,0.0,unknown,NR,,,
ALC - Natal Noel Decor,120234329536470075,OUTCOME_AWARENESS,2025-11-08,104536,62589,1.670198,119,0.113836,1.652605,1.881266,196.66,69.0,0,2.850145,0.0,0,0.0,0.0,0,0.0,0,0,0,0,0,0,0.0,0,0.0,0,0,0,4996.0,0,0.039363,25.0,0,0,4996.0,0,0.039363,0,0,0,0.0,0,0,0.0,0,0,747.0,,,,37.0,female,NR,183.0,91.0,55.0
ALC - Natal Noel Decor,120234329536470075,OUTCOME_AWARENESS,2025-11-08,93020,59826,1.554842,89,0.095678,1.96764,1.882606,175.12,60.0,0,2.918667,0.0,0,0.0,0.0,0,0.0,0,0,0,0,0,0,0.0,0,0.0,0,0,0,3830.0,0,0.045723,17.0,0,0,3830.0,0,0.045723,0,0,0,0.0,0,0,0.0,0,0,462.0,,,,31.0,male,NR,125.0,69.0,46.0
ALC - Natal Noel Decor,120234329536470075,OUTCOME_AWARENESS,2025-11-08,772,526,1.467681,1,0.129534,1.37,1.774611,1.37,1.0,0,1.37,0.0,0,0.0,0.0,0,0.0,0,0,0,0,0,0,0.0,0,0.0,0,0,0,38.0,0,0.036053,0.0,0,0,38.0,0,0.036053,0,0,0,0.0,0,0,0.0,0,0,7.0,,,,0.0,unknown,NR,2.0,1.0,
ALC - Feira Pet Out,120234450509790075,OUTCOME_AWARENESS,2025-11-08,14271,13780,1.035631,23,0.161166,1.176957,1.896854,27.07,20.0,0,1.3535,0.0,0,0.0,0.0,0,0.0,0,0,0,0,0,0,0.0,0,0.0,0,0,0,21.0,0,1.289048,1.0,0,0,21.0,0,1.289048,0,0,0,0.0,0,0,0.0,0,0,,,,,0.0,female,NR,,,
ALC - Feira Pet Out,120234450509790075,OUTCOME_AWARENESS,2025-11-08,14720,14697,1.001565,27,0.183424,1.046296,1.919158,28.25,20.0,0,1.4125,0.0,0,0.0,0.0,0,0.0,0,0,0,0,0,0,0.0,0,0.0,0,0,0,22.0,0,1.284091,2.0,0,0,22.0,0,1.284091,0,0,0,0.0,0,0,0.0,0,0,,,,,0.0,male,NR,,,
ALC - Feira Pet Out,120234450509790075,OUTCOME_AWARENESS,2025-11-08,107,107,1.0,0,0.0,0.0,1.588785,0.17,0.0,0,0.0,0.0,0,0.0,0.0,0,0.0,0,0,0,0,0,0,0.0,0,0.0,0,0,0,0.0,0,0.0,0.0,0,0,0.0,0,0.0,0,0,0,0.0,0,0,0.0,0,0,,,,,0.0,unknown,NR,,,
ALC - Torneio de Futebol de Mesa,120234584546150075,OUTCOME_AWARENESS,2025-11-08,23086,22547,1.023906,32,0.138612,1.335938,1.851772,42.75,21.0,0,2.035714,0.0,0,0.0,0.0,0,0.0,0,0,0,0,0,0,0.0,0,0.0,0,0,0,26.0,0,1.644231,3.0,0,0,26.0,0,1.644231,0,0,0,0.0,0,0,0.0,0,0,,,,,0.0,female,NR,,,
ALC - Torneio de Futebol de Mesa,120234584546150075,OUTCOME_AWARENESS,2025-11-08,27584,27584,1.0,43,0.155887,1.190233,1.855423,51.18,28.0,0,1.827857,0.0,0,0.0,0.0,0,0.0,0,0,0,0,0,0,0.0,0,0.0,0,0,0,33.0,0,1.550909,4.0,0,0,33.0,0,1.550909,0,0,0,0.0,0,0,0.0,0,0,,,,,0.0,male,NR,,,
ALC - Torneio de Futebol de Mesa,120234584546150075,OUTCOME_AWARENESS,2025-11-08,206,205,1.004878,0,0.0,0.0,1.941748,0.4,0.0,0,0.0,0.0,0,0.0,0.0,0,0.0,0,0,0,0,0,0,0.0,0,0.0,0,0,0,0.0,0,0.0,0.0,0,0,0.0,0,0.0,0,0,0,0.0,0,0,0.0,0,0,,,,,0.0,unknown,NR,,,
TRAF - PATATIPATATA,120234704659180075,LINK_CLICKS,2025-11-08,3529,2331,1.513943,126,3.570417,0.168889,6.030037,21.28,64.0,0,0.3325,26.0,0,0.818462,0.0,0,0.0,0,0,0,0,0,0,0.0,0,0.0,0,0,0,103.0,0,0.206602,27.0,0,0,103.0,0,0.206602,0,0,0,0.0,0,0,0.0,0,0,,,,,22.0,female,NR,,,
TRAF - PATATIPATATA,120234704659180075,LINK_CLICKS,2025-11-08,357,255,1.4,10,2.80112,0.174,4.87395,1.74,5.0,0,0.348,3.0,0,0.58,0.0,0,0.0,0,0,0,0,0,0,0.0,0,0.0,0,0,0,8.0,0,0.2175,0.0,0,0,8.0,0,0.2175,0,0,0,0.0,0,0,0.0,0,0,,,,,3.0,male,NR,,,
TRAF - PATATIPATATA,120234704659180075,LINK_CLICKS,2025-11-08,14,11,1.272727,0,0.0,0.0,2.857143,0.04,0.0,0,0.0,0.0,0,0.0,0.0,0,0.0,0,0,0,0,0,0,0.0,0,0.0,0,0,0,0.0,0,0.0,0.0,0,0,0.0,0,0.0,0,0,0,0.0,0,0,0.0,0,0,,,,,0.0,unknown,NR,,,
ALC - NATAL 25,120234821449200075,OUTCOME_AWARENESS,2025-11-08,155406,109012,1.425586,273,0.175669,0.934176,1.641056,255.03,196.0,0,1.301173,0.0,0,0.0,0.0,0,0.0,0,0,0,0,0,0,0.0,0,0.0,0,0,0,912.0,0,0.279638,23.0,0,0,912.0,0,0.279638,0,0,0,0.0,0,0,0.0,0,0,975.0,,,,175.0,female,NR,320.0,171.0,112.0
ALC - NATAL 25,120234821449200075,OUTCOME_AWARENESS,2025-11-08,240731,154549,1.557635,353,0.146637,1.119773,1.641999,395.28,263.0,0,1.502966,1.0,0,395.28,0.0,0,0.0,0,0,0,0,0,0,0.0,0,0.0,0,0,0,771.0,0,0.512685,34.0,0,0,771.0,0,0.512685,0,0,0,0.0,0,0,0.0,0,0,1350.0,,,,257.0,male,NR,393.0,203.0,142.0
ALC - NATAL 25,120234821449200075,OUTCOME_AWARENESS,2025-11-08,3625,2928,1.238046,6,0.165517,0.908333,1.503448,5.45,4.0,0,1.3625,0.0,0,0.0,0.0,0,0.0,0,0,0,0,0,0,0.0,0,0.0,0,0,0,11.0,0,0.495455,0.0,0,0,11.0,0,0.495455,0,0,0,0.0,0,0,0.0,0,0,12.0,,,,4.0,unknown,NR,7.0,3.0,1.0
ALC - PATATIPATATA,120234821763070075,OUTCOME_AWARENESS,2025-11-08,15625,15625,1.0,38,0.2432,0.664474,1.616,25.25,31.0,0,0.814516,19.0,0,1.328947,0.0,0,0.0,0,0,0,0,0,0,0.0,0,0.0,0,0,0,34.0,0,0.742647,1.0,0,0,34.0,0,0.742647,0,0,0,0.0,0,0,0.0,0,0,,,,,31.0,female,NR,,,
ALC - PATATIPATATA,120234821763070075,OUTCOME_AWARENESS,2025-11-08,15572,15120,1.029894,40,0.256871,0.668,1.7159,26.72,31.0,0,0.861935,13.0,0,2.055385,0.0,0,0.0,0,0,0,0,0,0,0.0,0,0.0,0,0,0,37.0,0,0.722162,5.0,0,0,37.0,0,0.722162,0,0,0,0.0,0,0,0.0,0,0,,,,,31.0,male,NR,,,
ALC - PATATIPATATA,120234821763070075,OUTCOME_AWARENESS,2025-11-08,115,114,1.008772,0,0.0,0.0,2.173913,0.25,0.0,0,0.0,0.0,0,0.0,0.0,0,0.0,0,0,0,0,0,0,0.0,0,0.0,0,0,0,0.0,0,0.0,0.0,0,0,0.0,0,0.0,0,0,0,0.0,0,0,0.0,0,0,,,,,0.0,unknown,NR,,,
TRAF - NATAL 25,120234821911100075,LINK_CLICKS,2025-11-08,81761,38204,2.140116,2049,2.506085,0.222055,5.564878,454.99,1484.0,0,0.306597,1101.0,0,0.413252,0.0,0,0.0,0,0,0,0,0,0,0.0,0,0.0,0,0,0,3855.0,0,0.118026,141.0,0,0,3855.0,0,0.118026,0,0,0,0.0,0,0,0.0,0,0,874.0,,,,1479.0,female,NR,435.0,294.0,124.0
TRAF - NATAL 25,120234821911100075,LINK_CLICKS,2025-11-08,68710,30722,2.236508,942,1.370979,0.291858,4.00131,274.93,766.0,0,0.358916,628.0,0,0.437787,0.0,0,0.0,0,0,0,0,0,0,0.0,0,0.0,0,0,0,1355.0,0,0.2029,63.0,0,0,1356.0,0,0.202751,0,0,0,0.0,0,0,0.0,0,0,148.0,,,,763.0,male,NR,67.0,36.0,19.0
TRAF - NATAL 25,120234821911100075,LINK_CLICKS,2025-11-08,914,682,1.340176,15,1.641138,0.344,5.645514,5.16,13.0,0,0.396923,11.0,0,0.469091,0.0,0,0.0,0,0,0,0,0,0,0.0,0,0.0,0,0,0,17.0,0,0.303529,3.0,0,0,17.0,0,0.303529,0,0,0,0.0,0,0,0.0,0,0,1.0,,,,13.0,unknown,NR,1.0,1.0,1.0
[ALC - Cine Materna],120234972253410075,OUTCOME_AWARENESS,2025-11-08,29058,27838,1.043825,34,0.117007,1.513824,1.771285,51.47,23.0,0,2.237826,0.0,0,0.0,0.0,0,0.0,0,0,0,0,0,0,0.0,0,0.0,0,0,0,24.0,0,2.144583,1.0,0,0,24.0,0,2.144583,0,0,0,0.0,0,0,0.0,0,0,,,,,0.0,female,NR,,,
[ALC - Cine Materna],120234972253410075,OUTCOME_AWARENESS,2025-11-08,15941,15854,1.005488,17,0.106643,1.659412,1.769651,28.21,11.0,0,2.564545,0.0,0,0.0,0.0,0,0.0,0,0,0,0,0,0,0.0,0,0.0,0,0,0,11.0,0,2.564545,0.0,0,0,11.0,0,2.564545,0,0,0,0.0,0,0,0.0,0,0,,,,,0.0,male,NR,,,
[ALC - Cine Materna],120234972253410075,OUTCOME_AWARENESS,2025-11-08,149,147,1.013605,0,0.0,0.0,2.080537,0.31,0.0,0,0.0,0.0,0,0.0,0.0,0,0.0,0,0,0,0,0,0,0.0,0,0.0,0,0,0,0.0,0,0.0,0.0,0,0,0.0,0,0.0,0,0,0,0.0,0,0,0.0,0,0,,,,,0.0,unknown,NR,,,
ALC - Senhora Farinha,120235105425650075,OUTCOME_AWARENESS,2025-11-08,127738,87087,1.466786,142,0.111165,1.697746,1.887301,241.08,85.0,0,2.836235,0.0,0,0.0,0.0,0,0.0,0,0,0,0,0,0,0.0,0,0.0,0,0,0,13883.0,0,0.017365,59.0,0,0,13883.0,0,0.017365,0,0,0,0.0,0,0,0.0,0,0,8689.0,,,,47.0,female,NR,4830.0,2014.0,507.0
ALC - Senhora Farinha,120235105425650075,OUTCOME_AWARENESS,2025-11-08,117783,80712,1.4593,114,0.096788,1.964649,1.901548,223.97,72.0,0,3.110694,0.0,0,0.0,0.0,0,0.0,0,0,0,0,0,0,0.0,0,0.0,0,0,0,13574.0,0,0.0165,36.0,0,0,13574.0,0,0.0165,0,0,0,0.0,0,0,0.0,0,0,8337.0,,,,35.0,male,NR,4634.0,1860.0,405.0
ALC - Senhora Farinha,120235105425650075,OUTCOME_AWARENESS,2025-11-08,912,672,1.357143,2,0.219298,0.805,1.765351,1.61,0.0,0,0.0,0.0,0,0.0,0.0,0,0.0,0,0,0,0,0,0,0.0,0,0.0,0,0,0,112.0,0,0.014375,0.0,0,0,112.0,0,0.014375,0,0,0,0.0,0,0,0.0,0,0,77.0,,,,0.0,unknown,NR,42.0,15.0,7.0
ALC - ESQUENTA VOLKSFRIENDS,120235245890480075,OUTCOME_AWARENESS,2025-11-08,38071,38071,1.0,46,0.120827,1.468043,1.773791,67.53,35.0,0,1.929429,0.0,0,0.0,0.0,0,0.0,0,0,0,0,0,0,0.0,0,0.0,0,0,0,38.0,0,1.777105,3.0,0,0,38.0,0,1.777105,0,0,0,0.0,0,0,0.0,0,0,,,,,0.0,female,NR,,,
ALC - ESQUENTA VOLKSFRIENDS,120235245890480075,OUTCOME_AWARENESS,2025-11-08,45219,43938,1.029155,56,0.123842,1.458571,1.80632,81.68,38.0,0,2.149474,0.0,0,0.0,0.0,0,0.0,0,0,0,0,0,0,0.0,0,0.0,0,0,0,51.0,0,1.601569,8.0,0,0,51.0,0,1.601569,0,0,0,0.0,0,0,0.0,0,0,,,,,0.0,male,NR,,,
ALC - ESQUENTA VOLKSFRIENDS,120235245890480075,OUTCOME_AWARENESS,2025-11-08,424,419,1.011933,1,0.235849,0.76,1.792453,0.76,1.0,0,0.76,0.0,0,0.0,0.0,0,0.0,0,0,0,0,0,0,0.0,0,0.0,0,0,0,1.0,0,0.76,0.0,0,0,1.0,0,0.76,0,0,0,0.0,0,0,0.0,0,0,,,,,0.0,unknown,NR,,,
ENG - PET DAY,120235524391440075,OUTCOME_ENGAGEMENT,2025-11-08,7466,4825,1.547358,36,0.482186,2.139444,10.3161,77.02,27.0,0,2.852593,0.0,0,0.0,0.0,0,0.0,0,0,0,0,0,0,0.0,0,0.0,0,0,0,1323.0,0,0.058216,688.0,0,0,1323.0,0,0.058216,0,0,0,0.0,0,0,0.0,0,0,239.0,,,,14.0,female,NR,104.0,66.0,50.0
ENG - PET DAY,120235524391440075,OUTCOME_ENGAGEMENT,2025-11-08,2249,1569,1.433397,19,0.84482,1.196842,10.111161,22.74,9.0,0,2.526667,0.0,0,0.0,0.0,0,0.0,0,0,0,0,0,0,0.0,0,0.0,0,0,0,365.0,0,0.062301,209.0,0,0,365.0,0,0.062301,0,0,0,0.0,0,0,0.0,0,0,49.0,,,,4.0,male,NR,25.0,19.0,13.0
ENG - PET DAY,120235524391440075,OUTCOME_ENGAGEMENT,2025-11-08,29,21,1.380952,0,0.0,0.0,8.275862,0.24,0.0,0,0.0,0.0,0,0.0,0.0,0,0.0,0,0,0,0,0,0,0.0,0,0.0,0,0,0,2.0,0,0.12,0.0,0,0,2.0,0,0.12,0,0,0,0.0,0,0,0.0,0,0,1.0,,,,0.0,unknown,NR,,,
ALC - Cidadania Já,120235524827340075,OUTCOME_AWARENESS,2025-11-08,31970,26238,1.218462,22,0.068815,2.599545,1.788865,57.19,13.0,0,4.399231,0.0,0,0.0,0.0,0,0.0,0,0,0,0,0,0,0.0,0,0.0,0,0,0,2119.0,0,0.026989,12.0,0,0,2119.0,0,0.026989,0,0,0,0.0,0,0,0.0,0,0,539.0,,,,9.0,female,NR,190.0,97.0,33.0
ALC - Cidadania Já,120235524827340075,OUTCOME_AWARENESS,2025-11-08,27315,22352,1.222038,26,0.095186,1.896538,1.805235,49.31,10.0,0,4.931,0.0,0,0.0,0.0,0,0.0,0,0,0,0,0,0,0.0,0,0.0,0,0,0,1665.0,0,0.029616,7.0,0,0,1665.0,0,0.029616,0,0,0,0.0,0,0,0.0,0,0,384.0,,,,5.0,male,NR,160.0,78.0,33.0
ALC - Cidadania Já,120235524827340075,OUTCOME_AWARENESS,2025-11-08,177,152,1.164474,1,0.564972,0.18,1.016949,0.18,1.0,0,0.18,0.0,0,0.0,0.0,0,0.0,0,0,0,0,0,0,0.0,0,0.0,0,0,0,12.0,0,0.015,0.0,0,0,12.0,0,0.015,0,0,0,0.0,0,0,0.0,0,0,2.0,,,,1.0,unknown,NR,,,
Black Friday - NR,120235655860310075,OUTCOME_AWARENESS,2025-11-08,254221,211797,1.200305,83,0.032649,6.169518,2.014271,512.07,22.0,0,23.275909,0.0,0,0.0,0.0,0,0.0,0,0,0,0,0,0,0.0,0,0.0,0,0,0,1636.0,0,0.313001,23.0,0,0,1636.0,0,0.313001,0,0,0,0.0,0,0,0.0,0,0,416.0,,,,1.0,female,NR,114.0,60.0,36.0
Black Friday - NR,120235655860310075,OUTCOME_AWARENESS,2025-11-08,240092,202877,1.183436,84,0.034987,5.754762,2.013395,483.4,21.0,0,23.019048,0.0,0,0.0,0.0,0,0.0,0,0,0,0,0,0,0.0,0,0.0,0,0,0,1336.0,0,0.361826,30.0,0,0,1336.0,0,0.361826,0,0,0,0.0,0,0,0.0,0,0,311.0,,,,0.0,male,NR,97.0,54.0,31.0
Black Friday - NR,120235655860310075,OUTCOME_AWARENESS,2025-11-08,2330,2014,1.156902,2,0.085837,2.265,1.944206,4.53,1.0,0,4.53,0.0,0,0.0,0.0,0,0.0,0,0,0,0,0,0,0.0,0,0.0,0,0,0,12.0,0,0.3775,0.0,0,0,12.0,0,0.3775,0,0,0,0.0,0,0,0.0,0,0,2.0,,,,0.0,unknown,NR,1.0,,
ALC - Torneio de Poker - NR,120235658959800075,OUTCOME_AWARENESS,2025-11-08,17477,16085,1.08654,6,0.034331,5.546667,1.904217,33.28,0.0,0,0.0,0.0,0,0.0,0.0,0,0.0,0,0,0,0,0,0,0.0,0,0.0,0,0,0,769.0,0,0.043277,5.0,0,0,769.0,0,0.043277,0,0,0,0.0,0,0,0.0,0,0,160.0,,,,0.0,female,NR,38.0,15.0,8.0
ALC - Torneio de Poker - NR,120235658959800075,OUTCOME_AWARENESS,2025-11-08,17559,16077,1.092181,7,0.039866,4.761429,1.898172,33.33,0.0,0,0.0,0.0,0,0.0,0.0,0,0.0,0,0,0,0,0,0,0.0,0,0.0,0,0,0,1043.0,0,0.031956,10.0,0,0,1043.0,0,0.031956,0,0,0,0.0,0,0,0.0,0,0,210.0,,,,0.0,male,NR,60.0,39.0,26.0
ALC - Torneio de Poker - NR,120235658959800075,OUTCOME_AWARENESS,2025-11-08,118,112,1.053571,0,0.0,0.0,1.949153,0.23,0.0,0,0.0,0.0,0,0.0,0.0,0,0.0,0,0,0,0,0,0,0.0,0,0.0,0,0,0,8.0,0,0.02875,0.0,0,0,8.0,0,0.02875,0,0,0,0.0,0,0,0.0,0,0,1.0,,,,0.0,unknown,NR,,,
ALC - Feirão Regional do Banco Omni,120235664562480075,OUTCOME_AWARENESS,2025-11-08,48627,44826,1.084795,58,0.119275,1.608103,1.91807,93.27,40.0,0,2.33175,0.0,0,0.0,0.0,0,0.0,0,0,0,0,0,0,0.0,0,0.0,0,0,0,42.0,0,2.220714,2.0,0,0,42.0,0,2.220714,0,0,0,0.0,0,0,0.0,0,0,,,,,0.0,female,NR,,,
ALC - Feirão Regional do Banco Omni,120235664562480075,OUTCOME_AWARENESS,2025-11-08,55395,52364,1.057883,56,0.101092,1.889107,1.909739,105.79,37.0,0,2.859189,0.0,0,0.0,0.0,0,0.0,0,0,0,0,0,0,0.0,0,0.0,0,0,0,42.0,0,2.51881,4.0,0,0,42.0,0,2.51881,0,0,0,0.0,0,0,0.0,0,0,,,,,0.0,male,NR,,,
ALC - Feirão Regional do Banco Omni,120235664562480075,OUTCOME_AWARENESS,2025-11-08,485,445,1.089888,0,0.0,0.0,1.896907,0.92,0.0,0,0.0,0.0,0,0.0,0.0,0,0.0,0,0,0,0,0,0,0.0,0,0.0,0,0,0,0.0,0,0.0,0.0,0,0,0.0,0,0.0,0,0,0,0.0,0,0,0.0,0,0,,,,,0.0,unknown,NR,,,
ALC - Nova Arezzo,120235811959840075,OUTCOME_AWARENESS,2025-11-08,34249,34065,1.005401,43,0.125551,2.155814,2.706648,92.7,27.0,0,3.433333,0.0,0,0.0,0.0,0,0.0,0,0,0,0,0,0,0.0,0,0.0,0,0,0,40.0,0,2.3175,13.0,0,0,40.0,0,2.3175,0,0,0,0.0,0,0,0.0,0,0,,,,,0.0,female,NR,,,
ALC - Nova Arezzo,120235811959840075,OUTCOME_AWARENESS,2025-11-08,38069,37940,1.0034,47,0.12346,2.178511,2.68959,102.39,40.0,0,2.55975,0.0,0,0.0,0.0,0,0.0,0,0,0,0,0,0,0.0,0,0.0,0,0,0,47.0,0,2.178511,6.0,0,0,47.0,0,2.178511,0,0,0,0.0,0,0,0.0,0,0,,,,,0.0,male,NR,,,
ALC - Nova Arezzo,120235811959840075,OUTCOME_AWARENESS,2025-11-08,235,232,1.012931,0,0.0,0.0,3.106383,0.73,0.0,0,0.0,0.0,0,0.0,0.0,0,0.0,0,0,0,0,0,0,0.0,0,0.0,0,0,0,0.0,0,0.0,0.0,0,0,0.0,0,0.0,0,0,0,0.0,0,0,0.0,0,0,,,,,0.0,unknown,NR,,,
ALC- Diário da lancheira,120235811993880075,OUTCOME_AWARENESS,2025-11-08,12020,11726,1.025072,15,0.124792,1.610667,2.009983,24.16,11.0,0,2.196364,0.0,0,0.0,0.0,0,0.0,0,0,0,0,0,0,0.0,0,0.0,0,0,0,11.0,0,2.196364,0.0,0,0,11.0,0,2.196364,0,0,0,0.0,0,0,0.0,0,0,,,,,5.0,female,NR,,,
ALC- Diário da lancheira,120235811993880075,OUTCOME_AWARENESS,2025-11-08,11664,11133,1.047696,8,0.068587,2.80875,1.92644,22.47,5.0,0,4.494,0.0,0,0.0,0.0,0,0.0,0,0,0,0,0,0,0.0,0,0.0,0,0,0,6.0,0,3.745,1.0,0,0,6.0,0,3.745,0,0,0,0.0,0,0,0.0,0,0,,,,,2.0,male,NR,,,
ALC- Diário da lancheira,120235811993880075,OUTCOME_AWARENESS,2025-11-08,101,101,1.0,0,0.0,0.0,1.386139,0.14,0.0,0,0.0,0.0,0,0.0,0.0,0,0.0,0,0,0,0,0,0,0.0,0,0.0,0,0,0,0.0,0,0.0,0.0,0,0,0.0,0,0.0,0,0,0,0.0,0,0,0.0,0,0,,,,,0.0,unknown,NR,,,
ALC - Patrulha Canina,120235812083840075,OUTCOME_AWARENESS,2025-11-08,70293,70293,1.0,159,0.226196,0.88912,2.011153,141.37,107.0,0,1.321215,0.0,0,0.0,0.0,0,0.0,0,0,0,0,0,0,0.0,0,0.0,0,0,0,115.0,0,1.229304,7.0,0,0,115.0,0,1.229304,0,0,0,0.0,0,0,0.0,0,0,,,,,1.0,female,NR,,,
ALC - Patrulha Canina,120235812083840075,OUTCOME_AWARENESS,2025-11-08,66201,65531,1.010224,87,0.131418,1.516437,1.99287,131.93,59.0,0,2.236102,0.0,0,0.0,0.0,0,0.0,0,0,0,0,0,0,0.0,0,0.0,0,0,0,75.0,0,1.759067,10.0,0,0,75.0,0,1.759067,0,0,0,0.0,0,0,0.0,0,0,,,,,0.0,male,NR,,,
ALC - Patrulha Canina,120235812083840075,OUTCOME_AWARENESS,2025-11-08,442,429,1.030303,0,0.0,0.0,2.352941,1.04,0.0,0,0.0,0.0,0,0.0,0.0,0,0.0,0,0,0,0,0,0,0.0,0,0.0,0,0,0,0.0,0,0.0,0.0,0,0,0.0,0,0.0,0,0,0,0.0,0,0,0.0,0,0,,,,,0.0,unknown,NR,,,
ALC - MILENINHA NR,120235921119840075,OUTCOME_AWARENESS,2025-11-08,402054,380170,1.057564,1101,0.273844,1.015459,2.780771,1118.02,534.0,0,2.09367,243.0,0,4.600905,0.0,0,0.0,0,0,0,0,0,0,0.0,0,0.0,0,0,0,48315.0,0,0.02314,161.0,0,0,48315.0,0,0.02314,0,0,0,0.0,0,0,0.0,0,0,8268.0,,,,534.0,female,NR,1441.0,716.0,337.0
ALC - MILENINHA NR,120235921119840075,OUTCOME_AWARENESS,2025-11-08,311450,288570,1.079288,936,0.30053,0.935075,2.810178,875.23,397.0,0,2.20461,151.0,0,5.796225,0.0,0,0.0,0,0,0,0,0,0,0.0,0,0.0,0,0,0,50245.0,0,0.017419,206.0,0,0,50245.0,0,0.017419,0,0,0,0.0,0,0,0.0,0,0,7695.0,,,,397.0,male,NR,1170.0,584.0,283.0
ALC - MILENINHA NR,120235921119840075,OUTCOME_AWARENESS,2025-11-08,2417,2282,1.059159,10,0.413736,0.675,2.792718,6.75,3.0,0,2.25,0.0,0,0.0,0.0,0,0.0,0,0,0,0,0,0,0.0,0,0.0,0,0,0,271.0,0,0.024908,2.0,0,0,271.0,0,0.024908,0,0,0,0.0,0,0,0.0,0,0,49.0,,,,3.0,unknown,NR,7.0,3.0,2.0
ALC - CHURRAS,120235922401180075,OUTCOME_AWARENESS,2025-11-08,19651,19320,1.017133,21,0.106865,1.902857,2.033484,39.96,17.0,0,2.350588,0.0,0,0.0,0.0,0,0.0,0,0,0,0,0,0,0.0,0,0.0,0,0,0,21.0,0,1.902857,4.0,0,0,21.0,0,1.902857,0,0,0,0.0,0,0,0.0,0,0,,,,,0.0,female,NR,,,
ALC - CHURRAS,120235922401180075,OUTCOME_AWARENESS,2025-11-08,22961,22961,1.0,26,0.113235,1.828462,2.070467,47.54,21.0,0,2.26381,0.0,0,0.0,0.0,0,0.0,0,0,0,0,0,0,0.0,0,0.0,0,0,0,22.0,0,2.160909,0.0,0,0,22.0,0,2.160909,0,0,0,0.0,0,0,0.0,0,0,,,,,0.0,male,NR,,,
ALC - CHURRAS,120235922401180075,OUTCOME_AWARENESS,2025-11-08,197,195,1.010256,0,0.0,0.0,2.690355,0.53,0.0,0,0.0,0.0,0,0.0,0.0,0,0.0,0,0,0,0,0,0,0.0,0,0.0,0,0,0,0.0,0,0.0,0.0,0,0,0.0,0,0.0,0,0,0,0.0,0,0,0.0,0,0,,,,,0.0,unknown,NR,,,
ENG - CHURRAS NR,120235922750610075,OUTCOME_ENGAGEMENT,2025-11-08,1066,667,1.598201,7,0.65666,4.851429,31.857411,33.96,2.0,0,16.98,0.0,0,0.0,0.0,0,0.0,0,0,0,0,0,0,0.0,0,0.0,0,0,0,186.0,0,0.182581,182.0,0,0,186.0,0,0.182581,0,0,0,0.0,0,0,0.0,0,0,,,,,1.0,female,NR,,,
ENG - CHURRAS NR,120235922750610075,OUTCOME_ENGAGEMENT,2025-11-08,1205,620,1.943548,11,0.912863,3.443636,31.435685,37.88,7.0,0,5.411429,0.0,0,0.0,0.0,0,0.0,0,0,0,0,0,0,0.0,0,0.0,0,0,0,182.0,0,0.208132,173.0,0,0,182.0,0,0.208132,0,0,0,0.0,0,0,0.0,0,0,,,,,6.0,male,NR,,,
ENG - CHURRAS NR,120235922750610075,OUTCOME_ENGAGEMENT,2025-11-08,10,4,2.5,0,0.0,0.0,16.0,0.16,0.0,0,0.0,0.0,0,0.0,0.0,0,0.0,0,0,0,0,0,0,0.0,0,0.0,0,0,0,0.0,0,0.0,0.0,0,0,0.0,0,0.0,0,0,0,0.0,0,0,0.0,0,0,,,,,0.0,unknown,NR,,,
ALC | Moda Feminina,120218457714640075,OUTCOME_AWARENESS,2025-12-01,126506,85887,1.472935,122,0.096438,1.349557,1.301488,164.646,88.0,0,1.870977,7.0,0,23.520857,0.0,0,0.0,0,0,0,0,0,0,0.0,0,0.0,0,0,0,4451.0,0,0.036991,8.0,0,0,4451.0,0,0.036991,0,0,0,0.0,0,0,0.0,0,0,1416.0,,,,14.0,female,NR,519.0,219.0,156.0
ALC | Moda Feminina,120218457714640075,OUTCOME_AWARENESS,2025-12-01,82174,54898,1.496849,78,0.094921,1.396331,1.325405,108.913814,52.0,0,2.094496,4.0,0,27.228454,0.0,0,0.0,0,0,0,0,0,0,0.0,0,0.0,0,0,0,2919.0,0,0.037312,12.0,0,0,2919.0,0,0.037312,0,0,0,0.0,0,0,0.0,0,0,726.0,,,,7.0,male,NR,278.0,119.0,75.0
ALC | Moda Feminina,120218457714640075,OUTCOME_AWARENESS,2025-12-01,569,429,1.32634,0,0.0,0.0,1.494176,0.850186,0.0,0,0.0,0.0,0,0.0,0.0,0,0.0,0,0,0,0,0,0,0.0,0,0.0,0,0,0,14.0,0,0.060728,0.0,0,0,14.0,0,0.060728,0,0,0,0.0,0,0,0.0,0,0,2.0,,,,0.0,unknown,NR,,,
ALC | Moda masculina,120218468471470075,OUTCOME_AWARENESS,2025-12-01,112417,71801,1.565675,121,0.107635,1.212038,1.304577,146.656605,88.0,0,1.666552,0.0,0,0.0,0.0,0,0.0,0,0,0,0,0,0,0.0,0,0.0,0,0,0,2653.0,0,0.05528,7.0,0,0,2653.0,0,0.05528,0,0,0,0.0,0,0,0.0,0,0,2463.0,,,,7.0,female,NR,914.0,510.0,354.0
ALC | Moda masculina,120218468471470075,OUTCOME_AWARENESS,2025-12-01,97509,64963,1.500993,95,0.097427,1.349613,1.314886,128.213259,64.0,0,2.003332,0.0,0,0.0,0.0,0,0.0,0,0,0,0,0,0,0.0,0,0.0,0,0,0,3279.0,0,0.039101,21.0,0,0,3279.0,0,0.039101,0,0,0,0.0,0,0,0.0,0,0,2976.0,,,,3.0,male,NR,1039.0,558.0,360.0
ALC | Moda masculina,120218468471470075,OUTCOME_AWARENESS,2025-12-01,607,444,1.367117,1,0.164745,0.750136,1.235809,0.750136,1.0,0,0.750136,0.0,0,0.0,0.0,0,0.0,0,0,0,0,0,0,0.0,0,0.0,0,0,0,19.0,0,0.039481,0.0,0,0,19.0,0,0.039481,0,0,0,0.0,0,0,0.0,0,0,16.0,,,,0.0,unknown,NR,4.0,3.0,2.0
ALC - Lojas - Inauguração/ Gastronomia,120218470856850075,OUTCOME_AWARENESS,2025-12-01,113761,69529,1.636166,137,0.120428,1.138393,1.370943,155.959867,82.0,0,1.90195,0.0,0,0.0,0.0,0,0.0,0,0,0,0,0,0,0.0,0,0.0,0,0,0,5968.0,0,0.026133,14.0,0,0,5968.0,0,0.026133,0,0,0,0.0,0,0,0.0,0,0,1684.0,,,,43.0,female,NR,649.0,371.0,137.0
ALC - Lojas - Inauguração/ Gastronomia,120218470856850075,OUTCOME_AWARENESS,2025-12-01,83987,51078,1.644289,85,0.101206,1.376234,1.392833,116.979903,51.0,0,2.293724,0.0,0,0.0,0.0,0,0.0,0,0,0,0,0,0,0.0,0,0.0,0,0,0,4079.0,0,0.028679,12.0,0,0,4079.0,0,0.028679,0,0,0,0.0,0,0,0.0,0,0,1041.0,,,,25.0,male,NR,376.0,210.0,89.0
ALC - Lojas - Inauguração/ Gastronomia,120218470856850075,OUTCOME_AWARENESS,2025-12-01,611,374,1.63369,1,0.163666,0.90023,1.473372,0.90023,1.0,0,0.90023,0.0,0,0.0,0.0,0,0.0,0,0,0,0,0,0,0.0,0,0.0,0,0,0,37.0,0,0.024331,0.0,0,0,37.0,0,0.024331,0,0,0,0.0,0,0,0.0,0,0,12.0,,,,1.0,unknown,NR,5.0,4.0,2.0
ALC - Lojas - Diversão,120226684244550075,OUTCOME_AWARENESS,2025-12-01,39047,32489,1.201853,59,0.1511,1.03823,1.568765,61.255551,40.0,0,1.531389,0.0,0,0.0,0.0,0,0.0,0,0,0,0,0,0,0.0,0,0.0,0,0,0,41.0,0,1.494038,1.0,0,0,41.0,0,1.494038,0,0,0,0.0,0,0,0.0,0,0,,,,,19.0,female,NR,,,
ALC - Lojas - Diversão,120226684244550075,OUTCOME_AWARENESS,2025-12-01,35079,29637,1.183622,33,0.094073,1.71104,1.609634,56.464335,28.0,0,2.016583,0.0,0,0.0,0.0,0,0.0,0,0,0,0,0,0,0.0,0,0.0,0,0,0,34.0,0,1.660716,6.0,0,0,34.0,0,1.660716,0,0,0,0.0,0,0,0.0,0,0,,,,,15.0,male,NR,,,
ALC - Lojas - Diversão,120226684244550075,OUTCOME_AWARENESS,2025-12-01,284,239,1.188285,1,0.352113,0.450114,1.584909,0.450114,1.0,0,0.450114,0.0,0,0.0,0.0,0,0.0,0,0,0,0,0,0,0.0,0,0.0,0,0,0,1.0,0,0.450114,0.0,0,0,1.0,0,0.450114,0,0,0,0.0,0,0,0.0,0,0,,,,,1.0,unknown,NR,,,
ALC - Natal Noel Decor,120234329536470075,OUTCOME_AWARENESS,2025-12-01,65623,52316,1.254358,87,0.132575,1.272613,1.687173,110.717355,59.0,0,1.876565,0.0,0,0.0,0.0,0,0.0,0,0,0,0,0,0,0.0,0,0.0,0,0,0,2592.0,0,0.042715,9.0,0,0,2592.0,0,0.042715,0,0,0,0.0,0,0,0.0,0,0,392.0,,,,29.0,female,NR,63.0,36.0,24.0
ALC - Natal Noel Decor,120234329536470075,OUTCOME_AWARENESS,2025-12-01,53744,44381,1.210969,65,0.120944,1.401269,1.694747,91.082504,45.0,0,2.024056,0.0,0,0.0,0.0,0,0.0,0,0,0,0,0,0,0.0,0,0.0,0,0,0,2044.0,0,0.044561,8.0,0,0,2044.0,0,0.044561,0,0,0,0.0,0,0,0.0,0,0,261.0,,,,23.0,male,NR,48.0,25.0,15.0
ALC - Natal Noel Decor,120234329536470075,OUTCOME_AWARENESS,2025-12-01,412,357,1.154062,0,0.0,0.0,1.383837,0.570141,0.0,0,0.0,0.0,0,0.0,0.0,0,0.0,0,0,0,0,0,0,0.0,0,0.0,0,0,0,9.0,0,0.063349,0.0,0,0,9.0,0,0.063349,0,0,0,0.0,0,0,0.0,0,0,,,,,0.0,unknown,NR,,,
ALC - NATAL 25,120234821449200075,OUTCOME_AWARENESS,2025-12-01,357748,236046,1.515586,786,0.219708,0.552817,1.214581,434.513786,461.0,0,0.942546,11.0,0,39.501253,0.0,0,0.0,0,0,0,0,0,0,0.0,0,0.0,0,0,0,9242.0,0,0.047015,67.0,0,0,9242.0,0,0.047015,0,0,0,0.0,0,0,0.0,0,0,3062.0,,,,315.0,female,NR,1210.0,557.0,334.0
ALC - NATAL 25,120234821449200075,OUTCOME_AWARENESS,2025-12-01,435243,254142,1.712598,702,0.161289,0.755678,1.218826,530.485666,413.0,0,1.284469,23.0,0,23.064594,0.0,0,0.0,0,0,0,0,0,0,0.0,0,0.0,0,0,0,9414.0,0,0.056351,65.0,0,0,9414.0,0,0.056351,0,0,0,0.0,0,0,0.0,0,0,3340.0,,,,316.0,male,NR,1191.0,601.0,357.0
ALC - NATAL 25,120234821449200075,OUTCOME_AWARENESS,2025-12-01,3422,2056,1.664397,1,0.029223,4.430548,1.294725,4.430548,0.0,0,0.0,0.0,0,0.0,0.0,0,0.0,0,0,0,0,0,0,0.0,0,0.0,0,0,0,52.0,0,0.085203,0.0,0,0,52.0,0,0.085203,0,0,0,0.0,0,0,0.0,0,0,23.0,,,,0.0,unknown,NR,8.0,2.0,2.0
TRAF - NATAL 25,120234821911100075,LINK_CLICKS,2025-12-01,114254,53382,2.140309,5368,4.698304,0.09989,4.693135,536.2094,2671.0,0,0.200752,2011.0,0,0.266638,0.0,0,0.0,0,0,0,0,0,0,0.0,0,0.0,0,0,0,8926.0,0,0.060073,156.0,0,0,8927.0,0,0.060066,0,0,0,0.0,0,0,0.0,0,0,2830.0,,,,2670.0,female,NR,1559.0,1032.0,578.0
TRAF - NATAL 25,120234821911100075,LINK_CLICKS,2025-12-01,91983,47452,1.938443,3128,3.400628,0.119591,4.066841,374.080274,1675.0,0,0.223332,1338.0,0,0.279582,0.0,0,0.0,0,0,0,0,0,0,0.0,0,0.0,0,0,0,6919.0,0,0.054066,91.0,0,0,6920.0,0,0.054058,0,0,0,0.0,0,0,0.0,0,0,1792.0,,,,1671.0,male,NR,848.0,554.0,320.0
TRAF - NATAL 25,120234821911100075,LINK_CLICKS,2025-12-01,411,228,1.802632,14,3.406326,0.096452,3.285464,1.350326,9.0,0,0.150036,6.0,0,0.225054,0.0,0,0.0,0,0,0,0,0,0,0.0,0,0.0,0,0,0,23.0,0,0.05871,1.0,0,0,23.0,0,0.05871,0,0,0,0.0,0,0,0.0,0,0,5.0,,,,9.0,unknown,NR,4.0,2.0,
ALC - Senhora Farinha,120235105425650075,OUTCOME_AWARENESS,2025-12-01,62524,60389,1.035354,78,0.124752,1.324518,1.652363,103.312371,49.0,0,2.108416,0.0,0,0.0,0.0,0,0.0,0,0,0,0,0,0,0.0,0,0.0,0,0,0,4715.0,0,0.021911,13.0,0,0,4715.0,0,0.021911,0,0,0,0.0,0,0,0.0,0,0,2904.0,,,,28.0,female,NR,1766.0,641.0,165.0
ALC - Senhora Farinha,120235105425650075,OUTCOME_AWARENESS,2025-12-01,53200,49935,1.065385,51,0.095865,1.717009,1.646004,87.567438,32.0,0,2.736482,0.0,0,0.0,0.0,0,0.0,0,0,0,0,0,0,0.0,0,0.0,0,0,0,4994.0,0,0.017535,14.0,0,0,4994.0,0,0.017535,0,0,0,0.0,0,0,0.0,0,0,2994.0,,,,20.0,male,NR,1726.0,648.0,143.0
ALC - Senhora Farinha,120235105425650075,OUTCOME_AWARENESS,2025-12-01,378,360,1.05,1,0.26455,0.610191,1.614262,0.610191,0.0,0,0.0,0.0,0,0.0,0.0,0,0.0,0,0,0,0,0,0,0.0,0,0.0,0,0,0,36.0,0,0.01695,0.0,0,0,36.0,0,0.01695,0,0,0,0.0,0,0,0.0,0,0,26.0,,,,0.0,unknown,NR,10.0,5.0,1.0
ALC - Cidadania Já,120235524827340075,OUTCOME_AWARENESS,2025-12-01,22779,21297,1.069587,25,0.10975,1.451702,1.593246,36.292542,19.0,0,1.910134,0.0,0,0.0,0.0,0,0.0,0,0,0,0,0,0,0.0,0,0.0,0,0,0,1152.0,0,0.031504,6.0,0,0,1152.0,0,0.031504,0,0,0,0.0,0,0,0.0,0,0,303.0,,,,11.0,female,NR,71.0,36.0,11.0
ALC - Cidadania Já,120235524827340075,OUTCOME_AWARENESS,2025-12-01,17479,16605,1.052635,9,0.05149,3.099703,1.596048,27.897328,6.0,0,4.649555,0.0,0,0.0,0.0,0,0.0,0,0,0,0,0,0,0.0,0,0.0,0,0,0,913.0,0,0.030556,6.0,0,0,913.0,0,0.030556,0,0,0,0.0,0,0,0.0,0,0,207.0,,,,2.0,male,NR,78.0,38.0,15.0
ALC - Cidadania Já,120235524827340075,OUTCOME_AWARENESS,2025-12-01,132,125,1.056,0,0.0,0.0,1.591898,0.210131,0.0,0,0.0,0.0,0,0.0,0.0,0,0.0,0,0,0,0,0,0,0.0,0,0.0,0,0,0,6.0,0,0.035022,0.0,0,0,6.0,0,0.035022,0,0,0,0.0,0,0,0.0,0,0,1.0,,,,0.0,unknown,NR,1.0,,
ALC - Torneio de Poker - NR,120235658959800075,OUTCOME_AWARENESS,2025-12-01,1403,1372,1.022595,0,0.0,0.0,1.667855,2.34,0.0,0,0.0,0.0,0,0.0,0.0,0,0.0,0,0,0,0,0,0,0.0,0,0.0,0,0,0,68.0,0,0.034412,0.0,0,0,68.0,0,0.034412,0,0,0,0.0,0,0,0.0,0,0,5.0,,,,0.0,female,NR,1.0,2.0,1.0
ALC - Torneio de Poker - NR,120235658959800075,OUTCOME_AWARENESS,2025-12-01,1448,1448,1.0,0,0.0,0.0,1.512431,2.19,0.0,0,0.0,0.0,0,0.0,0.0,0,0.0,0,0,0,0,0,0,0.0,0,0.0,0,0,0,102.0,0,0.021471,0.0,0,0,102.0,0,0.021471,0,0,0,0.0,0,0,0.0,0,0,25.0,,,,0.0,male,NR,4.0,4.0,3.0
ALC - Torneio de Poker - NR,120235658959800075,OUTCOME_AWARENESS,2025-12-01,8,8,1.0,0,0.0,0.0,1.25,0.01,0.0,0,0.0,0.0,0,0.0,0.0,0,0.0,0,0,0,0,0,0,0.0,0,0.0,0,0,0,1.0,0,0.01,0.0,0,0,1.0,0,0.01,0,0,0,0.0,0,0,0.0,0,0,1.0,,,,0.0,unknown,NR,,,
ALC - Nova Arezzo,120235811959840075,OUTCOME_AWARENESS,2025-12-01,160607,104528,1.536497,255,0.158773,1.000535,1.588576,255.136468,161.0,0,1.584699,0.0,0,0.0,0.0,0,0.0,0,0,0,0,0,0,0.0,0,0.0,0,0,0,11061.0,0,0.023066,61.0,0,0,11061.0,0,0.023066,0,0,0,0.0,0,0,0.0,0,0,1805.0,,,,0.0,female,NR,595.0,329.0,220.0
ALC - Nova Arezzo,120235811959840075,OUTCOME_AWARENESS,2025-12-01,146994,99026,1.484398,158,0.107487,1.533311,1.648116,242.263115,99.0,0,2.447102,0.0,0,0.0,0.0,0,0.0,0,0,0,0,0,0,0.0,0,0.0,0,0,0,10145.0,0,0.02388,45.0,0,0,10145.0,0,0.02388,0,0,0,0.0,0,0,0.0,0,0,1382.0,,,,0.0,male,NR,498.0,280.0,182.0
ALC - Nova Arezzo,120235811959840075,OUTCOME_AWARENESS,2025-12-01,948,672,1.410714,1,0.105485,1.600417,1.688204,1.600417,0.0,0,0.0,0.0,0,0.0,0.0,0,0.0,0,0,0,0,0,0,0.0,0,0.0,0,0,0,40.0,0,0.04001,0.0,0,0,40.0,0,0.04001,0,0,0,0.0,0,0,0.0,0,0,5.0,,,,0.0,unknown,NR,1.0,1.0,1.0
ALC- Diário da lancheira,120235811993880075,OUTCOME_AWARENESS,2025-12-01,30111,26758,1.125308,37,0.122879,1.311671,1.611765,48.531844,25.0,0,1.941274,0.0,0,0.0,0.0,0,0.0,0,0,0,0,0,0,0.0,0,0.0,0,0,0,178.0,0,0.272651,1.0,0,0,178.0,0,0.272651,0,0,0,0.0,0,0,0.0,0,0,29.0,,,,8.0,female,NR,5.0,3.0,1.0
ALC- Diário da lancheira,120235811993880075,OUTCOME_AWARENESS,2025-12-01,24729,22946,1.077704,26,0.10514,1.538,1.617049,39.987998,23.0,0,1.738609,0.0,0,0.0,0.0,0,0.0,0,0,0,0,0,0,0.0,0,0.0,0,0,0,123.0,0,0.325106,3.0,0,0,123.0,0,0.325106,0,0,0,0.0,0,0,0.0,0,0,8.0,,,,14.0,male,NR,3.0,2.0,2.0
ALC- Diário da lancheira,120235811993880075,OUTCOME_AWARENESS,2025-12-01,196,182,1.076923,0,0.0,0.0,1.786518,0.350158,0.0,0,0.0,0.0,0,0.0,0.0,0,0.0,0,0,0,0,0,0,0.0,0,0.0,0,0,0,2.0,0,0.175079,0.0,0,0,2.0,0,0.175079,0,0,0,0.0,0,0,0.0,0,0,,,,,0.0,unknown,NR,,,
ALC - Patrulha Canina,120235812083840075,OUTCOME_AWARENESS,2025-12-01,43157,41462,1.040881,95,0.220127,0.859215,1.891359,81.625394,63.0,0,1.295641,0.0,0,0.0,0.0,0,0.0,0,0,0,0,0,0,0.0,0,0.0,0,0,0,68.0,0,1.200373,3.0,0,0,68.0,0,1.200373,0,0,0,0.0,0,0,0.0,0,0,,,,,0.0,female,NR,,,
ALC - Patrulha Canina,120235812083840075,OUTCOME_AWARENESS,2025-12-01,37123,36452,1.018408,47,0.126606,1.474353,1.866621,69.294579,33.0,0,2.099836,0.0,0,0.0,0.0,0,0.0,0,0,0,0,0,0,0.0,0,0.0,0,0,0,36.0,0,1.924849,3.0,0,0,36.0,0,1.924849,0,0,0,0.0,0,0,0.0,0,0,,,,,0.0,male,NR,,,
ALC - Patrulha Canina,120235812083840075,OUTCOME_AWARENESS,2025-12-01,285,275,1.036364,0,0.0,0.0,1.438692,0.410027,0.0,0,0.0,0.0,0,0.0,0.0,0,0.0,0,0,0,0,0,0,0.0,0,0.0,0,0,0,0.0,0,0.0,0.0,0,0,0.0,0,0.0,0,0,0,0.0,0,0,0.0,0,0,,,,,0.0,unknown,NR,,,
ALC - CHURRAS,120235922401180075,OUTCOME_AWARENESS,2025-12-01,114925,101211,1.135499,141,0.122689,1.430808,1.755439,201.743868,99.0,0,2.037817,0.0,0,0.0,0.0,0,0.0,0,0,0,0,0,0,0.0,0,0.0,0,0,0,426.0,0,0.473577,6.0,0,0,426.0,0,0.473577,0,0,0,0.0,0,0,0.0,0,0,766.0,,,,0.0,female,NR,281.0,163.0,113.0
ALC - CHURRAS,120235922401180075,OUTCOME_AWARENESS,2025-12-01,119769,106983,1.119514,156,0.130251,1.337408,1.741984,208.635708,107.0,0,1.949866,0.0,0,0.0,0.0,0,0.0,0,0,0,0,0,0,0.0,0,0.0,0,0,0,586.0,0,0.356034,12.0,0,0,586.0,0,0.356034,0,0,0,0.0,0,0,0.0,0,0,1018.0,,,,0.0,male,NR,376.0,215.0,141.0
ALC - CHURRAS,120235922401180075,OUTCOME_AWARENESS,2025-12-01,942,860,1.095349,0,0.0,0.0,1.688349,1.590425,0.0,0,0.0,0.0,0,0.0,0.0,0,0.0,0,0,0,0,0,0,0.0,0,0.0,0,0,0,3.0,0,0.530142,0.0,0,0,3.0,0,0.530142,0,0,0,0.0,0,0,0.0,0,0,5.0,,,,0.0,unknown,NR,2.0,1.0,1.0
ENG - CHURRAS NR,120235922750610075,OUTCOME_ENGAGEMENT,2025-12-01,3976,1911,2.080586,43,1.081489,2.053369,22.206962,88.294883,32.0,0,2.759215,1.0,0,88.294883,0.0,0,0.0,0,0,0,0,0,0,0.0,0,0.0,0,0,0,554.0,0,0.159377,511.0,0,0,554.0,0,0.159377,0,0,0,0.0,0,0,0.0,0,0,,,,,14.0,female,NR,,,
ENG - CHURRAS NR,120235922750610075,OUTCOME_ENGAGEMENT,2025-12-01,4115,1716,2.398019,30,0.72904,2.971501,21.663433,89.145026,16.0,0,5.571564,0.0,0,0.0,0.0,0,0.0,0,0,0,0,0,0,0.0,0,0.0,0,0,0,593.0,0,0.150329,574.0,0,0,593.0,0,0.150329,0,0,0,0.0,0,0,0.0,0,0,,,,,6.0,male,NR,,,
ENG - CHURRAS NR,120235922750610075,OUTCOME_ENGAGEMENT,2025-12-01,42,19,2.210526,0,0.0,0.0,12.85931,0.540091,0.0,0,0.0,0.0,0,0.0,0.0,0,0.0,0,0,0,0,0,0,0.0,0,0.0,0,0,0,2.0,0,0.270046,2.0,0,0,2.0,0,0.270046,0,0,0,0.0,0,0,0.0,0,0,,,,,0.0,unknown,NR,,,
ALC - Inauguração Brasileirisse,120236583251180075,OUTCOME_AWARENESS,2025-12-01,91031,87095,1.045192,135,0.148301,1.123596,1.666305,151.685398,86.0,0,1.763784,0.0,0,0.0,0.0,0,0.0,0,0,0,0,0,0,0.0,0,0.0,0,0,0,88.0,0,1.723698,2.0,0,0,88.0,0,1.723698,0,0,0,0.0,0,0,0.0,0,0,,,,,0.0,female,NR,,,
ALC - Inauguração Brasileirisse,120236583251180075,OUTCOME_AWARENESS,2025-12-01,87952,83756,1.050098,97,0.110287,1.514168,1.669937,146.874275,71.0,0,2.068652,0.0,0,0.0,0.0,0,0.0,0,0,0,0,0,0,0.0,0,0.0,0,0,0,76.0,0,1.932556,5.0,0,0,76.0,0,1.932556,0,0,0,0.0,0,0,0.0,0,0,,,,,0.0,male,NR,,,
ALC - Inauguração Brasileirisse,120236583251180075,OUTCOME_AWARENESS,2025-12-01,757,743,1.018843,2,0.264201,0.700163,1.849837,1.400327,1.0,0,1.400327,0.0,0,0.0,0.0,0,0.0,0,0,0,0,0,0,0.0,0,0.0,0,0,0,1.0,0,1.400327,0.0,0,0,1.0,0,1.400327,0,0,0,0.0,0,0,0.0,0,0,,,,,0.0,unknown,NR,,,
ALC - Musical Chapeuzinho,120236583431100075,OUTCOME_AWARENESS,2025-12-01,153655,147878,1.039066,207,0.134717,1.308444,1.762702,270.847919,173.0,0,1.565595,64.0,0,4.231999,0.0,0,0.0,0,0,0,0,0,0,0.0,0,0.0,0,0,0,281.0,0,0.963872,11.0,0,0,281.0,0,0.963872,0,0,0,0.0,0,0,0.0,0,0,26.0,,,,171.0,female,NR,16.0,7.0,6.0
ALC - Musical Chapeuzinho,120236583431100075,OUTCOME_AWARENESS,2025-12-01,128658,121613,1.05793,141,0.109593,1.611999,1.766636,227.291821,114.0,0,1.993788,36.0,0,6.313662,0.0,0,0.0,0,0,0,0,0,0,0.0,0,0.0,0,0,0,197.0,0,1.153766,15.0,0,0,197.0,0,1.153766,0,0,0,0.0,0,0,0.0,0,0,17.0,,,,114.0,male,NR,5.0,4.0,3.0
ALC - Musical Chapeuzinho,120236583431100075,OUTCOME_AWARENESS,2025-12-01,1199,1147,1.045336,2,0.166806,0.92513,1.543169,1.850259,1.0,0,1.850259,0.0,0,0.0,0.0,0,0.0,0,0,0,0,0,0,0.0,0,0.0,0,0,0,2.0,0,0.92513,0.0,0,0,2.0,0,0.92513,0,0,0,0.0,0,0,0.0,0,0,,,,,1.0,unknown,NR,,,
ALC - Árvore solidária,120236584388850075,OUTCOME_AWARENESS,2025-12-01,30832,29670,1.039164,30,0.097302,1.787333,1.739102,53.619978,24.0,0,2.234166,0.0,0,0.0,0.0,0,0.0,0,0,0,0,0,0,0.0,0,0.0,0,0,0,1189.0,0,0.045097,3.0,0,0,1189.0,0,0.045097,0,0,0,0.0,0,0,0.0,0,0,330.0,,,,0.0,female,NR,112.0,36.0,20.0
ALC - Árvore solidária,120236584388850075,OUTCOME_AWARENESS,2025-12-01,30754,30004,1.024997,25,0.08129,2.117204,1.72108,52.930107,17.0,0,3.113536,0.0,0,0.0,0.0,0,0.0,0,0,0,0,0,0,0.0,0,0.0,0,0,0,1103.0,0,0.047987,1.0,0,0,1103.0,0,0.047987,0,0,0,0.0,0,0,0.0,0,0,327.0,,,,0.0,male,NR,104.0,38.0,26.0
ALC - Árvore solidária,120236584388850075,OUTCOME_AWARENESS,2025-12-01,257,248,1.03629,0,0.0,0.0,1.750646,0.449916,0.0,0,0.0,0.0,0,0.0,0.0,0,0.0,0,0,0,0,0,0,0.0,0,0.0,0,0,0,7.0,0,0.064274,0.0,0,0,7.0,0,0.064274,0,0,0,0.0,0,0,0.0,0,0,2.0,,,,0.0,unknown,NR,1.0,,
ALC - Cine Materna,120236688425640075,OUTCOME_AWARENESS,2025-12-01,24004,22823,1.051746,27,0.112481,1.541111,1.733461,41.61,19.0,0,2.19,0.0,0,0.0,0.0,0,0.0,0,0,0,0,0,0,0.0,0,0.0,0,0,0,767.0,0,0.05425,1.0,0,0,767.0,0,0.05425,0,0,0,0.0,0,0,0.0,0,0,328.0,,,,0.0,female,NR,154.0,32.0,19.0
ALC - Cine Materna,120236688425640075,OUTCOME_AWARENESS,2025-12-01,4872,4872,1.0,7,0.143678,1.182857,1.699507,8.28,7.0,0,1.182857,0.0,0,0.0,0.0,0,0.0,0,0,0,0,0,0,0.0,0,0.0,0,0,0,163.0,0,0.050798,0.0,0,0,163.0,0,0.050798,0,0,0,0.0,0,0,0.0,0,0,69.0,,,,0.0,male,NR,24.0,2.0,2.0
ALC - Cine Materna,120236688425640075,OUTCOME_AWARENESS,2025-12-01,36,36,1.0,0,0.0,0.0,1.111111,0.04,0.0,0,0.0,0.0,0,0.0,0.0,0,0.0,0,0,0,0,0,0,0.0,0,0.0,0,0,0,0.0,0,0.0,0.0,0,0,0.0,0,0.0,0,0,0,0.0,0,0,0.0,0,0,,,,,0.0,unknown,NR,,,
ALC - Oficina de Decoupage Mundo Kids,120236859772950075,OUTCOME_AWARENESS,2025-12-01,30487,29661,1.027848,51,0.167284,0.918154,1.535929,46.825856,42.0,0,1.114901,0.0,0,0.0,0.0,0,0.0,0,0,0,0,0,0,0.0,0,0.0,0,0,0,43.0,0,1.088973,1.0,0,0,43.0,0,1.088973,0,0,0,0.0,0,0,0.0,0,0,,,,,42.0,female,NR,,,
ALC - Oficina de Decoupage Mundo Kids,120236859772950075,OUTCOME_AWARENESS,2025-12-01,20755,20126,1.031253,27,0.130089,1.216448,1.582467,32.844108,25.0,0,1.313764,0.0,0,0.0,0.0,0,0.0,0,0,0,0,0,0,0.0,0,0.0,0,0,0,27.0,0,1.216448,2.0,0,0,27.0,0,1.216448,0,0,0,0.0,0,0,0.0,0,0,,,,,25.0,male,NR,,,
ALC - Oficina de Decoupage Mundo Kids,120236859772950075,OUTCOME_AWARENESS,2025-12-01,193,192,1.005208,1,0.518135,0.290036,1.502779,0.290036,1.0,0,0.290036,0.0,0,0.0,0.0,0,0.0,0,0,0,0,0,0,0.0,0,0.0,0,0,0,1.0,0,0.290036,0.0,0,0,1.0,0,0.290036,0,0,0,0.0,0,0,0.0,0,0,,,,,1.0,unknown,NR,,,
ALC - Comedy Show,120237038393530075,OUTCOME_AWARENESS,2025-12-01,28184,27504,1.024724,56,0.198694,0.766607,1.523205,42.93,35.0,0,1.226571,0.0,0,0.0,0.0,0,0.0,0,0,0,0,0,0,0.0,0,0.0,0,0,0,51.0,0,0.841765,3.0,0,0,51.0,0,0.841765,0,0,0,0.0,0,0,0.0,0,0,3.0,,,,0.0,female,NR,,,
ALC - Comedy Show,120237038393530075,OUTCOME_AWARENESS,2025-12-01,23532,23532,1.0,29,0.123236,1.263793,1.557454,36.65,23.0,0,1.593478,0.0,0,0.0,0.0,0,0.0,0,0,0,0,0,0,0.0,0,0.0,0,0,0,35.0,0,1.047143,4.0,0,0,35.0,0,1.047143,0,0,0,0.0,0,0,0.0,0,0,3.0,,,,0.0,male,NR,1.0,,
ALC - Comedy Show,120237038393530075,OUTCOME_AWARENESS,2025-12-01,197,192,1.026042,0,0.0,0.0,1.928934,0.38,0.0,0,0.0,0.0,0,0.0,0.0,0,0.0,0,0,0,0,0,0,0.0,0,0.0,0,0,0,0.0,0,0.0,0.0,0,0,0.0,0,0.0,0,0,0,0.0,0,0,0.0,0,0,,,,,0.0,unknown,NR,,,
ALC - Avatar 3,120237105275340075,OUTCOME_AWARENESS,2025-12-01,31620,30327,1.042635,27,0.085389,1.661481,1.418722,44.86,24.0,0,1.869167,0.0,0,0.0,0.0,0,0.0,0,0,0,0,0,0,0.0,0,0.0,0,0,0,26.0,0,1.725385,2.0,0,0,26.0,0,1.725385,0,0,0,0.0,0,0,0.0,0,0,,,,,0.0,female,NR,,,
ALC - Avatar 3,120237105275340075,OUTCOME_AWARENESS,2025-12-01,23770,22251,1.068267,18,0.075726,1.936667,1.466554,34.86,15.0,0,2.324,0.0,0,0.0,0.0,0,0.0,0,0,0,0,0,0,0.0,0,0.0,0,0,0,15.0,0,2.324,0.0,0,0,15.0,0,2.324,0,0,0,0.0,0,0,0.0,0,0,,,,,0.0,male,NR,,,
ALC - Avatar 3,120237105275340075,OUTCOME_AWARENESS,2025-12-01,213,207,1.028986,0,0.0,0.0,1.267606,0.27,0.0,0,0.0,0.0,0,0.0,0.0,0,0.0,0,0,0,0,0,0,0.0,0,0.0,0,0,0,0.0,0,0.0,0.0,0,0,0.0,0,0.0,0,0,0,0.0,0,0,0.0,0,0,,,,,0.0,unknown,NR,,,
ALC - Feira do Vinil,120237294424520075,OUTCOME_AWARENESS,2025-12-01,50989,49679,1.026369,69,0.135323,1.111884,1.504638,76.72,57.0,0,1.345965,0.0,0,0.0,0.0,0,0.0,0,0,0,0,0,0,0.0,0,0.0,0,0,0,59.0,0,1.300339,1.0,0,0,59.0,0,1.300339,0,0,0,0.0,0,0,0.0,0,0,,,,,0.0,female,NR,,,
ALC - Feira do Vinil,120237294424520075,OUTCOME_AWARENESS,2025-12-01,46808,45823,1.021496,44,0.094001,1.649773,1.550803,72.59,35.0,0,2.074,0.0,0,0.0,0.0,0,0.0,0,0,0,0,0,0,0.0,0,0.0,0,0,0,42.0,0,1.728333,6.0,0,0,42.0,0,1.728333,0,0,0,0.0,0,0,0.0,0,0,,,,,0.0,male,NR,,,
ALC - Feira do Vinil,120237294424520075,OUTCOME_AWARENESS,2025-12-01,415,415,1.0,1,0.240964,0.68,1.638554,0.68,0.0,0,0.0,0.0,0,0.0,0.0,0,0.0,0,0,0,0,0,0,0.0,0,0.0,0,0,0,0.0,0,0.0,0.0,0,0,0.0,0,0.0,0,0,0,0.0,0,0,0.0,0,0,,,,,0.0,unknown,NR,,,
ALC - Panetone Cacau Show,120237294698980075,OUTCOME_AWARENESS,2025-12-01,48851,39671,1.231403,72,0.147387,0.758056,1.117275,54.58,52.0,0,1.049615,0.0,0,0.0,0.0,0,0.0,0,0,0,0,0,0,0.0,0,0.0,0,0,0,4352.0,0,0.012541,15.0,0,0,4352.0,0,0.012541,0,0,0,0.0,0,0,0.0,0,0,1556.0,,,,0.0,female,NR,847.0,213.0,96.0
ALC - Panetone Cacau Show,120237294698980075,OUTCOME_AWARENESS,2025-12-01,31961,26051,1.226863,38,0.118895,0.948947,1.12825,36.06,29.0,0,1.243448,0.0,0,0.0,0.0,0,0.0,0,0,0,0,0,0,0.0,0,0.0,0,0,0,1931.0,0,0.018674,8.0,0,0,1931.0,0,0.018674,0,0,0,0.0,0,0,0.0,0,0,589.0,,,,0.0,male,NR,286.0,83.0,52.0
ALC - Panetone Cacau Show,120237294698980075,OUTCOME_AWARENESS,2025-12-01,249,208,1.197115,1,0.401606,0.3,1.204819,0.3,0.0,0,0.0,0.0,0,0.0,0.0,0,0.0,0,0,0,0,0,0,0.0,0,0.0,0,0,0,14.0,0,0.021429,0.0,0,0,14.0,0,0.021429,0,0,0,0.0,0,0,0.0,0,0,3.0,,,,0.0,unknown,NR,2.0,1.0,
ALC | Moda Feminina,120218457714640075,OUTCOME_AWARENESS,2026-01-01,175887,122788,1.432445,161,0.091536,1.125031,1.029809,181.13,111.0,0,1.631802,20.0,0,9.0565,0.0,0,0.0,0,0,0,0,0,0,0.0,0,0.0,0,0,0,6273.0,0,0.028875,21.0,0,0,6273.0,0,0.028875,0,0,0,0.0,0,0,0.0,0,0,3263.0,,,,50.0,female,NR,1256.0,624.0,417.0
ALC | Moda Feminina,120218457714640075,OUTCOME_AWARENESS,2026-01-01,122781,82932,1.480502,94,0.076559,1.345532,1.030127,126.48,65.0,0,1.945846,8.0,0,15.81,0.0,0,0.0,0,0,0,0,0,0,0.0,0,0.0,0,0,0,4515.0,0,0.028013,18.0,0,0,4515.0,0,0.028013,0,0,0,0.0,0,0,0.0,0,0,1679.0,,,,18.0,male,NR,629.0,299.0,206.0
ALC | Moda Feminina,120218457714640075,OUTCOME_AWARENESS,2026-01-01,1283,985,1.302538,3,0.233827,0.443333,1.036633,1.33,1.0,0,1.33,0.0,0,0.0,0.0,0,0.0,0,0,0,0,0,0,0.0,0,0.0,0,0,0,56.0,0,0.02375,0.0,0,0,56.0,0,0.02375,0,0,0,0.0,0,0,0.0,0,0,29.0,,,,0.0,unknown,NR,9.0,7.0,5.0
ALC | Moda masculina,120218468471470075,OUTCOME_AWARENESS,2026-01-01,155244,103109,1.50563,125,0.080518,1.291448,1.039853,161.430943,92.0,0,1.754684,0.0,0,0.0,0.0,0,0.0,0,0,0,0,0,0,0.0,0,0.0,0,0,0,4148.0,0,0.038918,7.0,0,0,4148.0,0,0.038918,0,0,0,0.0,0,0,0.0,0,0,4695.0,,,,7.0,female,NR,1647.0,942.0,658.0
ALC | Moda masculina,120218468471470075,OUTCOME_AWARENESS,2026-01-01,141874,87145,1.628022,114,0.080353,1.277271,1.026325,145.608891,77.0,0,1.891025,0.0,0,0.0,0.0,0,0.0,0,0,0,0,0,0,0.0,0,0.0,0,0,0,4781.0,0,0.030456,25.0,0,0,4781.0,0,0.030456,0,0,0,0.0,0,0,0.0,0,0,5374.0,,,,1.0,male,NR,1834.0,996.0,674.0
ALC | Moda masculina,120218468471470075,OUTCOME_AWARENESS,2026-01-01,1100,819,1.343101,0,0.0,0.0,1.163787,1.280166,0.0,0,0.0,0.0,0,0.0,0.0,0,0.0,0,0,0,0,0,0,0.0,0,0.0,0,0,0,44.0,0,0.029095,0.0,0,0,44.0,0,0.029095,0,0,0,0.0,0,0,0.0,0,0,47.0,,,,0.0,unknown,NR,16.0,11.0,8.0
ALC - Lojas - Inauguração/ Gastronomia,120218470856850075,OUTCOME_AWARENESS,2026-01-01,153946,88872,1.732222,153,0.099386,1.085329,1.07866,166.055375,106.0,0,1.56656,0.0,0,0.0,0.0,0,0.0,0,0,0,0,0,0,0.0,0,0.0,0,0,0,7729.0,0,0.021485,20.0,0,0,7729.0,0,0.021485,0,0,0,0.0,0,0,0.0,0,0,1962.0,,,,25.0,female,NR,725.0,407.0,195.0
ALC - Lojas - Inauguração/ Gastronomia,120218470856850075,OUTCOME_AWARENESS,2026-01-01,130687,78715,1.660255,111,0.084936,1.276618,1.084305,141.704587,80.0,0,1.771307,0.0,0,0.0,0.0,0,0.0,0,0,0,0,0,0,0.0,0,0.0,0,0,0,6092.0,0,0.023261,29.0,0,0,6092.0,0,0.023261,0,0,0,0.0,0,0,0.0,0,0,1430.0,,,,14.0,male,NR,504.0,265.0,147.0
ALC - Lojas - Inauguração/ Gastronomia,120218470856850075,OUTCOME_AWARENESS,2026-01-01,1112,733,1.517053,2,0.179856,0.585019,1.052192,1.170038,2.0,0,0.585019,0.0,0,0.0,0.0,0,0.0,0,0,0,0,0,0,0.0,0,0.0,0,0,0,41.0,0,0.028538,1.0,0,0,41.0,0,0.028538,0,0,0,0.0,0,0,0.0,0,0,13.0,,,,0.0,unknown,NR,6.0,6.0,5.0
ALC - NATAL 25,120234821449200075,OUTCOME_AWARENESS,2026-01-01,191320,170465,1.122342,335,0.175099,0.452307,0.791987,151.522865,147.0,0,1.030768,1.0,0,151.522865,0.0,0,0.0,0,0,0,0,0,0,0.0,0,0.0,0,0,0,10846.0,0,0.01397,45.0,0,0,10846.0,0,0.01397,0,0,0,0.0,0,0,0.0,0,0,3123.0,,,,132.0,female,NR,1220.0,521.0,312.0
ALC - NATAL 25,120234821449200075,OUTCOME_AWARENESS,2026-01-01,251372,210415,1.194649,318,0.126506,0.629173,0.79594,200.076988,114.0,0,1.755061,2.0,0,100.038494,0.0,0,0.0,0,0,0,0,0,0,0.0,0,0.0,0,0,0,16815.0,0,0.011899,67.0,0,0,16815.0,0,0.011899,0,0,0,0.0,0,0,0.0,0,0,4974.0,,,,101.0,male,NR,1695.0,825.0,503.0
ALC - NATAL 25,120234821449200075,OUTCOME_AWARENESS,2026-01-01,2178,1926,1.130841,2,0.091827,0.865073,0.794374,1.730147,2.0,0,0.865073,0.0,0,0.0,0.0,0,0.0,0,0,0,0,0,0,0.0,0,0.0,0,0,0,117.0,0,0.014788,0.0,0,0,117.0,0,0.014788,0,0,0,0.0,0,0,0.0,0,0,35.0,,,,2.0,unknown,NR,10.0,2.0,
TRAF - NATAL 25,120234821911100075,LINK_CLICKS,2026-01-01,56142,33012,1.700654,2738,4.876919,0.058936,2.87425,161.366154,1087.0,0,0.148451,911.0,0,0.177131,0.0,0,0.0,0,0,0,0,0,0,0.0,0,0.0,0,0,0,6986.0,0,0.023099,132.0,0,0,6989.0,0,0.023089,0,0,0,0.0,0,0,0.0,0,0,3368.0,,,,1086.0,female,NR,1756.0,1190.0,761.0
TRAF - NATAL 25,120234821911100075,LINK_CLICKS,2026-01-01,38797,25065,1.547856,1403,3.616259,0.071478,2.584835,100.283824,683.0,0,0.146828,570.0,0,0.175937,0.0,0,0.0,0,0,0,0,0,0,0.0,0,0.0,0,0,0,4594.0,0,0.021829,46.0,0,0,4594.0,0,0.021829,0,0,0,0.0,0,0,0.0,0,0,2117.0,,,,683.0,male,NR,1012.0,679.0,436.0
TRAF - NATAL 25,120234821911100075,LINK_CLICKS,2026-01-01,183,114,1.605263,14,7.650273,0.04143,3.16952,0.580022,7.0,0,0.08286,4.0,0,0.145006,0.0,0,0.0,0,0,0,0,0,0,0.0,0,0.0,0,0,0,29.0,0,0.020001,0.0,0,0,29.0,0,0.020001,0,0,0,0.0,0,0,0.0,0,0,12.0,,,,7.0,unknown,NR,5.0,2.0,1.0
ALC - Nova Arezzo,120235811959840075,OUTCOME_AWARENESS,2026-01-01,76643,64065,1.196332,77,0.100466,0.872277,0.87634,67.165356,53.0,0,1.267271,0.0,0,0.0,0.0,0,0.0,0,0,0,0,0,0,0.0,0,0.0,0,0,0,3230.0,0,0.020794,15.0,0,0,3230.0,0,0.020794,0,0,0,0.0,0,0,0.0,0,0,746.0,,,,0.0,female,NR,276.0,169.0,87.0
ALC - Nova Arezzo,120235811959840075,OUTCOME_AWARENESS,2026-01-01,65763,56642,1.161029,54,0.082113,1.066011,0.875334,57.56459,36.0,0,1.599016,0.0,0,0.0,0.0,0,0.0,0,0,0,0,0,0,0.0,0,0.0,0,0,0,3225.0,0,0.017849,16.0,0,0,3225.0,0,0.017849,0,0,0,0.0,0,0,0.0,0,0,620.0,,,,0.0,male,NR,179.0,98.0,47.0
ALC - Nova Arezzo,120235811959840075,OUTCOME_AWARENESS,2026-01-01,634,559,1.134168,0,0.0,0.0,1.056867,0.670053,0.0,0,0.0,0.0,0,0.0,0.0,0,0.0,0,0,0,0,0,0,0.0,0,0.0,0,0,0,28.0,0,0.02393,0.0,0,0,28.0,0,0.02393,0,0,0,0.0,0,0,0.0,0,0,5.0,,,,0.0,unknown,NR,1.0,1.0,1.0
ALC - Panetone Cacau Show,120237294698980075,OUTCOME_AWARENESS,2026-01-01,36410,35506,1.02546,44,0.120846,0.582273,0.703653,25.62,33.0,0,0.776364,0.0,0,0.0,0.0,0,0.0,0,0,0,0,0,0,0.0,0,0.0,0,0,0,3448.0,0,0.00743,21.0,0,0,3448.0,0,0.00743,0,0,0,0.0,0,0,0.0,0,0,1095.0,,,,0.0,female,NR,574.0,167.0,83.0
ALC - Panetone Cacau Show,120237294698980075,OUTCOME_AWARENESS,2026-01-01,31141,29286,1.063341,36,0.115603,0.613889,0.709675,22.1,22.0,0,1.004545,0.0,0,0.0,0.0,0,0.0,0,0,0,0,0,0,0.0,0,0.0,0,0,0,2118.0,0,0.010434,5.0,0,0,2118.0,0,0.010434,0,0,0,0.0,0,0,0.0,0,0,625.0,,,,0.0,male,NR,225.0,69.0,32.0
ALC - Panetone Cacau Show,120237294698980075,OUTCOME_AWARENESS,2026-01-01,267,260,1.026923,0,0.0,0.0,0.71161,0.19,0.0,0,0.0,0.0,0,0.0,0.0,0,0.0,0,0,0,0,0,0,0.0,0,0.0,0,0,0,24.0,0,0.007917,0.0,0,0,24.0,0,0.007917,0,0,0,0.0,0,0,0.0,0,0,8.0,,,,0.0,unknown,NR,5.0,1.0,
ALC - Dragões,120238057106590075,OUTCOME_AWARENESS,2026-01-01,188247,162323,1.159706,130,0.069058,2.022737,1.396866,262.955801,8.0,0,32.869475,0.0,0,0.0,0.0,0,0.0,0,0,0,0,0,0,0.0,0,0.0,0,0,0,73.0,0,3.602134,50.0,0,0,73.0,0,3.602134,0,0,0,0.0,0,0,0.0,0,0,,,,,4.0,female,NR,,,
ALC - Dragões,120238057106590075,OUTCOME_AWARENESS,2026-01-01,169562,143683,1.180112,133,0.078437,1.751308,1.37368,232.923997,4.0,0,58.230999,0.0,0,0.0,0.0,0,0.0,0,0,0,0,0,0,0.0,0,0.0,0,0,0,101.0,0,2.306178,66.0,0,0,101.0,0,2.306178,0,0,0,0.0,0,0,0.0,0,0,,,,,2.0,male,NR,,,
ALC - Dragões,120238057106590075,OUTCOME_AWARENESS,2026-01-01,2204,1954,1.127943,4,0.181488,0.84005,1.524593,3.360202,0.0,0,0.0,0.0,0,0.0,0.0,0,0.0,0,0,0,0,0,0,0.0,0,0.0,0,0,0,1.0,0,3.360202,1.0,0,0,1.0,0,3.360202,0,0,0,0.0,0,0,0.0,0,0,,,,,0.0,unknown,NR,,,
ALC - LIQUIDA 25,120238153011580075,OUTCOME_AWARENESS,2026-01-01,736098,572476,1.285815,970,0.131776,1.628671,2.146196,1579.810944,735.0,0,2.149403,0.0,0,0.0,0.0,0,0.0,0,0,0,0,0,0,0.0,0,0.0,0,0,0,31024.0,0,0.050922,110.0,0,0,31024.0,0,0.050922,0,0,0,0.0,0,0,0.0,0,0,20340.0,,,,0.0,female,NR,9374.0,5413.0,3263.0
ALC - LIQUIDA 25,120238153011580075,OUTCOME_AWARENESS,2026-01-01,648531,484437,1.338731,713,0.109941,1.951988,2.146031,1391.767739,539.0,0,2.582129,3.0,0,463.92258,0.0,0,0.0,0,0,0,0,0,0,0.0,0,0.0,0,0,0,26539.0,0,0.052442,92.0,0,0,26539.0,0,0.052442,0,0,0,0.0,0,0,0.0,0,0,17699.0,,,,0.0,male,NR,7759.0,4453.0,2846.0
ALC - LIQUIDA 25,120238153011580075,OUTCOME_AWARENESS,2026-01-01,8668,7064,1.227067,9,0.10383,2.08348,2.163281,18.751317,7.0,0,2.67876,0.0,0,0.0,0.0,0,0.0,0,0,0,0,0,0,0.0,0,0.0,0,0,0,324.0,0,0.057874,1.0,0,0,324.0,0,0.057874,0,0,0,0.0,0,0,0.0,0,0,239.0,,,,0.0,unknown,NR,100.0,65.0,45.0
ALC - VOLTA AS AULAS,120238242974080075,OUTCOME_AWARENESS,2026-01-01,117570,80626,1.458214,217,0.184571,0.815553,1.505273,176.974986,122.0,0,1.450615,0.0,0,0.0,0.0,0,0.0,0,0,0,0,0,0,0.0,0,0.0,0,0,0,14917.0,0,0.011864,66.0,0,0,14917.0,0,0.011864,0,0,0,0.0,0,0,0.0,0,0,1401.0,,,,0.0,female,NR,541.0,313.0,204.0
ALC - VOLTA AS AULAS,120238242974080075,OUTCOME_AWARENESS,2026-01-01,115837,79261,1.461463,216,0.186469,0.809097,1.508715,174.765048,116.0,0,1.506595,1.0,0,174.765048,0.0,0,0.0,0,0,0,0,0,0,0.0,0,0.0,0,0,0,13528.0,0,0.012919,53.0,0,0,13528.0,0,0.012919,0,0,0,0.0,0,0,0.0,0,0,1119.0,,,,0.0,male,NR,402.0,223.0,150.0
ALC - VOLTA AS AULAS,120238242974080075,OUTCOME_AWARENESS,2026-01-01,699,513,1.362573,0,0.0,0.0,1.702384,1.189966,0.0,0,0.0,0.0,0,0.0,0.0,0,0.0,0,0,0,0,0,0,0.0,0,0.0,0,0,0,95.0,0,0.012526,0.0,0,0,95.0,0,0.012526,0,0,0,0.0,0,0,0.0,0,0,5.0,,,,0.0,unknown,NR,2.0,1.0,1.0
ALC - Wow Park,120238243719230075,OUTCOME_AWARENESS,2026-01-01,195085,124560,1.566193,348,0.178384,0.756108,1.348773,263.125457,170.0,0,1.547797,1.0,0,263.125457,0.0,0,0.0,0,0,0,0,0,0,0.0,0,0.0,0,0,0,12170.0,0,0.021621,87.0,0,0,12170.0,0,0.021621,0,0,0,0.0,0,0,0.0,0,0,2313.0,,,,0.0,female,NR,569.0,280.0,172.0
ALC - Wow Park,120238243719230075,OUTCOME_AWARENESS,2026-01-01,160493,102459,1.566412,217,0.135208,1.000896,1.353296,217.194504,136.0,0,1.597018,0.0,0,0.0,0.0,0,0.0,0,0,0,0,0,0,0.0,0,0.0,0,0,0,10344.0,0,0.020997,40.0,0,0,10344.0,0,0.020997,0,0,0,0.0,0,0,0.0,0,0,1897.0,,,,0.0,male,NR,489.0,228.0,137.0
ALC - Wow Park,120238243719230075,OUTCOME_AWARENESS,2026-01-01,1397,1000,1.397,2,0.143164,0.95002,1.360085,1.900039,1.0,0,1.900039,0.0,0,0.0,0.0,0,0.0,0,0,0,0,0,0,0.0,0,0.0,0,0,0,126.0,0,0.01508,0.0,0,0,126.0,0,0.01508,0,0,0,0.0,0,0,0.0,0,0,23.0,,,,0.0,unknown,NR,9.0,2.0,2.0
ALC - PISTA DE PATINAÇAO,120238346134830075,OUTCOME_AWARENESS,2026-01-01,236051,122354,1.929246,550,0.233001,0.590298,1.375396,324.663708,271.0,0,1.198021,2.0,0,162.331854,0.0,0,0.0,0,0,0,0,0,0,0.0,0,0.0,0,0,0,20037.0,0,0.016203,112.0,0,0,20037.0,0,0.016203,0,0,0,0.0,0,0,0.0,0,0,12106.0,,,,0.0,female,NR,4444.0,2304.0,1603.0
ALC - PISTA DE PATINAÇAO,120238346134830075,OUTCOME_AWARENESS,2026-01-01,196516,112191,1.75162,340,0.173014,0.797401,1.379615,271.116395,185.0,0,1.465494,0.0,0,0.0,0.0,0,0.0,0,0,0,0,0,0,0.0,0,0.0,0,0,0,14551.0,0,0.018632,58.0,0,0,14551.0,0,0.018632,0,0,0,0.0,0,0,0.0,0,0,8296.0,,,,0.0,male,NR,2865.0,1416.0,981.0
ALC - PISTA DE PATINAÇAO,120238346134830075,OUTCOME_AWARENESS,2026-01-01,1493,903,1.653378,2,0.133958,1.034948,1.386401,2.069896,1.0,0,2.069896,0.0,0,0.0,0.0,0,0.0,0,0,0,0,0,0,0.0,0,0.0,0,0,0,142.0,0,0.014577,0.0,0,0,142.0,0,0.014577,0,0,0,0.0,0,0,0.0,0,0,87.0,,,,0.0,unknown,NR,29.0,13.0,11.0
ENG - GANHADOR CARRO,120238391288220075,OUTCOME_ENGAGEMENT,2026-01-01,15860,13655,1.161479,68,0.428752,1.101397,4.722258,74.895018,28.0,0,2.674822,0.0,0,0.0,0.0,0,0.0,0,0,0,0,0,0,0.0,0,0.0,0,0,0,7342.0,0,0.010201,169.0,0,0,7342.0,0,0.010201,0,0,0,0.0,0,0,0.0,0,0,2282.0,,,,10.0,female,NR,1567.0,948.0,511.0
ENG - GANHADOR CARRO,120238391288220075,OUTCOME_ENGAGEMENT,2026-01-01,5576,4992,1.116987,13,0.233142,1.911156,4.455708,24.84503,3.0,0,8.281677,0.0,0,0.0,0.0,0,0.0,0,0,0,0,0,0,0.0,0,0.0,0,0,0,2301.0,0,0.010797,65.0,0,0,2301.0,0,0.010797,0,0,0,0.0,0,0,0.0,0,0,866.0,,,,1.0,male,NR,609.0,363.0,191.0
ENG - GANHADOR CARRO,120238391288220075,OUTCOME_ENGAGEMENT,2026-01-01,44,35,1.257143,0,0.0,0.0,5.453455,0.239952,0.0,0,0.0,0.0,0,0.0,0.0,0,0.0,0,0,0,0,0,0,0.0,0,0.0,0,0,0,18.0,0,0.013331,0.0,0,0,18.0,0,0.013331,0,0,0,0.0,0,0,0.0,0,0,7.0,,,,0.0,unknown,NR,4.0,2.0,1.0
ALC - Inauguração Freddo Gelateria,120238539202460075,OUTCOME_AWARENESS,2026-01-01,114761,64681,1.774261,141,0.122864,1.033475,1.269769,145.72,105.0,0,1.38781,0.0,0,0.0,0.0,0,0.0,0,0,0,0,0,0,0.0,0,0.0,0,0,0,118.0,0,1.234915,10.0,0,0,118.0,0,1.234915,0,0,0,0.0,0,0,0.0,0,0,,,,,0.0,female,NR,,,
ALC - Inauguração Freddo Gelateria,120238539202460075,OUTCOME_AWARENESS,2026-01-01,125417,71658,1.750216,108,0.086113,1.486852,1.280369,160.58,75.0,0,2.141067,0.0,0,0.0,0.0,0,0.0,0,0,0,0,0,0,0.0,0,0.0,0,0,0,90.0,0,1.784222,13.0,0,0,90.0,0,1.784222,0,0,0,0.0,0,0,0.0,0,0,,,,,0.0,male,NR,,,
ALC - Inauguração Freddo Gelateria,120238539202460075,OUTCOME_AWARENESS,2026-01-01,958,579,1.654577,0,0.0,0.0,1.367432,1.31,0.0,0,0.0,0.0,0,0.0,0.0,0,0.0,0,0,0,0,0,0,0.0,0,0.0,0,0,0,0.0,0,0.0,0.0,0,0,0.0,0,0.0,0,0,0,0.0,0,0,0.0,0,0,,,,,0.0,unknown,NR,,,
ALC - Dragões,120238712803660075,OUTCOME_AWARENESS,2026-01-01,107270,71048,1.509824,230,0.214412,0.608565,1.304838,139.97,58.0,0,2.413276,23.0,0,6.085652,0.0,0,0.0,0,0,0,0,0,0,0.0,0,0.0,0,0,0,7452.0,0,0.018783,47.0,0,0,7452.0,0,0.018783,0,0,0,0.0,0,0,0.0,0,0,911.0,,,,55.0,female,NR,255.0,142.0,55.0
ALC - Dragões,120238712803660075,OUTCOME_AWARENESS,2026-01-01,111226,78471,1.417415,200,0.179814,0.7411,1.332602,148.22,56.0,0,2.646786,22.0,0,6.737273,0.0,0,0.0,0,0,0,0,0,0,0.0,0,0.0,0,0,0,7082.0,0,0.020929,45.0,0,0,7082.0,0,0.020929,0,0,0,0.0,0,0,0.0,0,0,830.0,,,,52.0,male,NR,243.0,135.0,67.0
ALC - Dragões,120238712803660075,OUTCOME_AWARENESS,2026-01-01,934,643,1.452566,3,0.321199,0.37,1.188437,1.11,0.0,0,0.0,0.0,0,0.0,0.0,0,0.0,0,0,0,0,0,0,0.0,0,0.0,0,0,0,58.0,0,0.019138,1.0,0,0,58.0,0,0.019138,0,0,0,0.0,0,0,0.0,0,0,6.0,,,,0.0,unknown,NR,1.0,,
ALC - Show Kpop,120238712911550075,OUTCOME_AWARENESS,2026-01-01,192390,126030,1.526541,304,0.158012,0.901859,1.425048,274.165014,16.0,0,17.135313,0.0,0,0.0,0.0,0,0.0,0,0,0,0,0,0,0.0,0,0.0,0,0,0,17044.0,0,0.016086,70.0,0,0,17044.0,0,0.016086,0,0,0,0.0,0,0,0.0,0,0,11609.0,,,,10.0,female,NR,5020.0,3140.0,1840.0
ALC - Show Kpop,120238712911550075,OUTCOME_AWARENESS,2026-01-01,192235,121398,1.58351,203,0.1056,1.346527,1.421932,273.345029,4.0,0,68.336257,0.0,0,0.0,0.0,0,0.0,0,0,0,0,0,0,0.0,0,0.0,0,0,0,22526.0,0,0.012135,61.0,0,0,22526.0,0,0.012135,0,0,0,0.0,0,0,0.0,0,0,14431.0,,,,1.0,male,NR,4737.0,2564.0,1429.0
ALC - Show Kpop,120238712911550075,OUTCOME_AWARENESS,2026-01-01,1499,992,1.511089,1,0.066711,2.379957,1.587696,2.379957,0.0,0,0.0,0.0,0,0.0,0.0,0,0.0,0,0,0,0,0,0,0.0,0,0.0,0,0,0,187.0,0,0.012727,0.0,0,0,187.0,0,0.012727,0,0,0,0.0,0,0,0.0,0,0,118.0,,,,0.0,unknown,NR,50.0,35.0,20.0
ALC | Moda Feminina,120218457714640075,OUTCOME_AWARENESS,2026-02-01,25300,24578,1.029376,18,0.071146,1.658889,1.180237,29.86,14.0,0,2.132857,0.0,0,0.0,0.0,0,0.0,0,0,0,0,0,0,0.0,0,0.0,0,0,0,521.0,0,0.057313,2.0,0,0,521.0,0,0.057313,0,0,0,0.0,0,0,0.0,0,0,155.0,,,,1.0,female,NR,66.0,29.0,23.0
ALC | Moda Feminina,120218457714640075,OUTCOME_AWARENESS,2026-02-01,18270,17868,1.022498,10,0.054735,2.082,1.139573,20.82,8.0,0,2.6025,0.0,0,0.0,0.0,0,0.0,0,0,0,0,0,0,0.0,0,0.0,0,0,0,440.0,0,0.047318,2.0,0,0,440.0,0,0.047318,0,0,0,0.0,0,0,0.0,0,0,125.0,,,,1.0,male,NR,63.0,20.0,15.0
ALC | Moda Feminina,120218457714640075,OUTCOME_AWARENESS,2026-02-01,136,135,1.007407,0,0.0,0.0,1.029412,0.14,0.0,0,0.0,0.0,0,0.0,0.0,0,0.0,0,0,0,0,0,0,0.0,0,0.0,0,0,0,2.0,0,0.07,0.0,0,0,2.0,0,0.07,0,0,0,0.0,0,0,0.0,0,0,,,,,0.0,unknown,NR,,,
ALC | Moda masculina,120218468471470075,OUTCOME_AWARENESS,2026-02-01,21808,20256,1.076619,29,0.132979,0.858966,1.142241,24.91,25.0,0,0.9964,0.0,0,0.0,0.0,0,0.0,0,0,0,0,0,0,0.0,0,0.0,0,0,0,610.0,0,0.040836,0.0,0,0,610.0,0,0.040836,0,0,0,0.0,0,0,0.0,0,0,436.0,,,,2.0,female,NR,151.0,84.0,62.0
ALC | Moda masculina,120218468471470075,OUTCOME_AWARENESS,2026-02-01,21149,19990,1.057979,22,0.104024,1.127727,1.173105,24.81,14.0,0,1.772143,0.0,0,0.0,0.0,0,0.0,0,0,0,0,0,0,0.0,0,0.0,0,0,0,756.0,0,0.032817,8.0,0,0,756.0,0,0.032817,0,0,0,0.0,0,0,0.0,0,0,582.0,,,,1.0,male,NR,207.0,108.0,81.0
ALC | Moda masculina,120218468471470075,OUTCOME_AWARENESS,2026-02-01,150,145,1.034483,0,0.0,0.0,0.8,0.12,0.0,0,0.0,0.0,0,0.0,0.0,0,0.0,0,0,0,0,0,0,0.0,0,0.0,0,0,0,4.0,0,0.03,0.0,0,0,4.0,0,0.03,0,0,0,0.0,0,0,0.0,0,0,5.0,,,,0.0,unknown,NR,1.0,,
ALC - Lojas - Inauguração/ Gastronomia,120218470856850075,OUTCOME_AWARENESS,2026-02-01,21358,21358,1.0,28,0.131098,0.887143,1.16303,24.84,13.0,0,1.910769,0.0,0,0.0,0.0,0,0.0,0,0,0,0,0,0,0.0,0,0.0,0,0,0,853.0,0,0.029121,3.0,0,0,853.0,0,0.029121,0,0,0,0.0,0,0,0.0,0,0,222.0,,,,0.0,female,NR,90.0,47.0,24.0
ALC - Lojas - Inauguração/ Gastronomia,120218470856850075,OUTCOME_AWARENESS,2026-02-01,20976,20532,1.021625,23,0.109649,1.098696,1.20471,25.27,15.0,0,1.684667,0.0,0,0.0,0.0,0,0.0,0,0,0,0,0,0,0.0,0,0.0,0,0,0,703.0,0,0.035946,0.0,0,0,703.0,0,0.035946,0,0,0,0.0,0,0,0.0,0,0,169.0,,,,0.0,male,NR,61.0,28.0,11.0
ALC - Lojas - Inauguração/ Gastronomia,120218470856850075,OUTCOME_AWARENESS,2026-02-01,162,160,1.0125,0,0.0,0.0,1.851852,0.3,0.0,0,0.0,0.0,0,0.0,0.0,0,0.0,0,0,0,0,0,0,0.0,0,0.0,0,0,0,4.0,0,0.075,0.0,0,0,4.0,0,0.075,0,0,0,0.0,0,0,0.0,0,0,1.0,,,,0.0,unknown,NR,,,
ALC - VOLTA AS AULAS,120238242974080075,OUTCOME_AWARENESS,2026-02-01,33960,33515,1.013278,52,0.153121,0.925,1.416372,48.1,35.0,0,1.374286,0.0,0,0.0,0.0,0,0.0,0,0,0,0,0,0,0.0,0,0.0,0,0,0,4115.0,0,0.011689,18.0,0,0,4115.0,0,0.011689,0,0,0,0.0,0,0,0.0,0,0,520.0,,,,0.0,female,NR,184.0,101.0,72.0
ALC - VOLTA AS AULAS,120238242974080075,OUTCOME_AWARENESS,2026-02-01,34589,33188,1.042214,57,0.164792,0.851404,1.403047,48.53,33.0,0,1.470606,0.0,0,0.0,0.0,0,0.0,0,0,0,0,0,0,0.0,0,0.0,0,0,0,3698.0,0,0.013123,11.0,0,0,3698.0,0,0.013123,0,0,0,0.0,0,0,0.0,0,0,444.0,,,,0.0,male,NR,161.0,91.0,68.0
ALC - VOLTA AS AULAS,120238242974080075,OUTCOME_AWARENESS,2026-02-01,199,197,1.010152,1,0.502513,0.29,1.457286,0.29,1.0,0,0.29,0.0,0,0.0,0.0,0,0.0,0,0,0,0,0,0,0.0,0,0.0,0,0,0,28.0,0,0.010357,1.0,0,0,28.0,0,0.010357,0,0,0,0.0,0,0,0.0,0,0,4.0,,,,0.0,unknown,NR,1.0,1.0,1.0
ALC - Wow Park,120238243719230075,OUTCOME_AWARENESS,2026-02-01,51671,50218,1.028934,71,0.137408,0.939859,1.29144,66.73,42.0,0,1.58881,0.0,0,0.0,0.0,0,0.0,0,0,0,0,0,0,0.0,0,0.0,0,0,0,3004.0,0,0.022214,10.0,0,0,3004.0,0,0.022214,0,0,0,0.0,0,0,0.0,0,0,606.0,,,,0.0,female,NR,137.0,70.0,34.0
ALC - Wow Park,120238243719230075,OUTCOME_AWARENESS,2026-02-01,46838,44970,1.041539,52,0.111021,1.129423,1.253896,58.73,26.0,0,2.258846,0.0,0,0.0,0.0,0,0.0,0,0,0,0,0,0,0.0,0,0.0,0,0,0,2692.0,0,0.021816,11.0,0,0,2692.0,0,0.021816,0,0,0,0.0,0,0,0.0,0,0,516.0,,,,0.0,male,NR,128.0,49.0,29.0
ALC - Wow Park,120238243719230075,OUTCOME_AWARENESS,2026-02-01,328,328,1.0,0,0.0,0.0,1.371951,0.45,0.0,0,0.0,0.0,0,0.0,0.0,0,0.0,0,0,0,0,0,0,0.0,0,0.0,0,0,0,27.0,0,0.016667,0.0,0,0,27.0,0,0.016667,0,0,0,0.0,0,0,0.0,0,0,3.0,,,,0.0,unknown,NR,,,
ALC - PISTA DE PATINAÇAO,120238346134830075,OUTCOME_AWARENESS,2026-02-01,108955,91773,1.187223,147,0.134918,0.91898,1.23987,135.09,84.0,0,1.608214,2.0,0,67.545,0.0,0,0.0,0,0,0,0,0,0,0.0,0,0.0,0,0,0,4710.0,0,0.028682,18.0,0,0,4710.0,0,0.028682,0,0,0,0.0,0,0,0.0,0,0,1305.0,,,,0.0,female,NR,455.0,228.0,153.0
ALC - PISTA DE PATINAÇAO,120238346134830075,OUTCOME_AWARENESS,2026-02-01,111982,87957,1.273145,117,0.104481,1.16735,1.21966,136.58,74.0,0,1.845676,1.0,0,136.58,0.0,0,0.0,0,0,0,0,0,0,0.0,0,0.0,0,0,0,4563.0,0,0.029932,13.0,0,0,4563.0,0,0.029932,0,0,0,0.0,0,0,0.0,0,0,1070.0,,,,0.0,male,NR,355.0,166.0,104.0
ALC - PISTA DE PATINAÇAO,120238346134830075,OUTCOME_AWARENESS,2026-02-01,892,719,1.240612,3,0.336323,0.366667,1.233184,1.1,2.0,0,0.55,0.0,0,0.0,0.0,0,0.0,0,0,0,0,0,0,0.0,0,0.0,0,0,0,32.0,0,0.034375,0.0,0,0,32.0,0,0.034375,0,0,0,0.0,0,0,0.0,0,0,9.0,,,,0.0,unknown,NR,3.0,2.0,1.0
ALC - Inauguração Freddo Gelateria,120238539202460075,OUTCOME_AWARENESS,2026-02-01,60944,48657,1.252523,68,0.111578,1.038088,1.158276,70.59,48.0,0,1.470625,0.0,0,0.0,0.0,0,0.0,0,0,0,0,0,0,0.0,0,0.0,0,0,0,51.0,0,1.384118,3.0,0,0,51.0,0,1.384118,0,0,0,0.0,0,0,0.0,0,0,,,,,0.0,female,NR,,,
ALC - Inauguração Freddo Gelateria,120238539202460075,OUTCOME_AWARENESS,2026-02-01,68600,54619,1.255973,74,0.107872,1.079189,1.16414,79.86,60.0,0,1.331,0.0,0,0.0,0.0,0,0.0,0,0,0,0,0,0,0.0,0,0.0,0,0,0,61.0,0,1.30918,1.0,0,0,61.0,0,1.30918,0,0,0,0.0,0,0,0.0,0,0,,,,,0.0,male,NR,,,
ALC - Inauguração Freddo Gelateria,120238539202460075,OUTCOME_AWARENESS,2026-02-01,561,455,1.232967,0,0.0,0.0,1.069519,0.6,0.0,0,0.0,0.0,0,0.0,0.0,0,0.0,0,0,0,0,0,0,0.0,0,0.0,0,0,0,0.0,0,0.0,0.0,0,0,0.0,0,0.0,0,0,0,0.0,0,0,0.0,0,0,,,,,0.0,unknown,NR,,,
ALC - Dragões,120238712803660075,OUTCOME_AWARENESS,2026-02-01,110351,83380,1.323471,237,0.214769,0.552996,1.187665,131.06,53.0,0,2.47283,18.0,0,7.281111,0.0,0,0.0,0,0,0,0,0,0,0.0,0,0.0,0,0,0,7837.0,0,0.016723,65.0,0,0,7837.0,0,0.016723,0,0,0,0.0,0,0,0.0,0,0,1034.0,,,,49.0,female,NR,270.0,146.0,71.0
ALC - Dragões,120238712803660075,OUTCOME_AWARENESS,2026-02-01,123767,94110,1.315131,211,0.170482,0.683602,1.165416,144.24,40.0,0,3.606,14.0,0,10.302857,0.0,0,0.0,0,0,0,0,0,0,0.0,0,0.0,0,0,0,8332.0,0,0.017312,56.0,0,0,8332.0,0,0.017312,0,0,0,0.0,0,0,0.0,0,0,921.0,,,,35.0,male,NR,264.0,145.0,72.0
ALC - Dragões,120238712803660075,OUTCOME_AWARENESS,2026-02-01,988,792,1.247475,1,0.101215,1.2,1.214575,1.2,0.0,0,0.0,0.0,0,0.0,0.0,0,0.0,0,0,0,0,0,0,0.0,0,0.0,0,0,0,69.0,0,0.017391,0.0,0,0,69.0,0,0.017391,0,0,0,0.0,0,0,0.0,0,0,8.0,,,,0.0,unknown,NR,4.0,2.0,1.0
ALC - A menina da casa mágica,120238985043830075,OUTCOME_AWARENESS,2026-02-01,91474,67623,1.352705,212,0.23176,0.591179,1.370116,125.33,154.0,0,0.813831,83.0,0,1.51,0.0,0,0.0,0,0,0,0,0,0,0.0,0,0.0,0,0,0,3656.0,0,0.034281,10.0,0,0,3656.0,0,0.034281,0,0,0,0.0,0,0,0.0,0,0,1854.0,,,,154.0,female,NR,898.0,510.0,146.0
ALC - A menina da casa mágica,120238985043830075,OUTCOME_AWARENESS,2026-02-01,58236,46650,1.24836,74,0.127069,1.092297,1.387973,80.83,56.0,0,1.443393,19.0,0,4.254211,0.0,0,0.0,0,0,0,0,0,0,0.0,0,0.0,0,0,0,1773.0,0,0.045589,7.0,0,0,1773.0,0,0.045589,0,0,0,0.0,0,0,0.0,0,0,813.0,,,,56.0,male,NR,338.0,180.0,60.0
ALC - A menina da casa mágica,120238985043830075,OUTCOME_AWARENESS,2026-02-01,492,397,1.239295,1,0.203252,0.67,1.361789,0.67,1.0,0,0.67,0.0,0,0.0,0.0,0,0.0,0,0,0,0,0,0,0.0,0,0.0,0,0,0,16.0,0,0.041875,0.0,0,0,16.0,0,0.041875,0,0,0,0.0,0,0,0.0,0,0,9.0,,,,1.0,unknown,NR,4.0,3.0,
ALC - Bailinho de Carnaval,120238985339690075,OUTCOME_AWARENESS,2026-02-01,58321,46273,1.260368,87,0.149174,0.873448,1.302961,75.99,56.0,0,1.356964,20.0,0,3.7995,0.0,0,0.0,0,0,0,0,0,0,0.0,0,0.0,0,0,0,1935.0,0,0.039271,3.0,0,0,1935.0,0,0.039271,0,0,0,0.0,0,0,0.0,0,0,611.0,,,,56.0,female,NR,297.0,70.0,48.0
ALC - Bailinho de Carnaval,120238985339690075,OUTCOME_AWARENESS,2026-02-01,37893,30740,1.232694,52,0.137229,0.962115,1.320297,50.03,34.0,0,1.471471,9.0,0,5.558889,0.0,0,0.0,0,0,0,0,0,0,0.0,0,0.0,0,0,0,1345.0,0,0.037197,5.0,0,0,1345.0,0,0.037197,0,0,0,0.0,0,0,0.0,0,0,384.0,,,,34.0,male,NR,180.0,48.0,28.0
ALC - Bailinho de Carnaval,120238985339690075,OUTCOME_AWARENESS,2026-02-01,329,278,1.183453,0,0.0,0.0,1.306991,0.43,0.0,0,0.0,0.0,0,0.0,0.0,0,0.0,0,0,0,0,0,0,0.0,0,0.0,0,0,0,13.0,0,0.033077,0.0,0,0,13.0,0,0.033077,0,0,0,0.0,0,0,0.0,0,0,5.0,,,,0.0,unknown,NR,2.0,,
ALC - Semana do Cinema Jan 25,120238985527080075,OUTCOME_AWARENESS,2026-02-01,41641,33023,1.26097,152,0.365025,0.345592,1.261497,52.53,107.0,0,0.490935,54.0,0,0.972778,0.0,0,0.0,0,0,0,0,0,0,0.0,0,0.0,0,0,0,121.0,0,0.434132,6.0,0,0,121.0,0,0.434132,0,0,0,0.0,0,0,0.0,0,0,,,,,107.0,female,NR,,,
ALC - Semana do Cinema Jan 25,120238985527080075,OUTCOME_AWARENESS,2026-02-01,38579,30481,1.265674,76,0.196998,0.648289,1.27712,49.27,66.0,0,0.746515,25.0,0,1.9708,0.0,0,0.0,0,0,0,0,0,0,0.0,0,0.0,0,0,0,77.0,0,0.63987,2.0,0,0,77.0,0,0.63987,0,0,0,0.0,0,0,0.0,0,0,,,,,66.0,male,NR,,,
ALC - Semana do Cinema Jan 25,120238985527080075,OUTCOME_AWARENESS,2026-02-01,389,307,1.267101,2,0.514139,0.285,1.465296,0.57,1.0,0,0.57,0.0,0,0.0,0.0,0,0.0,0,0,0,0,0,0,0.0,0,0.0,0,0,0,2.0,0,0.285,1.0,0,0,2.0,0,0.285,0,0,0,0.0,0,0,0.0,0,0,,,,,1.0,unknown,NR,,,
ALC | Moda Feminina,120218457714640075,OUTCOME_AWARENESS,2026-02-06,165511,118423,1.397625,169,0.102108,1.257811,1.284326,212.57,117.0,0,1.816838,14.0,0,15.183571,0.0,0,0.0,0,0,0,0,0,0,0.0,0,0.0,0,0,0,6137.0,0,0.034637,12.0,0,0,6137.0,0,0.034637,0,0,0,0.0,0,0,0.0,0,0,3025.0,,,,50.0,female,NR,1169.0,640.0,449.0
ALC | Moda Feminina,120218457714640075,OUTCOME_AWARENESS,2026-02-06,108690,82457,1.318142,78,0.071764,1.761667,1.264238,137.41,58.0,0,2.369138,6.0,0,22.901667,0.0,0,0.0,0,0,0,0,0,0,0.0,0,0.0,0,0,0,4170.0,0,0.032952,12.0,0,0,4170.0,0,0.032952,0,0,0,0.0,0,0,0.0,0,0,1368.0,,,,8.0,male,NR,529.0,261.0,182.0
ALC | Moda Feminina,120218457714640075,OUTCOME_AWARENESS,2026-02-06,939,720,1.304167,3,0.319489,0.43,1.373802,1.29,2.0,0,0.645,0.0,0,0.0,0.0,0,0.0,0,0,0,0,0,0,0.0,0,0.0,0,0,0,41.0,0,0.031463,0.0,0,0,41.0,0,0.031463,0,0,0,0.0,0,0,0.0,0,0,17.0,,,,1.0,unknown,NR,6.0,3.0,1.0
ALC | Moda masculina,120218468471470075,OUTCOME_AWARENESS,2026-02-06,143842,101345,1.41933,145,0.100805,1.263862,1.274037,183.26,108.0,0,1.696852,0.0,0,0.0,0.0,0,0.0,0,0,0,0,0,0,0.0,0,0.0,0,0,0,3457.0,0,0.053011,10.0,0,0,3457.0,0,0.053011,0,0,0,0.0,0,0,0.0,0,0,4913.0,,,,14.0,female,NR,1714.0,952.0,676.0
ALC | Moda masculina,120218468471470075,OUTCOME_AWARENESS,2026-02-06,132802,96004,1.383297,138,0.103914,1.245725,1.294484,171.91,98.0,0,1.754184,0.0,0,0.0,0.0,0,0.0,0,0,0,0,0,0,0.0,0,0.0,0,0,0,3483.0,0,0.049357,20.0,0,0,3483.0,0,0.049357,0,0,0,0.0,0,0,0.0,0,0,4678.0,,,,10.0,male,NR,1675.0,938.0,626.0
ALC | Moda masculina,120218468471470075,OUTCOME_AWARENESS,2026-02-06,965,750,1.286667,0,0.0,0.0,1.336788,1.29,0.0,0,0.0,0.0,0,0.0,0.0,0,0.0,0,0,0,0,0,0,0.0,0,0.0,0,0,0,15.0,0,0.086,0.0,0,0,15.0,0,0.086,0,0,0,0.0,0,0,0.0,0,0,21.0,,,,0.0,unknown,NR,8.0,5.0,4.0
ALC - Lojas - Inauguração/ Gastronomia,120218470856850075,OUTCOME_AWARENESS,2026-02-06,199378,142172,1.402372,262,0.131409,1.036794,1.362437,271.64,181.0,0,1.500773,2.0,0,135.82,0.0,0,0.0,0,0,0,0,0,0,0.0,0,0.0,0,0,0,9705.0,0,0.02799,47.0,0,0,9705.0,0,0.02799,0,0,0,0.0,0,0,0.0,0,0,2230.0,,,,6.0,female,NR,783.0,406.0,218.0
ALC - Lojas - Inauguração/ Gastronomia,120218470856850075,OUTCOME_AWARENESS,2026-02-06,184758,126299,1.462862,181,0.097966,1.408122,1.37948,254.87,132.0,0,1.930833,1.0,0,254.87,0.0,0,0.0,0,0,0,0,0,0,0.0,0,0.0,0,0,0,7933.0,0,0.032128,30.0,0,0,7933.0,0,0.032128,0,0,0,0.0,0,0,0.0,0,0,1675.0,,,,9.0,male,NR,554.0,285.0,172.0
ALC - Lojas - Inauguração/ Gastronomia,120218470856850075,OUTCOME_AWARENESS,2026-02-06,1477,1090,1.355046,1,0.067705,2.03,1.374408,2.03,0.0,0,0.0,0.0,0,0.0,0.0,0,0.0,0,0,0,0,0,0,0.0,0,0.0,0,0,0,60.0,0,0.033833,1.0,0,0,60.0,0,0.033833,0,0,0,0.0,0,0,0.0,0,0,12.0,,,,0.0,unknown,NR,2.0,,
ALC - VOLTA AS AULAS,120238242974080075,OUTCOME_AWARENESS,2026-02-06,15888,14990,1.059907,18,0.113293,1.338333,1.516239,24.09,16.0,0,1.505625,0.0,0,0.0,0.0,0,0.0,0,0,0,0,0,0,0.0,0,0.0,0,0,0,1658.0,0,0.01453,9.0,0,0,1658.0,0,0.01453,0,0,0,0.0,0,0,0.0,0,0,274.0,,,,0.0,female,NR,94.0,60.0,34.0
ALC - VOLTA AS AULAS,120238242974080075,OUTCOME_AWARENESS,2026-02-06,17179,16860,1.018921,12,0.069853,2.151667,1.502998,25.82,10.0,0,2.582,0.0,0,0.0,0.0,0,0.0,0,0,0,0,0,0,0.0,0,0.0,0,0,0,1531.0,0,0.016865,3.0,0,0,1531.0,0,0.016865,0,0,0,0.0,0,0,0.0,0,0,287.0,,,,0.0,male,NR,100.0,64.0,35.0
ALC - VOLTA AS AULAS,120238242974080075,OUTCOME_AWARENESS,2026-02-06,96,96,1.0,0,0.0,0.0,1.770833,0.17,0.0,0,0.0,0.0,0,0.0,0.0,0,0.0,0,0,0,0,0,0,0.0,0,0.0,0,0,0,9.0,0,0.018889,1.0,0,0,9.0,0,0.018889,0,0,0,0.0,0,0,0.0,0,0,3.0,,,,0.0,unknown,NR,3.0,2.0,2.0
ALC - Wow Park,120238243719230075,OUTCOME_AWARENESS,2026-02-06,243364,137151,1.774424,397,0.16313,0.828741,1.351926,329.01,274.0,0,1.200766,3.0,0,109.67,0.0,0,0.0,0,0,0,0,0,0,0.0,0,0.0,0,0,0,5957.0,0,0.055231,43.0,0,0,5957.0,0,0.055231,0,0,0,0.0,0,0,0.0,0,0,1260.0,,,,1.0,female,NR,334.0,171.0,108.0
ALC - Wow Park,120238243719230075,OUTCOME_AWARENESS,2026-02-06,178263,108637,1.640905,236,0.132389,1.029661,1.363154,243.0,167.0,0,1.45509,0.0,0,0.0,0.0,0,0.0,0,0,0,0,0,0,0.0,0,0.0,0,0,0,4596.0,0,0.052872,22.0,0,0,4596.0,0,0.052872,0,0,0,0.0,0,0,0.0,0,0,1014.0,,,,0.0,male,NR,283.0,154.0,104.0
ALC - Wow Park,120238243719230075,OUTCOME_AWARENESS,2026-02-06,1419,937,1.514408,2,0.140944,0.92,1.296688,1.84,2.0,0,0.92,0.0,0,0.0,0.0,0,0.0,0,0,0,0,0,0,0.0,0,0.0,0,0,0,34.0,0,0.054118,0.0,0,0,34.0,0,0.054118,0,0,0,0.0,0,0,0.0,0,0,3.0,,,,0.0,unknown,NR,1.0,1.0,
ALC - PISTA DE PATINAÇAO,120238346134830075,OUTCOME_AWARENESS,2026-02-06,509644,192965,2.641121,650,0.12754,0.997846,1.272653,648.6,378.0,0,1.715873,1.0,0,648.6,0.0,0,0.0,0,0,0,0,0,0,0.0,0,0.0,0,0,0,19961.0,0,0.032493,73.0,0,0,19961.0,0,0.032493,0,0,0,0.0,0,0,0.0,0,0,4895.0,,,,1.0,female,NR,2391.0,921.0,536.0
ALC - PISTA DE PATINAÇAO,120238346134830075,OUTCOME_AWARENESS,2026-02-06,468066,186723,2.50674,452,0.096568,1.31104,1.266039,592.59,289.0,0,2.050484,2.0,0,296.295,0.0,0,0.0,0,0,0,0,0,0,0.0,0,0.0,0,0,0,17886.0,0,0.033132,87.0,0,0,17886.0,0,0.033132,0,0,0,0.0,0,0,0.0,0,0,4133.0,,,,0.0,male,NR,1845.0,695.0,426.0
ALC - PISTA DE PATINAÇAO,120238346134830075,OUTCOME_AWARENESS,2026-02-06,3775,1641,2.300427,2,0.05298,2.26,1.197351,4.52,1.0,0,4.52,0.0,0,0.0,0.0,0,0.0,0,0,0,0,0,0,0.0,0,0.0,0,0,0,148.0,0,0.030541,1.0,0,0,148.0,0,0.030541,0,0,0,0.0,0,0,0.0,0,0,36.0,,,,0.0,unknown,NR,13.0,4.0,3.0
ALC - Inauguração Freddo Gelateria,120238539202460075,OUTCOME_AWARENESS,2026-02-06,211696,106374,1.99011,351,0.165804,0.723048,1.198842,253.79,134.0,0,1.893955,0.0,0,0.0,0.0,0,0.0,0,0,0,0,0,0,0.0,0,0.0,0,0,0,11329.0,0,0.022402,40.0,0,0,11329.0,0,0.022402,0,0,0,0.0,0,0,0.0,0,0,1809.0,,,,0.0,female,NR,460.0,284.0,211.0
ALC - Inauguração Freddo Gelateria,120238539202460075,OUTCOME_AWARENESS,2026-02-06,224192,109219,2.052683,301,0.13426,0.903256,1.212711,271.88,122.0,0,2.228525,0.0,0,0.0,0.0,0,0.0,0,0,0,0,0,0,0.0,0,0.0,0,0,0,13325.0,0,0.020404,51.0,0,0,13325.0,0,0.020404,0,0,0,0.0,0,0,0.0,0,0,2014.0,,,,0.0,male,NR,489.0,266.0,172.0
ALC - Inauguração Freddo Gelateria,120238539202460075,OUTCOME_AWARENESS,2026-02-06,1832,971,1.886715,2,0.10917,1.17,1.277293,2.34,1.0,0,2.34,0.0,0,0.0,0.0,0,0.0,0,0,0,0,0,0,0.0,0,0.0,0,0,0,107.0,0,0.021869,0.0,0,0,107.0,0,0.021869,0,0,0,0.0,0,0,0.0,0,0,21.0,,,,0.0,unknown,NR,4.0,3.0,
ALC - Dragões,120238712803660075,OUTCOME_AWARENESS,2026-02-06,288897,152275,1.897206,718,0.248531,0.505084,1.255292,362.65,147.0,0,2.467007,72.0,0,5.036806,0.0,0,0.0,0,0,0,0,0,0,0.0,0,0.0,0,0,0,20996.0,0,0.017272,138.0,0,0,20996.0,0,0.017272,0,0,0,0.0,0,0,0.0,0,0,3108.0,,,,141.0,female,NR,1114.0,540.0,297.0
ALC - Dragões,120238712803660075,OUTCOME_AWARENESS,2026-02-06,285721,147754,1.933762,568,0.198795,0.633239,1.25885,359.68,85.0,0,4.231529,35.0,0,10.276571,0.0,0,0.0,0,0,0,0,0,0,0.0,0,0.0,0,0,0,19984.0,0,0.017998,142.0,0,0,19984.0,0,0.017998,0,0,0,0.0,0,0,0.0,0,0,2721.0,,,,71.0,male,NR,937.0,458.0,247.0
ALC - Dragões,120238712803660075,OUTCOME_AWARENESS,2026-02-06,2236,1234,1.811994,11,0.49195,0.261818,1.288014,2.88,2.0,0,1.44,3.0,0,0.96,0.0,0,0.0,0,0,0,0,0,0,0.0,0,0.0,0,0,0,154.0,0,0.018701,3.0,0,0,154.0,0,0.018701,0,0,0,0.0,0,0,0.0,0,0,30.0,,,,2.0,unknown,NR,13.0,6.0,4.0
ALC - A menina da casa mágica,120238985043830075,OUTCOME_AWARENESS,2026-02-06,36167,35623,1.015271,87,0.240551,0.601264,1.446346,52.31,65.0,0,0.804769,36.0,0,1.453056,0.0,0,0.0,0,0,0,0,0,0,0.0,0,0.0,0,0,0,440.0,0,0.118886,1.0,0,0,440.0,0,0.118886,0,0,0,0.0,0,0,0.0,0,0,185.0,,,,65.0,female,NR,66.0,37.0,16.0
ALC - A menina da casa mágica,120238985043830075,OUTCOME_AWARENESS,2026-02-06,28863,28123,1.026313,37,0.128192,1.095405,1.40422,40.53,31.0,0,1.307419,9.0,0,4.503333,0.0,0,0.0,0,0,0,0,0,0,0.0,0,0.0,0,0,0,246.0,0,0.164756,1.0,0,0,246.0,0,0.164756,0,0,0,0.0,0,0,0.0,0,0,102.0,,,,31.0,male,NR,31.0,16.0,9.0
ALC - A menina da casa mágica,120238985043830075,OUTCOME_AWARENESS,2026-02-06,242,239,1.012552,1,0.413223,0.32,1.322314,0.32,1.0,0,0.32,1.0,0,0.32,0.0,0,0.0,0,0,0,0,0,0,0.0,0,0.0,0,0,0,4.0,0,0.08,0.0,0,0,4.0,0,0.08,0,0,0,0.0,0,0,0.0,0,0,1.0,,,,1.0,unknown,NR,,,
ALC - Bailinho de Carnaval,120238985339690075,OUTCOME_AWARENESS,2026-02-06,161633,109747,1.472778,230,0.142298,0.959217,1.364944,220.62,169.0,0,1.305444,59.0,0,3.739322,0.0,0,0.0,0,0,0,0,0,0,0.0,0,0.0,0,0,0,4338.0,0,0.050858,13.0,0,0,4338.0,0,0.050858,0,0,0,0.0,0,0,0.0,0,0,1342.0,,,,167.0,female,NR,590.0,111.0,77.0
ALC - Bailinho de Carnaval,120238985339690075,OUTCOME_AWARENESS,2026-02-06,111165,78676,1.412947,107,0.096253,1.414766,1.36176,151.38,80.0,0,1.89225,28.0,0,5.406429,0.0,0,0.0,0,0,0,0,0,0,0.0,0,0.0,0,0,0,2899.0,0,0.052218,14.0,0,0,2899.0,0,0.052218,0,0,0,0.0,0,0,0.0,0,0,837.0,,,,76.0,male,NR,345.0,85.0,49.0
ALC - Bailinho de Carnaval,120238985339690075,OUTCOME_AWARENESS,2026-02-06,946,695,1.361151,1,0.105708,1.21,1.27907,1.21,1.0,0,1.21,0.0,0,0.0,0.0,0,0.0,0,0,0,0,0,0,0.0,0,0.0,0,0,0,27.0,0,0.044815,0.0,0,0,27.0,0,0.044815,0,0,0,0.0,0,0,0.0,0,0,7.0,,,,1.0,unknown,NR,1.0,,
ALC - Semana do Cinema Jan 25,120238985527080075,OUTCOME_AWARENESS,2026-02-06,79513,63151,1.259093,202,0.254047,0.507475,1.289223,102.51,147.0,0,0.697347,74.0,0,1.38527,0.0,0,0.0,0,0,0,0,0,0,0.0,0,0.0,0,0,0,158.0,0,0.648797,5.0,0,0,158.0,0,0.648797,0,0,0,0.0,0,0,0.0,0,0,,,,,147.0,female,NR,,,
ALC - Semana do Cinema Jan 25,120238985527080075,OUTCOME_AWARENESS,2026-02-06,72789,59502,1.223303,132,0.181346,0.713712,1.294289,94.21,110.0,0,0.856455,39.0,0,2.415641,0.0,0,0.0,0,0,0,0,0,0,0.0,0,0.0,0,0,0,128.0,0,0.736016,12.0,0,0,128.0,0,0.736016,0,0,0,0.0,0,0,0.0,0,0,,,,,110.0,male,NR,,,
ALC - Semana do Cinema Jan 25,120238985527080075,OUTCOME_AWARENESS,2026-02-06,719,611,1.176759,2,0.278164,0.45,1.251739,0.9,2.0,0,0.45,0.0,0,0.0,0.0,0,0.0,0,0,0,0,0,0,0.0,0,0.0,0,0,0,2.0,0,0.45,0.0,0,0,2.0,0,0.45,0,0,0,0.0,0,0,0.0,0,0,,,,,2.0,unknown,NR,,,
ALC - Brasileirisse,120239236381150075,OUTCOME_AWARENESS,2026-02-06,89424,52870,1.691394,112,0.125246,0.986786,1.23591,110.52,72.0,0,1.535,28.0,0,3.947143,0.0,0,0.0,0,0,0,0,0,0,0.0,0,0.0,0,0,0,3995.0,0,0.027665,17.0,0,0,3995.0,0,0.027665,0,0,0,0.0,0,0,0.0,0,0,647.0,,,,72.0,female,NR,185.0,99.0,56.0
ALC - Brasileirisse,120239236381150075,OUTCOME_AWARENESS,2026-02-06,71156,42443,1.676507,79,0.111024,1.122658,1.246416,88.69,60.0,0,1.478167,22.0,0,4.031364,0.0,0,0.0,0,0,0,0,0,0,0.0,0,0.0,0,0,0,3349.0,0,0.026483,17.0,0,0,3349.0,0,0.026483,0,0,0,0.0,0,0,0.0,0,0,548.0,,,,60.0,male,NR,191.0,91.0,50.0
ALC - Brasileirisse,120239236381150075,OUTCOME_AWARENESS,2026-02-06,572,369,1.550136,0,0.0,0.0,1.381119,0.79,0.0,0,0.0,0.0,0,0.0,0.0,0,0.0,0,0,0,0,0,0,0.0,0,0.0,0,0,0,18.0,0,0.043889,0.0,0,0,18.0,0,0.043889,0,0,0,0.0,0,0,0.0,0,0,2.0,,,,0.0,unknown,NR,,,
ALC - Feira de adoção pet,120239353688880075,OUTCOME_AWARENESS,2026-02-06,20622,15594,1.322432,19,0.092135,1.272632,1.172534,24.18,14.0,0,1.727143,0.0,0,0.0,0.0,0,0.0,0,0,0,0,0,0,0.0,0,0.0,0,0,0,21.0,0,1.151429,6.0,0,0,21.0,0,1.151429,0,0,0,0.0,0,0,0.0,0,0,,,,,1.0,female,NR,,,
ALC - Feira de adoção pet,120239353688880075,OUTCOME_AWARENESS,2026-02-06,20269,16326,1.241517,23,0.113474,1.043478,1.184074,24.0,12.0,0,2.0,0.0,0,0.0,0.0,0,0.0,0,0,0,0,0,0,0.0,0,0.0,0,0,0,16.0,0,1.5,4.0,0,0,16.0,0,1.5,0,0,0,0.0,0,0,0.0,0,0,,,,,0.0,male,NR,,,
ALC - Feira de adoção pet,120239353688880075,OUTCOME_AWARENESS,2026-02-06,182,143,1.272727,1,0.549451,0.19,1.043956,0.19,0.0,0,0.0,0.0,0,0.0,0.0,0,0.0,0,0,0,0,0,0,0.0,0,0.0,0,0,0,0.0,0,0.0,0.0,0,0,0.0,0,0.0,0,0,0,0.0,0,0,0.0,0,0,,,,,0.0,unknown,NR,,,
ALC - Oficina de RPG,120239356883300075,OUTCOME_AWARENESS,2026-02-06,76227,58393,1.305413,105,0.137746,0.969238,1.335091,101.77,85.0,0,1.197294,0.0,0,0.0,0.0,0,0.0,0,0,0,0,0,0,0.0,0,0.0,0,0,0,86.0,0,1.183372,1.0,0,0,86.0,0,1.183372,0,0,0,0.0,0,0,0.0,0,0,,,,,85.0,female,NR,,,
ALC - Oficina de RPG,120239356883300075,OUTCOME_AWARENESS,2026-02-06,70894,52850,1.341419,103,0.145287,0.945631,1.373882,97.4,78.0,0,1.248718,0.0,0,0.0,0.0,0,0.0,0,0,0,0,0,0,0.0,0,0.0,0,0,0,84.0,0,1.159524,4.0,0,0,84.0,0,1.159524,0,0,0,0.0,0,0,0.0,0,0,,,,,78.0,male,NR,,,
ALC - Oficina de RPG,120239356883300075,OUTCOME_AWARENESS,2026-02-06,502,387,1.297158,1,0.199203,0.7,1.394422,0.7,1.0,0,0.7,0.0,0,0.0,0.0,0,0.0,0,0,0,0,0,0,0.0,0,0.0,0,0,0,1.0,0,0.7,0.0,0,0,1.0,0,0.7,0,0,0,0.0,0,0,0.0,0,0,,,,,1.0,unknown,NR,,,
ALC - Aventura Congelante,120239402846960075,OUTCOME_AWARENESS,2026-02-06,96244,60606,1.588028,217,0.225469,0.501705,1.131187,108.87,98.0,0,1.110918,1.0,0,108.87,0.0,0,0.0,0,0,0,0,0,0,0.0,0,0.0,0,0,0,6874.0,0,0.015838,35.0,0,0,6874.0,0,0.015838,0,0,0,0.0,0,0,0.0,0,0,8551.0,,,,98.0,female,NR,3217.0,1529.0,928.0
ALC - Aventura Congelante,120239402846960075,OUTCOME_AWARENESS,2026-02-06,124647,72823,1.711643,176,0.141199,0.792898,1.119562,139.55,60.0,0,2.325833,0.0,0,0.0,0.0,0,0.0,0,0,0,0,0,0,0.0,0,0.0,0,0,0,11195.0,0,0.012465,48.0,0,0,11195.0,0,0.012465,0,0,0,0.0,0,0,0.0,0,0,14556.0,,,,60.0,male,NR,5273.0,2395.0,1405.0
ALC - Aventura Congelante,120239402846960075,OUTCOME_AWARENESS,2026-02-06,1083,661,1.638427,2,0.184672,0.57,1.052632,1.14,2.0,0,0.57,0.0,0,0.0,0.0,0,0.0,0,0,0,0,0,0,0.0,0,0.0,0,0,0,112.0,0,0.010179,0.0,0,0,112.0,0,0.010179,0,0,0,0.0,0,0,0.0,0,0,137.0,,,,2.0,unknown,NR,56.0,30.0,22.0
ALC - Encerramento Carnval,120239714623330075,OUTCOME_AWARENESS,2026-02-06,51769,37670,1.374277,10,0.019317,6.057,1.170005,60.57,0.0,0,0.0,0.0,0,0.0,0.0,0,0.0,0,0,0,0,0,0,0.0,0,0.0,0,0,0,1632.0,0,0.037114,10.0,0,0,1632.0,0,0.037114,0,0,0,0.0,0,0,0.0,0,0,377.0,,,,0.0,female,NR,60.0,38.0,18.0
ALC - Encerramento Carnval,120239714623330075,OUTCOME_AWARENESS,2026-02-06,40710,30676,1.327096,8,0.019651,6.0775,1.194301,48.62,0.0,0,0.0,0.0,0,0.0,0.0,0,0.0,0,0,0,0,0,0,0.0,0,0.0,0,0,0,1235.0,0,0.039368,4.0,0,0,1235.0,0,0.039368,0,0,0,0.0,0,0,0.0,0,0,263.0,,,,0.0,male,NR,56.0,26.0,17.0
ALC - Encerramento Carnval,120239714623330075,OUTCOME_AWARENESS,2026-02-06,318,256,1.242188,0,0.0,0.0,0.81761,0.26,0.0,0,0.0,0.0,0,0.0,0.0,0,0.0,0,0,0,0,0,0,0.0,0,0.0,0,0,0,7.0,0,0.037143,0.0,0,0,7.0,0,0.037143,0,0,0,0.0,0,0,0.0,0,0,1.0,,,,0.0,unknown,NR,,,
ALC - Volksfriends,120239716062130075,OUTCOME_AWARENESS,2026-02-06,118947,81416,1.460978,177,0.148806,0.808249,1.202721,143.06,123.0,0,1.163089,0.0,0,0.0,0.0,0,0.0,0,0,0,0,0,0,0.0,0,0.0,0,0,0,138.0,0,1.036667,14.0,0,0,138.0,0,1.036667,0,0,0,0.0,0,0,0.0,0,0,,,,,0.0,female,NR,,,
ALC - Volksfriends,120239716062130075,OUTCOME_AWARENESS,2026-02-06,128841,89600,1.437958,179,0.138931,0.871508,1.210795,156.0,130.0,0,1.2,0.0,0,0.0,0.0,0,0.0,0,0,0,0,0,0,0.0,0,0.0,0,0,0,157.0,0,0.993631,22.0,0,0,157.0,0,0.993631,0,0,0,0.0,0,0,0.0,0,0,,,,,0.0,male,NR,,,
ALC - Volksfriends,120239716062130075,OUTCOME_AWARENESS,2026-02-06,882,611,1.443535,2,0.226757,0.455,1.031746,0.91,1.0,0,0.91,0.0,0,0.0,0.0,0,0.0,0,0,0,0,0,0,0.0,0,0.0,0,0,0,1.0,0,0.91,0.0,0,0,1.0,0,0.91,0,0,0,0.0,0,0,0.0,0,0,,,,,0.0,unknown,NR,,,
ALC - Norte Cafe,120239888343150075,OUTCOME_AWARENESS,2026-02-06,29040,21636,1.342207,21,0.072314,1.764762,1.276171,37.06,17.0,0,2.18,0.0,0,0.0,0.0,0,0.0,0,0,0,0,0,0,0.0,0,0.0,0,0,0,986.0,0,0.037586,2.0,0,0,986.0,0,0.037586,0,0,0,0.0,0,0,0.0,0,0,463.0,,,,0.0,female,NR,217.0,61.0,37.0
ALC - Norte Cafe,120239888343150075,OUTCOME_AWARENESS,2026-02-06,32351,24121,1.341196,19,0.058731,2.237368,1.314024,42.51,10.0,0,4.251,0.0,0,0.0,0.0,0,0.0,0,0,0,0,0,0,0.0,0,0.0,0,0,0,1070.0,0,0.039729,5.0,0,0,1070.0,0,0.039729,0,0,0,0.0,0,0,0.0,0,0,490.0,,,,0.0,male,NR,219.0,71.0,51.0
ALC - Norte Cafe,120239888343150075,OUTCOME_AWARENESS,2026-02-06,261,196,1.331633,0,0.0,0.0,1.570881,0.41,0.0,0,0.0,0.0,0,0.0,0.0,0,0.0,0,0,0,0,0,0,0.0,0,0.0,0,0,0,13.0,0,0.031538,0.0,0,0,13.0,0,0.031538,0,0,0,0.0,0,0,0.0,0,0,3.0,,,,0.0,unknown,NR,1.0,1.0,
ALC - Filme Todo mundo em Panico,120239890360550075,OUTCOME_AWARENESS,2026-02-06,3,3,1.0,0,0.0,0.0,0.0,0.0,0.0,0,0.0,0.0,0,0.0,0.0,0,0.0,0,0,0,0,0,0,0.0,0,0.0,0,0,0,0.0,0,0.0,0.0,0,0,0.0,0,0.0,0,0,0,0.0,0,0,0.0,0,0,,,,,0.0,female,NR,,,
ALC - Filme Todo mundo em Panico,120239890360550075,OUTCOME_AWARENESS,2026-02-06,1,1,1.0,0,0.0,0.0,0.0,0.0,0.0,0,0.0,0.0,0,0.0,0.0,0,0.0,0,0,0,0,0,0,0.0,0,0.0,0,0,0,0.0,0,0.0,0.0,0,0,0.0,0,0.0,0,0,0,0.0,0,0,0.0,0,0,,,,,0.0,male,NR,,,
ALC - Todo mundo em panico,120239954131620075,OUTCOME_AWARENESS,2026-02-06,38109,29276,1.301715,12,0.031489,4.4325,1.395733,53.19,5.0,0,10.638,2.0,0,26.595,0.0,0,0.0,0,0,0,0,0,0,0.0,0,0.0,0,0,0,1204.0,0,0.044178,10.0,0,0,1204.0,0,0.044178,0,0,0,0.0,0,0,0.0,0,0,421.0,,,,5.0,female,NR,209.0,75.0,58.0
ALC - Todo mundo em panico,120239954131620075,OUTCOME_AWARENESS,2026-02-06,38498,28809,1.336319,24,0.062341,2.27625,1.419035,54.63,6.0,0,9.105,2.0,0,27.315,0.0,0,0.0,0,0,0,0,0,0,0.0,0,0.0,0,0,0,1543.0,0,0.035405,5.0,0,0,1543.0,0,0.035405,0,0,0,0.0,0,0,0.0,0,0,547.0,,,,5.0,male,NR,242.0,110.0,75.0
ALC - Todo mundo em panico,120239954131620075,OUTCOME_AWARENESS,2026-02-06,267,221,1.208145,0,0.0,0.0,1.722846,0.46,0.0,0,0.0,0.0,0,0.0,0.0,0,0.0,0,0,0,0,0,0,0.0,0,0.0,0,0,0,11.0,0,0.041818,0.0,0,0,11.0,0,0.041818,0,0,0,0.0,0,0,0.0,0,0,9.0,,,,0.0,unknown,NR,5.0,3.0,2.0
ALC- Massinha Play-Doh,120240047519830075,OUTCOME_AWARENESS,2026-02-06,34921,34921,1.0,8,0.022909,6.6675,1.527448,53.34,0.0,0,0.0,0.0,0,0.0,0.0,0,0.0,0,0,0,0,0,0,0.0,0,0.0,0,0,0,1439.0,0,0.037067,7.0,0,0,1439.0,0,0.037067,0,0,0,0.0,0,0,0.0,0,0,846.0,,,,0.0,female,NR,327.0,201.0,94.0
ALC- Massinha Play-Doh,120240047519830075,OUTCOME_AWARENESS,2026-02-06,29324,27805,1.05463,10,0.034102,4.629,1.57857,46.29,0.0,0,0.0,0.0,0,0.0,0.0,0,0.0,0,0,0,0,0,0,0.0,0,0.0,0,0,0,1144.0,0,0.040463,1.0,0,0,1144.0,0,0.040463,0,0,0,0.0,0,0,0.0,0,0,667.0,,,,0.0,male,NR,261.0,157.0,84.0
ALC- Massinha Play-Doh,120240047519830075,OUTCOME_AWARENESS,2026-02-06,209,205,1.019512,0,0.0,0.0,1.770335,0.37,0.0,0,0.0,0.0,0,0.0,0.0,0,0.0,0,0,0,0,0,0,0.0,0,0.0,0,0,0,5.0,0,0.074,0.0,0,0,5.0,0,0.074,0,0,0,0.0,0,0,0.0,0,0,2.0,,,,0.0,unknown,NR,1.0,1.0,
ALC | Moda Feminina,120218457714640075,OUTCOME_AWARENESS,2026-03-01,229074,162859,1.406579,256,0.111754,1.149364,1.284464,294.237279,146.0,0,2.015324,31.0,0,9.491525,1.0,0,294.237279,0,0,0,0,0,0,8.0,0,36.77966,0,0,0,10579.0,0,0.027813,58.0,0,0,10579.0,0,0.027813,0,0,0,1.0,0,0,53.0,0,0,7350.0,,,,70.0,female,NR,2852.0,1544.0,1043.0
ALC | Moda Feminina,120218457714640075,OUTCOME_AWARENESS,2026-03-01,167333,124887,1.339875,169,0.100996,1.272915,1.285596,215.122633,91.0,0,2.363985,14.0,0,15.365902,0.0,0,0.0,0,0,0,0,0,0,6.0,0,35.853772,0,0,0,7510.0,0,0.028645,43.0,0,0,7510.0,0,0.028645,0,0,0,0.0,0,0,32.0,0,0,4607.0,,,,33.0,male,NR,1642.0,744.0,481.0
ALC | Moda Feminina,120218457714640075,OUTCOME_AWARENESS,2026-03-01,1296,1063,1.219191,0,0.0,0.0,1.157475,1.500088,0.0,0,0.0,0.0,0,0.0,0.0,0,0.0,0,0,0,0,0,0,0.0,0,0.0,0,0,0,58.0,0,0.025864,0.0,0,0,58.0,0,0.025864,0,0,0,0.0,0,0,0.0,0,0,37.0,,,,0.0,unknown,NR,11.0,8.0,4.0
ALC | Moda masculina,120218468471470075,OUTCOME_AWARENESS,2026-03-01,176862,130680,1.353398,166,0.093858,1.375093,1.290642,228.265439,116.0,0,1.967806,0.0,0,0.0,0.0,0,0.0,0,0,0,0,0,0,0.0,0,0.0,0,0,0,5536.0,0,0.041233,14.0,0,0,5536.0,0,0.041233,0,0,0,0.0,0,0,0.0,0,0,8462.0,,,,11.0,female,NR,3009.0,1611.0,1097.0
ALC | Moda masculina,120218468471470075,OUTCOME_AWARENESS,2026-03-01,166259,119849,1.387237,154,0.092627,1.387756,1.285431,213.714455,104.0,0,2.054947,0.0,0,0.0,0.0,0,0.0,0,0,0,0,0,0,0.0,0,0.0,0,0,0,6106.0,0,0.035001,25.0,0,0,6106.0,0,0.035001,0,0,0,0.0,0,0,0.0,0,0,8815.0,,,,7.0,male,NR,3196.0,1766.0,1199.0
ALC | Moda masculina,120218468471470075,OUTCOME_AWARENESS,2026-03-01,1201,961,1.24974,1,0.083264,1.570106,1.307332,1.570106,0.0,0,0.0,0.0,0,0.0,0.0,0,0.0,0,0,0,0,0,0,0.0,0,0.0,0,0,0,38.0,0,0.041319,0.0,0,0,38.0,0,0.041319,0,0,0,0.0,0,0,0.0,0,0,50.0,,,,0.0,unknown,NR,19.0,15.0,10.0
ALC - Lojas - Inauguração/ Gastronomia,120218470856850075,OUTCOME_AWARENESS,2026-03-01,346582,235984,1.468667,401,0.115701,1.202768,1.391619,482.31,289.0,0,1.668893,0.0,0,0.0,0.0,0,0.0,0,0,0,0,0,0,2.0,0,241.155,0,0,0,13973.0,0,0.034517,51.0,0,0,13973.0,0,0.034517,0,0,0,0.0,0,0,9.0,0,0,2748.0,,,,10.0,female,NR,833.0,440.0,285.0
ALC - Lojas - Inauguração/ Gastronomia,120218470856850075,OUTCOME_AWARENESS,2026-03-01,317709,212945,1.491977,300,0.094426,1.484833,1.402069,445.45,208.0,0,2.141587,1.0,0,445.45,0.0,0,0.0,0,0,0,0,0,0,1.0,0,445.45,0,0,0,13388.0,0,0.033272,60.0,0,0,13388.0,0,0.033272,0,0,0,0.0,0,0,12.0,0,0,2352.0,,,,4.0,male,NR,717.0,381.0,236.0
ALC - Lojas - Inauguração/ Gastronomia,120218470856850075,OUTCOME_AWARENESS,2026-03-01,2558,1875,1.364267,6,0.234558,0.568333,1.333073,3.41,3.0,0,1.136667,0.0,0,0.0,0.0,0,0.0,0,0,0,0,0,0,0.0,0,0.0,0,0,0,101.0,0,0.033762,0.0,0,0,101.0,0,0.033762,0,0,0,0.0,0,0,0.0,0,0,21.0,,,,0.0,unknown,NR,7.0,3.0,1.0
ALC - Wow Park,120238243719230075,OUTCOME_AWARENESS,2026-03-01,45611,42927,1.062525,76,0.166626,0.761579,1.268992,57.88,52.0,0,1.113077,0.0,0,0.0,0.0,0,0.0,0,0,0,0,0,0,0.0,0,0.0,0,0,0,2221.0,0,0.02606,17.0,0,0,2221.0,0,0.02606,0,0,0,0.0,0,0,0.0,0,0,437.0,,,,0.0,female,NR,113.0,49.0,25.0
ALC - Wow Park,120238243719230075,OUTCOME_AWARENESS,2026-03-01,39764,37642,1.056373,50,0.125742,1.013,1.273765,50.65,32.0,0,1.582813,0.0,0,0.0,0.0,0,0.0,0,0,0,0,0,0,0.0,0,0.0,0,0,0,1934.0,0,0.026189,7.0,0,0,1934.0,0,0.026189,0,0,0,0.0,0,0,0.0,0,0,414.0,,,,0.0,male,NR,102.0,57.0,34.0
ALC - Wow Park,120238243719230075,OUTCOME_AWARENESS,2026-03-01,285,285,1.0,0,0.0,0.0,1.473684,0.42,0.0,0,0.0,0.0,0,0.0,0.0,0,0.0,0,0,0,0,0,0,0.0,0,0.0,0,0,0,10.0,0,0.042,0.0,0,0,10.0,0,0.042,0,0,0,0.0,0,0,0.0,0,0,2.0,,,,0.0,unknown,NR,1.0,1.0,1.0
ALC - PISTA DE PATINAÇAO,120238346134830075,OUTCOME_AWARENESS,2026-03-01,99224,81030,1.224534,127,0.127993,0.928976,1.189027,117.98,83.0,0,1.421446,0.0,0,0.0,0.0,0,0.0,0,0,0,0,0,0,0.0,0,0.0,0,0,0,5094.0,0,0.023161,24.0,0,0,5094.0,0,0.023161,0,0,0,0.0,0,0,0.0,0,0,1756.0,,,,0.0,female,NR,801.0,273.0,174.0
ALC - PISTA DE PATINAÇAO,120238346134830075,OUTCOME_AWARENESS,2026-03-01,88353,70156,1.259379,94,0.106391,1.117128,1.188528,105.01,72.0,0,1.458472,0.0,0,0.0,0.0,0,0.0,0,0,0,0,0,0,0.0,0,0.0,0,0,0,4029.0,0,0.026064,15.0,0,0,4029.0,0,0.026064,0,0,0,0.0,0,0,0.0,0,0,1416.0,,,,0.0,male,NR,596.0,206.0,119.0
ALC - PISTA DE PATINAÇAO,120238346134830075,OUTCOME_AWARENESS,2026-03-01,645,520,1.240385,0,0.0,0.0,1.224806,0.79,0.0,0,0.0,0.0,0,0.0,0.0,0,0.0,0,0,0,0,0,0,0.0,0,0.0,0,0,0,32.0,0,0.024688,0.0,0,0,32.0,0,0.024688,0,0,0,0.0,0,0,0.0,0,0,14.0,,,,0.0,unknown,NR,4.0,2.0,1.0
ALC - Todo mundo em panico,120239954131620075,OUTCOME_AWARENESS,2026-03-01,265633,167896,1.582128,367,0.138161,1.043616,1.441865,383.006981,206.0,0,1.859257,150.0,0,2.55338,0.0,0,0.0,0,0,0,0,0,0,0.0,0,0.0,0,0,0,20370.0,0,0.018803,267.0,0,0,20370.0,0,0.018803,0,0,0,0.0,0,0,0.0,0,0,4209.0,,,,206.0,female,NR,1647.0,991.0,669.0
ALC - Todo mundo em panico,120239954131620075,OUTCOME_AWARENESS,2026-03-01,324414,192125,1.688557,356,0.109736,1.306974,1.434225,465.282777,207.0,0,2.247743,127.0,0,3.663644,0.0,0,0.0,0,0,0,0,0,0,0.0,0,0.0,0,0,0,28772.0,0,0.016171,313.0,0,0,28772.0,0,0.016171,0,0,0,0.0,0,0,0.0,0,0,6841.0,,,,206.0,male,NR,2731.0,1661.0,1018.0
ALC - Todo mundo em panico,120239954131620075,OUTCOME_AWARENESS,2026-03-01,2339,1489,1.570853,3,0.12826,1.143414,1.466542,3.430242,3.0,0,1.143414,1.0,0,3.430242,0.0,0,0.0,0,0,0,0,0,0,0.0,0,0.0,0,0,0,171.0,0,0.02006,3.0,0,0,171.0,0,0.02006,0,0,0,0.0,0,0,0.0,0,0,33.0,,,,3.0,unknown,NR,9.0,6.0,5.0
ALC - FitDance Colors,120239964730160075,OUTCOME_AWARENESS,2026-03-01,93291,84904,1.098782,183,0.19616,0.842022,1.651713,154.09,149.0,0,1.034161,2.0,0,77.045,0.0,0,0.0,0,0,0,0,0,0,0.0,0,0.0,0,0,0,164.0,0,0.939573,13.0,0,0,164.0,0,0.939573,0,0,0,0.0,0,0,0.0,0,0,,,,,148.0,female,NR,,,
ALC - FitDance Colors,120239964730160075,OUTCOME_AWARENESS,2026-03-01,78709,71149,1.106256,131,0.166436,1.041374,1.73322,136.42,107.0,0,1.274953,0.0,0,0.0,0.0,0,0.0,0,0,0,0,0,0,0.0,0,0.0,0,0,0,123.0,0,1.109106,15.0,0,0,123.0,0,1.109106,0,0,0,0.0,0,0,0.0,0,0,,,,,107.0,male,NR,,,
ALC - FitDance Colors,120239964730160075,OUTCOME_AWARENESS,2026-03-01,723,638,1.133229,1,0.138313,1.14,1.576763,1.14,1.0,0,1.14,0.0,0,0.0,0.0,0,0.0,0,0,0,0,0,0,0.0,0,0.0,0,0,0,1.0,0,1.14,0.0,0,0,1.0,0,1.14,0,0,0,0.0,0,0,0.0,0,0,,,,,1.0,unknown,NR,,,
ALC- PASSAPORTE ELAS,120240201228560075,OUTCOME_AWARENESS,2026-03-01,492062,295467,1.66537,981,0.199365,1.165543,2.323685,1143.397205,827.0,0,1.382584,236.0,0,4.844903,0.0,0,0.0,0,0,0,0,0,0,0.0,0,0.0,0,0,0,25398.0,0,0.045019,89.0,0,0,25396.0,0,0.045023,0,0,0,0.0,0,0,0.0,0,0,6682.0,,,,826.0,female,NR,1430.0,857.0,522.0
ALC- PASSAPORTE ELAS,120240201228560075,OUTCOME_AWARENESS,2026-03-01,369092,233269,1.582259,726,0.196699,1.168089,2.297618,848.032428,595.0,0,1.425265,154.0,0,5.506704,0.0,0,0.0,0,0,0,0,0,0,0.0,0,0.0,0,0,0,22572.0,0,0.03757,77.0,0,0,22572.0,0,0.03757,0,0,0,0.0,0,0,0.0,0,0,4882.0,,,,593.0,male,NR,1068.0,612.0,412.0
ALC- PASSAPORTE ELAS,120240201228560075,OUTCOME_AWARENESS,2026-03-01,3273,2192,1.493157,4,0.122212,1.832592,2.239648,7.330367,3.0,0,2.443456,1.0,0,7.330367,0.0,0,0.0,0,0,0,0,0,0,0.0,0,0.0,0,0,0,142.0,0,0.051622,0.0,0,0,142.0,0,0.051622,0,0,0,0.0,0,0,0.0,0,0,39.0,,,,3.0,unknown,NR,8.0,6.0,4.0
ALC - Coelho Flock,120240253340710075,OUTCOME_AWARENESS,2026-03-01,130121,79874,1.629078,150,0.115277,1.130941,1.303718,169.641124,125.0,0,1.357129,1.0,0,169.641124,0.0,0,0.0,0,0,0,0,0,0,0.0,0,0.0,0,0,0,134.0,0,1.265979,8.0,0,0,134.0,0,1.265979,0,0,0,0.0,0,0,0.0,0,0,,,,,125.0,female,NR,,,
ALC - Coelho Flock,120240253340710075,OUTCOME_AWARENESS,2026-03-01,104120,66555,1.56442,112,0.107568,1.196061,1.286581,133.958784,93.0,0,1.440417,0.0,0,0.0,0.0,0,0.0,0,0,0,0,0,0,0.0,0,0.0,0,0,0,103.0,0,1.300571,8.0,0,0,103.0,0,1.300571,0,0,0,0.0,0,0,0.0,0,0,,,,,93.0,male,NR,,,
ALC - Coelho Flock,120240253340710075,OUTCOME_AWARENESS,2026-03-01,957,627,1.526316,1,0.104493,1.400092,1.463001,1.400092,1.0,0,1.400092,0.0,0,0.0,0.0,0,0.0,0,0,0,0,0,0,0.0,0,0.0,0,0,0,1.0,0,1.400092,0.0,0,0,1.0,0,1.400092,0,0,0,0.0,0,0,0.0,0,0,,,,,1.0,unknown,NR,,,
ALC - Fitdance Colors 26,120240304229740075,OUTCOME_AWARENESS,2026-03-01,47690,40953,1.164506,53,0.111134,1.258113,1.398197,66.68,37.0,0,1.802162,1.0,0,66.68,0.0,0,0.0,0,0,0,0,0,0,0.0,0,0.0,0,0,0,2351.0,0,0.028362,7.0,0,0,2351.0,0,0.028362,0,0,0,0.0,0,0,0.0,0,0,677.0,,,,1.0,female,NR,341.0,68.0,45.0
ALC - Fitdance Colors 26,120240304229740075,OUTCOME_AWARENESS,2026-03-01,37545,32604,1.151546,37,0.098548,1.43027,1.409509,52.92,29.0,0,1.824828,0.0,0,0.0,0.0,0,0.0,0,0,0,0,0,0,0.0,0,0.0,0,0,0,2159.0,0,0.024511,6.0,0,0,2159.0,0,0.024511,0,0,0,0.0,0,0,0.0,0,0,597.0,,,,0.0,male,NR,252.0,67.0,41.0
ALC - Fitdance Colors 26,120240304229740075,OUTCOME_AWARENESS,2026-03-01,281,251,1.119522,0,0.0,0.0,1.423488,0.4,0.0,0,0.0,0.0,0,0.0,0.0,0,0.0,0,0,0,0,0,0,0.0,0,0.0,0,0,0,18.0,0,0.022222,0.0,0,0,18.0,0,0.022222,0,0,0,0.0,0,0,0.0,0,0,5.0,,,,0.0,unknown,NR,2.0,1.0,
ALC - Semana do Consumidor,120240503401510075,OUTCOME_AWARENESS,2026-03-01,96239,75425,1.275956,146,0.151706,1.158904,1.758123,169.2,115.0,0,1.471304,1.0,0,169.2,1.0,0,169.2,0,0,0,0,0,0,7.0,0,24.171429,0,0,0,2750.0,0,0.061527,14.0,0,0,2750.0,0,0.061527,0,0,0,1.0,0,0,74.0,0,0,171.0,,,,115.0,female,NR,72.0,31.0,9.0
ALC - Semana do Consumidor,120240503401510075,OUTCOME_AWARENESS,2026-03-01,72921,58306,1.25066,91,0.124793,1.426374,1.780009,129.8,74.0,0,1.754054,0.0,0,0.0,0.0,0,0.0,0,0,0,0,0,0,6.0,0,21.633333,0,0,0,2155.0,0,0.060232,7.0,0,0,2155.0,0,0.060232,0,0,0,0.0,0,0,22.0,0,0,122.0,,,,74.0,male,NR,40.0,22.0,10.0
ALC - Semana do Consumidor,120240503401510075,OUTCOME_AWARENESS,2026-03-01,629,520,1.209615,0,0.0,0.0,1.589825,1.0,0.0,0,0.0,0.0,0,0.0,0.0,0,0.0,0,0,0,0,0,0,0.0,0,0.0,0,0,0,16.0,0,0.0625,0.0,0,0,16.0,0,0.0625,0,0,0,0.0,0,0,0.0,0,0,5.0,,,,0.0,unknown,NR,1.0,1.0,1.0
ALC - Pet Day - Corrida Pet,120240504098140075,OUTCOME_AWARENESS,2026-03-01,50389,44378,1.13545,77,0.152811,0.900839,1.376583,69.36463,67.0,0,1.035293,1.0,0,69.36463,0.0,0,0.0,0,0,0,0,0,0,0.0,0,0.0,0,0,0,78.0,0,0.88929,4.0,0,0,78.0,0,0.88929,0,0,0,0.0,0,0,8.0,0,0,,,,,66.0,female,NR,,,
ALC - Pet Day - Corrida Pet,120240504098140075,OUTCOME_AWARENESS,2026-03-01,44203,39644,1.114998,73,0.165147,0.811581,1.340303,59.245414,57.0,0,1.039393,0.0,0,0.0,0.0,0,0.0,0,0,0,0,0,0,1.0,0,59.245414,0,0,0,65.0,0,0.911468,4.0,0,0,65.0,0,0.911468,0,0,0,0.0,0,0,10.0,0,0,,,,,57.0,male,NR,,,
ALC - Pet Day - Corrida Pet,120240504098140075,OUTCOME_AWARENESS,2026-03-01,377,329,1.145897,0,0.0,0.0,1.511819,0.569956,0.0,0,0.0,0.0,0,0.0,0.0,0,0.0,0,0,0,0,0,0,0.0,0,0.0,0,0,0,0.0,0,0.0,0.0,0,0,0.0,0,0.0,0,0,0,0.0,0,0,0.0,0,0,,,,,0.0,unknown,NR,,,
ALC - Show BTS,120240504770880075,OUTCOME_AWARENESS,2026-03-01,8821,8466,1.041932,13,0.147376,0.840769,1.239089,10.93,11.0,0,0.993636,10.0,0,1.093,0.0,0,0.0,0,0,0,0,0,0,0.0,0,0.0,0,0,0,11.0,0,0.993636,0.0,0,0,11.0,0,0.993636,0,0,0,0.0,0,0,0.0,0,0,,,,,11.0,female,NR,,,
ALC - Show BTS,120240504770880075,OUTCOME_AWARENESS,2026-03-01,6125,5979,1.024419,8,0.130612,0.995,1.299592,7.96,8.0,0,0.995,2.0,0,3.98,0.0,0,0.0,0,0,0,0,0,0,0.0,0,0.0,0,0,0,8.0,0,0.995,0.0,0,0,8.0,0,0.995,0,0,0,0.0,0,0,0.0,0,0,,,,,8.0,male,NR,,,
ALC - Show BTS,120240504770880075,OUTCOME_AWARENESS,2026-03-01,57,57,1.0,0,0.0,0.0,0.701754,0.04,0.0,0,0.0,0.0,0,0.0,0.0,0,0.0,0,0,0,0,0,0,0.0,0,0.0,0,0,0,0.0,0,0.0,0.0,0,0,0.0,0,0.0,0,0,0,0.0,0,0,0.0,0,0,,,,,0.0,unknown,NR,,,
ALC - Pokemon,120240557522400075,OUTCOME_AWARENESS,2026-03-01,65861,46121,1.428005,73,0.11084,1.354179,1.500965,98.855057,51.0,0,1.938334,0.0,0,0.0,1.0,0,98.855057,0,0,0,0,0,0,1.0,0,98.855057,0,0,0,2060.0,0,0.047988,9.0,0,0,2060.0,0,0.047988,0,0,0,1.0,0,0,16.0,0,0,808.0,,,,0.0,female,NR,419.0,82.0,68.0
ALC - Pokemon,120240557522400075,OUTCOME_AWARENESS,2026-03-01,65843,46726,1.40913,70,0.106314,1.433643,1.524156,100.354982,43.0,0,2.333837,0.0,0,0.0,0.0,0,0.0,0,0,0,0,0,0,3.0,0,33.451661,0,0,0,2883.0,0,0.034809,14.0,0,0,2883.0,0,0.034809,0,0,0,0.0,0,0,14.0,0,0,1090.0,,,,0.0,male,NR,475.0,151.0,103.0
ALC - Pokemon,120240557522400075,OUTCOME_AWARENESS,2026-03-01,484,362,1.337017,0,0.0,0.0,1.570169,0.759962,0.0,0,0.0,0.0,0,0.0,0.0,0,0.0,0,0,0,0,0,0,0.0,0,0.0,0,0,0,23.0,0,0.033042,0.0,0,0,23.0,0,0.033042,0,0,0,0.0,0,0,0.0,0,0,9.0,,,,0.0,unknown,NR,4.0,,
ALC - Páscoa Cacau Show,120240557649330075,OUTCOME_AWARENESS,2026-03-01,72621,41031,1.769906,98,0.134947,1.035251,1.397042,101.4546,1.0,0,101.4546,0.0,0,0.0,0.0,0,0.0,0,0,0,0,0,0,3.0,0,33.8182,0,0,0,4454.0,0,0.022778,24.0,0,0,4454.0,0,0.022778,0,0,0,0.0,0,0,30.0,0,0,1583.0,,,,0.0,female,NR,517.0,391.0,203.0
ALC - Páscoa Cacau Show,120240557649330075,OUTCOME_AWARENESS,2026-03-01,61480,35915,1.71182,52,0.08458,1.649912,1.395502,85.795434,2.0,0,42.897717,0.0,0,0.0,0.0,0,0.0,0,0,0,0,0,0,0.0,0,0.0,0,0,0,2587.0,0,0.033164,20.0,0,0,2587.0,0,0.033164,0,0,0,0.0,0,0,7.0,0,0,582.0,,,,0.0,male,NR,159.0,91.0,54.0
ALC - Páscoa Cacau Show,120240557649330075,OUTCOME_AWARENESS,2026-03-01,460,272,1.691176,0,0.0,0.0,1.369492,0.629966,0.0,0,0.0,0.0,0,0.0,0.0,0,0.0,0,0,0,0,0,0,0.0,0,0.0,0,0,0,23.0,0,0.02739,0.0,0,0,23.0,0,0.02739,0,0,0,0.0,0,0,0.0,0,0,2.0,,,,0.0,unknown,NR,,,
ALC - Dia da Pipoca,120240704751670075,OUTCOME_AWARENESS,2026-03-01,51733,44279,1.168342,131,0.253223,0.603588,1.528425,79.07,91.0,0,0.868901,1.0,0,79.07,0.0,0,0.0,0,0,0,0,0,0,4.0,0,19.7675,0,0,0,94.0,0,0.84117,0.0,0,0,94.0,0,0.84117,0,0,0,0.0,0,0,32.0,0,0,,,,,0.0,female,NR,,,
ALC - Dia da Pipoca,120240704751670075,OUTCOME_AWARENESS,2026-03-01,46939,38871,1.207558,71,0.15126,0.991408,1.499606,70.39,53.0,0,1.328113,1.0,0,70.39,0.0,0,0.0,0,0,0,0,0,0,0.0,0,0.0,0,0,0,58.0,0,1.213621,2.0,0,0,58.0,0,1.213621,0,0,0,0.0,0,0,24.0,0,0,,,,,0.0,male,NR,,,
ALC - Dia da Pipoca,120240704751670075,OUTCOME_AWARENESS,2026-03-01,379,330,1.148485,1,0.263852,0.5,1.319261,0.5,1.0,0,0.5,0.0,0,0.0,0.0,0,0.0,0,0,0,0,0,0,0.0,0,0.0,0,0,0,1.0,0,0.5,0.0,0,0,1.0,0,0.5,0,0,0,0.0,0,0,0.0,0,0,,,,,0.0,unknown,NR,,,
ALC - Torresmo Fest,120240704864930075,OUTCOME_AWARENESS,2026-03-01,104818,59283,1.768095,155,0.147875,0.990999,1.465443,153.604779,125.0,0,1.228838,0.0,0,0.0,0.0,0,0.0,0,0,0,0,0,0,7.0,0,21.94354,0,0,0,545.0,0,0.281844,12.0,0,0,545.0,0,0.281844,0,0,0,0.0,0,0,65.0,0,0,741.0,,,,0.0,female,NR,269.0,157.0,101.0
ALC - Torresmo Fest,120240704864930075,OUTCOME_AWARENESS,2026-03-01,115633,66008,1.751803,167,0.144422,0.997336,1.440378,166.555182,126.0,0,1.321867,1.0,0,166.555182,0.0,0,0.0,0,0,0,0,0,0,5.0,0,33.311036,0,0,0,738.0,0,0.225685,8.0,0,0,738.0,0,0.225685,0,0,0,0.0,0,0,24.0,0,0,1015.0,,,,0.0,male,NR,410.0,234.0,165.0
ALC - Torresmo Fest,120240704864930075,OUTCOME_AWARENESS,2026-03-01,825,495,1.666667,5,0.606061,0.254008,1.539442,1.27004,4.0,0,0.31751,0.0,0,0.0,0.0,0,0.0,0,0,0,0,0,0,0.0,0,0.0,0,0,0,7.0,0,0.181434,0.0,0,0,7.0,0,0.181434,0,0,0,0.0,0,0,1.0,0,0,5.0,,,,0.0,unknown,NR,2.0,2.0,
ALC - ELITE BTS,120240709726080075,OUTCOME_AWARENESS,2026-03-01,139613,84535,1.651541,242,0.173336,0.853512,1.479447,206.55,170.0,0,1.215,1.0,0,206.55,0.0,0,0.0,0,0,0,0,0,0,0.0,0,0.0,0,0,0,229.0,0,0.901965,25.0,0,0,229.0,0,0.901965,0,0,0,0.0,0,0,0.0,0,0,,,,,0.0,female,NR,,,
ALC - ELITE BTS,120240709726080075,OUTCOME_AWARENESS,2026-03-01,97013,60739,1.597211,128,0.131941,1.113203,1.468772,142.49,100.0,0,1.4249,1.0,0,142.49,0.0,0,0.0,0,0,0,0,0,0,0.0,0,0.0,0,0,0,113.0,0,1.260973,7.0,0,0,113.0,0,1.260973,0,0,0,0.0,0,0,0.0,0,0,,,,,1.0,male,NR,,,
ALC - ELITE BTS,120240709726080075,OUTCOME_AWARENESS,2026-03-01,660,426,1.549296,0,0.0,0.0,1.363636,0.9,0.0,0,0.0,0.0,0,0.0,0.0,0,0.0,0,0,0,0,0,0,0.0,0,0.0,0,0,0,1.0,0,0.9,1.0,0,0,1.0,0,0.9,0,0,0,0.0,0,0,0.0,0,0,,,,,0.0,unknown,NR,,,
ALC - ANIVERSARIO DE INDAIAL,120240851897790075,OUTCOME_AWARENESS,2026-03-01,54138,37891,1.428783,74,0.136688,1.149865,1.571724,85.09,44.0,0,1.933864,0.0,0,0.0,0.0,0,0.0,0,0,0,0,0,0,0.0,0,0.0,0,0,0,2534.0,0,0.033579,7.0,0,0,2534.0,0,0.033579,0,0,0,0.0,0,0,0.0,0,0,623.0,,,,0.0,female,NR,145.0,59.0,31.0
ALC - ANIVERSARIO DE INDAIAL,120240851897790075,OUTCOME_AWARENESS,2026-03-01,40011,28542,1.401829,58,0.14496,1.11069,1.610057,64.42,28.0,0,2.300714,1.0,0,64.42,0.0,0,0.0,0,0,0,0,0,0,0.0,0,0.0,0,0,0,1970.0,0,0.032701,3.0,0,0,1970.0,0,0.032701,0,0,0,0.0,0,0,0.0,0,0,394.0,,,,0.0,male,NR,91.0,39.0,22.0
ALC - ANIVERSARIO DE INDAIAL,120240851897790075,OUTCOME_AWARENESS,2026-03-01,313,228,1.372807,1,0.319489,0.49,1.565495,0.49,1.0,0,0.49,0.0,0,0.0,0.0,0,0.0,0,0,0,0,0,0,0.0,0,0.0,0,0,0,14.0,0,0.035,1.0,0,0,14.0,0,0.035,0,0,0,0.0,0,0,0.0,0,0,3.0,,,,0.0,unknown,NR,,,
ALC - Economéqui,120240856916080075,OUTCOME_AWARENESS,2026-03-01,46869,33326,1.406379,86,0.18349,0.745,1.367002,64.07,54.0,0,1.186481,12.0,0,5.339167,0.0,0,0.0,0,0,0,0,0,0,0.0,0,0.0,0,0,0,69.0,0,0.928551,13.0,0,0,69.0,0,0.928551,0,0,0,0.0,0,0,0.0,0,0,,,,,54.0,female,NR,,,
ALC - Economéqui,120240856916080075,OUTCOME_AWARENESS,2026-03-01,43520,32027,1.358853,98,0.225184,0.61551,1.386029,60.32,53.0,0,1.138113,20.0,0,3.016,0.0,0,0.0,0,0,0,0,0,0,0.0,0,0.0,0,0,0,65.0,0,0.928,10.0,0,0,65.0,0,0.928,0,0,0,0.0,0,0,0.0,0,0,,,,,53.0,male,NR,,,
ALC - Economéqui,120240856916080075,OUTCOME_AWARENESS,2026-03-01,405,288,1.40625,1,0.246914,0.48,1.185185,0.48,0.0,0,0.0,0.0,0,0.0,0.0,0,0.0,0,0,0,0,0,0,0.0,0,0.0,0,0,0,1.0,0,0.48,0.0,0,0,1.0,0,0.48,0,0,0,0.0,0,0,0.0,0,0,,,,,0.0,unknown,NR,,,
ALC - Promo Iphone,120241124936590075,OUTCOME_AWARENESS,2026-03-01,1376,1339,1.027633,1,0.072674,2.04,1.482558,2.04,1.0,0,2.04,0.0,0,0.0,0.0,0,0.0,0,0,0,0,0,0,0.0,0,0.0,0,0,0,1.0,0,2.04,0.0,0,0,1.0,0,2.04,0,0,0,0.0,0,0,0.0,0,0,,,,,1.0,female,NR,,,
ALC - Promo Iphone,120241124936590075,OUTCOME_AWARENESS,2026-03-01,2281,2207,1.03353,3,0.131521,0.956667,1.25822,2.87,1.0,0,2.87,0.0,0,0.0,0.0,0,0.0,0,0,0,0,0,0,0.0,0,0.0,0,0,0,2.0,0,1.435,1.0,0,0,2.0,0,1.435,0,0,0,0.0,0,0,0.0,0,0,,,,,1.0,male,NR,,,
ALC - Promo Iphone,120241124936590075,OUTCOME_AWARENESS,2026-03-01,10,10,1.0,0,0.0,0.0,2.0,0.02,0.0,0,0.0,0.0,0,0.0,0.0,0,0.0,0,0,0,0,0,0,0.0,0,0.0,0,0,0,0.0,0,0.0,0.0,0,0,0.0,0,0.0,0,0,0,0.0,0,0,0.0,0,0,,,,,0.0,unknown,NR,,,
ALC - Crepusculo,120241125679200075,OUTCOME_AWARENESS,2026-03-01,1712,1691,1.012419,10,0.584112,0.217,1.267523,2.17,4.0,0,0.5425,2.0,0,1.085,0.0,0,0.0,0,0,0,0,0,0,0.0,0,0.0,0,0,0,171.0,0,0.01269,7.0,0,0,171.0,0,0.01269,0,0,0,0.0,0,0,0.0,0,0,58.0,,,,4.0,female,NR,30.0,10.0,6.0
ALC - Crepusculo,120241125679200075,OUTCOME_AWARENESS,2026-03-01,2068,2026,1.020731,1,0.048356,2.64,1.276596,2.64,0.0,0,0.0,0.0,0,0.0,0.0,0,0.0,0,0,0,0,0,0,0.0,0,0.0,0,0,0,153.0,0,0.017255,0.0,0,0,153.0,0,0.017255,0,0,0,0.0,0,0,0.0,0,0,50.0,,,,0.0,male,NR,16.0,4.0,3.0
ALC - Crepusculo,120241125679200075,OUTCOME_AWARENESS,2026-03-01,20,20,1.0,0,0.0,0.0,3.0,0.06,0.0,0,0.0,0.0,0,0.0,0.0,0,0.0,0,0,0,0,0,0,0.0,0,0.0,0,0,0,1.0,0,0.06,0.0,0,0,1.0,0,0.06,0,0,0,0.0,0,0,0.0,0,0,,,,,0.0,unknown,NR,,,
ALC - Caça aos ovos,120241125848920075,OUTCOME_AWARENESS,2026-03-01,5539,5276,1.049848,12,0.216646,0.880391,1.907328,10.564691,8.0,0,1.320586,2.0,0,5.282346,0.0,0,0.0,0,0,0,0,0,0,0.0,0,0.0,0,0,0,516.0,0,0.020474,1.0,0,0,516.0,0,0.020474,0,0,0,0.0,0,0,0.0,0,0,361.0,,,,8.0,female,NR,118.0,68.0,48.0
ALC - Caça aos ovos,120241125848920075,OUTCOME_AWARENESS,2026-03-01,4910,4622,1.062311,14,0.285132,0.660382,1.882964,9.245354,9.0,0,1.027262,2.0,0,4.622677,0.0,0,0.0,0,0,0,0,0,0,0.0,0,0.0,0,0,0,444.0,0,0.020823,1.0,0,0,444.0,0,0.020823,0,0,0,0.0,0,0,0.0,0,0,306.0,,,,8.0,male,NR,103.0,51.0,29.0
ALC - Caça aos ovos,120241125848920075,OUTCOME_AWARENESS,2026-03-01,41,36,1.138889,0,0.0,0.0,2.194019,0.089955,0.0,0,0.0,0.0,0,0.0,0.0,0,0.0,0,0,0,0,0,0,0.0,0,0.0,0,0,0,4.0,0,0.022489,0.0,0,0,4.0,0,0.022489,0,0,0,0.0,0,0,0.0,0,0,,,,,0.0,unknown,NR,,,
ALC - Super Mário - Pré-venda Filme,120241125976290075,OUTCOME_AWARENESS,2026-03-01,2743,2727,1.005867,7,0.255195,0.558571,1.425447,3.91,1.0,0,3.91,0.0,0,0.0,0.0,0,0.0,0,0,0,0,0,0,0.0,0,0.0,0,0,0,212.0,0,0.018443,2.0,0,0,212.0,0,0.018443,0,0,0,0.0,0,0,3.0,0,0,76.0,,,,0.0,female,NR,22.0,13.0,8.0
ALC - Super Mário - Pré-venda Filme,120241125976290075,OUTCOME_AWARENESS,2026-03-01,3484,3400,1.024706,9,0.258324,0.6,1.549943,5.4,3.0,0,1.8,0.0,0,0.0,0.0,0,0.0,0,0,0,0,0,0,0.0,0,0.0,0,0,0,375.0,0,0.0144,1.0,0,0,375.0,0,0.0144,0,0,0,0.0,0,0,2.0,0,0,152.0,,,,2.0,male,NR,59.0,29.0,4.0
ALC - Super Mário - Pré-venda Filme,120241125976290075,OUTCOME_AWARENESS,2026-03-01,20,20,1.0,0,0.0,0.0,1.5,0.03,0.0,0,0.0,0.0,0,0.0,0.0,0,0.0,0,0,0,0,0,0,0.0,0,0.0,0,0,0,2.0,0,0.015,0.0,0,0,2.0,0,0.015,0,0,0,0.0,0,0,0.0,0,0,,,,,0.0,unknown,NR,,,
TRAF - FRANQUIAS,120241527985860075,OUTCOME_AWARENESS,2026-03-01,21192,20203,1.048953,32,0.151,0.89875,1.357116,28.76,26.0,0,1.106154,0.0,0,0.0,0.0,0,0.0,0,0,0,0,0,0,0.0,0,0.0,0,0,0,63.0,0,0.456508,1.0,0,0,63.0,0,0.456508,0,0,0,0.0,0,0,0.0,0,0,,,,,26.0,female,NR,,,
TRAF - FRANQUIAS,120241527985860075,OUTCOME_AWARENESS,2026-03-01,22342,20988,1.064513,28,0.125325,1.051786,1.318145,29.45,21.0,0,1.402381,0.0,0,0.0,0.0,0,0.0,0,0,0,0,0,0,0.0,0,0.0,0,0,0,55.0,0,0.535455,0.0,0,0,55.0,0,0.535455,0,0,0,0.0,0,0,16.0,0,0,,,,,21.0,male,NR,,,
TRAF - FRANQUIAS,120241527985860075,OUTCOME_AWARENESS,2026-03-01,117,108,1.083333,0,0.0,0.0,1.282051,0.15,0.0,0,0.0,0.0,0,0.0,0.0,0,0.0,0,0,0,0,0,0,0.0,0,0.0,0,0,0,0.0,0,0.0,0.0,0,0,0.0,0,0.0,0,0,0,0.0,0,0,0.0,0,0,,,,,0.0,unknown,NR,,,
ENG - FRANQUIAS,120241528984760075,OUTCOME_ENGAGEMENT,2026-03-01,1779,1434,1.240586,23,1.292861,1.353478,17.498595,31.13,20.0,0,1.5565,0.0,0,0.0,0.0,0,0.0,0,0,0,0,0,0,0.0,0,0.0,0,0,0,330.0,0,0.094333,305.0,0,0,330.0,0,0.094333,0,0,0,0.0,0,0,0.0,0,0,,,,,20.0,female,NR,,,
ENG - FRANQUIAS,120241528984760075,OUTCOME_ENGAGEMENT,2026-03-01,2043,1545,1.32233,33,1.615272,1.050303,16.965247,34.66,24.0,0,1.444167,0.0,0,0.0,0.0,0,0.0,0,0,0,0,0,0,0.0,0,0.0,0,0,0,381.0,0,0.090971,351.0,0,0,381.0,0,0.090971,0,0,0,0.0,0,0,0.0,0,0,,,,,24.0,male,NR,,,
ENG - FRANQUIAS,120241528984760075,OUTCOME_ENGAGEMENT,2026-03-01,24,19,1.263158,0,0.0,0.0,19.583333,0.47,0.0,0,0.0,0.0,0,0.0,0.0,0,0.0,0,0,0,0,0,0,0.0,0,0.0,0,0,0,4.0,0,0.1175,4.0,0,0,4.0,0,0.1175,0,0,0,0.0,0,0,0.0,0,0,,,,,0.0,unknown,NR,,,
TRAF - FRANQUIAS,120241527985860075,OUTCOME_AWARENESS,2026-04-01,384320,184801,2.079642,556,0.144671,0.803667,1.162674,446.838706,463.0,0,0.965094,5.0,0,89.367741,0.0,0,0.0,0,0,0,0,0,0,20.0,0,22.341935,0,0,0,800.0,0,0.558548,39.0,0,0,800.0,0,0.558548,0,0,0,0.0,0,0,103.0,0,0,1.0,,,,462.0,female,NR,,,
TRAF - FRANQUIAS,120241527985860075,OUTCOME_AWARENESS,2026-04-01,492220,207301,2.374422,696,0.1414,0.818838,1.157838,569.911104,597.0,0,0.954625,4.0,0,142.477776,2.0,0,284.955552,0,0,0,0,0,0,21.0,0,27.138624,0,0,0,897.0,0,0.635352,41.0,0,0,897.0,0,0.635352,0,0,0,2.0,0,0,117.0,0,0,,,,,594.0,male,NR,,,
TRAF - FRANQUIAS,120241527985860075,OUTCOME_AWARENESS,2026-04-01,13791,1666,8.277911,25,0.181278,0.388408,0.704096,9.710189,6.0,0,1.618365,0.0,0,0.0,0.0,0,0.0,0,0,0,0,0,0,0.0,0,0.0,0,0,0,6.0,0,1.618365,0.0,0,0,6.0,0,1.618365,0,0,0,0.0,0,0,0.0,0,0,,,,,3.0,unknown,NR,,,
ENG - FRANQUIAS,120241528984760075,OUTCOME_ENGAGEMENT,2026-04-01,18886,12962,1.457028,268,1.419041,0.841231,11.937414,225.45,232.0,0,0.971767,3.0,0,75.15,0.0,0,0.0,0,0,0,0,0,0,0.0,0,0.0,0,0,0,4497.0,0,0.050133,4210.0,0,0,4497.0,0,0.050133,0,0,0,0.0,0,0,0.0,0,0,,,,,232.0,female,NR,,,
ENG - FRANQUIAS,120241528984760075,OUTCOME_ENGAGEMENT,2026-04-01,23660,14784,1.600379,350,1.47929,0.745829,11.032967,261.04,306.0,0,0.853072,2.0,0,130.52,0.0,0,0.0,0,0,0,0,0,0,0.0,0,0.0,0,0,0,5317.0,0,0.049095,4988.0,0,0,5317.0,0,0.049095,0,0,0,0.0,0,0,0.0,0,0,,,,,306.0,male,NR,,,
ENG - FRANQUIAS,120241528984760075,OUTCOME_ENGAGEMENT,2026-04-01,187,111,1.684685,8,4.278075,0.2525,10.802139,2.02,8.0,0,0.2525,0.0,0,0.0,0.0,0,0.0,0,0,0,0,0,0,0.0,0,0.0,0,0,0,36.0,0,0.056111,28.0,0,0,36.0,0,0.056111,0,0,0,0.0,0,0,0.0,0,0,,,,,8.0,unknown,NR,,,
ALC - CAMPANHA IPHONE,120241907445370075,OUTCOME_AWARENESS,2026-04-01,702291,280549,2.503274,872,0.124165,1.502332,1.865372,1310.033798,757.0,0,1.73056,5.0,0,262.00676,14.0,0,93.573843,0,0,0,0,0,0,79.0,0,16.582706,0,0,0,15777.0,0,0.083034,48.0,0,0,15777.0,0,0.083034,0,0,0,14.0,0,0,416.0,0,0,10563.0,,,,752.0,female,NR,3834.0,2046.0,997.0
ALC - CAMPANHA IPHONE,120241907445370075,OUTCOME_AWARENESS,2026-04-01,651676,252292,2.583023,658,0.10097,1.791089,1.80847,1178.536429,557.0,0,2.115864,8.0,0,147.317054,7.0,0,168.362347,0,0,0,0,0,0,24.0,0,49.105685,0,0,0,20374.0,0,0.057845,52.0,0,0,20374.0,0,0.057845,0,0,0,7.0,0,0,235.0,0,0,12781.0,,,,551.0,male,NR,4276.0,2129.0,1242.0
ALC - CAMPANHA IPHONE,120241907445370075,OUTCOME_AWARENESS,2026-04-01,6024,2321,2.595433,8,0.132802,1.418722,1.884092,11.349773,6.0,0,1.891629,0.0,0,0.0,0.0,0,0.0,0,0,0,0,0,0,0.0,0,0.0,0,0,0,185.0,0,0.06135,2.0,0,0,185.0,0,0.06135,0,0,0,0.0,0,0,5.0,0,0,118.0,,,,6.0,unknown,NR,44.0,18.0,11.0
ALC - C&A,120241908420850075,OUTCOME_AWARENESS,2026-04-01,59164,38748,1.526892,123,0.207897,0.540732,1.124163,66.51,82.0,0,0.811098,36.0,0,1.8475,0.0,0,0.0,0,0,0,0,0,0,0.0,0,0.0,0,0,0,97.0,0,0.68567,15.0,0,0,97.0,0,0.68567,0,0,0,0.0,0,0,0.0,0,0,,,,,82.0,female,NR,,,
ALC - C&A,120241908420850075,OUTCOME_AWARENESS,2026-04-01,78004,52119,1.496652,97,0.124353,0.904536,1.124814,87.74,54.0,0,1.624815,12.0,0,7.311667,0.0,0,0.0,0,0,0,0,0,0,0.0,0,0.0,0,0,0,77.0,0,1.139481,22.0,0,0,77.0,0,1.139481,0,0,0,0.0,0,0,0.0,0,0,,,,,54.0,male,NR,,,
ALC - C&A,120241908420850075,OUTCOME_AWARENESS,2026-04-01,594,397,1.496222,0,0.0,0.0,1.043771,0.62,0.0,0,0.0,0.0,0,0.0,0.0,0,0.0,0,0,0,0,0,0,0.0,0,0.0,0,0,0,0.0,0,0.0,0.0,0,0,0.0,0,0.0,0,0,0,0.0,0,0,0.0,0,0,,,,,0.0,unknown,NR,,,
ALC - Capivalley,120241915790970075,OUTCOME_AWARENESS,2026-04-01,466779,183557,2.542965,1031,0.220875,0.559819,1.236503,577.173552,720.0,0,0.80163,422.0,0,1.36771,0.0,0,0.0,0,0,0,0,0,0,0.0,0,0.0,0,0,0,5085.0,0,0.113505,81.0,0,0,5085.0,0,0.113505,0,0,0,0.0,0,0,0.0,0,0,1863.0,,,,709.0,female,NR,822.0,300.0,152.0
ALC - Capivalley,120241915790970075,OUTCOME_AWARENESS,2026-04-01,592484,218597,2.710394,906,0.152916,0.801608,1.225783,726.256721,662.0,0,1.097065,349.0,0,2.080965,0.0,0,0.0,0,0,0,0,0,0,0.0,0,0.0,0,0,0,4108.0,0,0.176791,78.0,0,0,4108.0,0,0.176791,0,0,0,0.0,0,0,0.0,0,0,1461.0,,,,650.0,male,NR,523.0,167.0,87.0
ALC - Capivalley,120241915790970075,OUTCOME_AWARENESS,2026-04-01,4774,1756,2.718679,7,0.146628,0.849961,1.246277,5.949727,5.0,0,1.189945,1.0,0,5.949727,0.0,0,0.0,0,0,0,0,0,0,0.0,0,0.0,0,0,0,25.0,0,0.237989,0.0,0,0,25.0,0,0.237989,0,0,0,0.0,0,0,0.0,0,0,8.0,,,,5.0,unknown,NR,2.0,1.0,1.0
ALC - Ações Autismo,120241917716260075,OUTCOME_AWARENESS,2026-04-01,134030,83237,1.610221,253,0.188764,0.578003,1.09106,146.234737,183.0,0,0.799097,53.0,0,2.759146,0.0,0,0.0,0,0,0,0,0,0,0.0,0,0.0,0,0,0,205.0,0,0.71334,20.0,0,0,205.0,0,0.71334,0,0,0,0.0,0,0,0.0,0,0,,,,,181.0,female,NR,,,
ALC - Ações Autismo,120241917716260075,OUTCOME_AWARENESS,2026-04-01,148007,83237,1.77814,195,0.131751,0.828027,1.09093,161.465231,135.0,0,1.196039,37.0,0,4.363925,0.0,0,0.0,0,0,0,0,0,0,0.0,0,0.0,0,0,0,162.0,0,0.996699,27.0,0,0,162.0,0,0.996699,0,0,0,0.0,0,0,0.0,0,0,,,,,132.0,male,NR,,,
ALC - Ações Autismo,120241917716260075,OUTCOME_AWARENESS,2026-04-01,1082,619,1.747981,1,0.092421,0.990032,0.915002,0.990032,1.0,0,0.990032,0.0,0,0.0,0.0,0,0.0,0,0,0,0,0,0,0.0,0,0.0,0,0,0,1.0,0,0.990032,0.0,0,0,1.0,0,0.990032,0,0,0,0.0,0,0,0.0,0,0,,,,,1.0,unknown,NR,,,
TRAF - PROMO IPHONE,120241976679040075,LINK_CLICKS,2026-04-01,83682,24128,3.468253,1020,1.2189,0.147476,1.79758,150.425055,896.0,0,0.167885,261.0,0,0.576341,0.0,0,0.0,0,0,0,0,0,0,0.0,0,0.0,0,0,0,4108.0,0,0.036618,31.0,0,0,4108.0,0,0.036618,0,0,0,0.0,0,0,0.0,0,0,3105.0,,,,896.0,female,NR,1419.0,912.0,575.0
TRAF - PROMO IPHONE,120241976679040075,LINK_CLICKS,2026-04-01,50387,21616,2.331005,916,1.817929,0.16197,2.944506,148.364848,822.0,0,0.180493,209.0,0,0.70988,0.0,0,0.0,0,0,0,0,0,0,0.0,0,0.0,0,0,0,3322.0,0,0.044661,14.0,0,0,3323.0,0,0.044648,0,0,0,0.0,0,0,0.0,0,0,2464.0,,,,822.0,male,NR,1010.0,636.0,401.0
TRAF - PROMO IPHONE,120241976679040075,LINK_CLICKS,2026-04-01,353,147,2.401361,4,1.133144,0.242524,2.74815,0.970097,4.0,0,0.242524,0.0,0,0.0,0.0,0,0.0,0,0,0,0,0,0,0.0,0,0.0,0,0,0,16.0,0,0.060631,0.0,0,0,16.0,0,0.060631,0,0,0,0.0,0,0,0.0,0,0,11.0,,,,4.0,unknown,NR,3.0,1.0,1.0
ALC - Parceirão do atacadão,120242030809040075,OUTCOME_AWARENESS,2026-04-01,66835,63983,1.044574,64,0.095758,1.327656,1.27134,84.97,46.0,0,1.847174,16.0,0,5.310625,0.0,0,0.0,0,0,0,0,0,0,0.0,0,0.0,0,0,0,1267.0,0,0.067064,3.0,0,0,1267.0,0,0.067064,0,0,0,0.0,0,0,0.0,0,0,1185.0,,,,46.0,female,NR,582.0,379.0,274.0
ALC - Parceirão do atacadão,120242030809040075,OUTCOME_AWARENESS,2026-04-01,49704,48389,1.027176,42,0.0845,1.490952,1.259858,62.62,36.0,0,1.739444,10.0,0,6.262,0.0,0,0.0,0,0,0,0,0,0,0.0,0,0.0,0,0,0,1031.0,0,0.060737,5.0,0,0,1031.0,0,0.060737,0,0,0,0.0,0,0,0.0,0,0,944.0,,,,35.0,male,NR,463.0,304.0,213.0
ALC - Parceirão do atacadão,120242030809040075,OUTCOME_AWARENESS,2026-04-01,402,402,1.0,0,0.0,0.0,1.59204,0.64,0.0,0,0.0,0.0,0,0.0,0.0,0,0.0,0,0,0,0,0,0,0.0,0,0.0,0,0,0,8.0,0,0.08,0.0,0,0,8.0,0,0.08,0,0,0,0.0,0,0,0.0,0,0,8.0,,,,0.0,unknown,NR,4.0,2.0,2.0
ALC - Legião urbana Cover,120242503048470075,OUTCOME_AWARENESS,2026-04-01,132492,72632,1.824155,405,0.305679,0.424061,1.296265,171.744787,347.0,0,0.494942,206.0,0,0.833713,0.0,0,0.0,0,0,0,0,0,0,0.0,0,0.0,0,0,0,6768.0,0,0.025376,54.0,0,0,6768.0,0,0.025376,0,0,0,0.0,0,0,0.0,0,0,2836.0,,,,346.0,female,NR,1067.0,337.0,201.0
ALC - Legião urbana Cover,120242503048470075,OUTCOME_AWARENESS,2026-04-01,122272,69447,1.760652,270,0.220819,0.579131,1.278831,156.365254,232.0,0,0.673988,115.0,0,1.359698,0.0,0,0.0,0,0,0,0,0,0,0.0,0,0.0,0,0,0,7141.0,0,0.021897,43.0,0,0,7141.0,0,0.021897,0,0,0,0.0,0,0,0.0,0,0,2856.0,,,,232.0,male,NR,1038.0,372.0,221.0
ALC - Legião urbana Cover,120242503048470075,OUTCOME_AWARENESS,2026-04-01,975,580,1.681034,2,0.205128,0.66498,1.364061,1.32996,2.0,0,0.66498,1.0,0,1.32996,0.0,0,0.0,0,0,0,0,0,0,0.0,0,0.0,0,0,0,49.0,0,0.027142,0.0,0,0,49.0,0,0.027142,0,0,0,0.0,0,0,0.0,0,0,17.0,,,,2.0,unknown,NR,5.0,1.0,1.0
ALC - Diabo veste prada,120242503119030075,OUTCOME_AWARENESS,2026-04-01,112156,58060,1.931726,191,0.170299,0.796806,1.356949,152.19,141.0,0,1.079362,62.0,0,2.454677,0.0,0,0.0,0,0,0,0,0,0,0.0,0,0.0,0,0,0,8351.0,0,0.018224,46.0,0,0,8351.0,0,0.018224,0,0,0,0.0,0,0,0.0,0,0,20869.0,,,,141.0,female,NR,6790.0,3150.0,1963.0
ALC - Diabo veste prada,120242503119030075,OUTCOME_AWARENESS,2026-04-01,55578,32076,1.732697,76,0.136745,0.992368,1.357012,75.42,53.0,0,1.423019,20.0,0,3.771,0.0,0,0.0,0,0,0,0,0,0,0.0,0,0.0,0,0,0,2905.0,0,0.025962,9.0,0,0,2905.0,0,0.025962,0,0,0,0.0,0,0,0.0,0,0,8296.0,,,,53.0,male,NR,2333.0,1106.0,728.0
ALC - Diabo veste prada,120242503119030075,OUTCOME_AWARENESS,2026-04-01,497,298,1.667785,0,0.0,0.0,1.368209,0.68,0.0,0,0.0,0.0,0,0.0,0.0,0,0.0,0,0,0,0,0,0,0.0,0,0.0,0,0,0,24.0,0,0.028333,0.0,0,0,24.0,0,0.028333,0,0,0,0.0,0,0,0.0,0,0,86.0,,,,0.0,unknown,NR,22.0,7.0,6.0
ALC - Senhora Farinha,120242503236000075,OUTCOME_AWARENESS,2026-04-01,83416,72736,1.146832,30,0.035964,2.991667,1.075933,89.75,0.0,0,0.0,0.0,0,0.0,0.0,0,0.0,0,0,0,0,0,0,0.0,0,0.0,0,0,0,3773.0,0,0.023787,24.0,0,0,3773.0,0,0.023787,0,0,0,0.0,0,0,0.0,0,0,5494.0,,,,0.0,female,NR,2306.0,1085.0,759.0
ALC - Senhora Farinha,120242503236000075,OUTCOME_AWARENESS,2026-04-01,117299,97636,1.201391,26,0.022166,4.885385,1.082874,127.02,0.0,0,0.0,0.0,0,0.0,0.0,0,0.0,0,0,0,0,0,0,0.0,0,0.0,0,0,0,3589.0,0,0.035391,25.0,0,0,3589.0,0,0.035391,0,0,0,0.0,0,0,0.0,0,0,5215.0,,,,0.0,male,NR,2234.0,1214.0,876.0
ALC - Senhora Farinha,120242503236000075,OUTCOME_AWARENESS,2026-04-01,633,575,1.10087,0,0.0,0.0,1.011058,0.64,0.0,0,0.0,0.0,0,0.0,0.0,0,0.0,0,0,0,0,0,0,0.0,0,0.0,0,0,0,34.0,0,0.018824,0.0,0,0,34.0,0,0.018824,0,0,0,0.0,0,0,0.0,0,0,51.0,,,,0.0,unknown,NR,22.0,8.0,4.0
ALC - PROMO MAES 26,120243131799260075,OUTCOME_AWARENESS,2026-04-01,45323,31707,1.429432,76,0.167685,0.877226,1.470979,66.669198,57.0,0,1.169635,22.0,0,3.030418,0.0,0,0.0,0,0,0,0,0,0,0.0,0,0.0,0,0,0,1701.0,0,0.039194,15.0,0,0,1701.0,0,0.039194,0,0,0,0.0,0,0,0.0,0,0,517.0,,,,57.0,female,NR,134.0,71.0,37.0
ALC - PROMO MAES 26,120243131799260075,OUTCOME_AWARENESS,2026-04-01,38667,28874,1.339163,78,0.201722,0.722063,1.456562,56.320875,61.0,0,0.923293,21.0,0,2.681946,0.0,0,0.0,0,0,0,0,0,0,0.0,0,0.0,0,0,0,2290.0,0,0.024594,14.0,0,0,2290.0,0,0.024594,0,0,0,0.0,0,0,0.0,0,0,680.0,,,,61.0,male,NR,195.0,110.0,48.0
ALC - PROMO MAES 26,120243131799260075,OUTCOME_AWARENESS,2026-04-01,340,256,1.328125,0,0.0,0.0,1.323315,0.449927,0.0,0,0.0,0.0,0,0.0,0.0,0,0.0,0,0,0,0,0,0,0.0,0,0.0,0,0,0,7.0,0,0.064275,0.0,0,0,7.0,0,0.064275,0,0,0,0.0,0,0,0.0,0,0,1.0,,,,0.0,unknown,NR,,,
TRAF - PROMO MAES 26,120243132088520075,LINK_CLICKS,2026-04-01,11064,9377,1.179908,841,7.601229,0.073203,5.564342,61.56388,850.0,0,0.072428,320.0,0,0.192387,0.0,0,0.0,0,0,0,0,0,0,6.0,0,10.260647,0,0,0,4150.0,0,0.014835,79.0,0,0,4150.0,0,0.014835,0,0,0,0.0,0,0,21.0,0,0,1648.0,,,,850.0,female,NR,877.0,458.0,209.0
TRAF - PROMO MAES 26,120243132088520075,LINK_CLICKS,2026-04-01,7655,6583,1.162844,646,8.438929,0.060118,5.073304,38.83614,632.0,0,0.06145,328.0,0,0.118403,0.0,0,0.0,0,0,0,0,0,0,2.0,0,19.41807,0,0,0,3406.0,0,0.011402,61.0,0,0,3406.0,0,0.011402,0,0,0,0.0,0,0,9.0,0,0,1470.0,,,,632.0,male,NR,775.0,414.0,176.0
TRAF - PROMO MAES 26,120243132088520075,LINK_CLICKS,2026-04-01,39,32,1.21875,0,0.0,0.0,5.127695,0.19998,0.0,0,0.0,0.0,0,0.0,0.0,0,0.0,0,0,0,0,0,0,0.0,0,0.0,0,0,0,11.0,0,0.01818,0.0,0,0,11.0,0,0.01818,0,0,0,0.0,0,0,0.0,0,0,3.0,,,,0.0,unknown,NR,1.0,,
TRAF - FRANQUIAS,120241527985860075,OUTCOME_AWARENESS,2026-05-01,0,0,0.0,0,0.0,0.0,0.0,0.0,0.0,0,0.0,0.0,0,0.0,0.0,0,0.0,0,0,0,0,0,0,0.0,0,0.0,0,0,0,0.0,0,0.0,0.0,0,0,0.0,0,0.0,0,0,0,0.0,0,0,0.0,0,0,,,,,0.0,male,NR,,,
ALC - PROMO MAES 26,120243131799260075,OUTCOME_AWARENESS,2026-05-01,87027,65760,1.323403,163,0.187298,0.678466,1.270755,110.59,117.0,0,0.945214,46.0,0,2.40413,0.0,0,0.0,0,0,0,0,0,0,0.0,0,0.0,0,0,0,5133.0,0,0.021545,28.0,0,0,5133.0,0,0.021545,0,0,0,0.0,0,0,0.0,0,0,1398.0,,,,117.0,female,NR,387.0,199.0,113.0
ALC - PROMO MAES 26,120243131799260075,OUTCOME_AWARENESS,2026-05-01,78179,61658,1.267946,152,0.194426,0.673092,1.308663,102.31,114.0,0,0.897456,51.0,0,2.006078,0.0,0,0.0,0,0,0,0,0,0,0.0,0,0.0,0,0,0,6468.0,0,0.015818,23.0,0,0,6468.0,0,0.015818,0,0,0,0.0,0,0,0.0,0,0,1726.0,,,,114.0,male,NR,523.0,270.0,151.0
ALC - PROMO MAES 26,120243131799260075,OUTCOME_AWARENESS,2026-05-01,600,490,1.22449,1,0.166667,0.71,1.183333,0.71,1.0,0,0.71,0.0,0,0.0,0.0,0,0.0,0,0,0,0,0,0,0.0,0,0.0,0,0,0,34.0,0,0.020882,0.0,0,0,34.0,0,0.020882,0,0,0,0.0,0,0,0.0,0,0,11.0,,,,1.0,unknown,NR,1.0,1.0,1.0
TRAF - PROMO MAES 26,120243132088520075,LINK_CLICKS,2026-05-01,16157,13991,1.154814,1276,7.897506,0.074099,5.851953,94.55,1261.0,0,0.07498,602.0,0,0.15706,7.0,0,13.507143,0,0,0,0,0,0,25.0,0,3.782,0,0,0,8247.0,0,0.011465,196.0,0,0,8247.0,0,0.011465,0,0,0,7.0,0,0,60.0,0,0,3426.0,,,,1261.0,female,NR,1728.0,1010.0,489.0
TRAF - PROMO MAES 26,120243132088520075,LINK_CLICKS,2026-05-01,11628,10179,1.142352,812,6.983144,0.068448,4.779842,55.58,806.0,0,0.068958,508.0,0,0.109409,3.0,0,18.526667,0,0,0,0,0,0,10.0,0,5.558,0,0,0,5553.0,0,0.010009,131.0,0,0,5553.0,0,0.010009,0,0,0,3.0,0,0,36.0,0,0,2332.0,,,,806.0,male,NR,1218.0,683.0,314.0
TRAF - PROMO MAES 26,120243132088520075,LINK_CLICKS,2026-05-01,83,74,1.121622,4,4.819277,0.1075,5.180723,0.43,4.0,0,0.1075,2.0,0,0.215,0.0,0,0.0,0,0,0,0,0,0,1.0,0,0.43,0,0,0,34.0,0,0.012647,3.0,0,0,34.0,0,0.012647,0,0,0,0.0,0,0,1.0,0,0,14.0,,,,4.0,unknown,NR,9.0,7.0,2.0
ALC - Jeep - NATAL 2025,120240077958240260,OUTCOME_AWARENESS,2025-11-08,7352,7117,1.03302,12,0.163221,0.949167,1.549238,11.39,9.0,0,1.265556,2.0,0,5.695,0.0,0,0.0,0,0,0,0,0,0,0.0,0,0.0,0,0,0,28.0,0,0.406786,0.0,0,0,28.0,0,0.406786,0,0,0,0.0,0,0,0.0,0,0,99.0,,,,9.0,female,GS,31.0,13.0,10.0
ALC - Jeep - NATAL 2025,120240077958240260,OUTCOME_AWARENESS,2025-11-08,11251,11213,1.003389,19,0.168874,0.894211,1.510088,16.99,17.0,0,0.999412,0.0,0,0.0,0.0,0,0.0,0,0,0,0,0,0,0.0,0,0.0,0,0,0,61.0,0,0.278525,2.0,0,0,61.0,0,0.278525,0,0,0,0.0,0,0,0.0,0,0,195.0,,,,17.0,male,GS,58.0,31.0,20.0
ALC - Jeep - NATAL 2025,120240077958240260,OUTCOME_AWARENESS,2025-11-08,88,88,1.0,0,0.0,0.0,1.477273,0.13,0.0,0,0.0,0.0,0,0.0,0.0,0,0.0,0,0,0,0,0,0,0.0,0,0.0,0,0,0,1.0,0,0.13,0.0,0,0,1.0,0,0.13,0,0,0,0.0,0,0,0.0,0,0,3.0,,,,0.0,unknown,GS,2.0,1.0,1.0
ALC - Reels Maya,120240078063570260,OUTCOME_AWARENESS,2025-11-08,105494,91294,1.155541,131,0.124178,1.277405,1.586251,167.34,88.0,0,1.901591,37.0,0,4.522703,0.0,0,0.0,0,0,0,0,0,0,0.0,0,0.0,0,0,0,4246.0,0,0.039411,17.0,0,0,4246.0,0,0.039411,0,0,0,0.0,0,0,0.0,0,0,139.0,,,,88.0,female,GS,56.0,40.0,20.0
ALC - Reels Maya,120240078063570260,OUTCOME_AWARENESS,2025-11-08,88708,71779,1.235849,79,0.089056,1.777342,1.582834,140.41,60.0,0,2.340167,17.0,0,8.259412,0.0,0,0.0,0,0,0,0,0,0,0.0,0,0.0,0,0,0,2845.0,0,0.049353,13.0,0,0,2845.0,0,0.049353,0,0,0,0.0,0,0,0.0,0,0,98.0,,,,60.0,male,GS,27.0,19.0,10.0
ALC - Reels Maya,120240078063570260,OUTCOME_AWARENESS,2025-11-08,867,720,1.204167,1,0.11534,1.47,1.695502,1.47,1.0,0,1.47,1.0,0,1.47,0.0,0,0.0,0,0,0,0,0,0,0.0,0,0.0,0,0,0,35.0,0,0.042,0.0,0,0,35.0,0,0.042,0,0,0,0.0,0,0,0.0,0,0,2.0,,,,1.0,unknown,GS,,,
ALC - Natal Aftermovie,120240078199640260,OUTCOME_AWARENESS,2025-11-08,51236,50561,1.01335,74,0.14443,1.098378,1.586385,81.28,50.0,0,1.6256,0.0,0,0.0,0.0,0,0.0,0,0,0,0,0,0,0.0,0,0.0,0,0,0,1510.0,0,0.053828,16.0,0,0,1510.0,0,0.053828,0,0,0,0.0,0,0,0.0,0,0,90.0,,,,0.0,female,GS,28.0,17.0,10.0
ALC - Natal Aftermovie,120240078199640260,OUTCOME_AWARENESS,2025-11-08,46553,44053,1.05675,50,0.107404,1.4732,1.582283,73.66,33.0,0,2.232121,0.0,0,0.0,0.0,0,0.0,0,0,0,0,0,0,0.0,0,0.0,0,0,0,1470.0,0,0.050109,10.0,0,0,1470.0,0,0.050109,0,0,0,0.0,0,0,0.0,0,0,89.0,,,,0.0,male,GS,36.0,16.0,12.0
ALC - Natal Aftermovie,120240078199640260,OUTCOME_AWARENESS,2025-11-08,360,359,1.002786,2,0.555556,0.255,1.416667,0.51,2.0,0,0.255,0.0,0,0.0,0.0,0,0.0,0,0,0,0,0,0,0.0,0,0.0,0,0,0,12.0,0,0.0425,0.0,0,0,12.0,0,0.0425,0,0,0,0.0,0,0,0.0,0,0,1.0,,,,0.0,unknown,GS,,,
ALC - Feira de Adoção,120240078423610260,OUTCOME_AWARENESS,2025-11-08,4910,4910,1.0,6,0.1222,1.321667,1.615071,7.93,3.0,0,2.643333,0.0,0,0.0,0.0,0,0.0,0,0,0,0,0,0,0.0,0,0.0,0,0,0,8.0,0,0.99125,0.0,0,0,8.0,0,0.99125,0,0,0,0.0,0,0,0.0,0,0,73.0,,,,0.0,female,GS,12.0,5.0,4.0
ALC - Feira de Adoção,120240078423610260,OUTCOME_AWARENESS,2025-11-08,6617,6500,1.018,6,0.090676,1.738333,1.576243,10.43,4.0,0,2.6075,0.0,0,0.0,0.0,0,0.0,0,0,0,0,0,0,0.0,0,0.0,0,0,0,32.0,0,0.325938,0.0,0,0,32.0,0,0.325938,0,0,0,0.0,0,0,0.0,0,0,186.0,,,,0.0,male,GS,42.0,26.0,19.0
ALC - Feira de Adoção,120240078423610260,OUTCOME_AWARENESS,2025-11-08,51,51,1.0,0,0.0,0.0,1.764706,0.09,0.0,0,0.0,0.0,0,0.0,0.0,0,0.0,0,0,0,0,0,0,0.0,0,0.0,0,0,0,1.0,0,0.09,0.0,0,0,1.0,0,0.09,0,0,0,0.0,0,0,0.0,0,0,2.0,,,,0.0,unknown,GS,1.0,1.0,1.0
ALC - Edgar + Rayban,120240078887090260,OUTCOME_AWARENESS,2025-11-08,59764,57394,1.041294,77,0.12884,1.241169,1.599123,95.57,58.0,0,1.647759,0.0,0,0.0,0.0,0,0.0,0,0,0,0,0,0,0.0,0,0.0,0,0,0,2228.0,0,0.042895,7.0,0,0,2228.0,0,0.042895,0,0,0,0.0,0,0,0.0,0,0,96.0,,,,0.0,female,GS,29.0,16.0,12.0
ALC - Edgar + Rayban,120240078887090260,OUTCOME_AWARENESS,2025-11-08,61300,59190,1.035648,59,0.096248,1.665424,1.602936,98.26,39.0,0,2.519487,0.0,0,0.0,0.0,0,0.0,0,0,0,0,0,0,0.0,0,0.0,0,0,0,2619.0,0,0.037518,6.0,0,0,2619.0,0,0.037518,0,0,0,0.0,0,0,0.0,0,0,145.0,,,,0.0,male,GS,58.0,37.0,19.0
ALC - Edgar + Rayban,120240078887090260,OUTCOME_AWARENESS,2025-11-08,483,481,1.004158,0,0.0,0.0,2.070393,1.0,0.0,0,0.0,0.0,0,0.0,0.0,0,0.0,0,0,0,0,0,0,0.0,0,0.0,0,0,0,18.0,0,0.055556,0.0,0,0,18.0,0,0.055556,0,0,0,0.0,0,0,0.0,0,0,3.0,,,,0.0,unknown,GS,1.0,,
ALC - NATAL 25,120240129895630260,OUTCOME_AWARENESS,2025-11-08,151087,110362,1.369013,421,0.278647,0.559952,1.560293,235.74,199.0,0,1.184623,0.0,0,0.0,0.0,0,0.0,0,0,0,0,0,0,0.0,0,0.0,0,0,0,1892.0,0,0.124598,55.0,0,0,1893.0,0,0.124532,0,0,0,0.0,0,0,0.0,0,0,3737.0,,,,199.0,female,GS,1078.0,588.0,384.0
ALC - NATAL 25,120240129895630260,OUTCOME_AWARENESS,2025-11-08,264409,172340,1.534229,555,0.209902,0.752072,1.578615,417.4,294.0,0,1.419728,0.0,0,0.0,0.0,0,0.0,0,0,0,0,0,0,0.0,0,0.0,0,0,0,1546.0,0,0.269987,72.0,0,0,1548.0,0,0.269638,0,0,0,0.0,0,0,0.0,0,0,5631.0,,,,293.0,male,GS,1472.0,772.0,510.0
ALC - NATAL 25,120240129895630260,OUTCOME_AWARENESS,2025-11-08,3180,2608,1.219325,4,0.125786,1.1975,1.506289,4.79,1.0,0,4.79,0.0,0,0.0,0.0,0,0.0,0,0,0,0,0,0,0.0,0,0.0,0,0,0,14.0,0,0.342143,0.0,0,0,14.0,0,0.342143,0,0,0,0.0,0,0,0.0,0,0,55.0,,,,1.0,unknown,GS,12.0,5.0,4.0
TRAF - NATAL 25,120240130017780260,LINK_CLICKS,2025-11-08,11770,7865,1.496504,189,1.605777,0.285979,4.592184,54.05,132.0,0,0.40947,111.0,0,0.486937,0.0,0,0.0,0,0,0,0,0,0,0.0,0,0.0,0,0,0,177.0,0,0.305367,21.0,0,0,177.0,0,0.305367,0,0,0,0.0,0,0,0.0,0,0,61.0,,,,132.0,female,GS,31.0,21.0,17.0
TRAF - NATAL 25,120240130017780260,LINK_CLICKS,2025-11-08,12316,8158,1.509684,156,1.266645,0.348782,4.41783,54.41,131.0,0,0.415344,115.0,0,0.47313,0.0,0,0.0,0,0,0,0,0,0,0.0,0,0.0,0,0,0,152.0,0,0.357961,9.0,0,0,152.0,0,0.357961,0,0,0,0.0,0,0,0.0,0,0,41.0,,,,131.0,male,GS,18.0,9.0,6.0
TRAF - NATAL 25,120240130017780260,LINK_CLICKS,2025-11-08,207,168,1.232143,3,1.449275,0.31,4.492754,0.93,3.0,0,0.31,2.0,0,0.465,0.0,0,0.0,0,0,0,0,0,0,0.0,0,0.0,0,0,0,4.0,0,0.2325,0.0,0,0,4.0,0,0.2325,0,0,0,0.0,0,0,0.0,0,0,1.0,,,,3.0,unknown,GS,1.0,1.0,1.0
ALC - Reels Decoração,120240146248790260,OUTCOME_AWARENESS,2025-11-08,58007,47330,1.225586,78,0.134467,1.127308,1.515852,87.93,46.0,0,1.911522,1.0,0,87.93,0.0,0,0.0,0,0,0,0,0,0,0.0,0,0.0,0,0,0,2086.0,0,0.042152,8.0,0,0,2086.0,0,0.042152,0,0,0,0.0,0,0,0.0,0,0,621.0,,,,1.0,female,GS,200.0,55.0,39.0
ALC - Reels Decoração,120240146248790260,OUTCOME_AWARENESS,2025-11-08,67848,57275,1.184601,67,0.09875,1.578806,1.559073,105.78,46.0,0,2.299565,0.0,0,0.0,0.0,0,0.0,0,0,0,0,0,0,0.0,0,0.0,0,0,0,2089.0,0,0.050637,6.0,0,0,2089.0,0,0.050637,0,0,0,0.0,0,0,0.0,0,0,571.0,,,,0.0,male,GS,212.0,91.0,49.0
ALC - Reels Decoração,120240146248790260,OUTCOME_AWARENESS,2025-11-08,586,518,1.131274,0,0.0,0.0,1.313993,0.77,0.0,0,0.0,0.0,0,0.0,0.0,0,0.0,0,0,0,0,0,0,0.0,0,0.0,0,0,0,18.0,0,0.042778,0.0,0,0,18.0,0,0.042778,0,0,0,0.0,0,0,0.0,0,0,6.0,,,,0.0,unknown,GS,1.0,1.0,
ALC - Reels Madô,120240358848200260,OUTCOME_AWARENESS,2025-11-08,28663,28663,1.0,38,0.132575,1.245526,1.651258,47.33,26.0,0,1.820385,0.0,0,0.0,0.0,0,0.0,0,0,0,0,0,0,0.0,0,0.0,0,0,0,705.0,0,0.067135,3.0,0,0,705.0,0,0.067135,0,0,0,0.0,0,0,0.0,0,0,389.0,,,,0.0,female,GS,226.0,114.0,17.0
ALC - Reels Madô,120240358848200260,OUTCOME_AWARENESS,2025-11-08,28830,28830,1.0,30,0.104058,1.637333,1.703781,49.12,17.0,0,2.889412,1.0,0,49.12,0.0,0,0.0,0,0,0,0,0,0,0.0,0,0.0,0,0,0,664.0,0,0.073976,7.0,0,0,664.0,0,0.073976,0,0,0,0.0,0,0,0.0,0,0,353.0,,,,0.0,male,GS,179.0,101.0,19.0
ALC - Reels Madô,120240358848200260,OUTCOME_AWARENESS,2025-11-08,242,240,1.008333,1,0.413223,0.46,1.900826,0.46,1.0,0,0.46,0.0,0,0.0,0.0,0,0.0,0,0,0,0,0,0,0.0,0,0.0,0,0,0,12.0,0,0.038333,0.0,0,0,12.0,0,0.038333,0,0,0,0.0,0,0,0.0,0,0,6.0,,,,0.0,unknown,GS,4.0,2.0,
ALC - Aventuras Caninas de Natal,120240403082690260,OUTCOME_AWARENESS,2025-11-08,467469,451994,1.034237,943,0.201725,0.999894,2.017032,942.9,770.0,0,1.224545,293.0,0,3.218089,0.0,0,0.0,0,0,0,0,0,0,0.0,0,0.0,0,0,0,6831.0,0,0.138033,47.0,0,0,6831.0,0,0.138033,0,0,0,0.0,0,0,0.0,0,0,3707.0,,,,770.0,female,GS,1449.0,707.0,499.0
ALC - Aventuras Caninas de Natal,120240403082690260,OUTCOME_AWARENESS,2025-11-08,437131,416316,1.049998,733,0.167684,1.206726,2.02349,884.53,595.0,0,1.486605,204.0,0,4.335931,0.0,0,0.0,0,0,0,0,0,0,0.0,0,0.0,0,0,0,7128.0,0,0.124092,51.0,0,0,7128.0,0,0.124092,0,0,0,0.0,0,0,0.0,0,0,3898.0,,,,593.0,male,GS,1407.0,683.0,488.0
ALC - Aventuras Caninas de Natal,120240403082690260,OUTCOME_AWARENESS,2025-11-08,4216,4034,1.045117,9,0.213472,0.902222,1.925996,8.12,8.0,0,1.015,5.0,0,1.624,0.0,0,0.0,0,0,0,0,0,0,0.0,0,0.0,0,0,0,49.0,0,0.165714,1.0,0,0,49.0,0,0.165714,0,0,0,0.0,0,0,0.0,0,0,36.0,,,,8.0,unknown,GS,10.0,4.0,3.0
ALC - Mileninha,120240427184770260,OUTCOME_AWARENESS,2025-11-08,462558,454037,1.018767,1391,0.300719,0.717218,2.156811,997.65,540.0,0,1.8475,83.0,0,12.01988,0.0,0,0.0,0,0,0,0,0,0,0.0,0,0.0,0,0,0,23149.0,0,0.043097,107.0,0,0,23150.0,0,0.043095,0,0,0,0.0,0,0,0.0,0,0,8200.0,,,,539.0,female,GS,3537.0,1376.0,864.0
ALC - Mileninha,120240427184770260,OUTCOME_AWARENESS,2025-11-08,463756,408533,1.135174,958,0.206574,1.031743,2.131315,988.41,412.0,0,2.399053,66.0,0,14.975909,0.0,0,0.0,0,0,0,0,0,0,0.0,0,0.0,0,0,0,25636.0,0,0.038556,81.0,0,0,25636.0,0,0.038556,0,0,0,0.0,0,0,0.0,0,0,7713.0,,,,411.0,male,GS,2847.0,1286.0,833.0
ALC - Mileninha,120240427184770260,OUTCOME_AWARENESS,2025-11-08,6848,6208,1.103093,19,0.277453,0.728421,2.021028,13.84,7.0,0,1.977143,0.0,0,0.0,0.0,0,0.0,0,0,0,0,0,0,0.0,0,0.0,0,0,0,364.0,0,0.038022,1.0,0,0,364.0,0,0.038022,0,0,0,0.0,0,0,0.0,0,0,123.0,,,,7.0,unknown,GS,35.0,15.0,8.0
ENG - Mileninha,120240469270520260,OUTCOME_ENGAGEMENT,2025-11-08,75317,68865,1.093691,1048,1.391452,0.468922,6.524822,491.43,316.0,0,1.555158,207.0,0,2.374058,0.0,0,0.0,0,0,0,0,0,0,0.0,0,0.0,0,0,0,26009.0,0,0.018895,507.0,0,0,26009.0,0,0.018895,0,0,0,0.0,0,0,0.0,0,0,14395.0,,,,315.0,female,GS,7672.0,5165.0,3465.0
ENG - Mileninha,120240469270520260,OUTCOME_ENGAGEMENT,2025-11-08,27532,25935,1.061577,330,1.198605,0.544727,6.52913,179.76,79.0,0,2.275443,41.0,0,4.38439,0.0,0,0.0,0,0,0,0,0,0,0.0,0,0.0,0,0,0,9644.0,0,0.01864,167.0,0,0,9644.0,0,0.01864,0,0,0,0.0,0,0,0.0,0,0,5021.0,,,,79.0,male,GS,2513.0,1704.0,1204.0
ENG - Mileninha,120240469270520260,OUTCOME_ENGAGEMENT,2025-11-08,614,557,1.102334,5,0.814332,0.74,6.026059,3.7,0.0,0,0.0,0.0,0,0.0,0.0,0,0.0,0,0,0,0,0,0,0.0,0,0.0,0,0,0,184.0,0,0.020109,4.0,0,0,184.0,0,0.020109,0,0,0,0.0,0,0,0.0,0,0,105.0,,,,0.0,unknown,GS,62.0,36.0,19.0
ENG - Aventuras Caninas de Natal,120240470105850260,OUTCOME_ENGAGEMENT,2025-11-08,63469,57932,1.095578,461,0.726339,1.038091,7.540059,478.56,347.0,0,1.379135,233.0,0,2.053906,0.0,0,0.0,0,0,0,0,0,0,0.0,0,0.0,0,0,0,28649.0,0,0.016704,510.0,0,0,28649.0,0,0.016704,0,0,0,0.0,0,0,0.0,0,0,16751.0,,,,347.0,female,GS,8340.0,5884.0,4543.0
ENG - Aventuras Caninas de Natal,120240470105850260,OUTCOME_ENGAGEMENT,2025-11-08,29573,26536,1.114448,133,0.449735,1.428571,6.424779,190.0,106.0,0,1.792453,58.0,0,3.275862,0.0,0,0.0,0,0,0,0,0,0,0.0,0,0.0,0,0,0,10912.0,0,0.017412,208.0,0,0,10912.0,0,0.017412,0,0,0,0.0,0,0,0.0,0,0,6155.0,,,,106.0,male,GS,3142.0,2224.0,1778.0
ENG - Aventuras Caninas de Natal,120240470105850260,OUTCOME_ENGAGEMENT,2025-11-08,354,312,1.134615,2,0.564972,1.355,7.655367,2.71,2.0,0,1.355,2.0,0,1.355,0.0,0,0.0,0,0,0,0,0,0,0.0,0,0.0,0,0,0,141.0,0,0.01922,6.0,0,0,141.0,0,0.01922,0,0,0,0.0,0,0,0.0,0,0,74.0,,,,2.0,unknown,GS,35.0,24.0,22.0
TRAF - NATAL 25,120240534673620260,LINK_CLICKS,2025-11-08,17826,9509,1.874645,175,0.981712,0.433429,4.255021,75.85,153.0,0,0.495752,138.0,0,0.549638,0.0,0,0.0,0,0,0,0,0,0,0.0,0,0.0,0,0,0,158.0,0,0.480063,3.0,0,0,158.0,0,0.480063,0,0,0,0.0,0,0,0.0,0,0,,,,,152.0,female,GS,,,
TRAF - NATAL 25,120240534673620260,LINK_CLICKS,2025-11-08,7577,4512,1.6793,55,0.725881,0.520182,3.775901,28.61,52.0,0,0.550192,47.0,0,0.608723,0.0,0,0.0,0,0,0,0,0,0,0.0,0,0.0,0,0,0,56.0,0,0.510893,4.0,0,0,56.0,0,0.510893,0,0,0,0.0,0,0,0.0,0,0,,,,,52.0,male,GS,,,
TRAF - NATAL 25,120240534673620260,LINK_CLICKS,2025-11-08,59,41,1.439024,0,0.0,0.0,4.915254,0.29,0.0,0,0.0,0.0,0,0.0,0.0,0,0.0,0,0,0,0,0,0,0.0,0,0.0,0,0,0,0.0,0,0.0,0.0,0,0,0.0,0,0.0,0,0,0,0.0,0,0,0.0,0,0,,,,,0.0,unknown,GS,,,
ALC - Chapeuzinho vermelho Natal,120240755196880260,OUTCOME_AWARENESS,2025-11-08,152120,148846,1.021996,233,0.153169,1.125923,1.72456,262.34,192.0,0,1.366354,74.0,0,3.545135,0.0,0,0.0,0,0,0,0,0,0,0.0,0,0.0,0,0,0,514.0,0,0.510389,10.0,0,0,514.0,0,0.510389,0,0,0,0.0,0,0,0.0,0,0,1105.0,,,,192.0,female,GS,393.0,217.0,161.0
ALC - Chapeuzinho vermelho Natal,120240755196880260,OUTCOME_AWARENESS,2025-11-08,136134,135891,1.001788,162,0.119,1.453827,1.73006,235.52,140.0,0,1.682286,41.0,0,5.74439,0.0,0,0.0,0,0,0,0,0,0,0.0,0,0.0,0,0,0,488.0,0,0.482623,10.0,0,0,488.0,0,0.482623,0,0,0,0.0,0,0,0.0,0,0,1095.0,,,,140.0,male,GS,409.0,241.0,166.0
ALC - Chapeuzinho vermelho Natal,120240755196880260,OUTCOME_AWARENESS,2025-11-08,1234,1200,1.028333,3,0.243112,0.673333,1.636953,2.02,2.0,0,1.01,0.0,0,0.0,0.0,0,0.0,0,0,0,0,0,0,0.0,0,0.0,0,0,0,4.0,0,0.505,0.0,0,0,4.0,0,0.505,0,0,0,0.0,0,0,0.0,0,0,8.0,,,,2.0,unknown,GS,4.0,,
ALC - Meu vilão favorito,120240755310190260,OUTCOME_AWARENESS,2025-11-08,148689,143741,1.034423,70,0.047078,3.792,1.785203,265.44,0.0,0,0.0,0.0,0,0.0,0.0,0,0.0,0,0,0,0,0,0,0.0,0,0.0,0,0,0,7971.0,0,0.033301,50.0,0,0,7971.0,0,0.033301,0,0,0,0.0,0,0,0.0,0,0,3356.0,,,,0.0,female,GS,1488.0,802.0,256.0
ALC - Meu vilão favorito,120240755310190260,OUTCOME_AWARENESS,2025-11-08,128974,125916,1.024286,36,0.027913,6.453056,1.801216,232.31,0.0,0,0.0,0.0,0,0.0,0.0,0,0.0,0,0,0,0,0,0,0.0,0,0.0,0,0,0,7460.0,0,0.031141,38.0,0,0,7460.0,0,0.031141,0,0,0,0.0,0,0,0.0,0,0,3114.0,,,,0.0,male,GS,1273.0,699.0,301.0
ALC - Meu vilão favorito,120240755310190260,OUTCOME_AWARENESS,2025-11-08,1062,1041,1.020173,0,0.0,0.0,2.024482,2.15,0.0,0,0.0,0.0,0,0.0,0.0,0,0.0,0,0,0,0,0,0,0.0,0,0.0,0,0,0,56.0,0,0.038393,0.0,0,0,56.0,0,0.038393,0,0,0,0.0,0,0,0.0,0,0,29.0,,,,0.0,unknown,GS,14.0,7.0,2.0
ALC - BLACK FRIDAY GS,120241055514670260,OUTCOME_AWARENESS,2025-11-08,195662,191483,1.021824,90,0.045998,4.627889,2.128722,416.51,3.0,0,138.836667,2.0,0,208.255,0.0,0,0.0,0,0,0,0,0,0,0.0,0,0.0,0,0,0,9741.0,0,0.042758,34.0,0,0,9741.0,0,0.042758,0,0,0,0.0,0,0,0.0,0,0,12274.0,,,,3.0,female,GS,5530.0,2800.0,1948.0
ALC - BLACK FRIDAY GS,120241055514670260,OUTCOME_AWARENESS,2025-11-08,178577,171910,1.038782,70,0.039199,5.427429,2.127486,379.92,3.0,0,126.64,2.0,0,189.96,0.0,0,0.0,0,0,0,0,0,0,0.0,0,0.0,0,0,0,10316.0,0,0.036828,21.0,0,0,10316.0,0,0.036828,0,0,0,0.0,0,0,0.0,0,0,12615.0,,,,2.0,male,GS,5493.0,2525.0,1710.0
ALC - BLACK FRIDAY GS,120241055514670260,OUTCOME_AWARENESS,2025-11-08,1693,1632,1.037377,2,0.118133,1.775,2.096869,3.55,0.0,0,0.0,0.0,0,0.0,0.0,0,0.0,0,0,0,0,0,0,0.0,0,0.0,0,0,0,82.0,0,0.043293,0.0,0,0,82.0,0,0.043293,0,0,0,0.0,0,0,0.0,0,0,102.0,,,,0.0,unknown,GS,45.0,30.0,23.0
ALC- Tributo Elton John e Adele,120241070269760260,OUTCOME_AWARENESS,2025-11-08,394283,379089,1.04008,727,0.184385,1.444402,2.663265,1050.08,576.0,0,1.823056,228.0,0,4.605614,0.0,0,0.0,0,0,0,0,0,0,0.0,0,0.0,0,0,0,11547.0,0,0.09094,87.0,0,0,11547.0,0,0.09094,0,0,0,0.0,0,0,0.0,0,0,3701.0,,,,575.0,female,GS,1184.0,656.0,404.0
ALC- Tributo Elton John e Adele,120241070269760260,OUTCOME_AWARENESS,2025-11-08,358962,337175,1.064616,669,0.186371,1.406652,2.621587,941.05,530.0,0,1.775566,180.0,0,5.228056,0.0,0,0.0,0,0,0,0,0,0,0.0,0,0.0,0,0,0,9810.0,0,0.095928,84.0,0,0,9810.0,0,0.095928,0,0,0,0.0,0,0,0.0,0,0,3742.0,,,,527.0,male,GS,1313.0,697.0,457.0
ALC- Tributo Elton John e Adele,120241070269760260,OUTCOME_AWARENESS,2025-11-08,3424,3333,1.027303,6,0.175234,1.471667,2.578855,8.83,5.0,0,1.766,0.0,0,0.0,0.0,0,0.0,0,0,0,0,0,0,0.0,0,0.0,0,0,0,82.0,0,0.107683,0.0,0,0,82.0,0,0.107683,0,0,0,0.0,0,0,0.0,0,0,22.0,,,,5.0,unknown,GS,8.0,4.0,3.0
ALC - MUSICAL TEMPO,120241072208340260,OUTCOME_AWARENESS,2025-11-08,399590,390847,1.022369,799,0.199955,1.320588,2.640582,1055.15,656.0,0,1.60846,254.0,0,4.154134,0.0,0,0.0,0,0,0,0,0,0,0.0,0,0.0,0,0,0,7374.0,0,0.143091,104.0,0,0,7374.0,0,0.143091,0,0,0,0.0,0,0,0.0,0,0,3354.0,,,,655.0,female,GS,1374.0,554.0,381.0
ALC - MUSICAL TEMPO,120241072208340260,OUTCOME_AWARENESS,2025-11-08,358744,329241,1.089609,621,0.173104,1.507021,2.608713,935.86,515.0,0,1.817204,154.0,0,6.077013,0.0,0,0.0,0,0,0,0,0,0,0.0,0,0.0,0,0,0,5752.0,0,0.162702,60.0,0,0,5752.0,0,0.162702,0,0,0,0.0,0,0,0.0,0,0,2653.0,,,,514.0,male,GS,1023.0,475.0,317.0
ALC - MUSICAL TEMPO,120241072208340260,OUTCOME_AWARENESS,2025-11-08,3371,3288,1.025243,9,0.266983,0.961111,2.566004,8.65,7.0,0,1.235714,2.0,0,4.325,0.0,0,0.0,0,0,0,0,0,0,0.0,0,0.0,0,0,0,45.0,0,0.192222,1.0,0,0,45.0,0,0.192222,0,0,0,0.0,0,0,0.0,0,0,19.0,,,,7.0,unknown,GS,9.0,5.0,4.0
TRAF - NATAL 25 CLIQUES 02,120241128882090260,LINK_CLICKS,2025-11-08,12026,7253,1.658073,202,1.679694,0.434158,7.292533,87.7,175.0,0,0.501143,137.0,0,0.640146,0.0,0,0.0,0,0,0,0,0,0,0.0,0,0.0,0,0,0,342.0,0,0.256433,27.0,0,0,342.0,0,0.256433,0,0,0,0.0,0,0,0.0,0,0,86.0,,,,172.0,female,GS,43.0,31.0,22.0
TRAF - NATAL 25 CLIQUES 02,120241128882090260,LINK_CLICKS,2025-11-08,15019,9119,1.647001,240,1.597976,0.380958,6.087622,91.43,219.0,0,0.417489,167.0,0,0.547485,0.0,0,0.0,0,0,0,0,0,0,0.0,0,0.0,0,0,0,291.0,0,0.314192,35.0,0,0,291.0,0,0.314192,0,0,0,0.0,0,0,0.0,0,0,26.0,,,,217.0,male,GS,13.0,9.0,7.0
TRAF - NATAL 25 CLIQUES 02,120241128882090260,LINK_CLICKS,2025-11-08,95,65,1.461538,2,2.105263,0.325,6.842105,0.65,1.0,0,0.65,0.0,0,0.0,0.0,0,0.0,0,0,0,0,0,0,0.0,0,0.0,0,0,0,4.0,0,0.1625,1.0,0,0,4.0,0,0.1625,0,0,0,0.0,0,0,0.0,0,0,1.0,,,,1.0,unknown,GS,1.0,1.0,1.0
ALC - NATAL 25,120240129895630260,OUTCOME_AWARENESS,2025-12-01,604365,347446,1.73945,1271,0.210303,0.595602,1.252571,757.01,679.0,0,1.11489,0.0,0,0.0,0.0,0,0.0,0,0,0,0,0,0,0.0,0,0.0,0,0,0,11934.0,0,0.063433,118.0,0,0,11936.0,0,0.063422,0,0,0,0.0,0,0,0.0,0,0,7270.0,,,,541.0,female,GS,2839.0,1540.0,761.0
ALC - NATAL 25,120240129895630260,OUTCOME_AWARENESS,2025-12-01,780159,386434,2.018867,1384,0.1774,0.715499,1.269293,990.25,797.0,0,1.242472,0.0,0,0.0,0.0,0,0.0,0,0,0,0,0,0,0.0,0,0.0,0,0,0,11638.0,0,0.085088,123.0,0,0,11639.0,0,0.08508,0,0,0,0.0,0,0,0.0,0,0,10347.0,,,,724.0,male,GS,3838.0,2100.0,1272.0
ALC - NATAL 25,120240129895630260,OUTCOME_AWARENESS,2025-12-01,6112,3362,1.817966,7,0.114529,1.132857,1.297448,7.93,6.0,0,1.321667,0.0,0,0.0,0.0,0,0.0,0,0,0,0,0,0,0.0,0,0.0,0,0,0,94.0,0,0.084362,0.0,0,0,94.0,0,0.084362,0,0,0,0.0,0,0,0.0,0,0,72.0,,,,4.0,unknown,GS,30.0,16.0,8.0
ALC - BLACK FRIDAY GS,120241055514670260,OUTCOME_AWARENESS,2025-12-01,0,0,0.0,0,0.0,0.0,0.0,0.0,0.0,0,0.0,0.0,0,0.0,0.0,0,0.0,0,0,0,0,0,0,0.0,0,0.0,0,0,0,0.0,0,0.0,0.0,0,0,0.0,0,0.0,0,0,0,0.0,0,0,0.0,0,0,,,,,0.0,female,GS,,,
TRAF - NATAL 25 CLIQUES 02,120241128882090260,LINK_CLICKS,2025-12-01,248397,72081,3.446081,3117,1.254846,0.344876,4.327669,1074.98,2818.0,0,0.381469,2127.0,0,0.505397,0.0,0,0.0,0,0,0,0,0,0,0.0,0,0.0,0,0,0,10131.0,0,0.106108,292.0,0,0,10131.0,0,0.106108,0,0,0,0.0,0,0,0.0,0,0,5304.0,,,,2732.0,female,GS,3610.0,2009.0,1522.0
TRAF - NATAL 25 CLIQUES 02,120241128882090260,LINK_CLICKS,2025-12-01,225603,67141,3.360138,2864,1.269487,0.322105,4.089086,922.51,2602.0,0,0.354539,1809.0,0,0.509956,0.0,0,0.0,0,0,0,0,0,0,0.0,0,0.0,0,0,0,6365.0,0,0.144935,291.0,0,0,6365.0,0,0.144935,0,0,0,0.0,0,0,0.0,0,0,2638.0,,,,2559.0,male,GS,1674.0,955.0,745.0
TRAF - NATAL 25 CLIQUES 02,120241128882090260,LINK_CLICKS,2025-12-01,2032,597,3.403685,26,1.279528,0.336538,4.306102,8.75,23.0,0,0.380435,18.0,0,0.486111,0.0,0,0.0,0,0,0,0,0,0,0.0,0,0.0,0,0,0,50.0,0,0.175,1.0,0,0,50.0,0,0.175,0,0,0,0.0,0,0,0.0,0,0,20.0,,,,23.0,unknown,GS,20.0,8.0,6.0
ALC - Árvore solidária,120241456113430260,OUTCOME_AWARENESS,2025-12-01,128623,106093,1.212361,140,0.108845,1.374214,1.495767,192.39,115.0,0,1.672957,0.0,0,0.0,0.0,0,0.0,0,0,0,0,0,0,0.0,0,0.0,0,0,0,1569.0,0,0.12262,7.0,0,0,1569.0,0,0.12262,0,0,0,0.0,0,0,0.0,0,0,1366.0,,,,2.0,female,GS,602.0,420.0,320.0
ALC - Árvore solidária,120241456113430260,OUTCOME_AWARENESS,2025-12-01,120307,95432,1.260657,106,0.088108,1.692453,1.491185,179.4,80.0,0,2.2425,0.0,0,0.0,0.0,0,0.0,0,0,0,0,0,0,0.0,0,0.0,0,0,0,1625.0,0,0.1104,14.0,0,0,1625.0,0,0.1104,0,0,0,0.0,0,0,0.0,0,0,1486.0,,,,0.0,male,GS,620.0,370.0,259.0
ALC - Árvore solidária,120241456113430260,OUTCOME_AWARENESS,2025-12-01,1121,921,1.217155,0,0.0,0.0,1.596789,1.79,0.0,0,0.0,0.0,0,0.0,0.0,0,0.0,0,0,0,0,0,0,0.0,0,0.0,0,0,0,8.0,0,0.22375,0.0,0,0,8.0,0,0.22375,0,0,0,0.0,0,0,0.0,0,0,7.0,,,,0.0,unknown,GS,4.0,2.0,2.0
Coral Adventista,120241456346500260,OUTCOME_AWARENESS,2025-12-01,110229,106514,1.034878,94,0.085277,1.842872,1.571547,173.23,68.0,0,2.5475,0.0,0,0.0,0.0,0,0.0,0,0,0,0,0,0,0.0,0,0.0,0,0,0,75.0,0,2.309733,7.0,0,0,75.0,0,2.309733,0,0,0,0.0,0,0,0.0,0,0,,,,,0.0,female,GS,,,
Coral Adventista,120241456346500260,OUTCOME_AWARENESS,2025-12-01,111087,103469,1.073626,109,0.098121,1.607339,1.577142,175.2,84.0,0,2.085714,0.0,0,0.0,0.0,0,0.0,0,0,0,0,0,0,0.0,0,0.0,0,0,0,92.0,0,1.904348,7.0,0,0,92.0,0,1.904348,0,0,0,0.0,0,0,0.0,0,0,,,,,0.0,male,GS,,,
Coral Adventista,120241456346500260,OUTCOME_AWARENESS,2025-12-01,906,896,1.011161,1,0.110375,1.54,1.699779,1.54,1.0,0,1.54,0.0,0,0.0,0.0,0,0.0,0,0,0,0,0,0,0.0,0,0.0,0,0,0,2.0,0,0.77,1.0,0,0,2.0,0,0.77,0,0,0,0.0,0,0,0.0,0,0,,,,,0.0,unknown,GS,,,
ALC - Inauguração - Manly,120241830292400260,OUTCOME_AWARENESS,2025-12-01,137511,81183,1.69384,148,0.107628,1.186351,1.276843,175.58,111.0,0,1.581802,0.0,0,0.0,0.0,0,0.0,0,0,0,0,0,0,0.0,0,0.0,0,0,0,3370.0,0,0.052101,13.0,0,0,3370.0,0,0.052101,0,0,0,0.0,0,0,0.0,0,0,809.0,,,,1.0,female,GS,116.0,52.0,33.0
ALC - Inauguração - Manly,120241830292400260,OUTCOME_AWARENESS,2025-12-01,95432,58470,1.632153,73,0.076494,1.68726,1.290657,123.17,50.0,0,2.4634,0.0,0,0.0,0.0,0,0.0,0,0,0,0,0,0,0.0,0,0.0,0,0,0,2572.0,0,0.047889,9.0,0,0,2572.0,0,0.047889,0,0,0,0.0,0,0,0.0,0,0,532.0,,,,1.0,male,GS,88.0,49.0,33.0
ALC - Inauguração - Manly,120241830292400260,OUTCOME_AWARENESS,2025-12-01,937,587,1.596252,1,0.106724,1.220041,1.302071,1.220041,0.0,0,0.0,0.0,0,0.0,0.0,0,0.0,0,0,0,0,0,0,0.0,0,0.0,0,0,0,28.0,0,0.043573,0.0,0,0,28.0,0,0.043573,0,0,0,0.0,0,0,0.0,0,0,9.0,,,,0.0,unknown,GS,1.0,,
ALC - Encontro Pet com Noel,120241868146220260,OUTCOME_AWARENESS,2025-12-01,164545,159933,1.028837,254,0.154365,1.05708,1.631762,268.498332,196.0,0,1.369889,0.0,0,0.0,0.0,0,0.0,0,0,0,0,0,0,0.0,0,0.0,0,0,0,426.0,0,0.630278,20.0,0,0,426.0,0,0.630278,0,0,0,0.0,0,0,0.0,0,0,204.0,,,,1.0,female,GS,81.0,46.0,32.0
ALC - Encontro Pet com Noel,120241868146220260,OUTCOME_AWARENESS,2025-12-01,140922,131859,1.068733,162,0.114957,1.415378,1.627079,229.291274,139.0,0,1.649578,0.0,0,0.0,0.0,0,0.0,0,0,0,0,0,0,0.0,0,0.0,0,0,0,381.0,0,0.601814,14.0,0,0,381.0,0,0.601814,0,0,0,0.0,0,0,0.0,0,0,220.0,,,,0.0,male,GS,89.0,54.0,36.0
ALC - Encontro Pet com Noel,120241868146220260,OUTCOME_AWARENESS,2025-12-01,1353,1326,1.020362,0,0.0,0.0,1.618917,2.190394,0.0,0,0.0,0.0,0,0.0,0.0,0,0.0,0,0,0,0,0,0,0.0,0,0.0,0,0,0,2.0,0,1.095197,0.0,0,0,2.0,0,1.095197,0,0,0,0.0,0,0,0.0,0,0,1.0,,,,0.0,unknown,GS,,,
ALC - MODA,120242232300500260,OUTCOME_AWARENESS,2025-12-01,256061,182750,1.401155,356,0.139029,0.857054,1.191556,305.111098,229.0,0,1.332363,0.0,0,0.0,0.0,0,0.0,0,0,0,0,0,0,0.0,0,0.0,0,0,0,11224.0,0,0.027184,22.0,0,0,11224.0,0,0.027184,0,0,0,0.0,0,0,0.0,0,0,564.0,,,,1.0,female,GS,135.0,75.0,48.0
ALC - MODA,120242232300500260,OUTCOME_AWARENESS,2025-12-01,199596,142112,1.404498,252,0.126255,0.963726,1.216752,242.858833,163.0,0,1.489931,1.0,0,242.858833,0.0,0,0.0,0,0,0,0,0,0,0.0,0,0.0,0,0,0,9771.0,0,0.024855,24.0,0,0,9771.0,0,0.024855,0,0,0,0.0,0,0,0.0,0,0,358.0,,,,0.0,male,GS,92.0,52.0,38.0
ALC - MODA,120242232300500260,OUTCOME_AWARENESS,2025-12-01,1520,1147,1.325196,4,0.263158,0.475017,1.250045,1.900069,2.0,0,0.950035,0.0,0,0.0,0.0,0,0.0,0,0,0,0,0,0,0.0,0,0.0,0,0,0,60.0,0,0.031668,0.0,0,0,60.0,0,0.031668,0,0,0,0.0,0,0,0.0,0,0,3.0,,,,0.0,unknown,GS,1.0,1.0,1.0
ALC - Rubens Herbst - Zootopia 2,120242385359030260,OUTCOME_AWARENESS,2025-12-01,147004,109291,1.34507,163,0.110881,1.066871,1.182961,173.9,134.0,0,1.297761,0.0,0,0.0,0.0,0,0.0,0,0,0,0,0,0,0.0,0,0.0,0,0,0,6007.0,0,0.02895,38.0,0,0,6007.0,0,0.02895,0,0,0,0.0,0,0,0.0,0,0,76.0,,,,0.0,female,GS,28.0,15.0,8.0
ALC - Rubens Herbst - Zootopia 2,120242385359030260,OUTCOME_AWARENESS,2025-12-01,106280,77449,1.372258,135,0.127023,0.927333,1.177926,125.19,98.0,0,1.277449,0.0,0,0.0,0.0,0,0.0,0,0,0,0,0,0,0.0,0,0.0,0,0,0,6612.0,0,0.018934,47.0,0,0,6612.0,0,0.018934,0,0,0,0.0,0,0,0.0,0,0,74.0,,,,0.0,male,GS,27.0,8.0,6.0
ALC - Rubens Herbst - Zootopia 2,120242385359030260,OUTCOME_AWARENESS,2025-12-01,765,583,1.312178,0,0.0,0.0,1.111111,0.85,0.0,0,0.0,0.0,0,0.0,0.0,0,0.0,0,0,0,0,0,0,0.0,0,0.0,0,0,0,34.0,0,0.025,2.0,0,0,34.0,0,0.025,0,0,0,0.0,0,0,0.0,0,0,,,,,0.0,unknown,GS,,,
ALC - NATAL 25,120240129895630260,OUTCOME_AWARENESS,2026-01-01,325138,292892,1.110095,447,0.13748,0.569586,0.783068,254.605081,291.0,0,0.874932,0.0,0,0.0,0.0,0,0.0,0,0,0,0,0,0,0.0,0,0.0,0,0,0,8718.0,0,0.029205,35.0,0,0,8718.0,0,0.029205,0,0,0,0.0,0,0,0.0,0,0,6104.0,,,,194.0,female,GS,2304.0,1280.0,741.0
ALC - NATAL 25,120240129895630260,OUTCOME_AWARENESS,2026-01-01,400833,331712,1.208377,460,0.114761,0.702553,0.806257,323.174529,284.0,0,1.137938,0.0,0,0.0,0.0,0,0.0,0,0,0,0,0,0,0.0,0,0.0,0,0,0,13504.0,0,0.023932,51.0,0,0,13504.0,0,0.023932,0,0,0,0.0,0,0,0.0,0,0,13204.0,,,,211.0,male,GS,4865.0,2583.0,1564.0
ALC - NATAL 25,120240129895630260,OUTCOME_AWARENESS,2026-01-01,3502,3065,1.142577,3,0.085665,0.943463,0.808221,2.83039,1.0,0,2.83039,0.0,0,0.0,0.0,0,0.0,0,0,0,0,0,0,0.0,0,0.0,0,0,0,117.0,0,0.024191,0.0,0,0,117.0,0,0.024191,0,0,0,0.0,0,0,0.0,0,0,107.0,,,,1.0,unknown,GS,36.0,21.0,14.0
TRAF - NATAL 25 CLIQUES 02,120241128882090260,LINK_CLICKS,2026-01-01,111004,42995,2.581789,1482,1.335087,0.237793,3.174738,352.408625,1317.0,0,0.267584,1033.0,0,0.341151,0.0,0,0.0,0,0,0,0,0,0,0.0,0,0.0,0,0,0,4657.0,0,0.075673,95.0,0,0,4657.0,0,0.075673,0,0,0,0.0,0,0,0.0,0,0,3047.0,,,,1286.0,female,GS,1843.0,1093.0,848.0
TRAF - NATAL 25 CLIQUES 02,120241128882090260,LINK_CLICKS,2026-01-01,74825,31745,2.357064,1235,1.650518,0.228025,3.763593,281.610865,1147.0,0,0.24552,752.0,0,0.374483,0.0,0,0.0,0,0,0,0,0,0,0.0,0,0.0,0,0,0,3241.0,0,0.08689,48.0,0,0,3241.0,0,0.08689,0,0,0,0.0,0,0,0.0,0,0,1919.0,,,,1095.0,male,GS,1077.0,671.0,527.0
TRAF - NATAL 25 CLIQUES 02,120241128882090260,LINK_CLICKS,2026-01-01,1089,484,2.25,12,1.101928,0.387542,4.270441,4.65051,9.0,0,0.516723,5.0,0,0.930102,0.0,0,0.0,0,0,0,0,0,0,0.0,0,0.0,0,0,0,19.0,0,0.244764,1.0,0,0,19.0,0,0.244764,0,0,0,0.0,0,0,0.0,0,0,9.0,,,,9.0,unknown,GS,6.0,4.0,4.0
ALC - MODA,120242232300500260,OUTCOME_AWARENESS,2026-01-01,522652,310015,1.685893,635,0.121496,0.878803,1.067709,558.04,380.0,0,1.468526,1.0,0,558.04,0.0,0,0.0,0,0,0,0,0,0,0.0,0,0.0,0,0,0,25857.0,0,0.021582,73.0,0,0,25857.0,0,0.021582,0,0,0,0.0,0,0,0.0,0,0,982.0,,,,0.0,female,GS,299.0,165.0,103.0
ALC - MODA,120242232300500260,OUTCOME_AWARENESS,2026-01-01,485406,263416,1.842735,484,0.09971,1.068988,1.065891,517.39,311.0,0,1.663633,0.0,0,0.0,0.0,0,0.0,0,0,0,0,0,0,0.0,0,0.0,0,0,0,26108.0,0,0.019817,76.0,0,0,26108.0,0,0.019817,0,0,0,0.0,0,0,0.0,0,0,856.0,,,,0.0,male,GS,264.0,150.0,109.0
ALC - MODA,120242232300500260,OUTCOME_AWARENESS,2026-01-01,4785,3009,1.590229,8,0.167189,0.61625,1.030303,4.93,5.0,0,0.986,0.0,0,0.0,0.0,0,0.0,0,0,0,0,0,0,0.0,0,0.0,0,0,0,226.0,0,0.021814,2.0,0,0,226.0,0,0.021814,0,0,0,0.0,0,0,0.0,0,0,7.0,,,,0.0,unknown,GS,4.0,3.0,1.0
ALC - LIQUIDA,120243051638560260,OUTCOME_AWARENESS,2026-01-01,827306,702617,1.177464,935,0.113017,1.668514,1.885711,1560.060359,703.0,0,2.219147,0.0,0,0.0,0.0,0,0.0,0,0,0,0,0,0,0.0,0,0.0,0,0,0,38887.0,0,0.040118,87.0,0,0,38887.0,0,0.040118,0,0,0,0.0,0,0,0.0,0,0,28014.0,,,,0.0,female,GS,11075.0,6538.0,4736.0
ALC - LIQUIDA,120243051638560260,OUTCOME_AWARENESS,2026-01-01,747053,585639,1.27562,709,0.094906,1.992155,1.89068,1412.438023,508.0,0,2.78039,0.0,0,0.0,0.0,0,0.0,0,0,0,0,0,0,0.0,0,0.0,0,0,0,34963.0,0,0.040398,104.0,0,0,34963.0,0,0.040398,0,0,0,0.0,0,0,0.0,0,0,25547.0,,,,0.0,male,GS,10031.0,5895.0,4176.0
ALC - LIQUIDA,120243051638560260,OUTCOME_AWARENESS,2026-01-01,9908,8836,1.121322,11,0.111021,1.760147,1.95414,19.361618,8.0,0,2.420202,0.0,0,0.0,0.0,0,0.0,0,0,0,0,0,0,0.0,0,0.0,0,0,0,452.0,0,0.042835,4.0,0,0,452.0,0,0.042835,0,0,0,0.0,0,0,0.0,0,0,314.0,,,,0.0,unknown,GS,139.0,85.0,67.0
ALC - Filme Bob Esponja,120243182467530260,OUTCOME_AWARENESS,2026-01-01,112374,74466,1.509065,121,0.107676,1.085581,1.168911,131.355256,78.0,0,1.684042,0.0,0,0.0,0.0,0,0.0,0,0,0,0,0,0,0.0,0,0.0,0,0,0,9080.0,0,0.014466,55.0,0,0,9080.0,0,0.014466,0,0,0,0.0,0,0,0.0,0,0,10572.0,,,,0.0,female,GS,3371.0,1599.0,1090.0
ALC - Filme Bob Esponja,120243182467530260,OUTCOME_AWARENESS,2026-01-01,100666,64316,1.565178,107,0.106292,1.096679,1.165684,117.344695,70.0,0,1.676353,0.0,0,0.0,0.0,0,0.0,0,0,0,0,0,0,0.0,0,0.0,0,0,0,8658.0,0,0.013553,25.0,0,0,8658.0,0,0.013553,0,0,0,0.0,0,0,0.0,0,0,10186.0,,,,0.0,male,GS,2904.0,1326.0,878.0
ALC - Filme Bob Esponja,120243182467530260,OUTCOME_AWARENESS,2026-01-01,987,721,1.368932,0,0.0,0.0,1.24625,1.230049,0.0,0,0.0,0.0,0,0.0,0.0,0,0.0,0,0,0,0,0,0,0.0,0,0.0,0,0,0,83.0,0,0.01482,1.0,0,0,83.0,0,0.01482,0,0,0,0.0,0,0,0.0,0,0,99.0,,,,0.0,unknown,GS,34.0,14.0,9.0
ALC - CORRIDA SHOPPING,120243392123360260,OUTCOME_AWARENESS,2026-01-01,254622,120947,2.105236,313,0.122927,1.043593,1.282861,326.644708,212.0,0,1.540777,0.0,0,0.0,0.0,0,0.0,0,0,0,0,0,0,0.0,0,0.0,0,0,0,10492.0,0,0.031133,42.0,0,0,10492.0,0,0.031133,0,0,0,0.0,0,0,0.0,0,0,2590.0,,,,212.0,female,GS,714.0,372.0,165.0
ALC - CORRIDA SHOPPING,120243392123360260,OUTCOME_AWARENESS,2026-01-01,228389,104737,2.180595,278,0.121722,1.03653,1.261687,288.155332,182.0,0,1.583271,0.0,0,0.0,0.0,0,0.0,0,0,0,0,0,0,0.0,0,0.0,0,0,0,10298.0,0,0.027982,56.0,0,0,10298.0,0,0.027982,0,0,0,0.0,0,0,0.0,0,0,2660.0,,,,182.0,male,GS,948.0,493.0,216.0
ALC - CORRIDA SHOPPING,120243392123360260,OUTCOME_AWARENESS,2026-01-01,1832,901,2.033296,5,0.272926,0.495992,1.35369,2.47996,4.0,0,0.61999,0.0,0,0.0,0.0,0,0.0,0,0,0,0,0,0,0.0,0,0.0,0,0,0,83.0,0,0.029879,0.0,0,0,83.0,0,0.029879,0,0,0,0.0,0,0,0.0,0,0,18.0,,,,4.0,unknown,GS,6.0,2.0,
ALC - Exposição Legueiros,120243666484080260,OUTCOME_AWARENESS,2026-01-01,211401,148766,1.42103,282,0.133396,1.306064,1.742234,368.31,184.0,0,2.001685,0.0,0,0.0,0.0,0,0.0,0,0,0,0,0,0,0.0,0,0.0,0,0,0,6036.0,0,0.061019,53.0,0,0,6036.0,0,0.061019,0,0,0,0.0,0,0,0.0,0,0,2069.0,,,,0.0,female,GS,735.0,413.0,272.0
ALC - Exposição Legueiros,120243666484080260,OUTCOME_AWARENESS,2026-01-01,230034,154236,1.491442,263,0.114331,1.515019,1.732135,398.45,187.0,0,2.130749,0.0,0,0.0,0.0,0,0.0,0,0,0,0,0,0,0.0,0,0.0,0,0,0,4713.0,0,0.084543,65.0,0,0,4713.0,0,0.084543,0,0,0,0.0,0,0,0.0,0,0,1569.0,,,,0.0,male,GS,521.0,305.0,210.0
ALC - Exposição Legueiros,120243666484080260,OUTCOME_AWARENESS,2026-01-01,1503,1114,1.349192,2,0.133067,1.37,1.823021,2.74,1.0,0,2.74,0.0,0,0.0,0.0,0,0.0,0,0,0,0,0,0,0.0,0,0.0,0,0,0,43.0,0,0.063721,1.0,0,0,43.0,0,0.063721,0,0,0,0.0,0,0,0.0,0,0,23.0,,,,0.0,unknown,GS,9.0,6.0,6.0
ALC - Volta às aulas,120243667013080260,OUTCOME_AWARENESS,2026-01-01,79382,50776,1.563376,103,0.129752,1.020388,1.323978,105.1,83.0,0,1.266265,0.0,0,0.0,0.0,0,0.0,0,0,0,0,0,0,0.0,0,0.0,0,0,0,597.0,0,0.176047,3.0,0,0,597.0,0,0.176047,0,0,0,0.0,0,0,0.0,0,0,215.0,,,,0.0,female,GS,159.0,21.0,16.0
ALC - Volta às aulas,120243667013080260,OUTCOME_AWARENESS,2026-01-01,66521,43481,1.529887,68,0.102223,1.301029,1.329956,88.47,56.0,0,1.579821,0.0,0,0.0,0.0,0,0.0,0,0,0,0,0,0,0.0,0,0.0,0,0,0,597.0,0,0.148191,5.0,0,0,597.0,0,0.148191,0,0,0,0.0,0,0,0.0,0,0,247.0,,,,0.0,male,GS,153.0,35.0,23.0
ALC - Volta às aulas,120243667013080260,OUTCOME_AWARENESS,2026-01-01,619,426,1.453052,0,0.0,0.0,1.292407,0.8,0.0,0,0.0,0.0,0,0.0,0.0,0,0.0,0,0,0,0,0,0,0.0,0,0.0,0,0,0,5.0,0,0.16,0.0,0,0,5.0,0,0.16,0,0,0,0.0,0,0,0.0,0,0,,,,,0.0,unknown,GS,,,
ALC - MODA,120242232300500260,OUTCOME_AWARENESS,2026-02-01,75097,73143,1.026715,83,0.110524,1.079036,1.192591,89.56,52.0,0,1.722308,0.0,0,0.0,0.0,0,0.0,0,0,0,0,0,0,0.0,0,0.0,0,0,0,3371.0,0,0.026568,6.0,0,0,3371.0,0,0.026568,0,0,0,0.0,0,0,0.0,0,0,106.0,,,,0.0,female,GS,41.0,28.0,17.0
ALC - MODA,120242232300500260,OUTCOME_AWARENESS,2026-02-01,71368,66819,1.068079,79,0.110694,1.076456,1.19157,85.04,63.0,0,1.349841,0.0,0,0.0,0.0,0,0.0,0,0,0,0,0,0,0.0,0,0.0,0,0,0,3558.0,0,0.023901,8.0,0,0,3558.0,0,0.023901,0,0,0,0.0,0,0,0.0,0,0,113.0,,,,0.0,male,GS,31.0,22.0,15.0
ALC - MODA,120242232300500260,OUTCOME_AWARENESS,2026-02-01,570,550,1.036364,1,0.175439,0.86,1.508772,0.86,1.0,0,0.86,0.0,0,0.0,0.0,0,0.0,0,0,0,0,0,0,0.0,0,0.0,0,0,0,22.0,0,0.039091,1.0,0,0,22.0,0,0.039091,0,0,0,0.0,0,0,0.0,0,0,,,,,0.0,unknown,GS,,,
ALC - CORRIDA SHOPPING,120243392123360260,OUTCOME_AWARENESS,2026-02-01,106912,79105,1.35152,125,0.116919,1.0152,1.186958,126.9,91.0,0,1.394505,0.0,0,0.0,0.0,0,0.0,0,0,0,0,0,0,0.0,0,0.0,0,0,0,4167.0,0,0.030454,14.0,0,0,4167.0,0,0.030454,0,0,0,0.0,0,0,0.0,0,0,1019.0,,,,91.0,female,GS,257.0,133.0,62.0
ALC - CORRIDA SHOPPING,120243392123360260,OUTCOME_AWARENESS,2026-02-01,97099,71372,1.360463,102,0.105047,1.121863,1.178488,114.43,72.0,0,1.589306,0.0,0,0.0,0.0,0,0.0,0,0,0,0,0,0,0.0,0,0.0,0,0,0,4216.0,0,0.027142,22.0,0,0,4216.0,0,0.027142,0,0,0,0.0,0,0,0.0,0,0,1035.0,,,,72.0,male,GS,347.0,187.0,88.0
ALC - CORRIDA SHOPPING,120243392123360260,OUTCOME_AWARENESS,2026-02-01,828,643,1.287714,1,0.120773,0.93,1.123188,0.93,0.0,0,0.0,0.0,0,0.0,0.0,0,0.0,0,0,0,0,0,0,0.0,0,0.0,0,0,0,35.0,0,0.026571,0.0,0,0,35.0,0,0.026571,0,0,0,0.0,0,0,0.0,0,0,9.0,,,,0.0,unknown,GS,4.0,2.0,2.0
ALC - Exposição Legueiros,120243666484080260,OUTCOME_AWARENESS,2026-02-01,228029,183337,1.24377,323,0.141649,1.292879,1.831346,417.6,217.0,0,1.924424,0.0,0,0.0,0.0,0,0.0,0,0,0,0,0,0,0.0,0,0.0,0,0,0,6770.0,0,0.061684,64.0,0,0,6770.0,0,0.061684,0,0,0,0.0,0,0,0.0,0,0,2138.0,,,,0.0,female,GS,720.0,390.0,266.0
ALC - Exposição Legueiros,120243666484080260,OUTCOME_AWARENESS,2026-02-01,239364,183607,1.303676,310,0.12951,1.396645,1.808793,432.96,214.0,0,2.023178,0.0,0,0.0,0.0,0,0.0,0,0,0,0,0,0,0.0,0,0.0,0,0,0,6278.0,0,0.068965,63.0,0,0,6278.0,0,0.068965,0,0,0,0.0,0,0,0.0,0,0,2205.0,,,,0.0,male,GS,830.0,471.0,341.0
ALC - Exposição Legueiros,120243666484080260,OUTCOME_AWARENESS,2026-02-01,1742,1446,1.204703,5,0.287026,0.658,1.888634,3.29,3.0,0,1.096667,0.0,0,0.0,0.0,0,0.0,0,0,0,0,0,0,0.0,0,0.0,0,0,0,56.0,0,0.05875,0.0,0,0,56.0,0,0.05875,0,0,0,0.0,0,0,0.0,0,0,16.0,,,,0.0,unknown,GS,7.0,3.0,2.0
ALC - Volta às aulas,120243667013080260,OUTCOME_AWARENESS,2026-02-01,91448,73143,1.250263,88,0.09623,1.219886,1.173891,107.35,73.0,0,1.470548,0.0,0,0.0,0.0,0,0.0,0,0,0,0,0,0,0.0,0,0.0,0,0,0,418.0,0,0.256818,2.0,0,0,418.0,0,0.256818,0,0,0,0.0,0,0,0.0,0,0,131.0,,,,0.0,female,GS,78.0,19.0,11.0
ALC - Volta às aulas,120243667013080260,OUTCOME_AWARENESS,2026-02-01,87897,67744,1.297488,70,0.079639,1.476429,1.175808,103.35,50.0,0,2.067,0.0,0,0.0,0.0,0,0.0,0,0,0,0,0,0,0.0,0,0.0,0,0,0,718.0,0,0.143942,10.0,0,0,718.0,0,0.143942,0,0,0,0.0,0,0,0.0,0,0,261.0,,,,0.0,male,GS,122.0,41.0,26.0
ALC - Volta às aulas,120243667013080260,OUTCOME_AWARENESS,2026-02-01,788,643,1.225505,2,0.253807,0.495,1.256345,0.99,2.0,0,0.495,0.0,0,0.0,0.0,0,0.0,0,0,0,0,0,0,0.0,0,0.0,0,0,0,7.0,0,0.141429,0.0,0,0,7.0,0,0.141429,0,0,0,0.0,0,0,0.0,0,0,1.0,,,,0.0,unknown,GS,1.0,,
ALC - Bailinho de carnaval e carnapet,120244043225990260,OUTCOME_AWARENESS,2026-02-01,38726,38726,1.0,44,0.113619,1.245227,1.414812,54.79,35.0,0,1.565429,0.0,0,0.0,0.0,0,0.0,0,0,0,0,0,0,0.0,0,0.0,0,0,0,313.0,0,0.175048,5.0,0,0,313.0,0,0.175048,0,0,0,0.0,0,0,0.0,0,0,372.0,,,,0.0,female,GS,191.0,118.0,81.0
ALC - Bailinho de carnaval e carnapet,120244043225990260,OUTCOME_AWARENESS,2026-02-01,33810,32664,1.035085,38,0.112393,1.258947,1.414966,47.84,29.0,0,1.649655,0.0,0,0.0,0.0,0,0.0,0,0,0,0,0,0,0.0,0,0.0,0,0,0,305.0,0,0.156852,1.0,0,0,305.0,0,0.156852,0,0,0,0.0,0,0,0.0,0,0,378.0,,,,0.0,male,GS,158.0,104.0,79.0
ALC - Bailinho de carnaval e carnapet,120244043225990260,OUTCOME_AWARENESS,2026-02-01,304,295,1.030508,0,0.0,0.0,1.348684,0.41,0.0,0,0.0,0.0,0,0.0,0.0,0,0.0,0,0,0,0,0,0,0.0,0,0.0,0,0,0,3.0,0,0.136667,0.0,0,0,3.0,0,0.136667,0,0,0,0.0,0,0,0.0,0,0,5.0,,,,0.0,unknown,GS,,,
ALC - Semana do Cinema,120244043525950260,OUTCOME_AWARENESS,2026-02-01,12299,12111,1.015523,40,0.32523,0.43225,1.405805,17.29,27.0,0,0.64037,0.0,0,0.0,0.0,0,0.0,0,0,0,0,0,0,0.0,0,0.0,0,0,0,149.0,0,0.11604,1.0,0,0,149.0,0,0.11604,0,0,0,0.0,0,0,0.0,0,0,282.0,,,,0.0,female,GS,114.0,60.0,47.0
ALC - Semana do Cinema,120244043525950260,OUTCOME_AWARENESS,2026-02-01,10004,10004,1.0,25,0.2499,0.5432,1.357457,13.58,20.0,0,0.679,0.0,0,0.0,0.0,0,0.0,0,0,0,0,0,0,0.0,0,0.0,0,0,0,120.0,0,0.113167,1.0,0,0,120.0,0,0.113167,0,0,0,0.0,0,0,0.0,0,0,236.0,,,,0.0,male,GS,97.0,57.0,40.0
ALC - Semana do Cinema,120244043525950260,OUTCOME_AWARENESS,2026-02-01,98,97,1.010309,0,0.0,0.0,0.918367,0.09,0.0,0,0.0,0.0,0,0.0,0.0,0,0.0,0,0,0,0,0,0,0.0,0,0.0,0,0,0,1.0,0,0.09,0.0,0,0,1.0,0,0.09,0,0,0,0.0,0,0,0.0,0,0,3.0,,,,0.0,unknown,GS,1.0,,
ALC - MODA,120242232300500260,OUTCOME_AWARENESS,2026-02-06,338602,211025,1.604559,388,0.114589,1.085954,1.244381,421.35,253.0,0,1.665415,0.0,0,0.0,0.0,0,0.0,0,0,0,0,0,0,0.0,0,0.0,0,0,0,16626.0,0,0.025343,35.0,0,0,16626.0,0,0.025343,0,0,0,0.0,0,0,0.0,0,0,488.0,,,,0.0,female,GS,176.0,96.0,69.0
ALC - MODA,120242232300500260,OUTCOME_AWARENESS,2026-02-06,305521,188781,1.618389,300,0.098193,1.267133,1.244235,380.14,203.0,0,1.872611,0.0,0,0.0,0.0,0,0.0,0,0,0,0,0,0,0.0,0,0.0,0,0,0,15890.0,0,0.023923,34.0,0,0,15890.0,0,0.023923,0,0,0,0.0,0,0,0.0,0,0,457.0,,,,0.0,male,GS,158.0,95.0,61.0
ALC - MODA,120242232300500260,OUTCOME_AWARENESS,2026-02-06,2500,1670,1.497006,3,0.12,0.996667,1.196,2.99,3.0,0,0.996667,0.0,0,0.0,0.0,0,0.0,0,0,0,0,0,0,0.0,0,0.0,0,0,0,101.0,0,0.029604,0.0,0,0,101.0,0,0.029604,0,0,0,0.0,0,0,0.0,0,0,1.0,,,,0.0,unknown,GS,1.0,1.0,1.0
ALC - CORRIDA SHOPPING,120243392123360260,OUTCOME_AWARENESS,2026-02-06,278332,149758,1.858545,365,0.131138,0.935205,1.226413,341.35,258.0,0,1.323062,0.0,0,0.0,0.0,0,0.0,0,0,0,0,0,0,0.0,0,0.0,0,0,0,13048.0,0,0.026161,45.0,0,0,13048.0,0,0.026161,0,0,0,0.0,0,0,0.0,0,0,2741.0,,,,258.0,female,GS,733.0,371.0,186.0
ALC - CORRIDA SHOPPING,120243392123360260,OUTCOME_AWARENESS,2026-02-06,241464,124198,1.944186,255,0.105606,1.163255,1.228465,296.63,180.0,0,1.647944,0.0,0,0.0,0.0,0,0.0,0,0,0,0,0,0,0.0,0,0.0,0,0,0,12709.0,0,0.02334,54.0,0,0,12709.0,0,0.02334,0,0,0,0.0,0,0,0.0,0,0,2937.0,,,,180.0,male,GS,950.0,500.0,230.0
ALC - CORRIDA SHOPPING,120243392123360260,OUTCOME_AWARENESS,2026-02-06,2017,1081,1.865865,3,0.148736,0.8,1.189886,2.4,2.0,0,1.2,0.0,0,0.0,0.0,0,0.0,0,0,0,0,0,0,0.0,0,0.0,0,0,0,101.0,0,0.023762,0.0,0,0,101.0,0,0.023762,0,0,0,0.0,0,0,0.0,0,0,26.0,,,,2.0,unknown,GS,11.0,8.0,4.0
ALC - Exposição Legueiros,120243666484080260,OUTCOME_AWARENESS,2026-02-06,93926,91042,1.031678,113,0.120307,1.646637,1.981028,186.07,74.0,0,2.514459,0.0,0,0.0,0.0,0,0.0,0,0,0,0,0,0,0.0,0,0.0,0,0,0,2597.0,0,0.071648,24.0,0,0,2597.0,0,0.071648,0,0,0,0.0,0,0,0.0,0,0,857.0,,,,0.0,female,GS,276.0,139.0,96.0
ALC - Exposição Legueiros,120243666484080260,OUTCOME_AWARENESS,2026-02-06,96651,92158,1.048753,137,0.141747,1.37854,1.954041,188.86,93.0,0,2.030753,0.0,0,0.0,0.0,0,0.0,0,0,0,0,0,0,0.0,0,0.0,0,0,0,2851.0,0,0.066243,34.0,0,0,2851.0,0,0.066243,0,0,0,0.0,0,0,0.0,0,0,1057.0,,,,0.0,male,GS,371.0,201.0,142.0
ALC - Exposição Legueiros,120243666484080260,OUTCOME_AWARENESS,2026-02-06,688,660,1.042424,0,0.0,0.0,1.947674,1.34,0.0,0,0.0,0.0,0,0.0,0.0,0,0.0,0,0,0,0,0,0,0.0,0,0.0,0,0,0,16.0,0,0.08375,0.0,0,0,16.0,0,0.08375,0,0,0,0.0,0,0,0.0,0,0,5.0,,,,0.0,unknown,GS,3.0,1.0,1.0
ALC - Volta às aulas,120243667013080260,OUTCOME_AWARENESS,2026-02-06,35714,33555,1.064342,37,0.103601,1.331081,1.379011,49.25,29.0,0,1.698276,0.0,0,0.0,0.0,0,0.0,0,0,0,0,0,0,0.0,0,0.0,0,0,0,205.0,0,0.240244,3.0,0,0,205.0,0,0.240244,0,0,0,0.0,0,0,0.0,0,0,64.0,,,,0.0,female,GS,37.0,7.0,5.0
ALC - Volta às aulas,120243667013080260,OUTCOME_AWARENESS,2026-02-06,32093,28983,1.107304,34,0.105942,1.300882,1.378182,44.23,26.0,0,1.701154,0.0,0,0.0,0.0,0,0.0,0,0,0,0,0,0,0.0,0,0.0,0,0,0,203.0,0,0.217882,2.0,0,0,203.0,0,0.217882,0,0,0,0.0,0,0,0.0,0,0,69.0,,,,0.0,male,GS,37.0,8.0,4.0
ALC - Volta às aulas,120243667013080260,OUTCOME_AWARENESS,2026-02-06,277,256,1.082031,0,0.0,0.0,1.552347,0.43,0.0,0,0.0,0.0,0,0.0,0.0,0,0.0,0,0,0,0,0,0,0.0,0,0.0,0,0,0,2.0,0,0.215,0.0,0,0,2.0,0,0.215,0,0,0,0.0,0,0,0.0,0,0,2.0,,,,0.0,unknown,GS,1.0,,
ALC - Bailinho de carnaval e carnapet,120244043225990260,OUTCOME_AWARENESS,2026-02-06,136094,113834,1.195548,172,0.126383,1.193895,1.508884,205.35,140.0,0,1.466786,0.0,0,0.0,0.0,0,0.0,0,0,0,0,0,0,0.0,0,0.0,0,0,0,1079.0,0,0.190315,3.0,0,0,1079.0,0,0.190315,0,0,0,0.0,0,0,0.0,0,0,1248.0,,,,0.0,female,GS,565.0,380.0,286.0
ALC - Bailinho de carnaval e carnapet,120244043225990260,OUTCOME_AWARENESS,2026-02-06,122864,102996,1.192901,131,0.106622,1.448321,1.544228,189.73,102.0,0,1.860098,0.0,0,0.0,0.0,0,0.0,0,0,0,0,0,0,0.0,0,0.0,0,0,0,957.0,0,0.198255,3.0,0,0,957.0,0,0.198255,0,0,0,0.0,0,0,0.0,0,0,1118.0,,,,0.0,male,GS,508.0,319.0,236.0
ALC - Bailinho de carnaval e carnapet,120244043225990260,OUTCOME_AWARENESS,2026-02-06,1079,923,1.169014,0,0.0,0.0,1.529194,1.65,0.0,0,0.0,0.0,0,0.0,0.0,0,0.0,0,0,0,0,0,0,0.0,0,0.0,0,0,0,5.0,0,0.33,0.0,0,0,5.0,0,0.33,0,0,0,0.0,0,0,0.0,0,0,8.0,,,,0.0,unknown,GS,2.0,1.0,1.0
ALC - Semana do Cinema,120244043525950260,OUTCOME_AWARENESS,2026-02-06,185297,125293,1.478909,455,0.245552,0.53811,1.321338,244.84,326.0,0,0.751043,9.0,0,27.204444,0.0,0,0.0,0,0,0,0,0,0,0.0,0,0.0,0,0,0,1417.0,0,0.172788,25.0,0,0,1417.0,0,0.172788,0,0,0,0.0,0,0,0.0,0,0,2434.0,,,,0.0,female,GS,1029.0,626.0,477.0
ALC - Semana do Cinema,120244043525950260,OUTCOME_AWARENESS,2026-02-06,164890,110527,1.491853,267,0.161926,0.831348,1.34617,221.97,198.0,0,1.121061,4.0,0,55.4925,0.0,0,0.0,0,0,0,0,0,0,0.0,0,0.0,0,0,0,1439.0,0,0.154253,15.0,0,0,1439.0,0,0.154253,0,0,0,0.0,0,0,0.0,0,0,2864.0,,,,0.0,male,GS,1196.0,672.0,504.0
ALC - Semana do Cinema,120244043525950260,OUTCOME_AWARENESS,2026-02-06,1470,1011,1.454006,4,0.272109,0.465,1.265306,1.86,4.0,0,0.465,0.0,0,0.0,0.0,0,0.0,0,0,0,0,0,0,0.0,0,0.0,0,0,0,17.0,0,0.109412,0.0,0,0,17.0,0,0.109412,0,0,0,0.0,0,0,0.0,0,0,38.0,,,,0.0,unknown,GS,13.0,8.0,5.0
ALC - Retail Experience,120244288353810260,OUTCOME_AWARENESS,2026-02-06,38328,21935,1.747344,42,0.10958,1.017857,1.115373,42.75,32.0,0,1.335938,1.0,0,42.75,0.0,0,0.0,0,0,0,0,0,0,0.0,0,0.0,0,0,0,36.0,0,1.1875,4.0,0,0,36.0,0,1.1875,0,0,0,0.0,0,0,0.0,0,0,,,,,3.0,female,GS,,,
ALC - Retail Experience,120244288353810260,OUTCOME_AWARENESS,2026-02-06,34712,21286,1.630743,44,0.126757,0.872955,1.106534,38.41,36.0,0,1.066944,0.0,0,0.0,0.0,0,0.0,0,0,0,0,0,0,0.0,0,0.0,0,0,0,37.0,0,1.038108,0.0,0,0,37.0,0,1.038108,0,0,0,0.0,0,0,0.0,0,0,,,,,10.0,male,GS,,,
ALC - Retail Experience,120244288353810260,OUTCOME_AWARENESS,2026-02-06,295,171,1.725146,1,0.338983,0.34,1.152542,0.34,1.0,0,0.34,0.0,0,0.0,0.0,0,0.0,0,0,0,0,0,0,0.0,0,0.0,0,0,0,1.0,0,0.34,0.0,0,0,1.0,0,0.34,0,0,0,0.0,0,0,0.0,0,0,,,,,0.0,unknown,GS,,,
ALC - Heroinas do Kpop,120244790251900260,OUTCOME_AWARENESS,2026-02-06,194797,128256,1.518814,412,0.211502,0.666796,1.410289,274.72,322.0,0,0.853168,155.0,0,1.772387,0.0,0,0.0,0,0,0,0,0,0,0.0,0,0.0,0,0,0,426.0,0,0.644883,18.0,0,0,426.0,0,0.644883,0,0,0,0.0,0,0,0.0,0,0,,,,,321.0,female,GS,,,
ALC - Heroinas do Kpop,120244790251900260,OUTCOME_AWARENESS,2026-02-06,137844,90317,1.526224,288,0.208932,0.663785,1.386858,191.17,245.0,0,0.780286,80.0,0,2.389625,0.0,0,0.0,0,0,0,0,0,0,0.0,0,0.0,0,0,0,303.0,0,0.630924,16.0,0,0,303.0,0,0.630924,0,0,0,0.0,0,0,0.0,0,0,,,,,245.0,male,GS,,,
ALC - Heroinas do Kpop,120244790251900260,OUTCOME_AWARENESS,2026-02-06,1248,852,1.464789,3,0.240385,0.656667,1.578526,1.97,2.0,0,0.985,1.0,0,1.97,0.0,0,0.0,0,0,0,0,0,0,0.0,0,0.0,0,0,0,3.0,0,0.656667,0.0,0,0,3.0,0,0.656667,0,0,0,0.0,0,0,0.0,0,0,,,,,2.0,unknown,GS,,,
ALC - Benefícios AJFans,120244790529090260,OUTCOME_AWARENESS,2026-02-06,89098,56052,1.58956,78,0.087544,1.503846,1.316528,117.3,61.0,0,1.922951,0.0,0,0.0,0.0,0,0.0,0,0,0,0,0,0,0.0,0,0.0,0,0,0,1202.0,0,0.097587,3.0,0,0,1202.0,0,0.097587,0,0,0,0.0,0,0,0.0,0,0,498.0,,,,61.0,female,GS,298.0,138.0,38.0
ALC - Benefícios AJFans,120244790529090260,OUTCOME_AWARENESS,2026-02-06,83615,55101,1.517486,60,0.071757,1.825167,1.309693,109.51,48.0,0,2.281458,0.0,0,0.0,0.0,0,0.0,0,0,0,0,0,0,0.0,0,0.0,0,0,0,1520.0,0,0.072046,10.0,0,0,1520.0,0,0.072046,0,0,0,0.0,0,0,0.0,0,0,624.0,,,,48.0,male,GS,341.0,140.0,67.0
ALC - Benefícios AJFans,120244790529090260,OUTCOME_AWARENESS,2026-02-06,807,538,1.5,0,0.0,0.0,1.214374,0.98,0.0,0,0.0,0.0,0,0.0,0.0,0,0.0,0,0,0,0,0,0,0.0,0,0.0,0,0,0,17.0,0,0.057647,0.0,0,0,17.0,0,0.057647,0,0,0,0.0,0,0,0.0,0,0,7.0,,,,0.0,unknown,GS,2.0,2.0,1.0
ALC - Aniversário Joinville - Atlantida,120245006540330260,OUTCOME_AWARENESS,2026-02-06,245447,229349,1.07019,567,0.231007,0.900988,2.081345,510.86,5.0,0,102.172,0.0,0,0.0,0.0,0,0.0,0,0,0,0,0,0,0.0,0,0.0,0,0,0,24533.0,0,0.020823,108.0,0,0,24534.0,0,0.020823,0,0,0,0.0,0,0,0.0,0,0,4164.0,,,,2.0,female,GS,1068.0,604.0,371.0
ALC - Aniversário Joinville - Atlantida,120245006540330260,OUTCOME_AWARENESS,2026-02-06,232844,197169,1.180936,601,0.258113,0.804359,2.076154,483.42,6.0,0,80.57,0.0,0,0.0,0.0,0,0.0,0,0,0,0,0,0,0.0,0,0.0,0,0,0,30641.0,0,0.015777,133.0,0,0,30641.0,0,0.015777,0,0,0,0.0,0,0,0.0,0,0,5807.0,,,,1.0,male,GS,1797.0,985.0,623.0
ALC - Aniversário Joinville - Atlantida,120245006540330260,OUTCOME_AWARENESS,2026-02-06,1989,1806,1.101329,4,0.201106,1.0875,2.187029,4.35,0.0,0,0.0,0.0,0,0.0,0.0,0,0.0,0,0,0,0,0,0,0.0,0,0.0,0,0,0,169.0,0,0.02574,1.0,0,0,169.0,0,0.02574,0,0,0,0.0,0,0,0.0,0,0,31.0,,,,0.0,unknown,GS,9.0,4.0,2.0
ALC - MODA,120242232300500260,OUTCOME_AWARENESS,2026-03-01,43332,41367,1.047502,49,0.11308,0.991429,1.121111,48.58,32.0,0,1.518125,0.0,0,0.0,0.0,0,0.0,0,0,0,0,0,0,0.0,0,0.0,0,0,0,2181.0,0,0.022274,4.0,0,0,2181.0,0,0.022274,0,0,0,0.0,0,0,0.0,0,0,45.0,,,,0.0,female,GS,6.0,4.0,3.0
ALC - MODA,120242232300500260,OUTCOME_AWARENESS,2026-03-01,39348,37838,1.039907,35,0.08895,1.264,1.124327,44.24,28.0,0,1.58,0.0,0,0.0,0.0,0,0.0,0,0,0,0,0,0,0.0,0,0.0,0,0,0,2150.0,0,0.020577,3.0,0,0,2150.0,0,0.020577,0,0,0,0.0,0,0,0.0,0,0,41.0,,,,0.0,male,GS,16.0,8.0,4.0
ALC - MODA,120242232300500260,OUTCOME_AWARENESS,2026-03-01,289,286,1.01049,0,0.0,0.0,1.349481,0.39,0.0,0,0.0,0.0,0,0.0,0.0,0,0.0,0,0,0,0,0,0,0.0,0,0.0,0,0,0,15.0,0,0.026,0.0,0,0,15.0,0,0.026,0,0,0,0.0,0,0,0.0,0,0,,,,,0.0,unknown,GS,,,
ALC - Heroinas do Kpop,120244790251900260,OUTCOME_AWARENESS,2026-03-01,13273,13273,1.0,34,0.256159,0.505882,1.295864,17.2,26.0,0,0.661538,21.0,0,0.819048,0.0,0,0.0,0,0,0,0,0,0,0.0,0,0.0,0,0,0,34.0,0,0.505882,2.0,0,0,34.0,0,0.505882,0,0,0,0.0,0,0,0.0,0,0,,,,,26.0,female,GS,,,
ALC - Heroinas do Kpop,120244790251900260,OUTCOME_AWARENESS,2026-03-01,11134,10945,1.017268,20,0.17963,0.7415,1.331956,14.83,18.0,0,0.823889,6.0,0,2.471667,0.0,0,0.0,0,0,0,0,0,0,0.0,0,0.0,0,0,0,23.0,0,0.644783,3.0,0,0,23.0,0,0.644783,0,0,0,0.0,0,0,0.0,0,0,,,,,18.0,male,GS,,,
ALC - Heroinas do Kpop,120244790251900260,OUTCOME_AWARENESS,2026-03-01,103,102,1.009804,0,0.0,0.0,0.970874,0.1,0.0,0,0.0,0.0,0,0.0,0.0,0,0.0,0,0,0,0,0,0,0.0,0,0.0,0,0,0,0.0,0,0.0,0.0,0,0,0.0,0,0.0,0,0,0,0.0,0,0,0.0,0,0,,,,,0.0,unknown,GS,,,
ALC - Benefícios AJFans,120244790529090260,OUTCOME_AWARENESS,2026-03-01,174001,109018,1.596076,182,0.104597,1.140385,1.192809,207.55,145.0,0,1.431379,0.0,0,0.0,0.0,0,0.0,0,0,0,0,0,0,0.0,0,0.0,0,0,0,3030.0,0,0.068498,8.0,0,0,3030.0,0,0.068498,0,0,0,0.0,0,0,0.0,0,0,1156.0,,,,144.0,female,GS,602.0,278.0,95.0
ALC - Benefícios AJFans,120244790529090260,OUTCOME_AWARENESS,2026-03-01,162717,103350,1.574427,139,0.085424,1.388921,1.186477,193.06,112.0,0,1.72375,0.0,0,0.0,0.0,0,0.0,0,0,0,0,0,0,0.0,0,0.0,0,0,0,3183.0,0,0.060653,13.0,0,0,3183.0,0,0.060653,0,0,0,0.0,0,0,0.0,0,0,1239.0,,,,111.0,male,GS,568.0,285.0,131.0
ALC - Benefícios AJFans,120244790529090260,OUTCOME_AWARENESS,2026-03-01,1435,931,1.541353,3,0.209059,0.563333,1.1777,1.69,3.0,0,0.563333,0.0,0,0.0,0.0,0,0.0,0,0,0,0,0,0,0.0,0,0.0,0,0,0,39.0,0,0.043333,0.0,0,0,39.0,0,0.043333,0,0,0,0.0,0,0,0.0,0,0,14.0,,,,3.0,unknown,GS,2.0,,
ALC - Aniversário Joinville - Atlantida,120245006540330260,OUTCOME_AWARENESS,2026-03-01,0,0,0.0,0,0.0,0.0,0.0,0.0,0.0,0,0.0,0.0,0,0.0,0.0,0,0.0,0,0,0,0,0,0,0.0,0,0.0,0,0,0,0.0,0,0.0,0.0,0,0,0.0,0,0.0,0,0,0,0.0,0,0,0.0,0,0,,,,,0.0,male,GS,,,
ALC - Exposição Territórios Internos,120245275376110260,OUTCOME_AWARENESS,2026-03-01,317846,154099,2.062609,192,0.060407,2.247609,1.357704,431.540883,3.0,0,143.846961,0.0,0,0.0,0.0,0,0.0,0,0,0,0,0,0,0.0,0,0.0,0,0,0,16414.0,0,0.026291,44.0,0,0,16414.0,0,0.026291,0,0,0,0.0,0,0,0.0,0,0,2048.0,,,,2.0,female,GS,483.0,257.0,161.0
ALC - Exposição Territórios Internos,120245275376110260,OUTCOME_AWARENESS,2026-03-01,375290,159464,2.353447,217,0.057822,2.35631,1.362464,511.319197,7.0,0,73.0456,0.0,0,0.0,0.0,0,0.0,0,0,0,0,0,0,0.0,0,0.0,0,0,0,25708.0,0,0.01989,75.0,0,0,25708.0,0,0.01989,0,0,0,0.0,0,0,0.0,0,0,3188.0,,,,1.0,male,GS,843.0,393.0,238.0
ALC - Exposição Territórios Internos,120245275376110260,OUTCOME_AWARENESS,2026-03-01,2952,1326,2.226244,1,0.033875,3.79992,1.287236,3.79992,0.0,0,0.0,0.0,0,0.0,0.0,0,0.0,0,0,0,0,0,0,0.0,0,0.0,0,0,0,171.0,0,0.022222,0.0,0,0,171.0,0,0.022222,0,0,0,0.0,0,0,0.0,0,0,22.0,,,,0.0,unknown,GS,3.0,1.0,
ALC - COTTON,120245275442810260,OUTCOME_AWARENESS,2026-03-01,398154,199409,1.99667,410,0.102975,1.328179,1.367695,544.553235,3.0,0,181.517745,0.0,0,0.0,0.0,0,0.0,0,0,0,0,0,0,0.0,0,0.0,0,0,0,23558.0,0,0.023115,104.0,0,0,23559.0,0,0.023114,0,0,0,0.0,0,0,0.0,0,0,3121.0,,,,0.0,female,GS,1134.0,682.0,337.0
ALC - COTTON,120245275442810260,OUTCOME_AWARENESS,2026-03-01,312993,156017,2.006147,232,0.074123,1.838952,1.363088,426.636865,4.0,0,106.659216,0.0,0,0.0,0.0,0,0.0,0,0,0,0,0,0,0.0,0,0.0,0,0,0,23245.0,0,0.018354,67.0,0,0,23245.0,0,0.018354,0,0,0,0.0,0,0,0.0,0,0,2027.0,,,,1.0,male,GS,542.0,291.0,181.0
ALC - COTTON,120245275442810260,OUTCOME_AWARENESS,2026-03-01,2648,1376,1.924419,4,0.151057,0.814975,1.23108,3.2599,1.0,0,3.2599,0.0,0,0.0,0.0,0,0.0,0,0,0,0,0,0,0.0,0,0.0,0,0,0,168.0,0,0.019404,0.0,0,0,168.0,0,0.019404,0,0,0,0.0,0,0,0.0,0,0,14.0,,,,0.0,unknown,GS,3.0,1.0,
ALC - TODO MUNDO EM PANICO,120245275605620260,OUTCOME_AWARENESS,2026-03-01,477147,231512,2.061003,1135,0.237872,0.580239,1.380226,658.570891,426.0,0,1.545941,223.0,0,2.953233,0.0,0,0.0,0,0,0,0,0,0,0.0,0,0.0,0,0,0,27718.0,0,0.02376,148.0,0,0,27718.0,0,0.02376,0,0,0,0.0,0,0,0.0,0,0,522.0,,,,425.0,female,GS,217.0,122.0,63.0
ALC - TODO MUNDO EM PANICO,120245275605620260,OUTCOME_AWARENESS,2026-03-01,563044,263196,2.139257,1395,0.24776,0.560222,1.388007,781.50919,479.0,0,1.631543,217.0,0,3.601425,0.0,0,0.0,0,0,0,0,0,0,0.0,0,0.0,0,0,0,45397.0,0,0.017215,216.0,0,0,45397.0,0,0.017215,0,0,0,0.0,0,0,0.0,0,0,985.0,,,,475.0,male,GS,379.0,221.0,106.0
ALC - TODO MUNDO EM PANICO,120245275605620260,OUTCOME_AWARENESS,2026-03-01,4237,2126,1.992945,17,0.401227,0.342936,1.375955,5.829919,5.0,0,1.165984,2.0,0,2.91496,0.0,0,0.0,0,0,0,0,0,0,0.0,0,0.0,0,0,0,318.0,0,0.018333,1.0,0,0,318.0,0,0.018333,0,0,0,0.0,0,0,0.0,0,0,9.0,,,,5.0,unknown,GS,5.0,5.0,5.0
ALC - Últimos eventos do GS,120245278626830260,OUTCOME_AWARENESS,2026-03-01,31365,22702,1.381596,35,0.111589,1.113143,1.242149,38.96,27.0,0,1.442963,0.0,0,0.0,0.0,0,0.0,0,0,0,0,0,0,0.0,0,0.0,0,0,0,248.0,0,0.157097,2.0,0,0,248.0,0,0.157097,0,0,0,0.0,0,0,0.0,0,0,89.0,,,,0.0,female,GS,58.0,22.0,6.0
ALC - Últimos eventos do GS,120245278626830260,OUTCOME_AWARENESS,2026-03-01,35216,25406,1.386129,31,0.088028,1.391613,1.225011,43.14,24.0,0,1.7975,0.0,0,0.0,0.0,0,0.0,0,0,0,0,0,0,0.0,0,0.0,0,0,0,265.0,0,0.162792,5.0,0,0,265.0,0,0.162792,0,0,0,0.0,0,0,0.0,0,0,99.0,,,,0.0,male,GS,63.0,26.0,7.0
ALC - Últimos eventos do GS,120245278626830260,OUTCOME_AWARENESS,2026-03-01,314,218,1.440367,0,0.0,0.0,1.242038,0.39,0.0,0,0.0,0.0,0,0.0,0.0,0,0.0,0,0,0,0,0,0,0.0,0,0.0,0,0,0,1.0,0,0.39,0.0,0,0,1.0,0,0.39,0,0,0,0.0,0,0,0.0,0,0,,,,,0.0,unknown,GS,,,
ALC - ANIVERSARIO JOINVILLE GARTEN,120245447327370260,OUTCOME_AWARENESS,2026-03-01,119143,81371,1.464195,68,0.057074,2.370294,1.352828,161.18,0.0,0,0.0,0.0,0,0.0,0.0,0,0.0,0,0,0,0,0,0,0.0,0,0.0,0,0,0,30.0,0,5.372667,18.0,0,0,30.0,0,5.372667,0,0,0,0.0,0,0,0.0,0,0,,,,,0.0,female,GS,,,
ALC - ANIVERSARIO JOINVILLE GARTEN,120245447327370260,OUTCOME_AWARENESS,2026-03-01,141405,90391,1.56437,70,0.049503,2.679286,1.326332,187.55,8.0,0,23.44375,0.0,0,0.0,0.0,0,0.0,0,0,0,0,0,0,0.0,0,0.0,0,0,0,53.0,0,3.538679,25.0,0,0,53.0,0,3.538679,0,0,0,0.0,0,0,0.0,0,0,,,,,1.0,male,GS,,,
ALC - ANIVERSARIO JOINVILLE GARTEN,120245447327370260,OUTCOME_AWARENESS,2026-03-01,979,667,1.467766,0,0.0,0.0,1.287028,1.26,0.0,0,0.0,0.0,0,0.0,0.0,0,0.0,0,0,0,0,0,0,0.0,0,0.0,0,0,0,0.0,0,0.0,0.0,0,0,0.0,0,0.0,0,0,0,0.0,0,0,0.0,0,0,,,,,0.0,unknown,GS,,,
ALC- SEMANA DO CONSUMIDOR,120245447379270260,OUTCOME_AWARENESS,2026-03-01,569757,350189,1.626999,990,0.173758,1.353315,2.351497,1339.781704,834.0,0,1.606453,0.0,0,0.0,0.0,0,0.0,0,0,0,0,0,0,0.0,0,0.0,0,0,0,14167.0,0,0.094571,36.0,0,0,14167.0,0,0.094571,0,0,0,0.0,0,0,0.0,0,0,35054.0,,,,828.0,female,GS,13299.0,7452.0,5343.0
ALC- SEMANA DO CONSUMIDOR,120245447379270260,OUTCOME_AWARENESS,2026-03-01,491361,315569,1.557064,775,0.157725,1.479998,2.33433,1146.998653,646.0,0,1.77554,0.0,0,0.0,0.0,0,0.0,0,0,0,0,0,0,0.0,0,0.0,0,0,0,12247.0,0,0.093655,53.0,0,0,12247.0,0,0.093655,0,0,0,0.0,0,0,0.0,0,0,30191.0,,,,643.0,male,GS,11553.0,6557.0,4695.0
ALC- SEMANA DO CONSUMIDOR,120245447379270260,OUTCOME_AWARENESS,2026-03-01,4282,2750,1.557091,7,0.163475,1.412806,2.309585,9.889644,6.0,0,1.648274,0.0,0,0.0,0.0,0,0.0,0,0,0,0,0,0,0.0,0,0.0,0,0,0,93.0,0,0.10634,0.0,0,0,93.0,0,0.10634,0,0,0,0.0,0,0,0.0,0,0,192.0,,,,6.0,unknown,GS,87.0,48.0,37.0
ALC - Camiseta Centauro,120246042142770260,OUTCOME_AWARENESS,2026-03-01,41110,27373,1.501845,67,0.162977,0.834925,1.360739,55.94,26.0,0,2.151538,15.0,0,3.729333,0.0,0,0.0,0,0,0,0,0,0,0.0,0,0.0,0,0,0,1638.0,0,0.034151,7.0,0,0,1638.0,0,0.034151,0,0,0,0.0,0,0,0.0,0,0,313.0,,,,26.0,female,GS,58.0,36.0,22.0
ALC - Camiseta Centauro,120246042142770260,OUTCOME_AWARENESS,2026-03-01,65965,43154,1.528595,199,0.301675,0.45191,1.363299,89.93,42.0,0,2.14119,22.0,0,4.087727,0.0,0,0.0,0,0,0,0,0,0,0.0,0,0.0,0,0,0,4144.0,0,0.021701,24.0,0,0,4144.0,0,0.021701,0,0,0,0.0,0,0,0.0,0,0,817.0,,,,42.0,male,GS,240.0,127.0,72.0
ALC - Camiseta Centauro,120246042142770260,OUTCOME_AWARENESS,2026-03-01,322,232,1.387931,3,0.931677,0.156667,1.459627,0.47,0.0,0,0.0,0.0,0,0.0,0.0,0,0.0,0,0,0,0,0,0,0.0,0,0.0,0,0,0,20.0,0,0.0235,0.0,0,0,20.0,0,0.0235,0,0,0,0.0,0,0,0.0,0,0,2.0,,,,0.0,unknown,GS,,,
ALC - PROMO IPHONE,120246044174640260,OUTCOME_AWARENESS,2026-03-01,175879,114032,1.542365,271,0.154083,0.946089,1.457764,256.39,199.0,0,1.288392,3.0,0,85.463333,0.0,0,0.0,0,0,0,0,0,0,0.0,0,0.0,0,0,0,230.0,0,1.114739,25.0,0,0,230.0,0,1.114739,0,0,0,0.0,0,0,0.0,0,0,1.0,,,,199.0,female,GS,,,
ALC - PROMO IPHONE,120246044174640260,OUTCOME_AWARENESS,2026-03-01,233360,138864,1.680493,335,0.143555,1.01594,1.458433,340.34,256.0,0,1.329453,0.0,0,0.0,0.0,0,0.0,0,0,0,0,0,0,0.0,0,0.0,0,0,0,292.0,0,1.165548,30.0,0,0,292.0,0,1.165548,0,0,0,0.0,0,0,0.0,0,0,,,,,255.0,male,GS,,,
ALC - PROMO IPHONE,120246044174640260,OUTCOME_AWARENESS,2026-03-01,1879,1189,1.58032,0,0.0,0.0,1.468866,2.76,0.0,0,0.0,0.0,0,0.0,0.0,0,0.0,0,0,0,0,0,0,0.0,0,0.0,0,0,0,0.0,0,0.0,0.0,0,0,0.0,0,0.0,0,0,0,0.0,0,0,0.0,0,0,,,,,0.0,unknown,GS,,,
ALC - Turma do Coelho,120246044270030260,OUTCOME_AWARENESS,2026-03-01,32303,30268,1.067233,62,0.191933,0.72629,1.393988,45.03,38.0,0,1.185,24.0,0,1.87625,0.0,0,0.0,0,0,0,0,0,0,0.0,0,0.0,0,0,0,997.0,0,0.045166,3.0,0,0,998.0,0,0.04512,0,0,0,0.0,0,0,0.0,0,0,2473.0,,,,38.0,female,GS,960.0,552.0,370.0
ALC - Turma do Coelho,120246044270030260,OUTCOME_AWARENESS,2026-03-01,36436,34433,1.058171,43,0.118015,1.16907,1.379679,50.27,28.0,0,1.795357,10.0,0,5.027,0.0,0,0.0,0,0,0,0,0,0,0.0,0,0.0,0,0,0,726.0,0,0.069242,3.0,0,0,726.0,0,0.069242,0,0,0,0.0,0,0,0.0,0,0,2005.0,,,,28.0,male,GS,699.0,383.0,251.0
ALC - Turma do Coelho,120246044270030260,OUTCOME_AWARENESS,2026-03-01,290,288,1.006944,0,0.0,0.0,1.586207,0.46,0.0,0,0.0,0.0,0,0.0,0.0,0,0.0,0,0,0,0,0,0,0.0,0,0.0,0,0,0,10.0,0,0.046,0.0,0,0,10.0,0,0.046,0,0,0,0.0,0,0,0.0,0,0,24.0,,,,0.0,unknown,GS,10.0,7.0,4.0
ALC - Musical - A menina da casa mágica,120246044406370260,OUTCOME_AWARENESS,2026-03-01,88064,64797,1.359075,266,0.302053,0.444511,1.34266,118.24,122.0,0,0.96918,78.0,0,1.515897,0.0,0,0.0,0,0,0,0,0,0,0.0,0,0.0,0,0,0,2631.0,0,0.044941,27.0,0,0,2631.0,0,0.044941,0,0,0,0.0,0,0,0.0,0,0,3657.0,,,,122.0,female,GS,1235.0,678.0,434.0
ALC - Musical - A menina da casa mágica,120246044406370260,OUTCOME_AWARENESS,2026-03-01,96221,69455,1.385372,153,0.159009,0.854706,1.359059,130.77,95.0,0,1.376526,40.0,0,3.26925,0.0,0,0.0,0,0,0,0,0,0,0.0,0,0.0,0,0,0,1405.0,0,0.093075,16.0,0,0,1405.0,0,0.093075,0,0,0,0.0,0,0,0.0,0,0,2014.0,,,,95.0,male,GS,635.0,332.0,208.0
ALC - Musical - A menina da casa mágica,120246044406370260,OUTCOME_AWARENESS,2026-03-01,718,544,1.319853,1,0.139276,0.99,1.37883,0.99,1.0,0,0.99,0.0,0,0.0,0.0,0,0.0,0,0,0,0,0,0,0.0,0,0.0,0,0,0,20.0,0,0.0495,0.0,0,0,20.0,0,0.0495,0,0,0,0.0,0,0,0.0,0,0,29.0,,,,1.0,unknown,GS,9.0,4.0,1.0
ENG - Panico 7,120246044638080260,OUTCOME_ENGAGEMENT,2026-03-01,10550,8546,1.234496,126,1.194313,0.284977,3.403512,35.907054,23.0,0,1.561176,14.0,0,2.56479,0.0,0,0.0,0,0,0,0,0,0,0.0,0,0.0,0,0,0,6211.0,0,0.005781,55.0,0,0,6211.0,0,0.005781,0,0,0,0.0,0,0,0.0,0,0,378.0,,,,22.0,female,GS,203.0,140.0,26.0
ENG - Panico 7,120246044638080260,OUTCOME_ENGAGEMENT,2026-03-01,26619,19802,1.344258,271,1.01807,0.316579,3.222997,85.792962,38.0,0,2.25771,21.0,0,4.085379,0.0,0,0.0,0,0,0,0,0,0,0.0,0,0.0,0,0,0,14742.0,0,0.00582,124.0,0,0,14742.0,0,0.00582,0,0,0,0.0,0,0,0.0,0,0,1057.0,,,,34.0,male,GS,553.0,403.0,73.0
ENG - Panico 7,120246044638080260,OUTCOME_ENGAGEMENT,2026-03-01,100,84,1.190476,0,0.0,0.0,1.999836,0.199984,0.0,0,0.0,0.0,0,0.0,0.0,0,0.0,0,0,0,0,0,0,0.0,0,0.0,0,0,0,68.0,0,0.002941,0.0,0,0,68.0,0,0.002941,0,0,0,0.0,0,0,0.0,0,0,1.0,,,,0.0,unknown,GS,1.0,1.0,
TRAF - FRANQUIA,120246486234420260,LINK_CLICKS,2026-03-01,3000,2865,1.04712,83,2.766667,0.257229,7.116667,21.35,63.0,0,0.338889,52.0,0,0.410577,0.0,0,0.0,0,0,0,0,0,0,0.0,0,0.0,0,0,0,71.0,0,0.300704,3.0,0,0,71.0,0,0.300704,0,0,0,0.0,0,0,0.0,0,0,,,,,62.0,female,GS,,,
TRAF - FRANQUIA,120246486234420260,LINK_CLICKS,2026-03-01,2872,2767,1.037947,75,2.611421,0.217867,5.689415,16.34,60.0,0,0.272333,54.0,0,0.302593,0.0,0,0.0,0,0,0,0,0,0,0.0,0,0.0,0,0,0,66.0,0,0.247576,5.0,0,0,66.0,0,0.247576,0,0,0,0.0,0,0,0.0,0,0,,,,,60.0,male,GS,,,
TRAF - FRANQUIA,120246486234420260,LINK_CLICKS,2026-03-01,17,17,1.0,0,0.0,0.0,4.705882,0.08,0.0,0,0.0,0.0,0,0.0,0.0,0,0.0,0,0,0,0,0,0,0.0,0,0.0,0,0,0,0.0,0,0.0,0.0,0,0,0.0,0,0.0,0,0,0,0.0,0,0,0.0,0,0,,,,,0.0,unknown,GS,,,
ENG - FRANQUIAS,120246492291640260,OUTCOME_ENGAGEMENT,2026-03-01,335,217,1.543779,9,2.686567,0.765556,20.567164,6.89,8.0,0,0.86125,0.0,0,0.0,0.0,0,0.0,0,0,0,0,0,0,0.0,0,0.0,0,0,0,11.0,0,0.626364,2.0,0,0,11.0,0,0.626364,0,0,0,0.0,0,0,0.0,0,0,,,,,5.0,female,GS,,,
ENG - FRANQUIAS,120246492291640260,OUTCOME_ENGAGEMENT,2026-03-01,314,240,1.308333,8,2.547771,0.90375,23.025478,7.23,5.0,0,1.446,0.0,0,0.0,0.0,0,0.0,0,0,0,0,0,0,0.0,0,0.0,0,0,0,8.0,0,0.90375,2.0,0,0,9.0,0,0.803333,0,0,0,0.0,0,0,0.0,0,0,,,,,4.0,male,GS,,,
ENG - FRANQUIAS,120246492291640260,OUTCOME_ENGAGEMENT,2026-03-01,4,3,1.333333,0,0.0,0.0,57.5,0.23,0.0,0,0.0,0.0,0,0.0,0.0,0,0.0,0,0,0,0,0,0,0.0,0,0.0,0,0,0,0.0,0,0.0,0.0,0,0,0.0,0,0.0,0,0,0,0.0,0,0,0.0,0,0,,,,,0.0,unknown,GS,,,
ALC - Camiseta Centauro,120246042142770260,OUTCOME_AWARENESS,2026-04-01,41191,31863,1.292753,74,0.179651,0.593591,1.066391,43.925726,18.0,0,2.440318,11.0,0,3.993248,0.0,0,0.0,0,0,0,0,0,0,0.0,0,0.0,0,0,0,1768.0,0,0.024845,8.0,0,0,1768.0,0,0.024845,0,0,0,0.0,0,0,0.0,0,0,320.0,,,,18.0,female,GS,72.0,39.0,21.0
ALC - Camiseta Centauro,120246042142770260,OUTCOME_AWARENESS,2026-04-01,54502,41224,1.322094,116,0.212836,0.504951,1.074718,58.574301,30.0,0,1.952477,17.0,0,3.445547,0.0,0,0.0,0,0,0,0,0,0,0.0,0,0.0,0,0,0,3236.0,0,0.018101,23.0,0,0,3236.0,0,0.018101,0,0,0,0.0,0,0,0.0,0,0,588.0,,,,30.0,male,GS,160.0,70.0,43.0
ALC - Camiseta Centauro,120246042142770260,OUTCOME_AWARENESS,2026-04-01,336,283,1.187279,1,0.297619,0.279973,0.833252,0.279973,1.0,0,0.279973,0.0,0,0.0,0.0,0,0.0,0,0,0,0,0,0,0.0,0,0.0,0,0,0,26.0,0,0.010768,0.0,0,0,26.0,0,0.010768,0,0,0,0.0,0,0,0.0,0,0,3.0,,,,1.0,unknown,GS,2.0,2.0,2.0
ALC - PROMO IPHONE,120246044174640260,OUTCOME_AWARENESS,2026-04-01,839330,326267,2.572525,1333,0.158817,0.986041,1.566002,1314.392619,1053.0,0,1.248236,143.0,0,9.191557,0.0,0,0.0,0,0,0,0,0,0,0.0,0,0.0,0,0,0,30833.0,0,0.042629,81.0,0,0,30834.0,0,0.042628,0,0,0,0.0,0,0,0.0,0,0,5876.0,,,,1052.0,female,GS,1713.0,752.0,485.0
ALC - PROMO IPHONE,120246044174640260,OUTCOME_AWARENESS,2026-04-01,721593,283834,2.542306,1071,0.148422,1.006132,1.493318,1077.567552,810.0,0,1.33033,76.0,0,14.17852,0.0,0,0.0,0,0,0,0,0,0,0.0,0,0.0,0,0,0,30355.0,0,0.035499,69.0,0,0,30356.0,0,0.035498,0,0,0,0.0,0,0,0.0,0,0,5342.0,,,,807.0,male,GS,1631.0,780.0,496.0
ALC - PROMO IPHONE,120246044174640260,OUTCOME_AWARENESS,2026-04-01,5359,2421,2.213548,11,0.205262,0.746348,1.53197,8.209829,6.0,0,1.368305,0.0,0,0.0,0.0,0,0.0,0,0,0,0,0,0,0.0,0,0.0,0,0,0,211.0,0,0.038909,1.0,0,0,211.0,0,0.038909,0,0,0,0.0,0,0,0.0,0,0,51.0,,,,6.0,unknown,GS,13.0,7.0,2.0
ENG - Panico 7,120246044638080260,OUTCOME_ENGAGEMENT,2026-04-01,2185,2085,1.047962,16,0.732265,0.43375,3.176201,6.94,3.0,0,2.313333,2.0,0,3.47,0.0,0,0.0,0,0,0,0,0,0,0.0,0,0.0,0,0,0,1329.0,0,0.005222,11.0,0,0,1329.0,0,0.005222,0,0,0,0.0,0,0,0.0,0,0,96.0,,,,3.0,female,GS,55.0,37.0,5.0
ENG - Panico 7,120246044638080260,OUTCOME_ENGAGEMENT,2026-04-01,5684,5538,1.026363,52,0.914849,0.320769,2.934553,16.68,5.0,0,3.336,3.0,0,5.56,0.0,0,0.0,0,0,0,0,0,0,0.0,0,0.0,0,0,0,3153.0,0,0.00529,22.0,0,0,3153.0,0,0.00529,0,0,0,0.0,0,0,0.0,0,0,211.0,,,,4.0,male,GS,97.0,66.0,16.0
ENG - Panico 7,120246044638080260,OUTCOME_ENGAGEMENT,2026-04-01,23,22,1.045455,0,0.0,0.0,4.347826,0.1,0.0,0,0.0,0.0,0,0.0,0.0,0,0.0,0,0,0,0,0,0,0.0,0,0.0,0,0,0,10.0,0,0.01,0.0,0,0,10.0,0,0.01,0,0,0,0.0,0,0,0.0,0,0,1.0,,,,0.0,unknown,GS,1.0,1.0,
TRAF - FRANQUIA,120246486234420260,LINK_CLICKS,2026-04-01,76992,56038,1.373925,2573,3.341906,0.096481,3.224295,248.244944,1602.0,0,0.154959,1295.0,0,0.191695,0.0,0,0.0,0,0,0,0,0,0,0.0,0,0.0,0,0,0,1689.0,0,0.146977,59.0,0,0,1691.0,0,0.146804,0,0,0,0.0,0,0,0.0,0,0,,,,,1602.0,female,GS,,,
TRAF - FRANQUIA,120246486234420260,LINK_CLICKS,2026-04-01,74960,54037,1.387198,2527,3.371131,0.095301,3.212715,240.825096,1642.0,0,0.146666,1277.0,0,0.188587,0.0,0,0.0,0,0,0,0,0,0,0.0,0,0.0,0,0,0,1761.0,0,0.136755,83.0,0,0,1761.0,0,0.136755,0,0,0,0.0,0,0,0.0,0,0,,,,,1642.0,male,GS,,,
TRAF - FRANQUIA,120246486234420260,LINK_CLICKS,2026-04-01,603,435,1.386207,19,3.150912,0.103156,3.250348,1.95996,13.0,0,0.150766,9.0,0,0.217773,0.0,0,0.0,0,0,0,0,0,0,0.0,0,0.0,0,0,0,14.0,0,0.139997,1.0,0,0,14.0,0,0.139997,0,0,0,0.0,0,0,0.0,0,0,,,,,13.0,unknown,GS,,,
ENG - FRANQUIAS,120246492291640260,OUTCOME_ENGAGEMENT,2026-04-01,13892,6415,2.165549,178,1.281313,1.114831,14.28448,198.44,78.0,0,2.544103,1.0,0,198.44,0.0,0,0.0,0,0,0,0,0,0,0.0,0,0.0,0,0,0,106.0,0,1.872075,20.0,0,0,107.0,0,1.854579,0,0,0,0.0,0,0,0.0,0,0,,,,,63.0,female,GS,,,
ENG - FRANQUIAS,120246492291640260,OUTCOME_ENGAGEMENT,2026-04-01,18408,9919,1.855832,412,2.238157,0.680049,15.220556,280.18,166.0,0,1.687831,0.0,0,0.0,0.0,0,0.0,0,0,0,0,0,0,0.0,0,0.0,0,0,0,229.0,0,1.223493,56.0,0,0,230.0,0,1.218174,0,0,0,0.0,0,0,0.0,0,0,,,,,129.0,male,GS,,,
ENG - FRANQUIAS,120246492291640260,OUTCOME_ENGAGEMENT,2026-04-01,407,158,2.575949,2,0.4914,2.09,10.27027,4.18,1.0,0,4.18,0.0,0,0.0,0.0,0,0.0,0,0,0,0,0,0,0.0,0,0.0,0,0,0,1.0,0,4.18,0.0,0,0,1.0,0,4.18,0,0,0,0.0,0,0,0.0,0,0,,,,,0.0,unknown,GS,,,
ALC - ELLAS,120246600992030260,OUTCOME_AWARENESS,2026-04-01,275797,208084,1.325412,377,0.136695,0.717347,0.980576,270.44,277.0,0,0.976318,131.0,0,2.064427,0.0,0,0.0,0,0,0,0,0,0,0.0,0,0.0,0,0,0,5206.0,0,0.051948,30.0,0,0,5206.0,0,0.051948,0,0,0,0.0,0,0,0.0,0,0,2801.0,,,,277.0,female,GS,1340.0,609.0,222.0
ALC - ELLAS,120246600992030260,OUTCOME_AWARENESS,2026-04-01,233655,165092,1.415302,255,0.109135,0.892353,0.973872,227.55,179.0,0,1.271229,59.0,0,3.85678,0.0,0,0.0,0,0,0,0,0,0,0.0,0,0.0,0,0,0,3811.0,0,0.059709,23.0,0,0,3812.0,0,0.059693,0,0,0,0.0,0,0,0.0,0,0,2078.0,,,,179.0,male,GS,863.0,437.0,201.0
ALC - ELLAS,120246600992030260,OUTCOME_AWARENESS,2026-04-01,1868,1353,1.380636,4,0.214133,0.4975,1.06531,1.99,3.0,0,0.663333,0.0,0,0.0,0.0,0,0.0,0,0,0,0,0,0,0.0,0,0.0,0,0,0,35.0,0,0.056857,0.0,0,0,35.0,0,0.056857,0,0,0,0.0,0,0,0.0,0,0,20.0,,,,3.0,unknown,GS,9.0,3.0,1.0
TRAF - PROMO IPHONE,120246819817910260,LINK_CLICKS,2026-04-01,166493,31964,5.208766,2192,1.316572,0.152348,2.00577,333.946681,1982.0,0,0.16849,812.0,0,0.411264,0.0,0,0.0,0,0,0,0,0,0,0.0,0,0.0,0,0,0,10397.0,0,0.03212,70.0,0,0,10397.0,0,0.03212,0,0,0,0.0,0,0,0.0,0,0,3260.0,,,,1982.0,female,GS,1559.0,1099.0,495.0
TRAF - PROMO IPHONE,120246819817910260,LINK_CLICKS,2026-04-01,64232,20595,3.118815,1170,1.821522,0.13884,2.529008,162.44325,981.0,0,0.165589,444.0,0,0.365863,0.0,0,0.0,0,0,0,0,0,0,0.0,0,0.0,0,0,0,4929.0,0,0.032957,33.0,0,0,4929.0,0,0.032957,0,0,0,0.0,0,0,0.0,0,0,1258.0,,,,981.0,male,GS,529.0,323.0,100.0
TRAF - PROMO IPHONE,120246819817910260,LINK_CLICKS,2026-04-01,869,160,5.43125,16,1.841197,0.215629,3.97016,3.450069,18.0,0,0.191671,9.0,0,0.383341,0.0,0,0.0,0,0,0,0,0,0,0.0,0,0.0,0,0,0,32.0,0,0.107815,0.0,0,0,32.0,0,0.107815,0,0,0,0.0,0,0,0.0,0,0,6.0,,,,18.0,unknown,GS,2.0,1.0,1.0
ALC - DINOS,120247009600330260,OUTCOME_AWARENESS,2026-04-01,371143,149984,2.474551,1876,0.505466,0.254933,1.288599,478.254674,478.0,0,1.000533,347.0,0,1.378256,0.0,0,0.0,0,0,0,0,0,0,0.0,0,0.0,0,0,0,28867.0,0,0.016568,226.0,0,0,28872.0,0,0.016565,0,0,0,0.0,0,0,0.0,0,0,46319.0,,,,476.0,female,GS,19764.0,12027.0,8427.0
ALC - DINOS,120247009600330260,OUTCOME_AWARENESS,2026-04-01,410732,171025,2.40159,1025,0.249554,0.519937,1.297525,532.935208,342.0,0,1.55829,239.0,0,2.229854,0.0,0,0.0,0,0,0,0,0,0,0.0,0,0.0,0,0,0,34455.0,0,0.015468,166.0,0,0,34459.0,0,0.015466,0,0,0,0.0,0,0,0.0,0,0,58105.0,,,,342.0,male,GS,23099.0,12883.0,8488.0
ALC - DINOS,120247009600330260,OUTCOME_AWARENESS,2026-04-01,8403,1331,6.313298,57,0.678329,0.212634,1.442356,12.120118,31.0,0,0.390972,3.0,0,4.040039,0.0,0,0.0,0,0,0,0,0,0,0.0,0,0.0,0,0,0,1457.0,0,0.008319,1.0,0,0,1457.0,0,0.008319,0,0,0,0.0,0,0,0.0,0,0,1866.0,,,,30.0,unknown,GS,1131.0,795.0,627.0
TRAF - FRANQUIA 02,120247121341160260,LINK_CLICKS,2026-04-01,45358,31108,1.458082,2815,6.206182,0.063856,3.962997,179.753596,2246.0,0,0.080033,1070.0,0,0.167994,0.0,0,0.0,0,0,0,0,0,0,0.0,0,0.0,0,0,0,2357.0,0,0.076264,94.0,0,0,2357.0,0,0.076264,0,0,0,0.0,0,0,0.0,0,0,,,,,2246.0,female,GS,,,
TRAF - FRANQUIA 02,120247121341160260,LINK_CLICKS,2026-04-01,79883,54718,1.459904,5140,6.43441,0.062017,3.990416,318.766377,4123.0,0,0.077314,1961.0,0,0.162553,0.0,0,0.0,0,0,0,0,0,0,0.0,0,0.0,0,0,0,4293.0,0,0.074253,156.0,0,0,4294.0,0,0.074235,0,0,0,0.0,0,0,0.0,0,0,,,,,4122.0,male,GS,,,
TRAF - FRANQUIA 02,120247121341160260,LINK_CLICKS,2026-04-01,337,243,1.386831,17,5.04451,0.079413,4.006015,1.350027,14.0,0,0.096431,10.0,0,0.135003,0.0,0,0.0,0,0,0,0,0,0,0.0,0,0.0,0,0,0,14.0,0,0.096431,0.0,0,0,14.0,0,0.096431,0,0,0,0.0,0,0,0.0,0,0,,,,,14.0,unknown,GS,,,
ENG - FRANQUIAS GS,120247121838140260,OUTCOME_ENGAGEMENT,2026-04-01,15366,7632,2.013365,236,1.535858,0.979345,15.041348,231.125357,104.0,0,2.222359,0.0,0,0.0,0.0,0,0.0,0,0,0,0,0,0,0.0,0,0.0,0,0,0,139.0,0,1.662772,24.0,0,0,141.0,0,1.639187,0,0,0,0.0,0,0,0.0,0,0,,,,,76.0,female,GS,,,
ENG - FRANQUIAS GS,120247121838140260,OUTCOME_ENGAGEMENT,2026-04-01,18428,10192,1.808085,376,2.040373,0.691821,14.115736,260.124774,165.0,0,1.576514,5.0,0,52.024955,0.0,0,0.0,0,0,0,0,0,0,0.0,0,0.0,0,0,0,219.0,0,1.187784,38.0,0,0,219.0,0,1.187784,0,0,0,0.0,0,0,0.0,0,0,,,,,142.0,male,GS,,,
ENG - FRANQUIAS GS,120247121838140260,OUTCOME_ENGAGEMENT,2026-04-01,2462,115,21.408696,12,0.487409,0.543322,2.6482,6.519869,6.0,0,1.086645,0.0,0,0.0,0.0,0,0.0,0,0,0,0,0,0,0.0,0,0.0,0,0,0,6.0,0,1.086645,0.0,0,0,6.0,0,1.086645,0,0,0,0.0,0,0,0.0,0,0,,,,,0.0,unknown,GS,,,
ALC - Candlelight,120247551389570260,OUTCOME_AWARENESS,2026-04-01,135274,100000,1.35274,136,0.100537,1.222721,1.229283,166.29,0.0,0,0.0,0.0,0,0.0,0.0,0,0.0,0,0,0,0,0,0,0.0,0,0.0,0,0,0,6863.0,0,0.02423,31.0,0,0,6864.0,0,0.024226,0,0,0,0.0,0,0,0.0,0,0,8562.0,,,,0.0,female,GS,3490.0,1885.0,1255.0
ALC - Candlelight,120247551389570260,OUTCOME_AWARENESS,2026-04-01,139062,99741,1.394231,88,0.063281,1.964432,1.243115,172.87,1.0,0,172.87,0.0,0,0.0,0.0,0,0.0,0,0,0,0,0,0,0.0,0,0.0,0,0,0,7528.0,0,0.022964,25.0,0,0,7528.0,0,0.022964,0,0,0,0.0,0,0,0.0,0,0,9618.0,,,,0.0,male,GS,3798.0,1989.0,1335.0
ALC - Candlelight,120247551389570260,OUTCOME_AWARENESS,2026-04-01,8282,873,9.486827,27,0.326008,0.37963,1.237624,10.25,0.0,0,0.0,0.0,0,0.0,0.0,0,0.0,0,0,0,0,0,0,0.0,0,0.0,0,0,0,1107.0,0,0.009259,0.0,0,0,1107.0,0,0.009259,0,0,0,0.0,0,0,0.0,0,0,1303.0,,,,0.0,unknown,GS,717.0,499.0,351.0
ALC - LOOKS OUTONO,120247552534330260,OUTCOME_AWARENESS,2026-04-01,36297,24524,1.48006,14,0.038571,3.547415,1.368262,49.66381,0.0,0,0.0,0.0,0,0.0,0.0,0,0.0,0,0,0,0,0,0,0.0,0,0.0,0,0,0,1471.0,0,0.033762,9.0,0,0,1471.0,0,0.033762,0,0,0,0.0,0,0,0.0,0,0,103.0,,,,0.0,female,GS,52.0,40.0,11.0
ALC - LOOKS OUTONO,120247552534330260,OUTCOME_AWARENESS,2026-04-01,21793,15753,1.383419,9,0.041298,3.374024,1.393393,30.366215,0.0,0,0.0,0.0,0,0.0,0.0,0,0.0,0,0,0,0,0,0,0.0,0,0.0,0,0,0,882.0,0,0.034429,4.0,0,0,882.0,0,0.034429,0,0,0,0.0,0,0,0.0,0,0,38.0,,,,0.0,male,GS,11.0,8.0,5.0
ALC - LOOKS OUTONO,120247552534330260,OUTCOME_AWARENESS,2026-04-01,203,149,1.362416,0,0.0,0.0,0.985099,0.199975,0.0,0,0.0,0.0,0,0.0,0.0,0,0.0,0,0,0,0,0,0,0.0,0,0.0,0,0,0,11.0,0,0.01818,0.0,0,0,11.0,0,0.01818,0,0,0,0.0,0,0,0.0,0,0,,,,,0.0,unknown,GS,,,
ALC - DIABO VESTE PRADA,120247980664870260,OUTCOME_AWARENESS,2026-04-01,51540,37003,1.39286,125,0.24253,0.623476,1.512116,77.934459,83.0,0,0.938969,54.0,0,1.443231,0.0,0,0.0,0,0,0,0,0,0,0.0,0,0.0,0,0,0,2037.0,0,0.038259,20.0,0,0,2037.0,0,0.038259,0,0,0,0.0,0,0,0.0,0,0,1047.0,,,,83.0,female,GS,574.0,222.0,98.0
ALC - DIABO VESTE PRADA,120247980664870260,OUTCOME_AWARENESS,2026-04-01,41462,31294,1.324919,87,0.209831,0.713398,1.496927,62.065587,56.0,0,1.108314,31.0,0,2.002116,0.0,0,0.0,0,0,0,0,0,0,0.0,0,0.0,0,0,0,1955.0,0,0.031747,9.0,0,0,1955.0,0,0.031747,0,0,0,0.0,0,0,0.0,0,0,1011.0,,,,56.0,male,GS,471.0,194.0,85.0
ALC - DIABO VESTE PRADA,120247980664870260,OUTCOME_AWARENESS,2026-04-01,429,316,1.357595,1,0.2331,0.649954,1.515044,0.649954,0.0,0,0.0,0.0,0,0.0,0.0,0,0.0,0,0,0,0,0,0,0.0,0,0.0,0,0,0,12.0,0,0.054163,0.0,0,0,12.0,0,0.054163,0,0,0,0.0,0,0,0.0,0,0,9.0,,,,0.0,unknown,GS,4.0,3.0,
ALC - PROMO MAES 26,120247981257820260,OUTCOME_AWARENESS,2026-04-01,41111,31375,1.310311,39,0.094865,1.670383,1.584611,65.144952,30.0,0,2.171498,8.0,0,8.143119,0.0,0,0.0,0,0,0,0,0,0,0.0,0,0.0,0,0,0,1410.0,0,0.046202,5.0,0,0,1410.0,0,0.046202,0,0,0,0.0,0,0,0.0,0,0,489.0,,,,30.0,female,GS,236.0,73.0,49.0
ALC - PROMO MAES 26,120247981257820260,OUTCOME_AWARENESS,2026-04-01,39577,31238,1.266951,33,0.083382,1.918336,1.599543,63.305094,27.0,0,2.344633,7.0,0,9.043585,0.0,0,0.0,0,0,0,0,0,0,0.0,0,0.0,0,0,0,1403.0,0,0.045121,7.0,0,0,1403.0,0,0.045121,0,0,0,0.0,0,0,0.0,0,0,617.0,,,,27.0,male,GS,266.0,115.0,75.0
ALC - PROMO MAES 26,120247981257820260,OUTCOME_AWARENESS,2026-04-01,351,262,1.339695,1,0.2849,0.589954,1.680781,0.589954,1.0,0,0.589954,1.0,0,0.589954,0.0,0,0.0,0,0,0,0,0,0,0.0,0,0.0,0,0,0,6.0,0,0.098326,0.0,0,0,6.0,0,0.098326,0,0,0,0.0,0,0,0.0,0,0,4.0,,,,1.0,unknown,GS,1.0,,
TRAF - PROMO MAES 26,120247999952910260,LINK_CLICKS,2026-04-01,10286,7418,1.386627,340,3.305464,0.286147,9.458487,97.29,320.0,0,0.304031,180.0,0,0.5405,0.0,0,0.0,0,0,0,0,0,0,0.0,0,0.0,0,0,0,2008.0,0,0.048451,32.0,0,0,2008.0,0,0.048451,0,0,0,0.0,0,0,0.0,0,0,598.0,,,,320.0,female,GS,312.0,140.0,91.0
TRAF - PROMO MAES 26,120247999952910260,LINK_CLICKS,2026-04-01,4459,3489,1.278017,117,2.623907,0.258547,6.784032,30.25,109.0,0,0.277523,62.0,0,0.487903,0.0,0,0.0,0,0,0,0,0,0,0.0,0,0.0,0,0,0,504.0,0,0.06002,5.0,0,0,504.0,0,0.06002,0,0,0,0.0,0,0,0.0,0,0,135.0,,,,109.0,male,GS,83.0,27.0,22.0
TRAF - PROMO MAES 26,120247999952910260,LINK_CLICKS,2026-04-01,63,48,1.3125,3,4.761905,0.163333,7.777778,0.49,3.0,0,0.163333,0.0,0,0.0,0.0,0,0.0,0,0,0,0,0,0,0.0,0,0.0,0,0,0,9.0,0,0.054444,0.0,0,0,9.0,0,0.054444,0,0,0,0.0,0,0,0.0,0,0,5.0,,,,3.0,unknown,GS,4.0,2.0,2.0
ALC - CINEMA,120248115202810260,OUTCOME_AWARENESS,2026-04-01,11117,10409,1.068018,7,0.062967,2.498526,1.573237,17.489679,7.0,0,2.498526,6.0,0,2.914946,0.0,0,0.0,0,0,0,0,0,0,0.0,0,0.0,0,0,0,466.0,0,0.037532,5.0,0,0,466.0,0,0.037532,0,0,0,0.0,0,0,0.0,0,0,9.0,,,,7.0,female,GS,4.0,1.0,1.0
ALC - CINEMA,120248115202810260,OUTCOME_AWARENESS,2026-04-01,10257,9566,1.072235,12,0.116993,1.355034,1.585298,16.260404,11.0,0,1.478219,5.0,0,3.252081,0.0,0,0.0,0,0,0,0,0,0,0.0,0,0.0,0,0,0,542.0,0,0.030001,2.0,0,0,542.0,0,0.030001,0,0,0,0.0,0,0,0.0,0,0,17.0,,,,11.0,male,GS,7.0,4.0,2.0
ALC - CINEMA,120248115202810260,OUTCOME_AWARENESS,2026-04-01,108,101,1.069307,0,0.0,0.0,1.295532,0.139917,0.0,0,0.0,0.0,0,0.0,0.0,0,0.0,0,0,0,0,0,0,0.0,0,0.0,0,0,0,5.0,0,0.027983,0.0,0,0,5.0,0,0.027983,0,0,0,0.0,0,0,0.0,0,0,,,,,0.0,unknown,GS,,,
ALC - DINOS,120247009600330260,OUTCOME_AWARENESS,2026-05-01,97096,70926,1.368976,371,0.382096,0.352022,1.345061,130.6,100.0,0,1.306,59.0,0,2.213559,0.0,0,0.0,0,0,0,0,0,0,0.0,0,0.0,0,0,0,6129.0,0,0.021309,55.0,0,0,6130.0,0,0.021305,0,0,0,0.0,0,0,0.0,0,0,8129.0,,,,97.0,female,GS,3299.0,1973.0,1343.0
ALC - DINOS,120247009600330260,OUTCOME_AWARENESS,2026-05-01,122584,89008,1.377225,302,0.246362,0.535861,1.320156,161.83,98.0,0,1.651327,49.0,0,3.302653,0.0,0,0.0,0,0,0,0,0,0,0.0,0,0.0,0,0,0,7761.0,0,0.020852,41.0,0,0,7761.0,0,0.020852,0,0,0,0.0,0,0,0.0,0,0,11019.0,,,,97.0,male,GS,4165.0,2330.0,1493.0
ALC - DINOS,120247009600330260,OUTCOME_AWARENESS,2026-05-01,6241,638,9.782132,51,0.817177,0.14,1.144047,7.14,33.0,0,0.216364,0.0,0,0.0,0.0,0,0.0,0,0,0,0,0,0,0.0,0,0.0,0,0,0,1164.0,0,0.006134,1.0,0,0,1164.0,0,0.006134,0,0,0,0.0,0,0,0.0,0,0,1364.0,,,,33.0,unknown,GS,888.0,657.0,507.0
ENG - FRANQUIAS GS,120247121838140260,OUTCOME_ENGAGEMENT,2026-05-01,0,0,0.0,0,0.0,0.0,0.0,0.0,0.0,0,0.0,0.0,0,0.0,0.0,0,0.0,0,0,0,0,0,0,0.0,0,0.0,0,0,0,0.0,0,0.0,0.0,0,0,0.0,0,0.0,0,0,0,0.0,0,0,0.0,0,0,,,,,0.0,female,GS,,,
ALC - LOOKS OUTONO,120247552534330260,OUTCOME_AWARENESS,2026-05-01,21079,17819,1.182951,12,0.056929,2.519167,1.434129,30.23,0.0,0,0.0,0.0,0,0.0,0.0,0,0.0,0,0,0,0,0,0,0.0,0,0.0,0,0,0,770.0,0,0.03926,3.0,0,0,770.0,0,0.03926,0,0,0,0.0,0,0,0.0,0,0,50.0,,,,0.0,female,GS,28.0,20.0,6.0
ALC - LOOKS OUTONO,120247552534330260,OUTCOME_AWARENESS,2026-05-01,13759,11781,1.167897,5,0.03634,3.934,1.42961,19.67,0.0,0,0.0,0.0,0,0.0,0.0,0,0.0,0,0,0,0,0,0,0.0,0,0.0,0,0,0,546.0,0,0.036026,4.0,0,0,546.0,0,0.036026,0,0,0,0.0,0,0,0.0,0,0,16.0,,,,0.0,male,GS,6.0,3.0,1.0
ALC - LOOKS OUTONO,120247552534330260,OUTCOME_AWARENESS,2026-05-01,142,120,1.183333,0,0.0,0.0,1.971831,0.28,0.0,0,0.0,0.0,0,0.0,0.0,0,0.0,0,0,0,0,0,0,0.0,0,0.0,0,0,0,7.0,0,0.04,0.0,0,0,7.0,0,0.04,0,0,0,0.0,0,0,0.0,0,0,,,,,0.0,unknown,GS,,,
ALC - DIABO VESTE PRADA,120247980664870260,OUTCOME_AWARENESS,2026-05-01,91361,70177,1.301865,163,0.178413,0.749509,1.337223,122.17,116.0,0,1.05319,73.0,0,1.673562,0.0,0,0.0,0,0,0,0,0,0,0.0,0,0.0,0,0,0,4812.0,0,0.025389,45.0,0,0,4812.0,0,0.025389,0,0,0,0.0,0,0,0.0,0,0,2298.0,,,,116.0,female,GS,1166.0,477.0,185.0
ALC - DIABO VESTE PRADA,120247980664870260,OUTCOME_AWARENESS,2026-05-01,82787,65075,1.272178,171,0.206554,0.652866,1.348521,111.64,119.0,0,0.938151,75.0,0,1.488533,0.0,0,0.0,0,0,0,0,0,0,0.0,0,0.0,0,0,0,4874.0,0,0.022905,25.0,0,0,4874.0,0,0.022905,0,0,0,0.0,0,0,0.0,0,0,2251.0,,,,119.0,male,GS,1036.0,428.0,193.0
ALC - DIABO VESTE PRADA,120247980664870260,OUTCOME_AWARENESS,2026-05-01,741,572,1.295455,0,0.0,0.0,1.45749,1.08,0.0,0,0.0,0.0,0,0.0,0.0,0,0.0,0,0,0,0,0,0,0.0,0,0.0,0,0,0,31.0,0,0.034839,0.0,0,0,31.0,0,0.034839,0,0,0,0.0,0,0,0.0,0,0,18.0,,,,0.0,unknown,GS,6.0,4.0,3.0
ALC - PROMO MAES 26,120247981257820260,OUTCOME_AWARENESS,2026-05-01,80287,60061,1.336758,80,0.099643,1.393,1.38802,111.44,64.0,0,1.74125,25.0,0,4.4576,0.0,0,0.0,0,0,0,0,0,0,0.0,0,0.0,0,0,0,3421.0,0,0.032575,10.0,0,0,3421.0,0,0.032575,0,0,0,0.0,0,0,0.0,0,0,760.0,,,,64.0,female,GS,342.0,108.0,73.0
ALC - PROMO MAES 26,120247981257820260,OUTCOME_AWARENESS,2026-05-01,73309,56973,1.286732,52,0.070933,1.962692,1.392189,102.06,38.0,0,2.685789,18.0,0,5.67,0.0,0,0.0,0,0,0,0,0,0,0.0,0,0.0,0,0,0,3357.0,0,0.030402,12.0,0,0,3357.0,0,0.030402,0,0,0,0.0,0,0,0.0,0,0,795.0,,,,38.0,male,GS,326.0,130.0,88.0
ALC - PROMO MAES 26,120247981257820260,OUTCOME_AWARENESS,2026-05-01,586,486,1.205761,1,0.170648,0.95,1.62116,0.95,1.0,0,0.95,1.0,0,0.95,0.0,0,0.0,0,0,0,0,0,0,0.0,0,0.0,0,0,0,29.0,0,0.032759,0.0,0,0,29.0,0,0.032759,0,0,0,0.0,0,0,0.0,0,0,11.0,,,,1.0,unknown,GS,2.0,1.0,1.0
TRAF - PROMO MAES 26,120247999952910260,LINK_CLICKS,2026-05-01,13007,9266,1.403734,517,3.974783,0.238588,9.483355,123.35,485.0,0,0.25433,247.0,0,0.499393,0.0,0,0.0,0,0,0,0,0,0,0.0,0,0.0,0,0,0,4360.0,0,0.028291,65.0,0,0,4360.0,0,0.028291,0,0,0,0.0,0,0,0.0,0,0,1201.0,,,,485.0,female,GS,655.0,256.0,161.0
TRAF - PROMO MAES 26,120247999952910260,LINK_CLICKS,2026-05-01,10724,7831,1.369429,484,4.513241,0.18781,8.476315,90.9,448.0,0,0.202902,266.0,0,0.341729,0.0,0,0.0,0,0,0,0,0,0,0.0,0,0.0,0,0,0,3492.0,0,0.026031,47.0,0,0,3492.0,0,0.026031,0,0,0,0.0,0,0,0.0,0,0,896.0,,,,448.0,male,GS,547.0,232.0,140.0
TRAF - PROMO MAES 26,120247999952910260,LINK_CLICKS,2026-05-01,59,46,1.282609,3,5.084746,0.18,9.152542,0.54,3.0,0,0.18,3.0,0,0.18,0.0,0,0.0,0,0,0,0,0,0,0.0,0,0.0,0,0,0,20.0,0,0.027,1.0,0,0,20.0,0,0.027,0,0,0,0.0,0,0,0.0,0,0,2.0,,,,3.0,unknown,GS,1.0,,
ALC - CINEMA,120248115202810260,OUTCOME_AWARENESS,2026-05-01,52001,37652,1.381095,57,0.109613,1.25193,1.372281,71.36,50.0,0,1.4272,29.0,0,2.46069,0.0,0,0.0,0,0,0,0,0,0,0.0,0,0.0,0,0,0,2351.0,0,0.030353,15.0,0,0,2351.0,0,0.030353,0,0,0,0.0,0,0,0.0,0,0,54.0,,,,50.0,female,GS,22.0,14.0,7.0
ALC - CINEMA,120248115202810260,OUTCOME_AWARENESS,2026-05-01,49268,37735,1.305631,57,0.115694,1.175263,1.359706,66.99,45.0,0,1.488667,27.0,0,2.481111,0.0,0,0.0,0,0,0,0,0,0,0.0,0,0.0,0,0,0,2616.0,0,0.025608,21.0,0,0,2616.0,0,0.025608,0,0,0,0.0,0,0,0.0,0,0,71.0,,,,45.0,male,GS,27.0,16.0,6.0
ALC - CINEMA,120248115202810260,OUTCOME_AWARENESS,2026-05-01,415,312,1.330128,1,0.240964,0.59,1.421687,0.59,1.0,0,0.59,1.0,0,0.59,0.0,0,0.0,0,0,0,0,0,0,0.0,0,0.0,0,0,0,21.0,0,0.028095,1.0,0,0,21.0,0,0.028095,0,0,0,0.0,0,0,0.0,0,0,,,,,1.0,unknown,GS,,,
ENG - ALBUM DE FIGURINHAS,120248416227900260,OUTCOME_ENGAGEMENT,2026-05-01,1757,1597,1.100188,6,0.341491,0.96,3.278315,5.76,0.0,0,0.0,0.0,0,0.0,0.0,0,0.0,0,0,0,0,0,0,0.0,0,0.0,0,0,0,610.0,0,0.009443,18.0,0,0,610.0,0,0.009443,0,0,0,0.0,0,0,0.0,0,0,481.0,,,,0.0,female,GS,291.0,192.0,148.0
ENG - ALBUM DE FIGURINHAS,120248416227900260,OUTCOME_ENGAGEMENT,2026-05-01,4549,4027,1.129625,18,0.395691,0.821667,3.251264,14.79,0.0,0,0.0,0.0,0,0.0,0.0,0,0.0,0,0,0,0,0,0,0.0,0,0.0,0,0,0,1544.0,0,0.009579,37.0,0,0,1544.0,0,0.009579,0,0,0,0.0,0,0,0.0,0,0,1226.0,,,,0.0,male,GS,760.0,539.0,392.0
ENG - ALBUM DE FIGURINHAS,120248416227900260,OUTCOME_ENGAGEMENT,2026-05-01,17,16,1.0625,0,0.0,0.0,2.352941,0.04,0.0,0,0.0,0.0,0,0.0,0.0,0,0.0,0,0,0,0,0,0,0.0,0,0.0,0,0,0,8.0,0,0.005,0.0,0,0,8.0,0,0.005,0,0,0,0.0,0,0,0.0,0,0,7.0,,,,0.0,unknown,GS,6.0,4.0,2.0
ALC - GIFT GUIDE DIA DAS MAES,120248544859280260,OUTCOME_AWARENESS,2026-05-01,20490,19864,1.031514,36,0.175695,0.877778,1.542216,31.6,29.0,0,1.089655,10.0,0,3.16,0.0,0,0.0,0,0,0,0,0,0,0.0,0,0.0,0,0,0,32.0,0,0.9875,3.0,0,0,32.0,0,0.9875,0,0,0,0.0,0,0,0.0,0,0,2.0,,,,29.0,female,GS,,,
ALC - GIFT GUIDE DIA DAS MAES,120248544859280260,OUTCOME_AWARENESS,2026-05-01,22345,22177,1.007575,44,0.196912,0.77,1.516223,33.88,30.0,0,1.129333,14.0,0,2.42,0.0,0,0.0,0,0,0,0,0,0,0.0,0,0.0,0,0,0,35.0,0,0.968,4.0,0,0,35.0,0,0.968,0,0,0,0.0,0,0,0.0,0,0,,,,,30.0,male,GS,,,
ALC - GIFT GUIDE DIA DAS MAES,120248544859280260,OUTCOME_AWARENESS,2026-05-01,196,189,1.037037,0,0.0,0.0,1.938776,0.38,0.0,0,0.0,0.0,0,0.0,0.0,0,0.0,0,0,0,0,0,0,0.0,0,0.0,0,0,0,0.0,0,0.0,0.0,0,0,0.0,0,0.0,0,0,0,0.0,0,0,0.0,0,0,,,,,0.0,unknown,GS,,,
TRAF- Giftcard,120231989566400225,LINK_CLICKS,2025-11-08,0,0,0.0,0,0.0,0.0,0.0,0.0,0.0,0,0.0,0.0,0,0.0,0.0,0,0.0,0,0,0,0,0,0,0.0,0,0.0,0,0,0,0.0,0,0.0,0.0,0,0,0.0,0,0.0,0,0,0,0.0,0,0,0.0,0,0,,,,,0.0,female,NS,,,
ALC - Inauguração Ritmi,120231990939630225,OUTCOME_AWARENESS,2025-11-08,32193,26195,1.228975,23,0.071444,2.355217,1.682664,54.17,0.0,0,0.0,0.0,0,0.0,0.0,0,0.0,0,0,0,0,0,0,0.0,0,0.0,0,0,0,905.0,0,0.059856,2.0,0,0,905.0,0,0.059856,0,0,0,0.0,0,0,0.0,0,0,137.0,,,,0.0,female,NS,19.0,8.0,4.0
ALC - Inauguração Ritmi,120231990939630225,OUTCOME_AWARENESS,2025-11-08,20730,17367,1.193643,9,0.043415,3.928889,1.70574,35.36,1.0,0,35.36,0.0,0,0.0,0.0,0,0.0,0,0,0,0,0,0,0.0,0,0.0,0,0,0,734.0,0,0.048174,2.0,0,0,734.0,0,0.048174,0,0,0,0.0,0,0,0.0,0,0,75.0,,,,0.0,male,NS,12.0,5.0,3.0
ALC - Inauguração Ritmi,120231990939630225,OUTCOME_AWARENESS,2025-11-08,194,168,1.154762,0,0.0,0.0,1.237113,0.24,0.0,0,0.0,0.0,0,0.0,0.0,0,0.0,0,0,0,0,0,0,0.0,0,0.0,0,0,0,4.0,0,0.06,0.0,0,0,4.0,0,0.06,0,0,0,0.0,0,0,0.0,0,0,,,,,0.0,unknown,NS,,,
ALC - Loja Crocs,120232410145660225,OUTCOME_AWARENESS,2025-11-08,38238,31749,1.204384,58,0.151682,1.20069,1.821225,69.64,29.0,0,2.401379,0.0,0,0.0,0.0,0,0.0,0,0,0,0,0,0,0.0,0,0.0,0,0,0,702.0,0,0.099202,2.0,0,0,702.0,0,0.099202,0,0,0,0.0,0,0,0.0,0,0,300.0,,,,15.0,female,NS,159.0,26.0,18.0
ALC - Loja Crocs,120232410145660225,OUTCOME_AWARENESS,2025-11-08,36170,27892,1.296788,34,0.094001,1.964118,1.846281,66.78,27.0,0,2.473333,0.0,0,0.0,0.0,0,0.0,0,0,0,0,0,0,0.0,0,0.0,0,0,0,494.0,0,0.135182,4.0,0,0,494.0,0,0.135182,0,0,0,0.0,0,0,0.0,0,0,171.0,,,,16.0,male,NS,91.0,24.0,17.0
ALC - Loja Crocs,120232410145660225,OUTCOME_AWARENESS,2025-11-08,302,258,1.170543,1,0.331126,0.54,1.788079,0.54,1.0,0,0.54,0.0,0,0.0,0.0,0,0.0,0,0,0,0,0,0,0.0,0,0.0,0,0,0,5.0,0,0.108,0.0,0,0,5.0,0,0.108,0,0,0,0.0,0,0,0.0,0,0,1.0,,,,0.0,unknown,NS,1.0,1.0,
ALC - Chilli Beans,120233141162840225,OUTCOME_AWARENESS,2025-11-08,17537,15107,1.160853,14,0.079831,2.153571,1.719222,30.15,12.0,0,2.5125,0.0,0,0.0,0.0,0,0.0,0,0,0,0,0,0,0.0,0,0.0,0,0,0,626.0,0,0.048163,1.0,0,0,626.0,0,0.048163,0,0,0,0.0,0,0,0.0,0,0,155.0,,,,4.0,female,NS,28.0,16.0,11.0
ALC - Chilli Beans,120233141162840225,OUTCOME_AWARENESS,2025-11-08,12806,10882,1.176806,13,0.101515,1.674615,1.699984,21.77,11.0,0,1.979091,0.0,0,0.0,0.0,0,0.0,0,0,0,0,0,0,0.0,0,0.0,0,0,0,541.0,0,0.04024,2.0,0,0,541.0,0,0.04024,0,0,0,0.0,0,0,0.0,0,0,120.0,,,,7.0,male,NS,24.0,18.0,13.0
ALC - Chilli Beans,120233141162840225,OUTCOME_AWARENESS,2025-11-08,107,95,1.126316,0,0.0,0.0,2.336449,0.25,0.0,0,0.0,0.0,0,0.0,0.0,0,0.0,0,0,0,0,0,0,0.0,0,0.0,0,0,0,4.0,0,0.0625,0.0,0,0,4.0,0,0.0625,0,0,0,0.0,0,0,0.0,0,0,1.0,,,,0.0,unknown,NS,,,
ALC - Avatim,120233142672850225,OUTCOME_AWARENESS,2025-11-08,67290,34159,1.969905,24,0.035667,4.5425,1.620152,109.02,1.0,0,109.02,0.0,0,0.0,0.0,0,0.0,0,0,0,0,0,0,0.0,0,0.0,0,0,0,3143.0,0,0.034687,11.0,0,0,3143.0,0,0.034687,0,0,0,0.0,0,0,0.0,0,0,137.0,,,,1.0,female,NS,58.0,37.0,23.0
ALC - Avatim,120233142672850225,OUTCOME_AWARENESS,2025-11-08,47739,24343,1.961098,22,0.046084,3.417273,1.574813,75.18,0.0,0,0.0,0.0,0,0.0,0.0,0,0.0,0,0,0,0,0,0,0.0,0,0.0,0,0,0,1994.0,0,0.037703,6.0,0,0,1994.0,0,0.037703,0,0,0,0.0,0,0,0.0,0,0,82.0,,,,0.0,male,NS,25.0,14.0,11.0
ALC - Avatim,120233142672850225,OUTCOME_AWARENESS,2025-11-08,475,276,1.721014,0,0.0,0.0,1.157895,0.55,0.0,0,0.0,0.0,0,0.0,0.0,0,0.0,0,0,0,0,0,0,0.0,0,0.0,0,0,0,15.0,0,0.036667,0.0,0,0,15.0,0,0.036667,0,0,0,0.0,0,0,0.0,0,0,,,,,0.0,unknown,NS,,,
ALC - Chegada Papai Noel - Natal 2025,120233915772800225,OUTCOME_AWARENESS,2025-11-08,21766,21766,1.0,45,0.206744,0.830444,1.716898,37.37,32.0,0,1.167813,0.0,0,0.0,0.0,0,0.0,0,0,0,0,0,0,0.0,0,0.0,0,0,0,358.0,0,0.104385,3.0,0,0,358.0,0,0.104385,0,0,0,0.0,0,0,0.0,0,0,378.0,,,,16.0,female,NS,165.0,105.0,69.0
ALC - Chegada Papai Noel - Natal 2025,120233915772800225,OUTCOME_AWARENESS,2025-11-08,16584,16275,1.018986,28,0.168837,1.0375,1.751688,29.05,23.0,0,1.263043,0.0,0,0.0,0.0,0,0.0,0,0,0,0,0,0,0.0,0,0.0,0,0,0,279.0,0,0.104122,0.0,0,0,279.0,0,0.104122,0,0,0,0.0,0,0,0.0,0,0,376.0,,,,14.0,male,NS,122.0,91.0,70.0
ALC - Chegada Papai Noel - Natal 2025,120233915772800225,OUTCOME_AWARENESS,2025-11-08,128,127,1.007874,0,0.0,0.0,1.5625,0.2,0.0,0,0.0,0.0,0,0.0,0.0,0,0.0,0,0,0,0,0,0,0.0,0,0.0,0,0,0,3.0,0,0.066667,0.0,0,0,3.0,0,0.066667,0,0,0,0.0,0,0,0.0,0,0,5.0,,,,0.0,unknown,NS,3.0,2.0,
ALC - Casas Maria,120234507323040225,OUTCOME_AWARENESS,2025-11-08,59297,27845,2.129539,90,0.151778,1.117,1.695364,100.53,57.0,0,1.763684,0.0,0,0.0,0.0,0,0.0,0,0,0,0,0,0,0.0,0,0.0,0,0,0,2579.0,0,0.03898,7.0,0,0,2579.0,0,0.03898,0,0,0,0.0,0,0,0.0,0,0,273.0,,,,28.0,female,NS,75.0,35.0,21.0
ALC - Casas Maria,120234507323040225,OUTCOME_AWARENESS,2025-11-08,42800,19813,2.160198,50,0.116822,1.4624,1.708411,73.12,35.0,0,2.089143,0.0,0,0.0,0.0,0,0.0,0,0,0,0,0,0,0.0,0,0.0,0,0,0,1732.0,0,0.042217,5.0,0,0,1732.0,0,0.042217,0,0,0,0.0,0,0,0.0,0,0,157.0,,,,22.0,male,NS,51.0,32.0,20.0
ALC - Casas Maria,120234507323040225,OUTCOME_AWARENESS,2025-11-08,356,198,1.79798,0,0.0,0.0,1.488764,0.53,0.0,0,0.0,0.0,0,0.0,0.0,0,0.0,0,0,0,0,0,0,0.0,0,0.0,0,0,0,13.0,0,0.040769,1.0,0,0,13.0,0,0.040769,0,0,0,0.0,0,0,0.0,0,0,1.0,,,,0.0,unknown,NS,,,
ALC - LAS LEÑAS,120234507357940225,OUTCOME_AWARENESS,2025-11-08,54320,26317,2.064065,56,0.103093,1.610714,1.66053,90.2,39.0,0,2.312821,0.0,0,0.0,0.0,0,0.0,0,0,0,0,0,0,0.0,0,0.0,0,0,0,3026.0,0,0.029808,11.0,0,0,3026.0,0,0.029808,0,0,0,0.0,0,0,0.0,0,0,3458.0,,,,27.0,female,NS,1116.0,676.0,493.0
ALC - LAS LEÑAS,120234507357940225,OUTCOME_AWARENESS,2025-11-08,51420,25653,2.004444,45,0.087515,1.853778,1.622326,83.42,35.0,0,2.383429,0.0,0,0.0,0.0,0,0.0,0,0,0,0,0,0,0.0,0,0.0,0,0,0,2812.0,0,0.029666,12.0,0,0,2812.0,0,0.029666,0,0,0,0.0,0,0,0.0,0,0,3210.0,,,,25.0,male,NS,978.0,565.0,424.0
ALC - LAS LEÑAS,120234507357940225,OUTCOME_AWARENESS,2025-11-08,417,229,1.820961,0,0.0,0.0,1.342926,0.56,0.0,0,0.0,0.0,0,0.0,0.0,0,0.0,0,0,0,0,0,0,0.0,0,0.0,0,0,0,20.0,0,0.028,0.0,0,0,20.0,0,0.028,0,0,0,0.0,0,0,0.0,0,0,22.0,,,,0.0,unknown,NS,11.0,6.0,3.0
ENG - Officina Gelatiera,120234507408890225,OUTCOME_ENGAGEMENT,2025-11-08,26565,20052,1.324806,202,0.760399,0.479951,3.649539,96.95,51.0,0,1.90098,0.0,0,0.0,0.0,0,0.0,0,0,0,0,0,0,0.0,0,0.0,0,0,0,11978.0,0,0.008094,230.0,0,0,11978.0,0,0.008094,0,0,0,0.0,0,0,0.0,0,0,3725.0,,,,23.0,female,NS,2687.0,1886.0,1086.0
ENG - Officina Gelatiera,120234507408890225,OUTCOME_ENGAGEMENT,2025-11-08,7491,5799,1.291774,37,0.493926,0.737568,3.643038,27.29,15.0,0,1.819333,0.0,0,0.0,0.0,0,0.0,0,0,0,0,0,0,0.0,0,0.0,0,0,0,3458.0,0,0.007892,52.0,0,0,3458.0,0,0.007892,0,0,0,0.0,0,0,0.0,0,0,1025.0,,,,8.0,male,NS,731.0,478.0,241.0
ENG - Officina Gelatiera,120234507408890225,OUTCOME_ENGAGEMENT,2025-11-08,117,92,1.271739,0,0.0,0.0,4.188034,0.49,0.0,0,0.0,0.0,0,0.0,0.0,0,0.0,0,0,0,0,0,0,0.0,0,0.0,0,0,0,60.0,0,0.008167,1.0,0,0,60.0,0,0.008167,0,0,0,0.0,0,0,0.0,0,0,25.0,,,,0.0,unknown,NS,18.0,12.0,6.0
ALC - PROMO NATAL 25,120234760801190225,OUTCOME_AWARENESS,2025-11-08,193227,82897,2.330929,326,0.168713,0.931166,1.571002,303.56,171.0,0,1.775205,1.0,0,303.56,0.0,0,0.0,0,0,0,0,0,0,0.0,0,0.0,0,0,0,3952.0,0,0.076812,30.0,0,0,3953.0,0,0.076792,0,0,0,0.0,0,0,0.0,0,0,9358.0,,,,169.0,female,NS,2797.0,1510.0,1012.0
ALC - PROMO NATAL 25,120234760801190225,OUTCOME_AWARENESS,2025-11-08,260714,101343,2.57259,378,0.144986,1.091085,1.581925,412.43,222.0,0,1.857793,1.0,0,412.43,0.0,0,0.0,0,0,0,0,0,0,0.0,0,0.0,0,0,0,7281.0,0,0.056645,46.0,0,0,7281.0,0,0.056645,0,0,0,0.0,0,0,0.0,0,0,15212.0,,,,222.0,male,NS,4695.0,2499.0,1626.0
ALC - PROMO NATAL 25,120234760801190225,OUTCOME_AWARENESS,2025-11-08,2977,1787,1.665921,4,0.134363,1.08,1.451125,4.32,2.0,0,2.16,0.0,0,0.0,0.0,0,0.0,0,0,0,0,0,0,0.0,0,0.0,0,0,0,95.0,0,0.045474,2.0,0,0,95.0,0,0.045474,0,0,0,0.0,0,0,0.0,0,0,176.0,,,,2.0,unknown,NS,58.0,37.0,23.0
TRAF - NATAL 25,120234760949340225,LINK_CLICKS,2025-11-08,133788,41699,3.208422,2050,1.532275,0.20621,3.1597,422.73,1552.0,0,0.272378,9.0,0,46.97,0.0,0,0.0,0,0,0,0,0,0,0.0,0,0.0,0,0,0,12155.0,0,0.034778,83.0,0,0,12158.0,0,0.03477,0,0,0,0.0,0,0,0.0,0,0,14713.0,,,,1551.0,female,NS,6892.0,4314.0,3051.0
TRAF - NATAL 25,120234760949340225,LINK_CLICKS,2025-11-08,105136,33801,3.110441,1396,1.327804,0.211168,2.803892,294.79,1094.0,0,0.269461,11.0,0,26.799091,0.0,0,0.0,0,0,0,0,0,0,0.0,0,0.0,0,0,0,8900.0,0,0.033122,47.0,0,0,8900.0,0,0.033122,0,0,0,0.0,0,0,0.0,0,0,12433.0,,,,1094.0,male,NS,5776.0,3656.0,2618.0
TRAF - NATAL 25,120234760949340225,LINK_CLICKS,2025-11-08,2232,1691,1.319929,40,1.792115,0.179,3.207885,7.16,38.0,0,0.188421,0.0,0,0.0,0.0,0,0.0,0,0,0,0,0,0,0.0,0,0.0,0,0,0,227.0,0,0.031542,2.0,0,0,227.0,0,0.031542,0,0,0,0.0,0,0,0.0,0,0,229.0,,,,38.0,unknown,NS,131.0,100.0,77.0
ALC - LEGOS,120235033220480225,OUTCOME_AWARENESS,2025-11-08,145449,55402,2.625338,212,0.145756,1.187028,1.73016,251.65,143.0,0,1.75979,0.0,0,0.0,0.0,0,0.0,0,0,0,0,0,0,0.0,0,0.0,0,0,0,224.0,0,1.123438,7.0,0,0,224.0,0,1.123438,0,0,0,0.0,0,0,0.0,0,0,8.0,,,,87.0,female,NS,1.0,1.0,1.0
ALC - LEGOS,120235033220480225,OUTCOME_AWARENESS,2025-11-08,121499,49524,2.453336,187,0.153911,1.101016,1.694582,205.89,130.0,0,1.583769,2.0,0,102.945,0.0,0,0.0,0,0,0,0,0,0,0.0,0,0.0,0,0,0,199.0,0,1.034623,10.0,0,0,199.0,0,1.034623,0,0,0,0.0,0,0,0.0,0,0,14.0,,,,88.0,male,NS,2.0,,
ALC - LEGOS,120235033220480225,OUTCOME_AWARENESS,2025-11-08,990,463,2.138229,3,0.30303,0.593333,1.79798,1.78,1.0,0,1.78,0.0,0,0.0,0.0,0,0.0,0,0,0,0,0,0,0.0,0,0.0,0,0,0,4.0,0,0.445,0.0,0,0,4.0,0,0.445,0,0,0,0.0,0,0,0.0,0,0,,,,,1.0,unknown,NS,,,
ALC - Transmissão ao vivo Jogo de Futebol,120235431034520225,OUTCOME_AWARENESS,2025-11-08,91113,61290,1.486588,104,0.114144,1.47375,1.682197,153.27,1.0,0,153.27,0.0,0,0.0,0.0,0,0.0,0,0,0,0,0,0,0.0,0,0.0,0,0,0,4762.0,0,0.032186,19.0,0,0,4762.0,0,0.032186,0,0,0,0.0,0,0,0.0,0,0,2474.0,,,,0.0,female,NS,1125.0,210.0,131.0
ALC - Transmissão ao vivo Jogo de Futebol,120235431034520225,OUTCOME_AWARENESS,2025-11-08,84311,54224,1.554865,87,0.103189,1.666897,1.72006,145.02,0.0,0,0.0,0.0,0,0.0,0.0,0,0.0,0,0,0,0,0,0,0.0,0,0.0,0,0,0,5626.0,0,0.025777,40.0,0,0,5626.0,0,0.025777,0,0,0,0.0,0,0,0.0,0,0,2896.0,,,,0.0,male,NS,1209.0,370.0,234.0
ALC - Transmissão ao vivo Jogo de Futebol,120235431034520225,OUTCOME_AWARENESS,2025-11-08,579,404,1.433168,2,0.345423,0.515,1.778929,1.03,0.0,0,0.0,0.0,0,0.0,0.0,0,0.0,0,0,0,0,0,0,0.0,0,0.0,0,0,0,30.0,0,0.034333,0.0,0,0,30.0,0,0.034333,0,0,0,0.0,0,0,0.0,0,0,21.0,,,,0.0,unknown,NS,7.0,1.0,
ALC- BLACK FRIDAY NS,120235676342620225,OUTCOME_AWARENESS,2025-11-08,202044,118241,1.708747,96,0.047514,4.467396,2.122656,428.87,20.0,0,21.4435,0.0,0,0.0,0.0,0,0.0,0,0,0,0,0,0,0.0,0,0.0,0,0,0,4878.0,0,0.087919,20.0,0,0,4878.0,0,0.087919,0,0,0,0.0,0,0,0.0,0,0,3316.0,,,,18.0,female,NS,1489.0,890.0,684.0
ALC- BLACK FRIDAY NS,120235676342620225,OUTCOME_AWARENESS,2025-11-08,172361,110407,1.561142,86,0.049895,4.27686,2.133951,367.81,18.0,0,20.433889,0.0,0,0.0,0.0,0,0.0,0,0,0,0,0,0,0.0,0,0.0,0,0,0,4401.0,0,0.083574,20.0,0,0,4401.0,0,0.083574,0,0,0,0.0,0,0,0.0,0,0,2934.0,,,,9.0,male,NS,1320.0,823.0,629.0
ALC- BLACK FRIDAY NS,120235676342620225,OUTCOME_AWARENESS,2025-11-08,1592,1003,1.587238,0,0.0,0.0,2.060302,3.28,0.0,0,0.0,0.0,0,0.0,0.0,0,0.0,0,0,0,0,0,0,0.0,0,0.0,0,0,0,40.0,0,0.082,1.0,0,0,40.0,0,0.082,0,0,0,0.0,0,0,0.0,0,0,22.0,,,,0.0,unknown,NS,9.0,6.0,6.0
VISUALIZAÇÕES - BF SORANA,120235840143130225,OUTCOME_AWARENESS,2025-11-08,25813,21852,1.181265,144,0.557858,1.206667,6.731492,173.76,61.0,0,2.848525,0.0,0,0.0,0.0,0,0.0,0,0,0,0,0,0,0.0,0,0.0,0,0,0,9303.0,0,0.018678,237.0,0,0,9303.0,0,0.018678,0,0,0,0.0,0,0,0.0,0,0,2413.0,,,,30.0,female,NS,1224.0,778.0,439.0
VISUALIZAÇÕES - BF SORANA,120235840143130225,OUTCOME_AWARENESS,2025-11-08,4139,3652,1.133352,16,0.386567,1.59625,6.170573,25.54,5.0,0,5.108,0.0,0,0.0,0.0,0,0.0,0,0,0,0,0,0,0.0,0,0.0,0,0,0,1409.0,0,0.018126,21.0,0,0,1409.0,0,0.018126,0,0,0,0.0,0,0,0.0,0,0,356.0,,,,3.0,male,NS,162.0,103.0,44.0
VISUALIZAÇÕES - BF SORANA,120235840143130225,OUTCOME_AWARENESS,2025-11-08,86,76,1.131579,0,0.0,0.0,7.209302,0.62,0.0,0,0.0,0.0,0,0.0,0.0,0,0.0,0,0,0,0,0,0,0.0,0,0.0,0,0,0,34.0,0,0.018235,2.0,0,0,34.0,0,0.018235,0,0,0,0.0,0,0,0.0,0,0,6.0,,,,0.0,unknown,NS,4.0,2.0,2.0
ENG - Officina Gelatiera,120234507408890225,OUTCOME_ENGAGEMENT,2025-12-01,0,0,0.0,0,0.0,0.0,0.0,0.0,0.0,0,0.0,1.0,0,0.0,0.0,0,0.0,0,0,0,0,0,0,0.0,0,0.0,0,0,0,0.0,0,0.0,0.0,0,0,0.0,0,0.0,0,0,0,0.0,0,0,0.0,0,0,,,,,0.0,female,NS,,,
ALC - PROMO NATAL 25,120234760801190225,OUTCOME_AWARENESS,2025-12-01,664331,207375,3.203525,1560,0.234823,0.543743,1.276831,848.238345,719.0,0,1.179747,2.0,0,424.119173,0.0,0,0.0,0,0,0,0,0,0,0.0,0,0.0,0,0,0,34974.0,0,0.024253,110.0,0,0,34974.0,0,0.024253,0,0,0,0.0,0,0,0.0,0,0,7127.0,,,,666.0,female,NS,2740.0,1113.0,547.0
ALC - PROMO NATAL 25,120234760801190225,OUTCOME_AWARENESS,2025-12-01,621404,195611,3.176733,1192,0.191824,0.658122,1.262433,784.480953,536.0,0,1.463584,0.0,0,0.0,0.0,0,0.0,0,0,0,0,0,0,0.0,0,0.0,0,0,0,29656.0,0,0.026453,118.0,0,0,29657.0,0,0.026452,0,0,0,0.0,0,0,0.0,0,0,6882.0,,,,505.0,male,NS,2534.0,1121.0,679.0
ALC - PROMO NATAL 25,120234760801190225,OUTCOME_AWARENESS,2025-12-01,4898,1691,2.896511,10,0.204165,0.60507,1.235341,6.050702,7.0,0,0.864386,0.0,0,0.0,0.0,0,0.0,0,0,0,0,0,0,0.0,0,0.0,0,0,0,223.0,0,0.027133,0.0,0,0,223.0,0,0.027133,0,0,0,0.0,0,0,0.0,0,0,47.0,,,,6.0,unknown,NS,22.0,9.0,4.0
TRAF - NATAL 25,120234760949340225,LINK_CLICKS,2025-12-01,287960,94425,3.049616,6587,2.28747,0.140427,3.212234,924.994799,4672.0,0,0.197987,21.0,0,44.047371,0.0,0,0.0,0,0,0,0,0,0,0.0,0,0.0,0,0,0,49789.0,0,0.018578,774.0,0,0,49798.0,0,0.018575,0,0,0,0.0,0,0,0.0,0,0,17108.0,,,,4243.0,female,NS,9059.0,6275.0,3357.0
TRAF - NATAL 25,120234760949340225,LINK_CLICKS,2025-12-01,222532,85656,2.597973,5094,2.289109,0.137732,3.152826,701.60466,3927.0,0,0.178662,14.0,0,50.114619,0.0,0,0.0,0,0,0,0,0,0,0.0,0,0.0,0,0,0,43846.0,0,0.016002,459.0,0,0,43848.0,0,0.016001,0,0,0,0.0,0,0,0.0,0,0,16662.0,,,,3667.0,male,NS,9212.0,6979.0,3768.0
TRAF - NATAL 25,120234760949340225,LINK_CLICKS,2025-12-01,1421,596,2.384228,26,1.829697,0.154252,2.822337,4.010541,21.0,0,0.190978,0.0,0,0.0,0.0,0,0.0,0,0,0,0,0,0,0.0,0,0.0,0,0,0,284.0,0,0.014122,11.0,0,0,284.0,0,0.014122,0,0,0,0.0,0,0,0.0,0,0,107.0,,,,19.0,unknown,NS,61.0,43.0,26.0
ALC - LEGOS,120235033220480225,OUTCOME_AWARENESS,2025-12-01,212855,78066,2.726603,250,0.117451,1.207681,1.418432,301.92026,193.0,0,1.564354,31.0,0,9.739363,0.0,0,0.0,0,0,0,0,0,0,0.0,0,0.0,0,0,0,2659.0,0,0.113547,16.0,0,0,2659.0,0,0.113547,0,0,0,0.0,0,0,0.0,0,0,521.0,,,,161.0,female,NS,67.0,27.0,15.0
ALC - LEGOS,120235033220480225,OUTCOME_AWARENESS,2025-12-01,169126,67403,2.509176,199,0.117664,1.19055,1.400846,236.91944,144.0,0,1.645274,15.0,0,15.794629,0.0,0,0.0,0,0,0,0,0,0,0.0,0,0.0,0,0,0,2629.0,0,0.090118,31.0,0,0,2629.0,0,0.090118,0,0,0,0.0,0,0,0.0,0,0,459.0,,,,118.0,male,NS,95.0,59.0,41.0
ALC - LEGOS,120235033220480225,OUTCOME_AWARENESS,2025-12-01,1310,553,2.368897,1,0.076336,1.8003,1.374275,1.8003,0.0,0,0.0,0.0,0,0.0,0.0,0,0.0,0,0,0,0,0,0,0.0,0,0.0,0,0,0,21.0,0,0.085729,0.0,0,0,21.0,0,0.085729,0,0,0,0.0,0,0,0.0,0,0,3.0,,,,0.0,unknown,NS,,,
ALC- BLACK FRIDAY NS,120235676342620225,OUTCOME_AWARENESS,2025-12-01,0,0,0.0,0,0.0,0.0,0.0,0.0,0.0,0,0.0,0.0,0,0.0,0.0,0,0.0,0,0,0,0,0,0,0.0,0,0.0,0,0,0,0.0,0,0.0,0.0,0,0,0.0,0,0.0,0,0,0,0.0,0,0,0.0,0,0,,,,,0.0,female,NS,,,
VISUALIZAÇÕES - BF SORANA,120235840143130225,OUTCOME_AWARENESS,2025-12-01,0,0,0.0,0,0.0,0.0,0.0,0.0,0.0,0,0.0,0.0,0,0.0,0.0,0,0.0,0,0,0,0,0,0,0.0,0,0.0,0,0,0,0.0,0,0.0,0.0,0,0,0.0,0,0.0,0,0,0,0.0,0,0,0.0,0,0,,,,,0.0,female,NS,,,
VISUALIZAÇÕES - BF SORANA,120235840143130225,OUTCOME_AWARENESS,2025-12-01,0,0,0.0,0,0.0,0.0,0.0,0.0,0.0,0,0.0,0.0,0,0.0,0.0,0,0.0,0,0,0,0,0,0,0.0,0,0.0,0,0,0,0.0,0,0.0,0.0,0,0,0.0,0,0.0,0,0,0,0.0,0,0,0.0,0,0,,,,,0.0,male,NS,,,
"ALC - Espetáculo Luz, camera e emoção",120236083133360225,OUTCOME_AWARENESS,2025-12-01,111227,68955,1.613037,127,0.114181,1.482701,1.692962,188.30304,118.0,0,1.595788,0.0,0,0.0,0.0,0,0.0,0,0,0,0,0,0,0.0,0,0.0,0,0,0,232.0,0,0.811651,8.0,0,0,232.0,0,0.811651,0,0,0,0.0,0,0,0.0,0,0,195.0,,,,80.0,female,NS,66.0,37.0,26.0
"ALC - Espetáculo Luz, camera e emoção",120236083133360225,OUTCOME_AWARENESS,2025-12-01,94356,59858,1.576331,83,0.087965,1.932365,1.6998,160.386281,67.0,0,2.393825,0.0,0,0.0,0.0,0,0.0,0,0,0,0,0,0,0.0,0,0.0,0,0,0,201.0,0,0.797942,6.0,0,0,201.0,0,0.797942,0,0,0,0.0,0,0,0.0,0,0,222.0,,,,40.0,male,NS,79.0,43.0,26.0
"ALC - Espetáculo Luz, camera e emoção",120236083133360225,OUTCOME_AWARENESS,2025-12-01,661,428,1.544393,1,0.151286,1.130679,1.710558,1.130679,1.0,0,1.130679,0.0,0,0.0,0.0,0,0.0,0,0,0,0,0,0,0.0,0,0.0,0,0,0,2.0,0,0.565339,0.0,0,0,2.0,0,0.565339,0,0,0,0.0,0,0,0.0,0,0,2.0,,,,1.0,unknown,NS,1.0,,
ENG - Tour fofíssima Natal,120236083340880225,OUTCOME_ENGAGEMENT,2025-12-01,97732,55701,1.754583,483,0.494209,1.058441,5.230907,511.227041,217.0,0,2.355885,0.0,0,0.0,0.0,0,0.0,0,0,0,0,0,0,0.0,0,0.0,0,0,0,56432.0,0,0.009059,915.0,0,0,56432.0,0,0.009059,0,0,0,0.0,0,0,0.0,0,0,8924.0,,,,65.0,female,NS,3883.0,2506.0,1626.0
ENG - Tour fofíssima Natal,120236083340880225,OUTCOME_ENGAGEMENT,2025-12-01,19000,11817,1.607853,71,0.373684,1.228351,4.590153,87.212907,30.0,0,2.907097,0.0,0,0.0,0.0,0,0.0,0,0,0,0,0,0,0.0,0,0.0,0,0,0,10652.0,0,0.008187,109.0,0,0,10652.0,0,0.008187,0,0,0,0.0,0,0,0.0,0,0,1524.0,,,,10.0,male,NS,616.0,388.0,222.0
ENG - Tour fofíssima Natal,120236083340880225,OUTCOME_ENGAGEMENT,2025-12-01,347,204,1.70098,2,0.576369,0.770026,4.438188,1.540051,1.0,0,1.540051,0.0,0,0.0,0.0,0,0.0,0,0,0,0,0,0,0.0,0,0.0,0,0,0,195.0,0,0.007898,3.0,0,0,195.0,0,0.007898,0,0,0,0.0,0,0,0.0,0,0,29.0,,,,0.0,unknown,NS,19.0,9.0,5.0
ALC - Exposição Legueiros,120236293601470225,OUTCOME_AWARENESS,2025-12-01,163152,59787,2.728888,354,0.216976,0.654221,1.419499,231.59411,223.0,0,1.038539,1.0,0,231.59411,0.0,0,0.0,0,0,0,0,0,0,0.0,0,0.0,0,0,0,11713.0,0,0.019772,49.0,0,0,11714.0,0,0.019771,0,0,0,0.0,0,0,0.0,0,0,2726.0,,,,70.0,female,NS,672.0,397.0,219.0
ALC - Exposição Legueiros,120236293601470225,OUTCOME_AWARENESS,2025-12-01,184207,62964,2.925592,370,0.200861,0.719365,1.444924,266.165173,223.0,0,1.193566,0.0,0,0.0,0.0,0,0.0,0,0,0,0,0,0,0.0,0,0.0,0,0,0,20574.0,0,0.012937,48.0,0,0,20575.0,0,0.012936,0,0,0,0.0,0,0,0.0,0,0,3607.0,,,,41.0,male,NS,1195.0,702.0,394.0
ALC - Exposição Legueiros,120236293601470225,OUTCOME_AWARENESS,2025-12-01,1481,488,3.034836,0,0.0,0.0,1.512976,2.240717,0.0,0,0.0,0.0,0,0.0,0.0,0,0.0,0,0,0,0,0,0,0.0,0,0.0,0,0,0,149.0,0,0.015038,0.0,0,0,149.0,0,0.015038,0,0,0,0.0,0,0,0.0,0,0,26.0,,,,0.0,unknown,NS,13.0,5.0,2.0
ALC - Panetone,120236786157660225,OUTCOME_AWARENESS,2025-12-01,144052,59344,2.427406,196,0.136062,0.989614,1.346488,193.964337,142.0,0,1.365946,1.0,0,193.964337,0.0,0,0.0,0,0,0,0,0,0,0.0,0,0.0,0,0,0,9263.0,0,0.02094,29.0,0,0,9263.0,0,0.02094,0,0,0,0.0,0,0,0.0,0,0,4617.0,,,,87.0,female,NS,2420.0,1149.0,274.0
ALC - Panetone,120236786157660225,OUTCOME_AWARENESS,2025-12-01,115005,48507,2.370895,126,0.10956,1.229805,1.34738,154.95542,92.0,0,1.684298,0.0,0,0.0,0.0,0,0.0,0,0,0,0,0,0,0.0,0,0.0,0,0,0,7505.0,0,0.020647,21.0,0,0,7505.0,0,0.020647,0,0,0,0.0,0,0,0.0,0,0,3537.0,,,,54.0,male,NS,1643.0,860.0,286.0
ALC - Panetone,120236786157660225,OUTCOME_AWARENESS,2025-12-01,800,344,2.325581,2,0.25,0.530121,1.325303,1.060242,2.0,0,0.530121,0.0,0,0.0,0.0,0,0.0,0,0,0,0,0,0,0.0,0,0.0,0,0,0,57.0,0,0.018601,0.0,0,0,57.0,0,0.018601,0,0,0,0.0,0,0,0.0,0,0,29.0,,,,1.0,unknown,NS,12.0,7.0,1.0
ALC - UEBEL,120236789023090225,OUTCOME_AWARENESS,2025-12-01,165706,67965,2.438108,248,0.149663,0.890722,1.333077,220.898935,189.0,0,1.168777,0.0,0,0.0,1.0,0,220.898935,0,0,0,0,0,0,0.0,0,0.0,0,0,0,9028.0,0,0.024468,16.0,0,0,9028.0,0,0.024468,0,0,0,0.0,0,0,0.0,0,0,228.0,,,,101.0,female,NS,78.0,54.0,31.0
ALC - UEBEL,120236789023090225,OUTCOME_AWARENESS,2025-12-01,97150,42433,2.289492,129,0.132784,0.993031,1.31859,128.100981,90.0,0,1.423344,0.0,0,0.0,0.0,0,0.0,0,0,0,0,0,0,0.0,0,0.0,0,0,0,4906.0,0,0.026111,18.0,0,0,4906.0,0,0.026111,0,0,0,0.0,0,0,0.0,0,0,149.0,,,,53.0,male,NS,53.0,28.0,17.0
ALC - UEBEL,120236789023090225,OUTCOME_AWARENESS,2025-12-01,715,309,2.313916,1,0.13986,0.980084,1.370747,0.980084,0.0,0,0.0,0.0,0,0.0,0.0,0,0.0,0,0,0,0,0,0,0.0,0,0.0,0,0,0,37.0,0,0.026489,1.0,0,0,37.0,0,0.026489,0,0,0,0.0,0,0,0.0,0,0,1.0,,,,0.0,unknown,NS,,,
ALC - Mana Naspolini - Looks fim de ano,120236791609500225,OUTCOME_AWARENESS,2025-12-01,155283,65697,2.363624,194,0.124933,1.01682,1.270346,197.263153,149.0,0,1.323914,0.0,0,0.0,0.0,0,0.0,0,0,0,0,0,0,0.0,0,0.0,0,0,0,5975.0,0,0.033015,11.0,0,0,5975.0,0,0.033015,0,0,0,0.0,0,0,0.0,0,0,2346.0,,,,0.0,female,NS,1210.0,175.0,109.0
ALC - Mana Naspolini - Looks fim de ano,120236791609500225,OUTCOME_AWARENESS,2025-12-01,81101,37076,2.187426,83,0.102342,1.226467,1.255185,101.796787,62.0,0,1.641884,0.0,0,0.0,0.0,0,0.0,0,0,0,0,0,0,0.0,0,0.0,0,0,0,2742.0,0,0.037125,7.0,0,0,2742.0,0,0.037125,0,0,0,0.0,0,0,0.0,0,0,1134.0,,,,0.0,male,NS,532.0,87.0,56.0
ALC - Mana Naspolini - Looks fim de ano,120236791609500225,OUTCOME_AWARENESS,2025-12-01,662,294,2.251701,2,0.302115,0.45003,1.359607,0.90006,2.0,0,0.45003,0.0,0,0.0,0.0,0,0.0,0,0,0,0,0,0,0.0,0,0.0,0,0,0,25.0,0,0.036002,0.0,0,0,25.0,0,0.036002,0,0,0,0.0,0,0,0.0,0,0,6.0,,,,0.0,unknown,NS,2.0,,
ALC - Chapeuzinho Vermelho,120236806580130225,OUTCOME_AWARENESS,2025-12-01,178731,110060,1.623941,82,0.045879,3.452996,1.5842,283.145663,34.0,0,8.327814,0.0,0,0.0,0.0,0,0.0,0,0,0,0,0,0,0.0,0,0.0,0,0,0,43.0,0,6.584783,6.0,0,0,43.0,0,6.584783,0,0,0,0.0,0,0,0.0,0,0,,,,,2.0,female,NS,,,
ALC - Chapeuzinho Vermelho,120236806580130225,OUTCOME_AWARENESS,2025-12-01,135935,87110,1.560498,57,0.041932,3.772356,1.581817,215.024301,23.0,0,9.348883,1.0,0,215.024301,0.0,0,0.0,0,0,0,0,0,0,0.0,0,0.0,0,0,0,37.0,0,5.811468,11.0,0,0,37.0,0,5.811468,0,0,0,0.0,0,0,0.0,0,0,,,,,2.0,male,NS,,,
ALC - Chapeuzinho Vermelho,120236806580130225,OUTCOME_AWARENESS,2025-12-01,1181,786,1.502545,0,0.0,0.0,1.541098,1.820036,0.0,0,0.0,0.0,0,0.0,0.0,0,0.0,0,0,0,0,0,0,0.0,0,0.0,0,0,0,0.0,0,0.0,0.0,0,0,0.0,0,0.0,0,0,0,0.0,0,0,0.0,0,0,,,,,0.0,unknown,NS,,,
ALC - Mesa Posta Natal 25,120236890674760225,OUTCOME_AWARENESS,2025-12-01,62640,38670,1.61986,26,0.041507,3.608846,1.497925,93.83,0.0,0,0.0,0.0,0,0.0,0.0,0,0.0,0,0,0,0,0,0,0.0,0,0.0,0,0,0,2365.0,0,0.039674,9.0,0,0,2365.0,0,0.039674,0,0,0,0.0,0,0,0.0,0,0,72.0,,,,0.0,female,NS,32.0,18.0,12.0
ALC - Mesa Posta Natal 25,120236890674760225,OUTCOME_AWARENESS,2025-12-01,37682,24617,1.530731,11,0.029192,5.058182,1.476567,55.64,0.0,0,0.0,0.0,0,0.0,0.0,0,0.0,0,0,0,0,0,0,0.0,0,0.0,0,0,0,1340.0,0,0.041522,3.0,0,0,1340.0,0,0.041522,0,0,0,0.0,0,0,0.0,0,0,51.0,,,,0.0,male,NS,15.0,7.0,4.0
ALC - Mesa Posta Natal 25,120236890674760225,OUTCOME_AWARENESS,2025-12-01,298,190,1.568421,0,0.0,0.0,1.577181,0.47,0.0,0,0.0,0.0,0,0.0,0.0,0,0.0,0,0,0,0,0,0,0.0,0,0.0,0,0,0,12.0,0,0.039167,0.0,0,0,12.0,0,0.039167,0,0,0,0.0,0,0,0.0,0,0,1.0,,,,0.0,unknown,NS,,,
ALC - Avatar 3,120237003523440225,OUTCOME_AWARENESS,2025-12-01,64373,34043,1.890932,131,0.203501,0.646608,1.315857,84.705647,77.0,0,1.100073,2.0,0,42.352824,0.0,0,0.0,0,0,0,0,0,0,0.0,0,0.0,0,0,0,5166.0,0,0.016397,15.0,0,0,5166.0,0,0.016397,0,0,0,0.0,0,0,0.0,0,0,6115.0,,,,48.0,female,NS,3207.0,1816.0,1264.0
ALC - Avatar 3,120237003523440225,OUTCOME_AWARENESS,2025-12-01,48260,27609,1.747981,59,0.122254,1.097192,1.341366,64.734316,41.0,0,1.578886,0.0,0,0.0,0.0,0,0.0,0,0,0,0,0,0,0.0,0,0.0,0,0,0,4437.0,0,0.01459,8.0,0,0,4437.0,0,0.01459,0,0,0,0.0,0,0,0.0,0,0,5345.0,,,,30.0,male,NS,2635.0,1381.0,893.0
ALC - Avatar 3,120237003523440225,OUTCOME_AWARENESS,2025-12-01,399,218,1.830275,1,0.250627,0.560037,1.403602,0.560037,2.0,0,0.280019,0.0,0,0.0,0.0,0,0.0,0,0,0,0,0,0,0.0,0,0.0,0,0,0,37.0,0,0.015136,0.0,0,0,37.0,0,0.015136,0,0,0,0.0,0,0,0.0,0,0,41.0,,,,0.0,unknown,NS,16.0,5.0,4.0
ALC - PROMO NATAL 25,120234760801190225,OUTCOME_AWARENESS,2026-01-01,375363,204464,1.835839,686,0.182756,0.449337,0.821192,308.24495,378.0,0,0.815463,0.0,0,0.0,0.0,0,0.0,0,0,0,0,0,0,0.0,0,0.0,0,0,0,16102.0,0,0.019143,73.0,0,0,16102.0,0,0.019143,0,0,0,0.0,0,0,0.0,0,0,3741.0,,,,368.0,female,NS,1264.0,549.0,341.0
ALC - PROMO NATAL 25,120234760801190225,OUTCOME_AWARENESS,2026-01-01,377249,188632,1.99992,507,0.134394,0.606716,0.81539,307.604919,238.0,0,1.292458,0.0,0,0.0,0.0,0,0.0,0,0,0,0,0,0,0.0,0,0.0,0,0,0,18224.0,0,0.016879,58.0,0,0,18224.0,0,0.016879,0,0,0,0.0,0,0,0.0,0,0,5042.0,,,,235.0,male,NS,1733.0,865.0,524.0
ALC - PROMO NATAL 25,120234760801190225,OUTCOME_AWARENESS,2026-01-01,3277,1867,1.755222,7,0.21361,0.38859,0.830068,2.720132,4.0,0,0.680033,0.0,0,0.0,0.0,0,0.0,0,0,0,0,0,0,0.0,0,0.0,0,0,0,154.0,0,0.017663,0.0,0,0,154.0,0,0.017663,0,0,0,0.0,0,0,0.0,0,0,40.0,,,,4.0,unknown,NS,12.0,4.0,3.0
TRAF - NATAL 25,120234760949340225,LINK_CLICKS,2026-01-01,89692,49394,1.815848,2713,3.024796,0.102494,3.100225,278.065413,1959.0,0,0.141943,19.0,0,14.635022,0.0,0,0.0,0,0,0,0,0,0,0.0,0,0.0,0,0,0,22924.0,0,0.01213,287.0,0,0,22931.0,0,0.012126,0,0,0,0.0,0,0,0.0,0,0,6649.0,,,,1956.0,female,NS,3190.0,2720.0,1305.0
TRAF - NATAL 25,120234760949340225,LINK_CLICKS,2026-01-01,76365,43793,1.743772,2034,2.663524,0.115061,3.064684,234.034556,1645.0,0,0.14227,3.0,0,78.011519,0.0,0,0.0,0,0,0,0,0,0,0.0,0,0.0,0,0,0,17759.0,0,0.013178,150.0,0,0,17759.0,0,0.013178,0,0,0,0.0,0,0,0.0,0,0,5286.0,,,,1645.0,male,NS,2429.0,2110.0,1019.0
TRAF - NATAL 25,120234760949340225,LINK_CLICKS,2026-01-01,517,310,1.667742,12,2.321083,0.130003,3.017467,1.56003,10.0,0,0.156003,0.0,0,0.0,0.0,0,0.0,0,0,0,0,0,0,0.0,0,0.0,0,0,0,142.0,0,0.010986,2.0,0,0,142.0,0,0.010986,0,0,0,0.0,0,0,0.0,0,0,50.0,,,,10.0,unknown,NS,27.0,23.0,14.0
ALC - Panetone,120236786157660225,OUTCOME_AWARENESS,2026-01-01,0,0,0.0,0,0.0,0.0,0.0,0.0,0.0,0,0.0,0.0,0,0.0,0.0,0,0.0,0,0,0,0,0,0,0.0,0,0.0,0,0,0,0.0,0,0.0,0.0,0,0,0.0,0,0.0,0,0,0,0.0,0,0,0.0,0,0,,,,,0.0,female,NS,,,
ALC - Panetone,120236786157660225,OUTCOME_AWARENESS,2026-01-01,0,0,0.0,0,0.0,0.0,0.0,0.0,0.0,0,0.0,0.0,0,0.0,0.0,0,0.0,0,0,0,0,0,0,0.0,0,0.0,0,0,0,0.0,0,0.0,0.0,0,0,0.0,0,0.0,0,0,0,0.0,0,0,0.0,0,0,,,,,0.0,male,NS,,,
ALC - UEBEL,120236789023090225,OUTCOME_AWARENESS,2026-01-01,0,0,0.0,0,0.0,0.0,0.0,0.0,0.0,0,0.0,0.0,0,0.0,0.0,0,0.0,0,0,0,0,0,0,0.0,0,0.0,0,0,0,0.0,0,0.0,0.0,0,0,0.0,0,0.0,0,0,0,0.0,0,0,0.0,0,0,,,,,0.0,female,NS,,,
ALC - UEBEL,120236789023090225,OUTCOME_AWARENESS,2026-01-01,0,0,0.0,0,0.0,0.0,0.0,0.0,0.0,0,0.0,0.0,0,0.0,0.0,0,0.0,0,0,0,0,0,0,0.0,0,0.0,0,0,0,0.0,0,0.0,0.0,0,0,0.0,0,0.0,0,0,0,0.0,0,0,0.0,0,0,,,,,0.0,male,NS,,,
ALC - Super ZOO,120237697768620225,OUTCOME_AWARENESS,2026-01-01,617160,200917,3.071716,1283,0.207888,0.630054,1.309805,808.359288,900.0,0,0.898177,401.0,0,2.015859,0.0,0,0.0,0,0,0,0,0,0,0.0,0,0.0,0,0,0,16055.0,0,0.050349,116.0,0,0,16055.0,0,0.050349,0,0,0,0.0,0,0,0.0,0,0,14559.0,,,,900.0,female,NS,6357.0,4029.0,2848.0
ALC - Super ZOO,120237697768620225,OUTCOME_AWARENESS,2026-01-01,475380,162987,2.916674,826,0.173756,0.757337,1.315917,625.560403,614.0,0,1.018828,266.0,0,2.351731,0.0,0,0.0,0,0,0,0,0,0,0.0,0,0.0,0,0,0,15118.0,0,0.041379,92.0,0,0,15118.0,0,0.041379,0,0,0,0.0,0,0,0.0,0,0,14082.0,,,,613.0,male,NS,5826.0,3312.0,2251.0
ALC - Super ZOO,120237697768620225,OUTCOME_AWARENESS,2026-01-01,4982,2141,2.32695,9,0.18065,0.706701,1.276658,6.360309,6.0,0,1.060052,2.0,0,3.180155,0.0,0,0.0,0,0,0,0,0,0,0.0,0,0.0,0,0,0,127.0,0,0.050081,2.0,0,0,127.0,0,0.050081,0,0,0,0.0,0,0,0.0,0,0,127.0,,,,6.0,unknown,NS,53.0,29.0,18.0
ALC - LIQUIDA 25,120237697950010225,OUTCOME_AWARENESS,2026-01-01,779950,360630,2.162743,1491,0.191166,1.088887,2.081584,1623.531229,1034.0,0,1.570146,3.0,0,541.177076,0.0,0,0.0,0,0,0,0,0,0,0.0,0,0.0,0,0,0,43889.0,0,0.036992,175.0,0,0,43889.0,0,0.036992,0,0,0,0.0,0,0,0.0,0,0,28177.0,,,,0.0,female,NS,13936.0,8366.0,4435.0
ALC - LIQUIDA 25,120237697950010225,OUTCOME_AWARENESS,2026-01-01,645592,309104,2.088592,857,0.132746,1.581479,2.099357,1355.32781,622.0,0,2.178984,0.0,0,0.0,0.0,0,0.0,0,0,0,0,0,0,0.0,0,0.0,0,0,0,27613.0,0,0.049083,107.0,0,0,27613.0,0,0.049083,0,0,0,0.0,0,0,0.0,0,0,17773.0,,,,0.0,male,NS,8170.0,4794.0,2812.0
ALC - LIQUIDA 25,120237697950010225,OUTCOME_AWARENESS,2026-01-01,8798,4813,1.827966,16,0.18186,1.200685,2.18356,19.210961,12.0,0,1.600913,0.0,0,0.0,0.0,0,0.0,0,0,0,0,0,0,0.0,0,0.0,0,0,0,405.0,0,0.047434,3.0,0,0,405.0,0,0.047434,0,0,0,0.0,0,0,0.0,0,0,259.0,,,,0.0,unknown,NS,118.0,66.0,40.0
ALC - Cinema - Bob Esponja Filme,120237698206050225,OUTCOME_AWARENESS,2026-01-01,146123,52968,2.758703,239,0.163561,0.717507,1.173561,171.484282,183.0,0,0.937073,0.0,0,0.0,0.0,0,0.0,0,0,0,0,0,0,0.0,0,0.0,0,0,0,6722.0,0,0.025511,18.0,0,0,6722.0,0,0.025511,0,0,0,0.0,0,0,0.0,0,0,7340.0,,,,0.0,female,NS,2736.0,1430.0,1043.0
ALC - Cinema - Bob Esponja Filme,120237698206050225,OUTCOME_AWARENESS,2026-01-01,108353,40761,2.658252,157,0.144897,0.809973,1.173625,127.16576,119.0,0,1.06862,0.0,0,0.0,0.0,0,0.0,0,0,0,0,0,0,0.0,0,0.0,0,0,0,5462.0,0,0.023282,21.0,0,0,5462.0,0,0.023282,0,0,0,0.0,0,0,0.0,0,0,6048.0,,,,0.0,male,NS,2107.0,1040.0,712.0
ALC - Cinema - Bob Esponja Filme,120237698206050225,OUTCOME_AWARENESS,2026-01-01,994,431,2.306265,2,0.201207,0.624979,1.257503,1.249958,1.0,0,1.249958,0.0,0,0.0,0.0,0,0.0,0,0,0,0,0,0,0.0,0,0.0,0,0,0,56.0,0,0.022321,0.0,0,0,56.0,0,0.022321,0,0,0,0.0,0,0,0.0,0,0,62.0,,,,0.0,unknown,NS,21.0,15.0,10.0
ALC - FÉRIAS JAN 25,120237769674470225,OUTCOME_AWARENESS,2026-01-01,308381,107971,2.856147,515,0.167001,0.758477,1.266666,390.61569,354.0,0,1.103434,0.0,0,0.0,0.0,0,0.0,0,0,0,0,0,0,0.0,0,0.0,0,0,0,12819.0,0,0.030472,68.0,0,0,12819.0,0,0.030472,0,0,0,0.0,0,0,0.0,0,0,4180.0,,,,346.0,female,NS,1311.0,699.0,437.0
ALC - FÉRIAS JAN 25,120237769674470225,OUTCOME_AWARENESS,2026-01-01,231488,85195,2.717155,329,0.142124,0.891198,1.266607,293.204271,233.0,0,1.258387,0.0,0,0.0,0.0,0,0.0,0,0,0,0,0,0,0.0,0,0.0,0,0,0,11779.0,0,0.024892,69.0,0,0,11779.0,0,0.024892,0,0,0,0.0,0,0,0.0,0,0,3430.0,,,,227.0,male,NS,1240.0,641.0,366.0
ALC - FÉRIAS JAN 25,120237769674470225,OUTCOME_AWARENESS,2026-01-01,2106,893,2.358343,1,0.047483,2.650039,1.258328,2.650039,0.0,0,0.0,0.0,0,0.0,0.0,0,0.0,0,0,0,0,0,0,0.0,0,0.0,0,0,0,94.0,0,0.028192,1.0,0,0,94.0,0,0.028192,0,0,0,0.0,0,0,0.0,0,0,31.0,,,,0.0,unknown,NS,8.0,4.0,1.0
ALC - VERÃO/LOJAS,120237769884270225,OUTCOME_AWARENESS,2026-01-01,239104,88689,2.695983,358,0.149726,0.82738,1.2388,296.202086,242.0,0,1.223976,0.0,0,0.0,0.0,0,0.0,0,0,0,0,0,0,0.0,0,0.0,0,0,0,13998.0,0,0.02116,37.0,0,0,13998.0,0,0.02116,0,0,0,0.0,0,0,0.0,0,0,3283.0,,,,0.0,female,NS,1634.0,958.0,291.0
ALC - VERÃO/LOJAS,120237769884270225,OUTCOME_AWARENESS,2026-01-01,154659,60253,2.566827,196,0.12673,0.98055,1.242655,192.187842,129.0,0,1.489828,0.0,0,0.0,0.0,0,0.0,0,0,0,0,0,0,0.0,0,0.0,0,0,0,9198.0,0,0.020895,26.0,0,0,9198.0,0,0.020895,0,0,0,0.0,0,0,0.0,0,0,2407.0,,,,0.0,male,NS,1137.0,672.0,243.0
ALC - VERÃO/LOJAS,120237769884270225,OUTCOME_AWARENESS,2026-01-01,1519,703,2.16074,1,0.065833,1.750071,1.152121,1.750071,1.0,0,1.750071,0.0,0,0.0,0.0,0,0.0,0,0,0,0,0,0,0.0,0,0.0,0,0,0,96.0,0,0.01823,1.0,0,0,96.0,0,0.01823,0,0,0,0.0,0,0,0.0,0,0,20.0,,,,0.0,unknown,NS,7.0,5.0,3.0
ALC - ÓCULOS META OAKLEY,120237770000040225,OUTCOME_AWARENESS,2026-01-01,218038,74565,2.924133,300,0.137591,0.937633,1.290096,281.29,204.0,0,1.378873,0.0,0,0.0,0.0,0,0.0,0,0,0,0,0,0,0.0,0,0.0,0,0,0,8526.0,0,0.032992,20.0,0,0,8526.0,0,0.032992,0,0,0,0.0,0,0,0.0,0,0,1431.0,,,,0.0,female,NS,280.0,119.0,60.0
ALC - ÓCULOS META OAKLEY,120237770000040225,OUTCOME_AWARENESS,2026-01-01,153750,55997,2.745683,215,0.139837,0.92614,1.295089,199.12,136.0,0,1.464118,0.0,0,0.0,0.0,0,0.0,0,0,0,0,0,0,0.0,0,0.0,0,0,0,6873.0,0,0.028971,18.0,0,0,6873.0,0,0.028971,0,0,0,0.0,0,0,0.0,0,0,1033.0,,,,0.0,male,NS,228.0,84.0,51.0
ALC - ÓCULOS META OAKLEY,120237770000040225,OUTCOME_AWARENESS,2026-01-01,1366,604,2.261589,3,0.219619,0.556667,1.222548,1.67,3.0,0,0.556667,0.0,0,0.0,0.0,0,0.0,0,0,0,0,0,0,0.0,0,0.0,0,0,0,51.0,0,0.032745,0.0,0,0,51.0,0,0.032745,0,0,0,0.0,0,0,0.0,0,0,8.0,,,,0.0,unknown,NS,2.0,1.0,
ALC - Novidades Cinema GNC,120238216202110225,OUTCOME_AWARENESS,2026-01-01,43207,30002,1.440137,71,0.164325,0.778873,1.279885,55.3,60.0,0,0.921667,0.0,0,0.0,0.0,0,0.0,0,0,0,0,0,0,0.0,0,0.0,0,0,0,65.0,0,0.850769,4.0,0,0,65.0,0,0.850769,0,0,0,0.0,0,0,0.0,0,0,,,,,0.0,female,NS,,,
ALC - Novidades Cinema GNC,120238216202110225,OUTCOME_AWARENESS,2026-01-01,31562,21291,1.48241,55,0.17426,0.749273,1.305684,41.21,40.0,0,1.03025,0.0,0,0.0,0.0,0,0.0,0,0,0,0,0,0,0.0,0,0.0,0,0,0,42.0,0,0.98119,2.0,0,0,42.0,0,0.98119,0,0,0,0.0,0,0,0.0,0,0,,,,,0.0,male,NS,,,
ALC - Novidades Cinema GNC,120238216202110225,OUTCOME_AWARENESS,2026-01-01,275,197,1.395939,2,0.727273,0.19,1.381818,0.38,1.0,0,0.38,0.0,0,0.0,0.0,0,0.0,0,0,0,0,0,0,0.0,0,0.0,0,0,0,1.0,0,0.38,0.0,0,0,1.0,0,0.38,0,0,0,0.0,0,0,0.0,0,0,,,,,0.0,unknown,NS,,,
ALC - Vortex,120238216332790225,OUTCOME_AWARENESS,2026-01-01,28644,21808,1.313463,32,0.111716,1.179688,1.317903,37.75,23.0,0,1.641304,0.0,0,0.0,0.0,0,0.0,0,0,0,0,0,0,0.0,0,0.0,0,0,0,23.0,0,1.641304,0.0,0,0,23.0,0,1.641304,0,0,0,0.0,0,0,0.0,0,0,,,,,0.0,female,NS,,,
ALC - Vortex,120238216332790225,OUTCOME_AWARENESS,2026-01-01,20760,15250,1.361311,20,0.096339,1.4105,1.358863,28.21,15.0,0,1.880667,0.0,0,0.0,0.0,0,0.0,0,0,0,0,0,0,0.0,0,0.0,0,0,0,16.0,0,1.763125,1.0,0,0,16.0,0,1.763125,0,0,0,0.0,0,0,0.0,0,0,,,,,0.0,male,NS,,,
ALC - Vortex,120238216332790225,OUTCOME_AWARENESS,2026-01-01,191,148,1.290541,0,0.0,0.0,1.518325,0.29,0.0,0,0.0,0.0,0,0.0,0.0,0,0.0,0,0,0,0,0,0,0.0,0,0.0,0,0,0,0.0,0,0.0,0.0,0,0,0.0,0,0.0,0,0,0,0.0,0,0,0.0,0,0,,,,,0.0,unknown,NS,,,
ALC - Blokinho do Rosa 2025,120238216427400225,OUTCOME_AWARENESS,2026-01-01,64742,43228,1.497687,80,0.123567,1.079625,1.334064,86.37,50.0,0,1.7274,0.0,0,0.0,0.0,0,0.0,0,0,0,0,0,0,0.0,0,0.0,0,0,0,3063.0,0,0.028198,5.0,0,0,3063.0,0,0.028198,0,0,0,0.0,0,0,0.0,0,0,2980.0,,,,0.0,female,NS,1225.0,633.0,448.0
ALC - Blokinho do Rosa 2025,120238216427400225,OUTCOME_AWARENESS,2026-01-01,39737,27601,1.439694,51,0.128344,1.061569,1.362458,54.14,36.0,0,1.503889,0.0,0,0.0,0.0,0,0.0,0,0,0,0,0,0,0.0,0,0.0,0,0,0,1827.0,0,0.029633,3.0,0,0,1827.0,0,0.029633,0,0,0,0.0,0,0,0.0,0,0,1770.0,,,,0.0,male,NS,726.0,358.0,238.0
ALC - Blokinho do Rosa 2025,120238216427400225,OUTCOME_AWARENESS,2026-01-01,312,208,1.5,1,0.320513,0.37,1.185897,0.37,1.0,0,0.37,0.0,0,0.0,0.0,0,0.0,0,0,0,0,0,0,0.0,0,0.0,0,0,0,9.0,0,0.041111,0.0,0,0,9.0,0,0.041111,0,0,0,0.0,0,0,0.0,0,0,8.0,,,,0.0,unknown,NS,4.0,1.0,
ALC - Super ZOO,120237697768620225,OUTCOME_AWARENESS,2026-02-01,142563,108235,1.317162,245,0.171854,0.716857,1.231947,175.63,187.0,0,0.939198,88.0,0,1.995795,0.0,0,0.0,0,0,0,0,0,0,0.0,0,0.0,0,0,0,5425.0,0,0.032374,29.0,0,0,5425.0,0,0.032374,0,0,0,0.0,0,0,0.0,0,0,2208.0,,,,187.0,female,NS,747.0,413.0,279.0
ALC - Super ZOO,120237697768620225,OUTCOME_AWARENESS,2026-02-01,115916,88834,1.304861,189,0.163049,0.764656,1.246765,144.52,131.0,0,1.103206,57.0,0,2.535439,0.0,0,0.0,0,0,0,0,0,0,0.0,0,0.0,0,0,0,5510.0,0,0.026229,27.0,0,0,5510.0,0,0.026229,0,0,0,0.0,0,0,0.0,0,0,2375.0,,,,131.0,male,NS,789.0,429.0,285.0
ALC - Super ZOO,120237697768620225,OUTCOME_AWARENESS,2026-02-01,1057,782,1.351662,1,0.094607,1.18,1.116367,1.18,1.0,0,1.18,0.0,0,0.0,0.0,0,0.0,0,0,0,0,0,0,0.0,0,0.0,0,0,0,42.0,0,0.028095,0.0,0,0,42.0,0,0.028095,0,0,0,0.0,0,0,0.0,0,0,16.0,,,,1.0,unknown,NS,7.0,6.0,5.0
ALC - FÉRIAS JAN 25,120237769674470225,OUTCOME_AWARENESS,2026-02-01,77899,60391,1.289911,114,0.146343,0.849561,1.243277,96.85,77.0,0,1.257792,0.0,0,0.0,0.0,0,0.0,0,0,0,0,0,0,0.0,0,0.0,0,0,0,3079.0,0,0.031455,20.0,0,0,3079.0,0,0.031455,0,0,0,0.0,0,0,0.0,0,0,979.0,,,,74.0,female,NS,246.0,140.0,84.0
ALC - FÉRIAS JAN 25,120237769674470225,OUTCOME_AWARENESS,2026-02-01,61761,45425,1.359626,90,0.145723,0.868556,1.265685,78.17,63.0,0,1.240794,0.0,0,0.0,0.0,0,0.0,0,0,0,0,0,0,0.0,0,0.0,0,0,0,3273.0,0,0.023883,20.0,0,0,3273.0,0,0.023883,0,0,0,0.0,0,0,0.0,0,0,895.0,,,,62.0,male,NS,295.0,154.0,95.0
ALC - FÉRIAS JAN 25,120237769674470225,OUTCOME_AWARENESS,2026-02-01,514,390,1.317949,0,0.0,0.0,1.14786,0.59,0.0,0,0.0,0.0,0,0.0,0.0,0,0.0,0,0,0,0,0,0,0.0,0,0.0,0,0,0,18.0,0,0.032778,0.0,0,0,18.0,0,0.032778,0,0,0,0.0,0,0,0.0,0,0,6.0,,,,0.0,unknown,NS,2.0,1.0,
ALC - VERÃO/LOJAS,120237769884270225,OUTCOME_AWARENESS,2026-02-01,55711,46675,1.193594,82,0.147188,0.81878,1.205148,67.14,57.0,0,1.177895,1.0,0,67.14,0.0,0,0.0,0,0,0,0,0,0,0.0,0,0.0,0,0,0,3200.0,0,0.020981,4.0,0,0,3200.0,0,0.020981,0,0,0,0.0,0,0,0.0,0,0,1340.0,,,,0.0,female,NS,645.0,409.0,133.0
ALC - VERÃO/LOJAS,120237769884270225,OUTCOME_AWARENESS,2026-02-01,48339,37081,1.303606,48,0.099299,1.201875,1.193446,57.69,36.0,0,1.6025,0.0,0,0.0,0.0,0,0.0,0,0,0,0,0,0,0.0,0,0.0,0,0,0,2905.0,0,0.019859,8.0,0,0,2905.0,0,0.019859,0,0,0,0.0,0,0,0.0,0,0,1204.0,,,,0.0,male,NS,542.0,331.0,126.0
ALC - VERÃO/LOJAS,120237769884270225,OUTCOME_AWARENESS,2026-02-01,392,309,1.268608,0,0.0,0.0,1.27551,0.5,0.0,0,0.0,0.0,0,0.0,0.0,0,0.0,0,0,0,0,0,0,0.0,0,0.0,0,0,0,18.0,0,0.027778,0.0,0,0,18.0,0,0.027778,0,0,0,0.0,0,0,0.0,0,0,8.0,,,,0.0,unknown,NS,3.0,3.0,1.0
ALC - ÓCULOS META OAKLEY,120237770000040225,OUTCOME_AWARENESS,2026-02-01,58204,45422,1.281405,71,0.121985,1.009718,1.231702,71.69,56.0,0,1.280179,2.0,0,35.845,0.0,0,0.0,0,0,0,0,0,0,0.0,0,0.0,0,0,0,2224.0,0,0.032235,1.0,0,0,2224.0,0,0.032235,0,0,0,0.0,0,0,0.0,0,0,369.0,,,,0.0,female,NS,56.0,19.0,12.0
ALC - ÓCULOS META OAKLEY,120237770000040225,OUTCOME_AWARENESS,2026-02-01,42547,32345,1.315412,64,0.150422,0.833281,1.253437,53.33,42.0,0,1.269762,0.0,0,0.0,0.0,0,0.0,0,0,0,0,0,0,0.0,0,0.0,0,0,0,1847.0,0,0.028874,0.0,0,0,1847.0,0,0.028874,0,0,0,0.0,0,0,0.0,0,0,278.0,,,,0.0,male,NS,47.0,25.0,17.0
ALC - ÓCULOS META OAKLEY,120237770000040225,OUTCOME_AWARENESS,2026-02-01,381,296,1.287162,1,0.262467,0.47,1.233596,0.47,0.0,0,0.0,0.0,0,0.0,0.0,0,0.0,0,0,0,0,0,0,0.0,0,0.0,0,0,0,11.0,0,0.042727,0.0,0,0,11.0,0,0.042727,0,0,0,0.0,0,0,0.0,0,0,4.0,,,,0.0,unknown,NS,1.0,,
ALC - Novidades Cinema GNC,120238216202110225,OUTCOME_AWARENESS,2026-02-01,46911,34571,1.356947,80,0.170536,0.66575,1.135341,53.26,62.0,0,0.859032,14.0,0,3.804286,0.0,0,0.0,0,0,0,0,0,0,0.0,0,0.0,0,0,0,73.0,0,0.729589,0.0,0,0,73.0,0,0.729589,0,0,0,0.0,0,0,0.0,0,0,37.0,,,,27.0,female,NS,10.0,7.0,4.0
ALC - Novidades Cinema GNC,120238216202110225,OUTCOME_AWARENESS,2026-02-01,31068,24736,1.255983,53,0.170594,0.66717,1.138149,35.36,46.0,0,0.768696,8.0,0,4.42,0.0,0,0.0,0,0,0,0,0,0,0.0,0,0.0,0,0,0,57.0,0,0.620351,0.0,0,0,57.0,0,0.620351,0,0,0,0.0,0,0,0.0,0,0,40.0,,,,23.0,male,NS,13.0,10.0,7.0
ALC - Novidades Cinema GNC,120238216202110225,OUTCOME_AWARENESS,2026-02-01,284,233,1.218884,1,0.352113,0.31,1.091549,0.31,1.0,0,0.31,0.0,0,0.0,0.0,0,0.0,0,0,0,0,0,0,0.0,0,0.0,0,0,0,1.0,0,0.31,0.0,0,0,1.0,0,0.31,0,0,0,0.0,0,0,0.0,0,0,1.0,,,,0.0,unknown,NS,,,
ALC - Vortex,120238216332790225,OUTCOME_AWARENESS,2026-02-01,41300,32001,1.290585,53,0.128329,0.898113,1.152542,47.6,42.0,0,1.133333,0.0,0,0.0,0.0,0,0.0,0,0,0,0,0,0,0.0,0,0.0,0,0,0,44.0,0,1.081818,2.0,0,0,44.0,0,1.081818,0,0,0,0.0,0,0,0.0,0,0,,,,,0.0,female,NS,,,
ALC - Vortex,120238216332790225,OUTCOME_AWARENESS,2026-02-01,32824,25201,1.302488,33,0.100536,1.168788,1.175055,38.57,22.0,0,1.753182,0.0,0,0.0,0.0,0,0.0,0,0,0,0,0,0,0.0,0,0.0,0,0,0,22.0,0,1.753182,0.0,0,0,22.0,0,1.753182,0,0,0,0.0,0,0,0.0,0,0,,,,,0.0,male,NS,,,
ALC - Vortex,120238216332790225,OUTCOME_AWARENESS,2026-02-01,280,222,1.261261,1,0.357143,0.39,1.392857,0.39,1.0,0,0.39,0.0,0,0.0,0.0,0,0.0,0,0,0,0,0,0,0.0,0,0.0,0,0,0,1.0,0,0.39,0.0,0,0,1.0,0,0.39,0,0,0,0.0,0,0,0.0,0,0,,,,,0.0,unknown,NS,,,
ALC - Blokinho do Rosa 2025,120238216427400225,OUTCOME_AWARENESS,2026-02-01,74678,55906,1.335778,119,0.159351,0.770252,1.227403,91.66,83.0,0,1.104337,0.0,0,0.0,0.0,0,0.0,0,0,0,0,0,0,0.0,0,0.0,0,0,0,3525.0,0,0.026003,9.0,0,0,3525.0,0,0.026003,0,0,0,0.0,0,0,0.0,0,0,2301.0,,,,0.0,female,NS,865.0,467.0,325.0
ALC - Blokinho do Rosa 2025,120238216427400225,OUTCOME_AWARENESS,2026-02-01,46735,37764,1.237554,44,0.094148,1.306818,1.230341,57.5,32.0,0,1.796875,0.0,0,0.0,0.0,0,0.0,0,0,0,0,0,0,0.0,0,0.0,0,0,0,1919.0,0,0.029964,4.0,0,0,1919.0,0,0.029964,0,0,0,0.0,0,0,0.0,0,0,1420.0,,,,0.0,male,NS,574.0,310.0,215.0
ALC - Blokinho do Rosa 2025,120238216427400225,OUTCOME_AWARENESS,2026-02-01,350,292,1.19863,0,0.0,0.0,1.228571,0.43,0.0,0,0.0,0.0,0,0.0,0.0,0,0.0,0,0,0,0,0,0,0.0,0,0.0,0,0,0,24.0,0,0.017917,0.0,0,0,24.0,0,0.017917,0,0,0,0.0,0,0,0.0,0,0,16.0,,,,0.0,unknown,NS,5.0,4.0,3.0
ALC - Carnapet,120238497176350225,OUTCOME_AWARENESS,2026-02-01,69721,50657,1.376335,96,0.137692,0.955729,1.315959,91.75,71.0,0,1.292254,0.0,0,0.0,0.0,0,0.0,0,0,0,0,0,0,0.0,0,0.0,0,0,0,2804.0,0,0.032721,32.0,0,0,2804.0,0,0.032721,0,0,0,0.0,0,0,0.0,0,0,889.0,,,,0.0,female,NS,506.0,70.0,49.0
ALC - Carnapet,120238497176350225,OUTCOME_AWARENESS,2026-02-01,51635,36953,1.397316,75,0.14525,0.9156,1.329912,68.67,56.0,0,1.22625,0.0,0,0.0,0.0,0,0.0,0,0,0,0,0,0,0.0,0,0.0,0,0,0,2002.0,0,0.034301,10.0,0,0,2002.0,0,0.034301,0,0,0,0.0,0,0,0.0,0,0,621.0,,,,0.0,male,NS,333.0,56.0,39.0
ALC - Carnapet,120238497176350225,OUTCOME_AWARENESS,2026-02-01,460,337,1.364985,0,0.0,0.0,1.195652,0.55,0.0,0,0.0,0.0,0,0.0,0.0,0,0.0,0,0,0,0,0,0,0.0,0,0.0,0,0,0,16.0,0,0.034375,2.0,0,0,16.0,0,0.034375,0,0,0,0.0,0,0,0.0,0,0,3.0,,,,0.0,unknown,NS,1.0,,
ALC - Exposição Ambiências,120238497254480225,OUTCOME_AWARENESS,2026-02-01,12700,11077,1.14652,15,0.11811,1.077333,1.272441,16.16,12.0,0,1.346667,0.0,0,0.0,0.0,0,0.0,0,0,0,0,0,0,0.0,0,0.0,0,0,0,863.0,0,0.018725,7.0,0,0,863.0,0,0.018725,0,0,0,0.0,0,0,0.0,0,0,265.0,,,,0.0,female,NS,124.0,23.0,12.0
ALC - Exposição Ambiências,120238497254480225,OUTCOME_AWARENESS,2026-02-01,9827,8273,1.18784,14,0.142465,0.863571,1.230284,12.09,12.0,0,1.0075,0.0,0,0.0,0.0,0,0.0,0,0,0,0,0,0,0.0,0,0.0,0,0,0,865.0,0,0.013977,3.0,0,0,865.0,0,0.013977,0,0,0,0.0,0,0,0.0,0,0,253.0,,,,0.0,male,NS,80.0,20.0,16.0
ALC - Exposição Ambiências,120238497254480225,OUTCOME_AWARENESS,2026-02-01,80,66,1.212121,0,0.0,0.0,0.625,0.05,0.0,0,0.0,0.0,0,0.0,0.0,0,0.0,0,0,0,0,0,0,0.0,0,0.0,0,0,0,9.0,0,0.005556,0.0,0,0,9.0,0,0.005556,0,0,0,0.0,0,0,0.0,0,0,2.0,,,,0.0,unknown,NS,,,
ALC - Super ZOO,120237697768620225,OUTCOME_AWARENESS,2026-02-06,548485,198388,2.764709,1116,0.20347,0.62517,1.272031,697.69,786.0,0,0.887646,386.0,0,1.807487,0.0,0,0.0,0,0,0,0,0,0,0.0,0,0.0,0,0,0,20113.0,0,0.034689,132.0,0,0,20113.0,0,0.034689,0,0,0,0.0,0,0,0.0,0,0,4793.0,,,,786.0,female,NS,1229.0,692.0,465.0
ALC - Super ZOO,120237697768620225,OUTCOME_AWARENESS,2026-02-06,420856,160266,2.625984,708,0.168229,0.757105,1.273666,536.03,516.0,0,1.038818,203.0,0,2.640542,0.0,0,0.0,0,0,0,0,0,0,0.0,0,0.0,0,0,0,17624.0,0,0.030415,100.0,0,0,17624.0,0,0.030415,0,0,0,0.0,0,0,0.0,0,0,3735.0,,,,515.0,male,NS,1082.0,595.0,387.0
ALC - Super ZOO,120237697768620225,OUTCOME_AWARENESS,2026-02-06,3676,1567,2.345884,14,0.380849,0.333571,1.270403,4.67,11.0,0,0.424545,6.0,0,0.778333,0.0,0,0.0,0,0,0,0,0,0,0.0,0,0.0,0,0,0,152.0,0,0.030724,4.0,0,0,152.0,0,0.030724,0,0,0,0.0,0,0,0.0,0,0,36.0,,,,11.0,unknown,NS,9.0,5.0,4.0
ALC - FÉRIAS JAN 25,120237769674470225,OUTCOME_AWARENESS,2026-02-06,278078,104750,2.654683,419,0.150677,0.852148,1.283992,357.05,305.0,0,1.170656,0.0,0,0.0,0.0,0,0.0,0,0,0,0,0,0,0.0,0,0.0,0,0,0,10354.0,0,0.034484,51.0,0,0,10354.0,0,0.034484,0,0,0,0.0,0,0,0.0,0,0,3318.0,,,,295.0,female,NS,857.0,399.0,257.0
ALC - FÉRIAS JAN 25,120237769674470225,OUTCOME_AWARENESS,2026-02-06,203854,83063,2.454209,262,0.128523,0.987061,1.268604,258.61,191.0,0,1.353979,0.0,0,0.0,0.0,0,0.0,0,0,0,0,0,0,0.0,0,0.0,0,0,0,9235.0,0,0.028003,49.0,0,0,9235.0,0,0.028003,0,0,0,0.0,0,0,0.0,0,0,2618.0,,,,186.0,male,NS,841.0,404.0,237.0
ALC - FÉRIAS JAN 25,120237769674470225,OUTCOME_AWARENESS,2026-02-06,1611,682,2.36217,3,0.18622,0.67,1.247672,2.01,3.0,0,0.67,0.0,0,0.0,0.0,0,0.0,0,0,0,0,0,0,0.0,0,0.0,0,0,0,62.0,0,0.032419,0.0,0,0,62.0,0,0.032419,0,0,0,0.0,0,0,0.0,0,0,25.0,,,,3.0,unknown,NS,7.0,1.0,1.0
ALC - VERÃO/LOJAS,120237769884270225,OUTCOME_AWARENESS,2026-02-06,253323,94369,2.684388,343,0.1354,0.905714,1.22634,310.66,231.0,0,1.344848,0.0,0,0.0,0.0,0,0.0,0,0,0,0,0,0,0.0,0,0.0,0,0,0,14729.0,0,0.021092,38.0,0,0,14729.0,0,0.021092,0,0,0,0.0,0,0,0.0,0,0,3127.0,,,,0.0,female,NS,1630.0,947.0,327.0
ALC - VERÃO/LOJAS,120237769884270225,OUTCOME_AWARENESS,2026-02-06,157533,64243,2.452143,195,0.123784,0.985179,1.219491,192.11,130.0,0,1.477769,0.0,0,0.0,0.0,0,0.0,0,0,0,0,0,0,0.0,0,0.0,0,0,0,9470.0,0,0.020286,19.0,0,0,9470.0,0,0.020286,0,0,0,0.0,0,0,0.0,0,0,2273.0,,,,0.0,male,NS,1128.0,646.0,251.0
ALC - VERÃO/LOJAS,120237769884270225,OUTCOME_AWARENESS,2026-02-06,1258,524,2.400763,1,0.079491,1.69,1.343402,1.69,1.0,0,1.69,0.0,0,0.0,0.0,0,0.0,0,0,0,0,0,0,0.0,0,0.0,0,0,0,77.0,0,0.021948,0.0,0,0,77.0,0,0.021948,0,0,0,0.0,0,0,0.0,0,0,15.0,,,,0.0,unknown,NS,8.0,4.0,2.0
ALC - ÓCULOS META OAKLEY,120237770000040225,OUTCOME_AWARENESS,2026-02-06,200654,77328,2.594843,264,0.13157,0.970871,1.277373,256.31,187.0,0,1.370642,0.0,0,0.0,0.0,0,0.0,0,0,0,0,0,0,0.0,0,0.0,0,0,0,7164.0,0,0.035778,13.0,0,0,7164.0,0,0.035778,0,0,0,0.0,0,0,0.0,0,0,1171.0,,,,0.0,female,NS,183.0,94.0,47.0
ALC - ÓCULOS META OAKLEY,120237770000040225,OUTCOME_AWARENESS,2026-02-06,141642,59935,2.36326,187,0.132023,0.980588,1.294602,183.37,136.0,0,1.348309,0.0,0,0.0,0.0,0,0.0,0,0,0,0,0,0,0.0,0,0.0,0,0,0,5876.0,0,0.031207,8.0,0,0,5876.0,0,0.031207,0,0,0,0.0,0,0,0.0,0,0,835.0,,,,0.0,male,NS,171.0,78.0,42.0
ALC - ÓCULOS META OAKLEY,120237770000040225,OUTCOME_AWARENESS,2026-02-06,1227,538,2.280669,6,0.488998,0.258333,1.263244,1.55,4.0,0,0.3875,0.0,0,0.0,0.0,0,0.0,0,0,0,0,0,0,0.0,0,0.0,0,0,0,53.0,0,0.029245,0.0,0,0,53.0,0,0.029245,0,0,0,0.0,0,0,0.0,0,0,7.0,,,,0.0,unknown,NS,2.0,,
ALC - Novidades Cinema GNC,120238216202110225,OUTCOME_AWARENESS,2026-02-06,80391,47513,1.691979,152,0.189076,0.651447,1.23173,99.02,120.0,0,0.825167,67.0,0,1.47791,0.0,0,0.0,0,0,0,0,0,0,0.0,0,0.0,0,0,0,193.0,0,0.513057,4.0,0,0,193.0,0,0.513057,0,0,0,0.0,0,0,0.0,0,0,202.0,,,,120.0,female,NS,71.0,44.0,31.0
ALC - Novidades Cinema GNC,120238216202110225,OUTCOME_AWARENESS,2026-02-06,53195,32878,1.617951,93,0.174828,0.689462,1.205376,64.12,73.0,0,0.878356,25.0,0,2.5648,0.0,0,0.0,0,0,0,0,0,0,0.0,0,0.0,0,0,0,142.0,0,0.451549,4.0,0,0,142.0,0,0.451549,0,0,0,0.0,0,0,0.0,0,0,243.0,,,,73.0,male,NS,77.0,52.0,37.0
ALC - Novidades Cinema GNC,120238216202110225,OUTCOME_AWARENESS,2026-02-06,514,333,1.543544,2,0.389105,0.365,1.420233,0.73,1.0,0,0.73,1.0,0,0.73,0.0,0,0.0,0,0,0,0,0,0,0.0,0,0.0,0,0,0,1.0,0,0.73,0.0,0,0,1.0,0,0.73,0,0,0,0.0,0,0,0.0,0,0,1.0,,,,1.0,unknown,NS,,,
ALC - Vortex,120238216332790225,OUTCOME_AWARENESS,2026-02-06,161255,62349,2.586329,179,0.111004,1.094413,1.214846,195.9,135.0,0,1.451111,0.0,0,0.0,0.0,0,0.0,0,0,0,0,0,0,0.0,0,0.0,0,0,0,136.0,0,1.440441,1.0,0,0,136.0,0,1.440441,0,0,0,0.0,0,0,0.0,0,0,,,,,0.0,female,NS,,,
ALC - Vortex,120238216332790225,OUTCOME_AWARENESS,2026-02-06,122786,49775,2.466821,131,0.10669,1.115878,1.190527,146.18,98.0,0,1.491633,0.0,0,0.0,0.0,0,0.0,0,0,0,0,0,0,0.0,0,0.0,0,0,0,103.0,0,1.419223,5.0,0,0,103.0,0,1.419223,0,0,0,0.0,0,0,0.0,0,0,,,,,0.0,male,NS,,,
ALC - Vortex,120238216332790225,OUTCOME_AWARENESS,2026-02-06,1119,483,2.31677,1,0.089366,1.5,1.340483,1.5,0.0,0,0.0,0.0,0,0.0,0.0,0,0.0,0,0,0,0,0,0,0.0,0,0.0,0,0,0,0.0,0,0.0,0.0,0,0,0.0,0,0.0,0,0,0,0.0,0,0,0.0,0,0,,,,,0.0,unknown,NS,,,
ALC - Blokinho do Rosa 2025,120238216427400225,OUTCOME_AWARENESS,2026-02-06,48824,42454,1.150045,77,0.157709,0.866623,1.366746,66.73,56.0,0,1.191607,0.0,0,0.0,0.0,0,0.0,0,0,0,0,0,0,0.0,0,0.0,0,0,0,2581.0,0,0.025854,8.0,0,0,2581.0,0,0.025854,0,0,0,0.0,0,0,0.0,0,0,425.0,,,,0.0,female,NS,59.0,24.0,11.0
ALC - Blokinho do Rosa 2025,120238216427400225,OUTCOME_AWARENESS,2026-02-06,30820,26801,1.149957,35,0.113563,1.204286,1.367618,42.15,28.0,0,1.505357,0.0,0,0.0,0.0,0,0.0,0,0,0,0,0,0,0.0,0,0.0,0,0,0,1103.0,0,0.038214,3.0,0,0,1103.0,0,0.038214,0,0,0,0.0,0,0,0.0,0,0,196.0,,,,0.0,male,NS,40.0,25.0,14.0
ALC - Blokinho do Rosa 2025,120238216427400225,OUTCOME_AWARENESS,2026-02-06,237,220,1.077273,1,0.421941,0.39,1.64557,0.39,1.0,0,0.39,0.0,0,0.0,0.0,0,0.0,0,0,0,0,0,0,0.0,0,0.0,0,0,0,7.0,0,0.055714,0.0,0,0,7.0,0,0.055714,0,0,0,0.0,0,0,0.0,0,0,1.0,,,,0.0,unknown,NS,1.0,,
ALC - Carnapet,120238497176350225,OUTCOME_AWARENESS,2026-02-06,34520,32768,1.053467,60,0.173812,0.810167,1.408169,48.61,41.0,0,1.18561,0.0,0,0.0,0.0,0,0.0,0,0,0,0,0,0,0.0,0,0.0,0,0,0,1344.0,0,0.036168,16.0,0,0,1344.0,0,0.036168,0,0,0,0.0,0,0,0.0,0,0,427.0,,,,0.0,female,NS,265.0,32.0,19.0
ALC - Carnapet,120238497176350225,OUTCOME_AWARENESS,2026-02-06,28358,26709,1.061739,54,0.190422,0.741481,1.411947,40.04,41.0,0,0.976585,0.0,0,0.0,0.0,0,0.0,0,0,0,0,0,0,0.0,0,0.0,0,0,0,1106.0,0,0.036203,7.0,0,0,1106.0,0,0.036203,0,0,0,0.0,0,0,0.0,0,0,351.0,,,,0.0,male,NS,201.0,32.0,19.0
ALC - Carnapet,120238497176350225,OUTCOME_AWARENESS,2026-02-06,233,221,1.054299,0,0.0,0.0,1.502146,0.35,0.0,0,0.0,0.0,0,0.0,0.0,0,0.0,0,0,0,0,0,0,0.0,0,0.0,0,0,0,7.0,0,0.05,0.0,0,0,7.0,0,0.05,0,0,0,0.0,0,0,0.0,0,0,2.0,,,,0.0,unknown,NS,1.0,,
ALC - Exposição Ambiências,120238497254480225,OUTCOME_AWARENESS,2026-02-06,70730,37155,1.903647,79,0.111692,1.085443,1.212357,85.75,70.0,0,1.225,0.0,0,0.0,0.0,0,0.0,0,0,0,0,0,0,0.0,0,0.0,0,0,0,3790.0,0,0.022625,17.0,0,0,3790.0,0,0.022625,0,0,0,0.0,0,0,0.0,0,0,1254.0,,,,0.0,female,NS,638.0,115.0,82.0
ALC - Exposição Ambiências,120238497254480225,OUTCOME_AWARENESS,2026-02-06,50999,28960,1.761015,52,0.101963,1.188269,1.211592,61.79,42.0,0,1.47119,0.0,0,0.0,0.0,0,0.0,0,0,0,0,0,0,0.0,0,0.0,0,0,0,3365.0,0,0.018363,14.0,0,0,3365.0,0,0.018363,0,0,0,0.0,0,0,0.0,0,0,1073.0,,,,0.0,male,NS,441.0,105.0,72.0
ALC - Exposição Ambiências,120238497254480225,OUTCOME_AWARENESS,2026-02-06,371,219,1.694064,1,0.269542,0.61,1.644205,0.61,1.0,0,0.61,0.0,0,0.0,0.0,0,0.0,0,0,0,0,0,0,0.0,0,0.0,0,0,0,21.0,0,0.029048,0.0,0,0,21.0,0,0.029048,0,0,0,0.0,0,0,0.0,0,0,4.0,,,,0.0,unknown,NS,2.0,,
ALC - A Casa de Gaby,120238749907260225,OUTCOME_AWARENESS,2026-02-06,146955,71872,2.044677,258,0.175564,0.69093,1.213024,178.26,178.0,0,1.001461,1.0,0,178.26,0.0,0,0.0,0,0,0,0,0,0,0.0,0,0.0,0,0,0,470.0,0,0.379277,13.0,0,0,470.0,0,0.379277,0,0,0,0.0,0,0,0.0,0,0,79.0,,,,1.0,female,NS,41.0,29.0,2.0
ALC - A Casa de Gaby,120238749907260225,OUTCOME_AWARENESS,2026-02-06,97911,51063,1.917455,129,0.131752,0.933721,1.230199,120.45,105.0,0,1.147143,0.0,0,0.0,0.0,0,0.0,0,0,0,0,0,0,0.0,0,0.0,0,0,0,256.0,0,0.470508,4.0,0,0,256.0,0,0.470508,0,0,0,0.0,0,0,0.0,0,0,41.0,,,,0.0,male,NS,21.0,13.0,4.0
ALC - A Casa de Gaby,120238749907260225,OUTCOME_AWARENESS,2026-02-06,782,400,1.955,0,0.0,0.0,1.585678,1.24,0.0,0,0.0,0.0,0,0.0,0.0,0,0.0,0,0,0,0,0,0,0.0,0,0.0,0,0,0,0.0,0,0.0,0.0,0,0,0.0,0,0.0,0,0,0,0.0,0,0,0.0,0,0,,,,,0.0,unknown,NS,,,
ALC - Exposição Beatles,120239046320590225,OUTCOME_AWARENESS,2026-02-06,86679,48818,1.775554,87,0.10037,1.156667,1.16095,100.63,66.0,0,1.524697,0.0,0,0.0,0.0,0,0.0,0,0,0,0,0,0,0.0,0,0.0,0,0,0,3269.0,0,0.030783,10.0,0,0,3269.0,0,0.030783,0,0,0,0.0,0,0,0.0,0,0,560.0,,,,0.0,female,NS,86.0,44.0,30.0
ALC - Exposição Beatles,120239046320590225,OUTCOME_AWARENESS,2026-02-06,72920,41120,1.773346,79,0.108338,1.070127,1.159353,84.54,61.0,0,1.385902,0.0,0,0.0,0.0,0,0.0,0,0,0,0,0,0,0.0,0,0.0,0,0,0,3192.0,0,0.026485,18.0,0,0,3192.0,0,0.026485,0,0,0,0.0,0,0,0.0,0,0,496.0,,,,0.0,male,NS,101.0,57.0,39.0
ALC - Exposição Beatles,120239046320590225,OUTCOME_AWARENESS,2026-02-06,576,363,1.586777,2,0.347222,0.35,1.215278,0.7,1.0,0,0.7,0.0,0,0.0,0.0,0,0.0,0,0,0,0,0,0,0.0,0,0.0,0,0,0,27.0,0,0.025926,0.0,0,0,27.0,0,0.025926,0,0,0,0.0,0,0,0.0,0,0,5.0,,,,0.0,unknown,NS,,,
ALC - CAPIVALLEY,120239368933820225,OUTCOME_AWARENESS,2026-02-06,109899,82357,1.334422,197,0.179256,0.761218,1.364526,149.96,41.0,0,3.657561,0.0,0,0.0,0.0,0,0.0,0,0,0,0,0,0,0.0,0,0.0,0,0,0,6926.0,0,0.021652,63.0,0,0,6926.0,0,0.021652,0,0,0,0.0,0,0,0.0,0,0,15842.0,,,,4.0,female,NS,5759.0,3152.0,2170.0
ALC - CAPIVALLEY,120239368933820225,OUTCOME_AWARENESS,2026-02-06,96717,68199,1.418159,119,0.123039,1.094874,1.347126,130.29,38.0,0,3.428684,0.0,0,0.0,0.0,0,0.0,0,0,0,0,0,0,0.0,0,0.0,0,0,0,6968.0,0,0.018698,49.0,0,0,6968.0,0,0.018698,0,0,0,0.0,0,0,0.0,0,0,15823.0,,,,0.0,male,NS,5801.0,3181.0,2135.0
ALC - CAPIVALLEY,120239368933820225,OUTCOME_AWARENESS,2026-02-06,730,547,1.334552,1,0.136986,0.85,1.164384,0.85,0.0,0,0.0,0.0,0,0.0,0.0,0,0.0,0,0,0,0,0,0,0.0,0,0.0,0,0,0,55.0,0,0.015455,0.0,0,0,55.0,0,0.015455,0,0,0,0.0,0,0,0.0,0,0,115.0,,,,0.0,unknown,NS,51.0,30.0,20.0
ALC - Exposição Beatles,120239046320590225,OUTCOME_AWARENESS,2026-03-01,102787,57466,1.788658,74,0.071994,1.600396,1.152182,118.429285,54.0,0,2.193135,0.0,0,0.0,0.0,0,0.0,0,0,0,0,0,0,0.0,0,0.0,0,0,0,3729.0,0,0.031759,17.0,0,0,3729.0,0,0.031759,0,0,0,0.0,0,0,0.0,0,0,612.0,,,,0.0,female,NS,102.0,58.0,35.0
ALC - Exposição Beatles,120239046320590225,OUTCOME_AWARENESS,2026-03-01,88210,49391,1.785953,78,0.088425,1.305779,1.15464,101.850785,61.0,0,1.669685,0.0,0,0.0,0.0,0,0.0,0,0,0,0,0,0,0.0,0,0.0,0,0,0,3942.0,0,0.025837,12.0,0,0,3942.0,0,0.025837,0,0,0,0.0,0,0,0.0,0,0,622.0,,,,0.0,male,NS,149.0,71.0,44.0
ALC - Exposição Beatles,120239046320590225,OUTCOME_AWARENESS,2026-03-01,692,419,1.651551,0,0.0,0.0,1.127066,0.779929,0.0,0,0.0,0.0,0,0.0,0.0,0,0.0,0,0,0,0,0,0,0.0,0,0.0,0,0,0,30.0,0,0.025998,1.0,0,0,30.0,0,0.025998,0,0,0,0.0,0,0,0.0,0,0,2.0,,,,0.0,unknown,NS,,,
ALC - CAPIVALLEY,120239368933820225,OUTCOME_AWARENESS,2026-03-01,565340,234595,2.409855,716,0.126649,1.038513,1.315271,743.575126,40.0,0,18.589378,0.0,0,0.0,0.0,0,0.0,0,0,0,0,0,0,0.0,0,0.0,0,0,0,24101.0,0,0.030852,83.0,0,0,24103.0,0,0.03085,0,0,0,0.0,0,0,0.0,0,0,76011.0,,,,30.0,female,NS,27746.0,16256.0,11288.0
ALC - CAPIVALLEY,120239368933820225,OUTCOME_AWARENESS,2026-03-01,567424,230749,2.459053,452,0.079658,1.660874,1.323023,750.714984,21.0,0,35.748333,0.0,0,0.0,0.0,0,0.0,0,0,0,0,0,0,0.0,0,0.0,0,0,0,28703.0,0,0.026155,88.0,0,0,28704.0,0,0.026154,0,0,0,0.0,0,0,0.0,0,0,91436.0,,,,11.0,male,NS,34176.0,19978.0,13687.0
ALC - CAPIVALLEY,120239368933820225,OUTCOME_AWARENESS,2026-03-01,4385,1840,2.383152,1,0.022805,5.49989,1.254251,5.49989,0.0,0,0.0,0.0,0,0.0,0.0,0,0.0,0,0,0,0,0,0,0.0,0,0.0,0,0,0,243.0,0,0.022633,0.0,0,0,243.0,0,0.022633,0,0,0,0.0,0,0,0.0,0,0,687.0,,,,0.0,unknown,NS,296.0,171.0,119.0
ALC - MISS CRICIUMA,120239593181160225,OUTCOME_AWARENESS,2026-03-01,834914,238535,3.500174,1227,0.146961,0.98245,1.44382,1205.465891,1024.0,0,1.177213,556.0,0,2.168104,0.0,0,0.0,0,0,0,0,0,0,0.0,0,0.0,0,0,0,1051.0,0,1.14697,13.0,0,0,1051.0,0,1.14697,0,0,0,0.0,0,0,0.0,0,0,,,,,1021.0,female,NS,,,
ALC - MISS CRICIUMA,120239593181160225,OUTCOME_AWARENESS,2026-03-01,558411,175096,3.189171,648,0.116044,1.21584,1.410904,787.864243,548.0,0,1.437708,268.0,0,2.939792,0.0,0,0.0,0,0,0,0,0,0,0.0,0,0.0,0,0,0,556.0,0,1.417022,4.0,0,0,556.0,0,1.417022,0,0,0,0.0,0,0,0.0,0,0,,,,,543.0,male,NS,,,
ALC - MISS CRICIUMA,120239593181160225,OUTCOME_AWARENESS,2026-03-01,4707,1679,2.803454,9,0.191205,0.741096,1.41701,6.669867,6.0,0,1.111644,5.0,0,1.333973,0.0,0,0.0,0,0,0,0,0,0,0.0,0,0.0,0,0,0,7.0,0,0.952838,0.0,0,0,7.0,0,0.952838,0,0,0,0.0,0,0,0.0,0,0,,,,,6.0,unknown,NS,,,
ALC - Páscoa,120239593258100225,OUTCOME_AWARENESS,2026-03-01,1411528,334542,4.219285,1068,0.075663,1.860771,1.40791,1987.303935,529.0,0,3.756718,252.0,0,7.886127,0.0,0,0.0,0,0,0,0,0,0,0.0,0,0.0,0,0,0,37994.0,0,0.052306,184.0,0,0,37994.0,0,0.052306,0,0,0,0.0,0,0,0.0,0,0,9201.0,,,,502.0,female,NS,1884.0,1056.0,696.0
ALC - Páscoa,120239593258100225,OUTCOME_AWARENESS,2026-03-01,1229918,321796,3.822043,780,0.063419,2.193149,1.39087,1710.656172,374.0,0,4.573947,160.0,0,10.691601,0.0,0,0.0,0,0,0,0,0,0,0.0,0,0.0,0,0,0,36723.0,0,0.046583,122.0,0,0,36723.0,0,0.046583,0,0,0,0.0,0,0,0.0,0,0,7991.0,,,,356.0,male,NS,2006.0,1100.0,701.0
ALC - Páscoa,120239593258100225,OUTCOME_AWARENESS,2026-03-01,9669,2847,3.396207,5,0.051712,2.649979,1.370348,13.249893,2.0,0,6.624946,2.0,0,6.624946,0.0,0,0.0,0,0,0,0,0,0,0.0,0,0.0,0,0,0,255.0,0,0.05196,0.0,0,0,255.0,0,0.05196,0,0,0,0.0,0,0,0.0,0,0,54.0,,,,2.0,unknown,NS,11.0,5.0,1.0
ALC - MUSICAL O ENCANTO DA NATUREZA,120239602331250225,OUTCOME_AWARENESS,2026-03-01,122815,92259,1.331198,208,0.16936,0.800144,1.355128,166.43,152.0,0,1.094934,0.0,0,0.0,0.0,0,0.0,0,0,0,0,0,0,0.0,0,0.0,0,0,0,5914.0,0,0.028142,17.0,0,0,5914.0,0,0.028142,0,0,0,0.0,0,0,0.0,0,0,2259.0,,,,150.0,female,NS,1047.0,212.0,139.0
ALC - MUSICAL O ENCANTO DA NATUREZA,120239602331250225,OUTCOME_AWARENESS,2026-03-01,105289,78576,1.339964,130,0.12347,1.105,1.36434,143.65,103.0,0,1.39466,0.0,0,0.0,0.0,0,0.0,0,0,0,0,0,0,0.0,0,0.0,0,0,0,4586.0,0,0.031324,8.0,0,0,4586.0,0,0.031324,0,0,0,0.0,0,0,0.0,0,0,1597.0,,,,103.0,male,NS,748.0,222.0,149.0
ALC - MUSICAL O ENCANTO DA NATUREZA,120239602331250225,OUTCOME_AWARENESS,2026-03-01,756,627,1.205742,0,0.0,0.0,1.375661,1.04,0.0,0,0.0,0.0,0,0.0,0.0,0,0.0,0,0,0,0,0,0,0.0,0,0.0,0,0,0,32.0,0,0.0325,0.0,0,0,32.0,0,0.0325,0,0,0,0.0,0,0,0.0,0,0,14.0,,,,0.0,unknown,NS,9.0,4.0,2.0
ALC - DIA DA MULHER - PANDORA,120239707854730225,OUTCOME_AWARENESS,2026-03-01,199288,128795,1.547327,329,0.165088,0.858006,1.416462,282.283934,269.0,0,1.049383,142.0,0,1.987915,0.0,0,0.0,0,0,0,0,0,0,0.0,0,0.0,0,0,0,7573.0,0,0.037275,26.0,0,0,7573.0,0,0.037275,0,0,0,0.0,0,0,0.0,0,0,2083.0,,,,269.0,female,NS,301.0,189.0,109.0
ALC - DIA DA MULHER - PANDORA,120239707854730225,OUTCOME_AWARENESS,2026-03-01,153054,99158,1.543537,188,0.122832,1.144818,1.406209,215.225873,149.0,0,1.444469,71.0,0,3.03135,0.0,0,0.0,0,0,0,0,0,0,0.0,0,0.0,0,0,0,4904.0,0,0.043888,16.0,0,0,4904.0,0,0.043888,0,0,0,0.0,0,0,0.0,0,0,1151.0,,,,148.0,male,NS,236.0,123.0,86.0
ALC - DIA DA MULHER - PANDORA,120239707854730225,OUTCOME_AWARENESS,2026-03-01,1122,737,1.522388,0,0.0,0.0,1.426196,1.600192,0.0,0,0.0,0.0,0,0.0,0.0,0,0.0,0,0,0,0,0,0,0.0,0,0.0,0,0,0,39.0,0,0.041031,0.0,0,0,39.0,0,0.041031,0,0,0,0.0,0,0,0.0,0,0,9.0,,,,0.0,unknown,NS,2.0,2.0,2.0
ALC - Promo Iphone,120240550439900225,OUTCOME_AWARENESS,2026-03-01,212258,131042,1.619771,346,0.163009,0.996243,1.623967,344.7,286.0,0,1.205245,0.0,0,0.0,0.0,0,0.0,0,0,0,0,0,0,0.0,0,0.0,0,0,0,306.0,0,1.126471,13.0,0,0,306.0,0,1.126471,0,0,0,0.0,0,0,0.0,0,0,,,,,285.0,female,NS,,,
ALC - Promo Iphone,120240550439900225,OUTCOME_AWARENESS,2026-03-01,251263,142908,1.758215,420,0.167156,0.96419,1.611698,404.96,311.0,0,1.302122,0.0,0,0.0,0.0,0,0.0,0,0,0,0,0,0,0.0,0,0.0,0,0,0,349.0,0,1.160344,28.0,0,0,349.0,0,1.160344,0,0,0,0.0,0,0,0.0,0,0,,,,,309.0,male,NS,,,
ALC - Promo Iphone,120240550439900225,OUTCOME_AWARENESS,2026-03-01,2051,1236,1.659385,4,0.195027,0.7925,1.545588,3.17,4.0,0,0.7925,0.0,0,0.0,0.0,0,0.0,0,0,0,0,0,0,0.0,0,0.0,0,0,0,4.0,0,0.7925,0.0,0,0,4.0,0,0.7925,0,0,0,0.0,0,0,0.0,0,0,,,,,4.0,unknown,NS,,,
ALC - Heroinas do kpop,120240551545740225,OUTCOME_AWARENESS,2026-03-01,161877,108280,1.494985,399,0.246483,0.609925,1.503365,243.360265,273.0,0,0.89143,1.0,0,243.360265,0.0,0,0.0,0,0,0,0,0,0,0.0,0,0.0,0,0,0,347.0,0,0.701326,16.0,0,0,347.0,0,0.701326,0,0,0,0.0,0,0,0.0,0,0,,,,,273.0,female,NS,,,
ALC - Heroinas do kpop,120240551545740225,OUTCOME_AWARENESS,2026-03-01,170589,108509,1.572118,301,0.176447,0.846943,1.494409,254.929802,233.0,0,1.094119,3.0,0,84.976601,0.0,0,0.0,0,0,0,0,0,0,0.0,0,0.0,0,0,0,272.0,0,0.937242,18.0,0,0,273.0,0,0.933809,0,0,0,0.0,0,0,0.0,0,0,,,,,233.0,male,NS,,,
ALC - Heroinas do kpop,120240551545740225,OUTCOME_AWARENESS,2026-03-01,1168,811,1.440197,3,0.256849,0.556644,1.429737,1.669933,3.0,0,0.556644,0.0,0,0.0,0.0,0,0.0,0,0,0,0,0,0,0.0,0,0.0,0,0,0,3.0,0,0.556644,0.0,0,0,3.0,0,0.556644,0,0,0,0.0,0,0,0.0,0,0,,,,,3.0,unknown,NS,,,
ALC - Diversão no Nações,120240554914940225,OUTCOME_AWARENESS,2026-03-01,51363,34733,1.478795,126,0.245313,0.574524,1.40938,72.39,78.0,0,0.928077,28.0,0,2.585357,3.0,0,24.13,0,0,0,0,0,0,27.0,0,2.681111,0,0,0,91.0,0,0.795495,11.0,0,0,91.0,0,0.795495,0,0,0,3.0,0,0,148.0,0,0,,,,,78.0,female,NS,,,
ALC - Diversão no Nações,120240554914940225,OUTCOME_AWARENESS,2026-03-01,94466,55362,1.706333,156,0.165139,0.850256,1.404103,132.64,97.0,0,1.367423,30.0,0,4.421333,1.0,0,132.64,0,0,0,0,0,0,16.0,0,8.29,0,0,0,116.0,0,1.143448,17.0,0,0,117.0,0,1.133675,0,0,0,1.0,0,0,135.0,0,0,,,,,97.0,male,NS,,,
ALC - Diversão no Nações,120240554914940225,OUTCOME_AWARENESS,2026-03-01,669,384,1.742188,2,0.298954,0.435,1.300448,0.87,2.0,0,0.435,1.0,0,0.87,0.0,0,0.0,0,0,0,0,0,0,0.0,0,0.0,0,0,0,2.0,0,0.435,0.0,0,0,2.0,0,0.435,0,0,0,0.0,0,0,3.0,0,0,,,,,2.0,unknown,NS,,,
ALC - Aniversario NS,120240906192060225,OUTCOME_AWARENESS,2026-03-01,11222,9684,1.158819,24,0.213866,0.592083,1.266263,14.21,13.0,0,1.093077,0.0,0,0.0,0.0,0,0.0,0,0,0,0,0,0,0.0,0,0.0,0,0,0,14.0,0,1.015,1.0,0,0,14.0,0,1.015,0,0,0,0.0,0,0,0.0,0,0,,,,,0.0,female,NS,,,
ALC - Aniversario NS,120240906192060225,OUTCOME_AWARENESS,2026-03-01,13158,11996,1.096866,17,0.129199,0.998824,1.29047,16.98,11.0,0,1.543636,0.0,0,0.0,0.0,0,0.0,0,0,0,0,0,0,0.0,0,0.0,0,0,0,12.0,0,1.415,1.0,0,0,12.0,0,1.415,0,0,0,0.0,0,0,0.0,0,0,,,,,0.0,male,NS,,,
ALC - Aniversario NS,120240906192060225,OUTCOME_AWARENESS,2026-03-01,84,77,1.090909,0,0.0,0.0,1.547619,0.13,0.0,0,0.0,0.0,0,0.0,0.0,0,0.0,0,0,0,0,0,0,0.0,0,0.0,0,0,0,0.0,0,0.0,0.0,0,0,0.0,0,0.0,0,0,0,0.0,0,0,0.0,0,0,,,,,0.0,unknown,NS,,,
ENG - Posts,120240906696350225,OUTCOME_ENGAGEMENT,2026-03-01,12421,10170,1.221337,492,3.961034,0.073923,2.928106,36.37,1.0,0,36.37,0.0,0,0.0,0.0,0,0.0,0,0,0,0,0,0,0.0,0,0.0,0,0,0,6050.0,0,0.006012,122.0,0,0,6051.0,0,0.006011,0,0,0,0.0,0,0,0.0,0,0,2216.0,,,,1.0,female,NS,1247.0,796.0,373.0
ENG - Posts,120240906696350225,OUTCOME_ENGAGEMENT,2026-03-01,2772,2453,1.130045,161,5.808081,0.046087,2.676768,7.42,0.0,0,0.0,0.0,0,0.0,0.0,0,0.0,0,0,0,0,0,0,0.0,0,0.0,0,0,0,1426.0,0,0.005203,13.0,0,0,1426.0,0,0.005203,0,0,0,0.0,0,0,0.0,0,0,480.0,,,,0.0,male,NS,265.0,146.0,67.0
ENG - Posts,120240906696350225,OUTCOME_ENGAGEMENT,2026-03-01,31,29,1.068966,0,0.0,0.0,2.903226,0.09,0.0,0,0.0,0.0,0,0.0,0.0,0,0.0,0,0,0,0,0,0,0.0,0,0.0,0,0,0,17.0,0,0.005294,1.0,0,0,17.0,0,0.005294,0,0,0,0.0,0,0,0.0,0,0,4.0,,,,0.0,unknown,NS,3.0,2.0,2.0
ALC - Páscoa,120239593258100225,OUTCOME_AWARENESS,2026-04-01,112690,95502,1.179975,121,0.107374,1.166529,1.252551,141.15,34.0,0,4.151471,14.0,0,10.082143,0.0,0,0.0,0,0,0,0,0,0,0.0,0,0.0,0,0,0,4996.0,0,0.028253,27.0,0,0,4996.0,0,0.028253,0,0,0,0.0,0,0,0.0,0,0,915.0,,,,29.0,female,NS,204.0,93.0,63.0
ALC - Páscoa,120239593258100225,OUTCOME_AWARENESS,2026-04-01,116750,95602,1.221209,95,0.08137,1.541474,1.254304,146.44,38.0,0,3.853684,23.0,0,6.366957,0.0,0,0.0,0,0,0,0,0,0,0.0,0,0.0,0,0,0,4284.0,0,0.034183,7.0,0,0,4284.0,0,0.034183,0,0,0,0.0,0,0,0.0,0,0,777.0,,,,34.0,male,NS,226.0,113.0,78.0
ALC - Páscoa,120239593258100225,OUTCOME_AWARENESS,2026-04-01,898,775,1.15871,2,0.222717,0.595,1.325167,1.19,1.0,0,1.19,0.0,0,0.0,0.0,0,0.0,0,0,0,0,0,0,0.0,0,0.0,0,0,0,39.0,0,0.030513,0.0,0,0,39.0,0,0.030513,0,0,0,0.0,0,0,0.0,0,0,11.0,,,,1.0,unknown,NS,4.0,,
ALC - Promo Iphone,120240550439900225,OUTCOME_AWARENESS,2026-04-01,615111,226650,2.713925,1081,0.175741,0.769451,1.352238,831.776675,719.0,0,1.156852,8.0,0,103.972084,9.0,0,92.419631,0,0,0,0,0,0,223.0,0,3.72994,0,0,0,22337.0,0,0.037238,89.0,0,0,22337.0,0,0.037238,0,0,0,9.0,0,0,1094.0,0,0,3014.0,,,,715.0,female,NS,583.0,270.0,157.0
ALC - Promo Iphone,120240550439900225,OUTCOME_AWARENESS,2026-04-01,677228,249104,2.718656,1004,0.148251,0.904545,1.341001,908.163614,662.0,0,1.371848,5.0,0,181.632723,12.0,0,75.680301,0,0,0,0,0,0,141.0,0,6.440877,0,0,0,25311.0,0,0.03588,94.0,0,0,25312.0,0,0.035879,0,0,0,12.0,0,0,712.0,0,0,3219.0,,,,657.0,male,NS,829.0,368.0,223.0
ALC - Promo Iphone,120240550439900225,OUTCOME_AWARENESS,2026-04-01,5451,2157,2.527121,8,0.146762,0.901214,1.32264,7.209711,7.0,0,1.029959,0.0,0,0.0,0.0,0,0.0,0,0,0,0,0,0,1.0,0,7.209711,0,0,0,182.0,0,0.039614,0.0,0,0,182.0,0,0.039614,0,0,0,0.0,0,0,9.0,0,0,28.0,,,,7.0,unknown,NS,7.0,5.0,1.0
ALC - Diversão no Nações,120240554914940225,OUTCOME_AWARENESS,2026-04-01,98865,56725,1.742882,237,0.239721,0.470549,1.128003,111.52,153.0,0,0.728889,51.0,0,2.186667,4.0,0,27.88,0,0,0,0,0,0,49.0,0,2.275918,0,0,0,172.0,0,0.648372,19.0,0,0,174.0,0,0.64092,0,0,0,4.0,0,0,241.0,0,0,,,,,152.0,female,NS,,,
ALC - Diversão no Nações,120240554914940225,OUTCOME_AWARENESS,2026-04-01,158998,85177,1.866678,264,0.16604,0.686288,1.139511,181.18,170.0,0,1.065765,60.0,0,3.019667,4.0,0,45.295,0,0,0,0,0,0,54.0,0,3.355185,0,0,0,196.0,0,0.924388,24.0,0,0,196.0,0,0.924388,0,0,0,4.0,0,0,325.0,0,0,,,,,170.0,male,NS,,,
ALC - Diversão no Nações,120240554914940225,OUTCOME_AWARENESS,2026-04-01,1185,608,1.949013,3,0.253165,0.466667,1.181435,1.4,2.0,0,0.7,1.0,0,1.4,0.0,0,0.0,0,0,0,0,0,0,0.0,0,0.0,0,0,0,3.0,0,0.466667,1.0,0,0,3.0,0,0.466667,0,0,0,0.0,0,0,3.0,0,0,,,,,2.0,unknown,NS,,,
ALC - Aniversario NS,120240906192060225,OUTCOME_AWARENESS,2026-04-01,75650,47015,1.609061,132,0.174488,0.600308,1.047463,79.240605,83.0,0,0.954706,0.0,0,0.0,0.0,0,0.0,0,0,0,0,0,0,0.0,0,0.0,0,0,0,89.0,0,0.890344,6.0,0,0,89.0,0,0.890344,0,0,0,0.0,0,0,0.0,0,0,,,,,1.0,female,NS,,,
ALC - Aniversario NS,120240906192060225,OUTCOME_AWARENESS,2026-04-01,83821,51987,1.612345,138,0.164637,0.64304,1.058678,88.739478,111.0,0,0.799455,0.0,0,0.0,0.0,0,0.0,0,0,0,0,0,0,0.0,0,0.0,0,0,0,118.0,0,0.752029,6.0,0,0,118.0,0,0.752029,0,0,0,0.0,0,0,0.0,0,0,,,,,0.0,male,NS,,,
ALC - Aniversario NS,120240906192060225,OUTCOME_AWARENESS,2026-04-01,597,395,1.511392,1,0.167504,0.699917,1.17239,0.699917,1.0,0,0.699917,0.0,0,0.0,0.0,0,0.0,0,0,0,0,0,0,0.0,0,0.0,0,0,0,1.0,0,0.699917,0.0,0,0,1.0,0,0.699917,0,0,0,0.0,0,0,0.0,0,0,,,,,0.0,unknown,NS,,,
ENG - Posts,120240906696350225,OUTCOME_ENGAGEMENT,2026-04-01,63406,44192,1.434785,1189,1.875217,0.125744,2.357979,149.51,3.0,0,49.836667,0.0,0,0.0,0.0,0,0.0,0,0,0,0,0,0,0.0,0,0.0,0,0,0,28661.0,0,0.005217,489.0,0,0,28664.0,0,0.005216,0,0,0,0.0,0,0,0.0,0,0,9894.0,,,,2.0,female,NS,4108.0,2307.0,1027.0
ENG - Posts,120240906696350225,OUTCOME_ENGAGEMENT,2026-04-01,23286,16653,1.398307,771,3.311002,0.068859,2.279911,53.09,0.0,0,0.0,0.0,0,0.0,0.0,0,0.0,0,0,0,0,0,0,0.0,0,0.0,0,0,0,10651.0,0,0.004985,132.0,0,0,10652.0,0,0.004984,0,0,0,0.0,0,0,0.0,0,0,3399.0,,,,0.0,male,NS,1557.0,838.0,354.0
ENG - Posts,120240906696350225,OUTCOME_ENGAGEMENT,2026-04-01,263,189,1.391534,6,2.281369,0.105,2.395437,0.63,0.0,0,0.0,0.0,0,0.0,0.0,0,0.0,0,0,0,0,0,0,0.0,0,0.0,0,0,0,110.0,0,0.005727,0.0,0,0,110.0,0,0.005727,0,0,0,0.0,0,0,0.0,0,0,40.0,,,,0.0,unknown,NS,21.0,13.0,5.0
TRAF - IPHONE,120241307194150225,LINK_CLICKS,2026-04-01,119845,29356,4.08247,2466,2.057658,0.14796,3.044516,364.87,2070.0,0,0.176266,671.0,0,0.54377,0.0,0,0.0,0,0,0,0,0,0,0.0,0,0.0,0,0,0,16627.0,0,0.021944,81.0,0,0,16628.0,0,0.021943,0,0,0,0.0,0,0,0.0,0,0,3734.0,,,,2067.0,female,NS,1463.0,845.0,529.0
TRAF - IPHONE,120241307194150225,LINK_CLICKS,2026-04-01,48022,15265,3.145889,837,1.742951,0.160215,2.79247,134.1,726.0,0,0.184711,241.0,0,0.556432,0.0,0,0.0,0,0,0,0,0,0,0.0,0,0.0,0,0,0,4788.0,0,0.028008,25.0,0,0,4788.0,0,0.028008,0,0,0,0.0,0,0,0.0,0,0,1268.0,,,,725.0,male,NS,454.0,282.0,190.0
TRAF - IPHONE,120241307194150225,LINK_CLICKS,2026-04-01,362,116,3.12069,5,1.381215,0.172,2.375691,0.86,5.0,0,0.172,0.0,0,0.0,0.0,0,0.0,0,0,0,0,0,0,0.0,0,0.0,0,0,0,31.0,0,0.027742,0.0,0,0,31.0,0,0.027742,0,0,0,0.0,0,0,0.0,0,0,6.0,,,,5.0,unknown,NS,1.0,1.0,1.0
ALC - Hello Kitty,120242003338060225,OUTCOME_AWARENESS,2026-04-01,127917,85839,1.490197,239,0.18684,0.686215,1.282123,164.005314,166.0,0,0.987984,71.0,0,2.309934,0.0,0,0.0,0,0,0,0,0,0,0.0,0,0.0,0,0,0,200.0,0,0.820027,20.0,0,0,200.0,0,0.820027,0,0,0,0.0,0,0,0.0,0,0,,,,,166.0,female,NS,,,
ALC - Hello Kitty,120242003338060225,OUTCOME_AWARENESS,2026-04-01,140076,92088,1.52111,182,0.129929,1.014367,1.317961,184.614725,127.0,0,1.453659,43.0,0,4.293366,0.0,0,0.0,0,0,0,0,0,0,0.0,0,0.0,0,0,0,143.0,0,1.291012,12.0,0,0,143.0,0,1.291012,0,0,0,0.0,0,0,0.0,0,0,,,,,127.0,male,NS,,,
ALC - Hello Kitty,120242003338060225,OUTCOME_AWARENESS,2026-04-01,1082,719,1.504868,1,0.092421,1.369961,1.266138,1.369961,1.0,0,1.369961,1.0,0,1.369961,0.0,0,0.0,0,0,0,0,0,0,0.0,0,0.0,0,0,0,1.0,0,1.369961,0.0,0,0,1.0,0,1.369961,0,0,0,0.0,0,0,0.0,0,0,,,,,1.0,unknown,NS,,,
[ALC - Encontro de Goldens e Labradores],120242004126310225,OUTCOME_AWARENESS,2026-04-01,115346,72863,1.583053,173,0.149984,0.894016,1.340877,154.664842,137.0,0,1.12894,1.0,0,154.664842,0.0,0,0.0,0,0,0,0,0,0,0.0,0,0.0,0,0,0,150.0,0,1.031099,5.0,0,0,150.0,0,1.031099,0,0,0,0.0,0,0,0.0,0,0,,,,,0.0,female,NS,,,
[ALC - Encontro de Goldens e Labradores],120242004126310225,OUTCOME_AWARENESS,2026-04-01,107083,66217,1.617153,137,0.127938,1.052666,1.346761,144.215191,113.0,0,1.276241,0.0,0,0.0,0.0,0,0.0,0,0,0,0,0,0,0.0,0,0.0,0,0,0,132.0,0,1.092539,11.0,0,0,132.0,0,1.092539,0,0,0,0.0,0,0,0.0,0,0,,,,,0.0,male,NS,,,
[ALC - Encontro de Goldens e Labradores],120242004126310225,OUTCOME_AWARENESS,2026-04-01,751,490,1.532653,2,0.266312,0.494983,1.318198,0.989967,2.0,0,0.494983,0.0,0,0.0,0.0,0,0.0,0,0,0,0,0,0,0.0,0,0.0,0,0,0,2.0,0,0.494983,0.0,0,0,2.0,0,0.494983,0,0,0,0.0,0,0,0.0,0,0,,,,,0.0,unknown,NS,,,
ALC - Hello Kitty Parade,120242004377040225,OUTCOME_AWARENESS,2026-04-01,47580,31442,1.513263,143,0.300546,0.465032,1.397638,66.499635,0.0,0,0.0,0.0,0,0.0,0.0,0,0.0,0,0,0,0,0,0,0.0,0,0.0,0,0,0,4400.0,0,0.015114,69.0,0,0,4403.0,0,0.015103,0,0,0,0.0,0,0,0.0,0,0,675.0,,,,0.0,female,NS,194.0,92.0,46.0
ALC - Hello Kitty Parade,120242004377040225,OUTCOME_AWARENESS,2026-04-01,43870,28389,1.545317,30,0.068384,2.037016,1.39299,61.110475,1.0,0,61.110475,0.0,0,0.0,0.0,0,0.0,0,0,0,0,0,0,0.0,0,0.0,0,0,0,4371.0,0,0.013981,19.0,0,0,4371.0,0,0.013981,0,0,0,0.0,0,0,0.0,0,0,413.0,,,,0.0,male,NS,114.0,48.0,29.0
ALC - Hello Kitty Parade,120242004377040225,OUTCOME_AWARENESS,2026-04-01,577,227,2.54185,2,0.34662,0.349945,1.212983,0.699891,0.0,0,0.0,0.0,0,0.0,0.0,0,0.0,0,0,0,0,0,0,0.0,0,0.0,0,0,0,102.0,0,0.006862,1.0,0,0,102.0,0,0.006862,0,0,0,0.0,0,0,0.0,0,0,31.0,,,,0.0,unknown,NS,18.0,3.0,2.0
ALC - PROMO MAES 26,120242389174110225,OUTCOME_AWARENESS,2026-04-01,42384,29673,1.428369,53,0.125047,1.398844,1.749215,74.138731,40.0,0,1.853468,11.0,0,6.739885,0.0,0,0.0,0,0,0,0,0,0,0.0,0,0.0,0,0,0,471.0,0,0.157407,3.0,0,0,471.0,0,0.157407,0,0,0,0.0,0,0,0.0,0,0,67.0,,,,40.0,female,NS,11.0,5.0,4.0
ALC - PROMO MAES 26,120242389174110225,OUTCOME_AWARENESS,2026-04-01,33258,23038,1.443615,37,0.111251,1.537604,1.710607,56.891353,29.0,0,1.961771,6.0,0,9.481892,0.0,0,0.0,0,0,0,0,0,0,0.0,0,0.0,0,0,0,596.0,0,0.095455,3.0,0,0,596.0,0,0.095455,0,0,0,0.0,0,0,0.0,0,0,65.0,,,,29.0,male,NS,21.0,10.0,5.0
ALC - PROMO MAES 26,120242389174110225,OUTCOME_AWARENESS,2026-04-01,246,181,1.359116,0,0.0,0.0,2.235433,0.549916,0.0,0,0.0,0.0,0,0.0,0.0,0,0.0,0,0,0,0,0,0,0.0,0,0.0,0,0,0,4.0,0,0.137479,0.0,0,0,4.0,0,0.137479,0,0,0,0.0,0,0,0.0,0,0,,,,,0.0,unknown,NS,,,
TRAF - PROMO MAES 26,120242389755660225,LINK_CLICKS,2026-04-01,13281,9741,1.363412,494,3.719599,0.158409,5.892169,78.253891,484.0,0,0.161682,178.0,0,0.439629,0.0,0,0.0,0,0,0,0,0,0,54.0,0,1.449146,0,0,0,3434.0,0,0.022788,70.0,0,0,3434.0,0,0.022788,0,0,0,0.0,0,0,93.0,0,0,624.0,,,,484.0,female,NS,255.0,119.0,68.0
TRAF - PROMO MAES 26,120242389755660225,LINK_CLICKS,2026-04-01,9135,6836,1.336308,295,3.229338,0.168394,5.437999,49.676122,279.0,0,0.178051,113.0,0,0.439612,0.0,0,0.0,0,0,0,0,0,0,43.0,0,1.155259,0,0,0,2461.0,0,0.020185,38.0,0,0,2461.0,0,0.020185,0,0,0,0.0,0,0,35.0,0,0,503.0,,,,279.0,male,NS,250.0,117.0,69.0
TRAF - PROMO MAES 26,120242389755660225,LINK_CLICKS,2026-04-01,51,38,1.342105,0,0.0,0.0,3.333073,0.169987,0.0,0,0.0,0.0,0,0.0,0.0,0,0.0,0,0,0,0,0,0,0.0,0,0.0,0,0,0,9.0,0,0.018887,0.0,0,0,9.0,0,0.018887,0,0,0,0.0,0,0,0.0,0,0,1.0,,,,0.0,unknown,NS,1.0,,
ALC - Hello Kitty Parade,120242004377040225,OUTCOME_AWARENESS,2026-05-01,40033,30326,1.320088,87,0.217321,0.628621,1.366123,54.69,0.0,0,0.0,0.0,0,0.0,0.0,0,0.0,0,0,0,0,0,0,0.0,0,0.0,0,0,0,3285.0,0,0.016648,52.0,0,0,3286.0,0,0.016643,0,0,0,0.0,0,0,0.0,0,0,492.0,,,,0.0,female,NS,144.0,64.0,33.0
ALC - Hello Kitty Parade,120242004377040225,OUTCOME_AWARENESS,2026-05-01,40022,30178,1.326198,44,0.10994,1.263636,1.389236,55.6,1.0,0,55.6,0.0,0,0.0,0.0,0,0.0,0,0,0,0,0,0,0.0,0,0.0,0,0,0,3458.0,0,0.016079,17.0,0,0,3458.0,0,0.016079,0,0,0,0.0,0,0,0.0,0,0,313.0,,,,0.0,male,NS,84.0,41.0,33.0
ALC - Hello Kitty Parade,120242004377040225,OUTCOME_AWARENESS,2026-05-01,318,241,1.319502,0,0.0,0.0,0.974843,0.31,0.0,0,0.0,0.0,0,0.0,0.0,0,0.0,0,0,0,0,0,0,0.0,0,0.0,0,0,0,28.0,0,0.011071,0.0,0,0,28.0,0,0.011071,0,0,0,0.0,0,0,0.0,0,0,3.0,,,,0.0,unknown,NS,,,
ALC - PROMO MAES 26,120242389174110225,OUTCOME_AWARENESS,2026-05-01,95787,70116,1.366122,101,0.105442,1.454752,1.533924,146.93,64.0,0,2.295781,35.0,0,4.198,0.0,0,0.0,0,0,0,0,0,0,0.0,0,0.0,0,0,0,3542.0,0,0.041482,11.0,0,0,3542.0,0,0.041482,0,0,0,0.0,0,0,0.0,0,0,596.0,,,,64.0,female,NS,142.0,63.0,38.0
ALC - PROMO MAES 26,120242389174110225,OUTCOME_AWARENESS,2026-05-01,89886,63012,1.42649,96,0.106802,1.438646,1.536502,138.11,75.0,0,1.841467,34.0,0,4.062059,0.0,0,0.0,0,0,0,0,0,0,0.0,0,0.0,0,0,0,4798.0,0,0.028785,15.0,0,0,4798.0,0,0.028785,0,0,0,0.0,0,0,0.0,0,0,684.0,,,,75.0,male,NS,194.0,78.0,43.0
ALC - PROMO MAES 26,120242389174110225,OUTCOME_AWARENESS,2026-05-01,724,521,1.389635,0,0.0,0.0,1.505525,1.09,0.0,0,0.0,0.0,0,0.0,0.0,0,0.0,0,0,0,0,0,0,0.0,0,0.0,0,0,0,31.0,0,0.035161,0.0,0,0,31.0,0,0.035161,0,0,0,0.0,0,0,0.0,0,0,5.0,,,,0.0,unknown,NS,1.0,,
TRAF - PROMO MAES 26,120242389755660225,LINK_CLICKS,2026-05-01,38593,25440,1.51702,977,2.531547,0.177881,4.503148,173.79,932.0,0,0.18647,355.0,0,0.489549,12.0,0,14.4825,0,0,0,0,0,0,180.0,0,0.9655,0,0,0,6857.0,0,0.025345,112.0,0,0,6857.0,0,0.025345,0,0,0,12.0,0,0,285.0,0,0,1348.0,,,,932.0,female,NS,582.0,282.0,165.0
TRAF - PROMO MAES 26,120242389755660225,LINK_CLICKS,2026-05-01,28136,19376,1.452106,564,2.004549,0.196738,3.943702,110.96,536.0,0,0.207015,241.0,0,0.460415,7.0,0,15.851429,0,0,0,0,0,0,102.0,0,1.087843,0,0,0,4656.0,0,0.023832,75.0,0,0,4656.0,0,0.023832,0,0,0,7.0,0,0,156.0,0,0,971.0,,,,536.0,male,NS,436.0,214.0,116.0
TRAF - PROMO MAES 26,120242389755660225,LINK_CLICKS,2026-05-01,181,137,1.321168,2,1.104972,0.21,2.320442,0.42,2.0,0,0.21,0.0,0,0.0,0.0,0,0.0,0,0,0,0,0,0,0.0,0,0.0,0,0,0,19.0,0,0.022105,2.0,0,0,19.0,0,0.022105,0,0,0,0.0,0,0,0.0,0,0,4.0,,,,2.0,unknown,NS,1.0,1.0,
ALC - CAMICADO DIA DAS MAES,120242802454760225,OUTCOME_AWARENESS,2026-05-01,18390,14862,1.237384,3,0.016313,8.483333,1.383904,25.45,0.0,0,0.0,0.0,0,0.0,0.0,0,0.0,0,0,0,0,0,0,0.0,0,0.0,0,0,0,1197.0,0,0.021261,10.0,0,0,1197.0,0,0.021261,0,0,0,0.0,0,0,0.0,0,0,218.0,,,,0.0,female,NS,38.0,17.0,13.0
ALC - CAMICADO DIA DAS MAES,120242802454760225,OUTCOME_AWARENESS,2026-05-01,19458,15531,1.252849,7,0.035975,3.902857,1.40405,27.32,0.0,0,0.0,0.0,0,0.0,0.0,0,0.0,0,0,0,0,0,0,0.0,0,0.0,0,0,0,1291.0,0,0.021162,7.0,0,0,1291.0,0,0.021162,0,0,0,0.0,0,0,0.0,0,0,246.0,,,,0.0,male,NS,54.0,19.0,10.0
ALC - CAMICADO DIA DAS MAES,120242802454760225,OUTCOME_AWARENESS,2026-05-01,119,97,1.226804,0,0.0,0.0,1.428571,0.17,0.0,0,0.0,0.0,0,0.0,0.0,0,0.0,0,0,0,0,0,0,0.0,0,0.0,0,0,0,7.0,0,0.024286,0.0,0,0,7.0,0,0.024286,0,0,0,0.0,0,0,0.0,0,0,3.0,,,,0.0,unknown,NS,1.0,,
