campanha,campanha_id,objetivo,data,impressoes,alcance,frequencia,cliques,ctr,cpc,cpm,custo,link_click,valor_link_click,custo_link_click,landing_page_view,valor_landing_page_view,custo_landing_page_view,lead,valor_lead,custo_lead,purchase,valor_purchase,custo_purchase,add_to_cart,valor_add_to_cart,custo_add_to_cart,initiate_checkout,valor_initiate_checkout,custo_initiate_checkout,complete_registration,valor_complete_registration,custo_complete_registration,post_engagement,valor_post_engagement,custo_post_engagement,post_reaction,valor_post_reaction,custo_post_reaction,page_engagement,valor_page_engagement,custo_page_engagement,offsite_conversion.fb_pixel_purchase,valor_offsite_conversion.fb_pixel_purchase,custo_offsite_conversion.fb_pixel_purchase,offsite_conversion.fb_pixel_lead,valor_offsite_conversion.fb_pixel_lead,custo_offsite_conversion.fb_pixel_lead,offsite_conversion.fb_pixel_view_content,valor_offsite_conversion.fb_pixel_view_content,custo_offsite_conversion.fb_pixel_view_content,quality_ranking,engagement_rate_ranking,conversion_rate_ranking,outbound_clicks,device_platform,shopping,video_p25,video_p50,video_p75,video_p100
ALC Continente Night RUN - Vendas!,120232284160870087,OUTCOME_AWARENESS,2025-11-09,0,0,0.0,0,0.0,0.0,0.0,0.0,0.0,0,0.0,0.0,0,0.0,0.0,0,0.0,0,0,0,0,0,0,0.0,0,0.0,0,0,0,0.0,0,0.0,0.0,0,0,0.0,0,0.0,0,0,0,0.0,0,0,0.0,0,0,,,,0.0,mobile_app,CS,,,,
[TFG] Corrida Story Final,120235177716760087,LINK_CLICKS,2025-11-09,0,0,0.0,0,0.0,0.0,0.0,0.0,0.0,0,0.0,0.0,0,0.0,0.0,0,0.0,0,0,0,0,0,0,0.0,0,0.0,0,0,0,0.0,0,0.0,0.0,0,0,0.0,0,0.0,0,0,0,0.0,0,0,0.0,0,0,,,,0.0,mobile_app,CS,,,,
ALC - NATAL 25,120235302545560087,OUTCOME_AWARENESS,2025-11-09,927,649,1.428351,1,0.107875,1.510093,1.629011,1.510093,0.0,0,0.0,0.0,0,0.0,0.0,0,0.0,0,0,0,0,0,0,0.0,0,0.0,0,0,0,7.0,0,0.215728,0.0,0,0,7.0,0,0.215728,0,0,0,0.0,0,0,0.0,0,0,,,,0.0,desktop,CS,16.0,5.0,3.0,3.0
ALC - NATAL 25,120235302545560087,OUTCOME_AWARENESS,2025-11-09,399981,215883,1.852767,580,0.145007,1.114845,1.616601,646.609869,382.0,0,1.692696,0.0,0,0.0,0.0,0,0.0,0,0,0,0,0,0,0.0,0,0.0,0,0,0,2379.0,0,0.271799,80.0,0,0,2380.0,0,0.271685,0,0,0,0.0,0,0,0.0,0,0,,,,381.0,mobile_app,CS,8570.0,2302.0,1230.0,874.0
ALC - NATAL 25,120235302545560087,OUTCOME_AWARENESS,2025-11-09,429,293,1.464164,3,0.699301,0.206679,1.445311,0.620038,2.0,0,0.310019,0.0,0,0.0,0.0,0,0.0,0,0,0,0,0,0,0.0,0,0.0,0,0,0,4.0,0,0.15501,0.0,0,0,4.0,0,0.15501,0,0,0,0.0,0,0,0.0,0,0,,,,2.0,mobile_web,CS,10.0,2.0,1.0,1.0
TRAF - NATAL 25,120235302629640087,LINK_CLICKS,2025-11-09,560,176,3.181818,5,0.892857,0.110017,0.982298,0.550087,5.0,0,0.110017,0.0,0,0.0,0.0,0,0.0,0,0,0,0,0,0,0.0,0,0.0,0,0,0,22.0,0,0.025004,0.0,0,0,22.0,0,0.025004,0,0,0,0.0,0,0,0.0,0,0,,,,5.0,desktop,CS,17.0,17.0,17.0,17.0
TRAF - NATAL 25,120235302629640087,LINK_CLICKS,2025-11-09,198392,71289,2.782926,2698,1.359934,0.258295,3.512641,696.87988,1835.0,0,0.379771,13.0,0,53.606145,0.0,0,0.0,0,0,0,0,0,0,0.0,0,0.0,0,0,0,8527.0,0,0.081726,305.0,0,0,8528.0,0,0.081717,0,0,0,0.0,0,0,0.0,0,0,,,,1835.0,mobile_app,CS,16471.0,6596.0,3734.0,2481.0
TRAF - NATAL 25,120235302629640087,LINK_CLICKS,2025-11-09,87,52,1.673077,1,1.149425,0.210033,2.414174,0.210033,0.0,0,0.0,0.0,0,0.0,0.0,0,0.0,0,0,0,0,0,0,0.0,0,0.0,0,0,0,0.0,0,0.0,0.0,0,0,0.0,0,0.0,0,0,0,0.0,0,0,0.0,0,0,,,,0.0,mobile_web,CS,1.0,,,
[ALC] Pandora Black Friday,120235312805230087,OUTCOME_AWARENESS,2025-11-09,136,119,1.142857,0,0.0,0.0,1.691176,0.23,0.0,0,0.0,0.0,0,0.0,0.0,0,0.0,0,0,0,0,0,0,0.0,0,0.0,0,0,0,10.0,0,0.023,0.0,0,0,10.0,0,0.023,0,0,0,0.0,0,0,0.0,0,0,,,,0.0,desktop,CS,12.0,6.0,4.0,3.0
[ALC] Pandora Black Friday,120235312805230087,OUTCOME_AWARENESS,2025-11-09,43018,37580,1.144705,56,0.130178,1.149821,1.496815,64.39,16.0,0,4.024375,0.0,0,0.0,0.0,0,0.0,0,0,0,0,0,0,0.0,0,0.0,0,0,0,1550.0,0,0.041542,4.0,0,0,1550.0,0,0.041542,0,0,0,0.0,0,0,0.0,0,0,,,,16.0,mobile_app,CS,1703.0,643.0,375.0,246.0
[ALC] Pandora Black Friday,120235312805230087,OUTCOME_AWARENESS,2025-11-09,133,121,1.099174,0,0.0,0.0,1.578947,0.21,0.0,0,0.0,0.0,0,0.0,0.0,0,0.0,0,0,0,0,0,0,0.0,0,0.0,0,0,0,7.0,0,0.03,0.0,0,0,7.0,0,0.03,0,0,0,0.0,0,0,0.0,0,0,,,,0.0,mobile_web,CS,7.0,2.0,1.0,1.0
[ALC] Promo Nike 30% OFF Nov,120235313060850087,OUTCOME_AWARENESS,2025-11-09,139,133,1.045113,0,0.0,0.0,0.935252,0.13,0.0,0,0.0,0.0,0,0.0,0.0,0,0.0,0,0,0,0,0,0,0.0,0,0.0,0,0,0,5.0,0,0.026,0.0,0,0,5.0,0,0.026,0,0,0,0.0,0,0,0.0,0,0,,,,0.0,desktop,CS,5.0,3.0,2.0,1.0
[ALC] Promo Nike 30% OFF Nov,120235313060850087,OUTCOME_AWARENESS,2025-11-09,36932,35387,1.04366,45,0.121846,1.192889,1.453482,53.68,22.0,0,2.44,3.0,0,17.893333,0.0,0,0.0,0,0,0,0,0,0,0.0,0,0.0,0,0,0,1543.0,0,0.034789,5.0,0,0,1544.0,0,0.034767,0,0,0,0.0,0,0,0.0,0,0,,,,22.0,mobile_app,CS,1161.0,428.0,255.0,175.0
[ALC] Promo Nike 30% OFF Nov,120235313060850087,OUTCOME_AWARENESS,2025-11-09,85,83,1.024096,0,0.0,0.0,1.647059,0.14,0.0,0,0.0,0.0,0,0.0,0.0,0,0.0,0,0,0,0,0,0,0.0,0,0.0,0,0,0,1.0,0,0.14,0.0,0,0,1.0,0,0.14,0,0,0,0.0,0,0,0.0,0,0,,,,0.0,mobile_web,CS,,,,
[ALC] Curso de Gestantes Nov.,120235518802250087,OUTCOME_AWARENESS,2025-11-09,493,360,1.369444,0,0.0,0.0,1.541714,0.760065,0.0,0,0.0,0.0,0,0.0,0.0,0,0.0,0,0,0,0,0,0,0.0,0,0.0,0,0,0,0.0,0,0.0,0.0,0,0,0.0,0,0.0,0,0,0,0.0,0,0,0.0,0,0,,,,0.0,desktop,CS,,,,
[ALC] Curso de Gestantes Nov.,120235518802250087,OUTCOME_AWARENESS,2025-11-09,211246,115460,1.829603,295,0.139648,1.182237,1.650966,348.7599,219.0,0,1.592511,25.0,0,13.950396,0.0,0,0.0,0,0,0,0,0,0,0.0,0,0.0,0,0,0,229.0,0,1.522969,10.0,0,0,229.0,0,1.522969,0,0,0,0.0,0,0,0.0,0,0,,,,219.0,mobile_app,CS,,,,
[ALC] Curso de Gestantes Nov.,120235518802250087,OUTCOME_AWARENESS,2025-11-09,339,252,1.345238,3,0.884956,0.136678,1.209543,0.410035,0.0,0,0.0,0.0,0,0.0,0.0,0,0.0,0,0,0,0,0,0,0.0,0,0.0,0,0,0,0.0,0,0.0,0.0,0,0,0.0,0,0.0,0,0,0,0.0,0,0,0.0,0,0,,,,0.0,mobile_web,CS,,,,
[BF] ALC Riachuelo,120235701472890087,OUTCOME_AWARENESS,2025-11-09,122,84,1.452381,0,0.0,0.0,2.131361,0.260026,0.0,0,0.0,0.0,0,0.0,0.0,0,0.0,0,0,0,0,0,0,0.0,0,0.0,0,0,0,0.0,0,0.0,0.0,0,0,0.0,0,0.0,0,0,0,0.0,0,0,0.0,0,0,,,,0.0,desktop,CS,,,,
[BF] ALC Riachuelo,120235701472890087,OUTCOME_AWARENESS,2025-11-09,60239,41456,1.453083,74,0.122844,1.34554,1.652915,99.56997,54.0,0,1.843888,4.0,0,24.892492,0.0,0,0.0,0,0,0,0,0,0,0.0,0,0.0,0,0,0,73.0,0,1.363972,14.0,0,0,73.0,0,1.363972,0,0,0,0.0,0,0,0.0,0,0,,,,54.0,mobile_app,CS,6.0,2.0,1.0,
[BF] ALC Riachuelo,120235701472890087,OUTCOME_AWARENESS,2025-11-09,66,55,1.2,0,0.0,0.0,0.606121,0.040004,0.0,0,0.0,0.0,0,0.0,0.0,0,0.0,0,0,0,0,0,0,0.0,0,0.0,0,0,0,0.0,0,0.0,0.0,0,0,0.0,0,0.0,0,0,0,0.0,0,0,0.0,0,0,,,,0.0,mobile_web,CS,,,,
[BF] ALC Adcos,120235701675980087,OUTCOME_AWARENESS,2025-11-09,437,199,2.19598,0,0.0,0.0,1.808142,0.790158,0.0,0,0.0,0.0,0,0.0,0.0,0,0.0,0,0,0,0,0,0,0.0,0,0.0,0,0,0,0.0,0,0.0,0.0,0,0,0.0,0,0.0,0,0,0,0.0,0,0,0.0,0,0,,,,0.0,desktop,CS,,,,
[BF] ALC Adcos,120235701675980087,OUTCOME_AWARENESS,2025-11-09,151026,56472,2.674352,203,0.134414,1.218076,1.637264,247.269458,81.0,0,3.052709,12.0,0,20.605788,0.0,0,0.0,0,0,0,0,0,0,0.0,0,0.0,0,0,0,115.0,0,2.150169,33.0,0,0,115.0,0,2.150169,0,0,0,0.0,0,0,0.0,0,0,,,,81.0,mobile_app,CS,,,,
[BF] ALC Adcos,120235701675980087,OUTCOME_AWARENESS,2025-11-09,1126,288,3.909722,1,0.08881,1.920384,1.705492,1.920384,0.0,0,0.0,0.0,0,0.0,0.0,0,0.0,0,0,0,0,0,0,0.0,0,0.0,0,0,0,0.0,0,0.0,0.0,0,0,0.0,0,0.0,0,0,0,0.0,0,0,0.0,0,0,,,,0.0,mobile_web,CS,,,,
[BF] ALC Nike,120235703048250087,OUTCOME_AWARENESS,2025-11-09,160,143,1.118881,1,0.625,0.189987,1.187421,0.189987,0.0,0,0.0,0.0,0,0.0,0.0,0,0.0,0,0,0,0,0,0,0.0,0,0.0,0,0,0,0.0,0,0.0,0.0,0,0,0.0,0,0.0,0,0,0,0.0,0,0,0.0,0,0,,,,0.0,desktop,CS,,,,
[BF] ALC Nike,120235703048250087,OUTCOME_AWARENESS,2025-11-09,94140,79049,1.190907,235,0.249628,0.634043,1.58275,149.000067,137.0,0,1.087592,30.0,0,4.966669,0.0,0,0.0,0,0,0,0,0,0,0.0,0,0.0,0,0,0,152.0,0,0.980264,7.0,0,0,153.0,0,0.973857,0,0,0,0.0,0,0,0.0,0,0,,,,137.0,mobile_app,CS,11.0,2.0,1.0,1.0
[BF] ALC Nike,120235703048250087,OUTCOME_AWARENESS,2025-11-09,419,361,1.160665,4,0.954654,0.202487,1.933045,0.809946,0.0,0,0.0,0.0,0,0.0,0.0,0,0.0,0,0,0,0,0,0,0.0,0,0.0,0,0,0,0.0,0,0.0,0.0,0,0,0.0,0,0.0,0,0,0,0.0,0,0,0.0,0,0,,,,0.0,mobile_web,CS,,,,
[BF] Outlet Aniversário,120235703488080087,OUTCOME_AWARENESS,2025-11-09,160,154,1.038961,0,0.0,0.0,1.625,0.26,0.0,0,0.0,0.0,0,0.0,0.0,0,0.0,0,0,0,0,0,0,0.0,0,0.0,0,0,0,24.0,0,0.010833,0.0,0,0,24.0,0,0.010833,0,0,0,0.0,0,0,0.0,0,0,,,,0.0,desktop,CS,10.0,5.0,2.0,2.0
[BF] Outlet Aniversário,120235703488080087,OUTCOME_AWARENESS,2025-11-09,54813,51506,1.064206,75,0.136829,1.327333,1.816175,99.55,57.0,0,1.746491,3.0,0,33.183333,0.0,0,0.0,0,0,0,0,0,0,0.0,0,0.0,0,0,0,2856.0,0,0.034856,12.0,0,0,2856.0,0,0.034856,0,0,0,0.0,0,0,0.0,0,0,,,,57.0,mobile_app,CS,1228.0,514.0,154.0,97.0
[BF] Outlet Aniversário,120235703488080087,OUTCOME_AWARENESS,2025-11-09,64,59,1.084746,0,0.0,0.0,1.875,0.12,0.0,0,0.0,0.0,0,0.0,0.0,0,0.0,0,0,0,0,0,0,0.0,0,0.0,0,0,0,7.0,0,0.017143,0.0,0,0,7.0,0,0.017143,0,0,0,0.0,0,0,0.0,0,0,,,,0.0,mobile_web,CS,6.0,3.0,2.0,
[BF] Outlet Aniversário - 2,120235703619910087,OUTCOME_AWARENESS,2025-11-09,106,83,1.277108,0,0.0,0.0,1.603774,0.17,0.0,0,0.0,0.0,0,0.0,0.0,0,0.0,0,0,0,0,0,0,0.0,0,0.0,0,0,0,0.0,0,0.0,0.0,0,0,0.0,0,0.0,0,0,0,0.0,0,0,0.0,0,0,,,,0.0,desktop,CS,,,,
[BF] Outlet Aniversário - 2,120235703619910087,OUTCOME_AWARENESS,2025-11-09,57775,43075,1.341265,37,0.064042,2.693243,1.724794,99.65,3.0,0,33.216667,0.0,0,0.0,0.0,0,0.0,0,0,0,0,0,0,0.0,0,0.0,0,0,0,28.0,0,3.558929,7.0,0,0,28.0,0,3.558929,0,0,0,0.0,0,0,0.0,0,0,,,,1.0,mobile_app,CS,23.0,12.0,7.0,5.0
[BF] Outlet Aniversário - 2,120235703619910087,OUTCOME_AWARENESS,2025-11-09,57,51,1.117647,0,0.0,0.0,1.929825,0.11,0.0,0,0.0,0.0,0,0.0,0.0,0,0.0,0,0,0,0,0,0,0.0,0,0.0,0,0,0,0.0,0,0.0,0.0,0,0,0.0,0,0.0,0,0,0,0.0,0,0,0.0,0,0,,,,0.0,mobile_web,CS,,,,
[ALC] Black Friday Gastronomia,120235997770420087,OUTCOME_AWARENESS,2025-11-09,926,563,1.64476,2,0.215983,0.880299,1.901294,1.760599,2.0,0,0.880299,2.0,0,0.880299,0.0,0,0.0,0,0,0,0,0,0,0.0,0,0.0,0,0,0,4.0,0,0.44015,1.0,0,0,4.0,0,0.44015,0,0,0,0.0,0,0,0.0,0,0,,,,2.0,desktop,CS,,,,
[ALC] Black Friday Gastronomia,120235997770420087,OUTCOME_AWARENESS,2025-11-09,299965,137315,2.184503,961,0.320371,0.516627,1.655123,496.47882,556.0,0,0.892948,120.0,0,4.137324,0.0,0,0.0,0,0,0,0,0,0,0.0,0,0.0,0,0,0,739.0,0,0.671825,58.0,0,0,739.0,0,0.671825,0,0,0,0.0,0,0,0.0,0,0,,,,556.0,mobile_app,CS,3.0,1.0,,
[ALC] Black Friday Gastronomia,120235997770420087,OUTCOME_AWARENESS,2025-11-09,1107,639,1.732394,11,0.993677,0.155507,1.545241,1.710582,4.0,0,0.427645,0.0,0,0.0,0.0,0,0.0,0,0,0,0,0,0,0.0,0,0.0,0,0,0,4.0,0,0.427645,0.0,0,0,4.0,0,0.427645,0,0,0,0.0,0,0,0.0,0,0,,,,4.0,mobile_web,CS,,,,
[ALC] Black Friday Jóias,120235998038130087,OUTCOME_AWARENESS,2025-11-09,352,258,1.364341,0,0.0,0.0,1.562688,0.550066,0.0,0,0.0,0.0,0,0.0,0.0,0,0.0,0,0,0,0,0,0,0.0,0,0.0,0,0,0,3.0,0,0.183355,0.0,0,0,3.0,0,0.183355,0,0,0,0.0,0,0,0.0,0,0,,,,0.0,desktop,CS,2.0,,,
[ALC] Black Friday Jóias,120235998038130087,OUTCOME_AWARENESS,2025-11-09,324602,178222,1.821335,424,0.130622,1.176226,1.536404,498.719846,271.0,0,1.840295,37.0,0,13.478915,0.0,0,0.0,0,0,0,0,0,0,0.0,0,0.0,0,0,0,1430.0,0,0.348755,60.0,0,0,1430.0,0,0.348755,0,0,0,0.0,0,0,0.0,0,0,,,,271.0,mobile_app,CS,799.0,294.0,173.0,120.0
[ALC] Black Friday Jóias,120235998038130087,OUTCOME_AWARENESS,2025-11-09,497,326,1.52454,0,0.0,0.0,1.468989,0.730088,0.0,0,0.0,0.0,0,0.0,0.0,0,0.0,0,0,0,0,0,0,0.0,0,0.0,0,0,0,2.0,0,0.365044,0.0,0,0,2.0,0,0.365044,0,0,0,0.0,0,0,0.0,0,0,,,,0.0,mobile_web,CS,1.0,,,
[ALC] Black Friday Inst.,120236147694890087,OUTCOME_AWARENESS,2025-11-09,750,600,1.25,2,0.266667,0.740178,1.973807,1.480355,1.0,0,1.480355,1.0,0,1.480355,0.0,0,0.0,0,0,0,0,0,0,0.0,0,0.0,0,0,0,57.0,0,0.025971,0.0,0,0,57.0,0,0.025971,0,0,0,0.0,0,0,0.0,0,0,,,,1.0,desktop,CS,47.0,21.0,14.0,10.0
[ALC] Black Friday Inst.,120236147694890087,OUTCOME_AWARENESS,2025-11-09,579567,268728,2.156705,602,0.103871,1.656876,1.721008,997.439385,390.0,0,2.557537,53.0,0,18.819611,0.0,0,0.0,0,0,0,0,0,0,0.0,0,0.0,0,0,0,19111.0,0,0.052192,53.0,0,0,19111.0,0,0.052192,0,0,0,0.0,0,0,0.0,0,0,,,,389.0,mobile_app,CS,14092.0,5808.0,3393.0,2424.0
[ALC] Black Friday Inst.,120236147694890087,OUTCOME_AWARENESS,2025-11-09,619,398,1.555276,0,0.0,0.0,1.745168,1.080259,0.0,0,0.0,0.0,0,0.0,0.0,0,0.0,0,0,0,0,0,0,0.0,0,0.0,0,0,0,25.0,0,0.04321,0.0,0,0,25.0,0,0.04321,0,0,0,0.0,0,0,0.0,0,0,,,,0.0,mobile_web,CS,21.0,9.0,5.0,3.0
[ALC] Spedini,120236148302980087,OUTCOME_AWARENESS,2025-11-09,305,211,1.445498,0,0.0,0.0,2.032903,0.620035,0.0,0,0.0,0.0,0,0.0,0.0,0,0.0,0,0,0,0,0,0,0.0,0,0.0,0,0,0,19.0,0,0.032633,0.0,0,0,19.0,0,0.032633,0,0,0,0.0,0,0,0.0,0,0,,,,0.0,desktop,CS,15.0,7.0,6.0,3.0
[ALC] Spedini,120236148302980087,OUTCOME_AWARENESS,2025-11-09,191084,96189,1.986547,218,0.114086,1.600183,1.825584,348.839934,148.0,0,2.357027,22.0,0,15.856361,0.0,0,0.0,0,0,0,0,0,0,0.0,0,0.0,0,0,0,6543.0,0,0.053315,19.0,0,0,6543.0,0,0.053315,0,0,0,0.0,0,0,0.0,0,0,,,,148.0,mobile_app,CS,4899.0,1968.0,1149.0,844.0
[ALC] Spedini,120236148302980087,OUTCOME_AWARENESS,2025-11-09,273,190,1.436842,0,0.0,0.0,1.978135,0.540031,0.0,0,0.0,0.0,0,0.0,0.0,0,0.0,0,0,0,0,0,0,0.0,0,0.0,0,0,0,12.0,0,0.045003,0.0,0,0,12.0,0,0.045003,0,0,0,0.0,0,0,0.0,0,0,,,,0.0,mobile_web,CS,10.0,5.0,4.0,3.0
[ENG] Post Foto Papai Noel,120236148415870087,OUTCOME_ENGAGEMENT,2025-11-09,456,337,1.353116,4,0.877193,0.365052,3.202212,1.460209,0.0,0,0.0,0.0,0,0.0,0.0,0,0.0,0,0,0,0,0,0,0.0,0,0.0,0,0,0,155.0,0,0.009421,6.0,0,0,155.0,0,0.009421,0,0,0,0.0,0,0,0.0,0,0,,,,0.0,desktop,CS,110.0,62.0,38.0,15.0
[ENG] Post Foto Papai Noel,120236148415870087,OUTCOME_ENGAGEMENT,2025-11-09,73755,47382,1.556604,1011,1.370755,0.344352,4.720219,348.139736,184.0,0,1.892064,61.0,0,5.707209,0.0,0,0.0,0,0,0,0,0,0,0.0,0,0.0,0,0,0,28691.0,0,0.012134,1059.0,0,0,28692.0,0,0.012134,0,0,0,0.0,0,0,0.0,0,0,,,,184.0,mobile_app,CS,22514.0,13049.0,8672.0,3332.0
[ENG] Post Foto Papai Noel,120236148415870087,OUTCOME_ENGAGEMENT,2025-11-09,161,119,1.352941,1,0.621118,0.390056,2.422706,0.390056,0.0,0,0.0,0.0,0,0.0,0.0,0,0.0,0,0,0,0,0,0,0.0,0,0.0,0,0,0,48.0,0,0.008126,0.0,0,0,48.0,0,0.008126,0,0,0,0.0,0,0,0.0,0,0,,,,0.0,mobile_web,CS,38.0,22.0,15.0,9.0
[ENG] Decoração de Natal,120236148469040087,OUTCOME_ENGAGEMENT,2025-11-09,340,262,1.29771,4,1.176471,0.157554,1.853582,0.630218,0.0,0,0.0,0.0,0,0.0,0.0,0,0.0,0,0,0,0,0,0,0.0,0,0.0,0,0,0,98.0,0,0.006431,5.0,0,0,98.0,0,0.006431,0,0,0,0.0,0,0,0.0,0,0,,,,0.0,desktop,CS,35.0,19.0,15.0,9.0
[ENG] Decoração de Natal,120236148469040087,OUTCOME_ENGAGEMENT,2025-11-09,48326,26096,1.851855,1038,2.147912,0.194316,4.17373,201.699682,129.0,0,1.563563,43.0,0,4.69069,0.0,0,0.0,0,0,0,0,0,0,0.0,0,0.0,0,0,0,18741.0,0,0.010762,420.0,0,0,18749.0,0,0.010758,0,0,0,0.0,0,0,0.0,0,0,,,,129.0,mobile_app,CS,9392.0,5711.0,3870.0,3263.0
[ENG] Decoração de Natal,120236148469040087,OUTCOME_ENGAGEMENT,2025-11-09,185,151,1.225166,3,1.621622,0.0967,1.568109,0.2901,0.0,0,0.0,0.0,0,0.0,0.0,0,0.0,0,0,0,0,0,0,0.0,0,0.0,0,0,0,53.0,0,0.005474,0.0,0,0,53.0,0,0.005474,0,0,0,0.0,0,0,0.0,0,0,,,,0.0,mobile_web,CS,21.0,11.0,8.0,6.0
[ALC] Vídeo Promo Natal 25 Sara,120236328658450087,OUTCOME_AWARENESS,2025-11-09,15,15,1.0,0,0.0,0.0,1.333333,0.02,0.0,0,0.0,0.0,0,0.0,0.0,0,0.0,0,0,0,0,0,0,0.0,0,0.0,0,0,0,1.0,0,0.02,0.0,0,0,1.0,0,0.02,0,0,0,0.0,0,0,0.0,0,0,,,,0.0,desktop,CS,,,,
[ALC] Vídeo Promo Natal 25 Sara,120236328658450087,OUTCOME_AWARENESS,2025-11-09,55010,43884,1.253532,62,0.112707,1.538065,1.733503,95.36,38.0,0,2.509474,6.0,0,15.893333,0.0,0,0.0,0,0,0,0,0,0,0.0,0,0.0,0,0,0,2227.0,0,0.04282,10.0,0,0,2227.0,0,0.04282,0,0,0,0.0,0,0,0.0,0,0,,,,38.0,mobile_app,CS,252.0,56.0,29.0,11.0
[ALC] Vídeo Promo Natal 25 Sara,120236328658450087,OUTCOME_AWARENESS,2025-11-09,3,3,1.0,0,0.0,0.0,0.0,0.0,0.0,0,0.0,0.0,0,0.0,0.0,0,0.0,0,0,0,0,0,0,0.0,0,0.0,0,0,0,1.0,0,0.0,0.0,0,0,1.0,0,0.0,0,0,0,0.0,0,0,0.0,0,0,,,,0.0,mobile_web,CS,,,,
[ENG] Encontro Pet,120236405335330087,OUTCOME_ENGAGEMENT,2025-11-09,75,55,1.363636,7,9.333333,0.102878,9.601921,0.720144,0.0,0,0.0,0.0,0,0.0,0.0,0,0.0,0,0,0,0,0,0,0.0,0,0.0,0,0,0,8.0,0,0.090018,8.0,0,0,8.0,0,0.090018,0,0,0,0.0,0,0,0.0,0,0,,,,0.0,desktop,CS,,,,
[ENG] Encontro Pet,120236405335330087,OUTCOME_ENGAGEMENT,2025-11-09,17539,10042,1.746564,539,3.073151,0.369276,11.348413,199.039824,104.0,0,1.913844,24.0,0,8.293326,0.0,0,0.0,0,0,0,0,0,0,0.0,0,0.0,0,0,0,1350.0,0,0.147437,1164.0,0,0,1350.0,0,0.147437,0,0,0,0.0,0,0,0.0,0,0,,,,104.0,mobile_app,CS,,,,
[ENG] Encontro Pet,120236405335330087,OUTCOME_ENGAGEMENT,2025-11-09,82,68,1.205882,3,3.658537,0.053344,1.95161,0.160032,2.0,0,0.080016,0.0,0,0.0,0.0,0,0.0,0,0,0,0,0,0,0.0,0,0.0,0,0,0,2.0,0,0.080016,0.0,0,0,2.0,0,0.080016,0,0,0,0.0,0,0,0.0,0,0,,,,2.0,mobile_web,CS,,,,
[TFG] Narbona - Jazz,120236413078750087,LINK_CLICKS,2025-11-09,44,35,1.257143,2,4.545455,0.245,11.136364,0.49,2.0,0,0.245,2.0,0,0.245,0.0,0,0.0,0,0,0,0,0,0,0.0,0,0.0,0,0,0,2.0,0,0.245,0.0,0,0,2.0,0,0.245,0,0,0,0.0,0,0,0.0,0,0,,,,2.0,desktop,CS,,,,
[TFG] Narbona - Jazz,120236413078750087,LINK_CLICKS,2025-11-09,19687,13719,1.435017,522,2.651496,0.283352,7.51308,147.91,393.0,0,0.376361,123.0,0,1.20252,0.0,0,0.0,0,0,0,0,0,0,0.0,0,0.0,0,0,0,428.0,0,0.345584,32.0,0,0,429.0,0,0.344779,0,0,0,0.0,0,0,0.0,0,0,,,,393.0,mobile_app,CS,,,,
[ALC] Horário Black,120236465660000087,OUTCOME_AWARENESS,2025-11-09,551,433,1.272517,0,0.0,0.0,2.178077,1.20012,0.0,0,0.0,0.0,0,0.0,0.0,0,0.0,0,0,0,0,0,0,0.0,0,0.0,0,0,0,0.0,0,0.0,0.0,0,0,0.0,0,0.0,0,0,0,0.0,0,0,0.0,0,0,,,,0.0,desktop,CS,,,,
[ALC] Horário Black,120236465660000087,OUTCOME_AWARENESS,2025-11-09,90179,66431,1.357484,159,0.176316,1.236979,2.180993,196.679727,86.0,0,2.286974,8.0,0,24.584966,0.0,0,0.0,0,0,0,0,0,0,0.0,0,0.0,0,0,0,106.0,0,1.855469,20.0,0,0,106.0,0,1.855469,0,0,0,0.0,0,0,0.0,0,0,,,,86.0,mobile_app,CS,,,,
[ALC] Horário Black,120236465660000087,OUTCOME_AWARENESS,2025-11-09,646,502,1.286853,2,0.309598,0.760076,2.353177,1.520152,1.0,0,1.520152,0.0,0,0.0,0.0,0,0.0,0,0,0,0,0,0,0.0,0,0.0,0,0,0,1.0,0,1.520152,0.0,0,0,1.0,0,1.520152,0,0,0,0.0,0,0,0.0,0,0,,,,1.0,mobile_web,CS,,,,
[ALC] Eventos de Natal,120236497340300087,OUTCOME_AWARENESS,2025-11-09,283,231,1.225108,0,0.0,0.0,2.22626,0.630032,0.0,0,0.0,0.0,0,0.0,0.0,0,0.0,0,0,0,0,0,0,0.0,0,0.0,0,0,0,0.0,0,0.0,0.0,0,0,0.0,0,0.0,0,0,0,0.0,0,0,0.0,0,0,,,,0.0,desktop,CS,,,,
[ALC] Eventos de Natal,120236497340300087,OUTCOME_AWARENESS,2025-11-09,92102,73594,1.251488,172,0.186749,1.157267,2.16119,199.049953,92.0,0,2.163586,12.0,0,16.587496,0.0,0,0.0,0,0,0,0,0,0,0.0,0,0.0,0,0,0,358.0,0,0.556005,29.0,0,0,358.0,0,0.556005,0,0,0,0.0,0,0,0.0,0,0,,,,91.0,mobile_app,CS,246.0,92.0,44.0,22.0
[ALC] Eventos de Natal,120236497340300087,OUTCOME_AWARENESS,2025-11-09,140,121,1.157025,0,0.0,0.0,2.214396,0.310016,0.0,0,0.0,0.0,0,0.0,0.0,0,0.0,0,0,0,0,0,0,0.0,0,0.0,0,0,0,0.0,0,0.0,0.0,0,0,0.0,0,0.0,0,0,0,0.0,0,0,0.0,0,0,,,,0.0,mobile_web,CS,,,,
ALC - NATAL 25,120235302545560087,OUTCOME_AWARENESS,2025-12-01,5387,3526,1.527794,1,0.018563,7.740714,1.436925,7.740714,0.0,0,0.0,0.0,0,0.0,0.0,0,0.0,0,0,0,0,0,0,0.0,0,0.0,0,0,0,673.0,0,0.011502,0.0,0,0,673.0,0,0.011502,0,0,0,0.0,0,0,0.0,0,0,,,,0.0,desktop,CS,341.0,168.0,110.0,85.0
ALC - NATAL 25,120235302545560087,OUTCOME_AWARENESS,2025-12-01,1829150,663455,2.757007,2662,0.145532,0.973088,1.416155,2590.358999,1836.0,0,1.410871,4.0,0,647.58975,0.0,0,0.0,0,0,0,0,0,0,0.0,0,0.0,0,0,0,61115.0,0,0.042385,155.0,0,0,61115.0,0,0.042385,0,0,0,0.0,0,0,0.0,0,0,,,,1834.0,mobile_app,CS,36795.0,15128.0,6970.0,4740.0
ALC - NATAL 25,120235302545560087,OUTCOME_AWARENESS,2025-12-01,2447,1428,1.713585,7,0.286065,0.444327,1.271061,3.110287,0.0,0,0.0,0.0,0,0.0,0.0,0,0.0,0,0,0,0,0,0,0.0,0,0.0,0,0,0,99.0,0,0.031417,0.0,0,0,99.0,0,0.031417,0,0,0,0.0,0,0,0.0,0,0,,,,0.0,mobile_web,CS,79.0,30.0,20.0,10.0
TRAF - NATAL 25,120235302629640087,LINK_CLICKS,2025-12-01,395,156,2.532051,4,1.012658,0.247527,2.506599,0.990107,2.0,0,0.495053,0.0,0,0.0,0.0,0,0.0,0,0,0,0,0,0,0.0,0,0.0,0,0,0,86.0,0,0.011513,0.0,0,0,86.0,0,0.011513,0,0,0,0.0,0,0,0.0,0,0,,,,2.0,desktop,CS,69.0,55.0,53.0,49.0
TRAF - NATAL 25,120235302629640087,LINK_CLICKS,2025-12-01,297272,116467,2.552414,6626,2.228935,0.308367,6.873301,2043.239828,4444.0,0,0.459775,25.0,0,81.729593,0.0,0,0.0,0,0,0,0,0,0,0.0,0,0.0,0,0,0,34082.0,0,0.059951,449.0,0,0,34089.0,0,0.059938,0,0,0,0.0,0,0,0.0,0,0,,,,4404.0,mobile_app,CS,17889.0,8562.0,5318.0,3754.0
TRAF - NATAL 25,120235302629640087,LINK_CLICKS,2025-12-01,154,94,1.638298,5,3.246753,0.122013,3.961465,0.610066,2.0,0,0.305033,0.0,0,0.0,0.0,0,0.0,0,0,0,0,0,0,0.0,0,0.0,0,0,0,7.0,0,0.087152,1.0,0,0,7.0,0,0.087152,0,0,0,0.0,0,0,0.0,0,0,,,,2.0,mobile_web,CS,3.0,2.0,2.0,2.0
[ENG] Post Foto Papai Noel,120236148415870087,OUTCOME_ENGAGEMENT,2025-12-01,0,0,0.0,0,0.0,0.0,0.0,0.0,0.0,0,0.0,0.0,0,0.0,0.0,0,0.0,0,0,0,0,0,0,0.0,0,0.0,0,0,0,0.0,0,0.0,0.0,0,0,0.0,0,0.0,0,0,0,0.0,0,0,0.0,0,0,,,,0.0,mobile_app,CS,,,,
[ALC] Agenda de Natal,120236907935260087,OUTCOME_AWARENESS,2025-12-01,878,721,1.217753,1,0.113895,1.79,2.038724,1.79,1.0,0,1.79,1.0,0,1.79,0.0,0,0.0,0,0,0,0,0,0,0.0,0,0.0,0,0,0,1.0,0,1.79,0.0,0,0,1.0,0,1.79,0,0,0,0.0,0,0,0.0,0,0,,,,1.0,desktop,CS,,,,
[ALC] Agenda de Natal,120236907935260087,OUTCOME_AWARENESS,2025-12-01,185628,125202,1.482628,403,0.217101,0.859553,1.866098,346.4,223.0,0,1.553363,30.0,0,11.546667,0.0,0,0.0,0,0,0,0,0,0,0.0,0,0.0,0,0,0,262.0,0,1.322137,34.0,0,0,262.0,0,1.322137,0,0,0,0.0,0,0,0.0,0,0,,,,223.0,mobile_app,CS,4.0,2.0,1.0,1.0
[ALC] Agenda de Natal,120236907935260087,OUTCOME_AWARENESS,2025-12-01,916,716,1.27933,1,0.10917,1.74,1.899563,1.74,1.0,0,1.74,0.0,0,0.0,0.0,0,0.0,0,0,0,0,0,0,0.0,0,0.0,0,0,0,1.0,0,1.74,0.0,0,0,1.0,0,1.74,0,0,0,0.0,0,0,0.0,0,0,,,,1.0,mobile_web,CS,,,,
ALC - NARBONA,120237232905670087,OUTCOME_AWARENESS,2025-12-01,1251,876,1.428082,1,0.079936,1.74011,1.390975,1.74011,0.0,0,0.0,0.0,0,0.0,0.0,0,0.0,0,0,0,0,0,0,0.0,0,0.0,0,0,0,204.0,0,0.00853,1.0,0,0,204.0,0,0.00853,0,0,0,0.0,0,0,0.0,0,0,,,,0.0,desktop,CS,23.0,13.0,8.0,6.0
ALC - NARBONA,120237232905670087,OUTCOME_AWARENESS,2025-12-01,712010,298392,2.386156,1161,0.16306,0.814892,1.328759,946.089831,876.0,0,1.080011,117.0,0,8.086238,0.0,0,0.0,0,0,0,0,0,0,0.0,0,0.0,0,0,0,40141.0,0,0.023569,171.0,0,0,40141.0,0,0.023569,0,0,0,0.0,0,0,0.0,0,0,,,,876.0,mobile_app,CS,3331.0,994.0,572.0,331.0
ALC - NARBONA,120237232905670087,OUTCOME_AWARENESS,2025-12-01,834,542,1.538745,0,0.0,0.0,1.12717,0.940059,0.0,0,0.0,0.0,0,0.0,0.0,0,0.0,0,0,0,0,0,0,0.0,0,0.0,0,0,0,127.0,0,0.007402,1.0,0,0,127.0,0,0.007402,0,0,0,0.0,0,0,0.0,0,0,,,,0.0,mobile_web,CS,13.0,6.0,2.0,2.0
ALC - Horário final de ano,120237500254090087,OUTCOME_AWARENESS,2025-12-01,1574,870,1.809195,2,0.127065,1.005107,1.277137,2.010214,1.0,0,2.010214,1.0,0,2.010214,0.0,0,0.0,0,0,0,0,0,0,0.0,0,0.0,0,0,0,1.0,0,2.010214,0.0,0,0,1.0,0,2.010214,0,0,0,0.0,0,0,0.0,0,0,,,,1.0,desktop,CS,,,,
ALC - Horário final de ano,120237500254090087,OUTCOME_AWARENESS,2025-12-01,761356,289589,2.629092,1697,0.222892,0.551491,1.229227,935.879474,1142.0,0,0.819509,113.0,0,8.282119,0.0,0,0.0,0,0,0,0,0,0,0.0,0,0.0,0,0,0,1295.0,0,0.722687,140.0,0,0,1297.0,0,0.721572,0,0,0,0.0,0,0,0.0,0,0,,,,671.0,mobile_app,CS,,,,
ALC - Horário final de ano,120237500254090087,OUTCOME_AWARENESS,2025-12-01,2328,1198,1.943239,11,0.472509,0.267301,1.263021,2.940313,4.0,0,0.735078,0.0,0,0.0,0.0,0,0.0,0,0,0,0,0,0,0.0,0,0.0,0,0,0,4.0,0,0.735078,0.0,0,0,4.0,0,0.735078,0,0,0,0.0,0,0,0.0,0,0,,,,1.0,mobile_web,CS,,,,
TFG - Story Horário Dezembro,120237500542310087,LINK_CLICKS,2025-12-01,26,13,2.0,1,3.846154,0.050003,1.923187,0.050003,1.0,0,0.050003,0.0,0,0.0,0.0,0,0.0,0,0,0,0,0,0,0.0,0,0.0,0,0,0,1.0,0,0.050003,0.0,0,0,1.0,0,0.050003,0,0,0,0.0,0,0,0.0,0,0,,,,1.0,desktop,CS,,,,
TFG - Story Horário Dezembro,120237500542310087,LINK_CLICKS,2025-12-01,125731,53140,2.366033,6135,4.879465,0.057029,2.782687,349.869994,5823.0,0,0.060084,1175.0,0,0.297762,0.0,0,0.0,0,0,0,0,0,0,0.0,0,0.0,0,0,0,5979.0,0,0.058516,133.0,0,0,5989.0,0,0.058419,0,0,0,0.0,0,0,0.0,0,0,,,,5823.0,mobile_app,CS,1.0,1.0,1.0,1.0
TFG - Story Horário Dezembro,120237500542310087,LINK_CLICKS,2025-12-01,31,22,1.409091,1,3.225806,0.050003,1.612995,0.050003,0.0,0,0.0,0.0,0,0.0,0.0,0,0.0,0,0,0,0,0,0,0.0,0,0.0,0,0,0,0.0,0,0.0,0.0,0,0,0.0,0,0.0,0,0,0,0.0,0,0,0.0,0,0,,,,0.0,mobile_web,CS,,,,
[ALC] Homem do Sapato - feed,120237652019840087,OUTCOME_AWARENESS,2025-12-01,126,105,1.2,0,0.0,0.0,0.952381,0.12,0.0,0,0.0,0.0,0,0.0,0.0,0,0.0,0,0,0,0,0,0,0.0,0,0.0,0,0,0,0.0,0,0.0,0.0,0,0,0.0,0,0.0,0,0,0,0.0,0,0,0.0,0,0,,,,0.0,desktop,CS,,,,
[ALC] Homem do Sapato - feed,120237652019840087,OUTCOME_AWARENESS,2025-12-01,286270,167026,1.713925,437,0.152653,0.800343,1.221749,349.75,311.0,0,1.124598,33.0,0,10.598485,0.0,0,0.0,0,0,0,0,0,0,0.0,0,0.0,0,0,0,343.0,0,1.019679,29.0,0,0,343.0,0,1.019679,0,0,0,0.0,0,0,0.0,0,0,,,,308.0,mobile_app,CS,,,,
[ALC] Homem do Sapato - feed,120237652019840087,OUTCOME_AWARENESS,2025-12-01,97,87,1.114943,0,0.0,0.0,1.237113,0.12,0.0,0,0.0,0.0,0,0.0,0.0,0,0.0,0,0,0,0,0,0,0.0,0,0.0,0,0,0,0.0,0,0.0,0.0,0,0,0.0,0,0.0,0,0,0,0.0,0,0,0.0,0,0,,,,0.0,mobile_web,CS,,,,
[ALC] Homem do Sapato - Reels,120237652925190087,OUTCOME_AWARENESS,2025-12-01,1291,940,1.373404,0,0.0,0.0,1.061341,1.370192,0.0,0,0.0,0.0,0,0.0,0.0,0,0.0,0,0,0,0,0,0,0.0,0,0.0,0,0,0,143.0,0,0.009582,0.0,0,0,143.0,0,0.009582,0,0,0,0.0,0,0,0.0,0,0,,,,0.0,desktop,CS,72.0,29.0,20.0,17.0
[ALC] Homem do Sapato - Reels,120237652925190087,OUTCOME_AWARENESS,2025-12-01,412931,232034,1.779614,614,0.148693,0.810081,1.204535,497.389637,314.0,0,1.584043,35.0,0,14.211133,0.0,0,0.0,0,0,0,0,0,0,0.0,0,0.0,0,0,0,23600.0,0,0.021076,71.0,0,0,23600.0,0,0.021076,0,0,0,0.0,0,0,0.0,0,0,,,,314.0,mobile_app,CS,12300.0,4454.0,2223.0,1144.0
[ALC] Homem do Sapato - Reels,120237652925190087,OUTCOME_AWARENESS,2025-12-01,963,646,1.490712,2,0.207684,0.610085,1.267052,1.220171,0.0,0,0.0,0.0,0,0.0,0.0,0,0.0,0,0,0,0,0,0,0.0,0,0.0,0,0,0,57.0,0,0.021407,0.0,0,0,57.0,0,0.021407,0,0,0,0.0,0,0,0.0,0,0,,,,0.0,mobile_web,CS,27.0,8.0,3.0,2.0
[ALC] Horário dezembro 02,120237943844790087,OUTCOME_AWARENESS,2025-12-01,729,584,1.248288,2,0.274348,0.405023,1.111175,0.810046,0.0,0,0.0,0.0,0,0.0,0.0,0,0.0,0,0,0,0,0,0,0.0,0,0.0,0,0,0,1.0,0,0.810046,1.0,0,0,1.0,0,0.810046,0,0,0,0.0,0,0,0.0,0,0,,,,0.0,desktop,CS,,,,
[ALC] Horário dezembro 02,120237943844790087,OUTCOME_AWARENESS,2025-12-01,329291,221992,1.483346,734,0.222903,0.474087,1.056755,347.979885,466.0,0,0.746738,81.0,0,4.296048,0.0,0,0.0,0,0,0,0,0,0,0.0,0,0.0,0,0,0,542.0,0,0.642029,66.0,0,0,542.0,0,0.642029,0,0,0,0.0,0,0,0.0,0,0,,,,466.0,mobile_app,CS,,,,
[ALC] Horário dezembro 02,120237943844790087,OUTCOME_AWARENESS,2025-12-01,1129,876,1.288813,5,0.44287,0.242014,1.071806,1.210069,1.0,0,1.210069,1.0,0,1.210069,0.0,0,0.0,0,0,0,0,0,0,0.0,0,0.0,0,0,0,1.0,0,1.210069,0.0,0,0,1.0,0,1.210069,0,0,0,0.0,0,0,0.0,0,0,,,,1.0,mobile_web,CS,,,,
ALC - NATAL 25,120235302545560087,OUTCOME_AWARENESS,2026-01-01,2906,2534,1.146803,1,0.034412,2.680086,0.922259,2.680086,0.0,0,0.0,0.0,0,0.0,0.0,0,0.0,0,0,0,0,0,0,0.0,0,0.0,0,0,0,379.0,0,0.007071,0.0,0,0,379.0,0,0.007071,0,0,0,0.0,0,0,0.0,0,0,,,,0.0,desktop,CS,235.0,97.0,60.0,48.0
ALC - NATAL 25,120235302545560087,OUTCOME_AWARENESS,2026-01-01,766573,562852,1.361944,1149,0.149888,0.539373,0.808455,619.739878,593.0,0,1.045093,1.0,0,619.739878,0.0,0,0.0,0,0,0,0,0,0,0.0,0,0.0,0,0,0,38009.0,0,0.016305,90.0,0,0,38009.0,0,0.016305,0,0,0,0.0,0,0,0.0,0,0,,,,591.0,mobile_app,CS,24040.0,9413.0,4733.0,3156.0
ALC - NATAL 25,120235302545560087,OUTCOME_AWARENESS,2026-01-01,1240,1069,1.159963,3,0.241935,0.370012,0.89519,1.110036,1.0,0,1.110036,0.0,0,0.0,0.0,0,0.0,0,0,0,0,0,0,0.0,0,0.0,0,0,0,65.0,0,0.017077,0.0,0,0,65.0,0,0.017077,0,0,0,0.0,0,0,0.0,0,0,,,,1.0,mobile_web,CS,47.0,18.0,10.0,8.0
TRAF - NATAL 25,120235302629640087,LINK_CLICKS,2026-01-01,616,450,1.368889,20,3.246753,0.196513,6.380282,3.930254,3.0,0,1.310085,0.0,0,0.0,0.0,0,0.0,0,0,0,0,0,0,0.0,0,0.0,0,0,0,144.0,0,0.027293,0.0,0,0,144.0,0,0.027293,0,0,0,0.0,0,0,0.0,0,0,,,,3.0,desktop,CS,141.0,75.0,46.0,32.0
TRAF - NATAL 25,120235302629640087,LINK_CLICKS,2026-01-01,72056,32233,2.235473,1966,2.728433,0.234374,6.394745,460.779725,1367.0,0,0.337074,38.0,0,12.125782,0.0,0,0.0,0,0,0,0,0,0,0.0,0,0.0,0,0,0,10468.0,0,0.044018,104.0,0,0,10469.0,0,0.044014,0,0,0,0.0,0,0,0.0,0,0,,,,1359.0,mobile_app,CS,8815.0,4713.0,3152.0,2360.0
TRAF - NATAL 25,120235302629640087,LINK_CLICKS,2026-01-01,60,44,1.363636,4,6.666667,0.085005,5.667032,0.340022,1.0,0,0.340022,0.0,0,0.0,0.0,0,0.0,0,0,0,0,0,0,0.0,0,0.0,0,0,0,8.0,0,0.042503,0.0,0,0,8.0,0,0.042503,0,0,0,0.0,0,0,0.0,0,0,,,,1.0,mobile_web,CS,7.0,6.0,3.0,3.0
ALC - NARBONA,120237232905670087,OUTCOME_AWARENESS,2026-01-01,1995,1292,1.544118,0,0.0,0.0,0.967408,1.92998,0.0,0,0.0,0.0,0,0.0,0.0,0,0.0,0,0,0,0,0,0,0.0,0,0.0,0,0,0,328.0,0,0.005884,1.0,0,0,328.0,0,0.005884,0,0,0,0.0,0,0,0.0,0,0,,,,0.0,desktop,CS,45.0,30.0,23.0,18.0
ALC - NARBONA,120237232905670087,OUTCOME_AWARENESS,2026-01-01,867814,365463,2.37456,1165,0.134245,0.810498,1.088056,944.230035,844.0,0,1.118756,118.0,0,8.001949,0.0,0,0.0,0,0,0,0,0,0,0.0,0,0.0,0,0,0,46815.0,0,0.020169,195.0,0,0,46815.0,0,0.020169,0,0,0,0.0,0,0,0.0,0,0,,,,844.0,mobile_app,CS,6030.0,1727.0,969.0,590.0
ALC - NARBONA,120237232905670087,OUTCOME_AWARENESS,2026-01-01,1339,832,1.609375,3,0.224048,0.476662,1.06795,1.429985,2.0,0,0.714992,0.0,0,0.0,0.0,0,0.0,0,0,0,0,0,0,0.0,0,0.0,0,0,0,184.0,0,0.007772,0.0,0,0,184.0,0,0.007772,0,0,0,0.0,0,0,0.0,0,0,,,,2.0,mobile_web,CS,12.0,4.0,1.0,
ALC - Horário final de ano,120237500254090087,OUTCOME_AWARENESS,2026-01-01,0,0,0.0,0,0.0,0.0,0.0,0.0,0.0,0,0.0,0.0,0,0.0,0.0,0,0.0,0,0,0,0,0,0,0.0,0,0.0,0,0,0,0.0,0,0.0,0.0,0,0,0.0,0,0.0,0,0,0,0.0,0,0,0.0,0,0,,,,0.0,mobile_app,CS,,,,
ALC - Capivalley,120238793084460087,OUTCOME_AWARENESS,2026-01-01,2588,1604,1.613466,2,0.07728,1.60494,1.240294,3.209881,0.0,0,0.0,0.0,0,0.0,0.0,0,0.0,0,0,0,0,0,0,0.0,0,0.0,0,0,0,243.0,0,0.013209,0.0,0,0,243.0,0,0.013209,0,0,0,0.0,0,0,0.0,0,0,,,,0.0,desktop,CS,39.0,13.0,11.0,9.0
ALC - Capivalley,120238793084460087,OUTCOME_AWARENESS,2026-01-01,925363,452446,2.045245,2140,0.231261,0.501136,1.158929,1072.43021,810.0,0,1.323988,109.0,0,9.838809,0.0,0,0.0,0,0,0,0,0,0,0.0,0,0.0,0,0,0,37226.0,0,0.028809,311.0,0,0,37229.0,0,0.028806,0,0,0,0.0,0,0,0.0,0,0,,,,799.0,mobile_app,CS,5237.0,1574.0,808.0,419.0
ALC - Capivalley,120238793084460087,OUTCOME_AWARENESS,2026-01-01,2153,1360,1.583088,12,0.557362,0.203326,1.13326,2.439909,2.0,0,1.219955,0.0,0,0.0,0.0,0,0.0,0,0,0,0,0,0,0.0,0,0.0,0,0,0,54.0,0,0.045184,0.0,0,0,54.0,0,0.045184,0,0,0,0.0,0,0,0.0,0,0,,,,2.0,mobile_web,CS,4.0,1.0,1.0,
[ALC] Aniversário Capitu,120238793338590087,OUTCOME_AWARENESS,2026-01-01,972,775,1.254194,3,0.308642,0.380022,1.172907,1.140065,0.0,0,0.0,0.0,0,0.0,0.0,0,0.0,0,0,0,0,0,0,0.0,0,0.0,0,0,0,0.0,0,0.0,0.0,0,0,0.0,0,0.0,0,0,0,0.0,0,0,0.0,0,0,,,,0.0,desktop,CS,,,,
[ALC] Aniversário Capitu,120238793338590087,OUTCOME_AWARENESS,2026-01-01,320017,236376,1.353847,700,0.218738,0.497328,1.087848,348.129893,467.0,0,0.74546,64.0,0,5.43953,0.0,0,0.0,0,0,0,0,0,0,0.0,0,0.0,0,0,0,523.0,0,0.66564,49.0,0,0,525.0,0,0.663105,0,0,0,0.0,0,0,0.0,0,0,,,,467.0,mobile_app,CS,,,,
[ALC] Aniversário Capitu,120238793338590087,OUTCOME_AWARENESS,2026-01-01,579,484,1.196281,5,0.863558,0.146008,1.260867,0.730042,2.0,0,0.365021,1.0,0,0.730042,0.0,0,0.0,0,0,0,0,0,0,0.0,0,0.0,0,0,0,2.0,0,0.365021,0.0,0,0,2.0,0,0.365021,0,0,0,0.0,0,0,0.0,0,0,,,,2.0,mobile_web,CS,,,,
ALC - LIQUIDA,120238798195590087,OUTCOME_AWARENESS,2026-01-01,1727,1560,1.107051,0,0.0,0.0,1.424369,2.459885,0.0,0,0.0,0.0,0,0.0,0.0,0,0.0,0,0,0,0,0,0,0.0,0,0.0,0,0,0,95.0,0,0.025894,0.0,0,0,95.0,0,0.025894,0,0,0,0.0,0,0,0.0,0,0,,,,0.0,desktop,CS,72.0,39.0,32.0,28.0
ALC - LIQUIDA,120238798195590087,OUTCOME_AWARENESS,2026-01-01,973980,642658,1.515549,1108,0.11376,1.350099,1.535874,1495.910174,883.0,0,1.694123,136.0,0,10.99934,0.0,0,0.0,0,0,0,0,0,0,0.0,0,0.0,0,0,0,26195.0,0,0.057107,86.0,0,0,26195.0,0,0.057107,0,0,0,0.0,0,0,0.0,0,0,,,,883.0,mobile_app,CS,19567.0,8860.0,5522.0,4034.0
ALC - LIQUIDA,120238798195590087,OUTCOME_AWARENESS,2026-01-01,943,831,1.134777,0,0.0,0.0,1.346703,1.269941,0.0,0,0.0,0.0,0,0.0,0.0,0,0.0,0,0,0,0,0,0,0.0,0,0.0,0,0,0,63.0,0,0.020158,0.0,0,0,63.0,0,0.020158,0,0,0,0.0,0,0,0.0,0,0,,,,0.0,mobile_web,CS,51.0,20.0,7.0,5.0
[ALC] Novas Lojas - Vídeo Elisa,120238977169450087,OUTCOME_AWARENESS,2026-01-01,2377,1889,1.258338,1,0.04207,2.819904,1.186329,2.819904,1.0,0,2.819904,0.0,0,0.0,0.0,0,0.0,0,0,0,0,0,0,0.0,0,0.0,0,0,0,236.0,0,0.011949,1.0,0,0,236.0,0,0.011949,0,0,0,0.0,0,0,0.0,0,0,,,,1.0,desktop,CS,31.0,17.0,11.0,7.0
[ALC] Novas Lojas - Vídeo Elisa,120238977169450087,OUTCOME_AWARENESS,2026-01-01,468438,270029,1.734769,542,0.115704,1.081495,1.251329,586.170122,367.0,0,1.597194,48.0,0,12.211878,0.0,0,0.0,0,0,0,0,0,0,0.0,0,0.0,0,0,0,18926.0,0,0.030972,75.0,0,0,18926.0,0,0.030972,0,0,0,0.0,0,0,0.0,0,0,,,,366.0,mobile_app,CS,2668.0,694.0,412.0,184.0
[ALC] Novas Lojas - Vídeo Elisa,120238977169450087,OUTCOME_AWARENESS,2026-01-01,680,579,1.174439,0,0.0,0.0,1.161725,0.789973,0.0,0,0.0,0.0,0,0.0,0.0,0,0.0,0,0,0,0,0,0,0.0,0,0.0,0,0,0,63.0,0,0.012539,0.0,0,0,63.0,0,0.012539,0,0,0,0.0,0,0,0.0,0,0,,,,0.0,mobile_web,CS,3.0,,,
[ALC] Video Argentinos,120238977290500087,OUTCOME_AWARENESS,2026-01-01,2113,1779,1.187746,1,0.047326,2.429795,1.149927,2.429795,0.0,0,0.0,0.0,0,0.0,0.0,0,0.0,0,0,0,0,0,0,0.0,0,0.0,0,0,0,187.0,0,0.012994,0.0,0,0,187.0,0,0.012994,0,0,0,0.0,0,0,0.0,0,0,,,,0.0,desktop,CS,27.0,15.0,14.0,10.0
[ALC] Video Argentinos,120238977290500087,OUTCOME_AWARENESS,2026-01-01,533273,389189,1.370216,581,0.10895,1.016369,1.107332,590.510269,332.0,0,1.778645,87.0,0,6.787474,0.0,0,0.0,0,0,0,0,0,0,0.0,0,0.0,0,0,0,25293.0,0,0.023347,90.0,0,0,25293.0,0,0.023347,0,0,0,0.0,0,0,0.0,0,0,,,,331.0,mobile_app,CS,1234.0,418.0,249.0,168.0
[ALC] Video Argentinos,120238977290500087,OUTCOME_AWARENESS,2026-01-01,601,539,1.115028,0,0.0,0.0,1.28109,0.769935,0.0,0,0.0,0.0,0,0.0,0.0,0,0.0,0,0,0,0,0,0,0.0,0,0.0,0,0,0,60.0,0,0.012832,0.0,0,0,60.0,0,0.012832,0,0,0,0.0,0,0,0.0,0,0,,,,0.0,mobile_web,CS,,,,
[ALC] Nike 20% OFF - 26/01,120238977576680087,OUTCOME_AWARENESS,2026-01-01,581,513,1.132554,0,0.0,0.0,1.049879,0.60998,0.0,0,0.0,0.0,0,0.0,0.0,0,0.0,0,0,0,0,0,0,0.0,0,0.0,0,0,0,54.0,0,0.011296,0.0,0,0,54.0,0,0.011296,0,0,0,0.0,0,0,0.0,0,0,,,,0.0,desktop,CS,47.0,25.0,14.0,10.0
[ALC] Nike 20% OFF - 26/01,120238977576680087,OUTCOME_AWARENESS,2026-01-01,283472,233260,1.215262,265,0.093484,1.12717,1.05372,298.700038,144.0,0,2.074306,16.0,0,18.668752,0.0,0,0.0,0,0,0,0,0,0,0.0,0,0.0,0,0,0,9037.0,0,0.033053,30.0,0,0,9037.0,0,0.033053,0,0,0,0.0,0,0,0.0,0,0,,,,143.0,mobile_app,CS,6676.0,2720.0,1622.0,1154.0
[ALC] Nike 20% OFF - 26/01,120238977576680087,OUTCOME_AWARENESS,2026-01-01,360,292,1.232877,0,0.0,0.0,1.444396,0.519983,0.0,0,0.0,0.0,0,0.0,0.0,0,0.0,0,0,0,0,0,0,0.0,0,0.0,0,0,0,9.0,0,0.057776,0.0,0,0,9.0,0,0.057776,0,0,0,0.0,0,0,0.0,0,0,,,,0.0,mobile_web,CS,5.0,1.0,,
[ALC] Volta às aulas,120239008937960087,OUTCOME_AWARENESS,2026-01-01,1897,1211,1.566474,1,0.052715,2.4,1.265156,2.4,1.0,0,2.4,0.0,0,0.0,0.0,0,0.0,0,0,0,0,0,0,0.0,0,0.0,0,0,0,1.0,0,2.4,0.0,0,0,1.0,0,2.4,0,0,0,0.0,0,0,0.0,0,0,,,,1.0,desktop,CS,,,,
[ALC] Volta às aulas,120239008937960087,OUTCOME_AWARENESS,2026-01-01,235089,134251,1.751115,281,0.119529,1.043452,1.24723,293.21,170.0,0,1.724765,24.0,0,12.217083,0.0,0,0.0,0,0,0,0,0,0,0.0,0,0.0,0,0,0,199.0,0,1.473417,26.0,0,0,199.0,0,1.473417,0,0,0,0.0,0,0,0.0,0,0,,,,168.0,mobile_app,CS,,,,
[ALC] Volta às aulas,120239008937960087,OUTCOME_AWARENESS,2026-01-01,1588,1041,1.525456,6,0.377834,0.326667,1.234257,1.96,3.0,0,0.653333,0.0,0,0.0,0.0,0,0.0,0,0,0,0,0,0,0.0,0,0.0,0,0,0,3.0,0,0.653333,0.0,0,0,3.0,0,0.653333,0,0,0,0.0,0,0,0.0,0,0,,,,3.0,mobile_web,CS,,,,
[ALC] Capivalley vídeo,120239017203610087,OUTCOME_AWARENESS,2026-01-01,2817,2371,1.188106,4,0.141995,0.674987,0.958447,2.699946,0.0,0,0.0,0.0,0,0.0,0.0,0,0.0,0,0,0,0,0,0,0.0,0,0.0,0,0,0,275.0,0,0.009818,0.0,0,0,275.0,0,0.009818,0,0,0,0.0,0,0,0.0,0,0,,,,0.0,desktop,CS,48.0,17.0,14.0,9.0
[ALC] Capivalley vídeo,120239017203610087,OUTCOME_AWARENESS,2026-01-01,441589,332208,1.329255,808,0.182976,0.613985,1.123443,496.100078,300.0,0,1.653667,44.0,0,11.275002,0.0,0,0.0,0,0,0,0,0,0,0.0,0,0.0,0,0,0,28632.0,0,0.017327,113.0,0,0,28632.0,0,0.017327,0,0,0,0.0,0,0,0.0,0,0,,,,299.0,mobile_app,CS,3911.0,1046.0,557.0,286.0
[ALC] Capivalley vídeo,120239017203610087,OUTCOME_AWARENESS,2026-01-01,1148,967,1.187177,2,0.174216,0.599988,1.045275,1.199976,1.0,0,1.199976,0.0,0,0.0,0.0,0,0.0,0,0,0,0,0,0,0.0,0,0.0,0,0,0,122.0,0,0.009836,0.0,0,0,122.0,0,0.009836,0,0,0,0.0,0,0,0.0,0,0,,,,1.0,mobile_web,CS,13.0,5.0,1.0,1.0
[ALC] - Video Capivalley 2,120239017296950087,OUTCOME_AWARENESS,2026-01-01,2874,2274,1.263852,10,0.347947,0.33698,1.172511,3.369798,0.0,0,0.0,0.0,0,0.0,0.0,0,0.0,0,0,0,0,0,0,0.0,0,0.0,0,0,0,380.0,0,0.008868,2.0,0,0,380.0,0,0.008868,0,0,0,0.0,0,0,0.0,0,0,,,,0.0,desktop,CS,82.0,35.0,23.0,18.0
[ALC] - Video Capivalley 2,120239017296950087,OUTCOME_AWARENESS,2026-01-01,402725,248681,1.619444,2060,0.511515,0.240287,1.229102,494.990301,215.0,0,2.30228,40.0,0,12.374758,0.0,0,0.0,0,0,0,0,0,0,0.0,0,0.0,0,0,0,39948.0,0,0.012391,271.0,0,0,39950.0,0,0.01239,0,0,0,0.0,0,0,0.0,0,0,,,,214.0,mobile_app,CS,6241.0,2088.0,1049.0,516.0
[ALC] - Video Capivalley 2,120239017296950087,OUTCOME_AWARENESS,2026-01-01,1450,1119,1.2958,3,0.206897,0.546634,1.130967,1.639902,0.0,0,0.0,0.0,0,0.0,0.0,0,0.0,0,0,0,0,0,0,0.0,0,0.0,0,0,0,173.0,0,0.009479,1.0,0,0,173.0,0,0.009479,0,0,0,0.0,0,0,0.0,0,0,,,,0.0,mobile_web,CS,29.0,10.0,4.0,2.0
[ALC] Usaflex liquida,120239017471460087,OUTCOME_AWARENESS,2026-01-01,375,244,1.536885,0,0.0,0.0,1.279963,0.479986,0.0,0,0.0,0.0,0,0.0,0.0,0,0.0,0,0,0,0,0,0,0.0,0,0.0,0,0,0,0.0,0,0.0,0.0,0,0,0.0,0,0.0,0,0,0,0.0,0,0,0.0,0,0,,,,0.0,desktop,CS,,,,
[ALC] Usaflex liquida,120239017471460087,OUTCOME_AWARENESS,2026-01-01,291023,194465,1.496532,344,0.118204,1.013547,1.19805,348.660038,266.0,0,1.310752,22.0,0,15.848184,0.0,0,0.0,0,0,0,0,0,0,0.0,0,0.0,0,0,0,285.0,0,1.223369,17.0,0,0,285.0,0,1.223369,0,0,0,0.0,0,0,0.0,0,0,,,,266.0,mobile_app,CS,,,,
[ALC] Usaflex liquida,120239017471460087,OUTCOME_AWARENESS,2026-01-01,748,500,1.496,1,0.13369,0.859975,1.1497,0.859975,0.0,0,0.0,0.0,0,0.0,0.0,0,0.0,0,0,0,0,0,0,0.0,0,0.0,0,0,0,0.0,0,0.0,0.0,0,0,0.0,0,0.0,0,0,0,0.0,0,0,0.0,0,0,,,,0.0,mobile_web,CS,,,,
[ALC] Homem do Sapato - promoção,120239017891420087,OUTCOME_AWARENESS,2026-01-01,1156,727,1.590096,0,0.0,0.0,1.133173,1.309948,0.0,0,0.0,0.0,0,0.0,0.0,0,0.0,0,0,0,0,0,0,0.0,0,0.0,0,0,0,0.0,0,0.0,0.0,0,0,0.0,0,0.0,0,0,0,0.0,0,0,0.0,0,0,,,,0.0,desktop,CS,,,,
[ALC] Homem do Sapato - promoção,120239017891420087,OUTCOME_AWARENESS,2026-01-01,400727,241581,1.658769,467,0.116538,1.06651,1.242891,498.060078,392.0,0,1.270561,47.0,0,10.597023,0.0,0,0.0,0,0,0,0,0,0,0.0,0,0.0,0,0,0,403.0,0,1.235881,11.0,0,0,403.0,0,1.235881,0,0,0,0.0,0,0,0.0,0,0,,,,391.0,mobile_app,CS,,,,
[ALC] Homem do Sapato - promoção,120239017891420087,OUTCOME_AWARENESS,2026-01-01,531,381,1.393701,0,0.0,0.0,1.186393,0.629975,0.0,0,0.0,0.0,0,0.0,0.0,0,0.0,0,0,0,0,0,0,0.0,0,0.0,0,0,0,0.0,0,0.0,0.0,0,0,0.0,0,0.0,0,0,0,0.0,0,0,0.0,0,0,,,,0.0,mobile_web,CS,,,,
ALC - NARBONA,120237232905670087,OUTCOME_AWARENESS,2026-02-01,708,623,1.136437,0,0.0,0.0,1.214689,0.86,0.0,0,0.0,0.0,0,0.0,0.0,0,0.0,0,0,0,0,0,0,0.0,0,0.0,0,0,0,89.0,0,0.009663,0.0,0,0,89.0,0,0.009663,0,0,0,0.0,0,0,0.0,0,0,,,,0.0,desktop,CS,16.0,6.0,6.0,5.0
ALC - NARBONA,120237232905670087,OUTCOME_AWARENESS,2026-02-01,223505,164995,1.354617,281,0.125724,0.941601,1.183821,264.59,190.0,0,1.392579,32.0,0,8.268438,0.0,0,0.0,0,0,0,0,0,0,0.0,0,0.0,0,0,0,12091.0,0,0.021883,68.0,0,0,12091.0,0,0.021883,0,0,0,0.0,0,0,0.0,0,0,,,,190.0,mobile_app,CS,1707.0,524.0,286.0,182.0
ALC - NARBONA,120237232905670087,OUTCOME_AWARENESS,2026-02-01,379,341,1.111437,0,0.0,0.0,1.108179,0.42,0.0,0,0.0,0.0,0,0.0,0.0,0,0.0,0,0,0,0,0,0,0.0,0,0.0,0,0,0,42.0,0,0.01,0.0,0,0,42.0,0,0.01,0,0,0,0.0,0,0,0.0,0,0,,,,0.0,mobile_web,CS,8.0,3.0,2.0,1.0
ALC - Capivalley,120238793084460087,OUTCOME_AWARENESS,2026-02-01,1883,1493,1.261219,5,0.265534,0.396,1.051514,1.98,0.0,0,0.0,0.0,0,0.0,0.0,0,0.0,0,0,0,0,0,0,0.0,0,0.0,0,0,0,294.0,0,0.006735,0.0,0,0,294.0,0,0.006735,0,0,0,0.0,0,0,0.0,0,0,,,,0.0,desktop,CS,59.0,24.0,12.0,9.0
ALC - Capivalley,120238793084460087,OUTCOME_AWARENESS,2026-02-01,360441,275360,1.308981,1004,0.278548,0.382908,1.066582,384.44,255.0,0,1.507608,35.0,0,10.984,0.0,0,0.0,0,0,0,0,0,0,0.0,0,0.0,0,0,0,23531.0,0,0.016338,131.0,0,0,23532.0,0,0.016337,0,0,0,0.0,0,0,0.0,0,0,,,,254.0,mobile_app,CS,3243.0,953.0,471.0,260.0
ALC - Capivalley,120238793084460087,OUTCOME_AWARENESS,2026-02-01,737,603,1.222222,6,0.814111,0.148333,1.207598,0.89,0.0,0,0.0,0.0,0,0.0,0.0,0,0.0,0,0,0,0,0,0,0.0,0,0.0,0,0,0,48.0,0,0.018542,0.0,0,0,48.0,0,0.018542,0,0,0,0.0,0,0,0.0,0,0,,,,0.0,mobile_web,CS,4.0,2.0,,
[ALC] Novas Lojas - Vídeo Elisa,120238977169450087,OUTCOME_AWARENESS,2026-02-01,1685,1440,1.170139,0,0.0,0.0,1.222552,2.06,0.0,0,0.0,0.0,0,0.0,0.0,0,0.0,0,0,0,0,0,0,0.0,0,0.0,0,0,0,220.0,0,0.009364,0.0,0,0,220.0,0,0.009364,0,0,0,0.0,0,0,0.0,0,0,,,,0.0,desktop,CS,35.0,17.0,13.0,9.0
[ALC] Novas Lojas - Vídeo Elisa,120238977169450087,OUTCOME_AWARENESS,2026-02-01,263926,207451,1.272233,297,0.112532,1.018148,1.145738,302.39,194.0,0,1.558711,29.0,0,10.427241,0.0,0,0.0,0,0,0,0,0,0,0.0,0,0.0,0,0,0,9926.0,0,0.030464,31.0,0,0,9926.0,0,0.030464,0,0,0,0.0,0,0,0.0,0,0,,,,194.0,mobile_app,CS,1353.0,287.0,174.0,94.0
[ALC] Novas Lojas - Vídeo Elisa,120238977169450087,OUTCOME_AWARENESS,2026-02-01,356,330,1.078788,0,0.0,0.0,1.039326,0.37,0.0,0,0.0,0.0,0,0.0,0.0,0,0.0,0,0,0,0,0,0,0.0,0,0.0,0,0,0,23.0,0,0.016087,0.0,0,0,23.0,0,0.016087,0,0,0,0.0,0,0,0.0,0,0,,,,0.0,mobile_web,CS,2.0,1.0,1.0,
[ALC] Video Argentinos,120238977290500087,OUTCOME_AWARENESS,2026-02-01,1143,1048,1.090649,0,0.0,0.0,0.936102,1.069964,0.0,0,0.0,0.0,0,0.0,0.0,0,0.0,0,0,0,0,0,0,0.0,0,0.0,0,0,0,110.0,0,0.009727,0.0,0,0,110.0,0,0.009727,0,0,0,0.0,0,0,0.0,0,0,,,,0.0,desktop,CS,9.0,3.0,2.0,2.0
[ALC] Video Argentinos,120238977290500087,OUTCOME_AWARENESS,2026-02-01,301764,255550,1.180841,363,0.120293,0.826254,0.993923,299.930046,184.0,0,1.630055,54.0,0,5.55426,0.0,0,0.0,0,0,0,0,0,0,0.0,0,0.0,0,0,0,14427.0,0,0.02079,48.0,0,0,14428.0,0,0.020788,0,0,0,0.0,0,0,0.0,0,0,,,,184.0,mobile_app,CS,597.0,221.0,123.0,81.0
[ALC] Video Argentinos,120238977290500087,OUTCOME_AWARENESS,2026-02-01,305,286,1.066434,0,0.0,0.0,1.081931,0.329989,0.0,0,0.0,0.0,0,0.0,0.0,0,0.0,0,0,0,0,0,0,0.0,0,0.0,0,0,0,33.0,0,0.01,0.0,0,0,33.0,0,0.01,0,0,0,0.0,0,0,0.0,0,0,,,,0.0,mobile_web,CS,,,,
[ALC] Volta às aulas,120239008937960087,OUTCOME_AWARENESS,2026-02-01,1650,1168,1.412671,1,0.060606,1.969882,1.193868,1.969882,1.0,0,1.969882,0.0,0,0.0,0.0,0,0.0,0,0,0,0,0,0,0.0,0,0.0,0,0,0,1.0,0,1.969882,0.0,0,0,1.0,0,1.969882,0,0,0,0.0,0,0,0.0,0,0,,,,1.0,desktop,CS,,,,
[ALC] Volta às aulas,120239008937960087,OUTCOME_AWARENESS,2026-02-01,142051,101525,1.399173,154,0.108412,1.06143,1.150715,163.460174,80.0,0,2.043252,12.0,0,13.621681,0.0,0,0.0,0,0,0,0,0,0,0.0,0,0.0,0,0,0,114.0,0,1.433861,33.0,0,0,114.0,0,1.433861,0,0,0,0.0,0,0,0.0,0,0,,,,80.0,mobile_app,CS,,,,
[ALC] Volta às aulas,120239008937960087,OUTCOME_AWARENESS,2026-02-01,773,630,1.226984,1,0.129366,0.929944,1.203032,0.929944,0.0,0,0.0,0.0,0,0.0,0.0,0,0.0,0,0,0,0,0,0,0.0,0,0.0,0,0,0,0.0,0,0.0,0.0,0,0,0.0,0,0.0,0,0,0,0.0,0,0,0.0,0,0,,,,0.0,mobile_web,CS,,,,
[ALC] Carnaval - 02/02,120239471825400087,OUTCOME_AWARENESS,2026-02-01,689,583,1.181818,1,0.145138,0.79,1.146589,0.79,0.0,0,0.0,0.0,0,0.0,0.0,0,0.0,0,0,0,0,0,0,0.0,0,0.0,0,0,0,117.0,0,0.006752,0.0,0,0,117.0,0,0.006752,0,0,0,0.0,0,0,0.0,0,0,,,,0.0,desktop,CS,33.0,14.0,6.0,6.0
[ALC] Carnaval - 02/02,120239471825400087,OUTCOME_AWARENESS,2026-02-01,136627,103667,1.317941,260,0.190299,0.609808,1.160459,158.55,121.0,0,1.310331,14.0,0,11.325,0.0,0,0.0,0,0,0,0,0,0,0.0,0,0.0,0,0,0,9922.0,0,0.01598,38.0,0,0,9922.0,0,0.01598,0,0,0,0.0,0,0,0.0,0,0,,,,119.0,mobile_app,CS,2372.0,972.0,325.0,185.0
[ALC] Carnaval - 02/02,120239471825400087,OUTCOME_AWARENESS,2026-02-01,163,144,1.131944,0,0.0,0.0,0.920245,0.15,0.0,0,0.0,0.0,0,0.0,0.0,0,0.0,0,0,0,0,0,0,0.0,0,0.0,0,0,0,19.0,0,0.007895,0.0,0,0,19.0,0,0.007895,0,0,0,0.0,0,0,0.0,0,0,,,,0.0,mobile_web,CS,3.0,1.0,,
[ALC] Semana do Cinema 2026,120239561692810087,OUTCOME_AWARENESS,2026-02-01,787,643,1.22395,2,0.25413,0.58,1.473952,1.16,1.0,0,1.16,1.0,0,1.16,0.0,0,0.0,0,0,0,0,0,0,0.0,0,0.0,0,0,0,2.0,0,0.58,1.0,0,0,2.0,0,0.58,0,0,0,0.0,0,0,0.0,0,0,,,,1.0,desktop,CS,,,,
[ALC] Semana do Cinema 2026,120239561692810087,OUTCOME_AWARENESS,2026-02-01,120573,96250,1.252706,224,0.18578,0.688884,1.279806,154.31,147.0,0,1.049728,32.0,0,4.822188,0.0,0,0.0,0,0,0,0,0,0,0.0,0,0.0,0,0,0,181.0,0,0.852541,21.0,0,0,181.0,0,0.852541,0,0,0,0.0,0,0,0.0,0,0,,,,147.0,mobile_app,CS,,,,
[ALC] Semana do Cinema 2026,120239561692810087,OUTCOME_AWARENESS,2026-02-01,596,497,1.199195,3,0.503356,0.263333,1.325503,0.79,1.0,0,0.79,0.0,0,0.0,0.0,0,0.0,0,0,0,0,0,0,0.0,0,0.0,0,0,0,1.0,0,0.79,0.0,0,0,1.0,0,0.79,0,0,0,0.0,0,0,0.0,0,0,,,,1.0,mobile_web,CS,,,,
[ALC] Semana do Cinema 2026,120239561692810087,OUTCOME_AWARENESS,2026-02-01,0,0,0.0,0,0.0,0.0,0.0,0.0,0.0,0,0.0,1.0,0,0.0,0.0,0,0.0,0,0,0,0,0,0,0.0,0,0.0,0,0,0,0.0,0,0.0,0.0,0,0,0.0,0,0.0,0,0,0,0.0,0,0,0.0,0,0,,,,0.0,unknown,CS,,,,
[ALC] Bazar anacapri,120239563051420087,OUTCOME_AWARENESS,2026-02-01,75,67,1.119403,0,0.0,0.0,0.666667,0.05,0.0,0,0.0,0.0,0,0.0,0.0,0,0.0,0,0,0,0,0,0,0.0,0,0.0,0,0,0,0.0,0,0.0,0.0,0,0,0.0,0,0.0,0,0,0,0.0,0,0,0.0,0,0,,,,0.0,desktop,CS,,,,
[ALC] Bazar anacapri,120239563051420087,OUTCOME_AWARENESS,2026-02-01,94857,80049,1.184987,203,0.214006,0.566897,1.213195,115.08,140.0,0,0.822,33.0,0,3.487273,0.0,0,0.0,0,0,0,0,0,0,0.0,0,0.0,0,0,0,149.0,0,0.772349,4.0,0,0,149.0,0,0.772349,0,0,0,0.0,0,0,0.0,0,0,,,,140.0,mobile_app,CS,,,,
[ALC] Bazar anacapri,120239563051420087,OUTCOME_AWARENESS,2026-02-01,208,189,1.100529,2,0.961538,0.15,1.442308,0.3,0.0,0,0.0,0.0,0,0.0,0.0,0,0.0,0,0,0,0,0,0,0.0,0,0.0,0,0,0,0.0,0,0.0,0.0,0,0,0.0,0,0.0,0,0,0,0.0,0,0,0.0,0,0,,,,0.0,mobile_web,CS,,,,
ALC - NARBONA,120237232905670087,OUTCOME_AWARENESS,2026-02-07,2017,1408,1.432528,0,0.0,0.0,1.18457,2.389278,0.0,0,0.0,0.0,0,0.0,0.0,0,0.0,0,0,0,0,0,0,0.0,0,0.0,0,0,0,261.0,0,0.009154,1.0,0,0,261.0,0,0.009154,0,0,0,0.0,0,0,0.0,0,0,,,,0.0,desktop,CS,36.0,20.0,15.0,10.0
ALC - NARBONA,120237232905670087,OUTCOME_AWARENESS,2026-02-07,572973,283819,2.018797,686,0.119726,1.007757,1.206551,691.321151,447.0,0,1.54658,68.0,0,10.166488,0.0,0,0.0,0,0,0,0,0,0,0.0,0,0.0,0,0,0,30452.0,0,0.022702,128.0,0,0,30452.0,0,0.022702,0,0,0,0.0,0,0,0.0,0,0,,,,447.0,mobile_app,CS,4114.0,1255.0,682.0,429.0
ALC - NARBONA,120237232905670087,OUTCOME_AWARENESS,2026-02-07,1309,870,1.504598,0,0.0,0.0,1.08447,1.419571,0.0,0,0.0,0.0,0,0.0,0.0,0,0.0,0,0,0,0,0,0,0.0,0,0.0,0,0,0,144.0,0,0.009858,0.0,0,0,144.0,0,0.009858,0,0,0,0.0,0,0,0.0,0,0,,,,0.0,mobile_web,CS,16.0,3.0,2.0,1.0
ALC - Capivalley,120238793084460087,OUTCOME_AWARENESS,2026-02-07,1954,1466,1.332879,8,0.409417,0.283739,1.161676,2.269915,1.0,0,2.269915,0.0,0,0.0,0.0,0,0.0,0,0,0,0,0,0,0.0,0,0.0,0,0,0,291.0,0,0.0078,1.0,0,0,291.0,0,0.0078,0,0,0,0.0,0,0,0.0,0,0,,,,1.0,desktop,CS,36.0,17.0,12.0,9.0
ALC - Capivalley,120238793084460087,OUTCOME_AWARENESS,2026-02-07,461731,334448,1.380576,1646,0.356485,0.322691,1.150345,531.150129,320.0,0,1.659844,40.0,0,13.278753,0.0,0,0.0,0,0,0,0,0,0,0.0,0,0.0,0,0,0,34857.0,0,0.015238,189.0,0,0,34860.0,0,0.015237,0,0,0,0.0,0,0,0.0,0,0,,,,318.0,mobile_app,CS,4776.0,1442.0,739.0,400.0
ALC - Capivalley,120238793084460087,OUTCOME_AWARENESS,2026-02-07,1051,779,1.349166,7,0.666032,0.169994,1.132213,1.189955,1.0,0,1.189955,0.0,0,0.0,0.0,0,0.0,0,0,0,0,0,0,0.0,0,0.0,0,0,0,69.0,0,0.017246,0.0,0,0,69.0,0,0.017246,0,0,0,0.0,0,0,0.0,0,0,,,,1.0,mobile_web,CS,7.0,2.0,1.0,1.0
[ALC] Novas Lojas - Vídeo Elisa,120238977169450087,OUTCOME_AWARENESS,2026-02-07,279,261,1.068966,0,0.0,0.0,1.362007,0.38,0.0,0,0.0,0.0,0,0.0,0.0,0,0.0,0,0,0,0,0,0,0.0,0,0.0,0,0,0,39.0,0,0.009744,0.0,0,0,39.0,0,0.009744,0,0,0,0.0,0,0,0.0,0,0,,,,0.0,desktop,CS,3.0,2.0,1.0,1.0
[ALC] Novas Lojas - Vídeo Elisa,120238977169450087,OUTCOME_AWARENESS,2026-02-07,86107,83114,1.036011,99,0.114973,1.058788,1.217323,104.82,72.0,0,1.455833,6.0,0,17.47,0.0,0,0.0,0,0,0,0,0,0,0.0,0,0.0,0,0,0,3050.0,0,0.034367,10.0,0,0,3050.0,0,0.034367,0,0,0,0.0,0,0,0.0,0,0,,,,72.0,mobile_app,CS,471.0,85.0,40.0,16.0
[ALC] Novas Lojas - Vídeo Elisa,120238977169450087,OUTCOME_AWARENESS,2026-02-07,84,82,1.02439,0,0.0,0.0,0.833333,0.07,0.0,0,0.0,0.0,0,0.0,0.0,0,0.0,0,0,0,0,0,0,0.0,0,0.0,0,0,0,7.0,0,0.01,0.0,0,0,7.0,0,0.01,0,0,0,0.0,0,0,0.0,0,0,,,,0.0,mobile_web,CS,2.0,2.0,,
[ALC] Video Argentinos,120238977290500087,OUTCOME_AWARENESS,2026-02-07,257,248,1.03629,0,0.0,0.0,0.817121,0.21,0.0,0,0.0,0.0,0,0.0,0.0,0,0.0,0,0,0,0,0,0,0.0,0,0.0,0,0,0,27.0,0,0.007778,0.0,0,0,27.0,0,0.007778,0,0,0,0.0,0,0,0.0,0,0,,,,0.0,desktop,CS,3.0,,,
[ALC] Video Argentinos,120238977290500087,OUTCOME_AWARENESS,2026-02-07,98080,91553,1.071292,142,0.14478,0.735,1.064131,104.37,63.0,0,1.656667,21.0,0,4.97,0.0,0,0.0,0,0,0,0,0,0,0.0,0,0.0,0,0,0,4714.0,0,0.02214,15.0,0,0,4714.0,0,0.02214,0,0,0,0.0,0,0,0.0,0,0,,,,63.0,mobile_app,CS,203.0,79.0,45.0,37.0
[ALC] Video Argentinos,120238977290500087,OUTCOME_AWARENESS,2026-02-07,130,127,1.023622,0,0.0,0.0,1.076923,0.14,0.0,0,0.0,0.0,0,0.0,0.0,0,0.0,0,0,0,0,0,0,0.0,0,0.0,0,0,0,12.0,0,0.011667,0.0,0,0,12.0,0,0.011667,0,0,0,0.0,0,0,0.0,0,0,,,,0.0,mobile_web,CS,,,,
[ALC] Volta às aulas,120239008937960087,OUTCOME_AWARENESS,2026-02-07,184,163,1.128834,0,0.0,0.0,1.195652,0.22,0.0,0,0.0,0.0,0,0.0,0.0,0,0.0,0,0,0,0,0,0,0.0,0,0.0,0,0,0,0.0,0,0.0,0.0,0,0,0.0,0,0.0,0,0,0,0.0,0,0,0.0,0,0,,,,0.0,desktop,CS,,,,
[ALC] Volta às aulas,120239008937960087,OUTCOME_AWARENESS,2026-02-07,27896,25484,1.094648,34,0.121881,1.034412,1.260754,35.17,19.0,0,1.851053,1.0,0,35.17,0.0,0,0.0,0,0,0,0,0,0,0.0,0,0.0,0,0,0,26.0,0,1.352692,6.0,0,0,26.0,0,1.352692,0,0,0,0.0,0,0,0.0,0,0,,,,19.0,mobile_app,CS,,,,
[ALC] Volta às aulas,120239008937960087,OUTCOME_AWARENESS,2026-02-07,152,151,1.006623,0,0.0,0.0,2.368421,0.36,0.0,0,0.0,0.0,0,0.0,0.0,0,0.0,0,0,0,0,0,0,0.0,0,0.0,0,0,0,0.0,0,0.0,0.0,0,0,0.0,0,0.0,0,0,0,0.0,0,0,0.0,0,0,,,,0.0,mobile_web,CS,,,,
[ALC] Carnaval - 02/02,120239471825400087,OUTCOME_AWARENESS,2026-02-07,684,497,1.376258,2,0.292398,0.484957,1.418004,0.969915,1.0,0,0.969915,0.0,0,0.0,0.0,0,0.0,0,0,0,0,0,0,0.0,0,0.0,0,0,0,52.0,0,0.018652,0.0,0,0,52.0,0,0.018652,0,0,0,0.0,0,0,0.0,0,0,,,,1.0,desktop,CS,15.0,6.0,5.0,4.0
[ALC] Carnaval - 02/02,120239471825400087,OUTCOME_AWARENESS,2026-02-07,287770,203519,1.413971,475,0.165062,0.713558,1.177816,338.940138,309.0,0,1.096894,35.0,0,9.684004,0.0,0,0.0,0,0,0,0,0,0,0.0,0,0.0,0,0,0,7408.0,0,0.045753,37.0,0,0,7408.0,0,0.045753,0,0,0,0.0,0,0,0.0,0,0,,,,297.0,mobile_app,CS,1641.0,666.0,199.0,108.0
[ALC] Carnaval - 02/02,120239471825400087,OUTCOME_AWARENESS,2026-02-07,568,434,1.308756,3,0.528169,0.199982,1.056245,0.599947,1.0,0,0.599947,0.0,0,0.0,0.0,0,0.0,0,0,0,0,0,0,0.0,0,0.0,0,0,0,9.0,0,0.066661,1.0,0,0,9.0,0,0.066661,0,0,0,0.0,0,0,0.0,0,0,,,,1.0,mobile_web,CS,2.0,,,
[ALC] Semana do Cinema 2026,120239561692810087,OUTCOME_AWARENESS,2026-02-07,2008,1531,1.311561,2,0.099602,1.23,1.2251,2.46,1.0,0,2.46,0.0,0,0.0,0.0,0,0.0,0,0,0,0,0,0,0.0,0,0.0,0,0,0,1.0,0,2.46,0.0,0,0,1.0,0,2.46,0,0,0,0.0,0,0,0.0,0,0,,,,1.0,desktop,CS,,,,
[ALC] Semana do Cinema 2026,120239561692810087,OUTCOME_AWARENESS,2026-02-07,270545,204285,1.324351,479,0.17705,0.709791,1.256686,339.99,296.0,0,1.148615,64.0,0,5.312344,0.0,0,0.0,0,0,0,0,0,0,0.0,0,0.0,0,0,0,379.0,0,0.897071,64.0,0,0,380.0,0,0.894711,0,0,0,0.0,0,0,0.0,0,0,,,,294.0,mobile_app,CS,,,,
[ALC] Semana do Cinema 2026,120239561692810087,OUTCOME_AWARENESS,2026-02-07,1083,931,1.163265,3,0.277008,0.43,1.191136,1.29,1.0,0,1.29,1.0,0,1.29,0.0,0,0.0,0,0,0,0,0,0,0.0,0,0.0,0,0,0,2.0,0,0.645,0.0,0,0,2.0,0,0.645,0,0,0,0.0,0,0,0.0,0,0,,,,1.0,mobile_web,CS,,,,
[ALC] Bazar anacapri,120239563051420087,OUTCOME_AWARENESS,2026-02-07,65,52,1.25,0,0.0,0.0,1.538462,0.1,0.0,0,0.0,0.0,0,0.0,0.0,0,0.0,0,0,0,0,0,0,0.0,0,0.0,0,0,0,0.0,0,0.0,0.0,0,0,0.0,0,0.0,0,0,0,0.0,0,0,0.0,0,0,,,,0.0,desktop,CS,,,,
[ALC] Bazar anacapri,120239563051420087,OUTCOME_AWARENESS,2026-02-07,71047,67032,1.059897,125,0.17594,0.67392,1.185694,84.24,89.0,0,0.946517,19.0,0,4.433684,0.0,0,0.0,0,0,0,0,0,0,0.0,0,0.0,0,0,0,102.0,0,0.825882,10.0,0,0,102.0,0,0.825882,0,0,0,0.0,0,0,0.0,0,0,,,,89.0,mobile_app,CS,,,,
[ALC] Bazar anacapri,120239563051420087,OUTCOME_AWARENESS,2026-02-07,116,115,1.008696,0,0.0,0.0,1.293103,0.15,0.0,0,0.0,0.0,0,0.0,0.0,0,0.0,0,0,0,0,0,0,0.0,0,0.0,0,0,0,0.0,0,0.0,0.0,0,0,0.0,0,0.0,0,0,0,0.0,0,0,0.0,0,0,,,,0.0,mobile_web,CS,,,,
[ALC] Eventos Carnaval,120239751838580087,OUTCOME_AWARENESS,2026-02-07,1635,1112,1.470324,5,0.30581,0.377996,1.155952,1.889981,0.0,0,0.0,0.0,0,0.0,0.0,0,0.0,0,0,0,0,0,0,0.0,0,0.0,0,0,0,146.0,0,0.012945,0.0,0,0,146.0,0,0.012945,0,0,0,0.0,0,0,0.0,0,0,,,,0.0,desktop,CS,18.0,3.0,2.0,2.0
[ALC] Eventos Carnaval,120239751838580087,OUTCOME_AWARENESS,2026-02-07,833132,552339,1.508371,1407,0.168881,0.708145,1.195921,996.360036,1003.0,0,0.99338,144.0,0,6.919167,0.0,0,0.0,0,0,0,0,0,0,0.0,0,0.0,0,0,0,14664.0,0,0.067946,102.0,0,0,14664.0,0,0.067946,0,0,0,0.0,0,0,0.0,0,0,,,,995.0,mobile_app,CS,1497.0,344.0,191.0,135.0
[ALC] Eventos Carnaval,120239751838580087,OUTCOME_AWARENESS,2026-02-07,1587,1169,1.357571,7,0.441084,0.248569,1.096397,1.739983,1.0,0,1.739983,0.0,0,0.0,0.0,0,0.0,0,0,0,0,0,0,0.0,0,0.0,0,0,0,7.0,0,0.248569,1.0,0,0,7.0,0,0.248569,0,0,0,0.0,0,0,0.0,0,0,,,,1.0,mobile_web,CS,,,,
[ALC] Eventos de Carnaval,120239828976910087,OUTCOME_ENGAGEMENT,2026-02-07,353,326,1.082822,0,0.0,0.0,2.634561,0.93,0.0,0,0.0,0.0,0,0.0,0.0,0,0.0,0,0,0,0,0,0,0.0,0,0.0,0,0,0,130.0,0,0.007154,0.0,0,0,130.0,0,0.007154,0,0,0,0.0,0,0,0.0,0,0,,,,0.0,desktop,CS,54.0,28.0,20.0,13.0
[ALC] Eventos de Carnaval,120239828976910087,OUTCOME_ENGAGEMENT,2026-02-07,178169,126587,1.407483,1160,0.651067,0.601474,3.916001,697.71,576.0,0,1.211302,149.0,0,4.682617,0.0,0,0.0,0,0,0,0,0,0,0.0,0,0.0,0,0,0,79779.0,0,0.008746,1144.0,0,0,79779.0,0,0.008746,0,0,0,0.0,0,0,0.0,0,0,,,,567.0,mobile_app,CS,30273.0,12847.0,8029.0,4431.0
[ALC] Eventos de Carnaval,120239828976910087,OUTCOME_ENGAGEMENT,2026-02-07,219,188,1.164894,0,0.0,0.0,1.643836,0.36,0.0,0,0.0,0.0,0,0.0,0.0,0,0.0,0,0,0,0,0,0,0.0,0,0.0,0,0,0,84.0,0,0.004286,1.0,0,0,84.0,0,0.004286,0,0,0,0.0,0,0,0.0,0,0,,,,0.0,mobile_web,CS,24.0,9.0,6.0,3.0
[ALC] Musical das capivaras,120239893660110087,OUTCOME_AWARENESS,2026-02-07,170,156,1.089744,0,0.0,0.0,1.588235,0.27,0.0,0,0.0,0.0,0,0.0,0.0,0,0.0,0,0,0,0,0,0,0.0,0,0.0,0,0,0,0.0,0,0.0,0.0,0,0,0.0,0,0.0,0,0,0,0.0,0,0,0.0,0,0,,,,0.0,desktop,CS,,,,
[ALC] Musical das capivaras,120239893660110087,OUTCOME_AWARENESS,2026-02-07,266234,257516,1.033854,511,0.191936,0.586164,1.125063,299.53,394.0,0,0.760228,59.0,0,5.07678,0.0,0,0.0,0,0,0,0,0,0,0.0,0,0.0,0,0,0,435.0,0,0.688575,15.0,0,0,435.0,0,0.688575,0,0,0,0.0,0,0,0.0,0,0,,,,394.0,mobile_app,CS,,,,
[ALC] Musical das capivaras,120239893660110087,OUTCOME_AWARENESS,2026-02-07,219,216,1.013889,0,0.0,0.0,0.913242,0.2,0.0,0,0.0,0.0,0,0.0,0.0,0,0.0,0,0,0,0,0,0,0.0,0,0.0,0,0,0,0.0,0,0.0,0.0,0,0,0.0,0,0.0,0,0,0,0.0,0,0,0.0,0,0,,,,0.0,mobile_web,CS,,,,
[ALC] Carnapet Continente Shopping,120239915880680087,OUTCOME_AWARENESS,2026-02-07,181,163,1.110429,2,1.104972,0.095,1.049724,0.19,0.0,0,0.0,0.0,0,0.0,0.0,0,0.0,0,0,0,0,0,0,0.0,0,0.0,0,0,0,1.0,0,0.19,1.0,0,0,1.0,0,0.19,0,0,0,0.0,0,0,0.0,0,0,,,,0.0,desktop,CS,,,,
[ALC] Carnapet Continente Shopping,120239915880680087,OUTCOME_AWARENESS,2026-02-07,127077,122998,1.033163,243,0.191223,0.615391,1.176767,149.54,199.0,0,0.751457,30.0,0,4.984667,0.0,0,0.0,0,0,0,0,0,0,0.0,0,0.0,0,0,0,223.0,0,0.670583,17.0,0,0,223.0,0,0.670583,0,0,0,0.0,0,0,0.0,0,0,,,,199.0,mobile_app,CS,,,,
[ALC] Carnapet Continente Shopping,120239915880680087,OUTCOME_AWARENESS,2026-02-07,180,178,1.011236,0,0.0,0.0,1.277778,0.23,0.0,0,0.0,0.0,0,0.0,0.0,0,0.0,0,0,0,0,0,0,0.0,0,0.0,0,0,0,0.0,0,0.0,0.0,0,0,0.0,0,0.0,0,0,0,0.0,0,0,0.0,0,0,,,,0.0,mobile_web,CS,,,,
[ALC] Capivalley - Últimos dias,120240006022760087,OUTCOME_AWARENESS,2026-02-07,1029,920,1.118478,3,0.291545,0.396675,1.156486,1.190024,0.0,0,0.0,0.0,0,0.0,0.0,0,0.0,0,0,0,0,0,0,0.0,0,0.0,0,0,0,149.0,0,0.007987,1.0,0,0,149.0,0,0.007987,0,0,0,0.0,0,0,0.0,0,0,,,,0.0,desktop,CS,41.0,16.0,7.0,7.0
[ALC] Capivalley - Últimos dias,120240006022760087,OUTCOME_AWARENESS,2026-02-07,417738,326301,1.280223,601,0.14387,0.828968,1.192637,498.209964,312.0,0,1.596827,57.0,0,8.740526,0.0,0,0.0,0,0,0,0,0,0,0.0,0,0.0,0,0,0,19652.0,0,0.025352,37.0,0,0,19653.0,0,0.02535,0,0,0,0.0,0,0,0.0,0,0,,,,311.0,mobile_app,CS,4292.0,1022.0,538.0,318.0
[ALC] Capivalley - Últimos dias,120240006022760087,OUTCOME_AWARENESS,2026-02-07,570,497,1.146881,3,0.526316,0.200004,1.052653,0.600012,0.0,0,0.0,0.0,0,0.0,0.0,0,0.0,0,0,0,0,0,0,0.0,0,0.0,0,0,0,34.0,0,0.017647,0.0,0,0,34.0,0,0.017647,0,0,0,0.0,0,0,0.0,0,0,,,,0.0,mobile_web,CS,5.0,2.0,,
ALC - Narbona novos conteúdos,120240054308210087,OUTCOME_AWARENESS,2026-02-07,181,159,1.138365,1,0.552486,0.159656,0.882078,0.159656,0.0,0,0.0,0.0,0,0.0,0.0,0,0.0,0,0,0,0,0,0,0.0,0,0.0,0,0,0,18.0,0,0.00887,1.0,0,0,18.0,0,0.00887,0,0,0,0.0,0,0,0.0,0,0,,,,0.0,desktop,CS,8.0,5.0,5.0,4.0
ALC - Narbona novos conteúdos,120240054308210087,OUTCOME_AWARENESS,2026-02-07,154427,130172,1.18633,244,0.158003,0.758775,1.198891,185.141139,182.0,0,1.017259,93.0,0,1.990765,0.0,0,0.0,0,0,0,0,0,0,0.0,0,0.0,0,0,0,3437.0,0,0.053867,12.0,0,0,3437.0,0,0.053867,0,0,0,0.0,0,0,0.0,0,0,,,,182.0,mobile_app,CS,631.0,165.0,93.0,61.0
ALC - Narbona novos conteúdos,120240054308210087,OUTCOME_AWARENESS,2026-02-07,361,309,1.168285,0,0.0,0.0,1.022727,0.369205,0.0,0,0.0,0.0,0,0.0,0.0,0,0.0,0,0,0,0,0,0,0.0,0,0.0,0,0,0,4.0,0,0.092301,0.0,0,0,4.0,0,0.092301,0,0,0,0.0,0,0,0.0,0,0,,,,0.0,mobile_web,CS,,,,
TFG - Narbona Site,120240056012140087,LINK_CLICKS,2026-02-07,238,107,2.224299,6,2.521008,0.164685,4.151732,0.988112,3.0,0,0.329371,3.0,0,0.329371,0.0,0,0.0,0,0,0,0,0,0,0.0,0,0.0,0,0,0,14.0,0,0.070579,1.0,0,0,14.0,0,0.070579,0,0,0,0.0,0,0,0.0,0,0,,,,3.0,desktop,CS,8.0,8.0,8.0,7.0
TFG - Narbona Site,120240056012140087,LINK_CLICKS,2026-02-07,178513,96094,1.857691,5853,3.278753,0.167803,5.50186,982.153509,4250.0,0,0.231095,1074.0,0,0.914482,0.0,0,0.0,0,0,0,0,0,0,0.0,0,0.0,0,0,0,13754.0,0,0.071409,187.0,0,0,13755.0,0,0.071403,0,0,0,0.0,0,0,0.0,0,0,,,,4249.0,mobile_app,CS,3393.0,860.0,572.0,393.0
TFG - Narbona Site,120240056012140087,LINK_CLICKS,2026-02-07,224,151,1.483444,4,1.785714,0.212095,3.787407,0.848379,3.0,0,0.282793,1.0,0,0.848379,0.0,0,0.0,0,0,0,0,0,0,0.0,0,0.0,0,0,0,3.0,0,0.282793,0.0,0,0,3.0,0,0.282793,0,0,0,0.0,0,0,0.0,0,0,,,,3.0,mobile_web,CS,,,,
ALC - Narbona novos conteúdos,120240054308210087,OUTCOME_AWARENESS,2026-03-01,801,534,1.5,1,0.124844,1.010019,1.260947,1.010019,0.0,0,0.0,0.0,0,0.0,0.0,0,0.0,0,0,0,0,0,0,0.0,0,0.0,0,0,0,65.0,0,0.015539,1.0,0,0,65.0,0,0.015539,0,0,0,0.0,0,0,12.0,0,0,,,,0.0,desktop,CS,15.0,5.0,2.0,2.0
ALC - Narbona novos conteúdos,120240054308210087,OUTCOME_AWARENESS,2026-03-01,441615,207733,2.125878,699,0.158283,0.769943,1.218686,538.189953,457.0,0,1.177659,240.0,0,2.242458,5.0,0,107.637991,0,0,0,0,0,0,94.0,0,5.725425,0,0,0,12276.0,0,0.043841,75.0,0,0,12276.0,0,0.043841,0,0,0,5.0,0,0,582.0,0,0,,,,454.0,mobile_app,CS,2294.0,657.0,369.0,198.0
ALC - Narbona novos conteúdos,120240054308210087,OUTCOME_AWARENESS,2026-03-01,1188,642,1.850467,4,0.3367,0.377507,1.271067,1.510028,0.0,0,0.0,0.0,0,0.0,0.0,0,0.0,0,0,0,0,0,0,0.0,0,0.0,0,0,0,33.0,0,0.045758,1.0,0,0,33.0,0,0.045758,0,0,0,0.0,0,0,1.0,0,0,,,,0.0,mobile_web,CS,4.0,2.0,1.0,1.0
ALC - Narbona novos conteúdos,120240054308210087,OUTCOME_AWARENESS,2026-03-01,0,0,0.0,0,0.0,0.0,0.0,0.0,0.0,0,0.0,0.0,0,0.0,0.0,0,0.0,0,0,0,0,0,0,1.0,0,0.0,0,0,0,0.0,0,0.0,0.0,0,0,0.0,0,0.0,0,0,0,0.0,0,0,2.0,0,0,,,,0.0,unknown,CS,,,,
[ALC] Musical K-Pop,120240776590700087,OUTCOME_AWARENESS,2026-03-01,630,414,1.521739,0,0.0,0.0,1.30155,0.819977,0.0,0,0.0,0.0,0,0.0,0.0,0,0.0,0,0,0,0,0,0,0.0,0,0.0,0,0,0,0.0,0,0.0,0.0,0,0,0.0,0,0.0,0,0,0,0.0,0,0,0.0,0,0,,,,0.0,desktop,CS,,,,
[ALC] Musical K-Pop,120240776590700087,OUTCOME_AWARENESS,2026-03-01,276837,189959,1.457351,479,0.173026,0.728393,1.260309,348.900031,315.0,0,1.107619,2.0,0,174.450016,0.0,0,0.0,0,0,0,0,0,0,0.0,0,0.0,0,0,0,408.0,0,0.855147,51.0,0,0,408.0,0,0.855147,0,0,0,0.0,0,0,0.0,0,0,,,,315.0,mobile_app,CS,,,,
[ALC] Musical K-Pop,120240776590700087,OUTCOME_AWARENESS,2026-03-01,282,216,1.305556,1,0.35461,0.279992,0.992879,0.279992,0.0,0,0.0,0.0,0,0.0,0.0,0,0.0,0,0,0,0,0,0,0.0,0,0.0,0,0,0,0.0,0,0.0,0.0,0,0,0.0,0,0.0,0,0,0,0.0,0,0,0.0,0,0,,,,0.0,mobile_web,CS,,,,
[ALC] Vídeo musical K-POP,120240907473160087,OUTCOME_AWARENESS,2026-03-01,1455,741,1.963563,3,0.206186,0.523333,1.079038,1.57,2.0,0,0.785,1.0,0,1.57,0.0,0,0.0,0,0,0,0,0,0,0.0,0,0.0,0,0,0,303.0,0,0.005182,0.0,0,0,303.0,0,0.005182,0,0,0,0.0,0,0,0.0,0,0,,,,2.0,desktop,CS,201.0,73.0,31.0,20.0
[ALC] Vídeo musical K-POP,120240907473160087,OUTCOME_AWARENESS,2026-03-01,261004,119811,2.178464,533,0.204211,0.65257,1.332623,347.82,315.0,0,1.10419,22.0,0,15.81,0.0,0,0.0,0,0,0,0,0,0,0.0,0,0.0,0,0,0,19553.0,0,0.017789,58.0,0,0,19553.0,0,0.017789,0,0,0,0.0,0,0,0.0,0,0,,,,314.0,mobile_app,CS,12229.0,4771.0,2768.0,961.0
[ALC] Vídeo musical K-POP,120240907473160087,OUTCOME_AWARENESS,2026-03-01,295,236,1.25,1,0.338983,0.34,1.152542,0.34,0.0,0,0.0,0.0,0,0.0,0.0,0,0.0,0,0,0,0,0,0,0.0,0,0.0,0,0,0,42.0,0,0.008095,1.0,0,0,42.0,0,0.008095,0,0,0,0.0,0,0,0.0,0,0,,,,0.0,mobile_web,CS,26.0,12.0,6.0,4.0
[ALC] Vídeo influenciadora - musicais,120240907672990087,OUTCOME_AWARENESS,2026-03-01,1456,1238,1.17609,0,0.0,0.0,1.167559,1.699966,0.0,0,0.0,0.0,0,0.0,0.0,0,0.0,0,0,0,0,0,0,0.0,0,0.0,0,0,0,199.0,0,0.008543,0.0,0,0,199.0,0,0.008543,0,0,0,0.0,0,0,0.0,0,0,,,,0.0,desktop,CS,30.0,12.0,5.0,4.0
[ALC] Vídeo influenciadora - musicais,120240907672990087,OUTCOME_AWARENESS,2026-03-01,363577,243506,1.493093,419,0.115244,1.187303,1.368294,497.480049,286.0,0,1.739441,4.0,0,124.370012,0.0,0,0.0,0,0,0,0,0,0,0.0,0,0.0,0,0,0,16602.0,0,0.029965,44.0,0,0,16602.0,0,0.029965,0,0,0,0.0,0,0,0.0,0,0,,,,286.0,mobile_app,CS,2715.0,661.0,358.0,211.0
[ALC] Vídeo influenciadora - musicais,120240907672990087,OUTCOME_AWARENESS,2026-03-01,525,444,1.182432,3,0.571429,0.256662,1.466637,0.769985,1.0,0,0.769985,0.0,0,0.0,0.0,0,0.0,0,0,0,0,0,0,0.0,0,0.0,0,0,0,42.0,0,0.018333,0.0,0,0,42.0,0,0.018333,0,0,0,0.0,0,0,0.0,0,0,,,,1.0,mobile_web,CS,6.0,5.0,5.0,
[ALC] A Menina da Casa Mágica,120241003965020087,OUTCOME_AWARENESS,2026-03-01,740,551,1.343013,1,0.135135,1.079957,1.459401,1.079957,1.0,0,1.079957,0.0,0,0.0,0.0,0,0.0,0,0,0,0,0,0,0.0,0,0.0,0,0,0,1.0,0,1.079957,0.0,0,0,1.0,0,1.079957,0,0,0,0.0,0,0,0.0,0,0,,,,1.0,desktop,CS,,,,
[ALC] A Menina da Casa Mágica,120241003965020087,OUTCOME_AWARENESS,2026-03-01,335738,215451,1.558303,764,0.227558,0.652173,1.484074,498.260068,547.0,0,0.910896,16.0,0,31.141254,0.0,0,0.0,0,0,0,0,0,0,0.0,0,0.0,0,0,0,685.0,0,0.727387,43.0,0,0,686.0,0,0.726327,0,0,0,0.0,0,0,0.0,0,0,,,,545.0,mobile_app,CS,,,,
[ALC] A Menina da Casa Mágica,120241003965020087,OUTCOME_AWARENESS,2026-03-01,426,327,1.302752,6,1.408451,0.104996,1.478814,0.629975,1.0,0,0.629975,0.0,0,0.0,0.0,0,0.0,0,0,0,0,0,0,0.0,0,0.0,0,0,0,1.0,0,0.629975,0.0,0,0,1.0,0,0.629975,0,0,0,0.0,0,0,0.0,0,0,,,,1.0,mobile_web,CS,,,,
[ALC] Musical A Menina da Casa Mágica 02,120241004108970087,OUTCOME_AWARENESS,2026-03-01,602,436,1.380734,1,0.166113,0.799968,1.328851,0.799968,1.0,0,0.799968,0.0,0,0.0,0.0,0,0.0,0,0,0,0,0,0,0.0,0,0.0,0,0,0,1.0,0,0.799968,0.0,0,0,1.0,0,0.799968,0,0,0,0.0,0,0,0.0,0,0,,,,1.0,desktop,CS,,,,
[ALC] Musical A Menina da Casa Mágica 02,120241004108970087,OUTCOME_AWARENESS,2026-03-01,377414,279903,1.348374,648,0.171695,0.769661,1.321467,498.740049,482.0,0,1.03473,13.0,0,38.364619,0.0,0,0.0,0,0,0,0,0,0,0.0,0,0.0,0,0,0,595.0,0,0.838219,50.0,0,0,595.0,0,0.838219,0,0,0,0.0,0,0,0.0,0,0,,,,479.0,mobile_app,CS,,,,
[ALC] Musical A Menina da Casa Mágica 02,120241004108970087,OUTCOME_AWARENESS,2026-03-01,421,307,1.371336,2,0.475059,0.209992,0.997585,0.419983,0.0,0,0.0,0.0,0,0.0,0.0,0,0.0,0,0,0,0,0,0,0.0,0,0.0,0,0,0,1.0,0,0.419983,1.0,0,0,1.0,0,0.419983,0,0,0,0.0,0,0,0.0,0,0,,,,0.0,mobile_web,CS,,,,
[ALC] Vídeo Gabby,120241170074910087,OUTCOME_AWARENESS,2026-03-01,240,224,1.071429,0,0.0,0.0,1.708333,0.41,0.0,0,0.0,0.0,0,0.0,0.0,0,0.0,0,0,0,0,0,0,0.0,0,0.0,0,0,0,37.0,0,0.011081,0.0,0,0,37.0,0,0.011081,0,0,0,0.0,0,0,0.0,0,0,,,,0.0,desktop,CS,9.0,4.0,4.0,4.0
[ALC] Vídeo Gabby,120241170074910087,OUTCOME_AWARENESS,2026-03-01,120833,116668,1.0357,285,0.235863,0.699263,1.649301,199.29,176.0,0,1.13233,10.0,0,19.929,0.0,0,0.0,0,0,0,0,0,0,0.0,0,0.0,0,0,0,10680.0,0,0.01866,21.0,0,0,10680.0,0,0.01866,0,0,0,0.0,0,0,0.0,0,0,,,,175.0,mobile_app,CS,1368.0,329.0,164.0,103.0
[ALC] Vídeo Gabby,120241170074910087,OUTCOME_AWARENESS,2026-03-01,190,185,1.027027,0,0.0,0.0,1.578947,0.3,0.0,0,0.0,0.0,0,0.0,0.0,0,0.0,0,0,0,0,0,0,0.0,0,0.0,0,0,0,42.0,0,0.007143,0.0,0,0,42.0,0,0.007143,0,0,0,0.0,0,0,0.0,0,0,,,,0.0,mobile_web,CS,3.0,1.0,1.0,
[ALC] Campanha de Almoço,120241302239000087,OUTCOME_AWARENESS,2026-03-01,1132,901,1.256382,1,0.088339,2.009925,1.775552,2.009925,0.0,0,0.0,0.0,0,0.0,0.0,0,0.0,0,0,0,0,0,0,2.0,0,1.004962,0,0,0,125.0,0,0.016079,0.0,0,0,125.0,0,0.016079,0,0,0,0.0,0,0,8.0,0,0,,,,0.0,desktop,CS,6.0,4.0,3.0,3.0
[ALC] Campanha de Almoço,120241302239000087,OUTCOME_AWARENESS,2026-03-01,440720,277826,1.586317,832,0.188782,0.958053,1.808632,797.100108,613.0,0,1.300326,7.0,0,113.871444,19.0,0,41.952637,0,0,0,0,0,0,263.0,0,3.030799,0,0,0,14168.0,0,0.056261,87.0,0,0,14168.0,0,0.056261,0,0,0,19.0,0,0,1451.0,0,0,,,,609.0,mobile_app,CS,2776.0,1273.0,765.0,280.0
[ALC] Campanha de Almoço,120241302239000087,OUTCOME_AWARENESS,2026-03-01,536,443,1.209932,4,0.746269,0.217492,1.623073,0.869967,0.0,0,0.0,0.0,0,0.0,0.0,0,0.0,0,0,0,0,0,0,0.0,0,0.0,0,0,0,29.0,0,0.029999,0.0,0,0,29.0,0,0.029999,0,0,0,0.0,0,0,3.0,0,0,,,,0.0,mobile_web,CS,3.0,3.0,1.0,
TRAF - FRANQUIAS CS,120241484290580087,LINK_CLICKS,2026-03-01,8,6,1.333333,0,0.0,0.0,6.249665,0.049997,0.0,0,0.0,0.0,0,0.0,0.0,0,0.0,0,0,0,0,0,0,0.0,0,0.0,0,0,0,0.0,0,0.0,0.0,0,0,0.0,0,0.0,0,0,0,0.0,0,0,0.0,0,0,,,,0.0,desktop,CS,,,,
TRAF - FRANQUIAS CS,120241484290580087,LINK_CLICKS,2026-03-01,46047,26175,1.759198,966,2.097857,0.193261,4.054336,186.690004,881.0,0,0.211907,11.0,0,16.971819,2.0,0,93.345002,0,0,0,0,0,0,4.0,0,46.672501,0,0,0,889.0,0,0.21,7.0,0,0,889.0,0,0.21,0,0,0,2.0,0,0,23.0,0,0,,,,663.0,mobile_app,CS,,,,
TRAF - FRANQUIAS CS,120241484290580087,LINK_CLICKS,2026-03-01,28,23,1.217391,0,0.0,0.0,0.714247,0.019999,0.0,0,0.0,0.0,0,0.0,0.0,0,0.0,0,0,0,0,0,0,0.0,0,0.0,0,0,0,0.0,0,0.0,0.0,0,0,0.0,0,0.0,0,0,0,0.0,0,0,0.0,0,0,,,,0.0,mobile_web,CS,,,,
ALC - Narbona novos conteúdos,120240054308210087,OUTCOME_AWARENESS,2026-04-01,1465,936,1.565171,3,0.204778,0.636667,1.303754,1.91,0.0,0,0.0,0.0,0,0.0,0.0,0,0.0,0,0,0,0,0,0,1.0,0,1.91,0,0,0,88.0,0,0.021705,1.0,0,0,88.0,0,0.021705,0,0,0,0.0,0,0,0.0,0,0,,,,0.0,desktop,CS,26.0,14.0,9.0,6.0
ALC - Narbona novos conteúdos,120240054308210087,OUTCOME_AWARENESS,2026-04-01,527633,239910,2.199296,798,0.151241,0.786679,1.189785,627.77,566.0,0,1.109134,277.0,0,2.266318,20.0,0,31.3885,0,0,0,0,0,0,343.0,0,1.830233,0,0,0,11616.0,0,0.054044,80.0,0,0,11616.0,0,0.054044,0,0,0,20.0,0,0,1271.0,0,0,,,,565.0,mobile_app,CS,2100.0,580.0,324.0,196.0
ALC - Narbona novos conteúdos,120240054308210087,OUTCOME_AWARENESS,2026-04-01,1372,804,1.706468,5,0.364431,0.346,1.260933,1.73,2.0,0,0.865,0.0,0,0.0,0.0,0,0.0,0,0,0,0,0,0,0.0,0,0.0,0,0,0,26.0,0,0.066538,0.0,0,0,26.0,0,0.066538,0,0,0,0.0,0,0,0.0,0,0,,,,2.0,mobile_web,CS,3.0,1.0,,
ALC - Narbona novos conteúdos,120240054308210087,OUTCOME_AWARENESS,2026-04-01,0,0,0.0,0,0.0,0.0,0.0,0.0,0.0,0,0.0,0.0,0,0.0,0.0,0,0.0,0,0,0,0,0,0,0.0,0,0.0,0,0,0,0.0,0,0.0,0.0,0,0,0.0,0,0.0,0,0,0,0.0,0,0,9.0,0,0,,,,0.0,unknown,CS,,,,
[ALC] Campanha de Almoço,120241302239000087,OUTCOME_AWARENESS,2026-04-01,446,320,1.39375,0,0.0,0.0,1.233184,0.55,0.0,0,0.0,0.0,0,0.0,0.0,0,0.0,0,0,0,0,0,0,0.0,0,0.0,0,0,0,21.0,0,0.02619,0.0,0,0,21.0,0,0.02619,0,0,0,0.0,0,0,4.0,0,0,,,,0.0,desktop,CS,2.0,1.0,,
[ALC] Campanha de Almoço,120241302239000087,OUTCOME_AWARENESS,2026-04-01,158933,83856,1.895309,204,0.128356,0.976716,1.253673,199.25,151.0,0,1.319536,0.0,0,0.0,3.0,0,66.416667,0,0,0,0,0,0,56.0,0,3.558036,0,0,0,2599.0,0,0.076664,29.0,0,0,2599.0,0,0.076664,0,0,0,3.0,0,0,278.0,0,0,,,,151.0,mobile_app,CS,215.0,92.0,50.0,16.0
[ALC] Campanha de Almoço,120241302239000087,OUTCOME_AWARENESS,2026-04-01,186,128,1.453125,0,0.0,0.0,1.182796,0.22,0.0,0,0.0,0.0,0,0.0,0.0,0,0.0,0,0,0,0,0,0,0.0,0,0.0,0,0,0,2.0,0,0.11,0.0,0,0,2.0,0,0.11,0,0,0,0.0,0,0,0.0,0,0,,,,0.0,mobile_web,CS,,,,
TRAF - FRANQUIAS CS,120241484290580087,LINK_CLICKS,2026-04-01,69,54,1.277778,1,1.449275,0.220002,3.188437,0.220002,0.0,0,0.0,0.0,0,0.0,0.0,0,0.0,0,0,0,0,0,0,0.0,0,0.0,0,0,0,0.0,0,0.0,0.0,0,0,0.0,0,0.0,0,0,0,0.0,0,0,0.0,0,0,,,,0.0,desktop,CS,,,,
TRAF - FRANQUIAS CS,120241484290580087,LINK_CLICKS,2026-04-01,231181,91412,2.529001,5303,2.293874,0.190884,4.378647,1012.259991,4885.0,0,0.207218,9.0,0,112.473332,5.0,0,202.451998,0,0,0,0,0,0,27.0,0,37.491111,0,0,0,4957.0,0,0.204208,58.0,0,0,4958.0,0,0.204167,0,0,0,5.0,0,0,155.0,0,0,,,,3323.0,mobile_app,CS,,,,
TRAF - FRANQUIAS CS,120241484290580087,LINK_CLICKS,2026-04-01,318,167,1.904192,5,1.572327,0.142001,2.232726,0.710007,4.0,0,0.177502,0.0,0,0.0,0.0,0,0.0,0,0,0,0,0,0,0.0,0,0.0,0,0,0,4.0,0,0.177502,0.0,0,0,4.0,0,0.177502,0,0,0,0.0,0,0,0.0,0,0,,,,3.0,mobile_web,CS,,,,
ENG - FRANQUIAS CS — Whats,120241860601160087,OUTCOME_ENGAGEMENT,2026-04-01,434646,269181,1.614698,8816,2.028317,0.129501,2.626689,1141.68,8352.0,0,0.136695,4.0,0,285.42,0.0,0,0.0,0,0,0,0,0,0,0.0,0,0.0,0,0,0,8596.0,0,0.132815,228.0,0,0,8600.0,0,0.132753,0,0,0,0.0,0,0,0.0,0,0,,,,2661.0,mobile_app,CS,,,,
[ALC] Horário de funcionamento Páscoa,120241863611910087,OUTCOME_AWARENESS,2026-04-01,167,139,1.201439,0,0.0,0.0,1.317453,0.220015,0.0,0,0.0,0.0,0,0.0,0.0,0,0.0,0,0,0,0,0,0,0.0,0,0.0,0,0,0,0.0,0,0.0,0.0,0,0,0.0,0,0.0,0,0,0,0.0,0,0,0.0,0,0,,,,0.0,desktop,CS,,,,
[ALC] Horário de funcionamento Páscoa,120241863611910087,OUTCOME_AWARENESS,2026-04-01,132168,95174,1.388699,348,0.263301,0.429655,1.131287,149.519969,248.0,0,0.602903,13.0,0,11.501536,0.0,0,0.0,0,0,0,0,0,0,0.0,0,0.0,0,0,0,263.0,0,0.568517,13.0,0,0,263.0,0,0.568517,0,0,0,0.0,0,0,0.0,0,0,,,,248.0,mobile_app,CS,,,,
[ALC] Horário de funcionamento Páscoa,120241863611910087,OUTCOME_AWARENESS,2026-04-01,261,214,1.219626,2,0.766284,0.125008,0.957918,0.250017,1.0,0,0.250017,0.0,0,0.0,0.0,0,0.0,0,0,0,0,0,0,0.0,0,0.0,0,0,0,1.0,0,0.250017,0.0,0,0,1.0,0,0.250017,0,0,0,0.0,0,0,0.0,0,0,,,,1.0,mobile_web,CS,,,,
ALC - PROMO IPHONE,120241864077630087,OUTCOME_AWARENESS,2026-04-01,3261,1950,1.672308,1,0.030665,4.569886,1.401376,4.569886,0.0,0,0.0,0.0,0,0.0,0.0,0,0.0,0,0,0,0,0,0,0.0,0,0.0,0,0,0,37.0,0,0.12351,0.0,0,0,37.0,0,0.12351,0,0,0,0.0,0,0,0.0,0,0,,,,0.0,desktop,CS,34.0,17.0,12.0,9.0
ALC - PROMO IPHONE,120241864077630087,OUTCOME_AWARENESS,2026-04-01,860077,342507,2.511122,1198,0.13929,0.99606,1.387411,1193.28016,921.0,0,1.295635,73.0,0,16.346304,0.0,0,0.0,0,0,0,0,0,0,0.0,0,0.0,0,0,0,24386.0,0,0.048933,54.0,0,0,24386.0,0,0.048933,0,0,0,0.0,0,0,0.0,0,0,,,,916.0,mobile_app,CS,8600.0,2697.0,1590.0,1093.0
ALC - PROMO IPHONE,120241864077630087,OUTCOME_AWARENESS,2026-04-01,1177,678,1.735988,2,0.169924,0.904977,1.53777,1.809955,2.0,0,0.904977,0.0,0,0.0,0.0,0,0.0,0,0,0,0,0,0,0.0,0,0.0,0,0,0,8.0,0,0.226244,0.0,0,0,8.0,0,0.226244,0,0,0,0.0,0,0,0.0,0,0,,,,2.0,mobile_web,CS,7.0,3.0,3.0,3.0
TRAF - PROMO IPHONE,120242044707630087,LINK_CLICKS,2026-04-01,366,65,5.630769,3,0.819672,0.203337,1.6667,0.610012,3.0,0,0.203337,3.0,0,0.203337,0.0,0,0.0,0,0,0,0,0,0,0.0,0,0.0,0,0,0,96.0,0,0.006354,0.0,0,0,96.0,0,0.006354,0,0,0,0.0,0,0,0.0,0,0,,,,3.0,desktop,CS,92.0,92.0,92.0,91.0
TRAF - PROMO IPHONE,120242044707630087,LINK_CLICKS,2026-04-01,187588,44055,4.258041,3159,1.68401,0.15798,2.660405,499.059988,2789.0,0,0.178939,841.0,0,0.593413,0.0,0,0.0,0,0,0,0,0,0,0.0,0,0.0,0,0,0,16424.0,0,0.030386,123.0,0,0,16425.0,0,0.030384,0,0,0,0.0,0,0,0.0,0,0,,,,2786.0,mobile_app,CS,2706.0,1063.0,765.0,528.0
TRAF - PROMO IPHONE,120242044707630087,LINK_CLICKS,2026-04-01,12,12,1.0,0,0.0,0.0,0.0,0.0,0.0,0,0.0,0.0,0,0.0,0.0,0,0.0,0,0,0,0,0,0,0.0,0,0.0,0,0,0,0.0,0,0.0,0.0,0,0,0.0,0,0.0,0,0,0,0.0,0,0,0.0,0,0,,,,0.0,mobile_web,CS,,,,
ALC - Super Games,120242125799840087,OUTCOME_AWARENESS,2026-04-01,3615,2723,1.32758,1,0.027663,4.559866,1.261374,4.559866,0.0,0,0.0,0.0,0,0.0,0.0,0,0.0,0,0,0,0,0,0,0.0,0,0.0,0,0,0,246.0,0,0.018536,0.0,0,0,246.0,0,0.018536,0,0,0,0.0,0,0,0.0,0,0,,,,0.0,desktop,CS,114.0,65.0,43.0,36.0
ALC - Super Games,120242125799840087,OUTCOME_AWARENESS,2026-04-01,1006956,411289,2.448293,1587,0.157604,0.850964,1.341151,1350.480202,1265.0,0,1.067573,28.0,0,48.231436,0.0,0,0.0,0,0,0,0,0,0,0.0,0,0.0,0,0,0,41530.0,0,0.032518,185.0,0,0,41530.0,0,0.032518,0,0,0,0.0,0,0,0.0,0,0,,,,1261.0,mobile_app,CS,17969.0,9483.0,4176.0,1915.0
ALC - Super Games,120242125799840087,OUTCOME_AWARENESS,2026-04-01,1701,1203,1.413965,2,0.117578,1.139966,1.340349,2.279933,0.0,0,0.0,0.0,0,0.0,0.0,0,0.0,0,0,0,0,0,0,0.0,0,0.0,0,0,0,93.0,0,0.024515,0.0,0,0,93.0,0,0.024515,0,0,0,0.0,0,0,0.0,0,0,,,,0.0,mobile_web,CS,44.0,23.0,12.0,11.0
ALC - CINEPOLIS MJ,120242532204570087,OUTCOME_AWARENESS,2026-04-01,819,690,1.186957,0,0.0,0.0,1.221001,1.0,0.0,0,0.0,0.0,0,0.0,0.0,0,0.0,0,0,0,0,0,0,0.0,0,0.0,0,0,0,70.0,0,0.014286,0.0,0,0,70.0,0,0.014286,0,0,0,0.0,0,0,0.0,0,0,,,,0.0,desktop,CS,12.0,3.0,3.0,2.0
ALC - CINEPOLIS MJ,120242532204570087,OUTCOME_AWARENESS,2026-04-01,249599,140456,1.777062,313,0.125401,1.112268,1.394797,348.14,247.0,0,1.409474,6.0,0,58.023333,0.0,0,0.0,0,0,0,0,0,0,0.0,0,0.0,0,0,0,13913.0,0,0.025023,50.0,0,0,13913.0,0,0.025023,0,0,0,0.0,0,0,0.0,0,0,,,,247.0,mobile_app,CS,1291.0,340.0,152.0,93.0
ALC - CINEPOLIS MJ,120242532204570087,OUTCOME_AWARENESS,2026-04-01,601,508,1.183071,2,0.332779,0.375,1.24792,0.75,0.0,0,0.0,0.0,0,0.0,0.0,0,0.0,0,0,0,0,0,0,0.0,0,0.0,0,0,0,50.0,0,0.015,0.0,0,0,50.0,0,0.015,0,0,0,0.0,0,0,0.0,0,0,,,,0.0,mobile_web,CS,,,,
[ALC] Patrulha Canina Show,120242694123040087,OUTCOME_AWARENESS,2026-04-01,1358,1008,1.347222,1,0.073638,1.850023,1.362315,1.850023,1.0,0,1.850023,0.0,0,0.0,0.0,0,0.0,0,0,0,0,0,0,0.0,0,0.0,0,0,0,1.0,0,1.850023,0.0,0,0,1.0,0,1.850023,0,0,0,0.0,0,0,0.0,0,0,,,,1.0,desktop,CS,,,,
[ALC] Patrulha Canina Show,120242694123040087,OUTCOME_AWARENESS,2026-04-01,617691,432203,1.429169,1343,0.217423,0.593112,1.289561,796.549959,1031.0,0,0.772599,69.0,0,11.544202,0.0,0,0.0,0,0,0,0,0,0,0.0,0,0.0,0,0,0,1183.0,0,0.67333,77.0,0,0,1183.0,0,0.67333,0,0,0,0.0,0,0,0.0,0,0,,,,1029.0,mobile_app,CS,,,,
[ALC] Patrulha Canina Show,120242694123040087,OUTCOME_AWARENESS,2026-04-01,1077,786,1.370229,2,0.185701,0.720009,1.337064,1.440018,0.0,0,0.0,0.0,0,0.0,0.0,0,0.0,0,0,0,0,0,0,0.0,0,0.0,0,0,0,0.0,0,0.0,0.0,0,0,0.0,0,0.0,0,0,0,0.0,0,0,0.0,0,0,,,,0.0,mobile_web,CS,,,,
[ALC] Video Patrulha Canina,120242948000440087,OUTCOME_AWARENESS,2026-04-01,663,616,1.076299,1,0.15083,1.13,1.704374,1.13,0.0,0,0.0,0.0,0,0.0,0.0,0,0.0,0,0,0,0,0,0,0.0,0,0.0,0,0,0,130.0,0,0.008692,0.0,0,0,130.0,0,0.008692,0,0,0,0.0,0,0,0.0,0,0,,,,0.0,desktop,CS,106.0,46.0,29.0,21.0
[ALC] Video Patrulha Canina,120242948000440087,OUTCOME_AWARENESS,2026-04-01,308283,260521,1.183333,695,0.225442,0.71682,1.616015,498.19,429.0,0,1.161282,12.0,0,41.515833,0.0,0,0.0,0,0,0,0,0,0,0.0,0,0.0,0,0,0,23935.0,0,0.020814,89.0,0,0,23937.0,0,0.020813,0,0,0,0.0,0,0,0.0,0,0,,,,429.0,mobile_app,CS,15816.0,4892.0,2773.0,1972.0
[ALC] Video Patrulha Canina,120242948000440087,OUTCOME_AWARENESS,2026-04-01,435,409,1.06357,2,0.45977,0.325,1.494253,0.65,1.0,0,0.65,0.0,0,0.0,0.0,0,0.0,0,0,0,0,0,0,0.0,0,0.0,0,0,0,47.0,0,0.01383,0.0,0,0,47.0,0,0.01383,0,0,0,0.0,0,0,0.0,0,0,,,,1.0,mobile_web,CS,36.0,6.0,5.0,5.0
ALC - PROMO MAES 26,120243262160690087,OUTCOME_AWARENESS,2026-04-01,248,239,1.037657,0,0.0,0.0,1.531874,0.379905,0.0,0,0.0,0.0,0,0.0,0.0,0,0.0,0,0,0,0,0,0,0.0,0,0.0,0,0,0,12.0,0,0.031659,1.0,0,0,12.0,0,0.031659,0,0,0,0.0,0,0,0.0,0,0,,,,0.0,desktop,CS,3.0,2.0,1.0,1.0
ALC - PROMO MAES 26,120243262160690087,OUTCOME_AWARENESS,2026-04-01,83151,62102,1.338942,73,0.087792,1.633426,1.434019,119.240123,60.0,0,1.987335,28.0,0,4.258576,0.0,0,0.0,0,0,0,0,0,0,0.0,0,0.0,0,0,0,2888.0,0,0.041288,8.0,0,0,2888.0,0,0.041288,0,0,0,0.0,0,0,0.0,0,0,,,,60.0,mobile_app,CS,721.0,324.0,90.0,56.0
ALC - PROMO MAES 26,120243262160690087,OUTCOME_AWARENESS,2026-04-01,77,76,1.013158,0,0.0,0.0,1.428214,0.109972,0.0,0,0.0,0.0,0,0.0,0.0,0,0.0,0,0,0,0,0,0,0.0,0,0.0,0,0,0,4.0,0,0.027493,0.0,0,0,4.0,0,0.027493,0,0,0,0.0,0,0,0.0,0,0,,,,0.0,mobile_web,CS,,,,
ALC - PROMO MAES 26,120243262160690087,OUTCOME_AWARENESS,2026-04-01,0,0,0.0,0,0.0,0.0,0.0,0.0,0.0,0,0.0,1.0,0,0.0,0.0,0,0.0,0,0,0,0,0,0,0.0,0,0.0,0,0,0,0.0,0,0.0,0.0,0,0,0.0,0,0.0,0,0,0,0.0,0,0,0.0,0,0,,,,0.0,unknown,CS,,,,
TRAF - PROMO MAES 26,120243262954300087,LINK_CLICKS,2026-04-01,9,9,1.0,0,0.0,0.0,0.0,0.0,0.0,0,0.0,0.0,0,0.0,0.0,0,0.0,0,0,0,0,0,0,0.0,0,0.0,0,0,0,1.0,0,0.0,0.0,0,0,1.0,0,0.0,0,0,0,0.0,0,0,0.0,0,0,,,,0.0,desktop,CS,,,,
TRAF - PROMO MAES 26,120243262954300087,LINK_CLICKS,2026-04-01,14110,11033,1.278891,610,4.323175,0.22118,9.562013,134.92,581.0,0,0.23222,378.0,0,0.356931,1.0,0,134.92,0,0,0,0,0,0,64.0,0,2.108125,0,0,0,3545.0,0,0.038059,65.0,0,0,3545.0,0,0.038059,0,0,0,1.0,0,0,127.0,0,0,,,,581.0,mobile_app,CS,862.0,392.0,177.0,111.0
TRAF - PROMO MAES 26,120243262954300087,LINK_CLICKS,2026-04-01,1,1,1.0,0,0.0,0.0,0.0,0.0,0.0,0,0.0,0.0,0,0.0,0.0,0,0.0,0,0,0,0,0,0,0.0,0,0.0,0,0,0,0.0,0,0.0,0.0,0,0,0.0,0,0.0,0,0,0,0.0,0,0,0.0,0,0,,,,0.0,mobile_web,CS,,,,
ALC - Narbona novos conteúdos,120240054308210087,OUTCOME_AWARENESS,2026-05-01,443,368,1.203804,3,0.677201,0.22338,1.512731,0.67014,1.0,0,0.67014,1.0,0,0.67014,1.0,0,0.67014,0,0,0,0,0,0,2.0,0,0.33507,0,0,0,47.0,0,0.014258,1.0,0,0,47.0,0,0.014258,0,0,0,1.0,0,0,1.0,0,0,,,,1.0,desktop,CS,9.0,6.0,6.0,3.0
ALC - Narbona novos conteúdos,120240054308210087,OUTCOME_AWARENESS,2026-05-01,104625,79952,1.308598,146,0.139546,0.978081,1.364872,142.799781,98.0,0,1.457141,54.0,0,2.64444,28.0,0,5.099992,0,0,0,0,0,0,159.0,0,0.898112,0,0,0,3496.0,0,0.040847,15.0,0,0,3496.0,0,0.040847,0,0,0,28.0,0,0,496.0,0,0,,,,97.0,mobile_app,CS,644.0,209.0,107.0,60.0
ALC - Narbona novos conteúdos,120240054308210087,OUTCOME_AWARENESS,2026-05-01,293,246,1.191057,1,0.341297,0.380079,1.297199,0.380079,0.0,0,0.0,0.0,0,0.0,0.0,0,0.0,0,0,0,0,0,0,1.0,0,0.380079,0,0,0,10.0,0,0.038008,0.0,0,0,10.0,0,0.038008,0,0,0,0.0,0,0,0.0,0,0,,,,0.0,mobile_web,CS,1.0,,,
[ALC] Campanha de Almoço,120241302239000087,OUTCOME_AWARENESS,2026-05-01,0,0,0.0,0,0.0,0.0,0.0,0.0,0.0,0,0.0,0.0,0,0.0,0.0,0,0.0,0,0,0,0,0,0,1.0,0,0.0,0,0,0,0.0,0,0.0,0.0,0,0,0.0,0,0.0,0,0,0,0.0,0,0,5.0,0,0,,,,0.0,mobile_app,CS,,,,
ENG - FRANQUIAS CS — Whats,120241860601160087,OUTCOME_ENGAGEMENT,2026-05-01,22776,21214,1.073631,417,1.830875,0.139209,2.548736,58.05,389.0,0,0.149229,0.0,0,0.0,0.0,0,0.0,0,0,0,0,0,0,0.0,0,0.0,0,0,0,404.0,0,0.143688,13.0,0,0,404.0,0,0.143688,0,0,0,0.0,0,0,0.0,0,0,,,,106.0,mobile_app,CS,,,,
ENG - FRANQUIAS CS — Whats,120241860601160087,OUTCOME_ENGAGEMENT,2026-05-01,1,1,1.0,0,0.0,0.0,60.0,0.06,0.0,0,0.0,0.0,0,0.0,0.0,0,0.0,0,0,0,0,0,0,0.0,0,0.0,0,0,0,0.0,0,0.0,0.0,0,0,0.0,0,0.0,0,0,0,0.0,0,0,0.0,0,0,,,,0.0,mobile_web,CS,,,,
ALC - Super Games,120242125799840087,OUTCOME_AWARENESS,2026-05-01,1060,936,1.132479,1,0.09434,1.31997,1.245255,1.31997,0.0,0,0.0,0.0,0,0.0,0.0,0,0.0,0,0,0,0,0,0,0.0,0,0.0,0,0,0,92.0,0,0.014348,0.0,0,0,92.0,0,0.014348,0,0,0,0.0,0,0,0.0,0,0,,,,0.0,desktop,CS,44.0,25.0,17.0,14.0
ALC - Super Games,120242125799840087,OUTCOME_AWARENESS,2026-05-01,305106,209031,1.459621,447,0.146506,0.973669,1.426488,435.230043,363.0,0,1.198981,8.0,0,54.403755,0.0,0,0.0,0,0,0,0,0,0,0.0,0,0.0,0,0,0,14528.0,0,0.029958,55.0,0,0,14528.0,0,0.029958,0,0,0,0.0,0,0,0.0,0,0,,,,363.0,mobile_app,CS,6212.0,3064.0,1390.0,661.0
ALC - Super Games,120242125799840087,OUTCOME_AWARENESS,2026-05-01,512,453,1.130243,3,0.585938,0.183329,1.074194,0.549987,0.0,0,0.0,0.0,0,0.0,0.0,0,0.0,0,0,0,0,0,0,0.0,0,0.0,0,0,0,29.0,0,0.018965,0.0,0,0,29.0,0,0.018965,0,0,0,0.0,0,0,0.0,0,0,,,,0.0,mobile_web,CS,14.0,2.0,,
ALC - PROMO MAES 26,120243262160690087,OUTCOME_AWARENESS,2026-05-01,445,419,1.062053,0,0.0,0.0,1.303319,0.579977,0.0,0,0.0,0.0,0,0.0,0.0,0,0.0,0,0,0,0,0,0,0.0,0,0.0,0,0,0,20.0,0,0.028999,0.0,0,0,20.0,0,0.028999,0,0,0,0.0,0,0,0.0,0,0,,,,0.0,desktop,CS,3.0,3.0,3.0,3.0
ALC - PROMO MAES 26,120243262160690087,OUTCOME_AWARENESS,2026-05-01,174113,127725,1.363187,177,0.101658,1.419322,1.442856,251.220038,147.0,0,1.70898,82.0,0,3.063659,0.0,0,0.0,0,0,0,0,0,0,0.0,0,0.0,0,0,0,4577.0,0,0.054887,35.0,0,0,4577.0,0,0.054887,0,0,0,0.0,0,0,0.0,0,0,,,,147.0,mobile_app,CS,832.0,234.0,118.0,66.0
ALC - PROMO MAES 26,120243262160690087,OUTCOME_AWARENESS,2026-05-01,287,259,1.108108,0,0.0,0.0,1.289147,0.369985,0.0,0,0.0,0.0,0,0.0,0.0,0,0.0,0,0,0,0,0,0,0.0,0,0.0,0,0,0,19.0,0,0.019473,0.0,0,0,19.0,0,0.019473,0,0,0,0.0,0,0,0.0,0,0,,,,0.0,mobile_web,CS,2.0,,,
TRAF - PROMO MAES 26,120243262954300087,LINK_CLICKS,2026-05-01,3,3,1.0,0,0.0,0.0,0.0,0.0,0.0,0,0.0,0.0,0,0.0,0.0,0,0.0,0,0,0,0,0,0,0.0,0,0.0,0,0,0,0.0,0,0.0,0.0,0,0,0.0,0,0.0,0,0,0,0.0,0,0,0.0,0,0,,,,0.0,desktop,CS,,,,
TRAF - PROMO MAES 26,120243262954300087,LINK_CLICKS,2026-05-01,26697,18096,1.475298,1464,5.483762,0.165253,9.062067,241.93,1426.0,0,0.169656,997.0,0,0.242658,23.0,0,10.518696,0,0,0,0,0,0,158.0,0,1.531203,0,0,0,9872.0,0,0.024507,229.0,0,0,9872.0,0,0.024507,0,0,0,23.0,0,0,276.0,0,0,,,,1426.0,mobile_app,CS,2686.0,1301.0,783.0,513.0
TRAF - PROMO MAES 26,120243262954300087,LINK_CLICKS,2026-05-01,1,1,1.0,0,0.0,0.0,0.0,0.0,0.0,0,0.0,0.0,0,0.0,0.0,0,0.0,0,0,0,0,0,0,0.0,0,0.0,0,0,0,0.0,0,0.0,0.0,0,0,0.0,0,0.0,0,0,0,0.0,0,0,0.0,0,0,,,,0.0,mobile_web,CS,,,,
ALC - PRESENTES MAE,120243695350000087,OUTCOME_AWARENESS,2026-05-01,179180,121848,1.470521,178,0.099341,1.317022,1.308349,234.43,152.0,0,1.542303,2.0,0,117.215,0.0,0,0.0,0,0,0,0,0,0,0.0,0,0.0,0,0,0,177.0,0,1.324463,12.0,0,0,177.0,0,1.324463,0,0,0,0.0,0,0,0.0,0,0,,,,0.0,mobile_app,CS,12.0,7.0,5.0,3.0
ENG - ALBUM DE FIGURINHAS,120243696014400087,OUTCOME_ENGAGEMENT,2026-05-01,108,96,1.125,3,2.777778,0.073333,2.037037,0.22,0.0,0,0.0,0.0,0,0.0,0.0,0,0.0,0,0,0,0,0,0,0.0,0,0.0,0,0,0,30.0,0,0.007333,0.0,0,0,30.0,0,0.007333,0,0,0,0.0,0,0,0.0,0,0,,,,0.0,desktop,CS,17.0,7.0,3.0,2.0
ENG - ALBUM DE FIGURINHAS,120243696014400087,OUTCOME_ENGAGEMENT,2026-05-01,12187,10045,1.21324,114,0.935423,0.29807,2.788217,33.98,0.0,0,0.0,0.0,0,0.0,0.0,0,0.0,0,0,0,0,0,0,0.0,0,0.0,0,0,0,4260.0,0,0.007977,96.0,0,0,4260.0,0,0.007977,0,0,0,0.0,0,0,0.0,0,0,,,,0.0,mobile_app,CS,2566.0,1130.0,605.0,320.0
ENG - ALBUM DE FIGURINHAS,120243696014400087,OUTCOME_ENGAGEMENT,2026-05-01,36,32,1.125,0,0.0,0.0,1.666667,0.06,0.0,0,0.0,0.0,0,0.0,0.0,0,0.0,0,0,0,0,0,0,0.0,0,0.0,0,0,0,10.0,0,0.006,0.0,0,0,10.0,0,0.006,0,0,0,0.0,0,0,0.0,0,0,,,,0.0,mobile_web,CS,8.0,1.0,1.0,
ALC - NATAL 25,120236680754500402,OUTCOME_AWARENESS,2025-11-09,942,604,1.559603,0,0.0,0.0,1.571352,1.480213,0.0,0,0.0,0.0,0,0.0,0.0,0,0.0,0,0,0,0,0,0,0.0,0,0.0,0,0,0,3.0,0,0.493404,0.0,0,0,3.0,0,0.493404,0,0,0,0.0,0,0,0.0,0,0,,,,0.0,desktop,BS,13.0,5.0,1.0,1.0
ALC - NATAL 25,120236680754500402,OUTCOME_AWARENESS,2025-11-09,442661,221211,2.00108,660,0.149098,1.047272,1.561465,691.199674,469.0,0,1.473773,94.0,0,7.353188,0.0,0,0.0,0,0,0,0,0,0,0.0,0,0.0,0,0,0,3475.0,0,0.198906,75.0,0,0,3475.0,0,0.198906,0,0,0,0.0,0,0,0.0,0,0,,,,469.0,mobile_app,BS,10602.0,3151.0,1758.0,1226.0
ALC - NATAL 25,120236680754500402,OUTCOME_AWARENESS,2025-11-09,454,300,1.513333,1,0.220264,0.780113,1.718309,0.780113,1.0,0,0.780113,1.0,0,0.780113,0.0,0,0.0,0,0,0,0,0,0,0.0,0,0.0,0,0,0,4.0,0,0.195028,0.0,0,0,4.0,0,0.195028,0,0,0,0.0,0,0,0.0,0,0,,,,1.0,mobile_web,BS,5.0,2.0,2.0,1.0
Aventura Canina,120237077896970402,LINK_CLICKS,2025-11-09,1187,441,2.69161,5,0.42123,0.430185,1.812068,2.150925,4.0,0,0.537731,3.0,0,0.716975,0.0,0,0.0,0,0,0,0,0,0,0.0,0,0.0,0,0,0,24.0,0,0.089622,0.0,0,0,24.0,0,0.089622,0,0,0,0.0,0,0,0.0,0,0,,,,4.0,desktop,BS,20.0,20.0,20.0,19.0
Aventura Canina,120237077896970402,LINK_CLICKS,2025-11-09,216535,110337,1.962488,3580,1.653312,0.278388,4.602622,996.628718,2932.0,0,0.339914,1342.0,0,0.742644,0.0,0,0.0,0,0,0,0,0,0,0.0,0,0.0,0,0,0,4563.0,0,0.218415,136.0,0,0,4566.0,0,0.218272,0,0,0,0.0,0,0,0.0,0,0,,,,2932.0,mobile_app,BS,2678.0,1377.0,969.0,751.0
Aventura Canina,120237077896970402,LINK_CLICKS,2025-11-09,284,194,1.463918,7,2.464789,0.118622,2.923793,0.830357,2.0,0,0.415179,1.0,0,0.830357,0.0,0,0.0,0,0,0,0,0,0,0.0,0,0.0,0,0,0,2.0,0,0.415179,0.0,0,0,2.0,0,0.415179,0,0,0,0.0,0,0,0.0,0,0,,,,2.0,mobile_web,BS,1.0,,,
Reels Aventura Canina,120237269817780402,LINK_CLICKS,2025-11-09,85,72,1.180556,4,4.705882,0.045016,2.11841,0.180065,3.0,0,0.060022,3.0,0,0.060022,0.0,0,0.0,0,0,0,0,0,0,0.0,0,0.0,0,0,0,28.0,0,0.006431,0.0,0,0,28.0,0,0.006431,0,0,0,0.0,0,0,0.0,0,0,,,,3.0,desktop,BS,11.0,8.0,6.0,3.0
Reels Aventura Canina,120237269817780402,LINK_CLICKS,2025-11-09,263272,141059,1.866396,9247,3.512337,0.108114,3.797327,999.729903,5106.0,0,0.195795,2372.0,0,0.421471,0.0,0,0.0,0,0,0,0,0,0,0.0,0,0.0,0,0,0,55146.0,0,0.018129,534.0,0,0,55168.0,0,0.018122,0,0,0,0.0,0,0,0.0,0,0,,,,5101.0,mobile_app,BS,27291.0,13342.0,8551.0,6269.0
Reels Aventura Canina,120237269817780402,LINK_CLICKS,2025-11-09,23,18,1.277778,0,0.0,0.0,3.914453,0.090032,0.0,0,0.0,0.0,0,0.0,0.0,0,0.0,0,0,0,0,0,0,0.0,0,0.0,0,0,0,4.0,0,0.022508,0.0,0,0,4.0,0,0.022508,0,0,0,0.0,0,0,0.0,0,0,,,,0.0,mobile_web,BS,3.0,,,
TRAF - NATAL 25 - CLIQUES,120237281768620402,LINK_CLICKS,2025-11-09,15,14,1.071429,0,0.0,0.0,2.00037,0.030006,0.0,0,0.0,0.0,0,0.0,0.0,0,0.0,0,0,0,0,0,0,0.0,0,0.0,0,0,0,1.0,0,0.030006,0.0,0,0,1.0,0,0.030006,0,0,0,0.0,0,0,0.0,0,0,,,,0.0,desktop,BS,,,,
TRAF - NATAL 25 - CLIQUES,120237281768620402,LINK_CLICKS,2025-11-09,93503,48991,1.908575,1574,1.683368,0.240343,4.045859,378.299985,1422.0,0,0.266034,1102.0,0,0.343285,0.0,0,0.0,0,0,0,0,0,0,0.0,0,0.0,0,0,0,2313.0,0,0.163554,150.0,0,0,2313.0,0,0.163554,0,0,0,0.0,0,0,0.0,0,0,,,,1422.0,mobile_app,BS,401.0,205.0,114.0,77.0
TRAF - NATAL 25 - CLIQUES,120237281768620402,LINK_CLICKS,2025-11-09,11,9,1.222222,2,18.181818,0.025005,4.546296,0.050009,2.0,0,0.025005,1.0,0,0.050009,0.0,0,0.0,0,0,0,0,0,0,0.0,0,0.0,0,0,0,2.0,0,0.025005,0.0,0,0,2.0,0,0.025005,0,0,0,0.0,0,0,0.0,0,0,,,,2.0,mobile_web,BS,,,,
Video Campanha Jeep,120237337357090402,LINK_CLICKS,2025-11-09,7,7,1.0,1,14.285714,0.020002,2.857406,0.020002,0.0,0,0.0,0.0,0,0.0,0.0,0,0.0,0,0,0,0,0,0,0.0,0,0.0,0,0,0,1.0,0,0.020002,0.0,0,0,1.0,0,0.020002,0,0,0,0.0,0,0,0.0,0,0,,,,0.0,desktop,BS,1.0,1.0,1.0,1.0
Video Campanha Jeep,120237337357090402,LINK_CLICKS,2025-11-09,67841,49249,1.37751,2201,3.244351,0.197047,6.392889,433.699988,1484.0,0,0.292251,564.0,0,0.768972,0.0,0,0.0,0,0,0,0,0,0,0.0,0,0.0,0,0,0,13288.0,0,0.032638,134.0,0,0,13290.0,0,0.032634,0,0,0,0.0,0,0,0.0,0,0,,,,1482.0,mobile_app,BS,4785.0,2233.0,1183.0,578.0
Video Campanha Jeep,120237337357090402,LINK_CLICKS,2025-11-09,8,4,2.0,0,0.0,0.0,13.751268,0.11001,0.0,0,0.0,0.0,0,0.0,0.0,0,0.0,0,0,0,0,0,0,0.0,0,0.0,0,0,0,0.0,0,0.0,0.0,0,0,0.0,0,0.0,0,0,0,0.0,0,0,0.0,0,0,,,,0.0,mobile_web,BS,,,,
Sessão especial Wicked,120237355221110402,LINK_CLICKS,2025-11-09,9,9,1.0,0,0.0,0.0,5.559688,0.050037,0.0,0,0.0,0.0,0,0.0,0.0,0,0.0,0,0,0,0,0,0,0.0,0,0.0,0,0,0,0.0,0,0.0,0.0,0,0,0.0,0,0.0,0,0,0,0.0,0,0,0.0,0,0,,,,0.0,desktop,BS,,,,
Sessão especial Wicked,120237355221110402,LINK_CLICKS,2025-11-09,66491,43936,1.51336,1087,1.634808,0.321619,5.257853,349.599881,813.0,0,0.430012,568.0,0,0.615493,0.0,0,0.0,0,0,0,0,0,0,0.0,0,0.0,0,0,0,1000.0,0,0.3496,76.0,0,0,1002.0,0,0.348902,0,0,0,0.0,0,0,0.0,0,0,,,,813.0,mobile_app,BS,152.0,70.0,47.0,38.0
Sessão especial Wicked,120237355221110402,LINK_CLICKS,2025-11-09,31,28,1.107143,1,3.225806,0.110082,3.551027,0.110082,1.0,0,0.110082,0.0,0,0.0,0.0,0,0.0,0,0,0,0,0,0,0.0,0,0.0,0,0,0,1.0,0,0.110082,0.0,0,0,1.0,0,0.110082,0,0,0,0.0,0,0,0.0,0,0,,,,1.0,mobile_web,BS,,,,
Vilão Favorito,120237719928760402,LINK_CLICKS,2025-11-09,1722,502,3.430279,2,0.116144,0.885044,1.027926,1.770089,2.0,0,0.885044,0.0,0,0.0,0.0,0,0.0,0,0,0,0,0,0,0.0,0,0.0,0,0,0,51.0,0,0.034708,0.0,0,0,51.0,0,0.034708,0,0,0,0.0,0,0,0.0,0,0,,,,2.0,desktop,BS,48.0,48.0,48.0,48.0
Vilão Favorito,120237719928760402,LINK_CLICKS,2025-11-09,236198,116722,2.023595,3371,1.427192,0.29582,4.221923,997.20986,2723.0,0,0.366217,820.0,0,1.21611,0.0,0,0.0,0,0,0,0,0,0,0.0,0,0.0,0,0,0,3511.0,0,0.284024,173.0,0,0,3516.0,0,0.283621,0,0,0,0.0,0,0,0.0,0,0,,,,2723.0,mobile_app,BS,1160.0,562.0,382.0,304.0
Vilão Favorito,120237719928760402,LINK_CLICKS,2025-11-09,262,156,1.679487,5,1.908397,0.20401,3.893324,1.020051,3.0,0,0.340017,0.0,0,0.0,0.0,0,0.0,0,0,0,0,0,0,0.0,0,0.0,0,0,0,3.0,0,0.340017,0.0,0,0,3.0,0,0.340017,0,0,0,0.0,0,0,0.0,0,0,,,,3.0,mobile_web,BS,,,,
ALC - NATAL 25,120236680754500402,OUTCOME_AWARENESS,2025-12-01,2634,1386,1.900433,3,0.113895,1.173521,1.336584,3.520562,2.0,0,1.760281,0.0,0,0.0,0.0,0,0.0,0,0,0,0,0,0,0.0,0,0.0,0,0,0,95.0,0,0.037059,0.0,0,0,95.0,0,0.037059,0,0,0,0.0,0,0,0.0,0,0,,,,2.0,desktop,BS,75.0,35.0,20.0,15.0
ALC - NATAL 25,120236680754500402,OUTCOME_AWARENESS,2025-12-01,1326453,531227,2.496961,2550,0.192242,0.660623,1.269995,1684.589077,1453.0,0,1.159387,193.0,0,8.728441,0.0,0,0.0,0,0,0,0,0,0,0.0,0,0.0,0,0,0,20774.0,0,0.081091,274.0,0,0,20778.0,0,0.081076,0,0,0,0.0,0,0,0.0,0,0,,,,1420.0,mobile_app,BS,12910.0,4492.0,2156.0,1388.0
ALC - NATAL 25,120236680754500402,OUTCOME_AWARENESS,2025-12-01,1901,959,1.982273,8,0.420831,0.282545,1.189038,2.260361,1.0,0,2.260361,0.0,0,0.0,0.0,0,0.0,0,0,0,0,0,0,0.0,0,0.0,0,0,0,49.0,0,0.04613,0.0,0,0,49.0,0,0.04613,0,0,0,0.0,0,0,0.0,0,0,,,,1.0,mobile_web,BS,25.0,9.0,6.0,3.0
TRAF - NATAL 25 - CLIQUES,120237281768620402,LINK_CLICKS,2025-12-01,123,100,1.23,1,0.813008,0.170013,1.382218,0.170013,1.0,0,0.170013,1.0,0,0.170013,0.0,0,0.0,0,0,0,0,0,0,0.0,0,0.0,0,0,0,7.0,0,0.024288,0.0,0,0,7.0,0,0.024288,0,0,0,0.0,0,0,0.0,0,0,,,,1.0,desktop,BS,3.0,,,
TRAF - NATAL 25 - CLIQUES,120237281768620402,LINK_CLICKS,2025-12-01,518098,183773,2.819228,9297,1.794448,0.200416,3.596366,1863.269978,8398.0,0,0.221871,3517.0,0,0.52979,0.0,0,0.0,0,0,0,0,0,0,0.0,0,0.0,0,0,0,20761.0,0,0.089749,762.0,0,0,20761.0,0,0.089749,0,0,0,0.0,0,0,0.0,0,0,,,,8393.0,mobile_app,BS,5314.0,2548.0,1625.0,1045.0
TRAF - NATAL 25 - CLIQUES,120237281768620402,LINK_CLICKS,2025-12-01,27,16,1.6875,0,0.0,0.0,4.444778,0.120009,0.0,0,0.0,0.0,0,0.0,0.0,0,0.0,0,0,0,0,0,0,0.0,0,0.0,0,0,0,2.0,0,0.060005,1.0,0,0,2.0,0,0.060005,0,0,0,0.0,0,0,0.0,0,0,,,,0.0,mobile_web,BS,1.0,,,
Video Campanha Jeep,120237337357090402,LINK_CLICKS,2025-12-01,818,801,1.021223,42,5.134474,0.26619,13.667482,11.18,27.0,0,0.414074,17.0,0,0.657647,0.0,0,0.0,0,0,0,0,0,0,0.0,0,0.0,0,0,0,267.0,0,0.041873,5.0,0,0,267.0,0,0.041873,0,0,0,0.0,0,0,0.0,0,0,,,,27.0,mobile_app,BS,103.0,54.0,35.0,21.0
ALC - Pet Day,120238799202670402,OUTCOME_AWARENESS,2025-12-01,272528,208250,1.308658,299,0.109714,1.672241,1.834674,500.0,238.0,0,2.10084,0.0,0,0.0,0.0,0,0.0,0,0,0,0,0,0,0.0,0,0.0,0,0,0,465.0,0,1.075269,11.0,0,0,465.0,0,1.075269,0,0,0,0.0,0,0,0.0,0,0,,,,1.0,mobile_app,BS,327.0,159.0,96.0,64.0
ALC - Encontro com personagens,120238799625500402,OUTCOME_AWARENESS,2025-12-01,279027,192533,1.449242,368,0.131887,1.358696,1.791941,500.0,299.0,0,1.672241,0.0,0,0.0,0.0,0,0.0,0,0,0,0,0,0,0.0,0,0.0,0,0,0,395.0,0,1.265823,17.0,0,0,395.0,0,1.265823,0,0,0,0.0,0,0,0.0,0,0,,,,0.0,mobile_app,BS,207.0,81.0,61.0,41.0
ENG - PANETONE,120238800303500402,OUTCOME_ENGAGEMENT,2025-12-01,50871,31980,1.590713,141,0.277172,1.772837,4.913802,249.97,82.0,0,3.048415,0.0,0,0.0,0.0,0,0.0,0,0,0,0,0,0,0.0,0,0.0,0,0,0,19024.0,0,0.01314,88.0,0,0,19024.0,0,0.01314,0,0,0,0.0,0,0,0.0,0,0,,,,37.0,mobile_app,BS,14202.0,7402.0,5742.0,2603.0
ALC - NATAL 25,120236680754500402,OUTCOME_AWARENESS,2026-01-01,1863,1301,1.431975,7,0.375738,0.218583,0.8213,1.530082,2.0,0,0.765041,0.0,0,0.0,0.0,0,0.0,0,0,0,0,0,0,0.0,0,0.0,0,0,0,161.0,0,0.009504,1.0,0,0,161.0,0,0.009504,0,0,0,0.0,0,0,0.0,0,0,,,,2.0,desktop,BS,133.0,64.0,40.0,26.0
ALC - NATAL 25,120236680754500402,OUTCOME_AWARENESS,2026-01-01,717170,440950,1.62642,990,0.138043,0.561646,0.775311,556.029873,540.0,0,1.029685,79.0,0,7.038353,0.0,0,0.0,0,0,0,0,0,0,0.0,0,0.0,0,0,0,15545.0,0,0.035769,151.0,0,0,15545.0,0,0.035769,0,0,0,0.0,0,0,0.0,0,0,,,,500.0,mobile_app,BS,12713.0,4604.0,2149.0,1397.0
ALC - NATAL 25,120236680754500402,OUTCOME_AWARENESS,2026-01-01,949,643,1.475894,4,0.421496,0.210011,0.88519,0.840045,1.0,0,0.840045,1.0,0,0.840045,0.0,0,0.0,0,0,0,0,0,0,0.0,0,0.0,0,0,0,26.0,0,0.032309,1.0,0,0,26.0,0,0.032309,0,0,0,0.0,0,0,0.0,0,0,,,,1.0,mobile_web,BS,15.0,6.0,4.0,3.0
TRAF - NATAL 25 - CLIQUES,120237281768620402,LINK_CLICKS,2026-01-01,251,207,1.21256,6,2.390438,0.068333,1.633466,0.41,3.0,0,0.136667,1.0,0,0.41,0.0,0,0.0,0,0,0,0,0,0,0.0,0,0.0,0,0,0,57.0,0,0.007193,0.0,0,0,57.0,0,0.007193,0,0,0,0.0,0,0,0.0,0,0,,,,3.0,desktop,BS,22.0,13.0,10.0,6.0
TRAF - NATAL 25 - CLIQUES,120237281768620402,LINK_CLICKS,2026-01-01,176889,98963,1.787426,4221,2.386242,0.12304,2.936022,519.35,3739.0,0,0.138901,1519.0,0,0.341903,0.0,0,0.0,0,0,0,0,0,0,0.0,0,0.0,0,0,0,15758.0,0,0.032958,262.0,0,0,15758.0,0,0.032958,0,0,0,0.0,0,0,0.0,0,0,,,,3738.0,mobile_app,BS,5188.0,2427.0,1476.0,942.0
TRAF - NATAL 25 - CLIQUES,120237281768620402,LINK_CLICKS,2026-01-01,7,4,1.75,0,0.0,0.0,1.428571,0.01,0.0,0,0.0,0.0,0,0.0,0.0,0,0.0,0,0,0,0,0,0,0.0,0,0.0,0,0,0,0.0,0,0.0,0.0,0,0,0.0,0,0.0,0,0,0,0.0,0,0,0.0,0,0,,,,0.0,mobile_web,BS,,,,
ALC - Capivalley - CS,120239928434450402,OUTCOME_AWARENESS,2026-01-01,762,563,1.353464,0,0.0,0.0,0.839895,0.64,0.0,0,0.0,0.0,0,0.0,0.0,0,0.0,0,0,0,0,0,0,0.0,0,0.0,0,0,0,0.0,0,0.0,0.0,0,0,0.0,0,0.0,0,0,0,0.0,0,0,0.0,0,0,,,,0.0,desktop,BS,,,,
ALC - Capivalley - CS,120239928434450402,OUTCOME_AWARENESS,2026-01-01,82730,58367,1.417411,144,0.17406,0.553125,0.96277,79.65,84.0,0,0.948214,0.0,0,0.0,0.0,0,0.0,0,0,0,0,0,0,0.0,0,0.0,0,0,0,100.0,0,0.7965,16.0,0,0,100.0,0,0.7965,0,0,0,0.0,0,0,0.0,0,0,,,,84.0,mobile_app,BS,,,,
ALC - Capivalley - CS,120239928434450402,OUTCOME_AWARENESS,2026-01-01,658,494,1.331984,3,0.455927,0.206667,0.942249,0.62,1.0,0,0.62,0.0,0,0.0,0.0,0,0.0,0,0,0,0,0,0,0.0,0,0.0,0,0,0,1.0,0,0.62,0.0,0,0,1.0,0,0.62,0,0,0,0.0,0,0,0.0,0,0,,,,1.0,mobile_web,BS,,,,
ALC - LIQUIDA 25,120239970790610402,OUTCOME_AWARENESS,2026-01-01,5586,4356,1.282369,1,0.017902,11.220711,2.00872,11.220711,0.0,0,0.0,0.0,0,0.0,0.0,0,0.0,0,0,0,0,0,0,0.0,0,0.0,0,0,0,285.0,0,0.039371,0.0,0,0,285.0,0,0.039371,0,0,0,0.0,0,0,0.0,0,0,,,,0.0,desktop,BS,218.0,111.0,86.0,75.0
ALC - LIQUIDA 25,120239970790610402,OUTCOME_AWARENESS,2026-01-01,1523451,813933,1.871715,1437,0.094325,2.076513,1.958677,2983.948985,1064.0,0,2.804463,538.0,0,5.546374,0.0,0,0.0,0,0,0,0,0,0,0.0,0,0.0,0,0,0,38334.0,0,0.077841,150.0,0,0,38334.0,0,0.077841,0,0,0,0.0,0,0,0.0,0,0,,,,1048.0,mobile_app,BS,28587.0,12365.0,7540.0,5492.0
ALC - LIQUIDA 25,120239970790610402,OUTCOME_AWARENESS,2026-01-01,2565,1909,1.343635,0,0.0,0.0,1.871464,4.800304,0.0,0,0.0,0.0,0,0.0,0.0,0,0.0,0,0,0,0,0,0,0.0,0,0.0,0,0,0,121.0,0,0.039672,0.0,0,0,121.0,0,0.039672,0,0,0,0.0,0,0,0.0,0,0,,,,0.0,mobile_web,BS,96.0,38.0,25.0,21.0
ALC - LIQUIDA 25,120239970790610402,OUTCOME_AWARENESS,2026-01-01,0,0,0.0,0,0.0,0.0,0.0,0.0,0.0,0,0.0,3.0,0,0.0,0.0,0,0.0,0,0,0,0,0,0,0.0,0,0.0,0,0,0,0.0,0,0.0,0.0,0,0,0.0,0,0.0,0,0,0,0.0,0,0,0.0,0,0,,,,0.0,unknown,BS,,,,
ALC - VOLTA AS AULAS,120240233245310402,OUTCOME_AWARENESS,2026-01-01,489249,284270,1.721072,455,0.093,1.204242,1.119941,547.93,324.0,0,1.691142,0.0,0,0.0,0.0,0,0.0,0,0,0,0,0,0,0.0,0,0.0,0,0,0,14284.0,0,0.03836,57.0,0,0,14284.0,0,0.03836,0,0,0,0.0,0,0,0.0,0,0,,,,0.0,mobile_app,BS,3211.0,633.0,343.0,226.0
ALC - VOLTA AS AULAS,120240233245310402,OUTCOME_AWARENESS,2026-01-01,5,5,1.0,0,0.0,0.0,2.0,0.01,0.0,0,0.0,0.0,0,0.0,0.0,0,0.0,0,0,0,0,0,0,0.0,0,0.0,0,0,0,0.0,0,0.0,0.0,0,0,0.0,0,0.0,0,0,0,0.0,0,0,0.0,0,0,,,,0.0,mobile_web,BS,,,,
ALC - SUMMER,120240233387880402,OUTCOME_AWARENESS,2026-01-01,820,658,1.246201,0,0.0,0.0,1.195122,0.98,0.0,0,0.0,0.0,0,0.0,0.0,0,0.0,0,0,0,0,0,0,0.0,0,0.0,0,0,0,4.0,0,0.245,0.0,0,0,4.0,0,0.245,0,0,0,0.0,0,0,0.0,0,0,,,,0.0,desktop,BS,17.0,4.0,3.0,3.0
ALC - SUMMER,120240233387880402,OUTCOME_AWARENESS,2026-01-01,668084,300169,2.225693,152,0.022752,5.247171,1.193817,797.57,7.0,0,113.938571,0.0,0,0.0,0.0,0,0.0,0,0,0,0,0,0,0.0,0,0.0,0,0,0,4501.0,0,0.177198,54.0,0,0,4501.0,0,0.177198,0,0,0,0.0,0,0,0.0,0,0,,,,1.0,mobile_app,BS,19098.0,5700.0,3307.0,2353.0
ALC - SUMMER,120240233387880402,OUTCOME_AWARENESS,2026-01-01,496,400,1.24,0,0.0,0.0,1.431452,0.71,0.0,0,0.0,0.0,0,0.0,0.0,0,0.0,0,0,0,0,0,0,0.0,0,0.0,0,0,0,0.0,0,0.0,0.0,0,0,0.0,0,0.0,0,0,0,0.0,0,0,0.0,0,0,,,,0.0,mobile_web,BS,7.0,1.0,,
ALC - VOLTA AS AULAS,120240233245310402,OUTCOME_AWARENESS,2026-02-01,206,150,1.373333,0,0.0,0.0,1.019417,0.21,0.0,0,0.0,0.0,0,0.0,0.0,0,0.0,0,0,0,0,0,0,0.0,0,0.0,0,0,0,0.0,0,0.0,0.0,0,0,0.0,0,0.0,0,0,0,0.0,0,0,0.0,0,0,,,,0.0,desktop,BS,,,,
ALC - VOLTA AS AULAS,120240233245310402,OUTCOME_AWARENESS,2026-02-01,207337,172644,1.200951,162,0.078134,1.186852,0.927331,192.27,117.0,0,1.643333,0.0,0,0.0,0.0,0,0.0,0,0,0,0,0,0,0.0,0,0.0,0,0,0,1210.0,0,0.158901,19.0,0,0,1210.0,0,0.158901,0,0,0,0.0,0,0,0.0,0,0,,,,22.0,mobile_app,BS,281.0,75.0,29.0,23.0
ALC - VOLTA AS AULAS,120240233245310402,OUTCOME_AWARENESS,2026-02-01,338,249,1.35743,0,0.0,0.0,0.91716,0.31,0.0,0,0.0,0.0,0,0.0,0.0,0,0.0,0,0,0,0,0,0,0.0,0,0.0,0,0,0,0.0,0,0.0,0.0,0,0,0.0,0,0.0,0,0,0,0.0,0,0,0.0,0,0,,,,0.0,mobile_web,BS,,,,
ALC - SUMMER,120240233387880402,OUTCOME_AWARENESS,2026-02-01,1183,822,1.439173,0,0.0,0.0,0.896027,1.06,0.0,0,0.0,0.0,0,0.0,0.0,0,0.0,0,0,0,0,0,0,0.0,0,0.0,0,0,0,11.0,0,0.096364,0.0,0,0,11.0,0,0.096364,0,0,0,0.0,0,0,0.0,0,0,,,,0.0,desktop,BS,18.0,15.0,9.0,6.0
ALC - SUMMER,120240233387880402,OUTCOME_AWARENESS,2026-02-01,259661,192709,1.347425,128,0.049295,2.191172,1.080139,280.47,18.0,0,15.581667,1.0,0,280.47,0.0,0,0.0,0,0,0,0,0,0,0.0,0,0.0,0,0,0,2204.0,0,0.127255,61.0,0,0,2204.0,0,0.127255,0,0,0,0.0,0,0,0.0,0,0,,,,0.0,mobile_app,BS,15428.0,2764.0,1579.0,1082.0
ALC - SUMMER,120240233387880402,OUTCOME_AWARENESS,2026-02-01,140,122,1.147541,1,0.714286,0.14,1.0,0.14,0.0,0,0.0,0.0,0,0.0,0.0,0,0.0,0,0,0,0,0,0,0.0,0,0.0,0,0,0,1.0,0,0.14,0.0,0,0,1.0,0,0.14,0,0,0,0.0,0,0,0.0,0,0,,,,0.0,mobile_web,BS,2.0,1.0,,
ALC - Semana do Cinema - BS JAN 25,120241101673890402,OUTCOME_AWARENESS,2026-02-01,813,736,1.10462,0,0.0,0.0,1.279213,1.04,0.0,0,0.0,0.0,0,0.0,0.0,0,0.0,0,0,0,0,0,0,0.0,0,0.0,0,0,0,0.0,0,0.0,0.0,0,0,0.0,0,0.0,0,0,0,0.0,0,0,0.0,0,0,,,,0.0,desktop,BS,,,,
ALC - Semana do Cinema - BS JAN 25,120241101673890402,OUTCOME_AWARENESS,2026-02-01,168383,130494,1.290351,271,0.160943,0.780111,1.255531,211.41,192.0,0,1.101094,114.0,0,1.854474,0.0,0,0.0,0,0,0,0,0,0,0.0,0,0.0,0,0,0,213.0,0,0.992535,14.0,0,0,213.0,0,0.992535,0,0,0,0.0,0,0,0.0,0,0,,,,184.0,mobile_app,BS,,,,
ALC - Semana do Cinema - BS JAN 25,120241101673890402,OUTCOME_AWARENESS,2026-02-01,388,384,1.010417,1,0.257732,0.51,1.314433,0.51,0.0,0,0.0,0.0,0,0.0,0.0,0,0.0,0,0,0,0,0,0,0.0,0,0.0,0,0,0,0.0,0,0.0,0.0,0,0,0.0,0,0.0,0,0,0,0.0,0,0,0.0,0,0,,,,0.0,mobile_web,BS,,,,
ALC - Semana do Cinema - BS JAN 25,120241101673890402,OUTCOME_AWARENESS,2026-02-01,1,1,1.0,0,0.0,0.0,10.0,0.01,0.0,0,0.0,0.0,0,0.0,0.0,0,0.0,0,0,0,0,0,0,0.0,0,0.0,0,0,0,0.0,0,0.0,0.0,0,0,0.0,0,0.0,0,0,0,0.0,0,0,0.0,0,0,,,,0.0,unknown,BS,,,,
ALC - Inauguração - Shantal,120241101729600402,OUTCOME_AWARENESS,2026-02-01,90,84,1.071429,0,0.0,0.0,1.0,0.09,0.0,0,0.0,0.0,0,0.0,0.0,0,0.0,0,0,0,0,0,0,0.0,0,0.0,0,0,0,0.0,0,0.0,0.0,0,0,0.0,0,0.0,0,0,0,0.0,0,0,0.0,0,0,,,,0.0,desktop,BS,,,,
ALC - Inauguração - Shantal,120241101729600402,OUTCOME_AWARENESS,2026-02-01,79781,65636,1.215507,81,0.101528,1.226543,1.245284,99.35,58.0,0,1.712931,0.0,0,0.0,0.0,0,0.0,0,0,0,0,0,0,0.0,0,0.0,0,0,0,303.0,0,0.327888,8.0,0,0,303.0,0,0.327888,0,0,0,0.0,0,0,0.0,0,0,,,,2.0,mobile_app,BS,155.0,66.0,30.0,19.0
ALC - Inauguração - Shantal,120241101729600402,OUTCOME_AWARENESS,2026-02-01,24,23,1.043478,0,0.0,0.0,1.25,0.03,0.0,0,0.0,0.0,0,0.0,0.0,0,0.0,0,0,0,0,0,0,0.0,0,0.0,0,0,0,0.0,0,0.0,0.0,0,0,0.0,0,0.0,0,0,0,0.0,0,0,0.0,0,0,,,,0.0,mobile_web,BS,,,,
ALC - Arena Summer Vibes Sephora,120241133287260402,OUTCOME_AWARENESS,2026-02-01,828,747,1.108434,1,0.120773,1.68,2.028986,1.68,0.0,0,0.0,0.0,0,0.0,0.0,0,0.0,0,0,0,0,0,0,0.0,0,0.0,0,0,0,10.0,0,0.168,0.0,0,0,10.0,0,0.168,0,0,0,0.0,0,0,0.0,0,0,,,,0.0,desktop,BS,1.0,1.0,1.0,1.0
ALC - Arena Summer Vibes Sephora,120241133287260402,OUTCOME_AWARENESS,2026-02-01,873993,622834,1.403252,1863,0.21316,0.74474,1.587484,1387.45,1039.0,0,1.335371,168.0,0,8.258631,0.0,0,0.0,0,0,0,0,0,0,0.0,0,0.0,0,0,0,74550.0,0,0.018611,293.0,0,0,74549.0,0,0.018611,0,0,0,0.0,0,0,0.0,0,0,,,,552.0,mobile_app,BS,20572.0,8691.0,3558.0,2370.0
ALC - Arena Summer Vibes Sephora,120241133287260402,OUTCOME_AWARENESS,2026-02-01,770,726,1.060606,7,0.909091,0.17,1.545455,1.19,1.0,0,1.19,0.0,0,0.0,0.0,0,0.0,0,0,0,0,0,0,0.0,0,0.0,0,0,0,19.0,0,0.062632,0.0,0,0,19.0,0,0.062632,0,0,0,0.0,0,0,0.0,0,0,,,,1.0,mobile_web,BS,4.0,3.0,,
TRAF - ARENA SUMMER VIBES SEPHORA,120241256148390402,LINK_CLICKS,2026-02-01,110,107,1.028037,0,0.0,0.0,1.545455,0.17,0.0,0,0.0,0.0,0,0.0,0.0,0,0.0,0,0,0,0,0,0,0.0,0,0.0,0,0,0,2.0,0,0.085,0.0,0,0,2.0,0,0.085,0,0,0,0.0,0,0,0.0,0,0,,,,0.0,desktop,BS,2.0,,,
TRAF - ARENA SUMMER VIBES SEPHORA,120241256148390402,LINK_CLICKS,2026-02-01,324390,299943,1.081505,404,0.124541,0.898144,1.118561,362.85,328.0,0,1.10625,147.0,0,2.468367,0.0,0,0.0,0,0,0,0,0,0,0.0,0,0.0,0,0,0,3095.0,0,0.117237,8.0,0,0,3095.0,0,0.117237,0,0,0,0.0,0,0,0.0,0,0,,,,328.0,mobile_app,BS,3095.0,1452.0,938.0,728.0
TRAF - ARENA SUMMER VIBES SEPHORA,120241256148390402,LINK_CLICKS,2026-02-01,60,60,1.0,0,0.0,0.0,0.666667,0.04,0.0,0,0.0,0.0,0,0.0,0.0,0,0.0,0,0,0,0,0,0,0.0,0,0.0,0,0,0,0.0,0,0.0,0.0,0,0,0.0,0,0.0,0,0,0,0.0,0,0,0.0,0,0,,,,0.0,mobile_web,BS,,,,
ALC - Carnaval Kids,120241264649820402,OUTCOME_AWARENESS,2026-02-01,44,44,1.0,0,0.0,0.0,0.908928,0.039993,0.0,0,0.0,0.0,0,0.0,0.0,0,0.0,0,0,0,0,0,0,0.0,0,0.0,0,0,0,0.0,0,0.0,0.0,0,0,0.0,0,0.0,0,0,0,0.0,0,0,0.0,0,0,,,,0.0,desktop,BS,,,,
ALC - Carnaval Kids,120241264649820402,OUTCOME_AWARENESS,2026-02-01,40016,39730,1.007199,40,0.09996,1.3895,1.388945,55.580009,35.0,0,1.588,20.0,0,2.779,0.0,0,0.0,0,0,0,0,0,0,0.0,0,0.0,0,0,0,37.0,0,1.502162,2.0,0,0,37.0,0,1.502162,0,0,0,0.0,0,0,0.0,0,0,,,,35.0,mobile_app,BS,,,,
ALC - Carnaval Kids,120241264649820402,OUTCOME_AWARENESS,2026-02-01,18,18,1.0,0,0.0,0.0,0.555456,0.009998,0.0,0,0.0,0.0,0,0.0,0.0,0,0.0,0,0,0,0,0,0,0.0,0,0.0,0,0,0,0.0,0,0.0,0.0,0,0,0.0,0,0.0,0,0,0,0.0,0,0,0.0,0,0,,,,0.0,mobile_web,BS,,,,
ALC - VOLTA AS AULAS,120240233245310402,OUTCOME_AWARENESS,2026-02-07,37,29,1.275862,0,0.0,0.0,1.621622,0.06,0.0,0,0.0,0.0,0,0.0,0.0,0,0.0,0,0,0,0,0,0,0.0,0,0.0,0,0,0,0.0,0,0.0,0.0,0,0,0.0,0,0.0,0,0,0,0.0,0,0,0.0,0,0,,,,0.0,desktop,BS,,,,
ALC - VOLTA AS AULAS,120240233245310402,OUTCOME_AWARENESS,2026-02-07,154462,129073,1.196703,125,0.080926,1.32344,1.071008,165.43,89.0,0,1.858764,0.0,0,0.0,0.0,0,0.0,0,0,0,0,0,0,0.0,0,0.0,0,0,0,3411.0,0,0.048499,12.0,0,0,3411.0,0,0.048499,0,0,0,0.0,0,0,0.0,0,0,,,,5.0,mobile_app,BS,781.0,135.0,56.0,33.0
ALC - VOLTA AS AULAS,120240233245310402,OUTCOME_AWARENESS,2026-02-07,22,22,1.0,0,0.0,0.0,1.363636,0.03,0.0,0,0.0,0.0,0,0.0,0.0,0,0.0,0,0,0,0,0,0,0.0,0,0.0,0,0,0,0.0,0,0.0,0.0,0,0,0.0,0,0.0,0,0,0,0.0,0,0,0.0,0,0,,,,0.0,mobile_web,BS,,,,
ALC - SUMMER,120240233387880402,OUTCOME_AWARENESS,2026-02-07,1852,1024,1.808594,0,0.0,0.0,1.171706,2.17,0.0,0,0.0,0.0,0,0.0,0.0,0,0.0,0,0,0,0,0,0,0.0,0,0.0,0,0,0,16.0,0,0.135625,0.0,0,0,16.0,0,0.135625,0,0,0,0.0,0,0,0.0,0,0,,,,0.0,desktop,BS,34.0,17.0,13.0,9.0
ALC - SUMMER,120240233387880402,OUTCOME_AWARENESS,2026-02-07,708079,383579,1.84598,304,0.042933,2.571217,1.103902,781.65,44.0,0,17.764773,0.0,0,0.0,0.0,0,0.0,0,0,0,0,0,0,0.0,0,0.0,0,0,0,6616.0,0,0.118145,101.0,0,0,6616.0,0,0.118145,0,0,0,0.0,0,0,0.0,0,0,,,,3.0,mobile_app,BS,37964.0,8631.0,4715.0,3266.0
ALC - SUMMER,120240233387880402,OUTCOME_AWARENESS,2026-02-07,195,140,1.392857,0,0.0,0.0,1.230769,0.24,0.0,0,0.0,0.0,0,0.0,0.0,0,0.0,0,0,0,0,0,0,0.0,0,0.0,0,0,0,2.0,0,0.12,0.0,0,0,2.0,0,0.12,0,0,0,0.0,0,0,0.0,0,0,,,,0.0,mobile_web,BS,9.0,2.0,1.0,
ALC - Semana do Cinema - BS JAN 25,120241101673890402,OUTCOME_AWARENESS,2026-02-07,1209,819,1.47619,0,0.0,0.0,1.141399,1.379952,0.0,0,0.0,0.0,0,0.0,0.0,0,0.0,0,0,0,0,0,0,0.0,0,0.0,0,0,0,0.0,0,0.0,0.0,0,0,0.0,0,0.0,0,0,0,0.0,0,0,0.0,0,0,,,,0.0,desktop,BS,,,,
ALC - Semana do Cinema - BS JAN 25,120241101673890402,OUTCOME_AWARENESS,2026-02-07,238946,184347,1.296175,263,0.110067,1.082358,1.191316,284.660075,155.0,0,1.836517,2.0,0,142.330037,0.0,0,0.0,0,0,0,0,0,0,0.0,0,0.0,0,0,0,186.0,0,1.530431,26.0,0,0,186.0,0,1.530431,0,0,0,0.0,0,0,0.0,0,0,,,,52.0,mobile_app,BS,,,,
ALC - Semana do Cinema - BS JAN 25,120241101673890402,OUTCOME_AWARENESS,2026-02-07,619,511,1.21135,2,0.323102,0.379987,1.227744,0.759974,0.0,0,0.0,0.0,0,0.0,0.0,0,0.0,0,0,0,0,0,0,0.0,0,0.0,0,0,0,0.0,0,0.0,0.0,0,0,0.0,0,0.0,0,0,0,0.0,0,0,0.0,0,0,,,,0.0,mobile_web,BS,,,,
ALC - Inauguração - Shantal,120241101729600402,OUTCOME_AWARENESS,2026-02-07,938,687,1.365357,0,0.0,0.0,0.98081,0.92,0.0,0,0.0,0.0,0,0.0,0.0,0,0.0,0,0,0,0,0,0,0.0,0,0.0,0,0,0,0.0,0,0.0,0.0,0,0,0.0,0,0.0,0,0,0,0.0,0,0,0.0,0,0,,,,0.0,desktop,BS,,,,
ALC - Inauguração - Shantal,120241101729600402,OUTCOME_AWARENESS,2026-02-07,312264,158705,1.967575,306,0.097994,1.185654,1.161869,362.81,119.0,0,3.048824,0.0,0,0.0,0.0,0,0.0,0,0,0,0,0,0,0.0,0,0.0,0,0,0,852.0,0,0.425833,72.0,0,0,852.0,0,0.425833,0,0,0,0.0,0,0,0.0,0,0,,,,30.0,mobile_app,BS,372.0,157.0,67.0,49.0
ALC - Inauguração - Shantal,120241101729600402,OUTCOME_AWARENESS,2026-02-07,501,387,1.294574,0,0.0,0.0,1.197605,0.6,0.0,0,0.0,0.0,0,0.0,0.0,0,0.0,0,0,0,0,0,0,0.0,0,0.0,0,0,0,0.0,0,0.0,0.0,0,0,0.0,0,0.0,0,0,0,0.0,0,0,0.0,0,0,,,,0.0,mobile_web,BS,,,,
ALC - Arena Summer Vibes Sephora,120241133287260402,OUTCOME_AWARENESS,2026-02-07,899,785,1.145223,0,0.0,0.0,1.434951,1.290021,0.0,0,0.0,0.0,0,0.0,0.0,0,0.0,0,0,0,0,0,0,0.0,0,0.0,0,0,0,26.0,0,0.049616,0.0,0,0,26.0,0,0.049616,0,0,0,0.0,0,0,0.0,0,0,,,,0.0,desktop,BS,6.0,2.0,2.0,1.0
ALC - Arena Summer Vibes Sephora,120241133287260402,OUTCOME_AWARENESS,2026-02-07,405995,389630,1.042001,776,0.191135,0.782667,1.495954,607.349962,558.0,0,1.088441,259.0,0,2.344981,0.0,0,0.0,0,0,0,0,0,0,0.0,0,0.0,0,0,0,17130.0,0,0.035455,89.0,0,0,17073.0,0,0.035574,0,0,0,0.0,0,0,0.0,0,0,,,,558.0,mobile_app,BS,2307.0,695.0,436.0,219.0
ALC - Arena Summer Vibes Sephora,120241133287260402,OUTCOME_AWARENESS,2026-02-07,708,690,1.026087,4,0.564972,0.260004,1.468951,1.040017,3.0,0,0.346672,1.0,0,1.040017,0.0,0,0.0,0,0,0,0,0,0,0.0,0,0.0,0,0,0,10.0,0,0.104002,0.0,0,0,10.0,0,0.104002,0,0,0,0.0,0,0,0.0,0,0,,,,3.0,mobile_web,BS,,,,
ALC - Arena Summer Vibes Sephora,120241133287260402,OUTCOME_AWARENESS,2026-02-07,0,0,0.0,0,0.0,0.0,0.0,0.0,0.0,0,0.0,1.0,0,0.0,0.0,0,0.0,0,0,0,0,0,0,0.0,0,0.0,0,0,0,0.0,0,0.0,0.0,0,0,0.0,0,0.0,0,0,0,0.0,0,0,0.0,0,0,,,,0.0,unknown,BS,,,,
TRAF - ARENA SUMMER VIBES SEPHORA,120241256148390402,LINK_CLICKS,2026-02-07,112721,27563,4.089577,50,0.044357,1.3074,0.579927,65.37,50.0,0,1.3074,18.0,0,3.631667,0.0,0,0.0,0,0,0,0,0,0,0.0,0,0.0,0,0,0,55.0,0,1.188545,0.0,0,0,55.0,0,1.188545,0,0,0,0.0,0,0,0.0,0,0,,,,50.0,desktop,BS,5.0,1.0,1.0,1.0
TRAF - ARENA SUMMER VIBES SEPHORA,120241256148390402,LINK_CLICKS,2026-02-07,541813,446160,1.214392,684,0.126243,0.835556,1.054829,571.52,576.0,0,0.992222,244.0,0,2.342295,0.0,0,0.0,0,0,0,0,0,0,0.0,0,0.0,0,0,0,4379.0,0,0.130514,4.0,0,0,4379.0,0,0.130514,0,0,0,0.0,0,0,0.0,0,0,,,,575.0,mobile_app,BS,4369.0,2129.0,1394.0,1096.0
TRAF - ARENA SUMMER VIBES SEPHORA,120241256148390402,LINK_CLICKS,2026-02-07,94,93,1.010753,1,1.06383,0.05,0.531915,0.05,1.0,0,0.05,0.0,0,0.0,0.0,0,0.0,0,0,0,0,0,0,0.0,0,0.0,0,0,0,2.0,0,0.025,0.0,0,0,2.0,0,0.025,0,0,0,0.0,0,0,0.0,0,0,,,,1.0,mobile_web,BS,,,,
ALC - Carnaval Kids,120241264649820402,OUTCOME_AWARENESS,2026-02-07,3661,2315,1.581425,2,0.05463,2.295024,1.253769,4.590047,0.0,0,0.0,0.0,0,0.0,0.0,0,0.0,0,0,0,0,0,0,0.0,0,0.0,0,0,0,1.0,0,4.590047,1.0,0,0,1.0,0,4.590047,0,0,0,0.0,0,0,0.0,0,0,,,,0.0,desktop,BS,,,,
ALC - Carnaval Kids,120241264649820402,OUTCOME_AWARENESS,2026-02-07,1537660,862133,1.783553,1898,0.123434,1.020637,1.259817,1937.169926,1479.0,0,1.309784,662.0,0,2.926239,0.0,0,0.0,0,0,0,0,0,0,0.0,0,0.0,0,0,0,1596.0,0,1.213766,109.0,0,0,1596.0,0,1.213766,0,0,0,0.0,0,0,0.0,0,0,,,,1406.0,mobile_app,BS,,,,
ALC - Carnaval Kids,120241264649820402,OUTCOME_AWARENESS,2026-02-07,2088,1388,1.504323,11,0.52682,0.237275,1.250013,2.610027,3.0,0,0.870009,1.0,0,2.610027,0.0,0,0.0,0,0,0,0,0,0,0.0,0,0.0,0,0,0,3.0,0,0.870009,0.0,0,0,3.0,0,0.870009,0,0,0,0.0,0,0,0.0,0,0,,,,3.0,mobile_web,BS,,,,
TRAF - Carnaval,120241501677080402,LINK_CLICKS,2026-02-07,114,78,1.461538,0,0.0,0.0,2.456214,0.280008,0.0,0,0.0,0.0,0,0.0,0.0,0,0.0,0,0,0,0,0,0,0.0,0,0.0,0,0,0,1.0,0,0.280008,0.0,0,0,1.0,0,0.280008,0,0,0,0.0,0,0,0.0,0,0,,,,0.0,desktop,BS,,,,
TRAF - Carnaval,120241501677080402,LINK_CLICKS,2026-02-07,287892,126325,2.278979,3838,1.333139,0.260396,3.471441,999.399982,3341.0,0,0.299132,1517.0,0,0.6588,0.0,0,0.0,0,0,0,0,0,0,0.0,0,0.0,0,0,0,3480.0,0,0.287184,119.0,0,0,3483.0,0,0.286937,0,0,0,0.0,0,0,0.0,0,0,,,,2205.0,mobile_app,BS,,,,
TRAF - Carnaval,120241501677080402,LINK_CLICKS,2026-02-07,118,97,1.216495,1,0.847458,0.32001,2.711946,0.32001,0.0,0,0.0,0.0,0,0.0,0.0,0,0.0,0,0,0,0,0,0,0.0,0,0.0,0,0,0,0.0,0,0.0,0.0,0,0,0.0,0,0.0,0,0,0,0.0,0,0,0.0,0,0,,,,0.0,mobile_web,BS,,,,
ALC - Ghibli Fest,120242067064510402,OUTCOME_AWARENESS,2026-02-07,267,224,1.191964,1,0.374532,0.3,1.123596,0.3,0.0,0,0.0,0.0,0,0.0,0.0,0,0.0,0,0,0,0,0,0,0.0,0,0.0,0,0,0,1.0,0,0.3,1.0,0,0,1.0,0,0.3,0,0,0,0.0,0,0,0.0,0,0,,,,0.0,desktop,BS,,,,
ALC - Ghibli Fest,120242067064510402,OUTCOME_AWARENESS,2026-02-07,111368,84394,1.31962,135,0.12122,0.968,1.173407,130.68,75.0,0,1.7424,12.0,0,10.89,0.0,0,0.0,0,0,0,0,0,0,0.0,0,0.0,0,0,0,109.0,0,1.198899,25.0,0,0,109.0,0,1.198899,0,0,0,0.0,0,0,0.0,0,0,,,,48.0,mobile_app,BS,,,,
ALC - Ghibli Fest,120242067064510402,OUTCOME_AWARENESS,2026-02-07,372,293,1.269625,0,0.0,0.0,1.048387,0.39,0.0,0,0.0,0.0,0,0.0,0.0,0,0.0,0,0,0,0,0,0,0.0,0,0.0,0,0,0,0.0,0,0.0,0.0,0,0,0.0,0,0.0,0,0,0,0.0,0,0,0.0,0,0,,,,0.0,mobile_web,BS,,,,
ALC - Moda Feminina | Verão - AON,120242067169520402,OUTCOME_AWARENESS,2026-02-07,170,133,1.278195,0,0.0,0.0,1.294118,0.22,0.0,0,0.0,0.0,0,0.0,0.0,0,0.0,0,0,0,0,0,0,0.0,0,0.0,0,0,0,0.0,0,0.0,0.0,0,0,0.0,0,0.0,0,0,0,0.0,0,0,0.0,0,0,,,,0.0,desktop,BS,,,,
ALC - Moda Feminina | Verão - AON,120242067169520402,OUTCOME_AWARENESS,2026-02-07,130625,96155,1.358484,87,0.066603,1.804598,1.201914,157.0,55.0,0,2.854545,0.0,0,0.0,0.0,0,0.0,0,0,0,0,0,0,0.0,0,0.0,0,0,0,232.0,0,0.676724,17.0,0,0,232.0,0,0.676724,0,0,0,0.0,0,0,0.0,0,0,,,,8.0,mobile_app,BS,36.0,9.0,3.0,3.0
ALC - Moda Feminina | Verão - AON,120242067169520402,OUTCOME_AWARENESS,2026-02-07,352,268,1.313433,2,0.568182,0.2,1.136364,0.4,0.0,0,0.0,0.0,0,0.0,0.0,0,0.0,0,0,0,0,0,0,0.0,0,0.0,0,0,0,0.0,0,0.0,0.0,0,0,0.0,0,0.0,0,0,0,0.0,0,0,0.0,0,0,,,,0.0,mobile_web,BS,,,,
ALC - Moda Masculina - AON,120242067335900402,OUTCOME_AWARENESS,2026-02-07,1,1,1.0,0,0.0,0.0,0.0,0.0,0.0,0,0.0,0.0,0,0.0,0.0,0,0.0,0,0,0,0,0,0,0.0,0,0.0,0,0,0,0.0,0,0.0,0.0,0,0,0.0,0,0.0,0,0,0,0.0,0,0,0.0,0,0,,,,0.0,desktop,BS,,,,
ALC - Moda Masculina - AON,120242067335900402,OUTCOME_AWARENESS,2026-02-07,105050,75830,1.385336,83,0.07901,1.578916,1.247501,131.05,58.0,0,2.259483,0.0,0,0.0,0.0,0,0.0,0,0,0,0,0,0,0.0,0,0.0,0,0,0,3124.0,0,0.041949,10.0,0,0,3124.0,0,0.041949,0,0,0,0.0,0,0,0.0,0,0,,,,0.0,mobile_app,BS,732.0,140.0,45.0,24.0
ALC - Moda Masculina - AON,120242067335900402,OUTCOME_AWARENESS,2026-02-07,2,2,1.0,0,0.0,0.0,0.0,0.0,0.0,0,0.0,0.0,0,0.0,0.0,0,0.0,0,0,0,0,0,0,0.0,0,0.0,0,0,0,0.0,0,0.0,0.0,0,0,0.0,0,0.0,0,0,0,0.0,0,0,0.0,0,0,,,,0.0,mobile_web,BS,,,,
ALC - Moda Masculina - AON,120242067335900402,OUTCOME_AWARENESS,2026-02-07,1,1,1.0,0,0.0,0.0,0.0,0.0,0.0,0,0.0,0.0,0,0.0,0.0,0,0.0,0,0,0,0,0,0,0.0,0,0.0,0,0,0,0.0,0,0.0,0.0,0,0,0.0,0,0.0,0,0,0,0.0,0,0,0.0,0,0,,,,0.0,unknown,BS,,,,
ALC - Lojas Corredor Zara,120242067408940402,OUTCOME_AWARENESS,2026-02-07,133173,69338,1.920635,134,0.100621,1.172537,1.179819,157.12,98.0,0,1.603265,2.0,0,78.56,0.0,0,0.0,0,0,0,0,0,0,0.0,0,0.0,0,0,0,7157.0,0,0.021953,19.0,0,0,7157.0,0,0.021953,0,0,0,0.0,0,0,0.0,0,0,,,,0.0,mobile_app,BS,1598.0,674.0,268.0,140.0
ALC - Lojas Corredor Zara,120242067408940402,OUTCOME_AWARENESS,2026-02-07,6,5,1.2,0,0.0,0.0,0.0,0.0,0.0,0,0.0,0.0,0,0.0,0.0,0,0.0,0,0,0,0,0,0,0.0,0,0.0,0,0,0,0.0,0,0.0,0.0,0,0,0.0,0,0.0,0,0,0,0.0,0,0,0.0,0,0,,,,0.0,mobile_web,BS,,,,
ALC - Ghibli Fest,120242067064510402,OUTCOME_AWARENESS,2026-03-01,163,142,1.147887,0,0.0,0.0,1.226994,0.2,0.0,0,0.0,0.0,0,0.0,0.0,0,0.0,0,0,0,0,0,0,0.0,0,0.0,0,0,0,0.0,0,0.0,0.0,0,0,0.0,0,0.0,0,0,0,0.0,0,0,0.0,0,0,,,,0.0,desktop,BS,,,,
ALC - Ghibli Fest,120242067064510402,OUTCOME_AWARENESS,2026-03-01,61661,57755,1.067631,59,0.095684,1.01339,0.969657,59.79,32.0,0,1.868438,0.0,0,0.0,1.0,0,59.79,0,0,0,0,0,0,1.0,0,59.79,0,0,0,43.0,0,1.390465,11.0,0,0,43.0,0,1.390465,0,0,0,1.0,0,0,15.0,0,0,,,,8.0,mobile_app,BS,,,,
ALC - Ghibli Fest,120242067064510402,OUTCOME_AWARENESS,2026-03-01,169,164,1.030488,2,1.183432,0.075,0.887574,0.15,0.0,0,0.0,0.0,0,0.0,0.0,0,0.0,0,0,0,0,0,0,0.0,0,0.0,0,0,0,0.0,0,0.0,0.0,0,0,0.0,0,0.0,0,0,0,0.0,0,0,0.0,0,0,,,,0.0,mobile_web,BS,,,,
ALC - Moda Feminina | Verão - AON,120242067169520402,OUTCOME_AWARENESS,2026-03-01,518,314,1.649682,0,0.0,0.0,1.100262,0.569936,0.0,0,0.0,0.0,0,0.0,0.0,0,0.0,0,0,0,0,0,0,0.0,0,0.0,0,0,0,0.0,0,0.0,0.0,0,0,0.0,0,0.0,0,0,0,0.0,0,0,0.0,0,0,,,,0.0,desktop,BS,,,,
ALC - Moda Feminina | Verão - AON,120242067169520402,OUTCOME_AWARENESS,2026-03-01,624577,297769,2.097522,491,0.078613,1.441121,1.132911,707.590275,308.0,0,2.297371,0.0,0,0.0,0.0,0,0.0,0,0,0,0,0,0,1.0,0,707.590275,0,0,0,2701.0,0,0.261973,62.0,0,0,2701.0,0,0.261973,0,0,0,0.0,0,0,4.0,0,0,,,,83.0,mobile_app,BS,460.0,129.0,76.0,50.0
ALC - Moda Feminina | Verão - AON,120242067169520402,OUTCOME_AWARENESS,2026-03-01,1509,814,1.853808,2,0.132538,0.934895,1.239092,1.869789,0.0,0,0.0,0.0,0,0.0,0.0,0,0.0,0,0,0,0,0,0,0.0,0,0.0,0,0,0,0.0,0,0.0,0.0,0,0,0.0,0,0.0,0,0,0,0.0,0,0,0.0,0,0,,,,0.0,mobile_web,BS,,,,
ALC - Moda Masculina - AON,120242067335900402,OUTCOME_AWARENESS,2026-03-01,1253,660,1.898485,0,0.0,0.0,1.253035,1.570053,0.0,0,0.0,0.0,0,0.0,0.0,0,0.0,0,0,0,0,0,0,2.0,0,0.785027,0,0,0,0.0,0,0.0,0.0,0,0,0.0,0,0.0,0,0,0,0.0,0,0,8.0,0,0,,,,0.0,desktop,BS,,,,
ALC - Moda Masculina - AON,120242067335900402,OUTCOME_AWARENESS,2026-03-01,483444,240349,2.011425,375,0.077568,1.57032,1.218073,588.869917,218.0,0,2.701238,0.0,0,0.0,6.0,0,98.144986,0,0,0,0,0,0,56.0,0,10.515534,0,0,0,3316.0,0,0.177584,67.0,0,0,3316.0,0,0.177584,0,0,0,6.0,0,0,356.0,0,0,,,,50.0,mobile_app,BS,599.0,110.0,40.0,28.0
ALC - Moda Masculina - AON,120242067335900402,OUTCOME_AWARENESS,2026-03-01,786,407,1.931204,0,0.0,0.0,1.132354,0.89003,0.0,0,0.0,0.0,0,0.0,0.0,0,0.0,0,0,0,0,0,0,0.0,0,0.0,0,0,0,0.0,0,0.0,0.0,0,0,0.0,0,0.0,0,0,0,0.0,0,0,1.0,0,0,,,,0.0,mobile_web,BS,,,,
ALC - Moda Masculina - AON,120242067335900402,OUTCOME_AWARENESS,2026-03-01,0,0,0.0,0,0.0,0.0,0.0,0.0,0.0,0,0.0,0.0,0,0.0,0.0,0,0.0,0,0,0,0,0,0,3.0,0,0.0,0,0,0,0.0,0,0.0,0.0,0,0,0.0,0,0.0,0,0,0,0.0,0,0,5.0,0,0,,,,0.0,unknown,BS,,,,
ALC - Lojas Corredor Zara,120242067408940402,OUTCOME_AWARENESS,2026-03-01,28,25,1.12,0,0.0,0.0,1.785769,0.050002,0.0,0,0.0,0.0,0,0.0,0.0,0,0.0,0,0,0,0,0,0,0.0,0,0.0,0,0,0,0.0,0,0.0,0.0,0,0,0.0,0,0.0,0,0,0,0.0,0,0,0.0,0,0,,,,0.0,desktop,BS,,,,
ALC - Lojas Corredor Zara,120242067408940402,OUTCOME_AWARENESS,2026-03-01,580393,288625,2.01089,507,0.087355,1.289684,1.126599,653.869997,329.0,0,1.987447,0.0,0,0.0,6.0,0,108.978333,0,0,0,0,0,0,76.0,0,8.603553,0,0,0,28204.0,0,0.023184,84.0,0,0,28204.0,0,0.023184,0,0,0,6.0,0,0,349.0,0,0,,,,2.0,mobile_app,BS,4424.0,1467.0,648.0,392.0
ALC - Lojas Corredor Zara,120242067408940402,OUTCOME_AWARENESS,2026-03-01,45,41,1.097561,0,0.0,0.0,0.888916,0.040001,0.0,0,0.0,0.0,0,0.0,0.0,0,0.0,0,0,0,0,0,0,0.0,0,0.0,0,0,0,0.0,0,0.0,0.0,0,0,0.0,0,0.0,0,0,0,0.0,0,0,0.0,0,0,,,,0.0,mobile_web,BS,,,,
ALC - GASTRONOMIA - BS,120242410811390402,OUTCOME_AWARENESS,2026-03-01,6851,3443,1.989834,0,0.0,0.0,1.342856,9.199905,0.0,0,0.0,0.0,0,0.0,0.0,0,0.0,0,0,0,0,0,0,4.0,0,2.299976,0,0,0,0.0,0,0.0,0.0,0,0,0.0,0,0.0,0,0,0,0.0,0,0,19.0,0,0,,,,0.0,desktop,BS,,,,
ALC - GASTRONOMIA - BS,120242410811390402,OUTCOME_AWARENESS,2026-03-01,2926690,1101192,2.657747,2594,0.088633,1.490632,1.321185,3866.700148,1695.0,0,2.281239,3.0,0,1288.900049,16.0,0,241.668759,0,0,0,0,0,0,284.0,0,13.615141,0,0,0,2040.0,0,1.895441,328.0,0,0,2041.0,0,1.894513,0,0,0,15.0,0,0,1594.0,0,0,,,,506.0,mobile_app,BS,,,,
ALC - GASTRONOMIA - BS,120242410811390402,OUTCOME_AWARENESS,2026-03-01,3737,1806,2.069214,13,0.347873,0.399227,1.3888,5.189947,0.0,0,0.0,0.0,0,0.0,0.0,0,0.0,0,0,0,0,0,0,0.0,0,0.0,0,0,0,2.0,0,2.594973,2.0,0,0,2.0,0,2.594973,0,0,0,0.0,0,0,7.0,0,0,,,,0.0,mobile_web,BS,,,,
ALC - MINI DAY SPA,120242455605130402,OUTCOME_AWARENESS,2026-03-01,699,540,1.294444,0,0.0,0.0,1.273375,0.890089,0.0,0,0.0,0.0,0,0.0,0.0,0,0.0,0,0,0,0,0,0,0.0,0,0.0,0,0,0,106.0,0,0.008397,0.0,0,0,106.0,0,0.008397,0,0,0,0.0,0,0,0.0,0,0,,,,0.0,desktop,BS,5.0,4.0,3.0,
ALC - MINI DAY SPA,120242455605130402,OUTCOME_AWARENESS,2026-03-01,351986,223314,1.576193,497,0.141199,1.003621,1.417101,498.79988,221.0,0,2.257013,1.0,0,498.79988,3.0,0,166.266627,0,0,0,0,0,0,37.0,0,13.481078,0,0,0,27091.0,0,0.018412,106.0,0,0,27091.0,0,0.018412,0,0,0,3.0,0,0,215.0,0,0,,,,0.0,mobile_app,BS,1868.0,414.0,191.0,127.0
ALC - MINI DAY SPA,120242455605130402,OUTCOME_AWARENESS,2026-03-01,236,193,1.222798,0,0.0,0.0,1.313691,0.310031,0.0,0,0.0,0.0,0,0.0,0.0,0,0.0,0,0,0,0,0,0,0.0,0,0.0,0,0,0,43.0,0,0.00721,0.0,0,0,43.0,0,0.00721,0,0,0,0.0,0,0,0.0,0,0,,,,0.0,mobile_web,BS,1.0,1.0,1.0,1.0
ALC - UNIZUSHI + DULADU,120242554636430402,OUTCOME_AWARENESS,2026-03-01,4176,2680,1.558209,1,0.023946,5.179948,1.240409,5.179948,0.0,0,0.0,0.0,0,0.0,0.0,0,0.0,0,0,0,0,0,0,0.0,0,0.0,0,0,0,427.0,0,0.012131,0.0,0,0,427.0,0,0.012131,0,0,0,0.0,0,0,0.0,0,0,,,,0.0,desktop,BS,82.0,38.0,28.0,21.0
ALC - UNIZUSHI + DULADU,120242554636430402,OUTCOME_AWARENESS,2026-03-01,754980,309763,2.437283,850,0.112586,1.154365,1.29965,981.210073,416.0,0,2.358678,233.0,0,4.211202,0.0,0,0.0,0,0,0,0,0,0,0.0,0,0.0,0,0,0,33196.0,0,0.029558,111.0,0,0,33196.0,0,0.029558,0,0,0,0.0,0,0,0.0,0,0,,,,388.0,mobile_app,BS,5665.0,1445.0,761.0,473.0
ALC - UNIZUSHI + DULADU,120242554636430402,OUTCOME_AWARENESS,2026-03-01,1831,1076,1.701673,0,0.0,0.0,1.119595,2.049979,0.0,0,0.0,0.0,0,0.0,0.0,0,0.0,0,0,0,0,0,0,0.0,0,0.0,0,0,0,110.0,0,0.018636,0.0,0,0,110.0,0,0.018636,0,0,0,0.0,0,0,0.0,0,0,,,,0.0,mobile_web,BS,16.0,7.0,4.0,2.0
ALC - PASSAPORTE ELAS,120242577698480402,OUTCOME_AWARENESS,2026-03-01,479,443,1.081264,0,0.0,0.0,1.795605,0.860095,0.0,0,0.0,0.0,0,0.0,0.0,0,0.0,0,0,0,0,0,0,0.0,0,0.0,0,0,0,0.0,0,0.0,0.0,0,0,0.0,0,0.0,0,0,0,0.0,0,0,2.0,0,0,,,,0.0,desktop,BS,,,,
ALC - PASSAPORTE ELAS,120242577698480402,OUTCOME_AWARENESS,2026-03-01,610788,475296,1.285069,1048,0.171582,0.952777,1.63479,998.509836,900.0,0,1.109455,0.0,0,0.0,11.0,0,90.773621,0,0,0,0,0,0,137.0,0,7.288393,0,0,0,946.0,0,1.055507,44.0,0,0,946.0,0,1.055507,0,0,0,11.0,0,0,676.0,0,0,,,,898.0,mobile_app,BS,,,,
ALC - PASSAPORTE ELAS,120242577698480402,OUTCOME_AWARENESS,2026-03-01,370,354,1.045198,3,0.810811,0.210023,1.70289,0.630069,2.0,0,0.315035,0.0,0,0.0,0.0,0,0.0,0,0,0,0,0,0,0.0,0,0.0,0,0,0,2.0,0,0.315035,0.0,0,0,2.0,0,0.315035,0,0,0,0.0,0,0,0.0,0,0,,,,2.0,mobile_web,BS,,,,
ALC - Heroínas do K-pop,120243021110970402,OUTCOME_AWARENESS,2026-03-01,2527,1444,1.75,1,0.039573,3.929937,1.555179,3.929937,0.0,0,0.0,0.0,0,0.0,0.0,0,0.0,0,0,0,0,0,0,0.0,0,0.0,0,0,0,0.0,0,0.0,0.0,0,0,0.0,0,0.0,0,0,0,0.0,0,0,7.0,0,0,,,,0.0,desktop,BS,,,,
ALC - Heroínas do K-pop,120243021110970402,OUTCOME_AWARENESS,2026-03-01,1568444,822752,1.906339,2315,0.147599,1.077546,1.590443,2494.520087,1684.0,0,1.481306,207.0,0,12.050822,17.0,0,146.736476,0,0,0,0,0,0,237.0,0,10.525401,0,0,0,1978.0,0,1.261133,192.0,0,0,1978.0,0,1.261133,0,0,0,17.0,0,0,1219.0,0,0,,,,603.0,mobile_app,BS,,,,
ALC - Heroínas do K-pop,120243021110970402,OUTCOME_AWARENESS,2026-03-01,997,683,1.459736,4,0.401204,0.369994,1.48443,1.479976,0.0,0,0.0,0.0,0,0.0,0.0,0,0.0,0,0,0,0,0,0,1.0,0,1.479976,0,0,0,0.0,0,0.0,0.0,0,0,0.0,0,0.0,0,0,0,0.0,0,0,0.0,0,0,,,,0.0,mobile_web,BS,,,,
ALC - PROMO IPHONE,120243347374580402,OUTCOME_AWARENESS,2026-03-01,1692,1115,1.517489,1,0.059102,2.81,1.660757,2.81,0.0,0,0.0,0.0,0,0.0,0.0,0,0.0,0,0,0,0,0,0,0.0,0,0.0,0,0,0,5.0,0,0.562,0.0,0,0,5.0,0,0.562,0,0,0,0.0,0,0,3.0,0,0,,,,0.0,desktop,BS,12.0,7.0,4.0,3.0
ALC - PROMO IPHONE,120243347374580402,OUTCOME_AWARENESS,2026-03-01,473175,300364,1.575339,395,0.083479,1.776684,1.483151,701.79,253.0,0,2.773874,2.0,0,350.895,5.0,0,140.358,0,0,0,0,0,0,102.0,0,6.880294,0,0,0,3538.0,0,0.198358,53.0,0,0,3539.0,0,0.198302,0,0,0,5.0,0,0,508.0,0,0,,,,198.0,mobile_app,BS,11500.0,4122.0,2498.0,1751.0
ALC - PROMO IPHONE,120243347374580402,OUTCOME_AWARENESS,2026-03-01,760,551,1.37931,1,0.131579,1.19,1.565789,1.19,0.0,0,0.0,0.0,0,0.0,0.0,0,0.0,0,0,0,0,0,0,0.0,0,0.0,0,0,0,2.0,0,0.595,0.0,0,0,2.0,0,0.595,0,0,0,0.0,0,0,0.0,0,0,,,,0.0,mobile_web,BS,5.0,3.0,2.0,1.0
ALC - A casa mágica da Gabby,120243428312700402,OUTCOME_AWARENESS,2026-03-01,467,349,1.338109,0,0.0,0.0,1.691649,0.79,0.0,0,0.0,0.0,0,0.0,0.0,0,0.0,0,0,0,0,0,0,0.0,0,0.0,0,0,0,0.0,0,0.0,0.0,0,0,0.0,0,0.0,0,0,0,0.0,0,0,0.0,0,0,,,,0.0,desktop,BS,,,,
ALC - A casa mágica da Gabby,120243428312700402,OUTCOME_AWARENESS,2026-03-01,234630,177951,1.318509,365,0.155564,0.955452,1.48634,348.74,276.0,0,1.263551,104.0,0,3.353269,0.0,0,0.0,0,0,0,0,0,0,0.0,0,0.0,0,0,0,313.0,0,1.114185,26.0,0,0,313.0,0,1.114185,0,0,0,0.0,0,0,0.0,0,0,,,,222.0,mobile_app,BS,,,,
ALC - A casa mágica da Gabby,120243428312700402,OUTCOME_AWARENESS,2026-03-01,351,273,1.285714,1,0.2849,0.47,1.339031,0.47,0.0,0,0.0,0.0,0,0.0,0.0,0,0.0,0,0,0,0,0,0,0.0,0,0.0,0,0,0,0.0,0,0.0,0.0,0,0,0.0,0,0.0,0,0,0,0.0,0,0,0.0,0,0,,,,0.0,mobile_web,BS,,,,
ALC - Programação para os pequenos no fds,120243505357570402,OUTCOME_AWARENESS,2026-03-01,65,46,1.413043,0,0.0,0.0,2.0,0.13,0.0,0,0.0,0.0,0,0.0,0.0,0,0.0,0,0,0,0,0,0,0.0,0,0.0,0,0,0,0.0,0,0.0,0.0,0,0,0.0,0,0.0,0,0,0,0.0,0,0,0.0,0,0,,,,0.0,desktop,BS,,,,
ALC - Programação para os pequenos no fds,120243505357570402,OUTCOME_AWARENESS,2026-03-01,30508,25621,1.190742,38,0.124557,1.035,1.28917,39.33,29.0,0,1.356207,0.0,0,0.0,0.0,0,0.0,0,0,0,0,0,0,16.0,0,2.458125,0,0,0,30.0,0,1.311,1.0,0,0,30.0,0,1.311,0,0,0,0.0,0,0,50.0,0,0,,,,5.0,mobile_app,BS,,,,
ALC - Programação para os pequenos no fds,120243505357570402,OUTCOME_AWARENESS,2026-03-01,81,65,1.246154,0,0.0,0.0,1.481481,0.12,0.0,0,0.0,0.0,0,0.0,0.0,0,0.0,0,0,0,0,0,0,0.0,0,0.0,0,0,0,0.0,0,0.0,0.0,0,0,0.0,0,0.0,0,0,0,0.0,0,0,0.0,0,0,,,,0.0,mobile_web,BS,,,,
ALC - UNIZUSHI + DULADU,120242554636430402,OUTCOME_AWARENESS,2026-04-01,2561,1830,1.399454,0,0.0,0.0,1.14368,2.928965,0.0,0,0.0,0.0,0,0.0,0.0,0,0.0,0,0,0,0,0,0,0.0,0,0.0,0,0,0,279.0,0,0.010498,0.0,0,0,279.0,0,0.010498,0,0,0,0.0,0,0,0.0,0,0,,,,0.0,desktop,BS,66.0,29.0,21.0,16.0
ALC - UNIZUSHI + DULADU,120242554636430402,OUTCOME_AWARENESS,2026-04-01,800855,353568,2.265066,1059,0.132234,0.904232,1.195699,957.581642,599.0,0,1.598634,139.0,0,6.889077,0.0,0,0.0,0,0,0,0,0,0,0.0,0,0.0,0,0,0,26438.0,0,0.03622,134.0,0,0,26438.0,0,0.03622,0,0,0,0.0,0,0,0.0,0,0,,,,206.0,mobile_app,BS,4290.0,1173.0,592.0,326.0
ALC - UNIZUSHI + DULADU,120242554636430402,OUTCOME_AWARENESS,2026-04-01,1423,876,1.624429,2,0.140548,0.859696,1.208287,1.719392,1.0,0,1.719392,0.0,0,0.0,0.0,0,0.0,0,0,0,0,0,0,0.0,0,0.0,0,0,0,58.0,0,0.029645,0.0,0,0,58.0,0,0.029645,0,0,0,0.0,0,0,0.0,0,0,,,,0.0,mobile_web,BS,9.0,4.0,2.0,1.0
ALC - UNIZUSHI + DULADU,120242554636430402,OUTCOME_AWARENESS,2026-04-01,0,0,0.0,0,0.0,0.0,0.0,0.0,0.0,0,0.0,0.0,0,0.0,0.0,0,0.0,0,0,0,0,0,0,0.0,0,0.0,0,0,0,0.0,0,0.0,0.0,0,0,0.0,0,0.0,0,0,0,0.0,0,0,0.0,0,0,,,,0.0,unknown,BS,,,,
ALC - PROMO IPHONE,120243347374580402,OUTCOME_AWARENESS,2026-04-01,4731,2772,1.70671,3,0.063412,1.966632,1.247072,5.899897,0.0,0,0.0,0.0,0,0.0,1.0,0,5.899897,0,0,0,0,0,0,0.0,0,0.0,0,0,0,38.0,0,0.15526,0.0,0,0,38.0,0,0.15526,0,0,0,1.0,0,0,18.0,0,0,,,,0.0,desktop,BS,65.0,40.0,32.0,26.0
ALC - PROMO IPHONE,120243347374580402,OUTCOME_AWARENESS,2026-04-01,1744148,735780,2.370475,1445,0.082848,1.581703,1.310416,2285.560146,662.0,0,3.452508,11.0,0,207.778195,28.0,0,81.627148,0,0,0,0,0,0,517.0,0,4.420813,0,0,0,15036.0,0,0.152006,257.0,0,0,15038.0,0,0.151986,0,0,0,28.0,0,0,2118.0,0,0,,,,471.0,mobile_app,BS,54787.0,17458.0,10021.0,6850.0
ALC - PROMO IPHONE,120243347374580402,OUTCOME_AWARENESS,2026-04-01,1880,1076,1.747212,4,0.212766,0.622489,1.324445,2.489957,0.0,0,0.0,0.0,0,0.0,0.0,0,0.0,0,0,0,0,0,0,0.0,0,0.0,0,0,0,0.0,0,0.0,0.0,0,0,0.0,0,0.0,0,0,0,0.0,0,0,0.0,0,0,,,,0.0,mobile_web,BS,5.0,,,
ALC - Programação para os pequenos no fds,120243505357570402,OUTCOME_AWARENESS,2026-04-01,0,0,0.0,0,0.0,0.0,0.0,0.0,0.0,0,0.0,0.0,0,0.0,0.0,0,0.0,0,0,0,0,0,0,0.0,0,0.0,0,0,0,0.0,0,0.0,0.0,0,0,0.0,0,0.0,0,0,0,0.0,0,0,0.0,0,0,,,,0.0,mobile_app,BS,,,,
TRAF - IPHONE,120244150237280402,LINK_CLICKS,2026-04-01,764,317,2.410095,7,0.91623,0.145713,1.335065,1.01999,6.0,0,0.169998,2.0,0,0.509995,0.0,0,0.0,0,0,0,0,0,0,0.0,0,0.0,0,0,0,9.0,0,0.113332,1.0,0,0,9.0,0,0.113332,0,0,0,0.0,0,0,0.0,0,0,,,,6.0,desktop,BS,3.0,2.0,1.0,1.0
TRAF - IPHONE,120244150237280402,LINK_CLICKS,2026-04-01,185921,72891,2.550672,4891,2.630687,0.204204,5.371959,998.760011,4577.0,0,0.218213,984.0,0,1.015,20.0,0,49.938001,0,0,0,0,0,0,237.0,0,4.214177,0,0,0,5843.0,0,0.170933,256.0,0,0,5847.0,0,0.170816,0,0,0,20.0,0,0,931.0,0,0,,,,4576.0,mobile_app,BS,1982.0,998.0,662.0,496.0
TRAF - IPHONE,120244150237280402,LINK_CLICKS,2026-04-01,91,68,1.338235,2,2.197802,0.05,1.09889,0.099999,0.0,0,0.0,0.0,0,0.0,0.0,0,0.0,0,0,0,0,0,0,0.0,0,0.0,0,0,0,1.0,0,0.099999,1.0,0,0,1.0,0,0.099999,0,0,0,0.0,0,0,0.0,0,0,,,,0.0,mobile_web,BS,,,,
TRAF - IPHONE,120244150237280402,LINK_CLICKS,2026-04-01,0,0,0.0,0,0.0,0.0,0.0,0.0,0.0,0,0.0,0.0,0,0.0,0.0,0,0.0,0,0,0,0,0,0,0.0,0,0.0,0,0,0,0.0,0,0.0,0.0,0,0,0.0,0,0.0,0,0,0,0.0,0,0,1.0,0,0,,,,0.0,unknown,BS,,,,
ALC -  New in: Louen,120244275580200402,OUTCOME_AWARENESS,2026-04-01,476,415,1.146988,0,0.0,0.0,1.176519,0.560023,0.0,0,0.0,0.0,0,0.0,0.0,0,0.0,0,0,0,0,0,0,1.0,0,0.560023,0,0,0,0.0,0,0.0,0.0,0,0,0.0,0,0.0,0,0,0,0.0,0,0,0.0,0,0,,,,0.0,desktop,BS,,,,
ALC -  New in: Louen,120244275580200402,OUTCOME_AWARENESS,2026-04-01,200893,136945,1.466961,157,0.078151,1.544649,1.20716,242.509965,103.0,0,2.354466,1.0,0,242.509965,6.0,0,40.418328,0,0,0,0,0,0,58.0,0,4.181206,0,0,0,123.0,0,1.971626,20.0,0,0,123.0,0,1.971626,0,0,0,6.0,0,0,238.0,0,0,,,,14.0,mobile_app,BS,,,,
ALC -  New in: Louen,120244275580200402,OUTCOME_AWARENESS,2026-04-01,277,201,1.378109,0,0.0,0.0,1.046974,0.290012,0.0,0,0.0,0.0,0,0.0,0.0,0,0.0,0,0,0,0,0,0,0.0,0,0.0,0,0,0,0.0,0,0.0,0.0,0,0,0.0,0,0.0,0,0,0,0.0,0,0,0.0,0,0,,,,0.0,mobile_web,BS,,,,
ALC - Orion Verso,120244275602510402,OUTCOME_AWARENESS,2026-04-01,43,42,1.02381,1,2.325581,0.049996,1.162697,0.049996,0.0,0,0.0,0.0,0,0.0,0.0,0,0.0,0,0,0,0,0,0,0.0,0,0.0,0,0,0,1.0,0,0.049996,1.0,0,0,1.0,0,0.049996,0,0,0,0.0,0,0,0.0,0,0,,,,0.0,desktop,BS,,,,
ALC - Orion Verso,120244275602510402,OUTCOME_AWARENESS,2026-04-01,97997,68079,1.43946,100,0.102044,1.2361,1.261365,123.610014,51.0,0,2.423726,0.0,0,0.0,0.0,0,0.0,0,0,0,0,0,0,34.0,0,3.635589,0,0,0,71.0,0,1.740986,19.0,0,0,71.0,0,1.740986,0,0,0,0.0,0,0,172.0,0,0,,,,12.0,mobile_app,BS,,,,
ALC - Orion Verso,120244275602510402,OUTCOME_AWARENESS,2026-04-01,57,55,1.036364,0,0.0,0.0,2.105093,0.11999,0.0,0,0.0,0.0,0,0.0,0.0,0,0.0,0,0,0,0,0,0,0.0,0,0.0,0,0,0,0.0,0,0.0,0.0,0,0,0.0,0,0.0,0,0,0,0.0,0,0,0.0,0,0,,,,0.0,mobile_web,BS,,,,
ALC - LEGUEIROS,120244693276740402,OUTCOME_AWARENESS,2026-04-01,639196,331409,1.928723,852,0.133292,1.06088,1.414073,903.87,682.0,0,1.325323,1.0,0,903.87,11.0,0,82.17,0,0,0,0,0,0,351.0,0,2.575128,0,0,0,807.0,0,1.120037,35.0,0,0,807.0,0,1.120037,0,0,0,11.0,0,0,950.0,0,0,,,,2.0,mobile_app,BS,,,,
ALC - SHOULDER,120244697055620402,OUTCOME_AWARENESS,2026-04-01,262788,132273,1.986709,262,0.0997,1.324771,1.320799,347.09,193.0,0,1.798394,1.0,0,347.09,0.0,0,0.0,0,0,0,0,0,0,0.0,0,0.0,0,0,0,211.0,0,1.644976,17.0,0,0,211.0,0,1.644976,0,0,0,0.0,0,0,0.0,0,0,,,,0.0,mobile_app,BS,,,,
ALC | A menina mágica,120245113213580402,OUTCOME_AWARENESS,2026-04-01,180,169,1.065089,1,0.555556,0.289763,1.609792,0.289763,0.0,0,0.0,0.0,0,0.0,0.0,0,0.0,0,0,0,0,0,0,0.0,0,0.0,0,0,0,0.0,0,0.0,0.0,0,0,0.0,0,0.0,0,0,0,0.0,0,0,0.0,0,0,,,,0.0,desktop,BS,,,,
ALC | A menina mágica,120245113213580402,OUTCOME_AWARENESS,2026-04-01,66993,47910,1.398309,113,0.168674,0.75195,1.268347,84.97036,96.0,0,0.885108,57.0,0,1.490708,2.0,0,42.48518,0,0,0,0,0,0,41.0,0,2.072448,0,0,0,109.0,0,0.779545,6.0,0,0,109.0,0,0.779545,0,0,0,2.0,0,0,85.0,0,0,,,,96.0,mobile_app,BS,,,,
ALC | A menina mágica,120245113213580402,OUTCOME_AWARENESS,2026-04-01,114,105,1.085714,0,0.0,0.0,1.314712,0.149877,0.0,0,0.0,0.0,0,0.0,0.0,0,0.0,0,0,0,0,0,0,0.0,0,0.0,0,0,0,0.0,0,0.0,0.0,0,0,0.0,0,0.0,0,0,0,0.0,0,0,0.0,0,0,,,,0.0,mobile_web,BS,,,,
ALC - Golden,120245123572570402,OUTCOME_AWARENESS,2026-04-01,334873,233181,1.436108,418,0.124823,1.196077,1.492984,499.96,319.0,0,1.567273,3.0,0,166.653333,10.0,0,49.996,0,0,0,0,0,0,260.0,0,1.922923,0,0,0,15351.0,0,0.032569,73.0,0,0,15351.0,0,0.032569,0,0,0,10.0,0,0,602.0,0,0,,,,0.0,mobile_app,BS,2874.0,620.0,333.0,144.0
ALC - PROMO MAES,120245581598500402,OUTCOME_AWARENESS,2026-04-01,96,96,1.0,0,0.0,0.0,1.457331,0.139904,0.0,0,0.0,0.0,0,0.0,0.0,0,0.0,0,0,0,0,0,0,0.0,0,0.0,0,0,0,3.0,0,0.046635,0.0,0,0,3.0,0,0.046635,0,0,0,0.0,0,0,0.0,0,0,,,,0.0,desktop,BS,2.0,1.0,1.0,1.0
ALC - PROMO MAES,120245581598500402,OUTCOME_AWARENESS,2026-04-01,68174,57062,1.194736,87,0.127615,1.167703,1.49016,101.590144,73.0,0,1.391646,12.0,0,8.465845,0.0,0,0.0,0,0,0,0,0,0,67.0,0,1.516271,0,0,0,821.0,0,0.12374,2.0,0,0,821.0,0,0.12374,0,0,0,0.0,0,0,92.0,0,0,,,,43.0,mobile_app,BS,184.0,78.0,27.0,18.0
ALC - PROMO MAES,120245581598500402,OUTCOME_AWARENESS,2026-04-01,47,44,1.068182,0,0.0,0.0,1.488338,0.069952,0.0,0,0.0,0.0,0,0.0,0.0,0,0.0,0,0,0,0,0,0,0.0,0,0.0,0,0,0,1.0,0,0.069952,0.0,0,0,1.0,0,0.069952,0,0,0,0.0,0,0,0.0,0,0,,,,0.0,mobile_web,BS,,,,
TRAF - PROMO MAES,120245581807590402,LINK_CLICKS,2026-04-01,3,3,1.0,0,0.0,0.0,0.0,0.0,0.0,0,0.0,0.0,0,0.0,0.0,0,0.0,0,0,0,0,0,0,0.0,0,0.0,0,0,0,1.0,0,0.0,0.0,0,0,1.0,0,0.0,0,0,0,0.0,0,0,0.0,0,0,,,,0.0,desktop,BS,1.0,,,
TRAF - PROMO MAES,120245581807590402,LINK_CLICKS,2026-04-01,13272,10707,1.239563,974,7.338758,0.110144,8.083183,107.28,955.0,0,0.112335,258.0,0,0.415814,0.0,0,0.0,0,0,0,0,0,0,54.0,0,1.986667,0,0,0,5391.0,0,0.0199,86.0,0,0,5391.0,0,0.0199,0,0,0,0.0,0,0,120.0,0,0,,,,955.0,mobile_app,BS,2430.0,1169.0,712.0,498.0
ALC- DIABO VESTE PRADA,120245819470700402,OUTCOME_AWARENESS,2026-04-01,20,20,1.0,0,0.0,0.0,2.5,0.05,0.0,0,0.0,0.0,0,0.0,0.0,0,0.0,0,0,0,0,0,0,0.0,0,0.0,0,0,0,3.0,0,0.016667,0.0,0,0,3.0,0,0.016667,0,0,0,0.0,0,0,0.0,0,0,,,,0.0,desktop,BS,2.0,1.0,1.0,
ALC- DIABO VESTE PRADA,120245819470700402,OUTCOME_AWARENESS,2026-04-01,7684,7249,1.060008,20,0.260281,0.558,1.452369,11.16,10.0,0,1.116,8.0,0,1.395,0.0,0,0.0,0,0,0,0,0,0,2.0,0,5.58,0,0,0,539.0,0,0.020705,2.0,0,0,539.0,0,0.020705,0,0,0,0.0,0,0,1.0,0,0,,,,10.0,mobile_app,BS,285.0,136.0,97.0,25.0
ALC- DIABO VESTE PRADA,120245819470700402,OUTCOME_AWARENESS,2026-04-01,18,18,1.0,0,0.0,0.0,0.555556,0.01,0.0,0,0.0,0.0,0,0.0,0.0,0,0.0,0,0,0,0,0,0,0.0,0,0.0,0,0,0,2.0,0,0.005,0.0,0,0,2.0,0,0.005,0,0,0,0.0,0,0,0.0,0,0,,,,0.0,mobile_web,BS,,,,
ALC - LEGUEIROS,120244693276740402,OUTCOME_AWARENESS,2026-05-01,113497,97917,1.159114,178,0.156832,0.965449,1.514137,171.85,145.0,0,1.185172,1.0,0,171.85,2.0,0,85.925,0,0,0,0,0,0,299.0,0,0.574749,0,0,0,177.0,0,0.970904,10.0,0,0,177.0,0,0.970904,0,0,0,2.0,0,0,294.0,0,0,,,,0.0,mobile_app,BS,,,,
ALC - SHOULDER,120244697055620402,OUTCOME_AWARENESS,2026-05-01,0,0,0.0,0,0.0,0.0,0.0,0.0,0.0,0,0.0,0.0,0,0.0,0.0,0,0.0,0,0,0,0,0,0,0.0,0,0.0,0,0,0,0.0,0,0.0,0.0,0,0,0.0,0,0.0,0,0,0,0.0,0,0,0.0,0,0,,,,0.0,mobile_app,BS,,,,
ALC | A menina mágica,120245113213580402,OUTCOME_AWARENESS,2026-05-01,0,0,0.0,0,0.0,0.0,0.0,0.0,0.0,0,0.0,0.0,0,0.0,0.0,0,0.0,0,0,0,0,0,0,0.0,0,0.0,0,0,0,0.0,0,0.0,0.0,0,0,0.0,0,0.0,0,0,0,0.0,0,0,7.0,0,0,,,,0.0,mobile_app,BS,,,,
ALC - PROMO MAES,120245581598500402,OUTCOME_AWARENESS,2026-05-01,162,156,1.038462,0,0.0,0.0,1.419753,0.23,0.0,0,0.0,0.0,0,0.0,0.0,0,0.0,0,0,0,0,0,0,1.0,0,0.23,0,0,0,8.0,0,0.02875,0.0,0,0,8.0,0,0.02875,0,0,0,0.0,0,0,1.0,0,0,,,,0.0,desktop,BS,2.0,1.0,1.0,1.0
ALC - PROMO MAES,120245581598500402,OUTCOME_AWARENESS,2026-05-01,81831,71616,1.142636,80,0.097762,1.48125,1.448106,118.5,64.0,0,1.851563,27.0,0,4.388889,1.0,0,118.5,0,0,0,0,0,0,76.0,0,1.559211,0,0,0,3587.0,0,0.033036,21.0,0,0,3587.0,0,0.033036,0,0,0,1.0,0,0,135.0,0,0,,,,63.0,mobile_app,BS,1048.0,462.0,128.0,86.0
ALC - PROMO MAES,120245581598500402,OUTCOME_AWARENESS,2026-05-01,85,84,1.011905,0,0.0,0.0,2.117647,0.18,0.0,0,0.0,0.0,0,0.0,0.0,0,0.0,0,0,0,0,0,0,0.0,0,0.0,0,0,0,7.0,0,0.025714,0.0,0,0,7.0,0,0.025714,0,0,0,0.0,0,0,0.0,0,0,,,,0.0,mobile_web,BS,1.0,,,
TRAF - PROMO MAES,120245581807590402,LINK_CLICKS,2026-05-01,1,1,1.0,0,0.0,0.0,0.0,0.0,0.0,0,0.0,0.0,0,0.0,0.0,0,0.0,0,0,0,0,0,0,0.0,0,0.0,0,0,0,0.0,0,0.0,0.0,0,0,0.0,0,0.0,0,0,0,0.0,0,0,0.0,0,0,,,,0.0,desktop,BS,,,,
TRAF - PROMO MAES,120245581807590402,LINK_CLICKS,2026-05-01,33302,25844,1.288578,446,1.339259,0.269507,3.609393,120.2,430.0,0,0.279535,282.0,0,0.426241,3.0,0,40.066667,0,0,0,0,0,0,195.0,0,0.61641,0,0,0,491.0,0,0.244807,5.0,0,0,491.0,0,0.244807,0,0,0,3.0,0,0,229.0,0,0,,,,430.0,mobile_app,BS,31.0,11.0,6.0,4.0
ALC- DIABO VESTE PRADA,120245819470700402,OUTCOME_AWARENESS,2026-05-01,138,133,1.037594,0,0.0,0.0,1.231884,0.17,0.0,0,0.0,0.0,0,0.0,0.0,0,0.0,0,0,0,0,0,0,3.0,0,0.056667,0,0,0,17.0,0,0.01,0.0,0,0,17.0,0,0.01,0,0,0,0.0,0,0,0.0,0,0,,,,0.0,desktop,BS,14.0,8.0,5.0,3.0
ALC- DIABO VESTE PRADA,120245819470700402,OUTCOME_AWARENESS,2026-05-01,57500,49502,1.161569,155,0.269565,0.513161,1.383304,79.54,92.0,0,0.864565,59.0,0,1.348136,2.0,0,39.77,0,0,0,0,0,0,76.0,0,1.046579,0,0,0,3997.0,0,0.0199,26.0,0,0,3997.0,0,0.0199,0,0,0,2.0,0,0,135.0,0,0,,,,92.0,mobile_app,BS,2157.0,1055.0,623.0,141.0
ALC- DIABO VESTE PRADA,120245819470700402,OUTCOME_AWARENESS,2026-05-01,65,62,1.048387,0,0.0,0.0,1.692308,0.11,0.0,0,0.0,0.0,0,0.0,0.0,0,0.0,0,0,0,0,0,0,0.0,0,0.0,0,0,0,9.0,0,0.012222,0.0,0,0,9.0,0,0.012222,0,0,0,0.0,0,0,0.0,0,0,,,,0.0,mobile_web,BS,4.0,2.0,1.0,1.0
ALC - Gastronomia — AON,120217368581940157,OUTCOME_AWARENESS,2025-11-09,8,8,1.0,0,0.0,0.0,2.500038,0.02,0.0,0,0.0,0.0,0,0.0,0.0,0,0.0,0,0,0,0,0,0,0.0,0,0.0,0,0,0,3.0,0,0.006667,0.0,0,0,3.0,0,0.006667,0,0,0,0.0,0,0,0.0,0,0,,,,0.0,desktop,NK,1.0,,,
ALC - Gastronomia — AON,120217368581940157,OUTCOME_AWARENESS,2025-11-09,387811,252339,1.536865,376,0.096954,1.766543,1.712742,664.219999,236.0,0,2.814492,0.0,0,0.0,0.0,0,0.0,0,0,0,0,0,0,0.0,0,0.0,0,0,0,14855.0,0,0.044714,87.0,0,0,14855.0,0,0.044714,0,0,0,0.0,0,0,0.0,0,0,,,,103.0,mobile_app,NK,4706.0,1550.0,643.0,392.0
ALC - Gastronomia — AON,120217368581940157,OUTCOME_AWARENESS,2025-11-09,8,8,1.0,0,0.0,0.0,3.750056,0.03,0.0,0,0.0,0.0,0,0.0,0.0,0,0.0,0,0,0,0,0,0,0.0,0,0.0,0,0,0,3.0,0,0.01,0.0,0,0,3.0,0,0.01,0,0,0,0.0,0,0,0.0,0,0,,,,0.0,mobile_web,NK,2.0,1.0,,
ALC - Promo Natal 25,120234188543950157,OUTCOME_AWARENESS,2025-11-09,1340,996,1.345382,0,0.0,0.0,1.410714,1.890357,0.0,0,0.0,0.0,0,0.0,0.0,0,0.0,0,0,0,0,0,0,0.0,0,0.0,0,0,0,7.0,0,0.270051,0.0,0,0,7.0,0,0.270051,0,0,0,0.0,0,0,0.0,0,0,,,,0.0,desktop,NK,15.0,8.0,6.0,5.0
ALC - Promo Natal 25,120234188543950157,OUTCOME_AWARENESS,2025-11-09,442593,302735,1.461982,720,0.162678,0.952819,1.550023,686.029424,497.0,0,1.380341,0.0,0,0.0,0.0,0,0.0,0,0,0,0,0,0,0.0,0,0.0,0,0,0,2114.0,0,0.324517,54.0,0,0,2114.0,0,0.324517,0,0,0,0.0,0,0,0.0,0,0,,,,351.0,mobile_app,NK,6515.0,1757.0,898.0,565.0
ALC - Promo Natal 25,120234188543950157,OUTCOME_AWARENESS,2025-11-09,748,615,1.21626,1,0.13369,1.160219,1.551095,1.160219,1.0,0,1.160219,0.0,0,0.0,0.0,0,0.0,0,0,0,0,0,0,0.0,0,0.0,0,0,0,3.0,0,0.38674,0.0,0,0,3.0,0,0.38674,0,0,0,0.0,0,0,0.0,0,0,,,,1.0,mobile_web,NK,17.0,4.0,1.0,
TRAF - Promo Natal 25,120234188664020157,LINK_CLICKS,2025-11-09,803,231,3.47619,0,0.0,0.0,1.046319,0.840194,0.0,0,0.0,0.0,0,0.0,0.0,0,0.0,0,0,0,0,0,0,0.0,0,0.0,0,0,0,24.0,0,0.035008,0.0,0,0,24.0,0,0.035008,0,0,0,0.0,0,0,0.0,0,0,,,,0.0,desktop,NK,25.0,24.0,24.0,24.0
TRAF - Promo Natal 25,120234188664020157,LINK_CLICKS,2025-11-09,217841,80387,2.709903,3311,1.519916,0.208825,3.173965,691.419746,2384.0,0,0.290025,806.0,0,0.857841,0.0,0,0.0,0,0,0,0,0,0,0.0,0,0.0,0,0,0,17076.0,0,0.040491,126.0,0,0,17077.0,0,0.040488,0,0,0,0.0,0,0,0.0,0,0,,,,2383.0,mobile_app,NK,31371.0,12767.0,6894.0,4451.0
TRAF - Promo Natal 25,120234188664020157,LINK_CLICKS,2025-11-09,73,44,1.659091,0,0.0,0.0,3.562467,0.26006,0.0,0,0.0,0.0,0,0.0,0.0,0,0.0,0,0,0,0,0,0,0.0,0,0.0,0,0,0,0.0,0,0.0,0.0,0,0,0.0,0,0.0,0,0,0,0.0,0,0,0.0,0,0,,,,0.0,mobile_web,NK,,,,
ALC - Arvore Solidária,120234357546450157,OUTCOME_AWARENESS,2025-11-09,161363,115125,1.401633,176,0.109071,1.554318,1.695308,273.56,133.0,0,2.056842,0.0,0,0.0,0.0,0,0.0,0,0,0,0,0,0,0.0,0,0.0,0,0,0,714.0,0,0.383137,12.0,0,0,714.0,0,0.383137,0,0,0,0.0,0,0,0.0,0,0,,,,0.0,mobile_app,NK,3114.0,992.0,567.0,401.0
ALC - Mercado Shelf,120234830692550157,OUTCOME_AWARENESS,2025-11-09,72106,62589,1.152055,65,0.090145,1.938462,1.747427,126.0,45.0,0,2.8,0.0,0,0.0,0.0,0,0.0,0,0,0,0,0,0,0.0,0,0.0,0,0,0,1911.0,0,0.065934,13.0,0,0,1911.0,0,0.065934,0,0,0,0.0,0,0,0.0,0,0,,,,0.0,mobile_app,NK,508.0,94.0,60.0,36.0
ENG - Decoração Natal,120234835113290157,OUTCOME_ENGAGEMENT,2025-11-09,6,6,1.0,0,0.0,0.0,6.667242,0.040003,0.0,0,0.0,0.0,0,0.0,0.0,0,0.0,0,0,0,0,0,0,0.0,0,0.0,0,0,0,2.0,0,0.020002,1.0,0,0,2.0,0,0.020002,0,0,0,0.0,0,0,0.0,0,0,,,,0.0,desktop,NK,1.0,1.0,1.0,
ENG - Decoração Natal,120234835113290157,OUTCOME_ENGAGEMENT,2025-11-09,16597,7237,2.293354,29,0.17473,3.996896,6.983792,115.909997,1.0,0,115.909997,0.0,0,0.0,0.0,0,0.0,0,0,0,0,0,0,0.0,0,0.0,0,0,0,2185.0,0,0.053048,882.0,0,0,2185.0,0,0.053048,0,0,0,0.0,0,0,0.0,0,0,,,,1.0,mobile_app,NK,497.0,198.0,124.0,74.0
ALC- Black Friday NK,120234972150530157,OUTCOME_AWARENESS,2025-11-09,495032,419121,1.18112,521,0.105246,1.91929,2.01997,999.95,405.0,0,2.469012,0.0,0,0.0,0.0,0,0.0,0,0,0,0,0,0,0.0,0,0.0,0,0,0,1073.0,0,0.93192,34.0,0,0,1073.0,0,0.93192,0,0,0,0.0,0,0,0.0,0,0,,,,250.0,mobile_app,NK,416.0,207.0,104.0,38.0
ALC- Espetáculo de Natal,120235247951700157,OUTCOME_AWARENESS,2025-11-09,515613,515613,1.0,735,0.142549,2.040816,2.909159,1500.0,534.0,0,2.808989,0.0,0,0.0,0.0,0,0.0,0,0,0,0,0,0,0.0,0,0.0,0,0,0,642.0,0,2.336449,51.0,0,0,642.0,0,2.336449,0,0,0,0.0,0,0,0.0,0,0,,,,0.0,mobile_app,NK,13.0,5.0,3.0,2.0
VISUALIZAÇOES - ESPETACULO DE NATAL,120235343099230157,OUTCOME_AWARENESS,2025-11-09,34240,29936,1.143773,253,0.738902,1.976126,14.601636,499.96,190.0,0,2.631368,0.0,0,0.0,0.0,0,0.0,0,0,0,0,0,0,0.0,0,0.0,0,0,0,14827.0,0,0.03372,174.0,0,0,14827.0,0,0.03372,0,0,0,0.0,0,0,0.0,0,0,,,,0.0,mobile_app,NK,9132.0,6068.0,2871.0,2386.0
ALC - Gastronomia — AON,120217368581940157,OUTCOME_AWARENESS,2025-12-01,257,230,1.117391,0,0.0,0.0,1.284254,0.330053,0.0,0,0.0,0.0,0,0.0,0.0,0,0.0,0,0,0,0,0,0,0.0,0,0.0,0,0,0,19.0,0,0.017371,0.0,0,0,19.0,0,0.017371,0,0,0,0.0,0,0,0.0,0,0,,,,0.0,desktop,NK,11.0,5.0,3.0,
ALC - Gastronomia — AON,120217368581940157,OUTCOME_AWARENESS,2025-12-01,692880,381324,1.817037,595,0.085873,1.56121,1.340665,928.919926,393.0,0,2.363664,0.0,0,0.0,0.0,0,0.0,0,0,0,0,0,0,0.0,0,0.0,0,0,0,24962.0,0,0.037213,77.0,0,0,24962.0,0,0.037213,0,0,0,0.0,0,0,0.0,0,0,,,,20.0,mobile_app,NK,4644.0,1767.0,616.0,400.0
ALC - Gastronomia — AON,120217368581940157,OUTCOME_AWARENESS,2025-12-01,116,109,1.06422,0,0.0,0.0,1.120871,0.130021,0.0,0,0.0,0.0,0,0.0,0.0,0,0.0,0,0,0,0,0,0,0.0,0,0.0,0,0,0,10.0,0,0.013002,0.0,0,0,10.0,0,0.013002,0,0,0,0.0,0,0,0.0,0,0,,,,0.0,mobile_web,NK,2.0,1.0,1.0,1.0
ALC - Promo Natal 25,120234188543950157,OUTCOME_AWARENESS,2025-12-01,3120,1998,1.561562,1,0.032051,3.850305,1.234072,3.850305,1.0,0,3.850305,0.0,0,0.0,0.0,0,0.0,0,0,0,0,0,0,0.0,0,0.0,0,0,0,23.0,0,0.167405,0.0,0,0,23.0,0,0.167405,0,0,0,0.0,0,0,0.0,0,0,,,,1.0,desktop,NK,35.0,18.0,16.0,11.0
ALC - Promo Natal 25,120234188543950157,OUTCOME_AWARENESS,2025-12-01,1287696,722466,1.782362,1983,0.153996,0.823015,1.267411,1632.039477,1393.0,0,1.1716,0.0,0,0.0,0.0,0,0.0,0,0,0,0,0,0,0.0,0,0.0,0,0,0,5028.0,0,0.32459,161.0,0,0,5028.0,0,0.32459,0,0,0,0.0,0,0,0.0,0,0,,,,1205.0,mobile_app,NK,4816.0,1565.0,845.0,529.0
ALC - Promo Natal 25,120234188543950157,OUTCOME_AWARENESS,2025-12-01,1987,1322,1.503026,11,0.553598,0.249111,1.379073,2.740217,7.0,0,0.39146,0.0,0,0.0,0.0,0,0.0,0,0,0,0,0,0,0.0,0,0.0,0,0,0,11.0,0,0.249111,1.0,0,0,11.0,0,0.249111,0,0,0,0.0,0,0,0.0,0,0,,,,7.0,mobile_web,NK,7.0,,,
TRAF - Promo Natal 25,120234188664020157,LINK_CLICKS,2025-12-01,98,46,2.130435,0,0.0,0.0,0.408213,0.040005,0.0,0,0.0,0.0,0,0.0,0.0,0,0.0,0,0,0,0,0,0,0.0,0,0.0,0,0,0,24.0,0,0.001667,0.0,0,0,24.0,0,0.001667,0,0,0,0.0,0,0,0.0,0,0,,,,0.0,desktop,NK,21.0,21.0,20.0,21.0
TRAF - Promo Natal 25,120234188664020157,LINK_CLICKS,2025-12-01,394641,117862,3.348331,10962,2.777714,0.149607,4.15565,1639.989983,7232.0,0,0.226769,3191.0,0,0.513942,0.0,0,0.0,0,0,0,0,0,0,0.0,0,0.0,0,0,0,62321.0,0,0.026315,484.0,0,0,62332.0,0,0.026311,0,0,0,0.0,0,0,0.0,0,0,,,,7221.0,mobile_app,NK,20583.0,8262.0,4648.0,2363.0
TRAF - Promo Natal 25,120234188664020157,LINK_CLICKS,2025-12-01,34,27,1.259259,2,5.882353,0.050006,2.941535,0.100012,1.0,0,0.100012,0.0,0,0.0,0.0,0,0.0,0,0,0,0,0,0,0.0,0,0.0,0,0,0,1.0,0,0.100012,0.0,0,0,1.0,0,0.100012,0,0,0,0.0,0,0,0.0,0,0,,,,1.0,mobile_web,NK,,,,
ALC - Arvore Solidária,120234357546450157,OUTCOME_AWARENESS,2025-12-01,149880,138722,1.080434,165,0.110088,1.372242,1.510675,226.42,135.0,0,1.677185,0.0,0,0.0,0.0,0,0.0,0,0,0,0,0,0,0.0,0,0.0,0,0,0,302.0,0,0.749735,4.0,0,0,302.0,0,0.749735,0,0,0,0.0,0,0,0.0,0,0,,,,1.0,mobile_app,NK,16.0,3.0,2.0,2.0
ALC - Mercado Shelf,120234830692550157,OUTCOME_AWARENESS,2025-12-01,114148,84646,1.348534,115,0.100746,1.512609,1.523899,173.95,84.0,0,2.070833,0.0,0,0.0,0.0,0,0.0,0,0,0,0,0,0,0.0,0,0.0,0,0,0,2990.0,0,0.058177,7.0,0,0,2990.0,0,0.058177,0,0,0,0.0,0,0,0.0,0,0,,,,0.0,mobile_app,NK,806.0,139.0,72.0,42.0
ENG - Decoração Natal,120234835113290157,OUTCOME_ENGAGEMENT,2025-12-01,9,9,1.0,0,0.0,0.0,1.111546,0.010004,0.0,0,0.0,0.0,0,0.0,0.0,0,0.0,0,0,0,0,0,0,0.0,0,0.0,0,0,0,2.0,0,0.005002,0.0,0,0,2.0,0,0.005002,0,0,0,0.0,0,0,0.0,0,0,,,,0.0,desktop,NK,1.0,,,
ENG - Decoração Natal,120234835113290157,OUTCOME_ENGAGEMENT,2025-12-01,19687,10113,1.946702,36,0.182862,3.547778,6.48753,127.719996,3.0,0,42.573332,0.0,0,0.0,0.0,0,0.0,0,0,0,0,0,0,0.0,0,0.0,0,0,0,2569.0,0,0.049716,875.0,0,0,2569.0,0,0.049716,0,0,0,0.0,0,0,0.0,0,0,,,,1.0,mobile_app,NK,596.0,233.0,145.0,85.0
ALC- Black Friday NK,120234972150530157,OUTCOME_AWARENESS,2025-12-01,0,0,0.0,0,0.0,0.0,0.0,0.0,0.0,0,0.0,0.0,0,0.0,0.0,0,0.0,0,0,0,0,0,0,0.0,0,0.0,0,0,0,0.0,0,0.0,0.0,0,0,0.0,0,0.0,0,0,0,0.0,0,0,0.0,0,0,,,,0.0,mobile_app,NK,,,,
ALC- Inauguração Brasileirisse - Empréstimo NR,120235718036840157,OUTCOME_AWARENESS,2025-12-01,76,75,1.013333,0,0.0,0.0,1.711687,0.130088,0.0,0,0.0,0.0,0,0.0,0.0,0,0.0,0,0,0,0,0,0,0.0,0,0.0,0,0,0,1.0,0,0.130088,0.0,0,0,1.0,0,0.130088,0,0,0,0.0,0,0,0.0,0,0,,,,0.0,desktop,NK,,,,
ALC- Inauguração Brasileirisse - Empréstimo NR,120235718036840157,OUTCOME_AWARENESS,2025-12-01,83754,82645,1.013419,163,0.194618,0.813189,1.58261,132.549878,114.0,0,1.162718,0.0,0,0.0,0.0,0,0.0,0,0,0,0,0,0,0.0,0,0.0,0,0,0,958.0,0,0.138361,13.0,0,0,958.0,0,0.138361,0,0,0,0.0,0,0,0.0,0,0,,,,114.0,mobile_app,NK,689.0,315.0,202.0,147.0
ALC- Inauguração Brasileirisse - Empréstimo NR,120235718036840157,OUTCOME_AWARENESS,2025-12-01,43,43,1.0,0,0.0,0.0,1.16358,0.050034,0.0,0,0.0,0.0,0,0.0,0.0,0,0.0,0,0,0,0,0,0,0.0,0,0.0,0,0,0,0.0,0,0.0,0.0,0,0,0.0,0,0.0,0,0,0,0.0,0,0,0.0,0,0,,,,0.0,mobile_web,NK,,,,
ALC - Natal NR - Empréstimo,120235718224840157,OUTCOME_AWARENESS,2025-12-01,64,60,1.066667,0,0.0,0.0,2.03312,0.13012,0.0,0,0.0,0.0,0,0.0,0.0,0,0.0,0,0,0,0,0,0,0.0,0,0.0,0,0,0,10.0,0,0.013012,0.0,0,0,10.0,0,0.013012,0,0,0,0.0,0,0,0.0,0,0,,,,0.0,desktop,NK,4.0,3.0,2.0,2.0
ALC - Natal NR - Empréstimo,120235718224840157,OUTCOME_AWARENESS,2025-12-01,76360,70557,1.082246,149,0.195128,0.80161,1.564168,119.439853,49.0,0,2.437548,0.0,0,0.0,0.0,0,0.0,0,0,0,0,0,0,0.0,0,0.0,0,0,0,5486.0,0,0.021772,23.0,0,0,5486.0,0,0.021772,0,0,0,0.0,0,0,0.0,0,0,,,,33.0,mobile_app,NK,1350.0,494.0,243.0,150.0
ALC - Natal NR - Empréstimo,120235718224840157,OUTCOME_AWARENESS,2025-12-01,39,38,1.026316,0,0.0,0.0,0.769939,0.030028,0.0,0,0.0,0.0,0,0.0,0.0,0,0.0,0,0,0,0,0,0,0.0,0,0.0,0,0,0,5.0,0,0.006006,0.0,0,0,5.0,0,0.006006,0,0,0,0.0,0,0,0.0,0,0,,,,0.0,mobile_web,NK,,,,
ALC - Feira Pet,120235844541760157,OUTCOME_AWARENESS,2025-12-01,182205,175189,1.040048,213,0.116901,1.408451,1.646497,300.0,153.0,0,1.960784,0.0,0,0.0,0.0,0,0.0,0,0,0,0,0,0,0.0,0,0.0,0,0,0,189.0,0,1.587302,22.0,0,0,189.0,0,1.587302,0,0,0,0.0,0,0,0.0,0,0,,,,0.0,mobile_app,NK,,,,
ALC - Carrossel das Renas,120236216503990157,OUTCOME_AWARENESS,2025-12-01,330148,258081,1.279242,378,0.114494,1.322725,1.514442,499.99,276.0,0,1.811558,0.0,0,0.0,0.0,0,0.0,0,0,0,0,0,0,0.0,0,0.0,0,0,0,11980.0,0,0.041735,59.0,0,0,11980.0,0,0.041735,0,0,0,0.0,0,0,0.0,0,0,,,,0.0,mobile_app,NK,5469.0,3464.0,1401.0,359.0
ALC - Decoração itens de Natal,120236216543100157,OUTCOME_AWARENESS,2025-12-01,316442,261921,1.208158,367,0.115977,1.362371,1.580037,499.99,258.0,0,1.937946,0.0,0,0.0,0.0,0,0.0,0,0,0,0,0,0,0.0,0,0.0,0,0,0,10462.0,0,0.047791,39.0,0,0,10462.0,0,0.047791,0,0,0,0.0,0,0,0.0,0,0,,,,1.0,mobile_app,NK,1543.0,210.0,107.0,62.0
ALC - LOOKS DE FIM DE ANO,120236217385520157,OUTCOME_AWARENESS,2025-12-01,155036,109820,1.411728,181,0.116747,1.104586,1.289571,199.93,128.0,0,1.561953,0.0,0,0.0,0.0,0,0.0,0,0,0,0,0,0,0.0,0,0.0,0,0,0,5309.0,0,0.037659,15.0,0,0,5309.0,0,0.037659,0,0,0,0.0,0,0,0.0,0,0,,,,0.0,mobile_app,NK,682.0,113.0,56.0,33.0
ALC - Amigo Secreto no NK,120236217481630157,OUTCOME_AWARENESS,2025-12-01,167900,135547,1.238685,283,0.168553,0.883322,1.488862,249.98,175.0,0,1.428457,0.0,0,0.0,0.0,0,0.0,0,0,0,0,0,0,0.0,0,0.0,0,0,0,10797.0,0,0.023153,26.0,0,0,10797.0,0,0.023153,0,0,0,0.0,0,0,0.0,0,0,,,,0.0,mobile_app,NK,321.0,136.0,105.0,41.0
ALC - McDonalds,120236217571610157,OUTCOME_AWARENESS,2025-12-01,153231,109576,1.398399,237,0.154668,0.843544,1.304697,199.92,150.0,0,1.3328,0.0,0,0.0,0.0,0,0.0,0,0,0,0,0,0,0.0,0,0.0,0,0,0,6802.0,0,0.029391,32.0,0,0,6802.0,0,0.029391,0,0,0,0.0,0,0,0.0,0,0,,,,1.0,mobile_app,NK,1434.0,353.0,181.0,84.0
ALC - Arezzo,120236324569710157,OUTCOME_AWARENESS,2025-12-01,231126,165971,1.392569,373,0.161384,0.804236,1.297907,299.98,199.0,0,1.507437,0.0,0,0.0,0.0,0,0.0,0,0,0,0,0,0,0.0,0,0.0,0,0,0,21092.0,0,0.014222,92.0,0,0,21092.0,0,0.014222,0,0,0,0.0,0,0,0.0,0,0,,,,0.0,mobile_app,NK,13701.0,4727.0,2330.0,1616.0
ALC - Gastronomia — AON,120217368581940157,OUTCOME_AWARENESS,2026-01-01,955,800,1.19375,0,0.0,0.0,0.994775,0.95001,0.0,0,0.0,0.0,0,0.0,0.0,0,0.0,0,0,0,0,0,0,0.0,0,0.0,0,0,0,98.0,0,0.009694,1.0,0,0,98.0,0,0.009694,0,0,0,0.0,0,0,0.0,0,0,,,,0.0,desktop,NK,38.0,18.0,14.0,12.0
ALC - Gastronomia — AON,120217368581940157,OUTCOME_AWARENESS,2026-01-01,891344,480178,1.856278,550,0.061705,1.679436,1.036289,923.689984,292.0,0,3.163322,0.0,0,0.0,0.0,0,0.0,0,0,0,0,0,0,0.0,0,0.0,0,0,0,28641.0,0,0.032251,146.0,0,0,28641.0,0,0.032251,0,0,0,0.0,0,0,0.0,0,0,,,,1.0,mobile_app,NK,6878.0,3039.0,1135.0,719.0
ALC - Gastronomia — AON,120217368581940157,OUTCOME_AWARENESS,2026-01-01,510,418,1.220096,0,0.0,0.0,1.078443,0.550006,0.0,0,0.0,0.0,0,0.0,0.0,0,0.0,0,0,0,0,0,0,0.0,0,0.0,0,0,0,46.0,0,0.011957,0.0,0,0,46.0,0,0.011957,0,0,0,0.0,0,0,0.0,0,0,,,,0.0,mobile_web,NK,16.0,3.0,2.0,
ALC - Promo Natal 25,120234188543950157,OUTCOME_AWARENESS,2026-01-01,2557,2017,1.267724,0,0.0,0.0,0.856528,2.190142,0.0,0,0.0,0.0,0,0.0,0.0,0,0.0,0,0,0,0,0,0,0.0,0,0.0,0,0,0,29.0,0,0.075522,0.0,0,0,29.0,0,0.075522,0,0,0,0.0,0,0,0.0,0,0,,,,0.0,desktop,NK,28.0,16.0,9.0,7.0
ALC - Promo Natal 25,120234188543950157,OUTCOME_AWARENESS,2026-01-01,747950,644079,1.161271,1054,0.140919,0.581888,0.819988,613.309796,727.0,0,0.843617,0.0,0,0.0,0.0,0,0.0,0,0,0,0,0,0,0.0,0,0.0,0,0,0,5038.0,0,0.121737,108.0,0,0,5038.0,0,0.121737,0,0,0,0.0,0,0,0.0,0,0,,,,696.0,mobile_app,NK,2784.0,1019.0,494.0,315.0
ALC - Promo Natal 25,120234188543950157,OUTCOME_AWARENESS,2026-01-01,958,869,1.102417,1,0.104384,0.960062,1.002153,0.960062,0.0,0,0.0,0.0,0,0.0,0.0,0,0.0,0,0,0,0,0,0,0.0,0,0.0,0,0,0,5.0,0,0.192012,0.0,0,0,5.0,0,0.192012,0,0,0,0.0,0,0,0.0,0,0,,,,0.0,mobile_web,NK,6.0,,,
TRAF - Promo Natal 25,120234188664020157,LINK_CLICKS,2026-01-01,55,31,1.774194,0,0.0,0.0,1.091041,0.060007,0.0,0,0.0,0.0,0,0.0,0.0,0,0.0,0,0,0,0,0,0,0.0,0,0.0,0,0,0,4.0,0,0.015002,0.0,0,0,4.0,0,0.015002,0,0,0,0.0,0,0,0.0,0,0,,,,0.0,desktop,NK,2.0,2.0,3.0,3.0
TRAF - Promo Natal 25,120234188664020157,LINK_CLICKS,2026-01-01,126271,64453,1.959118,4115,3.258864,0.120258,3.919031,494.859983,3334.0,0,0.148428,1824.0,0,0.271305,0.0,0,0.0,0,0,0,0,0,0,0.0,0,0.0,0,0,0,22512.0,0,0.021982,172.0,0,0,22513.0,0,0.021981,0,0,0,0.0,0,0,0.0,0,0,,,,3328.0,mobile_app,NK,7773.0,2637.0,1862.0,1495.0
TRAF - Promo Natal 25,120234188664020157,LINK_CLICKS,2026-01-01,33,27,1.222222,3,9.090909,0.02667,2.424536,0.08001,2.0,0,0.040005,2.0,0,0.040005,0.0,0,0.0,0,0,0,0,0,0,0.0,0,0.0,0,0,0,2.0,0,0.040005,0.0,0,0,2.0,0,0.040005,0,0,0,0.0,0,0,0.0,0,0,,,,2.0,mobile_web,NK,,,,
ALC - Arena Super Games,120236945555570157,OUTCOME_AWARENESS,2026-01-01,10273,7488,1.371928,6,0.058406,2.069988,1.208987,12.419925,0.0,0,0.0,0.0,0,0.0,0.0,0,0.0,0,0,0,0,0,0,0.0,0,0.0,0,0,0,931.0,0,0.01334,4.0,0,0,931.0,0,0.01334,0,0,0,0.0,0,0,0.0,0,0,,,,0.0,desktop,NK,374.0,157.0,105.0,76.0
ALC - Arena Super Games,120236945555570157,OUTCOME_AWARENESS,2026-01-01,1200153,747619,1.6053,1478,0.123151,1.108356,1.364951,1638.15011,322.0,0,5.087423,0.0,0,0.0,0.0,0,0.0,0,0,0,0,0,0,0.0,0,0.0,0,0,0,40424.0,0,0.040524,354.0,0,0,40424.0,0,0.040524,0,0,0,0.0,0,0,0.0,0,0,,,,293.0,mobile_app,NK,11867.0,4629.0,1821.0,1182.0
ALC - Arena Super Games,120236945555570157,OUTCOME_AWARENESS,2026-01-01,4304,3401,1.26551,18,0.418216,0.32222,1.347576,5.799965,3.0,0,1.933322,0.0,0,0.0,0.0,0,0.0,0,0,0,0,0,0,0.0,0,0.0,0,0,0,169.0,0,0.034319,1.0,0,0,169.0,0,0.034319,0,0,0,0.0,0,0,0.0,0,0,,,,3.0,mobile_web,NK,55.0,24.0,17.0,12.0
ALC - LIQUIDA,120237106180890157,OUTCOME_AWARENESS,2026-01-01,2748,2652,1.036199,1,0.03639,5.240437,1.907,5.240437,1.0,0,5.240437,0.0,0,0.0,0.0,0,0.0,0,0,0,0,0,0,0.0,0,0.0,0,0,0,187.0,0,0.028024,0.0,0,0,187.0,0,0.028024,0,0,0,0.0,0,0,0.0,0,0,,,,1.0,desktop,NK,136.0,75.0,57.0,47.0
ALC - LIQUIDA,120237106180890157,OUTCOME_AWARENESS,2026-01-01,1520992,1150708,1.321788,1828,0.120185,1.635191,1.96525,2989.129285,1296.0,0,2.306427,0.0,0,0.0,0.0,0,0.0,0,0,0,0,0,0,0.0,0,0.0,0,0,0,37692.0,0,0.079304,239.0,0,0,37692.0,0,0.079304,0,0,0,0.0,0,0,0.0,0,0,,,,1275.0,mobile_app,NK,25541.0,10307.0,6142.0,4406.0
ALC - LIQUIDA,120237106180890157,OUTCOME_AWARENESS,2026-01-01,1764,1695,1.040708,0,0.0,0.0,1.887913,3.330278,0.0,0,0.0,0.0,0,0.0,0.0,0,0.0,0,0,0,0,0,0,0.0,0,0.0,0,0,0,108.0,0,0.030836,1.0,0,0,108.0,0,0.030836,0,0,0,0.0,0,0,0.0,0,0,,,,0.0,mobile_web,NK,64.0,27.0,14.0,10.0
ALC - Cinema - AON,120237502551570157,OUTCOME_AWARENESS,2026-01-01,1953,1512,1.291667,2,0.102407,0.89995,0.921608,1.7999,0.0,0,0.0,0.0,0,0.0,0.0,0,0.0,0,0,0,0,0,0,0.0,0,0.0,0,0,0,220.0,0,0.008181,0.0,0,0,220.0,0,0.008181,0,0,0,0.0,0,0,0.0,0,0,,,,0.0,desktop,NK,491.0,224.0,129.0,91.0
ALC - Cinema - AON,120237502551570157,OUTCOME_AWARENESS,2026-01-01,308035,188837,1.631222,343,0.111351,1.037085,1.154804,355.720148,108.0,0,3.293705,0.0,0,0.0,0.0,0,0.0,0,0,0,0,0,0,0.0,0,0.0,0,0,0,17007.0,0,0.020916,80.0,0,0,17007.0,0,0.020916,0,0,0,0.0,0,0,0.0,0,0,,,,103.0,mobile_app,NK,43096.0,17207.0,9172.0,6460.0
ALC - Cinema - AON,120237502551570157,OUTCOME_AWARENESS,2026-01-01,782,630,1.24127,2,0.255754,0.424976,1.086896,0.849953,0.0,0,0.0,0.0,0,0.0,0.0,0,0.0,0,0,0,0,0,0,0.0,0,0.0,0,0,0,44.0,0,0.019317,0.0,0,0,44.0,0,0.019317,0,0,0,0.0,0,0,0.0,0,0,,,,0.0,mobile_web,NK,119.0,44.0,25.0,17.0
ALC - Gastronomia — AON,120217368581940157,OUTCOME_AWARENESS,2026-02-01,225,222,1.013514,0,0.0,0.0,0.844444,0.19,0.0,0,0.0,0.0,0,0.0,0.0,0,0.0,0,0,0,0,0,0,0.0,0,0.0,0,0,0,21.0,0,0.009048,0.0,0,0,21.0,0,0.009048,0,0,0,0.0,0,0,0.0,0,0,,,,0.0,desktop,NK,9.0,1.0,1.0,1.0
ALC - Gastronomia — AON,120217368581940157,OUTCOME_AWARENESS,2026-02-01,159542,155421,1.026515,129,0.080856,1.405194,1.13619,181.27,72.0,0,2.517639,0.0,0,0.0,0.0,0,0.0,0,0,0,0,0,0,0.0,0,0.0,0,0,0,5089.0,0,0.03562,24.0,0,0,5089.0,0,0.03562,0,0,0,0.0,0,0,0.0,0,0,,,,1.0,mobile_app,NK,1207.0,485.0,192.0,120.0
ALC - Gastronomia — AON,120217368581940157,OUTCOME_AWARENESS,2026-02-01,101,101,1.0,0,0.0,0.0,0.891089,0.09,0.0,0,0.0,0.0,0,0.0,0.0,0,0.0,0,0,0,0,0,0,0.0,0,0.0,0,0,0,7.0,0,0.012857,0.0,0,0,7.0,0,0.012857,0,0,0,0.0,0,0,0.0,0,0,,,,0.0,mobile_web,NK,4.0,2.0,1.0,
ALC - Arena Super Games,120236945555570157,OUTCOME_AWARENESS,2026-02-01,3690,3536,1.043552,1,0.0271,4.14,1.121951,4.14,0.0,0,0.0,0.0,0,0.0,0.0,0,0.0,0,0,0,0,0,0,0.0,0,0.0,0,0,0,692.0,0,0.005983,3.0,0,0,692.0,0,0.005983,0,0,0,0.0,0,0,0.0,0,0,,,,0.0,desktop,NK,206.0,83.0,53.0,40.0
ALC - Arena Super Games,120236945555570157,OUTCOME_AWARENESS,2026-02-01,410737,378160,1.086146,453,0.11029,1.116093,1.230934,505.59,29.0,0,17.434138,0.0,0,0.0,0.0,0,0.0,0,0,0,0,0,0,0.0,0,0.0,0,0,0,26028.0,0,0.019425,117.0,0,0,26031.0,0,0.019423,0,0,0,0.0,0,0,0.0,0,0,,,,21.0,mobile_app,NK,6606.0,2432.0,980.0,594.0
ALC - Arena Super Games,120236945555570157,OUTCOME_AWARENESS,2026-02-01,916,916,1.0,7,0.764192,0.138571,1.058952,0.97,0.0,0,0.0,0.0,0,0.0,0.0,0,0.0,0,0,0,0,0,0,0.0,0,0.0,0,0,0,71.0,0,0.013662,1.0,0,0,71.0,0,0.013662,0,0,0,0.0,0,0,0.0,0,0,,,,0.0,mobile_web,NK,22.0,11.0,6.0,3.0
ALC - Cinema - AON,120237502551570157,OUTCOME_AWARENESS,2026-02-01,688,507,1.357002,0,0.0,0.0,0.988372,0.68,0.0,0,0.0,0.0,0,0.0,0.0,0,0.0,0,0,0,0,0,0,0.0,0,0.0,0,0,0,54.0,0,0.012593,0.0,0,0,54.0,0,0.012593,0,0,0,0.0,0,0,0.0,0,0,,,,0.0,desktop,NK,101.0,60.0,38.0,29.0
ALC - Cinema - AON,120237502551570157,OUTCOME_AWARENESS,2026-02-01,211677,163035,1.298353,252,0.119049,0.831032,0.989338,209.42,26.0,0,8.054615,0.0,0,0.0,0.0,0,0.0,0,0,0,0,0,0,0.0,0,0.0,0,0,0,11070.0,0,0.018918,87.0,0,0,11070.0,0,0.018918,0,0,0,0.0,0,0,0.0,0,0,,,,19.0,mobile_app,NK,27822.0,11473.0,6933.0,5302.0
ALC - Cinema - AON,120237502551570157,OUTCOME_AWARENESS,2026-02-01,427,335,1.274627,1,0.234192,0.42,0.983607,0.42,0.0,0,0.0,0.0,0,0.0,0.0,0,0.0,0,0,0,0,0,0,0.0,0,0.0,0,0,0,17.0,0,0.024706,0.0,0,0,17.0,0,0.024706,0,0,0,0.0,0,0,0.0,0,0,,,,0.0,mobile_web,NK,45.0,17.0,5.0,2.0
ALC - Coleção Boca Rosa Adidas,120238011056000157,OUTCOME_AWARENESS,2026-02-01,17722,14512,1.221196,12,0.067712,1.975833,1.337885,23.71,4.0,0,5.9275,0.0,0,0.0,0.0,0,0.0,0,0,0,0,0,0,0.0,0,0.0,0,0,0,655.0,0,0.036198,5.0,0,0,655.0,0,0.036198,0,0,0,0.0,0,0,0.0,0,0,,,,0.0,mobile_app,NK,260.0,133.0,46.0,28.0
ALC - Oficinas de Carnaval no Neumarkt Shopping,120238012028540157,OUTCOME_AWARENESS,2026-02-01,37,32,1.15625,0,0.0,0.0,1.351351,0.05,0.0,0,0.0,0.0,0,0.0,0.0,0,0.0,0,0,0,0,0,0,0.0,0,0.0,0,0,0,0.0,0,0.0,0.0,0,0,0.0,0,0.0,0,0,0,0.0,0,0,0.0,0,0,,,,0.0,desktop,NK,,,,
ALC - Oficinas de Carnaval no Neumarkt Shopping,120238012028540157,OUTCOME_AWARENESS,2026-02-01,14851,13749,1.080151,18,0.121204,0.932222,1.12989,16.78,12.0,0,1.398333,0.0,0,0.0,0.0,0,0.0,0,0,0,0,0,0,0.0,0,0.0,0,0,0,13.0,0,1.290769,1.0,0,0,13.0,0,1.290769,0,0,0,0.0,0,0,0.0,0,0,,,,9.0,mobile_app,NK,,,,
ALC - Oficinas de Carnaval no Neumarkt Shopping,120238012028540157,OUTCOME_AWARENESS,2026-02-01,90,81,1.111111,0,0.0,0.0,0.777778,0.07,0.0,0,0.0,0.0,0,0.0,0.0,0,0.0,0,0,0,0,0,0,0.0,0,0.0,0,0,0,0.0,0,0.0,0.0,0,0,0.0,0,0.0,0,0,0,0.0,0,0,0.0,0,0,,,,0.0,mobile_web,NK,,,,
ENG - Conteúdos - Fev,120238024409700157,OUTCOME_ENGAGEMENT,2026-02-01,5,5,1.0,0,0.0,0.0,0.0,0.0,0.0,0,0.0,0.0,0,0.0,0.0,0,0.0,0,0,0,0,0,0,0.0,0,0.0,0,0,0,1.0,0,0.0,0.0,0,0,1.0,0,0.0,0,0,0,0.0,0,0,0.0,0,0,,,,0.0,desktop,NK,,,,
ENG - Conteúdos - Fev,120238024409700157,OUTCOME_ENGAGEMENT,2026-02-01,13902,9546,1.456317,29,0.208603,2.722414,5.679039,78.950001,5.0,0,15.79,0.0,0,0.0,0.0,0,0.0,0,0,0,0,0,0,0.0,0,0.0,0,0,0,2116.0,0,0.037311,438.0,0,0,2116.0,0,0.037311,0,0,0,0.0,0,0,0.0,0,0,,,,5.0,mobile_app,NK,1286.0,695.0,434.0,319.0
ENG - Conteúdos - Fev,120238024409700157,OUTCOME_ENGAGEMENT,2026-02-01,1,1,1.0,0,0.0,0.0,9.998734,0.009999,0.0,0,0.0,0.0,0,0.0,0.0,0,0.0,0,0,0,0,0,0,0.0,0,0.0,0,0,0,0.0,0,0.0,0.0,0,0,0.0,0,0.0,0,0,0,0.0,0,0,0.0,0,0,,,,0.0,mobile_web,NK,,,,
ALC - Gastronomia — AON,120217368581940157,OUTCOME_AWARENESS,2026-02-07,623,565,1.102655,0,0.0,0.0,1.027287,0.64,0.0,0,0.0,0.0,0,0.0,0.0,0,0.0,0,0,0,0,0,0,0.0,0,0.0,0,0,0,66.0,0,0.009697,1.0,0,0,66.0,0,0.009697,0,0,0,0.0,0,0,0.0,0,0,,,,0.0,desktop,NK,30.0,11.0,6.0,3.0
ALC - Gastronomia — AON,120217368581940157,OUTCOME_AWARENESS,2026-02-07,554729,339240,1.635211,405,0.073009,1.623086,1.184993,657.35,239.0,0,2.750418,0.0,0,0.0,0.0,0,0.0,0,0,0,0,0,0,0.0,0,0.0,0,0,0,19002.0,0,0.034594,89.0,0,0,19002.0,0,0.034594,0,0,0,0.0,0,0,0.0,0,0,,,,1.0,mobile_app,NK,3774.0,1562.0,483.0,310.0
ALC - Gastronomia — AON,120217368581940157,OUTCOME_AWARENESS,2026-02-07,280,251,1.115538,0,0.0,0.0,0.857143,0.24,0.0,0,0.0,0.0,0,0.0,0.0,0,0.0,0,0,0,0,0,0,0.0,0,0.0,0,0,0,20.0,0,0.012,0.0,0,0,20.0,0,0.012,0,0,0,0.0,0,0,0.0,0,0,,,,0.0,mobile_web,NK,4.0,1.0,,
ALC - Arena Super Games,120236945555570157,OUTCOME_AWARENESS,2026-02-07,7502,6192,1.211563,8,0.106638,1.187509,1.266338,9.500071,0.0,0,0.0,0.0,0,0.0,0.0,0,0.0,0,0,0,0,0,0,0.0,0,0.0,0,0,0,1189.0,0,0.00799,1.0,0,0,1189.0,0,0.00799,0,0,0,0.0,0,0,0.0,0,0,,,,0.0,desktop,NK,424.0,169.0,113.0,90.0
ALC - Arena Super Games,120236945555570157,OUTCOME_AWARENESS,2026-02-07,1037292,723331,1.434049,1300,0.125326,1.015708,1.272949,1320.419907,28.0,0,47.157854,0.0,0,0.0,0.0,0,0.0,0,0,0,0,0,0,0.0,0,0.0,0,0,0,63001.0,0,0.020959,309.0,0,0,63002.0,0,0.020958,0,0,0,0.0,0,0,0.0,0,0,,,,14.0,mobile_app,NK,17805.0,6495.0,2481.0,1516.0
ALC - Arena Super Games,120236945555570157,OUTCOME_AWARENESS,2026-02-07,2252,1886,1.194062,8,0.35524,0.358753,1.274432,2.870022,0.0,0,0.0,0.0,0,0.0,0.0,0,0.0,0,0,0,0,0,0,0.0,0,0.0,0,0,0,163.0,0,0.017607,0.0,0,0,163.0,0,0.017607,0,0,0,0.0,0,0,0.0,0,0,,,,0.0,mobile_web,NK,47.0,20.0,12.0,8.0
ALC - Cinema - AON,120237502551570157,OUTCOME_AWARENESS,2026-02-07,3190,2181,1.462632,3,0.094044,1.193349,1.122272,3.580047,0.0,0,0.0,0.0,0,0.0,0.0,0,0.0,0,0,0,0,0,0,0.0,0,0.0,0,0,0,325.0,0,0.011016,1.0,0,0,325.0,0,0.011016,0,0,0,0.0,0,0,0.0,0,0,,,,0.0,desktop,NK,755.0,333.0,183.0,138.0
ALC - Cinema - AON,120237502551570157,OUTCOME_AWARENESS,2026-02-07,710280,337255,2.106062,1045,0.147125,0.730545,1.074815,763.419922,119.0,0,6.415293,0.0,0,0.0,0.0,0,0.0,0,0,0,0,0,0,0.0,0,0.0,0,0,0,34350.0,0,0.022225,290.0,0,0,34355.0,0,0.022222,0,0,0,0.0,0,0,0.0,0,0,,,,111.0,mobile_app,NK,93954.0,35447.0,19572.0,13874.0
ALC - Cinema - AON,120237502551570157,OUTCOME_AWARENESS,2026-02-07,2129,1294,1.645286,6,0.281822,0.405005,1.141396,2.430032,1.0,0,2.430032,0.0,0,0.0,0.0,0,0.0,0,0,0,0,0,0,0.0,0,0.0,0,0,0,117.0,0,0.02077,1.0,0,0,117.0,0,0.02077,0,0,0,0.0,0,0,0.0,0,0,,,,1.0,mobile_web,NK,284.0,118.0,62.0,37.0
ALC - Coleção Boca Rosa Adidas,120238011056000157,OUTCOME_AWARENESS,2026-02-07,130184,75834,1.716697,122,0.093714,1.36918,1.283107,167.04,68.0,0,2.456471,0.0,0,0.0,0.0,0,0.0,0,0,0,0,0,0,0.0,0,0.0,0,0,0,5681.0,0,0.029403,26.0,0,0,5681.0,0,0.029403,0,0,0,0.0,0,0,0.0,0,0,,,,0.0,mobile_app,NK,2140.0,984.0,342.0,193.0
ALC - Oficinas de Carnaval no Neumarkt Shopping,120238012028540157,OUTCOME_AWARENESS,2026-02-07,442,277,1.595668,0,0.0,0.0,0.859659,0.379969,0.0,0,0.0,0.0,0,0.0,0.0,0,0.0,0,0,0,0,0,0,0.0,0,0.0,0,0,0,0.0,0,0.0,0.0,0,0,0.0,0,0.0,0,0,0,0.0,0,0,0.0,0,0,,,,0.0,desktop,NK,,,,
ALC - Oficinas de Carnaval no Neumarkt Shopping,120238012028540157,OUTCOME_AWARENESS,2026-02-07,115838,72502,1.597721,93,0.080285,1.317205,1.057512,122.500081,56.0,0,2.187501,0.0,0,0.0,0.0,0,0.0,0,0,0,0,0,0,0.0,0,0.0,0,0,0,67.0,0,1.828359,11.0,0,0,68.0,0,1.801472,0,0,0,0.0,0,0,0.0,0,0,,,,24.0,mobile_app,NK,,,,
ALC - Oficinas de Carnaval no Neumarkt Shopping,120238012028540157,OUTCOME_AWARENESS,2026-02-07,492,301,1.634552,1,0.203252,0.61995,1.260061,0.61995,0.0,0,0.0,0.0,0,0.0,0.0,0,0.0,0,0,0,0,0,0,0.0,0,0.0,0,0,0,0.0,0,0.0,0.0,0,0,0.0,0,0.0,0,0,0,0.0,0,0,0.0,0,0,,,,0.0,mobile_web,NK,,,,
ENG - Conteúdos - Fev,120238024409700157,OUTCOME_ENGAGEMENT,2026-02-07,103,95,1.084211,0,0.0,0.0,2.23301,0.23,0.0,0,0.0,0.0,0,0.0,0.0,0,0.0,0,0,0,0,0,0,0.0,0,0.0,0,0,0,29.0,0,0.007931,1.0,0,0,29.0,0,0.007931,0,0,0,0.0,0,0,0.0,0,0,,,,0.0,desktop,NK,35.0,22.0,11.0,9.0
ENG - Conteúdos - Fev,120238024409700157,OUTCOME_ENGAGEMENT,2026-02-07,126786,47150,2.688993,229,0.180619,3.051703,5.511965,698.84,40.0,0,17.471,0.0,0,0.0,0.0,0,0.0,0,0,0,0,0,0,0.0,0,0.0,0,0,0,25054.0,0,0.027893,5276.0,0,0,25054.0,0,0.027893,0,0,0,0.0,0,0,0.0,0,0,,,,40.0,mobile_app,NK,21402.0,11095.0,6804.0,4871.0
ENG - Conteúdos - Fev,120238024409700157,OUTCOME_ENGAGEMENT,2026-02-07,59,47,1.255319,0,0.0,0.0,2.033898,0.12,0.0,0,0.0,0.0,0,0.0,0.0,0,0.0,0,0,0,0,0,0,0.0,0,0.0,0,0,0,13.0,0,0.009231,2.0,0,0,13.0,0,0.009231,0,0,0,0.0,0,0,0.0,0,0,,,,0.0,mobile_web,NK,11.0,7.0,5.0,5.0
ALC - Semana do Cinema,120238152179080157,OUTCOME_AWARENESS,2026-02-07,176,169,1.04142,0,0.0,0.0,1.079491,0.189991,0.0,0,0.0,0.0,0,0.0,0.0,0,0.0,0,0,0,0,0,0,0.0,0,0.0,0,0,0,25.0,0,0.0076,0.0,0,0,25.0,0,0.0076,0,0,0,0.0,0,0,0.0,0,0,,,,0.0,desktop,NK,12.0,6.0,6.0,5.0
ALC - Semana do Cinema,120238152179080157,OUTCOME_AWARENESS,2026-02-07,157241,122372,1.284943,136,0.086491,1.467721,1.269453,199.610016,81.0,0,2.464321,0.0,0,0.0,0.0,0,0.0,0,0,0,0,0,0,0.0,0,0.0,0,0,0,4756.0,0,0.04197,17.0,0,0,4756.0,0,0.04197,0,0,0,0.0,0,0,0.0,0,0,,,,81.0,mobile_app,NK,1614.0,813.0,201.0,119.0
ALC - Semana do Cinema,120238152179080157,OUTCOME_AWARENESS,2026-02-07,68,66,1.030303,0,0.0,0.0,1.764618,0.119994,0.0,0,0.0,0.0,0,0.0,0.0,0,0.0,0,0,0,0,0,0,0.0,0,0.0,0,0,0,2.0,0,0.059997,0.0,0,0,2.0,0,0.059997,0,0,0,0.0,0,0,0.0,0,0,,,,0.0,mobile_web,NK,,,,
ALC- Valentine's Day,120238271108280157,OUTCOME_AWARENESS,2026-02-07,71284,56856,1.253764,79,0.110824,1.265063,1.401998,99.94,59.0,0,1.693898,0.0,0,0.0,0.0,0,0.0,0,0,0,0,0,0,0.0,0,0.0,0,0,0,2929.0,0,0.034121,9.0,0,0,2929.0,0,0.034121,0,0,0,0.0,0,0,0.0,0,0,,,,0.0,mobile_app,NK,524.0,97.0,62.0,40.0
ALC - Moda Feminina,120238480775560157,OUTCOME_AWARENESS,2026-02-07,91,82,1.109756,0,0.0,0.0,0.879121,0.08,0.0,0,0.0,0.0,0,0.0,0.0,0,0.0,0,0,0,0,0,0,0.0,0,0.0,0,0,0,12.0,0,0.006667,0.0,0,0,12.0,0,0.006667,0,0,0,0.0,0,0,0.0,0,0,,,,0.0,desktop,NK,5.0,1.0,,
ALC - Moda Feminina,120238480775560157,OUTCOME_AWARENESS,2026-02-07,90040,59756,1.506794,42,0.046646,2.531667,1.18092,106.33,1.0,0,106.33,0.0,0,0.0,0.0,0,0.0,0,0,0,0,0,0,0.0,0,0.0,0,0,0,3776.0,0,0.028159,20.0,0,0,3776.0,0,0.028159,0,0,0,0.0,0,0,0.0,0,0,,,,1.0,mobile_app,NK,1495.0,714.0,260.0,146.0
ALC - Moda Feminina,120238480775560157,OUTCOME_AWARENESS,2026-02-07,25,25,1.0,0,0.0,0.0,1.6,0.04,0.0,0,0.0,0.0,0,0.0,0.0,0,0.0,0,0,0,0,0,0,0.0,0,0.0,0,0,0,3.0,0,0.013333,0.0,0,0,3.0,0,0.013333,0,0,0,0.0,0,0,0.0,0,0,,,,0.0,mobile_web,NK,1.0,,,
ALC - Feira Pet NK,120238544787450157,OUTCOME_AWARENESS,2026-02-07,724,555,1.304505,4,0.552486,0.18,0.994475,0.72,0.0,0,0.0,0.0,0,0.0,0.0,0,0.0,0,0,0,0,0,0,0.0,0,0.0,0,0,0,1.0,0,0.72,1.0,0,0,1.0,0,0.72,0,0,0,0.0,0,0,0.0,0,0,,,,0.0,desktop,NK,,,,
ALC - Feira Pet NK,120238544787450157,OUTCOME_AWARENESS,2026-02-07,187706,129464,1.44987,296,0.157693,0.672399,1.060328,199.03,104.0,0,1.91375,0.0,0,0.0,0.0,0,0.0,0,0,0,0,0,0,0.0,0,0.0,0,0,0,149.0,0,1.335772,40.0,0,0,149.0,0,1.335772,0,0,0,0.0,0,0,0.0,0,0,,,,73.0,mobile_app,NK,,,,
ALC - Feira Pet NK,120238544787450157,OUTCOME_AWARENESS,2026-02-07,322,269,1.197026,2,0.621118,0.125,0.776398,0.25,0.0,0,0.0,0.0,0,0.0,0.0,0,0.0,0,0,0,0,0,0,0.0,0,0.0,0,0,0,0.0,0,0.0,0.0,0,0,0.0,0,0.0,0,0,0,0.0,0,0,0.0,0,0,,,,0.0,mobile_web,NK,,,,
ALC - Promoção Meu Méqui,120238882009230157,OUTCOME_AWARENESS,2026-02-07,12,12,1.0,0,0.0,0.0,1.666667,0.02,0.0,0,0.0,0.0,0,0.0,0.0,0,0.0,0,0,0,0,0,0,0.0,0,0.0,0,0,0,0.0,0,0.0,0.0,0,0,0.0,0,0.0,0,0,0,0.0,0,0,0.0,0,0,,,,0.0,desktop,NK,,,,
ALC - Promoção Meu Méqui,120238882009230157,OUTCOME_AWARENESS,2026-02-07,15698,15091,1.040223,32,0.203848,0.676875,1.379794,21.66,25.0,0,0.8664,0.0,0,0.0,0.0,0,0.0,0,0,0,0,0,0,0.0,0,0.0,0,0,0,27.0,0,0.802222,0.0,0,0,27.0,0,0.802222,0,0,0,0.0,0,0,0.0,0,0,,,,7.0,mobile_app,NK,,,,
ALC - Promoção Meu Méqui,120238882009230157,OUTCOME_AWARENESS,2026-02-07,15,15,1.0,0,0.0,0.0,0.666667,0.01,0.0,0,0.0,0.0,0,0.0,0.0,0,0.0,0,0,0,0,0,0,0.0,0,0.0,0,0,0,0.0,0,0.0,0.0,0,0,0.0,0,0.0,0,0,0,0.0,0,0,0.0,0,0,,,,0.0,mobile_web,NK,,,,
ALC - Poker NK,120238895400210157,OUTCOME_AWARENESS,2026-02-07,72,61,1.180328,0,0.0,0.0,0.833333,0.06,0.0,0,0.0,0.0,0,0.0,0.0,0,0.0,0,0,0,0,0,0,0.0,0,0.0,0,0,0,12.0,0,0.005,0.0,0,0,12.0,0,0.005,0,0,0,0.0,0,0,0.0,0,0,,,,0.0,desktop,NK,2.0,,,
ALC - Poker NK,120238895400210157,OUTCOME_AWARENESS,2026-02-07,27273,22365,1.21945,89,0.32633,0.423146,1.380853,37.66,3.0,0,12.553333,0.0,0,0.0,0.0,0,0.0,0,0,0,0,0,0,0.0,0,0.0,0,0,0,2586.0,0,0.014563,4.0,0,0,2587.0,0,0.014557,0,0,0,0.0,0,0,0.0,0,0,,,,3.0,mobile_app,NK,598.0,206.0,102.0,47.0
ALC - Poker NK,120238895400210157,OUTCOME_AWARENESS,2026-02-07,40,38,1.052632,0,0.0,0.0,1.5,0.06,0.0,0,0.0,0.0,0,0.0,0.0,0,0.0,0,0,0,0,0,0,0.0,0,0.0,0,0,0,2.0,0,0.03,0.0,0,0,2.0,0,0.03,0,0,0,0.0,0,0,0.0,0,0,,,,0.0,mobile_web,NK,,,,
ENG - POKER,120238895417590157,OUTCOME_ENGAGEMENT,2026-02-07,8,7,1.142857,0,0.0,0.0,2.5,0.02,0.0,0,0.0,0.0,0,0.0,0.0,0,0.0,0,0,0,0,0,0,0.0,0,0.0,0,0,0,0.0,0,0.0,0.0,0,0,0.0,0,0.0,0,0,0,0.0,0,0,0.0,0,0,,,,0.0,desktop,NK,,,,
ENG - POKER,120238895417590157,OUTCOME_ENGAGEMENT,2026-02-07,4884,3217,1.518185,109,2.231777,0.396881,8.857494,43.26,1.0,0,43.26,0.0,0,0.0,0.0,0,0.0,0,0,0,0,0,0,0.0,0,0.0,0,0,0,1000.0,0,0.04326,382.0,0,0,1000.0,0,0.04326,0,0,0,0.0,0,0,0.0,0,0,,,,0.0,mobile_app,NK,156.0,54.0,34.0,20.0
ENG - POKER,120238895417590157,OUTCOME_ENGAGEMENT,2026-02-07,1,1,1.0,0,0.0,0.0,10.0,0.01,0.0,0,0.0,0.0,0,0.0,0.0,0,0.0,0,0,0,0,0,0,0.0,0,0.0,0,0,0,0.0,0,0.0,0.0,0,0,0.0,0,0.0,0,0,0,0.0,0,0,0.0,0,0,,,,0.0,mobile_web,NK,,,,
ALC - General Ly,120238922807440157,OUTCOME_AWARENESS,2026-02-07,35,34,1.029412,0,0.0,0.0,0.856798,0.029988,0.0,0,0.0,0.0,0,0.0,0.0,0,0.0,0,0,0,0,0,0,0.0,0,0.0,0,0,0,4.0,0,0.007497,0.0,0,0,4.0,0,0.007497,0,0,0,0.0,0,0,0.0,0,0,,,,0.0,desktop,NK,,,,
ALC - General Ly,120238922807440157,OUTCOME_AWARENESS,2026-02-07,18788,16512,1.137839,23,0.122419,1.079566,1.321589,24.830016,1.0,0,24.830016,0.0,0,0.0,0.0,0,0.0,0,0,0,0,0,0,0.0,0,0.0,0,0,0,1575.0,0,0.015765,4.0,0,0,1575.0,0,0.015765,0,0,0,0.0,0,0,0.0,0,0,,,,0.0,mobile_app,NK,135.0,43.0,27.0,16.0
ALC - General Ly,120238922807440157,OUTCOME_AWARENESS,2026-02-07,22,21,1.047619,0,0.0,0.0,0.454363,0.009996,0.0,0,0.0,0.0,0,0.0,0.0,0,0.0,0,0,0,0,0,0,0.0,0,0.0,0,0,0,1.0,0,0.009996,0.0,0,0,1.0,0,0.009996,0,0,0,0.0,0,0,0.0,0,0,,,,0.0,mobile_web,NK,,,,
ALC - Exposição Telomar,120238922924330157,OUTCOME_AWARENESS,2026-02-07,14,14,1.0,0,0.0,0.0,0.714286,0.01,0.0,0,0.0,0.0,0,0.0,0.0,0,0.0,0,0,0,0,0,0,0.0,0,0.0,0,0,0,1.0,0,0.01,0.0,0,0,1.0,0,0.01,0,0,0,0.0,0,0,0.0,0,0,,,,0.0,desktop,NK,1.0,1.0,,
ALC - Exposição Telomar,120238922924330157,OUTCOME_AWARENESS,2026-02-07,18035,18035,1.0,1,0.005545,24.32,1.348489,24.32,0.0,0,0.0,0.0,0,0.0,0.0,0,0.0,0,0,0,0,0,0,0.0,0,0.0,0,0,0,751.0,0,0.032383,1.0,0,0,751.0,0,0.032383,0,0,0,0.0,0,0,0.0,0,0,,,,0.0,mobile_app,NK,154.0,40.0,23.0,17.0
ALC - Exposição Telomar,120238922924330157,OUTCOME_AWARENESS,2026-02-07,10,10,1.0,0,0.0,0.0,2.0,0.02,0.0,0,0.0,0.0,0,0.0,0.0,0,0.0,0,0,0,0,0,0,0.0,0,0.0,0,0,0,0.0,0,0.0,0.0,0,0,0.0,0,0.0,0,0,0,0.0,0,0,0.0,0,0,,,,0.0,mobile_web,NK,,,,
ALC - Legueiros,120238935282320157,OUTCOME_AWARENESS,2026-02-07,161,138,1.166667,0,0.0,0.0,1.180124,0.19,0.0,0,0.0,0.0,0,0.0,0.0,0,0.0,0,0,0,0,0,0,0.0,0,0.0,0,0,0,0.0,0,0.0,0.0,0,0,0.0,0,0.0,0,0,0,0.0,0,0,0.0,0,0,,,,0.0,desktop,NK,,,,
ALC - Legueiros,120238935282320157,OUTCOME_AWARENESS,2026-02-07,53103,49102,1.081483,56,0.105455,1.163571,1.227049,65.16,33.0,0,1.974545,0.0,0,0.0,0.0,0,0.0,0,0,0,0,0,0,0.0,0,0.0,0,0,0,38.0,0,1.714737,4.0,0,0,38.0,0,1.714737,0,0,0,0.0,0,0,0.0,0,0,,,,19.0,mobile_app,NK,,,,
ALC - Legueiros,120238935282320157,OUTCOME_AWARENESS,2026-02-07,250,235,1.06383,0,0.0,0.0,1.2,0.3,0.0,0,0.0,0.0,0,0.0,0.0,0,0.0,0,0,0,0,0,0,0.0,0,0.0,0,0,0,0.0,0,0.0,0.0,0,0,0.0,0,0.0,0,0,0,0.0,0,0,0.0,0,0,,,,0.0,mobile_web,NK,,,,
ALC - Gastronomia — AON,120217368581940157,OUTCOME_AWARENESS,2026-03-01,120,118,1.016949,0,0.0,0.0,1.083333,0.13,0.0,0,0.0,0.0,0,0.0,0.0,0,0.0,0,0,0,0,0,0,0.0,0,0.0,0,0,0,34.0,0,0.003824,0.0,0,0,34.0,0,0.003824,0,0,0,0.0,0,0,0.0,0,0,,,,0.0,desktop,NK,9.0,3.0,3.0,2.0
ALC - Gastronomia — AON,120217368581940157,OUTCOME_AWARENESS,2026-03-01,415555,277769,1.496045,338,0.081337,1.48142,1.204943,500.72,222.0,0,2.255496,0.0,0,0.0,0.0,0,0.0,0,0,0,0,0,0,0.0,0,0.0,0,0,0,16438.0,0,0.030461,53.0,0,0,16438.0,0,0.030461,0,0,0,0.0,0,0,0.0,0,0,,,,0.0,mobile_app,NK,2716.0,954.0,402.0,248.0
ALC - Gastronomia — AON,120217368581940157,OUTCOME_AWARENESS,2026-03-01,72,72,1.0,0,0.0,0.0,0.972222,0.07,0.0,0,0.0,0.0,0,0.0,0.0,0,0.0,0,0,0,0,0,0,0.0,0,0.0,0,0,0,5.0,0,0.014,0.0,0,0,5.0,0,0.014,0,0,0,0.0,0,0,0.0,0,0,,,,0.0,mobile_web,NK,2.0,,,
ALC - Cinema - AON,120237502551570157,OUTCOME_AWARENESS,2026-03-01,3997,2976,1.343078,5,0.125094,0.868098,1.085937,4.340492,0.0,0,0.0,0.0,0,0.0,0.0,0,0.0,0,0,0,0,0,0,0.0,0,0.0,0,0,0,495.0,0,0.008769,0.0,0,0,495.0,0,0.008769,0,0,0,0.0,0,0,0.0,0,0,,,,0.0,desktop,NK,1133.0,499.0,276.0,182.0
ALC - Cinema - AON,120237502551570157,OUTCOME_AWARENESS,2026-03-01,405571,224515,1.806432,654,0.161254,0.665504,1.073152,435.239288,95.0,0,4.581466,28.0,0,15.54426,0.0,0,0.0,0,0,0,0,0,0,0.0,0,0.0,0,0,0,39382.0,0,0.011052,231.0,0,0,39384.0,0,0.011051,0,0,0,0.0,0,0,0.0,0,0,,,,92.0,mobile_app,NK,98023.0,39770.0,22936.0,16985.0
ALC - Cinema - AON,120237502551570157,OUTCOME_AWARENESS,2026-03-01,1808,1102,1.640653,1,0.05531,1.950221,1.078662,1.950221,1.0,0,1.950221,0.0,0,0.0,0.0,0,0.0,0,0,0,0,0,0,0.0,0,0.0,0,0,0,154.0,0,0.012664,0.0,0,0,154.0,0,0.012664,0,0,0,0.0,0,0,0.0,0,0,,,,1.0,mobile_web,NK,370.0,156.0,71.0,42.0
ALC - Moda Feminina,120238480775560157,OUTCOME_AWARENESS,2026-03-01,96,94,1.021277,0,0.0,0.0,1.145833,0.11,0.0,0,0.0,0.0,0,0.0,0.0,0,0.0,0,0,0,0,0,0,0.0,0,0.0,0,0,0,13.0,0,0.008462,0.0,0,0,13.0,0,0.008462,0,0,0,0.0,0,0,0.0,0,0,,,,0.0,desktop,NK,6.0,1.0,1.0,1.0
ALC - Moda Feminina,120238480775560157,OUTCOME_AWARENESS,2026-03-01,116416,73700,1.579593,33,0.028347,4.342727,1.231016,143.31,1.0,0,143.31,0.0,0,0.0,0.0,0,0.0,0,0,0,0,0,0,0.0,0,0.0,0,0,0,4847.0,0,0.029567,36.0,0,0,4847.0,0,0.029567,0,0,0,0.0,0,0,0.0,0,0,,,,1.0,mobile_app,NK,1830.0,843.0,304.0,181.0
ALC - Moda Feminina,120238480775560157,OUTCOME_AWARENESS,2026-03-01,58,55,1.054545,0,0.0,0.0,1.37931,0.08,0.0,0,0.0,0.0,0,0.0,0.0,0,0.0,0,0,0,0,0,0,0.0,0,0.0,0,0,0,5.0,0,0.016,0.0,0,0,5.0,0,0.016,0,0,0,0.0,0,0,0.0,0,0,,,,0.0,mobile_web,NK,,,,
ALC - Promoção Meu Méqui,120238882009230157,OUTCOME_AWARENESS,2026-03-01,182,173,1.052023,0,0.0,0.0,0.989011,0.18,0.0,0,0.0,0.0,0,0.0,0.0,0,0.0,0,0,0,0,0,0,0.0,0,0.0,0,0,0,0.0,0,0.0,0.0,0,0,0.0,0,0.0,0,0,0,0.0,0,0,0.0,0,0,,,,0.0,desktop,NK,,,,
ALC - Promoção Meu Méqui,120238882009230157,OUTCOME_AWARENESS,2026-03-01,54378,40342,1.347925,102,0.187576,0.604608,1.134098,61.67,83.0,0,0.743012,0.0,0,0.0,0.0,0,0.0,0,0,0,0,0,0,0.0,0,0.0,0,0,0,86.0,0,0.717093,2.0,0,0,86.0,0,0.717093,0,0,0,0.0,0,0,0.0,0,0,,,,26.0,mobile_app,NK,,,,
ALC - Promoção Meu Méqui,120238882009230157,OUTCOME_AWARENESS,2026-03-01,57,54,1.055556,0,0.0,0.0,1.052632,0.06,0.0,0,0.0,0.0,0,0.0,0.0,0,0.0,0,0,0,0,0,0,0.0,0,0.0,0,0,0,0.0,0,0.0,0.0,0,0,0.0,0,0.0,0,0,0,0.0,0,0,0.0,0,0,,,,0.0,mobile_web,NK,,,,
ALC - Poker NK,120238895400210157,OUTCOME_AWARENESS,2026-03-01,111,105,1.057143,0,0.0,0.0,1.261261,0.14,0.0,0,0.0,0.0,0,0.0,0.0,0,0.0,0,0,0,0,0,0,0.0,0,0.0,0,0,0,14.0,0,0.01,0.0,0,0,14.0,0,0.01,0,0,0,0.0,0,0,0.0,0,0,,,,0.0,desktop,NK,2.0,2.0,1.0,
ALC - Poker NK,120238895400210157,OUTCOME_AWARENESS,2026-03-01,32104,25470,1.260463,64,0.199352,0.545313,1.087092,34.9,2.0,0,17.45,0.0,0,0.0,0.0,0,0.0,0,0,0,0,0,0,0.0,0,0.0,0,0,0,2461.0,0,0.014181,6.0,0,0,2461.0,0,0.014181,0,0,0,0.0,0,0,0.0,0,0,,,,0.0,mobile_app,NK,619.0,212.0,97.0,46.0
ALC - Poker NK,120238895400210157,OUTCOME_AWARENESS,2026-03-01,60,58,1.034483,0,0.0,0.0,1.666667,0.1,0.0,0,0.0,0.0,0,0.0,0.0,0,0.0,0,0,0,0,0,0,0.0,0,0.0,0,0,0,4.0,0,0.025,0.0,0,0,4.0,0,0.025,0,0,0,0.0,0,0,0.0,0,0,,,,0.0,mobile_web,NK,3.0,1.0,1.0,1.0
ENG - POKER,120238895417590157,OUTCOME_ENGAGEMENT,2026-03-01,11,11,1.0,0,0.0,0.0,1.819085,0.02001,0.0,0,0.0,0.0,0,0.0,0.0,0,0.0,0,0,0,0,0,0,0.0,0,0.0,0,0,0,4.0,0,0.005002,0.0,0,0,4.0,0,0.005002,0,0,0,0.0,0,0,0.0,0,0,,,,0.0,desktop,NK,1.0,,,
ENG - POKER,120238895417590157,OUTCOME_ENGAGEMENT,2026-03-01,6891,4474,1.540232,85,1.233493,0.473647,5.842402,40.25999,1.0,0,40.25999,0.0,0,0.0,0.0,0,0.0,0,0,0,0,0,0,0.0,0,0.0,0,0,0,1038.0,0,0.038786,319.0,0,0,1038.0,0,0.038786,0,0,0,0.0,0,0,0.0,0,0,,,,0.0,mobile_app,NK,200.0,80.0,52.0,33.0
ENG - POKER,120238895417590157,OUTCOME_ENGAGEMENT,2026-03-01,3,3,1.0,0,0.0,0.0,0.0,0.0,0.0,0,0.0,0.0,0,0.0,0.0,0,0.0,0,0,0,0,0,0,0.0,0,0.0,0,0,0,0.0,0,0.0,0.0,0,0,0.0,0,0.0,0,0,0,0.0,0,0,0.0,0,0,,,,0.0,mobile_web,NK,,,,
ALC - General Ly,120238922807440157,OUTCOME_AWARENESS,2026-03-01,879,530,1.658491,1,0.113766,0.990031,1.126316,0.990031,0.0,0,0.0,0.0,0,0.0,0.0,0,0.0,0,0,0,0,0,0,0.0,0,0.0,0,0,0,105.0,0,0.009429,0.0,0,0,105.0,0,0.009429,0,0,0,0.0,0,0,0.0,0,0,,,,0.0,desktop,NK,15.0,7.0,6.0,3.0
ALC - General Ly,120238922807440157,OUTCOME_AWARENESS,2026-03-01,251668,113958,2.208428,357,0.141854,0.879832,1.248073,314.099953,14.0,0,22.435711,0.0,0,0.0,0.0,0,0.0,0,0,0,0,0,0,0.0,0,0.0,0,0,0,22674.0,0,0.013853,76.0,0,0,22674.0,0,0.013853,0,0,0,0.0,0,0,0.0,0,0,,,,1.0,mobile_app,NK,1745.0,485.0,294.0,170.0
ALC - General Ly,120238922807440157,OUTCOME_AWARENESS,2026-03-01,322,227,1.418502,0,0.0,0.0,1.552844,0.500016,0.0,0,0.0,0.0,0,0.0,0.0,0,0.0,0,0,0,0,0,0,0.0,0,0.0,0,0,0,25.0,0,0.020001,0.0,0,0,25.0,0,0.020001,0,0,0,0.0,0,0,0.0,0,0,,,,0.0,mobile_web,NK,3.0,2.0,1.0,
ALC - Exposição Telomar,120238922924330157,OUTCOME_AWARENESS,2026-03-01,1289,1073,1.201305,0,0.0,0.0,1.117187,1.440054,0.0,0,0.0,0.0,0,0.0,0.0,0,0.0,0,0,0,0,0,0,0.0,0,0.0,0,0,0,90.0,0,0.016001,0.0,0,0,90.0,0,0.016001,0,0,0,0.0,0,0,0.0,0,0,,,,0.0,desktop,NK,21.0,10.0,8.0,7.0
ALC - Exposição Telomar,120238922924330157,OUTCOME_AWARENESS,2026-03-01,215533,112350,1.918407,67,0.031086,3.978805,1.23684,266.579933,1.0,0,266.579933,0.0,0,0.0,0.0,0,0.0,0,0,0,0,0,0,0.0,0,0.0,0,0,0,10619.0,0,0.025104,38.0,0,0,10619.0,0,0.025104,0,0,0,0.0,0,0,0.0,0,0,,,,1.0,mobile_app,NK,2251.0,682.0,371.0,243.0
ALC - Exposição Telomar,120238922924330157,OUTCOME_AWARENESS,2026-03-01,236,209,1.129187,0,0.0,0.0,1.525481,0.360013,0.0,0,0.0,0.0,0,0.0,0.0,0,0.0,0,0,0,0,0,0,0.0,0,0.0,0,0,0,24.0,0,0.015001,0.0,0,0,24.0,0,0.015001,0,0,0,0.0,0,0,0.0,0,0,,,,0.0,mobile_web,NK,3.0,2.0,2.0,1.0
ALC - Legueiros,120238935282320157,OUTCOME_AWARENESS,2026-03-01,3456,2133,1.620253,0,0.0,0.0,1.241341,4.290075,0.0,0,0.0,0.0,0,0.0,0.0,0,0.0,0,0,0,0,0,0,0.0,0,0.0,0,0,0,0.0,0,0.0,0.0,0,0,0.0,0,0.0,0,0,0,0.0,0,0,0.0,0,0,,,,0.0,desktop,NK,,,,
ALC - Legueiros,120238935282320157,OUTCOME_AWARENESS,2026-03-01,1316583,520711,2.528433,1399,0.10626,1.227705,1.304559,1717.559901,953.0,0,1.802266,2.0,0,858.779951,0.0,0,0.0,0,0,0,0,0,0,0.0,0,0.0,0,0,0,13965.0,0,0.12299,166.0,0,0,13965.0,0,0.12299,0,0,0,0.0,0,0,0.0,0,0,,,,101.0,mobile_app,NK,1734.0,382.0,193.0,131.0
ALC - Legueiros,120238935282320157,OUTCOME_AWARENESS,2026-03-01,1216,782,1.554987,2,0.164474,0.685012,1.126664,1.370024,0.0,0,0.0,0.0,0,0.0,0.0,0,0.0,0,0,0,0,0,0,0.0,0,0.0,0,0,0,0.0,0,0.0,0.0,0,0,0.0,0,0.0,0,0,0,0.0,0,0,0.0,0,0,,,,0.0,mobile_web,NK,,,,
ALC - Semana do Consumidor,120239316518760157,OUTCOME_AWARENESS,2026-03-01,598,515,1.161165,0,0.0,0.0,1.42139,0.849992,0.0,0,0.0,0.0,0,0.0,0.0,0,0.0,0,0,0,0,0,0,0.0,0,0.0,0,0,0,96.0,0,0.008854,0.0,0,0,96.0,0,0.008854,0,0,0,0.0,0,0,0.0,0,0,,,,0.0,desktop,NK,6.0,2.0,,
ALC - Semana do Consumidor,120239316518760157,OUTCOME_AWARENESS,2026-03-01,687208,440545,1.559904,521,0.075814,1.916756,1.45317,998.630013,77.0,0,12.969221,1.0,0,998.630013,0.0,0,0.0,0,0,0,0,0,0,0.0,0,0.0,0,0,0,28390.0,0,0.035175,120.0,0,0,28390.0,0,0.035175,0,0,0,0.0,0,0,0.0,0,0,,,,76.0,mobile_app,NK,3272.0,690.0,365.0,245.0
ALC - Semana do Consumidor,120239316518760157,OUTCOME_AWARENESS,2026-03-01,350,316,1.107595,2,0.571429,0.219998,1.25713,0.439996,0.0,0,0.0,0.0,0,0.0,0.0,0,0.0,0,0,0,0,0,0,0.0,0,0.0,0,0,0,34.0,0,0.012941,0.0,0,0,34.0,0,0.012941,0,0,0,0.0,0,0,0.0,0,0,,,,0.0,mobile_web,NK,1.0,,,
ALC - Páscoa,120239362078700157,OUTCOME_AWARENESS,2026-03-01,505,423,1.193853,0,0.0,0.0,1.029703,0.52,0.0,0,0.0,0.0,0,0.0,0.0,0,0.0,0,0,0,0,0,0,0.0,0,0.0,0,0,0,22.0,0,0.023636,0.0,0,0,22.0,0,0.023636,0,0,0,0.0,0,0,0.0,0,0,,,,0.0,desktop,NK,2.0,2.0,1.0,1.0
ALC - Páscoa,120239362078700157,OUTCOME_AWARENESS,2026-03-01,179491,106500,1.685362,240,0.133711,0.983167,1.314606,235.96,14.0,0,16.854286,1.0,0,235.96,0.0,0,0.0,0,0,0,0,0,0,0.0,0,0.0,0,0,0,8451.0,0,0.027921,52.0,0,0,8451.0,0,0.027921,0,0,0,0.0,0,0,0.0,0,0,,,,8.0,mobile_app,NK,838.0,293.0,169.0,117.0
ALC - Páscoa,120239362078700157,OUTCOME_AWARENESS,2026-03-01,367,283,1.29682,1,0.27248,0.51,1.389646,0.51,0.0,0,0.0,0.0,0,0.0,0.0,0,0.0,0,0,0,0,0,0,0.0,0,0.0,0,0,0,15.0,0,0.034,0.0,0,0,15.0,0,0.034,0,0,0,0.0,0,0,0.0,0,0,,,,0.0,mobile_web,NK,,,,
ALC - Agenda de março,120239404690950157,OUTCOME_AWARENESS,2026-03-01,220,199,1.105528,0,0.0,0.0,1.227273,0.27,0.0,0,0.0,0.0,0,0.0,0.0,0,0.0,0,0,0,0,0,0,0.0,0,0.0,0,0,0,0.0,0,0.0,0.0,0,0,0.0,0,0.0,0,0,0,0.0,0,0,0.0,0,0,,,,0.0,desktop,NK,,,,
ALC - Agenda de março,120239404690950157,OUTCOME_AWARENESS,2026-03-01,133811,78643,1.701499,140,0.104625,1.284571,1.343985,179.84,109.0,0,1.649908,0.0,0,0.0,0.0,0,0.0,0,0,0,0,0,0,0.0,0,0.0,0,0,0,111.0,0,1.62018,1.0,0,0,111.0,0,1.62018,0,0,0,0.0,0,0,0.0,0,0,,,,37.0,mobile_app,NK,,,,
ALC - Agenda de março,120239404690950157,OUTCOME_AWARENESS,2026-03-01,65,59,1.101695,0,0.0,0.0,1.076923,0.07,0.0,0,0.0,0.0,0,0.0,0.0,0,0.0,0,0,0,0,0,0,0.0,0,0.0,0,0,0,0.0,0,0.0,0.0,0,0,0.0,0,0.0,0,0,0,0.0,0,0,0.0,0,0,,,,0.0,mobile_web,NK,,,,
ALC - Crepusculo,120239513135660157,OUTCOME_AWARENESS,2026-03-01,1015,872,1.163991,0,0.0,0.0,1.201936,1.219965,0.0,0,0.0,0.0,0,0.0,0.0,0,0.0,0,0,0,0,0,0,0.0,0,0.0,0,0,0,85.0,0,0.014353,1.0,0,0,85.0,0,0.014353,0,0,0,0.0,0,0,0.0,0,0,,,,0.0,desktop,NK,31.0,20.0,16.0,11.0
ALC - Crepusculo,120239513135660157,OUTCOME_AWARENESS,2026-03-01,256043,128046,1.999617,95,0.037103,3.66779,1.360865,348.440044,13.0,0,26.80308,2.0,0,174.220022,0.0,0,0.0,0,0,0,0,0,0,0.0,0,0.0,0,0,0,7658.0,0,0.0455,66.0,0,0,7658.0,0,0.0455,0,0,0,0.0,0,0,0.0,0,0,,,,13.0,mobile_app,NK,3307.0,1982.0,609.0,387.0
ALC - Crepusculo,120239513135660157,OUTCOME_AWARENESS,2026-03-01,308,275,1.12,0,0.0,0.0,1.071398,0.329991,0.0,0,0.0,0.0,0,0.0,0.0,0,0.0,0,0,0,0,0,0,0.0,0,0.0,0,0,0,28.0,0,0.011785,0.0,0,0,28.0,0,0.011785,0,0,0,0.0,0,0,0.0,0,0,,,,0.0,mobile_web,NK,7.0,2.0,1.0,
ALC - L’Occitane,120239890293650157,OUTCOME_AWARENESS,2026-03-01,64,54,1.185185,0,0.0,0.0,1.09375,0.07,0.0,0,0.0,0.0,0,0.0,0.0,0,0.0,0,0,0,0,0,0,0.0,0,0.0,0,0,0,9.0,0,0.007778,0.0,0,0,9.0,0,0.007778,0,0,0,0.0,0,0,0.0,0,0,,,,0.0,desktop,NK,,,,
ALC - L’Occitane,120239890293650157,OUTCOME_AWARENESS,2026-03-01,50653,35822,1.414019,29,0.057252,2.471724,1.415119,71.68,6.0,0,11.946667,0.0,0,0.0,0.0,0,0.0,0,0,0,0,0,0,0.0,0,0.0,0,0,0,2566.0,0,0.027935,7.0,0,0,2566.0,0,0.027935,0,0,0,0.0,0,0,0.0,0,0,,,,2.0,mobile_app,NK,669.0,217.0,73.0,45.0
ALC - L’Occitane,120239890293650157,OUTCOME_AWARENESS,2026-03-01,35,33,1.060606,0,0.0,0.0,1.714286,0.06,0.0,0,0.0,0.0,0,0.0,0.0,0,0.0,0,0,0,0,0,0,0.0,0,0.0,0,0,0,2.0,0,0.03,0.0,0,0,2.0,0,0.03,0,0,0,0.0,0,0,0.0,0,0,,,,0.0,mobile_web,NK,,,,
ACL - Outuno,120239890390310157,OUTCOME_AWARENESS,2026-03-01,82,80,1.025,0,0.0,0.0,1.463415,0.12,0.0,0,0.0,0.0,0,0.0,0.0,0,0.0,0,0,0,0,0,0,0.0,0,0.0,0,0,0,13.0,0,0.009231,1.0,0,0,13.0,0,0.009231,0,0,0,0.0,0,0,0.0,0,0,,,,0.0,desktop,NK,4.0,4.0,3.0,3.0
ACL - Outuno,120239890390310157,OUTCOME_AWARENESS,2026-03-01,70855,56290,1.258749,87,0.122786,1.16023,1.4246,100.94,3.0,0,33.646667,1.0,0,100.94,0.0,0,0.0,0,0,0,0,0,0,0.0,0,0.0,0,0,0,3046.0,0,0.033139,14.0,0,0,3046.0,0,0.033139,0,0,0,0.0,0,0,0.0,0,0,,,,3.0,mobile_app,NK,472.0,176.0,114.0,44.0
ACL - Outuno,120239890390310157,OUTCOME_AWARENESS,2026-03-01,57,56,1.017857,0,0.0,0.0,0.877193,0.05,0.0,0,0.0,0.0,0,0.0,0.0,0,0.0,0,0,0,0,0,0,0.0,0,0.0,0,0,0,1.0,0,0.05,0.0,0,0,1.0,0,0.05,0,0,0,0.0,0,0,0.0,0,0,,,,0.0,mobile_web,NK,,,,
ALC - Camiseta BR Centauro,120239896037880157,OUTCOME_AWARENESS,2026-03-01,759,531,1.429379,3,0.395257,0.353282,1.396373,1.059847,0.0,0,0.0,0.0,0,0.0,0.0,0,0.0,0,0,0,0,0,0,0.0,0,0.0,0,0,0,133.0,0,0.007969,0.0,0,0,133.0,0,0.007969,0,0,0,0.0,0,0,0.0,0,0,,,,0.0,desktop,NK,160.0,87.0,51.0,33.0
ALC - Camiseta BR Centauro,120239896037880157,OUTCOME_AWARENESS,2026-03-01,97349,64868,1.500725,260,0.26708,0.528885,1.412549,137.510199,4.0,0,34.37755,0.0,0,0.0,0.0,0,0.0,0,0,0,0,0,0,0.0,0,0.0,0,0,0,6753.0,0,0.020363,39.0,0,0,6753.0,0,0.020363,0,0,0,0.0,0,0,0.0,0,0,,,,2.0,mobile_app,NK,9205.0,3937.0,2390.0,1620.0
ALC - Camiseta BR Centauro,120239896037880157,OUTCOME_AWARENESS,2026-03-01,224,161,1.391304,1,0.446429,0.319954,1.428366,0.319954,0.0,0,0.0,0.0,0,0.0,0.0,0,0.0,0,0,0,0,0,0,0.0,0,0.0,0,0,0,20.0,0,0.015998,0.0,0,0,20.0,0,0.015998,0,0,0,0.0,0,0,0.0,0,0,,,,0.0,mobile_web,NK,21.0,17.0,8.0,8.0
ALC - Foot Wear,120239902813790157,OUTCOME_AWARENESS,2026-03-01,260,223,1.165919,0,0.0,0.0,0.7692,0.199992,0.0,0,0.0,0.0,0,0.0,0.0,0,0.0,0,0,0,0,0,0,0.0,0,0.0,0,0,0,31.0,0,0.006451,0.0,0,0,31.0,0,0.006451,0,0,0,0.0,0,0,0.0,0,0,,,,0.0,desktop,NK,17.0,7.0,5.0,5.0
ALC - Foot Wear,120239902813790157,OUTCOME_AWARENESS,2026-03-01,174234,111732,1.559392,125,0.071743,1.99688,1.432614,249.610014,8.0,0,31.201252,1.0,0,249.610014,0.0,0,0.0,0,0,0,0,0,0,0.0,0,0.0,0,0,0,8196.0,0,0.030455,25.0,0,0,8196.0,0,0.030455,0,0,0,0.0,0,0,0.0,0,0,,,,6.0,mobile_app,NK,2916.0,1133.0,392.0,238.0
ALC - Foot Wear,120239902813790157,OUTCOME_AWARENESS,2026-03-01,146,136,1.073529,1,0.684932,0.139994,0.958866,0.139994,0.0,0,0.0,0.0,0,0.0,0.0,0,0.0,0,0,0,0,0,0,0.0,0,0.0,0,0,0,5.0,0,0.027999,0.0,0,0,5.0,0,0.027999,0,0,0,0.0,0,0,0.0,0,0,,,,0.0,mobile_web,NK,2.0,,,
ALC - Tommy Hilfeger,120239902864470157,OUTCOME_AWARENESS,2026-03-01,69,63,1.095238,0,0.0,0.0,1.159533,0.080008,0.0,0,0.0,0.0,0,0.0,0.0,0,0.0,0,0,0,0,0,0,0.0,0,0.0,0,0,0,18.0,0,0.004445,0.0,0,0,18.0,0,0.004445,0,0,0,0.0,0,0,0.0,0,0,,,,0.0,desktop,NK,16.0,5.0,2.0,1.0
ALC - Tommy Hilfeger,120239902864470157,OUTCOME_AWARENESS,2026-03-01,72518,48922,1.482319,37,0.051022,2.788378,1.422681,103.169991,1.0,0,103.169991,0.0,0,0.0,0.0,0,0.0,0,0,0,0,0,0,0.0,0,0.0,0,0,0,5482.0,0,0.01882,28.0,0,0,5482.0,0,0.01882,0,0,0,0.0,0,0,0.0,0,0,,,,0.0,mobile_app,NK,3446.0,1158.0,579.0,297.0
ALC - Tommy Hilfeger,120239902864470157,OUTCOME_AWARENESS,2026-03-01,19,19,1.0,0,0.0,0.0,0.526367,0.010001,0.0,0,0.0,0.0,0,0.0,0.0,0,0.0,0,0,0,0,0,0,0.0,0,0.0,0,0,0,0.0,0,0.0,0.0,0,0,0.0,0,0.0,0,0,0,0.0,0,0,0.0,0,0,,,,0.0,mobile_web,NK,,,,
ALC - Tour pelo NK,120239934055580157,OUTCOME_AWARENESS,2026-03-01,46,39,1.179487,0,0.0,0.0,1.304123,0.05999,0.0,0,0.0,0.0,0,0.0,0.0,0,0.0,0,0,0,0,0,0,0.0,0,0.0,0,0,0,6.0,0,0.009998,0.0,0,0,6.0,0,0.009998,0,0,0,0.0,0,0,0.0,0,0,,,,0.0,desktop,NK,2.0,2.0,2.0,2.0
ALC - Tour pelo NK,120239934055580157,OUTCOME_AWARENESS,2026-03-01,39328,27432,1.433654,38,0.096623,1.522106,1.470708,57.840019,2.0,0,28.920009,0.0,0,0.0,0.0,0,0.0,0,0,0,0,0,0,0.0,0,0.0,0,0,0,2387.0,0,0.024231,5.0,0,0,2387.0,0,0.024231,0,0,0,0.0,0,0,0.0,0,0,,,,0.0,mobile_app,NK,46.0,23.0,21.0,17.0
ALC - Tour pelo NK,120239934055580157,OUTCOME_AWARENESS,2026-03-01,24,24,1.0,0,0.0,0.0,2.082974,0.049991,0.0,0,0.0,0.0,0,0.0,0.0,0,0.0,0,0,0,0,0,0,0.0,0,0.0,0,0,0,1.0,0,0.049991,0.0,0,0,1.0,0,0.049991,0,0,0,0.0,0,0,0.0,0,0,,,,0.0,mobile_web,NK,,,,
ENG - Corrida NK,120239980952960157,OUTCOME_ENGAGEMENT,2026-03-01,5,5,1.0,0,0.0,0.0,0.0,0.0,0.0,0,0.0,0.0,0,0.0,0.0,0,0.0,0,0,0,0,0,0,0.0,0,0.0,0,0,0,4.0,0,0.0,0.0,0,0,4.0,0,0.0,0,0,0,0.0,0,0,0.0,0,0,,,,0.0,desktop,NK,,,,
ENG - Corrida NK,120239980952960157,OUTCOME_ENGAGEMENT,2026-03-01,11095,6817,1.627549,14,0.126183,3.896429,4.916629,54.55,3.0,0,18.183333,1.0,0,54.55,0.0,0,0.0,0,0,0,0,0,0,0.0,0,0.0,0,0,0,1342.0,0,0.040648,390.0,0,0,1342.0,0,0.040648,0,0,0,0.0,0,0,0.0,0,0,,,,3.0,mobile_app,NK,92.0,52.0,26.0,18.0
ENG - Corrida NK,120239980952960157,OUTCOME_ENGAGEMENT,2026-03-01,2,2,1.0,0,0.0,0.0,0.0,0.0,0.0,0,0.0,0.0,0,0.0,0.0,0,0.0,0,0,0,0,0,0,0.0,0,0.0,0,0,0,0.0,0,0.0,0.0,0,0,0.0,0,0.0,0,0,0,0.0,0,0,0.0,0,0,,,,0.0,mobile_web,NK,,,,
ALC - Filme Super Mário,120240044542830157,OUTCOME_AWARENESS,2026-03-01,499,424,1.176887,1,0.200401,0.629937,1.262398,0.629937,0.0,0,0.0,0.0,0,0.0,0.0,0,0.0,0,0,0,0,0,0,0.0,0,0.0,0,0,0,82.0,0,0.007682,1.0,0,0,82.0,0,0.007682,0,0,0,0.0,0,0,0.0,0,0,,,,0.0,desktop,NK,7.0,4.0,2.0,2.0
ALC - Filme Super Mário,120240044542830157,OUTCOME_AWARENESS,2026-03-01,69372,55279,1.254943,95,0.136943,1.037159,1.420315,98.530097,2.0,0,49.265049,0.0,0,0.0,0.0,0,0.0,0,0,0,0,0,0,0.0,0,0.0,0,0,0,6509.0,0,0.015138,30.0,0,0,6509.0,0,0.015138,0,0,0,0.0,0,0,0.0,0,0,,,,0.0,mobile_app,NK,480.0,123.0,65.0,39.0
ALC - Filme Super Mário,120240044542830157,OUTCOME_AWARENESS,2026-03-01,293,239,1.225941,0,0.0,0.0,1.160293,0.339966,0.0,0,0.0,0.0,0,0.0,0.0,0,0.0,0,0,0,0,0,0,0.0,0,0.0,0,0,0,51.0,0,0.006666,0.0,0,0,51.0,0,0.006666,0,0,0,0.0,0,0,0.0,0,0,,,,0.0,mobile_web,NK,2.0,1.0,1.0,
TRAF - FRANQUIAS,120240045624670157,LINK_CLICKS,2026-03-01,44,40,1.1,1,2.272727,0.18,4.090909,0.18,0.0,0,0.0,0.0,0,0.0,0.0,0,0.0,0,0,0,0,0,0,0.0,0,0.0,0,0,0,0.0,0,0.0,0.0,0,0,0.0,0,0.0,0,0,0,0.0,0,0,0.0,0,0,,,,0.0,desktop,NK,,,,
TRAF - FRANQUIAS,120240045624670157,LINK_CLICKS,2026-03-01,50503,30729,1.643496,1114,2.20581,0.199749,4.406075,222.52,1028.0,0,0.216459,694.0,0,0.320634,0.0,0,0.0,0,0,0,0,0,0,5.0,0,44.504,0,0,0,1087.0,0,0.20471,43.0,0,0,1087.0,0,0.20471,0,0,0,0.0,0,0,47.0,0,0,,,,1028.0,mobile_app,NK,,,,
TRAF - FRANQUIAS,120240045624670157,LINK_CLICKS,2026-03-01,16,15,1.066667,0,0.0,0.0,2.5,0.04,0.0,0,0.0,0.0,0,0.0,0.0,0,0.0,0,0,0,0,0,0,0.0,0,0.0,0,0,0,0.0,0,0.0,0.0,0,0,0.0,0,0.0,0,0,0,0.0,0,0,0.0,0,0,,,,0.0,mobile_web,NK,,,,
ENG - FRANQUIAS,120240047407400157,OUTCOME_ENGAGEMENT,2026-03-01,997,699,1.426323,6,0.601805,2.59,15.58676,15.54,5.0,0,3.108,0.0,0,0.0,0.0,0,0.0,0,0,0,0,0,0,0.0,0,0.0,0,0,0,9.0,0,1.726667,3.0,0,0,9.0,0,1.726667,0,0,0,0.0,0,0,0.0,0,0,,,,4.0,mobile_app,NK,,,,
ALC - Evento ELAS,120240291158100157,OUTCOME_AWARENESS,2026-03-01,255,231,1.103896,0,0.0,0.0,1.803649,0.459931,0.0,0,0.0,0.0,0,0.0,0.0,0,0.0,0,0,0,0,0,0,0.0,0,0.0,0,0,0,39.0,0,0.011793,0.0,0,0,39.0,0,0.011793,0,0,0,0.0,0,0,0.0,0,0,,,,0.0,desktop,NK,25.0,8.0,3.0,3.0
ALC - Evento ELAS,120240291158100157,OUTCOME_AWARENESS,2026-03-01,164516,151468,1.086144,189,0.114882,1.399207,1.607443,264.450092,115.0,0,2.299566,60.0,0,4.407502,0.0,0,0.0,0,0,0,0,0,0,0.0,0,0.0,0,0,0,4725.0,0,0.055968,19.0,0,0,4725.0,0,0.055968,0,0,0,0.0,0,0,0.0,0,0,,,,115.0,mobile_app,NK,2339.0,923.0,530.0,209.0
ALC - Evento ELAS,120240291158100157,OUTCOME_AWARENESS,2026-03-01,93,91,1.021978,0,0.0,0.0,1.61266,0.149977,0.0,0,0.0,0.0,0,0.0,0.0,0,0.0,0,0,0,0,0,0,0.0,0,0.0,0,0,0,1.0,0,0.149977,0.0,0,0,1.0,0,0.149977,0,0,0,0.0,0,0,0.0,0,0,,,,0.0,mobile_web,NK,1.0,1.0,,
ALC - Kopenhagen,120240291675120157,OUTCOME_AWARENESS,2026-03-01,88,83,1.060241,0,0.0,0.0,1.136224,0.099988,0.0,0,0.0,0.0,0,0.0,0.0,0,0.0,0,0,0,0,0,0,0.0,0,0.0,0,0,0,10.0,0,0.009999,0.0,0,0,10.0,0,0.009999,0,0,0,0.0,0,0,0.0,0,0,,,,0.0,desktop,NK,10.0,5.0,2.0,2.0
ALC - Kopenhagen,120240291675120157,OUTCOME_AWARENESS,2026-03-01,54044,42518,1.271085,91,0.168381,0.891868,1.50174,81.160027,3.0,0,27.053342,0.0,0,0.0,0.0,0,0.0,0,0,0,0,0,0,0.0,0,0.0,0,0,0,5904.0,0,0.013747,22.0,0,0,5904.0,0,0.013747,0,0,0,0.0,0,0,0.0,0,0,,,,0.0,mobile_app,NK,7865.0,2659.0,1295.0,783.0
ALC - Kopenhagen,120240291675120157,OUTCOME_AWARENESS,2026-03-01,132,123,1.073171,1,0.757576,0.119985,0.908979,0.119985,0.0,0,0.0,0.0,0,0.0,0.0,0,0.0,0,0,0,0,0,0,0.0,0,0.0,0,0,0,0.0,0,0.0,0.0,0,0,0.0,0,0.0,0,0,0,0.0,0,0,0.0,0,0,,,,0.0,mobile_web,NK,,,,
ALC - Lelis,120240357317290157,OUTCOME_AWARENESS,2026-03-01,3,3,1.0,0,0.0,0.0,0.0,0.0,0.0,0,0.0,0.0,0,0.0,0.0,0,0.0,0,0,0,0,0,0,0.0,0,0.0,0,0,0,0.0,0,0.0,0.0,0,0,0.0,0,0.0,0,0,0,0.0,0,0,0.0,0,0,,,,0.0,desktop,NK,,,,
ALC - Lelis,120240357317290157,OUTCOME_AWARENESS,2026-03-01,5678,5541,1.024725,5,0.088059,1.672,1.472349,8.36,3.0,0,2.786667,1.0,0,8.36,0.0,0,0.0,0,0,0,0,0,0,0.0,0,0.0,0,0,0,190.0,0,0.044,1.0,0,0,190.0,0,0.044,0,0,0,0.0,0,0,0.0,0,0,,,,3.0,mobile_app,NK,150.0,60.0,38.0,26.0
ALC - Gastronomia — AON,120217368581940157,OUTCOME_AWARENESS,2026-04-01,79,77,1.025974,0,0.0,0.0,0.379747,0.03,0.0,0,0.0,0.0,0,0.0,0.0,0,0.0,0,0,0,0,0,0,0.0,0,0.0,0,0,0,8.0,0,0.00375,0.0,0,0,8.0,0,0.00375,0,0,0,0.0,0,0,0.0,0,0,,,,0.0,desktop,NK,2.0,,,
ALC - Gastronomia — AON,120217368581940157,OUTCOME_AWARENESS,2026-04-01,443199,271724,1.631063,354,0.079874,1.590678,1.270535,563.1,233.0,0,2.416738,0.0,0,0.0,0.0,0,0.0,0,0,0,0,0,0,0.0,0,0.0,0,0,0,15766.0,0,0.035716,51.0,0,0,15766.0,0,0.035716,0,0,0,0.0,0,0,0.0,0,0,,,,0.0,mobile_app,NK,2285.0,683.0,340.0,226.0
ALC - Gastronomia — AON,120217368581940157,OUTCOME_AWARENESS,2026-04-01,26,24,1.083333,0,0.0,0.0,0.769231,0.02,0.0,0,0.0,0.0,0,0.0,0.0,0,0.0,0,0,0,0,0,0,0.0,0,0.0,0,0,0,3.0,0,0.006667,0.0,0,0,3.0,0,0.006667,0,0,0,0.0,0,0,0.0,0,0,,,,0.0,mobile_web,NK,3.0,1.0,1.0,1.0
ALC - Legueiros,120238935282320157,OUTCOME_AWARENESS,2026-04-01,56692,54332,1.043437,46,0.08114,1.612609,1.308474,74.18,31.0,0,2.392903,0.0,0,0.0,0.0,0,0.0,0,0,0,0,0,0,0.0,0,0.0,0,0,0,2924.0,0,0.025369,14.0,0,0,2924.0,0,0.025369,0,0,0,0.0,0,0,0.0,0,0,,,,0.0,mobile_app,NK,351.0,96.0,53.0,41.0
ACL - Outuno,120239890390310157,OUTCOME_AWARENESS,2026-04-01,99,94,1.053191,0,0.0,0.0,0.706957,0.069989,0.0,0,0.0,0.0,0,0.0,0.0,0,0.0,0,0,0,0,0,0,0.0,0,0.0,0,0,0,9.0,0,0.007777,0.0,0,0,9.0,0,0.007777,0,0,0,0.0,0,0,0.0,0,0,,,,0.0,desktop,NK,,,,
ACL - Outuno,120239890390310157,OUTCOME_AWARENESS,2026-04-01,53285,43183,1.233935,46,0.086328,1.34174,1.1583,61.720032,0.0,0,0.0,0.0,0,0.0,0.0,0,0.0,0,0,0,0,0,0,0.0,0,0.0,0,0,0,2542.0,0,0.02428,19.0,0,0,2542.0,0,0.02428,0,0,0,0.0,0,0,0.0,0,0,,,,0.0,mobile_app,NK,361.0,120.0,69.0,35.0
ACL - Outuno,120239890390310157,OUTCOME_AWARENESS,2026-04-01,78,76,1.026316,0,0.0,0.0,1.666398,0.129979,0.0,0,0.0,0.0,0,0.0,0.0,0,0.0,0,0,0,0,0,0,0.0,0,0.0,0,0,0,3.0,0,0.043326,0.0,0,0,3.0,0,0.043326,0,0,0,0.0,0,0,0.0,0,0,,,,0.0,mobile_web,NK,2.0,1.0,,
ALC - Camiseta BR Centauro,120239896037880157,OUTCOME_AWARENESS,2026-04-01,634,551,1.150635,0,0.0,0.0,1.119874,0.71,0.0,0,0.0,0.0,0,0.0,0.0,0,0.0,0,0,0,0,0,0,0.0,0,0.0,0,0,0,98.0,0,0.007245,0.0,0,0,98.0,0,0.007245,0,0,0,0.0,0,0,0.0,0,0,,,,0.0,desktop,NK,115.0,61.0,42.0,25.0
ALC - Camiseta BR Centauro,120239896037880157,OUTCOME_AWARENESS,2026-04-01,78344,62589,1.251722,100,0.127642,0.9097,1.161161,90.97,0.0,0,0.0,0.0,0,0.0,0.0,0,0.0,0,0,0,0,0,0,0.0,0,0.0,0,0,0,5069.0,0,0.017946,28.0,0,0,5069.0,0,0.017946,0,0,0,0.0,0,0,0.0,0,0,,,,0.0,mobile_app,NK,7134.0,2709.0,1520.0,992.0
ALC - Camiseta BR Centauro,120239896037880157,OUTCOME_AWARENESS,2026-04-01,167,144,1.159722,0,0.0,0.0,1.197605,0.2,0.0,0,0.0,0.0,0,0.0,0.0,0,0.0,0,0,0,0,0,0,0.0,0,0.0,0,0,0,7.0,0,0.028571,0.0,0,0,7.0,0,0.028571,0,0,0,0.0,0,0,0.0,0,0,,,,0.0,mobile_web,NK,11.0,2.0,2.0,2.0
ALC - Tommy Hilfeger,120239902864470157,OUTCOME_AWARENESS,2026-04-01,235,199,1.180905,0,0.0,0.0,1.106383,0.26,0.0,0,0.0,0.0,0,0.0,0.0,0,0.0,0,0,0,0,0,0,0.0,0,0.0,0,0,0,28.0,0,0.009286,0.0,0,0,28.0,0,0.009286,0,0,0,0.0,0,0,0.0,0,0,,,,0.0,desktop,NK,17.0,8.0,5.0,4.0
ALC - Tommy Hilfeger,120239902864470157,OUTCOME_AWARENESS,2026-04-01,125707,74504,1.687252,100,0.07955,1.4626,1.163499,146.26,5.0,0,29.252,0.0,0,0.0,0.0,0,0.0,0,0,0,0,0,0,0.0,0,0.0,0,0,0,10645.0,0,0.01374,50.0,0,0,10645.0,0,0.01374,0,0,0,0.0,0,0,0.0,0,0,,,,0.0,mobile_app,NK,6377.0,2126.0,1029.0,566.0
ALC - Tommy Hilfeger,120239902864470157,OUTCOME_AWARENESS,2026-04-01,110,102,1.078431,0,0.0,0.0,1.363636,0.15,0.0,0,0.0,0.0,0,0.0,0.0,0,0.0,0,0,0,0,0,0,0.0,0,0.0,0,0,0,14.0,0,0.010714,0.0,0,0,14.0,0,0.010714,0,0,0,0.0,0,0,0.0,0,0,,,,0.0,mobile_web,NK,10.0,1.0,1.0,1.0
ALC - Filme Super Mário,120240044542830157,OUTCOME_AWARENESS,2026-04-01,1660,1376,1.206395,0,0.0,0.0,1.198795,1.99,0.0,0,0.0,0.0,0,0.0,0.0,0,0.0,0,0,0,0,0,0,0.0,0,0.0,0,0,0,282.0,0,0.007057,0.0,0,0,282.0,0,0.007057,0,0,0,0.0,0,0,0.0,0,0,,,,0.0,desktop,NK,33.0,19.0,12.0,8.0
ALC - Filme Super Mário,120240044542830157,OUTCOME_AWARENESS,2026-04-01,173001,114743,1.507726,186,0.107514,1.063226,1.143115,197.76,1.0,0,197.76,0.0,0,0.0,0.0,0,0.0,0,0,0,0,0,0,0.0,0,0.0,0,0,0,16873.0,0,0.011721,62.0,0,0,16873.0,0,0.011721,0,0,0,0.0,0,0,0.0,0,0,,,,0.0,mobile_app,NK,1135.0,315.0,182.0,105.0
ALC - Filme Super Mário,120240044542830157,OUTCOME_AWARENESS,2026-04-01,604,448,1.348214,2,0.331126,0.355,1.175497,0.71,0.0,0,0.0,0.0,0,0.0,0.0,0,0.0,0,0,0,0,0,0,0.0,0,0.0,0,0,0,74.0,0,0.009595,0.0,0,0,74.0,0,0.009595,0,0,0,0.0,0,0,0.0,0,0,,,,0.0,mobile_web,NK,5.0,,,
TRAF - FRANQUIAS,120240045624670157,LINK_CLICKS,2026-04-01,187,143,1.307692,4,2.139037,0.087498,1.871619,0.349993,0.0,0,0.0,0.0,0,0.0,0.0,0,0.0,0,0,0,0,0,0,0.0,0,0.0,0,0,0,1.0,0,0.349993,1.0,0,0,1.0,0,0.349993,0,0,0,0.0,0,0,0.0,0,0,,,,0.0,desktop,NK,,,,
TRAF - FRANQUIAS,120240045624670157,LINK_CLICKS,2026-04-01,267998,103301,2.594341,5270,1.966433,0.185266,3.643124,976.350017,4836.0,0,0.201892,2345.0,0,0.416354,0.0,0,0.0,0,0,0,0,0,0,21.0,0,46.492858,0,0,0,4961.0,0,0.196805,98.0,0,0,4963.0,0,0.196726,0,0,0,0.0,0,0,93.0,0,0,,,,4832.0,mobile_app,NK,,,,
TRAF - FRANQUIAS,120240045624670157,LINK_CLICKS,2026-04-01,262,166,1.578313,10,3.816794,0.048999,1.870191,0.48999,3.0,0,0.16333,0.0,0,0.0,0.0,0,0.0,0,0,0,0,0,0,0.0,0,0.0,0,0,0,3.0,0,0.16333,0.0,0,0,3.0,0,0.16333,0,0,0,0.0,0,0,0.0,0,0,,,,3.0,mobile_web,NK,,,,
ALC - Evento ELAS,120240291158100157,OUTCOME_AWARENESS,2026-04-01,64,60,1.066667,0,0.0,0.0,1.09375,0.07,0.0,0,0.0,0.0,0,0.0,0.0,0,0.0,0,0,0,0,0,0,0.0,0,0.0,0,0,0,7.0,0,0.01,0.0,0,0,7.0,0,0.01,0,0,0,0.0,0,0,0.0,0,0,,,,0.0,desktop,NK,3.0,2.0,,
ALC - Evento ELAS,120240291158100157,OUTCOME_AWARENESS,2026-04-01,26897,25647,1.048739,8,0.029743,4.35,1.293825,34.8,0.0,0,0.0,0.0,0,0.0,0.0,0,0.0,0,0,0,0,0,0,0.0,0,0.0,0,0,0,624.0,0,0.055769,0.0,0,0,624.0,0,0.055769,0,0,0,0.0,0,0,0.0,0,0,,,,0.0,mobile_app,NK,345.0,146.0,70.0,30.0
ALC - Evento ELAS,120240291158100157,OUTCOME_AWARENESS,2026-04-01,25,25,1.0,0,0.0,0.0,2.0,0.05,0.0,0,0.0,0.0,0,0.0,0.0,0,0.0,0,0,0,0,0,0,0.0,0,0.0,0,0,0,1.0,0,0.05,0.0,0,0,1.0,0,0.05,0,0,0,0.0,0,0,0.0,0,0,,,,0.0,mobile_web,NK,,,,
ALC - Kopenhagen,120240291675120157,OUTCOME_AWARENESS,2026-04-01,373,301,1.239203,0,0.0,0.0,1.099196,0.41,0.0,0,0.0,0.0,0,0.0,0.0,0,0.0,0,0,0,0,0,0,0.0,0,0.0,0,0,0,6.0,0,0.068333,0.0,0,0,6.0,0,0.068333,0,0,0,0.0,0,0,0.0,0,0,,,,0.0,desktop,NK,6.0,3.0,1.0,
ALC - Kopenhagen,120240291675120157,OUTCOME_AWARENESS,2026-04-01,186414,143368,1.300248,299,0.160396,0.728796,1.168957,217.91,140.0,0,1.5565,0.0,0,0.0,0.0,0,0.0,0,0,0,0,0,0,0.0,0,0.0,0,0,0,6823.0,0,0.031938,48.0,0,0,6823.0,0,0.031938,0,0,0,0.0,0,0,0.0,0,0,,,,7.0,mobile_app,NK,8902.0,2988.0,1440.0,876.0
ALC - Kopenhagen,120240291675120157,OUTCOME_AWARENESS,2026-04-01,269,228,1.179825,1,0.371747,0.29,1.078067,0.29,0.0,0,0.0,0.0,0,0.0,0.0,0,0.0,0,0,0,0,0,0,0.0,0,0.0,0,0,0,0.0,0,0.0,0.0,0,0,0.0,0,0.0,0,0,0,0.0,0,0,0.0,0,0,,,,0.0,mobile_web,NK,,,,
ALC - Lelis,120240357317290157,OUTCOME_AWARENESS,2026-04-01,118,109,1.082569,0,0.0,0.0,1.355811,0.159986,0.0,0,0.0,0.0,0,0.0,0.0,0,0.0,0,0,0,0,0,0,0.0,0,0.0,0,0,0,20.0,0,0.007999,0.0,0,0,20.0,0,0.007999,0,0,0,0.0,0,0,0.0,0,0,,,,0.0,desktop,NK,14.0,2.0,,
ALC - Lelis,120240357317290157,OUTCOME_AWARENESS,2026-04-01,93646,61922,1.512322,26,0.027764,4.284616,1.189587,111.400019,1.0,0,111.400019,0.0,0,0.0,0.0,0,0.0,0,0,0,0,0,0,0.0,0,0.0,0,0,0,3838.0,0,0.029026,17.0,0,0,3838.0,0,0.029026,0,0,0,0.0,0,0,0.0,0,0,,,,0.0,mobile_app,NK,3046.0,1123.0,640.0,450.0
ALC - Lelis,120240357317290157,OUTCOME_AWARENESS,2026-04-01,77,73,1.054795,0,0.0,0.0,0.649292,0.049996,0.0,0,0.0,0.0,0,0.0,0.0,0,0.0,0,0,0,0,0,0,0.0,0,0.0,0,0,0,8.0,0,0.006249,0.0,0,0,8.0,0,0.006249,0,0,0,0.0,0,0,0.0,0,0,,,,0.0,mobile_web,NK,6.0,1.0,1.0,
TRAF - CAMPANHA IPHONE,120240657900390157,LINK_CLICKS,2026-04-01,2735,280,9.767857,7,0.255942,0.378575,0.968931,2.650027,7.0,0,0.378575,3.0,0,0.883342,1.0,0,2.650027,0,0,0,0,0,0,0.0,0,0.0,0,0,0,68.0,0,0.038971,0.0,0,0,68.0,0,0.038971,0,0,0,1.0,0,0,0.0,0,0,,,,7.0,desktop,NK,61.0,61.0,61.0,61.0
TRAF - CAMPANHA IPHONE,120240657900390157,LINK_CLICKS,2026-04-01,492930,65681,7.50491,4637,0.940702,0.215001,2.022518,996.95997,5170.0,0,0.192836,1305.0,0,0.763954,2.0,0,498.479985,0,0,0,0,0,0,11.0,0,90.632725,0,0,0,6810.0,0,0.146396,28.0,0,0,6811.0,0,0.146375,0,0,0,2.0,0,0,89.0,0,0,,,,5164.0,mobile_app,NK,2301.0,1779.0,1191.0,919.0
TRAF - CAMPANHA IPHONE,120240657900390157,LINK_CLICKS,2026-04-01,109,61,1.786885,2,1.834862,0.165002,3.027553,0.330003,0.0,0,0.0,0.0,0,0.0,0.0,0,0.0,0,0,0,0,0,0,0.0,0,0.0,0,0,0,0.0,0,0.0,0.0,0,0,0.0,0,0.0,0,0,0,0.0,0,0,0.0,0,0,,,,0.0,mobile_web,NK,,,,
ALC - Shoulder,120240967746130157,OUTCOME_AWARENESS,2026-04-01,461,387,1.191214,0,0.0,0.0,1.128028,0.520021,0.0,0,0.0,0.0,0,0.0,0.0,0,0.0,0,0,0,0,0,0,0.0,0,0.0,0,0,0,74.0,0,0.007027,0.0,0,0,74.0,0,0.007027,0,0,0,0.0,0,0,0.0,0,0,,,,0.0,desktop,NK,32.0,10.0,6.0,5.0
ALC - Shoulder,120240967746130157,OUTCOME_AWARENESS,2026-04-01,183138,98557,1.858194,60,0.032762,4.149833,1.359576,248.989967,0.0,0,0.0,0.0,0,0.0,0.0,0,0.0,0,0,0,0,0,0,0.0,0,0.0,0,0,0,11315.0,0,0.022005,53.0,0,0,11315.0,0,0.022005,0,0,0,0.0,0,0,0.0,0,0,,,,0.0,mobile_app,NK,6578.0,1960.0,1004.0,419.0
ALC - Shoulder,120240967746130157,OUTCOME_AWARENESS,2026-04-01,287,241,1.190871,0,0.0,0.0,1.080183,0.310012,0.0,0,0.0,0.0,0,0.0,0.0,0,0.0,0,0,0,0,0,0,0.0,0,0.0,0,0,0,37.0,0,0.008379,0.0,0,0,37.0,0,0.008379,0,0,0,0.0,0,0,0.0,0,0,,,,0.0,mobile_web,NK,26.0,7.0,4.0,3.0
ALC - Clube do Livro,120241149535680157,OUTCOME_AWARENESS,2026-04-01,678,595,1.139496,0,0.0,0.0,1.430678,0.97,0.0,0,0.0,0.0,0,0.0,0.0,0,0.0,0,0,0,0,0,0,0.0,0,0.0,0,0,0,80.0,0,0.012125,0.0,0,0,80.0,0,0.012125,0,0,0,0.0,0,0,0.0,0,0,,,,0.0,desktop,NK,181.0,78.0,52.0,41.0
ALC - Clube do Livro,120241149535680157,OUTCOME_AWARENESS,2026-04-01,216735,119566,1.812681,80,0.036911,3.731375,1.377304,298.51,1.0,0,298.51,0.0,0,0.0,0.0,0,0.0,0,0,0,0,0,0,0.0,0,0.0,0,0,0,10348.0,0,0.028847,68.0,0,0,10348.0,0,0.028847,0,0,0,0.0,0,0,0.0,0,0,,,,0.0,mobile_app,NK,24498.0,9700.0,5255.0,3345.0
ALC - Clube do Livro,120241149535680157,OUTCOME_AWARENESS,2026-04-01,371,309,1.200647,0,0.0,0.0,1.266846,0.47,0.0,0,0.0,0.0,0,0.0,0.0,0,0.0,0,0,0,0,0,0,0.0,0,0.0,0,0,0,51.0,0,0.009216,0.0,0,0,51.0,0,0.009216,0,0,0,0.0,0,0,0.0,0,0,,,,0.0,mobile_web,NK,88.0,50.0,30.0,21.0
ALC - PROMO MAES 26,120241760752510157,OUTCOME_AWARENESS,2026-04-01,203,201,1.00995,1,0.492611,0.3,1.477833,0.3,0.0,0,0.0,0.0,0,0.0,0.0,0,0.0,0,0,0,0,0,0,0.0,0,0.0,0,0,0,56.0,0,0.005357,1.0,0,0,56.0,0,0.005357,0,0,0,0.0,0,0,0.0,0,0,,,,0.0,desktop,NK,18.0,15.0,13.0,8.0
ALC - PROMO MAES 26,120241760752510157,OUTCOME_AWARENESS,2026-04-01,71519,58807,1.216165,81,0.113257,1.607531,1.820635,130.21,58.0,0,2.245,0.0,0,0.0,0.0,0,0.0,0,0,0,0,0,0,0.0,0,0.0,0,0,0,8095.0,0,0.016085,81.0,0,0,8095.0,0,0.016085,0,0,0,0.0,0,0,0.0,0,0,,,,57.0,mobile_app,NK,905.0,646.0,563.0,206.0
ALC - PROMO MAES 26,120241760752510157,OUTCOME_AWARENESS,2026-04-01,82,79,1.037975,0,0.0,0.0,2.195122,0.18,0.0,0,0.0,0.0,0,0.0,0.0,0,0.0,0,0,0,0,0,0,0.0,0,0.0,0,0,0,16.0,0,0.01125,0.0,0,0,16.0,0,0.01125,0,0,0,0.0,0,0,0.0,0,0,,,,0.0,mobile_web,NK,5.0,4.0,3.0,1.0
TRAF - PROMO MAES 26,120241769186730157,LINK_CLICKS,2026-04-01,27922,24546,1.137538,1259,4.508989,0.101501,4.576678,127.79,1188.0,0,0.107567,802.0,0,0.159339,0.0,0,0.0,0,0,0,0,0,0,23.0,0,5.556087,0,0,0,12662.0,0,0.010092,554.0,0,0,12662.0,0,0.010092,0,0,0,0.0,0,0,100.0,0,0,,,,1188.0,mobile_app,NK,3807.0,3336.0,3070.0,1635.0
ALC - ANÚNCIOS NR,120241771203780157,OUTCOME_AWARENESS,2026-04-01,178,170,1.047059,1,0.561798,0.210024,1.179911,0.210024,0.0,0,0.0,0.0,0,0.0,0.0,0,0.0,0,0,0,0,0,0,0.0,0,0.0,0,0,0,16.0,0,0.013127,0.0,0,0,16.0,0,0.013127,0,0,0,0.0,0,0,0.0,0,0,,,,0.0,desktop,NK,8.0,4.0,3.0,2.0
ALC - ANÚNCIOS NR,120241771203780157,OUTCOME_AWARENESS,2026-04-01,53034,41029,1.292598,19,0.035826,4.558419,1.633103,86.609963,1.0,0,86.609963,0.0,0,0.0,0.0,0,0.0,0,0,0,0,0,0,0.0,0,0.0,0,0,0,2306.0,0,0.037559,13.0,0,0,2306.0,0,0.037559,0,0,0,0.0,0,0,0.0,0,0,,,,1.0,mobile_app,NK,638.0,248.0,102.0,57.0
ALC - ANÚNCIOS NR,120241771203780157,OUTCOME_AWARENESS,2026-04-01,63,61,1.032787,0,0.0,0.0,1.746233,0.110013,0.0,0,0.0,0.0,0,0.0,0.0,0,0.0,0,0,0,0,0,0,0.0,0,0.0,0,0,0,3.0,0,0.036671,0.0,0,0,3.0,0,0.036671,0,0,0,0.0,0,0,0.0,0,0,,,,0.0,mobile_web,NK,,,,
ALC - BFS BS,120241981891200157,OUTCOME_AWARENESS,2026-04-01,25854,25370,1.019078,24,0.092829,2.08375,1.934324,50.01,16.0,0,3.125625,0.0,0,0.0,0.0,0,0.0,0,0,0,0,0,0,0.0,0,0.0,0,0,0,1016.0,0,0.049222,6.0,0,0,1016.0,0,0.049222,0,0,0,0.0,0,0,0.0,0,0,,,,0.0,mobile_app,NK,90.0,20.0,13.0,7.0
ALC - Diabo veste prada,120241982450130157,OUTCOME_AWARENESS,2026-04-01,18,18,1.0,0,0.0,0.0,1.666667,0.03,0.0,0,0.0,0.0,0,0.0,0.0,0,0.0,0,0,0,0,0,0,0.0,0,0.0,0,0,0,0.0,0,0.0,0.0,0,0,0.0,0,0.0,0,0,0,0.0,0,0,0.0,0,0,,,,0.0,desktop,NK,,,,
ALC - Diabo veste prada,120241982450130157,OUTCOME_AWARENESS,2026-04-01,8632,8448,1.02178,18,0.208526,0.958333,1.998378,17.25,15.0,0,1.15,10.0,0,1.725,0.0,0,0.0,0,0,0,0,0,0,0.0,0,0.0,0,0,0,552.0,0,0.03125,6.0,0,0,552.0,0,0.03125,0,0,0,0.0,0,0,0.0,0,0,,,,15.0,mobile_app,NK,284.0,171.0,96.0,37.0
ALC - Diabo veste prada,120241982450130157,OUTCOME_AWARENESS,2026-04-01,7,7,1.0,0,0.0,0.0,1.428571,0.01,0.0,0,0.0,0.0,0,0.0,0.0,0,0.0,0,0,0,0,0,0,0.0,0,0.0,0,0,0,1.0,0,0.01,0.0,0,0,1.0,0,0.01,0,0,0,0.0,0,0,0.0,0,0,,,,0.0,mobile_web,NK,,,,
ALC - Gastronomia — AON,120217368581940157,OUTCOME_AWARENESS,2026-05-01,15,15,1.0,0,0.0,0.0,1.333269,0.019999,0.0,0,0.0,0.0,0,0.0,0.0,0,0.0,0,0,0,0,0,0,0.0,0,0.0,0,0,0,1.0,0,0.019999,0.0,0,0,1.0,0,0.019999,0,0,0,0.0,0,0,0.0,0,0,,,,0.0,desktop,NK,,,,
ALC - Gastronomia — AON,120217368581940157,OUTCOME_AWARENESS,2026-05-01,142897,133211,1.072712,99,0.069281,2.090808,1.448526,206.990001,61.0,0,3.393279,0.0,0,0.0,0.0,0,0.0,0,0,0,0,0,0,0.0,0,0.0,0,0,0,5053.0,0,0.040964,19.0,0,0,5053.0,0,0.040964,0,0,0,0.0,0,0,0.0,0,0,,,,0.0,mobile_app,NK,689.0,196.0,90.0,62.0
ALC - Gastronomia — AON,120217368581940157,OUTCOME_AWARENESS,2026-05-01,4,4,1.0,0,0.0,0.0,2.499879,0.01,0.0,0,0.0,0.0,0,0.0,0.0,0,0.0,0,0,0,0,0,0,0.0,0,0.0,0,0,0,1.0,0,0.01,0.0,0,0,1.0,0,0.01,0,0,0,0.0,0,0,0.0,0,0,,,,0.0,mobile_web,NK,,,,
ALC - PROMO MAES 26,120241760752510157,OUTCOME_AWARENESS,2026-05-01,254,228,1.114035,1,0.393701,0.42,1.653543,0.42,0.0,0,0.0,0.0,0,0.0,0.0,0,0.0,0,0,0,0,0,0,0.0,0,0.0,0,0,0,39.0,0,0.010769,0.0,0,0,39.0,0,0.010769,0,0,0,0.0,0,0,0.0,0,0,,,,0.0,desktop,NK,4.0,2.0,1.0,1.0
ALC - PROMO MAES 26,120241760752510157,OUTCOME_AWARENESS,2026-05-01,157118,116013,1.354314,151,0.096106,1.661258,1.596571,250.85,110.0,0,2.280455,0.0,0,0.0,0.0,0,0.0,0,0,0,0,0,0,0.0,0,0.0,0,0,0,10330.0,0,0.024284,47.0,0,0,10330.0,0,0.024284,0,0,0,0.0,0,0,0.0,0,0,,,,110.0,mobile_app,NK,1194.0,264.0,134.0,71.0
ALC - PROMO MAES 26,120241760752510157,OUTCOME_AWARENESS,2026-05-01,132,122,1.081967,0,0.0,0.0,0.984848,0.13,0.0,0,0.0,0.0,0,0.0,0.0,0,0.0,0,0,0,0,0,0,0.0,0,0.0,0,0,0,14.0,0,0.009286,0.0,0,0,14.0,0,0.009286,0,0,0,0.0,0,0,0.0,0,0,,,,0.0,mobile_web,NK,1.0,,,
TRAF - PROMO MAES 26,120241769186730157,LINK_CLICKS,2026-05-01,1,1,1.0,0,0.0,0.0,0.0,0.0,0.0,0,0.0,0.0,0,0.0,0.0,0,0.0,0,0,0,0,0,0,0.0,0,0.0,0,0,0,0.0,0,0.0,0.0,0,0,0.0,0,0.0,0,0,0,0.0,0,0,0.0,0,0,,,,0.0,desktop,NK,,,,
TRAF - PROMO MAES 26,120241769186730157,LINK_CLICKS,2026-05-01,57923,46224,1.253094,2569,4.435198,0.106259,4.712808,272.98,2491.0,0,0.109587,1625.0,0,0.167988,0.0,0,0.0,0,0,0,0,0,0,61.0,0,4.475082,0,0,0,24157.0,0,0.0113,549.0,0,0,24157.0,0,0.0113,0,0,0,0.0,0,0,106.0,0,0,,,,2489.0,mobile_app,NK,7299.0,6275.0,5681.0,3163.0
TRAF - PROMO MAES 26,120241769186730157,LINK_CLICKS,2026-05-01,1,1,1.0,0,0.0,0.0,0.0,0.0,0.0,0,0.0,0.0,0,0.0,0.0,0,0.0,0,0,0,0,0,0,0.0,0,0.0,0,0,0,0.0,0,0.0,0.0,0,0,0.0,0,0.0,0,0,0,0.0,0,0,0.0,0,0,,,,0.0,mobile_web,NK,,,,
ALC - ANÚNCIOS NR,120241771203780157,OUTCOME_AWARENESS,2026-05-01,592,544,1.088235,0,0.0,0.0,1.52043,0.900094,0.0,0,0.0,0.0,0,0.0,0.0,0,0.0,0,0,0,0,0,0,0.0,0,0.0,0,0,0,52.0,0,0.01731,0.0,0,0,52.0,0,0.01731,0,0,0,0.0,0,0,0.0,0,0,,,,0.0,desktop,NK,18.0,10.0,6.0,5.0
ALC - ANÚNCIOS NR,120241771203780157,OUTCOME_AWARENESS,2026-05-01,128266,94104,1.363024,37,0.028846,5.120808,1.477164,189.469884,3.0,0,63.156628,0.0,0,0.0,0.0,0,0.0,0,0,0,0,0,0,0.0,0,0.0,0,0,0,6891.0,0,0.027495,31.0,0,0,6891.0,0,0.027495,0,0,0,0.0,0,0,0.0,0,0,,,,3.0,mobile_app,NK,2517.0,1058.0,421.0,258.0
ALC - ANÚNCIOS NR,120241771203780157,OUTCOME_AWARENESS,2026-05-01,159,148,1.074324,0,0.0,0.0,1.320893,0.210022,0.0,0,0.0,0.0,0,0.0,0.0,0,0.0,0,0,0,0,0,0,0.0,0,0.0,0,0,0,5.0,0,0.042004,0.0,0,0,5.0,0,0.042004,0,0,0,0.0,0,0,0.0,0,0,,,,0.0,mobile_web,NK,2.0,,,
ALC - BFS BS,120241981891200157,OUTCOME_AWARENESS,2026-05-01,31,28,1.107143,0,0.0,0.0,1.290307,0.04,0.0,0,0.0,0.0,0,0.0,0.0,0,0.0,0,0,0,0,0,0,0.0,0,0.0,0,0,0,0.0,0,0.0,0.0,0,0,0.0,0,0.0,0,0,0,0.0,0,0,0.0,0,0,,,,0.0,desktop,NK,,,,
ALC - BFS BS,120241981891200157,OUTCOME_AWARENESS,2026-05-01,571068,455417,1.253945,707,0.123803,1.148091,1.421372,811.700001,588.0,0,1.380442,0.0,0,0.0,0.0,0,0.0,0,0,0,0,0,0,0.0,0,0.0,0,0,0,11931.0,0,0.068033,62.0,0,0,11931.0,0,0.068033,0,0,0,0.0,0,0,0.0,0,0,,,,232.0,mobile_app,NK,1111.0,225.0,123.0,76.0
ALC - BFS BS,120241981891200157,OUTCOME_AWARENESS,2026-05-01,65,63,1.031746,0,0.0,0.0,0.769221,0.049999,0.0,0,0.0,0.0,0,0.0,0.0,0,0.0,0,0,0,0,0,0,0.0,0,0.0,0,0,0,0.0,0,0.0,0.0,0,0,0.0,0,0.0,0,0,0,0.0,0,0,0.0,0,0,,,,0.0,mobile_web,NK,,,,
ALC - Diabo veste prada,120241982450130157,OUTCOME_AWARENESS,2026-05-01,1205,1049,1.148713,1,0.082988,1.67,1.385892,1.67,0.0,0,0.0,0.0,0,0.0,0.0,0,0.0,0,0,0,0,0,0,0.0,0,0.0,0,0,0,126.0,0,0.013254,1.0,0,0,126.0,0,0.013254,0,0,0,0.0,0,0,0.0,0,0,,,,0.0,desktop,NK,77.0,41.0,30.0,9.0
ALC - Diabo veste prada,120241982450130157,OUTCOME_AWARENESS,2026-05-01,161513,110988,1.455229,70,0.04334,3.452143,1.496164,241.65,0.0,0,0.0,0.0,0,0.0,0.0,0,0.0,0,0,0,0,0,0,0.0,0,0.0,0,0,0,10505.0,0,0.023003,82.0,0,0,10505.0,0,0.023003,0,0,0,0.0,0,0,0.0,0,0,,,,0.0,mobile_app,NK,5577.0,3166.0,1543.0,461.0
ALC - Diabo veste prada,120241982450130157,OUTCOME_AWARENESS,2026-05-01,368,322,1.142857,0,0.0,0.0,1.222826,0.45,0.0,0,0.0,0.0,0,0.0,0.0,0,0.0,0,0,0,0,0,0,0.0,0,0.0,0,0,0,29.0,0,0.015517,0.0,0,0,29.0,0,0.015517,0,0,0,0.0,0,0,0.0,0,0,,,,0.0,mobile_web,NK,17.0,9.0,5.0,4.0
ALC - PROMO MAES BS,120242170726050157,OUTCOME_AWARENESS,2026-05-01,698,657,1.062405,1,0.143266,0.92,1.318052,0.92,0.0,0,0.0,0.0,0,0.0,0.0,0,0.0,0,0,0,0,0,0,0.0,0,0.0,0,0,0,52.0,0,0.017692,0.0,0,0,52.0,0,0.017692,0,0,0,0.0,0,0,1.0,0,0,,,,0.0,desktop,NK,14.0,8.0,5.0,4.0
ALC - PROMO MAES BS,120242170726050157,OUTCOME_AWARENESS,2026-05-01,152160,112013,1.358414,141,0.092666,1.718865,1.592797,242.36,107.0,0,2.265047,0.0,0,0.0,0.0,0,0.0,0,0,0,0,0,0,17.0,0,14.256471,0,0,0,6607.0,0,0.036682,31.0,0,0,6607.0,0,0.036682,0,0,0,0.0,0,0,48.0,0,0,,,,107.0,mobile_app,NK,2265.0,964.0,330.0,221.0
ALC - PROMO MAES BS,120242170726050157,OUTCOME_AWARENESS,2026-05-01,238,228,1.04386,1,0.420168,0.37,1.554622,0.37,0.0,0,0.0,0.0,0,0.0,0.0,0,0.0,0,0,0,0,0,0,0.0,0,0.0,0,0,0,12.0,0,0.030833,0.0,0,0,12.0,0,0.030833,0,0,0,0.0,0,0,0.0,0,0,,,,0.0,mobile_web,NK,1.0,1.0,,
ALC - TRANSMISSAO BFS,120242225610560157,OUTCOME_AWARENESS,2026-05-01,97,80,1.2125,0,0.0,0.0,1.34019,0.129998,0.0,0,0.0,0.0,0,0.0,0.0,0,0.0,0,0,0,0,0,0,0.0,0,0.0,0,0,0,0.0,0,0.0,0.0,0,0,0.0,0,0.0,0,0,0,0.0,0,0,0.0,0,0,,,,0.0,desktop,NK,,,,
ALC - TRANSMISSAO BFS,120242225610560157,OUTCOME_AWARENESS,2026-05-01,599213,558027,1.073806,774,0.129169,1.08876,1.406345,842.700006,641.0,0,1.314665,0.0,0,0.0,0.0,0,0.0,0,0,0,0,0,0,0.0,0,0.0,0,0,0,666.0,0,1.265315,24.0,0,0,666.0,0,1.265315,0,0,0,0.0,0,0,0.0,0,0,,,,530.0,mobile_app,NK,,,,
ALC - TRANSMISSAO BFS,120242225610560157,OUTCOME_AWARENESS,2026-05-01,239,222,1.076577,0,0.0,0.0,1.63178,0.389995,0.0,0,0.0,0.0,0,0.0,0.0,0,0.0,0,0,0,0,0,0,0.0,0,0.0,0,0,0,0.0,0,0.0,0.0,0,0,0.0,0,0.0,0,0,0,0.0,0,0,0.0,0,0,,,,0.0,mobile_web,NK,,,,
ALC - COBASI,120242288756310157,OUTCOME_AWARENESS,2026-05-01,20439,19015,1.074888,12,0.058711,2.770833,1.626792,33.25,7.0,0,4.75,0.0,0,0.0,0.0,0,0.0,0,0,0,0,0,0,0.0,0,0.0,0,0,0,1217.0,0,0.027321,17.0,0,0,1217.0,0,0.027321,0,0,0,0.0,0,0,0.0,0,0,,,,0.0,mobile_app,NK,58.0,19.0,8.0,5.0
ALC | Moda Feminina,120218457714640075,OUTCOME_AWARENESS,2025-11-09,11,11,1.0,0,0.0,0.0,1.818264,0.020001,0.0,0,0.0,0.0,0,0.0,0.0,0,0.0,0,0,0,0,0,0,0.0,0,0.0,0,0,0,1.0,0,0.020001,0.0,0,0,1.0,0,0.020001,0,0,0,0.0,0,0,0.0,0,0,,,,0.0,desktop,NR,1.0,,,
ALC | Moda Feminina,120218457714640075,OUTCOME_AWARENESS,2025-11-09,126328,92344,1.368015,116,0.091824,1.912672,1.756301,221.869998,71.0,0,3.12493,2.0,0,110.934999,0.0,0,0.0,0,0,0,0,0,0,0.0,0,0.0,0,0,0,4641.0,0,0.047807,22.0,0,0,4641.0,0,0.047807,0,0,0,0.0,0,0,0.0,0,0,,,,6.0,mobile_app,NR,1450.0,630.0,232.0,142.0
ALC | Moda Feminina,120218457714640075,OUTCOME_AWARENESS,2025-11-09,11,11,1.0,0,0.0,0.0,1.818264,0.020001,0.0,0,0.0,0.0,0,0.0,0.0,0,0.0,0,0,0,0,0,0,0.0,0,0.0,0,0,0,0.0,0,0.0,0.0,0,0,0.0,0,0.0,0,0,0,0.0,0,0,0.0,0,0,,,,0.0,mobile_web,NR,,,,
ALC | Moda masculina,120218468471470075,OUTCOME_AWARENESS,2025-11-09,125838,90984,1.383078,107,0.08503,2.067477,1.757975,221.22,72.0,0,3.0725,0.0,0,0.0,0.0,0,0.0,0,0,0,0,0,0,0.0,0,0.0,0,0,0,1503.0,0,0.147186,18.0,0,0,1503.0,0,0.147186,0,0,0,0.0,0,0,0.0,0,0,,,,4.0,mobile_app,NR,1568.0,488.0,264.0,177.0
ALC - Lojas - Inauguração/ Gastronomia,120218470856850075,OUTCOME_AWARENESS,2025-11-09,124642,82420,1.512279,118,0.094671,1.875932,1.775966,221.36,50.0,0,4.4272,0.0,0,0.0,0.0,0,0.0,0,0,0,0,0,0,0.0,0,0.0,0,0,0,8689.0,0,0.025476,29.0,0,0,8689.0,0,0.025476,0,0,0,0.0,0,0,0.0,0,0,,,,35.0,mobile_app,NR,1959.0,686.0,394.0,208.0
ALC - Lojas - Diversão,120226684244550075,OUTCOME_AWARENESS,2025-11-09,123559,84305,1.465619,140,0.113306,1.5825,1.793071,221.55,86.0,0,2.576163,0.0,0,0.0,0.0,0,0.0,0,0,0,0,0,0,0.0,0,0.0,0,0,0,95.0,0,2.332105,8.0,0,0,95.0,0,2.332105,0,0,0,0.0,0,0,0.0,0,0,,,,55.0,mobile_app,NR,,,,
ALC - Inauguração Allmini,120233682805660075,OUTCOME_AWARENESS,2025-11-09,130898,95783,1.36661,164,0.125288,1.449207,1.815689,237.67,103.0,0,2.307476,0.0,0,0.0,0.0,0,0.0,0,0,0,0,0,0,0.0,0,0.0,0,0,0,163.0,0,1.458098,20.0,0,0,128.0,0,1.856797,0,0,0,0.0,0,0,0.0,0,0,,,,0.0,mobile_app,NR,,,,
ALC - Natal Noel Decor,120234329536470075,OUTCOME_AWARENESS,2025-11-09,189199,119669,1.581019,204,0.107823,1.74701,1.883678,356.39,128.0,0,2.784297,0.0,0,0.0,0.0,0,0.0,0,0,0,0,0,0,0.0,0,0.0,0,0,0,8495.0,0,0.041953,38.0,0,0,8495.0,0,0.041953,0,0,0,0.0,0,0,0.0,0,0,,,,67.0,mobile_app,NR,1156.0,298.0,154.0,99.0
ALC - Feira Pet Out,120234450509790075,OUTCOME_AWARENESS,2025-11-09,10284,10164,1.011806,23,0.223648,0.840435,1.879619,19.33,19.0,0,1.017368,0.0,0,0.0,0.0,0,0.0,0,0,0,0,0,0,0.0,0,0.0,0,0,0,19.0,0,1.017368,0.0,0,0,19.0,0,1.017368,0,0,0,0.0,0,0,0.0,0,0,,,,0.0,mobile_app,NR,,,,
ALC - Torneio de Futebol de Mesa,120234584546150075,OUTCOME_AWARENESS,2025-11-09,43038,42978,1.001396,65,0.151029,1.230154,1.857893,79.96,39.0,0,2.050256,0.0,0,0.0,0.0,0,0.0,0,0,0,0,0,0,0.0,0,0.0,0,0,0,46.0,0,1.738261,5.0,0,0,46.0,0,1.738261,0,0,0,0.0,0,0,0.0,0,0,,,,0.0,mobile_app,NR,,,,
TRAF - PATATIPATATA,120234704659180075,LINK_CLICKS,2025-11-09,2508,1944,1.290123,111,4.425837,0.133423,5.905104,14.81,59.0,0,0.251017,27.0,0,0.548519,0.0,0,0.0,0,0,0,0,0,0,0.0,0,0.0,0,0,0,90.0,0,0.164556,18.0,0,0,90.0,0,0.164556,0,0,0,0.0,0,0,0.0,0,0,,,,21.0,mobile_app,NR,,,,
ALC - NATAL 25,120234821449200075,OUTCOME_AWARENESS,2025-11-09,1532,1171,1.308284,0,0.0,0.0,1.73007,2.650468,0.0,0,0.0,0.0,0,0.0,0.0,0,0.0,0,0,0,0,0,0,0.0,0,0.0,0,0,0,6.0,0,0.441745,0.0,0,0,6.0,0,0.441745,0,0,0,0.0,0,0,0.0,0,0,,,,0.0,desktop,NR,11.0,5.0,5.0,4.0
ALC - NATAL 25,120234821449200075,OUTCOME_AWARENESS,2025-11-09,377580,262027,1.440997,611,0.16182,1.014353,1.641425,619.769393,449.0,0,1.380333,1.0,0,619.769393,0.0,0,0.0,0,0,0,0,0,0,0.0,0,0.0,0,0,0,1647.0,0,0.376302,55.0,0,0,1647.0,0,0.376302,0,0,0,0.0,0,0,0.0,0,0,,,,422.0,mobile_app,NR,2115.0,659.0,348.0,239.0
ALC - NATAL 25,120234821449200075,OUTCOME_AWARENESS,2025-11-09,555,449,1.23608,1,0.18018,0.790139,1.423675,0.790139,0.0,0,0.0,0.0,0,0.0,0.0,0,0.0,0,0,0,0,0,0,0.0,0,0.0,0,0,0,1.0,0,0.790139,0.0,0,0,1.0,0,0.790139,0,0,0,0.0,0,0,0.0,0,0,,,,0.0,mobile_web,NR,4.0,,,
ALC - PATATIPATATA,120234821763070075,OUTCOME_AWARENESS,2025-11-09,15,15,1.0,0,0.0,0.0,2.0,0.03,0.0,0,0.0,0.0,0,0.0,0.0,0,0.0,0,0,0,0,0,0,0.0,0,0.0,0,0,0,0.0,0,0.0,0.0,0,0,0.0,0,0.0,0,0,0,0.0,0,0,0.0,0,0,,,,0.0,desktop,NR,,,,
ALC - PATATIPATATA,120234821763070075,OUTCOME_AWARENESS,2025-11-09,17189,17189,1.0,48,0.279248,0.588542,1.643493,28.25,39.0,0,0.724359,22.0,0,1.284091,0.0,0,0.0,0,0,0,0,0,0,0.0,0,0.0,0,0,0,43.0,0,0.656977,3.0,0,0,43.0,0,0.656977,0,0,0,0.0,0,0,0.0,0,0,,,,39.0,mobile_app,NR,,,,
ALC - PATATIPATATA,120234821763070075,OUTCOME_AWARENESS,2025-11-09,26,26,1.0,0,0.0,0.0,2.692308,0.07,0.0,0,0.0,0.0,0,0.0,0.0,0,0.0,0,0,0,0,0,0,0.0,0,0.0,0,0,0,0.0,0,0.0,0.0,0,0,0.0,0,0.0,0,0,0,0.0,0,0,0.0,0,0,,,,0.0,mobile_web,NR,,,,
TRAF - NATAL 25,120234821911100075,LINK_CLICKS,2025-11-09,6,5,1.2,0,0.0,0.0,0.0,0.0,0.0,0,0.0,0.0,0,0.0,0.0,0,0.0,0,0,0,0,0,0,0.0,0,0.0,0,0,0,1.0,0,0.0,0.0,0,0,1.0,0,0.0,0,0,0,0.0,0,0,0.0,0,0,,,,0.0,desktop,NR,,,,
TRAF - NATAL 25,120234821911100075,LINK_CLICKS,2025-11-09,142918,68724,2.079594,2919,2.04243,0.240452,4.911068,701.879971,2200.0,0,0.319036,1688.0,0,0.415806,0.0,0,0.0,0,0,0,0,0,0,0.0,0,0.0,0,0,0,5143.0,0,0.136473,188.0,0,0,5144.0,0,0.136446,0,0,0,0.0,0,0,0.0,0,0,,,,2192.0,mobile_app,NR,1023.0,503.0,331.0,144.0
TRAF - NATAL 25,120234821911100075,LINK_CLICKS,2025-11-09,23,20,1.15,0,0.0,0.0,7.392568,0.170029,0.0,0,0.0,0.0,0,0.0,0.0,0,0.0,0,0,0,0,0,0,0.0,0,0.0,0,0,0,0.0,0,0.0,0.0,0,0,0.0,0,0.0,0,0,0,0.0,0,0,0.0,0,0,,,,0.0,mobile_web,NR,,,,
[ALC - Cine Materna],120234972253410075,OUTCOME_AWARENESS,2025-11-09,45148,45148,1.0,51,0.112962,1.568431,1.771729,79.99,34.0,0,2.352647,0.0,0,0.0,0.0,0,0.0,0,0,0,0,0,0,0.0,0,0.0,0,0,0,35.0,0,2.285429,1.0,0,0,35.0,0,2.285429,0,0,0,0.0,0,0,0.0,0,0,,,,0.0,mobile_app,NR,,,,
ALC - Senhora Farinha,120235105425650075,OUTCOME_AWARENESS,2025-11-09,246433,166794,1.477469,258,0.104694,1.80876,1.893659,466.66,157.0,0,2.972357,0.0,0,0.0,0.0,0,0.0,0,0,0,0,0,0,0.0,0,0.0,0,0,0,27569.0,0,0.016927,95.0,0,0,27569.0,0,0.016927,0,0,0,0.0,0,0,0.0,0,0,,,,82.0,mobile_app,NR,17103.0,9506.0,3889.0,919.0
ALC - ESQUENTA VOLKSFRIENDS,120235245890480075,OUTCOME_AWARENESS,2025-11-09,83714,82295,1.017243,103,0.123038,1.456019,1.791457,149.97,74.0,0,2.026622,0.0,0,0.0,0.0,0,0.0,0,0,0,0,0,0,0.0,0,0.0,0,0,0,90.0,0,1.666333,11.0,0,0,90.0,0,1.666333,0,0,0,0.0,0,0,0.0,0,0,,,,0.0,mobile_app,NR,,,,
ENG - PET DAY,120235524391440075,OUTCOME_ENGAGEMENT,2025-11-09,9744,6422,1.517284,55,0.56445,1.818182,10.262726,100.0,36.0,0,2.777778,0.0,0,0.0,0.0,0,0.0,0,0,0,0,0,0,0.0,0,0.0,0,0,0,1690.0,0,0.059172,897.0,0,0,1690.0,0,0.059172,0,0,0,0.0,0,0,0.0,0,0,,,,18.0,mobile_app,NR,289.0,129.0,85.0,63.0
ALC - Cidadania Já,120235524827340075,OUTCOME_AWARENESS,2025-11-09,59462,48209,1.233421,49,0.082406,2.177143,1.794087,106.68,24.0,0,4.445,0.0,0,0.0,0.0,0,0.0,0,0,0,0,0,0,0.0,0,0.0,0,0,0,3796.0,0,0.028103,19.0,0,0,3796.0,0,0.028103,0,0,0,0.0,0,0,0.0,0,0,,,,15.0,mobile_app,NR,925.0,350.0,175.0,66.0
Black Friday - NR,120235655860310075,OUTCOME_AWARENESS,2025-11-09,880,844,1.042654,0,0.0,0.0,2.00034,1.760299,0.0,0,0.0,0.0,0,0.0,0.0,0,0.0,0,0,0,0,0,0,0.0,0,0.0,0,0,0,0.0,0,0.0,0.0,0,0,0.0,0,0.0,0,0,0,0.0,0,0,0.0,0,0,,,,0.0,desktop,NR,,,,
Black Friday - NR,120235655860310075,OUTCOME_AWARENESS,2025-11-09,495433,418652,1.183401,169,0.034112,5.902956,2.013591,997.599592,44.0,0,22.672718,0.0,0,0.0,0.0,0,0.0,0,0,0,0,0,0,0.0,0,0.0,0,0,0,2984.0,0,0.334316,53.0,0,0,2984.0,0,0.334316,0,0,0,0.0,0,0,0.0,0,0,,,,1.0,mobile_app,NR,729.0,212.0,114.0,67.0
Black Friday - NR,120235655860310075,OUTCOME_AWARENESS,2025-11-09,330,326,1.01227,0,0.0,0.0,1.939724,0.640109,0.0,0,0.0,0.0,0,0.0,0.0,0,0.0,0,0,0,0,0,0,0.0,0,0.0,0,0,0,0.0,0,0.0,0.0,0,0,0.0,0,0.0,0,0,0,0.0,0,0,0.0,0,0,,,,0.0,mobile_web,NR,,,,
ALC - Torneio de Poker - NR,120235658959800075,OUTCOME_AWARENESS,2025-11-09,105,104,1.009615,0,0.0,0.0,1.619048,0.17,0.0,0,0.0,0.0,0,0.0,0.0,0,0.0,0,0,0,0,0,0,0.0,0,0.0,0,0,0,10.0,0,0.017,0.0,0,0,10.0,0,0.017,0,0,0,0.0,0,0,0.0,0,0,,,,0.0,desktop,NR,5.0,1.0,,
ALC - Torneio de Poker - NR,120235658959800075,OUTCOME_AWARENESS,2025-11-09,35018,32668,1.071936,13,0.037124,5.124615,1.90245,66.62,0.0,0,0.0,0.0,0,0.0,0.0,0,0.0,0,0,0,0,0,0,0.0,0,0.0,0,0,0,1807.0,0,0.036868,15.0,0,0,1807.0,0,0.036868,0,0,0,0.0,0,0,0.0,0,0,,,,0.0,mobile_app,NR,364.0,96.0,53.0,33.0
ALC - Torneio de Poker - NR,120235658959800075,OUTCOME_AWARENESS,2025-11-09,31,30,1.033333,0,0.0,0.0,1.612903,0.05,0.0,0,0.0,0.0,0,0.0,0.0,0,0.0,0,0,0,0,0,0,0.0,0,0.0,0,0,0,3.0,0,0.016667,0.0,0,0,3.0,0,0.016667,0,0,0,0.0,0,0,0.0,0,0,,,,0.0,mobile_web,NR,2.0,1.0,1.0,1.0
ALC - Feirão Regional do Banco Omni,120235664562480075,OUTCOME_AWARENESS,2025-11-09,104507,100758,1.037208,114,0.109084,1.754211,1.913556,199.98,77.0,0,2.597143,0.0,0,0.0,0.0,0,0.0,0,0,0,0,0,0,0.0,0,0.0,0,0,0,84.0,0,2.380714,6.0,0,0,84.0,0,2.380714,0,0,0,0.0,0,0,0.0,0,0,,,,0.0,mobile_app,NR,,,,
ALC - Nova Arezzo,120235811959840075,OUTCOME_AWARENESS,2025-11-09,72553,72273,1.003874,90,0.124047,2.175778,2.698992,195.82,67.0,0,2.922687,0.0,0,0.0,0.0,0,0.0,0,0,0,0,0,0,0.0,0,0.0,0,0,0,87.0,0,2.250805,19.0,0,0,87.0,0,2.250805,0,0,0,0.0,0,0,0.0,0,0,,,,0.0,mobile_app,NR,,,,
ALC- Diário da lancheira,120235811993880075,OUTCOME_AWARENESS,2025-11-09,23785,23426,1.015325,23,0.0967,2.033478,1.966365,46.77,16.0,0,2.923125,0.0,0,0.0,0.0,0,0.0,0,0,0,0,0,0,0.0,0,0.0,0,0,0,17.0,0,2.751176,1.0,0,0,17.0,0,2.751176,0,0,0,0.0,0,0,0.0,0,0,,,,7.0,mobile_app,NR,,,,
ALC - Patrulha Canina,120235812083840075,OUTCOME_AWARENESS,2025-11-09,136936,136936,1.0,246,0.179646,1.115203,2.003418,274.34,166.0,0,1.652651,0.0,0,0.0,0.0,0,0.0,0,0,0,0,0,0,0.0,0,0.0,0,0,0,190.0,0,1.443895,17.0,0,0,190.0,0,1.443895,0,0,0,0.0,0,0,0.0,0,0,,,,1.0,mobile_app,NR,,,,
ALC - MILENINHA NR,120235921119840075,OUTCOME_AWARENESS,2025-11-09,583,571,1.021016,3,0.51458,0.540003,2.778745,1.620008,0.0,0,0.0,0.0,0,0.0,0.0,0,0.0,0,0,0,0,0,0,0.0,0,0.0,0,0,0,155.0,0,0.010452,0.0,0,0,155.0,0,0.010452,0,0,0,0.0,0,0,0.0,0,0,,,,0.0,desktop,NR,26.0,11.0,6.0,2.0
ALC - MILENINHA NR,120235921119840075,OUTCOME_AWARENESS,2025-11-09,714800,677465,1.05511,2040,0.285395,0.978853,2.793593,1996.859984,933.0,0,2.140257,394.0,0,5.068173,0.0,0,0.0,0,0,0,0,0,0,0.0,0,0.0,0,0,0,98536.0,0,0.020265,368.0,0,0,98536.0,0,0.020265,0,0,0,0.0,0,0,0.0,0,0,,,,933.0,mobile_app,NR,15953.0,2596.0,1294.0,619.0
ALC - MILENINHA NR,120235921119840075,OUTCOME_AWARENESS,2025-11-09,538,526,1.022814,4,0.743494,0.380002,2.825293,1.520008,1.0,0,1.520008,0.0,0,0.0,0.0,0,0.0,0,0,0,0,0,0,0.0,0,0.0,0,0,0,140.0,0,0.010857,1.0,0,0,140.0,0,0.010857,0,0,0,0.0,0,0,0.0,0,0,,,,1.0,mobile_web,NR,33.0,11.0,3.0,1.0
ALC - CHURRAS,120235922401180075,OUTCOME_AWARENESS,2025-11-09,42809,42809,1.0,47,0.10979,1.872979,2.056343,88.03,38.0,0,2.316579,0.0,0,0.0,0.0,0,0.0,0,0,0,0,0,0,0.0,0,0.0,0,0,0,43.0,0,2.047209,4.0,0,0,43.0,0,2.047209,0,0,0,0.0,0,0,0.0,0,0,,,,0.0,mobile_app,NR,,,,
ENG - CHURRAS NR,120235922750610075,OUTCOME_ENGAGEMENT,2025-11-09,2281,1267,1.800316,18,0.789128,4.0,31.565103,72.0,9.0,0,8.0,0.0,0,0.0,0.0,0,0.0,0,0,0,0,0,0,0.0,0,0.0,0,0,0,368.0,0,0.195652,355.0,0,0,368.0,0,0.195652,0,0,0,0.0,0,0,0.0,0,0,,,,7.0,mobile_app,NR,,,,
ALC | Moda Feminina,120218457714640075,OUTCOME_AWARENESS,2025-12-01,51,48,1.0625,0,0.0,0.0,0.392243,0.020004,0.0,0,0.0,0.0,0,0.0,0.0,0,0.0,0,0,0,0,0,0,0.0,0,0.0,0,0,0,0.0,0,0.0,0.0,0,0,0.0,0,0.0,0,0,0,0.0,0,0,0.0,0,0,,,,0.0,desktop,NR,,,,
ALC | Moda Feminina,120218457714640075,OUTCOME_AWARENESS,2025-12-01,209154,135246,1.546471,200,0.095623,1.3718,1.311761,274.359989,140.0,0,1.959714,11.0,0,24.941817,0.0,0,0.0,0,0,0,0,0,0,0.0,0,0.0,0,0,0,7380.0,0,0.037176,20.0,0,0,7380.0,0,0.037176,0,0,0,0.0,0,0,0.0,0,0,,,,21.0,mobile_app,NR,2142.0,797.0,338.0,231.0
ALC | Moda Feminina,120218457714640075,OUTCOME_AWARENESS,2025-12-01,44,43,1.023256,0,0.0,0.0,0.681967,0.030007,0.0,0,0.0,0.0,0,0.0,0.0,0,0.0,0,0,0,0,0,0,0.0,0,0.0,0,0,0,4.0,0,0.007502,0.0,0,0,4.0,0,0.007502,0,0,0,0.0,0,0,0.0,0,0,,,,0.0,mobile_web,NR,2.0,,,
ALC | Moda masculina,120218468471470075,OUTCOME_AWARENESS,2025-12-01,210533,137742,1.528459,217,0.103072,1.270138,1.309153,275.62,153.0,0,1.801438,0.0,0,0.0,0.0,0,0.0,0,0,0,0,0,0,0.0,0,0.0,0,0,0,5951.0,0,0.046315,28.0,0,0,5951.0,0,0.046315,0,0,0,0.0,0,0,0.0,0,0,,,,10.0,mobile_app,NR,5455.0,1957.0,1071.0,716.0
ALC - Lojas - Inauguração/ Gastronomia,120218470856850075,OUTCOME_AWARENESS,2025-12-01,198359,119302,1.662663,223,0.112422,1.227982,1.380527,273.84,134.0,0,2.043582,0.0,0,0.0,0.0,0,0.0,0,0,0,0,0,0,0.0,0,0.0,0,0,0,10084.0,0,0.027156,26.0,0,0,10084.0,0,0.027156,0,0,0,0.0,0,0,0.0,0,0,,,,69.0,mobile_app,NR,2737.0,1030.0,585.0,228.0
ALC - Lojas - Diversão,120226684244550075,OUTCOME_AWARENESS,2025-12-01,74410,61322,1.213431,93,0.124983,1.270645,1.588093,118.17,69.0,0,1.712609,0.0,0,0.0,0.0,0,0.0,0,0,0,0,0,0,0.0,0,0.0,0,0,0,76.0,0,1.554868,7.0,0,0,76.0,0,1.554868,0,0,0,0.0,0,0,0.0,0,0,,,,35.0,mobile_app,NR,,,,
ALC - Natal Noel Decor,120234329536470075,OUTCOME_AWARENESS,2025-12-01,119779,98769,1.212719,152,0.1269,1.331382,1.689528,202.37,104.0,0,1.945865,0.0,0,0.0,0.0,0,0.0,0,0,0,0,0,0,0.0,0,0.0,0,0,0,4645.0,0,0.043567,17.0,0,0,4645.0,0,0.043567,0,0,0,0.0,0,0,0.0,0,0,,,,52.0,mobile_app,NR,653.0,111.0,61.0,39.0
ALC - NATAL 25,120234821449200075,OUTCOME_AWARENESS,2025-12-01,1292,948,1.362869,0,0.0,0.0,1.362398,1.760218,0.0,0,0.0,0.0,0,0.0,0.0,0,0.0,0,0,0,0,0,0,0.0,0,0.0,0,0,0,27.0,0,0.065193,0.0,0,0,27.0,0,0.065193,0,0,0,0.0,0,0,0.0,0,0,,,,0.0,desktop,NR,14.0,6.0,1.0,1.0
ALC - NATAL 25,120234821449200075,OUTCOME_AWARENESS,2025-12-01,794252,485718,1.635212,1489,0.187472,0.648992,1.216679,966.349619,874.0,0,1.105663,34.0,0,28.422048,0.0,0,0.0,0,0,0,0,0,0,0.0,0,0.0,0,0,0,18669.0,0,0.051762,132.0,0,0,18669.0,0,0.051762,0,0,0,0.0,0,0,0.0,0,0,,,,631.0,mobile_app,NR,6408.0,2401.0,1157.0,691.0
ALC - NATAL 25,120234821449200075,OUTCOME_AWARENESS,2025-12-01,869,647,1.343122,0,0.0,0.0,1.519175,1.320163,0.0,0,0.0,0.0,0,0.0,0.0,0,0.0,0,0,0,0,0,0,0.0,0,0.0,0,0,0,12.0,0,0.110014,0.0,0,0,12.0,0,0.110014,0,0,0,0.0,0,0,0.0,0,0,,,,0.0,mobile_web,NR,3.0,2.0,2.0,1.0
TRAF - NATAL 25,120234821911100075,LINK_CLICKS,2025-12-01,2,2,1.0,0,0.0,0.0,5.001207,0.010002,0.0,0,0.0,0.0,0,0.0,0.0,0,0.0,0,0,0,0,0,0,0.0,0,0.0,0,0,0,0.0,0,0.0,0.0,0,0,0.0,0,0.0,0,0,0,0.0,0,0,0.0,0,0,,,,0.0,desktop,NR,,,,
TRAF - NATAL 25,120234821911100075,LINK_CLICKS,2025-12-01,206567,101355,2.038054,8502,4.115856,0.107194,4.411934,911.359932,4354.0,0,0.209316,3355.0,0,0.271642,0.0,0,0.0,0,0,0,0,0,0,0.0,0,0.0,0,0,0,15863.0,0,0.057452,247.0,0,0,15865.0,0,0.057445,0,0,0,0.0,0,0,0.0,0,0,,,,4349.0,mobile_app,NR,4625.0,2409.0,1587.0,897.0
TRAF - NATAL 25,120234821911100075,LINK_CLICKS,2025-12-01,79,63,1.253968,8,10.126582,0.033758,3.418546,0.270065,1.0,0,0.270065,0.0,0,0.0,0.0,0,0.0,0,0,0,0,0,0,0.0,0,0.0,0,0,0,5.0,0,0.054013,1.0,0,0,5.0,0,0.054013,0,0,0,0.0,0,0,0.0,0,0,,,,1.0,mobile_web,NR,2.0,2.0,1.0,1.0
ALC - Senhora Farinha,120235105425650075,OUTCOME_AWARENESS,2025-12-01,116102,109676,1.058591,130,0.111971,1.473,1.649326,191.49,81.0,0,2.364074,0.0,0,0.0,0.0,0,0.0,0,0,0,0,0,0,0.0,0,0.0,0,0,0,9745.0,0,0.01965,27.0,0,0,9745.0,0,0.01965,0,0,0,0.0,0,0,0.0,0,0,,,,48.0,mobile_app,NR,5924.0,3502.0,1294.0,309.0
ALC - Cidadania Já,120235524827340075,OUTCOME_AWARENESS,2025-12-01,40390,37209,1.08549,34,0.084179,1.894118,1.594454,64.4,25.0,0,2.576,0.0,0,0.0,0.0,0,0.0,0,0,0,0,0,0,0.0,0,0.0,0,0,0,2071.0,0,0.031096,12.0,0,0,2071.0,0,0.031096,0,0,0,0.0,0,0,0.0,0,0,,,,13.0,mobile_app,NR,511.0,150.0,74.0,26.0
ALC - Torneio de Poker - NR,120235658959800075,OUTCOME_AWARENESS,2025-12-01,19,19,1.0,0,0.0,0.0,2.105263,0.04,0.0,0,0.0,0.0,0,0.0,0.0,0,0.0,0,0,0,0,0,0,0.0,0,0.0,0,0,0,4.0,0,0.01,0.0,0,0,4.0,0,0.01,0,0,0,0.0,0,0,0.0,0,0,,,,0.0,desktop,NR,1.0,1.0,1.0,1.0
ALC - Torneio de Poker - NR,120235658959800075,OUTCOME_AWARENESS,2025-12-01,2834,2792,1.015043,0,0.0,0.0,1.587862,4.5,0.0,0,0.0,0.0,0,0.0,0.0,0,0.0,0,0,0,0,0,0,0.0,0,0.0,0,0,0,167.0,0,0.026946,0.0,0,0,167.0,0,0.026946,0,0,0,0.0,0,0,0.0,0,0,,,,0.0,mobile_app,NR,30.0,4.0,5.0,3.0
ALC - Torneio de Poker - NR,120235658959800075,OUTCOME_AWARENESS,2025-12-01,6,6,1.0,0,0.0,0.0,0.0,0.0,0.0,0,0.0,0.0,0,0.0,0.0,0,0.0,0,0,0,0,0,0,0.0,0,0.0,0,0,0,0.0,0,0.0,0.0,0,0,0.0,0,0.0,0,0,0,0.0,0,0,0.0,0,0,,,,0.0,mobile_web,NR,,,,
ALC - Nova Arezzo,120235811959840075,OUTCOME_AWARENESS,2025-12-01,308549,203799,1.513987,414,0.134176,1.205314,1.617247,499.0,260.0,0,1.919231,0.0,0,0.0,0.0,0,0.0,0,0,0,0,0,0,0.0,0,0.0,0,0,0,21246.0,0,0.023487,106.0,0,0,21246.0,0,0.023487,0,0,0,0.0,0,0,0.0,0,0,,,,0.0,mobile_app,NR,3192.0,1094.0,610.0,403.0
ALC- Diário da lancheira,120235811993880075,OUTCOME_AWARENESS,2025-12-01,55036,49796,1.105229,63,0.114471,1.410635,1.614761,88.87,48.0,0,1.851458,0.0,0,0.0,0.0,0,0.0,0,0,0,0,0,0,0.0,0,0.0,0,0,0,303.0,0,0.2933,4.0,0,0,303.0,0,0.2933,0,0,0,0.0,0,0,0.0,0,0,,,,22.0,mobile_app,NR,37.0,8.0,5.0,3.0
ALC - Patrulha Canina,120235812083840075,OUTCOME_AWARENESS,2025-12-01,80565,79494,1.013473,142,0.176255,1.065704,1.878359,151.33,96.0,0,1.576354,0.0,0,0.0,0.0,0,0.0,0,0,0,0,0,0,0.0,0,0.0,0,0,0,104.0,0,1.455096,6.0,0,0,104.0,0,1.455096,0,0,0,0.0,0,0,0.0,0,0,,,,0.0,mobile_app,NR,,,,
ALC - CHURRAS,120235922401180075,OUTCOME_AWARENESS,2025-12-01,235636,203647,1.157081,297,0.126042,1.387104,1.748332,411.97,206.0,0,1.999854,0.0,0,0.0,0.0,0,0.0,0,0,0,0,0,0,0.0,0,0.0,0,0,0,1015.0,0,0.405882,18.0,0,0,1015.0,0,0.405882,0,0,0,0.0,0,0,0.0,0,0,,,,0.0,mobile_app,NR,1789.0,659.0,379.0,255.0
ENG - CHURRAS NR,120235922750610075,OUTCOME_ENGAGEMENT,2025-12-01,8133,3652,2.226999,73,0.897578,2.438082,21.883684,177.98,48.0,0,3.707917,1.0,0,177.98,0.0,0,0.0,0,0,0,0,0,0,0.0,0,0.0,0,0,0,1149.0,0,0.1549,1087.0,0,0,1149.0,0,0.1549,0,0,0,0.0,0,0,0.0,0,0,,,,20.0,mobile_app,NR,,,,
ALC - Inauguração Brasileirisse,120236583251180075,OUTCOME_AWARENESS,2025-12-01,179740,166634,1.078651,234,0.130188,1.28188,1.668855,299.96,158.0,0,1.898481,0.0,0,0.0,0.0,0,0.0,0,0,0,0,0,0,0.0,0,0.0,0,0,0,165.0,0,1.817939,7.0,0,0,165.0,0,1.817939,0,0,0,0.0,0,0,0.0,0,0,,,,0.0,mobile_app,NR,,,,
ALC - Musical Chapeuzinho,120236583431100075,OUTCOME_AWARENESS,2025-12-01,781,772,1.011658,0,0.0,0.0,1.780019,1.390195,0.0,0,0.0,0.0,0,0.0,0.0,0,0.0,0,0,0,0,0,0,0.0,0,0.0,0,0,0,0.0,0,0.0,0.0,0,0,0.0,0,0.0,0,0,0,0.0,0,0,0.0,0,0,,,,0.0,desktop,NR,,,,
ALC - Musical Chapeuzinho,120236583431100075,OUTCOME_AWARENESS,2025-12-01,282462,274289,1.029797,350,0.12391,1.423314,1.763635,498.159744,288.0,0,1.729721,100.0,0,4.981597,0.0,0,0.0,0,0,0,0,0,0,0.0,0,0.0,0,0,0,480.0,0,1.037833,26.0,0,0,480.0,0,1.037833,0,0,0,0.0,0,0,0.0,0,0,,,,286.0,mobile_app,NR,43.0,21.0,11.0,9.0
ALC - Musical Chapeuzinho,120236583431100075,OUTCOME_AWARENESS,2025-12-01,269,269,1.0,0,0.0,0.0,1.635917,0.440062,0.0,0,0.0,0.0,0,0.0,0.0,0,0.0,0,0,0,0,0,0,0.0,0,0.0,0,0,0,0.0,0,0.0,0.0,0,0,0.0,0,0.0,0,0,0,0.0,0,0,0.0,0,0,,,,0.0,mobile_web,NR,,,,
ALC - Árvore solidária,120236584388850075,OUTCOME_AWARENESS,2025-12-01,61843,59721,1.035532,55,0.088935,1.945455,1.730188,107.0,41.0,0,2.609756,0.0,0,0.0,0.0,0,0.0,0,0,0,0,0,0,0.0,0,0.0,0,0,0,2299.0,0,0.046542,4.0,0,0,2299.0,0,0.046542,0,0,0,0.0,0,0,0.0,0,0,,,,0.0,mobile_app,NR,659.0,217.0,74.0,46.0
ALC - Cine Materna,120236688425640075,OUTCOME_AWARENESS,2025-12-01,28912,28008,1.032276,34,0.117598,1.468529,1.726965,49.93,26.0,0,1.920385,0.0,0,0.0,0.0,0,0.0,0,0,0,0,0,0,0.0,0,0.0,0,0,0,930.0,0,0.053688,1.0,0,0,930.0,0,0.053688,0,0,0,0.0,0,0,0.0,0,0,,,,0.0,mobile_app,NR,397.0,178.0,34.0,21.0
ALC - Oficina de Decoupage Mundo Kids,120236859772950075,OUTCOME_AWARENESS,2025-12-01,4,4,1.0,0,0.0,0.0,0.0,0.0,0.0,0,0.0,0.0,0,0.0,0.0,0,0.0,0,0,0,0,0,0,0.0,0,0.0,0,0,0,0.0,0,0.0,0.0,0,0,0.0,0,0.0,0,0,0,0.0,0,0,0.0,0,0,,,,0.0,desktop,NR,,,,
ALC - Oficina de Decoupage Mundo Kids,120236859772950075,OUTCOME_AWARENESS,2025-12-01,51428,50520,1.017973,79,0.153613,1.012152,1.554795,79.96,68.0,0,1.175882,0.0,0,0.0,0.0,0,0.0,0,0,0,0,0,0,0.0,0,0.0,0,0,0,71.0,0,1.126197,3.0,0,0,71.0,0,1.126197,0,0,0,0.0,0,0,0.0,0,0,,,,68.0,mobile_app,NR,,,,
ALC - Oficina de Decoupage Mundo Kids,120236859772950075,OUTCOME_AWARENESS,2025-12-01,3,3,1.0,0,0.0,0.0,0.0,0.0,0.0,0,0.0,0.0,0,0.0,0.0,0,0.0,0,0,0,0,0,0,0.0,0,0.0,0,0,0,0.0,0,0.0,0.0,0,0,0.0,0,0.0,0,0,0,0.0,0,0,0.0,0,0,,,,0.0,mobile_web,NR,,,,
ALC - Comedy Show,120237038393530075,OUTCOME_AWARENESS,2025-12-01,51913,51913,1.0,85,0.163735,0.940706,1.540269,79.96,58.0,0,1.378621,0.0,0,0.0,0.0,0,0.0,0,0,0,0,0,0,0.0,0,0.0,0,0,0,86.0,0,0.929767,7.0,0,0,86.0,0,0.929767,0,0,0,0.0,0,0,0.0,0,0,,,,0.0,mobile_app,NR,6.0,1.0,,
ALC - Avatar 3,120237105275340075,OUTCOME_AWARENESS,2025-12-01,55603,53401,1.041235,45,0.080931,1.777556,1.438591,79.99,39.0,0,2.051026,0.0,0,0.0,0.0,0,0.0,0,0,0,0,0,0,0.0,0,0.0,0,0,0,41.0,0,1.950976,2.0,0,0,41.0,0,1.950976,0,0,0,0.0,0,0,0.0,0,0,,,,0.0,mobile_app,NR,,,,
ALC - Feira do Vinil,120237294424520075,OUTCOME_AWARENESS,2025-12-01,98212,95529,1.028086,114,0.116075,1.315702,1.527206,149.99,92.0,0,1.630326,0.0,0,0.0,0.0,0,0.0,0,0,0,0,0,0,0.0,0,0.0,0,0,0,101.0,0,1.48505,7.0,0,0,101.0,0,1.48505,0,0,0,0.0,0,0,0.0,0,0,,,,0.0,mobile_app,NR,,,,
ALC - Panetone Cacau Show,120237294698980075,OUTCOME_AWARENESS,2025-12-01,81061,62756,1.291685,111,0.136934,0.819279,1.121871,90.94,81.0,0,1.122716,0.0,0,0.0,0.0,0,0.0,0,0,0,0,0,0,0.0,0,0.0,0,0,0,6297.0,0,0.014442,23.0,0,0,6297.0,0,0.014442,0,0,0,0.0,0,0,0.0,0,0,,,,0.0,mobile_app,NR,2148.0,1135.0,297.0,148.0
ALC | Moda Feminina,120218457714640075,OUTCOME_AWARENESS,2026-01-01,364,352,1.034091,0,0.0,0.0,1.181319,0.43,0.0,0,0.0,0.0,0,0.0,0.0,0,0.0,0,0,0,0,0,0,0.0,0,0.0,0,0,0,20.0,0,0.0215,0.0,0,0,20.0,0,0.0215,0,0,0,0.0,0,0,0.0,0,0,,,,0.0,desktop,NR,15.0,10.0,7.0,3.0
ALC | Moda Feminina,120218457714640075,OUTCOME_AWARENESS,2026-01-01,299363,205370,1.457676,257,0.085849,1.199377,1.029653,308.24,176.0,0,1.751364,28.0,0,11.008571,0.0,0,0.0,0,0,0,0,0,0,0.0,0,0.0,0,0,0,10808.0,0,0.02852,39.0,0,0,10808.0,0,0.02852,0,0,0,0.0,0,0,0.0,0,0,,,,67.0,mobile_app,NR,4946.0,1880.0,922.0,624.0
ALC | Moda Feminina,120218457714640075,OUTCOME_AWARENESS,2026-01-01,224,202,1.108911,1,0.446429,0.27,1.205357,0.27,1.0,0,0.27,0.0,0,0.0,0.0,0,0.0,0,0,0,0,0,0,0.0,0,0.0,0,0,0,16.0,0,0.016875,0.0,0,0,16.0,0,0.016875,0,0,0,0.0,0,0,0.0,0,0,,,,1.0,mobile_web,NR,10.0,4.0,1.0,1.0
ALC | Moda masculina,120218468471470075,OUTCOME_AWARENESS,2026-01-01,298218,192960,1.545491,239,0.080143,1.290042,1.033875,308.32,169.0,0,1.824379,0.0,0,0.0,0.0,0,0.0,0,0,0,0,0,0,0.0,0,0.0,0,0,0,8973.0,0,0.034361,32.0,0,0,8973.0,0,0.034361,0,0,0,0.0,0,0,0.0,0,0,,,,8.0,mobile_app,NR,10116.0,3497.0,1949.0,1340.0
ALC - Lojas - Inauguração/ Gastronomia,120218470856850075,OUTCOME_AWARENESS,2026-01-01,285745,169406,1.686747,266,0.09309,1.161391,1.081139,308.93,188.0,0,1.643245,0.0,0,0.0,0.0,0,0.0,0,0,0,0,0,0,0.0,0,0.0,0,0,0,13862.0,0,0.022286,50.0,0,0,13862.0,0,0.022286,0,0,0,0.0,0,0,0.0,0,0,,,,39.0,mobile_app,NR,3405.0,1235.0,678.0,347.0
ALC - NATAL 25,120234821449200075,OUTCOME_AWARENESS,2026-01-01,1347,1147,1.174368,0,0.0,0.0,0.920642,1.240105,0.0,0,0.0,0.0,0,0.0,0.0,0,0.0,0,0,0,0,0,0,0.0,0,0.0,0,0,0,208.0,0,0.005962,1.0,0,0,208.0,0,0.005962,0,0,0,0.0,0,0,0.0,0,0,,,,0.0,desktop,NR,64.0,24.0,14.0,12.0
ALC - NATAL 25,120234821449200075,OUTCOME_AWARENESS,2026-01-01,442857,383872,1.153658,655,0.147903,0.536733,0.793845,351.55985,263.0,0,1.336729,3.0,0,117.186617,0.0,0,0.0,0,0,0,0,0,0,0.0,0,0.0,0,0,0,27522.0,0,0.012774,111.0,0,0,27522.0,0,0.012774,0,0,0,0.0,0,0,0.0,0,0,,,,235.0,mobile_app,NR,8060.0,2900.0,1333.0,802.0
ALC - NATAL 25,120234821449200075,OUTCOME_AWARENESS,2026-01-01,666,612,1.088235,0,0.0,0.0,0.795863,0.530045,0.0,0,0.0,0.0,0,0.0,0.0,0,0.0,0,0,0,0,0,0,0.0,0,0.0,0,0,0,48.0,0,0.011043,0.0,0,0,48.0,0,0.011043,0,0,0,0.0,0,0,0.0,0,0,,,,0.0,mobile_web,NR,8.0,1.0,1.0,1.0
TRAF - NATAL 25,120234821911100075,LINK_CLICKS,2026-01-01,9,8,1.125,0,0.0,0.0,0.0,0.0,0.0,0,0.0,0.0,0,0.0,0.0,0,0.0,0,0,0,0,0,0,0.0,0,0.0,0,0,0,1.0,0,0.0,0.0,0,0,1.0,0,0.0,0,0,0,0.0,0,0,0.0,0,0,,,,0.0,desktop,NR,1.0,,,
TRAF - NATAL 25,120234821911100075,LINK_CLICKS,2026-01-01,95038,58776,1.616953,4148,4.36457,0.06317,2.757108,262.029992,1777.0,0,0.147456,1485.0,0,0.176451,0.0,0,0.0,0,0,0,0,0,0,0.0,0,0.0,0,0,0,11603.0,0,0.022583,178.0,0,0,11606.0,0,0.022577,0,0,0,0.0,0,0,0.0,0,0,,,,1776.0,mobile_app,NR,5491.0,2773.0,1871.0,1198.0
TRAF - NATAL 25,120234821911100075,LINK_CLICKS,2026-01-01,75,60,1.25,7,9.333333,0.028573,2.666768,0.200008,0.0,0,0.0,0.0,0,0.0,0.0,0,0.0,0,0,0,0,0,0,0.0,0,0.0,0,0,0,5.0,0,0.040002,0.0,0,0,5.0,0,0.040002,0,0,0,0.0,0,0,0.0,0,0,,,,0.0,mobile_web,NR,5.0,,,
ALC - Nova Arezzo,120235811959840075,OUTCOME_AWARENESS,2026-01-01,143040,122504,1.167635,131,0.091583,0.957252,0.876678,125.4,89.0,0,1.408989,0.0,0,0.0,0.0,0,0.0,0,0,0,0,0,0,0.0,0,0.0,0,0,0,6483.0,0,0.019343,31.0,0,0,6483.0,0,0.019343,0,0,0,0.0,0,0,0.0,0,0,,,,0.0,mobile_app,NR,1371.0,456.0,268.0,135.0
ALC - Panetone Cacau Show,120237294698980075,OUTCOME_AWARENESS,2026-01-01,67818,63609,1.06617,80,0.117963,0.598875,0.70645,47.91,55.0,0,0.871091,0.0,0,0.0,0.0,0,0.0,0,0,0,0,0,0,0.0,0,0.0,0,0,0,5590.0,0,0.008571,26.0,0,0,5590.0,0,0.008571,0,0,0,0.0,0,0,0.0,0,0,,,,0.0,mobile_app,NR,1728.0,804.0,237.0,115.0
ALC - Dragões,120238057106590075,OUTCOME_AWARENESS,2026-01-01,2268,2184,1.038462,6,0.26455,0.455027,1.203776,2.730164,0.0,0,0.0,0.0,0,0.0,0.0,0,0.0,0,0,0,0,0,0,0.0,0,0.0,0,0,0,4.0,0,0.682541,3.0,0,0,4.0,0,0.682541,0,0,0,0.0,0,0,0.0,0,0,,,,0.0,desktop,NR,,,,
ALC - Dragões,120238057106590075,OUTCOME_AWARENESS,2026-01-01,356975,306426,1.164963,260,0.072834,1.906268,1.388416,495.629783,12.0,0,41.302482,0.0,0,0.0,0.0,0,0.0,0,0,0,0,0,0,0.0,0,0.0,0,0,0,170.0,0,2.915469,114.0,0,0,170.0,0,2.915469,0,0,0,0.0,0,0,0.0,0,0,,,,6.0,mobile_app,NR,,,,
ALC - Dragões,120238057106590075,OUTCOME_AWARENESS,2026-01-01,770,757,1.017173,1,0.12987,0.880053,1.142926,0.880053,0.0,0,0.0,0.0,0,0.0,0.0,0,0.0,0,0,0,0,0,0,0.0,0,0.0,0,0,0,1.0,0,0.880053,0.0,0,0,1.0,0,0.880053,0,0,0,0.0,0,0,0.0,0,0,,,,0.0,mobile_web,NR,,,,
ALC - LIQUIDA 25,120238153011580075,OUTCOME_AWARENESS,2026-01-01,1393297,1064791,1.308517,1692,0.121439,1.767335,2.146226,2990.33,1281.0,0,2.334372,3.0,0,996.776667,0.0,0,0.0,0,0,0,0,0,0,0.0,0,0.0,0,0,0,57887.0,0,0.051658,203.0,0,0,57887.0,0,0.051658,0,0,0,0.0,0,0,0.0,0,0,,,,0.0,mobile_app,NR,38278.0,17233.0,9931.0,6154.0
ALC - VOLTA AS AULAS,120238242974080075,OUTCOME_AWARENESS,2026-01-01,234106,160450,1.459059,433,0.184959,0.815081,1.507565,352.93,238.0,0,1.482899,1.0,0,352.93,0.0,0,0.0,0,0,0,0,0,0,0.0,0,0.0,0,0,0,28540.0,0,0.012366,119.0,0,0,28540.0,0,0.012366,0,0,0,0.0,0,0,0.0,0,0,,,,0.0,mobile_app,NR,2525.0,945.0,537.0,355.0
ALC - Wow Park,120238243719230075,OUTCOME_AWARENESS,2026-01-01,356975,228112,1.564911,567,0.158835,0.850476,1.350851,482.22,307.0,0,1.570749,1.0,0,482.22,0.0,0,0.0,0,0,0,0,0,0,0.0,0,0.0,0,0,0,22640.0,0,0.021299,127.0,0,0,22640.0,0,0.021299,0,0,0,0.0,0,0,0.0,0,0,,,,0.0,mobile_app,NR,4233.0,1067.0,510.0,311.0
ALC - PISTA DE PATINAÇAO,120238346134830075,OUTCOME_AWARENESS,2026-01-01,434060,232385,1.867849,892,0.205502,0.670235,1.377344,597.85,457.0,0,1.308206,2.0,0,298.925,0.0,0,0.0,0,0,0,0,0,0,0.0,0,0.0,0,0,0,34730.0,0,0.017214,170.0,0,0,34730.0,0,0.017214,0,0,0,0.0,0,0,0.0,0,0,,,,0.0,mobile_app,NR,20489.0,7338.0,3733.0,2595.0
ENG - GANHADOR CARRO,120238391288220075,OUTCOME_ENGAGEMENT,2026-01-01,21480,18790,1.143161,81,0.377095,1.234321,4.654562,99.98,31.0,0,3.225161,0.0,0,0.0,0.0,0,0.0,0,0,0,0,0,0,0.0,0,0.0,0,0,0,9661.0,0,0.010349,234.0,0,0,9661.0,0,0.010349,0,0,0,0.0,0,0,0.0,0,0,,,,11.0,mobile_app,NR,3155.0,2180.0,1313.0,703.0
ALC - Inauguração Freddo Gelateria,120238539202460075,OUTCOME_AWARENESS,2026-01-01,241136,139012,1.734642,249,0.103261,1.235382,1.27567,307.61,180.0,0,1.708944,0.0,0,0.0,0.0,0,0.0,0,0,0,0,0,0,0.0,0,0.0,0,0,0,208.0,0,1.478894,23.0,0,0,208.0,0,1.478894,0,0,0,0.0,0,0,0.0,0,0,,,,0.0,mobile_app,NR,,,,
ALC - Dragões,120238712803660075,OUTCOME_AWARENESS,2026-01-01,295,262,1.125954,1,0.338983,0.33,1.118644,0.33,0.0,0,0.0,0.0,0,0.0,0.0,0,0.0,0,0,0,0,0,0,0.0,0,0.0,0,0,0,43.0,0,0.007674,0.0,0,0,43.0,0,0.007674,0,0,0,0.0,0,0,0.0,0,0,,,,0.0,desktop,NR,10.0,3.0,1.0,
ALC - Dragões,120238712803660075,OUTCOME_AWARENESS,2026-01-01,218963,151553,1.444795,432,0.197294,0.668356,1.318625,288.73,114.0,0,2.532719,45.0,0,6.416222,0.0,0,0.0,0,0,0,0,0,0,0.0,0,0.0,0,0,0,14530.0,0,0.019871,93.0,0,0,14530.0,0,0.019871,0,0,0,0.0,0,0,0.0,0,0,,,,107.0,mobile_app,NR,1734.0,496.0,276.0,122.0
ALC - Dragões,120238712803660075,OUTCOME_AWARENESS,2026-01-01,172,157,1.095541,0,0.0,0.0,1.395349,0.24,0.0,0,0.0,0.0,0,0.0,0.0,0,0.0,0,0,0,0,0,0,0.0,0,0.0,0,0,0,19.0,0,0.012632,0.0,0,0,19.0,0,0.012632,0,0,0,0.0,0,0,0.0,0,0,,,,0.0,mobile_web,NR,3.0,,,
ALC - Show Kpop,120238712911550075,OUTCOME_AWARENESS,2026-01-01,4594,3456,1.329282,4,0.08707,1.557472,1.356092,6.229887,0.0,0,0.0,0.0,0,0.0,0.0,0,0.0,0,0,0,0,0,0,0.0,0,0.0,0,0,0,1006.0,0,0.006193,0.0,0,0,1006.0,0,0.006193,0,0,0,0.0,0,0,0.0,0,0,,,,0.0,desktop,NR,724.0,294.0,161.0,103.0
ALC - Show Kpop,120238712911550075,OUTCOME_AWARENESS,2026-01-01,380778,241755,1.575057,504,0.132361,1.07629,1.424584,542.450135,20.0,0,27.122507,0.0,0,0.0,0.0,0,0.0,0,0,0,0,0,0,0.0,0,0.0,0,0,0,38676.0,0,0.014026,130.0,0,0,38676.0,0,0.014026,0,0,0,0.0,0,0,0.0,0,0,,,,11.0,mobile_app,NR,25384.0,9491.0,5566.0,3181.0
ALC - Show Kpop,120238712911550075,OUTCOME_AWARENESS,2026-01-01,752,605,1.242975,0,0.0,0.0,1.609013,1.209978,0.0,0,0.0,0.0,0,0.0,0.0,0,0.0,0,0,0,0,0,0,0.0,0,0.0,0,0,0,75.0,0,0.016133,1.0,0,0,75.0,0,0.016133,0,0,0,0.0,0,0,0.0,0,0,,,,0.0,mobile_web,NR,50.0,22.0,12.0,5.0
ALC | Moda Feminina,120218457714640075,OUTCOME_AWARENESS,2026-02-01,16,16,1.0,0,0.0,0.0,0.625,0.01,0.0,0,0.0,0.0,0,0.0,0.0,0,0.0,0,0,0,0,0,0,0.0,0,0.0,0,0,0,1.0,0,0.01,0.0,0,0,1.0,0,0.01,0,0,0,0.0,0,0,0.0,0,0,,,,0.0,desktop,NR,,,,
ALC | Moda Feminina,120218457714640075,OUTCOME_AWARENESS,2026-02-01,50606,49940,1.013336,34,0.067186,1.768529,1.188199,60.13,25.0,0,2.4052,1.0,0,60.13,0.0,0,0.0,0,0,0,0,0,0,0.0,0,0.0,0,0,0,1184.0,0,0.050785,4.0,0,0,1184.0,0,0.050785,0,0,0,0.0,0,0,0.0,0,0,,,,5.0,mobile_app,NR,481.0,200.0,91.0,65.0
ALC | Moda Feminina,120218457714640075,OUTCOME_AWARENESS,2026-02-01,11,11,1.0,0,0.0,0.0,0.909091,0.01,0.0,0,0.0,0.0,0,0.0,0.0,0,0.0,0,0,0,0,0,0,0.0,0,0.0,0,0,0,0.0,0,0.0,0.0,0,0,0.0,0,0.0,0,0,0,0.0,0,0,0.0,0,0,,,,0.0,mobile_web,NR,,,,
ALC | Moda masculina,120218468471470075,OUTCOME_AWARENESS,2026-02-01,50534,48388,1.04435,56,0.110816,1.073571,1.189694,60.12,43.0,0,1.39814,0.0,0,0.0,0.0,0,0.0,0,0,0,0,0,0,0.0,0,0.0,0,0,0,1786.0,0,0.033662,8.0,0,0,1786.0,0,0.033662,0,0,0,0.0,0,0,0.0,0,0,,,,3.0,mobile_app,NR,1454.0,518.0,268.0,190.0
ALC - Lojas - Inauguração/ Gastronomia,120218470856850075,OUTCOME_AWARENESS,2026-02-01,49460,49451,1.000182,61,0.123332,0.988689,1.219369,60.31,36.0,0,1.675278,0.0,0,0.0,0.0,0,0.0,0,0,0,0,0,0,0.0,0,0.0,0,0,0,1695.0,0,0.035581,3.0,0,0,1695.0,0,0.035581,0,0,0,0.0,0,0,0.0,0,0,,,,0.0,mobile_app,NR,454.0,171.0,85.0,44.0
ALC - VOLTA AS AULAS,120238242974080075,OUTCOME_AWARENESS,2026-02-01,80794,80601,1.002395,119,0.147288,0.976218,1.437854,116.17,77.0,0,1.508701,0.0,0,0.0,0.0,0,0.0,0,0,0,0,0,0,0.0,0,0.0,0,0,0,9070.0,0,0.012808,37.0,0,0,9070.0,0,0.012808,0,0,0,0.0,0,0,0.0,0,0,,,,0.0,mobile_app,NR,1186.0,422.0,245.0,171.0
ALC - Wow Park,120238243719230075,OUTCOME_AWARENESS,2026-02-01,115229,110984,1.038249,150,0.130176,1.002133,1.304533,150.32,83.0,0,1.811084,0.0,0,0.0,0.0,0,0.0,0,0,0,0,0,0,0.0,0,0.0,0,0,0,6785.0,0,0.022155,28.0,0,0,6785.0,0,0.022155,0,0,0,0.0,0,0,0.0,0,0,,,,0.0,mobile_app,NR,1315.0,316.0,144.0,78.0
ALC - PISTA DE PATINAÇAO,120238346134830075,OUTCOME_AWARENESS,2026-02-01,258721,198133,1.305795,324,0.125231,1.002068,1.254904,324.67,196.0,0,1.65648,3.0,0,108.223333,0.0,0,0.0,0,0,0,0,0,0,0.0,0,0.0,0,0,0,10738.0,0,0.030236,37.0,0,0,10738.0,0,0.030236,0,0,0,0.0,0,0,0.0,0,0,,,,0.0,mobile_app,NR,2620.0,889.0,430.0,284.0
ALC - Inauguração Freddo Gelateria,120238539202460075,OUTCOME_AWARENESS,2026-02-01,151820,115370,1.31594,165,0.108681,1.093333,1.188249,180.4,125.0,0,1.4432,0.0,0,0.0,0.0,0,0.0,0,0,0,0,0,0,0.0,0,0.0,0,0,0,131.0,0,1.377099,6.0,0,0,131.0,0,1.377099,0,0,0,0.0,0,0,0.0,0,0,,,,0.0,mobile_app,NR,,,,
ALC - Dragões,120238712803660075,OUTCOME_AWARENESS,2026-02-01,241,230,1.047826,0,0.0,0.0,1.410788,0.34,0.0,0,0.0,0.0,0,0.0,0.0,0,0.0,0,0,0,0,0,0,0.0,0,0.0,0,0,0,45.0,0,0.007556,0.0,0,0,45.0,0,0.007556,0,0,0,0.0,0,0,0.0,0,0,,,,0.0,desktop,NR,5.0,3.0,3.0,2.0
ALC - Dragões,120238712803660075,OUTCOME_AWARENESS,2026-02-01,274604,193583,1.418534,550,0.200288,0.600636,1.203005,330.35,110.0,0,3.003182,39.0,0,8.470513,0.0,0,0.0,0,0,0,0,0,0,0.0,0,0.0,0,0,0,19023.0,0,0.017366,143.0,0,0,19023.0,0,0.017366,0,0,0,0.0,0,0,0.0,0,0,,,,99.0,mobile_app,NR,2312.0,641.0,359.0,177.0
ALC - Dragões,120238712803660075,OUTCOME_AWARENESS,2026-02-01,186,178,1.044944,0,0.0,0.0,1.075269,0.2,0.0,0,0.0,0.0,0,0.0,0.0,0,0.0,0,0,0,0,0,0,0.0,0,0.0,0,0,0,21.0,0,0.009524,0.0,0,0,21.0,0,0.009524,0,0,0,0.0,0,0,0.0,0,0,,,,0.0,mobile_web,NR,5.0,2.0,1.0,1.0
ALC - A menina da casa mágica,120238985043830075,OUTCOME_AWARENESS,2026-02-01,880,782,1.12532,2,0.227273,0.584937,1.329402,1.169874,0.0,0,0.0,0.0,0,0.0,0.0,0,0.0,0,0,0,0,0,0,0.0,0,0.0,0,0,0,76.0,0,0.015393,0.0,0,0,76.0,0,0.015393,0,0,0,0.0,0,0,0.0,0,0,,,,0.0,desktop,NR,46.0,30.0,22.0,14.0
ALC - A menina da casa mágica,120238985043830075,OUTCOME_AWARENESS,2026-02-01,198886,134432,1.479454,378,0.190059,0.731958,1.391149,276.680154,286.0,0,0.967413,135.0,0,2.049483,0.0,0,0.0,0,0,0,0,0,0,0.0,0,0.0,0,0,0,5869.0,0,0.047143,19.0,0,0,5869.0,0,0.047143,0,0,0,0.0,0,0,0.0,0,0,,,,286.0,mobile_app,NR,2846.0,1288.0,717.0,213.0
ALC - A menina da casa mágica,120238985043830075,OUTCOME_AWARENESS,2026-02-01,215,198,1.085859,0,0.0,0.0,1.209172,0.259972,0.0,0,0.0,0.0,0,0.0,0.0,0,0.0,0,0,0,0,0,0,0.0,0,0.0,0,0,0,24.0,0,0.010832,0.0,0,0,24.0,0,0.010832,0,0,0,0.0,0,0,0.0,0,0,,,,0.0,mobile_web,NR,10.0,4.0,1.0,
ALC - Bailinho de Carnaval,120238985339690075,OUTCOME_AWARENESS,2026-02-01,101,99,1.020202,0,0.0,0.0,1.386139,0.14,0.0,0,0.0,0.0,0,0.0,0.0,0,0.0,0,0,0,0,0,0,0.0,0,0.0,0,0,0,15.0,0,0.009333,0.0,0,0,15.0,0,0.009333,0,0,0,0.0,0,0,0.0,0,0,,,,0.0,desktop,NR,4.0,2.0,1.0,1.0
ALC - Bailinho de Carnaval,120238985339690075,OUTCOME_AWARENESS,2026-02-01,126910,92010,1.379307,175,0.137893,0.968686,1.33575,169.52,117.0,0,1.448889,39.0,0,4.346667,0.0,0,0.0,0,0,0,0,0,0,0.0,0,0.0,0,0,0,4210.0,0,0.040266,15.0,0,0,4210.0,0,0.040266,0,0,0,0.0,0,0,0.0,0,0,,,,117.0,mobile_app,NR,1315.0,626.0,142.0,92.0
ALC - Bailinho de Carnaval,120238985339690075,OUTCOME_AWARENESS,2026-02-01,67,67,1.0,0,0.0,0.0,1.492537,0.1,0.0,0,0.0,0.0,0,0.0,0.0,0,0.0,0,0,0,0,0,0,0.0,0,0.0,0,0,0,9.0,0,0.011111,0.0,0,0,9.0,0,0.011111,0,0,0,0.0,0,0,0.0,0,0,,,,0.0,mobile_web,NR,2.0,,,
ALC - Semana do Cinema Jan 25,120238985527080075,OUTCOME_AWARENESS,2026-02-01,419,389,1.077121,0,0.0,0.0,1.336516,0.56,0.0,0,0.0,0.0,0,0.0,0.0,0,0.0,0,0,0,0,0,0,0.0,0,0.0,0,0,0,1.0,0,0.56,0.0,0,0,1.0,0,0.56,0,0,0,0.0,0,0,0.0,0,0,,,,0.0,desktop,NR,,,,
ALC - Semana do Cinema Jan 25,120238985527080075,OUTCOME_AWARENESS,2026-02-01,105911,77665,1.36369,290,0.273815,0.471034,1.289762,136.6,219.0,0,0.623744,91.0,0,1.501099,0.0,0,0.0,0,0,0,0,0,0,0.0,0,0.0,0,0,0,247.0,0,0.553036,10.0,0,0,247.0,0,0.553036,0,0,0,0.0,0,0,0.0,0,0,,,,219.0,mobile_app,NR,,,,
ALC - Semana do Cinema Jan 25,120238985527080075,OUTCOME_AWARENESS,2026-02-01,104,97,1.072165,0,0.0,0.0,0.673077,0.07,0.0,0,0.0,0.0,0,0.0,0.0,0,0.0,0,0,0,0,0,0,0.0,0,0.0,0,0,0,0.0,0,0.0,0.0,0,0,0.0,0,0.0,0,0,0,0.0,0,0,0.0,0,0,,,,0.0,mobile_web,NR,,,,
ALC | Moda Feminina,120218457714640075,OUTCOME_AWARENESS,2026-02-07,86,86,1.0,0,0.0,0.0,1.162791,0.1,0.0,0,0.0,0.0,0,0.0,0.0,0,0.0,0,0,0,0,0,0,0.0,0,0.0,0,0,0,8.0,0,0.0125,0.0,0,0,8.0,0,0.0125,0,0,0,0.0,0,0,0.0,0,0,,,,0.0,desktop,NR,7.0,5.0,2.0,1.0
ALC | Moda Feminina,120218457714640075,OUTCOME_AWARENESS,2026-02-07,268046,199245,1.345309,244,0.091029,1.400779,1.275117,341.79,174.0,0,1.96431,19.0,0,17.988947,0.0,0,0.0,0,0,0,0,0,0,0.0,0,0.0,0,0,0,10113.0,0,0.033797,24.0,0,0,10113.0,0,0.033797,0,0,0,0.0,0,0,0.0,0,0,,,,56.0,mobile_app,NR,4197.0,1626.0,858.0,602.0
ALC | Moda Feminina,120218457714640075,OUTCOME_AWARENESS,2026-02-07,81,79,1.025316,0,0.0,0.0,0.617284,0.05,0.0,0,0.0,0.0,0,0.0,0.0,0,0.0,0,0,0,0,0,0,0.0,0,0.0,0,0,0,5.0,0,0.01,0.0,0,0,5.0,0,0.01,0,0,0,0.0,0,0,0.0,0,0,,,,0.0,mobile_web,NR,5.0,2.0,2.0,2.0
ALC | Moda masculina,120218468471470075,OUTCOME_AWARENESS,2026-02-07,18,18,1.0,0,0.0,0.0,3.333237,0.059998,0.0,0,0.0,0.0,0,0.0,0.0,0,0.0,0,0,0,0,0,0,0.0,0,0.0,0,0,0,5.0,0,0.012,0.0,0,0,5.0,0,0.012,0,0,0,0.0,0,0,0.0,0,0,,,,0.0,desktop,NR,6.0,3.0,2.0,2.0
ALC | Moda masculina,120218468471470075,OUTCOME_AWARENESS,2026-02-07,270148,188885,1.430225,278,0.102907,1.244964,1.28115,346.100002,202.0,0,1.713366,0.0,0,0.0,0.0,0,0.0,0,0,0,0,0,0,0.0,0,0.0,0,0,0,6534.0,0,0.052969,30.0,0,0,6534.0,0,0.052969,0,0,0,0.0,0,0,0.0,0,0,,,,24.0,mobile_app,NR,9175.0,3235.0,1817.0,1257.0
ALC | Moda masculina,120218468471470075,OUTCOME_AWARENESS,2026-02-07,16,16,1.0,0,0.0,0.0,1.249964,0.019999,0.0,0,0.0,0.0,0,0.0,0.0,0,0.0,0,0,0,0,0,0,0.0,0,0.0,0,0,0,0.0,0,0.0,0.0,0,0,0.0,0,0.0,0,0,0,0.0,0,0,0.0,0,0,,,,0.0,mobile_web,NR,,,,
ALC - Lojas - Inauguração/ Gastronomia,120218470856850075,OUTCOME_AWARENESS,2026-02-07,378649,261449,1.448271,434,0.114618,1.195023,1.369712,518.64,305.0,0,1.700459,3.0,0,172.88,0.0,0,0.0,0,0,0,0,0,0,0.0,0,0.0,0,0,0,17563.0,0,0.02953,78.0,0,0,17563.0,0,0.02953,0,0,0,0.0,0,0,0.0,0,0,,,,15.0,mobile_app,NR,3855.0,1319.0,681.0,381.0
ALC - VOLTA AS AULAS,120238242974080075,OUTCOME_AWARENESS,2026-02-07,21117,20702,1.020046,21,0.099446,1.468095,1.459961,30.83,18.0,0,1.712778,0.0,0,0.0,0.0,0,0.0,0,0,0,0,0,0,0.0,0,0.0,0,0,0,1969.0,0,0.015658,6.0,0,0,1969.0,0,0.015658,0,0,0,0.0,0,0,0.0,0,0,,,,0.0,mobile_app,NR,346.0,121.0,74.0,41.0
ALC - Wow Park,120238243719230075,OUTCOME_AWARENESS,2026-02-07,406654,244026,1.666437,608,0.149513,0.903684,1.351124,549.44,428.0,0,1.283738,3.0,0,183.146667,0.0,0,0.0,0,0,0,0,0,0,0.0,0,0.0,0,0,0,9525.0,0,0.057684,58.0,0,0,9525.0,0,0.057684,0,0,0,0.0,0,0,0.0,0,0,,,,1.0,mobile_app,NR,2087.0,567.0,301.0,197.0
ALC - PISTA DE PATINAÇAO,120238346134830075,OUTCOME_AWARENESS,2026-02-07,944593,376250,2.510546,1047,0.110841,1.14022,1.263835,1193.81,632.0,0,1.88894,3.0,0,397.936667,0.0,0,0.0,0,0,0,0,0,0,0.0,0,0.0,0,0,0,36562.0,0,0.032652,155.0,0,0,36562.0,0,0.032652,0,0,0,0.0,0,0,0.0,0,0,,,,1.0,mobile_app,NR,8828.0,4173.0,1586.0,939.0
ALC - Inauguração Freddo Gelateria,120238539202460075,OUTCOME_AWARENESS,2026-02-07,576,372,1.548387,0,0.0,0.0,1.197869,0.689972,0.0,0,0.0,0.0,0,0.0,0.0,0,0.0,0,0,0,0,0,0,0.0,0,0.0,0,0,0,55.0,0,0.012545,0.0,0,0,55.0,0,0.012545,0,0,0,0.0,0,0,0.0,0,0,,,,0.0,desktop,NR,14.0,1.0,1.0,1.0
ALC - Inauguração Freddo Gelateria,120238539202460075,OUTCOME_AWARENESS,2026-02-07,415189,211749,1.96076,630,0.151738,0.790095,1.198876,497.760036,240.0,0,2.074,0.0,0,0.0,0.0,0,0.0,0,0,0,0,0,0,0.0,0,0.0,0,0,0,24664.0,0,0.020182,89.0,0,0,24664.0,0,0.020182,0,0,0,0.0,0,0,0.0,0,0,,,,0.0,mobile_app,NR,3828.0,951.0,552.0,382.0
ALC - Inauguração Freddo Gelateria,120238539202460075,OUTCOME_AWARENESS,2026-02-07,240,189,1.269841,1,0.416667,0.209992,0.874965,0.209992,0.0,0,0.0,0.0,0,0.0,0.0,0,0.0,0,0,0,0,0,0,0.0,0,0.0,0,0,0,23.0,0,0.00913,0.0,0,0,23.0,0,0.00913,0,0,0,0.0,0,0,0.0,0,0,,,,0.0,mobile_web,NR,2.0,1.0,,
ALC - Dragões,120238712803660075,OUTCOME_AWARENESS,2026-02-07,767,601,1.276206,1,0.130378,0.930014,1.212534,0.930014,0.0,0,0.0,0.0,0,0.0,0.0,0,0.0,0,0,0,0,0,0,0.0,0,0.0,0,0,0,93.0,0,0.01,0.0,0,0,93.0,0,0.01,0,0,0,0.0,0,0,0.0,0,0,,,,0.0,desktop,NR,11.0,4.0,3.0,3.0
ALC - Dragões,120238712803660075,OUTCOME_AWARENESS,2026-02-07,535612,299827,1.786403,1195,0.223109,0.560092,1.249617,669.309977,217.0,0,3.084378,102.0,0,6.561863,0.0,0,0.0,0,0,0,0,0,0,0.0,0,0.0,0,0,0,38125.0,0,0.017556,260.0,0,0,38125.0,0,0.017556,0,0,0,0.0,0,0,0.0,0,0,,,,199.0,mobile_app,NR,5479.0,1946.0,929.0,508.0
ALC - Dragões,120238712803660075,OUTCOME_AWARENESS,2026-02-07,550,418,1.315789,0,0.0,0.0,1.054561,0.580009,0.0,0,0.0,0.0,0,0.0,0.0,0,0.0,0,0,0,0,0,0,0.0,0,0.0,0,0,0,65.0,0,0.008923,1.0,0,0,65.0,0,0.008923,0,0,0,0.0,0,0,0.0,0,0,,,,0.0,mobile_web,NR,10.0,6.0,2.0,1.0
ALC - Dragões,120238712803660075,OUTCOME_AWARENESS,2026-02-07,0,0,0.0,0,0.0,0.0,0.0,0.0,0.0,0,0.0,1.0,0,0.0,0.0,0,0.0,0,0,0,0,0,0,0.0,0,0.0,0,0,0,0.0,0,0.0,0.0,0,0,0.0,0,0.0,0,0,0,0.0,0,0,0.0,0,0,,,,0.0,unknown,NR,,,,
ALC - A menina da casa mágica,120238985043830075,OUTCOME_AWARENESS,2026-02-07,33,33,1.0,0,0.0,0.0,0.606061,0.02,0.0,0,0.0,0.0,0,0.0,0.0,0,0.0,0,0,0,0,0,0,0.0,0,0.0,0,0,0,1.0,0,0.02,0.0,0,0,1.0,0,0.02,0,0,0,0.0,0,0,0.0,0,0,,,,0.0,desktop,NR,1.0,1.0,,
ALC - A menina da casa mágica,120238985043830075,OUTCOME_AWARENESS,2026-02-07,15450,15346,1.006777,32,0.20712,0.681875,1.412298,21.82,22.0,0,0.991818,13.0,0,1.678462,0.0,0,0.0,0,0,0,0,0,0,0.0,0,0.0,0,0,0,165.0,0,0.132242,0.0,0,0,165.0,0,0.132242,0,0,0,0.0,0,0,0.0,0,0,,,,22.0,mobile_app,NR,61.0,14.0,6.0,4.0
ALC - A menina da casa mágica,120238985043830075,OUTCOME_AWARENESS,2026-02-07,10,10,1.0,0,0.0,0.0,4.0,0.04,0.0,0,0.0,0.0,0,0.0,0.0,0,0.0,0,0,0,0,0,0,0.0,0,0.0,0,0,0,0.0,0,0.0,0.0,0,0,0.0,0,0.0,0,0,0,0.0,0,0,0.0,0,0,,,,0.0,mobile_web,NR,,,,
ALC - Bailinho de Carnaval,120238985339690075,OUTCOME_AWARENESS,2026-02-07,243,233,1.042918,0,0.0,0.0,1.357984,0.32999,0.0,0,0.0,0.0,0,0.0,0.0,0,0.0,0,0,0,0,0,0,0.0,0,0.0,0,0,0,14.0,0,0.023571,0.0,0,0,14.0,0,0.023571,0,0,0,0.0,0,0,0.0,0,0,,,,0.0,desktop,NR,3.0,1.0,1.0,1.0
ALC - Bailinho de Carnaval,120238985339690075,OUTCOME_AWARENESS,2026-02-07,242832,177797,1.365782,302,0.124366,1.090861,1.356658,329.440014,223.0,0,1.477309,77.0,0,4.278442,0.0,0,0.0,0,0,0,0,0,0,0.0,0,0.0,0,0,0,6299.0,0,0.0523,20.0,0,0,6299.0,0,0.0523,0,0,0,0.0,0,0,0.0,0,0,,,,217.0,mobile_app,NR,1862.0,786.0,170.0,108.0
ALC - Bailinho de Carnaval,120238985339690075,OUTCOME_AWARENESS,2026-02-07,134,125,1.072,0,0.0,0.0,0.97012,0.129996,0.0,0,0.0,0.0,0,0.0,0.0,0,0.0,0,0,0,0,0,0,0.0,0,0.0,0,0,0,10.0,0,0.013,0.0,0,0,10.0,0,0.013,0,0,0,0.0,0,0,0.0,0,0,,,,0.0,mobile_web,NR,,,,
ALC - Semana do Cinema Jan 25,120238985527080075,OUTCOME_AWARENESS,2026-02-07,509,484,1.051653,2,0.392927,0.299982,1.17871,0.599963,2.0,0,0.299982,2.0,0,0.299982,0.0,0,0.0,0,0,0,0,0,0,0.0,0,0.0,0,0,0,4.0,0,0.149991,1.0,0,0,4.0,0,0.149991,0,0,0,0.0,0,0,0.0,0,0,,,,2.0,desktop,NR,,,,
ALC - Semana do Cinema Jan 25,120238985527080075,OUTCOME_AWARENESS,2026-02-07,126577,108119,1.170719,274,0.216469,0.591351,1.280091,162.030045,212.0,0,0.764293,99.0,0,1.636667,0.0,0,0.0,0,0,0,0,0,0,0.0,0,0.0,0,0,0,236.0,0,0.686568,15.0,0,0,236.0,0,0.686568,0,0,0,0.0,0,0,0.0,0,0,,,,212.0,mobile_app,NR,,,,
ALC - Semana do Cinema Jan 25,120238985527080075,OUTCOME_AWARENESS,2026-02-07,110,108,1.018519,0,0.0,0.0,1.181746,0.129992,0.0,0,0.0,0.0,0,0.0,0.0,0,0.0,0,0,0,0,0,0,0.0,0,0.0,0,0,0,0.0,0,0.0,0.0,0,0,0.0,0,0.0,0,0,0,0.0,0,0,0.0,0,0,,,,0.0,mobile_web,NR,,,,
ALC - Brasileirisse,120239236381150075,OUTCOME_AWARENESS,2026-02-07,426,360,1.183333,0,0.0,0.0,0.985915,0.42,0.0,0,0.0,0.0,0,0.0,0.0,0,0.0,0,0,0,0,0,0,0.0,0,0.0,0,0,0,57.0,0,0.007368,0.0,0,0,57.0,0,0.007368,0,0,0,0.0,0,0,0.0,0,0,,,,0.0,desktop,NR,10.0,5.0,2.0,2.0
ALC - Brasileirisse,120239236381150075,OUTCOME_AWARENESS,2026-02-07,160463,94620,1.695868,190,0.118407,1.049474,1.242654,199.4,132.0,0,1.510606,50.0,0,3.988,0.0,0,0.0,0,0,0,0,0,0,0.0,0,0.0,0,0,0,7284.0,0,0.027375,34.0,0,0,7284.0,0,0.027375,0,0,0,0.0,0,0,0.0,0,0,,,,132.0,mobile_app,NR,1184.0,369.0,186.0,103.0
ALC - Brasileirisse,120239236381150075,OUTCOME_AWARENESS,2026-02-07,263,221,1.190045,1,0.380228,0.18,0.684411,0.18,0.0,0,0.0,0.0,0,0.0,0.0,0,0.0,0,0,0,0,0,0,0.0,0,0.0,0,0,0,21.0,0,0.008571,0.0,0,0,21.0,0,0.008571,0,0,0,0.0,0,0,0.0,0,0,,,,0.0,mobile_web,NR,3.0,2.0,2.0,1.0
ALC - Feira de adoção pet,120239353688880075,OUTCOME_AWARENESS,2026-02-07,41073,31581,1.30056,43,0.104692,1.124884,1.177659,48.37,26.0,0,1.860385,0.0,0,0.0,0.0,0,0.0,0,0,0,0,0,0,0.0,0,0.0,0,0,0,37.0,0,1.307297,10.0,0,0,37.0,0,1.307297,0,0,0,0.0,0,0,0.0,0,0,,,,1.0,mobile_app,NR,,,,
ALC - Oficina de RPG,120239356883300075,OUTCOME_AWARENESS,2026-02-07,194,186,1.043011,0,0.0,0.0,1.134021,0.22,0.0,0,0.0,0.0,0,0.0,0.0,0,0.0,0,0,0,0,0,0,0.0,0,0.0,0,0,0,0.0,0,0.0,0.0,0,0,0.0,0,0.0,0,0,0,0.0,0,0,0.0,0,0,,,,0.0,desktop,NR,,,,
ALC - Oficina de RPG,120239356883300075,OUTCOME_AWARENESS,2026-02-07,147391,110649,1.332059,209,0.1418,0.95512,1.354357,199.62,164.0,0,1.217195,0.0,0,0.0,0.0,0,0.0,0,0,0,0,0,0,0.0,0,0.0,0,0,0,171.0,0,1.167368,5.0,0,0,171.0,0,1.167368,0,0,0,0.0,0,0,0.0,0,0,,,,164.0,mobile_app,NR,,,,
ALC - Oficina de RPG,120239356883300075,OUTCOME_AWARENESS,2026-02-07,38,37,1.027027,0,0.0,0.0,0.789474,0.03,0.0,0,0.0,0.0,0,0.0,0.0,0,0.0,0,0,0,0,0,0,0.0,0,0.0,0,0,0,0.0,0,0.0,0.0,0,0,0.0,0,0.0,0,0,0,0.0,0,0,0.0,0,0,,,,0.0,mobile_web,NR,,,,
ALC - Aventura Congelante,120239402846960075,OUTCOME_AWARENESS,2026-02-07,1437,1011,1.421365,1,0.069589,1.64,1.141267,1.64,0.0,0,0.0,0.0,0,0.0,0.0,0,0.0,0,0,0,0,0,0,0.0,0,0.0,0,0,0,253.0,0,0.006482,0.0,0,0,253.0,0,0.006482,0,0,0,0.0,0,0,0.0,0,0,,,,0.0,desktop,NR,319.0,142.0,75.0,47.0
ALC - Aventura Congelante,120239402846960075,OUTCOME_AWARENESS,2026-02-07,220179,133306,1.651681,391,0.177583,0.632992,1.124085,247.5,158.0,0,1.566456,1.0,0,247.5,0.0,0,0.0,0,0,0,0,0,0,0.0,0,0.0,0,0,0,17925.0,0,0.013808,83.0,0,0,17925.0,0,0.013808,0,0,0,0.0,0,0,0.0,0,0,,,,158.0,mobile_app,NR,22923.0,8404.0,3879.0,2308.0
ALC - Aventura Congelante,120239402846960075,OUTCOME_AWARENESS,2026-02-07,358,261,1.371648,3,0.837989,0.14,1.173184,0.42,2.0,0,0.21,0.0,0,0.0,0.0,0,0.0,0,0,0,0,0,0,0.0,0,0.0,0,0,0,3.0,0,0.14,0.0,0,0,3.0,0,0.14,0,0,0,0.0,0,0,0.0,0,0,,,,2.0,mobile_web,NR,2.0,,,
ALC - Encerramento Carnval,120239714623330075,OUTCOME_AWARENESS,2026-02-07,87,83,1.048193,0,0.0,0.0,0.91954,0.08,0.0,0,0.0,0.0,0,0.0,0.0,0,0.0,0,0,0,0,0,0,0.0,0,0.0,0,0,0,9.0,0,0.008889,0.0,0,0,9.0,0,0.008889,0,0,0,0.0,0,0,0.0,0,0,,,,0.0,desktop,NR,,,,
ALC - Encerramento Carnval,120239714623330075,OUTCOME_AWARENESS,2026-02-07,92649,68549,1.351573,18,0.019428,6.072778,1.179829,109.31,0.0,0,0.0,0.0,0,0.0,0.0,0,0.0,0,0,0,0,0,0,0.0,0,0.0,0,0,0,2856.0,0,0.038274,14.0,0,0,2856.0,0,0.038274,0,0,0,0.0,0,0,0.0,0,0,,,,0.0,mobile_app,NR,638.0,115.0,63.0,34.0
ALC - Encerramento Carnval,120239714623330075,OUTCOME_AWARENESS,2026-02-07,61,61,1.0,0,0.0,0.0,0.983607,0.06,0.0,0,0.0,0.0,0,0.0,0.0,0,0.0,0,0,0,0,0,0,0.0,0,0.0,0,0,0,9.0,0,0.006667,0.0,0,0,9.0,0,0.006667,0,0,0,0.0,0,0,0.0,0,0,,,,0.0,mobile_web,NR,3.0,1.0,1.0,1.0
ALC - Volksfriends,120239716062130075,OUTCOME_AWARENESS,2026-02-07,248670,169572,1.466457,358,0.143966,0.837905,1.206298,299.97,254.0,0,1.180984,0.0,0,0.0,0.0,0,0.0,0,0,0,0,0,0,0.0,0,0.0,0,0,0,296.0,0,1.013412,36.0,0,0,296.0,0,1.013412,0,0,0,0.0,0,0,0.0,0,0,,,,0.0,mobile_app,NR,,,,
ALC - Norte Cafe,120239888343150075,OUTCOME_AWARENESS,2026-02-07,61652,45991,1.340523,40,0.06488,1.9995,1.297282,79.98,27.0,0,2.962222,0.0,0,0.0,0.0,0,0.0,0,0,0,0,0,0,0.0,0,0.0,0,0,0,2069.0,0,0.038656,7.0,0,0,2069.0,0,0.038656,0,0,0,0.0,0,0,0.0,0,0,,,,0.0,mobile_app,NR,956.0,437.0,133.0,88.0
ALC - Filme Todo mundo em Panico,120239890360550075,OUTCOME_AWARENESS,2026-02-07,4,4,1.0,0,0.0,0.0,0.0,0.0,0.0,0,0.0,0.0,0,0.0,0.0,0,0.0,0,0,0,0,0,0,0.0,0,0.0,0,0,0,0.0,0,0.0,0.0,0,0,0.0,0,0.0,0,0,0,0.0,0,0,0.0,0,0,,,,0.0,mobile_app,NR,,,,
ALC - Todo mundo em panico,120239954131620075,OUTCOME_AWARENESS,2026-02-07,227,210,1.080952,0,0.0,0.0,1.365639,0.31,0.0,0,0.0,0.0,0,0.0,0.0,0,0.0,0,0,0,0,0,0,0.0,0,0.0,0,0,0,27.0,0,0.011481,0.0,0,0,27.0,0,0.011481,0,0,0,0.0,0,0,0.0,0,0,,,,0.0,desktop,NR,11.0,7.0,5.0,3.0
ALC - Todo mundo em panico,120239954131620075,OUTCOME_AWARENESS,2026-02-07,76500,58193,1.314591,36,0.047059,2.992778,1.408366,107.74,11.0,0,9.794545,4.0,0,26.935,0.0,0,0.0,0,0,0,0,0,0,0.0,0,0.0,0,0,0,2709.0,0,0.039771,15.0,0,0,2709.0,0,0.039771,0,0,0,0.0,0,0,0.0,0,0,,,,10.0,mobile_app,NR,963.0,449.0,183.0,132.0
ALC - Todo mundo em panico,120239954131620075,OUTCOME_AWARENESS,2026-02-07,147,143,1.027972,0,0.0,0.0,1.564626,0.23,0.0,0,0.0,0.0,0,0.0,0.0,0,0.0,0,0,0,0,0,0,0.0,0,0.0,0,0,0,22.0,0,0.010455,0.0,0,0,22.0,0,0.010455,0,0,0,0.0,0,0,0.0,0,0,,,,0.0,mobile_web,NR,3.0,,,
ALC- Massinha Play-Doh,120240047519830075,OUTCOME_AWARENESS,2026-02-07,29,29,1.0,0,0.0,0.0,0.689655,0.02,0.0,0,0.0,0.0,0,0.0,0.0,0,0.0,0,0,0,0,0,0,0.0,0,0.0,0,0,0,2.0,0,0.01,0.0,0,0,2.0,0,0.01,0,0,0,0.0,0,0,0.0,0,0,,,,0.0,desktop,NR,,,,
ALC- Massinha Play-Doh,120240047519830075,OUTCOME_AWARENESS,2026-02-07,64407,60896,1.057656,18,0.027947,5.553333,1.552005,99.96,0.0,0,0.0,0.0,0,0.0,0.0,0,0.0,0,0,0,0,0,0,0.0,0,0.0,0,0,0,2583.0,0,0.038699,8.0,0,0,2583.0,0,0.038699,0,0,0,0.0,0,0,0.0,0,0,,,,0.0,mobile_app,NR,1512.0,589.0,359.0,178.0
ALC- Massinha Play-Doh,120240047519830075,OUTCOME_AWARENESS,2026-02-07,18,18,1.0,0,0.0,0.0,1.111111,0.02,0.0,0,0.0,0.0,0,0.0,0.0,0,0.0,0,0,0,0,0,0,0.0,0,0.0,0,0,0,3.0,0,0.006667,0.0,0,0,3.0,0,0.006667,0,0,0,0.0,0,0,0.0,0,0,,,,0.0,mobile_web,NR,3.0,,,
ALC | Moda Feminina,120218457714640075,OUTCOME_AWARENESS,2026-03-01,375,362,1.035912,1,0.266667,0.480028,1.280075,0.480028,1.0,0,0.480028,0.0,0,0.0,0.0,0,0.0,0,0,0,0,0,0,0.0,0,0.0,0,0,0,42.0,0,0.011429,0.0,0,0,42.0,0,0.011429,0,0,0,0.0,0,0,0.0,0,0,,,,1.0,desktop,NR,37.0,10.0,8.0,5.0
ALC | Moda Feminina,120218457714640075,OUTCOME_AWARENESS,2026-03-01,396959,285283,1.391457,423,0.10656,1.205461,1.284541,509.909944,236.0,0,2.160635,45.0,0,11.331332,1.0,0,509.909944,0,0,0,0,0,0,14.0,0,36.422139,0,0,0,18077.0,0,0.028208,101.0,0,0,18077.0,0,0.028208,0,0,0,1.0,0,0,84.0,0,0,,,,102.0,mobile_app,NR,11926.0,4488.0,2285.0,1521.0
ALC | Moda Feminina,120218457714640075,OUTCOME_AWARENESS,2026-03-01,369,306,1.205882,1,0.271003,0.470028,1.273788,0.470028,0.0,0,0.0,0.0,0,0.0,0.0,0,0.0,0,0,0,0,0,0,0.0,0,0.0,0,0,0,28.0,0,0.016787,0.0,0,0,28.0,0,0.016787,0,0,0,0.0,0,0,1.0,0,0,,,,0.0,mobile_web,NR,31.0,7.0,3.0,2.0
ALC | Moda masculina,120218468471470075,OUTCOME_AWARENESS,2026-03-01,21,20,1.05,0,0.0,0.0,0.952445,0.020001,0.0,0,0.0,0.0,0,0.0,0.0,0,0.0,0,0,0,0,0,0,0.0,0,0.0,0,0,0,2.0,0,0.010001,0.0,0,0,2.0,0,0.010001,0,0,0,0.0,0,0,0.0,0,0,,,,0.0,desktop,NR,6.0,2.0,2.0,1.0
ALC | Moda masculina,120218468471470075,OUTCOME_AWARENESS,2026-03-01,344274,256372,1.342869,321,0.09324,1.381682,1.288276,443.519998,220.0,0,2.016,0.0,0,0.0,0.0,0,0.0,0,0,0,0,0,0,0.0,0,0.0,0,0,0,11674.0,0,0.037992,39.0,0,0,11674.0,0,0.037992,0,0,0,0.0,0,0,0.0,0,0,,,,18.0,mobile_app,NR,17317.0,6220.0,3390.0,2305.0
ALC | Moda masculina,120218468471470075,OUTCOME_AWARENESS,2026-03-01,27,27,1.0,0,0.0,0.0,0.370395,0.010001,0.0,0,0.0,0.0,0,0.0,0.0,0,0.0,0,0,0,0,0,0,0.0,0,0.0,0,0,0,4.0,0,0.0025,0.0,0,0,4.0,0,0.0025,0,0,0,0.0,0,0,0.0,0,0,,,,0.0,mobile_web,NR,4.0,2.0,,
ALC - Lojas - Inauguração/ Gastronomia,120218470856850075,OUTCOME_AWARENESS,2026-03-01,75,72,1.041667,0,0.0,0.0,1.333333,0.1,0.0,0,0.0,0.0,0,0.0,0.0,0,0.0,0,0,0,0,0,0,0.0,0,0.0,0,0,0,5.0,0,0.02,0.0,0,0,5.0,0,0.02,0,0,0,0.0,0,0,0.0,0,0,,,,0.0,desktop,NR,2.0,3.0,3.0,3.0
ALC - Lojas - Inauguração/ Gastronomia,120218470856850075,OUTCOME_AWARENESS,2026-03-01,666707,458547,1.453956,707,0.106044,1.316789,1.396371,930.97,500.0,0,1.86194,1.0,0,930.97,0.0,0,0.0,0,0,0,0,0,0,3.0,0,310.323333,0,0,0,27452.0,0,0.033913,111.0,0,0,27452.0,0,0.033913,0,0,0,0.0,0,0,21.0,0,0,,,,14.0,mobile_app,NR,5119.0,1554.0,821.0,519.0
ALC - Lojas - Inauguração/ Gastronomia,120218470856850075,OUTCOME_AWARENESS,2026-03-01,67,64,1.046875,0,0.0,0.0,1.492537,0.1,0.0,0,0.0,0.0,0,0.0,0.0,0,0.0,0,0,0,0,0,0,0.0,0,0.0,0,0,0,5.0,0,0.02,0.0,0,0,5.0,0,0.02,0,0,0,0.0,0,0,0.0,0,0,,,,0.0,mobile_web,NR,,,,
ALC - Wow Park,120238243719230075,OUTCOME_AWARENESS,2026-03-01,85660,80395,1.065489,126,0.147093,0.864683,1.271889,108.95,84.0,0,1.297024,0.0,0,0.0,0.0,0,0.0,0,0,0,0,0,0,0.0,0,0.0,0,0,0,4165.0,0,0.026158,24.0,0,0,4165.0,0,0.026158,0,0,0,0.0,0,0,0.0,0,0,,,,0.0,mobile_app,NR,853.0,216.0,107.0,60.0
ALC - PISTA DE PATINAÇAO,120238346134830075,OUTCOME_AWARENESS,2026-03-01,188222,151937,1.238816,221,0.117415,1.012579,1.188915,223.78,155.0,0,1.443742,0.0,0,0.0,0.0,0,0.0,0,0,0,0,0,0,0.0,0,0.0,0,0,0,9155.0,0,0.024443,39.0,0,0,9155.0,0,0.024443,0,0,0,0.0,0,0,0.0,0,0,,,,0.0,mobile_app,NR,3186.0,1401.0,481.0,294.0
ALC - Todo mundo em panico,120239954131620075,OUTCOME_AWARENESS,2026-03-01,1042,823,1.2661,1,0.095969,1.370097,1.314872,1.370097,0.0,0,0.0,0.0,0,0.0,0.0,0,0.0,0,0,0,0,0,0,0.0,0,0.0,0,0,0,157.0,0,0.008727,0.0,0,0,157.0,0,0.008727,0,0,0,0.0,0,0,0.0,0,0,,,,0.0,desktop,NR,42.0,17.0,13.0,11.0
ALC - Todo mundo em panico,120239954131620075,OUTCOME_AWARENESS,2026-03-01,590482,364244,1.621117,725,0.122781,1.171434,1.438299,849.289829,416.0,0,2.041562,278.0,0,3.054999,0.0,0,0.0,0,0,0,0,0,0,0.0,0,0.0,0,0,0,49037.0,0,0.017319,583.0,0,0,49037.0,0,0.017319,0,0,0,0.0,0,0,0.0,0,0,,,,415.0,mobile_app,NR,11000.0,4356.0,2637.0,1678.0
ALC - Todo mundo em panico,120239954131620075,OUTCOME_AWARENESS,2026-03-01,862,635,1.35748,0,0.0,0.0,1.229785,1.060075,0.0,0,0.0,0.0,0,0.0,0.0,0,0.0,0,0,0,0,0,0,0.0,0,0.0,0,0,0,119.0,0,0.008908,0.0,0,0,119.0,0,0.008908,0,0,0,0.0,0,0,0.0,0,0,,,,0.0,mobile_web,NR,41.0,14.0,8.0,3.0
ALC - FitDance Colors,120239964730160075,OUTCOME_AWARENESS,2026-03-01,88,88,1.0,1,1.136364,0.19,2.159091,0.19,1.0,0,0.19,0.0,0,0.0,0.0,0,0.0,0,0,0,0,0,0,0.0,0,0.0,0,0,0,1.0,0,0.19,0.0,0,0,1.0,0,0.19,0,0,0,0.0,0,0,0.0,0,0,,,,1.0,desktop,NR,,,,
ALC - FitDance Colors,120239964730160075,OUTCOME_AWARENESS,2026-03-01,172580,155827,1.10751,314,0.181945,0.928025,1.688492,291.4,256.0,0,1.138281,2.0,0,145.7,0.0,0,0.0,0,0,0,0,0,0,0.0,0,0.0,0,0,0,287.0,0,1.015331,28.0,0,0,287.0,0,1.015331,0,0,0,0.0,0,0,0.0,0,0,,,,255.0,mobile_app,NR,,,,
ALC - FitDance Colors,120239964730160075,OUTCOME_AWARENESS,2026-03-01,55,55,1.0,0,0.0,0.0,1.090909,0.06,0.0,0,0.0,0.0,0,0.0,0.0,0,0.0,0,0,0,0,0,0,0.0,0,0.0,0,0,0,0.0,0,0.0,0.0,0,0,0.0,0,0.0,0,0,0,0.0,0,0,0.0,0,0,,,,0.0,mobile_web,NR,,,,
ALC- PASSAPORTE ELAS,120240201228560075,OUTCOME_AWARENESS,2026-03-01,974,835,1.166467,0,0.0,0.0,2.022688,1.970099,0.0,0,0.0,0.0,0,0.0,0.0,0,0.0,0,0,0,0,0,0,0.0,0,0.0,0,0,0,68.0,0,0.028972,0.0,0,0,68.0,0,0.028972,0,0,0,0.0,0,0,0.0,0,0,,,,0.0,desktop,NR,19.0,6.0,3.0,4.0
ALC- PASSAPORTE ELAS,120240201228560075,OUTCOME_AWARENESS,2026-03-01,862747,509873,1.692082,1711,0.19832,1.166178,2.312764,1995.329828,1425.0,0,1.400231,391.0,0,5.103145,0.0,0,0.0,0,0,0,0,0,0,0.0,0,0.0,0,0,0,47944.0,0,0.041618,166.0,0,0,47942.0,0,0.04162,0,0,0,0.0,0,0,0.0,0,0,,,,1422.0,mobile_app,NR,11568.0,2494.0,1472.0,934.0
ALC- PASSAPORTE ELAS,120240201228560075,OUTCOME_AWARENESS,2026-03-01,706,552,1.278986,0,0.0,0.0,2.068092,1.460073,0.0,0,0.0,0.0,0,0.0,0.0,0,0.0,0,0,0,0,0,0,0.0,0,0.0,0,0,0,100.0,0,0.014601,0.0,0,0,100.0,0,0.014601,0,0,0,0.0,0,0,0.0,0,0,,,,0.0,mobile_web,NR,16.0,6.0,,
ALC - Coelho Flock,120240253340710075,OUTCOME_AWARENESS,2026-03-01,526,478,1.100418,0,0.0,0.0,1.273848,0.670044,0.0,0,0.0,0.0,0,0.0,0.0,0,0.0,0,0,0,0,0,0,0.0,0,0.0,0,0,0,0.0,0,0.0,0.0,0,0,0.0,0,0.0,0,0,0,0.0,0,0,0.0,0,0,,,,0.0,desktop,NR,,,,
ALC - Coelho Flock,120240253340710075,OUTCOME_AWARENESS,2026-03-01,234546,146521,1.600767,263,0.112132,1.156426,1.296718,304.139944,219.0,0,1.388767,1.0,0,304.139944,0.0,0,0.0,0,0,0,0,0,0,0.0,0,0.0,0,0,0,238.0,0,1.277899,16.0,0,0,238.0,0,1.277899,0,0,0,0.0,0,0,0.0,0,0,,,,219.0,mobile_app,NR,,,,
ALC - Coelho Flock,120240253340710075,OUTCOME_AWARENESS,2026-03-01,126,117,1.076923,0,0.0,0.0,1.508035,0.190012,0.0,0,0.0,0.0,0,0.0,0.0,0,0.0,0,0,0,0,0,0,0.0,0,0.0,0,0,0,0.0,0,0.0,0.0,0,0,0.0,0,0.0,0,0,0,0.0,0,0,0.0,0,0,,,,0.0,mobile_web,NR,,,,
ALC - Fitdance Colors 26,120240304229740075,OUTCOME_AWARENESS,2026-03-01,42,42,1.0,0,0.0,0.0,0.714286,0.03,0.0,0,0.0,0.0,0,0.0,0.0,0,0.0,0,0,0,0,0,0,0.0,0,0.0,0,0,0,6.0,0,0.005,0.0,0,0,6.0,0,0.005,0,0,0,0.0,0,0,0.0,0,0,,,,0.0,desktop,NR,,,,
ALC - Fitdance Colors 26,120240304229740075,OUTCOME_AWARENESS,2026-03-01,85460,71966,1.187505,90,0.105312,1.332778,1.403581,119.95,66.0,0,1.817424,1.0,0,119.95,0.0,0,0.0,0,0,0,0,0,0,0.0,0,0.0,0,0,0,4521.0,0,0.026532,13.0,0,0,4521.0,0,0.026532,0,0,0,0.0,0,0,0.0,0,0,,,,1.0,mobile_app,NR,1279.0,595.0,136.0,86.0
ALC - Fitdance Colors 26,120240304229740075,OUTCOME_AWARENESS,2026-03-01,14,14,1.0,0,0.0,0.0,1.428571,0.02,0.0,0,0.0,0.0,0,0.0,0.0,0,0.0,0,0,0,0,0,0,0.0,0,0.0,0,0,0,1.0,0,0.02,0.0,0,0,1.0,0,0.02,0,0,0,0.0,0,0,0.0,0,0,,,,0.0,mobile_web,NR,,,,
ALC - Semana do Consumidor,120240503401510075,OUTCOME_AWARENESS,2026-03-01,198,197,1.005076,0,0.0,0.0,1.565657,0.31,0.0,0,0.0,0.0,0,0.0,0.0,0,0.0,0,0,0,0,0,0,0.0,0,0.0,0,0,0,9.0,0,0.034444,0.0,0,0,9.0,0,0.034444,0,0,0,0.0,0,0,0.0,0,0,,,,0.0,desktop,NR,,,,
ALC - Semana do Consumidor,120240503401510075,OUTCOME_AWARENESS,2026-03-01,169483,134648,1.258712,236,0.139247,1.269068,1.767139,299.5,188.0,0,1.593085,1.0,0,299.5,1.0,0,299.5,0,0,0,0,0,0,13.0,0,23.038462,0,0,0,4900.0,0,0.061122,21.0,0,0,4900.0,0,0.061122,0,0,0,1.0,0,0,96.0,0,0,,,,188.0,mobile_app,NR,296.0,111.0,54.0,20.0
ALC - Semana do Consumidor,120240503401510075,OUTCOME_AWARENESS,2026-03-01,108,104,1.038462,1,0.925926,0.19,1.759259,0.19,1.0,0,0.19,0.0,0,0.0,0.0,0,0.0,0,0,0,0,0,0,0.0,0,0.0,0,0,0,12.0,0,0.015833,0.0,0,0,12.0,0,0.015833,0,0,0,0.0,0,0,0.0,0,0,,,,1.0,mobile_web,NR,2.0,2.0,,
ALC - Pet Day - Corrida Pet,120240504098140075,OUTCOME_AWARENESS,2026-03-01,97,96,1.010417,0,0.0,0.0,1.649357,0.159988,0.0,0,0.0,0.0,0,0.0,0.0,0,0.0,0,0,0,0,0,0,0.0,0,0.0,0,0,0,0.0,0,0.0,0.0,0,0,0.0,0,0.0,0,0,0,0.0,0,0,0.0,0,0,,,,0.0,desktop,NR,,,,
ALC - Pet Day - Corrida Pet,120240504098140075,OUTCOME_AWARENESS,2026-03-01,94849,85798,1.105492,150,0.158146,0.86,1.360057,129.000014,124.0,0,1.040323,1.0,0,129.000014,0.0,0,0.0,0,0,0,0,0,0,1.0,0,129.000014,0,0,0,143.0,0,0.902098,8.0,0,0,143.0,0,0.902098,0,0,0,0.0,0,0,18.0,0,0,,,,123.0,mobile_app,NR,,,,
ALC - Pet Day - Corrida Pet,120240504098140075,OUTCOME_AWARENESS,2026-03-01,23,23,1.0,0,0.0,0.0,0.869498,0.019998,0.0,0,0.0,0.0,0,0.0,0.0,0,0.0,0,0,0,0,0,0,0.0,0,0.0,0,0,0,0.0,0,0.0,0.0,0,0,0.0,0,0.0,0,0,0,0.0,0,0,0.0,0,0,,,,0.0,mobile_web,NR,,,,
ALC - Show BTS,120240504770880075,OUTCOME_AWARENESS,2026-03-01,11,10,1.1,0,0.0,0.0,0.0,0.0,0.0,0,0.0,0.0,0,0.0,0.0,0,0.0,0,0,0,0,0,0,0.0,0,0.0,0,0,0,0.0,0,0.0,0.0,0,0,0.0,0,0.0,0,0,0,0.0,0,0,0.0,0,0,,,,0.0,desktop,NR,,,,
ALC - Show BTS,120240504770880075,OUTCOME_AWARENESS,2026-03-01,14990,14202,1.055485,21,0.140093,0.901429,1.262842,18.93,19.0,0,0.996316,12.0,0,1.5775,0.0,0,0.0,0,0,0,0,0,0,0.0,0,0.0,0,0,0,19.0,0,0.996316,0.0,0,0,19.0,0,0.996316,0,0,0,0.0,0,0,0.0,0,0,,,,19.0,mobile_app,NR,,,,
ALC - Show BTS,120240504770880075,OUTCOME_AWARENESS,2026-03-01,2,2,1.0,0,0.0,0.0,0.0,0.0,0.0,0,0.0,0.0,0,0.0,0.0,0,0.0,0,0,0,0,0,0,0.0,0,0.0,0,0,0,0.0,0,0.0,0.0,0,0,0.0,0,0.0,0,0,0,0.0,0,0,0.0,0,0,,,,0.0,mobile_web,NR,,,,
ALC - Pokemon,120240557522400075,OUTCOME_AWARENESS,2026-03-01,132188,95147,1.389303,143,0.108179,1.398392,1.51277,199.97,94.0,0,2.12734,0.0,0,0.0,1.0,0,199.97,0,0,0,0,0,0,4.0,0,49.9925,0,0,0,4966.0,0,0.040268,23.0,0,0,4966.0,0,0.040268,0,0,0,1.0,0,0,30.0,0,0,,,,0.0,mobile_app,NR,1907.0,898.0,233.0,171.0
ALC - Páscoa Cacau Show,120240557649330075,OUTCOME_AWARENESS,2026-03-01,131,116,1.12931,0,0.0,0.0,1.373973,0.17999,0.0,0,0.0,0.0,0,0.0,0.0,0,0.0,0,0,0,0,0,0,0.0,0,0.0,0,0,0,20.0,0,0.009,1.0,0,0,20.0,0,0.009,0,0,0,0.0,0,0,0.0,0,0,,,,0.0,desktop,NR,4.0,3.0,2.0,1.0
ALC - Páscoa Cacau Show,120240557649330075,OUTCOME_AWARENESS,2026-03-01,134318,77015,1.74405,150,0.111675,1.2504,1.396388,187.560017,3.0,0,62.520006,0.0,0,0.0,0.0,0,0.0,0,0,0,0,0,0,3.0,0,62.520006,0,0,0,7030.0,0,0.02668,43.0,0,0,7030.0,0,0.02668,0,0,0,0.0,0,0,37.0,0,0,,,,0.0,mobile_app,NR,2161.0,672.0,479.0,256.0
ALC - Páscoa Cacau Show,120240557649330075,OUTCOME_AWARENESS,2026-03-01,112,104,1.076923,0,0.0,0.0,1.249933,0.139993,0.0,0,0.0,0.0,0,0.0,0.0,0,0.0,0,0,0,0,0,0,0.0,0,0.0,0,0,0,14.0,0,0.009999,0.0,0,0,14.0,0,0.009999,0,0,0,0.0,0,0,0.0,0,0,,,,0.0,mobile_web,NR,2.0,1.0,1.0,
ALC - Dia da Pipoca,120240704751670075,OUTCOME_AWARENESS,2026-03-01,99051,85239,1.162039,203,0.204945,0.738719,1.513968,149.96,145.0,0,1.034207,2.0,0,74.98,0.0,0,0.0,0,0,0,0,0,0,4.0,0,37.49,0,0,0,153.0,0,0.980131,2.0,0,0,153.0,0,0.980131,0,0,0,0.0,0,0,56.0,0,0,,,,0.0,mobile_app,NR,,,,
ALC - Torresmo Fest,120240704864930075,OUTCOME_AWARENESS,2026-03-01,221276,123990,1.784628,327,0.147779,0.982966,1.45262,321.43,255.0,0,1.26051,1.0,0,321.43,0.0,0,0.0,0,0,0,0,0,0,12.0,0,26.785833,0,0,0,1290.0,0,0.249171,20.0,0,0,1290.0,0,0.249171,0,0,0,0.0,0,0,90.0,0,0,,,,0.0,mobile_app,NR,1761.0,681.0,393.0,266.0
ALC - ELITE BTS,120240709726080075,OUTCOME_AWARENESS,2026-03-01,237286,148135,1.601823,370,0.15593,0.945784,1.47476,349.94,270.0,0,1.296074,2.0,0,174.97,0.0,0,0.0,0,0,0,0,0,0,0.0,0,0.0,0,0,0,343.0,0,1.020233,33.0,0,0,343.0,0,1.020233,0,0,0,0.0,0,0,0.0,0,0,,,,1.0,mobile_app,NR,,,,
ALC - ANIVERSARIO DE INDAIAL,120240851897790075,OUTCOME_AWARENESS,2026-03-01,94462,66416,1.422278,133,0.140797,1.12782,1.58794,150.0,73.0,0,2.054795,1.0,0,150.0,0.0,0,0.0,0,0,0,0,0,0,0.0,0,0.0,0,0,0,4518.0,0,0.033201,11.0,0,0,4518.0,0,0.033201,0,0,0,0.0,0,0,0.0,0,0,,,,0.0,mobile_app,NR,1020.0,236.0,98.0,53.0
ALC - Economéqui,120240856916080075,OUTCOME_AWARENESS,2026-03-01,22,22,1.0,0,0.0,0.0,0.0,0.0,0.0,0,0.0,0.0,0,0.0,0.0,0,0.0,0,0,0,0,0,0,0.0,0,0.0,0,0,0,0.0,0,0.0,0.0,0,0,0.0,0,0.0,0,0,0,0.0,0,0,0.0,0,0,,,,0.0,desktop,NR,,,,
ALC - Economéqui,120240856916080075,OUTCOME_AWARENESS,2026-03-01,90751,64354,1.410184,185,0.203855,0.674811,1.375632,124.84,107.0,0,1.166729,32.0,0,3.90125,0.0,0,0.0,0,0,0,0,0,0,0.0,0,0.0,0,0,0,135.0,0,0.924741,23.0,0,0,135.0,0,0.924741,0,0,0,0.0,0,0,0.0,0,0,,,,107.0,mobile_app,NR,,,,
ALC - Economéqui,120240856916080075,OUTCOME_AWARENESS,2026-03-01,21,20,1.05,0,0.0,0.0,1.428571,0.03,0.0,0,0.0,0.0,0,0.0,0.0,0,0.0,0,0,0,0,0,0,0.0,0,0.0,0,0,0,0.0,0,0.0,0.0,0,0,0.0,0,0.0,0,0,0,0.0,0,0,0.0,0,0,,,,0.0,mobile_web,NR,,,,
ALC - Promo Iphone,120241124936590075,OUTCOME_AWARENESS,2026-03-01,16,14,1.142857,0,0.0,0.0,0.625,0.01,0.0,0,0.0,0.0,0,0.0,0.0,0,0.0,0,0,0,0,0,0,0.0,0,0.0,0,0,0,0.0,0,0.0,0.0,0,0,0.0,0,0.0,0,0,0,0.0,0,0,0.0,0,0,,,,0.0,desktop,NR,,,,
ALC - Promo Iphone,120241124936590075,OUTCOME_AWARENESS,2026-03-01,3646,3576,1.019575,4,0.109709,1.2275,1.346681,4.91,2.0,0,2.455,0.0,0,0.0,0.0,0,0.0,0,0,0,0,0,0,0.0,0,0.0,0,0,0,3.0,0,1.636667,1.0,0,0,3.0,0,1.636667,0,0,0,0.0,0,0,0.0,0,0,,,,2.0,mobile_app,NR,,,,
ALC - Promo Iphone,120241124936590075,OUTCOME_AWARENESS,2026-03-01,5,5,1.0,0,0.0,0.0,2.0,0.01,0.0,0,0.0,0.0,0,0.0,0.0,0,0.0,0,0,0,0,0,0,0.0,0,0.0,0,0,0,0.0,0,0.0,0.0,0,0,0.0,0,0.0,0,0,0,0.0,0,0,0.0,0,0,,,,0.0,mobile_web,NR,,,,
ALC - Crepusculo,120241125679200075,OUTCOME_AWARENESS,2026-03-01,40,40,1.0,0,0.0,0.0,0.5,0.02,0.0,0,0.0,0.0,0,0.0,0.0,0,0.0,0,0,0,0,0,0,0.0,0,0.0,0,0,0,3.0,0,0.006667,0.0,0,0,3.0,0,0.006667,0,0,0,0.0,0,0,0.0,0,0,,,,0.0,desktop,NR,,,,
ALC - Crepusculo,120241125679200075,OUTCOME_AWARENESS,2026-03-01,3751,3732,1.005091,11,0.293255,0.440909,1.292989,4.85,4.0,0,1.2125,2.0,0,2.425,0.0,0,0.0,0,0,0,0,0,0,0.0,0,0.0,0,0,0,322.0,0,0.015062,7.0,0,0,322.0,0,0.015062,0,0,0,0.0,0,0,0.0,0,0,,,,4.0,mobile_app,NR,108.0,46.0,14.0,9.0
ALC - Crepusculo,120241125679200075,OUTCOME_AWARENESS,2026-03-01,9,9,1.0,0,0.0,0.0,0.0,0.0,0.0,0,0.0,0.0,0,0.0,0.0,0,0.0,0,0,0,0,0,0,0.0,0,0.0,0,0,0,0.0,0,0.0,0.0,0,0,0.0,0,0.0,0,0,0,0.0,0,0,0.0,0,0,,,,0.0,mobile_web,NR,,,,
ALC - Caça aos ovos,120241125848920075,OUTCOME_AWARENESS,2026-03-01,26,25,1.04,0,0.0,0.0,2.690955,0.069965,0.0,0,0.0,0.0,0,0.0,0.0,0,0.0,0,0,0,0,0,0,0.0,0,0.0,0,0,0,1.0,0,0.069965,0.0,0,0,1.0,0,0.069965,0,0,0,0.0,0,0,0.0,0,0,,,,0.0,desktop,NR,1.0,,,
ALC - Caça aos ovos,120241125848920075,OUTCOME_AWARENESS,2026-03-01,10454,10253,1.019604,26,0.248709,0.762694,1.896885,19.830035,17.0,0,1.166473,4.0,0,4.957509,0.0,0,0.0,0,0,0,0,0,0,0.0,0,0.0,0,0,0,963.0,0,0.020592,2.0,0,0,963.0,0,0.020592,0,0,0,0.0,0,0,0.0,0,0,,,,16.0,mobile_app,NR,666.0,221.0,119.0,77.0
ALC - Caça aos ovos,120241125848920075,OUTCOME_AWARENESS,2026-03-01,10,9,1.111111,0,0.0,0.0,0.0,0.0,0.0,0,0.0,0.0,0,0.0,0.0,0,0.0,0,0,0,0,0,0,0.0,0,0.0,0,0,0,0.0,0,0.0,0.0,0,0,0.0,0,0.0,0,0,0,0.0,0,0,0.0,0,0,,,,0.0,mobile_web,NR,,,,
ALC - Super Mário - Pré-venda Filme,120241125976290075,OUTCOME_AWARENESS,2026-03-01,6247,6247,1.0,16,0.256123,0.58375,1.495118,9.34,4.0,0,2.335,0.0,0,0.0,0.0,0,0.0,0,0,0,0,0,0,0.0,0,0.0,0,0,0,589.0,0,0.015857,3.0,0,0,589.0,0,0.015857,0,0,0,0.0,0,0,5.0,0,0,,,,2.0,mobile_app,NR,228.0,81.0,42.0,12.0
TRAF - FRANQUIAS,120241527985860075,OUTCOME_AWARENESS,2026-03-01,159,123,1.292683,0,0.0,0.0,1.698113,0.27,0.0,0,0.0,0.0,0,0.0,0.0,0,0.0,0,0,0,0,0,0,0.0,0,0.0,0,0,0,0.0,0,0.0,0.0,0,0,0.0,0,0.0,0,0,0,0.0,0,0,16.0,0,0,,,,0.0,desktop,NR,,,,
TRAF - FRANQUIAS,120241527985860075,OUTCOME_AWARENESS,2026-03-01,43488,41994,1.035577,60,0.137969,0.968,1.335541,58.08,47.0,0,1.235745,0.0,0,0.0,0.0,0,0.0,0,0,0,0,0,0,0.0,0,0.0,0,0,0,118.0,0,0.492203,1.0,0,0,118.0,0,0.492203,0,0,0,0.0,0,0,0.0,0,0,,,,47.0,mobile_app,NR,,,,
TRAF - FRANQUIAS,120241527985860075,OUTCOME_AWARENESS,2026-03-01,4,4,1.0,0,0.0,0.0,2.5,0.01,0.0,0,0.0,0.0,0,0.0,0.0,0,0.0,0,0,0,0,0,0,0.0,0,0.0,0,0,0,0.0,0,0.0,0.0,0,0,0.0,0,0.0,0,0,0,0.0,0,0,0.0,0,0,,,,0.0,mobile_web,NR,,,,
ENG - FRANQUIAS,120241528984760075,OUTCOME_ENGAGEMENT,2026-03-01,1,1,1.0,0,0.0,0.0,0.0,0.0,0.0,0,0.0,0.0,0,0.0,0.0,0,0.0,0,0,0,0,0,0,0.0,0,0.0,0,0,0,0.0,0,0.0,0.0,0,0,0.0,0,0.0,0,0,0,0.0,0,0,0.0,0,0,,,,0.0,desktop,NR,,,,
ENG - FRANQUIAS,120241528984760075,OUTCOME_ENGAGEMENT,2026-03-01,3843,3002,1.280147,56,1.457195,1.183214,17.241738,66.26,44.0,0,1.505909,0.0,0,0.0,0.0,0,0.0,0,0,0,0,0,0,0.0,0,0.0,0,0,0,715.0,0,0.092671,660.0,0,0,715.0,0,0.092671,0,0,0,0.0,0,0,0.0,0,0,,,,44.0,mobile_app,NR,,,,
ENG - FRANQUIAS,120241528984760075,OUTCOME_ENGAGEMENT,2026-03-01,2,2,1.0,0,0.0,0.0,0.0,0.0,0.0,0,0.0,0.0,0,0.0,0.0,0,0.0,0,0,0,0,0,0,0.0,0,0.0,0,0,0,0.0,0,0.0,0.0,0,0,0.0,0,0.0,0,0,0,0.0,0,0,0.0,0,0,,,,0.0,mobile_web,NR,,,,
TRAF - FRANQUIAS,120241527985860075,OUTCOME_AWARENESS,2026-04-01,6143,2779,2.210507,0,0.0,0.0,1.141158,7.010137,0.0,0,0.0,0.0,0,0.0,0.0,0,0.0,0,0,0,0,0,0,2.0,0,3.505068,0,0,0,0.0,0,0.0,0.0,0,0,0.0,0,0.0,0,0,0,0.0,0,0,2.0,0,0,,,,0.0,desktop,NR,,,,
TRAF - FRANQUIAS,120241527985860075,OUTCOME_AWARENESS,2026-04-01,884040,391704,2.256908,1276,0.144337,0.798793,1.152957,1019.25986,1066.0,0,0.956154,9.0,0,113.251096,2.0,0,509.62993,0,0,0,0,0,0,39.0,0,26.134868,0,0,0,1703.0,0,0.598508,80.0,0,0,1703.0,0,0.598508,0,0,0,2.0,0,0,218.0,0,0,,,,1059.0,mobile_app,NR,1.0,,,
TRAF - FRANQUIAS,120241527985860075,OUTCOME_AWARENESS,2026-04-01,148,125,1.184,1,0.675676,0.190004,1.283809,0.190004,0.0,0,0.0,0.0,0,0.0,0.0,0,0.0,0,0,0,0,0,0,0.0,0,0.0,0,0,0,0.0,0,0.0,0.0,0,0,0.0,0,0.0,0,0,0,0.0,0,0,0.0,0,0,,,,0.0,mobile_web,NR,,,,
ENG - FRANQUIAS,120241528984760075,OUTCOME_ENGAGEMENT,2026-04-01,13,13,1.0,0,0.0,0.0,6.153846,0.08,0.0,0,0.0,0.0,0,0.0,0.0,0,0.0,0,0,0,0,0,0,0.0,0,0.0,0,0,0,1.0,0,0.08,1.0,0,0,1.0,0,0.08,0,0,0,0.0,0,0,0.0,0,0,,,,0.0,desktop,NR,,,,
ENG - FRANQUIAS,120241528984760075,OUTCOME_ENGAGEMENT,2026-04-01,42694,27675,1.542692,626,1.466248,0.780224,11.440015,488.42,546.0,0,0.894542,5.0,0,97.684,0.0,0,0.0,0,0,0,0,0,0,0.0,0,0.0,0,0,0,9849.0,0,0.049591,9225.0,0,0,9849.0,0,0.049591,0,0,0,0.0,0,0,0.0,0,0,,,,546.0,mobile_app,NR,,,,
ENG - FRANQUIAS,120241528984760075,OUTCOME_ENGAGEMENT,2026-04-01,26,26,1.0,0,0.0,0.0,0.384615,0.01,0.0,0,0.0,0.0,0,0.0,0.0,0,0.0,0,0,0,0,0,0,0.0,0,0.0,0,0,0,0.0,0,0.0,0.0,0,0,0.0,0,0.0,0,0,0,0.0,0,0,0.0,0,0,,,,0.0,mobile_web,NR,,,,
ALC - CAMPANHA IPHONE,120241907445370075,OUTCOME_AWARENESS,2026-04-01,9449,5611,1.684014,1,0.010583,17.599648,1.862594,17.599648,1.0,0,17.599648,0.0,0,0.0,0.0,0,0.0,0,0,0,0,0,0,2.0,0,8.799824,0,0,0,723.0,0,0.024343,0.0,0,0,723.0,0,0.024343,0,0,0,0.0,0,0,16.0,0,0,,,,1.0,desktop,NR,496.0,208.0,120.0,85.0
ALC - CAMPANHA IPHONE,120241907445370075,OUTCOME_AWARENESS,2026-04-01,1349397,536649,2.514487,1536,0.113829,1.614942,1.838266,2480.550387,1319.0,0,1.88063,13.0,0,190.811568,21.0,0,118.121447,0,0,0,0,0,0,101.0,0,24.559905,0,0,0,35593.0,0,0.069692,102.0,0,0,35593.0,0,0.069692,0,0,0,21.0,0,0,640.0,0,0,,,,1308.0,mobile_app,NR,22951.0,7941.0,4071.0,2163.0
ALC - CAMPANHA IPHONE,120241907445370075,OUTCOME_AWARENESS,2026-04-01,1143,778,1.469152,1,0.087489,1.749965,1.531028,1.749965,0.0,0,0.0,0.0,0,0.0,0.0,0,0.0,0,0,0,0,0,0,0.0,0,0.0,0,0,0,20.0,0,0.087498,0.0,0,0,20.0,0,0.087498,0,0,0,0.0,0,0,0.0,0,0,,,,0.0,mobile_web,NR,15.0,5.0,2.0,2.0
ALC - CAMPANHA IPHONE,120241907445370075,OUTCOME_AWARENESS,2026-04-01,2,2,1.0,0,0.0,0.0,9.9998,0.02,0.0,0,0.0,0.0,0,0.0,0.0,0,0.0,0,0,0,0,0,0,0.0,0,0.0,0,0,0,0.0,0,0.0,0.0,0,0,0.0,0,0.0,0,0,0,0.0,0,0,0.0,0,0,,,,0.0,unknown,NR,,,,
ALC - C&A,120241908420850075,OUTCOME_AWARENESS,2026-04-01,1019,751,1.356858,0,0.0,0.0,1.187439,1.21,0.0,0,0.0,0.0,0,0.0,0.0,0,0.0,0,0,0,0,0,0,0.0,0,0.0,0,0,0,0.0,0,0.0,0.0,0,0,0.0,0,0.0,0,0,0,0.0,0,0,0.0,0,0,,,,0.0,desktop,NR,,,,
ALC - C&A,120241908420850075,OUTCOME_AWARENESS,2026-04-01,136186,87242,1.561014,217,0.159341,0.705069,1.123464,153.0,134.0,0,1.141791,47.0,0,3.255319,0.0,0,0.0,0,0,0,0,0,0,0.0,0,0.0,0,0,0,172.0,0,0.889535,37.0,0,0,172.0,0,0.889535,0,0,0,0.0,0,0,0.0,0,0,,,,134.0,mobile_app,NR,,,,
ALC - C&A,120241908420850075,OUTCOME_AWARENESS,2026-04-01,557,354,1.573446,3,0.5386,0.22,1.184919,0.66,2.0,0,0.33,1.0,0,0.66,0.0,0,0.0,0,0,0,0,0,0,0.0,0,0.0,0,0,0,2.0,0,0.33,0.0,0,0,2.0,0,0.33,0,0,0,0.0,0,0,0.0,0,0,,,,2.0,mobile_web,NR,,,,
ALC - Capivalley,120241915790970075,OUTCOME_AWARENESS,2026-04-01,765,422,1.812796,1,0.130719,0.989955,1.294058,0.989955,0.0,0,0.0,0.0,0,0.0,0.0,0,0.0,0,0,0,0,0,0,0.0,0,0.0,0,0,0,27.0,0,0.036665,0.0,0,0,27.0,0,0.036665,0,0,0,0.0,0,0,0.0,0,0,,,,0.0,desktop,NR,16.0,6.0,3.0,2.0
ALC - Capivalley,120241915790970075,OUTCOME_AWARENESS,2026-04-01,1062177,399330,2.659898,1935,0.182173,0.675494,1.230567,1307.080105,1384.0,0,0.944422,769.0,0,1.699714,0.0,0,0.0,0,0,0,0,0,0,0.0,0,0.0,0,0,0,9178.0,0,0.142414,159.0,0,0,9178.0,0,0.142414,0,0,0,0.0,0,0,0.0,0,0,,,,1361.0,mobile_app,NR,3315.0,1341.0,465.0,238.0
ALC - Capivalley,120241915790970075,OUTCOME_AWARENESS,2026-04-01,1095,592,1.849662,8,0.730594,0.163743,1.196292,1.30994,3.0,0,0.436647,1.0,0,1.30994,0.0,0,0.0,0,0,0,0,0,0,0.0,0,0.0,0,0,0,13.0,0,0.100765,0.0,0,0,13.0,0,0.100765,0,0,0,0.0,0,0,0.0,0,0,,,,3.0,mobile_web,NR,1.0,,,
ALC - Capivalley,120241915790970075,OUTCOME_AWARENESS,2026-04-01,0,0,0.0,0,0.0,0.0,0.0,0.0,0.0,0,0.0,2.0,0,0.0,0.0,0,0.0,0,0,0,0,0,0,0.0,0,0.0,0,0,0,0.0,0,0.0,0.0,0,0,0.0,0,0.0,0,0,0,0.0,0,0,0.0,0,0,,,,0.0,unknown,NR,,,,
ALC - Ações Autismo,120241917716260075,OUTCOME_AWARENESS,2026-04-01,584,348,1.678161,1,0.171233,0.680022,1.164421,0.680022,1.0,0,0.680022,1.0,0,0.680022,0.0,0,0.0,0,0,0,0,0,0,0.0,0,0.0,0,0,0,1.0,0,0.680022,0.0,0,0,1.0,0,0.680022,0,0,0,0.0,0,0,0.0,0,0,,,,1.0,desktop,NR,,,,
ALC - Ações Autismo,120241917716260075,OUTCOME_AWARENESS,2026-04-01,282206,164674,1.713725,445,0.157686,0.691258,1.090019,307.609965,316.0,0,0.973449,88.0,0,3.495568,0.0,0,0.0,0,0,0,0,0,0,0.0,0,0.0,0,0,0,364.0,0,0.845082,46.0,0,0,364.0,0,0.845082,0,0,0,0.0,0,0,0.0,0,0,,,,311.0,mobile_app,NR,,,,
ALC - Ações Autismo,120241917716260075,OUTCOME_AWARENESS,2026-04-01,329,206,1.597087,3,0.911854,0.133338,1.215845,0.400013,2.0,0,0.200006,1.0,0,0.400013,0.0,0,0.0,0,0,0,0,0,0,0.0,0,0.0,0,0,0,3.0,0,0.133338,1.0,0,0,3.0,0,0.133338,0,0,0,0.0,0,0,0.0,0,0,,,,2.0,mobile_web,NR,,,,
TRAF - PROMO IPHONE,120241976679040075,LINK_CLICKS,2026-04-01,430,78,5.512821,6,1.395349,0.143348,2.0002,0.860086,7.0,0,0.122869,3.0,0,0.286695,0.0,0,0.0,0,0,0,0,0,0,0.0,0,0.0,0,0,0,22.0,0,0.039095,0.0,0,0,22.0,0,0.039095,0,0,0,0.0,0,0,0.0,0,0,,,,7.0,desktop,NR,15.0,15.0,13.0,13.0
TRAF - PROMO IPHONE,120241976679040075,LINK_CLICKS,2026-04-01,133984,45557,2.941019,1934,1.443456,0.154545,2.230788,298.889913,1715.0,0,0.17428,467.0,0,0.640021,0.0,0,0.0,0,0,0,0,0,0,0.0,0,0.0,0,0,0,7424.0,0,0.04026,45.0,0,0,7425.0,0,0.040255,0,0,0,0.0,0,0,0.0,0,0,,,,1715.0,mobile_app,NR,5565.0,2417.0,1536.0,964.0
TRAF - PROMO IPHONE,120241976679040075,LINK_CLICKS,2026-04-01,8,7,1.142857,0,0.0,0.0,1.250125,0.010001,0.0,0,0.0,0.0,0,0.0,0.0,0,0.0,0,0,0,0,0,0,0.0,0,0.0,0,0,0,0.0,0,0.0,0.0,0,0,0.0,0,0.0,0,0,0,0.0,0,0,0.0,0,0,,,,0.0,mobile_web,NR,,,,
ALC - Parceirão do atacadão,120242030809040075,OUTCOME_AWARENESS,2026-04-01,77,77,1.0,0,0.0,0.0,1.428571,0.11,0.0,0,0.0,0.0,0,0.0,0.0,0,0.0,0,0,0,0,0,0,0.0,0,0.0,0,0,0,3.0,0,0.036667,0.0,0,0,3.0,0,0.036667,0,0,0,0.0,0,0,0.0,0,0,,,,0.0,desktop,NR,2.0,1.0,1.0,1.0
ALC - Parceirão do atacadão,120242030809040075,OUTCOME_AWARENESS,2026-04-01,116846,112947,1.034521,106,0.090718,1.397264,1.267566,148.11,82.0,0,1.80622,26.0,0,5.696538,0.0,0,0.0,0,0,0,0,0,0,0.0,0,0.0,0,0,0,2303.0,0,0.064312,8.0,0,0,2303.0,0,0.064312,0,0,0,0.0,0,0,0.0,0,0,,,,81.0,mobile_app,NR,2135.0,1048.0,684.0,488.0
ALC - Parceirão do atacadão,120242030809040075,OUTCOME_AWARENESS,2026-04-01,18,18,1.0,0,0.0,0.0,0.555556,0.01,0.0,0,0.0,0.0,0,0.0,0.0,0,0.0,0,0,0,0,0,0,0.0,0,0.0,0,0,0,0.0,0,0.0,0.0,0,0,0.0,0,0.0,0,0,0,0.0,0,0,0.0,0,0,,,,0.0,mobile_web,NR,,,,
ALC - Legião urbana Cover,120242503048470075,OUTCOME_AWARENESS,2026-04-01,922,838,1.100239,1,0.10846,1.019969,1.106257,1.019969,0.0,0,0.0,0.0,0,0.0,0.0,0,0.0,0,0,0,0,0,0,0.0,0,0.0,0,0,0,67.0,0,0.015223,0.0,0,0,67.0,0,0.015223,0,0,0,0.0,0,0,0.0,0,0,,,,0.0,desktop,NR,39.0,23.0,18.0,14.0
ALC - Legião urbana Cover,120242503048470075,OUTCOME_AWARENESS,2026-04-01,254573,139778,1.821267,676,0.265543,0.48537,1.288864,328.11004,581.0,0,0.564733,321.0,0,1.02215,0.0,0,0.0,0,0,0,0,0,0,0.0,0,0.0,0,0,0,13868.0,0,0.02366,97.0,0,0,13868.0,0,0.02366,0,0,0,0.0,0,0,0.0,0,0,,,,580.0,mobile_app,NR,5662.0,2083.0,690.0,407.0
ALC - Legião urbana Cover,120242503048470075,OUTCOME_AWARENESS,2026-04-01,244,209,1.167464,0,0.0,0.0,1.270453,0.309991,0.0,0,0.0,0.0,0,0.0,0.0,0,0.0,0,0,0,0,0,0,0.0,0,0.0,0,0,0,23.0,0,0.013478,0.0,0,0,23.0,0,0.013478,0,0,0,0.0,0,0,0.0,0,0,,,,0.0,mobile_web,NR,8.0,4.0,2.0,2.0
ALC - Legião urbana Cover,120242503048470075,OUTCOME_AWARENESS,2026-04-01,0,0,0.0,0,0.0,0.0,0.0,0.0,0.0,0,0.0,1.0,0,0.0,0.0,0,0.0,0,0,0,0,0,0,0.0,0,0.0,0,0,0,0.0,0,0.0,0.0,0,0,0.0,0,0.0,0,0,0,0.0,0,0,0.0,0,0,,,,0.0,unknown,NR,,,,
ALC - Diabo veste prada,120242503119030075,OUTCOME_AWARENESS,2026-04-01,298,251,1.187251,0,0.0,0.0,1.308725,0.39,0.0,0,0.0,0.0,0,0.0,0.0,0,0.0,0,0,0,0,0,0,0.0,0,0.0,0,0,0,36.0,0,0.010833,0.0,0,0,36.0,0,0.010833,0,0,0,0.0,0,0,0.0,0,0,,,,0.0,desktop,NR,95.0,30.0,12.0,9.0
ALC - Diabo veste prada,120242503119030075,OUTCOME_AWARENESS,2026-04-01,167764,91778,1.827933,267,0.159152,0.852547,1.356847,227.63,194.0,0,1.173351,82.0,0,2.775976,0.0,0,0.0,0,0,0,0,0,0,0.0,0,0.0,0,0,0,11221.0,0,0.020286,55.0,0,0,11221.0,0,0.020286,0,0,0,0.0,0,0,0.0,0,0,,,,194.0,mobile_app,NR,29104.0,9094.0,4242.0,2683.0
ALC - Diabo veste prada,120242503119030075,OUTCOME_AWARENESS,2026-04-01,169,138,1.224638,0,0.0,0.0,1.597633,0.27,0.0,0,0.0,0.0,0,0.0,0.0,0,0.0,0,0,0,0,0,0,0.0,0,0.0,0,0,0,23.0,0,0.011739,0.0,0,0,23.0,0,0.011739,0,0,0,0.0,0,0,0.0,0,0,,,,0.0,mobile_web,NR,52.0,21.0,9.0,5.0
ALC - Senhora Farinha,120242503236000075,OUTCOME_AWARENESS,2026-04-01,553,535,1.033645,0,0.0,0.0,0.79566,0.44,0.0,0,0.0,0.0,0,0.0,0.0,0,0.0,0,0,0,0,0,0,0.0,0,0.0,0,0,0,47.0,0,0.009362,0.0,0,0,47.0,0,0.009362,0,0,0,0.0,0,0,0.0,0,0,,,,0.0,desktop,NR,71.0,31.0,18.0,13.0
ALC - Senhora Farinha,120242503236000075,OUTCOME_AWARENESS,2026-04-01,199904,169776,1.177457,56,0.028013,3.860179,1.081369,216.17,0.0,0,0.0,0.0,0,0.0,0.0,0,0.0,0,0,0,0,0,0,0.0,0,0.0,0,0,0,7262.0,0,0.029767,49.0,0,0,7262.0,0,0.029767,0,0,0,0.0,0,0,0.0,0,0,,,,0.0,mobile_app,NR,10561.0,4475.0,2255.0,1603.0
ALC - Senhora Farinha,120242503236000075,OUTCOME_AWARENESS,2026-04-01,891,876,1.017123,0,0.0,0.0,0.897868,0.8,0.0,0,0.0,0.0,0,0.0,0.0,0,0.0,0,0,0,0,0,0,0.0,0,0.0,0,0,0,87.0,0,0.009195,0.0,0,0,87.0,0,0.009195,0,0,0,0.0,0,0,0.0,0,0,,,,0.0,mobile_web,NR,128.0,56.0,34.0,23.0
ALC - PROMO MAES 26,120243131799260075,OUTCOME_AWARENESS,2026-04-01,207,202,1.024752,0,0.0,0.0,1.400739,0.289953,0.0,0,0.0,0.0,0,0.0,0.0,0,0.0,0,0,0,0,0,0,0.0,0,0.0,0,0,0,18.0,0,0.016109,0.0,0,0,18.0,0,0.016109,0,0,0,0.0,0,0,0.0,0,0,,,,0.0,desktop,NR,5.0,2.0,2.0,1.0
ALC - PROMO MAES 26,120243131799260075,OUTCOME_AWARENESS,2026-04-01,84067,61985,1.356247,154,0.183187,0.799026,1.463714,123.050063,118.0,0,1.042797,43.0,0,2.861629,0.0,0,0.0,0,0,0,0,0,0,0.0,0,0.0,0,0,0,3977.0,0,0.03094,29.0,0,0,3977.0,0,0.03094,0,0,0,0.0,0,0,0.0,0,0,,,,118.0,mobile_app,NR,1193.0,327.0,179.0,84.0
ALC - PROMO MAES 26,120243131799260075,OUTCOME_AWARENESS,2026-04-01,56,53,1.056604,0,0.0,0.0,1.785425,0.099984,0.0,0,0.0,0.0,0,0.0,0.0,0,0.0,0,0,0,0,0,0,0.0,0,0.0,0,0,0,3.0,0,0.033328,0.0,0,0,3.0,0,0.033328,0,0,0,0.0,0,0,0.0,0,0,,,,0.0,mobile_web,NR,,,,
TRAF - PROMO MAES 26,120243132088520075,LINK_CLICKS,2026-04-01,2,2,1.0,0,0.0,0.0,0.0,0.0,0.0,0,0.0,0.0,0,0.0,0.0,0,0.0,0,0,0,0,0,0,0.0,0,0.0,0,0,0,0.0,0,0.0,0.0,0,0,0.0,0,0.0,0,0,0,0.0,0,0,0.0,0,0,,,,0.0,desktop,NR,,,,
TRAF - PROMO MAES 26,120243132088520075,LINK_CLICKS,2026-04-01,18756,16690,1.123787,1487,7.92813,0.067653,5.363617,100.6,1482.0,0,0.067881,648.0,0,0.155247,0.0,0,0.0,0,0,0,0,0,0,8.0,0,12.575,0,0,0,7567.0,0,0.013295,140.0,0,0,7567.0,0,0.013295,0,0,0,0.0,0,0,30.0,0,0,,,,1482.0,mobile_app,NR,3121.0,1653.0,872.0,385.0
TRAF - FRANQUIAS,120241527985860075,OUTCOME_AWARENESS,2026-05-01,0,0,0.0,0,0.0,0.0,0.0,0.0,0.0,0,0.0,0.0,0,0.0,0.0,0,0.0,0,0,0,0,0,0,0.0,0,0.0,0,0,0,0.0,0,0.0,0.0,0,0,0.0,0,0.0,0,0,0,0.0,0,0,0.0,0,0,,,,0.0,mobile_app,NR,,,,
ALC - PROMO MAES 26,120243131799260075,OUTCOME_AWARENESS,2026-05-01,560,524,1.068702,0,0.0,0.0,1.107098,0.619975,0.0,0,0.0,0.0,0,0.0,0.0,0,0.0,0,0,0,0,0,0,0.0,0,0.0,0,0,0,59.0,0,0.010508,0.0,0,0,59.0,0,0.010508,0,0,0,0.0,0,0,0.0,0,0,,,,0.0,desktop,NR,18.0,8.0,7.0,4.0
ALC - PROMO MAES 26,120243131799260075,OUTCOME_AWARENESS,2026-05-01,189425,136816,1.384524,378,0.199551,0.654709,1.30648,247.480034,280.0,0,0.883857,121.0,0,2.04529,0.0,0,0.0,0,0,0,0,0,0,0.0,0,0.0,0,0,0,13723.0,0,0.018034,66.0,0,0,13723.0,0,0.018034,0,0,0,0.0,0,0,0.0,0,0,,,,280.0,mobile_app,NR,3755.0,1063.0,537.0,295.0
ALC - PROMO MAES 26,120243131799260075,OUTCOME_AWARENESS,2026-05-01,202,169,1.195266,2,0.990099,0.114995,1.138568,0.229991,2.0,0,0.114995,0.0,0,0.0,0.0,0,0.0,0,0,0,0,0,0,0.0,0,0.0,0,0,0,30.0,0,0.007666,0.0,0,0,30.0,0,0.007666,0,0,0,0.0,0,0,0.0,0,0,,,,2.0,mobile_web,NR,9.0,1.0,1.0,
TRAF - PROMO MAES 26,120243132088520075,LINK_CLICKS,2026-05-01,10,9,1.111111,0,0.0,0.0,1.0,0.01,0.0,0,0.0,0.0,0,0.0,0.0,0,0.0,0,0,0,0,0,0,0.0,0,0.0,0,0,0,0.0,0,0.0,0.0,0,0,0.0,0,0.0,0,0,0,0.0,0,0,0.0,0,0,,,,0.0,desktop,NR,,,,
TRAF - PROMO MAES 26,120243132088520075,LINK_CLICKS,2026-05-01,31622,28053,1.127223,2410,7.621276,0.071726,5.466447,172.86,2382.0,0,0.072569,1268.0,0,0.136325,14.0,0,12.347143,0,0,0,0,0,0,40.0,0,4.3215,0,0,0,15722.0,0,0.010995,372.0,0,0,15722.0,0,0.010995,0,0,0,14.0,0,0,103.0,0,0,,,,2382.0,mobile_app,NR,6523.0,3365.0,1920.0,916.0
ALC - Jeep - NATAL 2025,120240077958240260,OUTCOME_AWARENESS,2025-11-09,5,5,1.0,0,0.0,0.0,4.0,0.02,0.0,0,0.0,0.0,0,0.0,0.0,0,0.0,0,0,0,0,0,0,0.0,0,0.0,0,0,0,0.0,0,0.0,0.0,0,0,0.0,0,0.0,0,0,0,0.0,0,0,0.0,0,0,,,,0.0,desktop,GS,,,,
ALC - Jeep - NATAL 2025,120240077958240260,OUTCOME_AWARENESS,2025-11-09,12511,12227,1.023227,20,0.159859,0.937,1.497882,18.74,17.0,0,1.102353,2.0,0,9.37,0.0,0,0.0,0,0,0,0,0,0,0.0,0,0.0,0,0,0,65.0,0,0.288308,2.0,0,0,65.0,0,0.288308,0,0,0,0.0,0,0,0.0,0,0,,,,17.0,mobile_app,GS,231.0,70.0,35.0,24.0
ALC - Jeep - NATAL 2025,120240077958240260,OUTCOME_AWARENESS,2025-11-09,1,1,1.0,0,0.0,0.0,0.0,0.0,0.0,0,0.0,0.0,0,0.0,0.0,0,0.0,0,0,0,0,0,0,0.0,0,0.0,0,0,0,0.0,0,0.0,0.0,0,0,0.0,0,0.0,0,0,0,0.0,0,0,0.0,0,0,,,,0.0,mobile_web,GS,,,,
ALC - Reels Maya,120240078063570260,OUTCOME_AWARENESS,2025-11-09,100,97,1.030928,0,0.0,0.0,1.5,0.15,0.0,0,0.0,0.0,0,0.0,0.0,0,0.0,0,0,0,0,0,0,0.0,0,0.0,0,0,0,8.0,0,0.01875,0.0,0,0,8.0,0,0.01875,0,0,0,0.0,0,0,0.0,0,0,,,,0.0,desktop,GS,,,,
ALC - Reels Maya,120240078063570260,OUTCOME_AWARENESS,2025-11-09,177637,158617,1.119911,197,0.1109,1.430609,1.58655,281.83,137.0,0,2.057153,53.0,0,5.317547,0.0,0,0.0,0,0,0,0,0,0,0.0,0,0.0,0,0,0,6562.0,0,0.042949,27.0,0,0,6562.0,0,0.042949,0,0,0,0.0,0,0,0.0,0,0,,,,137.0,mobile_app,GS,224.0,75.0,55.0,29.0
ALC - Reels Maya,120240078063570260,OUTCOME_AWARENESS,2025-11-09,33,33,1.0,0,0.0,0.0,0.909091,0.03,0.0,0,0.0,0.0,0,0.0,0.0,0,0.0,0,0,0,0,0,0,0.0,0,0.0,0,0,0,1.0,0,0.03,0.0,0,0,1.0,0,0.03,0,0,0,0.0,0,0,0.0,0,0,,,,0.0,mobile_web,GS,,,,
ALC - Natal Aftermovie,120240078199640260,OUTCOME_AWARENESS,2025-11-09,153,153,1.0,0,0.0,0.0,0.980392,0.15,0.0,0,0.0,0.0,0,0.0,0.0,0,0.0,0,0,0,0,0,0,0.0,0,0.0,0,0,0,14.0,0,0.010714,0.0,0,0,14.0,0,0.010714,0,0,0,0.0,0,0,0.0,0,0,,,,0.0,desktop,GS,3.0,2.0,2.0,2.0
ALC - Natal Aftermovie,120240078199640260,OUTCOME_AWARENESS,2025-11-09,77693,77693,1.0,99,0.127425,1.248283,1.590619,123.58,66.0,0,1.872424,0.0,0,0.0,0.0,0,0.0,0,0,0,0,0,0,0.0,0,0.0,0,0,0,2382.0,0,0.051881,23.0,0,0,2382.0,0,0.051881,0,0,0,0.0,0,0,0.0,0,0,,,,0.0,mobile_app,GS,146.0,55.0,28.0,18.0
ALC - Natal Aftermovie,120240078199640260,OUTCOME_AWARENESS,2025-11-09,62,62,1.0,0,0.0,0.0,1.935484,0.12,0.0,0,0.0,0.0,0,0.0,0.0,0,0.0,0,0,0,0,0,0,0.0,0,0.0,0,0,0,4.0,0,0.03,0.0,0,0,4.0,0,0.03,0,0,0,0.0,0,0,0.0,0,0,,,,0.0,mobile_web,GS,,,,
ALC - Edgar + Rayban,120240078887090260,OUTCOME_AWARENESS,2025-11-09,61,59,1.033898,0,0.0,0.0,1.147541,0.07,0.0,0,0.0,0.0,0,0.0,0.0,0,0.0,0,0,0,0,0,0,0.0,0,0.0,0,0,0,8.0,0,0.00875,0.0,0,0,8.0,0,0.00875,0,0,0,0.0,0,0,0.0,0,0,,,,0.0,desktop,GS,2.0,2.0,2.0,2.0
ALC - Edgar + Rayban,120240078887090260,OUTCOME_AWARENESS,2025-11-09,96721,94240,1.026326,105,0.10856,1.481048,1.60782,155.51,74.0,0,2.101486,0.0,0,0.0,0.0,0,0.0,0,0,0,0,0,0,0.0,0,0.0,0,0,0,4122.0,0,0.037727,10.0,0,0,4122.0,0,0.037727,0,0,0,0.0,0,0,0.0,0,0,,,,0.0,mobile_app,GS,192.0,69.0,41.0,21.0
ALC - Edgar + Rayban,120240078887090260,OUTCOME_AWARENESS,2025-11-09,26,26,1.0,0,0.0,0.0,1.153846,0.03,0.0,0,0.0,0.0,0,0.0,0.0,0,0.0,0,0,0,0,0,0,0.0,0,0.0,0,0,0,1.0,0,0.03,0.0,0,0,1.0,0,0.03,0,0,0,0.0,0,0,0.0,0,0,,,,0.0,mobile_web,GS,,,,
ALC - NATAL 25,120240129895630260,OUTCOME_AWARENESS,2025-11-09,1054,841,1.25327,4,0.379507,0.422532,1.603537,1.690128,2.0,0,0.845064,0.0,0,0.0,0.0,0,0.0,0,0,0,0,0,0,0.0,0,0.0,0,0,0,12.0,0,0.140844,1.0,0,0,12.0,0,0.140844,0,0,0,0.0,0,0,0.0,0,0,,,,2.0,desktop,GS,18.0,9.0,3.0,1.0
ALC - NATAL 25,120240129895630260,OUTCOME_AWARENESS,2025-11-09,416670,282533,1.474766,970,0.232798,0.674959,1.571291,654.709755,492.0,0,1.330711,0.0,0,0.0,0.0,0,0.0,0,0,0,0,0,0,0.0,0,0.0,0,0,0,3436.0,0,0.190544,126.0,0,0,3439.0,0,0.190378,0,0,0,0.0,0,0,0.0,0,0,,,,491.0,mobile_app,GS,9392.0,2550.0,1360.0,897.0
ALC - NATAL 25,120240129895630260,OUTCOME_AWARENESS,2025-11-09,952,736,1.293478,6,0.630252,0.255019,1.607265,1.530116,0.0,0,0.0,0.0,0,0.0,0.0,0,0.0,0,0,0,0,0,0,0.0,0,0.0,0,0,0,4.0,0,0.382529,0.0,0,0,4.0,0,0.382529,0,0,0,0.0,0,0,0.0,0,0,,,,0.0,mobile_web,GS,13.0,3.0,2.0,
TRAF - NATAL 25,120240130017780260,LINK_CLICKS,2025-11-09,1,1,1.0,0,0.0,0.0,0.0,0.0,0.0,0,0.0,0.0,0,0.0,0.0,0,0.0,0,0,0,0,0,0,0.0,0,0.0,0,0,0,0.0,0,0.0,0.0,0,0,0.0,0,0.0,0,0,0,0.0,0,0,0.0,0,0,,,,0.0,desktop,GS,,,,
TRAF - NATAL 25,120240130017780260,LINK_CLICKS,2025-11-09,24290,15962,1.521739,348,1.432688,0.31431,4.503088,109.38,266.0,0,0.411203,228.0,0,0.479737,0.0,0,0.0,0,0,0,0,0,0,0.0,0,0.0,0,0,0,333.0,0,0.328468,30.0,0,0,333.0,0,0.328468,0,0,0,0.0,0,0,0.0,0,0,,,,266.0,mobile_app,GS,103.0,50.0,31.0,24.0
TRAF - NATAL 25,120240130017780260,LINK_CLICKS,2025-11-09,2,2,1.0,0,0.0,0.0,5.0,0.01,0.0,0,0.0,0.0,0,0.0,0.0,0,0.0,0,0,0,0,0,0,0.0,0,0.0,0,0,0,0.0,0,0.0,0.0,0,0,0.0,0,0.0,0,0,0,0.0,0,0,0.0,0,0,,,,0.0,mobile_web,GS,,,,
ALC - Reels Decoração,120240146248790260,OUTCOME_AWARENESS,2025-11-09,131,128,1.023438,0,0.0,0.0,1.297783,0.17001,0.0,0,0.0,0.0,0,0.0,0.0,0,0.0,0,0,0,0,0,0,0.0,0,0.0,0,0,0,8.0,0,0.021251,0.0,0,0,8.0,0,0.021251,0,0,0,0.0,0,0,0.0,0,0,,,,0.0,desktop,GS,,,,
ALC - Reels Decoração,120240146248790260,OUTCOME_AWARENESS,2025-11-09,115633,99672,1.160135,132,0.114154,1.3475,1.538229,177.869988,85.0,0,2.092588,0.0,0,0.0,0.0,0,0.0,0,0,0,0,0,0,0.0,0,0.0,0,0,0,3856.0,0,0.046128,13.0,0,0,3856.0,0,0.046128,0,0,0,0.0,0,0,0.0,0,0,,,,1.0,mobile_app,GS,1106.0,379.0,133.0,80.0
ALC - Reels Decoração,120240146248790260,OUTCOME_AWARENESS,2025-11-09,30,30,1.0,1,3.333333,0.040002,1.333408,0.040002,1.0,0,0.040002,0.0,0,0.0,0.0,0,0.0,0,0,0,0,0,0,0.0,0,0.0,0,0,0,2.0,0,0.020001,0.0,0,0,2.0,0,0.020001,0,0,0,0.0,0,0,0.0,0,0,,,,0.0,mobile_web,GS,,,,
ALC - Reels Madô,120240358848200260,OUTCOME_AWARENESS,2025-11-09,34,34,1.0,0,0.0,0.0,0.882353,0.03,0.0,0,0.0,0.0,0,0.0,0.0,0,0.0,0,0,0,0,0,0,0.0,0,0.0,0,0,0,1.0,0,0.03,0.0,0,0,1.0,0,0.03,0,0,0,0.0,0,0,0.0,0,0,,,,0.0,desktop,GS,1.0,1.0,,
ALC - Reels Madô,120240358848200260,OUTCOME_AWARENESS,2025-11-09,57691,57691,1.0,69,0.119603,1.403768,1.678945,96.86,44.0,0,2.201364,1.0,0,96.86,0.0,0,0.0,0,0,0,0,0,0,0.0,0,0.0,0,0,0,1380.0,0,0.070188,10.0,0,0,1380.0,0,0.070188,0,0,0,0.0,0,0,0.0,0,0,,,,0.0,mobile_app,GS,747.0,408.0,217.0,36.0
ALC - Reels Madô,120240358848200260,OUTCOME_AWARENESS,2025-11-09,10,10,1.0,0,0.0,0.0,2.0,0.02,0.0,0,0.0,0.0,0,0.0,0.0,0,0.0,0,0,0,0,0,0,0.0,0,0.0,0,0,0,0.0,0,0.0,0.0,0,0,0.0,0,0.0,0,0,0,0.0,0,0,0.0,0,0,,,,0.0,mobile_web,GS,,,,
ALC - Aventuras Caninas de Natal,120240403082690260,OUTCOME_AWARENESS,2025-11-09,1161,1161,1.0,0,0.0,0.0,2.006912,2.330025,0.0,0,0.0,0.0,0,0.0,0.0,0,0.0,0,0,0,0,0,0,0.0,0,0.0,0,0,0,53.0,0,0.043963,0.0,0,0,53.0,0,0.043963,0,0,0,0.0,0,0,0.0,0,0,,,,0.0,desktop,GS,25.0,13.0,8.0,7.0
ALC - Aventuras Caninas de Natal,120240403082690260,OUTCOME_AWARENESS,2025-11-09,907062,888007,1.021458,1683,0.185544,1.088586,2.019807,1832.089962,1371.0,0,1.336317,499.0,0,3.671523,0.0,0,0.0,0,0,0,0,0,0,0.0,0,0.0,0,0,0,13932.0,0,0.131502,99.0,0,0,13932.0,0,0.131502,0,0,0,0.0,0,0,0.0,0,0,,,,1369.0,mobile_app,GS,7602.0,2846.0,1383.0,983.0
ALC - Aventuras Caninas de Natal,120240403082690260,OUTCOME_AWARENESS,2025-11-09,593,593,1.0,2,0.337268,0.565006,1.905586,1.130012,2.0,0,0.565006,2.0,0,0.565006,0.0,0,0.0,0,0,0,0,0,0,0.0,0,0.0,0,0,0,23.0,0,0.049131,0.0,0,0,23.0,0,0.049131,0,0,0,0.0,0,0,0.0,0,0,,,,2.0,mobile_web,GS,14.0,7.0,3.0,
ALC - Aventuras Caninas de Natal,120240403082690260,OUTCOME_AWARENESS,2025-11-09,0,0,0.0,0,0.0,0.0,0.0,0.0,0.0,0,0.0,1.0,0,0.0,0.0,0,0.0,0,0,0,0,0,0,0.0,0,0.0,0,0,0,0.0,0,0.0,0.0,0,0,0.0,0,0.0,0,0,0,0.0,0,0,0.0,0,0,,,,0.0,unknown,GS,,,,
ALC - Mileninha,120240427184770260,OUTCOME_AWARENESS,2025-11-09,1762,1578,1.116603,2,0.113507,1.905,2.162316,3.81,2.0,0,1.905,1.0,0,3.81,0.0,0,0.0,0,0,0,0,0,0,0.0,0,0.0,0,0,0,94.0,0,0.040532,0.0,0,0,94.0,0,0.040532,0,0,0,0.0,0,0,0.0,0,0,,,,2.0,desktop,GS,44.0,21.0,14.0,8.0
ALC - Mileninha,120240427184770260,OUTCOME_AWARENESS,2025-11-09,930099,858303,1.083649,2357,0.253414,0.845685,2.143084,1993.28,954.0,0,2.089392,147.0,0,13.559728,0.0,0,0.0,0,0,0,0,0,0,0.0,0,0.0,0,0,0,48986.0,0,0.040691,188.0,0,0,48987.0,0,0.04069,0,0,0,0.0,0,0,0.0,0,0,,,,952.0,mobile_app,GS,15971.0,6391.0,2656.0,1694.0
ALC - Mileninha,120240427184770260,OUTCOME_AWARENESS,2025-11-09,1301,1282,1.014821,9,0.691776,0.312222,2.159877,2.81,3.0,0,0.936667,1.0,0,2.81,0.0,0,0.0,0,0,0,0,0,0,0.0,0,0.0,0,0,0,69.0,0,0.040725,1.0,0,0,69.0,0,0.040725,0,0,0,0.0,0,0,0.0,0,0,,,,3.0,mobile_web,GS,21.0,7.0,7.0,3.0
ENG - Mileninha,120240469270520260,OUTCOME_ENGAGEMENT,2025-11-09,57,57,1.0,1,1.754386,0.4,7.017544,0.4,0.0,0,0.0,0.0,0,0.0,0.0,0,0.0,0,0,0,0,0,0,0.0,0,0.0,0,0,0,18.0,0,0.022222,0.0,0,0,18.0,0,0.022222,0,0,0,0.0,0,0,0.0,0,0,,,,0.0,desktop,GS,12.0,6.0,6.0,4.0
ENG - Mileninha,120240469270520260,OUTCOME_ENGAGEMENT,2025-11-09,103395,95810,1.079167,1382,1.336622,0.488003,6.522753,674.42,395.0,0,1.707392,248.0,0,2.719435,0.0,0,0.0,0,0,0,0,0,0,0.0,0,0.0,0,0,0,35814.0,0,0.018831,678.0,0,0,35814.0,0,0.018831,0,0,0,0.0,0,0,0.0,0,0,,,,394.0,mobile_app,GS,19507.0,10239.0,6897.0,4682.0
ENG - Mileninha,120240469270520260,OUTCOME_ENGAGEMENT,2025-11-09,11,11,1.0,0,0.0,0.0,6.363636,0.07,0.0,0,0.0,0.0,0,0.0,0.0,0,0.0,0,0,0,0,0,0,0.0,0,0.0,0,0,0,5.0,0,0.014,0.0,0,0,5.0,0,0.014,0,0,0,0.0,0,0,0.0,0,0,,,,0.0,mobile_web,GS,2.0,2.0,2.0,2.0
ENG - Aventuras Caninas de Natal,120240470105850260,OUTCOME_ENGAGEMENT,2025-11-09,280,276,1.014493,6,2.142857,0.213346,4.571701,1.280076,5.0,0,0.256015,3.0,0,0.426692,0.0,0,0.0,0,0,0,0,0,0,0.0,0,0.0,0,0,0,81.0,0,0.015803,0.0,0,0,81.0,0,0.015803,0,0,0,0.0,0,0,0.0,0,0,,,,5.0,desktop,GS,33.0,14.0,8.0,6.0
ENG - Aventuras Caninas de Natal,120240470105850260,OUTCOME_ENGAGEMENT,2025-11-09,93083,85390,1.090093,589,0.632769,1.137249,7.196157,669.839915,449.0,0,1.491848,289.0,0,2.317785,0.0,0,0.0,0,0,0,0,0,0,0.0,0,0.0,0,0,0,39615.0,0,0.016909,723.0,0,0,39615.0,0,0.016909,0,0,0,0.0,0,0,0.0,0,0,,,,449.0,mobile_app,GS,22945.0,11502.0,8123.0,6337.0
ENG - Aventuras Caninas de Natal,120240470105850260,OUTCOME_ENGAGEMENT,2025-11-09,33,33,1.0,1,3.030303,0.150009,4.545725,0.150009,1.0,0,0.150009,1.0,0,0.150009,0.0,0,0.0,0,0,0,0,0,0,0.0,0,0.0,0,0,0,6.0,0,0.025001,1.0,0,0,6.0,0,0.025001,0,0,0,0.0,0,0,0.0,0,0,,,,1.0,mobile_web,GS,2.0,1.0,1.0,
TRAF - NATAL 25,120240534673620260,LINK_CLICKS,2025-11-09,25462,14010,1.817416,230,0.903307,0.455435,4.113974,104.75,205.0,0,0.510976,185.0,0,0.566216,0.0,0,0.0,0,0,0,0,0,0,0.0,0,0.0,0,0,0,214.0,0,0.489486,7.0,0,0,214.0,0,0.489486,0,0,0,0.0,0,0,0.0,0,0,,,,204.0,mobile_app,GS,,,,
ALC - Chapeuzinho vermelho Natal,120240755196880260,OUTCOME_AWARENESS,2025-11-09,249,249,1.0,0,0.0,0.0,2.089231,0.520219,0.0,0,0.0,0.0,0,0.0,0.0,0,0.0,0,0,0,0,0,0,0.0,0,0.0,0,0,0,2.0,0,0.260109,0.0,0,0,2.0,0,0.260109,0,0,0,0.0,0,0,0.0,0,0,,,,0.0,desktop,GS,5.0,2.0,1.0,1.0
ALC - Chapeuzinho vermelho Natal,120240755196880260,OUTCOME_AWARENESS,2025-11-09,289138,282311,1.024183,396,0.136959,1.260479,1.726337,499.149693,332.0,0,1.503463,114.0,0,4.378506,0.0,0,0.0,0,0,0,0,0,0,0.0,0,0.0,0,0,0,1002.0,0,0.498153,20.0,0,0,1002.0,0,0.498153,0,0,0,0.0,0,0,0.0,0,0,,,,332.0,mobile_app,GS,2203.0,804.0,457.0,326.0
ALC - Chapeuzinho vermelho Natal,120240755196880260,OUTCOME_AWARENESS,2025-11-09,101,101,1.0,2,1.980198,0.105044,2.080082,0.210088,2.0,0,0.105044,1.0,0,0.210088,0.0,0,0.0,0,0,0,0,0,0,0.0,0,0.0,0,0,0,2.0,0,0.105044,0.0,0,0,2.0,0,0.105044,0,0,0,0.0,0,0,0.0,0,0,,,,2.0,mobile_web,GS,,,,
ALC - Meu vilão favorito,120240755310190260,OUTCOME_AWARENESS,2025-11-09,445,445,1.0,0,0.0,0.0,1.618658,0.720303,0.0,0,0.0,0.0,0,0.0,0.0,0,0.0,0,0,0,0,0,0,0.0,0,0.0,0,0,0,42.0,0,0.01715,0.0,0,0,42.0,0,0.01715,0,0,0,0.0,0,0,0.0,0,0,,,,0.0,desktop,GS,19.0,12.0,6.0,5.0
ALC - Meu vilão favorito,120240755310190260,OUTCOME_AWARENESS,2025-11-09,278065,266850,1.042027,106,0.038121,4.705467,1.793752,498.779529,0.0,0,0.0,0.0,0,0.0,0.0,0,0.0,0,0,0,0,0,0,0.0,0,0.0,0,0,0,15418.0,0,0.03235,88.0,0,0,15418.0,0,0.03235,0,0,0,0.0,0,0,0.0,0,0,,,,0.0,mobile_app,GS,6471.0,2763.0,1502.0,554.0
ALC - Meu vilão favorito,120240755310190260,OUTCOME_AWARENESS,2025-11-09,215,215,1.0,0,0.0,0.0,1.861247,0.400168,0.0,0,0.0,0.0,0,0.0,0.0,0,0.0,0,0,0,0,0,0,0.0,0,0.0,0,0,0,27.0,0,0.014821,0.0,0,0,27.0,0,0.014821,0,0,0,0.0,0,0,0.0,0,0,,,,0.0,mobile_web,GS,9.0,,,
ALC - BLACK FRIDAY GS,120241055514670260,OUTCOME_AWARENESS,2025-11-09,363,360,1.008333,0,0.0,0.0,2.562048,0.930023,0.0,0,0.0,0.0,0,0.0,0.0,0,0.0,0,0,0,0,0,0,0.0,0,0.0,0,0,0,27.0,0,0.034445,0.0,0,0,27.0,0,0.034445,0,0,0,0.0,0,0,0.0,0,0,,,,0.0,desktop,GS,42.0,14.0,4.0,4.0
ALC - BLACK FRIDAY GS,120241055514670260,OUTCOME_AWARENESS,2025-11-09,375416,365798,1.026293,162,0.043152,4.930185,2.12748,798.689968,6.0,0,133.114995,4.0,0,199.672492,0.0,0,0.0,0,0,0,0,0,0,0.0,0,0.0,0,0,0,20101.0,0,0.039734,55.0,0,0,20101.0,0,0.039734,0,0,0,0.0,0,0,0.0,0,0,,,,5.0,mobile_app,GS,24935.0,11047.0,5346.0,3675.0
ALC - BLACK FRIDAY GS,120241055514670260,OUTCOME_AWARENESS,2025-11-09,153,153,1.0,0,0.0,0.0,2.353,0.360009,0.0,0,0.0,0.0,0,0.0,0.0,0,0.0,0,0,0,0,0,0,0.0,0,0.0,0,0,0,11.0,0,0.032728,0.0,0,0,11.0,0,0.032728,0,0,0,0.0,0,0,0.0,0,0,,,,0.0,mobile_web,GS,14.0,7.0,5.0,2.0
ALC- Tributo Elton John e Adele,120241070269760260,OUTCOME_AWARENESS,2025-11-09,1387,1387,1.0,1,0.072098,3.660055,2.638828,3.660055,0.0,0,0.0,0.0,0,0.0,0.0,0,0.0,0,0,0,0,0,0,0.0,0,0.0,0,0,0,83.0,0,0.044097,1.0,0,0,83.0,0,0.044097,0,0,0,0.0,0,0,0.0,0,0,,,,0.0,desktop,GS,26.0,17.0,13.0,10.0
ALC- Tributo Elton John e Adele,120241070269760260,OUTCOME_AWARENESS,2025-11-09,754325,713714,1.056901,1401,0.185729,1.423212,2.643317,1993.919909,1111.0,0,1.794707,408.0,0,4.887059,0.0,0,0.0,0,0,0,0,0,0,0.0,0,0.0,0,0,0,21289.0,0,0.09366,170.0,0,0,21289.0,0,0.09366,0,0,0,0.0,0,0,0.0,0,0,,,,1107.0,mobile_app,GS,7427.0,2482.0,1340.0,851.0
ALC- Tributo Elton John e Adele,120241070269760260,OUTCOME_AWARENESS,2025-11-09,957,957,1.0,0,0.0,0.0,2.486976,2.380036,0.0,0,0.0,0.0,0,0.0,0.0,0,0.0,0,0,0,0,0,0,0.0,0,0.0,0,0,0,67.0,0,0.035523,0.0,0,0,67.0,0,0.035523,0,0,0,0.0,0,0,0.0,0,0,,,,0.0,mobile_web,GS,12.0,6.0,4.0,3.0
ALC - MUSICAL TEMPO,120241072208340260,OUTCOME_AWARENESS,2025-11-09,955,955,1.0,1,0.104712,2.110011,2.209435,2.110011,0.0,0,0.0,0.0,0,0.0,0.0,0,0.0,0,0,0,0,0,0,0.0,0,0.0,0,0,0,40.0,0,0.05275,0.0,0,0,40.0,0,0.05275,0,0,0,0.0,0,0,0.0,0,0,,,,0.0,desktop,GS,23.0,18.0,11.0,10.0
ALC - MUSICAL TEMPO,120241072208340260,OUTCOME_AWARENESS,2025-11-09,760098,718020,1.058603,1427,0.187739,1.398633,2.62578,1995.849981,1178.0,0,1.69427,410.0,0,4.867927,0.0,0,0.0,0,0,0,0,0,0,0.0,0,0.0,0,0,0,13106.0,0,0.152285,165.0,0,0,13106.0,0,0.152285,0,0,0,0.0,0,0,0.0,0,0,,,,1176.0,mobile_app,GS,5992.0,2383.0,1020.0,690.0
ALC - MUSICAL TEMPO,120241072208340260,OUTCOME_AWARENESS,2025-11-09,652,652,1.0,1,0.153374,1.700009,2.607375,1.700009,0.0,0,0.0,0.0,0,0.0,0.0,0,0.0,0,0,0,0,0,0,0.0,0,0.0,0,0,0,25.0,0,0.068,0.0,0,0,25.0,0,0.068,0,0,0,0.0,0,0,0.0,0,0,,,,0.0,mobile_web,GS,11.0,5.0,3.0,2.0
TRAF - NATAL 25 CLIQUES 02,120241128882090260,LINK_CLICKS,2025-11-09,2,2,1.0,0,0.0,0.0,5.0,0.01,0.0,0,0.0,0.0,0,0.0,0.0,0,0.0,0,0,0,0,0,0,0.0,0,0.0,0,0,0,0.0,0,0.0,0.0,0,0,0.0,0,0.0,0,0,0,0.0,0,0,0.0,0,0,,,,0.0,desktop,GS,,,,
TRAF - NATAL 25 CLIQUES 02,120241128882090260,LINK_CLICKS,2025-11-09,27138,16311,1.663785,444,1.636082,0.404887,6.624291,179.77,395.0,0,0.455114,304.0,0,0.591349,0.0,0,0.0,0,0,0,0,0,0,0.0,0,0.0,0,0,0,637.0,0,0.282214,63.0,0,0,637.0,0,0.282214,0,0,0,0.0,0,0,0.0,0,0,,,,390.0,mobile_app,GS,113.0,57.0,41.0,30.0
ALC - NATAL 25,120240129895630260,OUTCOME_AWARENESS,2025-12-01,2795,1828,1.528993,4,0.143113,1.072641,1.535085,4.290562,0.0,0,0.0,0.0,0,0.0,0.0,0,0.0,0,0,0,0,0,0,0.0,0,0.0,0,0,0,87.0,0,0.049317,1.0,0,0,87.0,0,0.049317,0,0,0,0.0,0,0,0.0,0,0,,,,0.0,desktop,GS,70.0,33.0,24.0,14.0
ALC - NATAL 25,120240129895630260,OUTCOME_AWARENESS,2025-12-01,1384996,721178,1.920463,2647,0.19112,0.660007,1.261404,1747.038932,1479.0,0,1.18123,0.0,0,0.0,0.0,0,0.0,0,0,0,0,0,0,0.0,0,0.0,0,0,0,23556.0,0,0.074165,240.0,0,0,23559.0,0,0.074156,0,0,0,0.0,0,0,0.0,0,0,,,,1266.0,mobile_app,GS,17593.0,6670.0,3628.0,2024.0
ALC - NATAL 25,120240129895630260,OUTCOME_AWARENESS,2025-12-01,2845,1865,1.525469,11,0.386643,0.350955,1.356944,3.860506,3.0,0,1.286835,0.0,0,0.0,0.0,0,0.0,0,0,0,0,0,0,0.0,0,0.0,0,0,0,23.0,0,0.167848,0.0,0,0,23.0,0,0.167848,0,0,0,0.0,0,0,0.0,0,0,,,,3.0,mobile_web,GS,26.0,4.0,4.0,3.0
ALC - BLACK FRIDAY GS,120241055514670260,OUTCOME_AWARENESS,2025-12-01,0,0,0.0,0,0.0,0.0,0.0,0.0,0.0,0,0.0,0.0,0,0.0,0.0,0,0.0,0,0,0,0,0,0,0.0,0,0.0,0,0,0,0.0,0,0.0,0.0,0,0,0.0,0,0.0,0,0,0,0.0,0,0,0.0,0,0,,,,0.0,mobile_app,GS,,,,
TRAF - NATAL 25 CLIQUES 02,120241128882090260,LINK_CLICKS,2025-12-01,41,33,1.242424,0,0.0,0.0,3.170985,0.13001,0.0,0,0.0,0.0,0,0.0,0.0,0,0.0,0,0,0,0,0,0,0.0,0,0.0,0,0,0,1.0,0,0.13001,0.0,0,0,1.0,0,0.13001,0,0,0,0.0,0,0,0.0,0,0,,,,0.0,desktop,GS,1.0,,,
TRAF - NATAL 25 CLIQUES 02,120241128882090260,LINK_CLICKS,2025-12-01,475972,140382,3.390549,6007,1.262049,0.333945,4.214555,2006.009982,5443.0,0,0.368549,3954.0,0,0.507337,0.0,0,0.0,0,0,0,0,0,0,0.0,0,0.0,0,0,0,16545.0,0,0.121246,584.0,0,0,16545.0,0,0.121246,0,0,0,0.0,0,0,0.0,0,0,,,,5314.0,mobile_app,GS,7961.0,5304.0,2972.0,2273.0
TRAF - NATAL 25 CLIQUES 02,120241128882090260,LINK_CLICKS,2025-12-01,19,14,1.357143,0,0.0,0.0,5.263578,0.100008,0.0,0,0.0,0.0,0,0.0,0.0,0,0.0,0,0,0,0,0,0,0.0,0,0.0,0,0,0,0.0,0,0.0,0.0,0,0,0.0,0,0.0,0,0,0,0.0,0,0,0.0,0,0,,,,0.0,mobile_web,GS,,,,
ALC - Árvore solidária,120241456113430260,OUTCOME_AWARENESS,2025-12-01,250051,201689,1.239785,246,0.09838,1.518618,1.494015,373.58,195.0,0,1.915795,0.0,0,0.0,0.0,0,0.0,0,0,0,0,0,0,0.0,0,0.0,0,0,0,3202.0,0,0.116671,21.0,0,0,3202.0,0,0.116671,0,0,0,0.0,0,0,0.0,0,0,,,,2.0,mobile_app,GS,2859.0,1226.0,792.0,581.0
Coral Adventista,120241456346500260,OUTCOME_AWARENESS,2025-12-01,222222,213369,1.041492,204,0.0918,1.715539,1.574867,349.97,153.0,0,2.287386,0.0,0,0.0,0.0,0,0.0,0,0,0,0,0,0,0.0,0,0.0,0,0,0,169.0,0,2.070828,15.0,0,0,169.0,0,2.070828,0,0,0,0.0,0,0,0.0,0,0,,,,0.0,mobile_app,GS,,,,
ALC - Inauguração - Manly,120241830292400260,OUTCOME_AWARENESS,2025-12-01,233881,137458,1.701472,222,0.09492,1.351216,1.282575,299.97,161.0,0,1.863168,0.0,0,0.0,0.0,0,0.0,0,0,0,0,0,0,0.0,0,0.0,0,0,0,5970.0,0,0.050246,22.0,0,0,5970.0,0,0.050246,0,0,0,0.0,0,0,0.0,0,0,,,,2.0,mobile_app,GS,1350.0,205.0,101.0,66.0
ALC - Encontro Pet com Noel,120241868146220260,OUTCOME_AWARENESS,2025-12-01,306820,291605,1.052177,416,0.135584,1.201875,1.629555,499.98,335.0,0,1.492478,0.0,0,0.0,0.0,0,0.0,0,0,0,0,0,0,0.0,0,0.0,0,0,0,809.0,0,0.618022,34.0,0,0,809.0,0,0.618022,0,0,0,0.0,0,0,0.0,0,0,,,,1.0,mobile_app,GS,425.0,170.0,100.0,68.0
ALC - MODA,120242232300500260,OUTCOME_AWARENESS,2025-12-01,457177,307807,1.485272,612,0.133865,0.89848,1.202751,549.87,394.0,0,1.395609,1.0,0,549.87,0.0,0,0.0,0,0,0,0,0,0,0.0,0,0.0,0,0,0,21055.0,0,0.026116,46.0,0,0,21055.0,0,0.026116,0,0,0,0.0,0,0,0.0,0,0,,,,1.0,mobile_app,GS,925.0,228.0,128.0,87.0
ALC - Rubens Herbst - Zootopia 2,120242385359030260,OUTCOME_AWARENESS,2025-12-01,254049,184780,1.374873,298,0.1173,1.00651,1.180638,299.94,232.0,0,1.292845,0.0,0,0.0,0.0,0,0.0,0,0,0,0,0,0,0.0,0,0.0,0,0,0,12653.0,0,0.023705,87.0,0,0,12653.0,0,0.023705,0,0,0,0.0,0,0,0.0,0,0,,,,0.0,mobile_app,GS,150.0,55.0,23.0,14.0
ALC - NATAL 25,120240129895630260,OUTCOME_AWARENESS,2026-01-01,2041,1630,1.252147,2,0.097991,1.000138,0.980047,2.000276,0.0,0,0.0,0.0,0,0.0,0.0,0,0.0,0,0,0,0,0,0,0.0,0,0.0,0,0,0,179.0,0,0.011175,0.0,0,0,179.0,0,0.011175,0,0,0,0.0,0,0,0.0,0,0,,,,0.0,desktop,GS,180.0,90.0,56.0,39.0
ALC - NATAL 25,120240129895630260,OUTCOME_AWARENESS,2026-01-01,726258,626580,1.159083,904,0.124474,0.63907,0.795474,577.719602,574.0,0,1.00648,0.0,0,0.0,0.0,0,0.0,0,0,0,0,0,0,0.0,0,0.0,0,0,0,22138.0,0,0.026096,86.0,0,0,22138.0,0,0.026096,0,0,0,0.0,0,0,0.0,0,0,,,,404.0,mobile_app,GS,19205.0,7107.0,3823.0,2278.0
ALC - NATAL 25,120240129895630260,OUTCOME_AWARENESS,2026-01-01,1174,1096,1.071168,4,0.340716,0.222531,0.758196,0.890123,2.0,0,0.445061,0.0,0,0.0,0.0,0,0.0,0,0,0,0,0,0,0.0,0,0.0,0,0,0,22.0,0,0.04046,0.0,0,0,22.0,0,0.04046,0,0,0,0.0,0,0,0.0,0,0,,,,2.0,mobile_web,GS,30.0,8.0,5.0,2.0
TRAF - NATAL 25 CLIQUES 02,120241128882090260,LINK_CLICKS,2026-01-01,133,111,1.198198,2,1.503759,0.09001,1.353532,0.18002,2.0,0,0.09001,0.0,0,0.0,0.0,0,0.0,0,0,0,0,0,0,0.0,0,0.0,0,0,0,6.0,0,0.030003,0.0,0,0,6.0,0,0.030003,0,0,0,0.0,0,0,0.0,0,0,,,,2.0,desktop,GS,4.0,2.0,1.0,
TRAF - NATAL 25 CLIQUES 02,120241128882090260,LINK_CLICKS,2026-01-01,186780,74615,2.50325,2727,1.460006,0.234136,3.418407,638.48998,2471.0,0,0.258393,1790.0,0,0.356698,0.0,0,0.0,0,0,0,0,0,0,0.0,0,0.0,0,0,0,7911.0,0,0.080709,144.0,0,0,7911.0,0,0.080709,0,0,0,0.0,0,0,0.0,0,0,,,,2388.0,mobile_app,GS,4971.0,2924.0,1767.0,1379.0
TRAF - NATAL 25 CLIQUES 02,120241128882090260,LINK_CLICKS,2026-01-01,5,5,1.0,0,0.0,0.0,0.0,0.0,0.0,0,0.0,0.0,0,0.0,0.0,0,0.0,0,0,0,0,0,0,0.0,0,0.0,0,0,0,0.0,0,0.0,0.0,0,0,0.0,0,0.0,0,0,0,0.0,0,0,0.0,0,0,,,,0.0,mobile_web,GS,,,,
ALC - MODA,120242232300500260,OUTCOME_AWARENESS,2026-01-01,1012843,583213,1.736661,1127,0.111271,0.958616,1.066661,1080.36,696.0,0,1.552241,1.0,0,1080.36,0.0,0,0.0,0,0,0,0,0,0,0.0,0,0.0,0,0,0,52191.0,0,0.0207,151.0,0,0,52191.0,0,0.0207,0,0,0,0.0,0,0,0.0,0,0,,,,0.0,mobile_app,GS,1845.0,567.0,318.0,213.0
ALC - LIQUIDA,120243051638560260,OUTCOME_AWARENESS,2026-01-01,1584267,1294109,1.224215,1655,0.104465,1.80777,1.888482,2991.86,1219.0,0,2.454356,0.0,0,0.0,0.0,0,0.0,0,0,0,0,0,0,0.0,0,0.0,0,0,0,74302.0,0,0.040266,195.0,0,0,74302.0,0,0.040266,0,0,0,0.0,0,0,0.0,0,0,,,,0.0,mobile_app,GS,53875.0,21245.0,12518.0,8979.0
ALC - Filme Bob Esponja,120243182467530260,OUTCOME_AWARENESS,2026-01-01,214027,142807,1.498715,228,0.106529,1.096184,1.16775,249.93,148.0,0,1.688716,0.0,0,0.0,0.0,0,0.0,0,0,0,0,0,0,0.0,0,0.0,0,0,0,17821.0,0,0.014024,81.0,0,0,17821.0,0,0.014024,0,0,0,0.0,0,0,0.0,0,0,,,,0.0,mobile_app,GS,20857.0,6309.0,2939.0,1977.0
ALC - CORRIDA SHOPPING,120243392123360260,OUTCOME_AWARENESS,2026-01-01,421,333,1.264264,0,0.0,0.0,1.163877,0.489992,0.0,0,0.0,0.0,0,0.0,0.0,0,0.0,0,0,0,0,0,0,0.0,0,0.0,0,0,0,60.0,0,0.008167,0.0,0,0,60.0,0,0.008167,0,0,0,0.0,0,0,0.0,0,0,,,,0.0,desktop,GS,18.0,9.0,4.0,1.0
ALC - CORRIDA SHOPPING,120243392123360260,OUTCOME_AWARENESS,2026-01-01,484111,229540,2.109049,595,0.122906,1.035681,1.272911,616.230017,398.0,0,1.548317,0.0,0,0.0,0.0,0,0.0,0,0,0,0,0,0,0.0,0,0.0,0,0,0,20779.0,0,0.029656,98.0,0,0,20779.0,0,0.029656,0,0,0,0.0,0,0,0.0,0,0,,,,398.0,mobile_app,GS,5243.0,1655.0,860.0,379.0
ALC - CORRIDA SHOPPING,120243392123360260,OUTCOME_AWARENESS,2026-01-01,311,238,1.306723,1,0.321543,0.559991,1.800614,0.559991,0.0,0,0.0,0.0,0,0.0,0.0,0,0.0,0,0,0,0,0,0,0.0,0,0.0,0,0,0,34.0,0,0.01647,0.0,0,0,34.0,0,0.01647,0,0,0,0.0,0,0,0.0,0,0,,,,0.0,mobile_web,GS,7.0,4.0,3.0,1.0
ALC - Exposição Legueiros,120243666484080260,OUTCOME_AWARENESS,2026-01-01,442938,303102,1.46135,547,0.123494,1.406764,1.737263,769.5,372.0,0,2.068548,0.0,0,0.0,0.0,0,0.0,0,0,0,0,0,0,0.0,0,0.0,0,0,0,10792.0,0,0.071303,119.0,0,0,10792.0,0,0.071303,0,0,0,0.0,0,0,0.0,0,0,,,,0.0,mobile_app,GS,3661.0,1265.0,724.0,488.0
ALC - Volta às aulas,120243667013080260,OUTCOME_AWARENESS,2026-01-01,146522,95664,1.531632,171,0.116706,1.136667,1.326558,194.37,139.0,0,1.398345,0.0,0,0.0,0.0,0,0.0,0,0,0,0,0,0,0.0,0,0.0,0,0,0,1199.0,0,0.16211,8.0,0,0,1199.0,0,0.16211,0,0,0,0.0,0,0,0.0,0,0,,,,0.0,mobile_app,GS,462.0,312.0,56.0,39.0
ALC - MODA,120242232300500260,OUTCOME_AWARENESS,2026-02-01,170841,170841,1.0,184,0.107702,1.142989,1.231028,210.31,133.0,0,1.581278,0.0,0,0.0,0.0,0,0.0,0,0,0,0,0,0,0.0,0,0.0,0,0,0,8095.0,0,0.02598,17.0,0,0,8095.0,0,0.02598,0,0,0,0.0,0,0,0.0,0,0,,,,0.0,mobile_app,GS,238.0,77.0,52.0,34.0
ALC - CORRIDA SHOPPING,120243392123360260,OUTCOME_AWARENESS,2026-02-01,157,143,1.097902,0,0.0,0.0,1.273885,0.2,0.0,0,0.0,0.0,0,0.0,0.0,0,0.0,0,0,0,0,0,0,0.0,0,0.0,0,0,0,20.0,0,0.01,0.0,0,0,20.0,0,0.01,0,0,0,0.0,0,0,0.0,0,0,,,,0.0,desktop,GS,6.0,2.0,1.0,
ALC - CORRIDA SHOPPING,120243392123360260,OUTCOME_AWARENESS,2026-02-01,237531,166809,1.42397,281,0.1183,1.029502,1.217904,289.29,198.0,0,1.461061,0.0,0,0.0,0.0,0,0.0,0,0,0,0,0,0,0.0,0,0.0,0,0,0,9758.0,0,0.029646,44.0,0,0,9758.0,0,0.029646,0,0,0,0.0,0,0,0.0,0,0,,,,198.0,mobile_app,GS,2403.0,706.0,368.0,170.0
ALC - CORRIDA SHOPPING,120243392123360260,OUTCOME_AWARENESS,2026-02-01,153,144,1.0625,0,0.0,0.0,1.372549,0.21,0.0,0,0.0,0.0,0,0.0,0.0,0,0.0,0,0,0,0,0,0,0.0,0,0.0,0,0,0,17.0,0,0.012353,0.0,0,0,17.0,0,0.012353,0,0,0,0.0,0,0,0.0,0,0,,,,0.0,mobile_web,GS,5.0,1.0,,
ALC - Exposição Legueiros,120243666484080260,OUTCOME_AWARENESS,2026-02-01,550897,408662,1.34805,741,0.134508,1.378219,1.853813,1021.26,502.0,0,2.034382,0.0,0,0.0,0.0,0,0.0,0,0,0,0,0,0,0.0,0,0.0,0,0,0,15214.0,0,0.067126,149.0,0,0,15214.0,0,0.067126,0,0,0,0.0,0,0,0.0,0,0,,,,0.0,mobile_app,GS,5146.0,1846.0,1020.0,716.0
ALC - Volta às aulas,120243667013080260,OUTCOME_AWARENESS,2026-02-01,209056,152581,1.370131,191,0.091363,1.323508,1.209198,252.79,149.0,0,1.696577,0.0,0,0.0,0.0,0,0.0,0,0,0,0,0,0,0.0,0,0.0,0,0,0,1345.0,0,0.187948,13.0,0,0,1345.0,0,0.187948,0,0,0,0.0,0,0,0.0,0,0,,,,0.0,mobile_app,GS,462.0,238.0,66.0,43.0
ALC - Bailinho de carnaval e carnapet,120244043225990260,OUTCOME_AWARENESS,2026-02-01,235489,198856,1.184219,272,0.115504,1.310551,1.513744,356.47,218.0,0,1.635183,0.0,0,0.0,0.0,0,0.0,0,0,0,0,0,0,0.0,0,0.0,0,0,0,1992.0,0,0.178951,10.0,0,0,1992.0,0,0.178951,0,0,0,0.0,0,0,0.0,0,0,,,,0.0,mobile_app,GS,2372.0,1087.0,707.0,529.0
ALC - Semana do Cinema,120244043525950260,OUTCOME_AWARENESS,2026-02-01,78902,69155,1.140944,189,0.239538,0.597989,1.43241,113.02,141.0,0,0.80156,2.0,0,56.51,0.0,0,0.0,0,0,0,0,0,0,0.0,0,0.0,0,0,0,902.0,0,0.125299,9.0,0,0,902.0,0,0.125299,0,0,0,0.0,0,0,0.0,0,0,,,,0.0,mobile_app,GS,1659.0,726.0,438.0,327.0
ALC - MODA,120242232300500260,OUTCOME_AWARENESS,2026-02-07,622817,391850,1.589427,670,0.107576,1.148701,1.235724,769.63,442.0,0,1.741244,0.0,0,0.0,0.0,0,0.0,0,0,0,0,0,0,0.0,0,0.0,0,0,0,31473.0,0,0.024454,67.0,0,0,31473.0,0,0.024454,0,0,0,0.0,0,0,0.0,0,0,,,,0.0,mobile_app,GS,927.0,330.0,190.0,129.0
ALC - CORRIDA SHOPPING,120243392123360260,OUTCOME_AWARENESS,2026-02-07,619,497,1.245473,0,0.0,0.0,1.082373,0.669989,0.0,0,0.0,0.0,0,0.0,0.0,0,0.0,0,0,0,0,0,0,0.0,0,0.0,0,0,0,79.0,0,0.008481,0.0,0,0,79.0,0,0.008481,0,0,0,0.0,0,0,0.0,0,0,,,,0.0,desktop,GS,16.0,9.0,7.0,6.0
ALC - CORRIDA SHOPPING,120243392123360260,OUTCOME_AWARENESS,2026-02-07,487801,261468,1.865624,569,0.116646,1.040176,1.213323,591.860018,404.0,0,1.465,0.0,0,0.0,0.0,0,0.0,0,0,0,0,0,0,0.0,0,0.0,0,0,0,24352.0,0,0.024304,91.0,0,0,24352.0,0,0.024304,0,0,0,0.0,0,0,0.0,0,0,,,,404.0,mobile_app,GS,5331.0,1580.0,825.0,396.0
ALC - CORRIDA SHOPPING,120243392123360260,OUTCOME_AWARENESS,2026-02-07,391,305,1.281967,1,0.255754,0.409993,1.048576,0.409993,1.0,0,0.409993,0.0,0,0.0,0.0,0,0.0,0,0,0,0,0,0,0.0,0,0.0,0,0,0,50.0,0,0.0082,0.0,0,0,50.0,0,0.0082,0,0,0,0.0,0,0,0.0,0,0,,,,1.0,mobile_web,GS,6.0,4.0,,
ALC - Exposição Legueiros,120243666484080260,OUTCOME_AWARENESS,2026-02-07,109503,109503,1.0,147,0.134243,1.420816,1.907345,208.86,99.0,0,2.109697,0.0,0,0.0,0.0,0,0.0,0,0,0,0,0,0,0.0,0,0.0,0,0,0,3354.0,0,0.062272,36.0,0,0,3354.0,0,0.062272,0,0,0,0.0,0,0,0.0,0,0,,,,0.0,mobile_app,GS,1132.0,361.0,185.0,132.0
ALC - Volta às aulas,120243667013080260,OUTCOME_AWARENESS,2026-02-07,39161,38107,1.027659,40,0.102142,1.32025,1.348536,52.81,31.0,0,1.703548,0.0,0,0.0,0.0,0,0.0,0,0,0,0,0,0,0.0,0,0.0,0,0,0,208.0,0,0.253894,4.0,0,0,208.0,0,0.253894,0,0,0,0.0,0,0,0.0,0,0,,,,0.0,mobile_app,GS,66.0,38.0,9.0,3.0
ALC - Bailinho de carnaval e carnapet,120244043225990260,OUTCOME_AWARENESS,2026-02-07,97388,95304,1.021867,113,0.116031,1.268142,1.471434,143.3,88.0,0,1.628409,0.0,0,0.0,0.0,0,0.0,0,0,0,0,0,0,0.0,0,0.0,0,0,0,670.0,0,0.213881,2.0,0,0,670.0,0,0.213881,0,0,0,0.0,0,0,0.0,0,0,,,,0.0,mobile_app,GS,757.0,337.0,215.0,154.0
ALC - Semana do Cinema,120244043525950260,OUTCOME_AWARENESS,2026-02-07,295156,226815,1.301307,602,0.20396,0.642209,1.30985,386.61,434.0,0,0.890806,11.0,0,35.146364,0.0,0,0.0,0,0,0,0,0,0,0.0,0,0.0,0,0,0,2241.0,0,0.172517,33.0,0,0,2241.0,0,0.172517,0,0,0,0.0,0,0,0.0,0,0,,,,0.0,mobile_app,GS,4198.0,1724.0,985.0,746.0
ALC - Retail Experience,120244288353810260,OUTCOME_AWARENESS,2026-02-07,57,46,1.23913,0,0.0,0.0,1.403509,0.08,0.0,0,0.0,0.0,0,0.0,0.0,0,0.0,0,0,0,0,0,0,0.0,0,0.0,0,0,0,0.0,0,0.0,0.0,0,0,0.0,0,0.0,0,0,0,0.0,0,0,0.0,0,0,,,,0.0,desktop,GS,,,,
ALC - Retail Experience,120244288353810260,OUTCOME_AWARENESS,2026-02-07,73257,43705,1.67617,87,0.11876,0.935402,1.110884,81.38,69.0,0,1.17942,1.0,0,81.38,0.0,0,0.0,0,0,0,0,0,0,0.0,0,0.0,0,0,0,74.0,0,1.09973,4.0,0,0,74.0,0,1.09973,0,0,0,0.0,0,0,0.0,0,0,,,,13.0,mobile_app,GS,,,,
ALC - Retail Experience,120244288353810260,OUTCOME_AWARENESS,2026-02-07,21,19,1.105263,0,0.0,0.0,1.904762,0.04,0.0,0,0.0,0.0,0,0.0,0.0,0,0.0,0,0,0,0,0,0,0.0,0,0.0,0,0,0,0.0,0,0.0,0.0,0,0,0.0,0,0.0,0,0,0,0.0,0,0,0.0,0,0,,,,0.0,mobile_web,GS,,,,
ALC - Heroinas do Kpop,120244790251900260,OUTCOME_AWARENESS,2026-02-07,444,407,1.090909,1,0.225225,0.70997,1.599031,0.70997,0.0,0,0.0,0.0,0,0.0,0.0,0,0.0,0,0,0,0,0,0,0.0,0,0.0,0,0,0,1.0,0,0.70997,0.0,0,0,1.0,0,0.70997,0,0,0,0.0,0,0,0.0,0,0,,,,0.0,desktop,GS,,,,
ALC - Heroinas do Kpop,120244790251900260,OUTCOME_AWARENESS,2026-02-07,333211,220268,1.512753,701,0.210377,0.665892,1.400884,466.790046,569.0,0,0.820369,235.0,0,1.986341,0.0,0,0.0,0,0,0,0,0,0,0.0,0,0.0,0,0,0,731.0,0,0.638564,34.0,0,0,731.0,0,0.638564,0,0,0,0.0,0,0,0.0,0,0,,,,568.0,mobile_app,GS,,,,
ALC - Heroinas do Kpop,120244790251900260,OUTCOME_AWARENESS,2026-02-07,234,217,1.078341,1,0.42735,0.359985,1.538396,0.359985,0.0,0,0.0,0.0,0,0.0,0.0,0,0.0,0,0,0,0,0,0,0.0,0,0.0,0,0,0,0.0,0,0.0,0.0,0,0,0.0,0,0.0,0,0,0,0.0,0,0,0.0,0,0,,,,0.0,mobile_web,GS,,,,
ALC - Heroinas do Kpop,120244790251900260,OUTCOME_AWARENESS,2026-02-07,0,0,0.0,0,0.0,0.0,0.0,0.0,0.0,0,0.0,1.0,0,0.0,0.0,0,0.0,0,0,0,0,0,0,0.0,0,0.0,0,0,0,0.0,0,0.0,0.0,0,0,0.0,0,0.0,0,0,0,0.0,0,0,0.0,0,0,,,,0.0,unknown,GS,,,,
ALC - Benefícios AJFans,120244790529090260,OUTCOME_AWARENESS,2026-02-07,309,284,1.088028,0,0.0,0.0,1.779935,0.55,0.0,0,0.0,0.0,0,0.0,0.0,0,0.0,0,0,0,0,0,0,0.0,0,0.0,0,0,0,16.0,0,0.034375,0.0,0,0,16.0,0,0.034375,0,0,0,0.0,0,0,0.0,0,0,,,,0.0,desktop,GS,5.0,2.0,2.0,2.0
ALC - Benefícios AJFans,120244790529090260,OUTCOME_AWARENESS,2026-02-07,173082,112277,1.541562,138,0.079731,1.64529,1.311806,227.05,109.0,0,2.083028,0.0,0,0.0,0.0,0,0.0,0,0,0,0,0,0,0.0,0,0.0,0,0,0,2714.0,0,0.083659,13.0,0,0,2714.0,0,0.083659,0,0,0,0.0,0,0,0.0,0,0,,,,109.0,mobile_app,GS,1121.0,637.0,278.0,104.0
ALC - Benefícios AJFans,120244790529090260,OUTCOME_AWARENESS,2026-02-07,129,122,1.057377,0,0.0,0.0,1.472868,0.19,0.0,0,0.0,0.0,0,0.0,0.0,0,0.0,0,0,0,0,0,0,0.0,0,0.0,0,0,0,9.0,0,0.021111,0.0,0,0,9.0,0,0.021111,0,0,0,0.0,0,0,0.0,0,0,,,,0.0,mobile_web,GS,3.0,2.0,,
ALC - Aniversário Joinville - Atlantida,120245006540330260,OUTCOME_AWARENESS,2026-02-07,526,504,1.043651,6,1.140684,0.168333,1.920152,1.01,0.0,0,0.0,0.0,0,0.0,0.0,0,0.0,0,0,0,0,0,0,0.0,0,0.0,0,0,0,117.0,0,0.008632,0.0,0,0,117.0,0,0.008632,0,0,0,0.0,0,0,0.0,0,0,,,,0.0,desktop,GS,25.0,12.0,9.0,5.0
ALC - Aniversário Joinville - Atlantida,120245006540330260,OUTCOME_AWARENESS,2026-02-07,479143,426078,1.124543,1164,0.242934,0.856048,2.07963,996.44,11.0,0,90.585455,0.0,0,0.0,0.0,0,0.0,0,0,0,0,0,0,0.0,0,0.0,0,0,0,55124.0,0,0.018076,241.0,0,0,55125.0,0,0.018076,0,0,0,0.0,0,0,0.0,0,0,,,,3.0,mobile_app,GS,9956.0,2851.0,1578.0,986.0
ALC - Aniversário Joinville - Atlantida,120245006540330260,OUTCOME_AWARENESS,2026-02-07,611,611,1.0,2,0.327332,0.59,1.93126,1.18,0.0,0,0.0,0.0,0,0.0,0.0,0,0.0,0,0,0,0,0,0,0.0,0,0.0,0,0,0,102.0,0,0.011569,1.0,0,0,102.0,0,0.011569,0,0,0,0.0,0,0,0.0,0,0,,,,0.0,mobile_web,GS,21.0,11.0,6.0,5.0
ALC - MODA,120242232300500260,OUTCOME_AWARENESS,2026-03-01,82969,77780,1.066714,84,0.101243,1.109643,1.123432,93.21,60.0,0,1.5535,0.0,0,0.0,0.0,0,0.0,0,0,0,0,0,0,0.0,0,0.0,0,0,0,4346.0,0,0.021447,7.0,0,0,4346.0,0,0.021447,0,0,0,0.0,0,0,0.0,0,0,,,,0.0,mobile_app,GS,86.0,22.0,12.0,7.0
ALC - Heroinas do Kpop,120244790251900260,OUTCOME_AWARENESS,2026-03-01,38,38,1.0,0,0.0,0.0,0.789474,0.03,0.0,0,0.0,0.0,0,0.0,0.0,0,0.0,0,0,0,0,0,0,0.0,0,0.0,0,0,0,0.0,0,0.0,0.0,0,0,0.0,0,0.0,0,0,0,0.0,0,0,0.0,0,0,,,,0.0,desktop,GS,,,,
ALC - Heroinas do Kpop,120244790251900260,OUTCOME_AWARENESS,2026-03-01,24440,24440,1.0,54,0.220949,0.594259,1.313011,32.09,44.0,0,0.729318,27.0,0,1.188519,0.0,0,0.0,0,0,0,0,0,0,0.0,0,0.0,0,0,0,57.0,0,0.562982,5.0,0,0,57.0,0,0.562982,0,0,0,0.0,0,0,0.0,0,0,,,,44.0,mobile_app,GS,,,,
ALC - Heroinas do Kpop,120244790251900260,OUTCOME_AWARENESS,2026-03-01,32,32,1.0,0,0.0,0.0,0.3125,0.01,0.0,0,0.0,0.0,0,0.0,0.0,0,0.0,0,0,0,0,0,0,0.0,0,0.0,0,0,0,0.0,0,0.0,0.0,0,0,0.0,0,0.0,0,0,0,0.0,0,0,0.0,0,0,,,,0.0,mobile_web,GS,,,,
ALC - Benefícios AJFans,120244790529090260,OUTCOME_AWARENESS,2026-03-01,1108,963,1.150571,0,0.0,0.0,1.173285,1.3,0.0,0,0.0,0.0,0,0.0,0.0,0,0.0,0,0,0,0,0,0,0.0,0,0.0,0,0,0,46.0,0,0.028261,0.0,0,0,46.0,0,0.028261,0,0,0,0.0,0,0,0.0,0,0,,,,0.0,desktop,GS,21.0,9.0,8.0,7.0
ALC - Benefícios AJFans,120244790529090260,OUTCOME_AWARENESS,2026-03-01,336644,210815,1.596869,323,0.095947,1.24,1.189743,400.52,260.0,0,1.540462,0.0,0,0.0,0.0,0,0.0,0,0,0,0,0,0,0.0,0,0.0,0,0,0,6189.0,0,0.064715,21.0,0,0,6189.0,0,0.064715,0,0,0,0.0,0,0,0.0,0,0,,,,258.0,mobile_app,GS,2382.0,1163.0,555.0,219.0
ALC - Benefícios AJFans,120244790529090260,OUTCOME_AWARENESS,2026-03-01,401,356,1.126404,1,0.249377,0.48,1.197007,0.48,0.0,0,0.0,0.0,0,0.0,0.0,0,0.0,0,0,0,0,0,0,0.0,0,0.0,0,0,0,17.0,0,0.028235,0.0,0,0,17.0,0,0.028235,0,0,0,0.0,0,0,0.0,0,0,,,,0.0,mobile_web,GS,6.0,,,
ALC - Aniversário Joinville - Atlantida,120245006540330260,OUTCOME_AWARENESS,2026-03-01,0,0,0.0,0,0.0,0.0,0.0,0.0,0.0,0,0.0,0.0,0,0.0,0.0,0,0.0,0,0,0,0,0,0,0.0,0,0.0,0,0,0,0.0,0,0.0,0.0,0,0,0.0,0,0.0,0,0,0,0.0,0,0,0.0,0,0,,,,0.0,mobile_app,GS,,,,
ALC - Exposição Territórios Internos,120245275376110260,OUTCOME_AWARENESS,2026-03-01,1356,893,1.518477,0,0.0,0.0,1.327406,1.799962,0.0,0,0.0,0.0,0,0.0,0.0,0,0.0,0,0,0,0,0,0,0.0,0,0.0,0,0,0,131.0,0,0.01374,0.0,0,0,131.0,0,0.01374,0,0,0,0.0,0,0,0.0,0,0,,,,0.0,desktop,GS,16.0,9.0,5.0,5.0
ALC - Exposição Territórios Internos,120245275376110260,OUTCOME_AWARENESS,2026-03-01,694133,309236,2.244671,408,0.058778,2.313652,1.359927,943.970057,10.0,0,94.397006,0.0,0,0.0,0.0,0,0.0,0,0,0,0,0,0,0.0,0,0.0,0,0,0,42114.0,0,0.022415,119.0,0,0,42114.0,0,0.022415,0,0,0,0.0,0,0,0.0,0,0,,,,3.0,mobile_app,GS,5237.0,1318.0,645.0,393.0
ALC - Exposição Territórios Internos,120245275376110260,OUTCOME_AWARENESS,2026-03-01,599,449,1.334076,2,0.33389,0.444991,1.485778,0.889981,0.0,0,0.0,0.0,0,0.0,0.0,0,0.0,0,0,0,0,0,0,0.0,0,0.0,0,0,0,48.0,0,0.018541,0.0,0,0,48.0,0,0.018541,0,0,0,0.0,0,0,0.0,0,0,,,,0.0,mobile_web,GS,5.0,2.0,1.0,1.0
ALC - COTTON,120245275442810260,OUTCOME_AWARENESS,2026-03-01,2510,1739,1.443358,1,0.039841,3.369896,1.342588,3.369896,0.0,0,0.0,0.0,0,0.0,0.0,0,0.0,0,0,0,0,0,0,0.0,0,0.0,0,0,0,516.0,0,0.006531,0.0,0,0,516.0,0,0.006531,0,0,0,0.0,0,0,0.0,0,0,,,,0.0,desktop,GS,69.0,26.0,19.0,13.0
ALC - COTTON,120245275442810260,OUTCOME_AWARENESS,2026-03-01,710400,355224,1.999865,643,0.090512,1.508445,1.36533,969.930139,8.0,0,121.241267,0.0,0,0.0,0.0,0,0.0,0,0,0,0,0,0,0.0,0,0.0,0,0,0,46374.0,0,0.020915,170.0,0,0,46375.0,0,0.020915,0,0,0,0.0,0,0,0.0,0,0,,,,1.0,mobile_app,GS,5083.0,1648.0,953.0,504.0
ALC - COTTON,120245275442810260,OUTCOME_AWARENESS,2026-03-01,884,583,1.516295,2,0.226244,0.574982,1.300865,1.149965,0.0,0,0.0,0.0,0,0.0,0.0,0,0.0,0,0,0,0,0,0,0.0,0,0.0,0,0,0,81.0,0,0.014197,1.0,0,0,81.0,0,0.014197,0,0,0,0.0,0,0,0.0,0,0,,,,0.0,mobile_web,GS,10.0,5.0,2.0,1.0
ALC - COTTON,120245275442810260,OUTCOME_AWARENESS,2026-03-01,1,1,1.0,0,0.0,0.0,0.0,0.0,0.0,0,0.0,0.0,0,0.0,0.0,0,0.0,0,0,0,0,0,0,0.0,0,0.0,0,0,0,0.0,0,0.0,0.0,0,0,0.0,0,0.0,0,0,0,0.0,0,0,0.0,0,0,,,,0.0,unknown,GS,,,,
ALC - TODO MUNDO EM PANICO,120245275605620260,OUTCOME_AWARENESS,2026-03-01,5182,3559,1.456027,5,0.096488,1.383981,1.335373,6.919904,0.0,0,0.0,0.0,0,0.0,0.0,0,0.0,0,0,0,0,0,0,0.0,0,0.0,0,0,0,898.0,0,0.007706,1.0,0,0,898.0,0,0.007706,0,0,0,0.0,0,0,0.0,0,0,,,,0.0,desktop,GS,51.0,28.0,22.0,14.0
ALC - TODO MUNDO EM PANICO,120245275605620260,OUTCOME_AWARENESS,2026-03-01,1037686,505064,2.054563,2539,0.244679,0.565916,1.384677,1436.860125,910.0,0,1.578967,442.0,0,3.250815,0.0,0,0.0,0,0,0,0,0,0,0.0,0,0.0,0,0,0,72381.0,0,0.019851,361.0,0,0,72381.0,0,0.019851,0,0,0,0.0,0,0,0.0,0,0,,,,905.0,mobile_app,GS,1465.0,573.0,326.0,160.0
ALC - TODO MUNDO EM PANICO,120245275605620260,OUTCOME_AWARENESS,2026-03-01,1560,1103,1.414325,3,0.192308,0.70999,1.365366,2.129971,0.0,0,0.0,0.0,0,0.0,0.0,0,0.0,0,0,0,0,0,0,0.0,0,0.0,0,0,0,154.0,0,0.013831,3.0,0,0,154.0,0,0.013831,0,0,0,0.0,0,0,0.0,0,0,,,,0.0,mobile_web,GS,,,,
ALC - Últimos eventos do GS,120245278626830260,OUTCOME_AWARENESS,2026-03-01,66895,49776,1.343921,66,0.098662,1.249848,1.233127,82.49,51.0,0,1.617451,0.0,0,0.0,0.0,0,0.0,0,0,0,0,0,0,0.0,0,0.0,0,0,0,514.0,0,0.160486,7.0,0,0,514.0,0,0.160486,0,0,0,0.0,0,0,0.0,0,0,,,,0.0,mobile_app,GS,188.0,121.0,48.0,13.0
ALC - ANIVERSARIO JOINVILLE GARTEN,120245447327370260,OUTCOME_AWARENESS,2026-03-01,523,359,1.456825,0,0.0,0.0,1.357553,0.71,0.0,0,0.0,0.0,0,0.0,0.0,0,0.0,0,0,0,0,0,0,0.0,0,0.0,0,0,0,0.0,0,0.0,0.0,0,0,0.0,0,0.0,0,0,0,0.0,0,0,0.0,0,0,,,,0.0,desktop,GS,,,,
ALC - ANIVERSARIO JOINVILLE GARTEN,120245447327370260,OUTCOME_AWARENESS,2026-03-01,260643,172987,1.50672,137,0.052562,2.546423,1.338459,348.86,8.0,0,43.6075,0.0,0,0.0,0.0,0,0.0,0,0,0,0,0,0,0.0,0,0.0,0,0,0,82.0,0,4.25439,43.0,0,0,82.0,0,4.25439,0,0,0,0.0,0,0,0.0,0,0,,,,1.0,mobile_app,GS,,,,
ALC - ANIVERSARIO JOINVILLE GARTEN,120245447327370260,OUTCOME_AWARENESS,2026-03-01,361,279,1.293907,1,0.277008,0.42,1.163435,0.42,0.0,0,0.0,0.0,0,0.0,0.0,0,0.0,0,0,0,0,0,0,0.0,0,0.0,0,0,0,1.0,0,0.42,0.0,0,0,1.0,0,0.42,0,0,0,0.0,0,0,0.0,0,0,,,,0.0,mobile_web,GS,,,,
ALC- SEMANA DO CONSUMIDOR,120245447379270260,OUTCOME_AWARENESS,2026-03-01,1561,1286,1.213841,0,0.0,0.0,2.049894,3.199885,0.0,0,0.0,0.0,0,0.0,0.0,0,0.0,0,0,0,0,0,0,0.0,0,0.0,0,0,0,66.0,0,0.048483,0.0,0,0,66.0,0,0.048483,0,0,0,0.0,0,0,0.0,0,0,,,,0.0,desktop,GS,213.0,68.0,30.0,25.0
ALC- SEMANA DO CONSUMIDOR,120245447379270260,OUTCOME_AWARENESS,2026-03-01,1062648,672742,1.579577,1771,0.166659,1.406471,2.344013,2490.860209,1485.0,0,1.677347,0.0,0,0.0,0.0,0,0.0,0,0,0,0,0,0,0.0,0,0.0,0,0,0,26381.0,0,0.094419,89.0,0,0,26381.0,0,0.094419,0,0,0,0.0,0,0,0.0,0,0,,,,1476.0,mobile_app,GS,65089.0,24811.0,13998.0,10032.0
ALC- SEMANA DO CONSUMIDOR,120245447379270260,OUTCOME_AWARENESS,2026-03-01,1191,942,1.264331,1,0.083963,2.609906,2.191357,2.609906,1.0,0,2.609906,0.0,0,0.0,0.0,0,0.0,0,0,0,0,0,0,0.0,0,0.0,0,0,0,60.0,0,0.043498,0.0,0,0,60.0,0,0.043498,0,0,0,0.0,0,0,0.0,0,0,,,,1.0,mobile_web,GS,135.0,60.0,29.0,18.0
ALC - Camiseta Centauro,120246042142770260,OUTCOME_AWARENESS,2026-03-01,648,502,1.290837,3,0.462963,0.276667,1.280864,0.83,0.0,0,0.0,0.0,0,0.0,0.0,0,0.0,0,0,0,0,0,0,0.0,0,0.0,0,0,0,77.0,0,0.010779,0.0,0,0,77.0,0,0.010779,0,0,0,0.0,0,0,0.0,0,0,,,,0.0,desktop,GS,18.0,7.0,3.0,3.0
ALC - Camiseta Centauro,120246042142770260,OUTCOME_AWARENESS,2026-03-01,106425,69188,1.5382,265,0.249002,0.547547,1.363401,145.1,68.0,0,2.133824,37.0,0,3.921622,0.0,0,0.0,0,0,0,0,0,0,0.0,0,0.0,0,0,0,5710.0,0,0.025412,31.0,0,0,5710.0,0,0.025412,0,0,0,0.0,0,0,0.0,0,0,,,,68.0,mobile_app,GS,1113.0,291.0,160.0,91.0
ALC - Camiseta Centauro,120246042142770260,OUTCOME_AWARENESS,2026-03-01,324,248,1.306452,1,0.308642,0.41,1.265432,0.41,0.0,0,0.0,0.0,0,0.0,0.0,0,0.0,0,0,0,0,0,0,0.0,0,0.0,0,0,0,15.0,0,0.027333,0.0,0,0,15.0,0,0.027333,0,0,0,0.0,0,0,0.0,0,0,,,,0.0,mobile_web,GS,1.0,,,
ALC - PROMO IPHONE,120246044174640260,OUTCOME_AWARENESS,2026-03-01,1233,881,1.399546,0,0.0,0.0,1.459854,1.8,0.0,0,0.0,0.0,0,0.0,0.0,0,0.0,0,0,0,0,0,0,0.0,0,0.0,0,0,0,0.0,0,0.0,0.0,0,0,0.0,0,0.0,0,0,0,0.0,0,0,0.0,0,0,,,,0.0,desktop,GS,,,,
ALC - PROMO IPHONE,120246044174640260,OUTCOME_AWARENESS,2026-03-01,409361,253818,1.612813,603,0.147303,0.99,1.458297,596.97,453.0,0,1.317815,3.0,0,198.99,0.0,0,0.0,0,0,0,0,0,0,0.0,0,0.0,0,0,0,520.0,0,1.148019,55.0,0,0,520.0,0,1.148019,0,0,0,0.0,0,0,0.0,0,0,,,,452.0,mobile_app,GS,1.0,,,
ALC - PROMO IPHONE,120246044174640260,OUTCOME_AWARENESS,2026-03-01,524,387,1.354005,3,0.572519,0.24,1.374046,0.72,2.0,0,0.36,0.0,0,0.0,0.0,0,0.0,0,0,0,0,0,0,0.0,0,0.0,0,0,0,2.0,0,0.36,0.0,0,0,2.0,0,0.36,0,0,0,0.0,0,0,0.0,0,0,,,,2.0,mobile_web,GS,,,,
ALC - Turma do Coelho,120246044270030260,OUTCOME_AWARENESS,2026-03-01,235,211,1.113744,0,0.0,0.0,1.531915,0.36,0.0,0,0.0,0.0,0,0.0,0.0,0,0.0,0,0,0,0,0,0,0.0,0,0.0,0,0,0,9.0,0,0.04,0.0,0,0,9.0,0,0.04,0,0,0,0.0,0,0,0.0,0,0,,,,0.0,desktop,GS,19.0,9.0,7.0,5.0
ALC - Turma do Coelho,120246044270030260,OUTCOME_AWARENESS,2026-03-01,68584,64710,1.059867,103,0.150181,0.923495,1.386912,95.12,65.0,0,1.463385,33.0,0,2.882424,0.0,0,0.0,0,0,0,0,0,0,0.0,0,0.0,0,0,0,1720.0,0,0.055302,6.0,0,0,1721.0,0,0.05527,0,0,0,0.0,0,0,0.0,0,0,,,,65.0,mobile_app,GS,4479.0,1657.0,934.0,619.0
ALC - Turma do Coelho,120246044270030260,OUTCOME_AWARENESS,2026-03-01,210,192,1.09375,2,0.952381,0.14,1.333333,0.28,1.0,0,0.28,1.0,0,0.28,0.0,0,0.0,0,0,0,0,0,0,0.0,0,0.0,0,0,0,4.0,0,0.07,0.0,0,0,4.0,0,0.07,0,0,0,0.0,0,0,0.0,0,0,,,,1.0,mobile_web,GS,4.0,3.0,1.0,1.0
ALC - Musical - A menina da casa mágica,120246044406370260,OUTCOME_AWARENESS,2026-03-01,384,317,1.211356,0,0.0,0.0,1.432292,0.55,0.0,0,0.0,0.0,0,0.0,0.0,0,0.0,0,0,0,0,0,0,0.0,0,0.0,0,0,0,10.0,0,0.055,0.0,0,0,10.0,0,0.055,0,0,0,0.0,0,0,0.0,0,0,,,,0.0,desktop,GS,25.0,5.0,2.0,
ALC - Musical - A menina da casa mágica,120246044406370260,OUTCOME_AWARENESS,2026-03-01,184113,135309,1.360686,419,0.227578,0.593771,1.35129,248.79,217.0,0,1.146498,117.0,0,2.12641,0.0,0,0.0,0,0,0,0,0,0,0.0,0,0.0,0,0,0,4037.0,0,0.061627,43.0,0,0,4037.0,0,0.061627,0,0,0,0.0,0,0,0.0,0,0,,,,217.0,mobile_app,GS,5660.0,1868.0,1006.0,641.0
ALC - Musical - A menina da casa mágica,120246044406370260,OUTCOME_AWARENESS,2026-03-01,506,379,1.335092,1,0.197628,0.66,1.304348,0.66,1.0,0,0.66,1.0,0,0.66,0.0,0,0.0,0,0,0,0,0,0,0.0,0,0.0,0,0,0,9.0,0,0.073333,0.0,0,0,9.0,0,0.073333,0,0,0,0.0,0,0,0.0,0,0,,,,1.0,mobile_web,GS,15.0,6.0,6.0,2.0
ENG - Panico 7,120246044638080260,OUTCOME_ENGAGEMENT,2026-03-01,152,142,1.070423,0,0.0,0.0,2.039306,0.309975,0.0,0,0.0,0.0,0,0.0,0.0,0,0.0,0,0,0,0,0,0,0.0,0,0.0,0,0,0,93.0,0,0.003333,1.0,0,0,93.0,0,0.003333,0,0,0,0.0,0,0,0.0,0,0,,,,0.0,desktop,GS,6.0,5.0,4.0,2.0
ENG - Panico 7,120246044638080260,OUTCOME_ENGAGEMENT,2026-03-01,37077,28377,1.306586,397,1.070745,0.305995,3.276426,121.480034,61.0,0,1.991476,35.0,0,3.470858,0.0,0,0.0,0,0,0,0,0,0,0.0,0,0.0,0,0,0,20908.0,0,0.00581,178.0,0,0,20908.0,0,0.00581,0,0,0,0.0,0,0,0.0,0,0,,,,56.0,mobile_app,GS,1429.0,751.0,539.0,97.0
ENG - Panico 7,120246044638080260,OUTCOME_ENGAGEMENT,2026-03-01,40,39,1.025641,0,0.0,0.0,2.749774,0.109991,0.0,0,0.0,0.0,0,0.0,0.0,0,0.0,0,0,0,0,0,0,0.0,0,0.0,0,0,0,20.0,0,0.0055,0.0,0,0,20.0,0,0.0055,0,0,0,0.0,0,0,0.0,0,0,,,,0.0,mobile_web,GS,1.0,1.0,1.0,
TRAF - FRANQUIA,120246486234420260,LINK_CLICKS,2026-03-01,5889,5462,1.078176,158,2.682968,0.239051,6.413653,37.77,123.0,0,0.307073,106.0,0,0.356321,0.0,0,0.0,0,0,0,0,0,0,0.0,0,0.0,0,0,0,137.0,0,0.275693,8.0,0,0,137.0,0,0.275693,0,0,0,0.0,0,0,0.0,0,0,,,,122.0,mobile_app,GS,,,,
ENG - FRANQUIAS,120246492291640260,OUTCOME_ENGAGEMENT,2026-03-01,653,445,1.467416,17,2.603369,0.844118,21.975498,14.35,13.0,0,1.103846,0.0,0,0.0,0.0,0,0.0,0,0,0,0,0,0,0.0,0,0.0,0,0,0,19.0,0,0.755263,4.0,0,0,20.0,0,0.7175,0,0,0,0.0,0,0,0.0,0,0,,,,9.0,mobile_app,GS,,,,
ALC - Camiseta Centauro,120246042142770260,OUTCOME_AWARENESS,2026-04-01,449,419,1.071599,1,0.222717,0.559946,1.247095,0.559946,0.0,0,0.0,0.0,0,0.0,0.0,0,0.0,0,0,0,0,0,0,0.0,0,0.0,0,0,0,46.0,0,0.012173,0.0,0,0,46.0,0,0.012173,0,0,0,0.0,0,0,0.0,0,0,,,,0.0,desktop,GS,12.0,4.0,3.0,2.0
ALC - Camiseta Centauro,120246042142770260,OUTCOME_AWARENESS,2026-04-01,95353,70838,1.346071,189,0.198211,0.539736,1.069815,102.010075,49.0,0,2.081838,28.0,0,3.643217,0.0,0,0.0,0,0,0,0,0,0,0.0,0,0.0,0,0,0,4975.0,0,0.020505,31.0,0,0,4975.0,0,0.020505,0,0,0,0.0,0,0,0.0,0,0,,,,49.0,mobile_app,GS,898.0,229.0,107.0,63.0
ALC - Camiseta Centauro,120246042142770260,OUTCOME_AWARENESS,2026-04-01,227,194,1.170103,1,0.440529,0.20998,0.92502,0.20998,0.0,0,0.0,0.0,0,0.0,0.0,0,0.0,0,0,0,0,0,0,0.0,0,0.0,0,0,0,9.0,0,0.023331,0.0,0,0,9.0,0,0.023331,0,0,0,0.0,0,0,0.0,0,0,,,,0.0,mobile_web,GS,1.0,1.0,1.0,1.0
ALC - PROMO IPHONE,120246044174640260,OUTCOME_AWARENESS,2026-04-01,6042,3537,1.708227,3,0.049652,3.439928,1.708008,10.319785,2.0,0,5.159893,0.0,0,0.0,0.0,0,0.0,0,0,0,0,0,0,0.0,0,0.0,0,0,0,851.0,0,0.012127,0.0,0,0,851.0,0,0.012127,0,0,0,0.0,0,0,0.0,0,0,,,,2.0,desktop,GS,227.0,89.0,59.0,50.0
ALC - PROMO IPHONE,120246044174640260,OUTCOME_AWARENESS,2026-04-01,1557659,600859,2.592387,2404,0.154334,0.992467,1.531715,2385.890297,1864.0,0,1.279984,218.0,0,10.944451,0.0,0,0.0,0,0,0,0,0,0,0.0,0,0.0,0,0,0,60485.0,0,0.039446,150.0,0,0,60487.0,0,0.039445,0,0,0,0.0,0,0,0.0,0,0,,,,1860.0,mobile_app,GS,11029.0,3264.0,1478.0,932.0
ALC - PROMO IPHONE,120246044174640260,OUTCOME_AWARENESS,2026-04-01,2581,1462,1.76539,8,0.309957,0.49499,1.534257,3.959918,3.0,0,1.319973,1.0,0,3.959918,0.0,0,0.0,0,0,0,0,0,0,0.0,0,0.0,0,0,0,63.0,0,0.062856,1.0,0,0,63.0,0,0.062856,0,0,0,0.0,0,0,0.0,0,0,,,,3.0,mobile_web,GS,13.0,4.0,2.0,1.0
ENG - Panico 7,120246044638080260,OUTCOME_ENGAGEMENT,2026-04-01,37,36,1.027778,0,0.0,0.0,1.081081,0.04,0.0,0,0.0,0.0,0,0.0,0.0,0,0.0,0,0,0,0,0,0,0.0,0,0.0,0,0,0,17.0,0,0.002353,0.0,0,0,17.0,0,0.002353,0,0,0,0.0,0,0,0.0,0,0,,,,0.0,desktop,GS,,,,
ENG - Panico 7,120246044638080260,OUTCOME_ENGAGEMENT,2026-04-01,7841,7487,1.047282,68,0.867236,0.347647,3.014922,23.64,8.0,0,2.955,5.0,0,4.728,0.0,0,0.0,0,0,0,0,0,0,0.0,0,0.0,0,0,0,4464.0,0,0.005296,33.0,0,0,4464.0,0,0.005296,0,0,0,0.0,0,0,0.0,0,0,,,,7.0,mobile_app,GS,307.0,152.0,103.0,21.0
ENG - Panico 7,120246044638080260,OUTCOME_ENGAGEMENT,2026-04-01,14,14,1.0,0,0.0,0.0,2.857143,0.04,0.0,0,0.0,0.0,0,0.0,0.0,0,0.0,0,0,0,0,0,0,0.0,0,0.0,0,0,0,11.0,0,0.003636,0.0,0,0,11.0,0,0.003636,0,0,0,0.0,0,0,0.0,0,0,,,,0.0,mobile_web,GS,1.0,1.0,1.0,
TRAF - FRANQUIA,120246486234420260,LINK_CLICKS,2026-04-01,13,11,1.181818,0,0.0,0.0,2.307645,0.029999,0.0,0,0.0,0.0,0,0.0,0.0,0,0.0,0,0,0,0,0,0,0.0,0,0.0,0,0,0,0.0,0,0.0,0.0,0,0,0.0,0,0.0,0,0,0,0.0,0,0,0.0,0,0,,,,0.0,desktop,GS,,,,
TRAF - FRANQUIA,120246486234420260,LINK_CLICKS,2026-04-01,152540,112141,1.360252,5119,3.355841,0.095917,3.218828,491.000001,3257.0,0,0.150752,2581.0,0,0.190236,0.0,0,0.0,0,0,0,0,0,0,0.0,0,0.0,0,0,0,3464.0,0,0.141744,143.0,0,0,3466.0,0,0.141662,0,0,0,0.0,0,0,0.0,0,0,,,,3257.0,mobile_app,GS,,,,
TRAF - FRANQUIA,120246486234420260,LINK_CLICKS,2026-04-01,2,2,1.0,0,0.0,0.0,0.0,0.0,0.0,0,0.0,0.0,0,0.0,0.0,0,0.0,0,0,0,0,0,0,0.0,0,0.0,0,0,0,0.0,0,0.0,0.0,0,0,0.0,0,0.0,0,0,0,0.0,0,0,0.0,0,0,,,,0.0,mobile_web,GS,,,,
ENG - FRANQUIAS,120246492291640260,OUTCOME_ENGAGEMENT,2026-04-01,32685,16292,2.006199,592,1.811228,0.814679,14.755698,482.29,245.0,0,1.968531,1.0,0,482.29,0.0,0,0.0,0,0,0,0,0,0,0.0,0,0.0,0,0,0,336.0,0,1.435387,76.0,0,0,338.0,0,1.426893,0,0,0,0.0,0,0,0.0,0,0,,,,192.0,mobile_app,GS,,,,
ENG - FRANQUIAS,120246492291640260,OUTCOME_ENGAGEMENT,2026-04-01,22,16,1.375,0,0.0,0.0,23.181818,0.51,0.0,0,0.0,0.0,0,0.0,0.0,0,0.0,0,0,0,0,0,0,0.0,0,0.0,0,0,0,0.0,0,0.0,0.0,0,0,0.0,0,0.0,0,0,0,0.0,0,0,0.0,0,0,,,,0.0,mobile_web,GS,,,,
ALC - ELLAS,120246600992030260,OUTCOME_AWARENESS,2026-04-01,899,703,1.278805,0,0.0,0.0,1.012236,0.91,0.0,0,0.0,0.0,0,0.0,0.0,0,0.0,0,0,0,0,0,0,0.0,0,0.0,0,0,0,25.0,0,0.0364,0.0,0,0,25.0,0,0.0364,0,0,0,0.0,0,0,0.0,0,0,,,,0.0,desktop,GS,14.0,4.0,3.0,1.0
ALC - ELLAS,120246600992030260,OUTCOME_AWARENESS,2026-04-01,509303,371292,1.371705,634,0.124484,0.7853,0.977571,497.88,459.0,0,1.084706,190.0,0,2.620421,0.0,0,0.0,0,0,0,0,0,0,0.0,0,0.0,0,0,0,9021.0,0,0.055191,52.0,0,0,9022.0,0,0.055185,0,0,0,0.0,0,0,0.0,0,0,,,,459.0,mobile_app,GS,4882.0,2206.0,1045.0,422.0
ALC - ELLAS,120246600992030260,OUTCOME_AWARENESS,2026-04-01,1118,785,1.424204,2,0.178891,0.595,1.064401,1.19,0.0,0,0.0,0.0,0,0.0,0.0,0,0.0,0,0,0,0,0,0,0.0,0,0.0,0,0,0,6.0,0,0.198333,1.0,0,0,6.0,0,0.198333,0,0,0,0.0,0,0,0.0,0,0,,,,0.0,mobile_web,GS,3.0,2.0,1.0,1.0
TRAF - PROMO IPHONE,120246819817910260,LINK_CLICKS,2026-04-01,603,80,7.5375,4,0.66335,0.185004,1.227222,0.740015,4.0,0,0.185004,3.0,0,0.246672,0.0,0,0.0,0,0,0,0,0,0,0.0,0,0.0,0,0,0,107.0,0,0.006916,0.0,0,0,107.0,0,0.006916,0,0,0,0.0,0,0,0.0,0,0,,,,4.0,desktop,GS,98.0,99.0,99.0,99.0
TRAF - PROMO IPHONE,120246819817910260,LINK_CLICKS,2026-04-01,230963,53093,4.350159,3374,1.46084,0.147919,2.160866,499.079985,2977.0,0,0.167645,1262.0,0,0.395468,0.0,0,0.0,0,0,0,0,0,0,0.0,0,0.0,0,0,0,15251.0,0,0.032724,103.0,0,0,15251.0,0,0.032724,0,0,0,0.0,0,0,0.0,0,0,,,,2977.0,mobile_app,GS,4426.0,1991.0,1324.0,497.0
TRAF - PROMO IPHONE,120246819817910260,LINK_CLICKS,2026-04-01,28,17,1.647059,0,0.0,0.0,0.7143,0.02,0.0,0,0.0,0.0,0,0.0,0.0,0,0.0,0,0,0,0,0,0,0.0,0,0.0,0,0,0,0.0,0,0.0,0.0,0,0,0.0,0,0.0,0,0,0,0.0,0,0,0.0,0,0,,,,0.0,mobile_web,GS,,,,
ALC - DINOS,120247009600330260,OUTCOME_AWARENESS,2026-04-01,4519,2788,1.620875,3,0.066386,1.930019,1.281269,5.790057,3.0,0,1.930019,1.0,0,5.790057,0.0,0,0.0,0,0,0,0,0,0,0.0,0,0.0,0,0,0,792.0,0,0.007311,0.0,0,0,792.0,0,0.007311,0,0,0,0.0,0,0,0.0,0,0,,,,3.0,desktop,GS,1135.0,585.0,342.0,219.0
ALC - DINOS,120247009600330260,OUTCOME_AWARENESS,2026-04-01,782862,316495,2.473537,2941,0.375673,0.344757,1.295158,1013.929908,844.0,0,1.201339,586.0,0,1.730256,0.0,0,0.0,0,0,0,0,0,0,0.0,0,0.0,0,0,0,63791.0,0,0.015895,391.0,0,0,63800.0,0,0.015892,0,0,0,0.0,0,0,0.0,0,0,,,,841.0,mobile_app,GS,104845.0,43281.0,25284.0,17260.0
ALC - DINOS,120247009600330260,OUTCOME_AWARENESS,2026-04-01,2897,1606,1.803861,14,0.483259,0.256431,1.239225,3.590035,4.0,0,0.897509,2.0,0,1.795018,0.0,0,0.0,0,0,0,0,0,0,0.0,0,0.0,0,0,0,196.0,0,0.018317,2.0,0,0,196.0,0,0.018317,0,0,0,0.0,0,0,0.0,0,0,,,,4.0,mobile_web,GS,310.0,128.0,79.0,63.0
TRAF - FRANQUIA 02,120247121341160260,LINK_CLICKS,2026-04-01,131,84,1.559524,15,11.450382,0.019334,2.213785,0.290006,8.0,0,0.036251,3.0,0,0.096669,0.0,0,0.0,0,0,0,0,0,0,0.0,0,0.0,0,0,0,8.0,0,0.036251,0.0,0,0,8.0,0,0.036251,0,0,0,0.0,0,0,0.0,0,0,,,,8.0,desktop,GS,,,,
TRAF - FRANQUIA 02,120247121341160260,LINK_CLICKS,2026-04-01,125390,86213,1.454421,7955,6.344206,0.062792,3.983651,499.509993,6375.0,0,0.078355,3038.0,0,0.164421,0.0,0,0.0,0,0,0,0,0,0,0.0,0,0.0,0,0,0,6655.0,0,0.075058,249.0,0,0,6656.0,0,0.075047,0,0,0,0.0,0,0,0.0,0,0,,,,6374.0,mobile_app,GS,,,,
TRAF - FRANQUIA 02,120247121341160260,LINK_CLICKS,2026-04-01,57,54,1.055556,2,3.508772,0.035001,1.228095,0.070001,0.0,0,0.0,0.0,0,0.0,0.0,0,0.0,0,0,0,0,0,0,0.0,0,0.0,0,0,0,1.0,0,0.070001,1.0,0,0,1.0,0,0.070001,0,0,0,0.0,0,0,0.0,0,0,,,,0.0,mobile_web,GS,,,,
ENG - FRANQUIAS GS,120247121838140260,OUTCOME_ENGAGEMENT,2026-04-01,36239,17892,2.02543,624,1.721902,0.797324,13.729132,497.530005,275.0,0,1.8092,5.0,0,99.506001,0.0,0,0.0,0,0,0,0,0,0,0.0,0,0.0,0,0,0,364.0,0,1.366841,62.0,0,0,366.0,0,1.359372,0,0,0,0.0,0,0,0.0,0,0,,,,218.0,mobile_app,GS,,,,
ENG - FRANQUIAS GS,120247121838140260,OUTCOME_ENGAGEMENT,2026-04-01,17,13,1.307692,0,0.0,0.0,14.117363,0.239995,0.0,0,0.0,0.0,0,0.0,0.0,0,0.0,0,0,0,0,0,0,0.0,0,0.0,0,0,0,0.0,0,0.0,0.0,0,0,0.0,0,0.0,0,0,0,0.0,0,0,0.0,0,0,,,,0.0,mobile_web,GS,,,,
ALC - Candlelight,120247551389570260,OUTCOME_AWARENESS,2026-04-01,883,789,1.119138,0,0.0,0.0,1.200453,1.06,0.0,0,0.0,0.0,0,0.0,0.0,0,0.0,0,0,0,0,0,0,0.0,0,0.0,0,0,0,125.0,0,0.00848,0.0,0,0,125.0,0,0.00848,0,0,0,0.0,0,0,0.0,0,0,,,,0.0,desktop,GS,152.0,73.0,36.0,22.0
ALC - Candlelight,120247551389570260,OUTCOME_AWARENESS,2026-04-01,281325,200796,1.401049,249,0.08851,1.397068,1.236541,347.87,1.0,0,347.87,0.0,0,0.0,0.0,0,0.0,0,0,0,0,0,0,0.0,0,0.0,0,0,0,15346.0,0,0.022668,55.0,0,0,15347.0,0,0.022667,0,0,0,0.0,0,0,0.0,0,0,,,,0.0,mobile_app,GS,19298.0,7919.0,4332.0,2915.0
ALC - Candlelight,120247551389570260,OUTCOME_AWARENESS,2026-04-01,410,372,1.102151,2,0.487805,0.24,1.170732,0.48,0.0,0,0.0,0.0,0,0.0,0.0,0,0.0,0,0,0,0,0,0,0.0,0,0.0,0,0,0,27.0,0,0.017778,1.0,0,0,27.0,0,0.017778,0,0,0,0.0,0,0,0.0,0,0,,,,0.0,mobile_web,GS,33.0,13.0,5.0,4.0
ALC - LOOKS OUTONO,120247552534330260,OUTCOME_AWARENESS,2026-04-01,152,144,1.055556,0,0.0,0.0,1.315625,0.199975,0.0,0,0.0,0.0,0,0.0,0.0,0,0.0,0,0,0,0,0,0,0.0,0,0.0,0,0,0,13.0,0,0.015383,0.0,0,0,13.0,0,0.015383,0,0,0,0.0,0,0,0.0,0,0,,,,0.0,desktop,GS,5.0,3.0,2.0,1.0
ALC - LOOKS OUTONO,120247552534330260,OUTCOME_AWARENESS,2026-04-01,58099,39928,1.455094,23,0.039588,3.476958,1.376444,79.970032,0.0,0,0.0,0.0,0,0.0,0.0,0,0.0,0,0,0,0,0,0,0.0,0,0.0,0,0,0,2350.0,0,0.03403,13.0,0,0,2350.0,0,0.03403,0,0,0,0.0,0,0,0.0,0,0,,,,0.0,mobile_app,GS,136.0,60.0,46.0,15.0
ALC - LOOKS OUTONO,120247552534330260,OUTCOME_AWARENESS,2026-04-01,42,41,1.02439,0,0.0,0.0,1.428393,0.059993,0.0,0,0.0,0.0,0,0.0,0.0,0,0.0,0,0,0,0,0,0,0.0,0,0.0,0,0,0,1.0,0,0.059993,0.0,0,0,1.0,0,0.059993,0,0,0,0.0,0,0,0.0,0,0,,,,0.0,mobile_web,GS,,,,
ALC - DIABO VESTE PRADA,120247980664870260,OUTCOME_AWARENESS,2026-04-01,224,215,1.04186,0,0.0,0.0,1.115992,0.249982,0.0,0,0.0,0.0,0,0.0,0.0,0,0.0,0,0,0,0,0,0,0.0,0,0.0,0,0,0,21.0,0,0.011904,0.0,0,0,21.0,0,0.011904,0,0,0,0.0,0,0,0.0,0,0,,,,0.0,desktop,GS,11.0,6.0,3.0,2.0
ALC - DIABO VESTE PRADA,120247980664870260,OUTCOME_AWARENESS,2026-04-01,93114,67989,1.369545,212,0.227678,0.661651,1.506433,140.270027,139.0,0,1.009137,85.0,0,1.650236,0.0,0,0.0,0,0,0,0,0,0,0.0,0,0.0,0,0,0,3968.0,0,0.03535,28.0,0,0,3968.0,0,0.03535,0,0,0,0.0,0,0,0.0,0,0,,,,139.0,mobile_app,GS,2050.0,1042.0,415.0,181.0
ALC - DIABO VESTE PRADA,120247980664870260,OUTCOME_AWARENESS,2026-04-01,93,86,1.081395,1,1.075269,0.129991,1.39775,0.129991,0.0,0,0.0,0.0,0,0.0,0.0,0,0.0,0,0,0,0,0,0,0.0,0,0.0,0,0,0,15.0,0,0.008666,1.0,0,0,15.0,0,0.008666,0,0,0,0.0,0,0,0.0,0,0,,,,0.0,mobile_web,GS,6.0,1.0,1.0,
ALC - PROMO MAES 26,120247981257820260,OUTCOME_AWARENESS,2026-04-01,285,277,1.028881,0,0.0,0.0,1.54374,0.439966,0.0,0,0.0,0.0,0,0.0,0.0,0,0.0,0,0,0,0,0,0,0.0,0,0.0,0,0,0,16.0,0,0.027498,0.0,0,0,16.0,0,0.027498,0,0,0,0.0,0,0,0.0,0,0,,,,0.0,desktop,GS,7.0,4.0,3.0,2.0
ALC - PROMO MAES 26,120247981257820260,OUTCOME_AWARENESS,2026-04-01,80639,61892,1.302899,73,0.090527,1.759042,1.592406,128.410049,58.0,0,2.213966,16.0,0,8.025628,0.0,0,0.0,0,0,0,0,0,0,0.0,0,0.0,0,0,0,2797.0,0,0.04591,12.0,0,0,2797.0,0,0.04591,0,0,0,0.0,0,0,0.0,0,0,,,,58.0,mobile_app,GS,1102.0,498.0,184.0,121.0
ALC - PROMO MAES 26,120247981257820260,OUTCOME_AWARENESS,2026-04-01,115,112,1.026786,0,0.0,0.0,1.652046,0.189985,0.0,0,0.0,0.0,0,0.0,0.0,0,0.0,0,0,0,0,0,0,0.0,0,0.0,0,0,0,6.0,0,0.031664,0.0,0,0,6.0,0,0.031664,0,0,0,0.0,0,0,0.0,0,0,,,,0.0,mobile_web,GS,1.0,1.0,1.0,1.0
TRAF - PROMO MAES 26,120247999952910260,LINK_CLICKS,2026-04-01,4,4,1.0,0,0.0,0.0,5.0,0.02,0.0,0,0.0,0.0,0,0.0,0.0,0,0.0,0,0,0,0,0,0,0.0,0,0.0,0,0,0,0.0,0,0.0,0.0,0,0,0.0,0,0.0,0,0,0,0.0,0,0,0.0,0,0,,,,0.0,desktop,GS,,,,
TRAF - PROMO MAES 26,120247999952910260,LINK_CLICKS,2026-04-01,14803,11048,1.339881,460,3.107478,0.278283,8.647571,128.01,432.0,0,0.296319,242.0,0,0.528967,0.0,0,0.0,0,0,0,0,0,0,0.0,0,0.0,0,0,0,2521.0,0,0.050777,37.0,0,0,2521.0,0,0.050777,0,0,0,0.0,0,0,0.0,0,0,,,,432.0,mobile_app,GS,738.0,399.0,169.0,115.0
TRAF - PROMO MAES 26,120247999952910260,LINK_CLICKS,2026-04-01,1,1,1.0,0,0.0,0.0,0.0,0.0,0.0,0,0.0,0.0,0,0.0,0.0,0,0.0,0,0,0,0,0,0,0.0,0,0.0,0,0,0,0.0,0,0.0,0.0,0,0,0.0,0,0.0,0,0,0,0.0,0,0,0.0,0,0,,,,0.0,mobile_web,GS,,,,
ALC - CINEMA,120248115202810260,OUTCOME_AWARENESS,2026-04-01,34,34,1.0,0,0.0,0.0,0.881833,0.029982,0.0,0,0.0,0.0,0,0.0,0.0,0,0.0,0,0,0,0,0,0,0.0,0,0.0,0,0,0,2.0,0,0.014991,0.0,0,0,2.0,0,0.014991,0,0,0,0.0,0,0,0.0,0,0,,,,0.0,desktop,GS,,,,
ALC - CINEMA,120248115202810260,OUTCOME_AWARENESS,2026-04-01,21435,19557,1.096027,19,0.08864,1.781054,1.578728,33.840029,18.0,0,1.880002,11.0,0,3.076366,0.0,0,0.0,0,0,0,0,0,0,0.0,0,0.0,0,0,0,1011.0,0,0.033472,7.0,0,0,1011.0,0,0.033472,0,0,0,0.0,0,0,0.0,0,0,,,,18.0,mobile_app,GS,26.0,11.0,5.0,3.0
ALC - CINEMA,120248115202810260,OUTCOME_AWARENESS,2026-04-01,13,13,1.0,0,0.0,0.0,1.537554,0.019988,0.0,0,0.0,0.0,0,0.0,0.0,0,0.0,0,0,0,0,0,0,0.0,0,0.0,0,0,0,0.0,0,0.0,0.0,0,0,0.0,0,0.0,0,0,0,0.0,0,0,0.0,0,0,,,,0.0,mobile_web,GS,,,,
ALC - DINOS,120247009600330260,OUTCOME_AWARENESS,2026-05-01,1145,931,1.22986,1,0.087336,1.539956,1.34494,1.539956,1.0,0,1.539956,1.0,0,1.539956,0.0,0,0.0,0,0,0,0,0,0,0.0,0,0.0,0,0,0,171.0,0,0.009006,0.0,0,0,171.0,0,0.009006,0,0,0,0.0,0,0,0.0,0,0,,,,1.0,desktop,GS,189.0,88.0,45.0,26.0
ALC - DINOS,120247009600330260,OUTCOME_AWARENESS,2026-05-01,257382,173405,1.484282,813,0.315873,0.424527,1.340964,345.14008,256.0,0,1.348203,116.0,0,2.975346,0.0,0,0.0,0,0,0,0,0,0,0.0,0,0.0,0,0,0,16089.0,0,0.021452,112.0,0,0,16090.0,0,0.021451,0,0,0,0.0,0,0,0.0,0,0,,,,252.0,mobile_app,GS,20790.0,8423.0,5000.0,3358.0
ALC - DINOS,120247009600330260,OUTCOME_AWARENESS,2026-05-01,1099,878,1.251708,2,0.181984,0.629982,1.146464,1.259964,1.0,0,1.259964,0.0,0,0.0,0.0,0,0.0,0,0,0,0,0,0,0.0,0,0.0,0,0,0,50.0,0,0.025199,0.0,0,0,50.0,0,0.025199,0,0,0,0.0,0,0,0.0,0,0,,,,1.0,mobile_web,GS,68.0,24.0,11.0,7.0
ENG - FRANQUIAS GS,120247121838140260,OUTCOME_ENGAGEMENT,2026-05-01,0,0,0.0,0,0.0,0.0,0.0,0.0,0.0,0,0.0,0.0,0,0.0,0.0,0,0.0,0,0,0,0,0,0,0.0,0,0.0,0,0,0,0.0,0,0.0,0.0,0,0,0.0,0,0.0,0,0,0,0.0,0,0,0.0,0,0,,,,0.0,mobile_app,GS,,,,
ALC - LOOKS OUTONO,120247552534330260,OUTCOME_AWARENESS,2026-05-01,39,37,1.054054,0,0.0,0.0,0.512732,0.019997,0.0,0,0.0,0.0,0,0.0,0.0,0,0.0,0,0,0,0,0,0,0.0,0,0.0,0,0,0,2.0,0,0.009998,0.0,0,0,2.0,0,0.009998,0,0,0,0.0,0,0,0.0,0,0,,,,0.0,desktop,GS,,,,
ALC - LOOKS OUTONO,120247552534330260,OUTCOME_AWARENESS,2026-05-01,39810,32349,1.230641,18,0.045215,3.232222,1.461442,58.180003,0.0,0,0.0,0.0,0,0.0,0.0,0,0.0,0,0,0,0,0,0,0.0,0,0.0,0,0,0,1526.0,0,0.038126,8.0,0,0,1526.0,0,0.038126,0,0,0,0.0,0,0,0.0,0,0,,,,0.0,mobile_app,GS,73.0,37.0,25.0,7.0
ALC - LOOKS OUTONO,120247552534330260,OUTCOME_AWARENESS,2026-05-01,18,18,1.0,0,0.0,0.0,0.0,0.0,0.0,0,0.0,0.0,0,0.0,0.0,0,0.0,0,0,0,0,0,0,0.0,0,0.0,0,0,0,2.0,0,0.0,0.0,0,0,2.0,0,0.0,0,0,0,0.0,0,0,0.0,0,0,,,,0.0,mobile_web,GS,,,,
ALC - DIABO VESTE PRADA,120247980664870260,OUTCOME_AWARENESS,2026-05-01,947,878,1.078588,2,0.211193,0.54998,1.16152,1.09996,0.0,0,0.0,0.0,0,0.0,0.0,0,0.0,0,0,0,0,0,0,0.0,0,0.0,0,0,0,62.0,0,0.017741,1.0,0,0,62.0,0,0.017741,0,0,0,0.0,0,0,0.0,0,0,,,,0.0,desktop,GS,28.0,12.0,11.0,7.0
ALC - DIABO VESTE PRADA,120247980664870260,OUTCOME_AWARENESS,2026-05-01,197925,148539,1.332478,363,0.183403,0.744821,1.366023,270.370053,255.0,0,1.060275,162.0,0,1.668951,0.0,0,0.0,0,0,0,0,0,0,0.0,0,0.0,0,0,0,10950.0,0,0.024691,79.0,0,0,10950.0,0,0.024691,0,0,0,0.0,0,0,0.0,0,0,,,,255.0,mobile_app,GS,5140.0,2450.0,1007.0,429.0
ALC - DIABO VESTE PRADA,120247980664870260,OUTCOME_AWARENESS,2026-05-01,336,303,1.108911,0,0.0,0.0,1.041628,0.349987,0.0,0,0.0,0.0,0,0.0,0.0,0,0.0,0,0,0,0,0,0,0.0,0,0.0,0,0,0,28.0,0,0.0125,1.0,0,0,28.0,0,0.0125,0,0,0,0.0,0,0,0.0,0,0,,,,0.0,mobile_web,GS,12.0,6.0,4.0,1.0
ALC - PROMO MAES 26,120247981257820260,OUTCOME_AWARENESS,2026-05-01,662,605,1.094215,0,0.0,0.0,1.253776,0.83,0.0,0,0.0,0.0,0,0.0,0.0,0,0.0,0,0,0,0,0,0,0.0,0,0.0,0,0,0,44.0,0,0.018864,0.0,0,0,44.0,0,0.018864,0,0,0,0.0,0,0,0.0,0,0,,,,0.0,desktop,GS,16.0,7.0,3.0,2.0
ALC - PROMO MAES 26,120247981257820260,OUTCOME_AWARENESS,2026-05-01,175685,128690,1.36518,148,0.084242,1.680203,1.415431,248.67,111.0,0,2.24027,47.0,0,5.290851,0.0,0,0.0,0,0,0,0,0,0,0.0,0,0.0,0,0,0,7985.0,0,0.031142,26.0,0,0,7985.0,0,0.031142,0,0,0,0.0,0,0,0.0,0,0,,,,111.0,mobile_app,GS,2011.0,848.0,342.0,216.0
ALC - PROMO MAES 26,120247981257820260,OUTCOME_AWARENESS,2026-05-01,332,293,1.133106,1,0.301205,0.43,1.295181,0.43,1.0,0,0.43,0.0,0,0.0,0.0,0,0.0,0,0,0,0,0,0,0.0,0,0.0,0,0,0,22.0,0,0.019545,0.0,0,0,22.0,0,0.019545,0,0,0,0.0,0,0,0.0,0,0,,,,1.0,mobile_web,GS,7.0,1.0,1.0,1.0
TRAF - PROMO MAES 26,120247999952910260,LINK_CLICKS,2026-05-01,2,2,1.0,0,0.0,0.0,0.0,0.0,0.0,0,0.0,0.0,0,0.0,0.0,0,0.0,0,0,0,0,0,0,0.0,0,0.0,0,0,0,1.0,0,0.0,0.0,0,0,1.0,0,0.0,0,0,0,0.0,0,0,0.0,0,0,,,,0.0,desktop,GS,,,,
TRAF - PROMO MAES 26,120247999952910260,LINK_CLICKS,2026-05-01,27741,19209,1.444167,1216,4.383404,0.208133,9.123319,253.09,1139.0,0,0.222204,601.0,0,0.421115,0.0,0,0.0,0,0,0,0,0,0,0.0,0,0.0,0,0,0,9525.0,0,0.026571,151.0,0,0,9525.0,0,0.026571,0,0,0,0.0,0,0,0.0,0,0,,,,1139.0,mobile_app,GS,2829.0,1572.0,750.0,486.0
ALC - CINEMA,120248115202810260,OUTCOME_AWARENESS,2026-05-01,297,273,1.087912,0,0.0,0.0,1.481481,0.44,0.0,0,0.0,0.0,0,0.0,0.0,0,0.0,0,0,0,0,0,0,0.0,0,0.0,0,0,0,28.0,0,0.015714,0.0,0,0,28.0,0,0.015714,0,0,0,0.0,0,0,0.0,0,0,,,,0.0,desktop,GS,1.0,1.0,1.0,
ALC - CINEMA,120248115202810260,OUTCOME_AWARENESS,2026-05-01,115056,83391,1.379717,127,0.110381,1.257165,1.387672,159.66,104.0,0,1.535192,62.0,0,2.575161,0.0,0,0.0,0,0,0,0,0,0,0.0,0,0.0,0,0,0,5674.0,0,0.028139,41.0,0,0,5674.0,0,0.028139,0,0,0,0.0,0,0,0.0,0,0,,,,104.0,mobile_app,GS,146.0,59.0,32.0,14.0
ALC - CINEMA,120248115202810260,OUTCOME_AWARENESS,2026-05-01,138,132,1.045455,0,0.0,0.0,1.231884,0.17,0.0,0,0.0,0.0,0,0.0,0.0,0,0.0,0,0,0,0,0,0,0.0,0,0.0,0,0,0,14.0,0,0.012143,0.0,0,0,14.0,0,0.012143,0,0,0,0.0,0,0,0.0,0,0,,,,0.0,mobile_web,GS,,,,
ENG - ALBUM DE FIGURINHAS,120248416227900260,OUTCOME_ENGAGEMENT,2026-05-01,35,35,1.0,0,0.0,0.0,1.428571,0.05,0.0,0,0.0,0.0,0,0.0,0.0,0,0.0,0,0,0,0,0,0,0.0,0,0.0,0,0,0,11.0,0,0.004545,1.0,0,0,11.0,0,0.004545,0,0,0,0.0,0,0,0.0,0,0,,,,0.0,desktop,GS,8.0,7.0,5.0,4.0
ENG - ALBUM DE FIGURINHAS,120248416227900260,OUTCOME_ENGAGEMENT,2026-05-01,8822,7669,1.150346,32,0.36273,0.915313,3.320109,29.29,0.0,0,0.0,0.0,0,0.0,0.0,0,0.0,0,0,0,0,0,0,0.0,0,0.0,0,0,0,2994.0,0,0.009783,73.0,0,0,2994.0,0,0.009783,0,0,0,0.0,0,0,0.0,0,0,,,,0.0,mobile_app,GS,2369.0,1436.0,1010.0,751.0
ENG - ALBUM DE FIGURINHAS,120248416227900260,OUTCOME_ENGAGEMENT,2026-05-01,14,13,1.076923,0,0.0,0.0,2.857143,0.04,0.0,0,0.0,0.0,0,0.0,0.0,0,0.0,0,0,0,0,0,0,0.0,0,0.0,0,0,0,4.0,0,0.01,0.0,0,0,4.0,0,0.01,0,0,0,0.0,0,0,0.0,0,0,,,,0.0,mobile_web,GS,3.0,3.0,3.0,2.0
ALC - GIFT GUIDE DIA DAS MAES,120248544859280260,OUTCOME_AWARENESS,2026-05-01,515,493,1.044625,0,0.0,0.0,1.495146,0.77,0.0,0,0.0,0.0,0,0.0,0.0,0,0.0,0,0,0,0,0,0,0.0,0,0.0,0,0,0,0.0,0,0.0,0.0,0,0,0.0,0,0.0,0,0,0,0.0,0,0,0.0,0,0,,,,0.0,desktop,GS,1.0,,,
ALC - GIFT GUIDE DIA DAS MAES,120248544859280260,OUTCOME_AWARENESS,2026-05-01,142621,128000,1.114227,192,0.134623,1.159844,1.561411,222.69,144.0,0,1.546458,64.0,0,3.479531,0.0,0,0.0,0,0,0,0,0,0,19.0,0,11.720526,0,0,0,165.0,0,1.349636,18.0,0,0,165.0,0,1.349636,0,0,0,0.0,0,0,54.0,0,0,,,,144.0,mobile_app,GS,7.0,1.0,,
ALC - GIFT GUIDE DIA DAS MAES,120248544859280260,OUTCOME_AWARENESS,2026-05-01,152,143,1.062937,1,0.657895,0.18,1.184211,0.18,0.0,0,0.0,0.0,0,0.0,0.0,0,0.0,0,0,0,0,0,0,0.0,0,0.0,0,0,0,0.0,0,0.0,0.0,0,0,0.0,0,0.0,0,0,0,0.0,0,0,0.0,0,0,,,,0.0,mobile_web,GS,,,,
TRAF- Giftcard,120231989566400225,LINK_CLICKS,2025-11-09,0,0,0.0,0,0.0,0.0,0.0,0.0,0.0,0,0.0,0.0,0,0.0,0.0,0,0.0,0,0,0,0,0,0,0.0,0,0.0,0,0,0,0.0,0,0.0,0.0,0,0,0.0,0,0.0,0,0,0,0.0,0,0,0.0,0,0,,,,0.0,mobile_app,NS,,,,
ALC - Inauguração Ritmi,120231990939630225,OUTCOME_AWARENESS,2025-11-09,40,40,1.0,0,0.0,0.0,0.750109,0.030004,0.0,0,0.0,0.0,0,0.0,0.0,0,0.0,0,0,0,0,0,0,0.0,0,0.0,0,0,0,2.0,0,0.015002,0.0,0,0,2.0,0,0.015002,0,0,0,0.0,0,0,0.0,0,0,,,,0.0,desktop,NS,,,,
ALC - Inauguração Ritmi,120231990939630225,OUTCOME_AWARENESS,2025-11-09,40826,36308,1.124435,28,0.068584,2.463214,1.689364,68.96999,1.0,0,68.96999,0.0,0,0.0,0.0,0,0.0,0,0,0,0,0,0,0.0,0,0.0,0,0,0,1188.0,0,0.058056,2.0,0,0,1188.0,0,0.058056,0,0,0,0.0,0,0,0.0,0,0,,,,0.0,mobile_app,NS,153.0,18.0,6.0,4.0
ALC - Inauguração Ritmi,120231990939630225,OUTCOME_AWARENESS,2025-11-09,20,19,1.052632,0,0.0,0.0,2.00029,0.040006,0.0,0,0.0,0.0,0,0.0,0.0,0,0.0,0,0,0,0,0,0,0.0,0,0.0,0,0,0,2.0,0,0.020003,0.0,0,0,2.0,0,0.020003,0,0,0,0.0,0,0,0.0,0,0,,,,0.0,mobile_web,NS,1.0,,,
ALC - Loja Crocs,120232410145660225,OUTCOME_AWARENESS,2025-11-09,57999,49867,1.163074,78,0.134485,1.352051,1.818307,105.46,46.0,0,2.292609,0.0,0,0.0,0.0,0,0.0,0,0,0,0,0,0,0.0,0,0.0,0,0,0,1184.0,0,0.089071,3.0,0,0,1184.0,0,0.089071,0,0,0,0.0,0,0,0.0,0,0,,,,26.0,mobile_app,NS,472.0,252.0,51.0,35.0
ALC - Chilli Beans,120233141162840225,OUTCOME_AWARENESS,2025-11-09,23381,21294,1.098009,19,0.081263,2.104737,1.710363,39.99,18.0,0,2.221667,0.0,0,0.0,0.0,0,0.0,0,0,0,0,0,0,0.0,0,0.0,0,0,0,888.0,0,0.045034,2.0,0,0,888.0,0,0.045034,0,0,0,0.0,0,0,0.0,0,0,,,,10.0,mobile_app,NS,211.0,39.0,29.0,22.0
ALC - Avatim,120233142672850225,OUTCOME_AWARENESS,2025-11-09,129,110,1.172727,0,0.0,0.0,1.938319,0.250043,0.0,0,0.0,0.0,0,0.0,0.0,0,0.0,0,0,0,0,0,0,0.0,0,0.0,0,0,0,14.0,0,0.01786,0.0,0,0,14.0,0,0.01786,0,0,0,0.0,0,0,0.0,0,0,,,,0.0,desktop,NS,2.0,1.0,1.0,1.0
ALC - Avatim,120233142672850225,OUTCOME_AWARENESS,2025-11-09,108727,56918,1.910239,43,0.039549,4.040464,1.597947,173.73995,1.0,0,173.73995,0.0,0,0.0,0.0,0,0.0,0,0,0,0,0,0,0.0,0,0.0,0,0,0,4786.0,0,0.036302,15.0,0,0,4786.0,0,0.036302,0,0,0,0.0,0,0,0.0,0,0,,,,1.0,mobile_app,NS,203.0,79.0,48.0,32.0
ALC - Avatim,120233142672850225,OUTCOME_AWARENESS,2025-11-09,46,41,1.121951,0,0.0,0.0,0.869715,0.040007,0.0,0,0.0,0.0,0,0.0,0.0,0,0.0,0,0,0,0,0,0,0.0,0,0.0,0,0,0,4.0,0,0.010002,0.0,0,0,4.0,0,0.010002,0,0,0,0.0,0,0,0.0,0,0,,,,0.0,mobile_web,NS,,,,
ALC - Chegada Papai Noel - Natal 2025,120233915772800225,OUTCOME_AWARENESS,2025-11-09,11716,11634,1.007048,32,0.273131,0.6325,1.727552,20.24,25.0,0,0.8096,0.0,0,0.0,0.0,0,0.0,0,0,0,0,0,0,0.0,0,0.0,0,0,0,228.0,0,0.088772,1.0,0,0,228.0,0,0.088772,0,0,0,0.0,0,0,0.0,0,0,,,,14.0,mobile_app,NS,162.0,50.0,37.0,23.0
ALC - Casas Maria,120234507323040225,OUTCOME_AWARENESS,2025-11-09,96687,46213,2.092203,132,0.136523,1.244848,1.699505,164.32,89.0,0,1.846292,0.0,0,0.0,0.0,0,0.0,0,0,0,0,0,0,0.0,0,0.0,0,0,0,3959.0,0,0.041505,12.0,0,0,3959.0,0,0.041505,0,0,0,0.0,0,0,0.0,0,0,,,,48.0,mobile_app,NS,393.0,111.0,59.0,35.0
ALC - LAS LEÑAS,120234507357940225,OUTCOME_AWARENESS,2025-11-09,100065,49336,2.028235,97,0.096937,1.69268,1.640833,164.19,72.0,0,2.280417,0.0,0,0.0,0.0,0,0.0,0,0,0,0,0,0,0.0,0,0.0,0,0,0,5392.0,0,0.030451,22.0,0,0,5392.0,0,0.030451,0,0,0,0.0,0,0,0.0,0,0,,,,51.0,mobile_app,NS,6153.0,1947.0,1157.0,857.0
ENG - Officina Gelatiera,120234507408890225,OUTCOME_ENGAGEMENT,2025-11-09,32604,24826,1.313301,228,0.699301,0.52136,3.645872,118.87,63.0,0,1.886825,0.0,0,0.0,0.0,0,0.0,0,0,0,0,0,0,0.0,0,0.0,0,0,0,14698.0,0,0.008087,267.0,0,0,14698.0,0,0.008087,0,0,0,0.0,0,0,0.0,0,0,,,,30.0,mobile_app,NS,4536.0,3252.0,2246.0,1256.0
ALC - PROMO NATAL 25,120234760801190225,OUTCOME_AWARENESS,2025-11-09,873,556,1.570144,0,0.0,0.0,1.454986,1.270203,0.0,0,0.0,0.0,0,0.0,0.0,0,0.0,0,0,0,0,0,0,0.0,0,0.0,0,0,0,49.0,0,0.025923,0.0,0,0,49.0,0,0.025923,0,0,0,0.0,0,0,0.0,0,0,,,,0.0,desktop,NS,58.0,27.0,21.0,14.0
ALC - PROMO NATAL 25,120234760801190225,OUTCOME_AWARENESS,2025-11-09,434245,178263,2.435979,675,0.155442,1.015822,1.579016,685.679651,385.0,0,1.780986,0.0,0,0.0,0.0,0,0.0,0,0,0,0,0,0,0.0,0,0.0,0,0,0,10108.0,0,0.067835,77.0,0,0,10109.0,0,0.067829,0,0,0,0.0,0,0,0.0,0,0,,,,383.0,mobile_app,NS,23142.0,6976.0,3745.0,2466.0
ALC - PROMO NATAL 25,120234760801190225,OUTCOME_AWARENESS,2025-11-09,601,354,1.69774,3,0.499168,0.303382,1.514385,0.910146,1.0,0,0.910146,0.0,0,0.0,0.0,0,0.0,0,0,0,0,0,0,0.0,0,0.0,0,0,0,9.0,0,0.101127,0.0,0,0,9.0,0,0.101127,0,0,0,0.0,0,0,0.0,0,0,,,,1.0,mobile_web,NS,31.0,5.0,3.0,2.0
TRAF - NATAL 25,120234760949340225,LINK_CLICKS,2025-11-09,433,129,3.356589,1,0.230947,0.69007,1.593695,0.69007,1.0,0,0.69007,0.0,0,0.0,0.0,0,0.0,0,0,0,0,0,0,0.0,0,0.0,0,0,0,46.0,0,0.015002,0.0,0,0,46.0,0,0.015002,0,0,0,0.0,0,0,0.0,0,0,,,,1.0,desktop,NS,42.0,41.0,43.0,44.0
TRAF - NATAL 25,120234760949340225,LINK_CLICKS,2025-11-09,229522,72705,3.156894,3303,1.439078,0.209022,3.00799,690.399916,2541.0,0,0.271704,20.0,0,34.519996,0.0,0,0.0,0,0,0,0,0,0,0.0,0,0.0,0,0,0,19741.0,0,0.034973,119.0,0,0,19744.0,0,0.034968,0,0,0,0.0,0,0,0.0,0,0,,,,2540.0,mobile_app,NS,25709.0,11947.0,7462.0,5258.0
TRAF - NATAL 25,120234760949340225,LINK_CLICKS,2025-11-09,40,34,1.176471,2,5.0,0.070007,3.500354,0.140014,2.0,0,0.070007,0.0,0,0.0,0.0,0,0.0,0,0,0,0,0,0,0.0,0,0.0,0,0,0,2.0,0,0.070007,0.0,0,0,2.0,0,0.070007,0,0,0,0.0,0,0,0.0,0,0,,,,2.0,mobile_web,NS,,,,
TRAF - NATAL 25,120234760949340225,LINK_CLICKS,2025-11-09,0,0,0.0,0,0.0,0.0,0.0,0.0,0.0,0,0.0,0.0,0,0.0,0.0,0,0.0,0,0,0,0,0,0,0.0,0,0.0,0,0,0,0.0,0,0.0,0.0,0,0,0.0,0,0.0,0,0,0,0.0,0,0,0.0,0,0,,,,0.0,unknown,NS,,,,
ALC - LEGOS,120235033220480225,OUTCOME_AWARENESS,2025-11-09,1,1,1.0,0,0.0,0.0,10.000871,0.010001,0.0,0,0.0,0.0,0,0.0,0.0,0,0.0,0,0,0,0,0,0,0.0,0,0.0,0,0,0,0.0,0,0.0,0.0,0,0,0.0,0,0.0,0,0,0,0.0,0,0,0.0,0,0,,,,0.0,desktop,NS,,,,
ALC - LEGOS,120235033220480225,OUTCOME_AWARENESS,2025-11-09,267937,106603,2.51341,402,0.150035,1.142562,1.714246,459.309999,274.0,0,1.676314,2.0,0,229.655,0.0,0,0.0,0,0,0,0,0,0,0.0,0,0.0,0,0,0,427.0,0,1.075667,17.0,0,0,427.0,0,1.075667,0,0,0,0.0,0,0,0.0,0,0,,,,176.0,mobile_app,NS,22.0,3.0,1.0,1.0
ALC - Transmissão ao vivo Jogo de Futebol,120235431034520225,OUTCOME_AWARENESS,2025-11-09,157,153,1.026144,0,0.0,0.0,1.592889,0.250084,0.0,0,0.0,0.0,0,0.0,0.0,0,0.0,0,0,0,0,0,0,0.0,0,0.0,0,0,0,19.0,0,0.013162,0.0,0,0,19.0,0,0.013162,0,0,0,0.0,0,0,0.0,0,0,,,,0.0,desktop,NS,10.0,5.0,4.0,2.0
ALC - Transmissão ao vivo Jogo de Futebol,120235431034520225,OUTCOME_AWARENESS,2025-11-09,175798,117792,1.492444,193,0.109785,1.549067,1.700644,298.969883,1.0,0,298.969883,0.0,0,0.0,0.0,0,0.0,0,0,0,0,0,0,0.0,0,0.0,0,0,0,10389.0,0,0.028778,59.0,0,0,10389.0,0,0.028778,0,0,0,0.0,0,0,0.0,0,0,,,,0.0,mobile_app,NS,5375.0,2332.0,575.0,361.0
ALC - Transmissão ao vivo Jogo de Futebol,120235431034520225,OUTCOME_AWARENESS,2025-11-09,48,43,1.116279,0,0.0,0.0,2.08403,0.100033,0.0,0,0.0,0.0,0,0.0,0.0,0,0.0,0,0,0,0,0,0,0.0,0,0.0,0,0,0,10.0,0,0.010003,0.0,0,0,10.0,0,0.010003,0,0,0,0.0,0,0,0.0,0,0,,,,0.0,mobile_web,NS,6.0,4.0,2.0,2.0
ALC- BLACK FRIDAY NS,120235676342620225,OUTCOME_AWARENESS,2025-11-09,381,337,1.130564,0,0.0,0.0,2.230999,0.850011,0.0,0,0.0,0.0,0,0.0,0.0,0,0.0,0,0,0,0,0,0,0.0,0,0.0,0,0,0,26.0,0,0.032693,0.0,0,0,26.0,0,0.032693,0,0,0,0.0,0,0,0.0,0,0,,,,0.0,desktop,NS,23.0,13.0,9.0,9.0
ALC- BLACK FRIDAY NS,120235676342620225,OUTCOME_AWARENESS,2025-11-09,375505,219726,1.708969,182,0.048468,4.389505,2.127508,798.889987,38.0,0,21.023421,0.0,0,0.0,0.0,0,0.0,0,0,0,0,0,0,0.0,0,0.0,0,0,0,9281.0,0,0.086078,41.0,0,0,9281.0,0,0.086078,0,0,0,0.0,0,0,0.0,0,0,,,,27.0,mobile_app,NS,6239.0,2801.0,1709.0,1310.0
ALC- BLACK FRIDAY NS,120235676342620225,OUTCOME_AWARENESS,2025-11-09,111,95,1.168421,0,0.0,0.0,1.982007,0.220003,0.0,0,0.0,0.0,0,0.0,0.0,0,0.0,0,0,0,0,0,0,0.0,0,0.0,0,0,0,12.0,0,0.018334,0.0,0,0,12.0,0,0.018334,0,0,0,0.0,0,0,0.0,0,0,,,,0.0,mobile_web,NS,10.0,4.0,1.0,
VISUALIZAÇÕES - BF SORANA,120235840143130225,OUTCOME_AWARENESS,2025-11-09,30038,25436,1.180925,160,0.532659,1.2495,6.65557,199.92,66.0,0,3.029091,0.0,0,0.0,0.0,0,0.0,0,0,0,0,0,0,0.0,0,0.0,0,0,0,10746.0,0,0.018604,260.0,0,0,10746.0,0,0.018604,0,0,0,0.0,0,0,0.0,0,0,,,,33.0,mobile_app,NS,2775.0,1390.0,883.0,485.0
ENG - Officina Gelatiera,120234507408890225,OUTCOME_ENGAGEMENT,2025-12-01,0,0,0.0,0,0.0,0.0,0.0,0.0,0.0,0,0.0,1.0,0,0.0,0.0,0,0.0,0,0,0,0,0,0,0.0,0,0.0,0,0,0,0.0,0,0.0,0.0,0,0,0.0,0,0.0,0,0,0,0.0,0,0,0.0,0,0,,,,0.0,mobile_app,NS,,,,
ALC - PROMO NATAL 25,120234760801190225,OUTCOME_AWARENESS,2025-12-01,2414,1374,1.756914,2,0.08285,1.565181,1.296753,3.130363,0.0,0,0.0,0.0,0,0.0,0.0,0,0.0,0,0,0,0,0,0,0.0,0,0.0,0,0,0,213.0,0,0.014697,0.0,0,0,213.0,0,0.014697,0,0,0,0.0,0,0,0.0,0,0,,,,0.0,desktop,NS,64.0,27.0,17.0,12.0
ALC - PROMO NATAL 25,120234760801190225,OUTCOME_AWARENESS,2025-12-01,1286106,399083,3.222653,2749,0.213746,0.593928,1.269498,1632.709297,1262.0,0,1.293747,2.0,0,816.354649,0.0,0,0.0,0,0,0,0,0,0,0.0,0,0.0,0,0,0,64532.0,0,0.025301,228.0,0,0,64533.0,0,0.0253,0,0,0,0.0,0,0,0.0,0,0,,,,1177.0,mobile_app,NS,13963.0,5258.0,2221.0,1214.0
ALC - PROMO NATAL 25,120234760801190225,OUTCOME_AWARENESS,2025-12-01,2113,996,2.121486,11,0.520587,0.266395,1.386815,2.93034,0.0,0,0.0,0.0,0,0.0,0.0,0,0.0,0,0,0,0,0,0,0.0,0,0.0,0,0,0,108.0,0,0.027133,0.0,0,0,108.0,0,0.027133,0,0,0,0.0,0,0,0.0,0,0,,,,0.0,mobile_web,NS,29.0,11.0,5.0,4.0
TRAF - NATAL 25,120234760949340225,LINK_CLICKS,2025-12-01,135,82,1.646341,2,1.481481,0.050007,0.740841,0.100013,0.0,0,0.0,0.0,0,0.0,0.0,0,0.0,0,0,0,0,0,0,0.0,0,0.0,0,0,0,41.0,0,0.002439,0.0,0,0,41.0,0,0.002439,0,0,0,0.0,0,0,0.0,0,0,,,,0.0,desktop,NS,31.0,29.0,27.0,26.0
TRAF - NATAL 25,120234760949340225,LINK_CLICKS,2025-12-01,511696,182315,2.806659,11697,2.285928,0.139377,3.186052,1630.289957,8614.0,0,0.189261,35.0,0,46.579713,0.0,0,0.0,0,0,0,0,0,0,0.0,0,0.0,0,0,0,93868.0,0,0.017368,1242.0,0,0,93879.0,0,0.017366,0,0,0,0.0,0,0,0.0,0,0,,,,7924.0,mobile_app,NS,33846.0,18303.0,13270.0,7125.0
TRAF - NATAL 25,120234760949340225,LINK_CLICKS,2025-12-01,82,46,1.782609,8,9.756098,0.027504,2.683289,0.22003,6.0,0,0.036672,0.0,0,0.0,0.0,0,0.0,0,0,0,0,0,0,0.0,0,0.0,0,0,0,10.0,0,0.022003,2.0,0,0,10.0,0,0.022003,0,0,0,0.0,0,0,0.0,0,0,,,,5.0,mobile_web,NS,,,,
TRAF - NATAL 25,120234760949340225,LINK_CLICKS,2025-12-01,0,0,0.0,0,0.0,0.0,0.0,0.0,0.0,0,0.0,0.0,0,0.0,0.0,0,0.0,0,0,0,0,0,0,0.0,0,0.0,0,0,0,0.0,0,0.0,0.0,0,0,0.0,0,0.0,0,0,0,0.0,0,0,0.0,0,0,,,,0.0,unknown,NS,,,,
ALC - LEGOS,120235033220480225,OUTCOME_AWARENESS,2025-12-01,129,112,1.151786,0,0.0,0.0,1.00792,0.130022,0.0,0,0.0,0.0,0,0.0,0.0,0,0.0,0,0,0,0,0,0,0.0,0,0.0,0,0,0,13.0,0,0.010002,0.0,0,0,13.0,0,0.010002,0,0,0,0.0,0,0,0.0,0,0,,,,0.0,desktop,NS,5.0,2.0,2.0,2.0
ALC - LEGOS,120235033220480225,OUTCOME_AWARENESS,2025-12-01,383060,147287,2.600773,450,0.117475,1.200867,1.410719,540.389958,337.0,0,1.603531,46.0,0,11.747608,0.0,0,0.0,0,0,0,0,0,0,0.0,0,0.0,0,0,0,5287.0,0,0.102211,47.0,0,0,5287.0,0,0.102211,0,0,0,0.0,0,0,0.0,0,0,,,,279.0,mobile_app,NS,976.0,160.0,84.0,54.0
ALC - LEGOS,120235033220480225,OUTCOME_AWARENESS,2025-12-01,102,90,1.133333,0,0.0,0.0,1.176666,0.12002,0.0,0,0.0,0.0,0,0.0,0.0,0,0.0,0,0,0,0,0,0,0.0,0,0.0,0,0,0,9.0,0,0.013336,0.0,0,0,9.0,0,0.013336,0,0,0,0.0,0,0,0.0,0,0,,,,0.0,mobile_web,NS,2.0,,,
ALC- BLACK FRIDAY NS,120235676342620225,OUTCOME_AWARENESS,2025-12-01,0,0,0.0,0,0.0,0.0,0.0,0.0,0.0,0,0.0,0.0,0,0.0,0.0,0,0.0,0,0,0,0,0,0,0.0,0,0.0,0,0,0,0.0,0,0.0,0.0,0,0,0.0,0,0.0,0,0,0,0.0,0,0,0.0,0,0,,,,0.0,mobile_app,NS,,,,
VISUALIZAÇÕES - BF SORANA,120235840143130225,OUTCOME_AWARENESS,2025-12-01,0,0,0.0,0,0.0,0.0,0.0,0.0,0.0,0,0.0,0.0,0,0.0,0.0,0,0.0,0,0,0,0,0,0,0.0,0,0.0,0,0,0,0.0,0,0.0,0.0,0,0,0.0,0,0.0,0,0,0,0.0,0,0,0.0,0,0,,,,0.0,mobile_app,NS,,,,
"ALC - Espetáculo Luz, camera e emoção",120236083133360225,OUTCOME_AWARENESS,2025-12-01,206244,129004,1.598741,211,0.102306,1.657915,1.696146,349.82,186.0,0,1.880753,0.0,0,0.0,0.0,0,0.0,0,0,0,0,0,0,0.0,0,0.0,0,0,0,435.0,0,0.804184,14.0,0,0,435.0,0,0.804184,0,0,0,0.0,0,0,0.0,0,0,,,,121.0,mobile_app,NS,419.0,146.0,80.0,52.0
ENG - Tour fofíssima Natal,120236083340880225,OUTCOME_ENGAGEMENT,2025-12-01,117079,66733,1.754439,556,0.474893,1.079101,5.124574,599.98,248.0,0,2.419274,0.0,0,0.0,0.0,0,0.0,0,0,0,0,0,0,0.0,0,0.0,0,0,0,67279.0,0,0.008918,1027.0,0,0,67279.0,0,0.008918,0,0,0,0.0,0,0,0.0,0,0,,,,75.0,mobile_app,NS,10477.0,4518.0,2903.0,1853.0
ALC - Exposição Legueiros,120236293601470225,OUTCOME_AWARENESS,2025-12-01,528,288,1.833333,0,0.0,0.0,1.193564,0.630202,0.0,0,0.0,0.0,0,0.0,0.0,0,0.0,0,0,0,0,0,0,0.0,0,0.0,0,0,0,71.0,0,0.008876,0.0,0,0,71.0,0,0.008876,0,0,0,0.0,0,0,0.0,0,0,,,,0.0,desktop,NS,16.0,9.0,8.0,5.0
ALC - Exposição Legueiros,120236293601470225,OUTCOME_AWARENESS,2025-12-01,348001,123992,2.806641,723,0.207758,0.690249,1.434047,499.049696,446.0,0,1.118946,1.0,0,499.049696,0.0,0,0.0,0,0,0,0,0,0,0.0,0,0.0,0,0,0,32324.0,0,0.015439,97.0,0,0,32326.0,0,0.015438,0,0,0,0.0,0,0,0.0,0,0,,,,111.0,mobile_app,NS,6332.0,1868.0,1095.0,610.0
ALC - Exposição Legueiros,120236293601470225,OUTCOME_AWARENESS,2025-12-01,311,169,1.840237,1,0.321543,0.320102,1.029268,0.320102,0.0,0,0.0,0.0,0,0.0,0.0,0,0.0,0,0,0,0,0,0,0.0,0,0.0,0,0,0,41.0,0,0.007807,0.0,0,0,41.0,0,0.007807,0,0,0,0.0,0,0,0.0,0,0,,,,0.0,mobile_web,NS,11.0,3.0,1.0,
ALC - Panetone,120236786157660225,OUTCOME_AWARENESS,2025-12-01,259857,107157,2.425012,324,0.124684,1.080185,1.346818,349.98,236.0,0,1.482966,1.0,0,349.98,0.0,0,0.0,0,0,0,0,0,0,0.0,0,0.0,0,0,0,16825.0,0,0.020801,50.0,0,0,16825.0,0,0.020801,0,0,0,0.0,0,0,0.0,0,0,,,,142.0,mobile_app,NS,8183.0,4075.0,2016.0,561.0
ALC - UEBEL,120236789023090225,OUTCOME_AWARENESS,2025-12-01,263571,112504,2.34277,378,0.143415,0.925873,1.32784,349.98,279.0,0,1.254409,0.0,0,0.0,1.0,0,349.98,0,0,0,0,0,0,0.0,0,0.0,0,0,0,13971.0,0,0.02505,35.0,0,0,13971.0,0,0.02505,0,0,0,0.0,0,0,0.0,0,0,,,,154.0,mobile_app,NS,378.0,131.0,82.0,48.0
ALC - Mana Naspolini - Looks fim de ano,120236791609500225,OUTCOME_AWARENESS,2025-12-01,237046,101159,2.343301,279,0.117699,1.075125,1.265408,299.96,213.0,0,1.408263,0.0,0,0.0,0.0,0,0.0,0,0,0,0,0,0,0.0,0,0.0,0,0,0,8742.0,0,0.034313,18.0,0,0,8742.0,0,0.034313,0,0,0,0.0,0,0,0.0,0,0,,,,0.0,mobile_app,NS,3486.0,1744.0,262.0,165.0
ALC - Chapeuzinho Vermelho,120236806580130225,OUTCOME_AWARENESS,2025-12-01,368,336,1.095238,0,0.0,0.0,1.902212,0.700014,0.0,0,0.0,0.0,0,0.0,0.0,0,0.0,0,0,0,0,0,0,0.0,0,0.0,0,0,0,0.0,0,0.0,0.0,0,0,0.0,0,0.0,0,0,0,0.0,0,0,0.0,0,0,,,,0.0,desktop,NS,,,,
ALC - Chapeuzinho Vermelho,120236806580130225,OUTCOME_AWARENESS,2025-12-01,315386,195701,1.611571,139,0.044073,3.59036,1.582378,499.059981,57.0,0,8.755438,1.0,0,499.059981,0.0,0,0.0,0,0,0,0,0,0,0.0,0,0.0,0,0,0,80.0,0,6.23825,17.0,0,0,80.0,0,6.23825,0,0,0,0.0,0,0,0.0,0,0,,,,4.0,mobile_app,NS,,,,
ALC - Chapeuzinho Vermelho,120236806580130225,OUTCOME_AWARENESS,2025-12-01,93,84,1.107143,0,0.0,0.0,2.473168,0.230005,0.0,0,0.0,0.0,0,0.0,0.0,0,0.0,0,0,0,0,0,0,0.0,0,0.0,0,0,0,0.0,0,0.0,0.0,0,0,0.0,0,0.0,0,0,0,0.0,0,0,0.0,0,0,,,,0.0,mobile_web,NS,,,,
ALC - Mesa Posta Natal 25,120236890674760225,OUTCOME_AWARENESS,2025-12-01,49,46,1.065217,0,0.0,0.0,0.408163,0.02,0.0,0,0.0,0.0,0,0.0,0.0,0,0.0,0,0,0,0,0,0,0.0,0,0.0,0,0,0,4.0,0,0.005,0.0,0,0,4.0,0,0.005,0,0,0,0.0,0,0,0.0,0,0,,,,0.0,desktop,NS,,,,
ALC - Mesa Posta Natal 25,120236890674760225,OUTCOME_AWARENESS,2025-12-01,100523,63720,1.577574,37,0.036808,4.048919,1.490306,149.81,0.0,0,0.0,0.0,0,0.0,0.0,0,0.0,0,0,0,0,0,0,0.0,0,0.0,0,0,0,3707.0,0,0.040413,12.0,0,0,3707.0,0,0.040413,0,0,0,0.0,0,0,0.0,0,0,,,,0.0,mobile_app,NS,123.0,46.0,24.0,15.0
ALC - Mesa Posta Natal 25,120236890674760225,OUTCOME_AWARENESS,2025-12-01,48,44,1.090909,0,0.0,0.0,2.291667,0.11,0.0,0,0.0,0.0,0,0.0,0.0,0,0.0,0,0,0,0,0,0,0.0,0,0.0,0,0,0,6.0,0,0.018333,0.0,0,0,6.0,0,0.018333,0,0,0,0.0,0,0,0.0,0,0,,,,0.0,mobile_web,NS,1.0,1.0,1.0,1.0
ALC - Avatar 3,120237003523440225,OUTCOME_AWARENESS,2025-12-01,113032,59785,1.890641,191,0.168979,0.78534,1.327058,150.0,120.0,0,1.25,2.0,0,75.0,0.0,0,0.0,0,0,0,0,0,0,0.0,0,0.0,0,0,0,9640.0,0,0.01556,23.0,0,0,9640.0,0,0.01556,0,0,0,0.0,0,0,0.0,0,0,,,,78.0,mobile_app,NS,11501.0,5858.0,3202.0,2161.0
ALC - PROMO NATAL 25,120234760801190225,OUTCOME_AWARENESS,2026-01-01,1926,1432,1.344972,0,0.0,0.0,0.846355,1.630079,0.0,0,0.0,0.0,0,0.0,0.0,0,0.0,0,0,0,0,0,0,0.0,0,0.0,0,0,0,256.0,0,0.006368,0.0,0,0,256.0,0,0.006368,0,0,0,0.0,0,0,0.0,0,0,,,,0.0,desktop,NS,77.0,26.0,13.0,8.0
ALC - PROMO NATAL 25,120234760801190225,OUTCOME_AWARENESS,2026-01-01,753012,394191,1.910272,1193,0.15843,0.516387,0.818114,616.049878,620.0,0,0.993629,0.0,0,0.0,0.0,0,0.0,0,0,0,0,0,0,0.0,0,0.0,0,0,0,34189.0,0,0.018019,131.0,0,0,34189.0,0,0.018019,0,0,0,0.0,0,0,0.0,0,0,,,,607.0,mobile_app,NS,8738.0,2979.0,1403.0,859.0
ALC - PROMO NATAL 25,120234760801190225,OUTCOME_AWARENESS,2026-01-01,951,664,1.432229,7,0.736067,0.127149,0.935902,0.890043,0.0,0,0.0,0.0,0,0.0,0.0,0,0.0,0,0,0,0,0,0,0.0,0,0.0,0,0,0,35.0,0,0.02543,0.0,0,0,35.0,0,0.02543,0,0,0,0.0,0,0,0.0,0,0,,,,0.0,mobile_web,NS,8.0,4.0,2.0,1.0
TRAF - NATAL 25,120234760949340225,LINK_CLICKS,2026-01-01,152,116,1.310345,2,1.315789,0.055001,0.723698,0.110002,1.0,0,0.110002,0.0,0,0.0,0.0,0,0.0,0,0,0,0,0,0,0.0,0,0.0,0,0,0,50.0,0,0.0022,0.0,0,0,50.0,0,0.0022,0,0,0,0.0,0,0,0.0,0,0,,,,1.0,desktop,NS,30.0,26.0,25.0,24.0
TRAF - NATAL 25,120234760949340225,LINK_CLICKS,2026-01-01,166411,93652,1.776908,4757,2.858585,0.107952,3.085914,513.529997,3613.0,0,0.142134,22.0,0,23.342273,0.0,0,0.0,0,0,0,0,0,0,0.0,0,0.0,0,0,0,40771.0,0,0.012595,439.0,0,0,40778.0,0,0.012593,0,0,0,0.0,0,0,0.0,0,0,,,,3610.0,mobile_app,NS,11954.0,5619.0,4827.0,2313.0
TRAF - NATAL 25,120234760949340225,LINK_CLICKS,2026-01-01,11,11,1.0,0,0.0,0.0,1.818217,0.02,0.0,0,0.0,0.0,0,0.0,0.0,0,0.0,0,0,0,0,0,0,0.0,0,0.0,0,0,0,4.0,0,0.005,0.0,0,0,4.0,0,0.005,0,0,0,0.0,0,0,0.0,0,0,,,,0.0,mobile_web,NS,1.0,1.0,1.0,1.0
TRAF - NATAL 25,120234760949340225,LINK_CLICKS,2026-01-01,0,0,0.0,0,0.0,0.0,0.0,0.0,0.0,0,0.0,0.0,0,0.0,0.0,0,0.0,0,0,0,0,0,0,0.0,0,0.0,0,0,0,0.0,0,0.0,0.0,0,0,0.0,0,0.0,0,0,0,0.0,0,0,0.0,0,0,,,,0.0,unknown,NS,,,,
ALC - Panetone,120236786157660225,OUTCOME_AWARENESS,2026-01-01,0,0,0.0,0,0.0,0.0,0.0,0.0,0.0,0,0.0,0.0,0,0.0,0.0,0,0.0,0,0,0,0,0,0,0.0,0,0.0,0,0,0,0.0,0,0.0,0.0,0,0,0.0,0,0.0,0,0,0,0.0,0,0,0.0,0,0,,,,0.0,mobile_app,NS,,,,
ALC - UEBEL,120236789023090225,OUTCOME_AWARENESS,2026-01-01,0,0,0.0,0,0.0,0.0,0.0,0.0,0.0,0,0.0,0.0,0,0.0,0.0,0,0.0,0,0,0,0,0,0,0.0,0,0.0,0,0,0,0.0,0,0.0,0.0,0,0,0.0,0,0.0,0,0,0,0.0,0,0,0.0,0,0,,,,0.0,mobile_app,NS,,,,
ALC - Super ZOO,120237697768620225,OUTCOME_AWARENESS,2026-01-01,2379,1537,1.54782,1,0.042034,3.020147,1.269503,3.020147,0.0,0,0.0,0.0,0,0.0,0.0,0,0.0,0,0,0,0,0,0,0.0,0,0.0,0,0,0,181.0,0,0.016686,0.0,0,0,181.0,0,0.016686,0,0,0,0.0,0,0,0.0,0,0,,,,0.0,desktop,NS,146.0,64.0,49.0,38.0
ALC - Super ZOO,120237697768620225,OUTCOME_AWARENESS,2026-01-01,1093881,360402,3.035169,2115,0.193348,0.678818,1.312483,1435.699777,1519.0,0,0.945161,669.0,0,2.146039,0.0,0,0.0,0,0,0,0,0,0,0.0,0,0.0,0,0,0,31027.0,0,0.046273,210.0,0,0,31027.0,0,0.046273,0,0,0,0.0,0,0,0.0,0,0,,,,1518.0,mobile_app,NS,28550.0,12144.0,7304.0,5070.0
ALC - Super ZOO,120237697768620225,OUTCOME_AWARENESS,2026-01-01,1262,713,1.769986,2,0.158479,0.780038,1.236193,1.560076,1.0,0,1.560076,0.0,0,0.0,0.0,0,0.0,0,0,0,0,0,0,0.0,0,0.0,0,0,0,92.0,0,0.016957,0.0,0,0,92.0,0,0.016957,0,0,0,0.0,0,0,0.0,0,0,,,,1.0,mobile_web,NS,72.0,28.0,17.0,9.0
ALC - LIQUIDA 25,120237697950010225,OUTCOME_AWARENESS,2026-01-01,1434340,657526,2.181419,2364,0.164814,1.268219,2.090209,2998.07,1668.0,0,1.797404,3.0,0,999.356667,0.0,0,0.0,0,0,0,0,0,0,0.0,0,0.0,0,0,0,71907.0,0,0.041694,285.0,0,0,71907.0,0,0.041694,0,0,0,0.0,0,0,0.0,0,0,,,,0.0,mobile_app,NS,46209.0,22224.0,13226.0,7287.0
ALC - Cinema - Bob Esponja Filme,120237698206050225,OUTCOME_AWARENESS,2026-01-01,255470,94319,2.708574,398,0.155791,0.753518,1.173915,299.9,303.0,0,0.989769,0.0,0,0.0,0.0,0,0.0,0,0,0,0,0,0,0.0,0,0.0,0,0,0,12240.0,0,0.024502,39.0,0,0,12240.0,0,0.024502,0,0,0,0.0,0,0,0.0,0,0,,,,0.0,mobile_app,NS,13450.0,4864.0,2485.0,1765.0
ALC - FÉRIAS JAN 25,120237769674470225,OUTCOME_AWARENESS,2026-01-01,541975,193523,2.800572,845,0.155911,0.812391,1.266608,686.47,587.0,0,1.169455,0.0,0,0.0,0.0,0,0.0,0,0,0,0,0,0,0.0,0,0.0,0,0,0,24692.0,0,0.027801,138.0,0,0,24692.0,0,0.027801,0,0,0,0.0,0,0,0.0,0,0,,,,573.0,mobile_app,NS,7641.0,2559.0,1344.0,804.0
ALC - FÉRIAS JAN 25,120237769674470225,OUTCOME_AWARENESS,2026-01-01,0,0,0.0,0,0.0,0.0,0.0,0.0,0.0,0,0.0,0.0,0,0.0,0.0,0,0.0,0,0,0,0,0,0,0.0,0,0.0,0,0,0,0.0,0,0.0,0.0,0,0,0.0,0,0.0,0,0,0,0.0,0,0,0.0,0,0,,,,0.0,unknown,NS,,,,
ALC - VERÃO/LOJAS,120237769884270225,OUTCOME_AWARENESS,2026-01-01,395282,147830,2.673896,555,0.140406,0.883135,1.239976,490.14,372.0,0,1.317581,0.0,0,0.0,0.0,0,0.0,0,0,0,0,0,0,0.0,0,0.0,0,0,0,23292.0,0,0.021043,64.0,0,0,23292.0,0,0.021043,0,0,0,0.0,0,0,0.0,0,0,,,,0.0,mobile_app,NS,5710.0,2778.0,1635.0,537.0
ALC - ÓCULOS META OAKLEY,120237770000040225,OUTCOME_AWARENESS,2026-01-01,373154,132307,2.820365,518,0.138817,0.930656,1.291906,482.08,343.0,0,1.405481,0.0,0,0.0,0.0,0,0.0,0,0,0,0,0,0,0.0,0,0.0,0,0,0,15450.0,0,0.031203,38.0,0,0,15450.0,0,0.031203,0,0,0,0.0,0,0,0.0,0,0,,,,0.0,mobile_app,NS,2472.0,510.0,204.0,111.0
ALC - Novidades Cinema GNC,120238216202110225,OUTCOME_AWARENESS,2026-01-01,75044,49854,1.505275,128,0.170567,0.756953,1.291109,96.89,101.0,0,0.959307,0.0,0,0.0,0.0,0,0.0,0,0,0,0,0,0,0.0,0,0.0,0,0,0,108.0,0,0.89713,6.0,0,0,108.0,0,0.89713,0,0,0,0.0,0,0,0.0,0,0,,,,0.0,mobile_app,NS,,,,
ALC - Vortex,120238216332790225,OUTCOME_AWARENESS,2026-01-01,49595,36528,1.357726,52,0.104849,1.274038,1.33582,66.25,38.0,0,1.743421,0.0,0,0.0,0.0,0,0.0,0,0,0,0,0,0,0.0,0,0.0,0,0,0,39.0,0,1.698718,1.0,0,0,39.0,0,1.698718,0,0,0,0.0,0,0,0.0,0,0,,,,0.0,mobile_app,NS,,,,
ALC - Blokinho do Rosa 2025,120238216427400225,OUTCOME_AWARENESS,2026-01-01,104791,71539,1.464809,132,0.125965,1.067273,1.34439,140.88,87.0,0,1.61931,0.0,0,0.0,0.0,0,0.0,0,0,0,0,0,0,0.0,0,0.0,0,0,0,4899.0,0,0.028757,8.0,0,0,4899.0,0,0.028757,0,0,0,0.0,0,0,0.0,0,0,,,,0.0,mobile_app,NS,4758.0,1955.0,992.0,686.0
ALC - Super ZOO,120237697768620225,OUTCOME_AWARENESS,2026-02-01,983,872,1.127294,2,0.203459,0.519987,1.057958,1.039973,0.0,0,0.0,0.0,0,0.0,0.0,0,0.0,0,0,0,0,0,0,0.0,0,0.0,0,0,0,86.0,0,0.012093,0.0,0,0,86.0,0,0.012093,0,0,0,0.0,0,0,0.0,0,0,,,,0.0,desktop,NS,27.0,13.0,10.0,6.0
ALC - Super ZOO,120237697768620225,OUTCOME_AWARENESS,2026-02-01,302039,220236,1.371433,506,0.167528,0.758577,1.270829,383.840039,375.0,0,1.023573,169.0,0,2.271243,0.0,0,0.0,0,0,0,0,0,0,0.0,0,0.0,0,0,0,13104.0,0,0.029292,69.0,0,0,13104.0,0,0.029292,0,0,0,0.0,0,0,0.0,0,0,,,,375.0,mobile_app,NS,5234.0,1715.0,948.0,630.0
ALC - Super ZOO,120237697768620225,OUTCOME_AWARENESS,2026-02-01,412,349,1.180516,0,0.0,0.0,1.165018,0.479988,0.0,0,0.0,0.0,0,0.0,0.0,0,0.0,0,0,0,0,0,0,0.0,0,0.0,0,0,0,37.0,0,0.012973,0.0,0,0,37.0,0,0.012973,0,0,0,0.0,0,0,0.0,0,0,,,,0.0,mobile_web,NS,8.0,3.0,2.0,1.0
ALC - FÉRIAS JAN 25,120237769674470225,OUTCOME_AWARENESS,2026-02-01,164340,113975,1.441895,243,0.147864,0.864444,1.278204,210.06,173.0,0,1.21422,0.0,0,0.0,0.0,0,0.0,0,0,0,0,0,0,0.0,0,0.0,0,0,0,7317.0,0,0.028708,48.0,0,0,7317.0,0,0.028708,0,0,0,0.0,0,0,0.0,0,0,,,,168.0,mobile_app,NS,2183.0,639.0,342.0,207.0
ALC - VERÃO/LOJAS,120237769884270225,OUTCOME_AWARENESS,2026-02-01,122029,94941,1.285314,148,0.121283,1.013378,1.229052,149.98,108.0,0,1.388704,1.0,0,149.98,0.0,0,0.0,0,0,0,0,0,0,0.0,0,0.0,0,0,0,7042.0,0,0.021298,13.0,0,0,7042.0,0,0.021298,0,0,0,0.0,0,0,0.0,0,0,,,,0.0,mobile_app,NS,2699.0,1224.0,762.0,273.0
ALC - ÓCULOS META OAKLEY,120237770000040225,OUTCOME_AWARENESS,2026-02-01,118498,83806,1.413956,159,0.134179,0.944528,1.267363,150.18,113.0,0,1.329027,2.0,0,75.09,0.0,0,0.0,0,0,0,0,0,0,0.0,0,0.0,0,0,0,4751.0,0,0.03161,2.0,0,0,4751.0,0,0.03161,0,0,0,0.0,0,0,0.0,0,0,,,,0.0,mobile_app,NS,748.0,123.0,52.0,33.0
ALC - Novidades Cinema GNC,120238216202110225,OUTCOME_AWARENESS,2026-02-01,135,126,1.071429,0,0.0,0.0,1.037037,0.14,0.0,0,0.0,0.0,0,0.0,0.0,0,0.0,0,0,0,0,0,0,0.0,0,0.0,0,0,0,0.0,0,0.0,0.0,0,0,0.0,0,0.0,0,0,0,0.0,0,0,0.0,0,0,,,,0.0,desktop,NS,,,,
ALC - Novidades Cinema GNC,120238216202110225,OUTCOME_AWARENESS,2026-02-01,91538,65059,1.407,158,0.172606,0.671013,1.158208,106.02,129.0,0,0.82186,29.0,0,3.655862,0.0,0,0.0,0,0,0,0,0,0,0.0,0,0.0,0,0,0,168.0,0,0.631071,2.0,0,0,168.0,0,0.631071,0,0,0,0.0,0,0,0.0,0,0,,,,70.0,mobile_app,NS,122.0,36.0,27.0,16.0
ALC - Novidades Cinema GNC,120238216202110225,OUTCOME_AWARENESS,2026-02-01,79,74,1.067568,0,0.0,0.0,1.392405,0.11,0.0,0,0.0,0.0,0,0.0,0.0,0,0.0,0,0,0,0,0,0,0.0,0,0.0,0,0,0,0.0,0,0.0,0.0,0,0,0.0,0,0.0,0,0,0,0.0,0,0,0.0,0,0,,,,0.0,mobile_web,NS,1.0,,,
ALC - Vortex,120238216332790225,OUTCOME_AWARENESS,2026-02-01,87021,64109,1.357391,95,0.109169,1.087368,1.18707,103.3,72.0,0,1.434722,0.0,0,0.0,0.0,0,0.0,0,0,0,0,0,0,0.0,0,0.0,0,0,0,74.0,0,1.395946,2.0,0,0,74.0,0,1.395946,0,0,0,0.0,0,0,0.0,0,0,,,,0.0,mobile_app,NS,,,,
ALC - Blokinho do Rosa 2025,120238216427400225,OUTCOME_AWARENESS,2026-02-01,152988,108873,1.405197,208,0.135958,0.933173,1.268727,194.1,148.0,0,1.311486,0.0,0,0.0,0.0,0,0.0,0,0,0,0,0,0,0.0,0,0.0,0,0,0,7150.0,0,0.027147,18.0,0,0,7150.0,0,0.027147,0,0,0,0.0,0,0,0.0,0,0,,,,0.0,mobile_app,NS,4018.0,1480.0,799.0,554.0
ALC - Carnapet,120238497176350225,OUTCOME_AWARENESS,2026-02-01,165387,110165,1.501266,243,0.146928,0.917613,1.348232,222.98,179.0,0,1.245698,0.0,0,0.0,0.0,0,0.0,0,0,0,0,0,0,0.0,0,0.0,0,0,0,6524.0,0,0.034178,61.0,0,0,6524.0,0,0.034178,0,0,0,0.0,0,0,0.0,0,0,,,,0.0,mobile_app,NS,2049.0,1165.0,172.0,116.0
ALC - Exposição Ambiências,120238497254480225,OUTCOME_AWARENESS,2026-02-01,30636,24049,1.273899,34,0.110981,1.147059,1.273012,39.0,29.0,0,1.344828,0.0,0,0.0,0.0,0,0.0,0,0,0,0,0,0,0.0,0,0.0,0,0,0,2220.0,0,0.017568,12.0,0,0,2220.0,0,0.017568,0,0,0,0.0,0,0,0.0,0,0,,,,0.0,mobile_app,NS,695.0,283.0,58.0,35.0
ALC - Super ZOO,120237697768620225,OUTCOME_AWARENESS,2026-02-07,3137,2028,1.546844,4,0.12751,0.96,1.224099,3.84,0.0,0,0.0,0.0,0,0.0,0.0,0,0.0,0,0,0,0,0,0,0.0,0,0.0,0,0,0,291.0,0,0.013196,1.0,0,0,291.0,0,0.013196,0,0,0,0.0,0,0,0.0,0,0,,,,0.0,desktop,NS,58.0,37.0,29.0,25.0
ALC - Super ZOO,120237697768620225,OUTCOME_AWARENESS,2026-02-07,924827,347599,2.660615,1759,0.190198,0.664605,1.264063,1169.04,1256.0,0,0.930764,571.0,0,2.047356,0.0,0,0.0,0,0,0,0,0,0,0.0,0,0.0,0,0,0,35228.0,0,0.033185,221.0,0,0,35228.0,0,0.033185,0,0,0,0.0,0,0,0.0,0,0,,,,1255.0,mobile_app,NS,7814.0,2090.0,1147.0,761.0
ALC - Super ZOO,120237697768620225,OUTCOME_AWARENESS,2026-02-07,1155,687,1.681223,2,0.17316,0.74,1.281385,1.48,1.0,0,1.48,0.0,0,0.0,0.0,0,0.0,0,0,0,0,0,0,0.0,0,0.0,0,0,0,120.0,0,0.012333,1.0,0,0,120.0,0,0.012333,0,0,0,0.0,0,0,0.0,0,0,,,,1.0,mobile_web,NS,22.0,5.0,4.0,2.0
ALC - FÉRIAS JAN 25,120237769674470225,OUTCOME_AWARENESS,2026-02-07,459377,182962,2.510778,645,0.140408,0.904217,1.269589,583.22,466.0,0,1.251545,0.0,0,0.0,0.0,0,0.0,0,0,0,0,0,0,0.0,0,0.0,0,0,0,18704.0,0,0.031182,92.0,0,0,18704.0,0,0.031182,0,0,0,0.0,0,0,0.0,0,0,,,,452.0,mobile_app,NS,5658.0,1609.0,757.0,467.0
ALC - VERÃO/LOJAS,120237769884270225,OUTCOME_AWARENESS,2026-02-07,394527,157471,2.505395,521,0.132057,0.920941,1.216165,479.81,347.0,0,1.382738,0.0,0,0.0,0.0,0,0.0,0,0,0,0,0,0,0.0,0,0.0,0,0,0,23357.0,0,0.020542,56.0,0,0,23357.0,0,0.020542,0,0,0,0.0,0,0,0.0,0,0,,,,0.0,mobile_app,NS,5268.0,2732.0,1578.0,567.0
ALC - ÓCULOS META OAKLEY,120237770000040225,OUTCOME_AWARENESS,2026-02-07,326157,136582,2.387994,434,0.133065,0.95977,1.277115,416.54,312.0,0,1.335064,0.0,0,0.0,0.0,0,0.0,0,0,0,0,0,0,0.0,0,0.0,0,0,0,12424.0,0,0.033527,20.0,0,0,12424.0,0,0.033527,0,0,0,0.0,0,0,0.0,0,0,,,,0.0,mobile_app,NS,1916.0,337.0,164.0,85.0
ALC - Novidades Cinema GNC,120238216202110225,OUTCOME_AWARENESS,2026-02-07,293,260,1.126923,1,0.341297,0.29,0.989761,0.29,0.0,0,0.0,0.0,0,0.0,0.0,0,0.0,0,0,0,0,0,0,0.0,0,0.0,0,0,0,5.0,0,0.058,0.0,0,0,5.0,0,0.058,0,0,0,0.0,0,0,0.0,0,0,,,,0.0,desktop,NS,9.0,5.0,4.0,2.0
ALC - Novidades Cinema GNC,120238216202110225,OUTCOME_AWARENESS,2026-02-07,120169,78608,1.528712,222,0.18474,0.657973,1.215538,146.07,174.0,0,0.839483,86.0,0,1.698488,0.0,0,0.0,0,0,0,0,0,0,0.0,0,0.0,0,0,0,292.0,0,0.50024,6.0,0,0,292.0,0,0.50024,0,0,0,0.0,0,0,0.0,0,0,,,,174.0,mobile_app,NS,390.0,128.0,80.0,59.0
ALC - Novidades Cinema GNC,120238216202110225,OUTCOME_AWARENESS,2026-02-07,149,133,1.120301,0,0.0,0.0,1.14094,0.17,0.0,0,0.0,0.0,0,0.0,0.0,0,0.0,0,0,0,0,0,0,0.0,0,0.0,0,0,0,2.0,0,0.085,0.0,0,0,2.0,0,0.085,0,0,0,0.0,0,0,0.0,0,0,,,,0.0,mobile_web,NS,2.0,2.0,2.0,2.0
ALC - Vortex,120238216332790225,OUTCOME_AWARENESS,2026-02-07,272543,111912,2.435333,303,0.111175,1.07868,1.199224,326.84,226.0,0,1.446195,0.0,0,0.0,0.0,0,0.0,0,0,0,0,0,0,0.0,0,0.0,0,0,0,232.0,0,1.408793,6.0,0,0,232.0,0,1.408793,0,0,0,0.0,0,0,0.0,0,0,,,,0.0,mobile_app,NS,,,,
ALC - Blokinho do Rosa 2025,120238216427400225,OUTCOME_AWARENESS,2026-02-07,48656,46614,1.043807,68,0.139757,0.952353,1.330977,64.76,52.0,0,1.245385,0.0,0,0.0,0.0,0,0.0,0,0,0,0,0,0,0.0,0,0.0,0,0,0,2009.0,0,0.032235,6.0,0,0,2009.0,0,0.032235,0,0,0,0.0,0,0,0.0,0,0,,,,0.0,mobile_app,NS,341.0,64.0,31.0,14.0
ALC - Carnapet,120238497176350225,OUTCOME_AWARENESS,2026-02-07,19540,18677,1.046207,42,0.214944,0.642619,1.381269,26.99,30.0,0,0.899667,0.0,0,0.0,0.0,0,0.0,0,0,0,0,0,0,0.0,0,0.0,0,0,0,755.0,0,0.035748,6.0,0,0,755.0,0,0.035748,0,0,0,0.0,0,0,0.0,0,0,,,,0.0,mobile_app,NS,244.0,142.0,18.0,10.0
ALC - Exposição Ambiências,120238497254480225,OUTCOME_AWARENESS,2026-02-07,114071,63672,1.791541,127,0.111334,1.082283,1.204951,137.45,108.0,0,1.272685,0.0,0,0.0,0.0,0,0.0,0,0,0,0,0,0,0.0,0,0.0,0,0,0,6693.0,0,0.020536,29.0,0,0,6693.0,0,0.020536,0,0,0,0.0,0,0,0.0,0,0,,,,0.0,mobile_app,NS,2156.0,1002.0,205.0,147.0
ALC - A Casa de Gaby,120238749907260225,OUTCOME_AWARENESS,2026-02-07,245648,121715,2.018223,387,0.157543,0.775065,1.221056,299.95,283.0,0,1.059894,1.0,0,299.95,0.0,0,0.0,0,0,0,0,0,0,0.0,0,0.0,0,0,0,726.0,0,0.413154,17.0,0,0,726.0,0,0.413154,0,0,0,0.0,0,0,0.0,0,0,,,,1.0,mobile_app,NS,120.0,62.0,42.0,6.0
ALC - Exposição Beatles,120239046320590225,OUTCOME_AWARENESS,2026-02-07,160175,91946,1.742055,168,0.104885,1.106369,1.160418,185.87,128.0,0,1.452109,0.0,0,0.0,0.0,0,0.0,0,0,0,0,0,0,0.0,0,0.0,0,0,0,6488.0,0,0.028648,28.0,0,0,6488.0,0,0.028648,0,0,0,0.0,0,0,0.0,0,0,,,,0.0,mobile_app,NS,1061.0,187.0,101.0,69.0
ALC - CAPIVALLEY,120239368933820225,OUTCOME_AWARENESS,2026-02-07,465,375,1.24,0,0.0,0.0,1.397849,0.65,0.0,0,0.0,0.0,0,0.0,0.0,0,0.0,0,0,0,0,0,0,0.0,0,0.0,0,0,0,58.0,0,0.011207,0.0,0,0,58.0,0,0.011207,0,0,0,0.0,0,0,0.0,0,0,,,,0.0,desktop,NS,137.0,68.0,46.0,31.0
ALC - CAPIVALLEY,120239368933820225,OUTCOME_AWARENESS,2026-02-07,206677,149681,1.380783,315,0.152412,0.88927,1.355352,280.12,79.0,0,3.545823,0.0,0,0.0,0.0,0,0.0,0,0,0,0,0,0,0.0,0,0.0,0,0,0,13878.0,0,0.020184,112.0,0,0,13878.0,0,0.020184,0,0,0,0.0,0,0,0.0,0,0,,,,4.0,mobile_app,NS,31602.0,11526.0,6306.0,4288.0
ALC - CAPIVALLEY,120239368933820225,OUTCOME_AWARENESS,2026-02-07,204,170,1.2,2,0.980392,0.165,1.617647,0.33,0.0,0,0.0,0.0,0,0.0,0.0,0,0.0,0,0,0,0,0,0,0.0,0,0.0,0,0,0,13.0,0,0.025385,0.0,0,0,13.0,0,0.025385,0,0,0,0.0,0,0,0.0,0,0,,,,0.0,mobile_web,NS,41.0,17.0,11.0,6.0
ALC - Exposição Beatles,120239046320590225,OUTCOME_AWARENESS,2026-03-01,191689,105179,1.822503,152,0.079295,1.454342,1.153222,221.06,115.0,0,1.922261,0.0,0,0.0,0.0,0,0.0,0,0,0,0,0,0,0.0,0,0.0,0,0,0,7701.0,0,0.028705,30.0,0,0,7701.0,0,0.028705,0,0,0,0.0,0,0,0.0,0,0,,,,0.0,mobile_app,NS,1236.0,251.0,129.0,79.0
ALC - CAPIVALLEY,120239368933820225,OUTCOME_AWARENESS,2026-03-01,4105,2153,1.906642,2,0.048721,2.874942,1.400703,5.749885,0.0,0,0.0,0.0,0,0.0,0.0,0,0.0,0,0,0,0,0,0,0.0,0,0.0,0,0,0,744.0,0,0.007728,0.0,0,0,745.0,0,0.007718,0,0,0,0.0,0,0,0.0,0,0,,,,0.0,desktop,NS,1484.0,863.0,584.0,415.0
ALC - CAPIVALLEY,120239368933820225,OUTCOME_AWARENESS,2026-03-01,1132125,462712,2.446716,1162,0.102639,1.284768,1.318671,1492.900138,61.0,0,24.473773,0.0,0,0.0,0.0,0,0.0,0,0,0,0,0,0,0.0,0,0.0,0,0,0,52247.0,0,0.028574,171.0,0,0,52249.0,0,0.028573,0,0,0,0.0,0,0,0.0,0,0,,,,41.0,mobile_app,NS,166472.0,61289.0,35785.0,24658.0
ALC - CAPIVALLEY,120239368933820225,OUTCOME_AWARENESS,2026-03-01,919,551,1.667877,5,0.54407,0.227995,1.240454,1.139977,0.0,0,0.0,0.0,0,0.0,0.0,0,0.0,0,0,0,0,0,0,0.0,0,0.0,0,0,0,56.0,0,0.020357,0.0,0,0,56.0,0,0.020357,0,0,0,0.0,0,0,0.0,0,0,,,,0.0,mobile_web,NS,178.0,66.0,36.0,21.0
ALC - MISS CRICIUMA,120239593181160225,OUTCOME_AWARENESS,2026-03-01,902,706,1.27762,0,0.0,0.0,1.463385,1.319974,0.0,0,0.0,0.0,0,0.0,0.0,0,0.0,0,0,0,0,0,0,0.0,0,0.0,0,0,0,0.0,0,0.0,0.0,0,0,0.0,0,0.0,0,0,0,0.0,0,0,0.0,0,0,,,,0.0,desktop,NS,,,,
ALC - MISS CRICIUMA,120239593181160225,OUTCOME_AWARENESS,2026-03-01,1396425,419583,3.328126,1884,0.134916,1.060255,1.430453,1997.52005,1578.0,0,1.265856,828.0,0,2.412464,0.0,0,0.0,0,0,0,0,0,0,0.0,0,0.0,0,0,0,1613.0,0,1.238388,16.0,0,0,1613.0,0,1.238388,0,0,0,0.0,0,0,0.0,0,0,,,,1570.0,mobile_app,NS,,,,
ALC - MISS CRICIUMA,120239593181160225,OUTCOME_AWARENESS,2026-03-01,705,512,1.376953,0,0.0,0.0,1.645357,1.159977,0.0,0,0.0,0.0,0,0.0,0.0,0,0.0,0,0,0,0,0,0,0.0,0,0.0,0,0,0,1.0,0,1.159977,1.0,0,0,1.0,0,1.159977,0,0,0,0.0,0,0,0.0,0,0,,,,0.0,mobile_web,NS,,,,
ALC - MISS CRICIUMA,120239593181160225,OUTCOME_AWARENESS,2026-03-01,0,0,0.0,0,0.0,0.0,0.0,0.0,0.0,0,0.0,1.0,0,0.0,0.0,0,0.0,0,0,0,0,0,0,0.0,0,0.0,0,0,0,0.0,0,0.0,0.0,0,0,0.0,0,0.0,0,0,0,0.0,0,0,0.0,0,0,,,,0.0,unknown,NS,,,,
ALC - Páscoa,120239593258100225,OUTCOME_AWARENESS,2026-03-01,5592,3453,1.619461,5,0.089413,1.567987,1.401992,7.839937,0.0,0,0.0,0.0,0,0.0,0.0,0,0.0,0,0,0,0,0,0,0.0,0,0.0,0,0,0,484.0,0,0.016198,0.0,0,0,484.0,0,0.016198,0,0,0,0.0,0,0,0.0,0,0,,,,0.0,desktop,NS,96.0,51.0,30.0,20.0
ALC - Páscoa,120239593258100225,OUTCOME_AWARENESS,2026-03-01,2643796,644604,4.101427,1847,0.069862,2.003709,1.399824,3700.850084,905.0,0,4.089337,414.0,0,8.939251,0.0,0,0.0,0,0,0,0,0,0,0.0,0,0.0,0,0,0,74365.0,0,0.049766,305.0,0,0,74365.0,0,0.049766,0,0,0,0.0,0,0,0.0,0,0,,,,860.0,mobile_app,NS,17132.0,3845.0,2127.0,1377.0
ALC - Páscoa,120239593258100225,OUTCOME_AWARENESS,2026-03-01,1727,990,1.744444,1,0.057904,2.51998,1.459166,2.51998,0.0,0,0.0,0.0,0,0.0,0.0,0,0.0,0,0,0,0,0,0,0.0,0,0.0,0,0,0,123.0,0,0.020488,1.0,0,0,123.0,0,0.020488,0,0,0,0.0,0,0,0.0,0,0,,,,0.0,mobile_web,NS,18.0,5.0,4.0,1.0
ALC - MUSICAL O ENCANTO DA NATUREZA,120239602331250225,OUTCOME_AWARENESS,2026-03-01,357,347,1.028818,0,0.0,0.0,1.232493,0.44,0.0,0,0.0,0.0,0,0.0,0.0,0,0.0,0,0,0,0,0,0,0.0,0,0.0,0,0,0,46.0,0,0.009565,0.0,0,0,46.0,0,0.009565,0,0,0,0.0,0,0,0.0,0,0,,,,0.0,desktop,NS,12.0,3.0,3.0,4.0
ALC - MUSICAL O ENCANTO DA NATUREZA,120239602331250225,OUTCOME_AWARENESS,2026-03-01,228387,167218,1.365804,338,0.147994,0.918846,1.359841,310.57,255.0,0,1.217922,0.0,0,0.0,0.0,0,0.0,0,0,0,0,0,0,0.0,0,0.0,0,0,0,10464.0,0,0.02968,25.0,0,0,10464.0,0,0.02968,0,0,0,0.0,0,0,0.0,0,0,,,,253.0,mobile_app,NS,3847.0,1798.0,434.0,285.0
ALC - MUSICAL O ENCANTO DA NATUREZA,120239602331250225,OUTCOME_AWARENESS,2026-03-01,116,113,1.026549,0,0.0,0.0,0.948276,0.11,0.0,0,0.0,0.0,0,0.0,0.0,0,0.0,0,0,0,0,0,0,0.0,0,0.0,0,0,0,22.0,0,0.005,0.0,0,0,22.0,0,0.005,0,0,0,0.0,0,0,0.0,0,0,,,,0.0,mobile_web,NS,11.0,3.0,1.0,1.0
ALC - DIA DA MULHER - PANDORA,120239707854730225,OUTCOME_AWARENESS,2026-03-01,312,305,1.022951,0,0.0,0.0,1.18604,0.370044,0.0,0,0.0,0.0,0,0.0,0.0,0,0.0,0,0,0,0,0,0,0.0,0,0.0,0,0,0,24.0,0,0.015419,0.0,0,0,24.0,0,0.015419,0,0,0,0.0,0,0,0.0,0,0,,,,0.0,desktop,NS,5.0,2.0,1.0,1.0
ALC - DIA DA MULHER - PANDORA,120239707854730225,OUTCOME_AWARENESS,2026-03-01,353037,222225,1.588647,516,0.14616,0.96626,1.412288,498.589937,417.0,0,1.195659,212.0,0,2.351839,0.0,0,0.0,0,0,0,0,0,0,0.0,0,0.0,0,0,0,12479.0,0,0.039954,42.0,0,0,12479.0,0,0.039954,0,0,0,0.0,0,0,0.0,0,0,,,,416.0,mobile_app,NS,3238.0,537.0,313.0,196.0
ALC - DIA DA MULHER - PANDORA,120239707854730225,OUTCOME_AWARENESS,2026-03-01,115,108,1.064815,1,0.869565,0.150018,1.304505,0.150018,1.0,0,0.150018,1.0,0,0.150018,0.0,0,0.0,0,0,0,0,0,0,0.0,0,0.0,0,0,0,13.0,0,0.01154,0.0,0,0,13.0,0,0.01154,0,0,0,0.0,0,0,0.0,0,0,,,,1.0,mobile_web,NS,,,,
ALC - Promo Iphone,120240550439900225,OUTCOME_AWARENESS,2026-03-01,1553,1046,1.484704,0,0.0,0.0,1.802962,2.8,0.0,0,0.0,0.0,0,0.0,0.0,0,0.0,0,0,0,0,0,0,0.0,0,0.0,0,0,0,0.0,0,0.0,0.0,0,0,0.0,0,0.0,0,0,0,0.0,0,0,0.0,0,0,,,,0.0,desktop,NS,,,,
ALC - Promo Iphone,120240550439900225,OUTCOME_AWARENESS,2026-03-01,463609,261128,1.775409,768,0.165657,0.975807,1.616491,749.42,600.0,0,1.249033,0.0,0,0.0,0.0,0,0.0,0,0,0,0,0,0,0.0,0,0.0,0,0,0,658.0,0,1.138936,41.0,0,0,658.0,0,1.138936,0,0,0,0.0,0,0,0.0,0,0,,,,597.0,mobile_app,NS,,,,
ALC - Promo Iphone,120240550439900225,OUTCOME_AWARENESS,2026-03-01,410,303,1.353135,2,0.487805,0.305,1.487805,0.61,1.0,0,0.61,0.0,0,0.0,0.0,0,0.0,0,0,0,0,0,0,0.0,0,0.0,0,0,0,1.0,0,0.61,0.0,0,0,1.0,0,0.61,0,0,0,0.0,0,0,0.0,0,0,,,,1.0,mobile_web,NS,,,,
ALC - Heroinas do kpop,120240551545740225,OUTCOME_AWARENESS,2026-03-01,561,425,1.32,1,0.178253,0.899964,1.604214,0.899964,1.0,0,0.899964,0.0,0,0.0,0.0,0,0.0,0,0,0,0,0,0,0.0,0,0.0,0,0,0,2.0,0,0.449982,0.0,0,0,2.0,0,0.449982,0,0,0,0.0,0,0,0.0,0,0,,,,1.0,desktop,NS,,,,
ALC - Heroinas do kpop,120240551545740225,OUTCOME_AWARENESS,2026-03-01,332883,219294,1.517976,700,0.210284,0.712443,1.498154,498.71005,508.0,0,0.981713,4.0,0,124.677513,0.0,0,0.0,0,0,0,0,0,0,0.0,0,0.0,0,0,0,620.0,0,0.804371,34.0,0,0,621.0,0,0.803076,0,0,0,0.0,0,0,0.0,0,0,,,,508.0,mobile_app,NS,,,,
ALC - Heroinas do kpop,120240551545740225,OUTCOME_AWARENESS,2026-03-01,190,158,1.202532,2,1.052632,0.174993,1.842032,0.349986,0.0,0,0.0,0.0,0,0.0,0.0,0,0.0,0,0,0,0,0,0,0.0,0,0.0,0,0,0,0.0,0,0.0,0.0,0,0,0.0,0,0.0,0,0,0,0.0,0,0,0.0,0,0,,,,0.0,mobile_web,NS,,,,
ALC - Diversão no Nações,120240554914940225,OUTCOME_AWARENESS,2026-03-01,870,628,1.38535,0,0.0,0.0,1.321839,1.15,0.0,0,0.0,0.0,0,0.0,0.0,0,0.0,0,0,0,0,0,0,0.0,0,0.0,0,0,0,0.0,0,0.0,0.0,0,0,0.0,0,0.0,0,0,0,0.0,0,0,4.0,0,0,,,,0.0,desktop,NS,,,,
ALC - Diversão no Nações,120240554914940225,OUTCOME_AWARENESS,2026-03-01,145283,90257,1.609659,283,0.194792,0.721731,1.405877,204.25,177.0,0,1.153955,59.0,0,3.461864,4.0,0,51.0625,0,0,0,0,0,0,43.0,0,4.75,0,0,0,209.0,0,0.977273,28.0,0,0,210.0,0,0.972619,0,0,0,4.0,0,0,282.0,0,0,,,,177.0,mobile_app,NS,,,,
ALC - Diversão no Nações,120240554914940225,OUTCOME_AWARENESS,2026-03-01,345,263,1.311787,1,0.289855,0.5,1.449275,0.5,0.0,0,0.0,0.0,0,0.0,0.0,0,0.0,0,0,0,0,0,0,0.0,0,0.0,0,0,0,0.0,0,0.0,0.0,0,0,0.0,0,0.0,0,0,0,0.0,0,0,0.0,0,0,,,,0.0,mobile_web,NS,,,,
ALC - Aniversario NS,120240906192060225,OUTCOME_AWARENESS,2026-03-01,37,34,1.088235,0,0.0,0.0,1.351351,0.05,0.0,0,0.0,0.0,0,0.0,0.0,0,0.0,0,0,0,0,0,0,0.0,0,0.0,0,0,0,0.0,0,0.0,0.0,0,0,0.0,0,0.0,0,0,0,0.0,0,0,0.0,0,0,,,,0.0,desktop,NS,,,,
ALC - Aniversario NS,120240906192060225,OUTCOME_AWARENESS,2026-03-01,24409,21474,1.136677,41,0.167971,0.762195,1.280265,31.25,24.0,0,1.302083,0.0,0,0.0,0.0,0,0.0,0,0,0,0,0,0,0.0,0,0.0,0,0,0,26.0,0,1.201923,2.0,0,0,26.0,0,1.201923,0,0,0,0.0,0,0,0.0,0,0,,,,0.0,mobile_app,NS,,,,
ALC - Aniversario NS,120240906192060225,OUTCOME_AWARENESS,2026-03-01,18,15,1.2,0,0.0,0.0,1.111111,0.02,0.0,0,0.0,0.0,0,0.0,0.0,0,0.0,0,0,0,0,0,0,0.0,0,0.0,0,0,0,0.0,0,0.0,0.0,0,0,0.0,0,0.0,0,0,0,0.0,0,0,0.0,0,0,,,,0.0,mobile_web,NS,,,,
ENG - Posts,120240906696350225,OUTCOME_ENGAGEMENT,2026-03-01,68,66,1.030303,1,1.470588,0.12,1.764706,0.12,0.0,0,0.0,0.0,0,0.0,0.0,0,0.0,0,0,0,0,0,0,0.0,0,0.0,0,0,0,40.0,0,0.003,1.0,0,0,40.0,0,0.003,0,0,0,0.0,0,0,0.0,0,0,,,,0.0,desktop,NS,11.0,3.0,3.0,2.0
ENG - Posts,120240906696350225,OUTCOME_ENGAGEMENT,2026-03-01,15123,12820,1.179641,651,4.304701,0.067143,2.8903,43.71,1.0,0,43.71,0.0,0,0.0,0.0,0,0.0,0,0,0,0,0,0,0.0,0,0.0,0,0,0,7435.0,0,0.005879,134.0,0,0,7436.0,0,0.005878,0,0,0,0.0,0,0,0.0,0,0,,,,1.0,mobile_app,NS,2684.0,1510.0,941.0,440.0
ENG - Posts,120240906696350225,OUTCOME_ENGAGEMENT,2026-03-01,33,30,1.1,1,3.030303,0.05,1.515152,0.05,0.0,0,0.0,0.0,0,0.0,0.0,0,0.0,0,0,0,0,0,0,0.0,0,0.0,0,0,0,18.0,0,0.002778,1.0,0,0,18.0,0,0.002778,0,0,0,0.0,0,0,0.0,0,0,,,,0.0,mobile_web,NS,5.0,2.0,,
TRAF - FRANQUIAS,120240991124520225,LINK_CLICKS,2026-03-01,4,3,1.333333,0,0.0,0.0,7.5,0.03,0.0,0,0.0,0.0,0,0.0,0.0,0,0.0,0,0,0,0,0,0,0.0,0,0.0,0,0,0,0.0,0,0.0,0.0,0,0,0.0,0,0.0,0,0,0,0.0,0,0,0.0,0,0,,,,0.0,desktop,NS,,,,
TRAF - FRANQUIAS,120240991124520225,LINK_CLICKS,2026-03-01,6388,5548,1.151406,196,3.068253,0.121939,3.74139,23.9,130.0,0,0.183846,0.0,0,0.0,0.0,0,0.0,0,0,0,0,0,0,0.0,0,0.0,0,0,0,147.0,0,0.162585,15.0,0,0,147.0,0,0.162585,0,0,0,0.0,0,0,4.0,0,0,,,,128.0,mobile_app,NS,,,,
TRAF - FRANQUIAS,120240991124520225,LINK_CLICKS,2026-03-01,8,7,1.142857,2,25.0,0.015,3.75,0.03,1.0,0,0.03,0.0,0,0.0,0.0,0,0.0,0,0,0,0,0,0,0.0,0,0.0,0,0,0,2.0,0,0.015,0.0,0,0,2.0,0,0.015,0,0,0,0.0,0,0,0.0,0,0,,,,1.0,mobile_web,NS,,,,
ENG - FRANQUIAS,120240991903650225,OUTCOME_ENGAGEMENT,2026-03-01,1930,1650,1.169697,19,0.984456,1.035263,10.19171,19.67,6.0,0,3.278333,0.0,0,0.0,0.0,0,0.0,0,0,0,0,0,0,0.0,0,0.0,0,0,0,6.0,0,3.278333,0.0,0,0,6.0,0,3.278333,0,0,0,0.0,0,0,0.0,0,0,,,,6.0,mobile_app,NS,,,,
ENG - FRANQUIAS,120240991903650225,OUTCOME_ENGAGEMENT,2026-03-01,2,2,1.0,0,0.0,0.0,10.0,0.02,0.0,0,0.0,0.0,0,0.0,0.0,0,0.0,0,0,0,0,0,0,0.0,0,0.0,0,0,0,0.0,0,0.0,0.0,0,0,0.0,0,0.0,0,0,0,0.0,0,0,0.0,0,0,,,,0.0,mobile_web,NS,,,,
ALC - Páscoa,120239593258100225,OUTCOME_AWARENESS,2026-04-01,559,475,1.176842,0,0.0,0.0,0.9839,0.55,0.0,0,0.0,0.0,0,0.0,0.0,0,0.0,0,0,0,0,0,0,0.0,0,0.0,0,0,0,93.0,0,0.005914,0.0,0,0,93.0,0,0.005914,0,0,0,0.0,0,0,0.0,0,0,,,,0.0,desktop,NS,14.0,7.0,4.0,3.0
ALC - Páscoa,120239593258100225,OUTCOME_AWARENESS,2026-04-01,229638,190324,1.206564,218,0.094932,1.321193,1.254235,288.02,73.0,0,3.945479,37.0,0,7.784324,0.0,0,0.0,0,0,0,0,0,0,0.0,0,0.0,0,0,0,9224.0,0,0.031225,34.0,0,0,9224.0,0,0.031225,0,0,0,0.0,0,0,0.0,0,0,,,,64.0,mobile_app,NS,1689.0,427.0,202.0,138.0
ALC - Páscoa,120239593258100225,OUTCOME_AWARENESS,2026-04-01,141,125,1.128,0,0.0,0.0,1.489362,0.21,0.0,0,0.0,0.0,0,0.0,0.0,0,0.0,0,0,0,0,0,0,0.0,0,0.0,0,0,0,2.0,0,0.105,0.0,0,0,2.0,0,0.105,0,0,0,0.0,0,0,0.0,0,0,,,,0.0,mobile_web,NS,,,,
ALC - Promo Iphone,120240550439900225,OUTCOME_AWARENESS,2026-04-01,2540,1558,1.630295,1,0.03937,3.48986,1.373961,3.48986,0.0,0,0.0,0.0,0,0.0,0.0,0,0.0,0,0,0,0,0,0,3.0,0,1.163287,0,0,0,96.0,0,0.036353,0.0,0,0,96.0,0,0.036353,0,0,0,0.0,0,0,14.0,0,0,,,,0.0,desktop,NS,14.0,6.0,4.0,4.0
ALC - Promo Iphone,120240550439900225,OUTCOME_AWARENESS,2026-04-01,1294260,477267,2.711815,2085,0.161096,0.835684,1.346252,1742.40019,1385.0,0,1.258051,13.0,0,134.030784,21.0,0,82.971438,0,0,0,0,0,0,362.0,0,4.81326,0,0,0,47703.0,0,0.036526,183.0,0,0,47704.0,0,0.036525,0,0,0,21.0,0,0,1799.0,0,0,,,,1376.0,mobile_app,NS,6242.0,1411.0,637.0,376.0
ALC - Promo Iphone,120240550439900225,OUTCOME_AWARENESS,2026-04-01,990,617,1.604538,7,0.707071,0.179993,1.272676,1.25995,3.0,0,0.419983,0.0,0,0.0,0.0,0,0.0,0,0,0,0,0,0,0.0,0,0.0,0,0,0,31.0,0,0.040644,0.0,0,0,31.0,0,0.040644,0,0,0,0.0,0,0,2.0,0,0,,,,3.0,mobile_web,NS,5.0,2.0,2.0,1.0
ALC - Diversão no Nações,120240554914940225,OUTCOME_AWARENESS,2026-04-01,1586,1083,1.464451,2,0.126103,0.875,1.103405,1.75,1.0,0,1.75,0.0,0,0.0,0.0,0,0.0,0,0,0,0,0,0,1.0,0,1.75,0,0,0,1.0,0,1.75,0.0,0,0,1.0,0,1.75,0,0,0,0.0,0,0,8.0,0,0,,,,1.0,desktop,NS,,,,
ALC - Diversão no Nações,120240554914940225,OUTCOME_AWARENESS,2026-04-01,256854,138508,1.854434,501,0.195052,0.582216,1.135626,291.69,324.0,0,0.900278,112.0,0,2.604375,8.0,0,36.46125,0,0,0,0,0,0,102.0,0,2.859706,0,0,0,370.0,0,0.788351,44.0,0,0,372.0,0,0.784113,0,0,0,8.0,0,0,556.0,0,0,,,,323.0,mobile_app,NS,,,,
ALC - Diversão no Nações,120240554914940225,OUTCOME_AWARENESS,2026-04-01,608,380,1.6,1,0.164474,0.66,1.085526,0.66,0.0,0,0.0,0.0,0,0.0,0.0,0,0.0,0,0,0,0,0,0,0.0,0,0.0,0,0,0,0.0,0,0.0,0.0,0,0,0.0,0,0.0,0,0,0,0.0,0,0,5.0,0,0,,,,0.0,mobile_web,NS,,,,
ALC - Aniversario NS,120240906192060225,OUTCOME_AWARENESS,2026-04-01,319,240,1.329167,0,0.0,0.0,0.846295,0.269968,0.0,0,0.0,0.0,0,0.0,0.0,0,0.0,0,0,0,0,0,0,0.0,0,0.0,0,0,0,0.0,0,0.0,0.0,0,0,0.0,0,0.0,0,0,0,0.0,0,0,0.0,0,0,,,,0.0,desktop,NS,,,,
ALC - Aniversario NS,120240906192060225,OUTCOME_AWARENESS,2026-04-01,159650,99017,1.612349,268,0.167867,0.627799,1.053868,168.250051,192.0,0,0.876302,0.0,0,0.0,0.0,0,0.0,0,0,0,0,0,0,0.0,0,0.0,0,0,0,205.0,0,0.820732,12.0,0,0,205.0,0,0.820732,0,0,0,0.0,0,0,0.0,0,0,,,,1.0,mobile_app,NS,,,,
ALC - Aniversario NS,120240906192060225,OUTCOME_AWARENESS,2026-04-01,99,75,1.32,3,3.030303,0.053327,1.61597,0.159981,3.0,0,0.053327,0.0,0,0.0,0.0,0,0.0,0,0,0,0,0,0,0.0,0,0.0,0,0,0,3.0,0,0.053327,0.0,0,0,3.0,0,0.053327,0,0,0,0.0,0,0,0.0,0,0,,,,0.0,mobile_web,NS,,,,
ENG - Posts,120240906696350225,OUTCOME_ENGAGEMENT,2026-04-01,472,406,1.162562,2,0.423729,0.28,1.186441,0.56,0.0,0,0.0,0.0,0,0.0,0.0,0,0.0,0,0,0,0,0,0,0.0,0,0.0,0,0,0,186.0,0,0.003011,2.0,0,0,186.0,0,0.003011,0,0,0,0.0,0,0,0.0,0,0,,,,0.0,desktop,NS,40.0,27.0,16.0,9.0
ENG - Posts,120240906696350225,OUTCOME_ENGAGEMENT,2026-04-01,86232,61874,1.393671,1954,2.26598,0.10347,2.344605,202.18,3.0,0,67.393333,0.0,0,0.0,0.0,0,0.0,0,0,0,0,0,0,0.0,0,0.0,0,0,0,39138.0,0,0.005166,619.0,0,0,39142.0,0,0.005165,0,0,0,0.0,0,0,0.0,0,0,,,,2.0,mobile_app,NS,13264.0,5651.0,3139.0,1375.0
ENG - Posts,120240906696350225,OUTCOME_ENGAGEMENT,2026-04-01,251,198,1.267677,10,3.984064,0.049,1.952191,0.49,0.0,0,0.0,0.0,0,0.0,0.0,0,0.0,0,0,0,0,0,0,0.0,0,0.0,0,0,0,98.0,0,0.005,0.0,0,0,98.0,0,0.005,0,0,0,0.0,0,0,0.0,0,0,,,,0.0,mobile_web,NS,29.0,8.0,3.0,2.0
TRAF - FRANQUIAS,120240991124520225,LINK_CLICKS,2026-04-01,760,488,1.557377,116,15.263158,0.026465,4.039439,3.069974,28.0,0,0.109642,7.0,0,0.438568,0.0,0,0.0,0,0,0,0,0,0,2.0,0,1.534987,0,0,0,29.0,0,0.105861,1.0,0,0,30.0,0,0.102332,0,0,0,0.0,0,0,6.0,0,0,,,,28.0,desktop,NS,,,,
TRAF - FRANQUIAS,120240991124520225,LINK_CLICKS,2026-04-01,264932,170539,1.553498,13613,5.1383,0.086129,4.425551,1172.470029,10710.0,0,0.109474,3510.0,0,0.334037,2.0,0,586.235015,0,0,0,0,0,0,43.0,0,27.266745,0,0,0,10985.0,0,0.106734,208.0,0,0,10990.0,0,0.106685,0,0,0,2.0,0,0,222.0,0,0,,,,10704.0,mobile_app,NS,,,,
TRAF - FRANQUIAS,120240991124520225,LINK_CLICKS,2026-04-01,165,123,1.341463,15,9.090909,0.026,2.363616,0.389997,4.0,0,0.097499,2.0,0,0.194998,0.0,0,0.0,0,0,0,0,0,0,0.0,0,0.0,0,0,0,4.0,0,0.097499,0.0,0,0,4.0,0,0.097499,0,0,0,0.0,0,0,8.0,0,0,,,,4.0,mobile_web,NS,,,,
ENG - FRANQUIAS,120240991903650225,OUTCOME_ENGAGEMENT,2026-04-01,108692,25613,4.243626,1226,1.127958,0.959666,10.824624,1176.55,589.0,0,1.997538,10.0,0,117.655,0.0,0,0.0,0,0,0,0,0,0,0.0,0,0.0,0,0,0,725.0,0,1.622828,112.0,0,0,730.0,0,1.611712,0,0,0,0.0,0,0,0.0,0,0,,,,338.0,mobile_app,NS,,,,
ENG - FRANQUIAS,120240991903650225,OUTCOME_ENGAGEMENT,2026-04-01,117,53,2.207547,4,3.418803,0.5325,18.205128,2.13,2.0,0,1.065,0.0,0,0.0,0.0,0,0.0,0,0,0,0,0,0,0.0,0,0.0,0,0,0,2.0,0,1.065,0.0,0,0,2.0,0,1.065,0,0,0,0.0,0,0,0.0,0,0,,,,0.0,mobile_web,NS,,,,
TRAF - IPHONE,120241307194150225,LINK_CLICKS,2026-04-01,194,39,4.974359,1,0.515464,0.26,1.340206,0.26,1.0,0,0.26,0.0,0,0.0,0.0,0,0.0,0,0,0,0,0,0,0.0,0,0.0,0,0,0,15.0,0,0.017333,0.0,0,0,15.0,0,0.017333,0,0,0,0.0,0,0,0.0,0,0,,,,1.0,desktop,NS,11.0,13.0,12.0,14.0
TRAF - IPHONE,120241307194150225,LINK_CLICKS,2026-04-01,168021,44087,3.811123,3306,1.967611,0.151101,2.973081,499.54,2800.0,0,0.178407,912.0,0,0.547741,0.0,0,0.0,0,0,0,0,0,0,0.0,0,0.0,0,0,0,21429.0,0,0.023311,106.0,0,0,21430.0,0,0.02331,0,0,0,0.0,0,0,0.0,0,0,,,,2796.0,mobile_app,NS,4995.0,1904.0,1115.0,706.0
TRAF - IPHONE,120241307194150225,LINK_CLICKS,2026-04-01,14,13,1.076923,1,7.142857,0.03,2.142857,0.03,0.0,0,0.0,0.0,0,0.0,0.0,0,0.0,0,0,0,0,0,0,0.0,0,0.0,0,0,0,2.0,0,0.015,0.0,0,0,2.0,0,0.015,0,0,0,0.0,0,0,0.0,0,0,,,,0.0,mobile_web,NS,2.0,1.0,1.0,
ALC - DIABO VESTE PRADA,120241581855510225,OUTCOME_AWARENESS,2026-04-01,1,1,1.0,0,0.0,0.0,0.0,0.0,0.0,0,0.0,0.0,0,0.0,0.0,0,0.0,0,0,0,0,0,0,0.0,0,0.0,0,0,0,1.0,0,0.0,0.0,0,0,1.0,0,0.0,0,0,0,0.0,0,0,0.0,0,0,,,,0.0,desktop,NS,1.0,1.0,1.0,1.0
ALC - DIABO VESTE PRADA,120241581855510225,OUTCOME_AWARENESS,2026-04-01,346309,139647,2.479889,370,0.106841,1.351189,1.443624,499.94,232.0,0,2.154914,0.0,0,0.0,0.0,0,0.0,0,0,0,0,0,0,0.0,0,0.0,0,0,0,19821.0,0,0.025223,98.0,0,0,19821.0,0,0.025223,0,0,0,0.0,0,0,0.0,0,0,,,,0.0,mobile_app,NS,6222.0,2225.0,846.0,527.0
ALC - DIABO VESTE PRADA,120241581855510225,OUTCOME_AWARENESS,2026-04-01,1,1,1.0,0,0.0,0.0,0.0,0.0,0.0,0,0.0,0.0,0,0.0,0.0,0,0.0,0,0,0,0,0,0,0.0,0,0.0,0,0,0,0.0,0,0.0,0.0,0,0,0.0,0,0.0,0,0,0,0.0,0,0,0.0,0,0,,,,0.0,mobile_web,NS,,,,
ALC - DIABO VESTE PRADA,120241581855510225,OUTCOME_AWARENESS,2026-04-01,0,0,0.0,0,0.0,0.0,0.0,0.0,0.0,0,0.0,0.0,0,0.0,0.0,0,0.0,0,0,0,0,0,0,0.0,0,0.0,0,0,0,0.0,0,0.0,0.0,0,0,0.0,0,0.0,0,0,0,0.0,0,0,0.0,0,0,,,,0.0,unknown,NS,,,,
ALC - Hello Kitty,120242003338060225,OUTCOME_AWARENESS,2026-04-01,983,723,1.359613,2,0.203459,0.68998,1.403826,1.379961,1.0,0,1.379961,1.0,0,1.379961,0.0,0,0.0,0,0,0,0,0,0,0.0,0,0.0,0,0,0,1.0,0,1.379961,0.0,0,0,1.0,0,1.379961,0,0,0,0.0,0,0,0.0,0,0,,,,1.0,desktop,NS,,,,
ALC - Hello Kitty,120242003338060225,OUTCOME_AWARENESS,2026-04-01,267781,176878,1.513931,417,0.155724,0.834916,1.300167,348.160052,292.0,0,1.192329,114.0,0,3.054036,0.0,0,0.0,0,0,0,0,0,0,0.0,0,0.0,0,0,0,342.0,0,1.018012,32.0,0,0,342.0,0,1.018012,0,0,0,0.0,0,0,0.0,0,0,,,,292.0,mobile_app,NS,,,,
ALC - Hello Kitty,120242003338060225,OUTCOME_AWARENESS,2026-04-01,311,229,1.358079,3,0.96463,0.149996,1.446904,0.449987,1.0,0,0.449987,0.0,0,0.0,0.0,0,0.0,0,0,0,0,0,0,0.0,0,0.0,0,0,0,1.0,0,0.449987,0.0,0,0,1.0,0,0.449987,0,0,0,0.0,0,0,0.0,0,0,,,,1.0,mobile_web,NS,,,,
[ALC - Encontro de Goldens e Labradores],120242004126310225,OUTCOME_AWARENESS,2026-04-01,223180,137590,1.622066,312,0.139797,0.961122,1.343624,299.87,252.0,0,1.18996,1.0,0,299.87,0.0,0,0.0,0,0,0,0,0,0,0.0,0,0.0,0,0,0,284.0,0,1.05588,16.0,0,0,284.0,0,1.05588,0,0,0,0.0,0,0,0.0,0,0,,,,0.0,mobile_app,NS,,,,
ALC - Hello Kitty Parade,120242004377040225,OUTCOME_AWARENESS,2026-04-01,712,573,1.242583,1,0.140449,0.849868,1.193634,0.849868,0.0,0,0.0,0.0,0,0.0,0.0,0,0.0,0,0,0,0,0,0,0.0,0,0.0,0,0,0,103.0,0,0.008251,2.0,0,0,103.0,0,0.008251,0,0,0,0.0,0,0,0.0,0,0,,,,0.0,desktop,NS,9.0,2.0,1.0,1.0
ALC - Hello Kitty Parade,120242004377040225,OUTCOME_AWARENESS,2026-04-01,91139,57998,1.571416,173,0.18982,0.735492,1.396111,127.240167,1.0,0,127.240167,0.0,0,0.0,0.0,0,0.0,0,0,0,0,0,0,0.0,0,0.0,0,0,0,8751.0,0,0.01454,86.0,0,0,8754.0,0,0.014535,0,0,0,0.0,0,0,0.0,0,0,,,,0.0,mobile_app,NS,1106.0,322.0,142.0,76.0
ALC - Hello Kitty Parade,120242004377040225,OUTCOME_AWARENESS,2026-04-01,176,147,1.197279,1,0.568182,0.219966,1.249805,0.219966,0.0,0,0.0,0.0,0,0.0,0.0,0,0.0,0,0,0,0,0,0,0.0,0,0.0,0,0,0,19.0,0,0.011577,1.0,0,0,19.0,0,0.011577,0,0,0,0.0,0,0,0.0,0,0,,,,0.0,mobile_web,NS,4.0,2.0,,
ALC - PROMO MAES 26,120242389174110225,OUTCOME_AWARENESS,2026-04-01,357,326,1.095092,0,0.0,0.0,1.764438,0.629904,0.0,0,0.0,0.0,0,0.0,0.0,0,0.0,0,0,0,0,0,0,0.0,0,0.0,0,0,0,6.0,0,0.104984,0.0,0,0,6.0,0,0.104984,0,0,0,0.0,0,0,0.0,0,0,,,,0.0,desktop,NS,1.0,,,
ALC - PROMO MAES 26,120242389174110225,OUTCOME_AWARENESS,2026-04-01,75388,53423,1.411153,90,0.119382,1.452557,1.734097,130.730129,69.0,0,1.89464,17.0,0,7.690008,0.0,0,0.0,0,0,0,0,0,0,0.0,0,0.0,0,0,0,1062.0,0,0.123098,6.0,0,0,1062.0,0,0.123098,0,0,0,0.0,0,0,0.0,0,0,,,,69.0,mobile_app,NS,131.0,32.0,15.0,9.0
ALC - PROMO MAES 26,120242389174110225,OUTCOME_AWARENESS,2026-04-01,143,129,1.108527,0,0.0,0.0,1.538228,0.219967,0.0,0,0.0,0.0,0,0.0,0.0,0,0.0,0,0,0,0,0,0,0.0,0,0.0,0,0,0,3.0,0,0.073322,0.0,0,0,3.0,0,0.073322,0,0,0,0.0,0,0,0.0,0,0,,,,0.0,mobile_web,NS,,,,
TRAF - PROMO MAES 26,120242389755660225,LINK_CLICKS,2026-04-01,13,13,1.0,0,0.0,0.0,1.538341,0.019998,0.0,0,0.0,0.0,0,0.0,0.0,0,0.0,0,0,0,0,0,0,1.0,0,0.019998,0,0,0,0.0,0,0.0,0.0,0,0,0.0,0,0.0,0,0,0,0.0,0,0,2.0,0,0,,,,0.0,desktop,NS,,,,
TRAF - PROMO MAES 26,120242389755660225,LINK_CLICKS,2026-04-01,22454,16781,1.338061,789,3.513851,0.162332,5.704106,128.080002,763.0,0,0.167864,291.0,0,0.440137,0.0,0,0.0,0,0,0,0,0,0,96.0,0,1.334167,0,0,0,5904.0,0,0.021694,108.0,0,0,5904.0,0,0.021694,0,0,0,0.0,0,0,126.0,0,0,,,,763.0,mobile_app,NS,1128.0,506.0,236.0,137.0
ENG - FRANQUIAS,120240991903650225,OUTCOME_ENGAGEMENT,2026-05-01,0,0,0.0,0,0.0,0.0,0.0,0.0,0.0,0,0.0,0.0,0,0.0,0.0,0,0.0,0,0,0,0,0,0,0.0,0,0.0,0,0,0,0.0,0,0.0,0.0,0,0,0.0,0,0.0,0,0,0,0.0,0,0,0.0,0,0,,,,0.0,mobile_app,NS,,,,
ALC - Hello Kitty Parade,120242004377040225,OUTCOME_AWARENESS,2026-05-01,602,531,1.13371,1,0.166113,0.780058,1.295777,0.780058,0.0,0,0.0,0.0,0,0.0,0.0,0,0.0,0,0,0,0,0,0,0.0,0,0.0,0,0,0,86.0,0,0.00907,0.0,0,0,86.0,0,0.00907,0,0,0,0.0,0,0,0.0,0,0,,,,0.0,desktop,NS,14.0,7.0,2.0,1.0
ALC - Hello Kitty Parade,120242004377040225,OUTCOME_AWARENESS,2026-05-01,95168,67278,1.414549,152,0.159718,0.880592,1.406459,133.849929,2.0,0,66.924964,0.0,0,0.0,0.0,0,0.0,0,0,0,0,0,0,0.0,0,0.0,0,0,0,7932.0,0,0.016875,80.0,0,0,7933.0,0,0.016873,0,0,0,0.0,0,0,0.0,0,0,,,,0.0,mobile_app,NS,914.0,257.0,121.0,77.0
ALC - Hello Kitty Parade,120242004377040225,OUTCOME_AWARENESS,2026-05-01,153,137,1.116788,0,0.0,0.0,1.176558,0.180013,0.0,0,0.0,0.0,0,0.0,0.0,0,0.0,0,0,0,0,0,0,0.0,0,0.0,0,0,0,11.0,0,0.016365,1.0,0,0,11.0,0,0.016365,0,0,0,0.0,0,0,0.0,0,0,,,,0.0,mobile_web,NS,1.0,,,
ALC - PROMO MAES 26,120242389174110225,OUTCOME_AWARENESS,2026-05-01,1147,1013,1.13228,0,0.0,0.0,1.673932,1.92,0.0,0,0.0,0.0,0,0.0,0.0,0,0.0,0,0,0,0,0,0,0.0,0,0.0,0,0,0,92.0,0,0.02087,0.0,0,0,92.0,0,0.02087,0,0,0,0.0,0,0,0.0,0,0,,,,0.0,desktop,NS,27.0,21.0,17.0,10.0
ALC - PROMO MAES 26,120242389174110225,OUTCOME_AWARENESS,2026-05-01,225051,150913,1.491263,243,0.107976,1.436091,1.550626,348.97,168.0,0,2.077202,80.0,0,4.362125,0.0,0,0.0,0,0,0,0,0,0,0.0,0,0.0,0,0,0,9877.0,0,0.035332,36.0,0,0,9877.0,0,0.035332,0,0,0,0.0,0,0,0.0,0,0,,,,168.0,mobile_app,NS,1522.0,388.0,159.0,90.0
ALC - PROMO MAES 26,120242389174110225,OUTCOME_AWARENESS,2026-05-01,429,369,1.162602,0,0.0,0.0,1.351981,0.58,0.0,0,0.0,0.0,0,0.0,0.0,0,0.0,0,0,0,0,0,0,0.0,0,0.0,0,0,0,36.0,0,0.016111,0.0,0,0,36.0,0,0.016111,0,0,0,0.0,0,0,0.0,0,0,,,,0.0,mobile_web,NS,7.0,4.0,,
TRAF - PROMO MAES 26,120242389755660225,LINK_CLICKS,2026-05-01,28,28,1.0,0,0.0,0.0,1.785765,0.050001,0.0,0,0.0,0.0,0,0.0,0.0,0,0.0,0,0,0,0,0,0,0.0,0,0.0,0,0,0,5.0,0,0.01,0.0,0,0,5.0,0,0.01,0,0,0,0.0,0,0,1.0,0,0,,,,0.0,desktop,NS,1.0,1.0,1.0,
TRAF - PROMO MAES 26,120242389755660225,LINK_CLICKS,2026-05-01,79094,50103,1.578628,1878,2.37439,0.189329,4.495411,355.559999,1779.0,0,0.199865,744.0,0,0.477903,26.0,0,13.675385,0,0,0,0,0,0,303.0,0,1.173465,0,0,0,13517.0,0,0.026305,216.0,0,0,13517.0,0,0.026305,0,0,0,26.0,0,0,512.0,0,0,,,,1779.0,mobile_app,NS,2722.0,1206.0,599.0,342.0
TRAF - PROMO MAES 26,120242389755660225,LINK_CLICKS,2026-05-01,1,1,1.0,0,0.0,0.0,0.0,0.0,0.0,0,0.0,0.0,0,0.0,0.0,0,0.0,0,0,0,0,0,0,0.0,0,0.0,0,0,0,0.0,0,0.0,0.0,0,0,0.0,0,0.0,0,0,0,0.0,0,0,0.0,0,0,,,,0.0,mobile_web,NS,,,,
TRAF - PROMO MAES 26,120242389755660225,LINK_CLICKS,2026-05-01,0,0,0.0,0,0.0,0.0,0.0,0.0,0.0,0,0.0,0.0,0,0.0,0.0,0,0.0,0,0,0,0,0,0,0.0,0,0.0,0,0,0,0.0,0,0.0,0.0,0,0,0.0,0,0.0,0,0,0,0.0,0,0,0.0,0,0,,,,0.0,unknown,NS,,,,
ALC - CAMICADO DIA DAS MAES,120242802454760225,OUTCOME_AWARENESS,2026-05-01,238,230,1.034783,0,0.0,0.0,1.386366,0.329955,0.0,0,0.0,0.0,0,0.0,0.0,0,0.0,0,0,0,0,0,0,0.0,0,0.0,0,0,0,29.0,0,0.011378,0.0,0,0,29.0,0,0.011378,0,0,0,0.0,0,0,0.0,0,0,,,,0.0,desktop,NS,8.0,4.0,2.0,1.0
ALC - CAMICADO DIA DAS MAES,120242802454760225,OUTCOME_AWARENESS,2026-05-01,51281,38786,1.322152,13,0.025351,5.611543,1.422555,72.95006,0.0,0,0.0,0.0,0,0.0,0.0,0,0.0,0,0,0,0,0,0,0.0,0,0.0,0,0,0,3430.0,0,0.021268,25.0,0,0,3430.0,0,0.021268,0,0,0,0.0,0,0,0.0,0,0,,,,0.0,mobile_app,NS,632.0,126.0,48.0,31.0
ALC - CAMICADO DIA DAS MAES,120242802454760225,OUTCOME_AWARENESS,2026-05-01,61,58,1.051724,0,0.0,0.0,1.803033,0.109985,0.0,0,0.0,0.0,0,0.0,0.0,0,0.0,0,0,0,0,0,0,0.0,0,0.0,0,0,0,5.0,0,0.021997,0.0,0,0,5.0,0,0.021997,0,0,0,0.0,0,0,0.0,0,0,,,,0.0,mobile_web,NS,,,,
