campanha,campanha_id,objetivo,data,impressoes,alcance,frequencia,cliques,ctr,cpc,cpm,custo,link_click,valor_link_click,custo_link_click,landing_page_view,valor_landing_page_view,custo_landing_page_view,lead,valor_lead,custo_lead,purchase,valor_purchase,custo_purchase,add_to_cart,valor_add_to_cart,custo_add_to_cart,initiate_checkout,valor_initiate_checkout,custo_initiate_checkout,complete_registration,valor_complete_registration,custo_complete_registration,post_engagement,valor_post_engagement,custo_post_engagement,post_reaction,valor_post_reaction,custo_post_reaction,page_engagement,valor_page_engagement,custo_page_engagement,offsite_conversion.fb_pixel_purchase,valor_offsite_conversion.fb_pixel_purchase,custo_offsite_conversion.fb_pixel_purchase,offsite_conversion.fb_pixel_lead,valor_offsite_conversion.fb_pixel_lead,custo_offsite_conversion.fb_pixel_lead,offsite_conversion.fb_pixel_view_content,valor_offsite_conversion.fb_pixel_view_content,custo_offsite_conversion.fb_pixel_view_content,quality_ranking,engagement_rate_ranking,conversion_rate_ranking,outbound_clicks,publisher_platform,shopping,video_p25,video_p50,video_p75,video_p100
ALC Continente Night RUN - Vendas!,120232284160870087,OUTCOME_AWARENESS,2025-11-08,11027,10435,1.056732,22,0.19951,0.782273,1.560715,17.21,11.0,0,1.564545,0.0,0,0.0,0.0,0,0.0,0,0,0,0,0,0,0.0,0,0.0,0,0,0,12.0,0,1.434167,1.0,0,0,12.0,0,1.434167,0,0,0,0.0,0,0,0.0,0,0,,,,11.0,facebook,CS,,,,
ALC Continente Night RUN - Vendas!,120232284160870087,OUTCOME_AWARENESS,2025-11-08,26705,25938,1.029571,45,0.168508,1.020667,1.719903,45.93,37.0,0,1.241351,0.0,0,0.0,0.0,0,0.0,0,0,0,0,0,0,0.0,0,0.0,0,0,0,44.0,0,1.043864,2.0,0,0,44.0,0,1.043864,0,0,0,0.0,0,0,0.0,0,0,,,,37.0,instagram,CS,8.0,2.0,2.0,1.0
[TFG] Corrida Story Final,120235177716760087,LINK_CLICKS,2025-11-08,0,0,0.0,0,0.0,0.0,0.0,0.0,0.0,0,0.0,0.0,0,0.0,0.0,0,0.0,0,0,0,0,0,0,0.0,0,0.0,0,0,0,0.0,0,0.0,0.0,0,0,0.0,0,0.0,0,0,0,0.0,0,0,0.0,0,0,,,,0.0,instagram,CS,,,,
ALC - NATAL 25,120235302545560087,OUTCOME_AWARENESS,2025-11-08,242468,134073,1.808477,374,0.154247,1.025224,1.581378,383.433642,208.0,0,1.843431,0.0,0,0.0,0.0,0,0.0,0,0,0,0,0,0,0.0,0,0.0,0,0,0,1318.0,0,0.290921,66.0,0,0,1319.0,0,0.2907,0,0,0,0.0,0,0,0.0,0,0,,,,207.0,facebook,CS,4766.0,1212.0,596.0,377.0
ALC - NATAL 25,120235302545560087,OUTCOME_AWARENESS,2025-11-08,158869,89182,1.781402,210,0.132184,1.263364,1.669969,265.306358,176.0,0,1.507422,0.0,0,0.0,0.0,0,0.0,0,0,0,0,0,0,0.0,0,0.0,0,0,0,1072.0,0,0.247487,14.0,0,0,1072.0,0,0.247487,0,0,0,0.0,0,0,0.0,0,0,,,,176.0,instagram,CS,3830.0,1097.0,638.0,501.0
TRAF - NATAL 25,120235302629640087,LINK_CLICKS,2025-11-08,5841,2583,2.261324,55,0.94162,0.262221,2.469127,14.422169,59.0,0,0.244444,0.0,0,0.0,0.0,0,0.0,0,0,0,0,0,0,0.0,0,0.0,0,0,0,80.0,0,0.180277,0.0,0,0,80.0,0,0.180277,0,0,0,0.0,0,0,0.0,0,0,,,,59.0,audience_network,CS,21.0,22.0,21.0,21.0
TRAF - NATAL 25,120235302629640087,LINK_CLICKS,2025-11-08,186961,64506,2.898351,2588,1.384246,0.24673,3.415344,638.536049,1711.0,0,0.373195,13.0,0,49.118158,0.0,0,0.0,0,0,0,0,0,0,0.0,0,0.0,0,0,0,8519.0,0,0.074954,291.0,0,0,8520.0,0,0.074946,0,0,0,0.0,0,0,0.0,0,0,,,,1711.0,facebook,CS,17426.0,6896.0,3855.0,2511.0
TRAF - NATAL 25,120235302629640087,LINK_CLICKS,2025-11-08,17507,9678,1.808948,193,1.102416,0.405761,4.47317,78.31178,177.0,0,0.442439,0.0,0,0.0,0.0,0,0.0,0,0,0,0,0,0,0.0,0,0.0,0,0,0,534.0,0,0.146651,17.0,0,0,534.0,0,0.146651,0,0,0,0.0,0,0,0.0,0,0,,,,177.0,instagram,CS,709.0,337.0,236.0,183.0
TRAF - NATAL 25,120235302629640087,LINK_CLICKS,2025-11-08,24,23,1.043478,0,0.0,0.0,0.416729,0.010002,0.0,0,0.0,0.0,0,0.0,0.0,0,0.0,0,0,0,0,0,0,0.0,0,0.0,0,0,0,0.0,0,0.0,0.0,0,0,0.0,0,0.0,0,0,0,0.0,0,0,0.0,0,0,,,,0.0,messenger,CS,,,,
[ALC] Pandora Black Friday,120235312805230087,OUTCOME_AWARENESS,2025-11-08,24505,19237,1.273847,56,0.228525,0.652857,1.49194,36.56,8.0,0,4.57,0.0,0,0.0,0.0,0,0.0,0,0,0,0,0,0,0.0,0,0.0,0,0,0,1339.0,0,0.027304,2.0,0,0,1339.0,0,0.027304,0,0,0,0.0,0,0,0.0,0,0,,,,8.0,facebook,CS,1498.0,538.0,289.0,188.0
[ALC] Pandora Black Friday,120235312805230087,OUTCOME_AWARENESS,2025-11-08,33901,27888,1.215612,22,0.064895,2.336364,1.516179,51.4,14.0,0,3.671429,0.0,0,0.0,0.0,0,0.0,0,0,0,0,0,0,0.0,0,0.0,0,0,0,734.0,0,0.070027,4.0,0,0,734.0,0,0.070027,0,0,0,0.0,0,0,0.0,0,0,,,,14.0,instagram,CS,799.0,338.0,207.0,148.0
[ALC] Promo Nike 30% OFF Nov,120235313060850087,OUTCOME_AWARENESS,2025-11-08,18279,15902,1.149478,25,0.136769,1.056,1.44428,26.4,0.0,0,0.0,0.0,0,0.0,0.0,0,0.0,0,0,0,0,0,0,0.0,0,0.0,0,0,0,1074.0,0,0.024581,4.0,0,0,1075.0,0,0.024558,0,0,0,0.0,0,0,0.0,0,0,,,,0.0,facebook,CS,811.0,251.0,129.0,78.0
[ALC] Promo Nike 30% OFF Nov,120235313060850087,OUTCOME_AWARENESS,2025-11-08,39545,34346,1.151371,42,0.106208,1.385238,1.471235,58.18,33.0,0,1.76303,5.0,0,11.636,0.0,0,0.0,0,0,0,0,0,0,0.0,0,0.0,0,0,0,1344.0,0,0.043289,3.0,0,0,1344.0,0,0.043289,0,0,0,0.0,0,0,0.0,0,0,,,,33.0,instagram,CS,997.0,424.0,260.0,186.0
[ALC] Curso de Gestantes Nov.,120235518802250087,OUTCOME_AWARENESS,2025-11-08,45977,28491,1.613738,76,0.1653,0.96903,1.601808,73.646314,32.0,0,2.301447,7.0,0,10.520902,0.0,0,0.0,0,0,0,0,0,0,0.0,0,0.0,0,0,0,33.0,0,2.231706,1.0,0,0,33.0,0,2.231706,0,0,0,0.0,0,0,0.0,0,0,,,,32.0,facebook,CS,,,,
[ALC] Curso de Gestantes Nov.,120235518802250087,OUTCOME_AWARENESS,2025-11-08,166099,89702,1.851676,222,0.133655,1.244521,1.663368,276.283686,187.0,0,1.477453,18.0,0,15.349094,0.0,0,0.0,0,0,0,0,0,0,0.0,0,0.0,0,0,0,196.0,0,1.409611,9.0,0,0,196.0,0,1.409611,0,0,0,0.0,0,0,0.0,0,0,,,,187.0,instagram,CS,,,,
[ALC] Curso de Gestantes Nov.,120235518802250087,OUTCOME_AWARENESS,2025-11-08,2,2,1.0,0,0.0,0.0,0.0,0.0,0.0,0,0.0,0.0,0,0.0,0.0,0,0.0,0,0,0,0,0,0,0.0,0,0.0,0,0,0,0.0,0,0.0,0.0,0,0,0.0,0,0.0,0,0,0,0.0,0,0,0.0,0,0,,,,0.0,threads,CS,,,,
[BF] ALC Riachuelo,120235701472890087,OUTCOME_AWARENESS,2025-11-08,27732,17535,1.581523,45,0.162267,0.98321,1.595429,44.24443,29.0,0,1.52567,1.0,0,44.24443,0.0,0,0.0,0,0,0,0,0,0,0.0,0,0.0,0,0,0,39.0,0,1.134473,10.0,0,0,39.0,0,1.134473,0,0,0,0.0,0,0,0.0,0,0,,,,29.0,facebook,CS,,,,
[BF] ALC Riachuelo,120235701472890087,OUTCOME_AWARENESS,2025-11-08,32695,26022,1.256437,29,0.088699,1.918123,1.701348,55.62557,25.0,0,2.225023,3.0,0,18.541857,0.0,0,0.0,0,0,0,0,0,0,0.0,0,0.0,0,0,0,34.0,0,1.636046,4.0,0,0,34.0,0,1.636046,0,0,0,0.0,0,0,0.0,0,0,,,,25.0,instagram,CS,6.0,2.0,1.0,
[BF] ALC Adcos,120235701675980087,OUTCOME_AWARENESS,2025-11-08,91859,24985,3.676566,134,0.145876,1.12,1.633809,150.080018,31.0,0,4.841291,4.0,0,37.520005,0.0,0,0.0,0,0,0,0,0,0,0.0,0,0.0,0,0,0,61.0,0,2.460328,29.0,0,0,61.0,0,2.460328,0,0,0,0.0,0,0,0.0,0,0,,,,31.0,facebook,CS,,,,
[BF] ALC Adcos,120235701675980087,OUTCOME_AWARENESS,2025-11-08,60730,33932,1.789756,70,0.115264,1.427143,1.644986,99.899982,50.0,0,1.998,8.0,0,12.487498,0.0,0,0.0,0,0,0,0,0,0,0.0,0,0.0,0,0,0,54.0,0,1.85,4.0,0,0,54.0,0,1.85,0,0,0,0.0,0,0,0.0,0,0,,,,50.0,instagram,CS,,,,
[BF] ALC Nike,120235703048250087,OUTCOME_AWARENESS,2025-11-08,62789,51894,1.209947,197,0.313749,0.493825,1.549372,97.283514,103.0,0,0.9445,25.0,0,3.891341,0.0,0,0.0,0,0,0,0,0,0,0.0,0,0.0,0,0,0,109.0,0,0.892509,6.0,0,0,110.0,0,0.884396,0,0,0,0.0,0,0,0.0,0,0,,,,103.0,facebook,CS,,,,
[BF] ALC Nike,120235703048250087,OUTCOME_AWARENESS,2025-11-08,31930,29939,1.066502,43,0.13467,1.225965,1.651002,52.716486,34.0,0,1.550485,5.0,0,10.543297,0.0,0,0.0,0,0,0,0,0,0,0.0,0,0.0,0,0,0,43.0,0,1.225965,1.0,0,0,43.0,0,1.225965,0,0,0,0.0,0,0,0.0,0,0,,,,34.0,instagram,CS,11.0,2.0,1.0,1.0
[BF] Outlet Aniversário,120235703488080087,OUTCOME_AWARENESS,2025-11-08,8845,7469,1.184228,4,0.045223,4.13,1.867722,16.52,3.0,0,5.506667,0.0,0,0.0,0.0,0,0.0,0,0,0,0,0,0,0.0,0,0.0,0,0,0,1099.0,0,0.015032,0.0,0,0,1099.0,0,0.015032,0,0,0,0.0,0,0,0.0,0,0,,,,3.0,facebook,CS,417.0,131.0,62.0,38.0
[BF] Outlet Aniversário,120235703488080087,OUTCOME_AWARENESS,2025-11-08,46192,44919,1.02834,71,0.153706,1.174789,1.805724,83.41,54.0,0,1.54463,3.0,0,27.803333,0.0,0,0.0,0,0,0,0,0,0,0.0,0,0.0,0,0,0,1788.0,0,0.04665,12.0,0,0,1788.0,0,0.04665,0,0,0,0.0,0,0,0.0,0,0,,,,54.0,instagram,CS,827.0,391.0,96.0,61.0
[BF] Outlet Aniversário - 2,120235703619910087,OUTCOME_AWARENESS,2025-11-08,25923,16776,1.545243,28,0.108012,1.563214,1.688462,43.77,2.0,0,21.885,0.0,0,0.0,0.0,0,0.0,0,0,0,0,0,0,0.0,0,0.0,0,0,0,11.0,0,3.979091,6.0,0,0,11.0,0,3.979091,0,0,0,0.0,0,0,0.0,0,0,,,,0.0,facebook,CS,,,,
[BF] Outlet Aniversário - 2,120235703619910087,OUTCOME_AWARENESS,2025-11-08,32015,27131,1.180015,9,0.028112,6.24,1.754178,56.16,1.0,0,56.16,0.0,0,0.0,0.0,0,0.0,0,0,0,0,0,0,0.0,0,0.0,0,0,0,17.0,0,3.303529,1.0,0,0,17.0,0,3.303529,0,0,0,0.0,0,0,0.0,0,0,,,,1.0,instagram,CS,23.0,12.0,7.0,5.0
[ALC] Black Friday Gastronomia,120235997770420087,OUTCOME_AWARENESS,2025-11-08,193019,89627,2.153581,705,0.365249,0.440731,1.609767,310.715654,331.0,0,0.938718,67.0,0,4.637547,0.0,0,0.0,0,0,0,0,0,0,0.0,0,0.0,0,0,0,376.0,0,0.826371,44.0,0,0,376.0,0,0.826371,0,0,0,0.0,0,0,0.0,0,0,,,,331.0,facebook,CS,,,,
[ALC] Black Friday Gastronomia,120235997770420087,OUTCOME_AWARENESS,2025-11-08,108979,58405,1.865919,269,0.246837,0.703473,1.736429,189.234346,231.0,0,0.819196,55.0,0,3.440624,0.0,0,0.0,0,0,0,0,0,0,0.0,0,0.0,0,0,0,371.0,0,0.510066,15.0,0,0,371.0,0,0.510066,0,0,0,0.0,0,0,0.0,0,0,,,,231.0,instagram,CS,3.0,1.0,,
[ALC] Black Friday Jóias,120235998038130087,OUTCOME_AWARENESS,2025-11-08,161613,93324,1.731741,265,0.163972,0.907316,1.487745,240.438853,153.0,0,1.571496,15.0,0,16.029257,0.0,0,0.0,0,0,0,0,0,0,0.0,0,0.0,0,0,0,681.0,0,0.353067,46.0,0,0,681.0,0,0.353067,0,0,0,0.0,0,0,0.0,0,0,,,,153.0,facebook,CS,412.0,138.0,75.0,46.0
[ALC] Black Friday Jóias,120235998038130087,OUTCOME_AWARENESS,2025-11-08,163838,85456,1.917221,159,0.097047,1.63246,1.584255,259.561147,118.0,0,2.199671,22.0,0,11.798234,0.0,0,0.0,0,0,0,0,0,0,0.0,0,0.0,0,0,0,754.0,0,0.344246,14.0,0,0,754.0,0,0.344246,0,0,0,0.0,0,0,0.0,0,0,,,,118.0,instagram,CS,390.0,156.0,98.0,74.0
[ALC] Black Friday Inst.,120236147694890087,OUTCOME_AWARENESS,2025-11-08,98942,56503,1.751093,145,0.146551,1.175455,1.722635,170.440906,24.0,0,7.101704,2.0,0,85.220453,0.0,0,0.0,0,0,0,0,0,0,0.0,0,0.0,0,0,0,6897.0,0,0.024712,16.0,0,0,6897.0,0,0.024712,0,0,0,0.0,0,0,0.0,0,0,,,,24.0,facebook,CS,4900.0,1597.0,770.0,463.0
[ALC] Black Friday Inst.,120236147694890087,OUTCOME_AWARENESS,2025-11-08,481994,213606,2.256463,459,0.095229,1.807318,1.721098,829.559094,367.0,0,2.260379,52.0,0,15.95306,0.0,0,0.0,0,0,0,0,0,0,0.0,0,0.0,0,0,0,12296.0,0,0.067466,37.0,0,0,12296.0,0,0.067466,0,0,0,0.0,0,0,0.0,0,0,,,,366.0,instagram,CS,9260.0,4241.0,2642.0,1974.0
[ALC] Spedini,120236148302980087,OUTCOME_AWARENESS,2025-11-08,36699,21545,1.703365,58,0.158042,1.151618,1.820045,66.793817,13.0,0,5.137986,0.0,0,0.0,0.0,0,0.0,0,0,0,0,0,0,0.0,0,0.0,0,0,0,2032.0,0,0.032871,8.0,0,0,2032.0,0,0.032871,0,0,0,0.0,0,0,0.0,0,0,,,,13.0,facebook,CS,1462.0,488.0,236.0,151.0
[ALC] Spedini,120236148302980087,OUTCOME_AWARENESS,2025-11-08,154963,79182,1.957048,160,0.10325,1.770039,1.827573,283.206183,135.0,0,2.097824,22.0,0,12.873008,0.0,0,0.0,0,0,0,0,0,0,0.0,0,0.0,0,0,0,4542.0,0,0.062353,11.0,0,0,4542.0,0,0.062353,0,0,0,0.0,0,0,0.0,0,0,,,,135.0,instagram,CS,3462.0,1492.0,923.0,699.0
[ENG] Post Foto Papai Noel,120236148415870087,OUTCOME_ENGAGEMENT,2025-11-08,25382,15909,1.595449,793,3.124261,0.138645,4.331641,109.945707,41.0,0,2.681603,8.0,0,13.743213,0.0,0,0.0,0,0,0,0,0,0,0.0,0,0.0,0,0,0,9872.0,0,0.011137,467.0,0,0,9873.0,0,0.011136,0,0,0,0.0,0,0,0.0,0,0,,,,41.0,facebook,CS,7606.0,4217.0,2726.0,1007.0
[ENG] Post Foto Papai Noel,120236148415870087,OUTCOME_ENGAGEMENT,2025-11-08,48990,34154,1.434385,223,0.455195,1.076432,4.899863,240.044293,143.0,0,1.678631,53.0,0,4.529138,0.0,0,0.0,0,0,0,0,0,0,0.0,0,0.0,0,0,0,19022.0,0,0.012619,598.0,0,0,19022.0,0,0.012619,0,0,0,0.0,0,0,0.0,0,0,,,,143.0,instagram,CS,15056.0,8916.0,5999.0,2349.0
[ENG] Decoração de Natal,120236148469040087,OUTCOME_ENGAGEMENT,2025-11-08,1823,524,3.479008,4,0.219419,14.712583,32.282135,58.850331,4.0,0,14.712583,1.0,0,58.850331,0.0,0,0.0,0,0,0,0,0,0,0.0,0,0.0,0,0,0,1806.0,0,0.032586,0.0,0,0,1806.0,0,0.032586,0,0,0,0.0,0,0,0.0,0,0,,,,4.0,audience_network,CS,1793.0,1787.0,1782.0,1669.0
[ENG] Decoração de Natal,120236148469040087,OUTCOME_ENGAGEMENT,2025-11-08,36358,19598,1.855189,959,2.637659,0.101724,2.683143,97.553702,85.0,0,1.147691,21.0,0,4.645414,0.0,0,0.0,0,0,0,0,0,0,0.0,0,0.0,0,0,0,12730.0,0,0.007663,253.0,0,0,12738.0,0,0.007658,0,0,0,0.0,0,0,0.0,0,0,,,,85.0,facebook,CS,5528.0,2717.0,1606.0,1229.0
[ENG] Decoração de Natal,120236148469040087,OUTCOME_ENGAGEMENT,2025-11-08,10670,7736,1.379266,82,0.76851,0.563609,4.331393,46.215966,40.0,0,1.155399,21.0,0,2.20076,0.0,0,0.0,0,0,0,0,0,0,0.0,0,0.0,0,0,0,4356.0,0,0.01061,172.0,0,0,4356.0,0,0.01061,0,0,0,0.0,0,0,0.0,0,0,,,,40.0,instagram,CS,2127.0,1237.0,505.0,380.0
[ALC] Vídeo Promo Natal 25 Sara,120236328658450087,OUTCOME_AWARENESS,2025-11-08,2242,1746,1.284078,2,0.089206,2.135,1.90455,4.27,0.0,0,0.0,0.0,0,0.0,0.0,0,0.0,0,0,0,0,0,0,0.0,0,0.0,0,0,0,125.0,0,0.03416,1.0,0,0,125.0,0,0.03416,0,0,0,0.0,0,0,0.0,0,0,,,,0.0,facebook,CS,4.0,1.0,,
[ALC] Vídeo Promo Natal 25 Sara,120236328658450087,OUTCOME_AWARENESS,2025-11-08,52786,41962,1.257948,60,0.113667,1.5185,1.726026,91.11,38.0,0,2.397632,6.0,0,15.185,0.0,0,0.0,0,0,0,0,0,0,0.0,0,0.0,0,0,0,2104.0,0,0.043303,9.0,0,0,2104.0,0,0.043303,0,0,0,0.0,0,0,0.0,0,0,,,,38.0,instagram,CS,248.0,55.0,29.0,11.0
[ENG] Encontro Pet,120236405335330087,OUTCOME_ENGAGEMENT,2025-11-08,6353,3881,1.636949,441,6.941602,0.133746,9.284086,58.981801,41.0,0,1.438581,11.0,0,5.361982,0.0,0,0.0,0,0,0,0,0,0,0.0,0,0.0,0,0,0,400.0,0,0.147455,346.0,0,0,400.0,0,0.147455,0,0,0,0.0,0,0,0.0,0,0,,,,41.0,facebook,CS,,,,
[ENG] Encontro Pet,120236405335330087,OUTCOME_ENGAGEMENT,2025-11-08,11343,6993,1.622051,108,0.952129,1.304983,12.425126,140.938199,65.0,0,2.16828,13.0,0,10.8414,0.0,0,0.0,0,0,0,0,0,0,0.0,0,0.0,0,0,0,960.0,0,0.146811,826.0,0,0,960.0,0,0.146811,0,0,0,0.0,0,0,0.0,0,0,,,,65.0,instagram,CS,,,,
[TFG] Narbona - Jazz,120236413078750087,LINK_CLICKS,2025-11-08,5,3,1.666667,0,0.0,0.0,10.0,0.05,0.0,0,0.0,0.0,0,0.0,0.0,0,0.0,0,0,0,0,0,0,0.0,0,0.0,0,0,0,0.0,0,0.0,0.0,0,0,0.0,0,0.0,0,0,0,0.0,0,0,0.0,0,0,,,,0.0,audience_network,CS,,,,
[TFG] Narbona - Jazz,120236413078750087,LINK_CLICKS,2025-11-08,11688,8110,1.441184,302,2.583847,0.252748,6.53063,76.33,185.0,0,0.412595,37.0,0,2.062973,0.0,0,0.0,0,0,0,0,0,0,0.0,0,0.0,0,0,0,193.0,0,0.395492,8.0,0,0,194.0,0,0.393454,0,0,0,0.0,0,0,0.0,0,0,,,,185.0,facebook,CS,,,,
[TFG] Narbona - Jazz,120236413078750087,LINK_CLICKS,2025-11-08,8038,6104,1.316841,222,2.761881,0.324414,8.95994,72.02,210.0,0,0.342952,88.0,0,0.818409,0.0,0,0.0,0,0,0,0,0,0,0.0,0,0.0,0,0,0,237.0,0,0.303882,24.0,0,0,237.0,0,0.303882,0,0,0,0.0,0,0,0.0,0,0,,,,210.0,instagram,CS,,,,
[ALC] Horário Black,120236465660000087,OUTCOME_AWARENESS,2025-11-08,91376,67939,1.344971,161,0.176195,1.238509,2.182192,199.4,87.0,0,2.291954,8.0,0,24.925,0.0,0,0.0,0,0,0,0,0,0,0.0,0,0.0,0,0,0,107.0,0,1.863551,20.0,0,0,107.0,0,1.863551,0,0,0,0.0,0,0,0.0,0,0,,,,87.0,facebook,CS,,,,
[ALC] Eventos de Natal,120236497340300087,OUTCOME_AWARENESS,2025-11-08,50980,39013,1.306744,108,0.211848,1.012273,2.144478,109.325467,51.0,0,2.143637,6.0,0,18.220911,0.0,0,0.0,0,0,0,0,0,0,0.0,0,0.0,0,0,0,289.0,0,0.378289,22.0,0,0,289.0,0,0.378289,0,0,0,0.0,0,0,0.0,0,0,,,,51.0,facebook,CS,232.0,85.0,39.0,20.0
[ALC] Eventos de Natal,120236497340300087,OUTCOME_AWARENESS,2025-11-08,41545,35228,1.179318,64,0.15405,1.416633,2.182321,90.664533,41.0,0,2.21133,6.0,0,15.110756,0.0,0,0.0,0,0,0,0,0,0,0.0,0,0.0,0,0,0,69.0,0,1.313979,7.0,0,0,69.0,0,1.313979,0,0,0,0.0,0,0,0.0,0,0,,,,40.0,instagram,CS,14.0,7.0,5.0,2.0
ALC - NATAL 25,120235302545560087,OUTCOME_AWARENESS,2025-12-01,428879,206607,2.07582,886,0.206585,0.649338,1.341434,575.313081,328.0,0,1.754003,3.0,0,191.771027,0.0,0,0.0,0,0,0,0,0,0,0.0,0,0.0,0,0,0,25379.0,0,0.022669,44.0,0,0,25379.0,0,0.022669,0,0,0,0.0,0,0,0.0,0,0,,,,326.0,facebook,CS,14474.0,5216.0,2707.0,1712.0
ALC - NATAL 25,120235302545560087,OUTCOME_AWARENESS,2025-12-01,1408100,522440,2.695238,1784,0.126696,1.135581,1.438731,2025.876917,1508.0,0,1.34342,1.0,0,2025.876917,0.0,0,0.0,0,0,0,0,0,0,0.0,0,0.0,0,0,0,36504.0,0,0.055497,111.0,0,0,36504.0,0,0.055497,0,0,0,0.0,0,0,0.0,0,0,,,,1508.0,instagram,CS,22738.0,10109.0,4393.0,3123.0
ALC - NATAL 25,120235302545560087,OUTCOME_AWARENESS,2025-12-01,5,3,1.666667,0,0.0,0.0,4.000369,0.020002,0.0,0,0.0,0.0,0,0.0,0.0,0,0.0,0,0,0,0,0,0,0.0,0,0.0,0,0,0,4.0,0,0.005,0.0,0,0,4.0,0,0.005,0,0,0,0.0,0,0,0.0,0,0,,,,0.0,threads,CS,3.0,1.0,,
TRAF - NATAL 25,120235302629640087,LINK_CLICKS,2025-12-01,9909,2521,3.930583,88,0.888082,0.587677,5.21905,51.715564,98.0,0,0.52771,0.0,0,0.0,0.0,0,0.0,0,0,0,0,0,0,0.0,0,0.0,0,0,0,435.0,0,0.118886,0.0,0,0,435.0,0,0.118886,0,0,0,0.0,0,0,0.0,0,0,,,,98.0,audience_network,CS,265.0,194.0,149.0,136.0
TRAF - NATAL 25,120235302629640087,LINK_CLICKS,2025-12-01,231984,90969,2.550143,5322,2.294124,0.252938,5.802705,1346.134828,3267.0,0,0.41204,19.0,0,70.849201,0.0,0,0.0,0,0,0,0,0,0,0.0,0,0.0,0,0,0,21866.0,0,0.061563,304.0,0,0,21873.0,0,0.061543,0,0,0,0.0,0,0,0.0,0,0,,,,3260.0,facebook,CS,11040.0,5177.0,3189.0,2223.0
TRAF - NATAL 25,120235302629640087,LINK_CLICKS,2025-12-01,55927,27094,2.064184,1225,2.190355,0.528155,11.568466,646.989608,1083.0,0,0.597405,6.0,0,107.831601,0.0,0,0.0,0,0,0,0,0,0,0.0,0,0.0,0,0,0,11874.0,0,0.054488,146.0,0,0,11874.0,0,0.054488,0,0,0,0.0,0,0,0.0,0,0,,,,1050.0,instagram,CS,6656.0,3248.0,2035.0,1446.0
TRAF - NATAL 25,120235302629640087,LINK_CLICKS,2025-12-01,1,1,1.0,0,0.0,0.0,0.0,0.0,0.0,0,0.0,0.0,0,0.0,0.0,0,0.0,0,0,0,0,0,0,0.0,0,0.0,0,0,0,0.0,0,0.0,0.0,0,0,0.0,0,0.0,0,0,0,0.0,0,0,0.0,0,0,,,,0.0,messenger,CS,,,,
[ENG] Post Foto Papai Noel,120236148415870087,OUTCOME_ENGAGEMENT,2025-12-01,0,0,0.0,0,0.0,0.0,0.0,0.0,0.0,0,0.0,0.0,0,0.0,0.0,0,0.0,0,0,0,0,0,0,0.0,0,0.0,0,0,0,0.0,0,0.0,0.0,0,0,0.0,0,0.0,0,0,0,0.0,0,0,0.0,0,0,,,,0.0,facebook,CS,,,,
[ALC] Agenda de Natal,120236907935260087,OUTCOME_AWARENESS,2025-12-01,187422,126571,1.480766,405,0.21609,0.864025,1.86707,349.93,225.0,0,1.555244,31.0,0,11.288065,0.0,0,0.0,0,0,0,0,0,0,0.0,0,0.0,0,0,0,264.0,0,1.325492,34.0,0,0,264.0,0,1.325492,0,0,0,0.0,0,0,0.0,0,0,,,,225.0,facebook,CS,4.0,2.0,1.0,1.0
ALC - NARBONA,120237232905670087,OUTCOME_AWARENESS,2025-12-01,714095,298820,2.389716,1162,0.162723,0.816497,1.328633,948.77,876.0,0,1.083071,117.0,0,8.109145,0.0,0,0.0,0,0,0,0,0,0,0.0,0,0.0,0,0,0,40472.0,0,0.023443,173.0,0,0,40472.0,0,0.023443,0,0,0,0.0,0,0,0.0,0,0,,,,876.0,instagram,CS,3367.0,1013.0,582.0,339.0
ALC - Horário final de ano,120237500254090087,OUTCOME_AWARENESS,2025-12-01,360421,137182,2.62732,1004,0.278563,0.440296,1.226502,442.056986,565.0,0,0.782402,28.0,0,15.787749,0.0,0,0.0,0,0,0,0,0,0,0.0,0,0.0,0,0,0,696.0,0,0.635139,122.0,0,0,698.0,0,0.633319,0,0,0,0.0,0,0,0.0,0,0,,,,164.0,facebook,CS,,,,
ALC - Horário final de ano,120237500254090087,OUTCOME_AWARENESS,2025-12-01,404837,167290,2.419971,706,0.174391,0.706477,1.232034,498.773014,582.0,0,0.856998,86.0,0,5.799686,0.0,0,0.0,0,0,0,0,0,0,0.0,0,0.0,0,0,0,604.0,0,0.825783,18.0,0,0,604.0,0,0.825783,0,0,0,0.0,0,0,0.0,0,0,,,,509.0,instagram,CS,,,,
TFG - Story Horário Dezembro,120237500542310087,LINK_CLICKS,2025-12-01,84217,34944,2.410056,3804,4.516903,0.058087,2.62373,220.962628,3673.0,0,0.060159,840.0,0,0.263051,0.0,0,0.0,0,0,0,0,0,0,0.0,0,0.0,0,0,0,3758.0,0,0.058798,76.0,0,0,3768.0,0,0.058642,0,0,0,0.0,0,0,0.0,0,0,,,,3673.0,facebook,CS,,,,
TFG - Story Horário Dezembro,120237500542310087,LINK_CLICKS,2025-12-01,41571,21094,1.97075,2333,5.612085,0.055297,3.103302,129.007372,2151.0,0,0.059976,335.0,0,0.385097,0.0,0,0.0,0,0,0,0,0,0,0.0,0,0.0,0,0,0,2222.0,0,0.058059,57.0,0,0,2222.0,0,0.058059,0,0,0,0.0,0,0,0.0,0,0,,,,2151.0,instagram,CS,1.0,1.0,1.0,1.0
[ALC] Homem do Sapato - feed,120237652019840087,OUTCOME_AWARENESS,2025-12-01,52474,30121,1.742107,102,0.194382,0.636961,1.238137,64.97,48.0,0,1.353542,7.0,0,9.281429,0.0,0,0.0,0,0,0,0,0,0,0.0,0,0.0,0,0,0,71.0,0,0.91507,21.0,0,0,71.0,0,0.91507,0,0,0,0.0,0,0,0.0,0,0,,,,46.0,facebook,CS,,,,
[ALC] Homem do Sapato - feed,120237652019840087,OUTCOME_AWARENESS,2025-12-01,234019,142109,1.646757,335,0.143151,0.850806,1.217935,285.02,263.0,0,1.083726,26.0,0,10.962308,0.0,0,0.0,0,0,0,0,0,0,0.0,0,0.0,0,0,0,272.0,0,1.047868,8.0,0,0,272.0,0,1.047868,0,0,0,0.0,0,0,0.0,0,0,,,,262.0,instagram,CS,,,,
[ALC] Homem do Sapato - Reels,120237652925190087,OUTCOME_AWARENESS,2025-12-01,120468,70396,1.71129,289,0.239898,0.492733,1.182056,142.399937,43.0,0,3.311626,5.0,0,28.479987,0.0,0,0.0,0,0,0,0,0,0,0.0,0,0.0,0,0,0,12727.0,0,0.011189,38.0,0,0,12727.0,0,0.011189,0,0,0,0.0,0,0,0.0,0,0,,,,43.0,facebook,CS,6507.0,2082.0,1043.0,626.0
[ALC] Homem do Sapato - Reels,120237652925190087,OUTCOME_AWARENESS,2025-12-01,294715,176960,1.665433,327,0.110955,1.093486,1.213274,357.570062,271.0,0,1.319447,30.0,0,11.919002,0.0,0,0.0,0,0,0,0,0,0,0.0,0,0.0,0,0,0,11071.0,0,0.032298,33.0,0,0,11071.0,0,0.032298,0,0,0,0.0,0,0,0.0,0,0,,,,271.0,instagram,CS,5890.0,2409.0,1203.0,537.0
[ALC] Homem do Sapato - Reels,120237652925190087,OUTCOME_AWARENESS,2025-12-01,2,2,1.0,0,0.0,0.0,5.0007,0.010001,0.0,0,0.0,0.0,0,0.0,0.0,0,0.0,0,0,0,0,0,0,0.0,0,0.0,0,0,0,2.0,0,0.005001,0.0,0,0,2.0,0,0.005001,0,0,0,0.0,0,0,0.0,0,0,,,,0.0,threads,CS,2.0,,,
[ALC] Horário dezembro 02,120237943844790087,OUTCOME_AWARENESS,2025-12-01,115389,81915,1.408643,289,0.250457,0.420128,1.05224,121.416938,152.0,0,0.798796,23.0,0,5.278997,0.0,0,0.0,0,0,0,0,0,0,0.0,0,0.0,0,0,0,200.0,0,0.607085,47.0,0,0,200.0,0,0.607085,0,0,0,0.0,0,0,0.0,0,0,,,,152.0,facebook,CS,,,,
[ALC] Horário dezembro 02,120237943844790087,OUTCOME_AWARENESS,2025-12-01,215760,144412,1.494059,452,0.209492,0.505715,1.059432,228.583062,315.0,0,0.725661,59.0,0,3.874289,0.0,0,0.0,0,0,0,0,0,0,0.0,0,0.0,0,0,0,344.0,0,0.664486,20.0,0,0,344.0,0,0.664486,0,0,0,0.0,0,0,0.0,0,0,,,,315.0,instagram,CS,,,,
ALC - NATAL 25,120235302545560087,OUTCOME_AWARENESS,2026-01-01,190596,125967,1.513063,502,0.263384,0.299014,0.787555,150.104815,91.0,0,1.649503,1.0,0,150.104815,0.0,0,0.0,0,0,0,0,0,0,0.0,0,0.0,0,0,0,19165.0,0,0.007832,36.0,0,0,19165.0,0,0.007832,0,0,0,0.0,0,0,0.0,0,0,,,,89.0,facebook,CS,11851.0,4185.0,2214.0,1360.0
ALC - NATAL 25,120235302545560087,OUTCOME_AWARENESS,2026-01-01,580120,442002,1.312483,650,0.112046,0.728346,0.816081,473.425185,503.0,0,0.941203,0.0,0,0.0,0.0,0,0.0,0,0,0,0,0,0,0.0,0,0.0,0,0,0,19287.0,0,0.024546,54.0,0,0,19287.0,0,0.024546,0,0,0,0.0,0,0,0.0,0,0,,,,503.0,instagram,CS,12470.0,5343.0,2589.0,1852.0
ALC - NATAL 25,120235302545560087,OUTCOME_AWARENESS,2026-01-01,3,3,1.0,1,33.333333,0.0,0.0,0.0,0.0,0,0.0,0.0,0,0.0,0.0,0,0.0,0,0,0,0,0,0,0.0,0,0.0,0,0,0,1.0,0,0.0,0.0,0,0,1.0,0,0.0,0,0,0,0.0,0,0,0.0,0,0,,,,0.0,threads,CS,1.0,,,
TRAF - NATAL 25,120235302629640087,LINK_CLICKS,2026-01-01,303,160,1.89375,52,17.161716,0.568883,97.63006,29.581908,61.0,0,0.484949,0.0,0,0.0,0.0,0,0.0,0,0,0,0,0,0,0.0,0,0.0,0,0,0,346.0,0,0.085497,0.0,0,0,346.0,0,0.085497,0,0,0,0.0,0,0,0.0,0,0,,,,61.0,audience_network,CS,213.0,142.0,104.0,94.0
TRAF - NATAL 25,120235302629640087,LINK_CLICKS,2026-01-01,17168,9341,1.837919,666,3.87931,0.149319,5.792545,99.446415,313.0,0,0.31772,5.0,0,19.889283,0.0,0,0.0,0,0,0,0,0,0,0.0,0,0.0,0,0,0,3563.0,0,0.027911,40.0,0,0,3564.0,0,0.027903,0,0,0,0.0,0,0,0.0,0,0,,,,311.0,facebook,CS,3097.0,1550.0,1001.0,712.0
TRAF - NATAL 25,120235302629640087,LINK_CLICKS,2026-01-01,55261,25105,2.201195,1272,2.301804,0.264168,6.08063,336.021676,997.0,0,0.337033,33.0,0,10.182475,0.0,0,0.0,0,0,0,0,0,0,0.0,0,0.0,0,0,0,6711.0,0,0.05007,64.0,0,0,6711.0,0,0.05007,0,0,0,0.0,0,0,0.0,0,0,,,,991.0,instagram,CS,5653.0,3102.0,2096.0,1589.0
ALC - NARBONA,120237232905670087,OUTCOME_AWARENESS,2026-01-01,871148,366398,2.3776,1168,0.134076,0.811293,1.087749,947.59,846.0,0,1.120083,118.0,0,8.030424,0.0,0,0.0,0,0,0,0,0,0,0.0,0,0.0,0,0,0,47327.0,0,0.020022,196.0,0,0,47327.0,0,0.020022,0,0,0,0.0,0,0,0.0,0,0,,,,846.0,instagram,CS,6087.0,1761.0,993.0,608.0
ALC - Horário final de ano,120237500254090087,OUTCOME_AWARENESS,2026-01-01,0,0,0.0,0,0.0,0.0,0.0,0.0,0.0,0,0.0,0.0,0,0.0,0.0,0,0.0,0,0,0,0,0,0,0.0,0,0.0,0,0,0,0.0,0,0.0,0.0,0,0,0.0,0,0.0,0,0,0,0.0,0,0,0.0,0,0,,,,0.0,facebook,CS,,,,
ALC - Horário final de ano,120237500254090087,OUTCOME_AWARENESS,2026-01-01,0,0,0.0,0,0.0,0.0,0.0,0.0,0.0,0,0.0,0.0,0,0.0,0.0,0,0.0,0,0,0,0,0,0,0.0,0,0.0,0,0,0,0.0,0,0.0,0.0,0,0,0.0,0,0.0,0,0,0,0.0,0,0,0.0,0,0,,,,0.0,instagram,CS,,,,
ALC - Capivalley,120238793084460087,OUTCOME_AWARENESS,2026-01-01,696880,320149,2.176736,1895,0.271926,0.416887,1.133625,790.000689,619.0,0,1.276253,85.0,0,9.294126,0.0,0,0.0,0,0,0,0,0,0,0.0,0,0.0,0,0,0,28406.0,0,0.027811,247.0,0,0,28409.0,0,0.027808,0,0,0,0.0,0,0,0.0,0,0,,,,608.0,facebook,CS,3663.0,1281.0,663.0,329.0
ALC - Capivalley,120238793084460087,OUTCOME_AWARENESS,2026-01-01,233211,154946,1.505111,259,0.111058,1.112275,1.235273,288.079311,193.0,0,1.492639,24.0,0,12.003305,0.0,0,0.0,0,0,0,0,0,0,0.0,0,0.0,0,0,0,9112.0,0,0.031615,64.0,0,0,9112.0,0,0.031615,0,0,0,0.0,0,0,0.0,0,0,,,,193.0,instagram,CS,1616.0,306.0,157.0,99.0
ALC - Capivalley,120238793084460087,OUTCOME_AWARENESS,2026-01-01,13,13,1.0,0,0.0,0.0,0.0,0.0,0.0,0,0.0,0.0,0,0.0,0.0,0,0.0,0,0,0,0,0,0,0.0,0,0.0,0,0,0,5.0,0,0.0,0.0,0,0,5.0,0,0.0,0,0,0,0.0,0,0,0.0,0,0,,,,0.0,threads,CS,1.0,1.0,,
[ALC] Aniversário Capitu,120238793338590087,OUTCOME_AWARENESS,2026-01-01,166033,126120,1.316468,484,0.291508,0.364918,1.063765,176.620093,296.0,0,0.59669,45.0,0,3.924891,0.0,0,0.0,0,0,0,0,0,0,0.0,0,0.0,0,0,0,334.0,0,0.528803,36.0,0,0,336.0,0,0.525655,0,0,0,0.0,0,0,0.0,0,0,,,,296.0,facebook,CS,,,,
[ALC] Aniversário Capitu,120238793338590087,OUTCOME_AWARENESS,2026-01-01,155534,112527,1.382193,224,0.14402,0.774017,1.11474,173.379907,173.0,0,1.002196,20.0,0,8.668995,0.0,0,0.0,0,0,0,0,0,0,0.0,0,0.0,0,0,0,191.0,0,0.907748,13.0,0,0,191.0,0,0.907748,0,0,0,0.0,0,0,0.0,0,0,,,,173.0,instagram,CS,,,,
[ALC] Aniversário Capitu,120238793338590087,OUTCOME_AWARENESS,2026-01-01,1,1,1.0,0,0.0,0.0,0.0,0.0,0.0,0,0.0,0.0,0,0.0,0.0,0,0.0,0,0,0,0,0,0,0.0,0,0.0,0,0,0,0.0,0,0.0,0.0,0,0,0.0,0,0.0,0,0,0,0.0,0,0,0.0,0,0,,,,0.0,threads,CS,,,,
ALC - LIQUIDA,120238798195590087,OUTCOME_AWARENESS,2026-01-01,976650,645287,1.513513,1108,0.113449,1.353466,1.535494,1499.64,883.0,0,1.698347,136.0,0,11.026765,0.0,0,0.0,0,0,0,0,0,0,0.0,0,0.0,0,0,0,26353.0,0,0.056906,86.0,0,0,26353.0,0,0.056906,0,0,0,0.0,0,0,0.0,0,0,,,,883.0,instagram,CS,19690.0,8919.0,5561.0,4067.0
[ALC] Novas Lojas - Vídeo Elisa,120238977169450087,OUTCOME_AWARENESS,2026-01-01,69487,42261,1.644235,87,0.125203,1.000656,1.252854,87.057048,25.0,0,3.482282,6.0,0,14.509508,0.0,0,0.0,0,0,0,0,0,0,0.0,0,0.0,0,0,0,6130.0,0,0.014202,17.0,0,0,6130.0,0,0.014202,0,0,0,0.0,0,0,0.0,0,0,,,,24.0,facebook,CS,594.0,198.0,109.0,50.0
[ALC] Novas Lojas - Vídeo Elisa,120238977169450087,OUTCOME_AWARENESS,2026-01-01,401564,236728,1.69631,455,0.113307,1.103919,1.250817,502.282967,342.0,0,1.468664,42.0,0,11.959118,0.0,0,0.0,0,0,0,0,0,0,0.0,0,0.0,0,0,0,12962.0,0,0.03875,59.0,0,0,12962.0,0,0.03875,0,0,0,0.0,0,0,0.0,0,0,,,,342.0,instagram,CS,2094.0,511.0,314.0,141.0
[ALC] Novas Lojas - Vídeo Elisa,120238977169450087,OUTCOME_AWARENESS,2026-01-01,444,430,1.032558,1,0.225225,0.439985,0.990957,0.439985,1.0,0,0.439985,0.0,0,0.0,0.0,0,0.0,0,0,0,0,0,0,0.0,0,0.0,0,0,0,133.0,0,0.003308,0.0,0,0,133.0,0,0.003308,0,0,0,0.0,0,0,0.0,0,0,,,,1.0,threads,CS,14.0,2.0,,
[ALC] Video Argentinos,120238977290500087,OUTCOME_AWARENESS,2026-01-01,77688,56966,1.363761,135,0.173772,0.62217,1.081157,83.992926,31.0,0,2.709449,5.0,0,16.798585,0.0,0,0.0,0,0,0,0,0,0,0.0,0,0.0,0,0,0,10522.0,0,0.007983,11.0,0,0,10522.0,0,0.007983,0,0,0,0.0,0,0,0.0,0,0,,,,31.0,facebook,CS,483.0,165.0,98.0,57.0
[ALC] Video Argentinos,120238977290500087,OUTCOME_AWARENESS,2026-01-01,457805,347122,1.318859,446,0.097421,1.141698,1.112258,509.197117,301.0,0,1.691685,82.0,0,6.209721,0.0,0,0.0,0,0,0,0,0,0,0.0,0,0.0,0,0,0,14863.0,0,0.034259,79.0,0,0,14863.0,0,0.034259,0,0,0,0.0,0,0,0.0,0,0,,,,300.0,instagram,CS,771.0,268.0,165.0,121.0
[ALC] Video Argentinos,120238977290500087,OUTCOME_AWARENESS,2026-01-01,494,485,1.018557,1,0.202429,0.519956,1.052543,0.519956,0.0,0,0.0,0.0,0,0.0,0.0,0,0.0,0,0,0,0,0,0,0.0,0,0.0,0,0,0,155.0,0,0.003355,0.0,0,0,155.0,0,0.003355,0,0,0,0.0,0,0,0.0,0,0,,,,0.0,threads,CS,7.0,,,
[ALC] Nike 20% OFF - 26/01,120238977576680087,OUTCOME_AWARENESS,2026-01-01,75679,60207,1.25698,85,0.112316,0.936322,1.051644,79.587346,19.0,0,4.188808,2.0,0,39.793673,0.0,0,0.0,0,0,0,0,0,0,0.0,0,0.0,0,0,0,4975.0,0,0.015997,11.0,0,0,4975.0,0,0.015997,0,0,0,0.0,0,0,0.0,0,0,,,,19.0,facebook,CS,3539.0,1184.0,611.0,379.0
[ALC] Nike 20% OFF - 26/01,120238977576680087,OUTCOME_AWARENESS,2026-01-01,208734,171642,1.216101,180,0.086234,1.22357,1.055136,220.242654,125.0,0,1.761941,14.0,0,15.731618,0.0,0,0.0,0,0,0,0,0,0,0.0,0,0.0,0,0,0,4125.0,0,0.053392,19.0,0,0,4125.0,0,0.053392,0,0,0,0.0,0,0,0.0,0,0,,,,124.0,instagram,CS,3189.0,1562.0,1025.0,785.0
[ALC] Volta às aulas,120239008937960087,OUTCOME_AWARENESS,2026-01-01,238574,136015,1.754027,288,0.120717,1.033229,1.247286,297.57,174.0,0,1.710172,24.0,0,12.39875,0.0,0,0.0,0,0,0,0,0,0,0.0,0,0.0,0,0,0,203.0,0,1.465862,26.0,0,0,203.0,0,1.465862,0,0,0,0.0,0,0,0.0,0,0,,,,172.0,facebook,CS,,,,
[ALC] Capivalley vídeo,120239017203610087,OUTCOME_AWARENESS,2026-01-01,167040,119734,1.395092,493,0.295139,0.371412,1.096183,183.106338,54.0,0,3.390858,8.0,0,22.888292,0.0,0,0.0,0,0,0,0,0,0,0.0,0,0.0,0,0,0,20394.0,0,0.008978,80.0,0,0,20394.0,0,0.008978,0,0,0,0.0,0,0,0.0,0,0,,,,53.0,facebook,CS,2457.0,842.0,462.0,227.0
[ALC] Capivalley vídeo,120239017203610087,OUTCOME_AWARENESS,2026-01-01,278456,216445,1.286498,321,0.115279,0.987083,1.137895,316.853663,247.0,0,1.282808,36.0,0,8.801491,0.0,0,0.0,0,0,0,0,0,0,0.0,0,0.0,0,0,0,8619.0,0,0.036762,33.0,0,0,8619.0,0,0.036762,0,0,0,0.0,0,0,0.0,0,0,,,,247.0,instagram,CS,1511.0,226.0,110.0,69.0
[ALC] Capivalley vídeo,120239017203610087,OUTCOME_AWARENESS,2026-01-01,58,57,1.017544,0,0.0,0.0,0.689641,0.039999,0.0,0,0.0,0.0,0,0.0,0.0,0,0.0,0,0,0,0,0,0,0.0,0,0.0,0,0,0,16.0,0,0.0025,0.0,0,0,16.0,0,0.0025,0,0,0,0.0,0,0,0.0,0,0,,,,0.0,threads,CS,4.0,,,
[ALC] - Video Capivalley 2,120239017296950087,OUTCOME_AWARENESS,2026-01-01,210936,130816,1.612463,1850,0.877043,0.136819,1.19996,253.114813,56.0,0,4.519907,16.0,0,15.819676,0.0,0,0.0,0,0,0,0,0,0,0.0,0,0.0,0,0,0,32300.0,0,0.007836,224.0,0,0,32302.0,0,0.007836,0,0,0,0.0,0,0,0.0,0,0,,,,55.0,facebook,CS,4946.0,1854.0,933.0,455.0
[ALC] - Video Capivalley 2,120239017296950087,OUTCOME_AWARENESS,2026-01-01,195870,137555,1.42394,223,0.113851,1.105315,1.258412,246.485211,159.0,0,1.550221,24.0,0,10.270217,0.0,0,0.0,0,0,0,0,0,0,0.0,0,0.0,0,0,0,8108.0,0,0.0304,50.0,0,0,8108.0,0,0.0304,0,0,0,0.0,0,0,0.0,0,0,,,,159.0,instagram,CS,1382.0,271.0,140.0,79.0
[ALC] - Video Capivalley 2,120239017296950087,OUTCOME_AWARENESS,2026-01-01,243,233,1.042918,0,0.0,0.0,1.645992,0.399976,0.0,0,0.0,0.0,0,0.0,0.0,0,0.0,0,0,0,0,0,0,0.0,0,0.0,0,0,0,93.0,0,0.004301,0.0,0,0,93.0,0,0.004301,0,0,0,0.0,0,0,0.0,0,0,,,,0.0,threads,CS,24.0,8.0,3.0,2.0
[ALC] Usaflex liquida,120239017471460087,OUTCOME_AWARENESS,2026-01-01,105244,71656,1.46874,127,0.120672,0.942335,1.137134,119.676581,91.0,0,1.315127,5.0,0,23.935316,0.0,0,0.0,0,0,0,0,0,0,0.0,0,0.0,0,0,0,107.0,0,1.118473,15.0,0,0,107.0,0,1.118473,0,0,0,0.0,0,0,0.0,0,0,,,,91.0,facebook,CS,,,,
[ALC] Usaflex liquida,120239017471460087,OUTCOME_AWARENESS,2026-01-01,186902,121377,1.539847,218,0.116639,1.056529,1.232322,230.323419,175.0,0,1.316134,17.0,0,13.548436,0.0,0,0.0,0,0,0,0,0,0,0.0,0,0.0,0,0,0,178.0,0,1.293952,2.0,0,0,178.0,0,1.293952,0,0,0,0.0,0,0,0.0,0,0,,,,175.0,instagram,CS,,,,
[ALC] Homem do Sapato - promoção,120239017891420087,OUTCOME_AWARENESS,2026-01-01,140526,92837,1.513685,191,0.135918,0.860123,1.169061,164.283429,164.0,0,1.001728,11.0,0,14.934857,0.0,0,0.0,0,0,0,0,0,0,0.0,0,0.0,0,0,0,165.0,0,0.995657,1.0,0,0,165.0,0,0.995657,0,0,0,0.0,0,0,0.0,0,0,,,,163.0,facebook,CS,,,,
[ALC] Homem do Sapato - promoção,120239017891420087,OUTCOME_AWARENESS,2026-01-01,261879,154939,1.690207,276,0.105392,1.216256,1.281838,335.686573,228.0,0,1.47231,36.0,0,9.324627,0.0,0,0.0,0,0,0,0,0,0,0.0,0,0.0,0,0,0,238.0,0,1.410448,10.0,0,0,238.0,0,1.410448,0,0,0,0.0,0,0,0.0,0,0,,,,228.0,instagram,CS,,,,
[ALC] Homem do Sapato - promoção,120239017891420087,OUTCOME_AWARENESS,2026-01-01,9,9,1.0,0,0.0,0.0,3.3332,0.029999,0.0,0,0.0,0.0,0,0.0,0.0,0,0.0,0,0,0,0,0,0,0.0,0,0.0,0,0,0,0.0,0,0.0,0.0,0,0,0.0,0,0.0,0,0,0,0.0,0,0,0.0,0,0,,,,0.0,threads,CS,,,,
ALC - NARBONA,120237232905670087,OUTCOME_AWARENESS,2026-02-01,191965,151727,1.2652,251,0.130753,0.885936,1.158388,222.37,172.0,0,1.292849,31.0,0,7.173226,0.0,0,0.0,0,0,0,0,0,0,0.0,0,0.0,0,0,0,10617.0,0,0.020945,58.0,0,0,10617.0,0,0.020945,0,0,0,0.0,0,0,0.0,0,0,,,,172.0,instagram,CS,1501.0,475.0,260.0,165.0
ALC - Capivalley,120238793084460087,OUTCOME_AWARENESS,2026-02-01,195255,151067,1.292506,735,0.376431,0.271129,1.020614,199.28,119.0,0,1.674622,15.0,0,13.285333,0.0,0,0.0,0,0,0,0,0,0,0.0,0,0.0,0,0,0,16843.0,0,0.011832,96.0,0,0,16844.0,0,0.011831,0,0,0,0.0,0,0,0.0,0,0,,,,118.0,facebook,CS,2173.0,729.0,363.0,197.0
ALC - Capivalley,120238793084460087,OUTCOME_AWARENESS,2026-02-01,115212,92458,1.246101,143,0.124119,0.868671,1.078186,124.22,100.0,0,1.2422,15.0,0,8.281333,0.0,0,0.0,0,0,0,0,0,0,0.0,0,0.0,0,0,0,3808.0,0,0.032621,16.0,0,0,3808.0,0,0.032621,0,0,0,0.0,0,0,0.0,0,0,,,,100.0,instagram,CS,712.0,126.0,62.0,40.0
ALC - Capivalley,120238793084460087,OUTCOME_AWARENESS,2026-02-01,110,106,1.037736,0,0.0,0.0,0.727273,0.08,0.0,0,0.0,0.0,0,0.0,0.0,0,0.0,0,0,0,0,0,0,0.0,0,0.0,0,0,0,37.0,0,0.002162,1.0,0,0,37.0,0,0.002162,0,0,0,0.0,0,0,0.0,0,0,,,,0.0,threads,CS,4.0,1.0,,
[ALC] Novas Lojas - Vídeo Elisa,120238977169450087,OUTCOME_AWARENESS,2026-02-01,44901,34587,1.298205,48,0.106902,1.026042,1.096858,49.25,11.0,0,4.477273,2.0,0,24.625,0.0,0,0.0,0,0,0,0,0,0,0.0,0,0.0,0,0,0,3817.0,0,0.012903,6.0,0,0,3817.0,0,0.012903,0,0,0,0.0,0,0,0.0,0,0,,,,11.0,facebook,CS,330.0,105.0,64.0,38.0
[ALC] Novas Lojas - Vídeo Elisa,120238977169450087,OUTCOME_AWARENESS,2026-02-01,181533,151171,1.200845,206,0.113478,0.993932,1.127894,204.75,155.0,0,1.320968,20.0,0,10.2375,0.0,0,0.0,0,0,0,0,0,0,0.0,0,0.0,0,0,0,4511.0,0,0.045389,19.0,0,0,4511.0,0,0.045389,0,0,0,0.0,0,0,0.0,0,0,,,,155.0,instagram,CS,783.0,145.0,89.0,47.0
[ALC] Novas Lojas - Vídeo Elisa,120238977169450087,OUTCOME_AWARENESS,2026-02-01,1257,1184,1.061655,1,0.079554,1.32,1.050119,1.32,0.0,0,0.0,0.0,0,0.0,0.0,0,0.0,0,0,0,0,0,0,0.0,0,0.0,0,0,0,376.0,0,0.003511,1.0,0,0,376.0,0,0.003511,0,0,0,0.0,0,0,0.0,0,0,,,,0.0,threads,CS,58.0,18.0,14.0,6.0
[ALC] Video Argentinos,120238977290500087,OUTCOME_AWARENESS,2026-02-01,52140,44739,1.165426,93,0.178366,0.532022,0.948946,49.478035,18.0,0,2.74878,3.0,0,16.492679,0.0,0,0.0,0,0,0,0,0,0,0.0,0,0.0,0,0,0,6761.0,0,0.007318,13.0,0,0,6762.0,0,0.007317,0,0,0,0.0,0,0,0.0,0,0,,,,18.0,facebook,CS,272.0,94.0,56.0,31.0
[ALC] Video Argentinos,120238977290500087,OUTCOME_AWARENESS,2026-02-01,205912,170151,1.210172,206,0.100043,0.977971,0.978389,201.462001,141.0,0,1.428809,46.0,0,4.379609,0.0,0,0.0,0,0,0,0,0,0,0.0,0,0.0,0,0,0,5558.0,0,0.036247,24.0,0,0,5558.0,0,0.036247,0,0,0,0.0,0,0,0.0,0,0,,,,141.0,instagram,CS,230.0,87.0,51.0,38.0
[ALC] Video Argentinos,120238977290500087,OUTCOME_AWARENESS,2026-02-01,879,860,1.022093,1,0.113766,0.919963,1.046602,0.919963,0.0,0,0.0,0.0,0,0.0,0.0,0,0.0,0,0,0,0,0,0,0.0,0,0.0,0,0,0,247.0,0,0.003725,2.0,0,0,247.0,0,0.003725,0,0,0,0.0,0,0,0.0,0,0,,,,0.0,threads,CS,10.0,2.0,1.0,1.0
[ALC] Volta às aulas,120239008937960087,OUTCOME_AWARENESS,2026-02-01,124110,93063,1.333613,132,0.106357,1.06,1.127387,139.92,68.0,0,2.057647,11.0,0,12.72,0.0,0,0.0,0,0,0,0,0,0,0.0,0,0.0,0,0,0,97.0,0,1.442474,28.0,0,0,97.0,0,1.442474,0,0,0,0.0,0,0,0.0,0,0,,,,68.0,facebook,CS,,,,
[ALC] Carnaval - 02/02,120239471825400087,OUTCOME_AWARENESS,2026-02-01,25559,19102,1.338027,73,0.285614,0.383014,1.09394,27.96,7.0,0,3.994286,1.0,0,27.96,0.0,0,0.0,0,0,0,0,0,0,0.0,0,0.0,0,0,0,3479.0,0,0.008037,12.0,0,0,3479.0,0,0.008037,0,0,0,0.0,0,0,0.0,0,0,,,,7.0,facebook,CS,751.0,240.0,121.0,68.0
[ALC] Carnaval - 02/02,120239471825400087,OUTCOME_AWARENESS,2026-02-01,83766,65791,1.273214,125,0.149225,0.76896,1.147482,96.12,89.0,0,1.08,12.0,0,8.01,0.0,0,0.0,0,0,0,0,0,0,0.0,0,0.0,0,0,0,4340.0,0,0.022147,21.0,0,0,4340.0,0,0.022147,0,0,0,0.0,0,0,0.0,0,0,,,,87.0,instagram,CS,1121.0,543.0,139.0,83.0
[ALC] Carnaval - 02/02,120239471825400087,OUTCOME_AWARENESS,2026-02-01,125,120,1.041667,1,0.8,0.15,1.2,0.15,1.0,0,0.15,0.0,0,0.0,0.0,0,0.0,0,0,0,0,0,0,0.0,0,0.0,0,0,0,47.0,0,0.003191,0.0,0,0,47.0,0,0.003191,0,0,0,0.0,0,0,0.0,0,0,,,,1.0,threads,CS,19.0,6.0,2.0,1.0
[ALC] Semana do Cinema 2026,120239561692810087,OUTCOME_AWARENESS,2026-02-01,51143,44461,1.150289,87,0.170111,0.737126,1.253935,64.13,49.0,0,1.308776,6.0,0,10.688333,0.0,0,0.0,0,0,0,0,0,0,0.0,0,0.0,0,0,0,58.0,0,1.10569,8.0,0,0,58.0,0,1.10569,0,0,0,0.0,0,0,0.0,0,0,,,,49.0,facebook,CS,,,,
[ALC] Semana do Cinema 2026,120239561692810087,OUTCOME_AWARENESS,2026-02-01,21566,20729,1.040378,48,0.222573,0.579583,1.289994,27.82,38.0,0,0.732105,11.0,0,2.529091,0.0,0,0.0,0,0,0,0,0,0,0.0,0,0.0,0,0,0,54.0,0,0.515185,9.0,0,0,54.0,0,0.515185,0,0,0,0.0,0,0,0.0,0,0,,,,38.0,instagram,CS,,,,
[ALC] Semana do Cinema 2026,120239561692810087,OUTCOME_AWARENESS,2026-02-01,29,28,1.035714,0,0.0,0.0,0.689655,0.02,0.0,0,0.0,0.0,0,0.0,0.0,0,0.0,0,0,0,0,0,0,0.0,0,0.0,0,0,0,0.0,0,0.0,0.0,0,0,0.0,0,0.0,0,0,0,0.0,0,0,0.0,0,0,,,,0.0,threads,CS,,,,
[ALC] Bazar anacapri,120239563051420087,OUTCOME_AWARENESS,2026-02-01,23585,22034,1.070391,88,0.373119,0.292159,1.0901,25.71,55.0,0,0.467455,12.0,0,2.1425,0.0,0,0.0,0,0,0,0,0,0,0.0,0,0.0,0,0,0,57.0,0,0.451053,1.0,0,0,57.0,0,0.451053,0,0,0,0.0,0,0,0.0,0,0,,,,55.0,facebook,CS,,,,
[ALC] Bazar anacapri,120239563051420087,OUTCOME_AWARENESS,2026-02-01,30020,28269,1.061941,44,0.146569,0.868636,1.273151,38.22,36.0,0,1.061667,12.0,0,3.185,0.0,0,0.0,0,0,0,0,0,0,0.0,0,0.0,0,0,0,40.0,0,0.9555,1.0,0,0,40.0,0,0.9555,0,0,0,0.0,0,0,0.0,0,0,,,,36.0,instagram,CS,,,,
[ALC] Bazar anacapri,120239563051420087,OUTCOME_AWARENESS,2026-02-01,13,13,1.0,0,0.0,0.0,1.538462,0.02,0.0,0,0.0,0.0,0,0.0,0.0,0,0.0,0,0,0,0,0,0,0.0,0,0.0,0,0,0,0.0,0,0.0,0.0,0,0,0.0,0,0.0,0,0,0,0.0,0,0,0.0,0,0,,,,0.0,threads,CS,,,,
ALC - NARBONA,120237232905670087,OUTCOME_AWARENESS,2026-02-06,608926,297720,2.045298,716,0.117584,1.031606,1.213005,738.63,465.0,0,1.588452,69.0,0,10.704783,0.0,0,0.0,0,0,0,0,0,0,0.0,0,0.0,0,0,0,32462.0,0,0.022754,139.0,0,0,32462.0,0,0.022754,0,0,0,0.0,0,0,0.0,0,0,,,,465.0,instagram,CS,4396.0,1336.0,733.0,463.0
ALC - Capivalley,120238793084460087,OUTCOME_AWARENESS,2026-02-06,337895,228691,1.477518,1586,0.469377,0.241947,1.13564,383.727174,191.0,0,2.009043,24.0,0,15.988632,0.0,0,0.0,0,0,0,0,0,0,0.0,0,0.0,0,0,0,32291.0,0,0.011883,176.0,0,0,32294.0,0,0.011882,0,0,0,0.0,0,0,0.0,0,0,,,,190.0,facebook,CS,4069.0,1375.0,721.0,394.0
ALC - Capivalley,120238793084460087,OUTCOME_AWARENESS,2026-02-06,179151,137660,1.301402,211,0.117778,1.016269,1.196939,214.432832,167.0,0,1.284029,21.0,0,10.211087,0.0,0,0.0,0,0,0,0,0,0,0.0,0,0.0,0,0,0,6058.0,0,0.035397,32.0,0,0,6058.0,0,0.035397,0,0,0,0.0,0,0,0.0,0,0,,,,166.0,instagram,CS,1156.0,202.0,87.0,48.0
ALC - Capivalley,120238793084460087,OUTCOME_AWARENESS,2026-02-06,174,160,1.0875,1,0.574713,0.179994,1.034448,0.179994,0.0,0,0.0,0.0,0,0.0,0.0,0,0.0,0,0,0,0,0,0,0.0,0,0.0,0,0,0,53.0,0,0.003396,0.0,0,0,53.0,0,0.003396,0,0,0,0.0,0,0,0.0,0,0,,,,0.0,threads,CS,11.0,7.0,2.0,
[ALC] Novas Lojas - Vídeo Elisa,120238977169450087,OUTCOME_AWARENESS,2026-02-06,18748,16684,1.123711,27,0.144015,0.834815,1.202262,22.54,11.0,0,2.049091,1.0,0,22.54,0.0,0,0.0,0,0,0,0,0,0,0.0,0,0.0,0,0,0,1852.0,0,0.012171,5.0,0,0,1852.0,0,0.012171,0,0,0,0.0,0,0,0.0,0,0,,,,11.0,facebook,CS,180.0,45.0,22.0,11.0
[ALC] Novas Lojas - Vídeo Elisa,120238977169450087,OUTCOME_AWARENESS,2026-02-06,105199,96878,1.085892,112,0.106465,1.172589,1.248396,131.33,89.0,0,1.475618,12.0,0,10.944167,0.0,0,0.0,0,0,0,0,0,0,0.0,0,0.0,0,0,0,2480.0,0,0.052956,10.0,0,0,2480.0,0,0.052956,0,0,0,0.0,0,0,0.0,0,0,,,,89.0,instagram,CS,480.0,73.0,37.0,16.0
[ALC] Novas Lojas - Vídeo Elisa,120238977169450087,OUTCOME_AWARENESS,2026-02-06,799,782,1.021739,2,0.250313,0.45,1.126408,0.9,0.0,0,0.0,0.0,0,0.0,0.0,0,0.0,0,0,0,0,0,0,0.0,0,0.0,0,0,0,229.0,0,0.00393,0.0,0,0,229.0,0,0.00393,0,0,0,0.0,0,0,0.0,0,0,,,,0.0,threads,CS,35.0,8.0,3.0,2.0
[ALC] Video Argentinos,120238977290500087,OUTCOME_AWARENESS,2026-02-06,30129,26536,1.135401,90,0.298716,0.358667,1.071393,32.28,7.0,0,4.611429,3.0,0,10.76,0.0,0,0.0,0,0,0,0,0,0,0.0,0,0.0,0,0,0,3695.0,0,0.008736,9.0,0,0,3695.0,0,0.008736,0,0,0,0.0,0,0,0.0,0,0,,,,7.0,facebook,CS,170.0,68.0,29.0,20.0
[ALC] Video Argentinos,120238977290500087,OUTCOME_AWARENESS,2026-02-06,112288,107290,1.046584,114,0.101525,1.066667,1.08293,121.6,80.0,0,1.52,22.0,0,5.527273,0.0,0,0.0,0,0,0,0,0,0,0.0,0,0.0,0,0,0,2969.0,0,0.040957,13.0,0,0,2969.0,0,0.040957,0,0,0,0.0,0,0,0.0,0,0,,,,80.0,instagram,CS,125.0,52.0,33.0,30.0
[ALC] Video Argentinos,120238977290500087,OUTCOME_AWARENESS,2026-02-06,331,330,1.00303,1,0.302115,0.31,0.936556,0.31,1.0,0,0.31,1.0,0,0.31,0.0,0,0.0,0,0,0,0,0,0,0.0,0,0.0,0,0,0,93.0,0,0.003333,2.0,0,0,93.0,0,0.003333,0,0,0,0.0,0,0,0.0,0,0,,,,1.0,threads,CS,5.0,,,
[ALC] Volta às aulas,120239008937960087,OUTCOME_AWARENESS,2026-02-06,48596,41744,1.164143,58,0.119351,1.072241,1.279735,62.19,32.0,0,1.943438,2.0,0,31.095,0.0,0,0.0,0,0,0,0,0,0,0.0,0,0.0,0,0,0,44.0,0,1.413409,11.0,0,0,44.0,0,1.413409,0,0,0,0.0,0,0,0.0,0,0,,,,32.0,facebook,CS,,,,
[ALC] Carnaval - 02/02,120239471825400087,OUTCOME_AWARENESS,2026-02-06,98350,69813,1.408763,220,0.223691,0.510868,1.142766,112.391027,94.0,0,1.195649,8.0,0,14.048878,0.0,0,0.0,0,0,0,0,0,0,0.0,0,0.0,0,0,0,4528.0,0,0.024821,28.0,0,0,4528.0,0,0.024821,0,0,0,0.0,0,0,0.0,0,0,,,,94.0,facebook,CS,987.0,305.0,149.0,80.0
[ALC] Carnaval - 02/02,120239471825400087,OUTCOME_AWARENESS,2026-02-06,218527,152696,1.431125,322,0.14735,0.817481,1.20456,263.228985,241.0,0,1.092236,28.0,0,9.401035,0.0,0,0.0,0,0,0,0,0,0,0.0,0,0.0,0,0,0,5077.0,0,0.051847,15.0,0,0,5077.0,0,0.051847,0,0,0,0.0,0,0,0.0,0,0,,,,229.0,instagram,CS,1177.0,562.0,123.0,71.0
[ALC] Carnaval - 02/02,120239471825400087,OUTCOME_AWARENESS,2026-02-06,174,165,1.054545,0,0.0,0.0,0.862,0.149988,0.0,0,0.0,0.0,0,0.0,0.0,0,0.0,0,0,0,0,0,0,0.0,0,0.0,0,0,0,56.0,0,0.002678,0.0,0,0,56.0,0,0.002678,0,0,0,0.0,0,0,0.0,0,0,,,,0.0,threads,CS,11.0,3.0,1.0,
[ALC] Semana do Cinema 2026,120239561692810087,OUTCOME_AWARENESS,2026-02-06,197825,133471,1.482157,308,0.155693,0.811688,1.263743,250.0,148.0,0,1.689189,30.0,0,8.333333,0.0,0,0.0,0,0,0,0,0,0,0.0,0,0.0,0,0,0,193.0,0,1.295337,42.0,0,0,194.0,0,1.28866,0,0,0,0.0,0,0,0.0,0,0,,,,146.0,facebook,CS,,,,
[ALC] Semana do Cinema 2026,120239561692810087,OUTCOME_AWARENESS,2026-02-06,124803,103732,1.203129,269,0.21554,0.586654,1.264473,157.81,211.0,0,0.747915,51.0,0,3.094314,0.0,0,0.0,0,0,0,0,0,0,0.0,0,0.0,0,0,0,260.0,0,0.606962,27.0,0,0,260.0,0,0.606962,0,0,0,0.0,0,0,0.0,0,0,,,,211.0,instagram,CS,,,,
[ALC] Semana do Cinema 2026,120239561692810087,OUTCOME_AWARENESS,2026-02-06,226,211,1.07109,1,0.442478,0.22,0.973451,0.22,1.0,0,0.22,0.0,0,0.0,0.0,0,0.0,0,0,0,0,0,0,0.0,0,0.0,0,0,0,1.0,0,0.22,0.0,0,0,1.0,0,0.22,0,0,0,0.0,0,0,0.0,0,0,,,,1.0,threads,CS,,,,
[ALC] Semana do Cinema 2026,120239561692810087,OUTCOME_AWARENESS,2026-02-06,0,0,0.0,0,0.0,0.0,0.0,0.0,0.0,0,0.0,1.0,0,0.0,0.0,0,0.0,0,0,0,0,0,0,0.0,0,0.0,0,0,0,0.0,0,0.0,0.0,0,0,0.0,0,0.0,0,0,0,0.0,0,0,0.0,0,0,,,,0.0,unknown,CS,,,,
[ALC] Bazar anacapri,120239563051420087,OUTCOME_AWARENESS,2026-02-06,43600,38703,1.126528,109,0.25,0.452202,1.130505,49.29,61.0,0,0.808033,11.0,0,4.480909,0.0,0,0.0,0,0,0,0,0,0,0.0,0,0.0,0,0,0,73.0,0,0.675205,11.0,0,0,73.0,0,0.675205,0,0,0,0.0,0,0,0.0,0,0,,,,61.0,facebook,CS,,,,
[ALC] Bazar anacapri,120239563051420087,OUTCOME_AWARENESS,2026-02-06,69116,62529,1.105343,89,0.128769,0.973483,1.253545,86.64,77.0,0,1.125195,17.0,0,5.096471,0.0,0,0.0,0,0,0,0,0,0,0.0,0,0.0,0,0,0,81.0,0,1.06963,1.0,0,0,81.0,0,1.06963,0,0,0,0.0,0,0,0.0,0,0,,,,77.0,instagram,CS,,,,
[ALC] Bazar anacapri,120239563051420087,OUTCOME_AWARENESS,2026-02-06,34,33,1.030303,0,0.0,0.0,1.176471,0.04,0.0,0,0.0,0.0,0,0.0,0.0,0,0.0,0,0,0,0,0,0,0.0,0,0.0,0,0,0,0.0,0,0.0,0.0,0,0,0.0,0,0.0,0,0,0,0.0,0,0,0.0,0,0,,,,0.0,threads,CS,,,,
[ALC] Eventos Carnaval,120239751838580087,OUTCOME_AWARENESS,2026-02-06,360954,237139,1.52212,746,0.206675,0.559257,1.155842,417.205828,455.0,0,0.916936,61.0,0,6.83944,0.0,0,0.0,0,0,0,0,0,0,0.0,0,0.0,0,0,0,6863.0,0,0.060791,64.0,0,0,6863.0,0,0.060791,0,0,0,0.0,0,0,0.0,0,0,,,,447.0,facebook,CS,552.0,158.0,94.0,66.0
[ALC] Eventos Carnaval,120239751838580087,OUTCOME_AWARENESS,2026-02-06,475314,326757,1.454641,673,0.141591,0.865742,1.225809,582.644174,549.0,0,1.061283,83.0,0,7.019809,0.0,0,0.0,0,0,0,0,0,0,0.0,0,0.0,0,0,0,7934.0,0,0.073436,39.0,0,0,7934.0,0,0.073436,0,0,0,0.0,0,0,0.0,0,0,,,,549.0,instagram,CS,962.0,189.0,99.0,71.0
[ALC] Eventos Carnaval,120239751838580087,OUTCOME_AWARENESS,2026-02-06,86,79,1.088608,0,0.0,0.0,1.627891,0.139999,0.0,0,0.0,0.0,0,0.0,0.0,0,0.0,0,0,0,0,0,0,0.0,0,0.0,0,0,0,20.0,0,0.007,0.0,0,0,20.0,0,0.007,0,0,0,0.0,0,0,0.0,0,0,,,,0.0,threads,CS,1.0,,,
[ALC] Eventos de Carnaval,120239828976910087,OUTCOME_ENGAGEMENT,2026-02-06,24722,18589,1.329926,315,1.274169,0.293937,3.745247,92.59,35.0,0,2.645429,3.0,0,30.863333,0.0,0,0.0,0,0,0,0,0,0,0.0,0,0.0,0,0,0,13105.0,0,0.007065,165.0,0,0,13105.0,0,0.007065,0,0,0,0.0,0,0,0.0,0,0,,,,26.0,facebook,CS,4897.0,1603.0,938.0,397.0
[ALC] Eventos de Carnaval,120239828976910087,OUTCOME_ENGAGEMENT,2026-02-06,154019,109563,1.405757,845,0.548634,0.717645,3.937242,606.41,541.0,0,1.120906,146.0,0,4.153493,0.0,0,0.0,0,0,0,0,0,0,0.0,0,0.0,0,0,0,66888.0,0,0.009066,980.0,0,0,66888.0,0,0.009066,0,0,0,0.0,0,0,0.0,0,0,,,,541.0,instagram,CS,25454.0,11281.0,7117.0,4050.0
[ALC] Musical das capivaras,120239893660110087,OUTCOME_AWARENESS,2026-02-06,69414,68586,1.012072,182,0.262195,0.397418,1.042009,72.33,120.0,0,0.60275,15.0,0,4.822,0.0,0,0.0,0,0,0,0,0,0,0.0,0,0.0,0,0,0,128.0,0,0.565078,8.0,0,0,128.0,0,0.565078,0,0,0,0.0,0,0,0.0,0,0,,,,120.0,facebook,CS,,,,
[ALC] Musical das capivaras,120239893660110087,OUTCOME_AWARENESS,2026-02-06,197192,189284,1.041778,329,0.166842,0.691945,1.154459,227.65,274.0,0,0.830839,44.0,0,5.173864,0.0,0,0.0,0,0,0,0,0,0,0.0,0,0.0,0,0,0,307.0,0,0.741531,7.0,0,0,307.0,0,0.741531,0,0,0,0.0,0,0,0.0,0,0,,,,274.0,instagram,CS,,,,
[ALC] Musical das capivaras,120239893660110087,OUTCOME_AWARENESS,2026-02-06,17,17,1.0,0,0.0,0.0,1.176471,0.02,0.0,0,0.0,0.0,0,0.0,0.0,0,0.0,0,0,0,0,0,0,0.0,0,0.0,0,0,0,0.0,0,0.0,0.0,0,0,0.0,0,0.0,0,0,0,0.0,0,0,0.0,0,0,,,,0.0,threads,CS,,,,
[ALC] Carnapet Continente Shopping,120239915880680087,OUTCOME_AWARENESS,2026-02-06,41404,38361,1.079325,84,0.202879,0.545595,1.106898,45.83,63.0,0,0.72746,6.0,0,7.638333,0.0,0,0.0,0,0,0,0,0,0,0.0,0,0.0,0,0,0,71.0,0,0.645493,8.0,0,0,71.0,0,0.645493,0,0,0,0.0,0,0,0.0,0,0,,,,63.0,facebook,CS,,,,
[ALC] Carnapet Continente Shopping,120239915880680087,OUTCOME_AWARENESS,2026-02-06,86034,86034,1.0,161,0.187135,0.64677,1.210335,104.13,136.0,0,0.765662,24.0,0,4.33875,0.0,0,0.0,0,0,0,0,0,0,0.0,0,0.0,0,0,0,153.0,0,0.680588,10.0,0,0,153.0,0,0.680588,0,0,0,0.0,0,0,0.0,0,0,,,,136.0,instagram,CS,,,,
[ALC] Capivalley - Últimos dias,120240006022760087,OUTCOME_AWARENESS,2026-02-06,90668,72316,1.253775,236,0.26029,0.457001,1.189528,107.852157,24.0,0,4.49384,5.0,0,21.570431,0.0,0,0.0,0,0,0,0,0,0,0.0,0,0.0,0,0,0,8495.0,0,0.012696,13.0,0,0,8496.0,0,0.012694,0,0,0,0.0,0,0,0.0,0,0,,,,23.0,facebook,CS,1459.0,428.0,236.0,142.0
[ALC] Capivalley - Últimos dias,120240006022760087,OUTCOME_AWARENESS,2026-02-06,328208,257652,1.273842,371,0.113038,1.055681,1.193322,391.657833,288.0,0,1.359923,52.0,0,7.531881,0.0,0,0.0,0,0,0,0,0,0,0.0,0,0.0,0,0,0,11189.0,0,0.035004,24.0,0,0,11189.0,0,0.035004,0,0,0,0.0,0,0,0.0,0,0,,,,288.0,instagram,CS,2828.0,600.0,304.0,181.0
[ALC] Capivalley - Últimos dias,120240006022760087,OUTCOME_AWARENESS,2026-02-06,461,454,1.015419,0,0.0,0.0,1.062928,0.49001,0.0,0,0.0,0.0,0,0.0,0.0,0,0.0,0,0,0,0,0,0,0.0,0,0.0,0,0,0,151.0,0,0.003245,1.0,0,0,151.0,0,0.003245,0,0,0,0.0,0,0,0.0,0,0,,,,0.0,threads,CS,51.0,12.0,5.0,2.0
ALC - Narbona novos conteúdos,120240054308210087,OUTCOME_AWARENESS,2026-02-06,48925,43831,1.116219,91,0.185999,0.587197,1.09218,53.434882,56.0,0,0.954194,16.0,0,3.33968,0.0,0,0.0,0,0,0,0,0,0,0.0,0,0.0,0,0,0,1116.0,0,0.047881,4.0,0,0,1116.0,0,0.047881,0,0,0,0.0,0,0,0.0,0,0,,,,56.0,facebook,CS,150.0,63.0,38.0,23.0
ALC - Narbona novos conteúdos,120240054308210087,OUTCOME_AWARENESS,2026-02-06,105977,89019,1.190499,154,0.145315,0.858346,1.247301,132.185225,126.0,0,1.049089,77.0,0,1.716691,0.0,0,0.0,0,0,0,0,0,0,0.0,0,0.0,0,0,0,2332.0,0,0.056683,9.0,0,0,2332.0,0,0.056683,0,0,0,0.0,0,0,0.0,0,0,,,,126.0,instagram,CS,486.0,106.0,60.0,42.0
ALC - Narbona novos conteúdos,120240054308210087,OUTCOME_AWARENESS,2026-02-06,67,67,1.0,0,0.0,0.0,0.744664,0.049893,0.0,0,0.0,0.0,0,0.0,0.0,0,0.0,0,0,0,0,0,0,0.0,0,0.0,0,0,0,11.0,0,0.004536,0.0,0,0,11.0,0,0.004536,0,0,0,0.0,0,0,0.0,0,0,,,,0.0,threads,CS,3.0,1.0,,
TFG - Narbona Site,120240056012140087,LINK_CLICKS,2026-02-06,2096,678,3.091445,151,7.204198,0.23399,16.857106,35.332494,215.0,0,0.164337,16.0,0,2.208281,0.0,0,0.0,0,0,0,0,0,0,0.0,0,0.0,0,0,0,552.0,0,0.064008,0.0,0,0,552.0,0,0.064008,0,0,0,0.0,0,0,0.0,0,0,,,,215.0,audience_network,CS,173.0,110.0,74.0,52.0
TFG - Narbona Site,120240056012140087,LINK_CLICKS,2026-02-06,109456,60928,1.796481,4194,3.831677,0.155235,5.948108,651.0561,2669.0,0,0.243933,694.0,0,0.938121,0.0,0,0.0,0,0,0,0,0,0,0.0,0,0.0,0,0,0,11408.0,0,0.05707,158.0,0,0,11410.0,0,0.05706,0,0,0,0.0,0,0,0.0,0,0,,,,2668.0,facebook,CS,3081.0,679.0,452.0,309.0
TFG - Narbona Site,120240056012140087,LINK_CLICKS,2026-02-06,67422,36307,1.856997,1518,2.251491,0.196048,4.41401,297.601406,1372.0,0,0.216911,368.0,0,0.808699,0.0,0,0.0,0,0,0,0,0,0,0.0,0,0.0,0,0,0,1810.0,0,0.164421,30.0,0,0,1809.0,0,0.164512,0,0,0,0.0,0,0,0.0,0,0,,,,1372.0,instagram,CS,147.0,79.0,54.0,39.0
TFG - Narbona Site,120240056012140087,LINK_CLICKS,2026-02-06,1,1,1.0,0,0.0,0.0,0.0,0.0,0.0,0,0.0,0.0,0,0.0,0.0,0,0.0,0,0,0,0,0,0,0.0,0,0.0,0,0,0,1.0,0,0.0,0.0,0,0,1.0,0,0.0,0,0,0,0.0,0,0,0.0,0,0,,,,0.0,threads,CS,,,,
ALC - Narbona novos conteúdos,120240054308210087,OUTCOME_AWARENESS,2026-03-01,146617,79756,1.838319,373,0.254404,0.421643,1.072679,157.272909,196.0,0,0.802413,76.0,0,2.06938,0.0,0,0.0,0,0,0,0,0,0,32.0,0,4.914778,0,0,0,4466.0,0,0.035216,29.0,0,0,4466.0,0,0.035216,0,0,0,0.0,0,0,173.0,0,0,,,,194.0,facebook,CS,623.0,231.0,132.0,75.0
ALC - Narbona novos conteúdos,120240054308210087,OUTCOME_AWARENESS,2026-03-01,296586,132802,2.233295,331,0.111603,1.157242,1.291521,383.047084,261.0,0,1.467613,164.0,0,2.335653,5.0,0,76.609417,0,0,0,0,0,0,62.0,0,6.178179,0,0,0,7809.0,0,0.049052,48.0,0,0,7809.0,0,0.049052,0,0,0,5.0,0,0,422.0,0,0,,,,260.0,instagram,CS,1669.0,427.0,236.0,126.0
ALC - Narbona novos conteúdos,120240054308210087,OUTCOME_AWARENESS,2026-03-01,401,353,1.135977,0,0.0,0.0,0.972587,0.390007,0.0,0,0.0,0.0,0,0.0,0.0,0,0.0,0,0,0,0,0,0,0.0,0,0.0,0,0,0,99.0,0,0.003939,0.0,0,0,99.0,0,0.003939,0,0,0,0.0,0,0,0.0,0,0,,,,0.0,threads,CS,21.0,6.0,4.0,
ALC - Narbona novos conteúdos,120240054308210087,OUTCOME_AWARENESS,2026-03-01,0,0,0.0,0,0.0,0.0,0.0,0.0,0.0,0,0.0,0.0,0,0.0,0.0,0,0.0,0,0,0,0,0,0,1.0,0,0.0,0,0,0,0.0,0,0.0,0.0,0,0,0.0,0,0.0,0,0,0,0.0,0,0,2.0,0,0,,,,0.0,unknown,CS,,,,
[ALC] Musical K-Pop,120240776590700087,OUTCOME_AWARENESS,2026-03-01,138224,98909,1.397487,268,0.193888,0.633862,1.228984,169.875146,143.0,0,1.187938,0.0,0,0.0,0.0,0,0.0,0,0,0,0,0,0,0.0,0,0.0,0,0,0,183.0,0,0.928279,32.0,0,0,183.0,0,0.928279,0,0,0,0.0,0,0,0.0,0,0,,,,143.0,facebook,CS,,,,
[ALC] Musical K-Pop,120240776590700087,OUTCOME_AWARENESS,2026-03-01,139510,93927,1.485302,212,0.15196,0.849551,1.290982,180.104854,172.0,0,1.047121,2.0,0,90.052427,0.0,0,0.0,0,0,0,0,0,0,0.0,0,0.0,0,0,0,225.0,0,0.800466,19.0,0,0,225.0,0,0.800466,0,0,0,0.0,0,0,0.0,0,0,,,,172.0,instagram,CS,,,,
[ALC] Musical K-Pop,120240776590700087,OUTCOME_AWARENESS,2026-03-01,15,14,1.071429,0,0.0,0.0,1.333295,0.019999,0.0,0,0.0,0.0,0,0.0,0.0,0,0.0,0,0,0,0,0,0,0.0,0,0.0,0,0,0,0.0,0,0.0,0.0,0,0,0.0,0,0.0,0,0,0,0.0,0,0,0.0,0,0,,,,0.0,threads,CS,,,,
[ALC] Vídeo musical K-POP,120240907473160087,OUTCOME_AWARENESS,2026-03-01,86865,30784,2.821758,173,0.19916,0.663988,1.322397,114.87,45.0,0,2.552667,5.0,0,22.974,0.0,0,0.0,0,0,0,0,0,0,0.0,0,0.0,0,0,0,9510.0,0,0.012079,13.0,0,0,9510.0,0,0.012079,0,0,0,0.0,0,0,0.0,0,0,,,,45.0,facebook,CS,5921.0,1981.0,977.0,523.0
[ALC] Vídeo musical K-POP,120240907473160087,OUTCOME_AWARENESS,2026-03-01,175705,91962,1.910626,363,0.206596,0.646612,1.335875,234.72,271.0,0,0.866125,18.0,0,13.04,0.0,0,0.0,0,0,0,0,0,0,0.0,0,0.0,0,0,0,10322.0,0,0.02274,46.0,0,0,10322.0,0,0.02274,0,0,0,0.0,0,0,0.0,0,0,,,,270.0,instagram,CS,6489.0,2859.0,1820.0,458.0
[ALC] Vídeo musical K-POP,120240907473160087,OUTCOME_AWARENESS,2026-03-01,184,156,1.179487,1,0.543478,0.14,0.76087,0.14,1.0,0,0.14,0.0,0,0.0,0.0,0,0.0,0,0,0,0,0,0,0.0,0,0.0,0,0,0,66.0,0,0.002121,0.0,0,0,66.0,0,0.002121,0,0,0,0.0,0,0,0.0,0,0,,,,1.0,threads,CS,46.0,16.0,8.0,4.0
[ALC] Vídeo influenciadora - musicais,120240907672990087,OUTCOME_AWARENESS,2026-03-01,44239,30037,1.472817,78,0.176315,0.7846,1.383367,61.198776,13.0,0,4.707598,0.0,0,0.0,0.0,0,0.0,0,0,0,0,0,0,0.0,0,0.0,0,0,0,4732.0,0,0.012933,10.0,0,0,4732.0,0,0.012933,0,0,0,0.0,0,0,0.0,0,0,,,,13.0,facebook,CS,544.0,174.0,104.0,51.0
[ALC] Vídeo influenciadora - musicais,120240907672990087,OUTCOME_AWARENESS,2026-03-01,320525,211782,1.513467,344,0.107324,1.272068,1.365233,437.591247,274.0,0,1.597048,4.0,0,109.397812,0.0,0,0.0,0,0,0,0,0,0,0.0,0,0.0,0,0,0,11881.0,0,0.036831,32.0,0,0,11881.0,0,0.036831,0,0,0,0.0,0,0,0.0,0,0,,,,274.0,instagram,CS,2170.0,491.0,257.0,160.0
[ALC] Vídeo influenciadora - musicais,120240907672990087,OUTCOME_AWARENESS,2026-03-01,794,727,1.09216,0,0.0,0.0,1.460928,1.159977,0.0,0,0.0,0.0,0,0.0,0.0,0,0.0,0,0,0,0,0,0,0.0,0,0.0,0,0,0,230.0,0,0.005043,2.0,0,0,230.0,0,0.005043,0,0,0,0.0,0,0,0.0,0,0,,,,0.0,threads,CS,37.0,13.0,7.0,4.0
[ALC] A Menina da Casa Mágica,120241003965020087,OUTCOME_AWARENESS,2026-03-01,116375,81666,1.425012,301,0.258647,0.541241,1.399901,162.913483,176.0,0,0.925645,2.0,0,81.456742,0.0,0,0.0,0,0,0,0,0,0,0.0,0,0.0,0,0,0,203.0,0,0.802529,24.0,0,0,204.0,0,0.798596,0,0,0,0.0,0,0,0.0,0,0,,,,175.0,facebook,CS,,,,
[ALC] A Menina da Casa Mágica,120241003965020087,OUTCOME_AWARENESS,2026-03-01,220388,142956,1.541649,470,0.21326,0.716695,1.528425,336.846525,373.0,0,0.903074,14.0,0,24.060466,0.0,0,0.0,0,0,0,0,0,0,0.0,0,0.0,0,0,0,484.0,0,0.695964,19.0,0,0,484.0,0,0.695964,0,0,0,0.0,0,0,0.0,0,0,,,,372.0,instagram,CS,,,,
[ALC] A Menina da Casa Mágica,120241003965020087,OUTCOME_AWARENESS,2026-03-01,141,130,1.084615,0,0.0,0.0,1.489302,0.209992,0.0,0,0.0,0.0,0,0.0,0.0,0,0.0,0,0,0,0,0,0,0.0,0,0.0,0,0,0,0.0,0,0.0,0.0,0,0,0.0,0,0.0,0,0,0,0.0,0,0,0.0,0,0,,,,0.0,threads,CS,,,,
[ALC] Musical A Menina da Casa Mágica 02,120241004108970087,OUTCOME_AWARENESS,2026-03-01,146400,110219,1.328265,310,0.211749,0.601299,1.273241,186.402543,204.0,0,0.913738,3.0,0,62.134181,0.0,0,0.0,0,0,0,0,0,0,0.0,0,0.0,0,0,0,245.0,0,0.760827,38.0,0,0,245.0,0,0.760827,0,0,0,0.0,0,0,0.0,0,0,,,,202.0,facebook,CS,,,,
[ALC] Musical A Menina da Casa Mágica 02,120241004108970087,OUTCOME_AWARENESS,2026-03-01,231930,173048,1.340264,341,0.147027,0.918966,1.35113,313.367464,279.0,0,1.123181,10.0,0,31.336746,0.0,0,0.0,0,0,0,0,0,0,0.0,0,0.0,0,0,0,352.0,0,0.890248,13.0,0,0,352.0,0,0.890248,0,0,0,0.0,0,0,0.0,0,0,,,,278.0,instagram,CS,,,,
[ALC] Musical A Menina da Casa Mágica 02,120241004108970087,OUTCOME_AWARENESS,2026-03-01,107,105,1.019048,0,0.0,0.0,1.77563,0.189992,0.0,0,0.0,0.0,0,0.0,0.0,0,0.0,0,0,0,0,0,0,0.0,0,0.0,0,0,0,0.0,0,0.0,0.0,0,0,0.0,0,0.0,0,0,0,0.0,0,0,0.0,0,0,,,,0.0,threads,CS,,,,
[ALC] Vídeo Gabby,120241170074910087,OUTCOME_AWARENESS,2026-03-01,21209,17949,1.181626,69,0.325334,0.509565,1.657787,35.16,10.0,0,3.516,0.0,0,0.0,0.0,0,0.0,0,0,0,0,0,0,0.0,0,0.0,0,0,0,2929.0,0,0.012004,4.0,0,0,2929.0,0,0.012004,0,0,0,0.0,0,0,0.0,0,0,,,,10.0,facebook,CS,340.0,107.0,56.0,36.0
[ALC] Vídeo Gabby,120241170074910087,OUTCOME_AWARENESS,2026-03-01,99963,97546,1.024778,215,0.21508,0.766186,1.64791,164.73,165.0,0,0.998364,10.0,0,16.473,0.0,0,0.0,0,0,0,0,0,0,0.0,0,0.0,0,0,0,7805.0,0,0.021106,17.0,0,0,7805.0,0,0.021106,0,0,0,0.0,0,0,0.0,0,0,,,,164.0,instagram,CS,1032.0,224.0,112.0,70.0
[ALC] Vídeo Gabby,120241170074910087,OUTCOME_AWARENESS,2026-03-01,91,91,1.0,1,1.098901,0.11,1.208791,0.11,1.0,0,0.11,0.0,0,0.0,0.0,0,0.0,0,0,0,0,0,0,0.0,0,0.0,0,0,0,25.0,0,0.0044,0.0,0,0,25.0,0,0.0044,0,0,0,0.0,0,0,0.0,0,0,,,,1.0,threads,CS,8.0,3.0,1.0,1.0
[ALC] Campanha de Almoço,120241302239000087,OUTCOME_AWARENESS,2026-03-01,124829,86947,1.435691,319,0.25555,0.658533,1.682879,210.072122,197.0,0,1.066356,1.0,0,210.072122,3.0,0,70.024041,0,0,0,0,0,0,40.0,0,5.251803,0,0,0,4038.0,0,0.052024,21.0,0,0,4038.0,0,0.052024,0,0,0,3.0,0,0,252.0,0,0,,,,196.0,facebook,CS,625.0,224.0,118.0,55.0
[ALC] Campanha de Almoço,120241302239000087,OUTCOME_AWARENESS,2026-03-01,317137,199845,1.586915,518,0.163336,1.137332,1.857676,589.137907,416.0,0,1.416197,6.0,0,98.189651,16.0,0,36.821119,0,0,0,0,0,0,225.0,0,2.618391,0,0,0,10239.0,0,0.057539,66.0,0,0,10239.0,0,0.057539,0,0,0,16.0,0,0,1210.0,0,0,,,,413.0,instagram,CS,2159.0,1055.0,650.0,227.0
[ALC] Campanha de Almoço,120241302239000087,OUTCOME_AWARENESS,2026-03-01,422,414,1.019324,0,0.0,0.0,1.824576,0.769971,0.0,0,0.0,0.0,0,0.0,0.0,0,0.0,0,0,0,0,0,0,0.0,0,0.0,0,0,0,45.0,0,0.01711,0.0,0,0,45.0,0,0.01711,0,0,0,0.0,0,0,0.0,0,0,,,,0.0,threads,CS,1.0,1.0,1.0,1.0
TRAF - FRANQUIAS CS,120241484290580087,LINK_CLICKS,2026-03-01,1461,754,1.937666,157,10.746064,0.25349,27.240157,39.797869,162.0,0,0.245666,3.0,0,13.265956,0.0,0,0.0,0,0,0,0,0,0,0.0,0,0.0,0,0,0,162.0,0,0.245666,0.0,0,0,162.0,0,0.245666,0,0,0,0.0,0,0,0.0,0,0,,,,162.0,audience_network,CS,,,,
TRAF - FRANQUIAS CS,120241484290580087,LINK_CLICKS,2026-03-01,43300,24552,1.763604,785,1.812933,0.178971,3.24463,140.492477,701.0,0,0.200417,8.0,0,17.56156,2.0,0,70.246239,0,0,0,0,0,0,1.0,0,140.492477,0,0,0,703.0,0,0.199847,1.0,0,0,703.0,0,0.199847,0,0,0,2.0,0,0,13.0,0,0,,,,484.0,facebook,CS,,,,
TRAF - FRANQUIAS CS,120241484290580087,LINK_CLICKS,2026-03-01,1183,1048,1.128817,22,1.859679,0.280894,5.223727,6.179669,16.0,0,0.386229,0.0,0,0.0,0.0,0,0.0,0,0,0,0,0,0,3.0,0,2.05989,0,0,0,22.0,0,0.280894,6.0,0,0,22.0,0,0.280894,0,0,0,0.0,0,0,10.0,0,0,,,,15.0,instagram,CS,,,,
TRAF - FRANQUIAS CS,120241484290580087,LINK_CLICKS,2026-03-01,139,125,1.112,2,1.438849,0.144992,2.086219,0.289984,2.0,0,0.144992,0.0,0,0.0,0.0,0,0.0,0,0,0,0,0,0,0.0,0,0.0,0,0,0,2.0,0,0.144992,0.0,0,0,2.0,0,0.144992,0,0,0,0.0,0,0,0.0,0,0,,,,2.0,threads,CS,,,,
ALC - Narbona novos conteúdos,120240054308210087,OUTCOME_AWARENESS,2026-04-01,202622,103136,1.96461,415,0.204815,0.556795,1.140399,231.07,268.0,0,0.862201,103.0,0,2.243398,3.0,0,77.023333,0,0,0,0,0,0,94.0,0,2.458191,0,0,0,3695.0,0,0.062536,35.0,0,0,3695.0,0,0.062536,0,0,0,3.0,0,0,338.0,0,0,,,,268.0,facebook,CS,495.0,144.0,81.0,46.0
ALC - Narbona novos conteúdos,120240054308210087,OUTCOME_AWARENESS,2026-04-01,325916,148592,2.193362,389,0.119356,1.023188,1.221235,398.02,298.0,0,1.335638,172.0,0,2.31407,17.0,0,23.412941,0,0,0,0,0,0,249.0,0,1.598474,0,0,0,7716.0,0,0.051584,45.0,0,0,7716.0,0,0.051584,0,0,0,17.0,0,0,932.0,0,0,,,,297.0,instagram,CS,1545.0,427.0,243.0,150.0
ALC - Narbona novos conteúdos,120240054308210087,OUTCOME_AWARENESS,2026-04-01,1932,1664,1.161058,2,0.10352,1.16,1.200828,2.32,2.0,0,1.16,2.0,0,1.16,0.0,0,0.0,0,0,0,0,0,0,1.0,0,2.32,0,0,0,319.0,0,0.007273,1.0,0,0,319.0,0,0.007273,0,0,0,0.0,0,0,1.0,0,0,,,,2.0,threads,CS,89.0,24.0,9.0,6.0
ALC - Narbona novos conteúdos,120240054308210087,OUTCOME_AWARENESS,2026-04-01,0,0,0.0,0,0.0,0.0,0.0,0.0,0.0,0,0.0,0.0,0,0.0,0.0,0,0.0,0,0,0,0,0,0,0.0,0,0.0,0,0,0,0.0,0,0.0,0.0,0,0,0.0,0,0.0,0,0,0,0.0,0,0,9.0,0,0,,,,0.0,unknown,CS,,,,
[ALC] Campanha de Almoço,120241302239000087,OUTCOME_AWARENESS,2026-04-01,64276,39396,1.631536,125,0.194474,0.5976,1.162176,74.7,83.0,0,0.9,0.0,0,0.0,0.0,0,0.0,0,0,0,0,0,0,9.0,0,8.3,0,0,0,809.0,0,0.092336,8.0,0,0,809.0,0,0.092336,0,0,0,0.0,0,0,68.0,0,0,,,,83.0,facebook,CS,59.0,21.0,10.0,2.0
[ALC] Campanha de Almoço,120241302239000087,OUTCOME_AWARENESS,2026-04-01,95164,48761,1.951642,79,0.083015,1.583924,1.314888,125.13,68.0,0,1.840147,0.0,0,0.0,3.0,0,41.71,0,0,0,0,0,0,47.0,0,2.66234,0,0,0,1805.0,0,0.069324,20.0,0,0,1805.0,0,0.069324,0,0,0,3.0,0,0,214.0,0,0,,,,68.0,instagram,CS,158.0,72.0,40.0,14.0
[ALC] Campanha de Almoço,120241302239000087,OUTCOME_AWARENESS,2026-04-01,125,111,1.126126,0,0.0,0.0,1.52,0.19,0.0,0,0.0,0.0,0,0.0,0.0,0,0.0,0,0,0,0,0,0,0.0,0,0.0,0,0,0,8.0,0,0.02375,1.0,0,0,8.0,0,0.02375,0,0,0,0.0,0,0,0.0,0,0,,,,0.0,threads,CS,,,,
TRAF - FRANQUIAS CS,120241484290580087,LINK_CLICKS,2026-04-01,16093,7257,2.217583,1461,9.078481,0.230557,20.931046,336.843325,1541.0,0,0.218587,0.0,0,0.0,0.0,0,0.0,0,0,0,0,0,0,0.0,0,0.0,0,0,0,1541.0,0,0.218587,0.0,0,0,1541.0,0,0.218587,0,0,0,0.0,0,0,2.0,0,0,,,,1541.0,audience_network,CS,,,,
TRAF - FRANQUIAS CS,120241484290580087,LINK_CLICKS,2026-04-01,205198,76235,2.691651,3642,1.774871,0.17426,3.092897,634.656264,3184.0,0,0.199327,7.0,0,90.665181,3.0,0,211.552088,0,0,0,0,0,0,7.0,0,90.665181,0,0,0,3214.0,0,0.197466,23.0,0,0,3215.0,0,0.197405,0,0,0,3.0,0,0,60.0,0,0,,,,1623.0,facebook,CS,,,,
TRAF - FRANQUIAS CS,120241484290580087,LINK_CLICKS,2026-04-01,9044,6441,1.40413,187,2.067669,0.208237,4.305659,38.940384,146.0,0,0.266715,2.0,0,19.470192,1.0,0,38.940384,0,0,0,0,0,0,20.0,0,1.947019,0,0,0,185.0,0,0.210489,32.0,0,0,185.0,0,0.210489,0,0,0,1.0,0,0,77.0,0,0,,,,144.0,instagram,CS,,,,
TRAF - FRANQUIAS CS,120241484290580087,LINK_CLICKS,2026-04-01,1233,977,1.262027,19,1.540957,0.144738,2.230355,2.750027,18.0,0,0.152779,0.0,0,0.0,1.0,0,2.750027,0,0,0,0,0,0,0.0,0,0.0,0,0,0,21.0,0,0.130954,3.0,0,0,21.0,0,0.130954,0,0,0,1.0,0,0,16.0,0,0,,,,18.0,threads,CS,,,,
ENG - FRANQUIAS CS — Whats,120241860601160087,OUTCOME_ENGAGEMENT,2026-04-01,321487,177182,1.814445,6091,1.894633,0.127419,2.414114,776.106404,5773.0,0,0.134437,0.0,0,0.0,0.0,0,0.0,0,0,0,0,0,0,0.0,0,0.0,0,0,0,5888.0,0,0.131812,107.0,0,0,5892.0,0,0.131722,0,0,0,0.0,0,0,0.0,0,0,,,,82.0,facebook,CS,,,,
ENG - FRANQUIAS CS — Whats,120241860601160087,OUTCOME_ENGAGEMENT,2026-04-01,113159,78567,1.440287,2725,2.408116,0.134155,3.230619,365.573596,2579.0,0,0.14175,4.0,0,91.393399,0.0,0,0.0,0,0,0,0,0,0,0.0,0,0.0,0,0,0,2708.0,0,0.134998,121.0,0,0,2708.0,0,0.134998,0,0,0,0.0,0,0,0.0,0,0,,,,2579.0,instagram,CS,,,,
[ALC] Horário de funcionamento Páscoa,120241863611910087,OUTCOME_AWARENESS,2026-04-01,44494,35769,1.243926,126,0.283184,0.364548,1.032343,45.933062,85.0,0,0.540389,3.0,0,15.311021,0.0,0,0.0,0,0,0,0,0,0,0.0,0,0.0,0,0,0,93.0,0,0.493904,7.0,0,0,93.0,0,0.493904,0,0,0,0.0,0,0,0.0,0,0,,,,85.0,facebook,CS,,,,
[ALC] Horário de funcionamento Páscoa,120241863611910087,OUTCOME_AWARENESS,2026-04-01,88075,63141,1.394894,224,0.254329,0.464361,1.181004,104.016935,164.0,0,0.63425,10.0,0,10.401693,0.0,0,0.0,0,0,0,0,0,0,0.0,0,0.0,0,0,0,171.0,0,0.608286,6.0,0,0,171.0,0,0.608286,0,0,0,0.0,0,0,0.0,0,0,,,,164.0,instagram,CS,,,,
[ALC] Horário de funcionamento Páscoa,120241863611910087,OUTCOME_AWARENESS,2026-04-01,27,26,1.038462,0,0.0,0.0,1.48158,0.040003,0.0,0,0.0,0.0,0,0.0,0.0,0,0.0,0,0,0,0,0,0,0.0,0,0.0,0,0,0,0.0,0,0.0,0.0,0,0,0.0,0,0.0,0,0,0,0.0,0,0,0.0,0,0,,,,0.0,threads,CS,,,,
ALC - PROMO IPHONE,120241864077630087,OUTCOME_AWARENESS,2026-04-01,337161,165047,2.042818,455,0.13495,0.93668,1.264053,426.189342,355.0,0,1.200533,29.0,0,14.696184,0.0,0,0.0,0,0,0,0,0,0,0.0,0,0.0,0,0,0,9788.0,0,0.043542,16.0,0,0,9788.0,0,0.043542,0,0,0,0.0,0,0,0.0,0,0,,,,352.0,facebook,CS,3705.0,1191.0,660.0,441.0
ALC - PROMO IPHONE,120241864077630087,OUTCOME_AWARENESS,2026-04-01,526701,216466,2.433181,743,0.141067,1.039772,1.466773,772.550681,565.0,0,1.367346,44.0,0,17.55797,0.0,0,0.0,0,0,0,0,0,0,0.0,0,0.0,0,0,0,14640.0,0,0.05277,38.0,0,0,14640.0,0,0.05277,0,0,0,0.0,0,0,0.0,0,0,,,,563.0,instagram,CS,4936.0,1526.0,945.0,664.0
ALC - PROMO IPHONE,120241864077630087,OUTCOME_AWARENESS,2026-04-01,653,524,1.246183,3,0.459418,0.306659,1.408847,0.919977,3.0,0,0.306659,0.0,0,0.0,0.0,0,0.0,0,0,0,0,0,0,0.0,0,0.0,0,0,0,3.0,0,0.306659,0.0,0,0,3.0,0,0.306659,0,0,0,0.0,0,0,0.0,0,0,,,,3.0,threads,CS,,,,
TRAF - PROMO IPHONE,120242044707630087,LINK_CLICKS,2026-04-01,133801,14784,9.050392,1111,0.830338,0.189455,1.573114,210.484212,1199.0,0,0.17555,432.0,0,0.487232,0.0,0,0.0,0,0,0,0,0,0,0.0,0,0.0,0,0,0,2056.0,0,0.102376,0.0,0,0,2056.0,0,0.102376,0,0,0,0.0,0,0,0.0,0,0,,,,1199.0,audience_network,CS,525.0,484.0,396.0,330.0
TRAF - PROMO IPHONE,120242044707630087,LINK_CLICKS,2026-04-01,40297,21190,1.901699,1226,3.04241,0.136707,4.159202,167.603354,856.0,0,0.195798,311.0,0,0.538918,0.0,0,0.0,0,0,0,0,0,0,0.0,0,0.0,0,0,0,9030.0,0,0.018561,39.0,0,0,9031.0,0,0.018559,0,0,0,0.0,0,0,0.0,0,0,,,,853.0,facebook,CS,1468.0,296.0,188.0,120.0
TRAF - PROMO IPHONE,120242044707630087,LINK_CLICKS,2026-04-01,13852,9513,1.456113,825,5.955819,0.147336,8.775082,121.552433,737.0,0,0.164929,101.0,0,1.203489,0.0,0,0.0,0,0,0,0,0,0,0.0,0,0.0,0,0,0,5434.0,0,0.022369,84.0,0,0,5434.0,0,0.022369,0,0,0,0.0,0,0,0.0,0,0,,,,737.0,instagram,CS,805.0,375.0,273.0,169.0
TRAF - PROMO IPHONE,120242044707630087,LINK_CLICKS,2026-04-01,16,15,1.066667,0,0.0,0.0,1.875038,0.030001,0.0,0,0.0,0.0,0,0.0,0.0,0,0.0,0,0,0,0,0,0,0.0,0,0.0,0,0,0,0.0,0,0.0,0.0,0,0,0.0,0,0.0,0,0,0,0.0,0,0,0.0,0,0,,,,0.0,threads,CS,,,,
ALC - Super Games,120242125799840087,OUTCOME_AWARENESS,2026-04-01,194278,138585,1.401869,368,0.189419,0.54675,1.03565,201.204071,309.0,0,0.651146,3.0,0,67.068024,0.0,0,0.0,0,0,0,0,0,0,0.0,0,0.0,0,0,0,446.0,0,0.45113,14.0,0,0,446.0,0,0.45113,0,0,0,0.0,0,0,0.0,0,0,,,,309.0,facebook,CS,51.0,20.0,7.0,6.0
ALC - Super Games,120242125799840087,OUTCOME_AWARENESS,2026-04-01,817830,300972,2.717296,1222,0.14942,0.94593,1.413406,1155.925935,956.0,0,1.209128,25.0,0,46.237037,0.0,0,0.0,0,0,0,0,0,0,0.0,0,0.0,0,0,0,41413.0,0,0.027912,171.0,0,0,41413.0,0,0.027912,0,0,0,0.0,0,0,0.0,0,0,,,,952.0,instagram,CS,18071.0,9548.0,4222.0,1956.0
ALC - Super Games,120242125799840087,OUTCOME_AWARENESS,2026-04-01,164,140,1.171429,0,0.0,0.0,1.158502,0.189994,0.0,0,0.0,0.0,0,0.0,0.0,0,0.0,0,0,0,0,0,0,0.0,0,0.0,0,0,0,10.0,0,0.018999,0.0,0,0,10.0,0,0.018999,0,0,0,0.0,0,0,0.0,0,0,,,,0.0,threads,CS,5.0,3.0,2.0,
ALC - CINEPOLIS MJ,120242532204570087,OUTCOME_AWARENESS,2026-04-01,251019,141873,1.769322,315,0.125489,1.110762,1.393879,349.89,247.0,0,1.416559,6.0,0,58.315,0.0,0,0.0,0,0,0,0,0,0,0.0,0,0.0,0,0,0,14033.0,0,0.024933,50.0,0,0,14033.0,0,0.024933,0,0,0,0.0,0,0,0.0,0,0,,,,247.0,instagram,CS,1303.0,343.0,155.0,95.0
[ALC] Patrulha Canina Show,120242694123040087,OUTCOME_AWARENESS,2026-04-01,226922,161157,1.40808,464,0.204476,0.618154,1.263974,286.823586,316.0,0,0.90767,3.0,0,95.607862,0.0,0,0.0,0,0,0,0,0,0,0.0,0,0.0,0,0,0,367.0,0,0.781536,50.0,0,0,367.0,0,0.781536,0,0,0,0.0,0,0,0.0,0,0,,,,315.0,facebook,CS,,,,
[ALC] Patrulha Canina Show,120242694123040087,OUTCOME_AWARENESS,2026-04-01,393056,277439,1.416729,882,0.224396,0.581425,1.30469,512.816411,716.0,0,0.716224,66.0,0,7.769946,0.0,0,0.0,0,0,0,0,0,0,0.0,0,0.0,0,0,0,817.0,0,0.627682,27.0,0,0,817.0,0,0.627682,0,0,0,0.0,0,0,0.0,0,0,,,,715.0,instagram,CS,,,,
[ALC] Patrulha Canina Show,120242694123040087,OUTCOME_AWARENESS,2026-04-01,148,145,1.02069,0,0.0,0.0,1.351368,0.200003,0.0,0,0.0,0.0,0,0.0,0.0,0,0.0,0,0,0,0,0,0,0.0,0,0.0,0,0,0,0.0,0,0.0,0.0,0,0,0.0,0,0.0,0,0,0,0.0,0,0,0.0,0,0,,,,0.0,threads,CS,,,,
[ALC] Video Patrulha Canina,120242948000440087,OUTCOME_AWARENESS,2026-04-01,50911,43491,1.17061,191,0.375165,0.429162,1.610065,81.97,22.0,0,3.725909,0.0,0,0.0,0.0,0,0.0,0,0,0,0,0,0,0.0,0,0.0,0,0,0,7894.0,0,0.010384,24.0,0,0,7896.0,0,0.010381,0,0,0,0.0,0,0,0.0,0,0,,,,22.0,facebook,CS,5325.0,1451.0,740.0,478.0
[ALC] Video Patrulha Canina,120242948000440087,OUTCOME_AWARENESS,2026-04-01,257287,220955,1.164432,495,0.192392,0.840788,1.61761,416.19,399.0,0,1.043083,12.0,0,34.6825,0.0,0,0.0,0,0,0,0,0,0,0.0,0,0.0,0,0,0,15945.0,0,0.026102,65.0,0,0,15945.0,0,0.026102,0,0,0,0.0,0,0,0.0,0,0,,,,399.0,instagram,CS,10427.0,3402.0,2010.0,1477.0
[ALC] Video Patrulha Canina,120242948000440087,OUTCOME_AWARENESS,2026-04-01,875,867,1.009227,4,0.457143,0.3275,1.497143,1.31,3.0,0,0.436667,0.0,0,0.0,0.0,0,0.0,0,0,0,0,0,0,0.0,0,0.0,0,0,0,200.0,0,0.00655,0.0,0,0,200.0,0,0.00655,0,0,0,0.0,0,0,0.0,0,0,,,,3.0,threads,CS,153.0,60.0,34.0,22.0
[ALC] Video Patrulha Canina,120242948000440087,OUTCOME_AWARENESS,2026-04-01,308,119,2.588235,8,2.597403,0.0625,1.623377,0.5,6.0,0,0.083333,0.0,0,0.0,0.0,0,0.0,0,0,0,0,0,0,0.0,0,0.0,0,0,0,73.0,0,0.006849,0.0,0,0,73.0,0,0.006849,0,0,0,0.0,0,0,0.0,0,0,,,,6.0,whatsapp,CS,53.0,31.0,23.0,21.0
ALC - PROMO MAES 26,120243262160690087,OUTCOME_AWARENESS,2026-04-01,83476,62351,1.338808,73,0.08745,1.640137,1.434304,119.73,60.0,0,1.9955,28.0,0,4.276071,0.0,0,0.0,0,0,0,0,0,0,0.0,0,0.0,0,0,0,2904.0,0,0.041229,9.0,0,0,2904.0,0,0.041229,0,0,0,0.0,0,0,0.0,0,0,,,,60.0,instagram,CS,724.0,326.0,91.0,57.0
ALC - PROMO MAES 26,120243262160690087,OUTCOME_AWARENESS,2026-04-01,0,0,0.0,0,0.0,0.0,0.0,0.0,0.0,0,0.0,1.0,0,0.0,0.0,0,0.0,0,0,0,0,0,0,0.0,0,0.0,0,0,0,0.0,0,0.0,0.0,0,0,0.0,0,0.0,0,0,0,0.0,0,0,0.0,0,0,,,,0.0,unknown,CS,,,,
TRAF - PROMO MAES 26,120243262954300087,LINK_CLICKS,2026-04-01,14120,11048,1.278059,610,4.320113,0.22118,9.555241,134.92,581.0,0,0.23222,378.0,0,0.356931,1.0,0,134.92,0,0,0,0,0,0,64.0,0,2.108125,0,0,0,3546.0,0,0.038049,65.0,0,0,3546.0,0,0.038049,0,0,0,1.0,0,0,127.0,0,0,,,,581.0,instagram,CS,862.0,392.0,177.0,111.0
ALC - Narbona novos conteúdos,120240054308210087,OUTCOME_AWARENESS,2026-05-01,35210,28984,1.214808,71,0.201647,0.656497,1.323808,46.61128,36.0,0,1.294758,18.0,0,2.589516,9.0,0,5.179031,0,0,0,0,0,0,29.0,0,1.607286,0,0,0,1074.0,0,0.0434,7.0,0,0,1074.0,0,0.0434,0,0,0,9.0,0,0,95.0,0,0,,,,36.0,facebook,CS,159.0,52.0,26.0,12.0
ALC - Narbona novos conteúdos,120240054308210087,OUTCOME_AWARENESS,2026-05-01,56420,43882,1.285721,63,0.111663,1.212992,1.354458,76.418493,53.0,0,1.441858,29.0,0,2.63512,19.0,0,4.022026,0,0,0,0,0,0,123.0,0,0.621289,0,0,0,1634.0,0,0.046768,7.0,0,0,1634.0,0,0.046768,0,0,0,19.0,0,0,371.0,0,0,,,,52.0,instagram,CS,338.0,106.0,59.0,35.0
ALC - Narbona novos conteúdos,120240054308210087,OUTCOME_AWARENESS,2026-05-01,731,706,1.035411,5,0.683995,0.188046,1.286221,0.940228,4.0,0,0.235057,4.0,0,0.235057,0.0,0,0.0,0,0,0,0,0,0,0.0,0,0.0,0,0,0,94.0,0,0.010002,0.0,0,0,94.0,0,0.010002,0,0,0,0.0,0,0,0.0,0,0,,,,4.0,threads,CS,12.0,5.0,,
[ALC] Campanha de Almoço,120241302239000087,OUTCOME_AWARENESS,2026-05-01,0,0,0.0,0,0.0,0.0,0.0,0.0,0.0,0,0.0,0.0,0,0.0,0.0,0,0.0,0,0,0,0,0,0,0.0,0,0.0,0,0,0,0.0,0,0.0,0.0,0,0,0.0,0,0.0,0,0,0,0.0,0,0,3.0,0,0,,,,0.0,facebook,CS,,,,
[ALC] Campanha de Almoço,120241302239000087,OUTCOME_AWARENESS,2026-05-01,0,0,0.0,0,0.0,0.0,0.0,0.0,0.0,0,0.0,0.0,0,0.0,0.0,0,0.0,0,0,0,0,0,0,1.0,0,0.0,0,0,0,0.0,0,0.0,0.0,0,0,0.0,0,0.0,0,0,0,0.0,0,0,2.0,0,0,,,,0.0,instagram,CS,,,,
ENG - FRANQUIAS CS — Whats,120241860601160087,OUTCOME_ENGAGEMENT,2026-05-01,16282,14822,1.098502,319,1.959219,0.136834,2.680875,43.65,293.0,0,0.148976,0.0,0,0.0,0.0,0,0.0,0,0,0,0,0,0,0.0,0,0.0,0,0,0,300.0,0,0.1455,6.0,0,0,300.0,0,0.1455,0,0,0,0.0,0,0,0.0,0,0,,,,10.0,facebook,CS,,,,
ENG - FRANQUIAS CS — Whats,120241860601160087,OUTCOME_ENGAGEMENT,2026-05-01,6495,6093,1.065977,98,1.508853,0.147551,2.226328,14.46,96.0,0,0.150625,0.0,0,0.0,0.0,0,0.0,0,0,0,0,0,0,0.0,0,0.0,0,0,0,104.0,0,0.139038,7.0,0,0,104.0,0,0.139038,0,0,0,0.0,0,0,0.0,0,0,,,,96.0,instagram,CS,,,,
ALC - Super Games,120242125799840087,OUTCOME_AWARENESS,2026-05-01,43716,38290,1.141708,93,0.212737,0.49418,1.051303,45.958776,86.0,0,0.534404,0.0,0,0.0,0.0,0,0.0,0,0,0,0,0,0,0.0,0,0.0,0,0,0,117.0,0,0.39281,1.0,0,0,117.0,0,0.39281,0,0,0,0.0,0,0,0.0,0,0,,,,86.0,facebook,CS,14.0,8.0,5.0,4.0
ALC - Super Games,120242125799840087,OUTCOME_AWARENESS,2026-05-01,223563,157960,1.415314,306,0.136874,1.076965,1.474087,329.551225,233.0,0,1.414383,6.0,0,54.925204,0.0,0,0.0,0,0,0,0,0,0,0.0,0,0.0,0,0,0,12774.0,0,0.025799,48.0,0,0,12774.0,0,0.025799,0,0,0,0.0,0,0,0.0,0,0,,,,233.0,instagram,CS,5493.0,2710.0,1238.0,592.0
ALC - Super Games,120242125799840087,OUTCOME_AWARENESS,2026-05-01,47,46,1.021739,0,0.0,0.0,0.638281,0.029999,0.0,0,0.0,0.0,0,0.0,0.0,0,0.0,0,0,0,0,0,0,0.0,0,0.0,0,0,0,4.0,0,0.0075,0.0,0,0,4.0,0,0.0075,0,0,0,0.0,0,0,0.0,0,0,,,,0.0,threads,CS,1.0,,,
ALC - PROMO MAES 26,120243262160690087,OUTCOME_AWARENESS,2026-05-01,153303,118073,1.298375,164,0.106978,1.323963,1.416345,217.13,140.0,0,1.550929,78.0,0,2.783718,0.0,0,0.0,0,0,0,0,0,0,0.0,0,0.0,0,0,0,3690.0,0,0.058843,30.0,0,0,3690.0,0,0.058843,0,0,0,0.0,0,0,0.0,0,0,,,,140.0,instagram,CS,601.0,175.0,88.0,52.0
TRAF - PROMO MAES 26,120243262954300087,LINK_CLICKS,2026-05-01,23440,16556,1.415801,1305,5.567406,0.159264,8.866894,207.84,1271.0,0,0.163525,926.0,0,0.224449,19.0,0,10.938947,0,0,0,0,0,0,154.0,0,1.34961,0,0,0,8478.0,0,0.024515,187.0,0,0,8478.0,0,0.024515,0,0,0,19.0,0,0,263.0,0,0,,,,1271.0,instagram,CS,2149.0,1006.0,560.0,338.0
ALC - PRESENTES MAE,120243695350000087,OUTCOME_AWARENESS,2026-05-01,766,583,1.313894,0,0.0,0.0,1.331514,1.01994,0.0,0,0.0,0.0,0,0.0,0.0,0,0.0,0,0,0,0,0,0,0.0,0,0.0,0,0,0,0.0,0,0.0,0.0,0,0,0.0,0,0.0,0,0,0,0.0,0,0,0.0,0,0,,,,0.0,facebook,CS,,,,
ALC - PRESENTES MAE,120243695350000087,OUTCOME_AWARENESS,2026-05-01,131110,96310,1.361333,139,0.106018,1.206403,1.279003,167.69006,116.0,0,1.445604,0.0,0,0.0,0.0,0,0.0,0,0,0,0,0,0,0.0,0,0.0,0,0,0,135.0,0,1.242149,9.0,0,0,135.0,0,1.242149,0,0,0,0.0,0,0,0.0,0,0,,,,0.0,instagram,CS,9.0,6.0,4.0,3.0
ENG - ALBUM DE FIGURINHAS,120243696014400087,OUTCOME_ENGAGEMENT,2026-05-01,2146,1837,1.168209,65,3.028891,0.088154,2.670084,5.73,0.0,0,0.0,0.0,0,0.0,0.0,0,0.0,0,0,0,0,0,0,0.0,0,0.0,0,0,0,722.0,0,0.007936,10.0,0,0,722.0,0,0.007936,0,0,0,0.0,0,0,0.0,0,0,,,,0.0,facebook,CS,419.0,211.0,128.0,70.0
ENG - ALBUM DE FIGURINHAS,120243696014400087,OUTCOME_ENGAGEMENT,2026-05-01,6950,6154,1.129347,29,0.417266,0.658276,2.746763,19.09,0.0,0,0.0,0.0,0,0.0,0.0,0,0.0,0,0,0,0,0,0,0.0,0,0.0,0,0,0,2520.0,0,0.007575,65.0,0,0,2520.0,0,0.007575,0,0,0,0.0,0,0,0.0,0,0,,,,0.0,instagram,CS,1561.0,665.0,339.0,167.0
ALC - NATAL 25,120236680754500402,OUTCOME_AWARENESS,2025-11-08,224126,126798,1.767583,394,0.175794,0.841461,1.479237,331.535576,246.0,0,1.347706,48.0,0,6.906991,0.0,0,0.0,0,0,0,0,0,0,0.0,0,0.0,0,0,0,1462.0,0,0.226769,56.0,0,0,1462.0,0,0.226769,0,0,0,0.0,0,0,0.0,0,0,,,,246.0,facebook,BS,2647.0,780.0,388.0,219.0
ALC - NATAL 25,120236680754500402,OUTCOME_AWARENESS,2025-11-08,242354,111160,2.180227,301,0.124198,1.315264,1.633538,395.894424,246.0,0,1.609327,52.0,0,7.613354,0.0,0,0.0,0,0,0,0,0,0,0.0,0,0.0,0,0,0,2183.0,0,0.181353,22.0,0,0,2183.0,0,0.181353,0,0,0,0.0,0,0,0.0,0,0,,,,246.0,instagram,BS,8628.0,2577.0,1491.0,1095.0
Aventura Canina,120237077896970402,LINK_CLICKS,2025-11-08,8707,3467,2.511393,329,3.778569,0.537587,20.313091,176.866082,353.0,0,0.501037,237.0,0,0.74627,0.0,0,0.0,0,0,0,0,0,0,0.0,0,0.0,0,0,0,615.0,0,0.287587,0.0,0,0,615.0,0,0.287587,0,0,0,0.0,0,0,0.0,0,0,,,,353.0,audience_network,BS,278.0,270.0,246.0,216.0
Aventura Canina,120237077896970402,LINK_CLICKS,2025-11-08,97440,58424,1.667808,1458,1.496305,0.220074,3.292981,320.868027,1000.0,0,0.320868,393.0,0,0.816458,0.0,0,0.0,0,0,0,0,0,0,0.0,0,0.0,0,0,0,1842.0,0,0.174195,58.0,0,0,1845.0,0,0.173912,0,0,0,0.0,0,0,0.0,0,0,,,,1000.0,facebook,BS,2160.0,973.0,626.0,458.0
Aventura Canina,120237077896970402,LINK_CLICKS,2025-11-08,111858,52713,2.122019,1805,1.613653,0.278048,4.486723,501.875891,1585.0,0,0.316641,716.0,0,0.700944,0.0,0,0.0,0,0,0,0,0,0,0.0,0,0.0,0,0,0,2132.0,0,0.235401,78.0,0,0,2132.0,0,0.235401,0,0,0,0.0,0,0,0.0,0,0,,,,1585.0,instagram,BS,261.0,154.0,117.0,96.0
Aventura Canina,120237077896970402,LINK_CLICKS,2025-11-08,1,1,1.0,0,0.0,0.0,0.0,0.0,0.0,0,0.0,0.0,0,0.0,0.0,0,0.0,0,0,0,0,0,0,0.0,0,0.0,0,0,0,0.0,0,0.0,0.0,0,0,0.0,0,0.0,0,0,0,0.0,0,0,0.0,0,0,,,,0.0,messenger,BS,,,,
Reels Aventura Canina,120237269817780402,LINK_CLICKS,2025-11-08,15,15,1.0,0,0.0,0.0,6.669068,0.100036,0.0,0,0.0,0.0,0,0.0,0.0,0,0.0,0,0,0,0,0,0,0.0,0,0.0,0,0,0,11.0,0,0.009094,0.0,0,0,11.0,0,0.009094,0,0,0,0.0,0,0,0.0,0,0,,,,0.0,audience_network,BS,9.0,8.0,6.0,2.0
Reels Aventura Canina,120237269817780402,LINK_CLICKS,2025-11-08,238559,128505,1.856418,8486,3.557191,0.103179,3.670267,875.575207,4471.0,0,0.195834,1880.0,0,0.465731,0.0,0,0.0,0,0,0,0,0,0,0.0,0,0.0,0,0,0,49680.0,0,0.017624,449.0,0,0,49702.0,0,0.017617,0,0,0,0.0,0,0,0.0,0,0,,,,4466.0,facebook,BS,24327.0,11337.0,7271.0,5348.0
Reels Aventura Canina,120237269817780402,LINK_CLICKS,2025-11-08,24806,15736,1.576385,765,3.083931,0.162516,5.011882,124.324757,638.0,0,0.194866,495.0,0,0.251161,0.0,0,0.0,0,0,0,0,0,0,0.0,0,0.0,0,0,0,5487.0,0,0.022658,85.0,0,0,5487.0,0,0.022658,0,0,0,0.0,0,0,0.0,0,0,,,,638.0,instagram,BS,2969.0,2005.0,1280.0,922.0
TRAF - NATAL 25 - CLIQUES,120237281768620402,LINK_CLICKS,2025-11-08,93529,48991,1.909106,1576,1.685039,0.240089,4.04559,378.38,1424.0,0,0.265716,1103.0,0,0.343046,0.0,0,0.0,0,0,0,0,0,0,0.0,0,0.0,0,0,0,2316.0,0,0.163377,150.0,0,0,2316.0,0,0.163377,0,0,0,0.0,0,0,0.0,0,0,,,,1424.0,instagram,BS,401.0,205.0,114.0,77.0
Video Campanha Jeep,120237337357090402,LINK_CLICKS,2025-11-08,3,2,1.5,0,0.0,0.0,6.667281,0.020002,0.0,0,0.0,0.0,0,0.0,0.0,0,0.0,0,0,0,0,0,0,0.0,0,0.0,0,0,0,1.0,0,0.020002,0.0,0,0,1.0,0,0.020002,0,0,0,0.0,0,0,0.0,0,0,,,,0.0,audience_network,BS,1.0,1.0,1.0,
Video Campanha Jeep,120237337357090402,LINK_CLICKS,2025-11-08,66541,48468,1.372885,2157,3.24161,0.194612,6.308572,419.778704,1466.0,0,0.286343,531.0,0,0.790544,0.0,0,0.0,0,0,0,0,0,0,0.0,0,0.0,0,0,0,13090.0,0,0.032069,129.0,0,0,13092.0,0,0.032064,0,0,0,0.0,0,0,0.0,0,0,,,,1464.0,facebook,BS,4726.0,2204.0,1164.0,568.0
Video Campanha Jeep,120237337357090402,LINK_CLICKS,2025-11-08,1311,759,1.727273,45,3.432494,0.311807,10.702741,14.031294,18.0,0,0.779516,33.0,0,0.425191,0.0,0,0.0,0,0,0,0,0,0,0.0,0,0.0,0,0,0,198.0,0,0.070865,5.0,0,0,198.0,0,0.070865,0,0,0,0.0,0,0,0.0,0,0,,,,18.0,instagram,BS,59.0,29.0,19.0,11.0
Video Campanha Jeep,120237337357090402,LINK_CLICKS,2025-11-08,1,1,1.0,0,0.0,0.0,0.0,0.0,0.0,0,0.0,0.0,0,0.0,0.0,0,0.0,0,0,0,0,0,0,0.0,0,0.0,0,0,0,0.0,0,0.0,0.0,0,0,0.0,0,0.0,0,0,0,0.0,0,0,0.0,0,0,,,,0.0,messenger,BS,,,,
Sessão especial Wicked,120237355221110402,LINK_CLICKS,2025-11-08,952,497,1.915493,85,8.928571,0.541108,48.313225,45.994191,89.0,0,0.516789,20.0,0,2.29971,0.0,0,0.0,0,0,0,0,0,0,0.0,0,0.0,0,0,0,89.0,0,0.516789,0.0,0,0,89.0,0,0.516789,0,0,0,0.0,0,0,0.0,0,0,,,,89.0,audience_network,BS,,,,
Sessão especial Wicked,120237355221110402,LINK_CLICKS,2025-11-08,35755,22267,1.605739,715,1.99972,0.271754,5.434329,194.304439,473.0,0,0.410792,354.0,0,0.548883,0.0,0,0.0,0,0,0,0,0,0,0.0,0,0.0,0,0,0,530.0,0,0.366612,32.0,0,0,532.0,0,0.365234,0,0,0,0.0,0,0,0.0,0,0,,,,473.0,facebook,BS,40.0,17.0,10.0,10.0
Sessão especial Wicked,120237355221110402,LINK_CLICKS,2025-11-08,29824,21553,1.383752,288,0.965665,0.380074,3.670244,109.46137,252.0,0,0.434371,194.0,0,0.564234,0.0,0,0.0,0,0,0,0,0,0,0.0,0,0.0,0,0,0,382.0,0,0.286548,44.0,0,0,382.0,0,0.286548,0,0,0,0.0,0,0,0.0,0,0,,,,252.0,instagram,BS,112.0,53.0,37.0,28.0
Vilão Favorito,120237719928760402,LINK_CLICKS,2025-11-08,24843,6799,3.65392,286,1.15123,0.456631,5.256874,130.59653,310.0,0,0.421279,130.0,0,1.004589,0.0,0,0.0,0,0,0,0,0,0,0.0,0,0.0,0,0,0,368.0,0,0.354882,0.0,0,0,368.0,0,0.354882,0,0,0,0.0,0,0,0.0,0,0,,,,310.0,audience_network,BS,56.0,57.0,55.0,55.0
Vilão Favorito,120237719928760402,LINK_CLICKS,2025-11-08,158862,81212,1.956139,2335,1.469829,0.261666,3.846046,610.99055,1740.0,0,0.351144,479.0,0,1.275554,0.0,0,0.0,0,0,0,0,0,0,0.0,0,0.0,0,0,0,2333.0,0,0.261891,111.0,0,0,2338.0,0,0.26133,0,0,0,0.0,0,0,0.0,0,0,,,,1740.0,facebook,BS,1079.0,513.0,342.0,271.0
Vilão Favorito,120237719928760402,LINK_CLICKS,2025-11-08,54472,31630,1.722163,757,1.389705,0.341351,4.743775,258.40292,678.0,0,0.381125,211.0,0,1.224658,0.0,0,0.0,0,0,0,0,0,0,0.0,0,0.0,0,0,0,864.0,0,0.299077,62.0,0,0,864.0,0,0.299077,0,0,0,0.0,0,0,0.0,0,0,,,,678.0,instagram,BS,73.0,40.0,33.0,26.0
Vilão Favorito,120237719928760402,LINK_CLICKS,2025-11-08,5,5,1.0,0,0.0,0.0,2.0001,0.010001,0.0,0,0.0,0.0,0,0.0,0.0,0,0.0,0,0,0,0,0,0,0.0,0,0.0,0,0,0,0.0,0,0.0,0.0,0,0,0.0,0,0.0,0,0,0,0.0,0,0,0.0,0,0,,,,0.0,messenger,BS,,,,
ALC - NATAL 25,120236680754500402,OUTCOME_AWARENESS,2025-12-01,797576,340606,2.341638,1868,0.23421,0.531653,1.245184,993.128631,894.0,0,1.110882,148.0,0,6.710329,0.0,0,0.0,0,0,0,0,0,0,0.0,0,0.0,0,0,0,16382.0,0,0.060623,208.0,0,0,16386.0,0,0.060608,0,0,0,0.0,0,0,0.0,0,0,,,,894.0,facebook,BS,8656.0,2839.0,1425.0,889.0
ALC - NATAL 25,120236680754500402,OUTCOME_AWARENESS,2025-12-01,533412,217207,2.455777,693,0.129918,1.00612,1.307135,697.241369,562.0,0,1.240643,45.0,0,15.494253,0.0,0,0.0,0,0,0,0,0,0,0.0,0,0.0,0,0,0,4536.0,0,0.153713,66.0,0,0,4536.0,0,0.153713,0,0,0,0.0,0,0,0.0,0,0,,,,529.0,instagram,BS,4354.0,1697.0,757.0,517.0
TRAF - NATAL 25 - CLIQUES,120237281768620402,LINK_CLICKS,2025-12-01,518248,183794,2.819722,9298,1.794122,0.200426,3.595885,1863.56,8399.0,0,0.221879,3518.0,0,0.529721,0.0,0,0.0,0,0,0,0,0,0,0.0,0,0.0,0,0,0,20770.0,0,0.089724,763.0,0,0,20770.0,0,0.089724,0,0,0,0.0,0,0,0.0,0,0,,,,8394.0,instagram,BS,5318.0,2548.0,1625.0,1045.0
Video Campanha Jeep,120237337357090402,LINK_CLICKS,2025-12-01,783,769,1.018205,41,5.236271,0.26439,13.844189,10.84,26.0,0,0.416923,16.0,0,0.6775,0.0,0,0.0,0,0,0,0,0,0,0.0,0,0.0,0,0,0,259.0,0,0.041853,5.0,0,0,259.0,0,0.041853,0,0,0,0.0,0,0,0.0,0,0,,,,26.0,facebook,BS,102.0,53.0,34.0,20.0
Video Campanha Jeep,120237337357090402,LINK_CLICKS,2025-12-01,35,33,1.060606,1,2.857143,0.34,9.714286,0.34,1.0,0,0.34,1.0,0,0.34,0.0,0,0.0,0,0,0,0,0,0,0.0,0,0.0,0,0,0,8.0,0,0.0425,0.0,0,0,8.0,0,0.0425,0,0,0,0.0,0,0,0.0,0,0,,,,1.0,instagram,BS,1.0,1.0,1.0,1.0
ALC - Pet Day,120238799202670402,OUTCOME_AWARENESS,2025-12-01,272528,208250,1.308658,299,0.109714,1.672241,1.834674,500.0,238.0,0,2.10084,0.0,0,0.0,0.0,0,0.0,0,0,0,0,0,0,0.0,0,0.0,0,0,0,465.0,0,1.075269,11.0,0,0,465.0,0,1.075269,0,0,0,0.0,0,0,0.0,0,0,,,,1.0,instagram,BS,327.0,159.0,96.0,64.0
ALC - Encontro com personagens,120238799625500402,OUTCOME_AWARENESS,2025-12-01,279027,192533,1.449242,368,0.131887,1.358696,1.791941,500.0,299.0,0,1.672241,0.0,0,0.0,0.0,0,0.0,0,0,0,0,0,0,0.0,0,0.0,0,0,0,395.0,0,1.265823,17.0,0,0,395.0,0,1.265823,0,0,0,0.0,0,0,0.0,0,0,,,,0.0,instagram,BS,207.0,81.0,61.0,41.0
ENG - PANETONE,120238800303500402,OUTCOME_ENGAGEMENT,2025-12-01,50871,31980,1.590713,141,0.277172,1.772837,4.913802,249.97,82.0,0,3.048415,0.0,0,0.0,0.0,0,0.0,0,0,0,0,0,0,0.0,0,0.0,0,0,0,19024.0,0,0.01314,88.0,0,0,19024.0,0,0.01314,0,0,0,0.0,0,0,0.0,0,0,,,,37.0,instagram,BS,14202.0,7402.0,5742.0,2603.0
ALC - NATAL 25,120236680754500402,OUTCOME_AWARENESS,2026-01-01,365165,227099,1.607955,654,0.179097,0.435329,0.779662,284.705296,299.0,0,0.952192,56.0,0,5.084023,0.0,0,0.0,0,0,0,0,0,0,0.0,0,0.0,0,0,0,10413.0,0,0.027341,102.0,0,0,10413.0,0,0.027341,0,0,0,0.0,0,0,0.0,0,0,,,,299.0,facebook,BS,8915.0,2880.0,1415.0,872.0
ALC - NATAL 25,120236680754500402,OUTCOME_AWARENESS,2026-01-01,354817,232566,1.525662,347,0.097797,0.788746,0.771369,273.694704,244.0,0,1.1217,24.0,0,11.403946,0.0,0,0.0,0,0,0,0,0,0,0.0,0,0.0,0,0,0,5319.0,0,0.051456,51.0,0,0,5319.0,0,0.051456,0,0,0,0.0,0,0,0.0,0,0,,,,204.0,instagram,BS,3946.0,1794.0,778.0,554.0
TRAF - NATAL 25 - CLIQUES,120237281768620402,LINK_CLICKS,2026-01-01,177147,99153,1.786603,4227,2.386154,0.122964,2.934117,519.77,3742.0,0,0.138902,1520.0,0,0.341954,0.0,0,0.0,0,0,0,0,0,0,0.0,0,0.0,0,0,0,15815.0,0,0.032866,262.0,0,0,15815.0,0,0.032866,0,0,0,0.0,0,0,0.0,0,0,,,,3741.0,instagram,BS,5210.0,2440.0,1486.0,948.0
ALC - Capivalley - CS,120239928434450402,OUTCOME_AWARENESS,2026-01-01,84150,59402,1.416619,147,0.174688,0.550408,0.961497,80.91,85.0,0,0.951882,0.0,0,0.0,0.0,0,0.0,0,0,0,0,0,0,0.0,0,0.0,0,0,0,101.0,0,0.801089,16.0,0,0,101.0,0,0.801089,0,0,0,0.0,0,0,0.0,0,0,,,,85.0,facebook,BS,,,,
ALC - LIQUIDA 25,120239970790610402,OUTCOME_AWARENESS,2026-01-01,1531602,819344,1.869303,1438,0.093889,2.08621,1.958714,2999.97,1064.0,0,2.819521,538.0,0,5.576152,0.0,0,0.0,0,0,0,0,0,0,0.0,0,0.0,0,0,0,38740.0,0,0.077439,150.0,0,0,38740.0,0,0.077439,0,0,0,0.0,0,0,0.0,0,0,,,,1048.0,instagram,BS,28901.0,12514.0,7651.0,5588.0
ALC - LIQUIDA 25,120239970790610402,OUTCOME_AWARENESS,2026-01-01,0,0,0.0,0,0.0,0.0,0.0,0.0,0.0,0,0.0,3.0,0,0.0,0.0,0,0.0,0,0,0,0,0,0,0.0,0,0.0,0,0,0,0.0,0,0.0,0.0,0,0,0.0,0,0.0,0,0,0,0.0,0,0,0.0,0,0,,,,0.0,unknown,BS,,,,
ALC - VOLTA AS AULAS,120240233245310402,OUTCOME_AWARENESS,2026-01-01,2268,2144,1.057836,0,0.0,0.0,0.934744,2.12,0.0,0,0.0,0.0,0,0.0,0.0,0,0.0,0,0,0,0,0,0,0.0,0,0.0,0,0,0,0.0,0,0.0,0.0,0,0,0.0,0,0.0,0,0,0,0.0,0,0,0.0,0,0,,,,0.0,facebook,BS,,,,
ALC - VOLTA AS AULAS,120240233245310402,OUTCOME_AWARENESS,2026-01-01,486986,281815,1.728034,455,0.093432,1.199604,1.120813,545.82,324.0,0,1.68463,0.0,0,0.0,0.0,0,0.0,0,0,0,0,0,0,0.0,0,0.0,0,0,0,14284.0,0,0.038212,57.0,0,0,14284.0,0,0.038212,0,0,0,0.0,0,0,0.0,0,0,,,,0.0,instagram,BS,3211.0,633.0,343.0,226.0
ALC - SUMMER,120240233387880402,OUTCOME_AWARENESS,2026-01-01,21494,20032,1.072983,15,0.069787,1.604667,1.119847,24.07,4.0,0,6.0175,0.0,0,0.0,0.0,0,0.0,0,0,0,0,0,0,0.0,0,0.0,0,0,0,57.0,0,0.422281,2.0,0,0,57.0,0,0.422281,0,0,0,0.0,0,0,0.0,0,0,,,,0.0,facebook,BS,298.0,65.0,38.0,20.0
ALC - SUMMER,120240233387880402,OUTCOME_AWARENESS,2026-01-01,647906,277205,2.337281,137,0.021145,5.658321,1.196454,775.19,3.0,0,258.396667,0.0,0,0.0,0.0,0,0.0,0,0,0,0,0,0,0.0,0,0.0,0,0,0,4448.0,0,0.174278,52.0,0,0,4448.0,0,0.174278,0,0,0,0.0,0,0,0.0,0,0,,,,1.0,instagram,BS,18824.0,5640.0,3272.0,2336.0
ALC - VOLTA AS AULAS,120240233245310402,OUTCOME_AWARENESS,2026-02-01,61999,56202,1.103146,16,0.025807,2.765625,0.713721,44.25,1.0,0,44.25,0.0,0,0.0,0.0,0,0.0,0,0,0,0,0,0,0.0,0,0.0,0,0,0,8.0,0,5.53125,7.0,0,0,8.0,0,5.53125,0,0,0,0.0,0,0,0.0,0,0,,,,0.0,facebook,BS,,,,
ALC - VOLTA AS AULAS,120240233245310402,OUTCOME_AWARENESS,2026-02-01,117723,97190,1.211267,114,0.096837,1.029035,0.996492,117.31,94.0,0,1.247979,0.0,0,0.0,0.0,0,0.0,0,0,0,0,0,0,0.0,0,0.0,0,0,0,977.0,0,0.120072,11.0,0,0,977.0,0,0.120072,0,0,0,0.0,0,0,0.0,0,0,,,,19.0,instagram,BS,203.0,36.0,20.0,17.0
ALC - SUMMER,120240233387880402,OUTCOME_AWARENESS,2026-02-01,97442,78022,1.248904,76,0.077995,1.333553,1.040106,101.35,14.0,0,7.239286,0.0,0,0.0,0.0,0,0.0,0,0,0,0,0,0,0.0,0,0.0,0,0,0,277.0,0,0.365884,24.0,0,0,277.0,0,0.365884,0,0,0,0.0,0,0,0.0,0,0,,,,0.0,facebook,BS,1006.0,309.0,155.0,88.0
ALC - SUMMER,120240233387880402,OUTCOME_AWARENESS,2026-02-01,127013,103124,1.231653,40,0.031493,3.3825,1.065245,135.3,0.0,0,0.0,1.0,0,135.3,0.0,0,0.0,0,0,0,0,0,0,0.0,0,0.0,0,0,0,1630.0,0,0.083006,29.0,0,0,1630.0,0,0.083006,0,0,0,0.0,0,0,0.0,0,0,,,,0.0,instagram,BS,12316.0,2074.0,1204.0,845.0
ALC - Semana do Cinema - BS JAN 25,120241101673890402,OUTCOME_AWARENESS,2026-02-01,122996,100266,1.226697,229,0.186185,0.667074,1.241992,152.76,177.0,0,0.863051,113.0,0,1.351858,0.0,0,0.0,0,0,0,0,0,0,0.0,0,0.0,0,0,0,192.0,0,0.795625,8.0,0,0,192.0,0,0.795625,0,0,0,0.0,0,0,0.0,0,0,,,,177.0,instagram,BS,,,,
ALC - Semana do Cinema - BS JAN 25,120241101673890402,OUTCOME_AWARENESS,2026-02-01,1,1,1.0,0,0.0,0.0,10.0,0.01,0.0,0,0.0,0.0,0,0.0,0.0,0,0.0,0,0,0,0,0,0,0.0,0,0.0,0,0,0,0.0,0,0.0,0.0,0,0,0.0,0,0.0,0,0,0,0.0,0,0,0.0,0,0,,,,0.0,unknown,BS,,,,
ALC - Inauguração - Shantal,120241101729600402,OUTCOME_AWARENESS,2026-02-01,57309,48476,1.182214,67,0.11691,1.048657,1.225985,70.26,53.0,0,1.32566,0.0,0,0.0,0.0,0,0.0,0,0,0,0,0,0,0.0,0,0.0,0,0,0,283.0,0,0.248269,4.0,0,0,283.0,0,0.248269,0,0,0,0.0,0,0,0.0,0,0,,,,0.0,instagram,BS,147.0,60.0,27.0,17.0
ALC - Arena Summer Vibes Sephora,120241133287260402,OUTCOME_AWARENESS,2026-02-01,99074,92100,1.075722,356,0.359327,0.426826,1.533702,151.95,23.0,0,6.606522,0.0,0,0.0,0.0,0,0.0,0,0,0,0,0,0,0.0,0,0.0,0,0,0,13352.0,0,0.01138,30.0,0,0,13352.0,0,0.01138,0,0,0,0.0,0,0,0.0,0,0,,,,0.0,facebook,BS,1937.0,637.0,280.0,163.0
ALC - Arena Summer Vibes Sephora,120241133287260402,OUTCOME_AWARENESS,2026-02-01,479487,368362,1.301673,815,0.169973,0.900331,1.530323,733.77,558.0,0,1.315,0.0,0,0.0,0.0,0,0.0,0,0,0,0,0,0,0.0,0,0.0,0,0,0,41882.0,0,0.01752,142.0,0,0,41882.0,0,0.01752,0,0,0,0.0,0,0,0.0,0,0,,,,139.0,instagram,BS,15556.0,6702.0,2561.0,1841.0
ALC - VOLTA AS AULAS,120240233245310402,OUTCOME_AWARENESS,2026-02-06,28816,27150,1.061363,5,0.017351,5.174,0.897765,25.87,0.0,0,0.0,0.0,0,0.0,0.0,0,0.0,0,0,0,0,0,0,0.0,0,0.0,0,0,0,0.0,0,0.0,0.0,0,0,0.0,0,0.0,0,0,0,0.0,0,0,0.0,0,0,,,,0.0,facebook,BS,,,,
ALC - VOLTA AS AULAS,120240233245310402,OUTCOME_AWARENESS,2026-02-06,153864,122070,1.260457,152,0.098789,1.124211,1.110591,170.88,111.0,0,1.539459,0.0,0,0.0,0.0,0,0.0,0,0,0,0,0,0,0.0,0,0.0,0,0,0,3636.0,0,0.046997,13.0,0,0,3636.0,0,0.046997,0,0,0,0.0,0,0,0.0,0,0,,,,8.0,instagram,BS,859.0,174.0,65.0,39.0
ALC - SUMMER,120240233387880402,OUTCOME_AWARENESS,2026-02-06,319464,194926,1.638899,221,0.069178,1.570905,1.086727,347.17,44.0,0,7.890227,0.0,0,0.0,0.0,0,0.0,0,0,0,0,0,0,0.0,0,0.0,0,0,0,1298.0,0,0.267465,55.0,0,0,1298.0,0,0.267465,0,0,0,0.0,0,0,0.0,0,0,,,,1.0,facebook,BS,5739.0,1693.0,809.0,507.0
ALC - SUMMER,120240233387880402,OUTCOME_AWARENESS,2026-02-06,427191,213852,1.997601,96,0.022472,5.019896,1.12809,481.91,4.0,0,120.4775,0.0,0,0.0,0.0,0,0.0,0,0,0,0,0,0,0.0,0,0.0,0,0,0,5645.0,0,0.085369,54.0,0,0,5645.0,0,0.085369,0,0,0,0.0,0,0,0.0,0,0,,,,2.0,instagram,BS,34394.0,7354.0,4149.0,2923.0
ALC - Semana do Cinema - BS JAN 25,120241101673890402,OUTCOME_AWARENESS,2026-02-06,139833,94981,1.472221,89,0.063647,1.848261,1.176369,164.49526,3.0,0,54.831753,0.0,0,0.0,0.0,0,0.0,0,0,0,0,0,0,0.0,0,0.0,0,0,0,27.0,0,6.092417,24.0,0,0,27.0,0,6.092417,0,0,0,0.0,0,0,0.0,0,0,,,,0.0,facebook,BS,,,,
ALC - Semana do Cinema - BS JAN 25,120241101673890402,OUTCOME_AWARENESS,2026-02-06,147529,121029,1.218956,219,0.148445,0.833355,1.237077,182.504741,167.0,0,1.092843,3.0,0,60.834914,0.0,0,0.0,0,0,0,0,0,0,0.0,0,0.0,0,0,0,180.0,0,1.013915,8.0,0,0,180.0,0,1.013915,0,0,0,0.0,0,0,0.0,0,0,,,,59.0,instagram,BS,,,,
ALC - Inauguração - Shantal,120241101729600402,OUTCOME_AWARENESS,2026-02-06,188742,81017,2.329659,154,0.081593,1.434286,1.170275,220.88,12.0,0,18.406667,0.0,0,0.0,0.0,0,0.0,0,0,0,0,0,0,0.0,0,0.0,0,0,0,97.0,0,2.277113,70.0,0,0,97.0,0,2.277113,0,0,0,0.0,0,0,0.0,0,0,,,,0.0,facebook,BS,12.0,7.0,4.0,3.0
ALC - Inauguração - Shantal,120241101729600402,OUTCOME_AWARENESS,2026-02-06,147547,85380,1.728121,166,0.112507,1.04012,1.170203,172.66,112.0,0,1.541607,0.0,0,0.0,0.0,0,0.0,0,0,0,0,0,0,0.0,0,0.0,0,0,0,775.0,0,0.222787,6.0,0,0,775.0,0,0.222787,0,0,0,0.0,0,0,0.0,0,0,,,,32.0,instagram,BS,368.0,156.0,66.0,48.0
ALC - Arena Summer Vibes Sephora,120241133287260402,OUTCOME_AWARENESS,2026-02-06,332250,279133,1.190293,778,0.234161,0.668168,1.564589,519.834665,504.0,0,1.031418,179.0,0,2.904104,0.0,0,0.0,0,0,0,0,0,0,0.0,0,0.0,0,0,0,3786.0,0,0.137304,63.0,0,0,3786.0,0,0.137304,0,0,0,0.0,0,0,0.0,0,0,,,,503.0,facebook,BS,402.0,113.0,58.0,35.0
ALC - Arena Summer Vibes Sephora,120241133287260402,OUTCOME_AWARENESS,2026-02-06,372382,341783,1.089528,702,0.188516,0.846788,1.596332,594.445335,516.0,0,1.152026,249.0,0,2.387331,0.0,0,0.0,0,0,0,0,0,0,0.0,0,0.0,0,0,0,32725.0,0,0.018165,147.0,0,0,32667.0,0,0.018197,0,0,0,0.0,0,0,0.0,0,0,,,,472.0,instagram,BS,4995.0,1940.0,1098.0,552.0
ALC - Arena Summer Vibes Sephora,120241133287260402,OUTCOME_AWARENESS,2026-02-06,0,0,0.0,0,0.0,0.0,0.0,0.0,0.0,0,0.0,1.0,0,0.0,0.0,0,0.0,0,0,0,0,0,0,0.0,0,0.0,0,0,0,0.0,0,0.0,0.0,0,0,0.0,0,0.0,0,0,0,0.0,0,0,0.0,0,0,,,,0.0,unknown,BS,,,,
TRAF - ARENA SUMMER VIBES SEPHORA,120241256148390402,LINK_CLICKS,2026-02-06,166323,74093,2.244787,154,0.092591,0.73013,0.676034,112.44,145.0,0,0.775448,27.0,0,4.164444,0.0,0,0.0,0,0,0,0,0,0,0.0,0,0.0,0,0,0,215.0,0,0.522977,2.0,0,0,215.0,0,0.522977,0,0,0,0.0,0,0,0.0,0,0,,,,145.0,facebook,BS,61.0,14.0,5.0,2.0
TRAF - ARENA SUMMER VIBES SEPHORA,120241256148390402,LINK_CLICKS,2026-02-06,812599,577425,1.407281,985,0.121216,0.900883,1.092015,887.37,810.0,0,1.095519,382.0,0,2.322958,0.0,0,0.0,0,0,0,0,0,0,0.0,0,0.0,0,0,0,7318.0,0,0.121259,10.0,0,0,7318.0,0,0.121259,0,0,0,0.0,0,0,0.0,0,0,,,,809.0,instagram,BS,7409.0,3568.0,2328.0,1823.0
TRAF - ARENA SUMMER VIBES SEPHORA,120241256148390402,LINK_CLICKS,2026-02-06,266,266,1.0,0,0.0,0.0,0.714286,0.19,0.0,0,0.0,0.0,0,0.0,0.0,0,0.0,0,0,0,0,0,0,0.0,0,0.0,0,0,0,0.0,0,0.0,0.0,0,0,0.0,0,0.0,0,0,0,0.0,0,0,0.0,0,0,,,,0.0,messenger,BS,1.0,,,
ALC - Carnaval Kids,120241264649820402,OUTCOME_AWARENESS,2026-02-06,545600,334119,1.632951,656,0.120235,1.005737,1.209244,659.763299,431.0,0,1.530773,130.0,0,5.075102,0.0,0,0.0,0,0,0,0,0,0,0.0,0,0.0,0,0,0,501.0,0,1.316893,68.0,0,0,501.0,0,1.316893,0,0,0,0.0,0,0,0.0,0,0,,,,421.0,facebook,BS,,,,
ALC - Carnaval Kids,120241264649820402,OUTCOME_AWARENESS,2026-02-06,1037783,574849,1.805314,1295,0.124785,1.034785,1.291259,1340.0467,1086.0,0,1.233929,553.0,0,2.423231,0.0,0,0.0,0,0,0,0,0,0,0.0,0,0.0,0,0,0,1136.0,0,1.179619,44.0,0,0,1136.0,0,1.179619,0,0,0,0.0,0,0,0.0,0,0,,,,1023.0,instagram,BS,,,,
ALC - Carnaval Kids,120241264649820402,OUTCOME_AWARENESS,2026-02-06,104,93,1.11828,0,0.0,0.0,1.826932,0.190001,0.0,0,0.0,0.0,0,0.0,0.0,0,0.0,0,0,0,0,0,0,0.0,0,0.0,0,0,0,0.0,0,0.0,0.0,0,0,0.0,0,0.0,0,0,0,0.0,0,0,0.0,0,0,,,,0.0,threads,BS,,,,
TRAF - Carnaval,120241501677080402,LINK_CLICKS,2026-02-06,248,132,1.878788,30,12.096774,0.308009,37.259182,9.240277,34.0,0,0.271773,16.0,0,0.577517,0.0,0,0.0,0,0,0,0,0,0,0.0,0,0.0,0,0,0,34.0,0,0.271773,0.0,0,0,34.0,0,0.271773,0,0,0,0.0,0,0,0.0,0,0,,,,34.0,audience_network,BS,,,,
TRAF - Carnaval,120241501677080402,LINK_CLICKS,2026-02-06,58152,35517,1.6373,1135,1.951782,0.205751,4.015804,233.527006,934.0,0,0.250029,535.0,0,0.436499,0.0,0,0.0,0,0,0,0,0,0,0.0,0,0.0,0,0,0,971.0,0,0.240502,36.0,0,0,974.0,0,0.239761,0,0,0,0.0,0,0,0.0,0,0,,,,932.0,facebook,BS,,,,
TRAF - Carnaval,120241501677080402,LINK_CLICKS,2026-02-06,229331,92900,2.468579,2673,1.165564,0.282534,3.293112,755.212656,2372.0,0,0.318386,965.0,0,0.782604,0.0,0,0.0,0,0,0,0,0,0,0.0,0,0.0,0,0,0,2475.0,0,0.305136,83.0,0,0,2475.0,0,0.305136,0,0,0,0.0,0,0,0.0,0,0,,,,1238.0,instagram,BS,,,,
TRAF - Carnaval,120241501677080402,LINK_CLICKS,2026-02-06,393,369,1.065041,1,0.254453,2.020061,5.140103,2.020061,1.0,0,2.020061,1.0,0,2.020061,0.0,0,0.0,0,0,0,0,0,0,0.0,0,0.0,0,0,0,1.0,0,2.020061,0.0,0,0,1.0,0,2.020061,0,0,0,0.0,0,0,0.0,0,0,,,,1.0,threads,BS,,,,
ALC - Ghibli Fest,120242067064510402,OUTCOME_AWARENESS,2026-02-06,34506,28228,1.222403,46,0.13331,0.873913,1.165015,40.2,0.0,0,0.0,0.0,0,0.0,0.0,0,0.0,0,0,0,0,0,0,0.0,0,0.0,0,0,0,9.0,0,4.466667,9.0,0,0,9.0,0,4.466667,0,0,0,0.0,0,0,0.0,0,0,,,,0.0,facebook,BS,,,,
ALC - Ghibli Fest,120242067064510402,OUTCOME_AWARENESS,2026-02-06,77501,57630,1.344803,90,0.116128,1.013,1.176372,91.17,75.0,0,1.2156,12.0,0,7.5975,0.0,0,0.0,0,0,0,0,0,0,0.0,0,0.0,0,0,0,101.0,0,0.902673,17.0,0,0,101.0,0,0.902673,0,0,0,0.0,0,0,0.0,0,0,,,,48.0,instagram,BS,,,,
ALC - Moda Feminina | Verão - AON,120242067169520402,OUTCOME_AWARENESS,2026-02-06,29734,23390,1.271227,17,0.057174,2.03,1.160624,34.51,0.0,0,0.0,0.0,0,0.0,0.0,0,0.0,0,0,0,0,0,0,0.0,0,0.0,0,0,0,7.0,0,4.93,7.0,0,0,7.0,0,4.93,0,0,0,0.0,0,0,0.0,0,0,,,,0.0,facebook,BS,,,,
ALC - Moda Feminina | Verão - AON,120242067169520402,OUTCOME_AWARENESS,2026-02-06,101413,73889,1.372505,72,0.070997,1.709861,1.213947,123.11,55.0,0,2.238364,0.0,0,0.0,0.0,0,0.0,0,0,0,0,0,0,0.0,0,0.0,0,0,0,225.0,0,0.547156,10.0,0,0,225.0,0,0.547156,0,0,0,0.0,0,0,0.0,0,0,,,,8.0,instagram,BS,36.0,9.0,3.0,3.0
ALC - Moda Masculina - AON,120242067335900402,OUTCOME_AWARENESS,2026-02-06,1216,1152,1.055556,0,0.0,0.0,1.192343,1.449889,0.0,0,0.0,0.0,0,0.0,0.0,0,0.0,0,0,0,0,0,0,0.0,0,0.0,0,0,0,0.0,0,0.0,0.0,0,0,0.0,0,0.0,0,0,0,0.0,0,0,0.0,0,0,,,,0.0,facebook,BS,,,,
ALC - Moda Masculina - AON,120242067335900402,OUTCOME_AWARENESS,2026-02-06,103837,74606,1.391805,83,0.079933,1.561447,1.248111,129.600111,58.0,0,2.234485,0.0,0,0.0,0.0,0,0.0,0,0,0,0,0,0,0.0,0,0.0,0,0,0,3124.0,0,0.041485,10.0,0,0,3124.0,0,0.041485,0,0,0,0.0,0,0,0.0,0,0,,,,0.0,instagram,BS,732.0,140.0,45.0,24.0
ALC - Moda Masculina - AON,120242067335900402,OUTCOME_AWARENESS,2026-02-06,1,1,1.0,0,0.0,0.0,0.0,0.0,0.0,0,0.0,0.0,0,0.0,0.0,0,0.0,0,0,0,0,0,0,0.0,0,0.0,0,0,0,0.0,0,0.0,0.0,0,0,0.0,0,0.0,0,0,0,0.0,0,0,0.0,0,0,,,,0.0,unknown,BS,,,,
ALC - Lojas Corredor Zara,120242067408940402,OUTCOME_AWARENESS,2026-02-06,1306,1275,1.024314,1,0.07657,1.40991,1.079564,1.40991,0.0,0,0.0,0.0,0,0.0,0.0,0,0.0,0,0,0,0,0,0,0.0,0,0.0,0,0,0,1.0,0,1.40991,1.0,0,0,1.0,0,1.40991,0,0,0,0.0,0,0,0.0,0,0,,,,0.0,facebook,BS,,,,
ALC - Lojas Corredor Zara,120242067408940402,OUTCOME_AWARENESS,2026-02-06,131873,68100,1.936461,133,0.100855,1.170753,1.180758,155.71009,98.0,0,1.588878,2.0,0,77.855045,0.0,0,0.0,0,0,0,0,0,0,0.0,0,0.0,0,0,0,7156.0,0,0.021759,18.0,0,0,7156.0,0,0.021759,0,0,0,0.0,0,0,0.0,0,0,,,,0.0,instagram,BS,1598.0,674.0,268.0,140.0
ALC - Ghibli Fest,120242067064510402,OUTCOME_AWARENESS,2026-03-01,22573,20479,1.102251,18,0.079741,1.152778,0.91924,20.75,0.0,0,0.0,0.0,0,0.0,0.0,0,0.0,0,0,0,0,0,0,0.0,0,0.0,0,0,0,4.0,0,5.1875,4.0,0,0,4.0,0,5.1875,0,0,0,0.0,0,0,0.0,0,0,,,,0.0,facebook,BS,,,,
ALC - Ghibli Fest,120242067064510402,OUTCOME_AWARENESS,2026-03-01,39420,37471,1.052014,43,0.109082,0.916047,0.999239,39.39,32.0,0,1.230938,0.0,0,0.0,1.0,0,39.39,0,0,0,0,0,0,1.0,0,39.39,0,0,0,39.0,0,1.01,7.0,0,0,39.0,0,1.01,0,0,0,1.0,0,0,15.0,0,0,,,,8.0,instagram,BS,,,,
ALC - Moda Feminina | Verão - AON,120242067169520402,OUTCOME_AWARENESS,2026-03-01,162890,107944,1.509023,87,0.05341,1.960124,1.046908,170.530786,2.0,0,85.265393,0.0,0,0.0,0.0,0,0.0,0,0,0,0,0,0,1.0,0,170.530786,0,0,0,25.0,0,6.821231,23.0,0,0,25.0,0,6.821231,0,0,0,0.0,0,0,1.0,0,0,,,,0.0,facebook,BS,,,,
ALC - Moda Feminina | Verão - AON,120242067169520402,OUTCOME_AWARENESS,2026-03-01,463714,194876,2.379534,406,0.087554,1.328816,1.163431,539.499214,306.0,0,1.763069,0.0,0,0.0,0.0,0,0.0,0,0,0,0,0,0,0.0,0,0.0,0,0,0,2676.0,0,0.201607,39.0,0,0,2676.0,0,0.201607,0,0,0,0.0,0,0,3.0,0,0,,,,83.0,instagram,BS,460.0,129.0,76.0,50.0
ALC - Moda Masculina - AON,120242067335900402,OUTCOME_AWARENESS,2026-03-01,210748,116564,1.808002,114,0.054093,2.141651,1.158484,244.148258,11.0,0,22.195296,0.0,0,0.0,3.0,0,81.382753,0,0,0,0,0,0,27.0,0,9.042528,0,0,0,60.0,0,4.069138,49.0,0,0,60.0,0,4.069138,0,0,0,3.0,0,0,165.0,0,0,,,,0.0,facebook,BS,,,,
ALC - Moda Masculina - AON,120242067335900402,OUTCOME_AWARENESS,2026-03-01,274735,132766,2.069317,261,0.095001,1.330198,1.263697,347.181742,207.0,0,1.677206,0.0,0,0.0,3.0,0,115.727247,0,0,0,0,0,0,31.0,0,11.199411,0,0,0,3256.0,0,0.106628,18.0,0,0,3256.0,0,0.106628,0,0,0,3.0,0,0,200.0,0,0,,,,50.0,instagram,BS,599.0,110.0,40.0,28.0
ALC - Moda Masculina - AON,120242067335900402,OUTCOME_AWARENESS,2026-03-01,0,0,0.0,0,0.0,0.0,0.0,0.0,0.0,0,0.0,0.0,0,0.0,0.0,0,0.0,0,0,0,0,0,0,3.0,0,0.0,0,0,0,0.0,0,0.0,0.0,0,0,0.0,0,0.0,0,0,0,0.0,0,0,5.0,0,0,,,,0.0,unknown,BS,,,,
ALC - Lojas Corredor Zara,120242067408940402,OUTCOME_AWARENESS,2026-03-01,95644,78264,1.222069,6,0.006273,12.512049,0.784914,75.072296,0.0,0,0.0,0.0,0,0.0,1.0,0,75.072296,0,0,0,0,0,0,12.0,0,6.256025,0,0,0,2.0,0,37.536148,2.0,0,0,2.0,0,37.536148,0,0,0,1.0,0,0,50.0,0,0,,,,0.0,facebook,BS,,,,
ALC - Lojas Corredor Zara,120242067408940402,OUTCOME_AWARENESS,2026-03-01,484822,210730,2.300679,501,0.103337,1.155464,1.194021,578.887704,329.0,0,1.759537,0.0,0,0.0,5.0,0,115.777541,0,0,0,0,0,0,64.0,0,9.04512,0,0,0,28202.0,0,0.020526,82.0,0,0,28202.0,0,0.020526,0,0,0,5.0,0,0,299.0,0,0,,,,2.0,instagram,BS,4424.0,1467.0,648.0,392.0
ALC - GASTRONOMIA - BS,120242410811390402,OUTCOME_AWARENESS,2026-03-01,913720,403105,2.266705,577,0.063148,2.009217,1.268789,1159.318052,47.0,0,24.666342,1.0,0,1159.318052,7.0,0,165.616865,0,0,0,0,0,0,80.0,0,14.491476,0,0,0,230.0,0,5.040513,179.0,0,0,231.0,0,5.018693,0,0,0,6.0,0,0,456.0,0,0,,,,0.0,facebook,BS,,,,
ALC - GASTRONOMIA - BS,120242410811390402,OUTCOME_AWARENESS,2026-03-01,2023558,748430,2.703737,2030,0.100318,1.340774,1.345043,2721.771948,1648.0,0,1.651561,2.0,0,1360.885974,9.0,0,302.419105,0,0,0,0,0,0,208.0,0,13.085442,0,0,0,1812.0,0,1.502082,151.0,0,0,1812.0,0,1.502082,0,0,0,9.0,0,0,1164.0,0,0,,,,506.0,instagram,BS,,,,
ALC - MINI DAY SPA,120242455605130402,OUTCOME_AWARENESS,2026-03-01,112499,64619,1.740959,251,0.223113,0.631059,1.407976,158.39584,95.0,0,1.667325,0.0,0,0.0,0.0,0,0.0,0,0,0,0,0,0,0.0,0,0.0,0,0,0,16075.0,0,0.009854,51.0,0,0,16075.0,0,0.009854,0,0,0,0.0,0,0,35.0,0,0,,,,0.0,facebook,BS,909.0,240.0,96.0,60.0
ALC - MINI DAY SPA,120242455605130402,OUTCOME_AWARENESS,2026-03-01,240422,164545,1.461132,246,0.10232,1.388635,1.420852,341.60416,126.0,0,2.711144,1.0,0,341.60416,3.0,0,113.868053,0,0,0,0,0,0,37.0,0,9.232545,0,0,0,11165.0,0,0.030596,55.0,0,0,11165.0,0,0.030596,0,0,0,3.0,0,0,180.0,0,0,,,,0.0,instagram,BS,965.0,179.0,99.0,68.0
ALC - UNIZUSHI + DULADU,120242554636430402,OUTCOME_AWARENESS,2026-03-01,232418,102682,2.263474,416,0.178988,0.71944,1.28771,299.286972,65.0,0,4.604415,31.0,0,9.654418,0.0,0,0.0,0,0,0,0,0,0,0.0,0,0.0,0,0,0,17842.0,0,0.016774,56.0,0,0,17842.0,0,0.016774,0,0,0,0.0,0,0,0.0,0,0,,,,52.0,facebook,BS,2392.0,755.0,385.0,234.0
ALC - UNIZUSHI + DULADU,120242554636430402,OUTCOME_AWARENESS,2026-03-01,526036,223347,2.355241,430,0.081743,1.594775,1.303624,685.753062,346.0,0,1.981945,200.0,0,3.428765,0.0,0,0.0,0,0,0,0,0,0,0.0,0,0.0,0,0,0,15148.0,0,0.04527,53.0,0,0,15148.0,0,0.04527,0,0,0,0.0,0,0,0.0,0,0,,,,331.0,instagram,BS,3196.0,696.0,393.0,256.0
ALC - UNIZUSHI + DULADU,120242554636430402,OUTCOME_AWARENESS,2026-03-01,2533,1932,1.311077,5,0.197394,0.679993,1.342268,3.399966,5.0,0,0.679993,2.0,0,1.699983,0.0,0,0.0,0,0,0,0,0,0,0.0,0,0.0,0,0,0,743.0,0,0.004576,2.0,0,0,743.0,0,0.004576,0,0,0,0.0,0,0,0.0,0,0,,,,5.0,threads,BS,175.0,39.0,15.0,6.0
ALC - PASSAPORTE ELAS,120242577698480402,OUTCOME_AWARENESS,2026-03-01,58010,56087,1.034286,114,0.196518,0.69341,1.362674,79.048695,85.0,0,0.929985,0.0,0,0.0,0.0,0,0.0,0,0,0,0,0,0,6.0,0,13.174783,0,0,0,97.0,0,0.814935,12.0,0,0,97.0,0,0.814935,0,0,0,0.0,0,0,59.0,0,0,,,,85.0,facebook,BS,,,,
ALC - PASSAPORTE ELAS,120242577698480402,OUTCOME_AWARENESS,2026-03-01,553627,419743,1.318967,937,0.169248,0.982872,1.663487,920.951305,817.0,0,1.127235,0.0,0,0.0,11.0,0,83.722846,0,0,0,0,0,0,131.0,0,7.030163,0,0,0,851.0,0,1.082199,32.0,0,0,851.0,0,1.082199,0,0,0,11.0,0,0,619.0,0,0,,,,815.0,instagram,BS,,,,
ALC - Heroínas do K-pop,120243021110970402,OUTCOME_AWARENESS,2026-03-01,525833,294404,1.786093,386,0.073407,1.953103,1.433721,753.897937,197.0,0,3.826893,78.0,0,9.665358,1.0,0,753.897937,0,0,0,0,0,0,92.0,0,8.194543,0,0,0,257.0,0,2.933455,60.0,0,0,257.0,0,2.933455,0,0,0,1.0,0,0,375.0,0,0,,,,177.0,facebook,BS,,,,
ALC - Heroínas do K-pop,120243021110970402,OUTCOME_AWARENESS,2026-03-01,1046135,578237,1.80918,1934,0.184871,0.902809,1.669031,1746.032063,1487.0,0,1.174198,129.0,0,13.535132,16.0,0,109.127004,0,0,0,0,0,0,146.0,0,11.959124,0,0,0,1721.0,0,1.014545,132.0,0,0,1721.0,0,1.014545,0,0,0,16.0,0,0,851.0,0,0,,,,426.0,instagram,BS,,,,
ALC - PROMO IPHONE,120243347374580402,OUTCOME_AWARENESS,2026-03-01,222030,147677,1.503484,227,0.102238,1.397004,1.428275,317.12,120.0,0,2.642667,1.0,0,317.12,3.0,0,105.706667,0,0,0,0,0,0,45.0,0,7.047111,0,0,0,1602.0,0,0.197953,40.0,0,0,1603.0,0,0.197829,0,0,0,3.0,0,0,206.0,0,0,,,,102.0,facebook,BS,6306.0,1934.0,1065.0,662.0
ALC - PROMO IPHONE,120243347374580402,OUTCOME_AWARENESS,2026-03-01,253594,166106,1.5267,170,0.067036,2.286294,1.532647,388.67,133.0,0,2.922331,1.0,0,388.67,2.0,0,194.335,0,0,0,0,0,0,57.0,0,6.818772,0,0,0,1943.0,0,0.200036,13.0,0,0,1943.0,0,0.200036,0,0,0,2.0,0,0,305.0,0,0,,,,96.0,instagram,BS,5211.0,2198.0,1439.0,1093.0
ALC - PROMO IPHONE,120243347374580402,OUTCOME_AWARENESS,2026-03-01,3,3,1.0,0,0.0,0.0,0.0,0.0,0.0,0,0.0,0.0,0,0.0,0.0,0,0.0,0,0,0,0,0,0,0.0,0,0.0,0,0,0,0.0,0,0.0,0.0,0,0,0.0,0,0.0,0,0,0,0.0,0,0,0.0,0,0,,,,0.0,threads,BS,,,,
ALC - A casa mágica da Gabby,120243428312700402,OUTCOME_AWARENESS,2026-03-01,91765,73665,1.245707,127,0.138397,1.025906,1.419822,130.29,80.0,0,1.628625,31.0,0,4.202903,0.0,0,0.0,0,0,0,0,0,0,0.0,0,0.0,0,0,0,93.0,0,1.400968,13.0,0,0,93.0,0,1.400968,0,0,0,0.0,0,0,0.0,0,0,,,,79.0,facebook,BS,,,,
ALC - A casa mágica da Gabby,120243428312700402,OUTCOME_AWARENESS,2026-03-01,143675,105143,1.366472,239,0.166348,0.919289,1.529215,219.71,196.0,0,1.120969,73.0,0,3.009726,0.0,0,0.0,0,0,0,0,0,0,0.0,0,0.0,0,0,0,220.0,0,0.998682,13.0,0,0,220.0,0,0.998682,0,0,0,0.0,0,0,0.0,0,0,,,,143.0,instagram,BS,,,,
ALC - A casa mágica da Gabby,120243428312700402,OUTCOME_AWARENESS,2026-03-01,8,8,1.0,0,0.0,0.0,0.0,0.0,0.0,0,0.0,0.0,0,0.0,0.0,0,0.0,0,0,0,0,0,0,0.0,0,0.0,0,0,0,0.0,0,0.0,0.0,0,0,0.0,0,0.0,0,0,0,0.0,0,0,0.0,0,0,,,,0.0,threads,BS,,,,
ALC - Programação para os pequenos no fds,120243505357570402,OUTCOME_AWARENESS,2026-03-01,18142,15443,1.174772,24,0.13229,0.952083,1.259508,22.85,18.0,0,1.269444,0.0,0,0.0,0.0,0,0.0,0,0,0,0,0,0,11.0,0,2.077273,0,0,0,19.0,0,1.202632,1.0,0,0,19.0,0,1.202632,0,0,0,0.0,0,0,21.0,0,0,,,,0.0,facebook,BS,,,,
ALC - Programação para os pequenos no fds,120243505357570402,OUTCOME_AWARENESS,2026-03-01,12512,10558,1.185073,14,0.111893,1.195,1.337116,16.73,11.0,0,1.520909,0.0,0,0.0,0.0,0,0.0,0,0,0,0,0,0,5.0,0,3.346,0,0,0,11.0,0,1.520909,0.0,0,0,11.0,0,1.520909,0,0,0,0.0,0,0,29.0,0,0,,,,5.0,instagram,BS,,,,
ALC - UNIZUSHI + DULADU,120242554636430402,OUTCOME_AWARENESS,2026-04-01,350915,173953,2.017298,615,0.175256,0.671714,1.17722,413.104031,251.0,0,1.645833,18.0,0,22.950224,0.0,0,0.0,0,0,0,0,0,0,0.0,0,0.0,0,0,0,14666.0,0,0.028167,79.0,0,0,14666.0,0,0.028167,0,0,0,0.0,0,0,0.0,0,0,,,,31.0,facebook,BS,1950.0,617.0,318.0,185.0
ALC - UNIZUSHI + DULADU,120242554636430402,OUTCOME_AWARENESS,2026-04-01,452438,200325,2.25852,444,0.098135,1.23274,1.209749,547.336601,347.0,0,1.577339,119.0,0,4.599467,0.0,0,0.0,0,0,0,0,0,0,0.0,0,0.0,0,0,0,11802.0,0,0.046377,55.0,0,0,11802.0,0,0.046377,0,0,0,0.0,0,0,0.0,0,0,,,,173.0,instagram,BS,2351.0,578.0,293.0,156.0
ALC - UNIZUSHI + DULADU,120242554636430402,OUTCOME_AWARENESS,2026-04-01,1486,1260,1.179365,2,0.13459,0.894684,1.204151,1.789368,2.0,0,0.894684,2.0,0,0.894684,0.0,0,0.0,0,0,0,0,0,0,0.0,0,0.0,0,0,0,307.0,0,0.005829,0.0,0,0,307.0,0,0.005829,0,0,0,0.0,0,0,0.0,0,0,,,,2.0,threads,BS,64.0,11.0,4.0,2.0
ALC - UNIZUSHI + DULADU,120242554636430402,OUTCOME_AWARENESS,2026-04-01,0,0,0.0,0,0.0,0.0,0.0,0.0,0.0,0,0.0,0.0,0,0.0,0.0,0,0.0,0,0,0,0,0,0,0.0,0,0.0,0,0,0,0.0,0,0.0,0.0,0,0,0.0,0,0.0,0,0,0,0.0,0,0,0.0,0,0,,,,0.0,unknown,BS,,,,
ALC - PROMO IPHONE,120243347374580402,OUTCOME_AWARENESS,2026-04-01,792671,358634,2.210251,930,0.117325,1.087884,1.276358,1011.732358,327.0,0,3.093983,6.0,0,168.62206,17.0,0,59.513668,0,0,0,0,0,0,198.0,0,5.109759,0,0,0,4396.0,0,0.230148,164.0,0,0,4398.0,0,0.230044,0,0,0,17.0,0,0,840.0,0,0,,,,248.0,facebook,BS,14376.0,4760.0,2605.0,1658.0
ALC - PROMO IPHONE,120243347374580402,OUTCOME_AWARENESS,2026-04-01,957933,432095,2.21695,522,0.054492,2.456126,1.3384,1282.097644,335.0,0,3.827157,5.0,0,256.419529,12.0,0,106.84147,0,0,0,0,0,0,319.0,0,4.019115,0,0,0,10678.0,0,0.120069,93.0,0,0,10678.0,0,0.120069,0,0,0,12.0,0,0,1296.0,0,0,,,,223.0,instagram,BS,40481.0,12738.0,7448.0,5218.0
ALC - PROMO IPHONE,120243347374580402,OUTCOME_AWARENESS,2026-04-01,155,146,1.061644,0,0.0,0.0,0.77418,0.119998,0.0,0,0.0,0.0,0,0.0,0.0,0,0.0,0,0,0,0,0,0,0.0,0,0.0,0,0,0,0.0,0,0.0,0.0,0,0,0.0,0,0.0,0,0,0,0.0,0,0,0.0,0,0,,,,0.0,threads,BS,,,,
ALC - Programação para os pequenos no fds,120243505357570402,OUTCOME_AWARENESS,2026-04-01,0,0,0.0,0,0.0,0.0,0.0,0.0,0.0,0,0.0,0.0,0,0.0,0.0,0,0.0,0,0,0,0,0,0,0.0,0,0.0,0,0,0,0.0,0,0.0,0.0,0,0,0.0,0,0.0,0,0,0,0.0,0,0,0.0,0,0,,,,0.0,facebook,BS,,,,
TRAF - IPHONE,120244150237280402,LINK_CLICKS,2026-04-01,23180,3808,6.087185,325,1.402071,0.179844,2.521545,58.449415,363.0,0,0.161018,183.0,0,0.319396,0.0,0,0.0,0,0,0,0,0,0,10.0,0,5.844942,0,0,0,439.0,0,0.133142,0.0,0,0,439.0,0,0.133142,0,0,0,0.0,0,0,12.0,0,0,,,,363.0,audience_network,BS,67.0,72.0,49.0,38.0
TRAF - IPHONE,120244150237280402,LINK_CLICKS,2026-04-01,42738,20707,2.06394,841,1.967804,0.173803,3.420107,146.168538,626.0,0,0.233496,146.0,0,1.001154,5.0,0,29.233708,0,0,0,0,0,0,24.0,0,6.090356,0,0,0,906.0,0,0.161334,69.0,0,0,910.0,0,0.160625,0,0,0,5.0,0,0,106.0,0,0,,,,626.0,facebook,BS,414.0,203.0,148.0,107.0
TRAF - IPHONE,120244150237280402,LINK_CLICKS,2026-04-01,120644,52774,2.28605,3732,3.093399,0.212849,6.584265,794.352056,3592.0,0,0.221145,655.0,0,1.212751,15.0,0,52.956804,0,0,0,0,0,0,203.0,0,3.913064,0,0,0,4503.0,0,0.176405,186.0,0,0,4503.0,0,0.176405,0,0,0,15.0,0,0,813.0,0,0,,,,3591.0,instagram,BS,1504.0,725.0,466.0,352.0
TRAF - IPHONE,120244150237280402,LINK_CLICKS,2026-04-01,214,171,1.251462,2,0.934579,0.454995,4.252294,0.909991,2.0,0,0.454995,2.0,0,0.454995,0.0,0,0.0,0,0,0,0,0,0,0.0,0,0.0,0,0,0,5.0,0,0.181998,3.0,0,0,5.0,0,0.181998,0,0,0,0.0,0,0,0.0,0,0,,,,2.0,threads,BS,,,,
TRAF - IPHONE,120244150237280402,LINK_CLICKS,2026-04-01,0,0,0.0,0,0.0,0.0,0.0,0.0,0.0,0,0.0,0.0,0,0.0,0.0,0,0.0,0,0,0,0,0,0,0.0,0,0.0,0,0,0,0.0,0,0.0,0.0,0,0,0.0,0,0.0,0,0,0,0.0,0,0,1.0,0,0,,,,0.0,unknown,BS,,,,
ALC -  New in: Louen,120244275580200402,OUTCOME_AWARENESS,2026-04-01,61588,45122,1.364922,25,0.040592,2.794115,1.134196,69.85287,1.0,0,69.85287,0.0,0,0.0,1.0,0,69.85287,0,0,0,0,0,0,4.0,0,17.463218,0,0,0,7.0,0,9.978981,6.0,0,0,7.0,0,9.978981,0,0,0,1.0,0,0,30.0,0,0,,,,0.0,facebook,BS,,,,
ALC -  New in: Louen,120244275580200402,OUTCOME_AWARENESS,2026-04-01,140058,94862,1.476439,132,0.094247,1.314448,1.238823,173.50713,102.0,0,1.70105,1.0,0,173.50713,5.0,0,34.701426,0,0,0,0,0,0,55.0,0,3.154675,0,0,0,116.0,0,1.495751,14.0,0,0,116.0,0,1.495751,0,0,0,5.0,0,0,208.0,0,0,,,,14.0,instagram,BS,,,,
ALC - Orion Verso,120244275602510402,OUTCOME_AWARENESS,2026-04-01,27204,19217,1.415622,32,0.11763,1.05179,1.237218,33.657281,1.0,0,33.657281,0.0,0,0.0,0.0,0,0.0,0,0,0,0,0,0,2.0,0,16.82864,0,0,0,15.0,0,2.243819,14.0,0,0,15.0,0,2.243819,0,0,0,0.0,0,0,15.0,0,0,,,,0.0,facebook,BS,,,,
ALC - Orion Verso,120244275602510402,OUTCOME_AWARENESS,2026-04-01,70893,49384,1.435546,69,0.09733,1.306126,1.27125,90.122719,50.0,0,1.802454,0.0,0,0.0,0.0,0,0.0,0,0,0,0,0,0,32.0,0,2.816335,0,0,0,57.0,0,1.5811,6.0,0,0,57.0,0,1.5811,0,0,0,0.0,0,0,157.0,0,0,,,,12.0,instagram,BS,,,,
ALC | A menina mágica,120245113213580402,OUTCOME_AWARENESS,2026-04-01,67287,48082,1.399422,114,0.169424,0.749211,1.269339,85.41,96.0,0,0.889688,57.0,0,1.498421,2.0,0,42.705,0,0,0,0,0,0,41.0,0,2.083171,0,0,0,109.0,0,0.783578,6.0,0,0,109.0,0,0.783578,0,0,0,2.0,0,0,85.0,0,0,,,,96.0,instagram,BS,,,,
ALC - Golden,120245123572570402,OUTCOME_AWARENESS,2026-04-01,334873,233181,1.436108,418,0.124823,1.196077,1.492984,499.96,319.0,0,1.567273,3.0,0,166.653333,10.0,0,49.996,0,0,0,0,0,0,260.0,0,1.922923,0,0,0,15351.0,0,0.032569,73.0,0,0,15351.0,0,0.032569,0,0,0,10.0,0,0,602.0,0,0,,,,0.0,instagram,BS,2874.0,620.0,333.0,144.0
ALC | A menina mágica,120245113213580402,OUTCOME_AWARENESS,2026-05-01,0,0,0.0,0,0.0,0.0,0.0,0.0,0.0,0,0.0,0.0,0,0.0,0.0,0,0.0,0,0,0,0,0,0,0.0,0,0.0,0,0,0,0.0,0,0.0,0.0,0,0,0.0,0,0.0,0,0,0,0.0,0,0,7.0,0,0,,,,0.0,instagram,BS,,,,
ALC - Gastronomia — AON,120217368581940157,OUTCOME_AWARENESS,2025-11-08,406845,259228,1.569449,391,0.096105,1.778721,1.709447,695.48,242.0,0,2.873884,0.0,0,0.0,0.0,0,0.0,0,0,0,0,0,0,0.0,0,0.0,0,0,0,15592.0,0,0.044605,97.0,0,0,15592.0,0,0.044605,0,0,0,0.0,0,0,0.0,0,0,,,,109.0,instagram,NK,4849.0,1595.0,663.0,405.0
ALC - Promo Natal 25,120234188543950157,OUTCOME_AWARENESS,2025-11-08,306523,204676,1.497601,534,0.174212,0.858563,1.49572,458.472513,338.0,0,1.356428,0.0,0,0.0,0.0,0,0.0,0,0,0,0,0,0,0.0,0,0.0,0,0,0,1736.0,0,0.264097,46.0,0,0,1736.0,0,0.264097,0,0,0,0.0,0,0,0.0,0,0,,,,211.0,facebook,NK,6233.0,1660.0,813.0,495.0
ALC - Promo Natal 25,120234188543950157,OUTCOME_AWARENESS,2025-11-08,159873,107974,1.480662,220,0.137609,1.199352,1.650419,263.857487,187.0,0,1.411003,0.0,0,0.0,0.0,0,0.0,0,0,0,0,0,0,0.0,0,0.0,0,0,0,557.0,0,0.473712,9.0,0,0,557.0,0,0.473712,0,0,0,0.0,0,0,0.0,0,0,,,,168.0,instagram,NK,1325.0,358.0,204.0,148.0
TRAF - Promo Natal 25,120234188664020157,LINK_CLICKS,2025-11-08,25108,8112,3.095168,267,1.063406,0.275342,2.927999,73.516203,281.0,0,0.261624,71.0,0,1.035439,0.0,0,0.0,0,0,0,0,0,0,0.0,0,0.0,0,0,0,341.0,0,0.21559,0.0,0,0,341.0,0,0.21559,0,0,0,0.0,0,0,0.0,0,0,,,,281.0,audience_network,NK,61.0,60.0,57.0,56.0
TRAF - Promo Natal 25,120234188664020157,LINK_CLICKS,2025-11-08,186504,68590,2.719114,2981,1.598357,0.198413,3.171355,591.470359,2049.0,0,0.288663,685.0,0,0.86346,0.0,0,0.0,0,0,0,0,0,0,0.0,0,0.0,0,0,0,16928.0,0,0.03494,116.0,0,0,16929.0,0,0.034938,0,0,0,0.0,0,0,0.0,0,0,,,,2048.0,facebook,NK,32273.0,13088.0,7042.0,4542.0
TRAF - Promo Natal 25,120234188664020157,LINK_CLICKS,2025-11-08,17004,8893,1.912066,181,1.064455,0.336759,3.584653,60.953434,159.0,0,0.383355,91.0,0,0.669818,0.0,0,0.0,0,0,0,0,0,0,0.0,0,0.0,0,0,0,279.0,0,0.218471,15.0,0,0,279.0,0,0.218471,0,0,0,0.0,0,0,0.0,0,0,,,,159.0,instagram,NK,203.0,99.0,70.0,50.0
TRAF - Promo Natal 25,120234188664020157,LINK_CLICKS,2025-11-08,30,30,1.0,0,0.0,0.0,0.666814,0.020004,0.0,0,0.0,0.0,0,0.0,0.0,0,0.0,0,0,0,0,0,0,0.0,0,0.0,0,0,0,0.0,0,0.0,0.0,0,0,0.0,0,0.0,0,0,0,0.0,0,0,0.0,0,0,,,,0.0,messenger,NK,,,,
ALC - Arvore Solidária,120234357546450157,OUTCOME_AWARENESS,2025-11-08,161363,115125,1.401633,176,0.109071,1.554318,1.695308,273.56,133.0,0,2.056842,0.0,0,0.0,0.0,0,0.0,0,0,0,0,0,0,0.0,0,0.0,0,0,0,714.0,0,0.383137,12.0,0,0,714.0,0,0.383137,0,0,0,0.0,0,0,0.0,0,0,,,,0.0,instagram,NK,3114.0,992.0,567.0,401.0
ALC - Mercado Shelf,120234830692550157,OUTCOME_AWARENESS,2025-11-08,72106,62589,1.152055,65,0.090145,1.938462,1.747427,126.0,45.0,0,2.8,0.0,0,0.0,0.0,0,0.0,0,0,0,0,0,0,0.0,0,0.0,0,0,0,1911.0,0,0.065934,13.0,0,0,1911.0,0,0.065934,0,0,0,0.0,0,0,0.0,0,0,,,,0.0,instagram,NK,508.0,94.0,60.0,36.0
ENG - Decoração Natal,120234835113290157,OUTCOME_ENGAGEMENT,2025-11-08,16603,7237,2.294183,29,0.174667,3.998276,6.983678,115.95,1.0,0,115.95,0.0,0,0.0,0.0,0,0.0,0,0,0,0,0,0,0.0,0,0.0,0,0,0,2187.0,0,0.053018,883.0,0,0,2187.0,0,0.053018,0,0,0,0.0,0,0,0.0,0,0,,,,1.0,instagram,NK,498.0,199.0,125.0,74.0
ALC- Black Friday NK,120234972150530157,OUTCOME_AWARENESS,2025-11-08,495032,419121,1.18112,521,0.105246,1.91929,2.01997,999.95,405.0,0,2.469012,0.0,0,0.0,0.0,0,0.0,0,0,0,0,0,0,0.0,0,0.0,0,0,0,1073.0,0,0.93192,34.0,0,0,1073.0,0,0.93192,0,0,0,0.0,0,0,0.0,0,0,,,,250.0,instagram,NK,416.0,207.0,104.0,38.0
ALC- Espetáculo de Natal,120235247951700157,OUTCOME_AWARENESS,2025-11-08,515613,515613,1.0,735,0.142549,2.040816,2.909159,1500.0,534.0,0,2.808989,0.0,0,0.0,0.0,0,0.0,0,0,0,0,0,0,0.0,0,0.0,0,0,0,642.0,0,2.336449,51.0,0,0,642.0,0,2.336449,0,0,0,0.0,0,0,0.0,0,0,,,,0.0,instagram,NK,13.0,5.0,3.0,2.0
VISUALIZAÇOES - ESPETACULO DE NATAL,120235343099230157,OUTCOME_AWARENESS,2025-11-08,34240,29936,1.143773,253,0.738902,1.976126,14.601636,499.96,190.0,0,2.631368,0.0,0,0.0,0.0,0,0.0,0,0,0,0,0,0,0.0,0,0.0,0,0,0,14827.0,0,0.03372,174.0,0,0,14827.0,0,0.03372,0,0,0,0.0,0,0,0.0,0,0,,,,0.0,instagram,NK,9132.0,6068.0,2871.0,2386.0
ALC - Gastronomia — AON,120217368581940157,OUTCOME_AWARENESS,2025-12-01,693253,382073,1.814452,595,0.085827,1.561983,1.340607,929.38,393.0,0,2.364835,0.0,0,0.0,0.0,0,0.0,0,0,0,0,0,0,0.0,0,0.0,0,0,0,24991.0,0,0.037189,77.0,0,0,24991.0,0,0.037189,0,0,0,0.0,0,0,0.0,0,0,,,,20.0,instagram,NK,4657.0,1773.0,620.0,401.0
ALC - Promo Natal 25,120234188543950157,OUTCOME_AWARENESS,2025-12-01,736844,425550,1.73151,1273,0.172764,0.726892,1.255806,925.333411,802.0,0,1.153782,0.0,0,0.0,0.0,0,0.0,0,0,0,0,0,0,0.0,0,0.0,0,0,0,3217.0,0,0.287639,124.0,0,0,3217.0,0,0.287639,0,0,0,0.0,0,0,0.0,0,0,,,,739.0,facebook,NK,3638.0,1139.0,617.0,381.0
ALC - Promo Natal 25,120234188543950157,OUTCOME_AWARENESS,2025-12-01,555959,325748,1.706715,722,0.129866,0.987945,1.283002,713.296589,599.0,0,1.190812,0.0,0,0.0,0.0,0,0.0,0,0,0,0,0,0,0.0,0,0.0,0,0,0,1845.0,0,0.386611,38.0,0,0,1845.0,0,0.386611,0,0,0,0.0,0,0,0.0,0,0,,,,474.0,instagram,NK,1220.0,444.0,244.0,159.0
TRAF - Promo Natal 25,120234188664020157,LINK_CLICKS,2025-12-01,5533,1489,3.715917,42,0.759082,0.378856,2.875825,15.91194,46.0,0,0.345912,13.0,0,1.223995,0.0,0,0.0,0,0,0,0,0,0,0.0,0,0.0,0,0,0,374.0,0,0.042545,0.0,0,0,374.0,0,0.042545,0,0,0,0.0,0,0,0.0,0,0,,,,46.0,audience_network,NK,143.0,87.0,67.0,50.0
TRAF - Promo Natal 25,120234188664020157,LINK_CLICKS,2025-12-01,379699,112488,3.375462,10690,2.815388,0.147749,4.159696,1579.432598,6970.0,0,0.226604,3037.0,0,0.520063,0.0,0,0.0,0,0,0,0,0,0,0.0,0,0.0,0,0,0,60822.0,0,0.025968,450.0,0,0,60833.0,0,0.025963,0,0,0,0.0,0,0,0.0,0,0,,,,6959.0,facebook,NK,20029.0,8009.0,4519.0,2284.0
TRAF - Promo Natal 25,120234188664020157,LINK_CLICKS,2025-12-01,9541,5730,1.665096,232,2.431611,0.193041,4.694001,44.785461,217.0,0,0.206385,141.0,0,0.317627,0.0,0,0.0,0,0,0,0,0,0,0.0,0,0.0,0,0,0,1150.0,0,0.038944,34.0,0,0,1150.0,0,0.038944,0,0,0,0.0,0,0,0.0,0,0,,,,217.0,instagram,NK,432.0,187.0,82.0,50.0
ALC - Arvore Solidária,120234357546450157,OUTCOME_AWARENESS,2025-12-01,149880,138722,1.080434,165,0.110088,1.372242,1.510675,226.42,135.0,0,1.677185,0.0,0,0.0,0.0,0,0.0,0,0,0,0,0,0,0.0,0,0.0,0,0,0,302.0,0,0.749735,4.0,0,0,302.0,0,0.749735,0,0,0,0.0,0,0,0.0,0,0,,,,1.0,instagram,NK,16.0,3.0,2.0,2.0
ALC - Mercado Shelf,120234830692550157,OUTCOME_AWARENESS,2025-12-01,114148,84646,1.348534,115,0.100746,1.512609,1.523899,173.95,84.0,0,2.070833,0.0,0,0.0,0.0,0,0.0,0,0,0,0,0,0,0.0,0,0.0,0,0,0,2990.0,0,0.058177,7.0,0,0,2990.0,0,0.058177,0,0,0,0.0,0,0,0.0,0,0,,,,0.0,instagram,NK,806.0,139.0,72.0,42.0
ENG - Decoração Natal,120234835113290157,OUTCOME_ENGAGEMENT,2025-12-01,19696,10147,1.941066,36,0.182778,3.548056,6.485073,127.73,3.0,0,42.576667,0.0,0,0.0,0.0,0,0.0,0,0,0,0,0,0,0.0,0,0.0,0,0,0,2571.0,0,0.049681,875.0,0,0,2571.0,0,0.049681,0,0,0,0.0,0,0,0.0,0,0,,,,1.0,instagram,NK,597.0,233.0,145.0,85.0
ALC- Black Friday NK,120234972150530157,OUTCOME_AWARENESS,2025-12-01,0,0,0.0,0,0.0,0.0,0.0,0.0,0.0,0,0.0,0.0,0,0.0,0.0,0,0.0,0,0,0,0,0,0,0.0,0,0.0,0,0,0,0.0,0,0.0,0.0,0,0,0.0,0,0.0,0,0,0,0.0,0,0,0.0,0,0,,,,0.0,instagram,NK,,,,
ALC- Inauguração Brasileirisse - Empréstimo NR,120235718036840157,OUTCOME_AWARENESS,2025-12-01,7107,6955,1.021855,34,0.478402,0.311388,1.489683,10.587179,7.0,0,1.512454,0.0,0,0.0,0.0,0,0.0,0,0,0,0,0,0,0.0,0,0.0,0,0,0,32.0,0,0.330849,7.0,0,0,32.0,0,0.330849,0,0,0,0.0,0,0,0.0,0,0,,,,7.0,facebook,NK,13.0,3.0,,
ALC- Inauguração Brasileirisse - Empréstimo NR,120235718036840157,OUTCOME_AWARENESS,2025-12-01,76766,75810,1.01261,129,0.168043,0.946844,1.591106,122.142821,107.0,0,1.141522,0.0,0,0.0,0.0,0,0.0,0,0,0,0,0,0,0.0,0,0.0,0,0,0,927.0,0,0.131761,6.0,0,0,927.0,0,0.131761,0,0,0,0.0,0,0,0.0,0,0,,,,107.0,instagram,NK,676.0,312.0,202.0,147.0
ALC - Natal NR - Empréstimo,120235718224840157,OUTCOME_AWARENESS,2025-12-01,33570,29167,1.150958,95,0.282991,0.533438,1.50958,50.676609,7.0,0,7.239516,0.0,0,0.0,0.0,0,0.0,0,0,0,0,0,0,0.0,0,0.0,0,0,0,4168.0,0,0.012159,14.0,0,0,4168.0,0,0.012159,0,0,0,0.0,0,0,0.0,0,0,,,,7.0,facebook,NK,850.0,304.0,153.0,92.0
ALC - Natal NR - Empréstimo,120235718224840157,OUTCOME_AWARENESS,2025-12-01,42893,41661,1.029572,54,0.125895,1.276359,1.606868,68.923391,42.0,0,1.641033,0.0,0,0.0,0.0,0,0.0,0,0,0,0,0,0,0.0,0,0.0,0,0,0,1333.0,0,0.051705,9.0,0,0,1333.0,0,0.051705,0,0,0,0.0,0,0,0.0,0,0,,,,26.0,instagram,NK,504.0,193.0,92.0,60.0
ALC - Feira Pet,120235844541760157,OUTCOME_AWARENESS,2025-12-01,182205,175189,1.040048,213,0.116901,1.408451,1.646497,300.0,153.0,0,1.960784,0.0,0,0.0,0.0,0,0.0,0,0,0,0,0,0,0.0,0,0.0,0,0,0,189.0,0,1.587302,22.0,0,0,189.0,0,1.587302,0,0,0,0.0,0,0,0.0,0,0,,,,0.0,instagram,NK,,,,
ALC - Carrossel das Renas,120236216503990157,OUTCOME_AWARENESS,2025-12-01,330148,258081,1.279242,378,0.114494,1.322725,1.514442,499.99,276.0,0,1.811558,0.0,0,0.0,0.0,0,0.0,0,0,0,0,0,0,0.0,0,0.0,0,0,0,11980.0,0,0.041735,59.0,0,0,11980.0,0,0.041735,0,0,0,0.0,0,0,0.0,0,0,,,,0.0,instagram,NK,5469.0,3464.0,1401.0,359.0
ALC - Decoração itens de Natal,120236216543100157,OUTCOME_AWARENESS,2025-12-01,316442,261921,1.208158,367,0.115977,1.362371,1.580037,499.99,258.0,0,1.937946,0.0,0,0.0,0.0,0,0.0,0,0,0,0,0,0,0.0,0,0.0,0,0,0,10462.0,0,0.047791,39.0,0,0,10462.0,0,0.047791,0,0,0,0.0,0,0,0.0,0,0,,,,1.0,instagram,NK,1543.0,210.0,107.0,62.0
ALC - LOOKS DE FIM DE ANO,120236217385520157,OUTCOME_AWARENESS,2025-12-01,155036,109820,1.411728,181,0.116747,1.104586,1.289571,199.93,128.0,0,1.561953,0.0,0,0.0,0.0,0,0.0,0,0,0,0,0,0,0.0,0,0.0,0,0,0,5309.0,0,0.037659,15.0,0,0,5309.0,0,0.037659,0,0,0,0.0,0,0,0.0,0,0,,,,0.0,instagram,NK,682.0,113.0,56.0,33.0
ALC - Amigo Secreto no NK,120236217481630157,OUTCOME_AWARENESS,2025-12-01,167900,135547,1.238685,283,0.168553,0.883322,1.488862,249.98,175.0,0,1.428457,0.0,0,0.0,0.0,0,0.0,0,0,0,0,0,0,0.0,0,0.0,0,0,0,10797.0,0,0.023153,26.0,0,0,10797.0,0,0.023153,0,0,0,0.0,0,0,0.0,0,0,,,,0.0,instagram,NK,321.0,136.0,105.0,41.0
ALC - McDonalds,120236217571610157,OUTCOME_AWARENESS,2025-12-01,153231,109576,1.398399,237,0.154668,0.843544,1.304697,199.92,150.0,0,1.3328,0.0,0,0.0,0.0,0,0.0,0,0,0,0,0,0,0.0,0,0.0,0,0,0,6802.0,0,0.029391,32.0,0,0,6802.0,0,0.029391,0,0,0,0.0,0,0,0.0,0,0,,,,1.0,instagram,NK,1434.0,353.0,181.0,84.0
ALC - Arezzo,120236324569710157,OUTCOME_AWARENESS,2025-12-01,231126,165971,1.392569,373,0.161384,0.804236,1.297907,299.98,199.0,0,1.507437,0.0,0,0.0,0.0,0,0.0,0,0,0,0,0,0,0.0,0,0.0,0,0,0,21092.0,0,0.014222,92.0,0,0,21092.0,0,0.014222,0,0,0,0.0,0,0,0.0,0,0,,,,0.0,instagram,NK,13701.0,4727.0,2330.0,1616.0
ALC - Gastronomia — AON,120217368581940157,OUTCOME_AWARENESS,2026-01-01,892809,481289,1.855037,550,0.061603,1.682164,1.036269,925.19,292.0,0,3.168459,0.0,0,0.0,0.0,0,0.0,0,0,0,0,0,0,0.0,0,0.0,0,0,0,28785.0,0,0.032141,147.0,0,0,28785.0,0,0.032141,0,0,0,0.0,0,0,0.0,0,0,,,,1.0,instagram,NK,6932.0,3060.0,1151.0,731.0
ALC - Promo Natal 25,120234188543950157,OUTCOME_AWARENESS,2026-01-01,371152,307593,1.206633,602,0.162198,0.515249,0.835723,310.180127,377.0,0,0.822759,0.0,0,0.0,0.0,0,0.0,0,0,0,0,0,0,0.0,0,0.0,0,0,0,2157.0,0,0.143802,72.0,0,0,2157.0,0,0.143802,0,0,0,0.0,0,0,0.0,0,0,,,,374.0,facebook,NK,1756.0,605.0,322.0,209.0
ALC - Promo Natal 25,120234188543950157,OUTCOME_AWARENESS,2026-01-01,380313,341421,1.113912,453,0.119112,0.676115,0.805336,306.279873,350.0,0,0.875085,0.0,0,0.0,0.0,0,0.0,0,0,0,0,0,0,0.0,0,0.0,0,0,0,2915.0,0,0.10507,36.0,0,0,2915.0,0,0.10507,0,0,0,0.0,0,0,0.0,0,0,,,,322.0,instagram,NK,1062.0,430.0,181.0,113.0
TRAF - Promo Natal 25,120234188664020157,LINK_CLICKS,2026-01-01,503,275,1.829091,34,6.759443,0.178551,12.069057,6.070736,35.0,0,0.17345,11.0,0,0.551885,0.0,0,0.0,0,0,0,0,0,0,0.0,0,0.0,0,0,0,336.0,0,0.018068,0.0,0,0,336.0,0,0.018068,0,0,0,0.0,0,0,0.0,0,0,,,,35.0,audience_network,NK,102.0,73.0,52.0,38.0
TRAF - Promo Natal 25,120234188664020157,LINK_CLICKS,2026-01-01,112767,56633,1.991189,3777,3.349384,0.120698,4.04263,455.875258,3036.0,0,0.150157,1622.0,0,0.281058,0.0,0,0.0,0,0,0,0,0,0,0.0,0,0.0,0,0,0,21796.0,0,0.020916,160.0,0,0,21797.0,0,0.020915,0,0,0,0.0,0,0,0.0,0,0,,,,3030.0,facebook,NK,7624.0,2547.0,1803.0,1454.0
TRAF - Promo Natal 25,120234188664020157,LINK_CLICKS,2026-01-01,13087,7879,1.660998,307,2.345839,0.107668,2.525713,33.054007,265.0,0,0.124732,193.0,0,0.171264,0.0,0,0.0,0,0,0,0,0,0,0.0,0,0.0,0,0,0,385.0,0,0.085855,12.0,0,0,385.0,0,0.085855,0,0,0,0.0,0,0,0.0,0,0,,,,265.0,instagram,NK,49.0,19.0,10.0,6.0
TRAF - Promo Natal 25,120234188664020157,LINK_CLICKS,2026-01-01,2,2,1.0,0,0.0,0.0,0.0,0.0,0.0,0,0.0,0.0,0,0.0,0.0,0,0.0,0,0,0,0,0,0,0.0,0,0.0,0,0,0,1.0,0,0.0,0.0,0,0,1.0,0,0.0,0,0,0,0.0,0,0,0.0,0,0,,,,0.0,messenger,NK,,,,
ALC - Arena Super Games,120236945555570157,OUTCOME_AWARENESS,2026-01-01,705570,440769,1.60077,1108,0.157036,0.840437,1.31979,931.204378,319.0,0,2.919136,0.0,0,0.0,0.0,0,0.0,0,0,0,0,0,0,0.0,0,0.0,0,0,0,21566.0,0,0.043179,167.0,0,0,21566.0,0,0.043179,0,0,0,0.0,0,0,0.0,0,0,,,,291.0,facebook,NK,5648.0,1767.0,927.0,624.0
ALC - Arena Super Games,120236945555570157,OUTCOME_AWARENESS,2026-01-01,508975,388173,1.311207,394,0.07741,1.839964,1.424325,724.945623,6.0,0,120.824271,0.0,0,0.0,0.0,0,0.0,0,0,0,0,0,0,0.0,0,0.0,0,0,0,19899.0,0,0.036431,192.0,0,0,19899.0,0,0.036431,0,0,0,0.0,0,0,0.0,0,0,,,,5.0,instagram,NK,6617.0,3031.0,1011.0,645.0
ALC - Arena Super Games,120236945555570157,OUTCOME_AWARENESS,2026-01-01,185,185,1.0,0,0.0,0.0,1.189182,0.219999,0.0,0,0.0,0.0,0,0.0,0.0,0,0.0,0,0,0,0,0,0,0.0,0,0.0,0,0,0,59.0,0,0.003729,0.0,0,0,59.0,0,0.003729,0,0,0,0.0,0,0,0.0,0,0,,,,0.0,threads,NK,31.0,12.0,5.0,1.0
ALC - LIQUIDA,120237106180890157,OUTCOME_AWARENESS,2026-01-01,1525504,1153817,1.322137,1829,0.119895,1.638983,1.965055,2997.7,1297.0,0,2.311257,0.0,0,0.0,0.0,0,0.0,0,0,0,0,0,0,0.0,0,0.0,0,0,0,37987.0,0,0.078914,240.0,0,0,37987.0,0,0.078914,0,0,0,0.0,0,0,0.0,0,0,,,,1276.0,instagram,NK,25741.0,10409.0,6213.0,4463.0
ALC - Cinema - AON,120237502551570157,OUTCOME_AWARENESS,2026-01-01,139511,95088,1.467178,196,0.140491,0.802812,1.127877,157.351219,33.0,0,4.768219,0.0,0,0.0,0.0,0,0.0,0,0,0,0,0,0,0.0,0,0.0,0,0,0,9693.0,0,0.016233,36.0,0,0,9693.0,0,0.016233,0,0,0,0.0,0,0,0.0,0,0,,,,28.0,facebook,NK,23847.0,9860.0,5592.0,3948.0
ALC - Cinema - AON,120237502551570157,OUTCOME_AWARENESS,2026-01-01,171259,102202,1.675691,151,0.088171,1.33125,1.173771,201.018782,75.0,0,2.68025,0.0,0,0.0,0.0,0,0.0,0,0,0,0,0,0,0.0,0,0.0,0,0,0,7578.0,0,0.026527,44.0,0,0,7578.0,0,0.026527,0,0,0,0.0,0,0,0.0,0,0,,,,75.0,instagram,NK,19859.0,7615.0,3734.0,2620.0
ALC - Gastronomia — AON,120217368581940157,OUTCOME_AWARENESS,2026-02-01,137474,135050,1.017949,109,0.079288,1.401193,1.110974,152.73,60.0,0,2.5455,0.0,0,0.0,0.0,0,0.0,0,0,0,0,0,0,0.0,0,0.0,0,0,0,4428.0,0,0.034492,21.0,0,0,4428.0,0,0.034492,0,0,0,0.0,0,0,0.0,0,0,,,,1.0,instagram,NK,1054.0,415.0,166.0,99.0
ALC - Arena Super Games,120236945555570157,OUTCOME_AWARENESS,2026-02-01,151668,128620,1.179195,260,0.171427,0.695154,1.191682,180.74,22.0,0,8.215455,0.0,0,0.0,0.0,0,0.0,0,0,0,0,0,0,0.0,0,0.0,0,0,0,14498.0,0,0.012467,37.0,0,0,14501.0,0,0.012464,0,0,0,0.0,0,0,0.0,0,0,,,,17.0,facebook,NK,3116.0,933.0,477.0,285.0
ALC - Arena Super Games,120236945555570157,OUTCOME_AWARENESS,2026-02-01,203409,200720,1.013397,149,0.073251,1.659799,1.215826,247.31,1.0,0,247.31,0.0,0,0.0,0.0,0,0.0,0,0,0,0,0,0,0.0,0,0.0,0,0,0,8118.0,0,0.030464,72.0,0,0,8118.0,0,0.030464,0,0,0,0.0,0,0,0.0,0,0,,,,1.0,instagram,NK,2694.0,1234.0,425.0,272.0
ALC - Arena Super Games,120236945555570157,OUTCOME_AWARENESS,2026-02-01,425,425,1.0,0,0.0,0.0,1.247059,0.53,0.0,0,0.0,0.0,0,0.0,0.0,0,0.0,0,0,0,0,0,0,0.0,0,0.0,0,0,0,138.0,0,0.003841,0.0,0,0,138.0,0,0.003841,0,0,0,0.0,0,0,0.0,0,0,,,,0.0,threads,NK,51.0,18.0,5.0,3.0
ALC - Cinema - AON,120237502551570157,OUTCOME_AWARENESS,2026-02-01,129273,103181,1.252876,189,0.146202,0.653333,0.955188,123.48,12.0,0,10.29,0.0,0,0.0,0.0,0,0.0,0,0,0,0,0,0,0.0,0,0.0,0,0,0,8329.0,0,0.014825,65.0,0,0,8329.0,0,0.014825,0,0,0,0.0,0,0,0.0,0,0,,,,6.0,facebook,NK,20513.0,8658.0,5405.0,4194.0
ALC - Cinema - AON,120237502551570157,OUTCOME_AWARENESS,2026-02-01,52309,45128,1.159125,34,0.064998,1.546765,1.005372,52.59,9.0,0,5.843333,0.0,0,0.0,0.0,0,0.0,0,0,0,0,0,0,0.0,0,0.0,0,0,0,1521.0,0,0.034576,12.0,0,0,1521.0,0,0.034576,0,0,0,0.0,0,0,0.0,0,0,,,,9.0,instagram,NK,4135.0,1544.0,739.0,507.0
ALC - Coleção Boca Rosa Adidas,120238011056000157,OUTCOME_AWARENESS,2026-02-01,7912,7731,1.023412,9,0.113751,1.156667,1.315723,10.41,3.0,0,3.47,0.0,0,0.0,0.0,0,0.0,0,0,0,0,0,0,0.0,0,0.0,0,0,0,335.0,0,0.031075,3.0,0,0,335.0,0,0.031075,0,0,0,0.0,0,0,0.0,0,0,,,,0.0,instagram,NK,128.0,63.0,27.0,19.0
ALC - Oficinas de Carnaval no Neumarkt Shopping,120238012028540157,OUTCOME_AWARENESS,2026-02-01,2672,2613,1.022579,5,0.187126,0.544,1.017964,2.72,4.0,0,0.68,0.0,0,0.0,0.0,0,0.0,0,0,0,0,0,0,0.0,0,0.0,0,0,0,4.0,0,0.68,0.0,0,0,4.0,0,0.68,0,0,0,0.0,0,0,0.0,0,0,,,,4.0,facebook,NK,,,,
ALC - Oficinas de Carnaval no Neumarkt Shopping,120238012028540157,OUTCOME_AWARENESS,2026-02-01,3911,3873,1.009812,4,0.102276,1.1,1.125032,4.4,4.0,0,1.1,0.0,0,0.0,0.0,0,0.0,0,0,0,0,0,0,0.0,0,0.0,0,0,0,4.0,0,1.1,0.0,0,0,4.0,0,1.1,0,0,0,0.0,0,0,0.0,0,0,,,,4.0,instagram,NK,,,,
ENG - Conteúdos - Fev,120238024409700157,OUTCOME_ENGAGEMENT,2026-02-01,4208,3191,1.318709,8,0.190114,2.5125,4.776616,20.1,0.0,0,0.0,0.0,0,0.0,0.0,0,0.0,0,0,0,0,0,0,0.0,0,0.0,0,0,0,429.0,0,0.046853,134.0,0,0,429.0,0,0.046853,0,0,0,0.0,0,0,0.0,0,0,,,,0.0,instagram,NK,118.0,55.0,34.0,21.0
ALC - Gastronomia — AON,120217368581940157,OUTCOME_AWARENESS,2026-02-06,578026,346962,1.665963,425,0.073526,1.616588,1.188614,687.05,251.0,0,2.737251,0.0,0,0.0,0.0,0,0.0,0,0,0,0,0,0,0.0,0,0.0,0,0,0,19777.0,0,0.03474,93.0,0,0,19777.0,0,0.03474,0,0,0,0.0,0,0,0.0,0,0,,,,1.0,instagram,NK,3974.0,1647.0,517.0,335.0
ALC - Arena Super Games,120236945555570157,OUTCOME_AWARENESS,2026-02-06,358965,251098,1.429581,895,0.249328,0.511892,1.276289,458.143238,23.0,0,19.919271,0.0,0,0.0,0.0,0,0.0,0,0,0,0,0,0,0.0,0,0.0,0,0,0,40211.0,0,0.011393,100.0,0,0,40212.0,0,0.011393,0,0,0,0.0,0,0,0.0,0,0,,,,8.0,facebook,NK,10034.0,2924.0,1437.0,885.0
ALC - Arena Super Games,120236945555570157,OUTCOME_AWARENESS,2026-02-06,746309,524274,1.423509,473,0.063379,2.018619,1.279372,954.806748,11.0,0,86.800613,0.0,0,0.0,0.0,0,0.0,0,0,0,0,0,0,0.0,0,0.0,0,0,0,27681.0,0,0.034493,219.0,0,0,27681.0,0,0.034493,0,0,0,0.0,0,0,0.0,0,0,,,,9.0,instagram,NK,9013.0,4041.0,1273.0,792.0
ALC - Arena Super Games,120236945555570157,OUTCOME_AWARENESS,2026-02-06,1613,1510,1.068212,0,0.0,0.0,1.215136,1.960014,0.0,0,0.0,0.0,0,0.0,0.0,0,0.0,0,0,0,0,0,0,0.0,0,0.0,0,0,0,498.0,0,0.003936,3.0,0,0,498.0,0,0.003936,0,0,0,0.0,0,0,0.0,0,0,,,,0.0,threads,NK,202.0,60.0,28.0,14.0
ALC - Cinema - AON,120237502551570157,OUTCOME_AWARENESS,2026-02-06,574518,280542,2.047886,925,0.161005,0.663673,1.068544,613.897637,41.0,0,14.973113,0.0,0,0.0,0.0,0,0.0,0,0,0,0,0,0,0.0,0,0.0,0,0,0,28763.0,0,0.021343,252.0,0,0,28768.0,0,0.02134,0,0,0,0.0,0,0,0.0,0,0,,,,32.0,facebook,NK,77855.0,29794.0,16917.0,12085.0
ALC - Cinema - AON,120237502551570157,OUTCOME_AWARENESS,2026-02-06,172291,92442,1.863774,159,0.092286,1.194858,1.102683,189.982363,84.0,0,2.261695,0.0,0,0.0,0.0,0,0.0,0,0,0,0,0,0,0.0,0,0.0,0,0,0,7320.0,0,0.025954,50.0,0,0,7320.0,0,0.025954,0,0,0,0.0,0,0,0.0,0,0,,,,84.0,instagram,NK,20458.0,7452.0,3732.0,2596.0
ALC - Coleção Boca Rosa Adidas,120238011056000157,OUTCOME_AWARENESS,2026-02-06,139994,77026,1.81749,125,0.08929,1.44272,1.288198,180.34,69.0,0,2.613623,0.0,0,0.0,0.0,0,0.0,0,0,0,0,0,0,0.0,0,0.0,0,0,0,6001.0,0,0.030052,28.0,0,0,6001.0,0,0.030052,0,0,0,0.0,0,0,0.0,0,0,,,,0.0,instagram,NK,2272.0,1054.0,361.0,202.0
ALC - Oficinas de Carnaval no Neumarkt Shopping,120238012028540157,OUTCOME_AWARENESS,2026-02-06,55141,36073,1.528595,33,0.059847,1.721386,1.030191,56.805738,0.0,0,0.0,0.0,0,0.0,0.0,0,0.0,0,0,0,0,0,0,0.0,0,0.0,0,0,0,9.0,0,6.311749,9.0,0,0,10.0,0,5.680574,0,0,0,0.0,0,0,0.0,0,0,,,,0.0,facebook,NK,,,,
ALC - Oficinas de Carnaval no Neumarkt Shopping,120238012028540157,OUTCOME_AWARENESS,2026-02-06,70026,41563,1.684816,70,0.099963,1.092489,1.092084,76.474262,60.0,0,1.274571,0.0,0,0.0,0.0,0,0.0,0,0,0,0,0,0,0.0,0,0.0,0,0,0,63.0,0,1.213877,3.0,0,0,63.0,0,1.213877,0,0,0,0.0,0,0,0.0,0,0,,,,25.0,instagram,NK,,,,
ENG - Conteúdos - Fev,120238024409700157,OUTCOME_ENGAGEMENT,2026-02-06,136648,50465,2.707778,250,0.182952,3.0322,5.547465,758.05,45.0,0,16.845556,0.0,0,0.0,0.0,0,0.0,0,0,0,0,0,0,0.0,0,0.0,0,0,0,26784.0,0,0.028302,5583.0,0,0,26784.0,0,0.028302,0,0,0,0.0,0,0,0.0,0,0,,,,45.0,instagram,NK,22616.0,11764.0,7220.0,5183.0
ALC - Semana do Cinema,120238152179080157,OUTCOME_AWARENESS,2026-02-06,157485,122372,1.286937,136,0.086357,1.47,1.269454,199.92,81.0,0,2.468148,0.0,0,0.0,0.0,0,0.0,0,0,0,0,0,0,0.0,0,0.0,0,0,0,4783.0,0,0.041798,17.0,0,0,4783.0,0,0.041798,0,0,0,0.0,0,0,0.0,0,0,,,,81.0,instagram,NK,1626.0,819.0,207.0,124.0
ALC- Valentine's Day,120238271108280157,OUTCOME_AWARENESS,2026-02-06,71284,56856,1.253764,79,0.110824,1.265063,1.401998,99.94,59.0,0,1.693898,0.0,0,0.0,0.0,0,0.0,0,0,0,0,0,0,0.0,0,0.0,0,0,0,2929.0,0,0.034121,9.0,0,0,2929.0,0,0.034121,0,0,0,0.0,0,0,0.0,0,0,,,,0.0,instagram,NK,524.0,97.0,62.0,40.0
ALC - Moda Feminina,120238480775560157,OUTCOME_AWARENESS,2026-02-06,90156,59867,1.505938,42,0.046586,2.534524,1.180731,106.45,1.0,0,106.45,0.0,0,0.0,0.0,0,0.0,0,0,0,0,0,0,0.0,0,0.0,0,0,0,3791.0,0,0.02808,20.0,0,0,3791.0,0,0.02808,0,0,0,0.0,0,0,0.0,0,0,,,,1.0,instagram,NK,1501.0,715.0,260.0,146.0
ALC - Feira Pet NK,120238544787450157,OUTCOME_AWARENESS,2026-02-06,133090,90552,1.469763,231,0.173567,0.596234,1.034864,137.73,55.0,0,2.504182,0.0,0,0.0,0.0,0,0.0,0,0,0,0,0,0,0.0,0,0.0,0,0,0,90.0,0,1.530333,32.0,0,0,90.0,0,1.530333,0,0,0,0.0,0,0,0.0,0,0,,,,53.0,facebook,NK,,,,
ALC - Feira Pet NK,120238544787450157,OUTCOME_AWARENESS,2026-02-06,55662,43538,1.278469,71,0.127556,0.877042,1.118717,62.27,49.0,0,1.270816,0.0,0,0.0,0.0,0,0.0,0,0,0,0,0,0,0.0,0,0.0,0,0,0,60.0,0,1.037833,9.0,0,0,60.0,0,1.037833,0,0,0,0.0,0,0,0.0,0,0,,,,20.0,instagram,NK,,,,
ALC - Promoção Meu Méqui,120238882009230157,OUTCOME_AWARENESS,2026-02-06,15725,15158,1.037406,32,0.203498,0.677813,1.379332,21.69,25.0,0,0.8676,0.0,0,0.0,0.0,0,0.0,0,0,0,0,0,0,0.0,0,0.0,0,0,0,27.0,0,0.803333,0.0,0,0,27.0,0,0.803333,0,0,0,0.0,0,0,0.0,0,0,,,,7.0,instagram,NK,,,,
ALC - Poker NK,120238895400210157,OUTCOME_AWARENESS,2026-02-06,18462,14327,1.288616,81,0.438739,0.316543,1.388799,25.64,2.0,0,12.82,0.0,0,0.0,0.0,0,0.0,0,0,0,0,0,0,0.0,0,0.0,0,0,0,2283.0,0,0.011231,3.0,0,0,2284.0,0,0.011226,0,0,0,0.0,0,0,0.0,0,0,,,,2.0,facebook,NK,516.0,164.0,91.0,42.0
ALC - Poker NK,120238895400210157,OUTCOME_AWARENESS,2026-02-06,8923,8100,1.101605,8,0.089656,1.5175,1.360529,12.14,1.0,0,12.14,0.0,0,0.0,0.0,0,0.0,0,0,0,0,0,0,0.0,0,0.0,0,0,0,317.0,0,0.038297,1.0,0,0,317.0,0,0.038297,0,0,0,0.0,0,0,0.0,0,0,,,,1.0,instagram,NK,84.0,42.0,11.0,5.0
ENG - POKER,120238895417590157,OUTCOME_ENGAGEMENT,2026-02-06,1311,844,1.553318,107,8.161709,0.106262,8.672769,11.37,1.0,0,11.37,0.0,0,0.0,0.0,0,0.0,0,0,0,0,0,0,0.0,0,0.0,0,0,0,442.0,0,0.025724,110.0,0,0,442.0,0,0.025724,0,0,0,0.0,0,0,0.0,0,0,,,,0.0,facebook,NK,82.0,29.0,18.0,10.0
ENG - POKER,120238895417590157,OUTCOME_ENGAGEMENT,2026-02-06,3582,2452,1.460848,2,0.055835,15.96,8.911223,31.92,0.0,0,0.0,0.0,0,0.0,0.0,0,0.0,0,0,0,0,0,0,0.0,0,0.0,0,0,0,558.0,0,0.057204,272.0,0,0,558.0,0,0.057204,0,0,0,0.0,0,0,0.0,0,0,,,,0.0,instagram,NK,74.0,25.0,16.0,10.0
ALC - General Ly,120238922807440157,OUTCOME_AWARENESS,2026-02-06,10822,9223,1.173371,20,0.184809,0.673229,1.244186,13.464586,1.0,0,13.464586,0.0,0,0.0,0.0,0,0.0,0,0,0,0,0,0,0.0,0,0.0,0,0,0,1272.0,0,0.010585,1.0,0,0,1272.0,0,0.010585,0,0,0,0.0,0,0,0.0,0,0,,,,0.0,facebook,NK,97.0,34.0,20.0,10.0
ALC - General Ly,120238922807440157,OUTCOME_AWARENESS,2026-02-06,8023,7698,1.042219,3,0.037393,3.801805,1.42159,11.405414,0.0,0,0.0,0.0,0,0.0,0.0,0,0.0,0,0,0,0,0,0,0.0,0,0.0,0,0,0,308.0,0,0.037031,3.0,0,0,308.0,0,0.037031,0,0,0,0.0,0,0,0.0,0,0,,,,0.0,instagram,NK,38.0,9.0,7.0,6.0
ALC - Exposição Telomar,120238922924330157,OUTCOME_AWARENESS,2026-02-06,18059,18059,1.0,1,0.005537,24.35,1.348358,24.35,0.0,0,0.0,0.0,0,0.0,0.0,0,0.0,0,0,0,0,0,0,0.0,0,0.0,0,0,0,752.0,0,0.03238,1.0,0,0,752.0,0,0.03238,0,0,0,0.0,0,0,0.0,0,0,,,,0.0,instagram,NK,155.0,41.0,23.0,17.0
ALC - Legueiros,120238935282320157,OUTCOME_AWARENESS,2026-02-06,33367,29614,1.126731,28,0.083915,1.380357,1.15833,38.65,10.0,0,3.865,0.0,0,0.0,0.0,0,0.0,0,0,0,0,0,0,0.0,0,0.0,0,0,0,13.0,0,2.973077,3.0,0,0,13.0,0,2.973077,0,0,0,0.0,0,0,0.0,0,0,,,,10.0,facebook,NK,,,,
ALC - Legueiros,120238935282320157,OUTCOME_AWARENESS,2026-02-06,20145,19668,1.024253,28,0.138992,0.963929,1.339787,26.99,23.0,0,1.173478,0.0,0,0.0,0.0,0,0.0,0,0,0,0,0,0,0.0,0,0.0,0,0,0,25.0,0,1.0796,1.0,0,0,25.0,0,1.0796,0,0,0,0.0,0,0,0.0,0,0,,,,9.0,instagram,NK,,,,
ALC - Legueiros,120238935282320157,OUTCOME_AWARENESS,2026-02-06,2,2,1.0,0,0.0,0.0,5.0,0.01,0.0,0,0.0,0.0,0,0.0,0.0,0,0.0,0,0,0,0,0,0,0.0,0,0.0,0,0,0,0.0,0,0.0,0.0,0,0,0.0,0,0.0,0,0,0,0.0,0,0,0.0,0,0,,,,0.0,threads,NK,,,,
ALC - Gastronomia — AON,120217368581940157,OUTCOME_AWARENESS,2026-03-01,415747,278069,1.495122,338,0.081299,1.482012,1.204867,500.92,222.0,0,2.256396,0.0,0,0.0,0.0,0,0.0,0,0,0,0,0,0,0.0,0,0.0,0,0,0,16477.0,0,0.030401,53.0,0,0,16477.0,0,0.030401,0,0,0,0.0,0,0,0.0,0,0,,,,0.0,instagram,NK,2727.0,957.0,405.0,250.0
ALC - Cinema - AON,120237502551570157,OUTCOME_AWARENESS,2026-03-01,320843,176245,1.820437,597,0.186072,0.573214,1.066593,342.208753,57.0,0,6.003662,11.0,0,31.109887,0.0,0,0.0,0,0,0,0,0,0,0.0,0,0.0,0,0,0,34610.0,0,0.009888,198.0,0,0,34612.0,0,0.009887,0,0,0,0.0,0,0,0.0,0,0,,,,54.0,facebook,NK,84807.0,34995.0,20640.0,15382.0
ALC - Cinema - AON,120237502551570157,OUTCOME_AWARENESS,2026-03-01,90533,62817,1.441218,63,0.069588,1.576528,1.097072,99.321247,39.0,0,2.546699,17.0,0,5.842426,0.0,0,0.0,0,0,0,0,0,0,0.0,0,0.0,0,0,0,5421.0,0,0.018322,33.0,0,0,5421.0,0,0.018322,0,0,0,0.0,0,0,0.0,0,0,,,,39.0,instagram,NK,14719.0,5430.0,2643.0,1827.0
ALC - Moda Feminina,120238480775560157,OUTCOME_AWARENESS,2026-03-01,116570,73756,1.580482,33,0.028309,4.348485,1.23102,143.5,1.0,0,143.5,0.0,0,0.0,0.0,0,0.0,0,0,0,0,0,0,0.0,0,0.0,0,0,0,4865.0,0,0.029496,36.0,0,0,4865.0,0,0.029496,0,0,0,0.0,0,0,0.0,0,0,,,,1.0,instagram,NK,1836.0,844.0,305.0,182.0
ALC - Promoção Meu Méqui,120238882009230157,OUTCOME_AWARENESS,2026-03-01,54617,40495,1.348734,102,0.186755,0.606961,1.13353,61.91,83.0,0,0.745904,0.0,0,0.0,0.0,0,0.0,0,0,0,0,0,0,0.0,0,0.0,0,0,0,86.0,0,0.719884,2.0,0,0,86.0,0,0.719884,0,0,0,0.0,0,0,0.0,0,0,,,,26.0,instagram,NK,,,,
ALC - Poker NK,120238895400210157,OUTCOME_AWARENESS,2026-03-01,18940,13941,1.358583,62,0.32735,0.331129,1.083949,20.53,2.0,0,10.265,0.0,0,0.0,0.0,0,0.0,0,0,0,0,0,0,0.0,0,0.0,0,0,0,2037.0,0,0.010079,3.0,0,0,2037.0,0,0.010079,0,0,0,0.0,0,0,0.0,0,0,,,,0.0,facebook,NK,505.0,161.0,76.0,34.0
ALC - Poker NK,120238895400210157,OUTCOME_AWARENESS,2026-03-01,13335,11939,1.116928,2,0.014998,7.305,1.095613,14.61,0.0,0,0.0,0.0,0,0.0,0.0,0,0.0,0,0,0,0,0,0,0.0,0,0.0,0,0,0,442.0,0,0.033054,3.0,0,0,442.0,0,0.033054,0,0,0,0.0,0,0,0.0,0,0,,,,0.0,instagram,NK,119.0,54.0,23.0,13.0
ENG - POKER,120238895417590157,OUTCOME_ENGAGEMENT,2026-03-01,1550,961,1.612903,81,5.225806,0.119689,6.254719,9.694814,1.0,0,9.694814,0.0,0,0.0,0.0,0,0.0,0,0,0,0,0,0,0.0,0,0.0,0,0,0,392.0,0,0.024732,84.0,0,0,392.0,0,0.024732,0,0,0,0.0,0,0,0.0,0,0,,,,0.0,facebook,NK,74.0,27.0,18.0,10.0
ENG - POKER,120238895417590157,OUTCOME_ENGAGEMENT,2026-03-01,5355,3497,1.531313,4,0.074697,7.646297,5.711519,30.585186,0.0,0,0.0,0.0,0,0.0,0.0,0,0.0,0,0,0,0,0,0,0.0,0,0.0,0,0,0,650.0,0,0.047054,235.0,0,0,650.0,0,0.047054,0,0,0,0.0,0,0,0.0,0,0,,,,0.0,instagram,NK,127.0,53.0,34.0,23.0
ALC - General Ly,120238922807440157,OUTCOME_AWARENESS,2026-03-01,173917,73823,2.355865,325,0.186871,0.666083,1.244714,216.476859,13.0,0,16.652066,0.0,0,0.0,0.0,0,0.0,0,0,0,0,0,0,0.0,0,0.0,0,0,0,19966.0,0,0.010842,55.0,0,0,19966.0,0,0.010842,0,0,0,0.0,0,0,0.0,0,0,,,,0.0,facebook,NK,1397.0,417.0,262.0,154.0
ALC - General Ly,120238922807440157,OUTCOME_AWARENESS,2026-03-01,78952,47695,1.655352,33,0.041798,3.003429,1.255359,99.113141,1.0,0,99.113141,0.0,0,0.0,0.0,0,0.0,0,0,0,0,0,0,0.0,0,0.0,0,0,0,2838.0,0,0.034924,21.0,0,0,2838.0,0,0.034924,0,0,0,0.0,0,0,0.0,0,0,,,,1.0,instagram,NK,366.0,77.0,39.0,19.0
ALC - Exposição Telomar,120238922924330157,OUTCOME_AWARENESS,2026-03-01,217058,113535,1.911816,67,0.030867,4.005672,1.236444,268.38,1.0,0,268.38,0.0,0,0.0,0.0,0,0.0,0,0,0,0,0,0,0.0,0,0.0,0,0,0,10733.0,0,0.025005,38.0,0,0,10733.0,0,0.025005,0,0,0,0.0,0,0,0.0,0,0,,,,1.0,instagram,NK,2275.0,694.0,381.0,251.0
ALC - Legueiros,120238935282320157,OUTCOME_AWARENESS,2026-03-01,320854,187138,1.714532,186,0.05797,1.99482,1.156403,371.036459,10.0,0,37.103646,0.0,0,0.0,0.0,0,0.0,0,0,0,0,0,0,0.0,0,0.0,0,0,0,79.0,0,4.696664,69.0,0,0,79.0,0,4.696664,0,0,0,0.0,0,0,0.0,0,0,,,,0.0,facebook,NK,,,,
ALC - Legueiros,120238935282320157,OUTCOME_AWARENESS,2026-03-01,1000401,363617,2.751249,1215,0.121451,1.112908,1.351642,1352.183541,943.0,0,1.433917,2.0,0,676.09177,0.0,0,0.0,0,0,0,0,0,0,0.0,0,0.0,0,0,0,13886.0,0,0.097377,97.0,0,0,13886.0,0,0.097377,0,0,0,0.0,0,0,0.0,0,0,,,,101.0,instagram,NK,1734.0,382.0,193.0,131.0
ALC - Semana do Consumidor,120239316518760157,OUTCOME_AWARENESS,2026-03-01,688156,441039,1.560306,523,0.076,1.911893,1.453043,999.92,77.0,0,12.985974,1.0,0,999.92,0.0,0,0.0,0,0,0,0,0,0,0.0,0,0.0,0,0,0,28520.0,0,0.03506,120.0,0,0,28520.0,0,0.03506,0,0,0,0.0,0,0,0.0,0,0,,,,76.0,instagram,NK,3279.0,692.0,365.0,245.0
ALC - Páscoa,120239362078700157,OUTCOME_AWARENESS,2026-03-01,119450,68504,1.743694,224,0.187526,0.688661,1.291419,154.26,14.0,0,11.018571,1.0,0,154.26,0.0,0,0.0,0,0,0,0,0,0,0.0,0,0.0,0,0,0,6457.0,0,0.02389,47.0,0,0,6457.0,0,0.02389,0,0,0,0.0,0,0,0.0,0,0,,,,8.0,facebook,NK,571.0,235.0,142.0,97.0
ALC - Páscoa,120239362078700157,OUTCOME_AWARENESS,2026-03-01,60913,39948,1.524807,17,0.027909,4.866471,1.358167,82.73,0.0,0,0.0,0.0,0,0.0,0.0,0,0.0,0,0,0,0,0,0,0.0,0,0.0,0,0,0,2031.0,0,0.040734,5.0,0,0,2031.0,0,0.040734,0,0,0,0.0,0,0,0.0,0,0,,,,0.0,instagram,NK,269.0,60.0,28.0,21.0
ALC - Agenda de março,120239404690950157,OUTCOME_AWARENESS,2026-03-01,134096,78675,1.70443,140,0.104403,1.287,1.343664,180.18,109.0,0,1.653028,0.0,0,0.0,0.0,0,0.0,0,0,0,0,0,0,0.0,0,0.0,0,0,0,111.0,0,1.623243,1.0,0,0,111.0,0,1.623243,0,0,0,0.0,0,0,0.0,0,0,,,,37.0,instagram,NK,,,,
ALC - Crepusculo,120239513135660157,OUTCOME_AWARENESS,2026-03-01,257366,129136,1.992984,95,0.036912,3.684105,1.359892,349.99,13.0,0,26.922308,2.0,0,174.995,0.0,0,0.0,0,0,0,0,0,0,0.0,0,0.0,0,0,0,7771.0,0,0.045038,67.0,0,0,7771.0,0,0.045038,0,0,0,0.0,0,0,0.0,0,0,,,,13.0,instagram,NK,3345.0,2004.0,626.0,398.0
ALC - L’Occitane,120239890293650157,OUTCOME_AWARENESS,2026-03-01,11362,7551,1.504701,11,0.096814,1.430909,1.385319,15.74,4.0,0,3.935,0.0,0,0.0,0.0,0,0.0,0,0,0,0,0,0,0.0,0,0.0,0,0,0,1430.0,0,0.011007,0.0,0,0,1430.0,0,0.011007,0,0,0,0.0,0,0,0.0,0,0,,,,0.0,facebook,NK,323.0,73.0,27.0,16.0
ALC - L’Occitane,120239890293650157,OUTCOME_AWARENESS,2026-03-01,39390,28492,1.382493,18,0.045697,3.115,1.423458,56.07,2.0,0,28.035,0.0,0,0.0,0.0,0,0.0,0,0,0,0,0,0,0.0,0,0.0,0,0,0,1147.0,0,0.048884,7.0,0,0,1147.0,0,0.048884,0,0,0,0.0,0,0,0.0,0,0,,,,2.0,instagram,NK,346.0,144.0,46.0,29.0
ACL - Outuno,120239890390310157,OUTCOME_AWARENESS,2026-03-01,20224,15416,1.311884,63,0.311511,0.450635,1.403778,28.39,0.0,0,0.0,0.0,0,0.0,0.0,0,0.0,0,0,0,0,0,0,0.0,0,0.0,0,0,0,1485.0,0,0.019118,9.0,0,0,1485.0,0,0.019118,0,0,0,0.0,0,0,0.0,0,0,,,,0.0,facebook,NK,216.0,106.0,81.0,27.0
ACL - Outuno,120239890390310157,OUTCOME_AWARENESS,2026-03-01,50770,41130,1.234379,24,0.047272,3.03,1.432342,72.72,3.0,0,24.24,1.0,0,72.72,0.0,0,0.0,0,0,0,0,0,0,0.0,0,0.0,0,0,0,1575.0,0,0.046171,6.0,0,0,1575.0,0,0.046171,0,0,0,0.0,0,0,0.0,0,0,,,,3.0,instagram,NK,260.0,74.0,36.0,20.0
ALC - Camiseta BR Centauro,120239896037880157,OUTCOME_AWARENESS,2026-03-01,55165,36336,1.518191,236,0.427807,0.323682,1.384737,76.389,1.0,0,76.389,0.0,0,0.0,0.0,0,0.0,0,0,0,0,0,0,0.0,0,0.0,0,0,0,5240.0,0,0.014578,23.0,0,0,5240.0,0,0.014578,0,0,0,0.0,0,0,0.0,0,0,,,,0.0,facebook,NK,7199.0,3035.0,1823.0,1215.0
ALC - Camiseta BR Centauro,120239896037880157,OUTCOME_AWARENESS,2026-03-01,43165,32497,1.328276,28,0.064867,2.232179,1.447956,62.501,3.0,0,20.833667,0.0,0,0.0,0.0,0,0.0,0,0,0,0,0,0,0.0,0,0.0,0,0,0,1666.0,0,0.037516,16.0,0,0,1666.0,0,0.037516,0,0,0,0.0,0,0,0.0,0,0,,,,2.0,instagram,NK,2187.0,1006.0,626.0,446.0
ALC - Camiseta BR Centauro,120239896037880157,OUTCOME_AWARENESS,2026-03-01,2,2,1.0,0,0.0,0.0,0.0,0.0,0.0,0,0.0,0.0,0,0.0,0.0,0,0.0,0,0,0,0,0,0,0.0,0,0.0,0,0,0,0.0,0,0.0,0.0,0,0,0.0,0,0.0,0,0,0,0.0,0,0,0.0,0,0,,,,0.0,threads,NK,,,,
ALC - Foot Wear,120239902813790157,OUTCOME_AWARENESS,2026-03-01,51835,30434,1.703194,83,0.160123,0.880447,1.409802,73.077076,3.0,0,24.359025,0.0,0,0.0,0.0,0,0.0,0,0,0,0,0,0,0.0,0,0.0,0,0,0,5018.0,0,0.014563,10.0,0,0,5018.0,0,0.014563,0,0,0,0.0,0,0,0.0,0,0,,,,2.0,facebook,NK,1721.0,513.0,232.0,134.0
ALC - Foot Wear,120239902813790157,OUTCOME_AWARENESS,2026-03-01,122805,85846,1.430527,43,0.035015,4.113324,1.440275,176.872924,5.0,0,35.374585,1.0,0,176.872924,0.0,0,0.0,0,0,0,0,0,0,0.0,0,0.0,0,0,0,3214.0,0,0.055032,15.0,0,0,3214.0,0,0.055032,0,0,0,0.0,0,0,0.0,0,0,,,,4.0,instagram,NK,1214.0,627.0,165.0,109.0
ALC - Tommy Hilfeger,120239902864470157,OUTCOME_AWARENESS,2026-03-01,31105,17596,1.767731,32,0.102877,1.381696,1.421453,44.214282,1.0,0,44.214282,0.0,0,0.0,0.0,0,0.0,0,0,0,0,0,0,0.0,0,0.0,0,0,0,3860.0,0,0.011454,13.0,0,0,3860.0,0,0.011454,0,0,0,0.0,0,0,0.0,0,0,,,,0.0,facebook,NK,2391.0,709.0,343.0,207.0
ALC - Tommy Hilfeger,120239902864470157,OUTCOME_AWARENESS,2026-03-01,41501,32788,1.265737,5,0.012048,11.809144,1.422754,59.045718,0.0,0,0.0,0.0,0,0.0,0.0,0,0.0,0,0,0,0,0,0,0.0,0,0.0,0,0,0,1640.0,0,0.036003,15.0,0,0,1640.0,0,0.036003,0,0,0,0.0,0,0,0.0,0,0,,,,0.0,instagram,NK,1071.0,454.0,238.0,91.0
ALC - Tour pelo NK,120239934055580157,OUTCOME_AWARENESS,2026-03-01,11000,7105,1.548205,21,0.190909,0.767963,1.466111,16.127217,0.0,0,0.0,0.0,0,0.0,0.0,0,0.0,0,0,0,0,0,0,0.0,0,0.0,0,0,0,1449.0,0,0.01113,3.0,0,0,1449.0,0,0.01113,0,0,0,0.0,0,0,0.0,0,0,,,,0.0,facebook,NK,24.0,13.0,12.0,10.0
ALC - Tour pelo NK,120239934055580157,OUTCOME_AWARENESS,2026-03-01,28398,20751,1.368512,17,0.059863,2.460164,1.472737,41.822783,2.0,0,20.911391,0.0,0,0.0,0.0,0,0.0,0,0,0,0,0,0,0.0,0,0.0,0,0,0,945.0,0,0.044257,2.0,0,0,945.0,0,0.044257,0,0,0,0.0,0,0,0.0,0,0,,,,0.0,instagram,NK,24.0,12.0,11.0,9.0
ENG - Corrida NK,120239980952960157,OUTCOME_ENGAGEMENT,2026-03-01,11102,6821,1.627621,14,0.126103,3.896429,4.913529,54.55,3.0,0,18.183333,1.0,0,54.55,0.0,0,0.0,0,0,0,0,0,0,0.0,0,0.0,0,0,0,1346.0,0,0.040527,390.0,0,0,1346.0,0,0.040527,0,0,0,0.0,0,0,0.0,0,0,,,,3.0,instagram,NK,92.0,52.0,26.0,18.0
ALC - Filme Super Mário,120240044542830157,OUTCOME_AWARENESS,2026-03-01,35502,26990,1.315376,89,0.25069,0.559944,1.403723,49.834991,1.0,0,49.834991,0.0,0,0.0,0.0,0,0.0,0,0,0,0,0,0,0.0,0,0.0,0,0,0,4349.0,0,0.011459,21.0,0,0,4349.0,0,0.011459,0,0,0,0.0,0,0,0.0,0,0,,,,0.0,facebook,NK,290.0,88.0,49.0,27.0
ALC - Filme Super Mário,120240044542830157,OUTCOME_AWARENESS,2026-03-01,34651,30220,1.146625,7,0.020201,7.093573,1.433004,49.65501,1.0,0,49.65501,0.0,0,0.0,0.0,0,0.0,0,0,0,0,0,0,0.0,0,0.0,0,0,0,2292.0,0,0.021664,10.0,0,0,2292.0,0,0.021664,0,0,0,0.0,0,0,0.0,0,0,,,,0.0,instagram,NK,199.0,40.0,19.0,14.0
ALC - Filme Super Mário,120240044542830157,OUTCOME_AWARENESS,2026-03-01,11,11,1.0,0,0.0,0.0,0.909,0.009999,0.0,0,0.0,0.0,0,0.0,0.0,0,0.0,0,0,0,0,0,0,0.0,0,0.0,0,0,0,1.0,0,0.009999,0.0,0,0,1.0,0,0.009999,0,0,0,0.0,0,0,0.0,0,0,,,,0.0,threads,NK,,,,
TRAF - FRANQUIAS,120240045624670157,LINK_CLICKS,2026-03-01,953,553,1.723327,96,10.073452,0.283854,28.593914,27.25,103.0,0,0.264563,49.0,0,0.556122,0.0,0,0.0,0,0,0,0,0,0,0.0,0,0.0,0,0,0,103.0,0,0.264563,0.0,0,0,103.0,0,0.264563,0,0,0,0.0,0,0,0.0,0,0,,,,103.0,audience_network,NK,,,,
TRAF - FRANQUIAS,120240045624670157,LINK_CLICKS,2026-03-01,29380,16796,1.749226,525,1.78693,0.198343,3.544248,104.13,480.0,0,0.216938,260.0,0,0.4005,0.0,0,0.0,0,0,0,0,0,0,1.0,0,104.13,0,0,0,484.0,0,0.215145,3.0,0,0,484.0,0,0.215145,0,0,0,0.0,0,0,3.0,0,0,,,,480.0,facebook,NK,,,,
TRAF - FRANQUIAS,120240045624670157,LINK_CLICKS,2026-03-01,19800,13148,1.505932,485,2.449495,0.185588,4.54596,90.01,436.0,0,0.206445,378.0,0,0.238122,0.0,0,0.0,0,0,0,0,0,0,4.0,0,22.5025,0,0,0,491.0,0,0.18332,40.0,0,0,491.0,0,0.18332,0,0,0,0.0,0,0,44.0,0,0,,,,436.0,instagram,NK,,,,
TRAF - FRANQUIAS,120240045624670157,LINK_CLICKS,2026-03-01,430,380,1.131579,9,2.093023,0.15,3.139535,1.35,9.0,0,0.15,7.0,0,0.192857,0.0,0,0.0,0,0,0,0,0,0,0.0,0,0.0,0,0,0,9.0,0,0.15,0.0,0,0,9.0,0,0.15,0,0,0,0.0,0,0,0.0,0,0,,,,9.0,threads,NK,,,,
ENG - FRANQUIAS,120240047407400157,OUTCOME_ENGAGEMENT,2026-03-01,59,50,1.18,0,0.0,0.0,14.40678,0.85,0.0,0,0.0,0.0,0,0.0,0.0,0,0.0,0,0,0,0,0,0,0.0,0,0.0,0,0,0,0.0,0,0.0,0.0,0,0,0.0,0,0.0,0,0,0,0.0,0,0,0.0,0,0,,,,0.0,facebook,NK,,,,
ENG - FRANQUIAS,120240047407400157,OUTCOME_ENGAGEMENT,2026-03-01,938,656,1.429878,6,0.639659,2.448333,15.660981,14.69,5.0,0,2.938,0.0,0,0.0,0.0,0,0.0,0,0,0,0,0,0,0.0,0,0.0,0,0,0,9.0,0,1.632222,3.0,0,0,9.0,0,1.632222,0,0,0,0.0,0,0,0.0,0,0,,,,4.0,instagram,NK,,,,
ALC - Evento ELAS,120240291158100157,OUTCOME_AWARENESS,2026-03-01,68996,63490,1.086722,130,0.188417,0.849949,1.601445,110.493326,74.0,0,1.493153,33.0,0,3.348283,0.0,0,0.0,0,0,0,0,0,0,0.0,0,0.0,0,0,0,2247.0,0,0.049174,10.0,0,0,2247.0,0,0.049174,0,0,0,0.0,0,0,0.0,0,0,,,,74.0,facebook,NK,1059.0,338.0,180.0,86.0
ALC - Evento ELAS,120240291158100157,OUTCOME_AWARENESS,2026-03-01,95821,88725,1.079977,59,0.061573,2.618588,1.612347,154.496685,41.0,0,3.768212,27.0,0,5.722099,0.0,0,0.0,0,0,0,0,0,0,0.0,0,0.0,0,0,0,2496.0,0,0.061898,9.0,0,0,2496.0,0,0.061898,0,0,0,0.0,0,0,0.0,0,0,,,,41.0,instagram,NK,1292.0,589.0,350.0,124.0
ALC - Evento ELAS,120240291158100157,OUTCOME_AWARENESS,2026-03-01,47,46,1.021739,0,0.0,0.0,1.489137,0.069989,0.0,0,0.0,0.0,0,0.0,0.0,0,0.0,0,0,0,0,0,0,0.0,0,0.0,0,0,0,22.0,0,0.003181,0.0,0,0,22.0,0,0.003181,0,0,0,0.0,0,0,0.0,0,0,,,,0.0,threads,NK,14.0,5.0,3.0,2.0
ALC - Kopenhagen,120240291675120157,OUTCOME_AWARENESS,2026-03-01,54264,42671,1.271683,92,0.169542,0.884565,1.499705,81.38,3.0,0,27.126667,0.0,0,0.0,0.0,0,0.0,0,0,0,0,0,0,0.0,0,0.0,0,0,0,5914.0,0,0.013761,22.0,0,0,5914.0,0,0.013761,0,0,0,0.0,0,0,0.0,0,0,,,,0.0,facebook,NK,7875.0,2664.0,1297.0,785.0
ALC - Lelis,120240357317290157,OUTCOME_AWARENESS,2026-03-01,5681,5541,1.025266,5,0.088013,1.672,1.471572,8.36,3.0,0,2.786667,1.0,0,8.36,0.0,0,0.0,0,0,0,0,0,0,0.0,0,0.0,0,0,0,190.0,0,0.044,1.0,0,0,190.0,0,0.044,0,0,0,0.0,0,0,0.0,0,0,,,,3.0,instagram,NK,150.0,60.0,38.0,26.0
ALC - Gastronomia — AON,120217368581940157,OUTCOME_AWARENESS,2026-04-01,443304,271724,1.63145,354,0.079855,1.590819,1.270347,563.15,233.0,0,2.416953,0.0,0,0.0,0.0,0,0.0,0,0,0,0,0,0,0.0,0,0.0,0,0,0,15777.0,0,0.035694,51.0,0,0,15777.0,0,0.035694,0,0,0,0.0,0,0,0.0,0,0,,,,0.0,instagram,NK,2290.0,684.0,341.0,227.0
ALC - Legueiros,120238935282320157,OUTCOME_AWARENESS,2026-04-01,56692,54332,1.043437,46,0.08114,1.612609,1.308474,74.18,31.0,0,2.392903,0.0,0,0.0,0.0,0,0.0,0,0,0,0,0,0,0.0,0,0.0,0,0,0,2924.0,0,0.025369,14.0,0,0,2924.0,0,0.025369,0,0,0,0.0,0,0,0.0,0,0,,,,0.0,instagram,NK,351.0,96.0,53.0,41.0
ACL - Outuno,120239890390310157,OUTCOME_AWARENESS,2026-04-01,15943,12744,1.25102,35,0.219532,0.519345,1.140128,18.177064,0.0,0,0.0,0.0,0,0.0,0.0,0,0.0,0,0,0,0,0,0,0.0,0,0.0,0,0,0,1077.0,0,0.016878,13.0,0,0,1077.0,0,0.016878,0,0,0,0.0,0,0,0.0,0,0,,,,0.0,facebook,NK,134.0,52.0,26.0,11.0
ACL - Outuno,120239890390310157,OUTCOME_AWARENESS,2026-04-01,37519,30366,1.23556,11,0.029318,3.976631,1.165888,43.742936,0.0,0,0.0,0.0,0,0.0,0.0,0,0.0,0,0,0,0,0,0,0.0,0,0.0,0,0,0,1477.0,0,0.029616,6.0,0,0,1477.0,0,0.029616,0,0,0,0.0,0,0,0.0,0,0,,,,0.0,instagram,NK,229.0,69.0,43.0,24.0
ALC - Camiseta BR Centauro,120239896037880157,OUTCOME_AWARENESS,2026-04-01,41730,33062,1.262174,87,0.208483,0.555287,1.15768,48.31,0.0,0,0.0,0.0,0,0.0,0.0,0,0.0,0,0,0,0,0,0,0.0,0,0.0,0,0,0,3412.0,0,0.014159,11.0,0,0,3412.0,0,0.014159,0,0,0,0.0,0,0,0.0,0,0,,,,0.0,facebook,NK,4865.0,1782.0,987.0,610.0
ALC - Camiseta BR Centauro,120239896037880157,OUTCOME_AWARENESS,2026-04-01,37415,32208,1.161668,13,0.034745,3.351538,1.164506,43.57,0.0,0,0.0,0.0,0,0.0,0.0,0,0.0,0,0,0,0,0,0,0.0,0,0.0,0,0,0,1762.0,0,0.024728,17.0,0,0,1762.0,0,0.024728,0,0,0,0.0,0,0,0.0,0,0,,,,0.0,instagram,NK,2395.0,990.0,577.0,409.0
ALC - Tommy Hilfeger,120239902864470157,OUTCOME_AWARENESS,2026-04-01,60559,32428,1.867491,79,0.130451,0.897342,1.170594,70.89,5.0,0,14.178,0.0,0,0.0,0.0,0,0.0,0,0,0,0,0,0,0.0,0,0.0,0,0,0,7678.0,0,0.009233,26.0,0,0,7678.0,0,0.009233,0,0,0,0.0,0,0,0.0,0,0,,,,0.0,facebook,NK,4586.0,1372.0,640.0,392.0
ALC - Tommy Hilfeger,120239902864470157,OUTCOME_AWARENESS,2026-04-01,65493,44549,1.470134,21,0.032065,3.608571,1.15707,75.78,0.0,0,0.0,0.0,0,0.0,0.0,0,0.0,0,0,0,0,0,0,0.0,0,0.0,0,0,0,3009.0,0,0.025184,24.0,0,0,3009.0,0,0.025184,0,0,0,0.0,0,0,0.0,0,0,,,,0.0,instagram,NK,1818.0,763.0,395.0,179.0
ALC - Filme Super Mário,120240044542830157,OUTCOME_AWARENESS,2026-04-01,85362,56097,1.521686,164,0.192123,0.585854,1.125559,96.08,1.0,0,96.08,0.0,0,0.0,0.0,0,0.0,0,0,0,0,0,0,0.0,0,0.0,0,0,0,11103.0,0,0.008654,37.0,0,0,11103.0,0,0.008654,0,0,0,0.0,0,0,0.0,0,0,,,,0.0,facebook,NK,657.0,197.0,116.0,69.0
ALC - Filme Super Mário,120240044542830157,OUTCOME_AWARENESS,2026-04-01,89903,62142,1.446735,24,0.026695,4.349167,1.161029,104.38,0.0,0,0.0,0.0,0,0.0,0.0,0,0.0,0,0,0,0,0,0,0.0,0,0.0,0,0,0,6126.0,0,0.017039,25.0,0,0,6126.0,0,0.017039,0,0,0,0.0,0,0,0.0,0,0,,,,0.0,instagram,NK,516.0,137.0,78.0,44.0
TRAF - FRANQUIAS,120240045624670157,LINK_CLICKS,2026-04-01,8915,4243,2.101108,864,9.691531,0.231627,22.448223,200.125904,928.0,0,0.215653,406.0,0,0.492921,0.0,0,0.0,0,0,0,0,0,0,0.0,0,0.0,0,0,0,928.0,0,0.215653,0.0,0,0,928.0,0,0.215653,0,0,0,0.0,0,0,0.0,0,0,,,,928.0,audience_network,NK,,,,
TRAF - FRANQUIAS,120240045624670157,LINK_CLICKS,2026-04-01,152768,54587,2.798615,2581,1.68949,0.181689,3.069625,468.940402,2178.0,0,0.215308,1060.0,0,0.442397,0.0,0,0.0,0,0,0,0,0,0,2.0,0,234.470201,0,0,0,2225.0,0,0.21076,44.0,0,0,2227.0,0,0.21057,0,0,0,0.0,0,0,8.0,0,0,,,,2176.0,facebook,NK,,,,
TRAF - FRANQUIAS,120240045624670157,LINK_CLICKS,2026-04-01,103439,43283,2.38983,1784,1.724688,0.168091,2.899041,299.873863,1680.0,0,0.178496,833.0,0,0.359993,0.0,0,0.0,0,0,0,0,0,0,17.0,0,17.639639,0,0,0,1749.0,0,0.171454,46.0,0,0,1749.0,0,0.171454,0,0,0,0.0,0,0,77.0,0,0,,,,1678.0,instagram,NK,,,,
TRAF - FRANQUIAS,120240045624670157,LINK_CLICKS,2026-04-01,3325,2312,1.438149,55,1.654135,0.149997,2.481152,8.249831,53.0,0,0.155657,46.0,0,0.179344,0.0,0,0.0,0,0,0,0,0,0,2.0,0,4.124916,0,0,0,63.0,0,0.13095,9.0,0,0,63.0,0,0.13095,0,0,0,0.0,0,0,8.0,0,0,,,,53.0,threads,NK,,,,
ALC - Evento ELAS,120240291158100157,OUTCOME_AWARENESS,2026-04-01,10713,10656,1.005349,5,0.046672,2.61,1.218146,13.05,0.0,0,0.0,0.0,0,0.0,0.0,0,0.0,0,0,0,0,0,0,0.0,0,0.0,0,0,0,186.0,0,0.070161,0.0,0,0,186.0,0,0.070161,0,0,0,0.0,0,0,0.0,0,0,,,,0.0,facebook,NK,94.0,40.0,16.0,7.0
ALC - Evento ELAS,120240291158100157,OUTCOME_AWARENESS,2026-04-01,16273,15913,1.022623,3,0.018435,7.29,1.343944,21.87,0.0,0,0.0,0.0,0,0.0,0.0,0,0.0,0,0,0,0,0,0,0.0,0,0.0,0,0,0,446.0,0,0.049036,0.0,0,0,446.0,0,0.049036,0,0,0,0.0,0,0,0.0,0,0,,,,0.0,instagram,NK,254.0,108.0,54.0,23.0
ALC - Kopenhagen,120240291675120157,OUTCOME_AWARENESS,2026-04-01,120415,90504,1.330494,227,0.188515,0.627445,1.182826,142.43,89.0,0,1.600337,0.0,0,0.0,0.0,0,0.0,0,0,0,0,0,0,0.0,0,0.0,0,0,0,6774.0,0,0.021026,44.0,0,0,6774.0,0,0.021026,0,0,0,0.0,0,0,0.0,0,0,,,,0.0,facebook,NK,8908.0,2991.0,1441.0,876.0
ALC - Kopenhagen,120240291675120157,OUTCOME_AWARENESS,2026-04-01,66641,56025,1.189487,73,0.109542,1.043562,1.14314,76.18,51.0,0,1.493725,0.0,0,0.0,0.0,0,0.0,0,0,0,0,0,0,0.0,0,0.0,0,0,0,55.0,0,1.385091,4.0,0,0,55.0,0,1.385091,0,0,0,0.0,0,0,0.0,0,0,,,,7.0,instagram,NK,,,,
ALC - Lelis,120240357317290157,OUTCOME_AWARENESS,2026-04-01,93841,62036,1.512686,26,0.027706,4.292692,1.189352,111.61,1.0,0,111.61,0.0,0,0.0,0.0,0,0.0,0,0,0,0,0,0,0.0,0,0.0,0,0,0,3866.0,0,0.02887,17.0,0,0,3866.0,0,0.02887,0,0,0,0.0,0,0,0.0,0,0,,,,0.0,instagram,NK,3066.0,1126.0,641.0,450.0
TRAF - CAMPANHA IPHONE,120240657900390157,LINK_CLICKS,2026-04-01,440958,32223,13.684573,3603,0.817085,0.215048,1.757124,774.817749,4212.0,0,0.183955,1049.0,0,0.738625,1.0,0,774.817749,0,0,0,0,0,0,4.0,0,193.704437,0,0,0,5216.0,0,0.148546,0.0,0,0,5216.0,0,0.148546,0,0,0,1.0,0,0,42.0,0,0,,,,4212.0,audience_network,NK,881.0,1063.0,702.0,562.0
TRAF - CAMPANHA IPHONE,120240657900390157,LINK_CLICKS,2026-04-01,47033,30053,1.565002,570,1.211915,0.208563,2.527612,118.881189,498.0,0,0.238717,115.0,0,1.033749,2.0,0,59.440594,0,0,0,0,0,0,7.0,0,16.983027,0,0,0,1086.0,0,0.109467,15.0,0,0,1087.0,0,0.109366,0,0,0,2.0,0,0,33.0,0,0,,,,495.0,facebook,NK,1285.0,670.0,474.0,359.0
TRAF - CAMPANHA IPHONE,120240657900390157,LINK_CLICKS,2026-04-01,7733,5045,1.532805,472,6.103711,0.22479,13.720556,106.101061,467.0,0,0.227197,144.0,0,0.736813,0.0,0,0.0,0,0,0,0,0,0,0.0,0,0.0,0,0,0,575.0,0,0.184524,12.0,0,0,575.0,0,0.184524,0,0,0,0.0,0,0,14.0,0,0,,,,464.0,instagram,NK,196.0,107.0,76.0,59.0
TRAF - CAMPANHA IPHONE,120240657900390157,LINK_CLICKS,2026-04-01,50,34,1.470588,1,2.0,0.140001,2.800028,0.140001,0.0,0,0.0,0.0,0,0.0,0.0,0,0.0,0,0,0,0,0,0,0.0,0,0.0,0,0,0,1.0,0,0.140001,1.0,0,0,1.0,0,0.140001,0,0,0,0.0,0,0,0.0,0,0,,,,0.0,threads,NK,,,,
ALC - PROMO MAES 26,120241760752510157,OUTCOME_AWARENESS,2026-04-01,71804,59111,1.214732,82,0.1142,1.59378,1.820094,130.69,58.0,0,2.253276,0.0,0,0.0,0.0,0,0.0,0,0,0,0,0,0,0.0,0,0.0,0,0,0,8167.0,0,0.016002,82.0,0,0,8167.0,0,0.016002,0,0,0,0.0,0,0,0.0,0,0,,,,57.0,instagram,NK,928.0,665.0,579.0,215.0
TRAF - PROMO MAES 26,120241769186730157,LINK_CLICKS,2026-04-01,5784,5513,1.049157,58,1.002766,0.177414,1.779046,10.29,58.0,0,0.177414,11.0,0,0.935455,0.0,0,0.0,0,0,0,0,0,0,0.0,0,0.0,0,0,0,61.0,0,0.168689,0.0,0,0,61.0,0,0.168689,0,0,0,0.0,0,0,0.0,0,0,,,,58.0,facebook,NK,1.0,,,
TRAF - PROMO MAES 26,120241769186730157,LINK_CLICKS,2026-04-01,22138,18260,1.212377,1201,5.425061,0.097835,5.307616,117.5,1130.0,0,0.103982,791.0,0,0.148546,0.0,0,0.0,0,0,0,0,0,0,23.0,0,5.108696,0,0,0,12601.0,0,0.009325,554.0,0,0,12601.0,0,0.009325,0,0,0,0.0,0,0,100.0,0,0,,,,1130.0,instagram,NK,3806.0,3336.0,3070.0,1635.0
ALC - ANÚNCIOS NR,120241771203780157,OUTCOME_AWARENESS,2026-04-01,53275,41293,1.29017,20,0.037541,4.3465,1.631722,86.93,1.0,0,86.93,0.0,0,0.0,0.0,0,0.0,0,0,0,0,0,0,0.0,0,0.0,0,0,0,2325.0,0,0.037389,13.0,0,0,2325.0,0,0.037389,0,0,0,0.0,0,0,0.0,0,0,,,,1.0,instagram,NK,646.0,252.0,105.0,59.0
ALC - BFS BS,120241981891200157,OUTCOME_AWARENESS,2026-04-01,25854,25370,1.019078,24,0.092829,2.08375,1.934324,50.01,16.0,0,3.125625,0.0,0,0.0,0.0,0,0.0,0,0,0,0,0,0,0.0,0,0.0,0,0,0,1016.0,0,0.049222,6.0,0,0,1016.0,0,0.049222,0,0,0,0.0,0,0,0.0,0,0,,,,0.0,instagram,NK,90.0,20.0,13.0,7.0
ALC - Diabo veste prada,120241982450130157,OUTCOME_AWARENESS,2026-04-01,8657,8478,1.021113,18,0.207924,0.960556,1.997228,17.29,15.0,0,1.152667,10.0,0,1.729,0.0,0,0.0,0,0,0,0,0,0,0.0,0,0.0,0,0,0,553.0,0,0.031266,6.0,0,0,553.0,0,0.031266,0,0,0,0.0,0,0,0.0,0,0,,,,15.0,instagram,NK,284.0,171.0,96.0,37.0
ALC - Gastronomia — AON,120217368581940157,OUTCOME_AWARENESS,2026-05-01,124546,119450,1.042662,89,0.07146,2.001348,1.430154,178.12,56.0,0,3.180714,0.0,0,0.0,0.0,0,0.0,0,0,0,0,0,0,0.0,0,0.0,0,0,0,4462.0,0,0.039919,19.0,0,0,4462.0,0,0.039919,0,0,0,0.0,0,0,0.0,0,0,,,,0.0,instagram,NK,627.0,184.0,82.0,56.0
ALC - PROMO MAES 26,120241760752510157,OUTCOME_AWARENESS,2026-05-01,137272,109182,1.257277,132,0.096159,1.642197,1.579128,216.77,96.0,0,2.258021,0.0,0,0.0,0.0,0,0.0,0,0,0,0,0,0,0.0,0,0.0,0,0,0,8872.0,0,0.024433,42.0,0,0,8872.0,0,0.024433,0,0,0,0.0,0,0,0.0,0,0,,,,96.0,instagram,NK,1027.0,237.0,122.0,65.0
TRAF - PROMO MAES 26,120241769186730157,LINK_CLICKS,2026-05-01,11002,9538,1.153491,102,0.927104,0.163725,1.517906,16.7,101.0,0,0.165347,20.0,0,0.835,0.0,0,0.0,0,0,0,0,0,0,2.0,0,8.35,0,0,0,112.0,0,0.149107,0.0,0,0,112.0,0,0.149107,0,0,0,0.0,0,0,6.0,0,0,,,,101.0,facebook,NK,3.0,2.0,2.0,2.0
TRAF - PROMO MAES 26,120241769186730157,LINK_CLICKS,2026-05-01,42101,33480,1.257497,2185,5.1899,0.104906,5.444526,229.22,2119.0,0,0.108174,1425.0,0,0.160856,0.0,0,0.0,0,0,0,0,0,0,57.0,0,4.021404,0,0,0,21493.0,0,0.010665,495.0,0,0,21493.0,0,0.010665,0,0,0,0.0,0,0,87.0,0,0,,,,2118.0,instagram,NK,6509.0,5579.0,5053.0,2839.0
ALC - ANÚNCIOS NR,120241771203780157,OUTCOME_AWARENESS,2026-05-01,117173,89145,1.314409,35,0.02987,4.901429,1.464074,171.55,3.0,0,57.183333,0.0,0,0.0,0.0,0,0.0,0,0,0,0,0,0,0.0,0,0.0,0,0,0,6358.0,0,0.026982,29.0,0,0,6358.0,0,0.026982,0,0,0,0.0,0,0,0.0,0,0,,,,3.0,instagram,NK,2305.0,972.0,391.0,242.0
ALC - BFS BS,120241981891200157,OUTCOME_AWARENESS,2026-05-01,160554,152921,1.049915,262,0.163185,0.738997,1.205932,193.617265,249.0,0,0.777579,0.0,0,0.0,0.0,0,0.0,0,0,0,0,0,0,0.0,0,0.0,0,0,0,255.0,0,0.759283,2.0,0,0,255.0,0,0.759283,0,0,0,0.0,0,0,0.0,0,0,,,,117.0,facebook,NK,,,,
ALC - BFS BS,120241981891200157,OUTCOME_AWARENESS,2026-05-01,335527,241283,1.390595,331,0.098651,1.553815,1.532851,514.312735,234.0,0,2.197918,0.0,0,0.0,0.0,0,0.0,0,0,0,0,0,0,0.0,0,0.0,0,0,0,11562.0,0,0.044483,56.0,0,0,11562.0,0,0.044483,0,0,0,0.0,0,0,0.0,0,0,,,,10.0,instagram,NK,1111.0,225.0,123.0,76.0
ALC - Diabo veste prada,120241982450130157,OUTCOME_AWARENESS,2026-05-01,142842,100974,1.414641,58,0.040604,3.626724,1.472606,210.35,0.0,0,0.0,0.0,0,0.0,0.0,0,0.0,0,0,0,0,0,0,0.0,0,0.0,0,0,0,9251.0,0,0.022738,64.0,0,0,9251.0,0,0.022738,0,0,0,0.0,0,0,0.0,0,0,,,,0.0,instagram,NK,4944.0,2836.0,1373.0,410.0
ALC - PROMO MAES BS,120242170726050157,OUTCOME_AWARENESS,2026-05-01,112631,87681,1.284554,101,0.089673,1.737129,1.557742,175.45,79.0,0,2.220886,0.0,0,0.0,0.0,0,0.0,0,0,0,0,0,0,9.0,0,19.494444,0,0,0,4728.0,0,0.037109,19.0,0,0,4728.0,0,0.037109,0,0,0,0.0,0,0,22.0,0,0,,,,79.0,instagram,NK,1621.0,687.0,226.0,145.0
ALC - TRANSMISSAO BFS,120242225610560157,OUTCOME_AWARENESS,2026-05-01,104548,99850,1.047051,157,0.15017,0.890352,1.337044,139.785285,141.0,0,0.991385,0.0,0,0.0,0.0,0,0.0,0,0,0,0,0,0,0.0,0,0.0,0,0,0,143.0,0,0.977519,2.0,0,0,143.0,0,0.977519,0,0,0,0.0,0,0,0.0,0,0,,,,75.0,facebook,NK,,,,
ALC - TRANSMISSAO BFS,120242225610560157,OUTCOME_AWARENESS,2026-05-01,273134,266177,1.026137,330,0.12082,1.179317,1.424849,389.174715,256.0,0,1.520214,0.0,0,0.0,0.0,0,0.0,0,0,0,0,0,0,0.0,0,0.0,0,0,0,268.0,0,1.452144,12.0,0,0,268.0,0,1.452144,0,0,0,0.0,0,0,0.0,0,0,,,,212.0,instagram,NK,,,,
ALC - COBASI,120242288756310157,OUTCOME_AWARENESS,2026-05-01,6352,6155,1.032007,4,0.062972,2.56,1.612091,10.24,2.0,0,5.12,0.0,0,0.0,0.0,0,0.0,0,0,0,0,0,0,0.0,0,0.0,0,0,0,405.0,0,0.025284,4.0,0,0,405.0,0,0.025284,0,0,0,0.0,0,0,0.0,0,0,,,,0.0,instagram,NK,23.0,7.0,2.0,1.0
ALC | Moda Feminina,120218457714640075,OUTCOME_AWARENESS,2025-11-08,132624,95703,1.385787,124,0.093497,1.876048,1.754057,232.63,74.0,0,3.143649,3.0,0,77.543333,0.0,0,0.0,0,0,0,0,0,0,0.0,0,0.0,0,0,0,4883.0,0,0.047641,22.0,0,0,4883.0,0,0.047641,0,0,0,0.0,0,0,0.0,0,0,,,,8.0,instagram,NR,1553.0,671.0,253.0,157.0
ALC | Moda masculina,120218468471470075,OUTCOME_AWARENESS,2025-11-08,132099,95399,1.3847,111,0.084028,2.088919,1.755274,231.87,75.0,0,3.0916,0.0,0,0.0,0.0,0,0.0,0,0,0,0,0,0,0.0,0,0.0,0,0,0,1729.0,0,0.134106,19.0,0,0,1729.0,0,0.134106,0,0,0,0.0,0,0,0.0,0,0,,,,4.0,instagram,NR,1837.0,566.0,307.0,203.0
ALC - Lojas - Inauguração/ Gastronomia,120218470856850075,OUTCOME_AWARENESS,2025-11-08,130813,85569,1.528743,124,0.094792,1.870887,1.773448,231.99,53.0,0,4.37717,0.0,0,0.0,0.0,0,0.0,0,0,0,0,0,0,0.0,0,0.0,0,0,0,9198.0,0,0.025222,31.0,0,0,9198.0,0,0.025222,0,0,0,0.0,0,0,0.0,0,0,,,,36.0,instagram,NR,2084.0,728.0,417.0,218.0
ALC - Lojas - Diversão,120226684244550075,OUTCOME_AWARENESS,2025-11-08,131044,87442,1.498639,148,0.112939,1.585338,1.790467,234.63,90.0,0,2.607,0.0,0,0.0,0.0,0,0.0,0,0,0,0,0,0,0.0,0,0.0,0,0,0,99.0,0,2.37,8.0,0,0,99.0,0,2.37,0,0,0,0.0,0,0,0.0,0,0,,,,57.0,instagram,NR,,,,
ALC - Inauguração Allmini,120233682805660075,OUTCOME_AWARENESS,2025-11-08,138116,99927,1.382169,166,0.120189,1.508494,1.813041,250.41,104.0,0,2.407788,0.0,0,0.0,0.0,0,0.0,0,0,0,0,0,0,0.0,0,0.0,0,0,0,164.0,0,1.52689,20.0,0,0,129.0,0,1.941163,0,0,0,0.0,0,0,0.0,0,0,,,,0.0,instagram,NR,,,,
ALC - Natal Noel Decor,120234329536470075,OUTCOME_AWARENESS,2025-11-08,198328,122471,1.619387,209,0.105381,1.785407,1.881479,373.15,130.0,0,2.870385,0.0,0,0.0,0.0,0,0.0,0,0,0,0,0,0,0.0,0,0.0,0,0,0,8864.0,0,0.042097,42.0,0,0,8864.0,0,0.042097,0,0,0,0.0,0,0,0.0,0,0,,,,68.0,instagram,NR,1216.0,310.0,161.0,101.0
ALC - Feira Pet Out,120234450509790075,OUTCOME_AWARENESS,2025-11-08,29098,27720,1.049711,50,0.171833,1.1098,1.907004,55.49,40.0,0,1.38725,0.0,0,0.0,0.0,0,0.0,0,0,0,0,0,0,0.0,0,0.0,0,0,0,43.0,0,1.290465,3.0,0,0,43.0,0,1.290465,0,0,0,0.0,0,0,0.0,0,0,,,,0.0,instagram,NR,,,,
ALC - Torneio de Futebol de Mesa,120234584546150075,OUTCOME_AWARENESS,2025-11-08,50876,50772,1.002048,75,0.147417,1.257733,1.854116,94.33,49.0,0,1.925102,0.0,0,0.0,0.0,0,0.0,0,0,0,0,0,0,0.0,0,0.0,0,0,0,59.0,0,1.598814,7.0,0,0,59.0,0,1.598814,0,0,0,0.0,0,0,0.0,0,0,,,,0.0,instagram,NR,,,,
TRAF - PATATIPATATA,120234704659180075,LINK_CLICKS,2025-11-08,3900,2599,1.500577,136,3.487179,0.169559,5.912821,23.06,69.0,0,0.334203,29.0,0,0.795172,0.0,0,0.0,0,0,0,0,0,0,0.0,0,0.0,0,0,0,111.0,0,0.207748,27.0,0,0,111.0,0,0.207748,0,0,0,0.0,0,0,0.0,0,0,,,,25.0,instagram,NR,,,,
ALC - NATAL 25,120234821449200075,OUTCOME_AWARENESS,2025-11-08,290381,192469,1.508716,490,0.168744,0.95218,1.606745,466.568264,341.0,0,1.368235,1.0,0,466.568264,0.0,0,0.0,0,0,0,0,0,0,0.0,0,0.0,0,0,0,1303.0,0,0.358072,45.0,0,0,1303.0,0,0.358072,0,0,0,0.0,0,0,0.0,0,0,,,,315.0,facebook,NR,1533.0,498.0,242.0,156.0
ALC - NATAL 25,120234821449200075,OUTCOME_AWARENESS,2025-11-08,109381,79858,1.369694,142,0.129821,1.332336,1.729658,189.191736,122.0,0,1.550752,0.0,0,0.0,0.0,0,0.0,0,0,0,0,0,0,0.0,0,0.0,0,0,0,391.0,0,0.483866,12.0,0,0,391.0,0,0.483866,0,0,0,0.0,0,0,0.0,0,0,,,,121.0,instagram,NR,804.0,222.0,135.0,99.0
ALC - PATATIPATATA,120234821763070075,OUTCOME_AWARENESS,2025-11-08,31312,31312,1.0,78,0.249106,0.669487,1.667731,52.22,62.0,0,0.842258,32.0,0,1.631875,0.0,0,0.0,0,0,0,0,0,0,0.0,0,0.0,0,0,0,71.0,0,0.735493,6.0,0,0,71.0,0,0.735493,0,0,0,0.0,0,0,0.0,0,0,,,,62.0,instagram,NR,,,,
TRAF - NATAL 25,120234821911100075,LINK_CLICKS,2025-11-08,470,246,1.910569,6,1.276596,0.353391,4.511375,2.120346,7.0,0,0.302907,2.0,0,1.060173,0.0,0,0.0,0,0,0,0,0,0,0.0,0,0.0,0,0,0,7.0,0,0.302907,0.0,0,0,7.0,0,0.302907,0,0,0,0.0,0,0,0.0,0,0,,,,7.0,audience_network,NR,,,,
TRAF - NATAL 25,120234821911100075,LINK_CLICKS,2025-11-08,117160,54591,2.146141,2630,2.244793,0.228456,5.128355,600.838085,1928.0,0,0.311638,1436.0,0,0.418411,0.0,0,0.0,0,0,0,0,0,0,0.0,0,0.0,0,0,0,4783.0,0,0.12562,177.0,0,0,4784.0,0,0.125593,0,0,0,0.0,0,0,0.0,0,0,,,,1920.0,facebook,NR,996.0,489.0,322.0,137.0
TRAF - NATAL 25,120234821911100075,LINK_CLICKS,2025-11-08,33755,17652,1.912248,370,1.096134,0.357085,3.914133,132.121569,328.0,0,0.40281,302.0,0,0.437489,0.0,0,0.0,0,0,0,0,0,0,0.0,0,0.0,0,0,0,437.0,0,0.302338,30.0,0,0,437.0,0,0.302338,0,0,0,0.0,0,0,0.0,0,0,,,,328.0,instagram,NR,27.0,14.0,9.0,7.0
[ALC - Cine Materna],120234972253410075,OUTCOME_AWARENESS,2025-11-08,45148,45148,1.0,51,0.112962,1.568431,1.771729,79.99,34.0,0,2.352647,0.0,0,0.0,0.0,0,0.0,0,0,0,0,0,0,0.0,0,0.0,0,0,0,35.0,0,2.285429,1.0,0,0,35.0,0,2.285429,0,0,0,0.0,0,0,0.0,0,0,,,,0.0,instagram,NR,,,,
ALC - Senhora Farinha,120235105425650075,OUTCOME_AWARENESS,2025-11-08,246433,166794,1.477469,258,0.104694,1.80876,1.893659,466.66,157.0,0,2.972357,0.0,0,0.0,0.0,0,0.0,0,0,0,0,0,0,0.0,0,0.0,0,0,0,27569.0,0,0.016927,95.0,0,0,27569.0,0,0.016927,0,0,0,0.0,0,0,0.0,0,0,,,,82.0,instagram,NR,17103.0,9506.0,3889.0,919.0
ALC - ESQUENTA VOLKSFRIENDS,120235245890480075,OUTCOME_AWARENESS,2025-11-08,83714,82295,1.017243,103,0.123038,1.456019,1.791457,149.97,74.0,0,2.026622,0.0,0,0.0,0.0,0,0.0,0,0,0,0,0,0,0.0,0,0.0,0,0,0,90.0,0,1.666333,11.0,0,0,90.0,0,1.666333,0,0,0,0.0,0,0,0.0,0,0,,,,0.0,instagram,NR,,,,
ENG - PET DAY,120235524391440075,OUTCOME_ENGAGEMENT,2025-11-08,9744,6422,1.517284,55,0.56445,1.818182,10.262726,100.0,36.0,0,2.777778,0.0,0,0.0,0.0,0,0.0,0,0,0,0,0,0,0.0,0,0.0,0,0,0,1690.0,0,0.059172,897.0,0,0,1690.0,0,0.059172,0,0,0,0.0,0,0,0.0,0,0,,,,18.0,instagram,NR,289.0,129.0,85.0,63.0
ALC - Cidadania Já,120235524827340075,OUTCOME_AWARENESS,2025-11-08,59462,48209,1.233421,49,0.082406,2.177143,1.794087,106.68,24.0,0,4.445,0.0,0,0.0,0.0,0,0.0,0,0,0,0,0,0,0.0,0,0.0,0,0,0,3796.0,0,0.028103,19.0,0,0,3796.0,0,0.028103,0,0,0,0.0,0,0,0.0,0,0,,,,15.0,instagram,NR,925.0,350.0,175.0,66.0
Black Friday - NR,120235655860310075,OUTCOME_AWARENESS,2025-11-08,496643,420058,1.18232,169,0.034028,5.91716,2.013519,1000.0,44.0,0,22.727273,0.0,0,0.0,0.0,0,0.0,0,0,0,0,0,0,0.0,0,0.0,0,0,0,2984.0,0,0.335121,53.0,0,0,2984.0,0,0.335121,0,0,0,0.0,0,0,0.0,0,0,,,,1.0,instagram,NR,729.0,212.0,114.0,67.0
ALC - Torneio de Poker - NR,120235658959800075,OUTCOME_AWARENESS,2025-11-08,35154,32701,1.075013,13,0.03698,5.141538,1.901348,66.84,0.0,0,0.0,0.0,0,0.0,0.0,0,0.0,0,0,0,0,0,0,0.0,0,0.0,0,0,0,1820.0,0,0.036725,15.0,0,0,1820.0,0,0.036725,0,0,0,0.0,0,0,0.0,0,0,,,,0.0,instagram,NR,371.0,98.0,54.0,34.0
ALC - Feirão Regional do Banco Omni,120235664562480075,OUTCOME_AWARENESS,2025-11-08,104507,100758,1.037208,114,0.109084,1.754211,1.913556,199.98,77.0,0,2.597143,0.0,0,0.0,0.0,0,0.0,0,0,0,0,0,0,0.0,0,0.0,0,0,0,84.0,0,2.380714,6.0,0,0,84.0,0,2.380714,0,0,0,0.0,0,0,0.0,0,0,,,,0.0,instagram,NR,,,,
ALC - Nova Arezzo,120235811959840075,OUTCOME_AWARENESS,2025-11-08,72553,72273,1.003874,90,0.124047,2.175778,2.698992,195.82,67.0,0,2.922687,0.0,0,0.0,0.0,0,0.0,0,0,0,0,0,0,0.0,0,0.0,0,0,0,87.0,0,2.250805,19.0,0,0,87.0,0,2.250805,0,0,0,0.0,0,0,0.0,0,0,,,,0.0,instagram,NR,,,,
ALC- Diário da lancheira,120235811993880075,OUTCOME_AWARENESS,2025-11-08,23785,23426,1.015325,23,0.0967,2.033478,1.966365,46.77,16.0,0,2.923125,0.0,0,0.0,0.0,0,0.0,0,0,0,0,0,0,0.0,0,0.0,0,0,0,17.0,0,2.751176,1.0,0,0,17.0,0,2.751176,0,0,0,0.0,0,0,0.0,0,0,,,,7.0,instagram,NR,,,,
ALC - Patrulha Canina,120235812083840075,OUTCOME_AWARENESS,2025-11-08,136936,136936,1.0,246,0.179646,1.115203,2.003418,274.34,166.0,0,1.652651,0.0,0,0.0,0.0,0,0.0,0,0,0,0,0,0,0.0,0,0.0,0,0,0,190.0,0,1.443895,17.0,0,0,190.0,0,1.443895,0,0,0,0.0,0,0,0.0,0,0,,,,1.0,instagram,NR,,,,
ALC - MILENINHA NR,120235921119840075,OUTCOME_AWARENESS,2025-11-08,715921,679714,1.053268,2047,0.285925,0.97704,2.793604,2000.0,934.0,0,2.141328,394.0,0,5.076142,0.0,0,0.0,0,0,0,0,0,0,0.0,0,0.0,0,0,0,98831.0,0,0.020237,369.0,0,0,98831.0,0,0.020237,0,0,0,0.0,0,0,0.0,0,0,,,,934.0,instagram,NR,16012.0,2618.0,1303.0,622.0
ALC - CHURRAS,120235922401180075,OUTCOME_AWARENESS,2025-11-08,42809,42809,1.0,47,0.10979,1.872979,2.056343,88.03,38.0,0,2.316579,0.0,0,0.0,0.0,0,0.0,0,0,0,0,0,0,0.0,0,0.0,0,0,0,43.0,0,2.047209,4.0,0,0,43.0,0,2.047209,0,0,0,0.0,0,0,0.0,0,0,,,,0.0,instagram,NR,,,,
ENG - CHURRAS NR,120235922750610075,OUTCOME_ENGAGEMENT,2025-11-08,2281,1267,1.800316,18,0.789128,4.0,31.565103,72.0,9.0,0,8.0,0.0,0,0.0,0.0,0,0.0,0,0,0,0,0,0,0.0,0,0.0,0,0,0,368.0,0,0.195652,355.0,0,0,368.0,0,0.195652,0,0,0,0.0,0,0,0.0,0,0,,,,7.0,instagram,NR,,,,
ALC | Moda Feminina,120218457714640075,OUTCOME_AWARENESS,2025-12-01,125,124,1.008065,0,0.0,0.0,1.040227,0.130028,0.0,0,0.0,0.0,0,0.0,0.0,0,0.0,0,0,0,0,0,0,0.0,0,0.0,0,0,0,6.0,0,0.021671,0.0,0,0,6.0,0,0.021671,0,0,0,0.0,0,0,0.0,0,0,,,,0.0,facebook,NR,2.0,,,
ALC | Moda Feminina,120218457714640075,OUTCOME_AWARENESS,2025-12-01,209124,135258,1.546112,200,0.095637,1.3714,1.311566,274.279972,140.0,0,1.959143,11.0,0,24.934543,0.0,0,0.0,0,0,0,0,0,0,0.0,0,0.0,0,0,0,7378.0,0,0.037175,20.0,0,0,7378.0,0,0.037175,0,0,0,0.0,0,0,0.0,0,0,,,,21.0,instagram,NR,2142.0,797.0,338.0,231.0
ALC | Moda masculina,120218468471470075,OUTCOME_AWARENESS,2025-12-01,210533,137742,1.528459,217,0.103072,1.270138,1.309153,275.62,153.0,0,1.801438,0.0,0,0.0,0.0,0,0.0,0,0,0,0,0,0,0.0,0,0.0,0,0,0,5951.0,0,0.046315,28.0,0,0,5951.0,0,0.046315,0,0,0,0.0,0,0,0.0,0,0,,,,10.0,instagram,NR,5455.0,1957.0,1071.0,716.0
ALC - Lojas - Inauguração/ Gastronomia,120218470856850075,OUTCOME_AWARENESS,2025-12-01,198359,119302,1.662663,223,0.112422,1.227982,1.380527,273.84,134.0,0,2.043582,0.0,0,0.0,0.0,0,0.0,0,0,0,0,0,0,0.0,0,0.0,0,0,0,10084.0,0,0.027156,26.0,0,0,10084.0,0,0.027156,0,0,0,0.0,0,0,0.0,0,0,,,,69.0,instagram,NR,2737.0,1030.0,585.0,228.0
ALC - Lojas - Diversão,120226684244550075,OUTCOME_AWARENESS,2025-12-01,74410,61322,1.213431,93,0.124983,1.270645,1.588093,118.17,69.0,0,1.712609,0.0,0,0.0,0.0,0,0.0,0,0,0,0,0,0,0.0,0,0.0,0,0,0,76.0,0,1.554868,7.0,0,0,76.0,0,1.554868,0,0,0,0.0,0,0,0.0,0,0,,,,35.0,instagram,NR,,,,
ALC - Natal Noel Decor,120234329536470075,OUTCOME_AWARENESS,2025-12-01,119779,98769,1.212719,152,0.1269,1.331382,1.689528,202.37,104.0,0,1.945865,0.0,0,0.0,0.0,0,0.0,0,0,0,0,0,0,0.0,0,0.0,0,0,0,4645.0,0,0.043567,17.0,0,0,4645.0,0,0.043567,0,0,0,0.0,0,0,0.0,0,0,,,,52.0,instagram,NR,653.0,111.0,61.0,39.0
ALC - NATAL 25,120234821449200075,OUTCOME_AWARENESS,2025-12-01,522641,324852,1.608859,1129,0.216018,0.553815,1.196342,625.257397,604.0,0,1.035194,34.0,0,18.389923,0.0,0,0.0,0,0,0,0,0,0,0.0,0,0.0,0,0,0,14313.0,0,0.043685,88.0,0,0,14313.0,0,0.043685,0,0,0,0.0,0,0,0.0,0,0,,,,493.0,facebook,NR,4799.0,1600.0,875.0,526.0
ALC - NATAL 25,120234821449200075,OUTCOME_AWARENESS,2025-12-01,273772,179134,1.528308,360,0.131496,0.956035,1.25715,344.172603,270.0,0,1.274713,0.0,0,0.0,0.0,0,0.0,0,0,0,0,0,0,0.0,0,0.0,0,0,0,4395.0,0,0.07831,44.0,0,0,4395.0,0,0.07831,0,0,0,0.0,0,0,0.0,0,0,,,,138.0,instagram,NR,1626.0,809.0,285.0,167.0
TRAF - NATAL 25,120234821911100075,LINK_CLICKS,2025-12-01,6,3,2.0,0,0.0,0.0,0.0,0.0,0.0,0,0.0,0.0,0,0.0,0.0,0,0.0,0,0,0,0,0,0,0.0,0,0.0,0,0,0,0.0,0,0.0,0.0,0,0,0.0,0,0.0,0,0,0,0.0,0,0,0.0,0,0,,,,0.0,audience_network,NR,,,,
TRAF - NATAL 25,120234821911100075,LINK_CLICKS,2025-12-01,192328,92144,2.087255,8131,4.227674,0.103776,4.387316,843.80363,4132.0,0,0.204212,3150.0,0,0.267874,0.0,0,0.0,0,0,0,0,0,0,0.0,0,0.0,0,0,0,13407.0,0,0.062938,207.0,0,0,13409.0,0,0.062928,0,0,0,0.0,0,0,0.0,0,0,,,,4127.0,facebook,NR,3863.0,1940.0,1346.0,758.0
TRAF - NATAL 25,120234821911100075,LINK_CLICKS,2025-12-01,14314,10616,1.348342,379,2.647757,0.178988,4.739162,67.836371,223.0,0,0.304199,205.0,0,0.330909,0.0,0,0.0,0,0,0,0,0,0,0.0,0,0.0,0,0,0,2461.0,0,0.027565,41.0,0,0,2461.0,0,0.027565,0,0,0,0.0,0,0,0.0,0,0,,,,223.0,instagram,NR,764.0,471.0,242.0,140.0
ALC - Senhora Farinha,120235105425650075,OUTCOME_AWARENESS,2025-12-01,116102,109676,1.058591,130,0.111971,1.473,1.649326,191.49,81.0,0,2.364074,0.0,0,0.0,0.0,0,0.0,0,0,0,0,0,0,0.0,0,0.0,0,0,0,9745.0,0,0.01965,27.0,0,0,9745.0,0,0.01965,0,0,0,0.0,0,0,0.0,0,0,,,,48.0,instagram,NR,5924.0,3502.0,1294.0,309.0
ALC - Cidadania Já,120235524827340075,OUTCOME_AWARENESS,2025-12-01,40390,37209,1.08549,34,0.084179,1.894118,1.594454,64.4,25.0,0,2.576,0.0,0,0.0,0.0,0,0.0,0,0,0,0,0,0,0.0,0,0.0,0,0,0,2071.0,0,0.031096,12.0,0,0,2071.0,0,0.031096,0,0,0,0.0,0,0,0.0,0,0,,,,13.0,instagram,NR,511.0,150.0,74.0,26.0
ALC - Torneio de Poker - NR,120235658959800075,OUTCOME_AWARENESS,2025-12-01,2859,2825,1.012035,0,0.0,0.0,1.587968,4.54,0.0,0,0.0,0.0,0,0.0,0.0,0,0.0,0,0,0,0,0,0,0.0,0,0.0,0,0,0,171.0,0,0.02655,0.0,0,0,171.0,0,0.02655,0,0,0,0.0,0,0,0.0,0,0,,,,0.0,instagram,NR,31.0,5.0,6.0,4.0
ALC - Nova Arezzo,120235811959840075,OUTCOME_AWARENESS,2025-12-01,4320,4119,1.048798,20,0.462963,0.273071,1.264218,5.461423,2.0,0,2.730711,0.0,0,0.0,0.0,0,0.0,0,0,0,0,0,0,0.0,0,0.0,0,0,0,449.0,0,0.012164,3.0,0,0,449.0,0,0.012164,0,0,0,0.0,0,0,0.0,0,0,,,,0.0,facebook,NR,65.0,24.0,12.0,9.0
ALC - Nova Arezzo,120235811959840075,OUTCOME_AWARENESS,2025-12-01,304229,201269,1.511554,394,0.129508,1.252636,1.62226,493.538577,258.0,0,1.91294,0.0,0,0.0,0.0,0,0.0,0,0,0,0,0,0,0.0,0,0.0,0,0,0,20797.0,0,0.023731,103.0,0,0,20797.0,0,0.023731,0,0,0,0.0,0,0,0.0,0,0,,,,0.0,instagram,NR,3127.0,1070.0,598.0,394.0
ALC- Diário da lancheira,120235811993880075,OUTCOME_AWARENESS,2025-12-01,55036,49796,1.105229,63,0.114471,1.410635,1.614761,88.87,48.0,0,1.851458,0.0,0,0.0,0.0,0,0.0,0,0,0,0,0,0,0.0,0,0.0,0,0,0,303.0,0,0.2933,4.0,0,0,303.0,0,0.2933,0,0,0,0.0,0,0,0.0,0,0,,,,22.0,instagram,NR,37.0,8.0,5.0,3.0
ALC - Patrulha Canina,120235812083840075,OUTCOME_AWARENESS,2025-12-01,80565,79494,1.013473,142,0.176255,1.065704,1.878359,151.33,96.0,0,1.576354,0.0,0,0.0,0.0,0,0.0,0,0,0,0,0,0,0.0,0,0.0,0,0,0,104.0,0,1.455096,6.0,0,0,104.0,0,1.455096,0,0,0,0.0,0,0,0.0,0,0,,,,0.0,instagram,NR,,,,
ALC - CHURRAS,120235922401180075,OUTCOME_AWARENESS,2025-12-01,235636,203647,1.157081,297,0.126042,1.387104,1.748332,411.97,206.0,0,1.999854,0.0,0,0.0,0.0,0,0.0,0,0,0,0,0,0,0.0,0,0.0,0,0,0,1015.0,0,0.405882,18.0,0,0,1015.0,0,0.405882,0,0,0,0.0,0,0,0.0,0,0,,,,0.0,instagram,NR,1789.0,659.0,379.0,255.0
ENG - CHURRAS NR,120235922750610075,OUTCOME_ENGAGEMENT,2025-12-01,8133,3652,2.226999,73,0.897578,2.438082,21.883684,177.98,48.0,0,3.707917,1.0,0,177.98,0.0,0,0.0,0,0,0,0,0,0,0.0,0,0.0,0,0,0,1149.0,0,0.1549,1087.0,0,0,1149.0,0,0.1549,0,0,0,0.0,0,0,0.0,0,0,,,,20.0,instagram,NR,,,,
ALC - Inauguração Brasileirisse,120236583251180075,OUTCOME_AWARENESS,2025-12-01,179740,166634,1.078651,234,0.130188,1.28188,1.668855,299.96,158.0,0,1.898481,0.0,0,0.0,0.0,0,0.0,0,0,0,0,0,0,0.0,0,0.0,0,0,0,165.0,0,1.817939,7.0,0,0,165.0,0,1.817939,0,0,0,0.0,0,0,0.0,0,0,,,,0.0,instagram,NR,,,,
ALC - Musical Chapeuzinho,120236583431100075,OUTCOME_AWARENESS,2025-12-01,283512,274724,1.031988,350,0.123452,1.428543,1.763559,499.99,288.0,0,1.736076,100.0,0,4.9999,0.0,0,0.0,0,0,0,0,0,0,0.0,0,0.0,0,0,0,480.0,0,1.041646,26.0,0,0,480.0,0,1.041646,0,0,0,0.0,0,0,0.0,0,0,,,,286.0,instagram,NR,43.0,21.0,11.0,9.0
ALC - Árvore solidária,120236584388850075,OUTCOME_AWARENESS,2025-12-01,61843,59721,1.035532,55,0.088935,1.945455,1.730188,107.0,41.0,0,2.609756,0.0,0,0.0,0.0,0,0.0,0,0,0,0,0,0,0.0,0,0.0,0,0,0,2299.0,0,0.046542,4.0,0,0,2299.0,0,0.046542,0,0,0,0.0,0,0,0.0,0,0,,,,0.0,instagram,NR,659.0,217.0,74.0,46.0
ALC - Cine Materna,120236688425640075,OUTCOME_AWARENESS,2025-12-01,28912,28008,1.032276,34,0.117598,1.468529,1.726965,49.93,26.0,0,1.920385,0.0,0,0.0,0.0,0,0.0,0,0,0,0,0,0,0.0,0,0.0,0,0,0,930.0,0,0.053688,1.0,0,0,930.0,0,0.053688,0,0,0,0.0,0,0,0.0,0,0,,,,0.0,instagram,NR,397.0,178.0,34.0,21.0
ALC - Oficina de Decoupage Mundo Kids,120236859772950075,OUTCOME_AWARENESS,2025-12-01,51435,50520,1.018112,79,0.153592,1.012152,1.554583,79.96,68.0,0,1.175882,0.0,0,0.0,0.0,0,0.0,0,0,0,0,0,0,0.0,0,0.0,0,0,0,71.0,0,1.126197,3.0,0,0,71.0,0,1.126197,0,0,0,0.0,0,0,0.0,0,0,,,,68.0,instagram,NR,,,,
ALC - Comedy Show,120237038393530075,OUTCOME_AWARENESS,2025-12-01,51913,51913,1.0,85,0.163735,0.940706,1.540269,79.96,58.0,0,1.378621,0.0,0,0.0,0.0,0,0.0,0,0,0,0,0,0,0.0,0,0.0,0,0,0,86.0,0,0.929767,7.0,0,0,86.0,0,0.929767,0,0,0,0.0,0,0,0.0,0,0,,,,0.0,instagram,NR,6.0,1.0,,
ALC - Avatar 3,120237105275340075,OUTCOME_AWARENESS,2025-12-01,55603,53401,1.041235,45,0.080931,1.777556,1.438591,79.99,39.0,0,2.051026,0.0,0,0.0,0.0,0,0.0,0,0,0,0,0,0,0.0,0,0.0,0,0,0,41.0,0,1.950976,2.0,0,0,41.0,0,1.950976,0,0,0,0.0,0,0,0.0,0,0,,,,0.0,instagram,NR,,,,
ALC - Feira do Vinil,120237294424520075,OUTCOME_AWARENESS,2025-12-01,98212,95529,1.028086,114,0.116075,1.315702,1.527206,149.99,92.0,0,1.630326,0.0,0,0.0,0.0,0,0.0,0,0,0,0,0,0,0.0,0,0.0,0,0,0,101.0,0,1.48505,7.0,0,0,101.0,0,1.48505,0,0,0,0.0,0,0,0.0,0,0,,,,0.0,instagram,NR,,,,
ALC - Panetone Cacau Show,120237294698980075,OUTCOME_AWARENESS,2025-12-01,81061,62756,1.291685,111,0.136934,0.819279,1.121871,90.94,81.0,0,1.122716,0.0,0,0.0,0.0,0,0.0,0,0,0,0,0,0,0.0,0,0.0,0,0,0,6297.0,0,0.014442,23.0,0,0,6297.0,0,0.014442,0,0,0,0.0,0,0,0.0,0,0,,,,0.0,instagram,NR,2148.0,1135.0,297.0,148.0
ALC | Moda Feminina,120218457714640075,OUTCOME_AWARENESS,2026-01-01,299951,205874,1.456964,258,0.086014,1.197442,1.029968,308.94,177.0,0,1.745424,28.0,0,11.033571,0.0,0,0.0,0,0,0,0,0,0,0.0,0,0.0,0,0,0,10844.0,0,0.028489,39.0,0,0,10844.0,0,0.028489,0,0,0,0.0,0,0,0.0,0,0,,,,68.0,instagram,NR,4971.0,1894.0,930.0,628.0
ALC | Moda masculina,120218468471470075,OUTCOME_AWARENESS,2026-01-01,298218,192960,1.545491,239,0.080143,1.290042,1.033875,308.32,169.0,0,1.824379,0.0,0,0.0,0.0,0,0.0,0,0,0,0,0,0,0.0,0,0.0,0,0,0,8973.0,0,0.034361,32.0,0,0,8973.0,0,0.034361,0,0,0,0.0,0,0,0.0,0,0,,,,8.0,instagram,NR,10116.0,3497.0,1949.0,1340.0
ALC - Lojas - Inauguração/ Gastronomia,120218470856850075,OUTCOME_AWARENESS,2026-01-01,285745,169406,1.686747,266,0.09309,1.161391,1.081139,308.93,188.0,0,1.643245,0.0,0,0.0,0.0,0,0.0,0,0,0,0,0,0,0.0,0,0.0,0,0,0,13862.0,0,0.022286,50.0,0,0,13862.0,0,0.022286,0,0,0,0.0,0,0,0.0,0,0,,,,39.0,instagram,NR,3405.0,1235.0,678.0,347.0
ALC - NATAL 25,120234821449200075,OUTCOME_AWARENESS,2026-01-01,217723,183608,1.185803,439,0.201632,0.395341,0.797136,173.554736,115.0,0,1.509172,2.0,0,86.777368,0.0,0,0.0,0,0,0,0,0,0,0.0,0,0.0,0,0,0,19817.0,0,0.008758,78.0,0,0,19817.0,0,0.008758,0,0,0,0.0,0,0,0.0,0,0,,,,112.0,facebook,NR,5699.0,1854.0,956.0,572.0
ALC - NATAL 25,120234821449200075,OUTCOME_AWARENESS,2026-01-01,227147,206120,1.102013,216,0.095093,0.832293,0.791449,179.775264,148.0,0,1.214698,1.0,0,179.775264,0.0,0,0.0,0,0,0,0,0,0,0.0,0,0.0,0,0,0,7961.0,0,0.022582,34.0,0,0,7961.0,0,0.022582,0,0,0,0.0,0,0,0.0,0,0,,,,123.0,instagram,NR,2433.0,1071.0,392.0,243.0
TRAF - NATAL 25,120234821911100075,LINK_CLICKS,2026-01-01,84282,52751,1.597733,3823,4.535963,0.05804,2.632691,221.888462,1522.0,0,0.145787,1231.0,0,0.180251,0.0,0,0.0,0,0,0,0,0,0,0.0,0,0.0,0,0,0,9222.0,0,0.024061,155.0,0,0,9225.0,0,0.024053,0,0,0,0.0,0,0,0.0,0,0,,,,1521.0,facebook,NR,4427.0,2187.0,1529.0,975.0
TRAF - NATAL 25,120234821911100075,LINK_CLICKS,2026-01-01,10840,7411,1.462691,332,3.062731,0.121511,3.721544,40.341538,255.0,0,0.158202,254.0,0,0.158825,0.0,0,0.0,0,0,0,0,0,0,0.0,0,0.0,0,0,0,2387.0,0,0.016901,23.0,0,0,2387.0,0,0.016901,0,0,0,0.0,0,0,0.0,0,0,,,,255.0,instagram,NR,1070.0,586.0,342.0,223.0
ALC - Nova Arezzo,120235811959840075,OUTCOME_AWARENESS,2026-01-01,143040,122504,1.167635,131,0.091583,0.957252,0.876678,125.4,89.0,0,1.408989,0.0,0,0.0,0.0,0,0.0,0,0,0,0,0,0,0.0,0,0.0,0,0,0,6483.0,0,0.019343,31.0,0,0,6483.0,0,0.019343,0,0,0,0.0,0,0,0.0,0,0,,,,0.0,instagram,NR,1371.0,456.0,268.0,135.0
ALC - Panetone Cacau Show,120237294698980075,OUTCOME_AWARENESS,2026-01-01,67818,63609,1.06617,80,0.117963,0.598875,0.70645,47.91,55.0,0,0.871091,0.0,0,0.0,0.0,0,0.0,0,0,0,0,0,0,0.0,0,0.0,0,0,0,5590.0,0,0.008571,26.0,0,0,5590.0,0,0.008571,0,0,0,0.0,0,0,0.0,0,0,,,,0.0,instagram,NR,1728.0,804.0,237.0,115.0
ALC - Dragões,120238057106590075,OUTCOME_AWARENESS,2026-01-01,360013,308975,1.165185,267,0.074164,1.869813,1.386728,499.24,12.0,0,41.603333,0.0,0,0.0,0.0,0,0.0,0,0,0,0,0,0,0.0,0,0.0,0,0,0,175.0,0,2.8528,117.0,0,0,175.0,0,2.8528,0,0,0,0.0,0,0,0.0,0,0,,,,6.0,instagram,NR,,,,
ALC - LIQUIDA 25,120238153011580075,OUTCOME_AWARENESS,2026-01-01,1393297,1064791,1.308517,1692,0.121439,1.767335,2.146226,2990.33,1281.0,0,2.334372,3.0,0,996.776667,0.0,0,0.0,0,0,0,0,0,0,0.0,0,0.0,0,0,0,57887.0,0,0.051658,203.0,0,0,57887.0,0,0.051658,0,0,0,0.0,0,0,0.0,0,0,,,,0.0,instagram,NR,38278.0,17233.0,9931.0,6154.0
ALC - VOLTA AS AULAS,120238242974080075,OUTCOME_AWARENESS,2026-01-01,234106,160450,1.459059,433,0.184959,0.815081,1.507565,352.93,238.0,0,1.482899,1.0,0,352.93,0.0,0,0.0,0,0,0,0,0,0,0.0,0,0.0,0,0,0,28540.0,0,0.012366,119.0,0,0,28540.0,0,0.012366,0,0,0,0.0,0,0,0.0,0,0,,,,0.0,instagram,NR,2525.0,945.0,537.0,355.0
ALC - Wow Park,120238243719230075,OUTCOME_AWARENESS,2026-01-01,356975,228112,1.564911,567,0.158835,0.850476,1.350851,482.22,307.0,0,1.570749,1.0,0,482.22,0.0,0,0.0,0,0,0,0,0,0,0.0,0,0.0,0,0,0,22640.0,0,0.021299,127.0,0,0,22640.0,0,0.021299,0,0,0,0.0,0,0,0.0,0,0,,,,0.0,instagram,NR,4233.0,1067.0,510.0,311.0
ALC - PISTA DE PATINAÇAO,120238346134830075,OUTCOME_AWARENESS,2026-01-01,434060,232385,1.867849,892,0.205502,0.670235,1.377344,597.85,457.0,0,1.308206,2.0,0,298.925,0.0,0,0.0,0,0,0,0,0,0,0.0,0,0.0,0,0,0,34730.0,0,0.017214,170.0,0,0,34730.0,0,0.017214,0,0,0,0.0,0,0,0.0,0,0,,,,0.0,instagram,NR,20489.0,7338.0,3733.0,2595.0
ENG - GANHADOR CARRO,120238391288220075,OUTCOME_ENGAGEMENT,2026-01-01,21480,18790,1.143161,81,0.377095,1.234321,4.654562,99.98,31.0,0,3.225161,0.0,0,0.0,0.0,0,0.0,0,0,0,0,0,0,0.0,0,0.0,0,0,0,9661.0,0,0.010349,234.0,0,0,9661.0,0,0.010349,0,0,0,0.0,0,0,0.0,0,0,,,,11.0,instagram,NR,3155.0,2180.0,1313.0,703.0
ALC - Inauguração Freddo Gelateria,120238539202460075,OUTCOME_AWARENESS,2026-01-01,241136,139012,1.734642,249,0.103261,1.235382,1.27567,307.61,180.0,0,1.708944,0.0,0,0.0,0.0,0,0.0,0,0,0,0,0,0,0.0,0,0.0,0,0,0,208.0,0,1.478894,23.0,0,0,208.0,0,1.478894,0,0,0,0.0,0,0,0.0,0,0,,,,0.0,instagram,NR,,,,
ALC - Dragões,120238712803660075,OUTCOME_AWARENESS,2026-01-01,105814,73862,1.432591,279,0.26367,0.488172,1.287164,136.2,17.0,0,8.011765,6.0,0,22.7,0.0,0,0.0,0,0,0,0,0,0,0.0,0,0.0,0,0,0,9790.0,0,0.013912,65.0,0,0,9790.0,0,0.013912,0,0,0,0.0,0,0,0.0,0,0,,,,10.0,facebook,NR,1018.0,320.0,172.0,71.0
ALC - Dragões,120238712803660075,OUTCOME_AWARENESS,2026-01-01,113616,84566,1.343519,154,0.135544,0.994156,1.347521,153.1,97.0,0,1.578351,39.0,0,3.925641,0.0,0,0.0,0,0,0,0,0,0,0.0,0,0.0,0,0,0,4802.0,0,0.031883,28.0,0,0,4802.0,0,0.031883,0,0,0,0.0,0,0,0.0,0,0,,,,97.0,instagram,NR,729.0,179.0,105.0,51.0
ALC - Show Kpop,120238712911550075,OUTCOME_AWARENESS,2026-01-01,193861,125356,1.546484,324,0.16713,0.847114,1.415782,274.465009,5.0,0,54.893002,0.0,0,0.0,0.0,0,0.0,0,0,0,0,0,0,0.0,0,0.0,0,0,0,27046.0,0,0.010148,82.0,0,0,27046.0,0,0.010148,0,0,0,0.0,0,0,0.0,0,0,,,,0.0,facebook,NR,16999.0,5244.0,2753.0,1421.0
ALC - Show Kpop,120238712911550075,OUTCOME_AWARENESS,2026-01-01,192263,127782,1.504617,184,0.095702,1.496875,1.432543,275.424991,15.0,0,18.361666,0.0,0,0.0,0.0,0,0.0,0,0,0,0,0,0,0.0,0,0.0,0,0,0,12711.0,0,0.021668,49.0,0,0,12711.0,0,0.021668,0,0,0,0.0,0,0,0.0,0,0,,,,11.0,instagram,NR,9159.0,4563.0,2986.0,1868.0
ALC | Moda Feminina,120218457714640075,OUTCOME_AWARENESS,2026-02-01,43706,43228,1.011058,28,0.064064,1.815,1.162769,50.82,22.0,0,2.31,0.0,0,0.0,0.0,0,0.0,0,0,0,0,0,0,0.0,0,0.0,0,0,0,963.0,0,0.052773,4.0,0,0,963.0,0,0.052773,0,0,0,0.0,0,0,0.0,0,0,,,,2.0,instagram,NR,280.0,129.0,49.0,38.0
ALC | Moda masculina,120218468471470075,OUTCOME_AWARENESS,2026-02-01,43107,41783,1.031688,51,0.11831,0.977255,1.156193,49.84,39.0,0,1.277949,0.0,0,0.0,0.0,0,0.0,0,0,0,0,0,0,0.0,0,0.0,0,0,0,1370.0,0,0.03638,8.0,0,0,1370.0,0,0.03638,0,0,0,0.0,0,0,0.0,0,0,,,,3.0,instagram,NR,1023.0,359.0,192.0,143.0
ALC - Lojas - Inauguração/ Gastronomia,120218470856850075,OUTCOME_AWARENESS,2026-02-01,42496,42496,1.0,51,0.120011,0.988431,1.186229,50.41,28.0,0,1.800357,0.0,0,0.0,0.0,0,0.0,0,0,0,0,0,0,0.0,0,0.0,0,0,0,1560.0,0,0.032314,3.0,0,0,1560.0,0,0.032314,0,0,0,0.0,0,0,0.0,0,0,,,,0.0,instagram,NR,392.0,151.0,75.0,35.0
ALC - VOLTA AS AULAS,120238242974080075,OUTCOME_AWARENESS,2026-02-01,68748,68714,1.000495,110,0.160005,0.881091,1.409786,96.92,69.0,0,1.404638,0.0,0,0.0,0.0,0,0.0,0,0,0,0,0,0,0.0,0,0.0,0,0,0,7841.0,0,0.012361,30.0,0,0,7841.0,0,0.012361,0,0,0,0.0,0,0,0.0,0,0,,,,0.0,instagram,NR,968.0,346.0,193.0,141.0
ALC - Wow Park,120238243719230075,OUTCOME_AWARENESS,2026-02-01,98837,96759,1.021476,123,0.124447,1.023659,1.273916,125.91,68.0,0,1.851618,0.0,0,0.0,0.0,0,0.0,0,0,0,0,0,0,0.0,0,0.0,0,0,0,5723.0,0,0.022001,21.0,0,0,5723.0,0,0.022001,0,0,0,0.0,0,0,0.0,0,0,,,,0.0,instagram,NR,1125.0,265.0,119.0,63.0
ALC - PISTA DE PATINAÇAO,120238346134830075,OUTCOME_AWARENESS,2026-02-01,221829,179465,1.236057,267,0.120363,1.02161,1.229641,272.77,160.0,0,1.704813,3.0,0,90.923333,0.0,0,0.0,0,0,0,0,0,0,0.0,0,0.0,0,0,0,9305.0,0,0.029314,31.0,0,0,9305.0,0,0.029314,0,0,0,0.0,0,0,0.0,0,0,,,,0.0,instagram,NR,2384.0,813.0,396.0,258.0
ALC - Inauguração Freddo Gelateria,120238539202460075,OUTCOME_AWARENESS,2026-02-01,130105,104313,1.247256,142,0.109143,1.063732,1.160985,151.05,108.0,0,1.398611,0.0,0,0.0,0.0,0,0.0,0,0,0,0,0,0,0.0,0,0.0,0,0,0,112.0,0,1.348661,4.0,0,0,112.0,0,1.348661,0,0,0,0.0,0,0,0.0,0,0,,,,0.0,instagram,NR,,,,
ALC - Dragões,120238712803660075,OUTCOME_AWARENESS,2026-02-01,116317,82996,1.401477,306,0.263074,0.453203,1.192259,138.68,14.0,0,9.905714,5.0,0,27.736,0.0,0,0.0,0,0,0,0,0,0,0.0,0,0.0,0,0,0,11084.0,0,0.012512,87.0,0,0,11084.0,0,0.012512,0,0,0,0.0,0,0,0.0,0,0,,,,5.0,facebook,NR,1190.0,350.0,180.0,90.0
ALC - Dragões,120238712803660075,OUTCOME_AWARENESS,2026-02-01,118789,98354,1.20777,143,0.120382,0.963776,1.160208,137.82,79.0,0,1.744557,27.0,0,5.104444,0.0,0,0.0,0,0,0,0,0,0,0.0,0,0.0,0,0,0,5154.0,0,0.02674,34.0,0,0,5154.0,0,0.02674,0,0,0,0.0,0,0,0.0,0,0,,,,79.0,instagram,NR,773.0,188.0,113.0,54.0
ALC - A menina da casa mágica,120238985043830075,OUTCOME_AWARENESS,2026-02-01,150202,113142,1.327553,287,0.191076,0.720662,1.377012,206.83,211.0,0,0.980237,102.0,0,2.027745,0.0,0,0.0,0,0,0,0,0,0,0.0,0,0.0,0,0,0,5445.0,0,0.037985,17.0,0,0,5445.0,0,0.037985,0,0,0,0.0,0,0,0.0,0,0,,,,211.0,instagram,NR,2676.0,1240.0,693.0,206.0
ALC - Bailinho de Carnaval,120238985339690075,OUTCOME_AWARENESS,2026-02-01,96543,77238,1.249942,139,0.143977,0.909712,1.309779,126.45,90.0,0,1.405,29.0,0,4.360345,0.0,0,0.0,0,0,0,0,0,0,0.0,0,0.0,0,0,0,3293.0,0,0.0384,8.0,0,0,3293.0,0,0.0384,0,0,0,0.0,0,0,0.0,0,0,,,,90.0,instagram,NR,1000.0,479.0,118.0,76.0
ALC - Semana do Cinema Jan 25,120238985527080075,OUTCOME_AWARENESS,2026-02-01,80609,64868,1.242662,230,0.285328,0.445087,1.269957,102.37,174.0,0,0.588333,79.0,0,1.295823,0.0,0,0.0,0,0,0,0,0,0,0.0,0,0.0,0,0,0,200.0,0,0.51185,9.0,0,0,200.0,0,0.51185,0,0,0,0.0,0,0,0.0,0,0,,,,174.0,instagram,NR,,,,
ALC | Moda Feminina,120218457714640075,OUTCOME_AWARENESS,2026-02-06,2605,2539,1.025994,6,0.230326,0.52,1.197697,3.12,0.0,0,0.0,0.0,0,0.0,0.0,0,0.0,0,0,0,0,0,0,0.0,0,0.0,0,0,0,161.0,0,0.019379,3.0,0,0,161.0,0,0.019379,0,0,0,0.0,0,0,0.0,0,0,,,,0.0,facebook,NR,106.0,36.0,19.0,10.0
ALC | Moda Feminina,120218457714640075,OUTCOME_AWARENESS,2026-02-06,272535,200669,1.358132,244,0.08953,1.426844,1.277451,348.15,177.0,0,1.966949,20.0,0,17.4075,0.0,0,0.0,0,0,0,0,0,0,0.0,0,0.0,0,0,0,10187.0,0,0.034176,21.0,0,0,10187.0,0,0.034176,0,0,0,0.0,0,0,0.0,0,0,,,,59.0,instagram,NR,4304.0,1668.0,885.0,622.0
ALC | Moda masculina,120218468471470075,OUTCOME_AWARENESS,2026-02-06,277609,192809,1.439813,283,0.101942,1.259576,1.284036,356.46,206.0,0,1.730388,0.0,0,0.0,0.0,0,0.0,0,0,0,0,0,0,0.0,0,0.0,0,0,0,6955.0,0,0.051252,30.0,0,0,6955.0,0,0.051252,0,0,0,0.0,0,0,0.0,0,0,,,,24.0,instagram,NR,9612.0,3397.0,1895.0,1306.0
ALC - Lojas - Inauguração/ Gastronomia,120218470856850075,OUTCOME_AWARENESS,2026-02-06,385613,263720,1.462206,444,0.115141,1.190405,1.370649,528.54,313.0,0,1.688626,3.0,0,176.18,0.0,0,0.0,0,0,0,0,0,0,0.0,0,0.0,0,0,0,17698.0,0,0.029864,78.0,0,0,17698.0,0,0.029864,0,0,0,0.0,0,0,0.0,0,0,,,,15.0,instagram,NR,3917.0,1339.0,691.0,390.0
ALC - VOLTA AS AULAS,120238242974080075,OUTCOME_AWARENESS,2026-02-06,33163,32214,1.029459,30,0.090462,1.669333,1.510117,50.08,26.0,0,1.926154,0.0,0,0.0,0.0,0,0.0,0,0,0,0,0,0,0.0,0,0.0,0,0,0,3198.0,0,0.01566,13.0,0,0,3198.0,0,0.01566,0,0,0,0.0,0,0,0.0,0,0,,,,0.0,instagram,NR,564.0,197.0,126.0,71.0
ALC - Wow Park,120238243719230075,OUTCOME_AWARENESS,2026-02-06,423046,248790,1.700414,635,0.150102,0.903701,1.356472,573.85,443.0,0,1.295372,3.0,0,191.283333,0.0,0,0.0,0,0,0,0,0,0,0.0,0,0.0,0,0,0,10587.0,0,0.054203,65.0,0,0,10587.0,0,0.054203,0,0,0,0.0,0,0,0.0,0,0,,,,1.0,instagram,NR,2277.0,618.0,326.0,212.0
ALC - PISTA DE PATINAÇAO,120238346134830075,OUTCOME_AWARENESS,2026-02-06,981485,382502,2.56596,1104,0.112483,1.128361,1.269209,1245.71,668.0,0,1.864835,3.0,0,415.236667,0.0,0,0.0,0,0,0,0,0,0,0.0,0,0.0,0,0,0,37995.0,0,0.032786,161.0,0,0,37995.0,0,0.032786,0,0,0,0.0,0,0,0.0,0,0,,,,1.0,instagram,NR,9064.0,4249.0,1620.0,965.0
ALC - Inauguração Freddo Gelateria,120238539202460075,OUTCOME_AWARENESS,2026-02-06,140721,69060,2.037663,350,0.248719,0.489924,1.218535,171.473505,29.0,0,5.912879,0.0,0,0.0,0.0,0,0.0,0,0,0,0,0,0,0.0,0,0.0,0,0,0,19922.0,0,0.008607,62.0,0,0,19922.0,0,0.008607,0,0,0,0.0,0,0,0.0,0,0,,,,0.0,facebook,NR,2996.0,766.0,434.0,304.0
ALC - Inauguração Freddo Gelateria,120238539202460075,OUTCOME_AWARENESS,2026-02-06,296999,153442,1.935578,304,0.102357,1.172817,1.200464,356.536495,228.0,0,1.563757,0.0,0,0.0,0.0,0,0.0,0,0,0,0,0,0,0.0,0,0.0,0,0,0,4839.0,0,0.07368,29.0,0,0,4839.0,0,0.07368,0,0,0,0.0,0,0,0.0,0,0,,,,0.0,instagram,NR,848.0,187.0,119.0,79.0
ALC - Dragões,120238712803660075,OUTCOME_AWARENESS,2026-02-06,296611,154855,1.915411,975,0.328713,0.383975,1.262176,374.375162,45.0,0,8.319448,17.0,0,22.022068,0.0,0,0.0,0,0,0,0,0,0,0.0,0,0.0,0,0,0,28396.0,0,0.013184,206.0,0,0,28396.0,0,0.013184,0,0,0,0.0,0,0,0.0,0,0,,,,25.0,facebook,NR,3264.0,1047.0,578.0,300.0
ALC - Dragões,120238712803660075,OUTCOME_AWARENESS,2026-02-06,280243,165576,1.692534,322,0.1149,1.089549,1.251895,350.834838,189.0,0,1.856269,92.0,0,3.813422,0.0,0,0.0,0,0,0,0,0,0,0.0,0,0.0,0,0,0,12738.0,0,0.027542,77.0,0,0,12738.0,0,0.027542,0,0,0,0.0,0,0,0.0,0,0,,,,189.0,instagram,NR,2595.0,1017.0,426.0,248.0
ALC - Dragões,120238712803660075,OUTCOME_AWARENESS,2026-02-06,0,0,0.0,0,0.0,0.0,0.0,0.0,0.0,0,0.0,1.0,0,0.0,0.0,0,0.0,0,0,0,0,0,0,0.0,0,0.0,0,0,0,0.0,0,0.0,0.0,0,0,0.0,0,0.0,0,0,0,0.0,0,0,0.0,0,0,,,,0.0,unknown,NR,,,,
ALC - A menina da casa mágica,120238985043830075,OUTCOME_AWARENESS,2026-02-06,65272,62905,1.037628,125,0.191506,0.74528,1.427258,93.16,97.0,0,0.960412,46.0,0,2.025217,0.0,0,0.0,0,0,0,0,0,0,0.0,0,0.0,0,0,0,690.0,0,0.135014,2.0,0,0,690.0,0,0.135014,0,0,0,0.0,0,0,0.0,0,0,,,,97.0,instagram,NR,288.0,97.0,53.0,25.0
ALC - Bailinho de Carnaval,120238985339690075,OUTCOME_AWARENESS,2026-02-06,273744,186513,1.467694,338,0.123473,1.104172,1.363354,373.21,250.0,0,1.49284,87.0,0,4.28977,0.0,0,0.0,0,0,0,0,0,0,0.0,0,0.0,0,0,0,7264.0,0,0.051378,27.0,0,0,7264.0,0,0.051378,0,0,0,0.0,0,0,0.0,0,0,,,,244.0,instagram,NR,2186.0,936.0,196.0,126.0
ALC - Semana do Cinema Jan 25,120238985527080075,OUTCOME_AWARENESS,2026-02-06,153021,121448,1.259971,336,0.219578,0.588155,1.291457,197.62,259.0,0,0.763012,113.0,0,1.74885,0.0,0,0.0,0,0,0,0,0,0,0.0,0,0.0,0,0,0,288.0,0,0.686181,17.0,0,0,288.0,0,0.686181,0,0,0,0.0,0,0,0.0,0,0,,,,259.0,instagram,NR,,,,
ALC - Brasileirisse,120239236381150075,OUTCOME_AWARENESS,2026-02-06,161152,94840,1.699199,191,0.118522,1.04712,1.241064,200.0,132.0,0,1.515152,50.0,0,4.0,0.0,0,0.0,0,0,0,0,0,0,0.0,0,0.0,0,0,0,7362.0,0,0.027167,34.0,0,0,7362.0,0,0.027167,0,0,0,0.0,0,0,0.0,0,0,,,,132.0,instagram,NR,1197.0,376.0,190.0,106.0
ALC - Feira de adoção pet,120239353688880075,OUTCOME_AWARENESS,2026-02-06,41073,31581,1.30056,43,0.104692,1.124884,1.177659,48.37,26.0,0,1.860385,0.0,0,0.0,0.0,0,0.0,0,0,0,0,0,0,0.0,0,0.0,0,0,0,37.0,0,1.307297,10.0,0,0,37.0,0,1.307297,0,0,0,0.0,0,0,0.0,0,0,,,,1.0,instagram,NR,,,,
ALC - Oficina de RPG,120239356883300075,OUTCOME_AWARENESS,2026-02-06,147623,110950,1.330536,209,0.141577,0.956316,1.353922,199.87,164.0,0,1.21872,0.0,0,0.0,0.0,0,0.0,0,0,0,0,0,0,0.0,0,0.0,0,0,0,171.0,0,1.16883,5.0,0,0,171.0,0,1.16883,0,0,0,0.0,0,0,0.0,0,0,,,,164.0,instagram,NR,,,,
ALC - Aventura Congelante,120239402846960075,OUTCOME_AWARENESS,2026-02-06,160264,94603,1.694069,325,0.20279,0.549323,1.113974,178.53,107.0,0,1.668505,0.0,0,0.0,0.0,0,0.0,0,0,0,0,0,0,0.0,0,0.0,0,0,0,16490.0,0,0.010827,78.0,0,0,16490.0,0,0.010827,0,0,0,0.0,0,0,0.0,0,0,,,,107.0,facebook,NR,21193.0,7827.0,3524.0,2046.0
ALC - Aventura Congelante,120239402846960075,OUTCOME_AWARENESS,2026-02-06,61710,42511,1.451624,70,0.113434,1.014714,1.151029,71.03,53.0,0,1.340189,1.0,0,71.03,0.0,0,0.0,0,0,0,0,0,0,0.0,0,0.0,0,0,0,1691.0,0,0.042005,5.0,0,0,1691.0,0,0.042005,0,0,0,0.0,0,0,0.0,0,0,,,,53.0,instagram,NR,2051.0,719.0,430.0,309.0
ALC - Encerramento Carnval,120239714623330075,OUTCOME_AWARENESS,2026-02-06,92797,68699,1.350777,18,0.019397,6.080556,1.179456,109.45,0.0,0,0.0,0.0,0,0.0,0.0,0,0.0,0,0,0,0,0,0,0.0,0,0.0,0,0,0,2874.0,0,0.038083,14.0,0,0,2874.0,0,0.038083,0,0,0,0.0,0,0,0.0,0,0,,,,0.0,instagram,NR,641.0,116.0,64.0,35.0
ALC - Volksfriends,120239716062130075,OUTCOME_AWARENESS,2026-02-06,248670,169572,1.466457,358,0.143966,0.837905,1.206298,299.97,254.0,0,1.180984,0.0,0,0.0,0.0,0,0.0,0,0,0,0,0,0,0.0,0,0.0,0,0,0,296.0,0,1.013412,36.0,0,0,296.0,0,1.013412,0,0,0,0.0,0,0,0.0,0,0,,,,0.0,instagram,NR,,,,
ALC - Norte Cafe,120239888343150075,OUTCOME_AWARENESS,2026-02-06,61652,45991,1.340523,40,0.06488,1.9995,1.297282,79.98,27.0,0,2.962222,0.0,0,0.0,0.0,0,0.0,0,0,0,0,0,0,0.0,0,0.0,0,0,0,2069.0,0,0.038656,7.0,0,0,2069.0,0,0.038656,0,0,0,0.0,0,0,0.0,0,0,,,,0.0,instagram,NR,956.0,437.0,133.0,88.0
ALC - Filme Todo mundo em Panico,120239890360550075,OUTCOME_AWARENESS,2026-02-06,4,4,1.0,0,0.0,0.0,0.0,0.0,0.0,0,0.0,0.0,0,0.0,0.0,0,0.0,0,0,0,0,0,0,0.0,0,0.0,0,0,0,0.0,0,0.0,0.0,0,0,0.0,0,0.0,0,0,0,0.0,0,0,0.0,0,0,,,,0.0,facebook,NR,,,,
ALC - Todo mundo em panico,120239954131620075,OUTCOME_AWARENESS,2026-02-06,76874,58382,1.316741,36,0.04683,3.007778,1.408539,108.28,11.0,0,9.843636,4.0,0,27.07,0.0,0,0.0,0,0,0,0,0,0,0.0,0,0.0,0,0,0,2758.0,0,0.03926,15.0,0,0,2758.0,0,0.03926,0,0,0,0.0,0,0,0.0,0,0,,,,10.0,instagram,NR,977.0,456.0,188.0,135.0
ALC- Massinha Play-Doh,120240047519830075,OUTCOME_AWARENESS,2026-02-06,64454,60896,1.058427,18,0.027927,5.555556,1.551494,100.0,0.0,0,0.0,0.0,0,0.0,0.0,0,0.0,0,0,0,0,0,0,0.0,0,0.0,0,0,0,2588.0,0,0.03864,8.0,0,0,2588.0,0,0.03864,0,0,0,0.0,0,0,0.0,0,0,,,,0.0,instagram,NR,1515.0,589.0,359.0,178.0
ALC | Moda Feminina,120218457714640075,OUTCOME_AWARENESS,2026-03-01,41613,35471,1.173156,94,0.225891,0.566948,1.280685,53.29313,10.0,0,5.329313,1.0,0,53.29313,0.0,0,0.0,0,0,0,0,0,0,1.0,0,53.29313,0,0,0,3852.0,0,0.013835,50.0,0,0,3852.0,0,0.013835,0,0,0,0.0,0,0,9.0,0,0,,,,9.0,facebook,NR,3844.0,1466.0,721.0,456.0
ALC | Moda Feminina,120218457714640075,OUTCOME_AWARENESS,2026-03-01,356090,251654,1.414998,331,0.092954,1.382377,1.284975,457.56687,227.0,0,2.015713,44.0,0,10.399247,1.0,0,457.56687,0,0,0,0,0,0,13.0,0,35.197452,0,0,0,14295.0,0,0.032009,51.0,0,0,14295.0,0,0.032009,0,0,0,1.0,0,0,76.0,0,0,,,,94.0,instagram,NR,8150.0,3039.0,1575.0,1072.0
ALC | Moda masculina,120218468471470075,OUTCOME_AWARENESS,2026-03-01,344322,256372,1.343056,321,0.093227,1.381776,1.288184,443.55,220.0,0,2.016136,0.0,0,0.0,0.0,0,0.0,0,0,0,0,0,0,0.0,0,0.0,0,0,0,11680.0,0,0.037975,39.0,0,0,11680.0,0,0.037975,0,0,0,0.0,0,0,0.0,0,0,,,,18.0,instagram,NR,17327.0,6224.0,3392.0,2306.0
ALC - Lojas - Inauguração/ Gastronomia,120218470856850075,OUTCOME_AWARENESS,2026-03-01,666849,458547,1.454265,707,0.106021,1.317072,1.396373,931.17,500.0,0,1.86234,1.0,0,931.17,0.0,0,0.0,0,0,0,0,0,0,3.0,0,310.39,0,0,0,27462.0,0,0.033908,111.0,0,0,27462.0,0,0.033908,0,0,0,0.0,0,0,21.0,0,0,,,,14.0,instagram,NR,5121.0,1557.0,824.0,522.0
ALC - Wow Park,120238243719230075,OUTCOME_AWARENESS,2026-03-01,85660,80395,1.065489,126,0.147093,0.864683,1.271889,108.95,84.0,0,1.297024,0.0,0,0.0,0.0,0,0.0,0,0,0,0,0,0,0.0,0,0.0,0,0,0,4165.0,0,0.026158,24.0,0,0,4165.0,0,0.026158,0,0,0,0.0,0,0,0.0,0,0,,,,0.0,instagram,NR,853.0,216.0,107.0,60.0
ALC - PISTA DE PATINAÇAO,120238346134830075,OUTCOME_AWARENESS,2026-03-01,188222,151937,1.238816,221,0.117415,1.012579,1.188915,223.78,155.0,0,1.443742,0.0,0,0.0,0.0,0,0.0,0,0,0,0,0,0,0.0,0,0.0,0,0,0,9155.0,0,0.024443,39.0,0,0,9155.0,0,0.024443,0,0,0,0.0,0,0,0.0,0,0,,,,0.0,instagram,NR,3186.0,1401.0,481.0,294.0
ALC - Todo mundo em panico,120239954131620075,OUTCOME_AWARENESS,2026-03-01,592386,365303,1.621629,726,0.122555,1.173168,1.437779,851.72,416.0,0,2.047404,278.0,0,3.063741,0.0,0,0.0,0,0,0,0,0,0,0.0,0,0.0,0,0,0,49313.0,0,0.017272,583.0,0,0,49313.0,0,0.017272,0,0,0,0.0,0,0,0.0,0,0,,,,415.0,instagram,NR,11083.0,4387.0,2658.0,1692.0
ALC - FitDance Colors,120239964730160075,OUTCOME_AWARENESS,2026-03-01,172723,156016,1.107085,315,0.182373,0.925873,1.688542,291.65,257.0,0,1.134825,2.0,0,145.825,0.0,0,0.0,0,0,0,0,0,0,0.0,0,0.0,0,0,0,288.0,0,1.012674,28.0,0,0,288.0,0,1.012674,0,0,0,0.0,0,0,0.0,0,0,,,,256.0,instagram,NR,,,,
ALC- PASSAPORTE ELAS,120240201228560075,OUTCOME_AWARENESS,2026-03-01,864427,510461,1.693424,1711,0.197935,1.168182,2.312237,1998.76,1425.0,0,1.402639,391.0,0,5.111918,0.0,0,0.0,0,0,0,0,0,0,0.0,0,0.0,0,0,0,48112.0,0,0.041544,166.0,0,0,48110.0,0,0.041546,0,0,0,0.0,0,0,0.0,0,0,,,,1422.0,instagram,NR,11603.0,2506.0,1475.0,938.0
ALC - Coelho Flock,120240253340710075,OUTCOME_AWARENESS,2026-03-01,235198,147239,1.597389,263,0.111821,1.159696,1.29678,305.0,219.0,0,1.392694,1.0,0,305.0,0.0,0,0.0,0,0,0,0,0,0,0.0,0,0.0,0,0,0,238.0,0,1.281513,16.0,0,0,238.0,0,1.281513,0,0,0,0.0,0,0,0.0,0,0,,,,219.0,instagram,NR,,,,
ALC - Fitdance Colors 26,120240304229740075,OUTCOME_AWARENESS,2026-03-01,85516,72058,1.186766,90,0.105243,1.333333,1.403246,120.0,66.0,0,1.818182,1.0,0,120.0,0.0,0,0.0,0,0,0,0,0,0,0.0,0,0.0,0,0,0,4528.0,0,0.026502,13.0,0,0,4528.0,0,0.026502,0,0,0,0.0,0,0,0.0,0,0,,,,1.0,instagram,NR,1279.0,595.0,136.0,86.0
ALC - Semana do Consumidor,120240503401510075,OUTCOME_AWARENESS,2026-03-01,169789,134672,1.260759,237,0.139585,1.265823,1.766899,300.0,189.0,0,1.587302,1.0,0,300.0,1.0,0,300.0,0,0,0,0,0,0,13.0,0,23.076923,0,0,0,4921.0,0,0.060963,21.0,0,0,4921.0,0,0.060963,0,0,0,1.0,0,0,96.0,0,0,,,,189.0,instagram,NR,298.0,113.0,54.0,20.0
ALC - Pet Day - Corrida Pet,120240504098140075,OUTCOME_AWARENESS,2026-03-01,94969,85921,1.105306,150,0.157946,0.8612,1.360233,129.18,124.0,0,1.041774,1.0,0,129.18,0.0,0,0.0,0,0,0,0,0,0,1.0,0,129.18,0,0,0,143.0,0,0.903357,8.0,0,0,143.0,0,0.903357,0,0,0,0.0,0,0,18.0,0,0,,,,123.0,instagram,NR,,,,
ALC - Show BTS,120240504770880075,OUTCOME_AWARENESS,2026-03-01,15003,14208,1.055954,21,0.139972,0.901429,1.261748,18.93,19.0,0,0.996316,12.0,0,1.5775,0.0,0,0.0,0,0,0,0,0,0,0.0,0,0.0,0,0,0,19.0,0,0.996316,0.0,0,0,19.0,0,0.996316,0,0,0,0.0,0,0,0.0,0,0,,,,19.0,instagram,NR,,,,
ALC - Pokemon,120240557522400075,OUTCOME_AWARENESS,2026-03-01,132188,95147,1.389303,143,0.108179,1.398392,1.51277,199.97,94.0,0,2.12734,0.0,0,0.0,1.0,0,199.97,0,0,0,0,0,0,4.0,0,49.9925,0,0,0,4966.0,0,0.040268,23.0,0,0,4966.0,0,0.040268,0,0,0,1.0,0,0,30.0,0,0,,,,0.0,instagram,NR,1907.0,898.0,233.0,171.0
ALC - Páscoa Cacau Show,120240557649330075,OUTCOME_AWARENESS,2026-03-01,60870,35018,1.738249,134,0.220141,0.631459,1.390102,84.615496,3.0,0,28.205165,0.0,0,0.0,0.0,0,0.0,0,0,0,0,0,0,0.0,0,0.0,0,0,0,4122.0,0,0.020528,30.0,0,0,4122.0,0,0.020528,0,0,0,0.0,0,0,9.0,0,0,,,,0.0,facebook,NR,1207.0,446.0,320.0,175.0
ALC - Páscoa Cacau Show,120240557649330075,OUTCOME_AWARENESS,2026-03-01,73691,44261,1.664919,16,0.021712,6.454031,1.401318,103.264504,0.0,0,0.0,0.0,0,0.0,0.0,0,0.0,0,0,0,0,0,0,3.0,0,34.421501,0,0,0,2942.0,0,0.0351,14.0,0,0,2942.0,0,0.0351,0,0,0,0.0,0,0,28.0,0,0,,,,0.0,instagram,NR,960.0,230.0,162.0,82.0
ALC - Dia da Pipoca,120240704751670075,OUTCOME_AWARENESS,2026-03-01,99051,85239,1.162039,203,0.204945,0.738719,1.513968,149.96,145.0,0,1.034207,2.0,0,74.98,0.0,0,0.0,0,0,0,0,0,0,4.0,0,37.49,0,0,0,153.0,0,0.980131,2.0,0,0,153.0,0,0.980131,0,0,0,0.0,0,0,56.0,0,0,,,,0.0,instagram,NR,,,,
ALC - Torresmo Fest,120240704864930075,OUTCOME_AWARENESS,2026-03-01,221276,123990,1.784628,327,0.147779,0.982966,1.45262,321.43,255.0,0,1.26051,1.0,0,321.43,0.0,0,0.0,0,0,0,0,0,0,12.0,0,26.785833,0,0,0,1290.0,0,0.249171,20.0,0,0,1290.0,0,0.249171,0,0,0,0.0,0,0,90.0,0,0,,,,0.0,instagram,NR,1761.0,681.0,393.0,266.0
ALC - ELITE BTS,120240709726080075,OUTCOME_AWARENESS,2026-03-01,237286,148135,1.601823,370,0.15593,0.945784,1.47476,349.94,270.0,0,1.296074,2.0,0,174.97,0.0,0,0.0,0,0,0,0,0,0,0.0,0,0.0,0,0,0,343.0,0,1.020233,33.0,0,0,343.0,0,1.020233,0,0,0,0.0,0,0,0.0,0,0,,,,1.0,instagram,NR,,,,
ALC - ANIVERSARIO DE INDAIAL,120240851897790075,OUTCOME_AWARENESS,2026-03-01,94462,66416,1.422278,133,0.140797,1.12782,1.58794,150.0,73.0,0,2.054795,1.0,0,150.0,0.0,0,0.0,0,0,0,0,0,0,0.0,0,0.0,0,0,0,4518.0,0,0.033201,11.0,0,0,4518.0,0,0.033201,0,0,0,0.0,0,0,0.0,0,0,,,,0.0,instagram,NR,1020.0,236.0,98.0,53.0
ALC - Economéqui,120240856916080075,OUTCOME_AWARENESS,2026-03-01,42501,29646,1.433617,110,0.258817,0.525545,1.360203,57.81,50.0,0,1.1562,14.0,0,4.129286,0.0,0,0.0,0,0,0,0,0,0,0.0,0,0.0,0,0,0,75.0,0,0.7708,21.0,0,0,75.0,0,0.7708,0,0,0,0.0,0,0,0.0,0,0,,,,50.0,facebook,NR,,,,
ALC - Economéqui,120240856916080075,OUTCOME_AWARENESS,2026-03-01,48293,36603,1.319373,75,0.155302,0.894133,1.388607,67.06,57.0,0,1.176491,18.0,0,3.725556,0.0,0,0.0,0,0,0,0,0,0,0.0,0,0.0,0,0,0,60.0,0,1.117667,2.0,0,0,60.0,0,1.117667,0,0,0,0.0,0,0,0.0,0,0,,,,57.0,instagram,NR,,,,
ALC - Promo Iphone,120241124936590075,OUTCOME_AWARENESS,2026-03-01,2570,2512,1.023089,3,0.116732,1.1,1.284047,3.3,1.0,0,3.3,0.0,0,0.0,0.0,0,0.0,0,0,0,0,0,0,0.0,0,0.0,0,0,0,2.0,0,1.65,1.0,0,0,2.0,0,1.65,0,0,0,0.0,0,0,0.0,0,0,,,,1.0,facebook,NR,,,,
ALC - Promo Iphone,120241124936590075,OUTCOME_AWARENESS,2026-03-01,1097,1097,1.0,1,0.091158,1.63,1.485871,1.63,1.0,0,1.63,0.0,0,0.0,0.0,0,0.0,0,0,0,0,0,0,0.0,0,0.0,0,0,0,1.0,0,1.63,0.0,0,0,1.0,0,1.63,0,0,0,0.0,0,0,0.0,0,0,,,,1.0,instagram,NR,,,,
ALC - Crepusculo,120241125679200075,OUTCOME_AWARENESS,2026-03-01,1516,1501,1.009993,5,0.329815,0.348,1.147757,1.74,0.0,0,0.0,0.0,0,0.0,0.0,0,0.0,0,0,0,0,0,0,0.0,0,0.0,0,0,0,125.0,0,0.01392,2.0,0,0,125.0,0,0.01392,0,0,0,0.0,0,0,0.0,0,0,,,,0.0,facebook,NR,47.0,17.0,10.0,6.0
ALC - Crepusculo,120241125679200075,OUTCOME_AWARENESS,2026-03-01,2279,2239,1.017865,6,0.263273,0.516667,1.360246,3.1,4.0,0,0.775,2.0,0,1.55,0.0,0,0.0,0,0,0,0,0,0,0.0,0,0.0,0,0,0,198.0,0,0.015657,5.0,0,0,198.0,0,0.015657,0,0,0,0.0,0,0,0.0,0,0,,,,4.0,instagram,NR,59.0,28.0,4.0,3.0
ALC - Crepusculo,120241125679200075,OUTCOME_AWARENESS,2026-03-01,5,5,1.0,0,0.0,0.0,6.0,0.03,0.0,0,0.0,0.0,0,0.0,0.0,0,0.0,0,0,0,0,0,0,0.0,0,0.0,0,0,0,2.0,0,0.015,0.0,0,0,2.0,0,0.015,0,0,0,0.0,0,0,0.0,0,0,,,,0.0,threads,NR,2.0,1.0,,
ALC - Caça aos ovos,120241125848920075,OUTCOME_AWARENESS,2026-03-01,6403,6093,1.050878,21,0.327971,0.583992,1.915327,12.263837,13.0,0,0.943372,3.0,0,4.087946,0.0,0,0.0,0,0,0,0,0,0,0.0,0,0.0,0,0,0,859.0,0,0.014277,2.0,0,0,859.0,0,0.014277,0,0,0,0.0,0,0,0.0,0,0,,,,12.0,facebook,NR,592.0,189.0,102.0,65.0
ALC - Caça aos ovos,120241125848920075,OUTCOME_AWARENESS,2026-03-01,4087,4087,1.0,5,0.122339,1.527233,1.868403,7.636163,4.0,0,1.909041,1.0,0,7.636163,0.0,0,0.0,0,0,0,0,0,0,0.0,0,0.0,0,0,0,105.0,0,0.072725,0.0,0,0,105.0,0,0.072725,0,0,0,0.0,0,0,0.0,0,0,,,,4.0,instagram,NR,75.0,32.0,17.0,12.0
ALC - Super Mário - Pré-venda Filme,120241125976290075,OUTCOME_AWARENESS,2026-03-01,3287,3280,1.002134,12,0.365075,0.399167,1.457256,4.79,2.0,0,2.395,0.0,0,0.0,0.0,0,0.0,0,0,0,0,0,0,0.0,0,0.0,0,0,0,399.0,0,0.012005,2.0,0,0,399.0,0,0.012005,0,0,0,0.0,0,0,3.0,0,0,,,,0.0,facebook,NR,145.0,49.0,33.0,10.0
ALC - Super Mário - Pré-venda Filme,120241125976290075,OUTCOME_AWARENESS,2026-03-01,2960,2903,1.019635,4,0.135135,1.1375,1.537162,4.55,2.0,0,2.275,0.0,0,0.0,0.0,0,0.0,0,0,0,0,0,0,0.0,0,0.0,0,0,0,190.0,0,0.023947,1.0,0,0,190.0,0,0.023947,0,0,0,0.0,0,0,2.0,0,0,,,,2.0,instagram,NR,83.0,32.0,9.0,2.0
TRAF - FRANQUIAS,120241527985860075,OUTCOME_AWARENESS,2026-03-01,6153,5231,1.176257,7,0.113766,1.177143,1.339184,8.24,7.0,0,1.177143,0.0,0,0.0,0.0,0,0.0,0,0,0,0,0,0,0.0,0,0.0,0,0,0,7.0,0,1.177143,0.0,0,0,7.0,0,1.177143,0,0,0,0.0,0,0,16.0,0,0,,,,7.0,facebook,NR,,,,
TRAF - FRANQUIAS,120241527985860075,OUTCOME_AWARENESS,2026-03-01,37412,36578,1.022801,53,0.141666,0.94283,1.335668,49.97,40.0,0,1.24925,0.0,0,0.0,0.0,0,0.0,0,0,0,0,0,0,0.0,0,0.0,0,0,0,111.0,0,0.45018,1.0,0,0,111.0,0,0.45018,0,0,0,0.0,0,0,0.0,0,0,,,,40.0,instagram,NR,,,,
TRAF - FRANQUIAS,120241527985860075,OUTCOME_AWARENESS,2026-03-01,84,83,1.012048,0,0.0,0.0,1.785714,0.15,0.0,0,0.0,0.0,0,0.0,0.0,0,0.0,0,0,0,0,0,0,0.0,0,0.0,0,0,0,0.0,0,0.0,0.0,0,0,0.0,0,0.0,0,0,0,0.0,0,0,0.0,0,0,,,,0.0,threads,NR,,,,
TRAF - FRANQUIAS,120241527985860075,OUTCOME_AWARENESS,2026-03-01,2,2,1.0,0,0.0,0.0,0.0,0.0,0.0,0,0.0,0.0,0,0.0,0.0,0,0.0,0,0,0,0,0,0,0.0,0,0.0,0,0,0,0.0,0,0.0,0.0,0,0,0.0,0,0.0,0,0,0,0.0,0,0,0.0,0,0,,,,0.0,whatsapp,NR,,,,
ENG - FRANQUIAS,120241528984760075,OUTCOME_ENGAGEMENT,2026-03-01,2,2,1.0,0,0.0,0.0,0.0,0.0,0.0,0,0.0,0.0,0,0.0,0.0,0,0.0,0,0,0,0,0,0,0.0,0,0.0,0,0,0,0.0,0,0.0,0.0,0,0,0.0,0,0.0,0,0,0,0.0,0,0,0.0,0,0,,,,0.0,facebook,NR,,,,
ENG - FRANQUIAS,120241528984760075,OUTCOME_ENGAGEMENT,2026-03-01,3844,3000,1.281333,56,1.456816,1.183214,17.237253,66.26,44.0,0,1.505909,0.0,0,0.0,0.0,0,0.0,0,0,0,0,0,0,0.0,0,0.0,0,0,0,715.0,0,0.092671,660.0,0,0,715.0,0,0.092671,0,0,0,0.0,0,0,0.0,0,0,,,,44.0,instagram,NR,,,,
TRAF - FRANQUIAS,120241527985860075,OUTCOME_AWARENESS,2026-04-01,280573,127498,2.200607,243,0.086608,1.349985,1.169202,328.046392,213.0,0,1.540124,0.0,0,0.0,1.0,0,328.046392,0,0,0,0,0,0,19.0,0,17.2656,0,0,0,214.0,0,1.532927,1.0,0,0,214.0,0,1.532927,0,0,0,1.0,0,0,87.0,0,0,,,,210.0,facebook,NR,,,,
TRAF - FRANQUIAS,120241527985860075,OUTCOME_AWARENESS,2026-04-01,589304,272360,2.163695,984,0.166977,0.692137,1.155708,681.06327,829.0,0,0.821548,9.0,0,75.673697,1.0,0,681.06327,0,0,0,0,0,0,22.0,0,30.957421,0,0,0,1460.0,0,0.466482,74.0,0,0,1460.0,0,0.466482,0,0,0,1.0,0,0,133.0,0,0,,,,828.0,instagram,NR,1.0,,,
TRAF - FRANQUIAS,120241527985860075,OUTCOME_AWARENESS,2026-04-01,9132,6938,1.316229,28,0.306614,0.378579,1.160776,10.600207,21.0,0,0.504772,0.0,0,0.0,0.0,0,0.0,0,0,0,0,0,0,0.0,0,0.0,0,0,0,26.0,0,0.4077,5.0,0,0,26.0,0,0.4077,0,0,0,0.0,0,0,0.0,0,0,,,,21.0,threads,NR,,,,
TRAF - FRANQUIAS,120241527985860075,OUTCOME_AWARENESS,2026-04-01,11322,939,12.057508,22,0.194312,0.306824,0.596196,6.750132,3.0,0,2.250044,0.0,0,0.0,0.0,0,0.0,0,0,0,0,0,0,0.0,0,0.0,0,0,0,3.0,0,2.250044,0.0,0,0,3.0,0,2.250044,0,0,0,0.0,0,0,0.0,0,0,,,,0.0,whatsapp,NR,,,,
ENG - FRANQUIAS,120241528984760075,OUTCOME_ENGAGEMENT,2026-04-01,182,155,1.174194,1,0.549451,0.38,2.087912,0.38,1.0,0,0.38,0.0,0,0.0,0.0,0,0.0,0,0,0,0,0,0,0.0,0,0.0,0,0,0,1.0,0,0.38,0.0,0,0,1.0,0,0.38,0,0,0,0.0,0,0,0.0,0,0,,,,1.0,facebook,NR,,,,
ENG - FRANQUIAS,120241528984760075,OUTCOME_ENGAGEMENT,2026-04-01,42551,27573,1.543213,625,1.468826,0.781008,11.471646,488.13,545.0,0,0.895651,5.0,0,97.626,0.0,0,0.0,0,0,0,0,0,0,0.0,0,0.0,0,0,0,9849.0,0,0.049561,9226.0,0,0,9849.0,0,0.049561,0,0,0,0.0,0,0,0.0,0,0,,,,545.0,instagram,NR,,,,
ALC - CAMPANHA IPHONE,120241907445370075,OUTCOME_AWARENESS,2026-04-01,348478,131054,2.659041,209,0.059975,2.993768,1.795515,625.697486,164.0,0,3.815229,0.0,0,0.0,2.0,0,312.848743,0,0,0,0,0,0,18.0,0,34.760971,0,0,0,17449.0,0,0.035859,0.0,0,0,17449.0,0,0.035859,0,0,0,2.0,0,0,142.0,0,0,,,,161.0,facebook,NR,10906.0,3479.0,1692.0,1057.0
ALC - CAMPANHA IPHONE,120241907445370075,OUTCOME_AWARENESS,2026-04-01,1009151,437484,2.306715,1323,0.1311,1.413169,1.852669,1869.622606,1150.0,0,1.625759,12.0,0,155.801884,19.0,0,98.40119,0,0,0,0,0,0,85.0,0,21.99556,0,0,0,18497.0,0,0.101077,101.0,0,0,18497.0,0,0.101077,0,0,0,19.0,0,0,514.0,0,0,,,,1142.0,instagram,NR,12276.0,4564.0,2447.0,1162.0
ALC - CAMPANHA IPHONE,120241907445370075,OUTCOME_AWARENESS,2026-04-01,2115,1830,1.155738,6,0.283688,0.713319,2.0236,4.279914,6.0,0,0.713319,1.0,0,4.279914,0.0,0,0.0,0,0,0,0,0,0,0.0,0,0.0,0,0,0,382.0,0,0.011204,1.0,0,0,382.0,0,0.011204,0,0,0,0.0,0,0,0.0,0,0,,,,6.0,threads,NR,276.0,108.0,52.0,30.0
ALC - CAMPANHA IPHONE,120241907445370075,OUTCOME_AWARENESS,2026-04-01,2,2,1.0,0,0.0,0.0,9.9998,0.02,0.0,0,0.0,0.0,0,0.0,0.0,0,0.0,0,0,0,0,0,0,0.0,0,0.0,0,0,0,0.0,0,0.0,0.0,0,0,0.0,0,0.0,0,0,0,0.0,0,0,0.0,0,0,,,,0.0,unknown,NR,,,,
ALC - CAMPANHA IPHONE,120241907445370075,OUTCOME_AWARENESS,2026-04-01,245,0,0.0,0,0.0,0.0,1.224465,0.299994,0.0,0,0.0,0.0,0,0.0,0.0,0,0.0,0,0,0,0,0,0,0.0,0,0.0,0,0,0,8.0,0,0.037499,0.0,0,0,8.0,0,0.037499,0,0,0,0.0,0,0,0.0,0,0,,,,0.0,whatsapp,NR,4.0,3.0,2.0,1.0
ALC - C&A,120241908420850075,OUTCOME_AWARENESS,2026-04-01,89457,60282,1.483975,165,0.184446,0.597697,1.102429,98.62,97.0,0,1.016701,33.0,0,2.988485,0.0,0,0.0,0,0,0,0,0,0,0.0,0,0.0,0,0,0,131.0,0,0.752824,33.0,0,0,131.0,0,0.752824,0,0,0,0.0,0,0,0.0,0,0,,,,97.0,facebook,NR,,,,
ALC - C&A,120241908420850075,OUTCOME_AWARENESS,2026-04-01,48298,32375,1.49183,55,0.113876,1.022545,1.164437,56.24,39.0,0,1.442051,15.0,0,3.749333,0.0,0,0.0,0,0,0,0,0,0,0.0,0,0.0,0,0,0,43.0,0,1.307907,4.0,0,0,43.0,0,1.307907,0,0,0,0.0,0,0,0.0,0,0,,,,39.0,instagram,NR,,,,
ALC - C&A,120241908420850075,OUTCOME_AWARENESS,2026-04-01,7,7,1.0,0,0.0,0.0,1.428571,0.01,0.0,0,0.0,0.0,0,0.0,0.0,0,0.0,0,0,0,0,0,0,0.0,0,0.0,0,0,0,0.0,0,0.0,0.0,0,0,0.0,0,0.0,0,0,0,0.0,0,0,0.0,0,0,,,,0.0,threads,NR,,,,
ALC - Capivalley,120241915790970075,OUTCOME_AWARENESS,2026-04-01,579334,221786,2.612131,1144,0.197468,0.613801,1.21206,702.187824,717.0,0,0.979341,386.0,0,1.819139,0.0,0,0.0,0,0,0,0,0,0,0.0,0,0.0,0,0,0,5705.0,0,0.123083,108.0,0,0,5705.0,0,0.123083,0,0,0,0.0,0,0,0.0,0,0,,,,696.0,facebook,NR,2271.0,982.0,350.0,167.0
ALC - Capivalley,120241915790970075,OUTCOME_AWARENESS,2026-04-01,484703,208744,2.321997,800,0.16505,0.75899,1.25271,607.192177,670.0,0,0.906257,384.0,0,1.58123,0.0,0,0.0,0,0,0,0,0,0,0.0,0,0.0,0,0,0,3513.0,0,0.172842,51.0,0,0,3513.0,0,0.172842,0,0,0,0.0,0,0,0.0,0,0,,,,668.0,instagram,NR,1061.0,365.0,118.0,73.0
ALC - Capivalley,120241915790970075,OUTCOME_AWARENESS,2026-04-01,0,0,0.0,0,0.0,0.0,0.0,0.0,0.0,0,0.0,2.0,0,0.0,0.0,0,0.0,0,0,0,0,0,0,0.0,0,0.0,0,0,0,0.0,0,0.0,0.0,0,0,0.0,0,0.0,0,0,0,0.0,0,0,0.0,0,0,,,,0.0,unknown,NR,,,,
ALC - Ações Autismo,120241917716260075,OUTCOME_AWARENESS,2026-04-01,176633,98693,1.789722,301,0.17041,0.632512,1.077863,190.386168,201.0,0,0.947195,46.0,0,4.13883,0.0,0,0.0,0,0,0,0,0,0,0.0,0,0.0,0,0,0,242.0,0,0.78672,39.0,0,0,242.0,0,0.78672,0,0,0,0.0,0,0,0.0,0,0,,,,197.0,facebook,NR,,,,
ALC - Ações Autismo,120241917716260075,OUTCOME_AWARENESS,2026-04-01,106486,66570,1.599609,148,0.138985,0.79935,1.11098,118.303832,118.0,0,1.002575,44.0,0,2.688723,0.0,0,0.0,0,0,0,0,0,0,0.0,0,0.0,0,0,0,126.0,0,0.938919,8.0,0,0,126.0,0,0.938919,0,0,0,0.0,0,0,0.0,0,0,,,,117.0,instagram,NR,,,,
TRAF - PROMO IPHONE,120241976679040075,LINK_CLICKS,2026-04-01,76925,11126,6.913985,426,0.553786,0.172106,0.953102,73.317338,451.0,0,0.162566,150.0,0,0.488782,0.0,0,0.0,0,0,0,0,0,0,0.0,0,0.0,0,0,0,618.0,0,0.118636,0.0,0,0,618.0,0,0.118636,0,0,0,0.0,0,0,0.0,0,0,,,,451.0,audience_network,NR,154.0,164.0,115.0,94.0
TRAF - PROMO IPHONE,120241976679040075,LINK_CLICKS,2026-04-01,51778,31578,1.639686,1075,2.076171,0.128711,2.672252,138.363847,830.0,0,0.166703,217.0,0,0.637621,0.0,0,0.0,0,0,0,0,0,0,0.0,0,0.0,0,0,0,6197.0,0,0.022328,33.0,0,0,6198.0,0,0.022324,0,0,0,0.0,0,0,0.0,0,0,,,,830.0,facebook,NR,5258.0,2193.0,1380.0,843.0
TRAF - PROMO IPHONE,120241976679040075,LINK_CLICKS,2026-04-01,5644,3591,1.571707,434,7.689582,0.201126,15.465758,87.288736,436.0,0,0.200204,99.0,0,0.881704,0.0,0,0.0,0,0,0,0,0,0,0.0,0,0.0,0,0,0,599.0,0,0.145724,11.0,0,0,599.0,0,0.145724,0,0,0,0.0,0,0,0.0,0,0,,,,436.0,instagram,NR,149.0,67.0,48.0,35.0
TRAF - PROMO IPHONE,120241976679040075,LINK_CLICKS,2026-04-01,75,63,1.190476,5,6.666667,0.158016,10.534388,0.790079,5.0,0,0.158016,4.0,0,0.19752,0.0,0,0.0,0,0,0,0,0,0,0.0,0,0.0,0,0,0,32.0,0,0.02469,1.0,0,0,32.0,0,0.02469,0,0,0,0.0,0,0,0.0,0,0,,,,5.0,threads,NR,19.0,8.0,6.0,5.0
ALC - Parceirão do atacadão,120242030809040075,OUTCOME_AWARENESS,2026-04-01,116941,113013,1.034757,106,0.090644,1.398396,1.267562,148.23,82.0,0,1.807683,26.0,0,5.701154,0.0,0,0.0,0,0,0,0,0,0,0.0,0,0.0,0,0,0,2306.0,0,0.06428,8.0,0,0,2306.0,0,0.06428,0,0,0,0.0,0,0,0.0,0,0,,,,81.0,instagram,NR,2137.0,1049.0,685.0,489.0
ALC - Legião urbana Cover,120242503048470075,OUTCOME_AWARENESS,2026-04-01,255739,140792,1.816431,677,0.264723,0.486617,1.288188,329.44,581.0,0,0.567022,321.0,0,1.026293,0.0,0,0.0,0,0,0,0,0,0,0.0,0,0.0,0,0,0,13958.0,0,0.023602,97.0,0,0,13958.0,0,0.023602,0,0,0,0.0,0,0,0.0,0,0,,,,580.0,instagram,NR,5709.0,2110.0,710.0,423.0
ALC - Legião urbana Cover,120242503048470075,OUTCOME_AWARENESS,2026-04-01,0,0,0.0,0,0.0,0.0,0.0,0.0,0.0,0,0.0,1.0,0,0.0,0.0,0,0.0,0,0,0,0,0,0,0.0,0,0.0,0,0,0,0.0,0,0.0,0.0,0,0,0.0,0,0.0,0,0,0,0.0,0,0,0.0,0,0,,,,0.0,unknown,NR,,,,
ALC - Diabo veste prada,120242503119030075,OUTCOME_AWARENESS,2026-04-01,168231,91871,1.831165,267,0.15871,0.855019,1.357003,228.29,194.0,0,1.176753,82.0,0,2.784024,0.0,0,0.0,0,0,0,0,0,0,0.0,0,0.0,0,0,0,11280.0,0,0.020238,55.0,0,0,11280.0,0,0.020238,0,0,0,0.0,0,0,0.0,0,0,,,,194.0,instagram,NR,29251.0,9145.0,4263.0,2697.0
ALC - Senhora Farinha,120242503236000075,OUTCOME_AWARENESS,2026-04-01,201348,171030,1.177267,56,0.027813,3.882321,1.079772,217.41,0.0,0,0.0,0.0,0,0.0,0.0,0,0.0,0,0,0,0,0,0,0.0,0,0.0,0,0,0,7396.0,0,0.029396,49.0,0,0,7396.0,0,0.029396,0,0,0,0.0,0,0,0.0,0,0,,,,0.0,instagram,NR,10760.0,4562.0,2307.0,1639.0
ALC - PROMO MAES 26,120243131799260075,OUTCOME_AWARENESS,2026-04-01,84330,62249,1.354721,154,0.182616,0.801558,1.463773,123.44,118.0,0,1.046102,43.0,0,2.870698,0.0,0,0.0,0,0,0,0,0,0,0.0,0,0.0,0,0,0,3998.0,0,0.030875,29.0,0,0,3998.0,0,0.030875,0,0,0,0.0,0,0,0.0,0,0,,,,118.0,instagram,NR,1198.0,329.0,181.0,85.0
TRAF - PROMO MAES 26,120243132088520075,LINK_CLICKS,2026-04-01,18758,16690,1.123907,1487,7.927284,0.067653,5.363045,100.6,1482.0,0,0.067881,648.0,0,0.155247,0.0,0,0.0,0,0,0,0,0,0,8.0,0,12.575,0,0,0,7567.0,0,0.013295,140.0,0,0,7567.0,0,0.013295,0,0,0,0.0,0,0,30.0,0,0,,,,1482.0,instagram,NR,3121.0,1653.0,872.0,385.0
TRAF - FRANQUIAS,120241527985860075,OUTCOME_AWARENESS,2026-05-01,0,0,0.0,0,0.0,0.0,0.0,0.0,0.0,0,0.0,0.0,0,0.0,0.0,0,0.0,0,0,0,0,0,0,0.0,0,0.0,0,0,0,0.0,0,0.0,0.0,0,0,0.0,0,0.0,0,0,0,0.0,0,0,0.0,0,0,,,,0.0,threads,NR,,,,
ALC - PROMO MAES 26,120243131799260075,OUTCOME_AWARENESS,2026-05-01,165806,126251,1.313304,316,0.190584,0.675981,1.288313,213.61,232.0,0,0.920733,97.0,0,2.202165,0.0,0,0.0,0,0,0,0,0,0,0.0,0,0.0,0,0,0,11635.0,0,0.018359,51.0,0,0,11635.0,0,0.018359,0,0,0,0.0,0,0,0.0,0,0,,,,232.0,instagram,NR,3135.0,911.0,470.0,265.0
TRAF - PROMO MAES 26,120243132088520075,LINK_CLICKS,2026-05-01,27868,24565,1.13446,2092,7.506818,0.071969,5.402612,150.56,2071.0,0,0.072699,1112.0,0,0.135396,10.0,0,15.056,0,0,0,0,0,0,36.0,0,4.182222,0,0,0,13834.0,0,0.010883,330.0,0,0,13834.0,0,0.010883,0,0,0,10.0,0,0,97.0,0,0,,,,2071.0,instagram,NR,5772.0,2955.0,1700.0,805.0
ALC - Jeep - NATAL 2025,120240077958240260,OUTCOME_AWARENESS,2025-11-08,18691,18222,1.025738,31,0.165855,0.919677,1.525333,28.51,26.0,0,1.096538,2.0,0,14.255,0.0,0,0.0,0,0,0,0,0,0,0.0,0,0.0,0,0,0,90.0,0,0.316778,2.0,0,0,90.0,0,0.316778,0,0,0,0.0,0,0,0.0,0,0,,,,26.0,instagram,GS,297.0,91.0,45.0,31.0
ALC - Reels Maya,120240078063570260,OUTCOME_AWARENESS,2025-11-08,195069,167868,1.162038,211,0.108167,1.465498,1.585183,309.22,149.0,0,2.075302,55.0,0,5.622182,0.0,0,0.0,0,0,0,0,0,0,0.0,0,0.0,0,0,0,7126.0,0,0.043393,30.0,0,0,7126.0,0,0.043393,0,0,0,0.0,0,0,0.0,0,0,,,,149.0,instagram,GS,239.0,83.0,59.0,30.0
ALC - Natal Aftermovie,120240078199640260,OUTCOME_AWARENESS,2025-11-08,98149,96191,1.020355,126,0.128376,1.23373,1.583816,155.45,85.0,0,1.828824,0.0,0,0.0,0.0,0,0.0,0,0,0,0,0,0,0.0,0,0.0,0,0,0,2992.0,0,0.051955,26.0,0,0,2992.0,0,0.051955,0,0,0,0.0,0,0,0.0,0,0,,,,0.0,instagram,GS,180.0,64.0,33.0,22.0
ALC - Feira de Adoção,120240078423610260,OUTCOME_AWARENESS,2025-11-08,11578,11578,1.0,12,0.103645,1.5375,1.593539,18.45,7.0,0,2.635714,0.0,0,0.0,0.0,0,0.0,0,0,0,0,0,0,0.0,0,0.0,0,0,0,41.0,0,0.45,0.0,0,0,41.0,0,0.45,0,0,0,0.0,0,0,0.0,0,0,,,,0.0,instagram,GS,261.0,55.0,32.0,24.0
ALC - Edgar + Rayban,120240078887090260,OUTCOME_AWARENESS,2025-11-08,121547,118152,1.028734,136,0.111891,1.432574,1.602919,194.83,97.0,0,2.008557,0.0,0,0.0,0.0,0,0.0,0,0,0,0,0,0,0.0,0,0.0,0,0,0,4865.0,0,0.040047,13.0,0,0,4865.0,0,0.040047,0,0,0,0.0,0,0,0.0,0,0,,,,0.0,instagram,GS,244.0,88.0,53.0,31.0
ALC - NATAL 25,120240129895630260,OUTCOME_AWARENESS,2025-11-08,291828,200376,1.456402,799,0.273791,0.563347,1.542396,450.114207,351.0,0,1.282377,0.0,0,0.0,0.0,0,0.0,0,0,0,0,0,0,0.0,0,0.0,0,0,0,2431.0,0,0.185156,109.0,0,0,2434.0,0,0.184928,0,0,0,0.0,0,0,0.0,0,0,,,,350.0,facebook,GS,4831.0,1430.0,712.0,430.0
ALC - NATAL 25,120240129895630260,OUTCOME_AWARENESS,2025-11-08,126848,91359,1.388457,181,0.14269,1.148154,1.638306,207.815793,143.0,0,1.453257,0.0,0,0.0,0.0,0,0.0,0,0,0,0,0,0,0.0,0,0.0,0,0,0,1021.0,0,0.203541,18.0,0,0,1021.0,0,0.203541,0,0,0,0.0,0,0,0.0,0,0,,,,143.0,instagram,GS,4592.0,1132.0,653.0,468.0
TRAF - NATAL 25,120240130017780260,LINK_CLICKS,2025-11-08,105,33,3.181818,3,2.857143,0.036667,1.047619,0.11,4.0,0,0.0275,1.0,0,0.11,0.0,0,0.0,0,0,0,0,0,0,0.0,0,0.0,0,0,0,4.0,0,0.0275,0.0,0,0,4.0,0,0.0275,0,0,0,0.0,0,0,0.0,0,0,,,,4.0,audience_network,GS,,,,
TRAF - NATAL 25,120240130017780260,LINK_CLICKS,2025-11-08,22805,14889,1.531668,331,1.451436,0.31145,4.5205,103.09,251.0,0,0.410717,217.0,0,0.475069,0.0,0,0.0,0,0,0,0,0,0,0.0,0,0.0,0,0,0,313.0,0,0.329361,26.0,0,0,313.0,0,0.329361,0,0,0,0.0,0,0,0.0,0,0,,,,251.0,facebook,GS,102.0,50.0,31.0,24.0
TRAF - NATAL 25,120240130017780260,LINK_CLICKS,2025-11-08,1383,1103,1.253853,14,1.012292,0.442143,4.475777,6.19,11.0,0,0.562727,10.0,0,0.619,0.0,0,0.0,0,0,0,0,0,0,0.0,0,0.0,0,0,0,16.0,0,0.386875,4.0,0,0,16.0,0,0.386875,0,0,0,0.0,0,0,0.0,0,0,,,,11.0,instagram,GS,1.0,,,
ALC - Reels Decoração,120240146248790260,OUTCOME_AWARENESS,2025-11-08,126441,106476,1.187507,145,0.114678,1.341241,1.538109,194.48,92.0,0,2.113913,1.0,0,194.48,0.0,0,0.0,0,0,0,0,0,0,0.0,0,0.0,0,0,0,4193.0,0,0.046382,14.0,0,0,4193.0,0,0.046382,0,0,0,0.0,0,0,0.0,0,0,,,,1.0,instagram,GS,1198.0,413.0,147.0,88.0
ALC - Reels Madô,120240358848200260,OUTCOME_AWARENESS,2025-11-08,57735,57735,1.0,69,0.119512,1.404493,1.678531,96.91,44.0,0,2.2025,1.0,0,96.91,0.0,0,0.0,0,0,0,0,0,0,0.0,0,0.0,0,0,0,1381.0,0,0.070174,10.0,0,0,1381.0,0,0.070174,0,0,0,0.0,0,0,0.0,0,0,,,,0.0,instagram,GS,748.0,409.0,217.0,36.0
ALC - Aventuras Caninas de Natal,120240403082690260,OUTCOME_AWARENESS,2025-11-08,908816,891586,1.019325,1685,0.185406,1.089347,2.019716,1835.55,1373.0,0,1.33689,501.0,0,3.663772,0.0,0,0.0,0,0,0,0,0,0,0.0,0,0.0,0,0,0,14008.0,0,0.131036,99.0,0,0,14008.0,0,0.131036,0,0,0,0.0,0,0,0.0,0,0,,,,1371.0,instagram,GS,7641.0,2866.0,1394.0,990.0
ALC - Aventuras Caninas de Natal,120240403082690260,OUTCOME_AWARENESS,2025-11-08,0,0,0.0,0,0.0,0.0,0.0,0.0,0.0,0,0.0,1.0,0,0.0,0.0,0,0.0,0,0,0,0,0,0,0.0,0,0.0,0,0,0,0.0,0,0.0,0.0,0,0,0.0,0,0.0,0,0,0,0.0,0,0,0.0,0,0,,,,0.0,unknown,GS,,,,
ALC - Mileninha,120240427184770260,OUTCOME_AWARENESS,2025-11-08,490979,436669,1.124373,1276,0.259889,0.79355,2.062349,1012.57,395.0,0,2.563468,74.0,0,13.683378,0.0,0,0.0,0,0,0,0,0,0,0.0,0,0.0,0,0,0,31866.0,0,0.031776,118.0,0,0,31867.0,0,0.031775,0,0,0,0.0,0,0,0.0,0,0,,,,393.0,facebook,GS,9226.0,3007.0,1671.0,1076.0
ALC - Mileninha,120240427184770260,OUTCOME_AWARENESS,2025-11-08,442183,429884,1.02861,1092,0.246957,0.904148,2.232854,987.33,564.0,0,1.750585,75.0,0,13.1644,0.0,0,0.0,0,0,0,0,0,0,0.0,0,0.0,0,0,0,17283.0,0,0.057127,71.0,0,0,17283.0,0,0.057127,0,0,0,0.0,0,0,0.0,0,0,,,,564.0,instagram,GS,6810.0,3412.0,1006.0,629.0
ENG - Mileninha,120240469270520260,OUTCOME_ENGAGEMENT,2025-11-08,103463,95952,1.078279,1383,1.33671,0.48799,6.523008,674.89,395.0,0,1.708582,248.0,0,2.721331,0.0,0,0.0,0,0,0,0,0,0,0.0,0,0.0,0,0,0,35837.0,0,0.018832,678.0,0,0,35837.0,0,0.018832,0,0,0,0.0,0,0,0.0,0,0,,,,394.0,instagram,GS,19521.0,10247.0,6905.0,4688.0
ENG - Aventuras Caninas de Natal,120240470105850260,OUTCOME_ENGAGEMENT,2025-11-08,93396,85503,1.092313,596,0.638143,1.126292,7.187353,671.27,455.0,0,1.475319,293.0,0,2.291024,0.0,0,0.0,0,0,0,0,0,0,0.0,0,0.0,0,0,0,39702.0,0,0.016908,724.0,0,0,39702.0,0,0.016908,0,0,0,0.0,0,0,0.0,0,0,,,,455.0,instagram,GS,22980.0,11517.0,8132.0,6343.0
TRAF - NATAL 25,120240534673620260,LINK_CLICKS,2025-11-08,25462,14010,1.817416,230,0.903307,0.455435,4.113974,104.75,205.0,0,0.510976,185.0,0,0.566216,0.0,0,0.0,0,0,0,0,0,0,0.0,0,0.0,0,0,0,214.0,0,0.489486,7.0,0,0,214.0,0,0.489486,0,0,0,0.0,0,0,0.0,0,0,,,,204.0,instagram,GS,,,,
ALC - Chapeuzinho vermelho Natal,120240755196880260,OUTCOME_AWARENESS,2025-11-08,289488,282414,1.025048,398,0.137484,1.25598,1.726773,499.88,334.0,0,1.496647,115.0,0,4.346783,0.0,0,0.0,0,0,0,0,0,0,0.0,0,0.0,0,0,0,1006.0,0,0.496899,20.0,0,0,1006.0,0,0.496899,0,0,0,0.0,0,0,0.0,0,0,,,,334.0,instagram,GS,2208.0,806.0,458.0,327.0
ALC - Meu vilão favorito,120240755310190260,OUTCOME_AWARENESS,2025-11-08,278725,267173,1.043238,106,0.03803,4.716038,1.793524,499.9,0.0,0,0.0,0.0,0,0.0,0.0,0,0.0,0,0,0,0,0,0,0.0,0,0.0,0,0,0,15487.0,0,0.032279,88.0,0,0,15487.0,0,0.032279,0,0,0,0.0,0,0,0.0,0,0,,,,0.0,instagram,GS,6499.0,2775.0,1508.0,559.0
ALC - BLACK FRIDAY GS,120241055514670260,OUTCOME_AWARENESS,2025-11-08,375932,365798,1.027704,162,0.043093,4.938148,2.127991,799.98,6.0,0,133.33,4.0,0,199.995,0.0,0,0.0,0,0,0,0,0,0,0.0,0,0.0,0,0,0,20139.0,0,0.039723,55.0,0,0,20139.0,0,0.039723,0,0,0,0.0,0,0,0.0,0,0,,,,5.0,instagram,GS,24991.0,11068.0,5355.0,3681.0
ALC- Tributo Elton John e Adele,120241070269760260,OUTCOME_AWARENESS,2025-11-08,756669,714785,1.058597,1402,0.185286,1.426505,2.643111,1999.96,1111.0,0,1.800144,408.0,0,4.901863,0.0,0,0.0,0,0,0,0,0,0,0.0,0,0.0,0,0,0,21439.0,0,0.093286,171.0,0,0,21439.0,0,0.093286,0,0,0,0.0,0,0,0.0,0,0,,,,1107.0,instagram,GS,7465.0,2505.0,1357.0,864.0
ALC - MUSICAL TEMPO,120241072208340260,OUTCOME_AWARENESS,2025-11-08,761705,719606,1.058503,1429,0.187605,1.399342,2.625242,1999.66,1178.0,0,1.697504,410.0,0,4.87722,0.0,0,0.0,0,0,0,0,0,0,0.0,0,0.0,0,0,0,13171.0,0,0.151823,165.0,0,0,13171.0,0,0.151823,0,0,0,0.0,0,0,0.0,0,0,,,,1176.0,instagram,GS,6026.0,2406.0,1034.0,702.0
TRAF - NATAL 25 CLIQUES 02,120241128882090260,LINK_CLICKS,2025-11-08,27140,16320,1.66299,444,1.635962,0.40491,6.624171,179.78,395.0,0,0.455139,304.0,0,0.591382,0.0,0,0.0,0,0,0,0,0,0,0.0,0,0.0,0,0,0,637.0,0,0.282229,63.0,0,0,637.0,0,0.282229,0,0,0,0.0,0,0,0.0,0,0,,,,390.0,instagram,GS,113.0,57.0,41.0,30.0
ALC - NATAL 25,120240129895630260,OUTCOME_AWARENESS,2025-12-01,793544,440112,1.80305,2014,0.253798,0.493486,1.252458,993.880238,968.0,0,1.026736,0.0,0,0.0,0.0,0,0.0,0,0,0,0,0,0,0.0,0,0.0,0,0,0,12104.0,0,0.082112,181.0,0,0,12107.0,0,0.082091,0,0,0,0.0,0,0,0.0,0,0,,,,955.0,facebook,GS,9560.0,3304.0,1802.0,1059.0
ALC - NATAL 25,120240129895630260,OUTCOME_AWARENESS,2025-12-01,597092,343762,1.736934,648,0.108526,1.174861,1.275029,761.309762,514.0,0,1.481147,0.0,0,0.0,0.0,0,0.0,0,0,0,0,0,0,0.0,0,0.0,0,0,0,11562.0,0,0.065846,60.0,0,0,11562.0,0,0.065846,0,0,0,0.0,0,0,0.0,0,0,,,,314.0,instagram,GS,8129.0,3403.0,1854.0,982.0
ALC - BLACK FRIDAY GS,120241055514670260,OUTCOME_AWARENESS,2025-12-01,0,0,0.0,0,0.0,0.0,0.0,0.0,0.0,0,0.0,0.0,0,0.0,0.0,0,0.0,0,0,0,0,0,0,0.0,0,0.0,0,0,0,0.0,0,0.0,0.0,0,0,0.0,0,0.0,0,0,0,0.0,0,0,0.0,0,0,,,,0.0,instagram,GS,,,,
TRAF - NATAL 25 CLIQUES 02,120241128882090260,LINK_CLICKS,2025-12-01,476032,140382,3.390976,6007,1.26189,0.333984,4.214507,2006.24,5443.0,0,0.368591,3954.0,0,0.507395,0.0,0,0.0,0,0,0,0,0,0,0.0,0,0.0,0,0,0,16546.0,0,0.121252,584.0,0,0,16546.0,0,0.121252,0,0,0,0.0,0,0,0.0,0,0,,,,5314.0,instagram,GS,7962.0,5304.0,2972.0,2273.0
ALC - Árvore solidária,120241456113430260,OUTCOME_AWARENESS,2025-12-01,250051,201689,1.239785,246,0.09838,1.518618,1.494015,373.58,195.0,0,1.915795,0.0,0,0.0,0.0,0,0.0,0,0,0,0,0,0,0.0,0,0.0,0,0,0,3202.0,0,0.116671,21.0,0,0,3202.0,0,0.116671,0,0,0,0.0,0,0,0.0,0,0,,,,2.0,instagram,GS,2859.0,1226.0,792.0,581.0
Coral Adventista,120241456346500260,OUTCOME_AWARENESS,2025-12-01,222222,213369,1.041492,204,0.0918,1.715539,1.574867,349.97,153.0,0,2.287386,0.0,0,0.0,0.0,0,0.0,0,0,0,0,0,0,0.0,0,0.0,0,0,0,169.0,0,2.070828,15.0,0,0,169.0,0,2.070828,0,0,0,0.0,0,0,0.0,0,0,,,,0.0,instagram,GS,,,,
ALC - Inauguração - Manly,120241830292400260,OUTCOME_AWARENESS,2025-12-01,233881,137458,1.701472,222,0.09492,1.351216,1.282575,299.97,161.0,0,1.863168,0.0,0,0.0,0.0,0,0.0,0,0,0,0,0,0,0.0,0,0.0,0,0,0,5970.0,0,0.050246,22.0,0,0,5970.0,0,0.050246,0,0,0,0.0,0,0,0.0,0,0,,,,2.0,instagram,GS,1350.0,205.0,101.0,66.0
ALC - Encontro Pet com Noel,120241868146220260,OUTCOME_AWARENESS,2025-12-01,306820,291605,1.052177,416,0.135584,1.201875,1.629555,499.98,335.0,0,1.492478,0.0,0,0.0,0.0,0,0.0,0,0,0,0,0,0,0.0,0,0.0,0,0,0,809.0,0,0.618022,34.0,0,0,809.0,0,0.618022,0,0,0,0.0,0,0,0.0,0,0,,,,1.0,instagram,GS,425.0,170.0,100.0,68.0
ALC - MODA,120242232300500260,OUTCOME_AWARENESS,2025-12-01,457177,307807,1.485272,612,0.133865,0.89848,1.202751,549.87,394.0,0,1.395609,1.0,0,549.87,0.0,0,0.0,0,0,0,0,0,0,0.0,0,0.0,0,0,0,21055.0,0,0.026116,46.0,0,0,21055.0,0,0.026116,0,0,0,0.0,0,0,0.0,0,0,,,,1.0,instagram,GS,925.0,228.0,128.0,87.0
ALC - Rubens Herbst - Zootopia 2,120242385359030260,OUTCOME_AWARENESS,2025-12-01,254049,184780,1.374873,298,0.1173,1.00651,1.180638,299.94,232.0,0,1.292845,0.0,0,0.0,0.0,0,0.0,0,0,0,0,0,0,0.0,0,0.0,0,0,0,12653.0,0,0.023705,87.0,0,0,12653.0,0,0.023705,0,0,0,0.0,0,0,0.0,0,0,,,,0.0,instagram,GS,150.0,55.0,23.0,14.0
ALC - NATAL 25,120240129895630260,OUTCOME_AWARENESS,2026-01-01,351808,295984,1.188605,573,0.162873,0.492197,0.801656,282.02886,327.0,0,0.862474,0.0,0,0.0,0.0,0,0.0,0,0,0,0,0,0,0.0,0,0.0,0,0,0,11009.0,0,0.025618,43.0,0,0,11009.0,0,0.025618,0,0,0,0.0,0,0,0.0,0,0,,,,308.0,facebook,GS,11719.0,4043.0,2077.0,1286.0
ALC - NATAL 25,120240129895630260,OUTCOME_AWARENESS,2026-01-01,377665,333416,1.132714,337,0.089233,0.885997,0.790598,298.58114,249.0,0,1.199121,0.0,0,0.0,0.0,0,0.0,0,0,0,0,0,0,0.0,0,0.0,0,0,0,11330.0,0,0.026353,43.0,0,0,11330.0,0,0.026353,0,0,0,0.0,0,0,0.0,0,0,,,,98.0,instagram,GS,7696.0,3162.0,1807.0,1033.0
TRAF - NATAL 25 CLIQUES 02,120241128882090260,LINK_CLICKS,2026-01-01,186918,74658,2.503657,2729,1.459999,0.234031,3.416846,638.67,2473.0,0,0.258257,1790.0,0,0.356799,0.0,0,0.0,0,0,0,0,0,0,0.0,0,0.0,0,0,0,7917.0,0,0.080671,144.0,0,0,7917.0,0,0.080671,0,0,0,0.0,0,0,0.0,0,0,,,,2390.0,instagram,GS,4975.0,2926.0,1768.0,1379.0
ALC - MODA,120242232300500260,OUTCOME_AWARENESS,2026-01-01,1012843,583213,1.736661,1127,0.111271,0.958616,1.066661,1080.36,696.0,0,1.552241,1.0,0,1080.36,0.0,0,0.0,0,0,0,0,0,0,0.0,0,0.0,0,0,0,52191.0,0,0.0207,151.0,0,0,52191.0,0,0.0207,0,0,0,0.0,0,0,0.0,0,0,,,,0.0,instagram,GS,1845.0,567.0,318.0,213.0
ALC - LIQUIDA,120243051638560260,OUTCOME_AWARENESS,2026-01-01,1584267,1294109,1.224215,1655,0.104465,1.80777,1.888482,2991.86,1219.0,0,2.454356,0.0,0,0.0,0.0,0,0.0,0,0,0,0,0,0,0.0,0,0.0,0,0,0,74302.0,0,0.040266,195.0,0,0,74302.0,0,0.040266,0,0,0,0.0,0,0,0.0,0,0,,,,0.0,instagram,GS,53875.0,21245.0,12518.0,8979.0
ALC - Filme Bob Esponja,120243182467530260,OUTCOME_AWARENESS,2026-01-01,214027,142807,1.498715,228,0.106529,1.096184,1.16775,249.93,148.0,0,1.688716,0.0,0,0.0,0.0,0,0.0,0,0,0,0,0,0,0.0,0,0.0,0,0,0,17821.0,0,0.014024,81.0,0,0,17821.0,0,0.014024,0,0,0,0.0,0,0,0.0,0,0,,,,0.0,instagram,GS,20857.0,6309.0,2939.0,1977.0
ALC - CORRIDA SHOPPING,120243392123360260,OUTCOME_AWARENESS,2026-01-01,484843,229591,2.111768,596,0.122926,1.035705,1.273154,617.28,398.0,0,1.550955,0.0,0,0.0,0.0,0,0.0,0,0,0,0,0,0,0.0,0,0.0,0,0,0,20873.0,0,0.029573,98.0,0,0,20873.0,0,0.029573,0,0,0,0.0,0,0,0.0,0,0,,,,398.0,instagram,GS,5268.0,1668.0,867.0,381.0
ALC - Exposição Legueiros,120243666484080260,OUTCOME_AWARENESS,2026-01-01,442938,303102,1.46135,547,0.123494,1.406764,1.737263,769.5,372.0,0,2.068548,0.0,0,0.0,0.0,0,0.0,0,0,0,0,0,0,0.0,0,0.0,0,0,0,10792.0,0,0.071303,119.0,0,0,10792.0,0,0.071303,0,0,0,0.0,0,0,0.0,0,0,,,,0.0,instagram,GS,3661.0,1265.0,724.0,488.0
ALC - Volta às aulas,120243667013080260,OUTCOME_AWARENESS,2026-01-01,146522,95664,1.531632,171,0.116706,1.136667,1.326558,194.37,139.0,0,1.398345,0.0,0,0.0,0.0,0,0.0,0,0,0,0,0,0,0.0,0,0.0,0,0,0,1199.0,0,0.16211,8.0,0,0,1199.0,0,0.16211,0,0,0,0.0,0,0,0.0,0,0,,,,0.0,instagram,GS,462.0,312.0,56.0,39.0
ALC - MODA,120242232300500260,OUTCOME_AWARENESS,2026-02-01,147035,143242,1.02648,163,0.110858,1.076442,1.193321,175.46,116.0,0,1.512586,0.0,0,0.0,0.0,0,0.0,0,0,0,0,0,0,0.0,0,0.0,0,0,0,6951.0,0,0.025242,15.0,0,0,6951.0,0,0.025242,0,0,0,0.0,0,0,0.0,0,0,,,,0.0,instagram,GS,219.0,72.0,50.0,32.0
ALC - CORRIDA SHOPPING,120243392123360260,OUTCOME_AWARENESS,2026-02-01,204839,151431,1.352689,228,0.111307,1.062544,1.182685,242.26,163.0,0,1.486258,0.0,0,0.0,0.0,0,0.0,0,0,0,0,0,0,0.0,0,0.0,0,0,0,8418.0,0,0.028779,36.0,0,0,8418.0,0,0.028779,0,0,0,0.0,0,0,0.0,0,0,,,,163.0,instagram,GS,2063.0,608.0,322.0,152.0
ALC - Exposição Legueiros,120243666484080260,OUTCOME_AWARENESS,2026-02-01,469135,368810,1.272024,638,0.135995,1.338323,1.820052,853.85,434.0,0,1.967396,0.0,0,0.0,0.0,0,0.0,0,0,0,0,0,0,0.0,0,0.0,0,0,0,13104.0,0,0.065159,127.0,0,0,13104.0,0,0.065159,0,0,0,0.0,0,0,0.0,0,0,,,,0.0,instagram,GS,4359.0,1557.0,864.0,609.0
ALC - Volta às aulas,120243667013080260,OUTCOME_AWARENESS,2026-02-01,180133,140845,1.278945,160,0.088823,1.323063,1.175187,211.69,125.0,0,1.69352,0.0,0,0.0,0.0,0,0.0,0,0,0,0,0,0,0.0,0,0.0,0,0,0,1143.0,0,0.185206,12.0,0,0,1143.0,0,0.185206,0,0,0,0.0,0,0,0.0,0,0,,,,0.0,instagram,GS,393.0,201.0,60.0,37.0
ALC - Bailinho de carnaval e carnapet,120244043225990260,OUTCOME_AWARENESS,2026-02-01,72840,72127,1.009885,82,0.112576,1.256585,1.414607,103.04,64.0,0,1.61,0.0,0,0.0,0.0,0,0.0,0,0,0,0,0,0,0.0,0,0.0,0,0,0,621.0,0,0.165926,6.0,0,0,621.0,0,0.165926,0,0,0,0.0,0,0,0.0,0,0,,,,0.0,instagram,GS,755.0,349.0,222.0,160.0
ALC - Semana do Cinema,120244043525950260,OUTCOME_AWARENESS,2026-02-01,22401,22046,1.016103,65,0.290166,0.476308,1.382081,30.96,47.0,0,0.658723,0.0,0,0.0,0.0,0,0.0,0,0,0,0,0,0,0.0,0,0.0,0,0,0,270.0,0,0.114667,2.0,0,0,270.0,0,0.114667,0,0,0,0.0,0,0,0.0,0,0,,,,0.0,instagram,GS,521.0,212.0,117.0,87.0
ALC - MODA,120242232300500260,OUTCOME_AWARENESS,2026-02-06,646623,403559,1.602301,691,0.106863,1.164226,1.244125,804.48,459.0,0,1.75268,0.0,0,0.0,0.0,0,0.0,0,0,0,0,0,0,0.0,0,0.0,0,0,0,32617.0,0,0.024664,69.0,0,0,32617.0,0,0.024664,0,0,0,0.0,0,0,0.0,0,0,,,,0.0,instagram,GS,946.0,335.0,192.0,131.0
ALC - CORRIDA SHOPPING,120243392123360260,OUTCOME_AWARENESS,2026-02-06,521813,271528,1.921765,623,0.119391,1.027897,1.227221,640.38,440.0,0,1.455409,0.0,0,0.0,0.0,0,0.0,0,0,0,0,0,0,0.0,0,0.0,0,0,0,25858.0,0,0.024765,99.0,0,0,25858.0,0,0.024765,0,0,0,0.0,0,0,0.0,0,0,,,,440.0,instagram,GS,5704.0,1694.0,879.0,420.0
ALC - Exposição Legueiros,120243666484080260,OUTCOME_AWARENESS,2026-02-06,191265,179393,1.066179,250,0.130709,1.50508,1.967271,376.27,167.0,0,2.253114,0.0,0,0.0,0.0,0,0.0,0,0,0,0,0,0,0.0,0,0.0,0,0,0,5464.0,0,0.068863,58.0,0,0,5464.0,0,0.068863,0,0,0,0.0,0,0,0.0,0,0,,,,0.0,instagram,GS,1919.0,650.0,341.0,239.0
ALC - Volta às aulas,120243667013080260,OUTCOME_AWARENESS,2026-02-06,68084,63312,1.075373,71,0.104283,1.322676,1.379326,93.91,55.0,0,1.707455,0.0,0,0.0,0.0,0,0.0,0,0,0,0,0,0,0.0,0,0.0,0,0,0,410.0,0,0.229049,5.0,0,0,410.0,0,0.229049,0,0,0,0.0,0,0,0.0,0,0,,,,0.0,instagram,GS,135.0,75.0,15.0,9.0
ALC - Bailinho de carnaval e carnapet,120244043225990260,OUTCOME_AWARENESS,2026-02-06,260037,219795,1.183089,303,0.116522,1.30934,1.525668,396.73,242.0,0,1.63938,0.0,0,0.0,0.0,0,0.0,0,0,0,0,0,0,0.0,0,0.0,0,0,0,2041.0,0,0.19438,6.0,0,0,2041.0,0,0.19438,0,0,0,0.0,0,0,0.0,0,0,,,,0.0,instagram,GS,2374.0,1075.0,700.0,523.0
ALC - Semana do Cinema,120244043525950260,OUTCOME_AWARENESS,2026-02-06,351657,238802,1.472588,726,0.206451,0.645551,1.332748,468.67,528.0,0,0.887633,13.0,0,36.051538,0.0,0,0.0,0,0,0,0,0,0,0.0,0,0.0,0,0,0,2873.0,0,0.163129,40.0,0,0,2873.0,0,0.163129,0,0,0,0.0,0,0,0.0,0,0,,,,0.0,instagram,GS,5336.0,2238.0,1306.0,986.0
ALC - Retail Experience,120244288353810260,OUTCOME_AWARENESS,2026-02-06,9720,8407,1.156179,15,0.154321,0.702667,1.084362,10.54,12.0,0,0.878333,0.0,0,0.0,0.0,0,0.0,0,0,0,0,0,0,0.0,0,0.0,0,0,0,14.0,0,0.752857,2.0,0,0,14.0,0,0.752857,0,0,0,0.0,0,0,0.0,0,0,,,,12.0,facebook,GS,,,,
ALC - Retail Experience,120244288353810260,OUTCOME_AWARENESS,2026-02-06,63615,35496,1.792174,72,0.113181,0.985556,1.11546,70.96,57.0,0,1.244912,1.0,0,70.96,0.0,0,0.0,0,0,0,0,0,0,0.0,0,0.0,0,0,0,60.0,0,1.182667,2.0,0,0,60.0,0,1.182667,0,0,0,0.0,0,0,0.0,0,0,,,,1.0,instagram,GS,,,,
ALC - Heroinas do Kpop,120244790251900260,OUTCOME_AWARENESS,2026-02-06,333889,220393,1.514971,703,0.210549,0.665519,1.401244,467.86,569.0,0,0.82225,235.0,0,1.990894,0.0,0,0.0,0,0,0,0,0,0,0.0,0,0.0,0,0,0,732.0,0,0.639153,34.0,0,0,732.0,0,0.639153,0,0,0,0.0,0,0,0.0,0,0,,,,568.0,instagram,GS,,,,
ALC - Heroinas do Kpop,120244790251900260,OUTCOME_AWARENESS,2026-02-06,0,0,0.0,0,0.0,0.0,0.0,0.0,0.0,0,0.0,1.0,0,0.0,0.0,0,0.0,0,0,0,0,0,0,0.0,0,0.0,0,0,0,0.0,0,0.0,0.0,0,0,0.0,0,0.0,0,0,0,0.0,0,0,0.0,0,0,,,,0.0,unknown,GS,,,,
ALC - Benefícios AJFans,120244790529090260,OUTCOME_AWARENESS,2026-02-06,173520,112435,1.543292,138,0.07953,1.650652,1.312759,227.79,109.0,0,2.089817,0.0,0,0.0,0.0,0,0.0,0,0,0,0,0,0,0.0,0,0.0,0,0,0,2739.0,0,0.083165,13.0,0,0,2739.0,0,0.083165,0,0,0,0.0,0,0,0.0,0,0,,,,109.0,instagram,GS,1129.0,641.0,280.0,106.0
ALC - Aniversário Joinville - Atlantida,120245006540330260,OUTCOME_AWARENESS,2026-02-06,157236,126710,1.240912,938,0.596556,0.348316,2.077896,326.72,6.0,0,54.453333,0.0,0,0.0,0.0,0,0.0,0,0,0,0,0,0,0.0,0,0.0,0,0,0,27998.0,0,0.011669,135.0,0,0,27999.0,0,0.011669,0,0,0,0.0,0,0,0.0,0,0,,,,0.0,facebook,GS,4666.0,1597.0,882.0,533.0
ALC - Aniversário Joinville - Atlantida,120245006540330260,OUTCOME_AWARENESS,2026-02-06,323044,301801,1.070387,234,0.072436,2.87141,2.079933,671.91,5.0,0,134.382,0.0,0,0.0,0.0,0,0.0,0,0,0,0,0,0,0.0,0,0.0,0,0,0,27345.0,0,0.024572,107.0,0,0,27345.0,0,0.024572,0,0,0,0.0,0,0,0.0,0,0,,,,3.0,instagram,GS,5336.0,1277.0,711.0,463.0
ALC - MODA,120242232300500260,OUTCOME_AWARENESS,2026-03-01,82969,77780,1.066714,84,0.101243,1.109643,1.123432,93.21,60.0,0,1.5535,0.0,0,0.0,0.0,0,0.0,0,0,0,0,0,0,0.0,0,0.0,0,0,0,4346.0,0,0.021447,7.0,0,0,4346.0,0,0.021447,0,0,0,0.0,0,0,0.0,0,0,,,,0.0,instagram,GS,86.0,22.0,12.0,7.0
ALC - Heroinas do Kpop,120244790251900260,OUTCOME_AWARENESS,2026-03-01,24510,24510,1.0,54,0.220318,0.595,1.310894,32.13,44.0,0,0.730227,27.0,0,1.19,0.0,0,0.0,0,0,0,0,0,0,0.0,0,0.0,0,0,0,57.0,0,0.563684,5.0,0,0,57.0,0,0.563684,0,0,0,0.0,0,0,0.0,0,0,,,,44.0,instagram,GS,,,,
ALC - Benefícios AJFans,120244790529090260,OUTCOME_AWARENESS,2026-03-01,338153,211680,1.597473,324,0.095815,1.241667,1.189698,402.3,260.0,0,1.547308,0.0,0,0.0,0.0,0,0.0,0,0,0,0,0,0,0.0,0,0.0,0,0,0,6252.0,0,0.064347,21.0,0,0,6252.0,0,0.064347,0,0,0,0.0,0,0,0.0,0,0,,,,258.0,instagram,GS,2409.0,1172.0,563.0,226.0
ALC - Aniversário Joinville - Atlantida,120245006540330260,OUTCOME_AWARENESS,2026-03-01,0,0,0.0,0,0.0,0.0,0.0,0.0,0.0,0,0.0,0.0,0,0.0,0.0,0,0.0,0,0,0,0,0,0,0.0,0,0.0,0,0,0,0.0,0,0.0,0.0,0,0,0.0,0,0.0,0,0,0,0.0,0,0,0.0,0,0,,,,0.0,instagram,GS,,,,
ALC - Exposição Territórios Internos,120245275376110260,OUTCOME_AWARENESS,2026-03-01,235369,93778,2.509853,285,0.121086,1.126608,1.36417,321.083217,7.0,0,45.869031,0.0,0,0.0,0.0,0,0.0,0,0,0,0,0,0,0.0,0,0.0,0,0,0,21593.0,0,0.01487,66.0,0,0,21593.0,0,0.01487,0,0,0,0.0,0,0,0.0,0,0,,,,0.0,facebook,GS,2531.0,679.0,301.0,171.0
ALC - Exposição Territórios Internos,120245275376110260,OUTCOME_AWARENESS,2026-03-01,460719,236853,1.945169,125,0.027132,5.004614,1.357827,625.576784,3.0,0,208.525595,0.0,0,0.0,0.0,0,0.0,0,0,0,0,0,0,0.0,0,0.0,0,0,0,20700.0,0,0.030221,53.0,0,0,20700.0,0,0.030221,0,0,0,0.0,0,0,0.0,0,0,,,,3.0,instagram,GS,2727.0,650.0,350.0,228.0
ALC - COTTON,120245275442810260,OUTCOME_AWARENESS,2026-03-01,208460,110093,1.89349,456,0.218747,0.615442,1.34626,280.64136,7.0,0,40.091623,0.0,0,0.0,0.0,0,0.0,0,0,0,0,0,0,0.0,0,0.0,0,0,0,25689.0,0,0.010925,90.0,0,0,25690.0,0,0.010924,0,0,0,0.0,0,0,0.0,0,0,,,,0.0,facebook,GS,2236.0,996.0,590.0,316.0
ALC - COTTON,120245275442810260,OUTCOME_AWARENESS,2026-03-01,504543,259203,1.946517,189,0.03746,3.664808,1.372824,692.648676,1.0,0,692.648676,0.0,0,0.0,0.0,0,0.0,0,0,0,0,0,0,0.0,0,0.0,0,0,0,21060.0,0,0.032889,81.0,0,0,21060.0,0,0.032889,0,0,0,0.0,0,0,0.0,0,0,,,,1.0,instagram,GS,2903.0,681.0,382.0,201.0
ALC - COTTON,120245275442810260,OUTCOME_AWARENESS,2026-03-01,791,709,1.115656,1,0.126422,1.159964,1.466453,1.159964,0.0,0,0.0,0.0,0,0.0,0.0,0,0.0,0,0,0,0,0,0,0.0,0,0.0,0,0,0,222.0,0,0.005225,0.0,0,0,222.0,0,0.005225,0,0,0,0.0,0,0,0.0,0,0,,,,0.0,threads,GS,23.0,2.0,2.0,1.0
ALC - COTTON,120245275442810260,OUTCOME_AWARENESS,2026-03-01,1,1,1.0,0,0.0,0.0,0.0,0.0,0.0,0,0.0,0.0,0,0.0,0.0,0,0.0,0,0,0,0,0,0,0.0,0,0.0,0,0,0,0.0,0,0.0,0.0,0,0,0.0,0,0.0,0,0,0,0.0,0,0,0.0,0,0,,,,0.0,unknown,GS,,,,
ALC - TODO MUNDO EM PANICO,120245275605620260,OUTCOME_AWARENESS,2026-03-01,397863,205600,1.935131,1637,0.411448,0.333538,1.372338,546.002448,174.0,0,3.137945,63.0,0,8.666706,0.0,0,0.0,0,0,0,0,0,0,0.0,0,0.0,0,0,0,43863.0,0,0.012448,184.0,0,0,43863.0,0,0.012448,0,0,0,0.0,0,0,0.0,0,0,,,,172.0,facebook,GS,987.0,396.0,219.0,112.0
ALC - TODO MUNDO EM PANICO,120245275605620260,OUTCOME_AWARENESS,2026-03-01,646051,335078,1.928062,909,0.140701,0.989095,1.391667,899.087564,735.0,0,1.223248,379.0,0,2.372263,0.0,0,0.0,0,0,0,0,0,0,0.0,0,0.0,0,0,0,29398.0,0,0.030583,181.0,0,0,29398.0,0,0.030583,0,0,0,0.0,0,0,0.0,0,0,,,,732.0,instagram,GS,525.0,204.0,129.0,62.0
ALC - TODO MUNDO EM PANICO,120245275605620260,OUTCOME_AWARENESS,2026-03-01,514,456,1.127193,1,0.194553,0.819989,1.595309,0.819989,1.0,0,0.819989,0.0,0,0.0,0.0,0,0.0,0,0,0,0,0,0,0.0,0,0.0,0,0,0,172.0,0,0.004767,0.0,0,0,172.0,0,0.004767,0,0,0,0.0,0,0,0.0,0,0,,,,1.0,threads,GS,4.0,1.0,,
ALC - Últimos eventos do GS,120245278626830260,OUTCOME_AWARENESS,2026-03-01,66895,49776,1.343921,66,0.098662,1.249848,1.233127,82.49,51.0,0,1.617451,0.0,0,0.0,0.0,0,0.0,0,0,0,0,0,0,0.0,0,0.0,0,0,0,514.0,0,0.160486,7.0,0,0,514.0,0,0.160486,0,0,0,0.0,0,0,0.0,0,0,,,,0.0,instagram,GS,188.0,121.0,48.0,13.0
ALC - ANIVERSARIO JOINVILLE GARTEN,120245447327370260,OUTCOME_AWARENESS,2026-03-01,131609,91445,1.439215,109,0.082821,1.580917,1.309333,172.32,7.0,0,24.617143,0.0,0,0.0,0.0,0,0.0,0,0,0,0,0,0,0.0,0,0.0,0,0,0,77.0,0,2.237922,38.0,0,0,77.0,0,2.237922,0,0,0,0.0,0,0,0.0,0,0,,,,0.0,facebook,GS,,,,
ALC - ANIVERSARIO JOINVILLE GARTEN,120245447327370260,OUTCOME_AWARENESS,2026-03-01,129905,88995,1.459689,29,0.022324,6.126552,1.367692,177.67,1.0,0,177.67,0.0,0,0.0,0.0,0,0.0,0,0,0,0,0,0,0.0,0,0.0,0,0,0,6.0,0,29.611667,5.0,0,0,6.0,0,29.611667,0,0,0,0.0,0,0,0.0,0,0,,,,1.0,instagram,GS,,,,
ALC - ANIVERSARIO JOINVILLE GARTEN,120245447327370260,OUTCOME_AWARENESS,2026-03-01,13,13,1.0,0,0.0,0.0,0.0,0.0,0.0,0,0.0,0.0,0,0.0,0.0,0,0.0,0,0,0,0,0,0,0.0,0,0.0,0,0,0,0.0,0,0.0,0.0,0,0,0.0,0,0.0,0,0,0,0.0,0,0,0.0,0,0,,,,0.0,threads,GS,,,,
ALC- SEMANA DO CONSUMIDOR,120245447379270260,OUTCOME_AWARENESS,2026-03-01,1065400,675457,1.577302,1772,0.166323,1.408956,2.343411,2496.67,1486.0,0,1.680128,0.0,0,0.0,0.0,0,0.0,0,0,0,0,0,0,0.0,0,0.0,0,0,0,26507.0,0,0.094189,89.0,0,0,26507.0,0,0.094189,0,0,0,0.0,0,0,0.0,0,0,,,,1477.0,instagram,GS,65437.0,24939.0,14057.0,10075.0
ALC - Camiseta Centauro,120246042142770260,OUTCOME_AWARENESS,2026-03-01,56813,37971,1.496221,201,0.353792,0.376965,1.333674,75.77,14.0,0,5.412143,8.0,0,9.47125,0.0,0,0.0,0,0,0,0,0,0,0.0,0,0.0,0,0,0,4309.0,0,0.017584,19.0,0,0,4309.0,0,0.017584,0,0,0,0.0,0,0,0.0,0,0,,,,14.0,facebook,GS,806.0,243.0,130.0,77.0
ALC - Camiseta Centauro,120246042142770260,OUTCOME_AWARENESS,2026-03-01,50492,34708,1.454765,68,0.134675,1.036029,1.395271,70.45,54.0,0,1.30463,29.0,0,2.42931,0.0,0,0.0,0,0,0,0,0,0,0.0,0,0.0,0,0,0,1475.0,0,0.047763,12.0,0,0,1475.0,0,0.047763,0,0,0,0.0,0,0,0.0,0,0,,,,54.0,instagram,GS,323.0,55.0,33.0,17.0
ALC - Camiseta Centauro,120246042142770260,OUTCOME_AWARENESS,2026-03-01,92,80,1.15,0,0.0,0.0,1.304348,0.12,0.0,0,0.0,0.0,0,0.0,0.0,0,0.0,0,0,0,0,0,0,0.0,0,0.0,0,0,0,18.0,0,0.006667,0.0,0,0,18.0,0,0.006667,0,0,0,0.0,0,0,0.0,0,0,,,,0.0,threads,GS,3.0,,,
ALC - PROMO IPHONE,120246044174640260,OUTCOME_AWARENESS,2026-03-01,206763,135724,1.523408,352,0.170243,0.827926,1.409488,291.43,235.0,0,1.240128,1.0,0,291.43,0.0,0,0.0,0,0,0,0,0,0,0.0,0,0.0,0,0,0,275.0,0,1.059745,38.0,0,0,275.0,0,1.059745,0,0,0,0.0,0,0,0.0,0,0,,,,234.0,facebook,GS,,,,
ALC - PROMO IPHONE,120246044174640260,OUTCOME_AWARENESS,2026-03-01,204290,131311,1.555772,254,0.124333,1.21252,1.507563,307.98,220.0,0,1.399909,2.0,0,153.99,0.0,0,0.0,0,0,0,0,0,0,0.0,0,0.0,0,0,0,247.0,0,1.246883,17.0,0,0,247.0,0,1.246883,0,0,0,0.0,0,0,0.0,0,0,,,,220.0,instagram,GS,1.0,,,
ALC - PROMO IPHONE,120246044174640260,OUTCOME_AWARENESS,2026-03-01,65,59,1.101695,0,0.0,0.0,1.230769,0.08,0.0,0,0.0,0.0,0,0.0,0.0,0,0.0,0,0,0,0,0,0,0.0,0,0.0,0,0,0,0.0,0,0.0,0.0,0,0,0.0,0,0.0,0,0,0,0.0,0,0,0.0,0,0,,,,0.0,threads,GS,,,,
ALC - Turma do Coelho,120246044270030260,OUTCOME_AWARENESS,2026-03-01,38498,35943,1.071085,68,0.176633,0.766912,1.354616,52.15,37.0,0,1.409459,19.0,0,2.744737,0.0,0,0.0,0,0,0,0,0,0,0.0,0,0.0,0,0,0,1054.0,0,0.049478,5.0,0,0,1055.0,0,0.049431,0,0,0,0.0,0,0,0.0,0,0,,,,37.0,facebook,GS,2750.0,1021.0,567.0,342.0
ALC - Turma do Coelho,120246044270030260,OUTCOME_AWARENESS,2026-03-01,30527,29462,1.036148,37,0.121204,1.178649,1.428571,43.61,29.0,0,1.503793,15.0,0,2.907333,0.0,0,0.0,0,0,0,0,0,0,0.0,0,0.0,0,0,0,678.0,0,0.064322,1.0,0,0,678.0,0,0.064322,0,0,0,0.0,0,0,0.0,0,0,,,,29.0,instagram,GS,1751.0,647.0,374.0,282.0
ALC - Turma do Coelho,120246044270030260,OUTCOME_AWARENESS,2026-03-01,4,4,1.0,0,0.0,0.0,0.0,0.0,0.0,0,0.0,0.0,0,0.0,0.0,0,0.0,0,0,0,0,0,0,0.0,0,0.0,0,0,0,1.0,0,0.0,0.0,0,0,1.0,0,0.0,0,0,0,0.0,0,0,0.0,0,0,,,,0.0,threads,GS,1.0,1.0,1.0,1.0
ALC - Musical - A menina da casa mágica,120246044406370260,OUTCOME_AWARENESS,2026-03-01,82201,67010,1.226698,225,0.273719,0.4644,1.271152,104.49,78.0,0,1.339615,42.0,0,2.487857,0.0,0,0.0,0,0,0,0,0,0,0.0,0,0.0,0,0,0,3074.0,0,0.033992,23.0,0,0,3074.0,0,0.033992,0,0,0,0.0,0,0,0.0,0,0,,,,78.0,facebook,GS,4525.0,1450.0,761.0,463.0
ALC - Musical - A menina da casa mágica,120246044406370260,OUTCOME_AWARENESS,2026-03-01,102764,72012,1.42704,195,0.189755,0.745846,1.415282,145.44,140.0,0,1.038857,76.0,0,1.913684,0.0,0,0.0,0,0,0,0,0,0,0.0,0,0.0,0,0,0,981.0,0,0.148257,20.0,0,0,981.0,0,0.148257,0,0,0,0.0,0,0,0.0,0,0,,,,140.0,instagram,GS,1173.0,429.0,253.0,180.0
ALC - Musical - A menina da casa mágica,120246044406370260,OUTCOME_AWARENESS,2026-03-01,38,37,1.027027,0,0.0,0.0,1.842105,0.07,0.0,0,0.0,0.0,0,0.0,0.0,0,0.0,0,0,0,0,0,0,0.0,0,0.0,0,0,0,1.0,0,0.07,0.0,0,0,1.0,0,0.07,0,0,0,0.0,0,0,0.0,0,0,,,,0.0,threads,GS,2.0,,,
ENG - Panico 7,120246044638080260,OUTCOME_ENGAGEMENT,2026-03-01,25077,18713,1.340084,338,1.347849,0.243589,3.283218,82.333246,18.0,0,4.574069,5.0,0,16.466649,0.0,0,0.0,0,0,0,0,0,0,0.0,0,0.0,0,0,0,14299.0,0,0.005758,105.0,0,0,14299.0,0,0.005758,0,0,0,0.0,0,0,0.0,0,0,,,,13.0,facebook,GS,984.0,485.0,354.0,64.0
ENG - Panico 7,120246044638080260,OUTCOME_ENGAGEMENT,2026-03-01,12192,10434,1.168488,59,0.483924,0.670623,3.245305,39.566754,43.0,0,0.920157,30.0,0,1.318892,0.0,0,0.0,0,0,0,0,0,0,0.0,0,0.0,0,0,0,6722.0,0,0.005886,74.0,0,0,6722.0,0,0.005886,0,0,0,0.0,0,0,0.0,0,0,,,,43.0,instagram,GS,452.0,272.0,190.0,35.0
TRAF - FRANQUIA,120246486234420260,LINK_CLICKS,2026-03-01,1,1,1.0,0,0.0,0.0,0.0,0.0,0.0,0,0.0,0.0,0,0.0,0.0,0,0.0,0,0,0,0,0,0,0.0,0,0.0,0,0,0,0.0,0,0.0,0.0,0,0,0.0,0,0.0,0,0,0,0.0,0,0,0.0,0,0,,,,0.0,audience_network,GS,,,,
TRAF - FRANQUIA,120246486234420260,LINK_CLICKS,2026-03-01,1902,1801,1.05608,41,2.155626,0.249024,5.368034,10.21,31.0,0,0.329355,25.0,0,0.4084,0.0,0,0.0,0,0,0,0,0,0,0.0,0,0.0,0,0,0,34.0,0,0.300294,2.0,0,0,34.0,0,0.300294,0,0,0,0.0,0,0,0.0,0,0,,,,31.0,facebook,GS,,,,
TRAF - FRANQUIA,120246486234420260,LINK_CLICKS,2026-03-01,3986,3743,1.064921,117,2.935273,0.235556,6.9142,27.56,92.0,0,0.299565,81.0,0,0.340247,0.0,0,0.0,0,0,0,0,0,0,0.0,0,0.0,0,0,0,103.0,0,0.267573,6.0,0,0,103.0,0,0.267573,0,0,0,0.0,0,0,0.0,0,0,,,,91.0,instagram,GS,,,,
ENG - FRANQUIAS,120246492291640260,OUTCOME_ENGAGEMENT,2026-03-01,117,99,1.181818,7,5.982906,0.23,13.760684,1.61,4.0,0,0.4025,0.0,0,0.0,0.0,0,0.0,0,0,0,0,0,0,0.0,0,0.0,0,0,0,4.0,0,0.4025,0.0,0,0,5.0,0,0.322,0,0,0,0.0,0,0,0.0,0,0,,,,0.0,facebook,GS,,,,
ENG - FRANQUIAS,120246492291640260,OUTCOME_ENGAGEMENT,2026-03-01,536,356,1.505618,10,1.865672,1.274,23.768657,12.74,9.0,0,1.415556,0.0,0,0.0,0.0,0,0.0,0,0,0,0,0,0,0.0,0,0.0,0,0,0,15.0,0,0.849333,4.0,0,0,15.0,0,0.849333,0,0,0,0.0,0,0,0.0,0,0,,,,9.0,instagram,GS,,,,
ALC - Camiseta Centauro,120246042142770260,OUTCOME_AWARENESS,2026-04-01,54345,40341,1.347141,146,0.268654,0.39414,1.058872,57.544401,12.0,0,4.795367,6.0,0,9.590734,0.0,0,0.0,0,0,0,0,0,0,0.0,0,0.0,0,0,0,3671.0,0,0.015675,17.0,0,0,3671.0,0,0.015675,0,0,0,0.0,0,0,0.0,0,0,,,,12.0,facebook,GS,638.0,189.0,91.0,54.0
ALC - Camiseta Centauro,120246042142770260,OUTCOME_AWARENESS,2026-04-01,41550,32988,1.259549,45,0.108303,1.002125,1.085334,45.095612,37.0,0,1.2188,22.0,0,2.049801,0.0,0,0.0,0,0,0,0,0,0,0.0,0,0.0,0,0,0,1328.0,0,0.033958,14.0,0,0,1328.0,0,0.033958,0,0,0,0.0,0,0,0.0,0,0,,,,37.0,instagram,GS,265.0,44.0,19.0,11.0
ALC - Camiseta Centauro,120246042142770260,OUTCOME_AWARENESS,2026-04-01,134,125,1.072,0,0.0,0.0,1.044674,0.139986,0.0,0,0.0,0.0,0,0.0,0.0,0,0.0,0,0,0,0,0,0,0.0,0,0.0,0,0,0,31.0,0,0.004516,0.0,0,0,31.0,0,0.004516,0,0,0,0.0,0,0,0.0,0,0,,,,0.0,threads,GS,8.0,1.0,1.0,1.0
ALC - PROMO IPHONE,120246044174640260,OUTCOME_AWARENESS,2026-04-01,615398,293670,2.095543,1129,0.183459,0.75428,1.383791,851.58226,811.0,0,1.05004,100.0,0,8.515823,0.0,0,0.0,0,0,0,0,0,0,0.0,0,0.0,0,0,0,24163.0,0,0.035243,49.0,0,0,24165.0,0,0.03524,0,0,0,0.0,0,0,0.0,0,0,,,,809.0,facebook,GS,3816.0,1092.0,539.0,339.0
ALC - PROMO IPHONE,120246044174640260,OUTCOME_AWARENESS,2026-04-01,948921,385444,2.461891,1284,0.135312,1.203472,1.628437,1545.257809,1056.0,0,1.463312,118.0,0,13.095405,0.0,0,0.0,0,0,0,0,0,0,0.0,0,0.0,0,0,0,36982.0,0,0.041784,100.0,0,0,36982.0,0,0.041784,0,0,0,0.0,0,0,0.0,0,0,,,,1054.0,instagram,GS,7391.0,2255.0,996.0,642.0
ALC - PROMO IPHONE,120246044174640260,OUTCOME_AWARENESS,2026-04-01,1963,1610,1.219255,2,0.101885,1.664965,1.696348,3.329931,2.0,0,1.664965,1.0,0,3.329931,0.0,0,0.0,0,0,0,0,0,0,0.0,0,0.0,0,0,0,254.0,0,0.01311,2.0,0,0,254.0,0,0.01311,0,0,0,0.0,0,0,0.0,0,0,,,,2.0,threads,GS,62.0,10.0,4.0,2.0
ENG - Panico 7,120246044638080260,OUTCOME_ENGAGEMENT,2026-04-01,6059,5887,1.029217,59,0.973758,0.303898,2.959234,17.93,2.0,0,8.965,1.0,0,17.93,0.0,0,0.0,0,0,0,0,0,0,0.0,0,0.0,0,0,0,3350.0,0,0.005352,18.0,0,0,3350.0,0,0.005352,0,0,0,0.0,0,0,0.0,0,0,,,,1.0,facebook,GS,227.0,113.0,77.0,12.0
ENG - Panico 7,120246044638080260,OUTCOME_ENGAGEMENT,2026-04-01,1833,1787,1.025741,9,0.490998,0.643333,3.158756,5.79,6.0,0,0.965,4.0,0,1.4475,0.0,0,0.0,0,0,0,0,0,0,0.0,0,0.0,0,0,0,1142.0,0,0.00507,15.0,0,0,1142.0,0,0.00507,0,0,0,0.0,0,0,0.0,0,0,,,,6.0,instagram,GS,81.0,40.0,27.0,9.0
TRAF - FRANQUIA,120246486234420260,LINK_CLICKS,2026-04-01,30,18,1.666667,0,0.0,0.0,0.0,0.0,0.0,0,0.0,0.0,0,0.0,0.0,0,0.0,0,0,0,0,0,0,0.0,0,0.0,0,0,0,0.0,0,0.0,0.0,0,0,0.0,0,0.0,0,0,0,0.0,0,0,0.0,0,0,,,,0.0,audience_network,GS,,,,
TRAF - FRANQUIA,120246486234420260,LINK_CLICKS,2026-04-01,10052,7403,1.357828,250,2.487067,0.084238,2.095063,21.059571,205.0,0,0.10273,183.0,0,0.11508,0.0,0,0.0,0,0,0,0,0,0,0.0,0,0.0,0,0,0,220.0,0,0.095725,13.0,0,0,222.0,0,0.094863,0,0,0,0.0,0,0,0.0,0,0,,,,205.0,facebook,GS,,,,
TRAF - FRANQUIA,120246486234420260,LINK_CLICKS,2026-04-01,142473,103291,1.379336,4869,3.41749,0.096523,3.298663,469.970429,3052.0,0,0.153988,2398.0,0,0.195984,0.0,0,0.0,0,0,0,0,0,0,0.0,0,0.0,0,0,0,3244.0,0,0.144874,130.0,0,0,3244.0,0,0.144874,0,0,0,0.0,0,0,0.0,0,0,,,,3052.0,instagram,GS,,,,
ENG - FRANQUIAS,120246492291640260,OUTCOME_ENGAGEMENT,2026-04-01,5362,2878,1.863099,175,3.263708,0.426743,13.927639,74.68,52.0,0,1.436154,0.0,0,0.0,0.0,0,0.0,0,0,0,0,0,0,0.0,0,0.0,0,0,0,65.0,0,1.148923,12.0,0,0,67.0,0,1.114627,0,0,0,0.0,0,0,0.0,0,0,,,,0.0,facebook,GS,,,,
ENG - FRANQUIAS,120246492291640260,OUTCOME_ENGAGEMENT,2026-04-01,27264,14037,1.942295,417,1.529489,0.978417,14.964789,408.0,193.0,0,2.11399,1.0,0,408.0,0.0,0,0.0,0,0,0,0,0,0,0.0,0,0.0,0,0,0,271.0,0,1.505535,64.0,0,0,271.0,0,1.505535,0,0,0,0.0,0,0,0.0,0,0,,,,192.0,instagram,GS,,,,
ENG - FRANQUIAS,120246492291640260,OUTCOME_ENGAGEMENT,2026-04-01,81,2,40.5,0,0.0,0.0,1.481481,0.12,0.0,0,0.0,0.0,0,0.0,0.0,0,0.0,0,0,0,0,0,0,0.0,0,0.0,0,0,0,0.0,0,0.0,0.0,0,0,0.0,0,0.0,0,0,0,0.0,0,0,0.0,0,0,,,,0.0,whatsapp,GS,,,,
ALC - ELLAS,120246600992030260,OUTCOME_AWARENESS,2026-04-01,219324,155690,1.408722,333,0.15183,0.618889,0.93966,206.09,203.0,0,1.015222,58.0,0,3.553276,0.0,0,0.0,0,0,0,0,0,0,0.0,0,0.0,0,0,0,3700.0,0,0.0557,29.0,0,0,3701.0,0,0.055685,0,0,0,0.0,0,0,0.0,0,0,,,,203.0,facebook,GS,1822.0,527.0,217.0,131.0
ALC - ELLAS,120246600992030260,OUTCOME_AWARENESS,2026-04-01,291947,208590,1.399621,303,0.103786,0.969901,1.006621,293.88,256.0,0,1.147969,132.0,0,2.226364,0.0,0,0.0,0,0,0,0,0,0,0.0,0,0.0,0,0,0,5343.0,0,0.055003,24.0,0,0,5343.0,0,0.055003,0,0,0,0.0,0,0,0.0,0,0,,,,256.0,instagram,GS,3072.0,1684.0,831.0,293.0
ALC - ELLAS,120246600992030260,OUTCOME_AWARENESS,2026-04-01,49,44,1.113636,0,0.0,0.0,0.204082,0.01,0.0,0,0.0,0.0,0,0.0,0.0,0,0.0,0,0,0,0,0,0,0.0,0,0.0,0,0,0,9.0,0,0.001111,0.0,0,0,9.0,0,0.001111,0,0,0,0.0,0,0,0.0,0,0,,,,0.0,threads,GS,5.0,1.0,1.0,
TRAF - PROMO IPHONE,120246819817910260,LINK_CLICKS,2026-04-01,161171,15464,10.422336,1103,0.684366,0.180711,1.236724,199.323988,1232.0,0,0.161789,403.0,0,0.4946,0.0,0,0.0,0,0,0,0,0,0,0.0,0,0.0,0,0,0,2103.0,0,0.094781,0.0,0,0,2103.0,0,0.094781,0,0,0,0.0,0,0,0.0,0,0,,,,1232.0,audience_network,GS,605.0,568.0,422.0,327.0
TRAF - PROMO IPHONE,120246819817910260,LINK_CLICKS,2026-04-01,58783,31718,1.853301,1488,2.531344,0.13431,3.39986,199.853998,1128.0,0,0.177176,467.0,0,0.427953,0.0,0,0.0,0,0,0,0,0,0,0.0,0,0.0,0,0,0,9792.0,0,0.02041,50.0,0,0,9792.0,0,0.02041,0,0,0,0.0,0,0,0.0,0,0,,,,1128.0,facebook,GS,3105.0,1161.0,806.0,166.0
TRAF - PROMO IPHONE,120246819817910260,LINK_CLICKS,2026-04-01,11516,7534,1.528537,782,6.790552,0.127049,8.6273,99.351988,616.0,0,0.161286,391.0,0,0.254097,0.0,0,0.0,0,0,0,0,0,0,0.0,0,0.0,0,0,0,3414.0,0,0.029101,53.0,0,0,3414.0,0,0.029101,0,0,0,0.0,0,0,0.0,0,0,,,,616.0,instagram,GS,798.0,358.0,192.0,102.0
TRAF - PROMO IPHONE,120246819817910260,LINK_CLICKS,2026-04-01,124,111,1.117117,5,4.032258,0.262005,10.564727,1.310026,5.0,0,0.262005,4.0,0,0.327507,0.0,0,0.0,0,0,0,0,0,0,0.0,0,0.0,0,0,0,49.0,0,0.026735,0.0,0,0,49.0,0,0.026735,0,0,0,0.0,0,0,0.0,0,0,,,,5.0,threads,GS,16.0,3.0,3.0,1.0
ALC - DINOS,120247009600330260,OUTCOME_AWARENESS,2026-04-01,396007,170451,2.323289,2048,0.517163,0.249993,1.292869,511.985003,214.0,0,2.392453,154.0,0,3.324578,0.0,0,0.0,0,0,0,0,0,0,0.0,0,0.0,0,0,0,40762.0,0,0.01256,264.0,0,0,40771.0,0,0.012558,0,0,0,0.0,0,0,0.0,0,0,,,,212.0,facebook,GS,68771.0,27870.0,15973.0,10492.0
ALC - DINOS,120247009600330260,OUTCOME_AWARENESS,2026-04-01,376420,171429,2.195778,817,0.217045,0.596542,1.294763,487.374763,574.0,0,0.849085,409.0,0,1.191625,0.0,0,0.0,0,0,0,0,0,0,0.0,0,0.0,0,0,0,20315.0,0,0.023991,117.0,0,0,20315.0,0,0.023991,0,0,0,0.0,0,0,0.0,0,0,,,,574.0,instagram,GS,32617.0,13272.0,7790.0,5615.0
ALC - DINOS,120247009600330260,OUTCOME_AWARENESS,2026-04-01,11330,8663,1.307861,42,0.370697,0.349289,1.294805,14.670143,33.0,0,0.44455,26.0,0,0.564236,0.0,0,0.0,0,0,0,0,0,0,0.0,0,0.0,0,0,0,2388.0,0,0.006143,12.0,0,0,2388.0,0,0.006143,0,0,0,0.0,0,0,0.0,0,0,,,,33.0,threads,GS,3293.0,1798.0,1169.0,818.0
ALC - DINOS,120247009600330260,OUTCOME_AWARENESS,2026-04-01,6521,977,6.674514,51,0.782089,0.181963,1.423109,9.280091,30.0,0,0.309336,0.0,0,0.0,0.0,0,0.0,0,0,0,0,0,0,0.0,0,0.0,0,0,0,1314.0,0,0.007062,0.0,0,0,1314.0,0,0.007062,0,0,0,0.0,0,0,0.0,0,0,,,,29.0,whatsapp,GS,1609.0,1054.0,773.0,617.0
TRAF - FRANQUIA 02,120247121341160260,LINK_CLICKS,2026-04-01,3524,1150,3.064348,9,0.255392,0.065557,0.167427,0.590012,9.0,0,0.065557,5.0,0,0.118002,0.0,0,0.0,0,0,0,0,0,0,0.0,0,0.0,0,0,0,9.0,0,0.065557,0.0,0,0,9.0,0,0.065557,0,0,0,0.0,0,0,0.0,0,0,,,,9.0,audience_network,GS,,,,
TRAF - FRANQUIA 02,120247121341160260,LINK_CLICKS,2026-04-01,74548,47711,1.562491,4175,5.600419,0.062061,3.475683,259.105183,3240.0,0,0.079971,1828.0,0,0.141742,0.0,0,0.0,0,0,0,0,0,0,0.0,0,0.0,0,0,0,3460.0,0,0.074886,196.0,0,0,3461.0,0,0.074864,0,0,0,0.0,0,0,0.0,0,0,,,,3239.0,facebook,GS,,,,
TRAF - FRANQUIA 02,120247121341160260,LINK_CLICKS,2026-04-01,47305,38030,1.243886,3770,7.969559,0.063564,5.065739,239.634794,3124.0,0,0.076708,1198.0,0,0.200029,0.0,0,0.0,0,0,0,0,0,0,0.0,0,0.0,0,0,0,3183.0,0,0.075286,53.0,0,0,3183.0,0,0.075286,0,0,0,0.0,0,0,0.0,0,0,,,,3124.0,instagram,GS,,,,
TRAF - FRANQUIA 02,120247121341160260,LINK_CLICKS,2026-04-01,18,18,1.0,0,0.0,0.0,0.0,0.0,0.0,0,0.0,0.0,0,0.0,0.0,0,0.0,0,0,0,0,0,0,0.0,0,0.0,0,0,0,0.0,0,0.0,0.0,0,0,0.0,0,0.0,0,0,0,0.0,0,0,0.0,0,0,,,,0.0,messenger,GS,,,,
TRAF - FRANQUIA 02,120247121341160260,LINK_CLICKS,2026-04-01,183,156,1.173077,18,9.836066,0.030001,2.950879,0.540011,10.0,0,0.054001,10.0,0,0.054001,0.0,0,0.0,0,0,0,0,0,0,0.0,0,0.0,0,0,0,12.0,0,0.045001,1.0,0,0,12.0,0,0.045001,0,0,0,0.0,0,0,0.0,0,0,,,,10.0,threads,GS,,,,
ALC - Candlelight,120247551389570260,OUTCOME_AWARENESS,2026-04-01,73592,56751,1.296752,155,0.210621,0.583419,1.228802,90.43,1.0,0,90.43,0.0,0,0.0,0.0,0,0.0,0,0,0,0,0,0,0.0,0,0.0,0,0,0,6322.0,0,0.014304,19.0,0,0,6323.0,0,0.014302,0,0,0,0.0,0,0,0.0,0,0,,,,0.0,facebook,GS,8230.0,2992.0,1380.0,834.0
ALC - Candlelight,120247551389570260,OUTCOME_AWARENESS,2026-04-01,199003,150999,1.317909,71,0.035678,3.47831,1.240986,246.96,0.0,0,0.0,0.0,0,0.0,0.0,0,0.0,0,0,0,0,0,0,0.0,0,0.0,0,0,0,7320.0,0,0.033738,32.0,0,0,7320.0,0,0.033738,0,0,0,0.0,0,0,0.0,0,0,,,,0.0,instagram,GS,9108.0,3791.0,2174.0,1533.0
ALC - Candlelight,120247551389570260,OUTCOME_AWARENESS,2026-04-01,2441,2379,1.026061,0,0.0,0.0,1.155264,2.82,0.0,0,0.0,0.0,0,0.0,0.0,0,0.0,0,0,0,0,0,0,0.0,0,0.0,0,0,0,750.0,0,0.00376,5.0,0,0,750.0,0,0.00376,0,0,0,0.0,0,0,0.0,0,0,,,,0.0,threads,GS,847.0,498.0,316.0,226.0
ALC - Candlelight,120247551389570260,OUTCOME_AWARENESS,2026-04-01,7582,411,18.447689,25,0.329728,0.368,1.2134,9.2,0.0,0,0.0,0.0,0,0.0,0.0,0,0.0,0,0,0,0,0,0,0.0,0,0.0,0,0,0,1106.0,0,0.008318,0.0,0,0,1106.0,0,0.008318,0,0,0,0.0,0,0,0.0,0,0,,,,0.0,whatsapp,GS,1298.0,724.0,503.0,348.0
ALC - LOOKS OUTONO,120247552534330260,OUTCOME_AWARENESS,2026-04-01,58293,39961,1.458747,23,0.039456,3.488261,1.376323,80.23,0.0,0,0.0,0.0,0,0.0,0.0,0,0.0,0,0,0,0,0,0,0.0,0,0.0,0,0,0,2364.0,0,0.033938,13.0,0,0,2364.0,0,0.033938,0,0,0,0.0,0,0,0.0,0,0,,,,0.0,instagram,GS,141.0,63.0,48.0,16.0
ALC - DIABO VESTE PRADA,120247980664870260,OUTCOME_AWARENESS,2026-04-01,93431,68090,1.372169,213,0.227976,0.660329,1.505389,140.65,139.0,0,1.011871,85.0,0,1.654706,0.0,0,0.0,0,0,0,0,0,0,0.0,0,0.0,0,0,0,4004.0,0,0.035127,29.0,0,0,4004.0,0,0.035127,0,0,0,0.0,0,0,0.0,0,0,,,,139.0,instagram,GS,2067.0,1049.0,419.0,183.0
ALC - PROMO MAES 26,120247981257820260,OUTCOME_AWARENESS,2026-04-01,81039,62431,1.298057,73,0.09008,1.767671,1.59232,129.04,58.0,0,2.224828,16.0,0,8.065,0.0,0,0.0,0,0,0,0,0,0,0.0,0,0.0,0,0,0,2819.0,0,0.045775,12.0,0,0,2819.0,0,0.045775,0,0,0,0.0,0,0,0.0,0,0,,,,58.0,instagram,GS,1110.0,503.0,188.0,124.0
TRAF - PROMO MAES 26,120247999952910260,LINK_CLICKS,2026-04-01,14808,11050,1.340091,460,3.106429,0.278326,8.646002,128.03,432.0,0,0.296366,242.0,0,0.52905,0.0,0,0.0,0,0,0,0,0,0,0.0,0,0.0,0,0,0,2521.0,0,0.050785,37.0,0,0,2521.0,0,0.050785,0,0,0,0.0,0,0,0.0,0,0,,,,432.0,instagram,GS,738.0,399.0,169.0,115.0
ALC - CINEMA,120248115202810260,OUTCOME_AWARENESS,2026-04-01,21482,19660,1.092675,19,0.088446,1.783684,1.5776,33.89,18.0,0,1.882778,11.0,0,3.080909,0.0,0,0.0,0,0,0,0,0,0,0.0,0,0.0,0,0,0,1013.0,0,0.033455,7.0,0,0,1013.0,0,0.033455,0,0,0,0.0,0,0,0.0,0,0,,,,18.0,instagram,GS,26.0,11.0,5.0,3.0
ALC - DINOS,120247009600330260,OUTCOME_AWARENESS,2026-05-01,150100,107057,1.402057,553,0.368421,0.356196,1.312302,196.976576,107.0,0,1.840903,62.0,0,3.177042,0.0,0,0.0,0,0,0,0,0,0,0.0,0,0.0,0,0,0,11388.0,0,0.017297,79.0,0,0,11389.0,0,0.017295,0,0,0,0.0,0,0,0.0,0,0,,,,106.0,facebook,GS,15479.0,5928.0,3405.0,2221.0
ALC - DINOS,120247009600330260,OUTCOME_AWARENESS,2026-05-01,69003,55031,1.253893,119,0.172456,0.794732,1.370566,94.573157,89.0,0,1.06262,45.0,0,2.101626,0.0,0,0.0,0,0,0,0,0,0,0.0,0,0.0,0,0,0,2359.0,0,0.04009,18.0,0,0,2359.0,0,0.04009,0,0,0,0.0,0,0,0.0,0,0,,,,86.0,instagram,GS,3450.0,1423.0,824.0,565.0
ALC - DINOS,120247009600330260,OUTCOME_AWARENESS,2026-05-01,930,903,1.0299,2,0.215054,0.685023,1.473167,1.370046,3.0,0,0.456682,1.0,0,1.370046,0.0,0,0.0,0,0,0,0,0,0,0.0,0,0.0,0,0,0,147.0,0,0.00932,0.0,0,0,147.0,0,0.00932,0,0,0,0.0,0,0,0.0,0,0,,,,3.0,threads,GS,214.0,100.0,56.0,37.0
ALC - DINOS,120247009600330260,OUTCOME_AWARENESS,2026-05-01,5882,543,10.832413,50,0.850051,0.132804,1.128905,6.640222,32.0,0,0.207507,0.0,0,0.0,0.0,0,0.0,0,0,0,0,0,0,0.0,0,0.0,0,0,0,1160.0,0,0.005724,0.0,0,0,1160.0,0,0.005724,0,0,0,0.0,0,0,0.0,0,0,,,,32.0,whatsapp,GS,1369.0,901.0,675.0,520.0
ALC - LOOKS OUTONO,120247552534330260,OUTCOME_AWARENESS,2026-05-01,34980,29207,1.197658,17,0.048599,2.951765,1.434534,50.18,0.0,0,0.0,0.0,0,0.0,0.0,0,0.0,0,0,0,0,0,0,0.0,0,0.0,0,0,0,1323.0,0,0.037929,7.0,0,0,1323.0,0,0.037929,0,0,0,0.0,0,0,0.0,0,0,,,,0.0,instagram,GS,66.0,34.0,23.0,7.0
ALC - DIABO VESTE PRADA,120247980664870260,OUTCOME_AWARENESS,2026-05-01,174889,135442,1.291246,334,0.190978,0.703263,1.34308,234.89,235.0,0,0.999532,148.0,0,1.587095,0.0,0,0.0,0,0,0,0,0,0,0.0,0,0.0,0,0,0,9717.0,0,0.024173,70.0,0,0,9717.0,0,0.024173,0,0,0,0.0,0,0,0.0,0,0,,,,235.0,instagram,GS,4567.0,2208.0,909.0,381.0
ALC - PROMO MAES 26,120247981257820260,OUTCOME_AWARENESS,2026-05-01,154181,119471,1.290531,133,0.086262,1.612406,1.390898,214.45,103.0,0,2.082039,44.0,0,4.873864,0.0,0,0.0,0,0,0,0,0,0,0.0,0,0.0,0,0,0,6807.0,0,0.031504,22.0,0,0,6807.0,0,0.031504,0,0,0,0.0,0,0,0.0,0,0,,,,103.0,instagram,GS,1566.0,670.0,239.0,162.0
TRAF - PROMO MAES 26,120247999952910260,LINK_CLICKS,2026-05-01,23790,17827,1.334493,1004,4.220261,0.213934,9.028583,214.79,936.0,0,0.229477,516.0,0,0.41626,0.0,0,0.0,0,0,0,0,0,0,0.0,0,0.0,0,0,0,7872.0,0,0.027285,113.0,0,0,7872.0,0,0.027285,0,0,0,0.0,0,0,0.0,0,0,,,,936.0,instagram,GS,2099.0,1203.0,488.0,301.0
ALC - CINEMA,120248115202810260,OUTCOME_AWARENESS,2026-05-01,101684,77242,1.316434,115,0.113095,1.208174,1.36639,138.94,96.0,0,1.447292,57.0,0,2.437544,0.0,0,0.0,0,0,0,0,0,0,0.0,0,0.0,0,0,0,4988.0,0,0.027855,37.0,0,0,4988.0,0,0.027855,0,0,0,0.0,0,0,0.0,0,0,,,,96.0,instagram,GS,125.0,49.0,30.0,13.0
ENG - ALBUM DE FIGURINHAS,120248416227900260,OUTCOME_ENGAGEMENT,2026-05-01,6323,5713,1.106774,24,0.379567,0.857917,3.256366,20.59,0.0,0,0.0,0.0,0,0.0,0.0,0,0.0,0,0,0,0,0,0,0.0,0,0.0,0,0,0,2162.0,0,0.009524,55.0,0,0,2162.0,0,0.009524,0,0,0,0.0,0,0,0.0,0,0,,,,0.0,instagram,GS,1714.0,1057.0,735.0,542.0
ALC - GIFT GUIDE DIA DAS MAES,120248544859280260,OUTCOME_AWARENESS,2026-05-01,16464,15818,1.04084,33,0.200437,0.736061,1.47534,24.29,18.0,0,1.349444,5.0,0,4.858,0.0,0,0.0,0,0,0,0,0,0,0.0,0,0.0,0,0,0,24.0,0,1.012083,5.0,0,0,24.0,0,1.012083,0,0,0,0.0,0,0,0.0,0,0,,,,18.0,facebook,GS,1.0,,,
ALC - GIFT GUIDE DIA DAS MAES,120248544859280260,OUTCOME_AWARENESS,2026-05-01,26557,25966,1.022761,47,0.176978,0.884468,1.565312,41.57,41.0,0,1.013902,19.0,0,2.187895,0.0,0,0.0,0,0,0,0,0,0,0.0,0,0.0,0,0,0,43.0,0,0.966744,2.0,0,0,43.0,0,0.966744,0,0,0,0.0,0,0,0.0,0,0,,,,41.0,instagram,GS,1.0,,,
TRAF- Giftcard,120231989566400225,LINK_CLICKS,2025-11-08,0,0,0.0,0,0.0,0.0,0.0,0.0,0.0,0,0.0,0.0,0,0.0,0.0,0,0.0,0,0,0,0,0,0,0.0,0,0.0,0,0,0,0.0,0,0.0,0.0,0,0,0.0,0,0.0,0,0,0,0.0,0,0,0.0,0,0,,,,0.0,instagram,NS,,,,
ALC - Inauguração Ritmi,120231990939630225,OUTCOME_AWARENESS,2025-11-08,53117,44584,1.191392,32,0.060244,2.805313,1.690043,89.77,1.0,0,89.77,0.0,0,0.0,0.0,0,0.0,0,0,0,0,0,0,0.0,0,0.0,0,0,0,1643.0,0,0.054638,4.0,0,0,1643.0,0,0.054638,0,0,0,0.0,0,0,0.0,0,0,,,,0.0,instagram,NS,212.0,31.0,13.0,7.0
ALC - Loja Crocs,120232410145660225,OUTCOME_AWARENESS,2025-11-08,74710,60474,1.235407,93,0.124481,1.472688,1.833222,136.96,57.0,0,2.402807,0.0,0,0.0,0.0,0,0.0,0,0,0,0,0,0,0.0,0,0.0,0,0,0,1201.0,0,0.114038,6.0,0,0,1201.0,0,0.114038,0,0,0,0.0,0,0,0.0,0,0,,,,31.0,instagram,NS,472.0,251.0,51.0,35.0
ALC - Chilli Beans,120233141162840225,OUTCOME_AWARENESS,2025-11-08,30450,26453,1.151098,27,0.08867,1.932222,1.7133,52.17,23.0,0,2.268261,0.0,0,0.0,0.0,0,0.0,0,0,0,0,0,0,0.0,0,0.0,0,0,0,1171.0,0,0.044552,3.0,0,0,1171.0,0,0.044552,0,0,0,0.0,0,0,0.0,0,0,,,,11.0,instagram,NS,276.0,52.0,34.0,24.0
ALC - Avatim,120233142672850225,OUTCOME_AWARENESS,2025-11-08,115504,58850,1.962685,46,0.039825,4.016304,1.599512,184.75,1.0,0,184.75,0.0,0,0.0,0.0,0,0.0,0,0,0,0,0,0,0.0,0,0.0,0,0,0,5152.0,0,0.03586,17.0,0,0,5152.0,0,0.03586,0,0,0,0.0,0,0,0.0,0,0,,,,1.0,instagram,NS,219.0,83.0,51.0,34.0
ALC - Chegada Papai Noel - Natal 2025,120233915772800225,OUTCOME_AWARENESS,2025-11-08,38478,36947,1.041438,73,0.189719,0.912603,1.731379,66.62,55.0,0,1.211273,0.0,0,0.0,0.0,0,0.0,0,0,0,0,0,0,0.0,0,0.0,0,0,0,640.0,0,0.104094,3.0,0,0,640.0,0,0.104094,0,0,0,0.0,0,0,0.0,0,0,,,,30.0,instagram,NS,759.0,290.0,198.0,139.0
ALC - Casas Maria,120234507323040225,OUTCOME_AWARENESS,2025-11-08,102453,48002,2.134349,140,0.136648,1.244143,1.700097,174.18,92.0,0,1.893261,0.0,0,0.0,0.0,0,0.0,0,0,0,0,0,0,0.0,0,0.0,0,0,0,4324.0,0,0.040282,13.0,0,0,4324.0,0,0.040282,0,0,0,0.0,0,0,0.0,0,0,,,,50.0,instagram,NS,431.0,126.0,67.0,41.0
ALC - LAS LEÑAS,120234507357940225,OUTCOME_AWARENESS,2025-11-08,106157,52277,2.030664,101,0.095142,1.724554,1.640777,174.18,74.0,0,2.353784,0.0,0,0.0,0.0,0,0.0,0,0,0,0,0,0,0.0,0,0.0,0,0,0,5858.0,0,0.029734,23.0,0,0,5858.0,0,0.029734,0,0,0,0.0,0,0,0.0,0,0,,,,52.0,instagram,NS,6690.0,2105.0,1247.0,920.0
ENG - Officina Gelatiera,120234507408890225,OUTCOME_ENGAGEMENT,2025-11-08,34173,25430,1.343807,239,0.699383,0.521883,3.649958,124.73,66.0,0,1.889848,0.0,0,0.0,0.0,0,0.0,0,0,0,0,0,0,0.0,0,0.0,0,0,0,15496.0,0,0.008049,283.0,0,0,15496.0,0,0.008049,0,0,0,0.0,0,0,0.0,0,0,,,,31.0,instagram,NS,4775.0,3436.0,2376.0,1333.0
ALC - PROMO NATAL 25,120234760801190225,OUTCOME_AWARENESS,2025-11-08,282598,121535,2.32524,490,0.173391,0.891993,1.546638,437.076747,202.0,0,2.163746,2.0,0,218.538373,0.0,0,0.0,0,0,0,0,0,0,0.0,0,0.0,0,0,0,9332.0,0,0.046836,70.0,0,0,9333.0,0,0.046831,0,0,0,0.0,0,0,0.0,0,0,,,,200.0,facebook,NS,20690.0,5909.0,3025.0,1859.0
ALC - PROMO NATAL 25,120234760801190225,OUTCOME_AWARENESS,2025-11-08,174320,74835,2.329391,218,0.125057,1.299235,1.624789,283.233253,193.0,0,1.46753,0.0,0,0.0,0.0,0,0.0,0,0,0,0,0,0,0.0,0,0.0,0,0,0,1996.0,0,0.1419,8.0,0,0,1996.0,0,0.1419,0,0,0,0.0,0,0,0.0,0,0,,,,193.0,instagram,NS,4056.0,1641.0,1021.0,802.0
TRAF - NATAL 25,120234760949340225,LINK_CLICKS,2025-11-08,17503,4398,3.979764,125,0.714163,0.244744,1.747869,30.592955,132.0,0,0.231765,0.0,0,0.0,0.0,0,0.0,0,0,0,0,0,0,0.0,0,0.0,0,0,0,211.0,0,0.14499,0.0,0,0,211.0,0,0.14499,0,0,0,0.0,0,0,0.0,0,0,,,,132.0,audience_network,NS,73.0,69.0,62.0,61.0
TRAF - NATAL 25,120234760949340225,LINK_CLICKS,2025-11-08,214547,67410,3.182718,3252,1.515752,0.203338,3.082093,661.253873,2457.0,0,0.269131,19.0,0,34.802835,0.0,0,0.0,0,0,0,0,0,0,0.0,0,0.0,0,0,0,20846.0,0,0.031721,119.0,0,0,20849.0,0,0.031716,0,0,0,0.0,0,0,0.0,0,0,,,,2456.0,facebook,NS,27167.0,12657.0,7951.0,5651.0
TRAF - NATAL 25,120234760949340225,LINK_CLICKS,2025-11-08,9104,5124,1.776737,109,1.197276,0.301222,3.606456,32.833172,95.0,0,0.345612,1.0,0,32.833172,0.0,0,0.0,0,0,0,0,0,0,0.0,0,0.0,0,0,0,225.0,0,0.145925,13.0,0,0,225.0,0,0.145925,0,0,0,0.0,0,0,0.0,0,0,,,,95.0,instagram,NS,135.0,73.0,57.0,34.0
TRAF - NATAL 25,120234760949340225,LINK_CLICKS,2025-11-08,2,2,1.0,0,0.0,0.0,0.0,0.0,0.0,0,0.0,0.0,0,0.0,0.0,0,0.0,0,0,0,0,0,0,0.0,0,0.0,0,0,0,0.0,0,0.0,0.0,0,0,0.0,0,0.0,0,0,0,0.0,0,0,0.0,0,0,,,,0.0,messenger,NS,,,,
TRAF - NATAL 25,120234760949340225,LINK_CLICKS,2025-11-08,0,0,0.0,0,0.0,0.0,0.0,0.0,0.0,0,0.0,0.0,0,0.0,0.0,0,0.0,0,0,0,0,0,0,0.0,0,0.0,0,0,0,0.0,0,0.0,0.0,0,0,0.0,0,0.0,0,0,0,0.0,0,0,0.0,0,0,,,,0.0,unknown,NS,,,,
ALC - LEGOS,120235033220480225,OUTCOME_AWARENESS,2025-11-08,267938,106603,2.513419,402,0.150035,1.142587,1.714277,459.32,274.0,0,1.67635,2.0,0,229.66,0.0,0,0.0,0,0,0,0,0,0,0.0,0,0.0,0,0,0,427.0,0,1.075691,17.0,0,0,427.0,0,1.075691,0,0,0,0.0,0,0,0.0,0,0,,,,176.0,instagram,NS,22.0,3.0,1.0,1.0
ALC - Transmissão ao vivo Jogo de Futebol,120235431034520225,OUTCOME_AWARENESS,2025-11-08,176003,118133,1.489872,193,0.109657,1.550881,1.700653,299.32,1.0,0,299.32,0.0,0,0.0,0.0,0,0.0,0,0,0,0,0,0,0.0,0,0.0,0,0,0,10418.0,0,0.028731,59.0,0,0,10418.0,0,0.028731,0,0,0,0.0,0,0,0.0,0,0,,,,0.0,instagram,NS,5391.0,2341.0,581.0,365.0
ALC- BLACK FRIDAY NS,120235676342620225,OUTCOME_AWARENESS,2025-11-08,375997,220288,1.706843,182,0.048405,4.395385,2.12757,799.96,38.0,0,21.051579,0.0,0,0.0,0.0,0,0.0,0,0,0,0,0,0,0.0,0,0.0,0,0,0,9319.0,0,0.085842,41.0,0,0,9319.0,0,0.085842,0,0,0,0.0,0,0,0.0,0,0,,,,27.0,instagram,NS,6272.0,2818.0,1719.0,1319.0
VISUALIZAÇÕES - BF SORANA,120235840143130225,OUTCOME_AWARENESS,2025-11-08,30038,25436,1.180925,160,0.532659,1.2495,6.65557,199.92,66.0,0,3.029091,0.0,0,0.0,0.0,0,0.0,0,0,0,0,0,0,0.0,0,0.0,0,0,0,10746.0,0,0.018604,260.0,0,0,10746.0,0,0.018604,0,0,0,0.0,0,0,0.0,0,0,,,,33.0,instagram,NS,2775.0,1390.0,883.0,485.0
ENG - Officina Gelatiera,120234507408890225,OUTCOME_ENGAGEMENT,2025-12-01,0,0,0.0,0,0.0,0.0,0.0,0.0,0.0,0,0.0,1.0,0,0.0,0.0,0,0.0,0,0,0,0,0,0,0.0,0,0.0,0,0,0,0.0,0,0.0,0.0,0,0,0.0,0,0.0,0,0,0,0.0,0,0,0.0,0,0,,,,0.0,instagram,NS,,,,
ALC - PROMO NATAL 25,120234760801190225,OUTCOME_AWARENESS,2025-12-01,636541,216295,2.94293,1771,0.278222,0.443761,1.234643,785.901118,481.0,0,1.63389,1.0,0,785.901118,0.0,0,0.0,0,0,0,0,0,0,0.0,0,0.0,0,0,0,46363.0,0,0.016951,165.0,0,0,46364.0,0,0.016951,0,0,0,0.0,0,0,0.0,0,0,,,,405.0,facebook,NS,9160.0,3309.0,1816.0,979.0
ALC - PROMO NATAL 25,120234760801190225,OUTCOME_AWARENESS,2025-12-01,654092,216431,3.022173,991,0.151508,0.860614,1.303897,852.868882,781.0,0,1.092022,1.0,0,852.868882,0.0,0,0.0,0,0,0,0,0,0,0.0,0,0.0,0,0,0,18490.0,0,0.046126,63.0,0,0,18490.0,0,0.046126,0,0,0,0.0,0,0,0.0,0,0,,,,772.0,instagram,NS,4896.0,1987.0,427.0,251.0
TRAF - NATAL 25,120234760949340225,LINK_CLICKS,2025-12-01,12490,2645,4.722117,69,0.552442,0.313376,1.731218,21.622917,76.0,0,0.284512,0.0,0,0.0,0.0,0,0.0,0,0,0,0,0,0,0.0,0,0.0,0,0,0,418.0,0,0.051729,0.0,0,0,418.0,0,0.051729,0,0,0,0.0,0,0,0.0,0,0,,,,76.0,audience_network,NS,223.0,167.0,102.0,82.0
TRAF - NATAL 25,120234760949340225,LINK_CLICKS,2025-12-01,358691,109692,3.269983,8226,2.293339,0.138029,3.165463,1135.42319,5525.0,0,0.205506,17.0,0,66.789599,0.0,0,0.0,0,0,0,0,0,0,0.0,0,0.0,0,0,0,56067.0,0,0.020251,340.0,0,0,56078.0,0,0.020247,0,0,0,0.0,0,0,0.0,0,0,,,,4840.0,facebook,NS,18257.0,9106.0,7041.0,3141.0
TRAF - NATAL 25,120234760949340225,LINK_CLICKS,2025-12-01,140729,74449,1.890274,3412,2.424518,0.138794,3.365077,473.563893,3019.0,0,0.156861,18.0,0,26.309105,0.0,0,0.0,0,0,0,0,0,0,0.0,0,0.0,0,0,0,37433.0,0,0.012651,904.0,0,0,37433.0,0,0.012651,0,0,0,0.0,0,0,0.0,0,0,,,,3013.0,instagram,NS,15396.0,9059.0,6154.0,3928.0
TRAF - NATAL 25,120234760949340225,LINK_CLICKS,2025-12-01,3,3,1.0,0,0.0,0.0,0.0,0.0,0.0,0,0.0,0.0,0,0.0,0.0,0,0.0,0,0,0,0,0,0,0.0,0,0.0,0,0,0,1.0,0,0.0,0.0,0,0,1.0,0,0.0,0,0,0,0.0,0,0,0.0,0,0,,,,0.0,messenger,NS,1.0,,,
TRAF - NATAL 25,120234760949340225,LINK_CLICKS,2025-12-01,0,0,0.0,0,0.0,0.0,0.0,0.0,0.0,0,0.0,0.0,0,0.0,0.0,0,0.0,0,0,0,0,0,0,0.0,0,0.0,0,0,0,0.0,0,0.0,0.0,0,0,0.0,0,0.0,0,0,0,0.0,0,0,0.0,0,0,,,,0.0,unknown,NS,,,,
ALC - LEGOS,120235033220480225,OUTCOME_AWARENESS,2025-12-01,383291,147596,2.596893,450,0.117404,1.201422,1.410521,540.64,337.0,0,1.604273,46.0,0,11.753043,0.0,0,0.0,0,0,0,0,0,0,0.0,0,0.0,0,0,0,5309.0,0,0.101835,47.0,0,0,5309.0,0,0.101835,0,0,0,0.0,0,0,0.0,0,0,,,,279.0,instagram,NS,983.0,162.0,86.0,56.0
ALC- BLACK FRIDAY NS,120235676342620225,OUTCOME_AWARENESS,2025-12-01,0,0,0.0,0,0.0,0.0,0.0,0.0,0.0,0,0.0,0.0,0,0.0,0.0,0,0.0,0,0,0,0,0,0,0.0,0,0.0,0,0,0,0.0,0,0.0,0.0,0,0,0.0,0,0.0,0,0,0,0.0,0,0,0.0,0,0,,,,0.0,instagram,NS,,,,
VISUALIZAÇÕES - BF SORANA,120235840143130225,OUTCOME_AWARENESS,2025-12-01,0,0,0.0,0,0.0,0.0,0.0,0.0,0.0,0,0.0,0.0,0,0.0,0.0,0,0.0,0,0,0,0,0,0,0.0,0,0.0,0,0,0,0.0,0,0.0,0.0,0,0,0.0,0,0.0,0,0,0,0.0,0,0,0.0,0,0,,,,0.0,instagram,NS,,,,
"ALC - Espetáculo Luz, camera e emoção",120236083133360225,OUTCOME_AWARENESS,2025-12-01,206244,129004,1.598741,211,0.102306,1.657915,1.696146,349.82,186.0,0,1.880753,0.0,0,0.0,0.0,0,0.0,0,0,0,0,0,0,0.0,0,0.0,0,0,0,435.0,0,0.804184,14.0,0,0,435.0,0,0.804184,0,0,0,0.0,0,0,0.0,0,0,,,,121.0,instagram,NS,419.0,146.0,80.0,52.0
ENG - Tour fofíssima Natal,120236083340880225,OUTCOME_ENGAGEMENT,2025-12-01,117079,66733,1.754439,556,0.474893,1.079101,5.124574,599.98,248.0,0,2.419274,0.0,0,0.0,0.0,0,0.0,0,0,0,0,0,0,0.0,0,0.0,0,0,0,67279.0,0,0.008918,1027.0,0,0,67279.0,0,0.008918,0,0,0,0.0,0,0,0.0,0,0,,,,75.0,instagram,NS,10477.0,4518.0,2903.0,1853.0
ALC - Exposição Legueiros,120236293601470225,OUTCOME_AWARENESS,2025-12-01,163040,57976,2.812198,462,0.283366,0.507262,1.437408,234.354994,262.0,0,0.894485,0.0,0,0.0,0.0,0,0.0,0,0,0,0,0,0,0.0,0,0.0,0,0,0,25107.0,0,0.009334,47.0,0,0,25109.0,0,0.009334,0,0,0,0.0,0,0,0.0,0,0,,,,1.0,facebook,NS,4007.0,1485.0,882.0,504.0
ALC - Exposição Legueiros,120236293601470225,OUTCOME_AWARENESS,2025-12-01,185800,69521,2.672574,262,0.141012,1.013912,1.429736,265.645006,184.0,0,1.443723,1.0,0,265.645006,0.0,0,0.0,0,0,0,0,0,0,0.0,0,0.0,0,0,0,7329.0,0,0.036246,50.0,0,0,7329.0,0,0.036246,0,0,0,0.0,0,0,0.0,0,0,,,,110.0,instagram,NS,2352.0,395.0,222.0,111.0
ALC - Panetone,120236786157660225,OUTCOME_AWARENESS,2025-12-01,259857,107157,2.425012,324,0.124684,1.080185,1.346818,349.98,236.0,0,1.482966,1.0,0,349.98,0.0,0,0.0,0,0,0,0,0,0,0.0,0,0.0,0,0,0,16825.0,0,0.020801,50.0,0,0,16825.0,0,0.020801,0,0,0,0.0,0,0,0.0,0,0,,,,142.0,instagram,NS,8183.0,4075.0,2016.0,561.0
ALC - UEBEL,120236789023090225,OUTCOME_AWARENESS,2025-12-01,263571,112504,2.34277,378,0.143415,0.925873,1.32784,349.98,279.0,0,1.254409,0.0,0,0.0,1.0,0,349.98,0,0,0,0,0,0,0.0,0,0.0,0,0,0,13971.0,0,0.02505,35.0,0,0,13971.0,0,0.02505,0,0,0,0.0,0,0,0.0,0,0,,,,154.0,instagram,NS,378.0,131.0,82.0,48.0
ALC - Mana Naspolini - Looks fim de ano,120236791609500225,OUTCOME_AWARENESS,2025-12-01,237046,101159,2.343301,279,0.117699,1.075125,1.265408,299.96,213.0,0,1.408263,0.0,0,0.0,0.0,0,0.0,0,0,0,0,0,0,0.0,0,0.0,0,0,0,8742.0,0,0.034313,18.0,0,0,8742.0,0,0.034313,0,0,0,0.0,0,0,0.0,0,0,,,,0.0,instagram,NS,3486.0,1744.0,262.0,165.0
ALC - Chapeuzinho Vermelho,120236806580130225,OUTCOME_AWARENESS,2025-12-01,315847,195999,1.611473,139,0.044009,3.59705,1.583013,499.99,57.0,0,8.771754,1.0,0,499.99,0.0,0,0.0,0,0,0,0,0,0,0.0,0,0.0,0,0,0,80.0,0,6.249875,17.0,0,0,80.0,0,6.249875,0,0,0,0.0,0,0,0.0,0,0,,,,4.0,instagram,NS,,,,
ALC - Mesa Posta Natal 25,120236890674760225,OUTCOME_AWARENESS,2025-12-01,100620,63804,1.577017,37,0.036772,4.052432,1.490161,149.94,0.0,0,0.0,0.0,0,0.0,0.0,0,0.0,0,0,0,0,0,0,0.0,0,0.0,0,0,0,3717.0,0,0.040339,12.0,0,0,3717.0,0,0.040339,0,0,0,0.0,0,0,0.0,0,0,,,,0.0,instagram,NS,124.0,47.0,25.0,16.0
ALC - Avatar 3,120237003523440225,OUTCOME_AWARENESS,2025-12-01,113032,59785,1.890641,191,0.168979,0.78534,1.327058,150.0,120.0,0,1.25,2.0,0,75.0,0.0,0,0.0,0,0,0,0,0,0,0.0,0,0.0,0,0,0,9640.0,0,0.01556,23.0,0,0,9640.0,0,0.01556,0,0,0,0.0,0,0,0.0,0,0,,,,78.0,instagram,NS,11501.0,5858.0,3202.0,2161.0
ALC - PROMO NATAL 25,120234760801190225,OUTCOME_AWARENESS,2026-01-01,319137,182186,1.75171,648,0.203048,0.393244,0.798473,254.822359,212.0,0,1.201992,0.0,0,0.0,0.0,0,0.0,0,0,0,0,0,0,0.0,0,0.0,0,0,0,21305.0,0,0.011961,72.0,0,0,21305.0,0,0.011961,0,0,0,0.0,0,0,0.0,0,0,,,,200.0,facebook,NS,5174.0,1808.0,991.0,618.0
ALC - PROMO NATAL 25,120234760801190225,OUTCOME_AWARENESS,2026-01-01,436752,241820,1.806104,552,0.126388,0.658963,0.832847,363.747641,408.0,0,0.891538,0.0,0,0.0,0.0,0,0.0,0,0,0,0,0,0,0.0,0,0.0,0,0,0,13175.0,0,0.027609,59.0,0,0,13175.0,0,0.027609,0,0,0,0.0,0,0,0.0,0,0,,,,407.0,instagram,NS,3649.0,1201.0,427.0,250.0
TRAF - NATAL 25,120234760949340225,LINK_CLICKS,2026-01-01,299,172,1.738372,2,0.668896,0.645013,4.314465,1.290025,2.0,0,0.645013,0.0,0,0.0,0.0,0,0.0,0,0,0,0,0,0,0.0,0,0.0,0,0,0,230.0,0,0.005609,0.0,0,0,230.0,0,0.005609,0,0,0,0.0,0,0,0.0,0,0,,,,2.0,audience_network,NS,156.0,117.0,100.0,46.0
TRAF - NATAL 25,120234760949340225,LINK_CLICKS,2026-01-01,114865,61820,1.858056,3597,3.131502,0.10931,3.423041,393.187655,2681.0,0,0.146657,3.0,0,131.062552,0.0,0,0.0,0,0,0,0,0,0,0.0,0,0.0,0,0,0,29131.0,0,0.013497,117.0,0,0,29138.0,0,0.013494,0,0,0,0.0,0,0,0.0,0,0,,,,2678.0,facebook,NS,7562.0,3188.0,3167.0,1286.0
TRAF - NATAL 25,120234760949340225,LINK_CLICKS,2026-01-01,51409,33876,1.517564,1160,2.256414,0.102743,2.318316,119.18232,931.0,0,0.128015,19.0,0,6.272754,0.0,0,0.0,0,0,0,0,0,0,0.0,0,0.0,0,0,0,11464.0,0,0.010396,322.0,0,0,11464.0,0,0.010396,0,0,0,0.0,0,0,0.0,0,0,,,,931.0,instagram,NS,4267.0,2341.0,1586.0,1006.0
TRAF - NATAL 25,120234760949340225,LINK_CLICKS,2026-01-01,1,1,1.0,0,0.0,0.0,0.0,0.0,0.0,0,0.0,0.0,0,0.0,0.0,0,0.0,0,0,0,0,0,0,0.0,0,0.0,0,0,0,0.0,0,0.0,0.0,0,0,0.0,0,0.0,0,0,0,0.0,0,0,0.0,0,0,,,,0.0,messenger,NS,,,,
TRAF - NATAL 25,120234760949340225,LINK_CLICKS,2026-01-01,0,0,0.0,0,0.0,0.0,0.0,0.0,0.0,0,0.0,0.0,0,0.0,0.0,0,0.0,0,0,0,0,0,0,0.0,0,0.0,0,0,0,0.0,0,0.0,0.0,0,0,0.0,0,0.0,0,0,0,0.0,0,0,0.0,0,0,,,,0.0,unknown,NS,,,,
ALC - Panetone,120236786157660225,OUTCOME_AWARENESS,2026-01-01,0,0,0.0,0,0.0,0.0,0.0,0.0,0.0,0,0.0,0.0,0,0.0,0.0,0,0.0,0,0,0,0,0,0,0.0,0,0.0,0,0,0,0.0,0,0.0,0.0,0,0,0.0,0,0.0,0,0,0,0.0,0,0,0.0,0,0,,,,0.0,instagram,NS,,,,
ALC - UEBEL,120236789023090225,OUTCOME_AWARENESS,2026-01-01,0,0,0.0,0,0.0,0.0,0.0,0.0,0.0,0,0.0,0.0,0,0.0,0.0,0,0.0,0,0,0,0,0,0,0.0,0,0.0,0,0,0,0.0,0,0.0,0.0,0,0,0.0,0,0.0,0,0,0,0.0,0,0,0.0,0,0,,,,0.0,instagram,NS,,,,
ALC - Super ZOO,120237697768620225,OUTCOME_AWARENESS,2026-01-01,1097522,361327,3.037476,2118,0.19298,0.680019,1.312302,1440.28,1520.0,0,0.947553,669.0,0,2.152885,0.0,0,0.0,0,0,0,0,0,0,0.0,0,0.0,0,0,0,31300.0,0,0.046015,210.0,0,0,31300.0,0,0.046015,0,0,0,0.0,0,0,0.0,0,0,,,,1519.0,instagram,NS,28768.0,12236.0,7370.0,5117.0
ALC - LIQUIDA 25,120237697950010225,OUTCOME_AWARENESS,2026-01-01,1434340,657526,2.181419,2364,0.164814,1.268219,2.090209,2998.07,1668.0,0,1.797404,3.0,0,999.356667,0.0,0,0.0,0,0,0,0,0,0,0.0,0,0.0,0,0,0,71907.0,0,0.041694,285.0,0,0,71907.0,0,0.041694,0,0,0,0.0,0,0,0.0,0,0,,,,0.0,instagram,NS,46209.0,22224.0,13226.0,7287.0
ALC - Cinema - Bob Esponja Filme,120237698206050225,OUTCOME_AWARENESS,2026-01-01,255470,94319,2.708574,398,0.155791,0.753518,1.173915,299.9,303.0,0,0.989769,0.0,0,0.0,0.0,0,0.0,0,0,0,0,0,0,0.0,0,0.0,0,0,0,12240.0,0,0.024502,39.0,0,0,12240.0,0,0.024502,0,0,0,0.0,0,0,0.0,0,0,,,,0.0,instagram,NS,13450.0,4864.0,2485.0,1765.0
ALC - FÉRIAS JAN 25,120237769674470225,OUTCOME_AWARENESS,2026-01-01,541975,193523,2.800572,845,0.155911,0.812391,1.266608,686.47,587.0,0,1.169455,0.0,0,0.0,0.0,0,0.0,0,0,0,0,0,0,0.0,0,0.0,0,0,0,24692.0,0,0.027801,138.0,0,0,24692.0,0,0.027801,0,0,0,0.0,0,0,0.0,0,0,,,,573.0,instagram,NS,7641.0,2559.0,1344.0,804.0
ALC - FÉRIAS JAN 25,120237769674470225,OUTCOME_AWARENESS,2026-01-01,0,0,0.0,0,0.0,0.0,0.0,0.0,0.0,0,0.0,0.0,0,0.0,0.0,0,0.0,0,0,0,0,0,0,0.0,0,0.0,0,0,0,0.0,0,0.0,0.0,0,0,0.0,0,0.0,0,0,0,0.0,0,0,0.0,0,0,,,,0.0,unknown,NS,,,,
ALC - VERÃO/LOJAS,120237769884270225,OUTCOME_AWARENESS,2026-01-01,395282,147830,2.673896,555,0.140406,0.883135,1.239976,490.14,372.0,0,1.317581,0.0,0,0.0,0.0,0,0.0,0,0,0,0,0,0,0.0,0,0.0,0,0,0,23292.0,0,0.021043,64.0,0,0,23292.0,0,0.021043,0,0,0,0.0,0,0,0.0,0,0,,,,0.0,instagram,NS,5710.0,2778.0,1635.0,537.0
ALC - ÓCULOS META OAKLEY,120237770000040225,OUTCOME_AWARENESS,2026-01-01,373154,132307,2.820365,518,0.138817,0.930656,1.291906,482.08,343.0,0,1.405481,0.0,0,0.0,0.0,0,0.0,0,0,0,0,0,0,0.0,0,0.0,0,0,0,15450.0,0,0.031203,38.0,0,0,15450.0,0,0.031203,0,0,0,0.0,0,0,0.0,0,0,,,,0.0,instagram,NS,2472.0,510.0,204.0,111.0
ALC - Novidades Cinema GNC,120238216202110225,OUTCOME_AWARENESS,2026-01-01,75044,49854,1.505275,128,0.170567,0.756953,1.291109,96.89,101.0,0,0.959307,0.0,0,0.0,0.0,0,0.0,0,0,0,0,0,0,0.0,0,0.0,0,0,0,108.0,0,0.89713,6.0,0,0,108.0,0,0.89713,0,0,0,0.0,0,0,0.0,0,0,,,,0.0,instagram,NS,,,,
ALC - Vortex,120238216332790225,OUTCOME_AWARENESS,2026-01-01,49595,36528,1.357726,52,0.104849,1.274038,1.33582,66.25,38.0,0,1.743421,0.0,0,0.0,0.0,0,0.0,0,0,0,0,0,0,0.0,0,0.0,0,0,0,39.0,0,1.698718,1.0,0,0,39.0,0,1.698718,0,0,0,0.0,0,0,0.0,0,0,,,,0.0,instagram,NS,,,,
ALC - Blokinho do Rosa 2025,120238216427400225,OUTCOME_AWARENESS,2026-01-01,104791,71539,1.464809,132,0.125965,1.067273,1.34439,140.88,87.0,0,1.61931,0.0,0,0.0,0.0,0,0.0,0,0,0,0,0,0,0.0,0,0.0,0,0,0,4899.0,0,0.028757,8.0,0,0,4899.0,0,0.028757,0,0,0,0.0,0,0,0.0,0,0,,,,0.0,instagram,NS,4758.0,1955.0,992.0,686.0
ALC - Super ZOO,120237697768620225,OUTCOME_AWARENESS,2026-02-01,259536,200088,1.297109,435,0.167607,0.73869,1.238094,321.33,319.0,0,1.007304,145.0,0,2.216069,0.0,0,0.0,0,0,0,0,0,0,0.0,0,0.0,0,0,0,10977.0,0,0.029273,56.0,0,0,10977.0,0,0.029273,0,0,0,0.0,0,0,0.0,0,0,,,,319.0,instagram,NS,4599.0,1543.0,848.0,569.0
ALC - FÉRIAS JAN 25,120237769674470225,OUTCOME_AWARENESS,2026-02-01,140174,104140,1.346015,204,0.145533,0.860833,1.2528,175.61,140.0,0,1.254357,0.0,0,0.0,0.0,0,0.0,0,0,0,0,0,0,0.0,0,0.0,0,0,0,6370.0,0,0.027568,40.0,0,0,6370.0,0,0.027568,0,0,0,0.0,0,0,0.0,0,0,,,,136.0,instagram,NS,1880.0,543.0,295.0,179.0
ALC - VERÃO/LOJAS,120237769884270225,OUTCOME_AWARENESS,2026-02-01,104442,84613,1.234349,130,0.124471,0.964077,1.199996,125.33,93.0,0,1.347634,1.0,0,125.33,0.0,0,0.0,0,0,0,0,0,0,0.0,0,0.0,0,0,0,6123.0,0,0.020469,12.0,0,0,6123.0,0,0.020469,0,0,0,0.0,0,0,0.0,0,0,,,,0.0,instagram,NS,2552.0,1190.0,743.0,260.0
ALC - ÓCULOS META OAKLEY,120237770000040225,OUTCOME_AWARENESS,2026-02-01,101132,77641,1.302559,136,0.134478,0.922721,1.240854,125.49,98.0,0,1.28051,2.0,0,62.745,0.0,0,0.0,0,0,0,0,0,0,0.0,0,0.0,0,0,0,4082.0,0,0.030742,1.0,0,0,4082.0,0,0.030742,0,0,0,0.0,0,0,0.0,0,0,,,,0.0,instagram,NS,651.0,104.0,44.0,29.0
ALC - Novidades Cinema GNC,120238216202110225,OUTCOME_AWARENESS,2026-02-01,78263,59167,1.322747,134,0.171218,0.663657,1.136297,88.93,109.0,0,0.815872,22.0,0,4.042273,0.0,0,0.0,0,0,0,0,0,0,0.0,0,0.0,0,0,0,131.0,0,0.678855,0.0,0,0,131.0,0,0.678855,0,0,0,0.0,0,0,0.0,0,0,,,,50.0,instagram,NS,78.0,23.0,17.0,11.0
ALC - Vortex,120238216332790225,OUTCOME_AWARENESS,2026-02-01,74404,57526,1.293398,87,0.116929,0.994943,1.163378,86.56,65.0,0,1.331692,0.0,0,0.0,0.0,0,0.0,0,0,0,0,0,0,0.0,0,0.0,0,0,0,67.0,0,1.29194,2.0,0,0,67.0,0,1.29194,0,0,0,0.0,0,0,0.0,0,0,,,,0.0,instagram,NS,,,,
ALC - Blokinho do Rosa 2025,120238216427400225,OUTCOME_AWARENESS,2026-02-01,121763,93159,1.307045,163,0.133867,0.91773,1.228534,149.59,115.0,0,1.300783,0.0,0,0.0,0.0,0,0.0,0,0,0,0,0,0,0.0,0,0.0,0,0,0,5468.0,0,0.027357,13.0,0,0,5468.0,0,0.027357,0,0,0,0.0,0,0,0.0,0,0,,,,0.0,instagram,NS,3737.0,1444.0,781.0,543.0
ALC - Carnapet,120238497176350225,OUTCOME_AWARENESS,2026-02-01,121816,88727,1.37293,171,0.140376,0.941345,1.321419,160.97,127.0,0,1.26748,0.0,0,0.0,0.0,0,0.0,0,0,0,0,0,0,0.0,0,0.0,0,0,0,4822.0,0,0.033382,44.0,0,0,4822.0,0,0.033382,0,0,0,0.0,0,0,0.0,0,0,,,,0.0,instagram,NS,1513.0,840.0,126.0,88.0
ALC - Exposição Ambiências,120238497254480225,OUTCOME_AWARENESS,2026-02-01,22607,19617,1.152419,29,0.128279,0.975862,1.251825,28.3,24.0,0,1.179167,0.0,0,0.0,0.0,0,0.0,0,0,0,0,0,0,0.0,0,0.0,0,0,0,1737.0,0,0.016292,10.0,0,0,1737.0,0,0.016292,0,0,0,0.0,0,0,0.0,0,0,,,,0.0,instagram,NS,520.0,204.0,43.0,28.0
ALC - Super ZOO,120237697768620225,OUTCOME_AWARENESS,2026-02-06,973017,356584,2.728718,1838,0.188897,0.67377,1.272732,1238.39,1313.0,0,0.943176,595.0,0,2.081328,0.0,0,0.0,0,0,0,0,0,0,0.0,0,0.0,0,0,0,37889.0,0,0.032685,236.0,0,0,37889.0,0,0.032685,0,0,0,0.0,0,0,0.0,0,0,,,,1312.0,instagram,NS,8564.0,2320.0,1292.0,856.0
ALC - FÉRIAS JAN 25,120237769674470225,OUTCOME_AWARENESS,2026-02-06,483543,188233,2.568854,684,0.141456,0.903026,1.277384,617.67,499.0,0,1.237816,0.0,0,0.0,0.0,0,0.0,0,0,0,0,0,0,0.0,0,0.0,0,0,0,19651.0,0,0.031432,100.0,0,0,19651.0,0,0.031432,0,0,0,0.0,0,0,0.0,0,0,,,,484.0,instagram,NS,5961.0,1705.0,804.0,495.0
ALC - VERÃO/LOJAS,120237769884270225,OUTCOME_AWARENESS,2026-02-06,412114,160840,2.562261,539,0.130789,0.935918,1.224079,504.46,362.0,0,1.393536,0.0,0,0.0,0.0,0,0.0,0,0,0,0,0,0,0.0,0,0.0,0,0,0,24276.0,0,0.02078,57.0,0,0,24276.0,0,0.02078,0,0,0,0.0,0,0,0.0,0,0,,,,0.0,instagram,NS,5415.0,2766.0,1597.0,580.0
ALC - ÓCULOS META OAKLEY,120237770000040225,OUTCOME_AWARENESS,2026-02-06,343523,138178,2.48609,457,0.133033,0.965492,1.284426,441.23,327.0,0,1.349327,0.0,0,0.0,0.0,0,0.0,0,0,0,0,0,0,0.0,0,0.0,0,0,0,13093.0,0,0.0337,21.0,0,0,13093.0,0,0.0337,0,0,0,0.0,0,0,0.0,0,0,,,,0.0,instagram,NS,2013.0,356.0,172.0,89.0
ALC - Novidades Cinema GNC,120238216202110225,OUTCOME_AWARENESS,2026-02-06,134100,82005,1.635266,247,0.184191,0.663441,1.221999,163.87,194.0,0,0.844691,93.0,0,1.762043,0.0,0,0.0,0,0,0,0,0,0,0.0,0,0.0,0,0,0,336.0,0,0.487708,8.0,0,0,336.0,0,0.487708,0,0,0,0.0,0,0,0.0,0,0,,,,194.0,instagram,NS,446.0,148.0,96.0,68.0
ALC - Vortex,120238216332790225,OUTCOME_AWARENESS,2026-02-06,285160,113118,2.520907,311,0.109062,1.104759,1.204867,343.58,233.0,0,1.474592,0.0,0,0.0,0.0,0,0.0,0,0,0,0,0,0,0.0,0,0.0,0,0,0,239.0,0,1.437573,6.0,0,0,239.0,0,1.437573,0,0,0,0.0,0,0,0.0,0,0,,,,0.0,instagram,NS,,,,
ALC - Blokinho do Rosa 2025,120238216427400225,OUTCOME_AWARENESS,2026-02-06,79881,69697,1.146118,113,0.14146,0.966991,1.36791,109.27,85.0,0,1.285529,0.0,0,0.0,0.0,0,0.0,0,0,0,0,0,0,0.0,0,0.0,0,0,0,3691.0,0,0.029604,11.0,0,0,3691.0,0,0.029604,0,0,0,0.0,0,0,0.0,0,0,,,,0.0,instagram,NS,622.0,100.0,49.0,25.0
ALC - Carnapet,120238497176350225,OUTCOME_AWARENESS,2026-02-06,63111,58801,1.073298,114,0.180634,0.780702,1.410214,89.0,82.0,0,1.085366,0.0,0,0.0,0.0,0,0.0,0,0,0,0,0,0,0.0,0,0.0,0,0,0,2457.0,0,0.036223,23.0,0,0,2457.0,0,0.036223,0,0,0,0.0,0,0,0.0,0,0,,,,0.0,instagram,NS,780.0,467.0,64.0,38.0
ALC - Exposição Ambiências,120238497254480225,OUTCOME_AWARENESS,2026-02-06,122100,65149,1.874165,132,0.108108,1.122348,1.21335,148.15,113.0,0,1.311062,0.0,0,0.0,0.0,0,0.0,0,0,0,0,0,0,0.0,0,0.0,0,0,0,7176.0,0,0.020645,31.0,0,0,7176.0,0,0.020645,0,0,0,0.0,0,0,0.0,0,0,,,,0.0,instagram,NS,2331.0,1081.0,220.0,154.0
ALC - A Casa de Gaby,120238749907260225,OUTCOME_AWARENESS,2026-02-06,245648,121715,2.018223,387,0.157543,0.775065,1.221056,299.95,283.0,0,1.059894,1.0,0,299.95,0.0,0,0.0,0,0,0,0,0,0,0.0,0,0.0,0,0,0,726.0,0,0.413154,17.0,0,0,726.0,0,0.413154,0,0,0,0.0,0,0,0.0,0,0,,,,1.0,instagram,NS,120.0,62.0,42.0,6.0
ALC - Exposição Beatles,120239046320590225,OUTCOME_AWARENESS,2026-02-06,160175,91946,1.742055,168,0.104885,1.106369,1.160418,185.87,128.0,0,1.452109,0.0,0,0.0,0.0,0,0.0,0,0,0,0,0,0,0.0,0,0.0,0,0,0,6488.0,0,0.028648,28.0,0,0,6488.0,0,0.028648,0,0,0,0.0,0,0,0.0,0,0,,,,0.0,instagram,NS,1061.0,187.0,101.0,69.0
ALC - CAPIVALLEY,120239368933820225,OUTCOME_AWARENESS,2026-02-06,83457,63149,1.321589,140,0.167751,0.805071,1.350516,112.71,2.0,0,56.355,0.0,0,0.0,0.0,0,0.0,0,0,0,0,0,0,0.0,0,0.0,0,0,0,6497.0,0,0.017348,10.0,0,0,6497.0,0,0.017348,0,0,0,0.0,0,0,0.0,0,0,,,,0.0,facebook,NS,24577.0,8772.0,4890.0,3256.0
ALC - CAPIVALLEY,120239368933820225,OUTCOME_AWARENESS,2026-02-06,123889,92122,1.344836,177,0.14287,0.951356,1.359201,168.39,77.0,0,2.186883,0.0,0,0.0,0.0,0,0.0,0,0,0,0,0,0,0.0,0,0.0,0,0,0,7452.0,0,0.022597,102.0,0,0,7452.0,0,0.022597,0,0,0,0.0,0,0,0.0,0,0,,,,4.0,instagram,NS,7203.0,2839.0,1473.0,1069.0
ALC - Exposição Beatles,120239046320590225,OUTCOME_AWARENESS,2026-03-01,191689,105179,1.822503,152,0.079295,1.454342,1.153222,221.06,115.0,0,1.922261,0.0,0,0.0,0.0,0,0.0,0,0,0,0,0,0,0.0,0,0.0,0,0,0,7701.0,0,0.028705,30.0,0,0,7701.0,0,0.028705,0,0,0,0.0,0,0,0.0,0,0,,,,0.0,instagram,NS,1236.0,251.0,129.0,79.0
ALC - CAPIVALLEY,120239368933820225,OUTCOME_AWARENESS,2026-03-01,483471,208765,2.315862,680,0.14065,0.931334,1.309918,633.307332,6.0,0,105.551222,0.0,0,0.0,0.0,0,0.0,0,0,0,0,0,0,0.0,0,0.0,0,0,0,35934.0,0,0.017624,116.0,0,0,35937.0,0,0.017623,0,0,0,0.0,0,0,0.0,0,0,,,,1.0,facebook,NS,126527.0,45749.0,26055.0,17353.0
ALC - CAPIVALLEY,120239368933820225,OUTCOME_AWARENESS,2026-03-01,653518,291109,2.244925,489,0.074826,1.77156,1.325583,866.292672,55.0,0,15.750776,0.0,0,0.0,0.0,0,0.0,0,0,0,0,0,0,0.0,0,0.0,0,0,0,17076.0,0,0.050732,55.0,0,0,17076.0,0,0.050732,0,0,0,0.0,0,0,0.0,0,0,,,,40.0,instagram,NS,41594.0,16468.0,10349.0,7741.0
ALC - CAPIVALLEY,120239368933820225,OUTCOME_AWARENESS,2026-03-01,160,146,1.09589,0,0.0,0.0,1.187476,0.189996,0.0,0,0.0,0.0,0,0.0,0.0,0,0.0,0,0,0,0,0,0,0.0,0,0.0,0,0,0,37.0,0,0.005135,0.0,0,0,37.0,0,0.005135,0,0,0,0.0,0,0,0.0,0,0,,,,0.0,threads,NS,13.0,1.0,1.0,
ALC - MISS CRICIUMA,120239593181160225,OUTCOME_AWARENESS,2026-03-01,1398032,420495,3.324729,1884,0.134761,1.061571,1.430582,2000.0,1578.0,0,1.267427,828.0,0,2.415459,0.0,0,0.0,0,0,0,0,0,0,0.0,0,0.0,0,0,0,1614.0,0,1.239157,17.0,0,0,1614.0,0,1.239157,0,0,0,0.0,0,0,0.0,0,0,,,,1570.0,instagram,NS,,,,
ALC - MISS CRICIUMA,120239593181160225,OUTCOME_AWARENESS,2026-03-01,0,0,0.0,0,0.0,0.0,0.0,0.0,0.0,0,0.0,1.0,0,0.0,0.0,0,0.0,0,0,0,0,0,0,0.0,0,0.0,0,0,0,0.0,0,0.0,0.0,0,0,0.0,0,0.0,0,0,0,0.0,0,0,0.0,0,0,,,,0.0,unknown,NS,,,,
ALC - Páscoa,120239593258100225,OUTCOME_AWARENESS,2026-03-01,272331,155265,1.753975,550,0.20196,0.623231,1.258679,342.777229,300.0,0,1.142591,131.0,0,2.61662,0.0,0,0.0,0,0,0,0,0,0,0.0,0,0.0,0,0,0,11352.0,0,0.030195,26.0,0,0,11352.0,0,0.030195,0,0,0,0.0,0,0,0.0,0,0,,,,297.0,facebook,NS,1269.0,335.0,159.0,98.0
ALC - Páscoa,120239593258100225,OUTCOME_AWARENESS,2026-03-01,2378590,529273,4.49407,1303,0.05478,2.585014,1.41608,3368.272772,605.0,0,5.567393,283.0,0,11.902024,0.0,0,0.0,0,0,0,0,0,0,0.0,0,0.0,0,0,0,63603.0,0,0.052958,280.0,0,0,63603.0,0,0.052958,0,0,0,0.0,0,0,0.0,0,0,,,,563.0,instagram,NS,15972.0,3561.0,2001.0,1299.0
ALC - Páscoa,120239593258100225,OUTCOME_AWARENESS,2026-03-01,4,3,1.333333,0,0.0,0.0,0.0,0.0,0.0,0,0.0,0.0,0,0.0,0.0,0,0.0,0,0,0,0,0,0,0.0,0,0.0,0,0,0,0.0,0,0.0,0.0,0,0,0.0,0,0.0,0,0,0,0.0,0,0,0.0,0,0,,,,0.0,threads,NS,,,,
ALC - Páscoa,120239593258100225,OUTCOME_AWARENESS,2026-03-01,190,183,1.038251,0,0.0,0.0,0.842098,0.159999,0.0,0,0.0,0.0,0,0.0,0.0,0,0.0,0,0,0,0,0,0,0.0,0,0.0,0,0,0,17.0,0,0.009412,0.0,0,0,17.0,0,0.009412,0,0,0,0.0,0,0,0.0,0,0,,,,0.0,whatsapp,NS,5.0,5.0,1.0,1.0
ALC - MUSICAL O ENCANTO DA NATUREZA,120239602331250225,OUTCOME_AWARENESS,2026-03-01,228860,168190,1.360723,338,0.147689,0.920473,1.359434,311.12,255.0,0,1.220078,0.0,0,0.0,0.0,0,0.0,0,0,0,0,0,0,0.0,0,0.0,0,0,0,10532.0,0,0.02954,25.0,0,0,10532.0,0,0.02954,0,0,0,0.0,0,0,0.0,0,0,,,,253.0,instagram,NS,3870.0,1804.0,438.0,290.0
ALC - DIA DA MULHER - PANDORA,120239707854730225,OUTCOME_AWARENESS,2026-03-01,353464,222569,1.58811,517,0.146267,0.965397,1.412053,499.11,418.0,0,1.194043,213.0,0,2.343239,0.0,0,0.0,0,0,0,0,0,0,0.0,0,0.0,0,0,0,12516.0,0,0.039878,42.0,0,0,12516.0,0,0.039878,0,0,0,0.0,0,0,0.0,0,0,,,,417.0,instagram,NS,3243.0,539.0,314.0,197.0
ALC - Promo Iphone,120240550439900225,OUTCOME_AWARENESS,2026-03-01,242685,146326,1.658523,428,0.17636,0.890093,1.569772,380.96,296.0,0,1.287027,0.0,0,0.0,0.0,0,0.0,0,0,0,0,0,0,0.0,0,0.0,0,0,0,344.0,0,1.107442,33.0,0,0,344.0,0,1.107442,0,0,0,0.0,0,0,0.0,0,0,,,,295.0,facebook,NS,,,,
ALC - Promo Iphone,120240550439900225,OUTCOME_AWARENESS,2026-03-01,222860,130180,1.711937,342,0.15346,1.087222,1.668447,371.83,305.0,0,1.219115,0.0,0,0.0,0.0,0,0.0,0,0,0,0,0,0,0.0,0,0.0,0,0,0,315.0,0,1.180413,8.0,0,0,315.0,0,1.180413,0,0,0,0.0,0,0,0.0,0,0,,,,303.0,instagram,NS,,,,
ALC - Promo Iphone,120240550439900225,OUTCOME_AWARENESS,2026-03-01,27,24,1.125,0,0.0,0.0,1.481481,0.04,0.0,0,0.0,0.0,0,0.0,0.0,0,0.0,0,0,0,0,0,0,0.0,0,0.0,0,0,0,0.0,0,0.0,0.0,0,0,0.0,0,0.0,0,0,0,0.0,0,0,0.0,0,0,,,,0.0,threads,NS,,,,
ALC - Heroinas do kpop,120240551545740225,OUTCOME_AWARENESS,2026-03-01,135743,95907,1.415361,311,0.229109,0.625859,1.433902,194.642214,200.0,0,0.973211,2.0,0,97.321107,0.0,0,0.0,0,0,0,0,0,0,0.0,0,0.0,0,0,0,229.0,0,0.849966,20.0,0,0,230.0,0,0.84627,0,0,0,0.0,0,0,0.0,0,0,,,,200.0,facebook,NS,,,,
ALC - Heroinas do kpop,120240551545740225,OUTCOME_AWARENESS,2026-03-01,197858,127859,1.54747,391,0.197616,0.780608,1.54261,305.21779,308.0,0,0.990967,2.0,0,152.608895,0.0,0,0.0,0,0,0,0,0,0,0.0,0,0.0,0,0,0,392.0,0,0.778617,14.0,0,0,392.0,0,0.778617,0,0,0,0.0,0,0,0.0,0,0,,,,308.0,instagram,NS,,,,
ALC - Heroinas do kpop,120240551545740225,OUTCOME_AWARENESS,2026-03-01,33,30,1.1,1,3.030303,0.099996,3.030182,0.099996,1.0,0,0.099996,0.0,0,0.0,0.0,0,0.0,0,0,0,0,0,0,0.0,0,0.0,0,0,0,1.0,0,0.099996,0.0,0,0,1.0,0,0.099996,0,0,0,0.0,0,0,0.0,0,0,,,,1.0,threads,NS,,,,
ALC - Diversão no Nações,120240554914940225,OUTCOME_AWARENESS,2026-03-01,146491,90764,1.613977,284,0.193869,0.725,1.405547,205.9,177.0,0,1.163277,59.0,0,3.489831,4.0,0,51.475,0,0,0,0,0,0,43.0,0,4.788372,0,0,0,209.0,0,0.985167,28.0,0,0,210.0,0,0.980476,0,0,0,4.0,0,0,286.0,0,0,,,,177.0,facebook,NS,,,,
ALC - Diversão no Nações,120240554914940225,OUTCOME_AWARENESS,2026-03-01,7,5,1.4,0,0.0,0.0,0.0,0.0,0.0,0,0.0,0.0,0,0.0,0.0,0,0.0,0,0,0,0,0,0,0.0,0,0.0,0,0,0,0.0,0,0.0,0.0,0,0,0.0,0,0.0,0,0,0,0.0,0,0,0.0,0,0,,,,0.0,threads,NS,,,,
ALC - Aniversario NS,120240906192060225,OUTCOME_AWARENESS,2026-03-01,9650,8525,1.131965,17,0.176166,0.65,1.145078,11.05,11.0,0,1.004545,0.0,0,0.0,0.0,0,0.0,0,0,0,0,0,0,0.0,0,0.0,0,0,0,12.0,0,0.920833,1.0,0,0,12.0,0,0.920833,0,0,0,0.0,0,0,0.0,0,0,,,,0.0,facebook,NS,,,,
ALC - Aniversario NS,120240906192060225,OUTCOME_AWARENESS,2026-03-01,14814,13480,1.098961,24,0.162009,0.844583,1.3683,20.27,13.0,0,1.559231,0.0,0,0.0,0.0,0,0.0,0,0,0,0,0,0,0.0,0,0.0,0,0,0,14.0,0,1.447857,1.0,0,0,14.0,0,1.447857,0,0,0,0.0,0,0,0.0,0,0,,,,0.0,instagram,NS,,,,
ENG - Posts,120240906696350225,OUTCOME_ENGAGEMENT,2026-03-01,9141,7751,1.179332,613,6.70605,0.04279,2.869489,26.23,0.0,0,0.0,0.0,0,0.0,0.0,0,0.0,0,0,0,0,0,0,0.0,0,0.0,0,0,0,4846.0,0,0.005413,59.0,0,0,4847.0,0,0.005412,0,0,0,0.0,0,0,0.0,0,0,,,,0.0,facebook,NS,1654.0,956.0,588.0,248.0
ENG - Posts,120240906696350225,OUTCOME_ENGAGEMENT,2026-03-01,6083,5213,1.16689,40,0.65757,0.44125,2.901529,17.65,1.0,0,17.65,0.0,0,0.0,0.0,0,0.0,0,0,0,0,0,0,0.0,0,0.0,0,0,0,2647.0,0,0.006668,77.0,0,0,2647.0,0,0.006668,0,0,0,0.0,0,0,0.0,0,0,,,,1.0,instagram,NS,1046.0,559.0,356.0,194.0
ALC - Páscoa,120239593258100225,OUTCOME_AWARENESS,2026-04-01,89344,75358,1.185594,161,0.180202,0.662174,1.193253,106.61,66.0,0,1.615303,37.0,0,2.881351,0.0,0,0.0,0,0,0,0,0,0,0.0,0,0.0,0,0,0,4063.0,0,0.026239,14.0,0,0,4063.0,0,0.026239,0,0,0,0.0,0,0,0.0,0,0,,,,64.0,facebook,NS,467.0,120.0,62.0,41.0
ALC - Páscoa,120239593258100225,OUTCOME_AWARENESS,2026-04-01,140974,116957,1.205349,56,0.039724,3.252857,1.292153,182.16,7.0,0,26.022857,0.0,0,0.0,0.0,0,0.0,0,0,0,0,0,0,0.0,0,0.0,0,0,0,5252.0,0,0.034684,20.0,0,0,5252.0,0,0.034684,0,0,0,0.0,0,0,0.0,0,0,,,,0.0,instagram,NS,1235.0,314.0,144.0,100.0
ALC - Páscoa,120239593258100225,OUTCOME_AWARENESS,2026-04-01,1,1,1.0,0,0.0,0.0,0.0,0.0,0.0,0,0.0,0.0,0,0.0,0.0,0,0.0,0,0,0,0,0,0,0.0,0,0.0,0,0,0,0.0,0,0.0,0.0,0,0,0.0,0,0.0,0,0,0,0.0,0,0,0.0,0,0,,,,0.0,threads,NS,,,,
ALC - Páscoa,120239593258100225,OUTCOME_AWARENESS,2026-04-01,19,19,1.0,1,5.263158,0.01,0.526316,0.01,0.0,0,0.0,0.0,0,0.0,0.0,0,0.0,0,0,0,0,0,0,0.0,0,0.0,0,0,0,4.0,0,0.0025,0.0,0,0,4.0,0,0.0025,0,0,0,0.0,0,0,0.0,0,0,,,,0.0,whatsapp,NS,1.0,,,
ALC - Promo Iphone,120240550439900225,OUTCOME_AWARENESS,2026-04-01,573602,234616,2.444855,1052,0.183402,0.701274,1.286154,737.740442,601.0,0,1.227522,1.0,0,737.740442,7.0,0,105.391492,0,0,0,0,0,0,112.0,0,6.586968,0,0,0,26387.0,0,0.027958,95.0,0,0,26388.0,0,0.027957,0,0,0,7.0,0,0,508.0,0,0,,,,596.0,facebook,NS,2681.0,811.0,373.0,204.0
ALC - Promo Iphone,120240550439900225,OUTCOME_AWARENESS,2026-04-01,724142,281516,2.572294,1041,0.143756,0.969615,1.393883,1009.369559,787.0,0,1.282553,12.0,0,84.11413,14.0,0,72.097826,0,0,0,0,0,0,253.0,0,3.989603,0,0,0,21443.0,0,0.047072,88.0,0,0,21443.0,0,0.047072,0,0,0,14.0,0,0,1307.0,0,0,,,,783.0,instagram,NS,3580.0,608.0,270.0,177.0
ALC - Promo Iphone,120240550439900225,OUTCOME_AWARENESS,2026-04-01,46,41,1.121951,0,0.0,0.0,0.86953,0.039998,0.0,0,0.0,0.0,0,0.0,0.0,0,0.0,0,0,0,0,0,0,0.0,0,0.0,0,0,0,0.0,0,0.0,0.0,0,0,0.0,0,0.0,0,0,0,0.0,0,0,0.0,0,0,,,,0.0,threads,NS,,,,
ALC - Diversão no Nações,120240554914940225,OUTCOME_AWARENESS,2026-04-01,259042,139623,1.855296,504,0.194563,0.583512,1.135299,294.09,325.0,0,0.904892,112.0,0,2.625804,8.0,0,36.76125,0,0,0,0,0,0,103.0,0,2.855243,0,0,0,371.0,0,0.792695,44.0,0,0,373.0,0,0.788445,0,0,0,8.0,0,0,569.0,0,0,,,,324.0,facebook,NS,,,,
ALC - Diversão no Nações,120240554914940225,OUTCOME_AWARENESS,2026-04-01,6,6,1.0,0,0.0,0.0,1.666667,0.01,0.0,0,0.0,0.0,0,0.0,0.0,0,0.0,0,0,0,0,0,0,0.0,0,0.0,0,0,0,0.0,0,0.0,0.0,0,0,0.0,0,0.0,0,0,0,0.0,0,0,0.0,0,0,,,,0.0,threads,NS,,,,
ALC - Aniversario NS,120240906192060225,OUTCOME_AWARENESS,2026-04-01,66116,45967,1.438336,126,0.190574,0.514701,0.980887,64.852311,94.0,0,0.689918,0.0,0,0.0,0.0,0,0.0,0,0,0,0,0,0,0.0,0,0.0,0,0,0,101.0,0,0.642102,7.0,0,0,101.0,0,0.642102,0,0,0,0.0,0,0,0.0,0,0,,,,0.0,facebook,NS,,,,
ALC - Aniversario NS,120240906192060225,OUTCOME_AWARENESS,2026-04-01,93952,57624,1.630432,145,0.154334,0.716053,1.105114,103.827689,101.0,0,1.027997,0.0,0,0.0,0.0,0,0.0,0,0,0,0,0,0,0.0,0,0.0,0,0,0,107.0,0,0.970352,5.0,0,0,107.0,0,0.970352,0,0,0,0.0,0,0,0.0,0,0,,,,1.0,instagram,NS,,,,
ENG - Posts,120240906696350225,OUTCOME_ENGAGEMENT,2026-04-01,36220,25909,1.39797,1788,4.936499,0.045761,2.258973,81.82,1.0,0,81.82,0.0,0,0.0,0.0,0,0.0,0,0,0,0,0,0,0.0,0,0.0,0,0,0,17579.0,0,0.004654,138.0,0,0,17583.0,0,0.004653,0,0,0,0.0,0,0,0.0,0,0,,,,1.0,facebook,NS,5450.0,2773.0,1615.0,695.0
ENG - Posts,120240906696350225,OUTCOME_ENGAGEMENT,2026-04-01,50735,37819,1.341521,178,0.350843,0.682079,2.393023,121.41,2.0,0,60.705,0.0,0,0.0,0.0,0,0.0,0,0,0,0,0,0,0.0,0,0.0,0,0,0,21843.0,0,0.005558,483.0,0,0,21843.0,0,0.005558,0,0,0,0.0,0,0,0.0,0,0,,,,1.0,instagram,NS,7883.0,2913.0,1543.0,691.0
TRAF - IPHONE,120241307194150225,LINK_CLICKS,2026-04-01,100493,10581,9.497496,988,0.983153,0.195577,1.92282,193.23,1175.0,0,0.164451,335.0,0,0.576806,0.0,0,0.0,0,0,0,0,0,0,0.0,0,0.0,0,0,0,1419.0,0,0.136173,0.0,0,0,1419.0,0,0.136173,0,0,0,0.0,0,0,0.0,0,0,,,,1175.0,audience_network,NS,166.0,182.0,125.0,92.0
TRAF - IPHONE,120241307194150225,LINK_CLICKS,2026-04-01,56243,28332,1.98514,1766,3.139946,0.118052,3.706772,208.48,1136.0,0,0.183521,428.0,0,0.487103,0.0,0,0.0,0,0,0,0,0,0,0.0,0,0.0,0,0,0,15409.0,0,0.01353,50.0,0,0,15410.0,0,0.013529,0,0,0,0.0,0,0,0.0,0,0,,,,1132.0,facebook,NS,3793.0,1269.0,721.0,469.0
TRAF - IPHONE,120241307194150225,LINK_CLICKS,2026-04-01,11487,8074,1.422715,554,4.822843,0.177076,8.540089,98.1,490.0,0,0.200204,149.0,0,0.658389,0.0,0,0.0,0,0,0,0,0,0,0.0,0,0.0,0,0,0,4618.0,0,0.021243,56.0,0,0,4618.0,0,0.021243,0,0,0,0.0,0,0,0.0,0,0,,,,490.0,instagram,NS,1049.0,467.0,282.0,159.0
TRAF - IPHONE,120241307194150225,LINK_CLICKS,2026-04-01,6,5,1.2,0,0.0,0.0,3.333333,0.02,0.0,0,0.0,0.0,0,0.0,0.0,0,0.0,0,0,0,0,0,0,0.0,0,0.0,0,0,0,0.0,0,0.0,0.0,0,0,0.0,0,0.0,0,0,0,0.0,0,0,0.0,0,0,,,,0.0,threads,NS,,,,
ALC - Hello Kitty,120242003338060225,OUTCOME_AWARENESS,2026-04-01,157929,108179,1.459886,270,0.170963,0.755608,1.291809,204.014171,162.0,0,1.259347,60.0,0,3.400236,0.0,0,0.0,0,0,0,0,0,0,0.0,0,0.0,0,0,0,192.0,0,1.062574,27.0,0,0,192.0,0,1.062574,0,0,0,0.0,0,0,0.0,0,0,,,,162.0,facebook,NS,,,,
ALC - Hello Kitty,120242003338060225,OUTCOME_AWARENESS,2026-04-01,111055,76489,1.451908,152,0.136869,0.959644,1.313456,145.865832,132.0,0,1.105044,55.0,0,2.652106,0.0,0,0.0,0,0,0,0,0,0,0.0,0,0.0,0,0,0,152.0,0,0.959644,5.0,0,0,152.0,0,0.959644,0,0,0,0.0,0,0,0.0,0,0,,,,132.0,instagram,NS,,,,
ALC - Hello Kitty,120242003338060225,OUTCOME_AWARENESS,2026-04-01,22,21,1.047619,0,0.0,0.0,0.909065,0.019999,0.0,0,0.0,0.0,0,0.0,0.0,0,0.0,0,0,0,0,0,0,0.0,0,0.0,0,0,0,0.0,0,0.0,0.0,0,0,0.0,0,0.0,0,0,0,0.0,0,0,0.0,0,0,,,,0.0,threads,NS,,,,
ALC - Hello Kitty,120242003338060225,OUTCOME_AWARENESS,2026-04-01,69,28,2.464286,0,0.0,0.0,1.304311,0.089997,0.0,0,0.0,0.0,0,0.0,0.0,0,0.0,0,0,0,0,0,0,0.0,0,0.0,0,0,0,0.0,0,0.0,0.0,0,0,0.0,0,0.0,0,0,0,0.0,0,0,0.0,0,0,,,,0.0,whatsapp,NS,,,,
[ALC - Encontro de Goldens e Labradores],120242004126310225,OUTCOME_AWARENESS,2026-04-01,223180,137590,1.622066,312,0.139797,0.961122,1.343624,299.87,252.0,0,1.18996,1.0,0,299.87,0.0,0,0.0,0,0,0,0,0,0,0.0,0,0.0,0,0,0,284.0,0,1.05588,16.0,0,0,284.0,0,1.05588,0,0,0,0.0,0,0,0.0,0,0,,,,0.0,instagram,NS,,,,
ALC - Hello Kitty Parade,120242004377040225,OUTCOME_AWARENESS,2026-04-01,36730,24568,1.495034,136,0.37027,0.365678,1.353995,49.732248,1.0,0,49.732248,0.0,0,0.0,0.0,0,0.0,0,0,0,0,0,0,0.0,0,0.0,0,0,0,4480.0,0,0.011101,24.0,0,0,4483.0,0,0.011094,0,0,0,0.0,0,0,0.0,0,0,,,,0.0,facebook,NS,397.0,143.0,71.0,41.0
ALC - Hello Kitty Parade,120242004377040225,OUTCOME_AWARENESS,2026-04-01,49240,32733,1.504292,37,0.075142,1.917539,1.44088,70.948941,0.0,0,0.0,0.0,0,0.0,0.0,0,0.0,0,0,0,0,0,0,0.0,0,0.0,0,0,0,2548.0,0,0.027845,47.0,0,0,2548.0,0,0.027845,0,0,0,0.0,0,0,0.0,0,0,,,,0.0,instagram,NS,440.0,95.0,44.0,19.0
ALC - Hello Kitty Parade,120242004377040225,OUTCOME_AWARENESS,2026-04-01,5426,4365,1.24307,0,0.0,0.0,1.30094,7.0589,0.0,0,0.0,0.0,0,0.0,0.0,0,0.0,0,0,0,0,0,0,0.0,0,0.0,0,0,0,1735.0,0,0.004069,18.0,0,0,1735.0,0,0.004069,0,0,0,0.0,0,0,0.0,0,0,,,,0.0,threads,NS,239.0,62.0,27.0,16.0
ALC - Hello Kitty Parade,120242004377040225,OUTCOME_AWARENESS,2026-04-01,631,363,1.738292,2,0.316957,0.284956,0.903187,0.569911,0.0,0,0.0,0.0,0,0.0,0.0,0,0.0,0,0,0,0,0,0,0.0,0,0.0,0,0,0,110.0,0,0.005181,0.0,0,0,110.0,0,0.005181,0,0,0,0.0,0,0,0.0,0,0,,,,0.0,whatsapp,NS,43.0,26.0,1.0,1.0
ALC - PROMO MAES 26,120242389174110225,OUTCOME_AWARENESS,2026-04-01,75888,53860,1.408986,90,0.118596,1.462,1.733871,131.58,69.0,0,1.906957,17.0,0,7.74,0.0,0,0.0,0,0,0,0,0,0,0.0,0,0.0,0,0,0,1071.0,0,0.122857,6.0,0,0,1071.0,0,0.122857,0,0,0,0.0,0,0,0.0,0,0,,,,69.0,instagram,NS,132.0,32.0,15.0,9.0
TRAF - PROMO MAES 26,120242389755660225,LINK_CLICKS,2026-04-01,4130,3657,1.129341,42,1.016949,0.162606,1.653624,6.829467,42.0,0,0.162606,4.0,0,1.707367,0.0,0,0.0,0,0,0,0,0,0,0.0,0,0.0,0,0,0,45.0,0,0.151766,0.0,0,0,45.0,0,0.151766,0,0,0,0.0,0,0,0.0,0,0,,,,42.0,facebook,NS,1.0,1.0,,
TRAF - PROMO MAES 26,120242389755660225,LINK_CLICKS,2026-04-01,18337,13077,1.402233,747,4.073731,0.162343,6.613434,121.270533,721.0,0,0.168198,287.0,0,0.422545,0.0,0,0.0,0,0,0,0,0,0,97.0,0,1.250212,0,0,0,5859.0,0,0.020698,108.0,0,0,5859.0,0,0.020698,0,0,0,0.0,0,0,128.0,0,0,,,,721.0,instagram,NS,1127.0,505.0,236.0,137.0
ALC - Hello Kitty Parade,120242004377040225,OUTCOME_AWARENESS,2026-05-01,29915,22561,1.325961,100,0.33428,0.405673,1.356087,40.567336,1.0,0,40.567336,0.0,0,0.0,0.0,0,0.0,0,0,0,0,0,0,0.0,0,0.0,0,0,0,3467.0,0,0.011701,17.0,0,0,3468.0,0,0.011698,0,0,0,0.0,0,0,0.0,0,0,,,,0.0,facebook,NS,315.0,105.0,49.0,33.0
ALC - Hello Kitty Parade,120242004377040225,OUTCOME_AWARENESS,2026-05-01,46869,36423,1.286797,31,0.066142,2.104574,1.392003,65.241798,0.0,0,0.0,0.0,0,0.0,0.0,0,0.0,0,0,0,0,0,0,0.0,0,0.0,0,0,0,2353.0,0,0.027727,35.0,0,0,2353.0,0,0.027727,0,0,0,0.0,0,0,0.0,0,0,,,,0.0,instagram,NS,387.0,102.0,48.0,28.0
ALC - Hello Kitty Parade,120242004377040225,OUTCOME_AWARENESS,2026-05-01,3588,3247,1.10502,0,0.0,0.0,1.338035,4.800868,0.0,0,0.0,0.0,0,0.0,0.0,0,0.0,0,0,0,0,0,0,0.0,0,0.0,0,0,0,951.0,0,0.005048,17.0,0,0,951.0,0,0.005048,0,0,0,0.0,0,0,0.0,0,0,,,,0.0,threads,NS,106.0,21.0,8.0,5.0
ALC - PROMO MAES 26,120242389174110225,OUTCOME_AWARENESS,2026-05-01,186397,134695,1.383845,197,0.105688,1.452437,1.535057,286.13,139.0,0,2.058489,69.0,0,4.146812,0.0,0,0.0,0,0,0,0,0,0,0.0,0,0.0,0,0,0,8371.0,0,0.034181,26.0,0,0,8371.0,0,0.034181,0,0,0,0.0,0,0,0.0,0,0,,,,139.0,instagram,NS,1285.0,337.0,141.0,81.0
TRAF - PROMO MAES 26,120242389755660225,LINK_CLICKS,2026-05-01,25411,18390,1.381784,226,0.889379,0.15943,1.41794,36.031264,227.0,0,0.158728,25.0,0,1.441251,0.0,0,0.0,0,0,0,0,0,0,26.0,0,1.385818,0,0,0,245.0,0,0.147066,0.0,0,0,245.0,0,0.147066,0,0,0,0.0,0,0,41.0,0,0,,,,227.0,facebook,NS,5.0,3.0,2.0,1.0
TRAF - PROMO MAES 26,120242389755660225,LINK_CLICKS,2026-05-01,41499,27240,1.523458,1317,3.17357,0.189171,6.003488,249.138737,1243.0,0,0.200433,571.0,0,0.43632,19.0,0,13.112565,0,0,0,0,0,0,256.0,0,0.973198,0,0,0,11287.0,0,0.022073,189.0,0,0,11287.0,0,0.022073,0,0,0,19.0,0,0,400.0,0,0,,,,1243.0,instagram,NS,2318.0,1016.0,495.0,280.0
ALC - CAMICADO DIA DAS MAES,120242802454760225,OUTCOME_AWARENESS,2026-05-01,37967,31318,1.212306,10,0.026339,5.294,1.394369,52.94,0.0,0,0.0,0.0,0,0.0,0.0,0,0.0,0,0,0,0,0,0,0.0,0,0.0,0,0,0,2495.0,0,0.021218,17.0,0,0,2495.0,0,0.021218,0,0,0,0.0,0,0,0.0,0,0,,,,0.0,instagram,NS,467.0,93.0,36.0,23.0
