campanha,campanha_id,objetivo,data,impressoes,alcance,frequencia,cliques,ctr,cpc,cpm,custo,link_click,valor_link_click,custo_link_click,landing_page_view,valor_landing_page_view,custo_landing_page_view,lead,valor_lead,custo_lead,purchase,valor_purchase,custo_purchase,add_to_cart,valor_add_to_cart,custo_add_to_cart,initiate_checkout,valor_initiate_checkout,custo_initiate_checkout,complete_registration,valor_complete_registration,custo_complete_registration,post_engagement,valor_post_engagement,custo_post_engagement,post_reaction,valor_post_reaction,custo_post_reaction,page_engagement,valor_page_engagement,custo_page_engagement,offsite_conversion.fb_pixel_purchase,valor_offsite_conversion.fb_pixel_purchase,custo_offsite_conversion.fb_pixel_purchase,offsite_conversion.fb_pixel_lead,valor_offsite_conversion.fb_pixel_lead,custo_offsite_conversion.fb_pixel_lead,offsite_conversion.fb_pixel_view_content,valor_offsite_conversion.fb_pixel_view_content,custo_offsite_conversion.fb_pixel_view_content,quality_ranking,engagement_rate_ranking,conversion_rate_ranking,outbound_clicks,shopping,video_p25,video_p50,video_p75,video_p100
ALC Continente Night RUN - Vendas!,120232284160870087,OUTCOME_AWARENESS,2025-11-09,0,0,0.0,0,0.0,0.0,0.0,0.0,0.0,0,0.0,0.0,0,0.0,0.0,0,0.0,0,0,0,0,0,0,0.0,0,0.0,0,0,0,0.0,0,0.0,0.0,0,0,0.0,0,0.0,0,0,0,0.0,0,0,0.0,0,0,UNKNOWN,UNKNOWN,UNKNOWN,0.0,CS,,,,
[TFG] Corrida Story Final,120235177716760087,LINK_CLICKS,2025-11-09,0,0,0.0,0,0.0,0.0,0.0,0.0,0.0,0,0.0,0.0,0,0.0,0.0,0,0.0,0,0,0,0,0,0,0.0,0,0.0,0,0,0,0.0,0,0.0,0.0,0,0,0.0,0,0.0,0,0,0,0.0,0,0,0.0,0,0,UNKNOWN,UNKNOWN,UNKNOWN,0.0,CS,,,,
ALC - NATAL 25,120235302545560087,OUTCOME_AWARENESS,2025-11-09,401337,217208,1.847708,584,0.145514,1.110856,1.616447,648.74,384.0,0,1.689427,0.0,0,0.0,0.0,0,0.0,0,0,0,0,0,0,0.0,0,0.0,0,0,0,2390.0,0,0.271439,80.0,0,0,2391.0,0,0.271326,0,0,0,0.0,0,0,0.0,0,0,UNKNOWN,UNKNOWN,UNKNOWN,383.0,CS,8596.0,2309.0,1234.0,878.0
TRAF - NATAL 25,120235302629640087,LINK_CLICKS,2025-11-09,199039,71588,2.78034,2704,1.358528,0.258003,3.505042,697.64,1840.0,0,0.379152,13.0,0,53.664615,0.0,0,0.0,0,0,0,0,0,0,0.0,0,0.0,0,0,0,8549.0,0,0.081605,305.0,0,0,8550.0,0,0.081595,0,0,0,0.0,0,0,0.0,0,0,UNKNOWN,UNKNOWN,UNKNOWN,1840.0,CS,16489.0,6613.0,3751.0,2498.0
[ALC] Pandora Black Friday,120235312805230087,OUTCOME_AWARENESS,2025-11-09,43287,37979,1.139761,56,0.129369,1.157679,1.497678,64.83,16.0,0,4.051875,0.0,0,0.0,0.0,0,0.0,0,0,0,0,0,0,0.0,0,0.0,0,0,0,1567.0,0,0.041372,4.0,0,0,1567.0,0,0.041372,0,0,0,0.0,0,0,0.0,0,0,UNKNOWN,UNKNOWN,UNKNOWN,16.0,CS,1722.0,651.0,380.0,250.0
[ALC] Promo Nike 30% OFF Nov,120235313060850087,OUTCOME_AWARENESS,2025-11-09,37156,35530,1.045764,45,0.121111,1.198889,1.451986,53.95,22.0,0,2.452273,3.0,0,17.983333,0.0,0,0.0,0,0,0,0,0,0,0.0,0,0.0,0,0,0,1549.0,0,0.034829,5.0,0,0,1550.0,0,0.034806,0,0,0,0.0,0,0,0.0,0,0,UNKNOWN,UNKNOWN,UNKNOWN,22.0,CS,1166.0,431.0,257.0,176.0
[ALC] Curso de Gestantes Nov.,120235518802250087,OUTCOME_AWARENESS,2025-11-09,212078,115886,1.830057,298,0.140514,1.174262,1.650006,349.93,219.0,0,1.597854,25.0,0,13.9972,0.0,0,0.0,0,0,0,0,0,0,0.0,0,0.0,0,0,0,229.0,0,1.528079,10.0,0,0,229.0,0,1.528079,0,0,0,0.0,0,0,0.0,0,0,UNKNOWN,UNKNOWN,UNKNOWN,219.0,CS,,,,
[BF] ALC Riachuelo,120235701472890087,OUTCOME_AWARENESS,2025-11-09,60427,41651,1.450794,74,0.122462,1.349595,1.652738,99.87,54.0,0,1.849444,4.0,0,24.9675,0.0,0,0.0,0,0,0,0,0,0,0.0,0,0.0,0,0,0,73.0,0,1.368082,14.0,0,0,73.0,0,1.368082,0,0,0,0.0,0,0,0.0,0,0,UNKNOWN,UNKNOWN,UNKNOWN,54.0,CS,6.0,2.0,1.0,
[BF] ALC Adcos,120235701675980087,OUTCOME_AWARENESS,2025-11-09,152589,57336,2.661312,204,0.133692,1.225392,1.638257,249.98,81.0,0,3.086173,12.0,0,20.831667,0.0,0,0.0,0,0,0,0,0,0,0.0,0,0.0,0,0,0,115.0,0,2.173739,33.0,0,0,115.0,0,2.173739,0,0,0,0.0,0,0,0.0,0,0,UNKNOWN,UNKNOWN,UNKNOWN,81.0,CS,,,,
[BF] ALC Nike,120235703048250087,OUTCOME_AWARENESS,2025-11-09,94719,79380,1.193235,240,0.253381,0.625,1.583632,150.0,137.0,0,1.094891,30.0,0,5.0,0.0,0,0.0,0,0,0,0,0,0,0.0,0,0.0,0,0,0,152.0,0,0.986842,7.0,0,0,153.0,0,0.980392,0,0,0,0.0,0,0,0.0,0,0,UNKNOWN,UNKNOWN,UNKNOWN,137.0,CS,11.0,2.0,1.0,1.0
[BF] Outlet Aniversário,120235703488080087,OUTCOME_AWARENESS,2025-11-09,55037,51685,1.064854,75,0.136272,1.3324,1.815688,99.93,57.0,0,1.753158,3.0,0,33.31,0.0,0,0.0,0,0,0,0,0,0,0.0,0,0.0,0,0,0,2887.0,0,0.034614,12.0,0,0,2887.0,0,0.034614,0,0,0,0.0,0,0,0.0,0,0,UNKNOWN,UNKNOWN,UNKNOWN,57.0,CS,1244.0,522.0,158.0,99.0
[BF] Outlet Aniversário - 2,120235703619910087,OUTCOME_AWARENESS,2025-11-09,57938,43176,1.341903,37,0.063861,2.700811,1.724775,99.93,3.0,0,33.31,0.0,0,0.0,0.0,0,0.0,0,0,0,0,0,0,0.0,0,0.0,0,0,0,28.0,0,3.568929,7.0,0,0,28.0,0,3.568929,0,0,0,0.0,0,0,0.0,0,0,UNKNOWN,UNKNOWN,UNKNOWN,1.0,CS,23.0,12.0,7.0,5.0
[ALC] Black Friday Gastronomia,120235997770420087,OUTCOME_AWARENESS,2025-11-09,301998,138388,2.182256,974,0.322519,0.513296,1.655475,499.95,562.0,0,0.889591,122.0,0,4.097951,0.0,0,0.0,0,0,0,0,0,0,0.0,0,0.0,0,0,0,747.0,0,0.669277,59.0,0,0,747.0,0,0.669277,0,0,0,0.0,0,0,0.0,0,0,UNKNOWN,UNKNOWN,UNKNOWN,562.0,CS,3.0,1.0,,
[ALC] Black Friday Jóias,120235998038130087,OUTCOME_AWARENESS,2025-11-09,325451,179420,1.813906,424,0.130281,1.179245,1.53633,500.0,271.0,0,1.845018,37.0,0,13.513514,0.0,0,0.0,0,0,0,0,0,0,0.0,0,0.0,0,0,0,1435.0,0,0.348432,60.0,0,0,1435.0,0,0.348432,0,0,0,0.0,0,0,0.0,0,0,UNKNOWN,UNKNOWN,UNKNOWN,271.0,CS,802.0,294.0,173.0,120.0
[ALC] Black Friday Inst.,120236147694890087,OUTCOME_AWARENESS,2025-11-09,580936,269547,2.155231,604,0.10397,1.655629,1.72136,1000.0,391.0,0,2.557545,54.0,0,18.518519,0.0,0,0.0,0,0,0,0,0,0,0.0,0,0.0,0,0,0,19193.0,0,0.052102,53.0,0,0,19193.0,0,0.052102,0,0,0,0.0,0,0,0.0,0,0,UNKNOWN,UNKNOWN,UNKNOWN,390.0,CS,14160.0,5838.0,3412.0,2437.0
[ALC] Spedini,120236148302980087,OUTCOME_AWARENESS,2025-11-09,191662,96422,1.987741,218,0.113742,1.605505,1.826131,350.0,148.0,0,2.364865,22.0,0,15.909091,0.0,0,0.0,0,0,0,0,0,0,0.0,0,0.0,0,0,0,6574.0,0,0.05324,19.0,0,0,6574.0,0,0.05324,0,0,0,0.0,0,0,0.0,0,0,UNKNOWN,UNKNOWN,UNKNOWN,148.0,CS,4924.0,1980.0,1159.0,850.0
[ENG] Post Foto Papai Noel,120236148415870087,OUTCOME_ENGAGEMENT,2025-11-09,74372,47621,1.561748,1016,1.366106,0.344478,4.705938,349.99,184.0,0,1.90212,61.0,0,5.737541,0.0,0,0.0,0,0,0,0,0,0,0.0,0,0.0,0,0,0,28894.0,0,0.012113,1065.0,0,0,28895.0,0,0.012112,0,0,0,0.0,0,0,0.0,0,0,UNKNOWN,UNKNOWN,UNKNOWN,184.0,CS,22662.0,13133.0,8725.0,3356.0
[ENG] Decoração de Natal,120236148469040087,OUTCOME_ENGAGEMENT,2025-11-09,48851,26409,1.849786,1045,2.139158,0.193895,4.147714,202.62,129.0,0,1.570698,43.0,0,4.712093,0.0,0,0.0,0,0,0,0,0,0,0.0,0,0.0,0,0,0,18892.0,0,0.010725,425.0,0,0,18900.0,0,0.010721,0,0,0,0.0,0,0,0.0,0,0,UNKNOWN,UNKNOWN,UNKNOWN,129.0,CS,9448.0,5741.0,3893.0,3278.0
[ALC] Vídeo Promo Natal 25 Sara,120236328658450087,OUTCOME_AWARENESS,2025-11-09,55028,43884,1.253942,62,0.11267,1.538387,1.733299,95.38,38.0,0,2.51,6.0,0,15.896667,0.0,0,0.0,0,0,0,0,0,0,0.0,0,0.0,0,0,0,2229.0,0,0.04279,10.0,0,0,2229.0,0,0.04279,0,0,0,0.0,0,0,0.0,0,0,UNKNOWN,UNKNOWN,UNKNOWN,38.0,CS,252.0,56.0,29.0,11.0
[ENG] Encontro Pet,120236405335330087,OUTCOME_ENGAGEMENT,2025-11-09,17696,10138,1.745512,549,3.102396,0.364153,11.297468,199.92,106.0,0,1.886038,24.0,0,8.33,0.0,0,0.0,0,0,0,0,0,0,0.0,0,0.0,0,0,0,1360.0,0,0.147,1172.0,0,0,1360.0,0,0.147,0,0,0,0.0,0,0,0.0,0,0,UNKNOWN,UNKNOWN,UNKNOWN,106.0,CS,,,,
[TFG] Narbona - Jazz,120236413078750087,LINK_CLICKS,2025-11-09,19731,13793,1.430508,524,2.655719,0.283206,7.52116,148.4,395.0,0,0.375696,125.0,0,1.1872,0.0,0,0.0,0,0,0,0,0,0,0.0,0,0.0,0,0,0,430.0,0,0.345116,32.0,0,0,431.0,0,0.344316,0,0,0,0.0,0,0,0.0,0,0,UNKNOWN,UNKNOWN,UNKNOWN,395.0,CS,,,,
[ALC] Horário Black,120236465660000087,OUTCOME_AWARENESS,2025-11-09,91376,67939,1.344971,161,0.176195,1.238509,2.182192,199.4,87.0,0,2.291954,8.0,0,24.925,0.0,0,0.0,0,0,0,0,0,0,0.0,0,0.0,0,0,0,107.0,0,1.863551,20.0,0,0,107.0,0,1.863551,0,0,0,0.0,0,0,0.0,0,0,UNKNOWN,UNKNOWN,UNKNOWN,87.0,CS,,,,
[ALC] Eventos de Natal,120236497340300087,OUTCOME_AWARENESS,2025-11-09,92525,74242,1.246262,172,0.185896,1.162733,2.16147,199.99,92.0,0,2.173804,12.0,0,16.665833,0.0,0,0.0,0,0,0,0,0,0,0.0,0,0.0,0,0,0,358.0,0,0.558631,29.0,0,0,358.0,0,0.558631,0,0,0,0.0,0,0,0.0,0,0,UNKNOWN,UNKNOWN,UNKNOWN,91.0,CS,246.0,92.0,44.0,22.0
ALC - NATAL 25,120235302545560087,OUTCOME_AWARENESS,2025-12-01,1836984,667667,2.751348,2670,0.145347,0.974236,1.416022,2601.21,1836.0,0,1.416781,4.0,0,650.3025,0.0,0,0.0,0,0,0,0,0,0,0.0,0,0.0,0,0,0,61887.0,0,0.042032,155.0,0,0,61887.0,0,0.042032,0,0,0,0.0,0,0,0.0,0,0,UNKNOWN,UNKNOWN,UNKNOWN,1834.0,CS,37215.0,15326.0,7100.0,4835.0
TRAF - NATAL 25,120235302629640087,LINK_CLICKS,2025-12-01,297821,116748,2.550973,6635,2.227848,0.30819,6.866003,2044.84,4448.0,0,0.459721,25.0,0,81.7936,0.0,0,0.0,0,0,0,0,0,0,0.0,0,0.0,0,0,0,34175.0,0,0.059834,450.0,0,0,34182.0,0,0.059822,0,0,0,0.0,0,0,0.0,0,0,UNKNOWN,UNKNOWN,UNKNOWN,4408.0,CS,17961.0,8619.0,5373.0,3805.0
[ENG] Post Foto Papai Noel,120236148415870087,OUTCOME_ENGAGEMENT,2025-12-01,0,0,0.0,0,0.0,0.0,0.0,0.0,0.0,0,0.0,0.0,0,0.0,0.0,0,0.0,0,0,0,0,0,0,0.0,0,0.0,0,0,0,0.0,0,0.0,0.0,0,0,0.0,0,0.0,0,0,0,0.0,0,0,0.0,0,0,UNKNOWN,UNKNOWN,UNKNOWN,0.0,CS,,,,
[ALC] Agenda de Natal,120236907935260087,OUTCOME_AWARENESS,2025-12-01,187422,126571,1.480766,405,0.21609,0.864025,1.86707,349.93,225.0,0,1.555244,31.0,0,11.288065,0.0,0,0.0,0,0,0,0,0,0,0.0,0,0.0,0,0,0,264.0,0,1.325492,34.0,0,0,264.0,0,1.325492,0,0,0,0.0,0,0,0.0,0,0,UNKNOWN,UNKNOWN,UNKNOWN,225.0,CS,4.0,2.0,1.0,1.0
ALC - NARBONA,120237232905670087,OUTCOME_AWARENESS,2025-12-01,714095,298820,2.389716,1162,0.162723,0.816497,1.328633,948.77,876.0,0,1.083071,117.0,0,8.109145,0.0,0,0.0,0,0,0,0,0,0,0.0,0,0.0,0,0,0,40472.0,0,0.023443,173.0,0,0,40472.0,0,0.023443,0,0,0,0.0,0,0,0.0,0,0,UNKNOWN,UNKNOWN,UNKNOWN,876.0,CS,3367.0,1013.0,582.0,339.0
ALC - Horário final de ano,120237500254090087,OUTCOME_AWARENESS,2025-12-01,765258,291306,2.62699,1710,0.223454,0.550193,1.229429,940.83,1147.0,0,0.820253,114.0,0,8.252895,0.0,0,0.0,0,0,0,0,0,0,0.0,0,0.0,0,0,0,1300.0,0,0.723715,140.0,0,0,1302.0,0,0.722604,0,0,0,0.0,0,0,0.0,0,0,UNKNOWN,UNKNOWN,UNKNOWN,673.0,CS,,,,
TFG - Story Horário Dezembro,120237500542310087,LINK_CLICKS,2025-12-01,125788,53228,2.363192,6137,4.878844,0.057026,2.782221,349.97,5824.0,0,0.060091,1175.0,0,0.297847,0.0,0,0.0,0,0,0,0,0,0,0.0,0,0.0,0,0,0,5980.0,0,0.058523,133.0,0,0,5990.0,0,0.058426,0,0,0,0.0,0,0,0.0,0,0,UNKNOWN,UNKNOWN,UNKNOWN,5824.0,CS,1.0,1.0,1.0,1.0
[ALC] Homem do Sapato - feed,120237652019840087,OUTCOME_AWARENESS,2025-12-01,286493,167062,1.71489,437,0.152534,0.800892,1.221635,349.99,311.0,0,1.12537,33.0,0,10.605758,0.0,0,0.0,0,0,0,0,0,0,0.0,0,0.0,0,0,0,343.0,0,1.020379,29.0,0,0,343.0,0,1.020379,0,0,0,0.0,0,0,0.0,0,0,UNKNOWN,UNKNOWN,UNKNOWN,308.0,CS,,,,
[ALC] Homem do Sapato - Reels,120237652925190087,OUTCOME_AWARENESS,2025-12-01,415185,234015,1.774181,616,0.148368,0.811656,1.204234,499.98,314.0,0,1.592293,35.0,0,14.285143,0.0,0,0.0,0,0,0,0,0,0,0.0,0,0.0,0,0,0,23800.0,0,0.021008,71.0,0,0,23800.0,0,0.021008,0,0,0,0.0,0,0,0.0,0,0,UNKNOWN,UNKNOWN,UNKNOWN,314.0,CS,12399.0,4491.0,2246.0,1163.0
[ALC] Horário dezembro 02,120237943844790087,OUTCOME_AWARENESS,2025-12-01,331149,223722,1.480181,741,0.223766,0.472335,1.056926,350.0,467.0,0,0.749465,82.0,0,4.268293,0.0,0,0.0,0,0,0,0,0,0,0.0,0,0.0,0,0,0,544.0,0,0.643382,67.0,0,0,544.0,0,0.643382,0,0,0,0.0,0,0,0.0,0,0,UNKNOWN,UNKNOWN,UNKNOWN,467.0,CS,,,,
ALC - NATAL 25,120235302545560087,OUTCOME_AWARENESS,2026-01-01,770719,567371,1.358404,1153,0.149601,0.540789,0.809024,623.53,594.0,0,1.049714,1.0,0,623.53,0.0,0,0.0,0,0,0,0,0,0,0.0,0,0.0,0,0,0,38453.0,0,0.016215,90.0,0,0,38453.0,0,0.016215,0,0,0,0.0,0,0,0.0,0,0,UNKNOWN,UNKNOWN,UNKNOWN,592.0,CS,24322.0,9528.0,4803.0,3212.0
TRAF - NATAL 25,120235302629640087,LINK_CLICKS,2026-01-01,72732,32516,2.236807,1990,2.736072,0.233693,6.394022,465.05,1371.0,0,0.339205,38.0,0,12.238158,0.0,0,0.0,0,0,0,0,0,0,0.0,0,0.0,0,0,0,10620.0,0,0.04379,104.0,0,0,10621.0,0,0.043786,0,0,0,0.0,0,0,0.0,0,0,UNKNOWN,UNKNOWN,UNKNOWN,1363.0,CS,8963.0,4794.0,3201.0,2395.0
ALC - NARBONA,120237232905670087,OUTCOME_AWARENESS,2026-01-01,871148,366398,2.3776,1168,0.134076,0.811293,1.087749,947.59,846.0,0,1.120083,118.0,0,8.030424,0.0,0,0.0,0,0,0,0,0,0,0.0,0,0.0,0,0,0,47327.0,0,0.020022,196.0,0,0,47327.0,0,0.020022,0,0,0,0.0,0,0,0.0,0,0,UNKNOWN,UNKNOWN,UNKNOWN,846.0,CS,6087.0,1761.0,993.0,608.0
ALC - Horário final de ano,120237500254090087,OUTCOME_AWARENESS,2026-01-01,0,0,0.0,0,0.0,0.0,0.0,0.0,0.0,0,0.0,0.0,0,0.0,0.0,0,0.0,0,0,0,0,0,0,0.0,0,0.0,0,0,0,0.0,0,0.0,0.0,0,0,0.0,0,0.0,0,0,0,0.0,0,0,0.0,0,0,UNKNOWN,UNKNOWN,UNKNOWN,0.0,CS,,,,
ALC - Capivalley,120238793084460087,OUTCOME_AWARENESS,2026-01-01,930104,456011,2.039653,2154,0.231587,0.500501,1.159096,1078.08,812.0,0,1.327685,109.0,0,9.890642,0.0,0,0.0,0,0,0,0,0,0,0.0,0,0.0,0,0,0,37523.0,0,0.028731,311.0,0,0,37526.0,0,0.028729,0,0,0,0.0,0,0,0.0,0,0,UNKNOWN,UNKNOWN,UNKNOWN,801.0,CS,5280.0,1588.0,820.0,428.0
[ALC] Aniversário Capitu,120238793338590087,OUTCOME_AWARENESS,2026-01-01,321568,237692,1.352877,708,0.220171,0.49435,1.088417,350.0,469.0,0,0.746269,65.0,0,5.384615,0.0,0,0.0,0,0,0,0,0,0,0.0,0,0.0,0,0,0,525.0,0,0.666667,49.0,0,0,527.0,0,0.664137,0,0,0,0.0,0,0,0.0,0,0,UNKNOWN,UNKNOWN,UNKNOWN,469.0,CS,,,,
ALC - LIQUIDA,120238798195590087,OUTCOME_AWARENESS,2026-01-01,976650,645287,1.513513,1108,0.113449,1.353466,1.535494,1499.64,883.0,0,1.698347,136.0,0,11.026765,0.0,0,0.0,0,0,0,0,0,0,0.0,0,0.0,0,0,0,26353.0,0,0.056906,86.0,0,0,26353.0,0,0.056906,0,0,0,0.0,0,0,0.0,0,0,UNKNOWN,UNKNOWN,UNKNOWN,883.0,CS,19690.0,8919.0,5561.0,4067.0
[ALC] Novas Lojas - Vídeo Elisa,120238977169450087,OUTCOME_AWARENESS,2026-01-01,471495,272742,1.728722,543,0.115166,1.086151,1.250872,589.78,368.0,0,1.602663,48.0,0,12.287083,0.0,0,0.0,0,0,0,0,0,0,0.0,0,0.0,0,0,0,19225.0,0,0.030678,76.0,0,0,19225.0,0,0.030678,0,0,0,0.0,0,0,0.0,0,0,UNKNOWN,UNKNOWN,UNKNOWN,367.0,CS,2702.0,711.0,423.0,191.0
[ALC] Video Argentinos,120238977290500087,OUTCOME_AWARENESS,2026-01-01,535987,392226,1.366526,582,0.108585,1.02012,1.107695,593.71,332.0,0,1.788283,87.0,0,6.824253,0.0,0,0.0,0,0,0,0,0,0,0.0,0,0.0,0,0,0,25540.0,0,0.023246,90.0,0,0,25540.0,0,0.023246,0,0,0,0.0,0,0,0.0,0,0,UNKNOWN,UNKNOWN,UNKNOWN,331.0,CS,1261.0,433.0,263.0,178.0
[ALC] Nike 20% OFF - 26/01,120238977576680087,OUTCOME_AWARENESS,2026-01-01,284413,233630,1.217365,265,0.093174,1.131434,1.054206,299.83,144.0,0,2.082153,16.0,0,18.739375,0.0,0,0.0,0,0,0,0,0,0,0.0,0,0.0,0,0,0,9100.0,0,0.032948,30.0,0,0,9100.0,0,0.032948,0,0,0,0.0,0,0,0.0,0,0,UNKNOWN,UNKNOWN,UNKNOWN,143.0,CS,6728.0,2746.0,1636.0,1164.0
[ALC] Volta às aulas,120239008937960087,OUTCOME_AWARENESS,2026-01-01,238574,136015,1.754027,288,0.120717,1.033229,1.247286,297.57,174.0,0,1.710172,24.0,0,12.39875,0.0,0,0.0,0,0,0,0,0,0,0.0,0,0.0,0,0,0,203.0,0,1.465862,26.0,0,0,203.0,0,1.465862,0,0,0,0.0,0,0,0.0,0,0,UNKNOWN,UNKNOWN,UNKNOWN,172.0,CS,,,,
[ALC] Capivalley vídeo,120239017203610087,OUTCOME_AWARENESS,2026-01-01,445554,332618,1.339537,814,0.182694,0.614251,1.122198,500.0,301.0,0,1.66113,44.0,0,11.363636,0.0,0,0.0,0,0,0,0,0,0,0.0,0,0.0,0,0,0,29029.0,0,0.017224,113.0,0,0,29029.0,0,0.017224,0,0,0,0.0,0,0,0.0,0,0,UNKNOWN,UNKNOWN,UNKNOWN,300.0,CS,3972.0,1068.0,572.0,296.0
[ALC] - Video Capivalley 2,120239017296950087,OUTCOME_AWARENESS,2026-01-01,407049,253552,1.605387,2073,0.509275,0.241196,1.228353,500.0,215.0,0,2.325581,40.0,0,12.5,0.0,0,0.0,0,0,0,0,0,0,0.0,0,0.0,0,0,0,40501.0,0,0.012345,274.0,0,0,40503.0,0,0.012345,0,0,0,0.0,0,0,0.0,0,0,UNKNOWN,UNKNOWN,UNKNOWN,214.0,CS,6352.0,2133.0,1076.0,536.0
[ALC] Usaflex liquida,120239017471460087,OUTCOME_AWARENESS,2026-01-01,292146,195041,1.49787,345,0.118092,1.014493,1.198031,350.0,266.0,0,1.315789,22.0,0,15.909091,0.0,0,0.0,0,0,0,0,0,0,0.0,0,0.0,0,0,0,285.0,0,1.22807,17.0,0,0,285.0,0,1.22807,0,0,0,0.0,0,0,0.0,0,0,UNKNOWN,UNKNOWN,UNKNOWN,266.0,CS,,,,
[ALC] Homem do Sapato - promoção,120239017891420087,OUTCOME_AWARENESS,2026-01-01,402414,242300,1.660809,467,0.11605,1.070664,1.242502,500.0,392.0,0,1.27551,47.0,0,10.638298,0.0,0,0.0,0,0,0,0,0,0,0.0,0,0.0,0,0,0,403.0,0,1.240695,11.0,0,0,403.0,0,1.240695,0,0,0,0.0,0,0,0.0,0,0,UNKNOWN,UNKNOWN,UNKNOWN,391.0,CS,,,,
ALC - NARBONA,120237232905670087,OUTCOME_AWARENESS,2026-02-01,224592,166238,1.351027,281,0.125116,0.946157,1.183791,265.87,190.0,0,1.399316,32.0,0,8.308438,0.0,0,0.0,0,0,0,0,0,0,0.0,0,0.0,0,0,0,12222.0,0,0.021753,68.0,0,0,12222.0,0,0.021753,0,0,0,0.0,0,0,0.0,0,0,UNKNOWN,UNKNOWN,UNKNOWN,190.0,CS,1731.0,533.0,294.0,188.0
ALC - Capivalley,120238793084460087,OUTCOME_AWARENESS,2026-02-01,363061,276318,1.313925,1015,0.279567,0.381586,1.06679,387.31,255.0,0,1.518863,35.0,0,11.066,0.0,0,0.0,0,0,0,0,0,0,0.0,0,0.0,0,0,0,23873.0,0,0.016224,131.0,0,0,23874.0,0,0.016223,0,0,0,0.0,0,0,0.0,0,0,UNKNOWN,UNKNOWN,UNKNOWN,254.0,CS,3306.0,979.0,483.0,269.0
[ALC] Novas Lojas - Vídeo Elisa,120238977169450087,OUTCOME_AWARENESS,2026-02-01,265967,209023,1.272429,297,0.111668,1.02633,1.146082,304.82,194.0,0,1.571237,29.0,0,10.511034,0.0,0,0.0,0,0,0,0,0,0,0.0,0,0.0,0,0,0,10169.0,0,0.029975,31.0,0,0,10169.0,0,0.029975,0,0,0,0.0,0,0,0.0,0,0,UNKNOWN,UNKNOWN,UNKNOWN,194.0,CS,1390.0,305.0,188.0,103.0
[ALC] Video Argentinos,120238977290500087,OUTCOME_AWARENESS,2026-02-01,303212,255872,1.185014,363,0.119718,0.83011,0.993793,301.33,184.0,0,1.637663,54.0,0,5.580185,0.0,0,0.0,0,0,0,0,0,0,0.0,0,0.0,0,0,0,14570.0,0,0.020682,48.0,0,0,14571.0,0,0.02068,0,0,0,0.0,0,0,0.0,0,0,UNKNOWN,UNKNOWN,UNKNOWN,184.0,CS,606.0,224.0,125.0,83.0
[ALC] Volta às aulas,120239008937960087,OUTCOME_AWARENESS,2026-02-01,144474,103049,1.401993,156,0.107978,1.06641,1.151487,166.36,81.0,0,2.053827,12.0,0,13.863333,0.0,0,0.0,0,0,0,0,0,0,0.0,0,0.0,0,0,0,115.0,0,1.446609,33.0,0,0,115.0,0,1.446609,0,0,0,0.0,0,0,0.0,0,0,UNKNOWN,UNKNOWN,UNKNOWN,81.0,CS,,,,
[ALC] Carnaval - 02/02,120239471825400087,OUTCOME_AWARENESS,2026-02-01,137479,104474,1.315916,261,0.189847,0.611073,1.160104,159.49,121.0,0,1.318099,14.0,0,11.392143,0.0,0,0.0,0,0,0,0,0,0,0.0,0,0.0,0,0,0,10058.0,0,0.015857,38.0,0,0,10058.0,0,0.015857,0,0,0,0.0,0,0,0.0,0,0,UNKNOWN,UNKNOWN,UNKNOWN,119.0,CS,2408.0,987.0,331.0,191.0
[ALC] Semana do Cinema 2026,120239561692810087,OUTCOME_AWARENESS,2026-02-01,121956,97677,1.248564,229,0.187773,0.682358,1.281282,156.26,149.0,0,1.048725,34.0,0,4.595882,0.0,0,0.0,0,0,0,0,0,0,0.0,0,0.0,0,0,0,184.0,0,0.849239,22.0,0,0,184.0,0,0.849239,0,0,0,0.0,0,0,0.0,0,0,UNKNOWN,UNKNOWN,UNKNOWN,149.0,CS,,,,
[ALC] Bazar anacapri,120239563051420087,OUTCOME_AWARENESS,2026-02-01,95140,80156,1.186935,205,0.215472,0.563073,1.213265,115.43,140.0,0,0.8245,33.0,0,3.497879,0.0,0,0.0,0,0,0,0,0,0,0.0,0,0.0,0,0,0,149.0,0,0.774698,4.0,0,0,149.0,0,0.774698,0,0,0,0.0,0,0,0.0,0,0,UNKNOWN,UNKNOWN,UNKNOWN,140.0,CS,,,,
ALC - NARBONA,120237232905670087,OUTCOME_AWARENESS,2026-02-07,576299,285333,2.019742,686,0.119035,1.013309,1.206197,695.13,447.0,0,1.555101,68.0,0,10.2225,0.0,0,0.0,0,0,0,0,0,0,0.0,0,0.0,0,0,0,30857.0,0,0.022527,129.0,0,0,30857.0,0,0.022527,0,0,0,0.0,0,0,0.0,0,0,UNKNOWN,UNKNOWN,UNKNOWN,447.0,CS,4166.0,1278.0,699.0,440.0
ALC - Capivalley,120238793084460087,OUTCOME_AWARENESS,2026-02-07,464736,335426,1.38551,1661,0.357407,0.32186,1.150352,534.61,322.0,0,1.66028,40.0,0,13.36525,0.0,0,0.0,0,0,0,0,0,0,0.0,0,0.0,0,0,0,35217.0,0,0.01518,190.0,0,0,35220.0,0,0.015179,0,0,0,0.0,0,0,0.0,0,0,UNKNOWN,UNKNOWN,UNKNOWN,320.0,CS,4819.0,1461.0,752.0,410.0
[ALC] Novas Lojas - Vídeo Elisa,120238977169450087,OUTCOME_AWARENESS,2026-02-07,86470,83354,1.037383,99,0.114491,1.063333,1.217416,105.27,72.0,0,1.462083,6.0,0,17.545,0.0,0,0.0,0,0,0,0,0,0,0.0,0,0.0,0,0,0,3096.0,0,0.034002,10.0,0,0,3096.0,0,0.034002,0,0,0,0.0,0,0,0.0,0,0,UNKNOWN,UNKNOWN,UNKNOWN,72.0,CS,476.0,89.0,41.0,17.0
[ALC] Video Argentinos,120238977290500087,OUTCOME_AWARENESS,2026-02-07,98467,91868,1.071831,142,0.144211,0.737465,1.063504,104.72,63.0,0,1.662222,21.0,0,4.986667,0.0,0,0.0,0,0,0,0,0,0,0.0,0,0.0,0,0,0,4753.0,0,0.022032,15.0,0,0,4753.0,0,0.022032,0,0,0,0.0,0,0,0.0,0,0,UNKNOWN,UNKNOWN,UNKNOWN,63.0,CS,206.0,79.0,45.0,37.0
[ALC] Volta às aulas,120239008937960087,OUTCOME_AWARENESS,2026-02-07,28232,25649,1.100706,34,0.120431,1.051471,1.266294,35.75,19.0,0,1.881579,1.0,0,35.75,0.0,0,0.0,0,0,0,0,0,0,0.0,0,0.0,0,0,0,26.0,0,1.375,6.0,0,0,26.0,0,1.375,0,0,0,0.0,0,0,0.0,0,0,UNKNOWN,UNKNOWN,UNKNOWN,19.0,CS,,,,
[ALC] Carnaval - 02/02,120239471825400087,OUTCOME_AWARENESS,2026-02-07,289022,204879,1.410696,480,0.166077,0.709396,1.178146,340.51,311.0,0,1.094887,35.0,0,9.728857,0.0,0,0.0,0,0,0,0,0,0,0.0,0,0.0,0,0,0,7469.0,0,0.04559,38.0,0,0,7469.0,0,0.04559,0,0,0,0.0,0,0,0.0,0,0,UNKNOWN,UNKNOWN,UNKNOWN,299.0,CS,1658.0,672.0,204.0,112.0
[ALC] Semana do Cinema 2026,120239561692810087,OUTCOME_AWARENESS,2026-02-07,273636,205861,1.329227,484,0.176877,0.710207,1.256194,343.74,298.0,0,1.15349,65.0,0,5.288308,0.0,0,0.0,0,0,0,0,0,0,0.0,0,0.0,0,0,0,382.0,0,0.899843,64.0,0,0,383.0,0,0.897493,0,0,0,0.0,0,0,0.0,0,0,UNKNOWN,UNKNOWN,UNKNOWN,296.0,CS,,,,
[ALC] Bazar anacapri,120239563051420087,OUTCOME_AWARENESS,2026-02-07,71228,67263,1.058948,125,0.175493,0.67592,1.186191,84.49,89.0,0,0.949326,19.0,0,4.446842,0.0,0,0.0,0,0,0,0,0,0,0.0,0,0.0,0,0,0,102.0,0,0.828333,10.0,0,0,102.0,0,0.828333,0,0,0,0.0,0,0,0.0,0,0,UNKNOWN,UNKNOWN,UNKNOWN,89.0,CS,,,,
[ALC] Eventos Carnaval,120239751838580087,OUTCOME_AWARENESS,2026-02-07,836354,554514,1.508265,1419,0.169665,0.704715,1.195654,999.99,1004.0,0,0.996006,144.0,0,6.944375,0.0,0,0.0,0,0,0,0,0,0,0.0,0,0.0,0,0,0,14817.0,0,0.067489,103.0,0,0,14817.0,0,0.067489,0,0,0,0.0,0,0,0.0,0,0,UNKNOWN,UNKNOWN,UNKNOWN,996.0,CS,1515.0,347.0,193.0,137.0
[ALC] Eventos de Carnaval,120239828976910087,OUTCOME_ENGAGEMENT,2026-02-07,178741,127093,1.40638,1160,0.648984,0.602586,3.910686,699.0,576.0,0,1.213542,149.0,0,4.691275,0.0,0,0.0,0,0,0,0,0,0,0.0,0,0.0,0,0,0,79993.0,0,0.008738,1145.0,0,0,79993.0,0,0.008738,0,0,0,0.0,0,0,0.0,0,0,UNKNOWN,UNKNOWN,UNKNOWN,567.0,CS,30351.0,12884.0,8055.0,4447.0
[ALC] Musical das capivaras,120239893660110087,OUTCOME_AWARENESS,2026-02-07,266623,258678,1.030714,511,0.191656,0.587084,1.125184,300.0,394.0,0,0.761421,59.0,0,5.084746,0.0,0,0.0,0,0,0,0,0,0,0.0,0,0.0,0,0,0,435.0,0,0.689655,15.0,0,0,435.0,0,0.689655,0,0,0,0.0,0,0,0.0,0,0,UNKNOWN,UNKNOWN,UNKNOWN,394.0,CS,,,,
[ALC] Carnapet Continente Shopping,120239915880680087,OUTCOME_AWARENESS,2026-02-07,127438,123301,1.033552,245,0.19225,0.612082,1.176729,149.96,199.0,0,0.753568,30.0,0,4.998667,0.0,0,0.0,0,0,0,0,0,0,0.0,0,0.0,0,0,0,224.0,0,0.669464,18.0,0,0,224.0,0,0.669464,0,0,0,0.0,0,0,0.0,0,0,UNKNOWN,UNKNOWN,UNKNOWN,199.0,CS,,,,
[ALC] Capivalley - Últimos dias,120240006022760087,OUTCOME_AWARENESS,2026-02-07,419337,327769,1.279367,607,0.144752,0.823723,1.192358,500.0,312.0,0,1.602564,57.0,0,8.77193,0.0,0,0.0,0,0,0,0,0,0,0.0,0,0.0,0,0,0,19835.0,0,0.025208,38.0,0,0,19836.0,0,0.025207,0,0,0,0.0,0,0,0.0,0,0,UNKNOWN,UNKNOWN,UNKNOWN,311.0,CS,4338.0,1040.0,545.0,325.0
ALC - Narbona novos conteúdos,120240054308210087,OUTCOME_AWARENESS,2026-02-07,154969,130172,1.190494,245,0.158096,0.757837,1.198111,185.67,182.0,0,1.020165,93.0,0,1.996452,0.0,0,0.0,0,0,0,0,0,0,0.0,0,0.0,0,0,0,3459.0,0,0.053677,13.0,0,0,3459.0,0,0.053677,0,0,0,0.0,0,0,0.0,0,0,UNKNOWN,UNKNOWN,UNKNOWN,182.0,CS,639.0,170.0,98.0,65.0
TFG - Narbona Site,120240056012140087,LINK_CLICKS,2026-02-07,178975,96477,1.855105,5863,3.275877,0.16783,5.497919,983.99,4256.0,0,0.231201,1078.0,0,0.912792,0.0,0,0.0,0,0,0,0,0,0,0.0,0,0.0,0,0,0,13771.0,0,0.071454,188.0,0,0,13772.0,0,0.071449,0,0,0,0.0,0,0,0.0,0,0,UNKNOWN,UNKNOWN,UNKNOWN,4255.0,CS,3401.0,868.0,580.0,400.0
ALC - Narbona novos conteúdos,120240054308210087,OUTCOME_AWARENESS,2026-03-01,443604,208207,2.130591,704,0.1587,0.768054,1.218902,540.71,457.0,0,1.183173,240.0,0,2.252958,5.0,0,108.142,0,0,0,0,0,0,95.0,0,5.691684,0,0,0,12374.0,0,0.043697,77.0,0,0,12374.0,0,0.043697,0,0,0,5.0,0,0,597.0,0,0,UNKNOWN,UNKNOWN,UNKNOWN,454.0,CS,2313.0,664.0,372.0,201.0
[ALC] Musical K-Pop,120240776590700087,OUTCOME_AWARENESS,2026-03-01,277749,190720,1.456318,480,0.172818,0.729167,1.260131,350.0,315.0,0,1.111111,2.0,0,175.0,0.0,0,0.0,0,0,0,0,0,0,0.0,0,0.0,0,0,0,408.0,0,0.857843,51.0,0,0,408.0,0,0.857843,0,0,0,0.0,0,0,0.0,0,0,UNKNOWN,UNKNOWN,UNKNOWN,315.0,CS,,,,
[ALC] Vídeo musical K-POP,120240907473160087,OUTCOME_AWARENESS,2026-03-01,262754,121218,2.167615,537,0.204374,0.651266,1.331017,349.73,317.0,0,1.103249,23.0,0,15.205652,0.0,0,0.0,0,0,0,0,0,0,0.0,0,0.0,0,0,0,19898.0,0,0.017576,59.0,0,0,19898.0,0,0.017576,0,0,0,0.0,0,0,0.0,0,0,UNKNOWN,UNKNOWN,UNKNOWN,316.0,CS,12456.0,4856.0,2805.0,985.0
[ALC] Vídeo influenciadora - musicais,120240907672990087,OUTCOME_AWARENESS,2026-03-01,365558,244582,1.494623,422,0.11544,1.184716,1.367635,499.95,287.0,0,1.741986,4.0,0,124.9875,0.0,0,0.0,0,0,0,0,0,0,0.0,0,0.0,0,0,0,16843.0,0,0.029683,44.0,0,0,16843.0,0,0.029683,0,0,0,0.0,0,0,0.0,0,0,UNKNOWN,UNKNOWN,UNKNOWN,287.0,CS,2751.0,678.0,368.0,215.0
[ALC] A Menina da Casa Mágica,120241003965020087,OUTCOME_AWARENESS,2026-03-01,336904,217242,1.550824,771,0.228849,0.64847,1.484013,499.97,549.0,0,0.910692,16.0,0,31.248125,0.0,0,0.0,0,0,0,0,0,0,0.0,0,0.0,0,0,0,687.0,0,0.727758,43.0,0,0,688.0,0,0.726701,0,0,0,0.0,0,0,0.0,0,0,UNKNOWN,UNKNOWN,UNKNOWN,547.0,CS,,,,
[ALC] Musical A Menina da Casa Mágica 02,120241004108970087,OUTCOME_AWARENESS,2026-03-01,378437,280918,1.347144,651,0.172023,0.767988,1.321118,499.96,483.0,0,1.035114,13.0,0,38.458462,0.0,0,0.0,0,0,0,0,0,0,0.0,0,0.0,0,0,0,597.0,0,0.837454,51.0,0,0,597.0,0,0.837454,0,0,0,0.0,0,0,0.0,0,0,UNKNOWN,UNKNOWN,UNKNOWN,480.0,CS,,,,
[ALC] Vídeo Gabby,120241170074910087,OUTCOME_AWARENESS,2026-03-01,121263,117300,1.033785,285,0.235026,0.701754,1.649308,200.0,176.0,0,1.136364,10.0,0,20.0,0.0,0,0.0,0,0,0,0,0,0,0.0,0,0.0,0,0,0,10759.0,0,0.018589,21.0,0,0,10759.0,0,0.018589,0,0,0,0.0,0,0,0.0,0,0,UNKNOWN,UNKNOWN,UNKNOWN,175.0,CS,1380.0,334.0,169.0,107.0
[ALC] Campanha de Almoço,120241302239000087,OUTCOME_AWARENESS,2026-03-01,442388,278798,1.586769,837,0.1892,0.955771,1.808322,799.98,613.0,0,1.305024,7.0,0,114.282857,19.0,0,42.104211,0,0,0,0,0,0,265.0,0,3.018792,0,0,0,14322.0,0,0.055857,87.0,0,0,14322.0,0,0.055857,0,0,0,19.0,0,0,1462.0,0,0,UNKNOWN,UNKNOWN,UNKNOWN,609.0,CS,2785.0,1280.0,769.0,283.0
TRAF - FRANQUIAS CS,120241484290580087,LINK_CLICKS,2026-03-01,46083,26179,1.760304,966,2.096218,0.193333,4.052688,186.76,881.0,0,0.211986,11.0,0,16.978182,2.0,0,93.38,0,0,0,0,0,0,4.0,0,46.69,0,0,0,889.0,0,0.210079,7.0,0,0,889.0,0,0.210079,0,0,0,2.0,0,0,23.0,0,0,UNKNOWN,UNKNOWN,UNKNOWN,663.0,CS,,,,
ALC - Narbona novos conteúdos,120240054308210087,OUTCOME_AWARENESS,2026-04-01,530470,241477,2.196772,806,0.151941,0.783387,1.190284,631.41,568.0,0,1.111637,277.0,0,2.279458,20.0,0,31.5705,0,0,0,0,0,0,344.0,0,1.835494,0,0,0,11730.0,0,0.053829,81.0,0,0,11730.0,0,0.053829,0,0,0,20.0,0,0,1280.0,0,0,UNKNOWN,UNKNOWN,UNKNOWN,567.0,CS,2129.0,595.0,333.0,202.0
[ALC] Campanha de Almoço,120241302239000087,OUTCOME_AWARENESS,2026-04-01,159565,84077,1.897844,204,0.127848,0.98049,1.253533,200.02,151.0,0,1.324636,0.0,0,0.0,3.0,0,66.673333,0,0,0,0,0,0,56.0,0,3.571786,0,0,0,2622.0,0,0.076285,29.0,0,0,2622.0,0,0.076285,0,0,0,3.0,0,0,282.0,0,0,UNKNOWN,UNKNOWN,UNKNOWN,151.0,CS,217.0,93.0,50.0,16.0
TRAF - FRANQUIAS CS,120241484290580087,LINK_CLICKS,2026-04-01,231568,91563,2.529057,5309,2.292631,0.190844,4.375345,1013.19,4889.0,0,0.207239,9.0,0,112.576667,5.0,0,202.638,0,0,0,0,0,0,27.0,0,37.525556,0,0,0,4961.0,0,0.204231,58.0,0,0,4962.0,0,0.20419,0,0,0,5.0,0,0,155.0,0,0,UNKNOWN,UNKNOWN,UNKNOWN,3326.0,CS,,,,
ENG - FRANQUIAS CS — Whats,120241860601160087,OUTCOME_ENGAGEMENT,2026-04-01,434646,269181,1.614698,8816,2.028317,0.129501,2.626689,1141.68,8352.0,0,0.136695,4.0,0,285.42,0.0,0,0.0,0,0,0,0,0,0,0.0,0,0.0,0,0,0,8596.0,0,0.132815,228.0,0,0,8600.0,0,0.132753,0,0,0,0.0,0,0,0.0,0,0,UNKNOWN,UNKNOWN,UNKNOWN,2661.0,CS,,,,
[ALC] Horário de funcionamento Páscoa,120241863611910087,OUTCOME_AWARENESS,2026-04-01,132596,95704,1.38548,350,0.26396,0.428543,1.13118,149.99,249.0,0,0.602369,13.0,0,11.537692,0.0,0,0.0,0,0,0,0,0,0,0.0,0,0.0,0,0,0,264.0,0,0.568144,13.0,0,0,264.0,0,0.568144,0,0,0,0.0,0,0,0.0,0,0,UNKNOWN,UNKNOWN,UNKNOWN,249.0,CS,,,,
ALC - PROMO IPHONE,120241864077630087,OUTCOME_AWARENESS,2026-04-01,864515,344333,2.510695,1201,0.138922,0.998884,1.387668,1199.66,923.0,0,1.29974,73.0,0,16.433699,0.0,0,0.0,0,0,0,0,0,0,0.0,0,0.0,0,0,0,24431.0,0,0.049104,54.0,0,0,24431.0,0,0.049104,0,0,0,0.0,0,0,0.0,0,0,UNKNOWN,UNKNOWN,UNKNOWN,918.0,CS,8641.0,2717.0,1605.0,1105.0
TRAF - PROMO IPHONE,120242044707630087,LINK_CLICKS,2026-04-01,187966,44176,4.254935,3162,1.682219,0.158023,2.6583,499.67,2792.0,0,0.178965,844.0,0,0.592026,0.0,0,0.0,0,0,0,0,0,0,0.0,0,0.0,0,0,0,16520.0,0,0.030246,123.0,0,0,16521.0,0,0.030245,0,0,0,0.0,0,0,0.0,0,0,UNKNOWN,UNKNOWN,UNKNOWN,2789.0,CS,2798.0,1155.0,857.0,619.0
ALC - Super Games,120242125799840087,OUTCOME_AWARENESS,2026-04-01,1012272,414136,2.444298,1590,0.157072,0.85366,1.340865,1357.32,1265.0,0,1.07298,28.0,0,48.475714,0.0,0,0.0,0,0,0,0,0,0,0.0,0,0.0,0,0,0,41869.0,0,0.032418,185.0,0,0,41869.0,0,0.032418,0,0,0,0.0,0,0,0.0,0,0,UNKNOWN,UNKNOWN,UNKNOWN,1261.0,CS,18127.0,9571.0,4231.0,1962.0
ALC - CINEPOLIS MJ,120242532204570087,OUTCOME_AWARENESS,2026-04-01,251019,141873,1.769322,315,0.125489,1.110762,1.393879,349.89,247.0,0,1.416559,6.0,0,58.315,0.0,0,0.0,0,0,0,0,0,0,0.0,0,0.0,0,0,0,14033.0,0,0.024933,50.0,0,0,14033.0,0,0.024933,0,0,0,0.0,0,0,0.0,0,0,UNKNOWN,UNKNOWN,UNKNOWN,247.0,CS,1303.0,343.0,155.0,95.0
[ALC] Patrulha Canina Show,120242694123040087,OUTCOME_AWARENESS,2026-04-01,620126,434082,1.428592,1346,0.217053,0.594235,1.289802,799.84,1032.0,0,0.775039,69.0,0,11.591884,0.0,0,0.0,0,0,0,0,0,0,0.0,0,0.0,0,0,0,1184.0,0,0.675541,77.0,0,0,1184.0,0,0.675541,0,0,0,0.0,0,0,0.0,0,0,UNKNOWN,UNKNOWN,UNKNOWN,1030.0,CS,,,,
[ALC] Video Patrulha Canina,120242948000440087,OUTCOME_AWARENESS,2026-04-01,309381,261245,1.184256,698,0.225612,0.716289,1.616033,499.97,430.0,0,1.162721,12.0,0,41.664167,0.0,0,0.0,0,0,0,0,0,0,0.0,0,0.0,0,0,0,24112.0,0,0.020735,89.0,0,0,24114.0,0,0.020734,0,0,0,0.0,0,0,0.0,0,0,UNKNOWN,UNKNOWN,UNKNOWN,430.0,CS,15958.0,4944.0,2807.0,1998.0
ALC - PROMO MAES 26,120243262160690087,OUTCOME_AWARENESS,2026-04-01,83476,62351,1.338808,73,0.08745,1.640137,1.434304,119.73,60.0,0,1.9955,29.0,0,4.128621,0.0,0,0.0,0,0,0,0,0,0,0.0,0,0.0,0,0,0,2904.0,0,0.041229,9.0,0,0,2904.0,0,0.041229,0,0,0,0.0,0,0,0.0,0,0,UNKNOWN,UNKNOWN,UNKNOWN,60.0,CS,724.0,326.0,91.0,57.0
TRAF - PROMO MAES 26,120243262954300087,LINK_CLICKS,2026-04-01,14120,11048,1.278059,610,4.320113,0.22118,9.555241,134.92,581.0,0,0.23222,378.0,0,0.356931,1.0,0,134.92,0,0,0,0,0,0,64.0,0,2.108125,0,0,0,3546.0,0,0.038049,65.0,0,0,3546.0,0,0.038049,0,0,0,1.0,0,0,127.0,0,0,UNKNOWN,UNKNOWN,UNKNOWN,581.0,CS,862.0,392.0,177.0,111.0
ALC - Narbona novos conteúdos,120240054308210087,OUTCOME_AWARENESS,2026-05-01,105361,80750,1.30478,150,0.142368,0.959,1.365306,143.85,99.0,0,1.45303,55.0,0,2.615455,29.0,0,4.960345,0,0,0,0,0,0,162.0,0,0.887963,0,0,0,3553.0,0,0.040487,16.0,0,0,3553.0,0,0.040487,0,0,0,29.0,0,0,497.0,0,0,UNKNOWN,UNKNOWN,UNKNOWN,98.0,CS,654.0,215.0,113.0,63.0
[ALC] Campanha de Almoço,120241302239000087,OUTCOME_AWARENESS,2026-05-01,0,0,0.0,0,0.0,0.0,0.0,0.0,0.0,0,0.0,0.0,0,0.0,0.0,0,0.0,0,0,0,0,0,0,1.0,0,0.0,0,0,0,0.0,0,0.0,0.0,0,0,0.0,0,0.0,0,0,0,0.0,0,0,5.0,0,0,UNKNOWN,UNKNOWN,UNKNOWN,0.0,CS,,,,
ENG - FRANQUIAS CS — Whats,120241860601160087,OUTCOME_ENGAGEMENT,2026-05-01,22777,21214,1.073678,417,1.830794,0.139353,2.551258,58.11,389.0,0,0.149383,0.0,0,0.0,0.0,0,0.0,0,0,0,0,0,0,0.0,0,0.0,0,0,0,404.0,0,0.143837,13.0,0,0,404.0,0,0.143837,0,0,0,0.0,0,0,0.0,0,0,UNKNOWN,UNKNOWN,UNKNOWN,106.0,CS,,,,
ALC - Super Games,120242125799840087,OUTCOME_AWARENESS,2026-05-01,306678,210236,1.458732,451,0.14706,0.96918,1.425273,437.1,363.0,0,1.204132,8.0,0,54.6375,0.0,0,0.0,0,0,0,0,0,0,0.0,0,0.0,0,0,0,14649.0,0,0.029838,55.0,0,0,14649.0,0,0.029838,0,0,0,0.0,0,0,0.0,0,0,UNKNOWN,UNKNOWN,UNKNOWN,363.0,CS,6270.0,3091.0,1407.0,675.0
ALC - PROMO MAES 26,120243262160690087,OUTCOME_AWARENESS,2026-05-01,174845,128053,1.365411,177,0.101233,1.424689,1.442249,252.17,147.0,0,1.715442,82.0,0,3.075244,0.0,0,0.0,0,0,0,0,0,0,0.0,0,0.0,0,0,0,4616.0,0,0.05463,35.0,0,0,4616.0,0,0.05463,0,0,0,0.0,0,0,0.0,0,0,UNKNOWN,UNKNOWN,UNKNOWN,147.0,CS,837.0,237.0,121.0,69.0
TRAF - PROMO MAES 26,120243262954300087,LINK_CLICKS,2026-05-01,26701,18096,1.475519,1464,5.482941,0.165253,9.060709,241.93,1426.0,0,0.169656,997.0,0,0.242658,23.0,0,10.518696,0,0,0,0,0,0,158.0,0,1.531203,0,0,0,9872.0,0,0.024507,229.0,0,0,9872.0,0,0.024507,0,0,0,23.0,0,0,276.0,0,0,UNKNOWN,UNKNOWN,UNKNOWN,1426.0,CS,2686.0,1301.0,783.0,513.0
ALC - PRESENTES MAE,120243695350000087,OUTCOME_AWARENESS,2026-05-01,179180,121848,1.470521,178,0.099341,1.317022,1.308349,234.43,152.0,0,1.542303,2.0,0,117.215,0.0,0,0.0,0,0,0,0,0,0,0.0,0,0.0,0,0,0,177.0,0,1.324463,12.0,0,0,177.0,0,1.324463,0,0,0,0.0,0,0,0.0,0,0,UNKNOWN,UNKNOWN,UNKNOWN,0.0,CS,12.0,7.0,5.0,3.0
ENG - ALBUM DE FIGURINHAS,120243696014400087,OUTCOME_ENGAGEMENT,2026-05-01,12331,10122,1.218238,117,0.948828,0.292735,2.777553,34.25,0.0,0,0.0,0.0,0,0.0,0.0,0,0.0,0,0,0,0,0,0,0.0,0,0.0,0,0,0,4300.0,0,0.007965,96.0,0,0,4300.0,0,0.007965,0,0,0,0.0,0,0,0.0,0,0,UNKNOWN,UNKNOWN,UNKNOWN,0.0,CS,2591.0,1138.0,609.0,322.0
ALC - NATAL 25,120236680754500402,OUTCOME_AWARENESS,2025-11-09,444057,222187,1.998573,661,0.148855,1.049107,1.561646,693.46,470.0,0,1.475447,95.0,0,7.299579,0.0,0,0.0,0,0,0,0,0,0,0.0,0,0.0,0,0,0,3482.0,0,0.199156,75.0,0,0,3482.0,0,0.199156,0,0,0,0.0,0,0,0.0,0,0,UNKNOWN,UNKNOWN,UNKNOWN,470.0,BS,10620.0,3158.0,1761.0,1228.0
Aventura Canina,120237077896970402,LINK_CLICKS,2025-11-09,218006,110916,1.965505,3592,1.647661,0.278288,4.585241,999.61,2938.0,0,0.340235,1346.0,0,0.742652,0.0,0,0.0,0,0,0,0,0,0,0.0,0,0.0,0,0,0,4589.0,0,0.217827,136.0,0,0,4592.0,0,0.217685,0,0,0,0.0,0,0,0.0,0,0,UNKNOWN,UNKNOWN,UNKNOWN,2938.0,BS,2699.0,1397.0,989.0,770.0
Reels Aventura Canina,120237269817780402,LINK_CLICKS,2025-11-09,263380,141213,1.865126,9251,3.512416,0.108096,3.796796,1000.0,5109.0,0,0.195733,2375.0,0,0.421053,0.0,0,0.0,0,0,0,0,0,0,0.0,0,0.0,0,0,0,55178.0,0,0.018123,534.0,0,0,55200.0,0,0.018116,0,0,0,0.0,0,0,0.0,0,0,UNKNOWN,UNKNOWN,UNKNOWN,5104.0,BS,27305.0,13350.0,8557.0,6272.0
TRAF - NATAL 25 - CLIQUES,120237281768620402,LINK_CLICKS,2025-11-09,93529,48991,1.909106,1576,1.685039,0.240089,4.04559,378.38,1424.0,0,0.265716,1103.0,0,0.343046,0.0,0,0.0,0,0,0,0,0,0,0.0,0,0.0,0,0,0,2316.0,0,0.163377,150.0,0,0,2316.0,0,0.163377,0,0,0,0.0,0,0,0.0,0,0,UNKNOWN,UNKNOWN,UNKNOWN,1424.0,BS,401.0,205.0,114.0,77.0
Video Campanha Jeep,120237337357090402,LINK_CLICKS,2025-11-09,67856,49273,1.377144,2202,3.245107,0.197016,6.393392,433.83,1484.0,0,0.292338,564.0,0,0.769202,0.0,0,0.0,0,0,0,0,0,0,0.0,0,0.0,0,0,0,13289.0,0,0.032646,134.0,0,0,13291.0,0,0.032641,0,0,0,0.0,0,0,0.0,0,0,UNKNOWN,UNKNOWN,UNKNOWN,1482.0,BS,4786.0,2234.0,1184.0,579.0
Sessão especial Wicked,120237355221110402,LINK_CLICKS,2025-11-09,66531,43956,1.513582,1088,1.635328,0.321471,5.257098,349.76,814.0,0,0.429681,568.0,0,0.615775,0.0,0,0.0,0,0,0,0,0,0,0.0,0,0.0,0,0,0,1001.0,0,0.349411,76.0,0,0,1003.0,0,0.348714,0,0,0,0.0,0,0,0.0,0,0,UNKNOWN,UNKNOWN,UNKNOWN,814.0,BS,152.0,70.0,47.0,38.0
Vilão Favorito,120237719928760402,LINK_CLICKS,2025-11-09,238182,117268,2.031091,3378,1.418243,0.296033,4.19847,1000.0,2728.0,0,0.366569,820.0,0,1.219512,0.0,0,0.0,0,0,0,0,0,0,0.0,0,0.0,0,0,0,3565.0,0,0.280505,173.0,0,0,3570.0,0,0.280112,0,0,0,0.0,0,0,0.0,0,0,UNKNOWN,UNKNOWN,UNKNOWN,2728.0,BS,1208.0,610.0,430.0,352.0
ALC - NATAL 25,120236680754500402,OUTCOME_AWARENESS,2025-12-01,1330988,532551,2.499269,2561,0.192413,0.660043,1.270011,1690.37,1456.0,0,1.160968,193.0,0,8.758394,0.0,0,0.0,0,0,0,0,0,0,0.0,0,0.0,0,0,0,20918.0,0,0.080809,274.0,0,0,20922.0,0,0.080794,0,0,0,0.0,0,0,0.0,0,0,UNKNOWN,UNKNOWN,UNKNOWN,1423.0,BS,13010.0,4536.0,2182.0,1406.0
TRAF - NATAL 25 - CLIQUES,120237281768620402,LINK_CLICKS,2025-12-01,518248,183794,2.819722,9298,1.794122,0.200426,3.595885,1863.56,8399.0,0,0.221879,3518.0,0,0.529721,0.0,0,0.0,0,0,0,0,0,0,0.0,0,0.0,0,0,0,20770.0,0,0.089724,763.0,0,0,20770.0,0,0.089724,0,0,0,0.0,0,0,0.0,0,0,UNKNOWN,UNKNOWN,UNKNOWN,8394.0,BS,5318.0,2548.0,1625.0,1045.0
Video Campanha Jeep,120237337357090402,LINK_CLICKS,2025-12-01,818,801,1.021223,42,5.134474,0.26619,13.667482,11.18,27.0,0,0.414074,17.0,0,0.657647,0.0,0,0.0,0,0,0,0,0,0,0.0,0,0.0,0,0,0,267.0,0,0.041873,5.0,0,0,267.0,0,0.041873,0,0,0,0.0,0,0,0.0,0,0,UNKNOWN,UNKNOWN,UNKNOWN,27.0,BS,103.0,54.0,35.0,21.0
ALC - Pet Day,120238799202670402,OUTCOME_AWARENESS,2025-12-01,272528,208250,1.308658,299,0.109714,1.672241,1.834674,500.0,238.0,0,2.10084,0.0,0,0.0,0.0,0,0.0,0,0,0,0,0,0,0.0,0,0.0,0,0,0,465.0,0,1.075269,11.0,0,0,465.0,0,1.075269,0,0,0,0.0,0,0,0.0,0,0,UNKNOWN,UNKNOWN,UNKNOWN,1.0,BS,327.0,159.0,96.0,64.0
ALC - Encontro com personagens,120238799625500402,OUTCOME_AWARENESS,2025-12-01,279027,192533,1.449242,368,0.131887,1.358696,1.791941,500.0,299.0,0,1.672241,0.0,0,0.0,0.0,0,0.0,0,0,0,0,0,0,0.0,0,0.0,0,0,0,395.0,0,1.265823,17.0,0,0,395.0,0,1.265823,0,0,0,0.0,0,0,0.0,0,0,UNKNOWN,UNKNOWN,UNKNOWN,0.0,BS,207.0,81.0,61.0,41.0
ENG - PANETONE,120238800303500402,OUTCOME_ENGAGEMENT,2025-12-01,50871,31980,1.590713,141,0.277172,1.772837,4.913802,249.97,82.0,0,3.048415,0.0,0,0.0,0.0,0,0.0,0,0,0,0,0,0,0.0,0,0.0,0,0,0,19024.0,0,0.01314,88.0,0,0,19024.0,0,0.01314,0,0,0,0.0,0,0,0.0,0,0,UNKNOWN,UNKNOWN,UNKNOWN,37.0,BS,14202.0,7402.0,5742.0,2603.0
ALC - NATAL 25,120236680754500402,OUTCOME_AWARENESS,2026-01-01,719982,441453,1.630937,1001,0.139031,0.557842,0.775575,558.4,543.0,0,1.028361,80.0,0,6.98,0.0,0,0.0,0,0,0,0,0,0,0.0,0,0.0,0,0,0,15732.0,0,0.035495,153.0,0,0,15732.0,0,0.035495,0,0,0,0.0,0,0,0.0,0,0,UNKNOWN,UNKNOWN,UNKNOWN,503.0,BS,12861.0,4674.0,2193.0,1426.0
TRAF - NATAL 25 - CLIQUES,120237281768620402,LINK_CLICKS,2026-01-01,177147,99153,1.786603,4227,2.386154,0.122964,2.934117,519.77,3742.0,0,0.138902,1520.0,0,0.341954,0.0,0,0.0,0,0,0,0,0,0,0.0,0,0.0,0,0,0,15815.0,0,0.032866,262.0,0,0,15815.0,0,0.032866,0,0,0,0.0,0,0,0.0,0,0,UNKNOWN,UNKNOWN,UNKNOWN,3741.0,BS,5210.0,2440.0,1486.0,948.0
ALC - Capivalley - CS,120239928434450402,OUTCOME_AWARENESS,2026-01-01,84150,59402,1.416619,147,0.174688,0.550408,0.961497,80.91,85.0,0,0.951882,0.0,0,0.0,0.0,0,0.0,0,0,0,0,0,0,0.0,0,0.0,0,0,0,101.0,0,0.801089,16.0,0,0,101.0,0,0.801089,0,0,0,0.0,0,0,0.0,0,0,UNKNOWN,UNKNOWN,UNKNOWN,85.0,BS,,,,
ALC - LIQUIDA 25,120239970790610402,OUTCOME_AWARENESS,2026-01-01,1531602,819344,1.869303,1438,0.093889,2.08621,1.958714,2999.97,1064.0,0,2.819521,541.0,0,5.545231,0.0,0,0.0,0,0,0,0,0,0,0.0,0,0.0,0,0,0,38740.0,0,0.077439,150.0,0,0,38740.0,0,0.077439,0,0,0,0.0,0,0,0.0,0,0,UNKNOWN,UNKNOWN,UNKNOWN,1048.0,BS,28901.0,12514.0,7651.0,5588.0
ALC - VOLTA AS AULAS,120240233245310402,OUTCOME_AWARENESS,2026-01-01,489254,284270,1.721089,455,0.092999,1.204264,1.11995,547.94,324.0,0,1.691173,0.0,0,0.0,0.0,0,0.0,0,0,0,0,0,0,0.0,0,0.0,0,0,0,14284.0,0,0.03836,57.0,0,0,14284.0,0,0.03836,0,0,0,0.0,0,0,0.0,0,0,UNKNOWN,UNKNOWN,UNKNOWN,0.0,BS,3211.0,633.0,343.0,226.0
ALC - SUMMER,120240233387880402,OUTCOME_AWARENESS,2026-01-01,669400,300755,2.225732,152,0.022707,5.258289,1.193995,799.26,7.0,0,114.18,0.0,0,0.0,0.0,0,0.0,0,0,0,0,0,0,0.0,0,0.0,0,0,0,4505.0,0,0.177416,54.0,0,0,4505.0,0,0.177416,0,0,0,0.0,0,0,0.0,0,0,UNKNOWN,UNKNOWN,UNKNOWN,1.0,BS,19122.0,5705.0,3310.0,2356.0
ALC - VOLTA AS AULAS,120240233245310402,OUTCOME_AWARENESS,2026-02-01,207881,172711,1.203635,162,0.077929,1.190062,0.927406,192.79,117.0,0,1.647778,0.0,0,0.0,0.0,0,0.0,0,0,0,0,0,0,0.0,0,0.0,0,0,0,1210.0,0,0.159331,19.0,0,0,1210.0,0,0.159331,0,0,0,0.0,0,0,0.0,0,0,UNKNOWN,UNKNOWN,UNKNOWN,22.0,BS,281.0,75.0,29.0,23.0
ALC - SUMMER,120240233387880402,OUTCOME_AWARENESS,2026-02-01,260984,193867,1.346201,129,0.049428,2.183488,1.079262,281.67,18.0,0,15.648333,1.0,0,281.67,0.0,0,0.0,0,0,0,0,0,0,0.0,0,0.0,0,0,0,2216.0,0,0.127107,61.0,0,0,2216.0,0,0.127107,0,0,0,0.0,0,0,0.0,0,0,UNKNOWN,UNKNOWN,UNKNOWN,0.0,BS,15448.0,2780.0,1588.0,1088.0
ALC - Semana do Cinema - BS JAN 25,120241101673890402,OUTCOME_AWARENESS,2026-02-01,169585,131503,1.28959,272,0.160392,0.782978,1.25583,212.97,192.0,0,1.109219,114.0,0,1.868158,0.0,0,0.0,0,0,0,0,0,0,0.0,0,0.0,0,0,0,213.0,0,0.999859,14.0,0,0,213.0,0,0.999859,0,0,0,0.0,0,0,0.0,0,0,UNKNOWN,UNKNOWN,UNKNOWN,184.0,BS,,,,
ALC - Inauguração - Shantal,120241101729600402,OUTCOME_AWARENESS,2026-02-01,79895,65736,1.215392,81,0.101383,1.228025,1.245009,99.47,58.0,0,1.715,0.0,0,0.0,0.0,0,0.0,0,0,0,0,0,0,0.0,0,0.0,0,0,0,303.0,0,0.328284,8.0,0,0,303.0,0,0.328284,0,0,0,0.0,0,0,0.0,0,0,UNKNOWN,UNKNOWN,UNKNOWN,2.0,BS,155.0,66.0,30.0,19.0
ALC - Arena Summer Vibes Sephora,120241133287260402,OUTCOME_AWARENESS,2026-02-01,875591,623272,1.40483,1871,0.213684,0.743089,1.587865,1390.32,1040.0,0,1.336846,168.0,0,8.275714,0.0,0,0.0,0,0,0,0,0,0,0.0,0,0.0,0,0,0,74579.0,0,0.018642,293.0,0,0,74578.0,0,0.018643,0,0,0,0.0,0,0,0.0,0,0,UNKNOWN,UNKNOWN,UNKNOWN,553.0,BS,20577.0,8695.0,3559.0,2371.0
TRAF - ARENA SUMMER VIBES SEPHORA,120241256148390402,LINK_CLICKS,2026-02-01,324560,299943,1.082072,404,0.124476,0.898663,1.118622,363.06,328.0,0,1.10689,147.0,0,2.469796,0.0,0,0.0,0,0,0,0,0,0,0.0,0,0.0,0,0,0,3097.0,0,0.11723,8.0,0,0,3097.0,0,0.11723,0,0,0,0.0,0,0,0.0,0,0,UNKNOWN,UNKNOWN,UNKNOWN,328.0,BS,3097.0,1452.0,938.0,728.0
ALC - Carnaval Kids,120241264649820402,OUTCOME_AWARENESS,2026-02-01,40078,39744,1.008404,40,0.099805,1.39075,1.388043,55.63,35.0,0,1.589429,20.0,0,2.7815,0.0,0,0.0,0,0,0,0,0,0,0.0,0,0.0,0,0,0,37.0,0,1.503514,2.0,0,0,37.0,0,1.503514,0,0,0,0.0,0,0,0.0,0,0,UNKNOWN,UNKNOWN,UNKNOWN,35.0,BS,,,,
ALC - VOLTA AS AULAS,120240233245310402,OUTCOME_AWARENESS,2026-02-07,154521,129159,1.196363,125,0.080895,1.32416,1.071181,165.52,89.0,0,1.859775,0.0,0,0.0,0.0,0,0.0,0,0,0,0,0,0,0.0,0,0.0,0,0,0,3411.0,0,0.048525,12.0,0,0,3411.0,0,0.048525,0,0,0,0.0,0,0,0.0,0,0,UNKNOWN,UNKNOWN,UNKNOWN,5.0,BS,781.0,135.0,56.0,33.0
ALC - SUMMER,120240233387880402,OUTCOME_AWARENESS,2026-02-07,710126,384126,1.84868,304,0.042809,2.579145,1.104114,784.06,44.0,0,17.819545,0.0,0,0.0,0.0,0,0.0,0,0,0,0,0,0,0.0,0,0.0,0,0,0,6634.0,0,0.118188,101.0,0,0,6634.0,0,0.118188,0,0,0,0.0,0,0,0.0,0,0,UNKNOWN,UNKNOWN,UNKNOWN,3.0,BS,38007.0,8650.0,4729.0,3275.0
ALC - Semana do Cinema - BS JAN 25,120241101673890402,OUTCOME_AWARENESS,2026-02-07,240774,185796,1.295905,265,0.110062,1.082264,1.191159,286.8,155.0,0,1.850323,2.0,0,143.4,0.0,0,0.0,0,0,0,0,0,0,0.0,0,0.0,0,0,0,186.0,0,1.541935,26.0,0,0,186.0,0,1.541935,0,0,0,0.0,0,0,0.0,0,0,UNKNOWN,UNKNOWN,UNKNOWN,52.0,BS,,,,
ALC - Inauguração - Shantal,120241101729600402,OUTCOME_AWARENESS,2026-02-07,313703,159526,1.966469,306,0.097544,1.190621,1.161385,364.33,119.0,0,3.061597,0.0,0,0.0,0.0,0,0.0,0,0,0,0,0,0,0.0,0,0.0,0,0,0,852.0,0,0.427617,72.0,0,0,852.0,0,0.427617,0,0,0,0.0,0,0,0.0,0,0,UNKNOWN,UNKNOWN,UNKNOWN,30.0,BS,372.0,157.0,67.0,49.0
ALC - Arena Summer Vibes Sephora,120241133287260402,OUTCOME_AWARENESS,2026-02-07,407602,391279,1.041717,780,0.191363,0.781641,1.495773,609.68,561.0,0,1.086774,261.0,0,2.335939,0.0,0,0.0,0,0,0,0,0,0,0.0,0,0.0,0,0,0,17166.0,0,0.035517,89.0,0,0,17109.0,0,0.035635,0,0,0,0.0,0,0,0.0,0,0,UNKNOWN,UNKNOWN,UNKNOWN,561.0,BS,2313.0,697.0,438.0,220.0
TRAF - ARENA SUMMER VIBES SEPHORA,120241256148390402,LINK_CLICKS,2026-02-07,654628,480017,1.36376,735,0.112278,0.866585,0.97298,636.94,627.0,0,1.015853,262.0,0,2.431069,0.0,0,0.0,0,0,0,0,0,0,0.0,0,0.0,0,0,0,4436.0,0,0.143584,4.0,0,0,4436.0,0,0.143584,0,0,0,0.0,0,0,0.0,0,0,UNKNOWN,UNKNOWN,UNKNOWN,626.0,BS,4374.0,2130.0,1395.0,1097.0
ALC - Carnaval Kids,120241264649820402,OUTCOME_AWARENESS,2026-02-07,1543409,862854,1.788726,1911,0.123817,1.017462,1.259789,1944.37,1482.0,0,1.311991,663.0,0,2.932685,0.0,0,0.0,0,0,0,0,0,0,0.0,0,0.0,0,0,0,1600.0,0,1.215231,110.0,0,0,1600.0,0,1.215231,0,0,0,0.0,0,0,0.0,0,0,UNKNOWN,UNKNOWN,UNKNOWN,1409.0,BS,,,,
TRAF - Carnaval,120241501677080402,LINK_CLICKS,2026-02-07,288124,126604,2.275789,3839,1.332412,0.260485,3.470728,1000.0,3341.0,0,0.299312,1517.0,0,0.659196,0.0,0,0.0,0,0,0,0,0,0,0.0,0,0.0,0,0,0,3481.0,0,0.287274,119.0,0,0,3484.0,0,0.287026,0,0,0,0.0,0,0,0.0,0,0,UNKNOWN,UNKNOWN,UNKNOWN,2205.0,BS,,,,
ALC - Ghibli Fest,120242067064510402,OUTCOME_AWARENESS,2026-02-07,112007,84777,1.321196,136,0.121421,0.965956,1.172873,131.37,75.0,0,1.7516,12.0,0,10.9475,0.0,0,0.0,0,0,0,0,0,0,0.0,0,0.0,0,0,0,110.0,0,1.194273,26.0,0,0,110.0,0,1.194273,0,0,0,0.0,0,0,0.0,0,0,UNKNOWN,UNKNOWN,UNKNOWN,48.0,BS,,,,
ALC - Moda Feminina | Verão - AON,120242067169520402,OUTCOME_AWARENESS,2026-02-07,131147,96460,1.3596,89,0.067863,1.771011,1.201857,157.62,55.0,0,2.865818,0.0,0,0.0,0.0,0,0.0,0,0,0,0,0,0,0.0,0,0.0,0,0,0,232.0,0,0.679397,17.0,0,0,232.0,0,0.679397,0,0,0,0.0,0,0,0.0,0,0,UNKNOWN,UNKNOWN,UNKNOWN,8.0,BS,36.0,9.0,3.0,3.0
ALC - Moda Masculina - AON,120242067335900402,OUTCOME_AWARENESS,2026-02-07,105054,75830,1.385388,83,0.079007,1.578916,1.247454,131.05,58.0,0,2.259483,0.0,0,0.0,0.0,0,0.0,0,0,0,0,0,0,0.0,0,0.0,0,0,0,3124.0,0,0.041949,10.0,0,0,3124.0,0,0.041949,0,0,0,0.0,0,0,0.0,0,0,UNKNOWN,UNKNOWN,UNKNOWN,0.0,BS,732.0,140.0,45.0,24.0
ALC - Lojas Corredor Zara,120242067408940402,OUTCOME_AWARENESS,2026-02-07,133179,69338,1.920722,134,0.100616,1.172537,1.179766,157.12,98.0,0,1.603265,2.0,0,78.56,0.0,0,0.0,0,0,0,0,0,0,0.0,0,0.0,0,0,0,7157.0,0,0.021953,19.0,0,0,7157.0,0,0.021953,0,0,0,0.0,0,0,0.0,0,0,UNKNOWN,UNKNOWN,UNKNOWN,0.0,BS,1598.0,674.0,268.0,140.0
ALC - Ghibli Fest,120242067064510402,OUTCOME_AWARENESS,2026-03-01,61993,57927,1.070192,61,0.098398,0.985902,0.97011,60.14,32.0,0,1.879375,0.0,0,0.0,1.0,0,60.14,0,0,0,0,0,0,1.0,0,60.14,0,0,0,43.0,0,1.398605,11.0,0,0,43.0,0,1.398605,0,0,0,1.0,0,0,15.0,0,0,UNKNOWN,UNKNOWN,UNKNOWN,8.0,BS,,,,
ALC - Moda Feminina | Verão - AON,120242067169520402,OUTCOME_AWARENESS,2026-03-01,626604,298631,2.098255,493,0.078678,1.440223,1.13314,710.03,308.0,0,2.305292,0.0,0,0.0,0.0,0,0.0,0,0,0,0,0,0,1.0,0,710.03,0,0,0,2701.0,0,0.262877,62.0,0,0,2701.0,0,0.262877,0,0,0,0.0,0,0,4.0,0,0,UNKNOWN,UNKNOWN,UNKNOWN,83.0,BS,460.0,129.0,76.0,50.0
ALC - Moda Masculina - AON,120242067335900402,OUTCOME_AWARENESS,2026-03-01,485483,240349,2.019909,375,0.077243,1.57688,1.218024,591.33,218.0,0,2.712523,0.0,0,0.0,6.0,0,98.555,0,0,0,0,0,0,61.0,0,9.693934,0,0,0,3316.0,0,0.178326,67.0,0,0,3316.0,0,0.178326,0,0,0,6.0,0,0,370.0,0,0,UNKNOWN,UNKNOWN,UNKNOWN,50.0,BS,599.0,110.0,40.0,28.0
ALC - Lojas Corredor Zara,120242067408940402,OUTCOME_AWARENESS,2026-03-01,580466,288625,2.011142,507,0.087344,1.289862,1.126612,653.96,329.0,0,1.98772,0.0,0,0.0,6.0,0,108.993333,0,0,0,0,0,0,76.0,0,8.604737,0,0,0,28204.0,0,0.023187,84.0,0,0,28204.0,0,0.023187,0,0,0,6.0,0,0,349.0,0,0,UNKNOWN,UNKNOWN,UNKNOWN,2.0,BS,4424.0,1467.0,648.0,392.0
ALC - GASTRONOMIA - BS,120242410811390402,OUTCOME_AWARENESS,2026-03-01,2937278,1104137,2.660248,2607,0.088756,1.488719,1.321322,3881.09,1695.0,0,2.289729,3.0,0,1293.696667,16.0,0,242.568125,0,0,0,0,0,0,288.0,0,13.476007,0,0,0,2042.0,0,1.900632,330.0,0,0,2043.0,0,1.899701,0,0,0,15.0,0,0,1620.0,0,0,UNKNOWN,UNKNOWN,UNKNOWN,506.0,BS,,,,
ALC - MINI DAY SPA,120242455605130402,OUTCOME_AWARENESS,2026-03-01,352921,224021,1.575392,497,0.140825,1.006036,1.416748,500.0,221.0,0,2.262443,1.0,0,500.0,3.0,0,166.666667,0,0,0,0,0,0,37.0,0,13.513514,0,0,0,27240.0,0,0.018355,106.0,0,0,27240.0,0,0.018355,0,0,0,3.0,0,0,215.0,0,0,UNKNOWN,UNKNOWN,UNKNOWN,0.0,BS,1874.0,419.0,195.0,128.0
ALC - UNIZUSHI + DULADU,120242554636430402,OUTCOME_AWARENESS,2026-03-01,760987,313263,2.429227,851,0.111828,1.161504,1.298892,988.44,416.0,0,2.376058,233.0,0,4.242232,0.0,0,0.0,0,0,0,0,0,0,0.0,0,0.0,0,0,0,33733.0,0,0.029302,111.0,0,0,33733.0,0,0.029302,0,0,0,0.0,0,0,0.0,0,0,UNKNOWN,UNKNOWN,UNKNOWN,388.0,BS,5763.0,1490.0,793.0,496.0
ALC - PASSAPORTE ELAS,120242577698480402,OUTCOME_AWARENESS,2026-03-01,611637,476091,1.284706,1051,0.171834,0.951475,1.634957,1000.0,902.0,0,1.108647,0.0,0,0.0,11.0,0,90.909091,0,0,0,0,0,0,137.0,0,7.29927,0,0,0,948.0,0,1.054852,44.0,0,0,948.0,0,1.054852,0,0,0,11.0,0,0,678.0,0,0,UNKNOWN,UNKNOWN,UNKNOWN,900.0,BS,,,,
ALC - Heroínas do K-pop,120243021110970402,OUTCOME_AWARENESS,2026-03-01,1571968,823627,1.908592,2320,0.147586,1.077556,1.590319,2499.93,1684.0,0,1.484519,207.0,0,12.076957,17.0,0,147.054706,0,0,0,0,0,0,238.0,0,10.503908,0,0,0,1978.0,0,1.263868,192.0,0,0,1978.0,0,1.263868,0,0,0,17.0,0,0,1226.0,0,0,UNKNOWN,UNKNOWN,UNKNOWN,603.0,BS,,,,
ALC - PROMO IPHONE,120243347374580402,OUTCOME_AWARENESS,2026-03-01,475627,301124,1.579505,397,0.083469,1.777809,1.483915,705.79,253.0,0,2.789684,2.0,0,352.895,5.0,0,141.158,0,0,0,0,0,0,102.0,0,6.91951,0,0,0,3545.0,0,0.199095,53.0,0,0,3546.0,0,0.199038,0,0,0,5.0,0,0,511.0,0,0,UNKNOWN,UNKNOWN,UNKNOWN,198.0,BS,11517.0,4132.0,2504.0,1755.0
ALC - A casa mágica da Gabby,120243428312700402,OUTCOME_AWARENESS,2026-03-01,235448,178649,1.317936,366,0.155448,0.956284,1.486528,350.0,276.0,0,1.268116,104.0,0,3.365385,0.0,0,0.0,0,0,0,0,0,0,0.0,0,0.0,0,0,0,313.0,0,1.118211,26.0,0,0,313.0,0,1.118211,0,0,0,0.0,0,0,0.0,0,0,UNKNOWN,UNKNOWN,UNKNOWN,222.0,BS,,,,
ALC - Programação para os pequenos no fds,120243505357570402,OUTCOME_AWARENESS,2026-03-01,30654,25648,1.195181,38,0.123964,1.041579,1.291185,39.58,29.0,0,1.364828,0.0,0,0.0,0.0,0,0.0,0,0,0,0,0,0,16.0,0,2.47375,0,0,0,30.0,0,1.319333,1.0,0,0,30.0,0,1.319333,0,0,0,0.0,0,0,50.0,0,0,UNKNOWN,UNKNOWN,UNKNOWN,5.0,BS,,,,
ALC - UNIZUSHI + DULADU,120242554636430402,OUTCOME_AWARENESS,2026-04-01,804839,354601,2.269703,1061,0.131828,0.906909,1.195556,962.23,600.0,0,1.603717,139.0,0,6.922518,0.0,0,0.0,0,0,0,0,0,0,0.0,0,0.0,0,0,0,26775.0,0,0.035938,134.0,0,0,26775.0,0,0.035938,0,0,0,0.0,0,0,0.0,0,0,UNKNOWN,UNKNOWN,UNKNOWN,206.0,BS,4365.0,1206.0,615.0,343.0
ALC - PROMO IPHONE,120243347374580402,OUTCOME_AWARENESS,2026-04-01,1750759,737374,2.374316,1452,0.082935,1.579855,1.31026,2293.95,662.0,0,3.465181,11.0,0,208.540909,29.0,0,79.101724,0,0,0,0,0,0,517.0,0,4.437041,0,0,0,15074.0,0,0.152179,257.0,0,0,15076.0,0,0.152159,0,0,0,29.0,0,0,2136.0,0,0,UNKNOWN,UNKNOWN,UNKNOWN,471.0,BS,54857.0,17498.0,10053.0,6876.0
ALC - Programação para os pequenos no fds,120243505357570402,OUTCOME_AWARENESS,2026-04-01,0,0,0.0,0,0.0,0.0,0.0,0.0,0.0,0,0.0,0.0,0,0.0,0.0,0,0.0,0,0,0,0,0,0,0.0,0,0.0,0,0,0,0.0,0,0.0,0.0,0,0,0.0,0,0.0,0,0,0,0.0,0,0,0.0,0,0,UNKNOWN,UNKNOWN,UNKNOWN,0.0,BS,,,,
TRAF - IPHONE,120244150237280402,LINK_CLICKS,2026-04-01,186776,73333,2.546957,4900,2.623463,0.204057,5.353364,999.88,4583.0,0,0.218172,986.0,0,1.014077,20.0,0,49.994,0,0,0,0,0,0,237.0,0,4.218903,0,0,0,5853.0,0,0.170832,258.0,0,0,5857.0,0,0.170715,0,0,0,20.0,0,0,932.0,0,0,UNKNOWN,UNKNOWN,UNKNOWN,4582.0,BS,1985.0,1000.0,663.0,497.0
ALC -  New in: Louen,120244275580200402,OUTCOME_AWARENESS,2026-04-01,201646,137599,1.465461,157,0.077859,1.550064,1.206867,243.36,103.0,0,2.362718,1.0,0,243.36,6.0,0,40.56,0,0,0,0,0,0,59.0,0,4.124746,0,0,0,123.0,0,1.978537,20.0,0,0,123.0,0,1.978537,0,0,0,6.0,0,0,238.0,0,0,UNKNOWN,UNKNOWN,UNKNOWN,14.0,BS,,,,
ALC - Orion Verso,120244275602510402,OUTCOME_AWARENESS,2026-04-01,98097,68163,1.439153,101,0.102959,1.225545,1.261812,123.78,51.0,0,2.427059,0.0,0,0.0,0.0,0,0.0,0,0,0,0,0,0,34.0,0,3.640588,0,0,0,72.0,0,1.719167,20.0,0,0,72.0,0,1.719167,0,0,0,0.0,0,0,172.0,0,0,UNKNOWN,UNKNOWN,UNKNOWN,12.0,BS,,,,
ALC - LEGUEIROS,120244693276740402,OUTCOME_AWARENESS,2026-04-01,639196,331409,1.928723,852,0.133292,1.06088,1.414073,903.87,682.0,0,1.325323,1.0,0,903.87,11.0,0,82.17,0,0,0,0,0,0,351.0,0,2.575128,0,0,0,807.0,0,1.120037,35.0,0,0,807.0,0,1.120037,0,0,0,11.0,0,0,950.0,0,0,UNKNOWN,UNKNOWN,UNKNOWN,2.0,BS,,,,
ALC - SHOULDER,120244697055620402,OUTCOME_AWARENESS,2026-04-01,262788,132273,1.986709,262,0.0997,1.324771,1.320799,347.09,193.0,0,1.798394,1.0,0,347.09,0.0,0,0.0,0,0,0,0,0,0,0.0,0,0.0,0,0,0,211.0,0,1.644976,17.0,0,0,211.0,0,1.644976,0,0,0,0.0,0,0,0.0,0,0,UNKNOWN,UNKNOWN,UNKNOWN,0.0,BS,,,,
ALC | A menina mágica,120245113213580402,OUTCOME_AWARENESS,2026-04-01,67287,48082,1.399422,114,0.169424,0.749211,1.269339,85.41,96.0,0,0.889688,57.0,0,1.498421,2.0,0,42.705,0,0,0,0,0,0,41.0,0,2.083171,0,0,0,109.0,0,0.783578,6.0,0,0,109.0,0,0.783578,0,0,0,2.0,0,0,85.0,0,0,UNKNOWN,UNKNOWN,UNKNOWN,96.0,BS,,,,
ALC - Golden,120245123572570402,OUTCOME_AWARENESS,2026-04-01,334873,233181,1.436108,418,0.124823,1.196077,1.492984,499.96,319.0,0,1.567273,3.0,0,166.653333,10.0,0,49.996,0,0,0,0,0,0,260.0,0,1.922923,0,0,0,15351.0,0,0.032569,73.0,0,0,15351.0,0,0.032569,0,0,0,10.0,0,0,602.0,0,0,UNKNOWN,UNKNOWN,UNKNOWN,0.0,BS,2874.0,620.0,333.0,144.0
ALC - PROMO MAES,120245581598500402,OUTCOME_AWARENESS,2026-04-01,68317,57129,1.195837,87,0.127348,1.170115,1.490112,101.8,73.0,0,1.394521,12.0,0,8.483333,0.0,0,0.0,0,0,0,0,0,0,67.0,0,1.519403,0,0,0,825.0,0,0.123394,2.0,0,0,825.0,0,0.123394,0,0,0,0.0,0,0,92.0,0,0,UNKNOWN,UNKNOWN,UNKNOWN,43.0,BS,186.0,79.0,28.0,19.0
TRAF - PROMO MAES,120245581807590402,LINK_CLICKS,2026-04-01,13275,10711,1.23938,974,7.3371,0.110144,8.081356,107.28,955.0,0,0.112335,258.0,0,0.415814,0.0,0,0.0,0,0,0,0,0,0,54.0,0,1.986667,0,0,0,5392.0,0,0.019896,86.0,0,0,5392.0,0,0.019896,0,0,0,0.0,0,0,120.0,0,0,UNKNOWN,UNKNOWN,UNKNOWN,955.0,BS,2431.0,1169.0,712.0,498.0
ALC- DIABO VESTE PRADA,120245819470700402,OUTCOME_AWARENESS,2026-04-01,7722,7274,1.061589,20,0.259,0.561,1.452991,11.22,10.0,0,1.122,8.0,0,1.4025,0.0,0,0.0,0,0,0,0,0,0,2.0,0,5.61,0,0,0,544.0,0,0.020625,2.0,0,0,544.0,0,0.020625,0,0,0,0.0,0,0,1.0,0,0,UNKNOWN,UNKNOWN,UNKNOWN,10.0,BS,287.0,137.0,98.0,25.0
ALC - LEGUEIROS,120244693276740402,OUTCOME_AWARENESS,2026-05-01,113497,97917,1.159114,178,0.156832,0.965449,1.514137,171.85,145.0,0,1.185172,1.0,0,171.85,2.0,0,85.925,0,0,0,0,0,0,299.0,0,0.574749,0,0,0,177.0,0,0.970904,10.0,0,0,177.0,0,0.970904,0,0,0,2.0,0,0,294.0,0,0,UNKNOWN,UNKNOWN,UNKNOWN,0.0,BS,,,,
ALC - SHOULDER,120244697055620402,OUTCOME_AWARENESS,2026-05-01,0,0,0.0,0,0.0,0.0,0.0,0.0,0.0,0,0.0,0.0,0,0.0,0.0,0,0.0,0,0,0,0,0,0,0.0,0,0.0,0,0,0,0.0,0,0.0,0.0,0,0,0.0,0,0.0,0,0,0,0.0,0,0,0.0,0,0,UNKNOWN,UNKNOWN,UNKNOWN,0.0,BS,,,,
ALC | A menina mágica,120245113213580402,OUTCOME_AWARENESS,2026-05-01,0,0,0.0,0,0.0,0.0,0.0,0.0,0.0,0,0.0,0.0,0,0.0,0.0,0,0.0,0,0,0,0,0,0,0.0,0,0.0,0,0,0,0.0,0,0.0,0.0,0,0,0.0,0,0.0,0,0,0,0.0,0,0,7.0,0,0,UNKNOWN,UNKNOWN,UNKNOWN,0.0,BS,,,,
ALC - PROMO MAES,120245581598500402,OUTCOME_AWARENESS,2026-05-01,82078,71741,1.144088,80,0.097468,1.486375,1.448744,118.91,64.0,0,1.857969,27.0,0,4.404074,1.0,0,118.91,0,0,0,0,0,0,77.0,0,1.544286,0,0,0,3602.0,0,0.033012,21.0,0,0,3602.0,0,0.033012,0,0,0,1.0,0,0,136.0,0,0,UNKNOWN,UNKNOWN,UNKNOWN,63.0,BS,1051.0,463.0,129.0,87.0
TRAF - PROMO MAES,120245581807590402,LINK_CLICKS,2026-05-01,33303,25844,1.288616,446,1.339219,0.269507,3.609284,120.2,430.0,0,0.279535,282.0,0,0.426241,3.0,0,40.066667,0,0,0,0,0,0,195.0,0,0.61641,0,0,0,491.0,0,0.244807,5.0,0,0,491.0,0,0.244807,0,0,0,3.0,0,0,229.0,0,0,UNKNOWN,UNKNOWN,UNKNOWN,430.0,BS,31.0,11.0,6.0,4.0
ALC- DIABO VESTE PRADA,120245819470700402,OUTCOME_AWARENESS,2026-05-01,57703,49598,1.163414,155,0.268617,0.514968,1.38329,79.82,92.0,0,0.867609,59.0,0,1.352881,2.0,0,39.91,0,0,0,0,0,0,79.0,0,1.01038,0,0,0,4023.0,0,0.019841,26.0,0,0,4023.0,0,0.019841,0,0,0,2.0,0,0,135.0,0,0,UNKNOWN,UNKNOWN,UNKNOWN,92.0,BS,2175.0,1065.0,629.0,145.0
ALC - Gastronomia — AON,120217368581940157,OUTCOME_AWARENESS,2025-11-09,387827,252339,1.536929,376,0.09695,1.766676,1.7128,664.27,236.0,0,2.814703,0.0,0,0.0,0.0,0,0.0,0,0,0,0,0,0,0.0,0,0.0,0,0,0,14861.0,0,0.044699,87.0,0,0,14861.0,0,0.044699,0,0,0,0.0,0,0,0.0,0,0,UNKNOWN,UNKNOWN,UNKNOWN,103.0,NK,4709.0,1551.0,643.0,392.0
ALC - Promo Natal 25,120234188543950157,OUTCOME_AWARENESS,2025-11-09,444681,303384,1.465736,721,0.162139,0.955728,1.549605,689.08,498.0,0,1.383695,0.0,0,0.0,0.0,0,0.0,0,0,0,0,0,0,0.0,0,0.0,0,0,0,2124.0,0,0.324426,54.0,0,0,2124.0,0,0.324426,0,0,0,0.0,0,0,0.0,0,0,UNKNOWN,UNKNOWN,UNKNOWN,352.0,NK,6547.0,1769.0,905.0,570.0
TRAF - Promo Natal 25,120234188664020157,LINK_CLICKS,2025-11-09,218717,80471,2.717961,3311,1.513828,0.209157,3.166283,692.52,2384.0,0,0.290487,806.0,0,0.859206,0.0,0,0.0,0,0,0,0,0,0,0.0,0,0.0,0,0,0,17100.0,0,0.040498,126.0,0,0,17101.0,0,0.040496,0,0,0,0.0,0,0,0.0,0,0,UNKNOWN,UNKNOWN,UNKNOWN,2383.0,NK,31396.0,12791.0,6918.0,4475.0
ALC - Arvore Solidária,120234357546450157,OUTCOME_AWARENESS,2025-11-09,161363,115125,1.401633,176,0.109071,1.554318,1.695308,273.56,133.0,0,2.056842,0.0,0,0.0,0.0,0,0.0,0,0,0,0,0,0,0.0,0,0.0,0,0,0,714.0,0,0.383137,12.0,0,0,714.0,0,0.383137,0,0,0,0.0,0,0,0.0,0,0,UNKNOWN,UNKNOWN,UNKNOWN,0.0,NK,3114.0,992.0,567.0,401.0
ALC - Mercado Shelf,120234830692550157,OUTCOME_AWARENESS,2025-11-09,72106,62589,1.152055,65,0.090145,1.938462,1.747427,126.0,45.0,0,2.8,0.0,0,0.0,0.0,0,0.0,0,0,0,0,0,0,0.0,0,0.0,0,0,0,1911.0,0,0.065934,13.0,0,0,1911.0,0,0.065934,0,0,0,0.0,0,0,0.0,0,0,UNKNOWN,UNKNOWN,UNKNOWN,0.0,NK,508.0,94.0,60.0,36.0
ENG - Decoração Natal,120234835113290157,OUTCOME_ENGAGEMENT,2025-11-09,16603,7237,2.294183,29,0.174667,3.998276,6.983678,115.95,1.0,0,115.95,0.0,0,0.0,0.0,0,0.0,0,0,0,0,0,0,0.0,0,0.0,0,0,0,2187.0,0,0.053018,883.0,0,0,2187.0,0,0.053018,0,0,0,0.0,0,0,0.0,0,0,UNKNOWN,UNKNOWN,UNKNOWN,1.0,NK,498.0,199.0,125.0,74.0
ALC- Black Friday NK,120234972150530157,OUTCOME_AWARENESS,2025-11-09,495032,419121,1.18112,521,0.105246,1.91929,2.01997,999.95,405.0,0,2.469012,0.0,0,0.0,0.0,0,0.0,0,0,0,0,0,0,0.0,0,0.0,0,0,0,1073.0,0,0.93192,34.0,0,0,1073.0,0,0.93192,0,0,0,0.0,0,0,0.0,0,0,UNKNOWN,UNKNOWN,UNKNOWN,250.0,NK,416.0,207.0,104.0,38.0
ALC- Espetáculo de Natal,120235247951700157,OUTCOME_AWARENESS,2025-11-09,515613,515613,1.0,735,0.142549,2.040816,2.909159,1500.0,534.0,0,2.808989,0.0,0,0.0,0.0,0,0.0,0,0,0,0,0,0,0.0,0,0.0,0,0,0,642.0,0,2.336449,51.0,0,0,642.0,0,2.336449,0,0,0,0.0,0,0,0.0,0,0,UNKNOWN,UNKNOWN,UNKNOWN,0.0,NK,13.0,5.0,3.0,2.0
VISUALIZAÇOES - ESPETACULO DE NATAL,120235343099230157,OUTCOME_AWARENESS,2025-11-09,34240,29936,1.143773,253,0.738902,1.976126,14.601636,499.96,190.0,0,2.631368,0.0,0,0.0,0.0,0,0.0,0,0,0,0,0,0,0.0,0,0.0,0,0,0,14827.0,0,0.03372,174.0,0,0,14827.0,0,0.03372,0,0,0,0.0,0,0,0.0,0,0,UNKNOWN,UNKNOWN,UNKNOWN,0.0,NK,9132.0,6068.0,2871.0,2386.0
ALC - Gastronomia — AON,120217368581940157,OUTCOME_AWARENESS,2025-12-01,693253,382073,1.814452,595,0.085827,1.561983,1.340607,929.38,393.0,0,2.364835,0.0,0,0.0,0.0,0,0.0,0,0,0,0,0,0,0.0,0,0.0,0,0,0,24991.0,0,0.037189,77.0,0,0,24991.0,0,0.037189,0,0,0,0.0,0,0,0.0,0,0,UNKNOWN,UNKNOWN,UNKNOWN,20.0,NK,4657.0,1773.0,620.0,401.0
ALC - Promo Natal 25,120234188543950157,OUTCOME_AWARENESS,2025-12-01,1292803,724235,1.78506,1995,0.154316,0.821368,1.267502,1638.63,1401.0,0,1.169615,0.0,0,0.0,0.0,0,0.0,0,0,0,0,0,0,0.0,0,0.0,0,0,0,5062.0,0,0.323712,162.0,0,0,5062.0,0,0.323712,0,0,0,0.0,0,0,0.0,0,0,UNKNOWN,UNKNOWN,UNKNOWN,1213.0,NK,4858.0,1583.0,861.0,540.0
TRAF - Promo Natal 25,120234188664020157,LINK_CLICKS,2025-12-01,394773,118006,3.345364,10964,2.777292,0.149592,4.154615,1640.13,7233.0,0,0.226757,3191.0,0,0.513986,0.0,0,0.0,0,0,0,0,0,0,0.0,0,0.0,0,0,0,62346.0,0,0.026307,484.0,0,0,62357.0,0,0.026302,0,0,0,0.0,0,0,0.0,0,0,UNKNOWN,UNKNOWN,UNKNOWN,7222.0,NK,20604.0,8283.0,4668.0,2384.0
ALC - Arvore Solidária,120234357546450157,OUTCOME_AWARENESS,2025-12-01,149880,138722,1.080434,165,0.110088,1.372242,1.510675,226.42,135.0,0,1.677185,0.0,0,0.0,0.0,0,0.0,0,0,0,0,0,0,0.0,0,0.0,0,0,0,302.0,0,0.749735,4.0,0,0,302.0,0,0.749735,0,0,0,0.0,0,0,0.0,0,0,UNKNOWN,UNKNOWN,UNKNOWN,1.0,NK,16.0,3.0,2.0,2.0
ALC - Mercado Shelf,120234830692550157,OUTCOME_AWARENESS,2025-12-01,114148,84646,1.348534,115,0.100746,1.512609,1.523899,173.95,84.0,0,2.070833,0.0,0,0.0,0.0,0,0.0,0,0,0,0,0,0,0.0,0,0.0,0,0,0,2990.0,0,0.058177,7.0,0,0,2990.0,0,0.058177,0,0,0,0.0,0,0,0.0,0,0,UNKNOWN,UNKNOWN,UNKNOWN,0.0,NK,806.0,139.0,72.0,42.0
ENG - Decoração Natal,120234835113290157,OUTCOME_ENGAGEMENT,2025-12-01,19696,10147,1.941066,36,0.182778,3.548056,6.485073,127.73,3.0,0,42.576667,0.0,0,0.0,0.0,0,0.0,0,0,0,0,0,0,0.0,0,0.0,0,0,0,2571.0,0,0.049681,875.0,0,0,2571.0,0,0.049681,0,0,0,0.0,0,0,0.0,0,0,UNKNOWN,UNKNOWN,UNKNOWN,1.0,NK,597.0,233.0,145.0,85.0
ALC- Black Friday NK,120234972150530157,OUTCOME_AWARENESS,2025-12-01,0,0,0.0,0,0.0,0.0,0.0,0.0,0.0,0,0.0,0.0,0,0.0,0.0,0,0.0,0,0,0,0,0,0,0.0,0,0.0,0,0,0,0.0,0,0.0,0.0,0,0,0.0,0,0.0,0,0,0,0.0,0,0,0.0,0,0,UNKNOWN,UNKNOWN,UNKNOWN,0.0,NK,,,,
ALC- Inauguração Brasileirisse - Empréstimo NR,120235718036840157,OUTCOME_AWARENESS,2025-12-01,83873,82645,1.014859,163,0.194341,0.814294,1.582512,132.73,114.0,0,1.164298,0.0,0,0.0,0.0,0,0.0,0,0,0,0,0,0,0.0,0,0.0,0,0,0,959.0,0,0.138405,13.0,0,0,959.0,0,0.138405,0,0,0,0.0,0,0,0.0,0,0,UNKNOWN,UNKNOWN,UNKNOWN,114.0,NK,689.0,315.0,202.0,147.0
ALC - Natal NR - Empréstimo,120235718224840157,OUTCOME_AWARENESS,2025-12-01,76463,70634,1.082524,149,0.194865,0.802685,1.564155,119.6,49.0,0,2.440816,0.0,0,0.0,0.0,0,0.0,0,0,0,0,0,0,0.0,0,0.0,0,0,0,5501.0,0,0.021742,23.0,0,0,5501.0,0,0.021742,0,0,0,0.0,0,0,0.0,0,0,UNKNOWN,UNKNOWN,UNKNOWN,33.0,NK,1354.0,497.0,245.0,152.0
ALC - Feira Pet,120235844541760157,OUTCOME_AWARENESS,2025-12-01,182205,175189,1.040048,213,0.116901,1.408451,1.646497,300.0,153.0,0,1.960784,0.0,0,0.0,0.0,0,0.0,0,0,0,0,0,0,0.0,0,0.0,0,0,0,189.0,0,1.587302,22.0,0,0,189.0,0,1.587302,0,0,0,0.0,0,0,0.0,0,0,UNKNOWN,UNKNOWN,UNKNOWN,0.0,NK,,,,
ALC - Carrossel das Renas,120236216503990157,OUTCOME_AWARENESS,2025-12-01,330148,258081,1.279242,378,0.114494,1.322725,1.514442,499.99,276.0,0,1.811558,0.0,0,0.0,0.0,0,0.0,0,0,0,0,0,0,0.0,0,0.0,0,0,0,11980.0,0,0.041735,59.0,0,0,11980.0,0,0.041735,0,0,0,0.0,0,0,0.0,0,0,UNKNOWN,UNKNOWN,UNKNOWN,0.0,NK,5469.0,3464.0,1401.0,359.0
ALC - Decoração itens de Natal,120236216543100157,OUTCOME_AWARENESS,2025-12-01,316442,261921,1.208158,367,0.115977,1.362371,1.580037,499.99,258.0,0,1.937946,0.0,0,0.0,0.0,0,0.0,0,0,0,0,0,0,0.0,0,0.0,0,0,0,10462.0,0,0.047791,39.0,0,0,10462.0,0,0.047791,0,0,0,0.0,0,0,0.0,0,0,UNKNOWN,UNKNOWN,UNKNOWN,1.0,NK,1543.0,210.0,107.0,62.0
ALC - LOOKS DE FIM DE ANO,120236217385520157,OUTCOME_AWARENESS,2025-12-01,155036,109820,1.411728,181,0.116747,1.104586,1.289571,199.93,128.0,0,1.561953,0.0,0,0.0,0.0,0,0.0,0,0,0,0,0,0,0.0,0,0.0,0,0,0,5309.0,0,0.037659,15.0,0,0,5309.0,0,0.037659,0,0,0,0.0,0,0,0.0,0,0,UNKNOWN,UNKNOWN,UNKNOWN,0.0,NK,682.0,113.0,56.0,33.0
ALC - Amigo Secreto no NK,120236217481630157,OUTCOME_AWARENESS,2025-12-01,167900,135547,1.238685,283,0.168553,0.883322,1.488862,249.98,175.0,0,1.428457,0.0,0,0.0,0.0,0,0.0,0,0,0,0,0,0,0.0,0,0.0,0,0,0,10797.0,0,0.023153,26.0,0,0,10797.0,0,0.023153,0,0,0,0.0,0,0,0.0,0,0,UNKNOWN,UNKNOWN,UNKNOWN,0.0,NK,321.0,136.0,105.0,41.0
ALC - McDonalds,120236217571610157,OUTCOME_AWARENESS,2025-12-01,153231,109576,1.398399,237,0.154668,0.843544,1.304697,199.92,150.0,0,1.3328,0.0,0,0.0,0.0,0,0.0,0,0,0,0,0,0,0.0,0,0.0,0,0,0,6802.0,0,0.029391,32.0,0,0,6802.0,0,0.029391,0,0,0,0.0,0,0,0.0,0,0,UNKNOWN,UNKNOWN,UNKNOWN,1.0,NK,1434.0,353.0,181.0,84.0
ALC - Arezzo,120236324569710157,OUTCOME_AWARENESS,2025-12-01,231126,165971,1.392569,373,0.161384,0.804236,1.297907,299.98,199.0,0,1.507437,0.0,0,0.0,0.0,0,0.0,0,0,0,0,0,0,0.0,0,0.0,0,0,0,21092.0,0,0.014222,92.0,0,0,21092.0,0,0.014222,0,0,0,0.0,0,0,0.0,0,0,UNKNOWN,UNKNOWN,UNKNOWN,0.0,NK,13701.0,4727.0,2330.0,1616.0
ALC - Gastronomia — AON,120217368581940157,OUTCOME_AWARENESS,2026-01-01,892809,481289,1.855037,550,0.061603,1.682164,1.036269,925.19,292.0,0,3.168459,0.0,0,0.0,0.0,0,0.0,0,0,0,0,0,0,0.0,0,0.0,0,0,0,28785.0,0,0.032141,147.0,0,0,28785.0,0,0.032141,0,0,0,0.0,0,0,0.0,0,0,UNKNOWN,UNKNOWN,UNKNOWN,1.0,NK,6932.0,3060.0,1151.0,731.0
ALC - Promo Natal 25,120234188543950157,OUTCOME_AWARENESS,2026-01-01,751465,645892,1.163453,1055,0.140392,0.584322,0.820344,616.46,727.0,0,0.84795,0.0,0,0.0,0.0,0,0.0,0,0,0,0,0,0,0.0,0,0.0,0,0,0,5072.0,0,0.121542,108.0,0,0,5072.0,0,0.121542,0,0,0,0.0,0,0,0.0,0,0,UNKNOWN,UNKNOWN,UNKNOWN,696.0,NK,2818.0,1035.0,503.0,322.0
TRAF - Promo Natal 25,120234188664020157,LINK_CLICKS,2026-01-01,126359,64539,1.95787,4118,3.258968,0.120204,3.91741,495.0,3336.0,0,0.148381,1826.0,0,0.271084,0.0,0,0.0,0,0,0,0,0,0,0.0,0,0.0,0,0,0,22518.0,0,0.021982,172.0,0,0,22519.0,0,0.021981,0,0,0,0.0,0,0,0.0,0,0,UNKNOWN,UNKNOWN,UNKNOWN,3330.0,NK,7775.0,2639.0,1865.0,1498.0
ALC - Arena Super Games,120236945555570157,OUTCOME_AWARENESS,2026-01-01,1214730,753119,1.612932,1502,0.123649,1.102776,1.363571,1656.37,325.0,0,5.096523,0.0,0,0.0,0.0,0,0.0,0,0,0,0,0,0,0.0,0,0.0,0,0,0,41524.0,0,0.039889,359.0,0,0,41524.0,0,0.039889,0,0,0,0.0,0,0,0.0,0,0,UNKNOWN,UNKNOWN,UNKNOWN,296.0,NK,12296.0,4810.0,1943.0,1270.0
ALC - LIQUIDA,120237106180890157,OUTCOME_AWARENESS,2026-01-01,1525504,1153817,1.322137,1829,0.119895,1.638983,1.965055,2997.7,1297.0,0,2.311257,0.0,0,0.0,0.0,0,0.0,0,0,0,0,0,0,0.0,0,0.0,0,0,0,37987.0,0,0.078914,240.0,0,0,37987.0,0,0.078914,0,0,0,0.0,0,0,0.0,0,0,UNKNOWN,UNKNOWN,UNKNOWN,1276.0,NK,25741.0,10409.0,6213.0,4463.0
ALC - Cinema - AON,120237502551570157,OUTCOME_AWARENESS,2026-01-01,310770,191350,1.624092,347,0.111658,1.032767,1.153168,358.37,108.0,0,3.318241,0.0,0,0.0,0.0,0,0.0,0,0,0,0,0,0,0.0,0,0.0,0,0,0,17271.0,0,0.02075,80.0,0,0,17271.0,0,0.02075,0,0,0,0.0,0,0,0.0,0,0,UNKNOWN,UNKNOWN,UNKNOWN,103.0,NK,43706.0,17475.0,9326.0,6568.0
ALC - Gastronomia — AON,120217368581940157,OUTCOME_AWARENESS,2026-02-01,159868,155936,1.025215,129,0.080692,1.407364,1.135624,181.55,72.0,0,2.521528,0.0,0,0.0,0.0,0,0.0,0,0,0,0,0,0,0.0,0,0.0,0,0,0,5117.0,0,0.03548,24.0,0,0,5117.0,0,0.03548,0,0,0,0.0,0,0,0.0,0,0,UNKNOWN,UNKNOWN,UNKNOWN,1.0,NK,1220.0,488.0,194.0,121.0
ALC - Arena Super Games,120236945555570157,OUTCOME_AWARENESS,2026-02-01,415343,384183,1.081107,461,0.110993,1.107809,1.229586,510.7,29.0,0,17.610345,0.0,0,0.0,0.0,0,0.0,0,0,0,0,0,0,0.0,0,0.0,0,0,0,26791.0,0,0.019062,121.0,0,0,26794.0,0,0.01906,0,0,0,0.0,0,0,0.0,0,0,UNKNOWN,UNKNOWN,UNKNOWN,21.0,NK,6834.0,2526.0,1039.0,637.0
ALC - Cinema - AON,120237502551570157,OUTCOME_AWARENESS,2026-02-01,212792,163604,1.300653,253,0.118895,0.832095,0.989323,210.52,26.0,0,8.096923,0.0,0,0.0,0.0,0,0.0,0,0,0,0,0,0,0.0,0,0.0,0,0,0,11141.0,0,0.018896,87.0,0,0,11141.0,0,0.018896,0,0,0,0.0,0,0,0.0,0,0,UNKNOWN,UNKNOWN,UNKNOWN,19.0,NK,27968.0,11550.0,6976.0,5333.0
ALC - Coleção Boca Rosa Adidas,120238011056000157,OUTCOME_AWARENESS,2026-02-01,17722,14512,1.221196,12,0.067712,1.975833,1.337885,23.71,4.0,0,5.9275,0.0,0,0.0,0.0,0,0.0,0,0,0,0,0,0,0.0,0,0.0,0,0,0,655.0,0,0.036198,5.0,0,0,655.0,0,0.036198,0,0,0,0.0,0,0,0.0,0,0,UNKNOWN,UNKNOWN,UNKNOWN,0.0,NK,260.0,133.0,46.0,28.0
ALC - Oficinas de Carnaval no Neumarkt Shopping,120238012028540157,OUTCOME_AWARENESS,2026-02-01,14978,13864,1.080352,18,0.120176,0.938889,1.128322,16.9,12.0,0,1.408333,0.0,0,0.0,0.0,0,0.0,0,0,0,0,0,0,0.0,0,0.0,0,0,0,13.0,0,1.3,1.0,0,0,13.0,0,1.3,0,0,0,0.0,0,0,0.0,0,0,UNKNOWN,UNKNOWN,UNKNOWN,9.0,NK,,,,
ENG - Conteúdos - Fev,120238024409700157,OUTCOME_ENGAGEMENT,2026-02-01,13908,9560,1.454812,29,0.208513,2.722759,5.677308,78.96,5.0,0,15.792,0.0,0,0.0,0.0,0,0.0,0,0,0,0,0,0,0.0,0,0.0,0,0,0,2117.0,0,0.037298,438.0,0,0,2117.0,0,0.037298,0,0,0,0.0,0,0,0.0,0,0,UNKNOWN,UNKNOWN,UNKNOWN,5.0,NK,1286.0,695.0,434.0,319.0
ALC - Gastronomia — AON,120217368581940157,OUTCOME_AWARENESS,2026-02-07,555632,339608,1.636098,405,0.07289,1.625259,1.184651,658.23,239.0,0,2.7541,0.0,0,0.0,0.0,0,0.0,0,0,0,0,0,0,0.0,0,0.0,0,0,0,19088.0,0,0.034484,90.0,0,0,19088.0,0,0.034484,0,0,0,0.0,0,0,0.0,0,0,UNKNOWN,UNKNOWN,UNKNOWN,1.0,NK,3808.0,1574.0,489.0,313.0
ALC - Arena Super Games,120236945555570157,OUTCOME_AWARENESS,2026-02-07,1047046,729939,1.434429,1316,0.125687,1.012758,1.272905,1332.79,28.0,0,47.599643,0.0,0,0.0,0.0,0,0.0,0,0,0,0,0,0,0.0,0,0.0,0,0,0,64353.0,0,0.020711,310.0,0,0,64354.0,0,0.02071,0,0,0,0.0,0,0,0.0,0,0,UNKNOWN,UNKNOWN,UNKNOWN,14.0,NK,18276.0,6684.0,2606.0,1614.0
ALC - Cinema - AON,120237502551570157,OUTCOME_AWARENESS,2026-02-07,715599,339627,2.107014,1054,0.147289,0.730009,1.075225,769.43,120.0,0,6.411917,0.0,0,0.0,0.0,0,0.0,0,0,0,0,0,0,0.0,0,0.0,0,0,0,34792.0,0,0.022115,292.0,0,0,34797.0,0,0.022112,0,0,0,0.0,0,0,0.0,0,0,UNKNOWN,UNKNOWN,UNKNOWN,112.0,NK,94993.0,35898.0,19817.0,14049.0
ALC - Coleção Boca Rosa Adidas,120238011056000157,OUTCOME_AWARENESS,2026-02-07,130184,75834,1.716697,122,0.093714,1.36918,1.283107,167.04,68.0,0,2.456471,0.0,0,0.0,0.0,0,0.0,0,0,0,0,0,0,0.0,0,0.0,0,0,0,5681.0,0,0.029403,26.0,0,0,5681.0,0,0.029403,0,0,0,0.0,0,0,0.0,0,0,UNKNOWN,UNKNOWN,UNKNOWN,0.0,NK,2140.0,984.0,342.0,193.0
ALC - Oficinas de Carnaval no Neumarkt Shopping,120238012028540157,OUTCOME_AWARENESS,2026-02-07,116772,73120,1.596991,94,0.080499,1.31383,1.057617,123.5,56.0,0,2.205357,0.0,0,0.0,0.0,0,0.0,0,0,0,0,0,0,0.0,0,0.0,0,0,0,67.0,0,1.843284,11.0,0,0,68.0,0,1.816176,0,0,0,0.0,0,0,0.0,0,0,UNKNOWN,UNKNOWN,UNKNOWN,24.0,NK,,,,
ENG - Conteúdos - Fev,120238024409700157,OUTCOME_ENGAGEMENT,2026-02-07,126948,47196,2.689804,229,0.180389,3.053231,5.507688,699.19,40.0,0,17.47975,0.0,0,0.0,0.0,0,0.0,0,0,0,0,0,0,0.0,0,0.0,0,0,0,25096.0,0,0.027861,5279.0,0,0,25096.0,0,0.027861,0,0,0,0.0,0,0,0.0,0,0,UNKNOWN,UNKNOWN,UNKNOWN,40.0,NK,21448.0,11124.0,6820.0,4885.0
ALC - Semana do Cinema,120238152179080157,OUTCOME_AWARENESS,2026-02-07,157485,122372,1.286937,136,0.086357,1.47,1.269454,199.92,81.0,0,2.468148,0.0,0,0.0,0.0,0,0.0,0,0,0,0,0,0,0.0,0,0.0,0,0,0,4783.0,0,0.041798,17.0,0,0,4783.0,0,0.041798,0,0,0,0.0,0,0,0.0,0,0,UNKNOWN,UNKNOWN,UNKNOWN,81.0,NK,1626.0,819.0,207.0,124.0
ALC- Valentine's Day,120238271108280157,OUTCOME_AWARENESS,2026-02-07,71284,56856,1.253764,79,0.110824,1.265063,1.401998,99.94,59.0,0,1.693898,0.0,0,0.0,0.0,0,0.0,0,0,0,0,0,0,0.0,0,0.0,0,0,0,2929.0,0,0.034121,9.0,0,0,2929.0,0,0.034121,0,0,0,0.0,0,0,0.0,0,0,UNKNOWN,UNKNOWN,UNKNOWN,0.0,NK,524.0,97.0,62.0,40.0
ALC - Moda Feminina,120238480775560157,OUTCOME_AWARENESS,2026-02-07,90156,59867,1.505938,42,0.046586,2.534524,1.180731,106.45,1.0,0,106.45,0.0,0,0.0,0.0,0,0.0,0,0,0,0,0,0,0.0,0,0.0,0,0,0,3791.0,0,0.02808,20.0,0,0,3791.0,0,0.02808,0,0,0,0.0,0,0,0.0,0,0,UNKNOWN,UNKNOWN,UNKNOWN,1.0,NK,1501.0,715.0,260.0,146.0
ALC - Feira Pet NK,120238544787450157,OUTCOME_AWARENESS,2026-02-07,188752,129920,1.452833,302,0.159998,0.662252,1.059591,200.0,104.0,0,1.923077,0.0,0,0.0,0.0,0,0.0,0,0,0,0,0,0,0.0,0,0.0,0,0,0,150.0,0,1.333333,41.0,0,0,150.0,0,1.333333,0,0,0,0.0,0,0,0.0,0,0,UNKNOWN,UNKNOWN,UNKNOWN,73.0,NK,,,,
ALC - Promoção Meu Méqui,120238882009230157,OUTCOME_AWARENESS,2026-02-07,15725,15158,1.037406,32,0.203498,0.677813,1.379332,21.69,25.0,0,0.8676,0.0,0,0.0,0.0,0,0.0,0,0,0,0,0,0,0.0,0,0.0,0,0,0,27.0,0,0.803333,0.0,0,0,27.0,0,0.803333,0,0,0,0.0,0,0,0.0,0,0,UNKNOWN,UNKNOWN,UNKNOWN,7.0,NK,,,,
ALC - Poker NK,120238895400210157,OUTCOME_AWARENESS,2026-02-07,27385,22443,1.220202,89,0.324995,0.424494,1.379587,37.78,3.0,0,12.593333,0.0,0,0.0,0.0,0,0.0,0,0,0,0,0,0,0.0,0,0.0,0,0,0,2600.0,0,0.014531,4.0,0,0,2601.0,0,0.014525,0,0,0,0.0,0,0,0.0,0,0,UNKNOWN,UNKNOWN,UNKNOWN,3.0,NK,600.0,206.0,102.0,47.0
ENG - POKER,120238895417590157,OUTCOME_ENGAGEMENT,2026-02-07,4893,3228,1.515799,109,2.227672,0.397156,8.847333,43.29,1.0,0,43.29,0.0,0,0.0,0.0,0,0.0,0,0,0,0,0,0,0.0,0,0.0,0,0,0,1000.0,0,0.04329,382.0,0,0,1000.0,0,0.04329,0,0,0,0.0,0,0,0.0,0,0,UNKNOWN,UNKNOWN,UNKNOWN,0.0,NK,156.0,54.0,34.0,20.0
ALC - General Ly,120238922807440157,OUTCOME_AWARENESS,2026-02-07,18845,16579,1.136679,23,0.122048,1.081304,1.319713,24.87,1.0,0,24.87,0.0,0,0.0,0.0,0,0.0,0,0,0,0,0,0,0.0,0,0.0,0,0,0,1580.0,0,0.015741,4.0,0,0,1580.0,0,0.015741,0,0,0,0.0,0,0,0.0,0,0,UNKNOWN,UNKNOWN,UNKNOWN,0.0,NK,135.0,43.0,27.0,16.0
ALC - Exposição Telomar,120238922924330157,OUTCOME_AWARENESS,2026-02-07,18059,18059,1.0,1,0.005537,24.35,1.348358,24.35,0.0,0,0.0,0.0,0,0.0,0.0,0,0.0,0,0,0,0,0,0,0.0,0,0.0,0,0,0,752.0,0,0.03238,1.0,0,0,752.0,0,0.03238,0,0,0,0.0,0,0,0.0,0,0,UNKNOWN,UNKNOWN,UNKNOWN,0.0,NK,155.0,41.0,23.0,17.0
ALC - Legueiros,120238935282320157,OUTCOME_AWARENESS,2026-02-07,53514,49180,1.088125,56,0.104646,1.172321,1.226782,65.65,33.0,0,1.989394,0.0,0,0.0,0.0,0,0.0,0,0,0,0,0,0,0.0,0,0.0,0,0,0,38.0,0,1.727632,4.0,0,0,38.0,0,1.727632,0,0,0,0.0,0,0,0.0,0,0,UNKNOWN,UNKNOWN,UNKNOWN,19.0,NK,,,,
ALC - Gastronomia — AON,120217368581940157,OUTCOME_AWARENESS,2026-03-01,415747,278069,1.495122,338,0.081299,1.482012,1.204867,500.92,222.0,0,2.256396,0.0,0,0.0,0.0,0,0.0,0,0,0,0,0,0,0.0,0,0.0,0,0,0,16477.0,0,0.030401,53.0,0,0,16477.0,0,0.030401,0,0,0,0.0,0,0,0.0,0,0,UNKNOWN,UNKNOWN,UNKNOWN,0.0,NK,2727.0,957.0,405.0,250.0
ALC - Cinema - AON,120237502551570157,OUTCOME_AWARENESS,2026-03-01,411376,228424,1.800932,660,0.160437,0.668985,1.0733,441.53,96.0,0,4.599271,28.0,0,15.768929,0.0,0,0.0,0,0,0,0,0,0,0.0,0,0.0,0,0,0,40031.0,0,0.01103,231.0,0,0,40033.0,0,0.011029,0,0,0,0.0,0,0,0.0,0,0,UNKNOWN,UNKNOWN,UNKNOWN,93.0,NK,99526.0,40425.0,23283.0,17209.0
ALC - Moda Feminina,120238480775560157,OUTCOME_AWARENESS,2026-03-01,116570,73756,1.580482,33,0.028309,4.348485,1.23102,143.5,1.0,0,143.5,0.0,0,0.0,0.0,0,0.0,0,0,0,0,0,0,0.0,0,0.0,0,0,0,4865.0,0,0.029496,36.0,0,0,4865.0,0,0.029496,0,0,0,0.0,0,0,0.0,0,0,UNKNOWN,UNKNOWN,UNKNOWN,1.0,NK,1836.0,844.0,305.0,182.0
ALC - Promoção Meu Méqui,120238882009230157,OUTCOME_AWARENESS,2026-03-01,54617,40495,1.348734,102,0.186755,0.606961,1.13353,61.91,83.0,0,0.745904,0.0,0,0.0,0.0,0,0.0,0,0,0,0,0,0,0.0,0,0.0,0,0,0,86.0,0,0.719884,2.0,0,0,86.0,0,0.719884,0,0,0,0.0,0,0,0.0,0,0,UNKNOWN,UNKNOWN,UNKNOWN,26.0,NK,,,,
ALC - Poker NK,120238895400210157,OUTCOME_AWARENESS,2026-03-01,32275,25559,1.262765,64,0.198296,0.549063,1.088768,35.14,2.0,0,17.57,0.0,0,0.0,0.0,0,0.0,0,0,0,0,0,0,0.0,0,0.0,0,0,0,2479.0,0,0.014175,6.0,0,0,2479.0,0,0.014175,0,0,0,0.0,0,0,0.0,0,0,UNKNOWN,UNKNOWN,UNKNOWN,0.0,NK,624.0,215.0,99.0,47.0
ENG - POKER,120238895417590157,OUTCOME_ENGAGEMENT,2026-03-01,6905,4488,1.538547,85,1.230992,0.473882,5.833454,40.28,1.0,0,40.28,0.0,0,0.0,0.0,0,0.0,0,0,0,0,0,0,0.0,0,0.0,0,0,0,1042.0,0,0.038656,319.0,0,0,1042.0,0,0.038656,0,0,0,0.0,0,0,0.0,0,0,UNKNOWN,UNKNOWN,UNKNOWN,0.0,NK,201.0,80.0,52.0,33.0
ALC - General Ly,120238922807440157,OUTCOME_AWARENESS,2026-03-01,252869,114518,2.208116,358,0.141575,0.881536,1.248038,315.59,14.0,0,22.542143,0.0,0,0.0,0.0,0,0.0,0,0,0,0,0,0,0.0,0,0.0,0,0,0,22804.0,0,0.013839,76.0,0,0,22804.0,0,0.013839,0,0,0,0.0,0,0,0.0,0,0,UNKNOWN,UNKNOWN,UNKNOWN,1.0,NK,1763.0,494.0,301.0,173.0
ALC - Exposição Telomar,120238922924330157,OUTCOME_AWARENESS,2026-03-01,217058,113535,1.911816,67,0.030867,4.005672,1.236444,268.38,1.0,0,268.38,0.0,0,0.0,0.0,0,0.0,0,0,0,0,0,0,0.0,0,0.0,0,0,0,10733.0,0,0.025005,38.0,0,0,10733.0,0,0.025005,0,0,0,0.0,0,0,0.0,0,0,UNKNOWN,UNKNOWN,UNKNOWN,1.0,NK,2275.0,694.0,381.0,251.0
ALC - Legueiros,120238935282320157,OUTCOME_AWARENESS,2026-03-01,1321255,522061,2.530844,1401,0.106036,1.229993,1.30423,1723.22,953.0,0,1.808206,2.0,0,861.61,0.0,0,0.0,0,0,0,0,0,0,0.0,0,0.0,0,0,0,13965.0,0,0.123396,166.0,0,0,13965.0,0,0.123396,0,0,0,0.0,0,0,0.0,0,0,UNKNOWN,UNKNOWN,UNKNOWN,101.0,NK,1734.0,382.0,193.0,131.0
ALC - Semana do Consumidor,120239316518760157,OUTCOME_AWARENESS,2026-03-01,688156,441039,1.560306,523,0.076,1.911893,1.453043,999.92,77.0,0,12.985974,1.0,0,999.92,0.0,0,0.0,0,0,0,0,0,0,0.0,0,0.0,0,0,0,28520.0,0,0.03506,120.0,0,0,28520.0,0,0.03506,0,0,0,0.0,0,0,0.0,0,0,UNKNOWN,UNKNOWN,UNKNOWN,76.0,NK,3279.0,692.0,365.0,245.0
ALC - Páscoa,120239362078700157,OUTCOME_AWARENESS,2026-03-01,180363,106849,1.688018,241,0.133619,0.983361,1.313961,236.99,14.0,0,16.927857,1.0,0,236.99,0.0,0,0.0,0,0,0,0,0,0,0.0,0,0.0,0,0,0,8488.0,0,0.027921,52.0,0,0,8488.0,0,0.027921,0,0,0,0.0,0,0,0.0,0,0,UNKNOWN,UNKNOWN,UNKNOWN,8.0,NK,840.0,295.0,170.0,118.0
ALC - Agenda de março,120239404690950157,OUTCOME_AWARENESS,2026-03-01,134096,78675,1.70443,140,0.104403,1.287,1.343664,180.18,109.0,0,1.653028,0.0,0,0.0,0.0,0,0.0,0,0,0,0,0,0,0.0,0,0.0,0,0,0,111.0,0,1.623243,1.0,0,0,111.0,0,1.623243,0,0,0,0.0,0,0,0.0,0,0,UNKNOWN,UNKNOWN,UNKNOWN,37.0,NK,,,,
ALC - Crepusculo,120239513135660157,OUTCOME_AWARENESS,2026-03-01,257366,129136,1.992984,95,0.036912,3.684105,1.359892,349.99,13.0,0,26.922308,2.0,0,174.995,0.0,0,0.0,0,0,0,0,0,0,0.0,0,0.0,0,0,0,7771.0,0,0.045038,67.0,0,0,7771.0,0,0.045038,0,0,0,0.0,0,0,0.0,0,0,UNKNOWN,UNKNOWN,UNKNOWN,13.0,NK,3345.0,2004.0,626.0,398.0
ALC - L’Occitane,120239890293650157,OUTCOME_AWARENESS,2026-03-01,50752,35953,1.411621,29,0.057141,2.476207,1.41492,71.81,6.0,0,11.968333,0.0,0,0.0,0.0,0,0.0,0,0,0,0,0,0,0.0,0,0.0,0,0,0,2577.0,0,0.027866,7.0,0,0,2577.0,0,0.027866,0,0,0,0.0,0,0,0.0,0,0,UNKNOWN,UNKNOWN,UNKNOWN,2.0,NK,669.0,217.0,73.0,45.0
ACL - Outuno,120239890390310157,OUTCOME_AWARENESS,2026-03-01,70994,56356,1.259742,87,0.122546,1.162184,1.424205,101.11,3.0,0,33.703333,1.0,0,101.11,0.0,0,0.0,0,0,0,0,0,0,0.0,0,0.0,0,0,0,3060.0,0,0.033042,15.0,0,0,3060.0,0,0.033042,0,0,0,0.0,0,0,0.0,0,0,UNKNOWN,UNKNOWN,UNKNOWN,3.0,NK,476.0,180.0,117.0,47.0
ALC - Camiseta BR Centauro,120239896037880157,OUTCOME_AWARENESS,2026-03-01,98332,65396,1.503639,264,0.268478,0.526098,1.41246,138.89,4.0,0,34.7225,0.0,0,0.0,0.0,0,0.0,0,0,0,0,0,0,0.0,0,0.0,0,0,0,6906.0,0,0.020112,39.0,0,0,6906.0,0,0.020112,0,0,0,0.0,0,0,0.0,0,0,UNKNOWN,UNKNOWN,UNKNOWN,2.0,NK,9386.0,4041.0,2449.0,1661.0
ALC - Foot Wear,120239902813790157,OUTCOME_AWARENESS,2026-03-01,174640,111869,1.561112,126,0.072148,1.98373,1.43123,249.95,8.0,0,31.24375,1.0,0,249.95,0.0,0,0.0,0,0,0,0,0,0,0.0,0,0.0,0,0,0,8232.0,0,0.030363,25.0,0,0,8232.0,0,0.030363,0,0,0,0.0,0,0,0.0,0,0,UNKNOWN,UNKNOWN,UNKNOWN,6.0,NK,2935.0,1140.0,397.0,243.0
ALC - Tommy Hilfeger,120239902864470157,OUTCOME_AWARENESS,2026-03-01,72606,48968,1.482723,37,0.05096,2.790811,1.422197,103.26,1.0,0,103.26,0.0,0,0.0,0.0,0,0.0,0,0,0,0,0,0,0.0,0,0.0,0,0,0,5500.0,0,0.018775,28.0,0,0,5500.0,0,0.018775,0,0,0,0.0,0,0,0.0,0,0,UNKNOWN,UNKNOWN,UNKNOWN,0.0,NK,3462.0,1163.0,581.0,298.0
ALC - Tour pelo NK,120239934055580157,OUTCOME_AWARENESS,2026-03-01,39398,27455,1.435003,38,0.096452,1.525,1.470887,57.95,2.0,0,28.975,0.0,0,0.0,0.0,0,0.0,0,0,0,0,0,0,0.0,0,0.0,0,0,0,2394.0,0,0.024206,5.0,0,0,2394.0,0,0.024206,0,0,0,0.0,0,0,0.0,0,0,UNKNOWN,UNKNOWN,UNKNOWN,0.0,NK,48.0,25.0,23.0,19.0
ENG - Corrida NK,120239980952960157,OUTCOME_ENGAGEMENT,2026-03-01,11102,6821,1.627621,14,0.126103,3.896429,4.913529,54.55,3.0,0,18.183333,1.0,0,54.55,0.0,0,0.0,0,0,0,0,0,0,0.0,0,0.0,0,0,0,1346.0,0,0.040527,390.0,0,0,1346.0,0,0.040527,0,0,0,0.0,0,0,0.0,0,0,UNKNOWN,UNKNOWN,UNKNOWN,3.0,NK,92.0,52.0,26.0,18.0
ALC - Filme Super Mário,120240044542830157,OUTCOME_AWARENESS,2026-03-01,70164,55830,1.256744,96,0.136822,1.036458,1.418106,99.5,2.0,0,49.75,0.0,0,0.0,0.0,0,0.0,0,0,0,0,0,0,0.0,0,0.0,0,0,0,6642.0,0,0.01498,31.0,0,0,6642.0,0,0.01498,0,0,0,0.0,0,0,0.0,0,0,UNKNOWN,UNKNOWN,UNKNOWN,0.0,NK,489.0,128.0,68.0,41.0
TRAF - FRANQUIAS,120240045624670157,LINK_CLICKS,2026-03-01,50563,30766,1.64347,1115,2.20517,0.199767,4.405197,222.74,1028.0,0,0.216673,694.0,0,0.320951,0.0,0,0.0,0,0,0,0,0,0,5.0,0,44.548,0,0,0,1087.0,0,0.204913,43.0,0,0,1087.0,0,0.204913,0,0,0,0.0,0,0,47.0,0,0,UNKNOWN,UNKNOWN,UNKNOWN,1028.0,NK,,,,
ENG - FRANQUIAS,120240047407400157,OUTCOME_ENGAGEMENT,2026-03-01,997,699,1.426323,6,0.601805,2.59,15.58676,15.54,5.0,0,3.108,0.0,0,0.0,0.0,0,0.0,0,0,0,0,0,0,0.0,0,0.0,0,0,0,9.0,0,1.726667,3.0,0,0,9.0,0,1.726667,0,0,0,0.0,0,0,0.0,0,0,UNKNOWN,UNKNOWN,UNKNOWN,4.0,NK,,,,
ALC - Evento ELAS,120240291158100157,OUTCOME_AWARENESS,2026-03-01,164864,151787,1.086154,189,0.11464,1.402434,1.607749,265.06,115.0,0,2.30487,60.0,0,4.417667,0.0,0,0.0,0,0,0,0,0,0,0.0,0,0.0,0,0,0,4765.0,0,0.055626,19.0,0,0,4765.0,0,0.055626,0,0,0,0.0,0,0,0.0,0,0,UNKNOWN,UNKNOWN,UNKNOWN,115.0,NK,2365.0,932.0,533.0,212.0
ALC - Kopenhagen,120240291675120157,OUTCOME_AWARENESS,2026-03-01,54264,42671,1.271683,92,0.169542,0.884565,1.499705,81.38,3.0,0,27.126667,0.0,0,0.0,0.0,0,0.0,0,0,0,0,0,0,0.0,0,0.0,0,0,0,5914.0,0,0.013761,22.0,0,0,5914.0,0,0.013761,0,0,0,0.0,0,0,0.0,0,0,UNKNOWN,UNKNOWN,UNKNOWN,0.0,NK,7875.0,2664.0,1297.0,785.0
ALC - Lelis,120240357317290157,OUTCOME_AWARENESS,2026-03-01,5681,5541,1.025266,5,0.088013,1.672,1.471572,8.36,3.0,0,2.786667,1.0,0,8.36,0.0,0,0.0,0,0,0,0,0,0,0.0,0,0.0,0,0,0,190.0,0,0.044,1.0,0,0,190.0,0,0.044,0,0,0,0.0,0,0,0.0,0,0,UNKNOWN,UNKNOWN,UNKNOWN,3.0,NK,150.0,60.0,38.0,26.0
ALC - Gastronomia — AON,120217368581940157,OUTCOME_AWARENESS,2026-04-01,443304,271724,1.63145,354,0.079855,1.590819,1.270347,563.15,233.0,0,2.416953,0.0,0,0.0,0.0,0,0.0,0,0,0,0,0,0,0.0,0,0.0,0,0,0,15777.0,0,0.035694,51.0,0,0,15777.0,0,0.035694,0,0,0,0.0,0,0,0.0,0,0,UNKNOWN,UNKNOWN,UNKNOWN,0.0,NK,2290.0,684.0,341.0,227.0
ALC - Legueiros,120238935282320157,OUTCOME_AWARENESS,2026-04-01,56692,54332,1.043437,46,0.08114,1.612609,1.308474,74.18,31.0,0,2.392903,0.0,0,0.0,0.0,0,0.0,0,0,0,0,0,0,0.0,0,0.0,0,0,0,2924.0,0,0.025369,14.0,0,0,2924.0,0,0.025369,0,0,0,0.0,0,0,0.0,0,0,UNKNOWN,UNKNOWN,UNKNOWN,0.0,NK,351.0,96.0,53.0,41.0
ACL - Outuno,120239890390310157,OUTCOME_AWARENESS,2026-04-01,53462,43302,1.234631,46,0.086042,1.346087,1.158206,61.92,0.0,0,0.0,0.0,0,0.0,0.0,0,0.0,0,0,0,0,0,0,0.0,0,0.0,0,0,0,2554.0,0,0.024244,19.0,0,0,2554.0,0,0.024244,0,0,0,0.0,0,0,0.0,0,0,UNKNOWN,UNKNOWN,UNKNOWN,0.0,NK,363.0,121.0,69.0,35.0
ALC - Camiseta BR Centauro,120239896037880157,OUTCOME_AWARENESS,2026-04-01,79145,63310,1.250118,100,0.12635,0.9188,1.160907,91.88,0.0,0,0.0,0.0,0,0.0,0.0,0,0.0,0,0,0,0,0,0,0.0,0,0.0,0,0,0,5174.0,0,0.017758,28.0,0,0,5174.0,0,0.017758,0,0,0,0.0,0,0,0.0,0,0,UNKNOWN,UNKNOWN,UNKNOWN,0.0,NK,7260.0,2772.0,1564.0,1019.0
ALC - Tommy Hilfeger,120239902864470157,OUTCOME_AWARENESS,2026-04-01,126052,74655,1.68846,100,0.079332,1.4667,1.163567,146.67,5.0,0,29.334,0.0,0,0.0,0.0,0,0.0,0,0,0,0,0,0,0.0,0,0.0,0,0,0,10687.0,0,0.013724,50.0,0,0,10687.0,0,0.013724,0,0,0,0.0,0,0,0.0,0,0,UNKNOWN,UNKNOWN,UNKNOWN,0.0,NK,6404.0,2135.0,1035.0,571.0
ALC - Filme Super Mário,120240044542830157,OUTCOME_AWARENESS,2026-04-01,175265,115829,1.513136,188,0.107266,1.066277,1.143754,200.46,1.0,0,200.46,0.0,0,0.0,0.0,0,0.0,0,0,0,0,0,0,0.0,0,0.0,0,0,0,17229.0,0,0.011635,62.0,0,0,17229.0,0,0.011635,0,0,0,0.0,0,0,0.0,0,0,UNKNOWN,UNKNOWN,UNKNOWN,0.0,NK,1173.0,334.0,194.0,113.0
TRAF - FRANQUIAS,120240045624670157,LINK_CLICKS,2026-04-01,268447,103550,2.592438,5284,1.968359,0.184934,3.64016,977.19,4839.0,0,0.20194,2345.0,0,0.416712,0.0,0,0.0,0,0,0,0,0,0,21.0,0,46.532857,0,0,0,4965.0,0,0.196816,99.0,0,0,4967.0,0,0.196736,0,0,0,0.0,0,0,93.0,0,0,UNKNOWN,UNKNOWN,UNKNOWN,4835.0,NK,,,,
ALC - Evento ELAS,120240291158100157,OUTCOME_AWARENESS,2026-04-01,26986,25707,1.049753,8,0.029645,4.365,1.294004,34.92,0.0,0,0.0,0.0,0,0.0,0.0,0,0.0,0,0,0,0,0,0,0.0,0,0.0,0,0,0,632.0,0,0.055253,0.0,0,0,632.0,0,0.055253,0,0,0,0.0,0,0,0.0,0,0,UNKNOWN,UNKNOWN,UNKNOWN,0.0,NK,348.0,148.0,70.0,30.0
ALC - Kopenhagen,120240291675120157,OUTCOME_AWARENESS,2026-04-01,187056,144089,1.298198,300,0.16038,0.7287,1.168687,218.61,140.0,0,1.5615,0.0,0,0.0,0.0,0,0.0,0,0,0,0,0,0,0.0,0,0.0,0,0,0,6829.0,0,0.032012,48.0,0,0,6829.0,0,0.032012,0,0,0,0.0,0,0,0.0,0,0,UNKNOWN,UNKNOWN,UNKNOWN,7.0,NK,8908.0,2991.0,1441.0,876.0
ALC - Lelis,120240357317290157,OUTCOME_AWARENESS,2026-04-01,93841,62036,1.512686,26,0.027706,4.292692,1.189352,111.61,1.0,0,111.61,0.0,0,0.0,0.0,0,0.0,0,0,0,0,0,0,0.0,0,0.0,0,0,0,3866.0,0,0.02887,17.0,0,0,3866.0,0,0.02887,0,0,0,0.0,0,0,0.0,0,0,UNKNOWN,UNKNOWN,UNKNOWN,0.0,NK,3066.0,1126.0,641.0,450.0
TRAF - CAMPANHA IPHONE,120240657900390157,LINK_CLICKS,2026-04-01,495774,66129,7.497074,4646,0.937121,0.215226,2.016927,999.94,5177.0,0,0.19315,1308.0,0,0.76448,3.0,0,333.313333,0,0,0,0,0,0,11.0,0,90.903636,0,0,0,6878.0,0,0.145382,28.0,0,0,6879.0,0,0.145361,0,0,0,3.0,0,0,89.0,0,0,UNKNOWN,UNKNOWN,UNKNOWN,5171.0,NK,2362.0,1840.0,1252.0,980.0
ALC - Shoulder,120240967746130157,OUTCOME_AWARENESS,2026-04-01,183886,99364,1.85063,60,0.032629,4.163667,1.358559,249.82,0.0,0,0.0,0.0,0,0.0,0.0,0,0.0,0,0,0,0,0,0,0.0,0,0.0,0,0,0,11426.0,0,0.021864,53.0,0,0,11426.0,0,0.021864,0,0,0,0.0,0,0,0.0,0,0,UNKNOWN,UNKNOWN,UNKNOWN,0.0,NK,6636.0,1977.0,1014.0,427.0
ALC - Clube do Livro,120241149535680157,OUTCOME_AWARENESS,2026-04-01,217784,120526,1.806946,80,0.036734,3.749375,1.377282,299.95,1.0,0,299.95,0.0,0,0.0,0.0,0,0.0,0,0,0,0,0,0,0.0,0,0.0,0,0,0,10479.0,0,0.028624,68.0,0,0,10479.0,0,0.028624,0,0,0,0.0,0,0,0.0,0,0,UNKNOWN,UNKNOWN,UNKNOWN,0.0,NK,24767.0,9828.0,5337.0,3407.0
ALC - PROMO MAES 26,120241760752510157,OUTCOME_AWARENESS,2026-04-01,71804,59111,1.214732,82,0.1142,1.59378,1.820094,130.69,58.0,0,2.253276,0.0,0,0.0,0.0,0,0.0,0,0,0,0,0,0,0.0,0,0.0,0,0,0,8167.0,0,0.016002,82.0,0,0,8167.0,0,0.016002,0,0,0,0.0,0,0,0.0,0,0,UNKNOWN,UNKNOWN,UNKNOWN,57.0,NK,928.0,665.0,579.0,215.0
TRAF - PROMO MAES 26,120241769186730157,LINK_CLICKS,2026-04-01,27922,24546,1.137538,1259,4.508989,0.101501,4.576678,127.79,1188.0,0,0.107567,802.0,0,0.159339,0.0,0,0.0,0,0,0,0,0,0,23.0,0,5.556087,0,0,0,12662.0,0,0.010092,554.0,0,0,12662.0,0,0.010092,0,0,0,0.0,0,0,100.0,0,0,UNKNOWN,UNKNOWN,UNKNOWN,1188.0,NK,3807.0,3336.0,3070.0,1635.0
ALC - ANÚNCIOS NR,120241771203780157,OUTCOME_AWARENESS,2026-04-01,53275,41293,1.29017,20,0.037541,4.3465,1.631722,86.93,1.0,0,86.93,0.0,0,0.0,0.0,0,0.0,0,0,0,0,0,0,0.0,0,0.0,0,0,0,2325.0,0,0.037389,13.0,0,0,2325.0,0,0.037389,0,0,0,0.0,0,0,0.0,0,0,UNKNOWN,UNKNOWN,UNKNOWN,1.0,NK,646.0,252.0,105.0,59.0
ALC - BFS BS,120241981891200157,OUTCOME_AWARENESS,2026-04-01,25854,25370,1.019078,24,0.092829,2.08375,1.934324,50.01,16.0,0,3.125625,0.0,0,0.0,0.0,0,0.0,0,0,0,0,0,0,0.0,0,0.0,0,0,0,1016.0,0,0.049222,6.0,0,0,1016.0,0,0.049222,0,0,0,0.0,0,0,0.0,0,0,UNKNOWN,UNKNOWN,UNKNOWN,0.0,NK,90.0,20.0,13.0,7.0
ALC - Diabo veste prada,120241982450130157,OUTCOME_AWARENESS,2026-04-01,8657,8478,1.021113,18,0.207924,0.960556,1.997228,17.29,15.0,0,1.152667,10.0,0,1.729,0.0,0,0.0,0,0,0,0,0,0,0.0,0,0.0,0,0,0,553.0,0,0.031266,6.0,0,0,553.0,0,0.031266,0,0,0,0.0,0,0,0.0,0,0,UNKNOWN,UNKNOWN,UNKNOWN,15.0,NK,284.0,171.0,96.0,37.0
ALC - Gastronomia — AON,120217368581940157,OUTCOME_AWARENESS,2026-05-01,142916,133211,1.072854,99,0.069271,2.091111,1.448543,207.02,61.0,0,3.39377,0.0,0,0.0,0.0,0,0.0,0,0,0,0,0,0,0.0,0,0.0,0,0,0,5055.0,0,0.040954,19.0,0,0,5055.0,0,0.040954,0,0,0,0.0,0,0,0.0,0,0,UNKNOWN,UNKNOWN,UNKNOWN,0.0,NK,689.0,196.0,90.0,62.0
ALC - PROMO MAES 26,120241760752510157,OUTCOME_AWARENESS,2026-05-01,157504,116426,1.352825,152,0.096505,1.653947,1.59615,251.4,110.0,0,2.285455,0.0,0,0.0,0.0,0,0.0,0,0,0,0,0,0,0.0,0,0.0,0,0,0,10383.0,0,0.024213,47.0,0,0,10383.0,0,0.024213,0,0,0,0.0,0,0,0.0,0,0,UNKNOWN,UNKNOWN,UNKNOWN,110.0,NK,1199.0,266.0,135.0,72.0
TRAF - PROMO MAES 26,120241769186730157,LINK_CLICKS,2026-05-01,57925,46224,1.253137,2569,4.435045,0.106259,4.712646,272.98,2491.0,0,0.109587,1625.0,0,0.167988,0.0,0,0.0,0,0,0,0,0,0,61.0,0,4.475082,0,0,0,24157.0,0,0.0113,549.0,0,0,24157.0,0,0.0113,0,0,0,0.0,0,0,106.0,0,0,UNKNOWN,UNKNOWN,UNKNOWN,2489.0,NK,7299.0,6275.0,5681.0,3163.0
ALC - ANÚNCIOS NR,120241771203780157,OUTCOME_AWARENESS,2026-05-01,129017,95236,1.354708,37,0.028678,5.150811,1.47717,190.58,3.0,0,63.526667,0.0,0,0.0,0.0,0,0.0,0,0,0,0,0,0,0.0,0,0.0,0,0,0,6948.0,0,0.027429,31.0,0,0,6948.0,0,0.027429,0,0,0,0.0,0,0,0.0,0,0,UNKNOWN,UNKNOWN,UNKNOWN,3.0,NK,2537.0,1068.0,427.0,263.0
ALC - BFS BS,120241981891200157,OUTCOME_AWARENESS,2026-05-01,571165,455417,1.254158,707,0.123782,1.148232,1.421306,811.8,588.0,0,1.380612,0.0,0,0.0,0.0,0,0.0,0,0,0,0,0,0,0.0,0,0.0,0,0,0,11931.0,0,0.068041,62.0,0,0,11931.0,0,0.068041,0,0,0,0.0,0,0,0.0,0,0,UNKNOWN,UNKNOWN,UNKNOWN,232.0,NK,1111.0,225.0,123.0,76.0
ALC - Diabo veste prada,120241982450130157,OUTCOME_AWARENESS,2026-05-01,163086,112693,1.447171,71,0.043535,3.43338,1.494733,243.77,0.0,0,0.0,0.0,0,0.0,0.0,0,0.0,0,0,0,0,0,0,0.0,0,0.0,0,0,0,10660.0,0,0.022868,83.0,0,0,10660.0,0,0.022868,0,0,0,0.0,0,0,0.0,0,0,UNKNOWN,UNKNOWN,UNKNOWN,0.0,NK,5671.0,3216.0,1578.0,474.0
ALC - PROMO MAES BS,120242170726050157,OUTCOME_AWARENESS,2026-05-01,153096,112678,1.358704,143,0.093405,1.703846,1.591485,243.65,107.0,0,2.277103,0.0,0,0.0,0.0,0,0.0,0,0,0,0,0,0,17.0,0,14.332353,0,0,0,6671.0,0,0.036524,31.0,0,0,6671.0,0,0.036524,0,0,0,0.0,0,0,49.0,0,0,UNKNOWN,UNKNOWN,UNKNOWN,107.0,NK,2280.0,973.0,335.0,225.0
ALC - TRANSMISSAO BFS,120242225610560157,OUTCOME_AWARENESS,2026-05-01,599549,558228,1.074022,774,0.129097,1.089432,1.406424,843.22,641.0,0,1.315476,0.0,0,0.0,0.0,0,0.0,0,0,0,0,0,0,0.0,0,0.0,0,0,0,666.0,0,1.266096,24.0,0,0,666.0,0,1.266096,0,0,0,0.0,0,0,0.0,0,0,UNKNOWN,UNKNOWN,UNKNOWN,530.0,NK,,,,
ALC - COBASI,120242288756310157,OUTCOME_AWARENESS,2026-05-01,20439,19015,1.074888,12,0.058711,2.770833,1.626792,33.25,7.0,0,4.75,0.0,0,0.0,0.0,0,0.0,0,0,0,0,0,0,0.0,0,0.0,0,0,0,1217.0,0,0.027321,17.0,0,0,1217.0,0,0.027321,0,0,0,0.0,0,0,0.0,0,0,UNKNOWN,UNKNOWN,UNKNOWN,0.0,NK,58.0,19.0,8.0,5.0
ALC | Moda Feminina,120218457714640075,OUTCOME_AWARENESS,2025-11-09,126350,92344,1.368253,116,0.091808,1.913017,1.756312,221.91,71.0,0,3.125493,2.0,0,110.955,0.0,0,0.0,0,0,0,0,0,0,0.0,0,0.0,0,0,0,4642.0,0,0.047805,22.0,0,0,4642.0,0,0.047805,0,0,0,0.0,0,0,0.0,0,0,UNKNOWN,UNKNOWN,UNKNOWN,6.0,NR,1451.0,630.0,232.0,142.0
ALC | Moda masculina,120218468471470075,OUTCOME_AWARENESS,2025-11-09,125838,90984,1.383078,107,0.08503,2.067477,1.757975,221.22,72.0,0,3.0725,0.0,0,0.0,0.0,0,0.0,0,0,0,0,0,0,0.0,0,0.0,0,0,0,1503.0,0,0.147186,18.0,0,0,1503.0,0,0.147186,0,0,0,0.0,0,0,0.0,0,0,UNKNOWN,UNKNOWN,UNKNOWN,4.0,NR,1568.0,488.0,264.0,177.0
ALC - Lojas - Inauguração/ Gastronomia,120218470856850075,OUTCOME_AWARENESS,2025-11-09,124642,82420,1.512279,118,0.094671,1.875932,1.775966,221.36,50.0,0,4.4272,0.0,0,0.0,0.0,0,0.0,0,0,0,0,0,0,0.0,0,0.0,0,0,0,8689.0,0,0.025476,29.0,0,0,8689.0,0,0.025476,0,0,0,0.0,0,0,0.0,0,0,UNKNOWN,UNKNOWN,UNKNOWN,35.0,NR,1959.0,686.0,394.0,208.0
ALC - Lojas - Diversão,120226684244550075,OUTCOME_AWARENESS,2025-11-09,123559,84305,1.465619,140,0.113306,1.5825,1.793071,221.55,86.0,0,2.576163,0.0,0,0.0,0.0,0,0.0,0,0,0,0,0,0,0.0,0,0.0,0,0,0,95.0,0,2.332105,8.0,0,0,95.0,0,2.332105,0,0,0,0.0,0,0,0.0,0,0,UNKNOWN,UNKNOWN,UNKNOWN,55.0,NR,,,,
ALC - Inauguração Allmini,120233682805660075,OUTCOME_AWARENESS,2025-11-09,130898,95783,1.36661,164,0.125288,1.449207,1.815689,237.67,103.0,0,2.307476,0.0,0,0.0,0.0,0,0.0,0,0,0,0,0,0,0.0,0,0.0,0,0,0,163.0,0,1.458098,20.0,0,0,128.0,0,1.856797,0,0,0,0.0,0,0,0.0,0,0,UNKNOWN,UNKNOWN,UNKNOWN,0.0,NR,,,,
ALC - Natal Noel Decor,120234329536470075,OUTCOME_AWARENESS,2025-11-09,189199,119669,1.581019,204,0.107823,1.74701,1.883678,356.39,128.0,0,2.784297,0.0,0,0.0,0.0,0,0.0,0,0,0,0,0,0,0.0,0,0.0,0,0,0,8495.0,0,0.041953,38.0,0,0,8495.0,0,0.041953,0,0,0,0.0,0,0,0.0,0,0,UNKNOWN,UNKNOWN,UNKNOWN,67.0,NR,1156.0,298.0,154.0,99.0
ALC - Feira Pet Out,120234450509790075,OUTCOME_AWARENESS,2025-11-09,10284,10164,1.011806,23,0.223648,0.840435,1.879619,19.33,19.0,0,1.017368,0.0,0,0.0,0.0,0,0.0,0,0,0,0,0,0,0.0,0,0.0,0,0,0,19.0,0,1.017368,0.0,0,0,19.0,0,1.017368,0,0,0,0.0,0,0,0.0,0,0,UNKNOWN,UNKNOWN,UNKNOWN,0.0,NR,,,,
ALC - Torneio de Futebol de Mesa,120234584546150075,OUTCOME_AWARENESS,2025-11-09,43038,42978,1.001396,65,0.151029,1.230154,1.857893,79.96,39.0,0,2.050256,0.0,0,0.0,0.0,0,0.0,0,0,0,0,0,0,0.0,0,0.0,0,0,0,46.0,0,1.738261,5.0,0,0,46.0,0,1.738261,0,0,0,0.0,0,0,0.0,0,0,UNKNOWN,UNKNOWN,UNKNOWN,0.0,NR,,,,
TRAF - PATATIPATATA,120234704659180075,LINK_CLICKS,2025-11-09,2508,1944,1.290123,111,4.425837,0.133423,5.905104,14.81,59.0,0,0.251017,27.0,0,0.548519,0.0,0,0.0,0,0,0,0,0,0,0.0,0,0.0,0,0,0,90.0,0,0.164556,18.0,0,0,90.0,0,0.164556,0,0,0,0.0,0,0,0.0,0,0,UNKNOWN,UNKNOWN,UNKNOWN,21.0,NR,,,,
ALC - NATAL 25,120234821449200075,OUTCOME_AWARENESS,2025-11-09,379667,263218,1.442405,612,0.161194,1.018317,1.641465,623.21,449.0,0,1.387996,1.0,0,623.21,0.0,0,0.0,0,0,0,0,0,0,0.0,0,0.0,0,0,0,1654.0,0,0.37679,55.0,0,0,1654.0,0,0.37679,0,0,0,0.0,0,0,0.0,0,0,UNKNOWN,UNKNOWN,UNKNOWN,422.0,NR,2130.0,664.0,353.0,243.0
ALC - PATATIPATATA,120234821763070075,OUTCOME_AWARENESS,2025-11-09,17230,17230,1.0,48,0.278584,0.590625,1.645386,28.35,39.0,0,0.726923,22.0,0,1.288636,0.0,0,0.0,0,0,0,0,0,0,0.0,0,0.0,0,0,0,43.0,0,0.659302,3.0,0,0,43.0,0,0.659302,0,0,0,0.0,0,0,0.0,0,0,UNKNOWN,UNKNOWN,UNKNOWN,39.0,NR,,,,
TRAF - NATAL 25,120234821911100075,LINK_CLICKS,2025-11-09,142947,68749,2.079259,2919,2.042016,0.24051,4.911261,702.05,2200.0,0,0.319114,1688.0,0,0.415906,0.0,0,0.0,0,0,0,0,0,0,0.0,0,0.0,0,0,0,5144.0,0,0.136479,188.0,0,0,5145.0,0,0.136453,0,0,0,0.0,0,0,0.0,0,0,UNKNOWN,UNKNOWN,UNKNOWN,2192.0,NR,1023.0,503.0,331.0,144.0
[ALC - Cine Materna],120234972253410075,OUTCOME_AWARENESS,2025-11-09,45148,45148,1.0,51,0.112962,1.568431,1.771729,79.99,34.0,0,2.352647,0.0,0,0.0,0.0,0,0.0,0,0,0,0,0,0,0.0,0,0.0,0,0,0,35.0,0,2.285429,1.0,0,0,35.0,0,2.285429,0,0,0,0.0,0,0,0.0,0,0,UNKNOWN,UNKNOWN,UNKNOWN,0.0,NR,,,,
ALC - Senhora Farinha,120235105425650075,OUTCOME_AWARENESS,2025-11-09,246433,166794,1.477469,258,0.104694,1.80876,1.893659,466.66,157.0,0,2.972357,0.0,0,0.0,0.0,0,0.0,0,0,0,0,0,0,0.0,0,0.0,0,0,0,27569.0,0,0.016927,95.0,0,0,27569.0,0,0.016927,0,0,0,0.0,0,0,0.0,0,0,UNKNOWN,UNKNOWN,UNKNOWN,82.0,NR,17103.0,9506.0,3889.0,919.0
ALC - ESQUENTA VOLKSFRIENDS,120235245890480075,OUTCOME_AWARENESS,2025-11-09,83714,82295,1.017243,103,0.123038,1.456019,1.791457,149.97,74.0,0,2.026622,0.0,0,0.0,0.0,0,0.0,0,0,0,0,0,0,0.0,0,0.0,0,0,0,90.0,0,1.666333,11.0,0,0,90.0,0,1.666333,0,0,0,0.0,0,0,0.0,0,0,UNKNOWN,UNKNOWN,UNKNOWN,0.0,NR,,,,
ENG - PET DAY,120235524391440075,OUTCOME_ENGAGEMENT,2025-11-09,9744,6422,1.517284,55,0.56445,1.818182,10.262726,100.0,36.0,0,2.777778,0.0,0,0.0,0.0,0,0.0,0,0,0,0,0,0,0.0,0,0.0,0,0,0,1690.0,0,0.059172,897.0,0,0,1690.0,0,0.059172,0,0,0,0.0,0,0,0.0,0,0,UNKNOWN,UNKNOWN,UNKNOWN,18.0,NR,289.0,129.0,85.0,63.0
ALC - Cidadania Já,120235524827340075,OUTCOME_AWARENESS,2025-11-09,59462,48209,1.233421,49,0.082406,2.177143,1.794087,106.68,24.0,0,4.445,0.0,0,0.0,0.0,0,0.0,0,0,0,0,0,0,0.0,0,0.0,0,0,0,3796.0,0,0.028103,19.0,0,0,3796.0,0,0.028103,0,0,0,0.0,0,0,0.0,0,0,UNKNOWN,UNKNOWN,UNKNOWN,15.0,NR,925.0,350.0,175.0,66.0
Black Friday - NR,120235655860310075,OUTCOME_AWARENESS,2025-11-09,496643,420058,1.18232,169,0.034028,5.91716,2.013519,1000.0,44.0,0,22.727273,0.0,0,0.0,0.0,0,0.0,0,0,0,0,0,0,0.0,0,0.0,0,0,0,2984.0,0,0.335121,53.0,0,0,2984.0,0,0.335121,0,0,0,0.0,0,0,0.0,0,0,UNKNOWN,UNKNOWN,UNKNOWN,1.0,NR,729.0,212.0,114.0,67.0
ALC - Torneio de Poker - NR,120235658959800075,OUTCOME_AWARENESS,2025-11-09,35154,32701,1.075013,13,0.03698,5.141538,1.901348,66.84,0.0,0,0.0,0.0,0,0.0,0.0,0,0.0,0,0,0,0,0,0,0.0,0,0.0,0,0,0,1820.0,0,0.036725,15.0,0,0,1820.0,0,0.036725,0,0,0,0.0,0,0,0.0,0,0,UNKNOWN,UNKNOWN,UNKNOWN,0.0,NR,371.0,98.0,54.0,34.0
ALC - Feirão Regional do Banco Omni,120235664562480075,OUTCOME_AWARENESS,2025-11-09,104507,100758,1.037208,114,0.109084,1.754211,1.913556,199.98,77.0,0,2.597143,0.0,0,0.0,0.0,0,0.0,0,0,0,0,0,0,0.0,0,0.0,0,0,0,84.0,0,2.380714,6.0,0,0,84.0,0,2.380714,0,0,0,0.0,0,0,0.0,0,0,UNKNOWN,UNKNOWN,UNKNOWN,0.0,NR,,,,
ALC - Nova Arezzo,120235811959840075,OUTCOME_AWARENESS,2025-11-09,72553,72273,1.003874,90,0.124047,2.175778,2.698992,195.82,67.0,0,2.922687,0.0,0,0.0,0.0,0,0.0,0,0,0,0,0,0,0.0,0,0.0,0,0,0,87.0,0,2.250805,19.0,0,0,87.0,0,2.250805,0,0,0,0.0,0,0,0.0,0,0,UNKNOWN,UNKNOWN,UNKNOWN,0.0,NR,,,,
ALC- Diário da lancheira,120235811993880075,OUTCOME_AWARENESS,2025-11-09,23785,23426,1.015325,23,0.0967,2.033478,1.966365,46.77,16.0,0,2.923125,0.0,0,0.0,0.0,0,0.0,0,0,0,0,0,0,0.0,0,0.0,0,0,0,17.0,0,2.751176,1.0,0,0,17.0,0,2.751176,0,0,0,0.0,0,0,0.0,0,0,UNKNOWN,UNKNOWN,UNKNOWN,7.0,NR,,,,
ALC - Patrulha Canina,120235812083840075,OUTCOME_AWARENESS,2025-11-09,136936,136936,1.0,246,0.179646,1.115203,2.003418,274.34,166.0,0,1.652651,0.0,0,0.0,0.0,0,0.0,0,0,0,0,0,0,0.0,0,0.0,0,0,0,190.0,0,1.443895,17.0,0,0,190.0,0,1.443895,0,0,0,0.0,0,0,0.0,0,0,UNKNOWN,UNKNOWN,UNKNOWN,1.0,NR,,,,
ALC - MILENINHA NR,120235921119840075,OUTCOME_AWARENESS,2025-11-09,715921,679714,1.053268,2047,0.285925,0.97704,2.793604,2000.0,934.0,0,2.141328,394.0,0,5.076142,0.0,0,0.0,0,0,0,0,0,0,0.0,0,0.0,0,0,0,98831.0,0,0.020237,369.0,0,0,98831.0,0,0.020237,0,0,0,0.0,0,0,0.0,0,0,UNKNOWN,UNKNOWN,UNKNOWN,934.0,NR,16012.0,2618.0,1303.0,622.0
ALC - CHURRAS,120235922401180075,OUTCOME_AWARENESS,2025-11-09,42809,42809,1.0,47,0.10979,1.872979,2.056343,88.03,38.0,0,2.316579,0.0,0,0.0,0.0,0,0.0,0,0,0,0,0,0,0.0,0,0.0,0,0,0,43.0,0,2.047209,4.0,0,0,43.0,0,2.047209,0,0,0,0.0,0,0,0.0,0,0,UNKNOWN,UNKNOWN,UNKNOWN,0.0,NR,,,,
ENG - CHURRAS NR,120235922750610075,OUTCOME_ENGAGEMENT,2025-11-09,2281,1267,1.800316,18,0.789128,4.0,31.565103,72.0,9.0,0,8.0,0.0,0,0.0,0.0,0,0.0,0,0,0,0,0,0,0.0,0,0.0,0,0,0,368.0,0,0.195652,355.0,0,0,368.0,0,0.195652,0,0,0,0.0,0,0,0.0,0,0,UNKNOWN,UNKNOWN,UNKNOWN,7.0,NR,,,,
ALC | Moda Feminina,120218457714640075,OUTCOME_AWARENESS,2025-12-01,209249,135435,1.545014,200,0.09558,1.37205,1.311404,274.41,140.0,0,1.960071,11.0,0,24.946364,0.0,0,0.0,0,0,0,0,0,0,0.0,0,0.0,0,0,0,7384.0,0,0.037163,20.0,0,0,7384.0,0,0.037163,0,0,0,0.0,0,0,0.0,0,0,UNKNOWN,UNKNOWN,UNKNOWN,21.0,NR,2144.0,797.0,338.0,231.0
ALC | Moda masculina,120218468471470075,OUTCOME_AWARENESS,2025-12-01,210533,137742,1.528459,217,0.103072,1.270138,1.309153,275.62,153.0,0,1.801438,0.0,0,0.0,0.0,0,0.0,0,0,0,0,0,0,0.0,0,0.0,0,0,0,5951.0,0,0.046315,28.0,0,0,5951.0,0,0.046315,0,0,0,0.0,0,0,0.0,0,0,UNKNOWN,UNKNOWN,UNKNOWN,10.0,NR,5455.0,1957.0,1071.0,716.0
ALC - Lojas - Inauguração/ Gastronomia,120218470856850075,OUTCOME_AWARENESS,2025-12-01,198359,119302,1.662663,223,0.112422,1.227982,1.380527,273.84,134.0,0,2.043582,0.0,0,0.0,0.0,0,0.0,0,0,0,0,0,0,0.0,0,0.0,0,0,0,10084.0,0,0.027156,26.0,0,0,10084.0,0,0.027156,0,0,0,0.0,0,0,0.0,0,0,UNKNOWN,UNKNOWN,UNKNOWN,69.0,NR,2737.0,1030.0,585.0,228.0
ALC - Lojas - Diversão,120226684244550075,OUTCOME_AWARENESS,2025-12-01,74410,61322,1.213431,93,0.124983,1.270645,1.588093,118.17,69.0,0,1.712609,0.0,0,0.0,0.0,0,0.0,0,0,0,0,0,0,0.0,0,0.0,0,0,0,76.0,0,1.554868,7.0,0,0,76.0,0,1.554868,0,0,0,0.0,0,0,0.0,0,0,UNKNOWN,UNKNOWN,UNKNOWN,35.0,NR,,,,
ALC - Natal Noel Decor,120234329536470075,OUTCOME_AWARENESS,2025-12-01,119779,98769,1.212719,152,0.1269,1.331382,1.689528,202.37,104.0,0,1.945865,0.0,0,0.0,0.0,0,0.0,0,0,0,0,0,0,0.0,0,0.0,0,0,0,4645.0,0,0.043567,17.0,0,0,4645.0,0,0.043567,0,0,0,0.0,0,0,0.0,0,0,UNKNOWN,UNKNOWN,UNKNOWN,52.0,NR,653.0,111.0,61.0,39.0
ALC - NATAL 25,120234821449200075,OUTCOME_AWARENESS,2025-12-01,796413,486787,1.636061,1489,0.186963,0.651061,1.217245,969.43,874.0,0,1.109188,34.0,0,28.512647,0.0,0,0.0,0,0,0,0,0,0,0.0,0,0.0,0,0,0,18708.0,0,0.051819,132.0,0,0,18708.0,0,0.051819,0,0,0,0.0,0,0,0.0,0,0,UNKNOWN,UNKNOWN,UNKNOWN,631.0,NR,6425.0,2409.0,1160.0,693.0
TRAF - NATAL 25,120234821911100075,LINK_CLICKS,2025-12-01,206648,101355,2.038854,8510,4.118114,0.107126,4.41156,911.64,4355.0,0,0.209332,3355.0,0,0.271726,0.0,0,0.0,0,0,0,0,0,0,0.0,0,0.0,0,0,0,15868.0,0,0.057451,248.0,0,0,15870.0,0,0.057444,0,0,0,0.0,0,0,0.0,0,0,UNKNOWN,UNKNOWN,UNKNOWN,4350.0,NR,4627.0,2411.0,1588.0,898.0
ALC - Senhora Farinha,120235105425650075,OUTCOME_AWARENESS,2025-12-01,116102,109676,1.058591,130,0.111971,1.473,1.649326,191.49,81.0,0,2.364074,0.0,0,0.0,0.0,0,0.0,0,0,0,0,0,0,0.0,0,0.0,0,0,0,9745.0,0,0.01965,27.0,0,0,9745.0,0,0.01965,0,0,0,0.0,0,0,0.0,0,0,UNKNOWN,UNKNOWN,UNKNOWN,48.0,NR,5924.0,3502.0,1294.0,309.0
ALC - Cidadania Já,120235524827340075,OUTCOME_AWARENESS,2025-12-01,40390,37209,1.08549,34,0.084179,1.894118,1.594454,64.4,25.0,0,2.576,0.0,0,0.0,0.0,0,0.0,0,0,0,0,0,0,0.0,0,0.0,0,0,0,2071.0,0,0.031096,12.0,0,0,2071.0,0,0.031096,0,0,0,0.0,0,0,0.0,0,0,UNKNOWN,UNKNOWN,UNKNOWN,13.0,NR,511.0,150.0,74.0,26.0
ALC - Torneio de Poker - NR,120235658959800075,OUTCOME_AWARENESS,2025-12-01,2859,2825,1.012035,0,0.0,0.0,1.587968,4.54,0.0,0,0.0,0.0,0,0.0,0.0,0,0.0,0,0,0,0,0,0,0.0,0,0.0,0,0,0,171.0,0,0.02655,0.0,0,0,171.0,0,0.02655,0,0,0,0.0,0,0,0.0,0,0,UNKNOWN,UNKNOWN,UNKNOWN,0.0,NR,31.0,5.0,6.0,4.0
ALC - Nova Arezzo,120235811959840075,OUTCOME_AWARENESS,2025-12-01,308549,203799,1.513987,414,0.134176,1.205314,1.617247,499.0,260.0,0,1.919231,0.0,0,0.0,0.0,0,0.0,0,0,0,0,0,0,0.0,0,0.0,0,0,0,21246.0,0,0.023487,106.0,0,0,21246.0,0,0.023487,0,0,0,0.0,0,0,0.0,0,0,UNKNOWN,UNKNOWN,UNKNOWN,0.0,NR,3192.0,1094.0,610.0,403.0
ALC- Diário da lancheira,120235811993880075,OUTCOME_AWARENESS,2025-12-01,55036,49796,1.105229,63,0.114471,1.410635,1.614761,88.87,48.0,0,1.851458,0.0,0,0.0,0.0,0,0.0,0,0,0,0,0,0,0.0,0,0.0,0,0,0,303.0,0,0.2933,4.0,0,0,303.0,0,0.2933,0,0,0,0.0,0,0,0.0,0,0,UNKNOWN,UNKNOWN,UNKNOWN,22.0,NR,37.0,8.0,5.0,3.0
ALC - Patrulha Canina,120235812083840075,OUTCOME_AWARENESS,2025-12-01,80565,79494,1.013473,142,0.176255,1.065704,1.878359,151.33,96.0,0,1.576354,0.0,0,0.0,0.0,0,0.0,0,0,0,0,0,0,0.0,0,0.0,0,0,0,104.0,0,1.455096,6.0,0,0,104.0,0,1.455096,0,0,0,0.0,0,0,0.0,0,0,UNKNOWN,UNKNOWN,UNKNOWN,0.0,NR,,,,
ALC - CHURRAS,120235922401180075,OUTCOME_AWARENESS,2025-12-01,235636,203647,1.157081,297,0.126042,1.387104,1.748332,411.97,206.0,0,1.999854,0.0,0,0.0,0.0,0,0.0,0,0,0,0,0,0,0.0,0,0.0,0,0,0,1015.0,0,0.405882,18.0,0,0,1015.0,0,0.405882,0,0,0,0.0,0,0,0.0,0,0,UNKNOWN,UNKNOWN,UNKNOWN,0.0,NR,1789.0,659.0,379.0,255.0
ENG - CHURRAS NR,120235922750610075,OUTCOME_ENGAGEMENT,2025-12-01,8133,3652,2.226999,73,0.897578,2.438082,21.883684,177.98,48.0,0,3.707917,1.0,0,177.98,0.0,0,0.0,0,0,0,0,0,0,0.0,0,0.0,0,0,0,1149.0,0,0.1549,1087.0,0,0,1149.0,0,0.1549,0,0,0,0.0,0,0,0.0,0,0,UNKNOWN,UNKNOWN,UNKNOWN,20.0,NR,,,,
ALC - Inauguração Brasileirisse,120236583251180075,OUTCOME_AWARENESS,2025-12-01,179740,166634,1.078651,234,0.130188,1.28188,1.668855,299.96,158.0,0,1.898481,0.0,0,0.0,0.0,0,0.0,0,0,0,0,0,0,0.0,0,0.0,0,0,0,165.0,0,1.817939,7.0,0,0,165.0,0,1.817939,0,0,0,0.0,0,0,0.0,0,0,UNKNOWN,UNKNOWN,UNKNOWN,0.0,NR,,,,
ALC - Musical Chapeuzinho,120236583431100075,OUTCOME_AWARENESS,2025-12-01,283512,274724,1.031988,350,0.123452,1.428543,1.763559,499.99,288.0,0,1.736076,100.0,0,4.9999,0.0,0,0.0,0,0,0,0,0,0,0.0,0,0.0,0,0,0,480.0,0,1.041646,26.0,0,0,480.0,0,1.041646,0,0,0,0.0,0,0,0.0,0,0,UNKNOWN,UNKNOWN,UNKNOWN,286.0,NR,43.0,21.0,11.0,9.0
ALC - Árvore solidária,120236584388850075,OUTCOME_AWARENESS,2025-12-01,61843,59721,1.035532,55,0.088935,1.945455,1.730188,107.0,41.0,0,2.609756,0.0,0,0.0,0.0,0,0.0,0,0,0,0,0,0,0.0,0,0.0,0,0,0,2299.0,0,0.046542,4.0,0,0,2299.0,0,0.046542,0,0,0,0.0,0,0,0.0,0,0,UNKNOWN,UNKNOWN,UNKNOWN,0.0,NR,659.0,217.0,74.0,46.0
ALC - Cine Materna,120236688425640075,OUTCOME_AWARENESS,2025-12-01,28912,28008,1.032276,34,0.117598,1.468529,1.726965,49.93,26.0,0,1.920385,0.0,0,0.0,0.0,0,0.0,0,0,0,0,0,0,0.0,0,0.0,0,0,0,930.0,0,0.053688,1.0,0,0,930.0,0,0.053688,0,0,0,0.0,0,0,0.0,0,0,UNKNOWN,UNKNOWN,UNKNOWN,0.0,NR,397.0,178.0,34.0,21.0
ALC - Oficina de Decoupage Mundo Kids,120236859772950075,OUTCOME_AWARENESS,2025-12-01,51435,50520,1.018112,79,0.153592,1.012152,1.554583,79.96,68.0,0,1.175882,0.0,0,0.0,0.0,0,0.0,0,0,0,0,0,0,0.0,0,0.0,0,0,0,71.0,0,1.126197,3.0,0,0,71.0,0,1.126197,0,0,0,0.0,0,0,0.0,0,0,UNKNOWN,UNKNOWN,UNKNOWN,68.0,NR,,,,
ALC - Comedy Show,120237038393530075,OUTCOME_AWARENESS,2025-12-01,51913,51913,1.0,85,0.163735,0.940706,1.540269,79.96,58.0,0,1.378621,0.0,0,0.0,0.0,0,0.0,0,0,0,0,0,0,0.0,0,0.0,0,0,0,86.0,0,0.929767,7.0,0,0,86.0,0,0.929767,0,0,0,0.0,0,0,0.0,0,0,UNKNOWN,UNKNOWN,UNKNOWN,0.0,NR,6.0,1.0,,
ALC - Avatar 3,120237105275340075,OUTCOME_AWARENESS,2025-12-01,55603,53401,1.041235,45,0.080931,1.777556,1.438591,79.99,39.0,0,2.051026,0.0,0,0.0,0.0,0,0.0,0,0,0,0,0,0,0.0,0,0.0,0,0,0,41.0,0,1.950976,2.0,0,0,41.0,0,1.950976,0,0,0,0.0,0,0,0.0,0,0,UNKNOWN,UNKNOWN,UNKNOWN,0.0,NR,,,,
ALC - Feira do Vinil,120237294424520075,OUTCOME_AWARENESS,2025-12-01,98212,95529,1.028086,114,0.116075,1.315702,1.527206,149.99,92.0,0,1.630326,0.0,0,0.0,0.0,0,0.0,0,0,0,0,0,0,0.0,0,0.0,0,0,0,101.0,0,1.48505,7.0,0,0,101.0,0,1.48505,0,0,0,0.0,0,0,0.0,0,0,UNKNOWN,UNKNOWN,UNKNOWN,0.0,NR,,,,
ALC - Panetone Cacau Show,120237294698980075,OUTCOME_AWARENESS,2025-12-01,81061,62756,1.291685,111,0.136934,0.819279,1.121871,90.94,81.0,0,1.122716,0.0,0,0.0,0.0,0,0.0,0,0,0,0,0,0,0.0,0,0.0,0,0,0,6297.0,0,0.014442,23.0,0,0,6297.0,0,0.014442,0,0,0,0.0,0,0,0.0,0,0,UNKNOWN,UNKNOWN,UNKNOWN,0.0,NR,2148.0,1135.0,297.0,148.0
ALC | Moda Feminina,120218457714640075,OUTCOME_AWARENESS,2026-01-01,299951,205874,1.456964,258,0.086014,1.197442,1.029968,308.94,177.0,0,1.745424,28.0,0,11.033571,0.0,0,0.0,0,0,0,0,0,0,0.0,0,0.0,0,0,0,10844.0,0,0.028489,39.0,0,0,10844.0,0,0.028489,0,0,0,0.0,0,0,0.0,0,0,UNKNOWN,UNKNOWN,UNKNOWN,68.0,NR,4971.0,1894.0,930.0,628.0
ALC | Moda masculina,120218468471470075,OUTCOME_AWARENESS,2026-01-01,298218,192960,1.545491,239,0.080143,1.290042,1.033875,308.32,169.0,0,1.824379,0.0,0,0.0,0.0,0,0.0,0,0,0,0,0,0,0.0,0,0.0,0,0,0,8973.0,0,0.034361,32.0,0,0,8973.0,0,0.034361,0,0,0,0.0,0,0,0.0,0,0,UNKNOWN,UNKNOWN,UNKNOWN,8.0,NR,10116.0,3497.0,1949.0,1340.0
ALC - Lojas - Inauguração/ Gastronomia,120218470856850075,OUTCOME_AWARENESS,2026-01-01,285745,169406,1.686747,266,0.09309,1.161391,1.081139,308.93,188.0,0,1.643245,0.0,0,0.0,0.0,0,0.0,0,0,0,0,0,0,0.0,0,0.0,0,0,0,13862.0,0,0.022286,50.0,0,0,13862.0,0,0.022286,0,0,0,0.0,0,0,0.0,0,0,UNKNOWN,UNKNOWN,UNKNOWN,39.0,NR,3405.0,1235.0,678.0,347.0
ALC - NATAL 25,120234821449200075,OUTCOME_AWARENESS,2026-01-01,444870,384253,1.157753,655,0.147234,0.539435,0.794232,353.33,263.0,0,1.34346,3.0,0,117.776667,0.0,0,0.0,0,0,0,0,0,0,0.0,0,0.0,0,0,0,27778.0,0,0.01272,112.0,0,0,27778.0,0,0.01272,0,0,0,0.0,0,0,0.0,0,0,UNKNOWN,UNKNOWN,UNKNOWN,235.0,NR,8132.0,2925.0,1348.0,815.0
TRAF - NATAL 25,120234821911100075,LINK_CLICKS,2026-01-01,95122,58776,1.618382,4155,4.368075,0.063112,2.756776,262.23,1777.0,0,0.147569,1485.0,0,0.176586,0.0,0,0.0,0,0,0,0,0,0,0.0,0,0.0,0,0,0,11609.0,0,0.022589,178.0,0,0,11612.0,0,0.022583,0,0,0,0.0,0,0,0.0,0,0,UNKNOWN,UNKNOWN,UNKNOWN,1776.0,NR,5497.0,2773.0,1871.0,1198.0
ALC - Nova Arezzo,120235811959840075,OUTCOME_AWARENESS,2026-01-01,143040,122504,1.167635,131,0.091583,0.957252,0.876678,125.4,89.0,0,1.408989,0.0,0,0.0,0.0,0,0.0,0,0,0,0,0,0,0.0,0,0.0,0,0,0,6483.0,0,0.019343,31.0,0,0,6483.0,0,0.019343,0,0,0,0.0,0,0,0.0,0,0,UNKNOWN,UNKNOWN,UNKNOWN,0.0,NR,1371.0,456.0,268.0,135.0
ALC - Panetone Cacau Show,120237294698980075,OUTCOME_AWARENESS,2026-01-01,67818,63609,1.06617,80,0.117963,0.598875,0.70645,47.91,55.0,0,0.871091,0.0,0,0.0,0.0,0,0.0,0,0,0,0,0,0,0.0,0,0.0,0,0,0,5590.0,0,0.008571,26.0,0,0,5590.0,0,0.008571,0,0,0,0.0,0,0,0.0,0,0,UNKNOWN,UNKNOWN,UNKNOWN,0.0,NR,1728.0,804.0,237.0,115.0
ALC - Dragões,120238057106590075,OUTCOME_AWARENESS,2026-01-01,360013,308975,1.165185,267,0.074164,1.869813,1.386728,499.24,12.0,0,41.603333,0.0,0,0.0,0.0,0,0.0,0,0,0,0,0,0,0.0,0,0.0,0,0,0,175.0,0,2.8528,117.0,0,0,175.0,0,2.8528,0,0,0,0.0,0,0,0.0,0,0,UNKNOWN,UNKNOWN,UNKNOWN,6.0,NR,,,,
ALC - LIQUIDA 25,120238153011580075,OUTCOME_AWARENESS,2026-01-01,1393297,1064791,1.308517,1692,0.121439,1.767335,2.146226,2990.33,1281.0,0,2.334372,3.0,0,996.776667,0.0,0,0.0,0,0,0,0,0,0,0.0,0,0.0,0,0,0,57887.0,0,0.051658,203.0,0,0,57887.0,0,0.051658,0,0,0,0.0,0,0,0.0,0,0,UNKNOWN,UNKNOWN,UNKNOWN,0.0,NR,38278.0,17233.0,9931.0,6154.0
ALC - VOLTA AS AULAS,120238242974080075,OUTCOME_AWARENESS,2026-01-01,234106,160450,1.459059,433,0.184959,0.815081,1.507565,352.93,238.0,0,1.482899,1.0,0,352.93,0.0,0,0.0,0,0,0,0,0,0,0.0,0,0.0,0,0,0,28540.0,0,0.012366,119.0,0,0,28540.0,0,0.012366,0,0,0,0.0,0,0,0.0,0,0,UNKNOWN,UNKNOWN,UNKNOWN,0.0,NR,2525.0,945.0,537.0,355.0
ALC - Wow Park,120238243719230075,OUTCOME_AWARENESS,2026-01-01,356975,228112,1.564911,567,0.158835,0.850476,1.350851,482.22,307.0,0,1.570749,1.0,0,482.22,0.0,0,0.0,0,0,0,0,0,0,0.0,0,0.0,0,0,0,22640.0,0,0.021299,127.0,0,0,22640.0,0,0.021299,0,0,0,0.0,0,0,0.0,0,0,UNKNOWN,UNKNOWN,UNKNOWN,0.0,NR,4233.0,1067.0,510.0,311.0
ALC - PISTA DE PATINAÇAO,120238346134830075,OUTCOME_AWARENESS,2026-01-01,434060,232385,1.867849,892,0.205502,0.670235,1.377344,597.85,457.0,0,1.308206,2.0,0,298.925,0.0,0,0.0,0,0,0,0,0,0,0.0,0,0.0,0,0,0,34730.0,0,0.017214,170.0,0,0,34730.0,0,0.017214,0,0,0,0.0,0,0,0.0,0,0,UNKNOWN,UNKNOWN,UNKNOWN,0.0,NR,20489.0,7338.0,3733.0,2595.0
ENG - GANHADOR CARRO,120238391288220075,OUTCOME_ENGAGEMENT,2026-01-01,21480,18790,1.143161,81,0.377095,1.234321,4.654562,99.98,31.0,0,3.225161,0.0,0,0.0,0.0,0,0.0,0,0,0,0,0,0,0.0,0,0.0,0,0,0,9661.0,0,0.010349,234.0,0,0,9661.0,0,0.010349,0,0,0,0.0,0,0,0.0,0,0,UNKNOWN,UNKNOWN,UNKNOWN,11.0,NR,3155.0,2180.0,1313.0,703.0
ALC - Inauguração Freddo Gelateria,120238539202460075,OUTCOME_AWARENESS,2026-01-01,241136,139012,1.734642,249,0.103261,1.235382,1.27567,307.61,180.0,0,1.708944,0.0,0,0.0,0.0,0,0.0,0,0,0,0,0,0,0.0,0,0.0,0,0,0,208.0,0,1.478894,23.0,0,0,208.0,0,1.478894,0,0,0,0.0,0,0,0.0,0,0,UNKNOWN,UNKNOWN,UNKNOWN,0.0,NR,,,,
ALC - Dragões,120238712803660075,OUTCOME_AWARENESS,2026-01-01,219430,151998,1.443637,433,0.197329,0.668129,1.318416,289.3,114.0,0,2.537719,45.0,0,6.428889,0.0,0,0.0,0,0,0,0,0,0,0.0,0,0.0,0,0,0,14592.0,0,0.019826,93.0,0,0,14592.0,0,0.019826,0,0,0,0.0,0,0,0.0,0,0,UNKNOWN,UNKNOWN,UNKNOWN,107.0,NR,1747.0,499.0,277.0,122.0
ALC - Show Kpop,120238712911550075,OUTCOME_AWARENESS,2026-01-01,386124,246713,1.565074,508,0.131564,1.082461,1.424128,549.89,20.0,0,27.4945,0.0,0,0.0,0.0,0,0.0,0,0,0,0,0,0,0.0,0,0.0,0,0,0,39757.0,0,0.013831,131.0,0,0,39757.0,0,0.013831,0,0,0,0.0,0,0,0.0,0,0,UNKNOWN,UNKNOWN,UNKNOWN,11.0,NR,26158.0,9807.0,5739.0,3289.0
ALC | Moda Feminina,120218457714640075,OUTCOME_AWARENESS,2026-02-01,50633,49940,1.013877,34,0.06715,1.769118,1.18796,60.15,25.0,0,2.406,1.0,0,60.15,0.0,0,0.0,0,0,0,0,0,0,0.0,0,0.0,0,0,0,1185.0,0,0.050759,4.0,0,0,1185.0,0,0.050759,0,0,0,0.0,0,0,0.0,0,0,UNKNOWN,UNKNOWN,UNKNOWN,5.0,NR,481.0,200.0,91.0,65.0
ALC | Moda masculina,120218468471470075,OUTCOME_AWARENESS,2026-02-01,50534,48388,1.04435,56,0.110816,1.073571,1.189694,60.12,43.0,0,1.39814,0.0,0,0.0,0.0,0,0.0,0,0,0,0,0,0,0.0,0,0.0,0,0,0,1786.0,0,0.033662,8.0,0,0,1786.0,0,0.033662,0,0,0,0.0,0,0,0.0,0,0,UNKNOWN,UNKNOWN,UNKNOWN,3.0,NR,1454.0,518.0,268.0,190.0
ALC - Lojas - Inauguração/ Gastronomia,120218470856850075,OUTCOME_AWARENESS,2026-02-01,49460,49451,1.000182,61,0.123332,0.988689,1.219369,60.31,36.0,0,1.675278,0.0,0,0.0,0.0,0,0.0,0,0,0,0,0,0,0.0,0,0.0,0,0,0,1695.0,0,0.035581,3.0,0,0,1695.0,0,0.035581,0,0,0,0.0,0,0,0.0,0,0,UNKNOWN,UNKNOWN,UNKNOWN,0.0,NR,454.0,171.0,85.0,44.0
ALC - VOLTA AS AULAS,120238242974080075,OUTCOME_AWARENESS,2026-02-01,80794,80601,1.002395,119,0.147288,0.976218,1.437854,116.17,77.0,0,1.508701,0.0,0,0.0,0.0,0,0.0,0,0,0,0,0,0,0.0,0,0.0,0,0,0,9070.0,0,0.012808,37.0,0,0,9070.0,0,0.012808,0,0,0,0.0,0,0,0.0,0,0,UNKNOWN,UNKNOWN,UNKNOWN,0.0,NR,1186.0,422.0,245.0,171.0
ALC - Wow Park,120238243719230075,OUTCOME_AWARENESS,2026-02-01,115229,110984,1.038249,150,0.130176,1.002133,1.304533,150.32,83.0,0,1.811084,0.0,0,0.0,0.0,0,0.0,0,0,0,0,0,0,0.0,0,0.0,0,0,0,6785.0,0,0.022155,28.0,0,0,6785.0,0,0.022155,0,0,0,0.0,0,0,0.0,0,0,UNKNOWN,UNKNOWN,UNKNOWN,0.0,NR,1315.0,316.0,144.0,78.0
ALC - PISTA DE PATINAÇAO,120238346134830075,OUTCOME_AWARENESS,2026-02-01,258721,198133,1.305795,324,0.125231,1.002068,1.254904,324.67,196.0,0,1.65648,3.0,0,108.223333,0.0,0,0.0,0,0,0,0,0,0,0.0,0,0.0,0,0,0,10738.0,0,0.030236,37.0,0,0,10738.0,0,0.030236,0,0,0,0.0,0,0,0.0,0,0,UNKNOWN,UNKNOWN,UNKNOWN,0.0,NR,2620.0,889.0,430.0,284.0
ALC - Inauguração Freddo Gelateria,120238539202460075,OUTCOME_AWARENESS,2026-02-01,151820,115370,1.31594,165,0.108681,1.093333,1.188249,180.4,125.0,0,1.4432,0.0,0,0.0,0.0,0,0.0,0,0,0,0,0,0,0.0,0,0.0,0,0,0,131.0,0,1.377099,6.0,0,0,131.0,0,1.377099,0,0,0,0.0,0,0,0.0,0,0,UNKNOWN,UNKNOWN,UNKNOWN,0.0,NR,,,,
ALC - Dragões,120238712803660075,OUTCOME_AWARENESS,2026-02-01,275031,194020,1.417539,550,0.199977,0.601618,1.203101,330.89,110.0,0,3.008091,39.0,0,8.484359,0.0,0,0.0,0,0,0,0,0,0,0.0,0,0.0,0,0,0,19089.0,0,0.017334,143.0,0,0,19089.0,0,0.017334,0,0,0,0.0,0,0,0.0,0,0,UNKNOWN,UNKNOWN,UNKNOWN,99.0,NR,2322.0,646.0,363.0,180.0
ALC - A menina da casa mágica,120238985043830075,OUTCOME_AWARENESS,2026-02-01,199981,135437,1.476561,380,0.190018,0.731868,1.390682,278.11,286.0,0,0.972413,135.0,0,2.060074,0.0,0,0.0,0,0,0,0,0,0,0.0,0,0.0,0,0,0,5969.0,0,0.046592,19.0,0,0,5969.0,0,0.046592,0,0,0,0.0,0,0,0.0,0,0,UNKNOWN,UNKNOWN,UNKNOWN,286.0,NR,2902.0,1322.0,740.0,227.0
ALC - Bailinho de Carnaval,120238985339690075,OUTCOME_AWARENESS,2026-02-01,127078,92054,1.380472,175,0.137711,0.970057,1.335872,169.76,117.0,0,1.45094,39.0,0,4.352821,0.0,0,0.0,0,0,0,0,0,0,0.0,0,0.0,0,0,0,4234.0,0,0.040094,15.0,0,0,4234.0,0,0.040094,0,0,0,0.0,0,0,0.0,0,0,UNKNOWN,UNKNOWN,UNKNOWN,117.0,NR,1321.0,628.0,143.0,93.0
ALC - Semana do Cinema Jan 25,120238985527080075,OUTCOME_AWARENESS,2026-02-01,106434,78546,1.355053,290,0.272469,0.473207,1.289344,137.23,219.0,0,0.626621,91.0,0,1.508022,0.0,0,0.0,0,0,0,0,0,0,0.0,0,0.0,0,0,0,248.0,0,0.553347,10.0,0,0,248.0,0,0.553347,0,0,0,0.0,0,0,0.0,0,0,UNKNOWN,UNKNOWN,UNKNOWN,219.0,NR,,,,
ALC | Moda Feminina,120218457714640075,OUTCOME_AWARENESS,2026-02-07,268213,199245,1.346147,244,0.090972,1.401393,1.274882,341.94,174.0,0,1.965172,19.0,0,17.996842,0.0,0,0.0,0,0,0,0,0,0,0.0,0,0.0,0,0,0,10126.0,0,0.033769,24.0,0,0,10126.0,0,0.033769,0,0,0,0.0,0,0,0.0,0,0,UNKNOWN,UNKNOWN,UNKNOWN,56.0,NR,4209.0,1633.0,862.0,605.0
ALC | Moda masculina,120218468471470075,OUTCOME_AWARENESS,2026-02-07,270182,188885,1.430405,278,0.102894,1.245252,1.281284,346.18,202.0,0,1.713762,0.0,0,0.0,0.0,0,0.0,0,0,0,0,0,0,0.0,0,0.0,0,0,0,6539.0,0,0.052941,30.0,0,0,6539.0,0,0.052941,0,0,0,0.0,0,0,0.0,0,0,UNKNOWN,UNKNOWN,UNKNOWN,24.0,NR,9181.0,3238.0,1819.0,1259.0
ALC - Lojas - Inauguração/ Gastronomia,120218470856850075,OUTCOME_AWARENESS,2026-02-07,378649,261449,1.448271,434,0.114618,1.195023,1.369712,518.64,305.0,0,1.700459,3.0,0,172.88,0.0,0,0.0,0,0,0,0,0,0,0.0,0,0.0,0,0,0,17563.0,0,0.02953,78.0,0,0,17563.0,0,0.02953,0,0,0,0.0,0,0,0.0,0,0,UNKNOWN,UNKNOWN,UNKNOWN,15.0,NR,3855.0,1319.0,681.0,381.0
ALC - VOLTA AS AULAS,120238242974080075,OUTCOME_AWARENESS,2026-02-07,21117,20702,1.020046,21,0.099446,1.468095,1.459961,30.83,18.0,0,1.712778,0.0,0,0.0,0.0,0,0.0,0,0,0,0,0,0,0.0,0,0.0,0,0,0,1969.0,0,0.015658,6.0,0,0,1969.0,0,0.015658,0,0,0,0.0,0,0,0.0,0,0,UNKNOWN,UNKNOWN,UNKNOWN,0.0,NR,346.0,121.0,74.0,41.0
ALC - Wow Park,120238243719230075,OUTCOME_AWARENESS,2026-02-07,406654,244026,1.666437,608,0.149513,0.903684,1.351124,549.44,428.0,0,1.283738,3.0,0,183.146667,0.0,0,0.0,0,0,0,0,0,0,0.0,0,0.0,0,0,0,9525.0,0,0.057684,58.0,0,0,9525.0,0,0.057684,0,0,0,0.0,0,0,0.0,0,0,UNKNOWN,UNKNOWN,UNKNOWN,1.0,NR,2087.0,567.0,301.0,197.0
ALC - PISTA DE PATINAÇAO,120238346134830075,OUTCOME_AWARENESS,2026-02-07,944593,376250,2.510546,1047,0.110841,1.14022,1.263835,1193.81,632.0,0,1.88894,3.0,0,397.936667,0.0,0,0.0,0,0,0,0,0,0,0.0,0,0.0,0,0,0,36562.0,0,0.032652,155.0,0,0,36562.0,0,0.032652,0,0,0,0.0,0,0,0.0,0,0,UNKNOWN,UNKNOWN,UNKNOWN,1.0,NR,8828.0,4173.0,1586.0,939.0
ALC - Inauguração Freddo Gelateria,120238539202460075,OUTCOME_AWARENESS,2026-02-07,416005,211778,1.964345,631,0.151681,0.790269,1.198688,498.66,240.0,0,2.07775,0.0,0,0.0,0.0,0,0.0,0,0,0,0,0,0,0.0,0,0.0,0,0,0,24742.0,0,0.020154,89.0,0,0,24742.0,0,0.020154,0,0,0,0.0,0,0,0.0,0,0,UNKNOWN,UNKNOWN,UNKNOWN,0.0,NR,3844.0,953.0,553.0,383.0
ALC - Dragões,120238712803660075,OUTCOME_AWARENESS,2026-02-07,536929,300285,1.788065,1196,0.222748,0.560886,1.249364,670.82,217.0,0,3.091336,103.0,0,6.512816,0.0,0,0.0,0,0,0,0,0,0,0.0,0,0.0,0,0,0,38283.0,0,0.017523,261.0,0,0,38283.0,0,0.017523,0,0,0,0.0,0,0,0.0,0,0,UNKNOWN,UNKNOWN,UNKNOWN,199.0,NR,5500.0,1956.0,934.0,512.0
ALC - A menina da casa mágica,120238985043830075,OUTCOME_AWARENESS,2026-02-07,15493,15385,1.00702,32,0.206545,0.68375,1.412251,21.88,22.0,0,0.994545,13.0,0,1.683077,0.0,0,0.0,0,0,0,0,0,0,0.0,0,0.0,0,0,0,166.0,0,0.131807,0.0,0,0,166.0,0,0.131807,0,0,0,0.0,0,0,0.0,0,0,UNKNOWN,UNKNOWN,UNKNOWN,22.0,NR,62.0,15.0,6.0,4.0
ALC - Bailinho de Carnaval,120238985339690075,OUTCOME_AWARENESS,2026-02-07,243209,178042,1.36602,302,0.124173,1.092384,1.356447,329.9,223.0,0,1.479372,77.0,0,4.284416,0.0,0,0.0,0,0,0,0,0,0,0.0,0,0.0,0,0,0,6323.0,0,0.052175,20.0,0,0,6323.0,0,0.052175,0,0,0,0.0,0,0,0.0,0,0,UNKNOWN,UNKNOWN,UNKNOWN,217.0,NR,1865.0,787.0,171.0,109.0
ALC - Semana do Cinema Jan 25,120238985527080075,OUTCOME_AWARENESS,2026-02-07,127196,108254,1.174977,276,0.216988,0.58971,1.2796,162.76,214.0,0,0.760561,101.0,0,1.611485,0.0,0,0.0,0,0,0,0,0,0,0.0,0,0.0,0,0,0,240.0,0,0.678167,16.0,0,0,240.0,0,0.678167,0,0,0,0.0,0,0,0.0,0,0,UNKNOWN,UNKNOWN,UNKNOWN,214.0,NR,,,,
ALC - Brasileirisse,120239236381150075,OUTCOME_AWARENESS,2026-02-07,161152,94840,1.699199,191,0.118522,1.04712,1.241064,200.0,132.0,0,1.515152,50.0,0,4.0,0.0,0,0.0,0,0,0,0,0,0,0.0,0,0.0,0,0,0,7362.0,0,0.027167,34.0,0,0,7362.0,0,0.027167,0,0,0,0.0,0,0,0.0,0,0,UNKNOWN,UNKNOWN,UNKNOWN,132.0,NR,1197.0,376.0,190.0,106.0
ALC - Feira de adoção pet,120239353688880075,OUTCOME_AWARENESS,2026-02-07,41073,31581,1.30056,43,0.104692,1.124884,1.177659,48.37,26.0,0,1.860385,0.0,0,0.0,0.0,0,0.0,0,0,0,0,0,0,0.0,0,0.0,0,0,0,37.0,0,1.307297,10.0,0,0,37.0,0,1.307297,0,0,0,0.0,0,0,0.0,0,0,UNKNOWN,UNKNOWN,UNKNOWN,1.0,NR,,,,
ALC - Oficina de RPG,120239356883300075,OUTCOME_AWARENESS,2026-02-07,147623,110950,1.330536,209,0.141577,0.956316,1.353922,199.87,164.0,0,1.21872,0.0,0,0.0,0.0,0,0.0,0,0,0,0,0,0,0.0,0,0.0,0,0,0,171.0,0,1.16883,5.0,0,0,171.0,0,1.16883,0,0,0,0.0,0,0,0.0,0,0,UNKNOWN,UNKNOWN,UNKNOWN,164.0,NR,,,,
ALC - Aventura Congelante,120239402846960075,OUTCOME_AWARENESS,2026-02-07,221974,133964,1.656968,395,0.177949,0.631797,1.124276,249.56,160.0,0,1.55975,1.0,0,249.56,0.0,0,0.0,0,0,0,0,0,0,0.0,0,0.0,0,0,0,18181.0,0,0.013726,83.0,0,0,18181.0,0,0.013726,0,0,0,0.0,0,0,0.0,0,0,UNKNOWN,UNKNOWN,UNKNOWN,160.0,NR,23244.0,8546.0,3954.0,2355.0
ALC - Encerramento Carnval,120239714623330075,OUTCOME_AWARENESS,2026-02-07,92797,68699,1.350777,18,0.019397,6.080556,1.179456,109.45,0.0,0,0.0,0.0,0,0.0,0.0,0,0.0,0,0,0,0,0,0,0.0,0,0.0,0,0,0,2874.0,0,0.038083,14.0,0,0,2874.0,0,0.038083,0,0,0,0.0,0,0,0.0,0,0,UNKNOWN,UNKNOWN,UNKNOWN,0.0,NR,641.0,116.0,64.0,35.0
ALC - Volksfriends,120239716062130075,OUTCOME_AWARENESS,2026-02-07,248670,169572,1.466457,358,0.143966,0.837905,1.206298,299.97,254.0,0,1.180984,0.0,0,0.0,0.0,0,0.0,0,0,0,0,0,0,0.0,0,0.0,0,0,0,296.0,0,1.013412,36.0,0,0,296.0,0,1.013412,0,0,0,0.0,0,0,0.0,0,0,UNKNOWN,UNKNOWN,UNKNOWN,0.0,NR,,,,
ALC - Norte Cafe,120239888343150075,OUTCOME_AWARENESS,2026-02-07,61652,45991,1.340523,40,0.06488,1.9995,1.297282,79.98,27.0,0,2.962222,0.0,0,0.0,0.0,0,0.0,0,0,0,0,0,0,0.0,0,0.0,0,0,0,2069.0,0,0.038656,7.0,0,0,2069.0,0,0.038656,0,0,0,0.0,0,0,0.0,0,0,UNKNOWN,UNKNOWN,UNKNOWN,0.0,NR,956.0,437.0,133.0,88.0
ALC - Filme Todo mundo em Panico,120239890360550075,OUTCOME_AWARENESS,2026-02-07,4,4,1.0,0,0.0,0.0,0.0,0.0,0.0,0,0.0,0.0,0,0.0,0.0,0,0.0,0,0,0,0,0,0,0.0,0,0.0,0,0,0,0.0,0,0.0,0.0,0,0,0.0,0,0.0,0,0,0,0.0,0,0,0.0,0,0,UNKNOWN,UNKNOWN,UNKNOWN,0.0,NR,,,,
ALC - Todo mundo em panico,120239954131620075,OUTCOME_AWARENESS,2026-02-07,76874,58382,1.316741,36,0.04683,3.007778,1.408539,108.28,11.0,0,9.843636,4.0,0,27.07,0.0,0,0.0,0,0,0,0,0,0,0.0,0,0.0,0,0,0,2758.0,0,0.03926,15.0,0,0,2758.0,0,0.03926,0,0,0,0.0,0,0,0.0,0,0,UNKNOWN,UNKNOWN,UNKNOWN,10.0,NR,977.0,456.0,188.0,135.0
ALC- Massinha Play-Doh,120240047519830075,OUTCOME_AWARENESS,2026-02-07,64454,60896,1.058427,18,0.027927,5.555556,1.551494,100.0,0.0,0,0.0,0.0,0,0.0,0.0,0,0.0,0,0,0,0,0,0,0.0,0,0.0,0,0,0,2588.0,0,0.03864,8.0,0,0,2588.0,0,0.03864,0,0,0,0.0,0,0,0.0,0,0,UNKNOWN,UNKNOWN,UNKNOWN,0.0,NR,1515.0,589.0,359.0,178.0
ALC | Moda Feminina,120218457714640075,OUTCOME_AWARENESS,2026-03-01,397703,285333,1.393821,425,0.106864,1.202024,1.284526,510.86,237.0,0,2.155527,45.0,0,11.352444,1.0,0,510.86,0,0,0,0,0,0,14.0,0,36.49,0,0,0,18147.0,0,0.028151,101.0,0,0,18147.0,0,0.028151,0,0,0,1.0,0,0,85.0,0,0,UNKNOWN,UNKNOWN,UNKNOWN,103.0,NR,11994.0,4505.0,2296.0,1528.0
ALC | Moda masculina,120218468471470075,OUTCOME_AWARENESS,2026-03-01,344322,256372,1.343056,321,0.093227,1.381776,1.288184,443.55,220.0,0,2.016136,0.0,0,0.0,0.0,0,0.0,0,0,0,0,0,0,0.0,0,0.0,0,0,0,11680.0,0,0.037975,39.0,0,0,11680.0,0,0.037975,0,0,0,0.0,0,0,0.0,0,0,UNKNOWN,UNKNOWN,UNKNOWN,18.0,NR,17327.0,6224.0,3392.0,2306.0
ALC - Lojas - Inauguração/ Gastronomia,120218470856850075,OUTCOME_AWARENESS,2026-03-01,666849,458547,1.454265,707,0.106021,1.317072,1.396373,931.17,500.0,0,1.86234,1.0,0,931.17,0.0,0,0.0,0,0,0,0,0,0,3.0,0,310.39,0,0,0,27462.0,0,0.033908,111.0,0,0,27462.0,0,0.033908,0,0,0,0.0,0,0,21.0,0,0,UNKNOWN,UNKNOWN,UNKNOWN,14.0,NR,5121.0,1557.0,824.0,522.0
ALC - Wow Park,120238243719230075,OUTCOME_AWARENESS,2026-03-01,85660,80395,1.065489,126,0.147093,0.864683,1.271889,108.95,84.0,0,1.297024,0.0,0,0.0,0.0,0,0.0,0,0,0,0,0,0,0.0,0,0.0,0,0,0,4165.0,0,0.026158,24.0,0,0,4165.0,0,0.026158,0,0,0,0.0,0,0,0.0,0,0,UNKNOWN,UNKNOWN,UNKNOWN,0.0,NR,853.0,216.0,107.0,60.0
ALC - PISTA DE PATINAÇAO,120238346134830075,OUTCOME_AWARENESS,2026-03-01,188222,151937,1.238816,221,0.117415,1.012579,1.188915,223.78,155.0,0,1.443742,0.0,0,0.0,0.0,0,0.0,0,0,0,0,0,0,0.0,0,0.0,0,0,0,9155.0,0,0.024443,39.0,0,0,9155.0,0,0.024443,0,0,0,0.0,0,0,0.0,0,0,UNKNOWN,UNKNOWN,UNKNOWN,0.0,NR,3186.0,1401.0,481.0,294.0
ALC - Todo mundo em panico,120239954131620075,OUTCOME_AWARENESS,2026-03-01,592386,365303,1.621629,726,0.122555,1.173168,1.437779,851.72,416.0,0,2.047404,278.0,0,3.063741,0.0,0,0.0,0,0,0,0,0,0,0.0,0,0.0,0,0,0,49313.0,0,0.017272,583.0,0,0,49313.0,0,0.017272,0,0,0,0.0,0,0,0.0,0,0,UNKNOWN,UNKNOWN,UNKNOWN,415.0,NR,11083.0,4387.0,2658.0,1692.0
ALC - FitDance Colors,120239964730160075,OUTCOME_AWARENESS,2026-03-01,172723,156016,1.107085,315,0.182373,0.925873,1.688542,291.65,257.0,0,1.134825,2.0,0,145.825,0.0,0,0.0,0,0,0,0,0,0,0.0,0,0.0,0,0,0,288.0,0,1.012674,28.0,0,0,288.0,0,1.012674,0,0,0,0.0,0,0,0.0,0,0,UNKNOWN,UNKNOWN,UNKNOWN,256.0,NR,,,,
ALC- PASSAPORTE ELAS,120240201228560075,OUTCOME_AWARENESS,2026-03-01,864427,510461,1.693424,1711,0.197935,1.168182,2.312237,1998.76,1425.0,0,1.402639,391.0,0,5.111918,0.0,0,0.0,0,0,0,0,0,0,0.0,0,0.0,0,0,0,48112.0,0,0.041544,166.0,0,0,48110.0,0,0.041546,0,0,0,0.0,0,0,0.0,0,0,UNKNOWN,UNKNOWN,UNKNOWN,1422.0,NR,11603.0,2506.0,1475.0,938.0
ALC - Coelho Flock,120240253340710075,OUTCOME_AWARENESS,2026-03-01,235198,147239,1.597389,263,0.111821,1.159696,1.29678,305.0,219.0,0,1.392694,1.0,0,305.0,0.0,0,0.0,0,0,0,0,0,0,0.0,0,0.0,0,0,0,238.0,0,1.281513,16.0,0,0,238.0,0,1.281513,0,0,0,0.0,0,0,0.0,0,0,UNKNOWN,UNKNOWN,UNKNOWN,219.0,NR,,,,
ALC - Fitdance Colors 26,120240304229740075,OUTCOME_AWARENESS,2026-03-01,85516,72058,1.186766,90,0.105243,1.333333,1.403246,120.0,66.0,0,1.818182,1.0,0,120.0,0.0,0,0.0,0,0,0,0,0,0,0.0,0,0.0,0,0,0,4528.0,0,0.026502,13.0,0,0,4528.0,0,0.026502,0,0,0,0.0,0,0,0.0,0,0,UNKNOWN,UNKNOWN,UNKNOWN,1.0,NR,1279.0,595.0,136.0,86.0
ALC - Semana do Consumidor,120240503401510075,OUTCOME_AWARENESS,2026-03-01,169789,134672,1.260759,237,0.139585,1.265823,1.766899,300.0,189.0,0,1.587302,1.0,0,300.0,1.0,0,300.0,0,0,0,0,0,0,13.0,0,23.076923,0,0,0,4921.0,0,0.060963,21.0,0,0,4921.0,0,0.060963,0,0,0,1.0,0,0,96.0,0,0,UNKNOWN,UNKNOWN,UNKNOWN,189.0,NR,298.0,113.0,54.0,20.0
ALC - Pet Day - Corrida Pet,120240504098140075,OUTCOME_AWARENESS,2026-03-01,94969,85921,1.105306,150,0.157946,0.8612,1.360233,129.18,124.0,0,1.041774,1.0,0,129.18,0.0,0,0.0,0,0,0,0,0,0,1.0,0,129.18,0,0,0,143.0,0,0.903357,8.0,0,0,143.0,0,0.903357,0,0,0,0.0,0,0,18.0,0,0,UNKNOWN,UNKNOWN,UNKNOWN,123.0,NR,,,,
ALC - Show BTS,120240504770880075,OUTCOME_AWARENESS,2026-03-01,15003,14208,1.055954,21,0.139972,0.901429,1.261748,18.93,19.0,0,0.996316,12.0,0,1.5775,0.0,0,0.0,0,0,0,0,0,0,0.0,0,0.0,0,0,0,19.0,0,0.996316,0.0,0,0,19.0,0,0.996316,0,0,0,0.0,0,0,0.0,0,0,UNKNOWN,UNKNOWN,UNKNOWN,19.0,NR,,,,
ALC - Pokemon,120240557522400075,OUTCOME_AWARENESS,2026-03-01,132188,95147,1.389303,143,0.108179,1.398392,1.51277,199.97,94.0,0,2.12734,0.0,0,0.0,1.0,0,199.97,0,0,0,0,0,0,4.0,0,49.9925,0,0,0,4966.0,0,0.040268,23.0,0,0,4966.0,0,0.040268,0,0,0,1.0,0,0,30.0,0,0,UNKNOWN,UNKNOWN,UNKNOWN,0.0,NR,1907.0,898.0,233.0,171.0
ALC - Páscoa Cacau Show,120240557649330075,OUTCOME_AWARENESS,2026-03-01,134561,77146,1.744238,150,0.111474,1.252533,1.396244,187.88,3.0,0,62.626667,0.0,0,0.0,0.0,0,0.0,0,0,0,0,0,0,3.0,0,62.626667,0,0,0,7064.0,0,0.026597,44.0,0,0,7064.0,0,0.026597,0,0,0,0.0,0,0,37.0,0,0,UNKNOWN,UNKNOWN,UNKNOWN,0.0,NR,2167.0,676.0,482.0,257.0
ALC - Dia da Pipoca,120240704751670075,OUTCOME_AWARENESS,2026-03-01,99051,85239,1.162039,203,0.204945,0.738719,1.513968,149.96,145.0,0,1.034207,2.0,0,74.98,0.0,0,0.0,0,0,0,0,0,0,4.0,0,37.49,0,0,0,153.0,0,0.980131,2.0,0,0,153.0,0,0.980131,0,0,0,0.0,0,0,56.0,0,0,UNKNOWN,UNKNOWN,UNKNOWN,0.0,NR,,,,
ALC - Torresmo Fest,120240704864930075,OUTCOME_AWARENESS,2026-03-01,221276,123990,1.784628,327,0.147779,0.982966,1.45262,321.43,255.0,0,1.26051,1.0,0,321.43,0.0,0,0.0,0,0,0,0,0,0,12.0,0,26.785833,0,0,0,1290.0,0,0.249171,20.0,0,0,1290.0,0,0.249171,0,0,0,0.0,0,0,90.0,0,0,UNKNOWN,UNKNOWN,UNKNOWN,0.0,NR,1761.0,681.0,393.0,266.0
ALC - ELITE BTS,120240709726080075,OUTCOME_AWARENESS,2026-03-01,237286,148135,1.601823,370,0.15593,0.945784,1.47476,349.94,270.0,0,1.296074,2.0,0,174.97,0.0,0,0.0,0,0,0,0,0,0,0.0,0,0.0,0,0,0,343.0,0,1.020233,33.0,0,0,343.0,0,1.020233,0,0,0,0.0,0,0,0.0,0,0,UNKNOWN,UNKNOWN,UNKNOWN,1.0,NR,,,,
ALC - ANIVERSARIO DE INDAIAL,120240851897790075,OUTCOME_AWARENESS,2026-03-01,94462,66416,1.422278,133,0.140797,1.12782,1.58794,150.0,73.0,0,2.054795,1.0,0,150.0,0.0,0,0.0,0,0,0,0,0,0,0.0,0,0.0,0,0,0,4518.0,0,0.033201,11.0,0,0,4518.0,0,0.033201,0,0,0,0.0,0,0,0.0,0,0,UNKNOWN,UNKNOWN,UNKNOWN,0.0,NR,1020.0,236.0,98.0,53.0
ALC - Economéqui,120240856916080075,OUTCOME_AWARENESS,2026-03-01,90794,64354,1.410852,185,0.203758,0.674973,1.375311,124.87,107.0,0,1.167009,32.0,0,3.902188,0.0,0,0.0,0,0,0,0,0,0,0.0,0,0.0,0,0,0,135.0,0,0.924963,23.0,0,0,135.0,0,0.924963,0,0,0,0.0,0,0,0.0,0,0,UNKNOWN,UNKNOWN,UNKNOWN,107.0,NR,,,,
ALC - Promo Iphone,120241124936590075,OUTCOME_AWARENESS,2026-03-01,3667,3591,1.021164,4,0.109081,1.2325,1.344423,4.93,2.0,0,2.465,0.0,0,0.0,0.0,0,0.0,0,0,0,0,0,0,0.0,0,0.0,0,0,0,3.0,0,1.643333,1.0,0,0,3.0,0,1.643333,0,0,0,0.0,0,0,0.0,0,0,UNKNOWN,UNKNOWN,UNKNOWN,2.0,NR,,,,
ALC - Crepusculo,120241125679200075,OUTCOME_AWARENESS,2026-03-01,3800,3793,1.001846,11,0.289474,0.442727,1.281579,4.87,4.0,0,1.2175,2.0,0,2.435,0.0,0,0.0,0,0,0,0,0,0,0.0,0,0.0,0,0,0,325.0,0,0.014985,7.0,0,0,325.0,0,0.014985,0,0,0,0.0,0,0,0.0,0,0,UNKNOWN,UNKNOWN,UNKNOWN,4.0,NR,108.0,46.0,14.0,9.0
ALC - Caça aos ovos,120241125848920075,OUTCOME_AWARENESS,2026-03-01,10490,10307,1.017755,26,0.247855,0.765385,1.897045,19.9,17.0,0,1.170588,4.0,0,4.975,0.0,0,0.0,0,0,0,0,0,0,0.0,0,0.0,0,0,0,964.0,0,0.020643,2.0,0,0,964.0,0,0.020643,0,0,0,0.0,0,0,0.0,0,0,UNKNOWN,UNKNOWN,UNKNOWN,16.0,NR,667.0,221.0,119.0,77.0
ALC - Super Mário - Pré-venda Filme,120241125976290075,OUTCOME_AWARENESS,2026-03-01,6247,6247,1.0,16,0.256123,0.58375,1.495118,9.34,4.0,0,2.335,0.0,0,0.0,0.0,0,0.0,0,0,0,0,0,0,0.0,0,0.0,0,0,0,589.0,0,0.015857,3.0,0,0,589.0,0,0.015857,0,0,0,0.0,0,0,5.0,0,0,UNKNOWN,UNKNOWN,UNKNOWN,2.0,NR,228.0,81.0,42.0,12.0
TRAF - FRANQUIAS,120241527985860075,OUTCOME_AWARENESS,2026-03-01,43651,42067,1.037654,60,0.137454,0.972667,1.336968,58.36,47.0,0,1.241702,0.0,0,0.0,0.0,0,0.0,0,0,0,0,0,0,0.0,0,0.0,0,0,0,118.0,0,0.494576,1.0,0,0,118.0,0,0.494576,0,0,0,0.0,0,0,16.0,0,0,UNKNOWN,UNKNOWN,UNKNOWN,47.0,NR,,,,
ENG - FRANQUIAS,120241528984760075,OUTCOME_ENGAGEMENT,2026-03-01,3846,3002,1.281146,56,1.456058,1.183214,17.228289,66.26,44.0,0,1.505909,0.0,0,0.0,0.0,0,0.0,0,0,0,0,0,0,0.0,0,0.0,0,0,0,715.0,0,0.092671,660.0,0,0,715.0,0,0.092671,0,0,0,0.0,0,0,0.0,0,0,UNKNOWN,UNKNOWN,UNKNOWN,44.0,NR,,,,
TRAF - FRANQUIAS,120241527985860075,OUTCOME_AWARENESS,2026-04-01,890331,393284,2.263837,1277,0.14343,0.803806,1.152897,1026.46,1066.0,0,0.962908,9.0,0,114.051111,2.0,0,513.23,0,0,0,0,0,0,41.0,0,25.03561,0,0,0,1703.0,0,0.602736,80.0,0,0,1703.0,0,0.602736,0,0,0,2.0,0,0,220.0,0,0,UNKNOWN,UNKNOWN,UNKNOWN,1059.0,NR,1.0,,,
ENG - FRANQUIAS,120241528984760075,OUTCOME_ENGAGEMENT,2026-04-01,42733,27695,1.542986,626,1.46491,0.780367,11.43168,488.51,546.0,0,0.894707,5.0,0,97.702,0.0,0,0.0,0,0,0,0,0,0,0.0,0,0.0,0,0,0,9850.0,0,0.049595,9226.0,0,0,9850.0,0,0.049595,0,0,0,0.0,0,0,0.0,0,0,UNKNOWN,UNKNOWN,UNKNOWN,546.0,NR,,,,
ALC - CAMPANHA IPHONE,120241907445370075,OUTCOME_AWARENESS,2026-04-01,1359991,542087,2.508806,1538,0.113089,1.625436,1.838189,2499.92,1320.0,0,1.893879,13.0,0,192.301538,21.0,0,119.04381,0,0,0,0,0,0,103.0,0,24.271068,0,0,0,36336.0,0,0.0688,102.0,0,0,36336.0,0,0.0688,0,0,0,21.0,0,0,656.0,0,0,UNKNOWN,UNKNOWN,UNKNOWN,1309.0,NR,23462.0,8154.0,4193.0,2250.0
ALC - C&A,120241908420850075,OUTCOME_AWARENESS,2026-04-01,137762,88411,1.5582,220,0.159696,0.703955,1.124185,154.87,136.0,0,1.13875,48.0,0,3.226458,0.0,0,0.0,0,0,0,0,0,0,0.0,0,0.0,0,0,0,174.0,0,0.890057,37.0,0,0,174.0,0,0.890057,0,0,0,0.0,0,0,0.0,0,0,UNKNOWN,UNKNOWN,UNKNOWN,136.0,NR,,,,
ALC - Capivalley,120241915790970075,OUTCOME_AWARENESS,2026-04-01,1064037,399743,2.661803,1944,0.1827,0.673549,1.230578,1309.38,1387.0,0,0.944037,772.0,0,1.696088,0.0,0,0.0,0,0,0,0,0,0,0.0,0,0.0,0,0,0,9218.0,0,0.142046,159.0,0,0,9218.0,0,0.142046,0,0,0,0.0,0,0,0.0,0,0,UNKNOWN,UNKNOWN,UNKNOWN,1364.0,NR,3332.0,1347.0,468.0,240.0
ALC - Ações Autismo,120241917716260075,OUTCOME_AWARENESS,2026-04-01,283119,164884,1.71708,449,0.158591,0.687506,1.090319,308.69,319.0,0,0.96768,90.0,0,3.429889,0.0,0,0.0,0,0,0,0,0,0,0.0,0,0.0,0,0,0,368.0,0,0.838832,47.0,0,0,368.0,0,0.838832,0,0,0,0.0,0,0,0.0,0,0,UNKNOWN,UNKNOWN,UNKNOWN,314.0,NR,,,,
TRAF - PROMO IPHONE,120241976679040075,LINK_CLICKS,2026-04-01,134422,45557,2.950633,1940,1.443216,0.154515,2.229992,299.76,1722.0,0,0.174077,470.0,0,0.637787,0.0,0,0.0,0,0,0,0,0,0,0.0,0,0.0,0,0,0,7446.0,0,0.040258,45.0,0,0,7447.0,0,0.040252,0,0,0,0.0,0,0,0.0,0,0,UNKNOWN,UNKNOWN,UNKNOWN,1722.0,NR,5580.0,2432.0,1549.0,977.0
ALC - Parceirão do atacadão,120242030809040075,OUTCOME_AWARENESS,2026-04-01,116941,113013,1.034757,106,0.090644,1.398396,1.267562,148.23,82.0,0,1.807683,26.0,0,5.701154,0.0,0,0.0,0,0,0,0,0,0,0.0,0,0.0,0,0,0,2306.0,0,0.06428,8.0,0,0,2306.0,0,0.06428,0,0,0,0.0,0,0,0.0,0,0,UNKNOWN,UNKNOWN,UNKNOWN,81.0,NR,2137.0,1049.0,685.0,489.0
ALC - Legião urbana Cover,120242503048470075,OUTCOME_AWARENESS,2026-04-01,255739,140792,1.816431,677,0.264723,0.486617,1.288188,329.44,581.0,0,0.567022,322.0,0,1.023106,0.0,0,0.0,0,0,0,0,0,0,0.0,0,0.0,0,0,0,13958.0,0,0.023602,97.0,0,0,13958.0,0,0.023602,0,0,0,0.0,0,0,0.0,0,0,UNKNOWN,UNKNOWN,UNKNOWN,580.0,NR,5709.0,2110.0,710.0,423.0
ALC - Diabo veste prada,120242503119030075,OUTCOME_AWARENESS,2026-04-01,168231,91871,1.831165,267,0.15871,0.855019,1.357003,228.29,194.0,0,1.176753,82.0,0,2.784024,0.0,0,0.0,0,0,0,0,0,0,0.0,0,0.0,0,0,0,11280.0,0,0.020238,55.0,0,0,11280.0,0,0.020238,0,0,0,0.0,0,0,0.0,0,0,UNKNOWN,UNKNOWN,UNKNOWN,194.0,NR,29251.0,9145.0,4263.0,2697.0
ALC - Senhora Farinha,120242503236000075,OUTCOME_AWARENESS,2026-04-01,201348,171030,1.177267,56,0.027813,3.882321,1.079772,217.41,0.0,0,0.0,0.0,0,0.0,0.0,0,0.0,0,0,0,0,0,0,0.0,0,0.0,0,0,0,7396.0,0,0.029396,49.0,0,0,7396.0,0,0.029396,0,0,0,0.0,0,0,0.0,0,0,UNKNOWN,UNKNOWN,UNKNOWN,0.0,NR,10760.0,4562.0,2307.0,1639.0
ALC - PROMO MAES 26,120243131799260075,OUTCOME_AWARENESS,2026-04-01,84330,62249,1.354721,154,0.182616,0.801558,1.463773,123.44,118.0,0,1.046102,43.0,0,2.870698,0.0,0,0.0,0,0,0,0,0,0,0.0,0,0.0,0,0,0,3998.0,0,0.030875,29.0,0,0,3998.0,0,0.030875,0,0,0,0.0,0,0,0.0,0,0,UNKNOWN,UNKNOWN,UNKNOWN,118.0,NR,1198.0,329.0,181.0,85.0
TRAF - PROMO MAES 26,120243132088520075,LINK_CLICKS,2026-04-01,18758,16690,1.123907,1487,7.927284,0.067653,5.363045,100.6,1482.0,0,0.067881,648.0,0,0.155247,0.0,0,0.0,0,0,0,0,0,0,8.0,0,12.575,0,0,0,7567.0,0,0.013295,140.0,0,0,7567.0,0,0.013295,0,0,0,0.0,0,0,30.0,0,0,UNKNOWN,UNKNOWN,UNKNOWN,1482.0,NR,3121.0,1653.0,872.0,385.0
TRAF - FRANQUIAS,120241527985860075,OUTCOME_AWARENESS,2026-05-01,0,0,0.0,0,0.0,0.0,0.0,0.0,0.0,0,0.0,0.0,0,0.0,0.0,0,0.0,0,0,0,0,0,0,0.0,0,0.0,0,0,0,0.0,0,0.0,0.0,0,0,0.0,0,0.0,0,0,0,0.0,0,0,0.0,0,0,UNKNOWN,UNKNOWN,UNKNOWN,0.0,NR,,,,
ALC - PROMO MAES 26,120243131799260075,OUTCOME_AWARENESS,2026-05-01,190187,137481,1.383369,380,0.199803,0.6535,1.305715,248.33,282.0,0,0.880603,121.0,0,2.052314,0.0,0,0.0,0,0,0,0,0,0,0.0,0,0.0,0,0,0,13812.0,0,0.017979,66.0,0,0,13812.0,0,0.017979,0,0,0,0.0,0,0,0.0,0,0,UNKNOWN,UNKNOWN,UNKNOWN,282.0,NR,3782.0,1072.0,545.0,299.0
TRAF - PROMO MAES 26,120243132088520075,LINK_CLICKS,2026-05-01,31632,28053,1.12758,2410,7.618867,0.07173,5.465035,172.87,2382.0,0,0.072573,1268.0,0,0.136333,14.0,0,12.347857,0,0,0,0,0,0,40.0,0,4.32175,0,0,0,15722.0,0,0.010995,372.0,0,0,15722.0,0,0.010995,0,0,0,14.0,0,0,103.0,0,0,UNKNOWN,UNKNOWN,UNKNOWN,2382.0,NR,6523.0,3365.0,1920.0,916.0
ALC - Jeep - NATAL 2025,120240077958240260,OUTCOME_AWARENESS,2025-11-09,12517,12227,1.023718,20,0.159783,0.938,1.498762,18.76,17.0,0,1.103529,2.0,0,9.38,0.0,0,0.0,0,0,0,0,0,0,0.0,0,0.0,0,0,0,65.0,0,0.288615,2.0,0,0,65.0,0,0.288615,0,0,0,0.0,0,0,0.0,0,0,UNKNOWN,UNKNOWN,UNKNOWN,17.0,GS,231.0,70.0,35.0,24.0
ALC - Reels Maya,120240078063570260,OUTCOME_AWARENESS,2025-11-09,177770,158617,1.12075,197,0.110817,1.431523,1.586376,282.01,137.0,0,2.058467,53.0,0,5.320943,0.0,0,0.0,0,0,0,0,0,0,0.0,0,0.0,0,0,0,6571.0,0,0.042917,27.0,0,0,6571.0,0,0.042917,0,0,0,0.0,0,0,0.0,0,0,UNKNOWN,UNKNOWN,UNKNOWN,137.0,GS,224.0,75.0,55.0,29.0
ALC - Natal Aftermovie,120240078199640260,OUTCOME_AWARENESS,2025-11-09,77908,77908,1.0,99,0.127073,1.25101,1.589696,123.85,66.0,0,1.876515,0.0,0,0.0,0.0,0,0.0,0,0,0,0,0,0,0.0,0,0.0,0,0,0,2400.0,0,0.051604,23.0,0,0,2400.0,0,0.051604,0,0,0,0.0,0,0,0.0,0,0,UNKNOWN,UNKNOWN,UNKNOWN,0.0,GS,149.0,57.0,30.0,20.0
ALC - Edgar + Rayban,120240078887090260,OUTCOME_AWARENESS,2025-11-09,96808,94401,1.025498,105,0.108462,1.482,1.607408,155.61,74.0,0,2.102838,0.0,0,0.0,0.0,0,0.0,0,0,0,0,0,0,0.0,0,0.0,0,0,0,4131.0,0,0.037669,10.0,0,0,4131.0,0,0.037669,0,0,0,0.0,0,0,0.0,0,0,UNKNOWN,UNKNOWN,UNKNOWN,0.0,GS,194.0,71.0,43.0,23.0
ALC - NATAL 25,120240129895630260,OUTCOME_AWARENESS,2025-11-09,418676,283964,1.474398,980,0.234071,0.671357,1.571454,657.93,494.0,0,1.331842,0.0,0,0.0,0.0,0,0.0,0,0,0,0,0,0,0.0,0,0.0,0,0,0,3452.0,0,0.190594,127.0,0,0,3455.0,0,0.190428,0,0,0,0.0,0,0,0.0,0,0,UNKNOWN,UNKNOWN,UNKNOWN,493.0,GS,9423.0,2562.0,1365.0,898.0
TRAF - NATAL 25,120240130017780260,LINK_CLICKS,2025-11-09,24293,15999,1.518407,348,1.432511,0.314339,4.502943,109.39,266.0,0,0.411241,228.0,0,0.479781,0.0,0,0.0,0,0,0,0,0,0,0.0,0,0.0,0,0,0,333.0,0,0.328499,30.0,0,0,333.0,0,0.328499,0,0,0,0.0,0,0,0.0,0,0,UNKNOWN,UNKNOWN,UNKNOWN,266.0,GS,103.0,50.0,31.0,24.0
ALC - Reels Decoração,120240146248790260,OUTCOME_AWARENESS,2025-11-09,115794,100078,1.157038,133,0.114859,1.338947,1.537904,178.08,86.0,0,2.070698,0.0,0,0.0,0.0,0,0.0,0,0,0,0,0,0,0.0,0,0.0,0,0,0,3866.0,0,0.046063,13.0,0,0,3866.0,0,0.046063,0,0,0,0.0,0,0,0.0,0,0,UNKNOWN,UNKNOWN,UNKNOWN,1.0,GS,1106.0,379.0,133.0,80.0
ALC - Reels Madô,120240358848200260,OUTCOME_AWARENESS,2025-11-09,57735,57735,1.0,69,0.119512,1.404493,1.678531,96.91,44.0,0,2.2025,1.0,0,96.91,0.0,0,0.0,0,0,0,0,0,0,0.0,0,0.0,0,0,0,1381.0,0,0.070174,10.0,0,0,1381.0,0,0.070174,0,0,0,0.0,0,0,0.0,0,0,UNKNOWN,UNKNOWN,UNKNOWN,0.0,GS,748.0,409.0,217.0,36.0
ALC - Aventuras Caninas de Natal,120240403082690260,OUTCOME_AWARENESS,2025-11-09,908816,891586,1.019325,1685,0.185406,1.089347,2.019716,1835.55,1373.0,0,1.33689,502.0,0,3.656474,0.0,0,0.0,0,0,0,0,0,0,0.0,0,0.0,0,0,0,14008.0,0,0.131036,99.0,0,0,14008.0,0,0.131036,0,0,0,0.0,0,0,0.0,0,0,UNKNOWN,UNKNOWN,UNKNOWN,1371.0,GS,7641.0,2866.0,1394.0,990.0
ALC - Mileninha,120240427184770260,OUTCOME_AWARENESS,2025-11-09,933162,861887,1.082696,2368,0.253761,0.844552,2.143143,1999.9,959.0,0,2.085401,149.0,0,13.422148,0.0,0,0.0,0,0,0,0,0,0,0.0,0,0.0,0,0,0,49149.0,0,0.040691,189.0,0,0,49150.0,0,0.04069,0,0,0,0.0,0,0,0.0,0,0,UNKNOWN,UNKNOWN,UNKNOWN,957.0,GS,16036.0,6419.0,2677.0,1705.0
ENG - Mileninha,120240469270520260,OUTCOME_ENGAGEMENT,2025-11-09,103463,95952,1.078279,1383,1.33671,0.48799,6.523008,674.89,395.0,0,1.708582,248.0,0,2.721331,0.0,0,0.0,0,0,0,0,0,0,0.0,0,0.0,0,0,0,35837.0,0,0.018832,678.0,0,0,35837.0,0,0.018832,0,0,0,0.0,0,0,0.0,0,0,UNKNOWN,UNKNOWN,UNKNOWN,394.0,GS,19521.0,10247.0,6905.0,4688.0
ENG - Aventuras Caninas de Natal,120240470105850260,OUTCOME_ENGAGEMENT,2025-11-09,93396,85503,1.092313,596,0.638143,1.126292,7.187353,671.27,455.0,0,1.475319,293.0,0,2.291024,0.0,0,0.0,0,0,0,0,0,0,0.0,0,0.0,0,0,0,39702.0,0,0.016908,724.0,0,0,39702.0,0,0.016908,0,0,0,0.0,0,0,0.0,0,0,UNKNOWN,UNKNOWN,UNKNOWN,455.0,GS,22980.0,11517.0,8132.0,6343.0
TRAF - NATAL 25,120240534673620260,LINK_CLICKS,2025-11-09,25462,14010,1.817416,230,0.903307,0.455435,4.113974,104.75,205.0,0,0.510976,185.0,0,0.566216,0.0,0,0.0,0,0,0,0,0,0,0.0,0,0.0,0,0,0,214.0,0,0.489486,7.0,0,0,214.0,0,0.489486,0,0,0,0.0,0,0,0.0,0,0,UNKNOWN,UNKNOWN,UNKNOWN,204.0,GS,,,,
ALC - Chapeuzinho vermelho Natal,120240755196880260,OUTCOME_AWARENESS,2025-11-09,289488,282414,1.025048,398,0.137484,1.25598,1.726773,499.88,334.0,0,1.496647,115.0,0,4.346783,0.0,0,0.0,0,0,0,0,0,0,0.0,0,0.0,0,0,0,1006.0,0,0.496899,20.0,0,0,1006.0,0,0.496899,0,0,0,0.0,0,0,0.0,0,0,UNKNOWN,UNKNOWN,UNKNOWN,334.0,GS,2208.0,806.0,458.0,327.0
ALC - Meu vilão favorito,120240755310190260,OUTCOME_AWARENESS,2025-11-09,278725,267173,1.043238,106,0.03803,4.716038,1.793524,499.9,0.0,0,0.0,0.0,0,0.0,0.0,0,0.0,0,0,0,0,0,0,0.0,0,0.0,0,0,0,15487.0,0,0.032279,88.0,0,0,15487.0,0,0.032279,0,0,0,0.0,0,0,0.0,0,0,UNKNOWN,UNKNOWN,UNKNOWN,0.0,GS,6499.0,2775.0,1508.0,559.0
ALC - BLACK FRIDAY GS,120241055514670260,OUTCOME_AWARENESS,2025-11-09,375932,365798,1.027704,162,0.043093,4.938148,2.127991,799.98,6.0,0,133.33,4.0,0,199.995,0.0,0,0.0,0,0,0,0,0,0,0.0,0,0.0,0,0,0,20139.0,0,0.039723,55.0,0,0,20139.0,0,0.039723,0,0,0,0.0,0,0,0.0,0,0,UNKNOWN,UNKNOWN,UNKNOWN,5.0,GS,24991.0,11068.0,5355.0,3681.0
ALC- Tributo Elton John e Adele,120241070269760260,OUTCOME_AWARENESS,2025-11-09,756669,714785,1.058597,1402,0.185286,1.426505,2.643111,1999.96,1111.0,0,1.800144,408.0,0,4.901863,0.0,0,0.0,0,0,0,0,0,0,0.0,0,0.0,0,0,0,21439.0,0,0.093286,171.0,0,0,21439.0,0,0.093286,0,0,0,0.0,0,0,0.0,0,0,UNKNOWN,UNKNOWN,UNKNOWN,1107.0,GS,7465.0,2505.0,1357.0,864.0
ALC - MUSICAL TEMPO,120241072208340260,OUTCOME_AWARENESS,2025-11-09,761705,719606,1.058503,1429,0.187605,1.399342,2.625242,1999.66,1178.0,0,1.697504,410.0,0,4.87722,0.0,0,0.0,0,0,0,0,0,0,0.0,0,0.0,0,0,0,13171.0,0,0.151823,165.0,0,0,13171.0,0,0.151823,0,0,0,0.0,0,0,0.0,0,0,UNKNOWN,UNKNOWN,UNKNOWN,1176.0,GS,6026.0,2406.0,1034.0,702.0
TRAF - NATAL 25 CLIQUES 02,120241128882090260,LINK_CLICKS,2025-11-09,27140,16320,1.66299,444,1.635962,0.40491,6.624171,179.78,395.0,0,0.455139,304.0,0,0.591382,0.0,0,0.0,0,0,0,0,0,0,0.0,0,0.0,0,0,0,637.0,0,0.282229,63.0,0,0,637.0,0,0.282229,0,0,0,0.0,0,0,0.0,0,0,UNKNOWN,UNKNOWN,UNKNOWN,390.0,GS,113.0,57.0,41.0,30.0
ALC - NATAL 25,120240129895630260,OUTCOME_AWARENESS,2025-12-01,1390636,721935,1.926262,2662,0.191423,0.65935,1.262149,1755.19,1482.0,0,1.184339,0.0,0,0.0,0.0,0,0.0,0,0,0,0,0,0,0.0,0,0.0,0,0,0,23666.0,0,0.074165,241.0,0,0,23669.0,0,0.074156,0,0,0,0.0,0,0,0.0,0,0,UNKNOWN,UNKNOWN,UNKNOWN,1269.0,GS,17689.0,6707.0,3656.0,2041.0
ALC - BLACK FRIDAY GS,120241055514670260,OUTCOME_AWARENESS,2025-12-01,0,0,0.0,0,0.0,0.0,0.0,0.0,0.0,0,0.0,0.0,0,0.0,0.0,0,0.0,0,0,0,0,0,0,0.0,0,0.0,0,0,0,0.0,0,0.0,0.0,0,0,0.0,0,0.0,0,0,0,0.0,0,0,0.0,0,0,UNKNOWN,UNKNOWN,UNKNOWN,0.0,GS,,,,
TRAF - NATAL 25 CLIQUES 02,120241128882090260,LINK_CLICKS,2025-12-01,476032,140382,3.390976,6007,1.26189,0.333984,4.214507,2006.24,5443.0,0,0.368591,3954.0,0,0.507395,0.0,0,0.0,0,0,0,0,0,0,0.0,0,0.0,0,0,0,16546.0,0,0.121252,584.0,0,0,16546.0,0,0.121252,0,0,0,0.0,0,0,0.0,0,0,UNKNOWN,UNKNOWN,UNKNOWN,5314.0,GS,7962.0,5304.0,2972.0,2273.0
ALC - Árvore solidária,120241456113430260,OUTCOME_AWARENESS,2025-12-01,250051,201689,1.239785,246,0.09838,1.518618,1.494015,373.58,195.0,0,1.915795,0.0,0,0.0,0.0,0,0.0,0,0,0,0,0,0,0.0,0,0.0,0,0,0,3202.0,0,0.116671,21.0,0,0,3202.0,0,0.116671,0,0,0,0.0,0,0,0.0,0,0,UNKNOWN,UNKNOWN,UNKNOWN,2.0,GS,2859.0,1226.0,792.0,581.0
Coral Adventista,120241456346500260,OUTCOME_AWARENESS,2025-12-01,222222,213369,1.041492,204,0.0918,1.715539,1.574867,349.97,153.0,0,2.287386,0.0,0,0.0,0.0,0,0.0,0,0,0,0,0,0,0.0,0,0.0,0,0,0,169.0,0,2.070828,15.0,0,0,169.0,0,2.070828,0,0,0,0.0,0,0,0.0,0,0,UNKNOWN,UNKNOWN,UNKNOWN,0.0,GS,,,,
ALC - Inauguração - Manly,120241830292400260,OUTCOME_AWARENESS,2025-12-01,233881,137458,1.701472,222,0.09492,1.351216,1.282575,299.97,161.0,0,1.863168,0.0,0,0.0,0.0,0,0.0,0,0,0,0,0,0,0.0,0,0.0,0,0,0,5970.0,0,0.050246,22.0,0,0,5970.0,0,0.050246,0,0,0,0.0,0,0,0.0,0,0,UNKNOWN,UNKNOWN,UNKNOWN,2.0,GS,1350.0,205.0,101.0,66.0
ALC - Encontro Pet com Noel,120241868146220260,OUTCOME_AWARENESS,2025-12-01,306820,291605,1.052177,416,0.135584,1.201875,1.629555,499.98,335.0,0,1.492478,0.0,0,0.0,0.0,0,0.0,0,0,0,0,0,0,0.0,0,0.0,0,0,0,809.0,0,0.618022,34.0,0,0,809.0,0,0.618022,0,0,0,0.0,0,0,0.0,0,0,UNKNOWN,UNKNOWN,UNKNOWN,1.0,GS,425.0,170.0,100.0,68.0
ALC - MODA,120242232300500260,OUTCOME_AWARENESS,2025-12-01,457177,307807,1.485272,612,0.133865,0.89848,1.202751,549.87,394.0,0,1.395609,1.0,0,549.87,0.0,0,0.0,0,0,0,0,0,0,0.0,0,0.0,0,0,0,21055.0,0,0.026116,46.0,0,0,21055.0,0,0.026116,0,0,0,0.0,0,0,0.0,0,0,UNKNOWN,UNKNOWN,UNKNOWN,1.0,GS,925.0,228.0,128.0,87.0
ALC - Rubens Herbst - Zootopia 2,120242385359030260,OUTCOME_AWARENESS,2025-12-01,254049,184780,1.374873,298,0.1173,1.00651,1.180638,299.94,232.0,0,1.292845,0.0,0,0.0,0.0,0,0.0,0,0,0,0,0,0,0.0,0,0.0,0,0,0,12653.0,0,0.023705,87.0,0,0,12653.0,0,0.023705,0,0,0,0.0,0,0,0.0,0,0,UNKNOWN,UNKNOWN,UNKNOWN,0.0,GS,150.0,55.0,23.0,14.0
ALC - NATAL 25,120240129895630260,OUTCOME_AWARENESS,2026-01-01,729473,627024,1.163389,910,0.124748,0.638033,0.795931,580.61,576.0,0,1.008003,0.0,0,0.0,0.0,0,0.0,0,0,0,0,0,0,0.0,0,0.0,0,0,0,22339.0,0,0.025991,86.0,0,0,22339.0,0,0.025991,0,0,0,0.0,0,0,0.0,0,0,UNKNOWN,UNKNOWN,UNKNOWN,406.0,GS,19415.0,7205.0,3884.0,2319.0
TRAF - NATAL 25 CLIQUES 02,120241128882090260,LINK_CLICKS,2026-01-01,186918,74658,2.503657,2729,1.459999,0.234031,3.416846,638.67,2473.0,0,0.258257,1790.0,0,0.356799,0.0,0,0.0,0,0,0,0,0,0,0.0,0,0.0,0,0,0,7917.0,0,0.080671,144.0,0,0,7917.0,0,0.080671,0,0,0,0.0,0,0,0.0,0,0,UNKNOWN,UNKNOWN,UNKNOWN,2390.0,GS,4975.0,2926.0,1768.0,1379.0
ALC - MODA,120242232300500260,OUTCOME_AWARENESS,2026-01-01,1012843,583213,1.736661,1127,0.111271,0.958616,1.066661,1080.36,696.0,0,1.552241,1.0,0,1080.36,0.0,0,0.0,0,0,0,0,0,0,0.0,0,0.0,0,0,0,52191.0,0,0.0207,151.0,0,0,52191.0,0,0.0207,0,0,0,0.0,0,0,0.0,0,0,UNKNOWN,UNKNOWN,UNKNOWN,0.0,GS,1845.0,567.0,318.0,213.0
ALC - LIQUIDA,120243051638560260,OUTCOME_AWARENESS,2026-01-01,1584267,1294109,1.224215,1655,0.104465,1.80777,1.888482,2991.86,1219.0,0,2.454356,0.0,0,0.0,0.0,0,0.0,0,0,0,0,0,0,0.0,0,0.0,0,0,0,74302.0,0,0.040266,195.0,0,0,74302.0,0,0.040266,0,0,0,0.0,0,0,0.0,0,0,UNKNOWN,UNKNOWN,UNKNOWN,0.0,GS,53875.0,21245.0,12518.0,8979.0
ALC - Filme Bob Esponja,120243182467530260,OUTCOME_AWARENESS,2026-01-01,214027,142807,1.498715,228,0.106529,1.096184,1.16775,249.93,148.0,0,1.688716,0.0,0,0.0,0.0,0,0.0,0,0,0,0,0,0,0.0,0,0.0,0,0,0,17821.0,0,0.014024,81.0,0,0,17821.0,0,0.014024,0,0,0,0.0,0,0,0.0,0,0,UNKNOWN,UNKNOWN,UNKNOWN,0.0,GS,20857.0,6309.0,2939.0,1977.0
ALC - CORRIDA SHOPPING,120243392123360260,OUTCOME_AWARENESS,2026-01-01,484843,229591,2.111768,596,0.122926,1.035705,1.273154,617.28,398.0,0,1.550955,0.0,0,0.0,0.0,0,0.0,0,0,0,0,0,0,0.0,0,0.0,0,0,0,20873.0,0,0.029573,98.0,0,0,20873.0,0,0.029573,0,0,0,0.0,0,0,0.0,0,0,UNKNOWN,UNKNOWN,UNKNOWN,398.0,GS,5268.0,1668.0,867.0,381.0
ALC - Exposição Legueiros,120243666484080260,OUTCOME_AWARENESS,2026-01-01,442938,303102,1.46135,547,0.123494,1.406764,1.737263,769.5,372.0,0,2.068548,0.0,0,0.0,0.0,0,0.0,0,0,0,0,0,0,0.0,0,0.0,0,0,0,10792.0,0,0.071303,119.0,0,0,10792.0,0,0.071303,0,0,0,0.0,0,0,0.0,0,0,UNKNOWN,UNKNOWN,UNKNOWN,0.0,GS,3661.0,1265.0,724.0,488.0
ALC - Volta às aulas,120243667013080260,OUTCOME_AWARENESS,2026-01-01,146522,95664,1.531632,171,0.116706,1.136667,1.326558,194.37,139.0,0,1.398345,0.0,0,0.0,0.0,0,0.0,0,0,0,0,0,0,0.0,0,0.0,0,0,0,1199.0,0,0.16211,8.0,0,0,1199.0,0,0.16211,0,0,0,0.0,0,0,0.0,0,0,UNKNOWN,UNKNOWN,UNKNOWN,0.0,GS,462.0,312.0,56.0,39.0
ALC - MODA,120242232300500260,OUTCOME_AWARENESS,2026-02-01,170841,170841,1.0,184,0.107702,1.142989,1.231028,210.31,133.0,0,1.581278,0.0,0,0.0,0.0,0,0.0,0,0,0,0,0,0,0.0,0,0.0,0,0,0,8095.0,0,0.02598,17.0,0,0,8095.0,0,0.02598,0,0,0,0.0,0,0,0.0,0,0,UNKNOWN,UNKNOWN,UNKNOWN,0.0,GS,238.0,77.0,52.0,34.0
ALC - CORRIDA SHOPPING,120243392123360260,OUTCOME_AWARENESS,2026-02-01,237841,166809,1.425828,281,0.118146,1.030961,1.218041,289.7,198.0,0,1.463131,0.0,0,0.0,0.0,0,0.0,0,0,0,0,0,0,0.0,0,0.0,0,0,0,9795.0,0,0.029576,44.0,0,0,9795.0,0,0.029576,0,0,0,0.0,0,0,0.0,0,0,UNKNOWN,UNKNOWN,UNKNOWN,198.0,GS,2414.0,709.0,369.0,170.0
ALC - Exposição Legueiros,120243666484080260,OUTCOME_AWARENESS,2026-02-01,550897,408662,1.34805,741,0.134508,1.378219,1.853813,1021.26,502.0,0,2.034382,0.0,0,0.0,0.0,0,0.0,0,0,0,0,0,0,0.0,0,0.0,0,0,0,15214.0,0,0.067126,149.0,0,0,15214.0,0,0.067126,0,0,0,0.0,0,0,0.0,0,0,UNKNOWN,UNKNOWN,UNKNOWN,0.0,GS,5146.0,1846.0,1020.0,716.0
ALC - Volta às aulas,120243667013080260,OUTCOME_AWARENESS,2026-02-01,209056,152581,1.370131,191,0.091363,1.323508,1.209198,252.79,149.0,0,1.696577,0.0,0,0.0,0.0,0,0.0,0,0,0,0,0,0,0.0,0,0.0,0,0,0,1345.0,0,0.187948,13.0,0,0,1345.0,0,0.187948,0,0,0,0.0,0,0,0.0,0,0,UNKNOWN,UNKNOWN,UNKNOWN,0.0,GS,462.0,238.0,66.0,43.0
ALC - Bailinho de carnaval e carnapet,120244043225990260,OUTCOME_AWARENESS,2026-02-01,235489,198856,1.184219,272,0.115504,1.310551,1.513744,356.47,218.0,0,1.635183,0.0,0,0.0,0.0,0,0.0,0,0,0,0,0,0,0.0,0,0.0,0,0,0,1992.0,0,0.178951,10.0,0,0,1992.0,0,0.178951,0,0,0,0.0,0,0,0.0,0,0,UNKNOWN,UNKNOWN,UNKNOWN,0.0,GS,2372.0,1087.0,707.0,529.0
ALC - Semana do Cinema,120244043525950260,OUTCOME_AWARENESS,2026-02-01,78902,69155,1.140944,189,0.239538,0.597989,1.43241,113.02,141.0,0,0.80156,2.0,0,56.51,0.0,0,0.0,0,0,0,0,0,0,0.0,0,0.0,0,0,0,902.0,0,0.125299,9.0,0,0,902.0,0,0.125299,0,0,0,0.0,0,0,0.0,0,0,UNKNOWN,UNKNOWN,UNKNOWN,0.0,GS,1659.0,726.0,438.0,327.0
ALC - MODA,120242232300500260,OUTCOME_AWARENESS,2026-02-07,622817,391850,1.589427,670,0.107576,1.148701,1.235724,769.63,442.0,0,1.741244,0.0,0,0.0,0.0,0,0.0,0,0,0,0,0,0,0.0,0,0.0,0,0,0,31473.0,0,0.024454,67.0,0,0,31473.0,0,0.024454,0,0,0,0.0,0,0,0.0,0,0,UNKNOWN,UNKNOWN,UNKNOWN,0.0,GS,927.0,330.0,190.0,129.0
ALC - CORRIDA SHOPPING,120243392123360260,OUTCOME_AWARENESS,2026-02-07,488811,261908,1.866346,570,0.116609,1.040246,1.213025,592.94,405.0,0,1.464049,0.0,0,0.0,0.0,0,0.0,0,0,0,0,0,0,0.0,0,0.0,0,0,0,24481.0,0,0.02422,91.0,0,0,24481.0,0,0.02422,0,0,0,0.0,0,0,0.0,0,0,UNKNOWN,UNKNOWN,UNKNOWN,405.0,GS,5353.0,1593.0,832.0,402.0
ALC - Exposição Legueiros,120243666484080260,OUTCOME_AWARENESS,2026-02-07,109503,109503,1.0,147,0.134243,1.420816,1.907345,208.86,99.0,0,2.109697,0.0,0,0.0,0.0,0,0.0,0,0,0,0,0,0,0.0,0,0.0,0,0,0,3354.0,0,0.062272,36.0,0,0,3354.0,0,0.062272,0,0,0,0.0,0,0,0.0,0,0,UNKNOWN,UNKNOWN,UNKNOWN,0.0,GS,1132.0,361.0,185.0,132.0
ALC - Volta às aulas,120243667013080260,OUTCOME_AWARENESS,2026-02-07,39161,38107,1.027659,40,0.102142,1.32025,1.348536,52.81,31.0,0,1.703548,0.0,0,0.0,0.0,0,0.0,0,0,0,0,0,0,0.0,0,0.0,0,0,0,208.0,0,0.253894,4.0,0,0,208.0,0,0.253894,0,0,0,0.0,0,0,0.0,0,0,UNKNOWN,UNKNOWN,UNKNOWN,0.0,GS,66.0,38.0,9.0,3.0
ALC - Bailinho de carnaval e carnapet,120244043225990260,OUTCOME_AWARENESS,2026-02-07,97388,95304,1.021867,113,0.116031,1.268142,1.471434,143.3,88.0,0,1.628409,0.0,0,0.0,0.0,0,0.0,0,0,0,0,0,0,0.0,0,0.0,0,0,0,670.0,0,0.213881,2.0,0,0,670.0,0,0.213881,0,0,0,0.0,0,0,0.0,0,0,UNKNOWN,UNKNOWN,UNKNOWN,0.0,GS,757.0,337.0,215.0,154.0
ALC - Semana do Cinema,120244043525950260,OUTCOME_AWARENESS,2026-02-07,295156,226815,1.301307,602,0.20396,0.642209,1.30985,386.61,434.0,0,0.890806,11.0,0,35.146364,0.0,0,0.0,0,0,0,0,0,0,0.0,0,0.0,0,0,0,2241.0,0,0.172517,33.0,0,0,2241.0,0,0.172517,0,0,0,0.0,0,0,0.0,0,0,UNKNOWN,UNKNOWN,UNKNOWN,0.0,GS,4198.0,1724.0,985.0,746.0
ALC - Retail Experience,120244288353810260,OUTCOME_AWARENESS,2026-02-07,73335,43789,1.674736,87,0.118634,0.936782,1.111338,81.5,69.0,0,1.181159,1.0,0,81.5,0.0,0,0.0,0,0,0,0,0,0,0.0,0,0.0,0,0,0,74.0,0,1.101351,4.0,0,0,74.0,0,1.101351,0,0,0,0.0,0,0,0.0,0,0,UNKNOWN,UNKNOWN,UNKNOWN,13.0,GS,,,,
ALC - Heroinas do Kpop,120244790251900260,OUTCOME_AWARENESS,2026-02-07,333889,220393,1.514971,703,0.210549,0.665519,1.401244,467.86,569.0,0,0.82225,236.0,0,1.982458,0.0,0,0.0,0,0,0,0,0,0,0.0,0,0.0,0,0,0,732.0,0,0.639153,34.0,0,0,732.0,0,0.639153,0,0,0,0.0,0,0,0.0,0,0,UNKNOWN,UNKNOWN,UNKNOWN,568.0,GS,,,,
ALC - Benefícios AJFans,120244790529090260,OUTCOME_AWARENESS,2026-02-07,173520,112435,1.543292,138,0.07953,1.650652,1.312759,227.79,109.0,0,2.089817,0.0,0,0.0,0.0,0,0.0,0,0,0,0,0,0,0.0,0,0.0,0,0,0,2739.0,0,0.083165,13.0,0,0,2739.0,0,0.083165,0,0,0,0.0,0,0,0.0,0,0,UNKNOWN,UNKNOWN,UNKNOWN,109.0,GS,1129.0,641.0,280.0,106.0
ALC - Aniversário Joinville - Atlantida,120245006540330260,OUTCOME_AWARENESS,2026-02-07,480280,426364,1.126455,1172,0.244024,0.852073,2.079266,998.63,11.0,0,90.784545,0.0,0,0.0,0.0,0,0.0,0,0,0,0,0,0,0.0,0,0.0,0,0,0,55343.0,0,0.018044,242.0,0,0,55344.0,0,0.018044,0,0,0,0.0,0,0,0.0,0,0,UNKNOWN,UNKNOWN,UNKNOWN,3.0,GS,10002.0,2874.0,1593.0,996.0
ALC - MODA,120242232300500260,OUTCOME_AWARENESS,2026-03-01,82969,77780,1.066714,84,0.101243,1.109643,1.123432,93.21,60.0,0,1.5535,0.0,0,0.0,0.0,0,0.0,0,0,0,0,0,0,0.0,0,0.0,0,0,0,4346.0,0,0.021447,7.0,0,0,4346.0,0,0.021447,0,0,0,0.0,0,0,0.0,0,0,UNKNOWN,UNKNOWN,UNKNOWN,0.0,GS,86.0,22.0,12.0,7.0
ALC - Heroinas do Kpop,120244790251900260,OUTCOME_AWARENESS,2026-03-01,24510,24510,1.0,54,0.220318,0.595,1.310894,32.13,44.0,0,0.730227,27.0,0,1.19,0.0,0,0.0,0,0,0,0,0,0,0.0,0,0.0,0,0,0,57.0,0,0.563684,5.0,0,0,57.0,0,0.563684,0,0,0,0.0,0,0,0.0,0,0,UNKNOWN,UNKNOWN,UNKNOWN,44.0,GS,,,,
ALC - Benefícios AJFans,120244790529090260,OUTCOME_AWARENESS,2026-03-01,338153,211680,1.597473,324,0.095815,1.241667,1.189698,402.3,260.0,0,1.547308,0.0,0,0.0,0.0,0,0.0,0,0,0,0,0,0,0.0,0,0.0,0,0,0,6252.0,0,0.064347,21.0,0,0,6252.0,0,0.064347,0,0,0,0.0,0,0,0.0,0,0,UNKNOWN,UNKNOWN,UNKNOWN,258.0,GS,2409.0,1172.0,563.0,226.0
ALC - Aniversário Joinville - Atlantida,120245006540330260,OUTCOME_AWARENESS,2026-03-01,0,0,0.0,0,0.0,0.0,0.0,0.0,0.0,0,0.0,0.0,0,0.0,0.0,0,0.0,0,0,0,0,0,0,0.0,0,0.0,0,0,0,0.0,0,0.0,0.0,0,0,0.0,0,0.0,0,0,0,0.0,0,0,0.0,0,0,UNKNOWN,UNKNOWN,UNKNOWN,0.0,GS,,,,
ALC - Exposição Territórios Internos,120245275376110260,OUTCOME_AWARENESS,2026-03-01,696088,309483,2.249196,410,0.058901,2.308927,1.359972,946.66,10.0,0,94.666,0.0,0,0.0,0.0,0,0.0,0,0,0,0,0,0,0.0,0,0.0,0,0,0,42293.0,0,0.022383,119.0,0,0,42293.0,0,0.022383,0,0,0,0.0,0,0,0.0,0,0,UNKNOWN,UNKNOWN,UNKNOWN,3.0,GS,5258.0,1329.0,651.0,399.0
ALC - COTTON,120245275442810260,OUTCOME_AWARENESS,2026-03-01,713795,356302,2.003343,646,0.090502,1.508437,1.365168,974.45,8.0,0,121.80625,0.0,0,0.0,0.0,0,0.0,0,0,0,0,0,0,0.0,0,0.0,0,0,0,46971.0,0,0.020746,171.0,0,0,46972.0,0,0.020745,0,0,0,0.0,0,0,0.0,0,0,UNKNOWN,UNKNOWN,UNKNOWN,1.0,GS,5162.0,1679.0,974.0,518.0
ALC - TODO MUNDO EM PANICO,120245275605620260,OUTCOME_AWARENESS,2026-03-01,1044428,506686,2.061292,2547,0.243866,0.567691,1.384404,1445.91,910.0,0,1.588912,442.0,0,3.27129,0.0,0,0.0,0,0,0,0,0,0,0.0,0,0.0,0,0,0,73433.0,0,0.01969,365.0,0,0,73433.0,0,0.01969,0,0,0,0.0,0,0,0.0,0,0,UNKNOWN,UNKNOWN,UNKNOWN,905.0,GS,1516.0,601.0,348.0,174.0
ALC - Últimos eventos do GS,120245278626830260,OUTCOME_AWARENESS,2026-03-01,66895,49776,1.343921,66,0.098662,1.249848,1.233127,82.49,51.0,0,1.617451,0.0,0,0.0,0.0,0,0.0,0,0,0,0,0,0,0.0,0,0.0,0,0,0,514.0,0,0.160486,7.0,0,0,514.0,0,0.160486,0,0,0,0.0,0,0,0.0,0,0,UNKNOWN,UNKNOWN,UNKNOWN,0.0,GS,188.0,121.0,48.0,13.0
ALC - ANIVERSARIO JOINVILLE GARTEN,120245447327370260,OUTCOME_AWARENESS,2026-03-01,261527,173278,1.509291,138,0.052767,2.536159,1.338256,349.99,8.0,0,43.74875,0.0,0,0.0,0.0,0,0.0,0,0,0,0,0,0,0.0,0,0.0,0,0,0,83.0,0,4.216747,43.0,0,0,83.0,0,4.216747,0,0,0,0.0,0,0,0.0,0,0,UNKNOWN,UNKNOWN,UNKNOWN,1.0,GS,,,,
ALC- SEMANA DO CONSUMIDOR,120245447379270260,OUTCOME_AWARENESS,2026-03-01,1065400,675457,1.577302,1772,0.166323,1.408956,2.343411,2496.67,1486.0,0,1.680128,0.0,0,0.0,0.0,0,0.0,0,0,0,0,0,0,0.0,0,0.0,0,0,0,26507.0,0,0.094189,89.0,0,0,26507.0,0,0.094189,0,0,0,0.0,0,0,0.0,0,0,UNKNOWN,UNKNOWN,UNKNOWN,1477.0,GS,65437.0,24939.0,14057.0,10075.0
ALC - Camiseta Centauro,120246042142770260,OUTCOME_AWARENESS,2026-03-01,107397,69890,1.536658,269,0.250473,0.544015,1.362608,146.34,68.0,0,2.152059,37.0,0,3.955135,0.0,0,0.0,0,0,0,0,0,0,0.0,0,0.0,0,0,0,5802.0,0,0.025222,31.0,0,0,5802.0,0,0.025222,0,0,0,0.0,0,0,0.0,0,0,UNKNOWN,UNKNOWN,UNKNOWN,68.0,GS,1132.0,298.0,163.0,94.0
ALC - PROMO IPHONE,120246044174640260,OUTCOME_AWARENESS,2026-03-01,411118,253974,1.618741,606,0.147403,0.989257,1.458194,599.49,455.0,0,1.31756,3.0,0,199.83,0.0,0,0.0,0,0,0,0,0,0,0.0,0,0.0,0,0,0,522.0,0,1.148448,55.0,0,0,522.0,0,1.148448,0,0,0,0.0,0,0,0.0,0,0,UNKNOWN,UNKNOWN,UNKNOWN,454.0,GS,1.0,,,
ALC - Turma do Coelho,120246044270030260,OUTCOME_AWARENESS,2026-03-01,69029,64953,1.062753,105,0.15211,0.912,1.387243,95.76,66.0,0,1.450909,34.0,0,2.816471,0.0,0,0.0,0,0,0,0,0,0,0.0,0,0.0,0,0,0,1733.0,0,0.055257,6.0,0,0,1734.0,0,0.055225,0,0,0,0.0,0,0,0.0,0,0,UNKNOWN,UNKNOWN,UNKNOWN,66.0,GS,4502.0,1669.0,942.0,625.0
ALC - Musical - A menina da casa mágica,120246044406370260,OUTCOME_AWARENESS,2026-03-01,185003,135576,1.36457,420,0.227023,0.595238,1.351329,250.0,218.0,0,1.146789,118.0,0,2.118644,0.0,0,0.0,0,0,0,0,0,0,0.0,0,0.0,0,0,0,4056.0,0,0.061637,43.0,0,0,4056.0,0,0.061637,0,0,0,0.0,0,0,0.0,0,0,UNKNOWN,UNKNOWN,UNKNOWN,218.0,GS,5700.0,1879.0,1014.0,643.0
ENG - Panico 7,120246044638080260,OUTCOME_ENGAGEMENT,2026-03-01,37269,28502,1.307592,397,1.065228,0.307053,3.270815,121.9,61.0,0,1.998361,35.0,0,3.482857,0.0,0,0.0,0,0,0,0,0,0,0.0,0,0.0,0,0,0,21021.0,0,0.005799,179.0,0,0,21021.0,0,0.005799,0,0,0,0.0,0,0,0.0,0,0,UNKNOWN,UNKNOWN,UNKNOWN,56.0,GS,1436.0,757.0,544.0,99.0
TRAF - FRANQUIA,120246486234420260,LINK_CLICKS,2026-03-01,5889,5462,1.078176,158,2.682968,0.239051,6.413653,37.77,123.0,0,0.307073,106.0,0,0.356321,0.0,0,0.0,0,0,0,0,0,0,0.0,0,0.0,0,0,0,137.0,0,0.275693,8.0,0,0,137.0,0,0.275693,0,0,0,0.0,0,0,0.0,0,0,UNKNOWN,UNKNOWN,UNKNOWN,122.0,GS,,,,
ENG - FRANQUIAS,120246492291640260,OUTCOME_ENGAGEMENT,2026-03-01,653,445,1.467416,17,2.603369,0.844118,21.975498,14.35,13.0,0,1.103846,0.0,0,0.0,0.0,0,0.0,0,0,0,0,0,0,0.0,0,0.0,0,0,0,19.0,0,0.755263,4.0,0,0,20.0,0,0.7175,0,0,0,0.0,0,0,0.0,0,0,UNKNOWN,UNKNOWN,UNKNOWN,9.0,GS,,,,
ALC - Camiseta Centauro,120246042142770260,OUTCOME_AWARENESS,2026-04-01,96029,71498,1.343101,191,0.198898,0.538115,1.070302,102.78,49.0,0,2.097551,28.0,0,3.670714,0.0,0,0.0,0,0,0,0,0,0,0.0,0,0.0,0,0,0,5030.0,0,0.020433,31.0,0,0,5030.0,0,0.020433,0,0,0,0.0,0,0,0.0,0,0,UNKNOWN,UNKNOWN,UNKNOWN,49.0,GS,911.0,234.0,111.0,66.0
ALC - PROMO IPHONE,120246044174640260,OUTCOME_AWARENESS,2026-04-01,1566282,603376,2.595864,2415,0.154187,0.993859,1.5324,2400.17,1869.0,0,1.2842,219.0,0,10.95968,0.0,0,0.0,0,0,0,0,0,0,0.0,0,0.0,0,0,0,61399.0,0,0.039091,151.0,0,0,61401.0,0,0.03909,0,0,0,0.0,0,0,0.0,0,0,UNKNOWN,UNKNOWN,UNKNOWN,1865.0,GS,11269.0,3357.0,1539.0,983.0
ENG - Panico 7,120246044638080260,OUTCOME_ENGAGEMENT,2026-04-01,7892,7511,1.050726,68,0.861632,0.348824,3.005575,23.72,8.0,0,2.965,5.0,0,4.744,0.0,0,0.0,0,0,0,0,0,0,0.0,0,0.0,0,0,0,4492.0,0,0.005281,33.0,0,0,4492.0,0,0.005281,0,0,0,0.0,0,0,0.0,0,0,UNKNOWN,UNKNOWN,UNKNOWN,7.0,GS,308.0,153.0,104.0,21.0
TRAF - FRANQUIA,120246486234420260,LINK_CLICKS,2026-04-01,152555,112141,1.360386,5119,3.355511,0.095923,3.218708,491.03,3257.0,0,0.150761,2581.0,0,0.190248,0.0,0,0.0,0,0,0,0,0,0,0.0,0,0.0,0,0,0,3464.0,0,0.141752,143.0,0,0,3466.0,0,0.141671,0,0,0,0.0,0,0,0.0,0,0,UNKNOWN,UNKNOWN,UNKNOWN,3257.0,GS,,,,
ENG - FRANQUIAS,120246492291640260,OUTCOME_ENGAGEMENT,2026-04-01,32707,16315,2.00472,592,1.81001,0.815541,14.761366,482.8,245.0,0,1.970612,1.0,0,482.8,0.0,0,0.0,0,0,0,0,0,0,0.0,0,0.0,0,0,0,336.0,0,1.436905,76.0,0,0,338.0,0,1.428402,0,0,0,0.0,0,0,0.0,0,0,UNKNOWN,UNKNOWN,UNKNOWN,192.0,GS,,,,
ALC - ELLAS,120246600992030260,OUTCOME_AWARENESS,2026-04-01,511320,372095,1.374165,636,0.124384,0.786132,0.977822,499.98,459.0,0,1.089281,190.0,0,2.631474,0.0,0,0.0,0,0,0,0,0,0,0.0,0,0.0,0,0,0,9052.0,0,0.055234,53.0,0,0,9053.0,0,0.055228,0,0,0,0.0,0,0,0.0,0,0,UNKNOWN,UNKNOWN,UNKNOWN,459.0,GS,4899.0,2212.0,1049.0,424.0
TRAF - PROMO IPHONE,120246819817910260,LINK_CLICKS,2026-04-01,231594,53151,4.357284,3378,1.458587,0.147969,2.15826,499.84,2981.0,0,0.167675,1265.0,0,0.39513,0.0,0,0.0,0,0,0,0,0,0,0.0,0,0.0,0,0,0,15358.0,0,0.032546,103.0,0,0,15358.0,0,0.032546,0,0,0,0.0,0,0,0.0,0,0,UNKNOWN,UNKNOWN,UNKNOWN,2981.0,GS,4524.0,2090.0,1423.0,596.0
ALC - DINOS,120247009600330260,OUTCOME_AWARENESS,2026-04-01,790278,320641,2.464682,2958,0.374299,0.345947,1.294873,1023.31,851.0,0,1.202479,589.0,0,1.737368,0.0,0,0.0,0,0,0,0,0,0,0.0,0,0.0,0,0,0,64779.0,0,0.015797,393.0,0,0,64788.0,0,0.015795,0,0,0,0.0,0,0,0.0,0,0,UNKNOWN,UNKNOWN,UNKNOWN,848.0,GS,106290.0,43994.0,25705.0,17542.0
TRAF - FRANQUIA 02,120247121341160260,LINK_CLICKS,2026-04-01,125578,86213,1.456602,7972,6.348246,0.062703,3.980554,499.87,6383.0,0,0.078313,3041.0,0,0.164377,0.0,0,0.0,0,0,0,0,0,0,0.0,0,0.0,0,0,0,6664.0,0,0.075011,250.0,0,0,6665.0,0,0.074999,0,0,0,0.0,0,0,0.0,0,0,UNKNOWN,UNKNOWN,UNKNOWN,6382.0,GS,,,,
ENG - FRANQUIAS GS,120247121838140260,OUTCOME_ENGAGEMENT,2026-04-01,36256,17902,2.025249,624,1.721094,0.797708,13.729314,497.77,275.0,0,1.810073,5.0,0,99.554,0.0,0,0.0,0,0,0,0,0,0,0.0,0,0.0,0,0,0,364.0,0,1.3675,62.0,0,0,366.0,0,1.360027,0,0,0,0.0,0,0,0.0,0,0,UNKNOWN,UNKNOWN,UNKNOWN,218.0,GS,,,,
ALC - Candlelight,120247551389570260,OUTCOME_AWARENESS,2026-04-01,282618,202080,1.398545,251,0.088812,1.392072,1.236333,349.41,1.0,0,349.41,0.0,0,0.0,0.0,0,0.0,0,0,0,0,0,0,0.0,0,0.0,0,0,0,15498.0,0,0.022545,56.0,0,0,15499.0,0,0.022544,0,0,0,0.0,0,0,0.0,0,0,UNKNOWN,UNKNOWN,UNKNOWN,0.0,GS,19483.0,8005.0,4373.0,2941.0
ALC - LOOKS OUTONO,120247552534330260,OUTCOME_AWARENESS,2026-04-01,58293,39961,1.458747,23,0.039456,3.488261,1.376323,80.23,0.0,0,0.0,0.0,0,0.0,0.0,0,0.0,0,0,0,0,0,0,0.0,0,0.0,0,0,0,2364.0,0,0.033938,13.0,0,0,2364.0,0,0.033938,0,0,0,0.0,0,0,0.0,0,0,UNKNOWN,UNKNOWN,UNKNOWN,0.0,GS,141.0,63.0,48.0,16.0
ALC - DIABO VESTE PRADA,120247980664870260,OUTCOME_AWARENESS,2026-04-01,93431,68090,1.372169,213,0.227976,0.660329,1.505389,140.65,139.0,0,1.011871,85.0,0,1.654706,0.0,0,0.0,0,0,0,0,0,0,0.0,0,0.0,0,0,0,4004.0,0,0.035127,29.0,0,0,4004.0,0,0.035127,0,0,0,0.0,0,0,0.0,0,0,UNKNOWN,UNKNOWN,UNKNOWN,139.0,GS,2067.0,1049.0,419.0,183.0
ALC - PROMO MAES 26,120247981257820260,OUTCOME_AWARENESS,2026-04-01,81039,62431,1.298057,73,0.09008,1.767671,1.59232,129.04,58.0,0,2.224828,16.0,0,8.065,0.0,0,0.0,0,0,0,0,0,0,0.0,0,0.0,0,0,0,2819.0,0,0.045775,12.0,0,0,2819.0,0,0.045775,0,0,0,0.0,0,0,0.0,0,0,UNKNOWN,UNKNOWN,UNKNOWN,58.0,GS,1110.0,503.0,188.0,124.0
TRAF - PROMO MAES 26,120247999952910260,LINK_CLICKS,2026-04-01,14808,11050,1.340091,460,3.106429,0.278326,8.646002,128.03,432.0,0,0.296366,242.0,0,0.52905,0.0,0,0.0,0,0,0,0,0,0,0.0,0,0.0,0,0,0,2521.0,0,0.050785,37.0,0,0,2521.0,0,0.050785,0,0,0,0.0,0,0,0.0,0,0,UNKNOWN,UNKNOWN,UNKNOWN,432.0,GS,738.0,399.0,169.0,115.0
ALC - CINEMA,120248115202810260,OUTCOME_AWARENESS,2026-04-01,21482,19660,1.092675,19,0.088446,1.783684,1.5776,33.89,18.0,0,1.882778,11.0,0,3.080909,0.0,0,0.0,0,0,0,0,0,0,0.0,0,0.0,0,0,0,1013.0,0,0.033455,7.0,0,0,1013.0,0,0.033455,0,0,0,0.0,0,0,0.0,0,0,UNKNOWN,UNKNOWN,UNKNOWN,18.0,GS,26.0,11.0,5.0,3.0
ALC - DINOS,120247009600330260,OUTCOME_AWARENESS,2026-05-01,259626,175137,1.482417,816,0.314298,0.426397,1.340159,347.94,258.0,0,1.348605,117.0,0,2.973846,0.0,0,0.0,0,0,0,0,0,0,0.0,0,0.0,0,0,0,16312.0,0,0.02133,113.0,0,0,16313.0,0,0.021329,0,0,0,0.0,0,0,0.0,0,0,UNKNOWN,UNKNOWN,UNKNOWN,254.0,GS,21047.0,8535.0,5056.0,3391.0
ENG - FRANQUIAS GS,120247121838140260,OUTCOME_ENGAGEMENT,2026-05-01,0,0,0.0,0,0.0,0.0,0.0,0.0,0.0,0,0.0,0.0,0,0.0,0.0,0,0.0,0,0,0,0,0,0,0.0,0,0.0,0,0,0,0.0,0,0.0,0.0,0,0,0.0,0,0.0,0,0,0,0.0,0,0,0.0,0,0,UNKNOWN,UNKNOWN,UNKNOWN,0.0,GS,,,,
ALC - LOOKS OUTONO,120247552534330260,OUTCOME_AWARENESS,2026-05-01,39867,32424,1.229552,18,0.04515,3.233333,1.459854,58.2,0.0,0,0.0,0.0,0,0.0,0.0,0,0.0,0,0,0,0,0,0,0.0,0,0.0,0,0,0,1530.0,0,0.038039,8.0,0,0,1530.0,0,0.038039,0,0,0,0.0,0,0,0.0,0,0,UNKNOWN,UNKNOWN,UNKNOWN,0.0,GS,73.0,37.0,25.0,7.0
ALC - DIABO VESTE PRADA,120247980664870260,OUTCOME_AWARENESS,2026-05-01,199208,149373,1.333628,365,0.183226,0.744712,1.364503,271.82,255.0,0,1.065961,162.0,0,1.677901,0.0,0,0.0,0,0,0,0,0,0,0.0,0,0.0,0,0,0,11040.0,0,0.024621,81.0,0,0,11040.0,0,0.024621,0,0,0,0.0,0,0,0.0,0,0,UNKNOWN,UNKNOWN,UNKNOWN,255.0,GS,5180.0,2468.0,1022.0,437.0
ALC - PROMO MAES 26,120247981257820260,OUTCOME_AWARENESS,2026-05-01,176679,129753,1.361656,149,0.084334,1.677383,1.414599,249.93,112.0,0,2.231518,47.0,0,5.31766,0.0,0,0.0,0,0,0,0,0,0,0.0,0,0.0,0,0,0,8051.0,0,0.031043,26.0,0,0,8051.0,0,0.031043,0,0,0,0.0,0,0,0.0,0,0,UNKNOWN,UNKNOWN,UNKNOWN,112.0,GS,2034.0,856.0,346.0,219.0
TRAF - PROMO MAES 26,120247999952910260,LINK_CLICKS,2026-05-01,27743,19209,1.444271,1216,4.383088,0.208133,9.122662,253.09,1139.0,0,0.222204,601.0,0,0.421115,0.0,0,0.0,0,0,0,0,0,0,0.0,0,0.0,0,0,0,9526.0,0,0.026568,151.0,0,0,9526.0,0,0.026568,0,0,0,0.0,0,0,0.0,0,0,UNKNOWN,UNKNOWN,UNKNOWN,1139.0,GS,2829.0,1572.0,750.0,486.0
ALC - CINEMA,120248115202810260,OUTCOME_AWARENESS,2026-05-01,115491,83768,1.378701,127,0.109965,1.261969,1.387727,160.27,104.0,0,1.541058,62.0,0,2.585,0.0,0,0.0,0,0,0,0,0,0,0.0,0,0.0,0,0,0,5716.0,0,0.028039,41.0,0,0,5716.0,0,0.028039,0,0,0,0.0,0,0,0.0,0,0,UNKNOWN,UNKNOWN,UNKNOWN,104.0,GS,147.0,60.0,33.0,14.0
ENG - ALBUM DE FIGURINHAS,120248416227900260,OUTCOME_ENGAGEMENT,2026-05-01,8871,7721,1.148944,32,0.360726,0.918125,3.311915,29.38,0.0,0,0.0,0.0,0,0.0,0.0,0,0.0,0,0,0,0,0,0,0.0,0,0.0,0,0,0,3009.0,0,0.009764,74.0,0,0,3009.0,0,0.009764,0,0,0,0.0,0,0,0.0,0,0,UNKNOWN,UNKNOWN,UNKNOWN,0.0,GS,2380.0,1446.0,1018.0,757.0
ALC - GIFT GUIDE DIA DAS MAES,120248544859280260,OUTCOME_AWARENESS,2026-05-01,143291,128436,1.115661,193,0.134691,1.158808,1.56081,223.65,144.0,0,1.553125,64.0,0,3.494531,0.0,0,0.0,0,0,0,0,0,0,19.0,0,11.771053,0,0,0,165.0,0,1.355455,18.0,0,0,165.0,0,1.355455,0,0,0,0.0,0,0,54.0,0,0,UNKNOWN,UNKNOWN,UNKNOWN,144.0,GS,8.0,1.0,,
TRAF- Giftcard,120231989566400225,LINK_CLICKS,2025-11-09,0,0,0.0,0,0.0,0.0,0.0,0.0,0.0,0,0.0,0.0,0,0.0,0.0,0,0.0,0,0,0,0,0,0,0.0,0,0.0,0,0,0,0.0,0,0.0,0.0,0,0,0.0,0,0.0,0,0,0,0.0,0,0,0.0,0,0,UNKNOWN,UNKNOWN,UNKNOWN,0.0,NS,,,,
ALC - Inauguração Ritmi,120231990939630225,OUTCOME_AWARENESS,2025-11-09,40886,36320,1.125716,28,0.068483,2.465714,1.688598,69.04,1.0,0,69.04,0.0,0,0.0,0.0,0,0.0,0,0,0,0,0,0,0.0,0,0.0,0,0,0,1192.0,0,0.057919,2.0,0,0,1192.0,0,0.057919,0,0,0,0.0,0,0,0.0,0,0,UNKNOWN,UNKNOWN,UNKNOWN,0.0,NS,154.0,18.0,6.0,4.0
ALC - Loja Crocs,120232410145660225,OUTCOME_AWARENESS,2025-11-09,57999,49867,1.163074,78,0.134485,1.352051,1.818307,105.46,46.0,0,2.292609,0.0,0,0.0,0.0,0,0.0,0,0,0,0,0,0,0.0,0,0.0,0,0,0,1184.0,0,0.089071,3.0,0,0,1184.0,0,0.089071,0,0,0,0.0,0,0,0.0,0,0,UNKNOWN,UNKNOWN,UNKNOWN,26.0,NS,472.0,252.0,51.0,35.0
ALC - Chilli Beans,120233141162840225,OUTCOME_AWARENESS,2025-11-09,23381,21294,1.098009,19,0.081263,2.104737,1.710363,39.99,18.0,0,2.221667,0.0,0,0.0,0.0,0,0.0,0,0,0,0,0,0,0.0,0,0.0,0,0,0,888.0,0,0.045034,2.0,0,0,888.0,0,0.045034,0,0,0,0.0,0,0,0.0,0,0,UNKNOWN,UNKNOWN,UNKNOWN,10.0,NS,211.0,39.0,29.0,22.0
ALC - Avatim,120233142672850225,OUTCOME_AWARENESS,2025-11-09,108902,57019,1.909925,43,0.039485,4.047209,1.598042,174.03,1.0,0,174.03,0.0,0,0.0,0.0,0,0.0,0,0,0,0,0,0,0.0,0,0.0,0,0,0,4804.0,0,0.036226,15.0,0,0,4804.0,0,0.036226,0,0,0,0.0,0,0,0.0,0,0,UNKNOWN,UNKNOWN,UNKNOWN,1.0,NS,205.0,80.0,49.0,33.0
ALC - Chegada Papai Noel - Natal 2025,120233915772800225,OUTCOME_AWARENESS,2025-11-09,11716,11634,1.007048,32,0.273131,0.6325,1.727552,20.24,25.0,0,0.8096,0.0,0,0.0,0.0,0,0.0,0,0,0,0,0,0,0.0,0,0.0,0,0,0,228.0,0,0.088772,1.0,0,0,228.0,0,0.088772,0,0,0,0.0,0,0,0.0,0,0,UNKNOWN,UNKNOWN,UNKNOWN,14.0,NS,162.0,50.0,37.0,23.0
ALC - Casas Maria,120234507323040225,OUTCOME_AWARENESS,2025-11-09,96687,46213,2.092203,132,0.136523,1.244848,1.699505,164.32,89.0,0,1.846292,0.0,0,0.0,0.0,0,0.0,0,0,0,0,0,0,0.0,0,0.0,0,0,0,3959.0,0,0.041505,12.0,0,0,3959.0,0,0.041505,0,0,0,0.0,0,0,0.0,0,0,UNKNOWN,UNKNOWN,UNKNOWN,48.0,NS,393.0,111.0,59.0,35.0
ALC - LAS LEÑAS,120234507357940225,OUTCOME_AWARENESS,2025-11-09,100065,49336,2.028235,97,0.096937,1.69268,1.640833,164.19,72.0,0,2.280417,0.0,0,0.0,0.0,0,0.0,0,0,0,0,0,0,0.0,0,0.0,0,0,0,5392.0,0,0.030451,22.0,0,0,5392.0,0,0.030451,0,0,0,0.0,0,0,0.0,0,0,UNKNOWN,UNKNOWN,UNKNOWN,51.0,NS,6153.0,1947.0,1157.0,857.0
ENG - Officina Gelatiera,120234507408890225,OUTCOME_ENGAGEMENT,2025-11-09,32604,24826,1.313301,228,0.699301,0.52136,3.645872,118.87,63.0,0,1.886825,0.0,0,0.0,0.0,0,0.0,0,0,0,0,0,0,0.0,0,0.0,0,0,0,14698.0,0,0.008087,267.0,0,0,14698.0,0,0.008087,0,0,0,0.0,0,0,0.0,0,0,UNKNOWN,UNKNOWN,UNKNOWN,30.0,NS,4536.0,3252.0,2246.0,1256.0
ALC - PROMO NATAL 25,120234760801190225,OUTCOME_AWARENESS,2025-11-09,435719,179130,2.432418,678,0.155605,1.014543,1.578678,687.86,386.0,0,1.782021,0.0,0,0.0,0.0,0,0.0,0,0,0,0,0,0,0.0,0,0.0,0,0,0,10166.0,0,0.067663,77.0,0,0,10167.0,0,0.067656,0,0,0,0.0,0,0,0.0,0,0,UNKNOWN,UNKNOWN,UNKNOWN,384.0,NS,23231.0,7008.0,3769.0,2482.0
TRAF - NATAL 25,120234760949340225,LINK_CLICKS,2025-11-09,229995,72759,3.161052,3306,1.437423,0.209083,3.005413,691.23,2544.0,0,0.27171,20.0,0,34.5615,0.0,0,0.0,0,0,0,0,0,0,0.0,0,0.0,0,0,0,19789.0,0,0.03493,119.0,0,0,19792.0,0,0.034925,0,0,0,0.0,0,0,0.0,0,0,UNKNOWN,UNKNOWN,UNKNOWN,2543.0,NS,25751.0,11988.0,7505.0,5302.0
ALC - LEGOS,120235033220480225,OUTCOME_AWARENESS,2025-11-09,267938,106603,2.513419,402,0.150035,1.142587,1.714277,459.32,274.0,0,1.67635,2.0,0,229.66,0.0,0,0.0,0,0,0,0,0,0,0.0,0,0.0,0,0,0,427.0,0,1.075691,17.0,0,0,427.0,0,1.075691,0,0,0,0.0,0,0,0.0,0,0,UNKNOWN,UNKNOWN,UNKNOWN,176.0,NS,22.0,3.0,1.0,1.0
ALC - Transmissão ao vivo Jogo de Futebol,120235431034520225,OUTCOME_AWARENESS,2025-11-09,176003,118133,1.489872,193,0.109657,1.550881,1.700653,299.32,1.0,0,299.32,0.0,0,0.0,0.0,0,0.0,0,0,0,0,0,0,0.0,0,0.0,0,0,0,10418.0,0,0.028731,59.0,0,0,10418.0,0,0.028731,0,0,0,0.0,0,0,0.0,0,0,UNKNOWN,UNKNOWN,UNKNOWN,0.0,NS,5391.0,2341.0,581.0,365.0
ALC- BLACK FRIDAY NS,120235676342620225,OUTCOME_AWARENESS,2025-11-09,375997,220288,1.706843,182,0.048405,4.395385,2.12757,799.96,38.0,0,21.051579,0.0,0,0.0,0.0,0,0.0,0,0,0,0,0,0,0.0,0,0.0,0,0,0,9319.0,0,0.085842,41.0,0,0,9319.0,0,0.085842,0,0,0,0.0,0,0,0.0,0,0,UNKNOWN,UNKNOWN,UNKNOWN,27.0,NS,6272.0,2818.0,1719.0,1319.0
VISUALIZAÇÕES - BF SORANA,120235840143130225,OUTCOME_AWARENESS,2025-11-09,30038,25436,1.180925,160,0.532659,1.2495,6.65557,199.92,66.0,0,3.029091,0.0,0,0.0,0.0,0,0.0,0,0,0,0,0,0,0.0,0,0.0,0,0,0,10746.0,0,0.018604,260.0,0,0,10746.0,0,0.018604,0,0,0,0.0,0,0,0.0,0,0,UNKNOWN,UNKNOWN,UNKNOWN,33.0,NS,2775.0,1390.0,883.0,485.0
ENG - Officina Gelatiera,120234507408890225,OUTCOME_ENGAGEMENT,2025-12-01,0,0,0.0,0,0.0,0.0,0.0,0.0,0.0,0,0.0,1.0,0,0.0,0.0,0,0.0,0,0,0,0,0,0,0.0,0,0.0,0,0,0,0.0,0,0.0,0.0,0,0,0.0,0,0.0,0,0,0,0.0,0,0,0.0,0,0,UNKNOWN,UNKNOWN,UNKNOWN,0.0,NS,,,,
ALC - PROMO NATAL 25,120234760801190225,OUTCOME_AWARENESS,2025-12-01,1290633,400749,3.220552,2762,0.214004,0.593327,1.269741,1638.77,1262.0,0,1.29855,2.0,0,819.385,0.0,0,0.0,0,0,0,0,0,0,0.0,0,0.0,0,0,0,64853.0,0,0.025269,228.0,0,0,64854.0,0,0.025269,0,0,0,0.0,0,0,0.0,0,0,UNKNOWN,UNKNOWN,UNKNOWN,1177.0,NS,14056.0,5296.0,2243.0,1230.0
TRAF - NATAL 25,120234760949340225,LINK_CLICKS,2025-12-01,511913,182315,2.807849,11707,2.286912,0.139285,3.185326,1630.61,8620.0,0,0.189166,35.0,0,46.588857,0.0,0,0.0,0,0,0,0,0,0,0.0,0,0.0,0,0,0,93919.0,0,0.017362,1244.0,0,0,93930.0,0,0.01736,0,0,0,0.0,0,0,0.0,0,0,UNKNOWN,UNKNOWN,UNKNOWN,7929.0,NS,33877.0,18332.0,13297.0,7151.0
ALC - LEGOS,120235033220480225,OUTCOME_AWARENESS,2025-12-01,383291,147596,2.596893,450,0.117404,1.201422,1.410521,540.64,337.0,0,1.604273,46.0,0,11.753043,0.0,0,0.0,0,0,0,0,0,0,0.0,0,0.0,0,0,0,5309.0,0,0.101835,47.0,0,0,5309.0,0,0.101835,0,0,0,0.0,0,0,0.0,0,0,UNKNOWN,UNKNOWN,UNKNOWN,279.0,NS,983.0,162.0,86.0,56.0
ALC- BLACK FRIDAY NS,120235676342620225,OUTCOME_AWARENESS,2025-12-01,0,0,0.0,0,0.0,0.0,0.0,0.0,0.0,0,0.0,0.0,0,0.0,0.0,0,0.0,0,0,0,0,0,0,0.0,0,0.0,0,0,0,0.0,0,0.0,0.0,0,0,0.0,0,0.0,0,0,0,0.0,0,0,0.0,0,0,UNKNOWN,UNKNOWN,UNKNOWN,0.0,NS,,,,
VISUALIZAÇÕES - BF SORANA,120235840143130225,OUTCOME_AWARENESS,2025-12-01,0,0,0.0,0,0.0,0.0,0.0,0.0,0.0,0,0.0,0.0,0,0.0,0.0,0,0.0,0,0,0,0,0,0,0.0,0,0.0,0,0,0,0.0,0,0.0,0.0,0,0,0.0,0,0.0,0,0,0,0.0,0,0,0.0,0,0,UNKNOWN,UNKNOWN,UNKNOWN,0.0,NS,,,,
"ALC - Espetáculo Luz, camera e emoção",120236083133360225,OUTCOME_AWARENESS,2025-12-01,206244,129004,1.598741,211,0.102306,1.657915,1.696146,349.82,186.0,0,1.880753,0.0,0,0.0,0.0,0,0.0,0,0,0,0,0,0,0.0,0,0.0,0,0,0,435.0,0,0.804184,14.0,0,0,435.0,0,0.804184,0,0,0,0.0,0,0,0.0,0,0,UNKNOWN,UNKNOWN,UNKNOWN,121.0,NS,419.0,146.0,80.0,52.0
ENG - Tour fofíssima Natal,120236083340880225,OUTCOME_ENGAGEMENT,2025-12-01,117079,66733,1.754439,556,0.474893,1.079101,5.124574,599.98,248.0,0,2.419274,0.0,0,0.0,0.0,0,0.0,0,0,0,0,0,0,0.0,0,0.0,0,0,0,67279.0,0,0.008918,1027.0,0,0,67279.0,0,0.008918,0,0,0,0.0,0,0,0.0,0,0,UNKNOWN,UNKNOWN,UNKNOWN,75.0,NS,10477.0,4518.0,2903.0,1853.0
ALC - Exposição Legueiros,120236293601470225,OUTCOME_AWARENESS,2025-12-01,348840,124370,2.804856,724,0.207545,0.690608,1.433322,500.0,446.0,0,1.121076,1.0,0,500.0,0.0,0,0.0,0,0,0,0,0,0,0.0,0,0.0,0,0,0,32436.0,0,0.015415,97.0,0,0,32438.0,0,0.015414,0,0,0,0.0,0,0,0.0,0,0,UNKNOWN,UNKNOWN,UNKNOWN,111.0,NS,6359.0,1880.0,1104.0,615.0
ALC - Panetone,120236786157660225,OUTCOME_AWARENESS,2025-12-01,259857,107157,2.425012,324,0.124684,1.080185,1.346818,349.98,236.0,0,1.482966,1.0,0,349.98,0.0,0,0.0,0,0,0,0,0,0,0.0,0,0.0,0,0,0,16825.0,0,0.020801,50.0,0,0,16825.0,0,0.020801,0,0,0,0.0,0,0,0.0,0,0,UNKNOWN,UNKNOWN,UNKNOWN,142.0,NS,8183.0,4075.0,2016.0,561.0
ALC - UEBEL,120236789023090225,OUTCOME_AWARENESS,2025-12-01,263571,112504,2.34277,378,0.143415,0.925873,1.32784,349.98,279.0,0,1.254409,0.0,0,0.0,1.0,0,349.98,0,0,0,0,0,0,0.0,0,0.0,0,0,0,13971.0,0,0.02505,35.0,0,0,13971.0,0,0.02505,0,0,0,0.0,0,0,0.0,0,0,UNKNOWN,UNKNOWN,UNKNOWN,154.0,NS,378.0,131.0,82.0,48.0
ALC - Mana Naspolini - Looks fim de ano,120236791609500225,OUTCOME_AWARENESS,2025-12-01,237046,101159,2.343301,279,0.117699,1.075125,1.265408,299.96,213.0,0,1.408263,0.0,0,0.0,0.0,0,0.0,0,0,0,0,0,0,0.0,0,0.0,0,0,0,8742.0,0,0.034313,18.0,0,0,8742.0,0,0.034313,0,0,0,0.0,0,0,0.0,0,0,UNKNOWN,UNKNOWN,UNKNOWN,0.0,NS,3486.0,1744.0,262.0,165.0
ALC - Chapeuzinho Vermelho,120236806580130225,OUTCOME_AWARENESS,2025-12-01,315847,195999,1.611473,139,0.044009,3.59705,1.583013,499.99,57.0,0,8.771754,1.0,0,499.99,0.0,0,0.0,0,0,0,0,0,0,0.0,0,0.0,0,0,0,80.0,0,6.249875,17.0,0,0,80.0,0,6.249875,0,0,0,0.0,0,0,0.0,0,0,UNKNOWN,UNKNOWN,UNKNOWN,4.0,NS,,,,
ALC - Mesa Posta Natal 25,120236890674760225,OUTCOME_AWARENESS,2025-12-01,100620,63804,1.577017,37,0.036772,4.052432,1.490161,149.94,0.0,0,0.0,0.0,0,0.0,0.0,0,0.0,0,0,0,0,0,0,0.0,0,0.0,0,0,0,3717.0,0,0.040339,12.0,0,0,3717.0,0,0.040339,0,0,0,0.0,0,0,0.0,0,0,UNKNOWN,UNKNOWN,UNKNOWN,0.0,NS,124.0,47.0,25.0,16.0
ALC - Avatar 3,120237003523440225,OUTCOME_AWARENESS,2025-12-01,113032,59785,1.890641,191,0.168979,0.78534,1.327058,150.0,120.0,0,1.25,2.0,0,75.0,0.0,0,0.0,0,0,0,0,0,0,0.0,0,0.0,0,0,0,9640.0,0,0.01556,23.0,0,0,9640.0,0,0.01556,0,0,0,0.0,0,0,0.0,0,0,UNKNOWN,UNKNOWN,UNKNOWN,78.0,NS,11501.0,5858.0,3202.0,2161.0
ALC - PROMO NATAL 25,120234760801190225,OUTCOME_AWARENESS,2026-01-01,755889,395677,1.910369,1200,0.158753,0.515475,0.818334,618.57,620.0,0,0.997694,0.0,0,0.0,0.0,0,0.0,0,0,0,0,0,0,0.0,0,0.0,0,0,0,34480.0,0,0.01794,131.0,0,0,34480.0,0,0.01794,0,0,0,0.0,0,0,0.0,0,0,UNKNOWN,UNKNOWN,UNKNOWN,607.0,NS,8823.0,3009.0,1418.0,868.0
TRAF - NATAL 25,120234760949340225,LINK_CLICKS,2026-01-01,166574,93694,1.777851,4759,2.856988,0.107934,3.083675,513.66,3614.0,0,0.142131,22.0,0,23.348182,0.0,0,0.0,0,0,0,0,0,0,0.0,0,0.0,0,0,0,40825.0,0,0.012582,439.0,0,0,40832.0,0,0.01258,0,0,0,0.0,0,0,0.0,0,0,UNKNOWN,UNKNOWN,UNKNOWN,3611.0,NS,11985.0,5646.0,4853.0,2338.0
ALC - Panetone,120236786157660225,OUTCOME_AWARENESS,2026-01-01,0,0,0.0,0,0.0,0.0,0.0,0.0,0.0,0,0.0,0.0,0,0.0,0.0,0,0.0,0,0,0,0,0,0,0.0,0,0.0,0,0,0,0.0,0,0.0,0.0,0,0,0.0,0,0.0,0,0,0,0.0,0,0,0.0,0,0,UNKNOWN,UNKNOWN,UNKNOWN,0.0,NS,,,,
ALC - UEBEL,120236789023090225,OUTCOME_AWARENESS,2026-01-01,0,0,0.0,0,0.0,0.0,0.0,0.0,0.0,0,0.0,0.0,0,0.0,0.0,0,0.0,0,0,0,0,0,0,0.0,0,0.0,0,0,0,0.0,0,0.0,0.0,0,0,0.0,0,0.0,0,0,0,0.0,0,0,0.0,0,0,UNKNOWN,UNKNOWN,UNKNOWN,0.0,NS,,,,
ALC - Super ZOO,120237697768620225,OUTCOME_AWARENESS,2026-01-01,1097522,361327,3.037476,2118,0.19298,0.680019,1.312302,1440.28,1520.0,0,0.947553,669.0,0,2.152885,0.0,0,0.0,0,0,0,0,0,0,0.0,0,0.0,0,0,0,31300.0,0,0.046015,210.0,0,0,31300.0,0,0.046015,0,0,0,0.0,0,0,0.0,0,0,UNKNOWN,UNKNOWN,UNKNOWN,1519.0,NS,28768.0,12236.0,7370.0,5117.0
ALC - LIQUIDA 25,120237697950010225,OUTCOME_AWARENESS,2026-01-01,1434340,657526,2.181419,2364,0.164814,1.268219,2.090209,2998.07,1668.0,0,1.797404,3.0,0,999.356667,0.0,0,0.0,0,0,0,0,0,0,0.0,0,0.0,0,0,0,71907.0,0,0.041694,285.0,0,0,71907.0,0,0.041694,0,0,0,0.0,0,0,0.0,0,0,UNKNOWN,UNKNOWN,UNKNOWN,0.0,NS,46209.0,22224.0,13226.0,7287.0
ALC - Cinema - Bob Esponja Filme,120237698206050225,OUTCOME_AWARENESS,2026-01-01,255470,94319,2.708574,398,0.155791,0.753518,1.173915,299.9,303.0,0,0.989769,0.0,0,0.0,0.0,0,0.0,0,0,0,0,0,0,0.0,0,0.0,0,0,0,12240.0,0,0.024502,39.0,0,0,12240.0,0,0.024502,0,0,0,0.0,0,0,0.0,0,0,UNKNOWN,UNKNOWN,UNKNOWN,0.0,NS,13450.0,4864.0,2485.0,1765.0
ALC - FÉRIAS JAN 25,120237769674470225,OUTCOME_AWARENESS,2026-01-01,541975,193523,2.800572,845,0.155911,0.812391,1.266608,686.47,587.0,0,1.169455,0.0,0,0.0,0.0,0,0.0,0,0,0,0,0,0,0.0,0,0.0,0,0,0,24692.0,0,0.027801,138.0,0,0,24692.0,0,0.027801,0,0,0,0.0,0,0,0.0,0,0,UNKNOWN,UNKNOWN,UNKNOWN,573.0,NS,7641.0,2559.0,1344.0,804.0
ALC - VERÃO/LOJAS,120237769884270225,OUTCOME_AWARENESS,2026-01-01,395282,147830,2.673896,555,0.140406,0.883135,1.239976,490.14,372.0,0,1.317581,0.0,0,0.0,0.0,0,0.0,0,0,0,0,0,0,0.0,0,0.0,0,0,0,23292.0,0,0.021043,64.0,0,0,23292.0,0,0.021043,0,0,0,0.0,0,0,0.0,0,0,UNKNOWN,UNKNOWN,UNKNOWN,0.0,NS,5710.0,2778.0,1635.0,537.0
ALC - ÓCULOS META OAKLEY,120237770000040225,OUTCOME_AWARENESS,2026-01-01,373154,132307,2.820365,518,0.138817,0.930656,1.291906,482.08,343.0,0,1.405481,0.0,0,0.0,0.0,0,0.0,0,0,0,0,0,0,0.0,0,0.0,0,0,0,15450.0,0,0.031203,38.0,0,0,15450.0,0,0.031203,0,0,0,0.0,0,0,0.0,0,0,UNKNOWN,UNKNOWN,UNKNOWN,0.0,NS,2472.0,510.0,204.0,111.0
ALC - Novidades Cinema GNC,120238216202110225,OUTCOME_AWARENESS,2026-01-01,75044,49854,1.505275,128,0.170567,0.756953,1.291109,96.89,101.0,0,0.959307,0.0,0,0.0,0.0,0,0.0,0,0,0,0,0,0,0.0,0,0.0,0,0,0,108.0,0,0.89713,6.0,0,0,108.0,0,0.89713,0,0,0,0.0,0,0,0.0,0,0,UNKNOWN,UNKNOWN,UNKNOWN,0.0,NS,,,,
ALC - Vortex,120238216332790225,OUTCOME_AWARENESS,2026-01-01,49595,36528,1.357726,52,0.104849,1.274038,1.33582,66.25,38.0,0,1.743421,0.0,0,0.0,0.0,0,0.0,0,0,0,0,0,0,0.0,0,0.0,0,0,0,39.0,0,1.698718,1.0,0,0,39.0,0,1.698718,0,0,0,0.0,0,0,0.0,0,0,UNKNOWN,UNKNOWN,UNKNOWN,0.0,NS,,,,
ALC - Blokinho do Rosa 2025,120238216427400225,OUTCOME_AWARENESS,2026-01-01,104791,71539,1.464809,132,0.125965,1.067273,1.34439,140.88,87.0,0,1.61931,0.0,0,0.0,0.0,0,0.0,0,0,0,0,0,0,0.0,0,0.0,0,0,0,4899.0,0,0.028757,8.0,0,0,4899.0,0,0.028757,0,0,0,0.0,0,0,0.0,0,0,UNKNOWN,UNKNOWN,UNKNOWN,0.0,NS,4758.0,1955.0,992.0,686.0
ALC - Super ZOO,120237697768620225,OUTCOME_AWARENESS,2026-02-01,303434,221053,1.372675,508,0.167417,0.758583,1.269996,385.36,375.0,0,1.027627,169.0,0,2.280237,0.0,0,0.0,0,0,0,0,0,0,0.0,0,0.0,0,0,0,13227.0,0,0.029134,69.0,0,0,13227.0,0,0.029134,0,0,0,0.0,0,0,0.0,0,0,UNKNOWN,UNKNOWN,UNKNOWN,375.0,NS,5269.0,1731.0,960.0,637.0
ALC - FÉRIAS JAN 25,120237769674470225,OUTCOME_AWARENESS,2026-02-01,164340,113975,1.441895,243,0.147864,0.864444,1.278204,210.06,173.0,0,1.21422,0.0,0,0.0,0.0,0,0.0,0,0,0,0,0,0,0.0,0,0.0,0,0,0,7317.0,0,0.028708,48.0,0,0,7317.0,0,0.028708,0,0,0,0.0,0,0,0.0,0,0,UNKNOWN,UNKNOWN,UNKNOWN,168.0,NS,2183.0,639.0,342.0,207.0
ALC - VERÃO/LOJAS,120237769884270225,OUTCOME_AWARENESS,2026-02-01,122029,94941,1.285314,148,0.121283,1.013378,1.229052,149.98,108.0,0,1.388704,1.0,0,149.98,0.0,0,0.0,0,0,0,0,0,0,0.0,0,0.0,0,0,0,7042.0,0,0.021298,13.0,0,0,7042.0,0,0.021298,0,0,0,0.0,0,0,0.0,0,0,UNKNOWN,UNKNOWN,UNKNOWN,0.0,NS,2699.0,1224.0,762.0,273.0
ALC - ÓCULOS META OAKLEY,120237770000040225,OUTCOME_AWARENESS,2026-02-01,118498,83806,1.413956,159,0.134179,0.944528,1.267363,150.18,113.0,0,1.329027,2.0,0,75.09,0.0,0,0.0,0,0,0,0,0,0,0.0,0,0.0,0,0,0,4751.0,0,0.03161,2.0,0,0,4751.0,0,0.03161,0,0,0,0.0,0,0,0.0,0,0,UNKNOWN,UNKNOWN,UNKNOWN,0.0,NS,748.0,123.0,52.0,33.0
ALC - Novidades Cinema GNC,120238216202110225,OUTCOME_AWARENESS,2026-02-01,91752,65102,1.409358,158,0.172203,0.672595,1.158231,106.27,129.0,0,0.823798,29.0,0,3.664483,0.0,0,0.0,0,0,0,0,0,0,0.0,0,0.0,0,0,0,168.0,0,0.63256,2.0,0,0,168.0,0,0.63256,0,0,0,0.0,0,0,0.0,0,0,UNKNOWN,UNKNOWN,UNKNOWN,70.0,NS,123.0,36.0,27.0,16.0
ALC - Vortex,120238216332790225,OUTCOME_AWARENESS,2026-02-01,87021,64109,1.357391,95,0.109169,1.087368,1.18707,103.3,72.0,0,1.434722,0.0,0,0.0,0.0,0,0.0,0,0,0,0,0,0,0.0,0,0.0,0,0,0,74.0,0,1.395946,2.0,0,0,74.0,0,1.395946,0,0,0,0.0,0,0,0.0,0,0,UNKNOWN,UNKNOWN,UNKNOWN,0.0,NS,,,,
ALC - Blokinho do Rosa 2025,120238216427400225,OUTCOME_AWARENESS,2026-02-01,152988,108873,1.405197,208,0.135958,0.933173,1.268727,194.1,148.0,0,1.311486,0.0,0,0.0,0.0,0,0.0,0,0,0,0,0,0,0.0,0,0.0,0,0,0,7150.0,0,0.027147,18.0,0,0,7150.0,0,0.027147,0,0,0,0.0,0,0,0.0,0,0,UNKNOWN,UNKNOWN,UNKNOWN,0.0,NS,4018.0,1480.0,799.0,554.0
ALC - Carnapet,120238497176350225,OUTCOME_AWARENESS,2026-02-01,165387,110165,1.501266,243,0.146928,0.917613,1.348232,222.98,179.0,0,1.245698,0.0,0,0.0,0.0,0,0.0,0,0,0,0,0,0,0.0,0,0.0,0,0,0,6524.0,0,0.034178,61.0,0,0,6524.0,0,0.034178,0,0,0,0.0,0,0,0.0,0,0,UNKNOWN,UNKNOWN,UNKNOWN,0.0,NS,2049.0,1165.0,172.0,116.0
ALC - Exposição Ambiências,120238497254480225,OUTCOME_AWARENESS,2026-02-01,30636,24049,1.273899,34,0.110981,1.147059,1.273012,39.0,29.0,0,1.344828,0.0,0,0.0,0.0,0,0.0,0,0,0,0,0,0,0.0,0,0.0,0,0,0,2220.0,0,0.017568,12.0,0,0,2220.0,0,0.017568,0,0,0,0.0,0,0,0.0,0,0,UNKNOWN,UNKNOWN,UNKNOWN,0.0,NS,695.0,283.0,58.0,35.0
ALC - Super ZOO,120237697768620225,OUTCOME_AWARENESS,2026-02-07,929119,348362,2.667108,1765,0.189965,0.66536,1.26395,1174.36,1257.0,0,0.934256,571.0,0,2.056673,0.0,0,0.0,0,0,0,0,0,0,0.0,0,0.0,0,0,0,35639.0,0,0.032952,223.0,0,0,35639.0,0,0.032952,0,0,0,0.0,0,0,0.0,0,0,UNKNOWN,UNKNOWN,UNKNOWN,1256.0,NS,7894.0,2132.0,1180.0,788.0
ALC - FÉRIAS JAN 25,120237769674470225,OUTCOME_AWARENESS,2026-02-07,459377,182962,2.510778,645,0.140408,0.904217,1.269589,583.22,466.0,0,1.251545,0.0,0,0.0,0.0,0,0.0,0,0,0,0,0,0,0.0,0,0.0,0,0,0,18704.0,0,0.031182,92.0,0,0,18704.0,0,0.031182,0,0,0,0.0,0,0,0.0,0,0,UNKNOWN,UNKNOWN,UNKNOWN,452.0,NS,5658.0,1609.0,757.0,467.0
ALC - VERÃO/LOJAS,120237769884270225,OUTCOME_AWARENESS,2026-02-07,394527,157471,2.505395,521,0.132057,0.920941,1.216165,479.81,347.0,0,1.382738,0.0,0,0.0,0.0,0,0.0,0,0,0,0,0,0,0.0,0,0.0,0,0,0,23357.0,0,0.020542,56.0,0,0,23357.0,0,0.020542,0,0,0,0.0,0,0,0.0,0,0,UNKNOWN,UNKNOWN,UNKNOWN,0.0,NS,5268.0,2732.0,1578.0,567.0
ALC - ÓCULOS META OAKLEY,120237770000040225,OUTCOME_AWARENESS,2026-02-07,326157,136582,2.387994,434,0.133065,0.95977,1.277115,416.54,312.0,0,1.335064,0.0,0,0.0,0.0,0,0.0,0,0,0,0,0,0,0.0,0,0.0,0,0,0,12424.0,0,0.033527,20.0,0,0,12424.0,0,0.033527,0,0,0,0.0,0,0,0.0,0,0,UNKNOWN,UNKNOWN,UNKNOWN,0.0,NS,1916.0,337.0,164.0,85.0
ALC - Novidades Cinema GNC,120238216202110225,OUTCOME_AWARENESS,2026-02-07,120611,78976,1.527185,223,0.184892,0.657085,1.214897,146.53,174.0,0,0.842126,86.0,0,1.703837,0.0,0,0.0,0,0,0,0,0,0,0.0,0,0.0,0,0,0,299.0,0,0.490067,6.0,0,0,299.0,0,0.490067,0,0,0,0.0,0,0,0.0,0,0,UNKNOWN,UNKNOWN,UNKNOWN,174.0,NS,401.0,135.0,86.0,63.0
ALC - Vortex,120238216332790225,OUTCOME_AWARENESS,2026-02-07,272543,111912,2.435333,303,0.111175,1.07868,1.199224,326.84,226.0,0,1.446195,0.0,0,0.0,0.0,0,0.0,0,0,0,0,0,0,0.0,0,0.0,0,0,0,232.0,0,1.408793,6.0,0,0,232.0,0,1.408793,0,0,0,0.0,0,0,0.0,0,0,UNKNOWN,UNKNOWN,UNKNOWN,0.0,NS,,,,
ALC - Blokinho do Rosa 2025,120238216427400225,OUTCOME_AWARENESS,2026-02-07,48656,46614,1.043807,68,0.139757,0.952353,1.330977,64.76,52.0,0,1.245385,0.0,0,0.0,0.0,0,0.0,0,0,0,0,0,0,0.0,0,0.0,0,0,0,2009.0,0,0.032235,6.0,0,0,2009.0,0,0.032235,0,0,0,0.0,0,0,0.0,0,0,UNKNOWN,UNKNOWN,UNKNOWN,0.0,NS,341.0,64.0,31.0,14.0
ALC - Carnapet,120238497176350225,OUTCOME_AWARENESS,2026-02-07,19540,18677,1.046207,42,0.214944,0.642619,1.381269,26.99,30.0,0,0.899667,0.0,0,0.0,0.0,0,0.0,0,0,0,0,0,0,0.0,0,0.0,0,0,0,755.0,0,0.035748,6.0,0,0,755.0,0,0.035748,0,0,0,0.0,0,0,0.0,0,0,UNKNOWN,UNKNOWN,UNKNOWN,0.0,NS,244.0,142.0,18.0,10.0
ALC - Exposição Ambiências,120238497254480225,OUTCOME_AWARENESS,2026-02-07,114071,63672,1.791541,127,0.111334,1.082283,1.204951,137.45,108.0,0,1.272685,0.0,0,0.0,0.0,0,0.0,0,0,0,0,0,0,0.0,0,0.0,0,0,0,6693.0,0,0.020536,29.0,0,0,6693.0,0,0.020536,0,0,0,0.0,0,0,0.0,0,0,UNKNOWN,UNKNOWN,UNKNOWN,0.0,NS,2156.0,1002.0,205.0,147.0
ALC - A Casa de Gaby,120238749907260225,OUTCOME_AWARENESS,2026-02-07,245648,121715,2.018223,387,0.157543,0.775065,1.221056,299.95,283.0,0,1.059894,1.0,0,299.95,0.0,0,0.0,0,0,0,0,0,0,0.0,0,0.0,0,0,0,726.0,0,0.413154,17.0,0,0,726.0,0,0.413154,0,0,0,0.0,0,0,0.0,0,0,UNKNOWN,UNKNOWN,UNKNOWN,1.0,NS,120.0,62.0,42.0,6.0
ALC - Exposição Beatles,120239046320590225,OUTCOME_AWARENESS,2026-02-07,160175,91946,1.742055,168,0.104885,1.106369,1.160418,185.87,128.0,0,1.452109,0.0,0,0.0,0.0,0,0.0,0,0,0,0,0,0,0.0,0,0.0,0,0,0,6488.0,0,0.028648,28.0,0,0,6488.0,0,0.028648,0,0,0,0.0,0,0,0.0,0,0,UNKNOWN,UNKNOWN,UNKNOWN,0.0,NS,1061.0,187.0,101.0,69.0
ALC - CAPIVALLEY,120239368933820225,OUTCOME_AWARENESS,2026-02-07,207346,149942,1.382841,317,0.152885,0.886751,1.355705,281.1,79.0,0,3.558228,0.0,0,0.0,0.0,0,0.0,0,0,0,0,0,0,0.0,0,0.0,0,0,0,13949.0,0,0.020152,112.0,0,0,13949.0,0,0.020152,0,0,0,0.0,0,0,0.0,0,0,UNKNOWN,UNKNOWN,UNKNOWN,4.0,NS,31780.0,11611.0,6363.0,4325.0
ALC - Exposição Beatles,120239046320590225,OUTCOME_AWARENESS,2026-03-01,191689,105179,1.822503,152,0.079295,1.454342,1.153222,221.06,115.0,0,1.922261,0.0,0,0.0,0.0,0,0.0,0,0,0,0,0,0,0.0,0,0.0,0,0,0,7701.0,0,0.028705,30.0,0,0,7701.0,0,0.028705,0,0,0,0.0,0,0,0.0,0,0,UNKNOWN,UNKNOWN,UNKNOWN,0.0,NS,1236.0,251.0,129.0,79.0
ALC - CAPIVALLEY,120239368933820225,OUTCOME_AWARENESS,2026-03-01,1137149,464743,2.446834,1169,0.102801,1.282968,1.318904,1499.79,61.0,0,24.586721,0.0,0,0.0,0.0,0,0.0,0,0,0,0,0,0,0.0,0,0.0,0,0,0,53047.0,0,0.028273,171.0,0,0,53050.0,0,0.028271,0,0,0,0.0,0,0,0.0,0,0,UNKNOWN,UNKNOWN,UNKNOWN,41.0,NS,168134.0,62218.0,36405.0,25094.0
ALC - MISS CRICIUMA,120239593181160225,OUTCOME_AWARENESS,2026-03-01,1398032,420495,3.324729,1884,0.134761,1.061571,1.430582,2000.0,1578.0,0,1.267427,829.0,0,2.412545,0.0,0,0.0,0,0,0,0,0,0,0.0,0,0.0,0,0,0,1614.0,0,1.239157,17.0,0,0,1614.0,0,1.239157,0,0,0,0.0,0,0,0.0,0,0,UNKNOWN,UNKNOWN,UNKNOWN,1570.0,NS,,,,
ALC - Páscoa,120239593258100225,OUTCOME_AWARENESS,2026-03-01,2651115,649293,4.08308,1853,0.069895,2.002812,1.399868,3711.21,905.0,0,4.100785,414.0,0,8.964275,0.0,0,0.0,0,0,0,0,0,0,0.0,0,0.0,0,0,0,74972.0,0,0.049501,306.0,0,0,74972.0,0,0.049501,0,0,0,0.0,0,0,0.0,0,0,UNKNOWN,UNKNOWN,UNKNOWN,860.0,NS,17246.0,3901.0,2161.0,1398.0
ALC - MUSICAL O ENCANTO DA NATUREZA,120239602331250225,OUTCOME_AWARENESS,2026-03-01,228860,168190,1.360723,338,0.147689,0.920473,1.359434,311.12,255.0,0,1.220078,0.0,0,0.0,0.0,0,0.0,0,0,0,0,0,0,0.0,0,0.0,0,0,0,10532.0,0,0.02954,25.0,0,0,10532.0,0,0.02954,0,0,0,0.0,0,0,0.0,0,0,UNKNOWN,UNKNOWN,UNKNOWN,253.0,NS,3870.0,1804.0,438.0,290.0
ALC - DIA DA MULHER - PANDORA,120239707854730225,OUTCOME_AWARENESS,2026-03-01,353464,222569,1.58811,517,0.146267,0.965397,1.412053,499.11,418.0,0,1.194043,213.0,0,2.343239,0.0,0,0.0,0,0,0,0,0,0,0.0,0,0.0,0,0,0,12516.0,0,0.039878,42.0,0,0,12516.0,0,0.039878,0,0,0,0.0,0,0,0.0,0,0,UNKNOWN,UNKNOWN,UNKNOWN,417.0,NS,3243.0,539.0,314.0,197.0
ALC - Promo Iphone,120240550439900225,OUTCOME_AWARENESS,2026-03-01,465572,262267,1.775183,770,0.165388,0.977701,1.617,752.83,601.0,0,1.252629,0.0,0,0.0,0.0,0,0.0,0,0,0,0,0,0,0.0,0,0.0,0,0,0,659.0,0,1.142382,41.0,0,0,659.0,0,1.142382,0,0,0,0.0,0,0,0.0,0,0,UNKNOWN,UNKNOWN,UNKNOWN,598.0,NS,,,,
ALC - Heroinas do kpop,120240551545740225,OUTCOME_AWARENESS,2026-03-01,333634,219294,1.5214,703,0.21071,0.711181,1.498528,499.96,509.0,0,0.98224,4.0,0,124.99,0.0,0,0.0,0,0,0,0,0,0,0.0,0,0.0,0,0,0,622.0,0,0.803794,34.0,0,0,623.0,0,0.802504,0,0,0,0.0,0,0,0.0,0,0,UNKNOWN,UNKNOWN,UNKNOWN,509.0,NS,,,,
ALC - Diversão no Nações,120240554914940225,OUTCOME_AWARENESS,2026-03-01,146498,90764,1.614054,284,0.193859,0.725,1.40548,205.9,177.0,0,1.163277,59.0,0,3.489831,4.0,0,51.475,0,0,0,0,0,0,43.0,0,4.788372,0,0,0,209.0,0,0.985167,28.0,0,0,210.0,0,0.980476,0,0,0,4.0,0,0,286.0,0,0,UNKNOWN,UNKNOWN,UNKNOWN,177.0,NS,,,,
ALC - Aniversario NS,120240906192060225,OUTCOME_AWARENESS,2026-03-01,24464,21490,1.13839,41,0.167593,0.763902,1.280249,31.32,24.0,0,1.305,0.0,0,0.0,0.0,0,0.0,0,0,0,0,0,0,0.0,0,0.0,0,0,0,26.0,0,1.204615,2.0,0,0,26.0,0,1.204615,0,0,0,0.0,0,0,0.0,0,0,UNKNOWN,UNKNOWN,UNKNOWN,0.0,NS,,,,
ENG - Posts,120240906696350225,OUTCOME_ENGAGEMENT,2026-03-01,15224,12894,1.180704,653,4.28928,0.067198,2.882291,43.88,1.0,0,43.88,0.0,0,0.0,0.0,0,0.0,0,0,0,0,0,0,0.0,0,0.0,0,0,0,7493.0,0,0.005856,136.0,0,0,7494.0,0,0.005855,0,0,0,0.0,0,0,0.0,0,0,UNKNOWN,UNKNOWN,UNKNOWN,1.0,NS,2700.0,1515.0,944.0,442.0
TRAF - FRANQUIAS,120240991124520225,LINK_CLICKS,2026-03-01,6400,5555,1.152115,198,3.09375,0.12101,3.74375,23.96,131.0,0,0.182901,0.0,0,0.0,0.0,0,0.0,0,0,0,0,0,0,0.0,0,0.0,0,0,0,149.0,0,0.160805,15.0,0,0,149.0,0,0.160805,0,0,0,0.0,0,0,4.0,0,0,UNKNOWN,UNKNOWN,UNKNOWN,129.0,NS,,,,
ENG - FRANQUIAS,120240991903650225,OUTCOME_ENGAGEMENT,2026-03-01,1932,1652,1.169492,19,0.983437,1.036316,10.191511,19.69,6.0,0,3.281667,0.0,0,0.0,0.0,0,0.0,0,0,0,0,0,0,0.0,0,0.0,0,0,0,6.0,0,3.281667,0.0,0,0,6.0,0,3.281667,0,0,0,0.0,0,0,0.0,0,0,UNKNOWN,UNKNOWN,UNKNOWN,6.0,NS,,,,
ALC - Páscoa,120239593258100225,OUTCOME_AWARENESS,2026-04-01,230338,191158,1.204961,218,0.094644,1.324679,1.253723,288.78,73.0,0,3.95589,37.0,0,7.804865,0.0,0,0.0,0,0,0,0,0,0,0.0,0,0.0,0,0,0,9319.0,0,0.030988,34.0,0,0,9319.0,0,0.030988,0,0,0,0.0,0,0,0.0,0,0,UNKNOWN,UNKNOWN,UNKNOWN,64.0,NS,1703.0,434.0,206.0,141.0
ALC - Promo Iphone,120240550439900225,OUTCOME_AWARENESS,2026-04-01,1297790,478521,2.712086,2093,0.161274,0.834759,1.34625,1747.15,1388.0,0,1.258754,13.0,0,134.396154,21.0,0,83.197619,0,0,0,0,0,0,365.0,0,4.786712,0,0,0,47830.0,0,0.036528,183.0,0,0,47831.0,0,0.036528,0,0,0,21.0,0,0,1815.0,0,0,UNKNOWN,UNKNOWN,UNKNOWN,1379.0,NS,6261.0,1419.0,643.0,381.0
ALC - Diversão no Nações,120240554914940225,OUTCOME_AWARENESS,2026-04-01,259048,139623,1.855339,504,0.194559,0.583532,1.135311,294.1,325.0,0,0.904923,112.0,0,2.625893,8.0,0,36.7625,0,0,0,0,0,0,103.0,0,2.85534,0,0,0,371.0,0,0.792722,44.0,0,0,373.0,0,0.788472,0,0,0,8.0,0,0,569.0,0,0,UNKNOWN,UNKNOWN,UNKNOWN,324.0,NS,,,,
ALC - Aniversario NS,120240906192060225,OUTCOME_AWARENESS,2026-04-01,160068,99452,1.6095,271,0.169303,0.622435,1.053802,168.68,195.0,0,0.865026,0.0,0,0.0,0.0,0,0.0,0,0,0,0,0,0,0.0,0,0.0,0,0,0,208.0,0,0.810962,12.0,0,0,208.0,0,0.810962,0,0,0,0.0,0,0,0.0,0,0,UNKNOWN,UNKNOWN,UNKNOWN,1.0,NS,,,,
ENG - Posts,120240906696350225,OUTCOME_ENGAGEMENT,2026-04-01,86955,62307,1.39559,1966,2.26094,0.103372,2.337186,203.23,3.0,0,67.743333,0.0,0,0.0,0.0,0,0.0,0,0,0,0,0,0,0.0,0,0.0,0,0,0,39422.0,0,0.005155,621.0,0,0,39426.0,0,0.005155,0,0,0,0.0,0,0,0.0,0,0,UNKNOWN,UNKNOWN,UNKNOWN,2.0,NS,13333.0,5686.0,3158.0,1386.0
TRAF - FRANQUIAS,120240991124520225,LINK_CLICKS,2026-04-01,265857,171102,1.553792,13744,5.169696,0.08556,4.423167,1175.93,10742.0,0,0.10947,3519.0,0,0.334166,2.0,0,587.965,0,0,0,0,0,0,45.0,0,26.131778,0,0,0,11018.0,0,0.106728,209.0,0,0,11024.0,0,0.10667,0,0,0,2.0,0,0,236.0,0,0,UNKNOWN,UNKNOWN,UNKNOWN,10736.0,NS,,,,
ENG - FRANQUIAS,120240991903650225,OUTCOME_ENGAGEMENT,2026-04-01,108809,25613,4.248194,1230,1.130421,0.958276,10.83256,1178.68,591.0,0,1.994382,10.0,0,117.868,0.0,0,0.0,0,0,0,0,0,0,0.0,0,0.0,0,0,0,727.0,0,1.621293,112.0,0,0,732.0,0,1.610219,0,0,0,0.0,0,0,0.0,0,0,UNKNOWN,UNKNOWN,UNKNOWN,338.0,NS,,,,
TRAF - IPHONE,120241307194150225,LINK_CLICKS,2026-04-01,168229,44132,3.811951,3308,1.966367,0.151097,2.971129,499.83,2801.0,0,0.178447,912.0,0,0.548059,0.0,0,0.0,0,0,0,0,0,0,0.0,0,0.0,0,0,0,21446.0,0,0.023306,106.0,0,0,21447.0,0,0.023305,0,0,0,0.0,0,0,0.0,0,0,UNKNOWN,UNKNOWN,UNKNOWN,2797.0,NS,5008.0,1918.0,1128.0,720.0
ALC - DIABO VESTE PRADA,120241581855510225,OUTCOME_AWARENESS,2026-04-01,346311,139647,2.479903,370,0.10684,1.351189,1.443616,499.94,232.0,0,2.154914,0.0,0,0.0,0.0,0,0.0,0,0,0,0,0,0,0.0,0,0.0,0,0,0,19822.0,0,0.025221,98.0,0,0,19822.0,0,0.025221,0,0,0,0.0,0,0,0.0,0,0,UNKNOWN,UNKNOWN,UNKNOWN,0.0,NS,6223.0,2226.0,847.0,528.0
ALC - Hello Kitty,120242003338060225,OUTCOME_AWARENESS,2026-04-01,269075,177298,1.517643,422,0.156834,0.82936,1.300715,349.99,294.0,0,1.190442,115.0,0,3.043391,0.0,0,0.0,0,0,0,0,0,0,0.0,0,0.0,0,0,0,344.0,0,1.017413,32.0,0,0,344.0,0,1.017413,0,0,0,0.0,0,0,0.0,0,0,UNKNOWN,UNKNOWN,UNKNOWN,294.0,NS,,,,
[ALC - Encontro de Goldens e Labradores],120242004126310225,OUTCOME_AWARENESS,2026-04-01,223180,137590,1.622066,312,0.139797,0.961122,1.343624,299.87,252.0,0,1.18996,1.0,0,299.87,0.0,0,0.0,0,0,0,0,0,0,0.0,0,0.0,0,0,0,284.0,0,1.05588,16.0,0,0,284.0,0,1.05588,0,0,0,0.0,0,0,0.0,0,0,UNKNOWN,UNKNOWN,UNKNOWN,0.0,NS,,,,
ALC - Hello Kitty Parade,120242004377040225,OUTCOME_AWARENESS,2026-04-01,92027,58498,1.573165,175,0.190162,0.7332,1.394265,128.31,1.0,0,128.31,0.0,0,0.0,0.0,0,0.0,0,0,0,0,0,0,0.0,0,0.0,0,0,0,8873.0,0,0.014461,89.0,0,0,8876.0,0,0.014456,0,0,0,0.0,0,0,0.0,0,0,UNKNOWN,UNKNOWN,UNKNOWN,0.0,NS,1119.0,326.0,143.0,77.0
ALC - PROMO MAES 26,120242389174110225,OUTCOME_AWARENESS,2026-04-01,75888,53860,1.408986,90,0.118596,1.462,1.733871,131.58,69.0,0,1.906957,17.0,0,7.74,0.0,0,0.0,0,0,0,0,0,0,0.0,0,0.0,0,0,0,1071.0,0,0.122857,6.0,0,0,1071.0,0,0.122857,0,0,0,0.0,0,0,0.0,0,0,UNKNOWN,UNKNOWN,UNKNOWN,69.0,NS,132.0,32.0,15.0,9.0
TRAF - PROMO MAES 26,120242389755660225,LINK_CLICKS,2026-04-01,22467,16816,1.336049,789,3.511817,0.162357,5.701696,128.1,763.0,0,0.16789,291.0,0,0.440206,0.0,0,0.0,0,0,0,0,0,0,97.0,0,1.320619,0,0,0,5904.0,0,0.021697,108.0,0,0,5904.0,0,0.021697,0,0,0,0.0,0,0,128.0,0,0,UNKNOWN,UNKNOWN,UNKNOWN,763.0,NS,1128.0,506.0,236.0,137.0
ENG - FRANQUIAS,120240991903650225,OUTCOME_ENGAGEMENT,2026-05-01,0,0,0.0,0,0.0,0.0,0.0,0.0,0.0,0,0.0,0.0,0,0.0,0.0,0,0.0,0,0,0,0,0,0,0.0,0,0.0,0,0,0,0.0,0,0.0,0.0,0,0,0.0,0,0.0,0,0,0,0.0,0,0,0.0,0,0,UNKNOWN,UNKNOWN,UNKNOWN,0.0,NS,,,,
ALC - Hello Kitty Parade,120242004377040225,OUTCOME_AWARENESS,2026-05-01,95924,67924,1.412225,153,0.159501,0.881176,1.405488,134.82,2.0,0,67.41,0.0,0,0.0,0.0,0,0.0,0,0,0,0,0,0,0.0,0,0.0,0,0,0,8029.0,0,0.016792,81.0,0,0,8030.0,0,0.01679,0,0,0,0.0,0,0,0.0,0,0,UNKNOWN,UNKNOWN,UNKNOWN,0.0,NS,929.0,264.0,123.0,78.0
ALC - PROMO MAES 26,120242389174110225,OUTCOME_AWARENESS,2026-05-01,226627,151801,1.492922,243,0.107225,1.446379,1.550874,351.47,168.0,0,2.092083,80.0,0,4.393375,0.0,0,0.0,0,0,0,0,0,0,0.0,0,0.0,0,0,0,10005.0,0,0.035129,36.0,0,0,10005.0,0,0.035129,0,0,0,0.0,0,0,0.0,0,0,UNKNOWN,UNKNOWN,UNKNOWN,168.0,NS,1556.0,413.0,176.0,100.0
TRAF - PROMO MAES 26,120242389755660225,LINK_CLICKS,2026-05-01,79123,50152,1.577664,1878,2.37352,0.189356,4.494395,355.61,1779.0,0,0.199893,744.0,0,0.47797,26.0,0,13.677308,0,0,0,0,0,0,303.0,0,1.17363,0,0,0,13522.0,0,0.026299,216.0,0,0,13522.0,0,0.026299,0,0,0,26.0,0,0,513.0,0,0,UNKNOWN,UNKNOWN,UNKNOWN,1779.0,NS,2723.0,1207.0,600.0,342.0
ALC - CAMICADO DIA DAS MAES,120242802454760225,OUTCOME_AWARENESS,2026-05-01,51580,38954,1.324126,13,0.025204,5.645385,1.422838,73.39,0.0,0,0.0,0.0,0,0.0,0.0,0,0.0,0,0,0,0,0,0,0.0,0,0.0,0,0,0,3464.0,0,0.021186,25.0,0,0,3464.0,0,0.021186,0,0,0,0.0,0,0,0.0,0,0,UNKNOWN,UNKNOWN,UNKNOWN,0.0,NS,640.0,130.0,50.0,32.0
