adgroup_id,stat_time_day,total_complete_payment_rate,impressions,profile_visits,follows,shares,cpc,clicks,conversion,cost_per_conversion,clicks_on_music_disc,ctr,conversion_rate,comments,spend,likes,cpm,shopping,shopping_sigla,adgroup_name,campaign_id,optimization_goal,campaign_name
1841798442981442,2025-09-09 00:00:00,0.0,7177,18,4,0,0.0,0,0,0.0,0,0.0,0.0,0,17.18,11,2.39,Nacoes Shopping,NS,Grupo de anúncios 20250829105924,1841798413913185,REACH,Alcance - Conteúdos Ago/Set 
1841798442981442,2025-09-04 00:00:00,0.0,17421,35,21,5,0.0,0,0,0.0,0,0.0,0.0,1,43.13,58,2.48,Nacoes Shopping,NS,Grupo de anúncios 20250829105924,1841798413913185,REACH,Alcance - Conteúdos Ago/Set 
1839171889722497,2025-09-03 00:00:00,0.0,0,0,0,0,0.0,0,0,0.0,0,0.0,0.0,0,0.0,0,0.0,Nacoes Shopping,NS,Grupo de anúncios 20250731111022,1839171851594785,REACH,Alcance - Copo Stitch 
1844351345526801,2025-09-29 00:00:00,0.0,8311,4,1,0,0.0,0,0,0.0,0,0.0,0.0,0,20.62,6,2.48,Nacoes Shopping,NS,Gift Card,1844350458030129,REACH,Alcance - Giftcard 
1844352112172338,2025-09-30 00:00:00,0.0,8600,5,0,0,0.0,0,0,0.0,0,0.0,0.0,0,21.55,6,2.51,Nacoes Shopping,NS,Grupo de anúncios 20250926032851,1844352110838818,REACH,Alcance - Conteúdos Set 
1811358948673586,2025-09-27 00:00:00,0.0,0,0,0,0,0.0,0,0,0.0,0,0.0,0.0,0,0.0,0,0.0,Nacoes Shopping,NS,Grupo de anúncios 20240927105321,1811358948673554,CLICK,Tráfego - App instal - NS
1842808238037106,2025-09-15 00:00:00,0.0,0,0,0,0,0.0,0,0,0.0,0,0.0,0.0,0,0.0,0,0.0,Nacoes Shopping,NS,Grupo de anúncios 20250909022907,1842808228610226,REACH,ALC - Baby shark 
1842808238037106,2025-09-10 00:00:00,0.0,30245,49,4,0,0.0,0,0,0.0,0,0.0,0.0,1,76.72,13,2.54,Nacoes Shopping,NS,Grupo de anúncios 20250909022907,1842808228610226,REACH,ALC - Baby shark 
1841798442981442,2025-09-11 00:00:00,0.0,0,0,0,0,0.0,0,0,0.0,0,0.0,0.0,0,0.0,0,0.0,Nacoes Shopping,NS,Grupo de anúncios 20250829105924,1841798413913185,REACH,Alcance - Conteúdos Ago/Set 
1841798442981442,2025-09-06 00:00:00,0.0,19322,46,10,2,0.0,0,0,0.0,0,0.0,0.0,5,41.96,43,2.17,Nacoes Shopping,NS,Grupo de anúncios 20250829105924,1841798413913185,REACH,Alcance - Conteúdos Ago/Set 
1842808238037106,2025-09-17 00:00:00,0.0,0,0,0,0,0.0,0,0,0.0,0,0.0,0.0,0,0.0,0,0.0,Nacoes Shopping,NS,Grupo de anúncios 20250909022907,1842808228610226,REACH,ALC - Baby shark 
1842808238037106,2025-09-12 00:00:00,0.0,27360,48,5,2,0.0,0,0,0.0,0,0.0,0.0,0,76.17,20,2.78,Nacoes Shopping,NS,Grupo de anúncios 20250909022907,1842808228610226,REACH,ALC - Baby shark 
1844351345526801,2025-09-27 00:00:00,0.0,8469,12,0,0,0.0,0,0,0.0,0,0.0,0.0,0,20.51,1,2.42,Nacoes Shopping,NS,Gift Card,1844350458030129,REACH,Alcance - Giftcard 
1839171889722497,2025-09-02 00:00:00,0.0,0,0,0,0,0.0,0,0,0.0,0,0.0,0.0,0,0.0,0,0.0,Nacoes Shopping,NS,Grupo de anúncios 20250731111022,1839171851594785,REACH,Alcance - Copo Stitch 
1841798442981442,2025-09-08 00:00:00,0.0,18198,40,13,1,0.0,0,0,0.0,0,0.0,0.0,2,40.89,33,2.25,Nacoes Shopping,NS,Grupo de anúncios 20250829105924,1841798413913185,REACH,Alcance - Conteúdos Ago/Set 
1841798442981442,2025-09-03 00:00:00,0.0,18475,58,15,4,0.0,0,0,0.0,0,0.0,0.0,1,42.37,61,2.29,Nacoes Shopping,NS,Grupo de anúncios 20250829105924,1841798413913185,REACH,Alcance - Conteúdos Ago/Set 
1806749886437426,2025-09-18 00:00:00,0.0,0,0,0,0,0.0,0,0,0.0,0,0.0,0.0,0,0.0,0,0.0,Nacoes Shopping,NS,NSpromopais24+treatment+NaqQY ,1806749763596289,CLICK,NSpromopais24
1844352112172338,2025-09-28 00:00:00,0.0,9460,8,0,1,0.0,0,0,0.0,0,0.0,0.0,1,22.09,5,2.34,Nacoes Shopping,NS,Grupo de anúncios 20250926032851,1844352110838818,REACH,Alcance - Conteúdos Set 
1844351345526801,2025-09-30 00:00:00,0.0,7984,3,0,0,0.0,0,0,0.0,0,0.0,0.0,0,20.01,3,2.51,Nacoes Shopping,NS,Gift Card,1844350458030129,REACH,Alcance - Giftcard 
1844352112172338,2025-10-01 00:00:00,0.0,9848,18,1,0,0.0,0,0,0.0,0,0.0,0.0,0,20.69,12,2.1,Nacoes Shopping,NS,Grupo de anúncios 20250926032851,1844352110838818,REACH,Alcance - Conteúdos Set 
1844352112172338,2025-09-26 00:00:00,0.0,4555,2,0,0,0.0,0,0,0.0,0,0.0,0.0,0,10.4,5,2.28,Nacoes Shopping,NS,Grupo de anúncios 20250926032851,1844352110838818,REACH,Alcance - Conteúdos Set 
1842808238037106,2025-09-14 00:00:00,0.0,0,0,0,0,0.0,0,0,0.0,0,0.0,0.0,0,0.0,0,0.0,Nacoes Shopping,NS,Grupo de anúncios 20250909022907,1842808228610226,REACH,ALC - Baby shark 
1842808238037106,2025-09-09 00:00:00,0.0,17150,32,1,0,0.0,0,0,0.0,0,0.0,0.0,0,39.5,7,2.3,Nacoes Shopping,NS,Grupo de anúncios 20250909022907,1842808228610226,REACH,ALC - Baby shark 
1841798442981442,2025-09-05 00:00:00,0.0,20232,36,25,1,0.0,0,0,0.0,0,0.0,0.0,0,44.79,44,2.21,Nacoes Shopping,NS,Grupo de anúncios 20250829105924,1841798413913185,REACH,Alcance - Conteúdos Ago/Set 
1841798442981442,2025-09-10 00:00:00,0.0,0,0,0,0,0.0,0,0,0.0,0,0.0,0.0,0,0.0,0,0.0,Nacoes Shopping,NS,Grupo de anúncios 20250829105924,1841798413913185,REACH,Alcance - Conteúdos Ago/Set 
1844351345526801,2025-09-28 00:00:00,0.0,8821,6,0,0,0.0,0,0,0.0,0,0.0,0.0,0,20.69,4,2.35,Nacoes Shopping,NS,Gift Card,1844350458030129,REACH,Alcance - Giftcard 
1841798442981442,2025-09-12 00:00:00,0.0,0,0,0,0,0.0,0,0,0.0,0,0.0,0.0,0,0.0,0,0.0,Nacoes Shopping,NS,Grupo de anúncios 20250829105924,1841798413913185,REACH,Alcance - Conteúdos Ago/Set 
1841798442981442,2025-09-07 00:00:00,0.0,18881,46,10,2,0.0,0,0,0.0,0,0.0,0.0,1,42.0,37,2.22,Nacoes Shopping,NS,Grupo de anúncios 20250829105924,1841798413913185,REACH,Alcance - Conteúdos Ago/Set 
1841798442981442,2025-09-02 00:00:00,0.0,20001,47,17,2,0.0,0,0,0.0,0,0.0,0.0,2,41.98,58,2.1,Nacoes Shopping,NS,Grupo de anúncios 20250829105924,1841798413913185,REACH,Alcance - Conteúdos Ago/Set 
1842808238037106,2025-09-16 00:00:00,0.0,0,0,0,0,0.0,0,0,0.0,0,0.0,0.0,0,0.0,0,0.0,Nacoes Shopping,NS,Grupo de anúncios 20250909022907,1842808228610226,REACH,ALC - Baby shark 
1842808238037106,2025-09-11 00:00:00,0.0,28863,51,1,0,0.0,0,0,0.0,0,0.0,0.0,0,77.44,16,2.68,Nacoes Shopping,NS,Grupo de anúncios 20250909022907,1842808228610226,REACH,ALC - Baby shark 
1844352112172338,2025-09-29 00:00:00,0.0,8791,11,0,0,0.0,0,0,0.0,0,0.0,0.0,0,21.92,3,2.49,Nacoes Shopping,NS,Grupo de anúncios 20250926032851,1844352110838818,REACH,Alcance - Conteúdos Set 
1844351345526801,2025-10-01 00:00:00,0.0,9273,13,1,0,0.0,0,0,0.0,0,0.0,0.0,1,19.5,5,2.1,Nacoes Shopping,NS,Gift Card,1844350458030129,REACH,Alcance - Giftcard 
1844351345526801,2025-09-26 00:00:00,0.0,4244,1,0,0,0.0,0,0,0.0,0,0.0,0.0,0,9.75,1,2.3,Nacoes Shopping,NS,Gift Card,1844350458030129,REACH,Alcance - Giftcard 
1844352112172338,2025-09-27 00:00:00,0.0,8998,11,0,0,0.0,0,0,0.0,0,0.0,0.0,0,21.78,1,2.42,Nacoes Shopping,NS,Grupo de anúncios 20250926032851,1844352110838818,REACH,Alcance - Conteúdos Set 
1842808238037106,2025-09-13 00:00:00,0.0,10275,21,1,0,0.0,0,0,0.0,0,0.0,0.0,1,30.17,10,2.94,Nacoes Shopping,NS,Grupo de anúncios 20250909022907,1842808228610226,REACH,ALC - Baby shark 
1839172562082913,2025-09-02 00:00:00,0.0,0,0,0,0,0.0,0,0,0.0,0,0.0,0.0,0,0.0,0,0.0,Nacoes Shopping,NS,Grupo de anúncios 20250731112105,1839172523773954,REACH,ALC - Conteúdos  de Julho/Ago 
1844352112172338,2025-10-17 00:00:00,0.0,7279,7,0,0,0.0,0,0,0.0,0,0.0,0.0,0,16.62,3,2.28,Nacoes Shopping,NS,Grupo de anúncios 20250926032851,1844352110838818,REACH,Alcance - Conteúdos Set 
1844352112172338,2025-10-07 00:00:00,0.0,8826,8,0,0,0.0,0,0,0.0,0,0.0,0.0,0,19.67,3,2.23,Nacoes Shopping,NS,Grupo de anúncios 20250926032851,1844352110838818,REACH,Alcance - Conteúdos Set 
1844351345526801,2025-10-14 00:00:00,0.0,7536,16,1,0,0.0,0,0,0.0,0,0.0,0.0,0,16.85,4,2.24,Nacoes Shopping,NS,Gift Card,1844350458030129,REACH,Alcance - Giftcard 
1844351345526801,2025-10-24 00:00:00,0.0,4644,3,0,0,0.0,0,0,0.0,0,0.0,0.0,0,10.9,5,2.35,Nacoes Shopping,NS,Gift Card,1844350458030129,REACH,Alcance - Giftcard 
1844351345526801,2025-10-04 00:00:00,0.0,9524,20,0,0,0.0,0,0,0.0,0,0.0,0.0,0,18.92,3,1.99,Nacoes Shopping,NS,Gift Card,1844350458030129,REACH,Alcance - Giftcard 
1844352112172338,2025-10-20 00:00:00,0.0,6262,10,0,0,0.0,0,0,0.0,0,0.0,0.0,0,13.99,3,2.23,Nacoes Shopping,NS,Grupo de anúncios 20250926032851,1844352110838818,REACH,Alcance - Conteúdos Set 
1844352112172338,2025-10-10 00:00:00,0.0,9093,15,3,0,0.0,0,0,0.0,0,0.0,0.0,0,19.38,10,2.13,Nacoes Shopping,NS,Grupo de anúncios 20250926032851,1844352110838818,REACH,Alcance - Conteúdos Set 
1810109298356242,2025-10-25 00:00:00,0.0,0,0,0,0,0.0,0,0,0.0,0,0.0,0.0,0,0.0,0,0.0,Nacoes Shopping,NS,Grupo de anúncios 20240913040323,1810109298355250,CLICK,Promo Natura 2024 - Tráfego
1844351345526801,2025-10-17 00:00:00,0.0,7365,5,0,0,0.0,0,0,0.0,0,0.0,0.0,0,16.97,3,2.3,Nacoes Shopping,NS,Gift Card,1844350458030129,REACH,Alcance - Giftcard 
1844351345526801,2025-10-07 00:00:00,0.0,8242,15,2,0,0.0,0,0,0.0,0,0.0,0.0,0,18.34,3,2.23,Nacoes Shopping,NS,Gift Card,1844350458030129,REACH,Alcance - Giftcard 
1844351345526801,2025-10-27 00:00:00,0.0,0,0,0,0,0.0,0,0,0.0,0,0.0,0.0,0,0.0,0,0.0,Nacoes Shopping,NS,Gift Card,1844350458030129,REACH,Alcance - Giftcard 
1847432182991921,2025-10-30 00:00:00,0.0,2895,2,0,0,0.0,0,0,0.0,0,0.0,0.0,0,6.31,2,2.18,Nacoes Shopping,NS,Grupo de anúncios 20251030032456,1847432144410706,REACH,Alcance | Chillibeans Vini 
1844352112172338,2025-10-23 00:00:00,0.0,4207,6,0,0,0.0,0,0,0.0,0,0.0,0.0,0,10.78,5,2.56,Nacoes Shopping,NS,Grupo de anúncios 20250926032851,1844352110838818,REACH,Alcance - Conteúdos Set 
1844352112172338,2025-10-03 00:00:00,0.0,9953,12,1,0,0.0,0,0,0.0,0,0.0,0.0,0,20.98,6,2.11,Nacoes Shopping,NS,Grupo de anúncios 20250926032851,1844352110838818,REACH,Alcance - Conteúdos Set 
1844352112172338,2025-10-13 00:00:00,0.0,8328,6,0,0,0.0,0,0,0.0,0,0.0,0.0,1,17.47,5,2.1,Nacoes Shopping,NS,Grupo de anúncios 20250926032851,1844352110838818,REACH,Alcance - Conteúdos Set 
1844351345526801,2025-10-20 00:00:00,0.0,6475,8,1,0,0.0,0,0,0.0,0,0.0,0.0,0,14.55,4,2.25,Nacoes Shopping,NS,Gift Card,1844350458030129,REACH,Alcance - Giftcard 
1844351345526801,2025-10-10 00:00:00,0.0,8473,14,0,0,0.0,0,0,0.0,0,0.0,0.0,0,18.2,6,2.15,Nacoes Shopping,NS,Gift Card,1844350458030129,REACH,Alcance - Giftcard 
1844352112172338,2025-10-16 00:00:00,0.0,7088,15,0,0,0.0,0,0,0.0,0,0.0,0.0,0,16.88,5,2.38,Nacoes Shopping,NS,Grupo de anúncios 20250926032851,1844352110838818,REACH,Alcance - Conteúdos Set 
1844352112172338,2025-10-06 00:00:00,0.0,9138,8,0,0,0.0,0,0,0.0,0,0.0,0.0,0,19.02,8,2.08,Nacoes Shopping,NS,Grupo de anúncios 20250926032851,1844352110838818,REACH,Alcance - Conteúdos Set 
1844352112172338,2025-10-26 00:00:00,0.0,0,0,0,0,0.0,0,0,0.0,0,0.0,0.0,0,0.0,0,0.0,Nacoes Shopping,NS,Grupo de anúncios 20250926032851,1844352110838818,REACH,Alcance - Conteúdos Set 
1844351345526801,2025-10-13 00:00:00,0.0,7846,14,0,0,0.0,0,0,0.0,0,0.0,0.0,0,16.51,8,2.1,Nacoes Shopping,NS,Gift Card,1844350458030129,REACH,Alcance - Giftcard 
1844351345526801,2025-10-23 00:00:00,0.0,4788,7,0,0,0.0,0,0,0.0,0,0.0,0.0,0,12.17,5,2.54,Nacoes Shopping,NS,Gift Card,1844350458030129,REACH,Alcance - Giftcard 
1844351345526801,2025-10-03 00:00:00,0.0,9387,8,0,0,0.0,0,0,0.0,0,0.0,0.0,0,19.85,9,2.11,Nacoes Shopping,NS,Gift Card,1844350458030129,REACH,Alcance - Giftcard 
1847431929893905,2025-10-30 00:00:00,0.0,2422,7,0,0,0.0,0,0,0.0,0,0.0,0.0,0,5.38,0,2.22,Nacoes Shopping,NS,Grupo de anúncios 20251030032048,1847431562326049,REACH,Alcance | Ritmi Mana Spolini
1844352112172338,2025-10-19 00:00:00,0.0,6989,11,1,0,0.0,0,0,0.0,0,0.0,0.0,0,14.85,7,2.12,Nacoes Shopping,NS,Grupo de anúncios 20250926032851,1844352110838818,REACH,Alcance - Conteúdos Set 
1844352112172338,2025-10-09 00:00:00,0.0,8229,14,1,0,0.0,0,0,0.0,0,0.0,0.0,0,18.93,2,2.3,Nacoes Shopping,NS,Grupo de anúncios 20250926032851,1844352110838818,REACH,Alcance - Conteúdos Set 
1844351345526801,2025-10-06 00:00:00,0.0,8788,9,1,0,0.0,0,0,0.0,0,0.0,0.0,0,18.37,4,2.09,Nacoes Shopping,NS,Gift Card,1844350458030129,REACH,Alcance - Giftcard 
1844351345526801,2025-10-26 00:00:00,0.0,825,2,0,0,0.0,0,0,0.0,0,0.0,0.0,0,1.63,0,1.98,Nacoes Shopping,NS,Gift Card,1844350458030129,REACH,Alcance - Giftcard 
1844351345526801,2025-10-16 00:00:00,0.0,6827,8,0,1,0.0,0,0,0.0,0,0.0,0.0,0,16.26,3,2.38,Nacoes Shopping,NS,Gift Card,1844350458030129,REACH,Alcance - Giftcard 
1847432182991921,2025-10-31 00:00:00,0.0,5863,14,0,0,0.0,0,0,0.0,0,0.0,0.0,1,13.7,3,2.34,Nacoes Shopping,NS,Grupo de anúncios 20251030032456,1847432144410706,REACH,Alcance | Chillibeans Vini 
1844352112172338,2025-10-22 00:00:00,0.0,4832,6,0,0,0.0,0,0,0.0,0,0.0,0.0,0,12.6,0,2.61,Nacoes Shopping,NS,Grupo de anúncios 20250926032851,1844352110838818,REACH,Alcance - Conteúdos Set 
1844352112172338,2025-10-12 00:00:00,0.0,8985,15,0,0,0.0,0,0,0.0,0,0.0,0.0,0,17.73,5,1.97,Nacoes Shopping,NS,Grupo de anúncios 20250926032851,1844352110838818,REACH,Alcance - Conteúdos Set 
1844352112172338,2025-10-02 00:00:00,0.0,9651,16,0,0,0.0,0,0,0.0,0,0.0,0.0,1,21.02,10,2.18,Nacoes Shopping,NS,Grupo de anúncios 20250926032851,1844352110838818,REACH,Alcance - Conteúdos Set 
1844351345526801,2025-10-19 00:00:00,0.0,6808,5,1,0,0.0,0,0,0.0,0,0.0,0.0,0,14.5,3,2.13,Nacoes Shopping,NS,Gift Card,1844350458030129,REACH,Alcance - Giftcard 
1847431779247170,2025-10-30 00:00:00,0.0,3156,2,0,0,1.39,5,0,0.0,0,0.16,0.0,0,6.95,2,2.2,Nacoes Shopping,NS,Grupo de anúncios 20251030031724,1847431714944034,REACH,Alcance | Giftcard 
1844351345526801,2025-10-09 00:00:00,0.0,7737,17,1,0,0.0,0,0,0.0,0,0.0,0.0,0,17.83,1,2.3,Nacoes Shopping,NS,Gift Card,1844350458030129,REACH,Alcance - Giftcard 
1847431191132210,2025-10-31 00:00:00,0.0,2901,22,9,0,0.0,0,0,0.0,0,0.0,0.0,1,13.21,30,4.55,Nacoes Shopping,NS,Grupo de anúncios 20251030030847,1847431181554881,ENGAGED_VIEW,Visualizações de vídeo | Natal 02 
1844352112172338,2025-10-05 00:00:00,0.0,9891,12,0,0,0.0,0,0,0.0,0,0.0,0.0,0,19.28,4,1.95,Nacoes Shopping,NS,Grupo de anúncios 20250926032851,1844352110838818,REACH,Alcance - Conteúdos Set 
1844352112172338,2025-10-15 00:00:00,0.0,7137,7,0,0,0.0,0,0,0.0,0,0.0,0.0,0,16.75,5,2.35,Nacoes Shopping,NS,Grupo de anúncios 20250926032851,1844352110838818,REACH,Alcance - Conteúdos Set 
1844352112172338,2025-10-25 00:00:00,0.0,0,0,0,0,0.0,0,0,0.0,0,0.0,0.0,0,0.0,0,0.0,Nacoes Shopping,NS,Grupo de anúncios 20250926032851,1844352110838818,REACH,Alcance - Conteúdos Set 
1844351345526801,2025-10-12 00:00:00,0.0,8651,11,1,0,0.0,0,0,0.0,0,0.0,0.0,0,17.13,1,1.98,Nacoes Shopping,NS,Gift Card,1844350458030129,REACH,Alcance - Giftcard 
1844351345526801,2025-10-02 00:00:00,0.0,9035,5,0,0,0.0,0,0,0.0,0,0.0,0.0,0,19.73,3,2.18,Nacoes Shopping,NS,Gift Card,1844350458030129,REACH,Alcance - Giftcard 
1844351345526801,2025-10-22 00:00:00,0.0,4890,11,0,1,0.0,0,0,0.0,0,0.0,0.0,0,12.64,3,2.58,Nacoes Shopping,NS,Gift Card,1844350458030129,REACH,Alcance - Giftcard 
1847430345389154,2025-10-31 00:00:00,0.0,6344,35,9,2,0.0,0,0,0.0,0,0.0,0.0,2,25.59,93,4.03,Nacoes Shopping,NS,Grupo de anúncios 20251030025540,1847429807403074,ENGAGED_VIEW,Visualizações de vídeo | Natal 
1844352112172338,2025-10-08 00:00:00,0.0,8150,9,2,0,0.0,0,0,0.0,0,0.0,0.0,1,19.04,5,2.34,Nacoes Shopping,NS,Grupo de anúncios 20250926032851,1844352110838818,REACH,Alcance - Conteúdos Set 
1844352112172338,2025-10-18 00:00:00,0.0,7316,7,2,0,0.0,0,0,0.0,0,0.0,0.0,0,15.53,2,2.12,Nacoes Shopping,NS,Grupo de anúncios 20250926032851,1844352110838818,REACH,Alcance - Conteúdos Set 
1844351345526801,2025-10-25 00:00:00,0.0,4005,8,0,0,0.0,0,0,0.0,0,0.0,0.0,0,8.84,0,2.21,Nacoes Shopping,NS,Gift Card,1844350458030129,REACH,Alcance - Giftcard 
1844351345526801,2025-10-15 00:00:00,0.0,6785,12,0,0,0.0,0,0,0.0,0,0.0,0.0,0,15.95,2,2.35,Nacoes Shopping,NS,Gift Card,1844350458030129,REACH,Alcance - Giftcard 
1844351345526801,2025-10-05 00:00:00,0.0,9346,22,0,0,0.0,0,0,0.0,0,0.0,0.0,0,18.23,2,1.95,Nacoes Shopping,NS,Gift Card,1844350458030129,REACH,Alcance - Giftcard 
1844352112172338,2025-10-11 00:00:00,0.0,8739,15,2,0,0.0,0,0,0.0,0,0.0,0.0,0,17.74,4,2.03,Nacoes Shopping,NS,Grupo de anúncios 20250926032851,1844352110838818,REACH,Alcance - Conteúdos Set 
1844352112172338,2025-10-21 00:00:00,0.0,5492,6,0,0,0.0,0,0,0.0,0,0.0,0.0,0,13.47,4,2.45,Nacoes Shopping,NS,Grupo de anúncios 20250926032851,1844352110838818,REACH,Alcance - Conteúdos Set 
1847431191132210,2025-10-30 00:00:00,0.0,1601,8,3,0,0.0,0,0,0.0,0,0.0,0.0,0,6.02,13,3.76,Nacoes Shopping,NS,Grupo de anúncios 20251030030847,1847431181554881,ENGAGED_VIEW,Visualizações de vídeo | Natal 02 
1847431779247170,2025-10-31 00:00:00,0.0,6016,5,1,0,1.58,9,0,0.0,0,0.15,0.0,0,14.24,3,2.37,Nacoes Shopping,NS,Grupo de anúncios 20251030031724,1847431714944034,REACH,Alcance | Giftcard 
1844351345526801,2025-10-18 00:00:00,0.0,7200,10,1,0,0.0,0,0,0.0,0,0.0,0.0,0,15.41,7,2.14,Nacoes Shopping,NS,Gift Card,1844350458030129,REACH,Alcance - Giftcard 
1844351345526801,2025-10-08 00:00:00,0.0,7845,16,1,0,0.0,0,0,0.0,0,0.0,0.0,0,18.25,3,2.33,Nacoes Shopping,NS,Gift Card,1844350458030129,REACH,Alcance - Giftcard 
1847431929893905,2025-10-31 00:00:00,0.0,4494,11,1,0,0.0,0,0,0.0,0,0.0,0.0,0,10.9,3,2.43,Nacoes Shopping,NS,Grupo de anúncios 20251030032048,1847431562326049,REACH,Alcance | Ritmi Mana Spolini
1844352112172338,2025-10-24 00:00:00,0.0,1266,0,0,0,0.0,0,0,0.0,0,0.0,0.0,0,3.03,0,2.39,Nacoes Shopping,NS,Grupo de anúncios 20250926032851,1844352110838818,REACH,Alcance - Conteúdos Set 
1844352112172338,2025-10-14 00:00:00,0.0,7700,10,0,0,0.0,0,0,0.0,0,0.0,0.0,0,17.09,6,2.22,Nacoes Shopping,NS,Grupo de anúncios 20250926032851,1844352110838818,REACH,Alcance - Conteúdos Set 
1844352112172338,2025-10-04 00:00:00,0.0,9818,16,0,0,0.0,0,0,0.0,0,0.0,0.0,0,19.55,3,1.99,Nacoes Shopping,NS,Grupo de anúncios 20250926032851,1844352110838818,REACH,Alcance - Conteúdos Set 
1847430345389154,2025-10-30 00:00:00,0.0,3181,6,5,0,0.0,0,0,0.0,0,0.0,0.0,0,14.32,23,4.5,Nacoes Shopping,NS,Grupo de anúncios 20251030025540,1847429807403074,ENGAGED_VIEW,Visualizações de vídeo | Natal 
1844351345526801,2025-10-21 00:00:00,0.0,5547,6,1,0,0.0,0,0,0.0,0,0.0,0.0,0,13.71,3,2.47,Nacoes Shopping,NS,Gift Card,1844350458030129,REACH,Alcance - Giftcard 
1844351345526801,2025-10-11 00:00:00,0.0,8362,16,0,0,0.0,0,0,0.0,0,0.0,0.0,0,16.98,2,2.03,Nacoes Shopping,NS,Gift Card,1844350458030129,REACH,Alcance - Giftcard 
1847431779247170,2025-11-24 00:00:00,0.0,0,0,0,0,0.0,0,0,0.0,0,0.0,0.0,0,0.0,0,0.0,Nacoes Shopping,NS,Grupo de anúncios 20251030031724,1847431714944034,REACH,Alcance | Giftcard 
1847431779247170,2025-11-04 00:00:00,0.0,5704,8,1,0,1.3,10,0,0.0,0,0.18,0.0,0,12.98,4,2.28,Nacoes Shopping,NS,Grupo de anúncios 20251030031724,1847431714944034,REACH,Alcance | Giftcard 
1847432182991921,2025-11-16 00:00:00,0.0,0,0,0,0,0.0,0,0,0.0,0,0.0,0.0,0,0.0,0,0.0,Nacoes Shopping,NS,Grupo de anúncios 20251030032456,1847432144410706,REACH,Alcance | Chillibeans Vini 
1849887896210466,2025-11-29 00:00:00,0.0,9565,6,1,1,1.84,20,0,0.0,0,0.21,0.0,0,36.8,5,3.85,Nacoes Shopping,NS,Ad group 20251126055740,1849887841738834,REACH,ALC - NATAL 25 02
1848504752053361,2025-11-19 00:00:00,0.0,4530,19,0,0,0.05,870,0,0.0,0,19.21,0.0,0,41.52,1,9.17,Nacoes Shopping,NS,TRAF - NATAL 25,1848504928619618,CLICK,TRAF - NATAL 25
1848504289898594,2025-11-26 00:00:00,0.0,3427,1,0,0,12.73,1,0,0.0,0,0.03,0.0,0,12.73,2,3.71,Nacoes Shopping,NS,ALC - NATAL 25,1848504162177105,REACH,ALC - NATAL 25
1847430345389154,2025-11-01 00:00:00,0.0,7986,20,2,1,0.0,0,0,0.0,0,0.0,0.0,1,26.17,87,3.28,Nacoes Shopping,NS,Grupo de anúncios 20251030025540,1847429807403074,ENGAGED_VIEW,Visualizações de vídeo | Natal 
1847431929893905,2025-11-23 00:00:00,0.0,0,0,0,0,0.0,0,0,0.0,0,0.0,0.0,0,0.0,0,0.0,Nacoes Shopping,NS,Grupo de anúncios 20251030032048,1847431562326049,REACH,Alcance | Ritmi Mana Spolini
1847431929893905,2025-11-03 00:00:00,0.0,4371,3,2,0,0.0,0,0,0.0,0,0.0,0.0,0,9.45,5,2.16,Nacoes Shopping,NS,Grupo de anúncios 20251030032048,1847431562326049,REACH,Alcance | Ritmi Mana Spolini
1848504752053361,2025-11-26 00:00:00,0.0,4912,0,0,0,0.04,805,0,0.0,0,16.39,0.0,0,33.02,0,6.72,Nacoes Shopping,NS,TRAF - NATAL 25,1848504928619618,CLICK,TRAF - NATAL 25
1847430345389154,2025-11-08 00:00:00,0.0,1469,2,2,0,4.81,1,0,0.0,0,0.07,0.0,0,4.81,7,3.27,Nacoes Shopping,NS,Grupo de anúncios 20251030025540,1847429807403074,ENGAGED_VIEW,Visualizações de vídeo | Natal 
1848504752053361,2025-11-12 00:00:00,0.0,7092,7,0,0,0.05,916,0,0.0,0,12.92,0.0,0,41.89,0,5.91,Nacoes Shopping,NS,TRAF - NATAL 25,1848504928619618,CLICK,TRAF - NATAL 25
1847431191132210,2025-11-01 00:00:00,0.0,2988,14,4,0,0.0,0,0,0.0,0,0.0,0.0,1,11.64,32,3.9,Nacoes Shopping,NS,Grupo de anúncios 20251030030847,1847431181554881,ENGAGED_VIEW,Visualizações de vídeo | Natal 02 
1847431779247170,2025-11-11 00:00:00,0.0,1216,0,1,0,3.37,1,0,0.0,0,0.08,0.0,0,3.37,0,2.77,Nacoes Shopping,NS,Grupo de anúncios 20251030031724,1847431714944034,REACH,Alcance | Giftcard 
1848504289898594,2025-11-13 00:00:00,0.0,11006,12,0,1,2.75,14,0,0.0,0,0.13,0.0,0,38.47,7,3.5,Nacoes Shopping,NS,ALC - NATAL 25,1848504162177105,REACH,ALC - NATAL 25
1847432182991921,2025-11-29 00:00:00,0.0,0,0,0,0,0.0,0,0,0.0,0,0.0,0.0,0,0.0,0,0.0,Nacoes Shopping,NS,Grupo de anúncios 20251030032456,1847432144410706,REACH,Alcance | Chillibeans Vini 
1848504289898594,2025-11-20 00:00:00,0.0,10174,14,0,0,1.98,18,0,0.0,0,0.18,0.0,0,35.65,4,3.5,Nacoes Shopping,NS,ALC - NATAL 25,1848504162177105,REACH,ALC - NATAL 25
1847432182991921,2025-11-09 00:00:00,0.0,3891,8,0,0,0.0,0,0,0.0,0,0.0,0.0,0,8.86,0,2.28,Nacoes Shopping,NS,Grupo de anúncios 20251030032456,1847432144410706,REACH,Alcance | Chillibeans Vini 
1847431929893905,2025-11-16 00:00:00,0.0,0,0,0,0,0.0,0,0,0.0,0,0.0,0.0,0,0.0,0,0.0,Nacoes Shopping,NS,Grupo de anúncios 20251030032048,1847431562326049,REACH,Alcance | Ritmi Mana Spolini
1849768891459762,2025-11-30 00:00:00,0.0,3121,3,0,0,0.0,0,0,0.0,0,0.0,0.0,0,9.73,3,3.12,Nacoes Shopping,NS,Grupo de anúncios 20251125102516,1849768886744178,REACH,ALC - BLACK FRIDAY - NS
1847431191132210,2025-11-08 00:00:00,0.0,2927,9,1,0,0.0,0,0,0.0,0,0.0,0.0,1,10.3,21,3.52,Nacoes Shopping,NS,Grupo de anúncios 20251030030847,1847431181554881,ENGAGED_VIEW,Visualizações de vídeo | Natal 02 
1847431779247170,2025-11-18 00:00:00,0.0,0,0,0,0,0.0,0,0,0.0,0,0.0,0.0,0,0.0,0,0.0,Nacoes Shopping,NS,Grupo de anúncios 20251030031724,1847431714944034,REACH,Alcance | Giftcard 
1848504752053361,2025-11-20 00:00:00,0.0,5147,10,0,0,0.05,852,0,0.0,0,16.55,0.0,0,38.84,0,7.55,Nacoes Shopping,NS,TRAF - NATAL 25,1848504928619618,CLICK,TRAF - NATAL 25
1847431929893905,2025-11-22 00:00:00,0.0,0,0,0,0,0.0,0,0,0.0,0,0.0,0.0,0,0.0,0,0.0,Nacoes Shopping,NS,Grupo de anúncios 20251030032048,1847431562326049,REACH,Alcance | Ritmi Mana Spolini
1847431929893905,2025-11-02 00:00:00,0.0,4602,7,2,0,0.0,0,0,0.0,0,0.0,0.0,0,8.95,8,1.94,Nacoes Shopping,NS,Grupo de anúncios 20251030032048,1847431562326049,REACH,Alcance | Ritmi Mana Spolini
1847431191132210,2025-11-14 00:00:00,0.0,0,0,0,0,0.0,0,0,0.0,0,0.0,0.0,0,0.0,0,0.0,Nacoes Shopping,NS,Grupo de anúncios 20251030030847,1847431181554881,ENGAGED_VIEW,Visualizações de vídeo | Natal 02 
1847431779247170,2025-11-05 00:00:00,0.0,5821,8,0,0,0.89,15,0,0.0,0,0.26,0.0,0,13.28,4,2.28,Nacoes Shopping,NS,Grupo de anúncios 20251030031724,1847431714944034,REACH,Alcance | Giftcard 
1847432182991921,2025-11-17 00:00:00,0.0,0,0,0,0,0.0,0,0,0.0,0,0.0,0.0,0,0.0,0,0.0,Nacoes Shopping,NS,Grupo de anúncios 20251030032456,1847432144410706,REACH,Alcance | Chillibeans Vini 
1847431779247170,2025-11-25 00:00:00,0.0,0,0,0,0,0.0,0,0,0.0,0,0.0,0.0,0,0.0,0,0.0,Nacoes Shopping,NS,Grupo de anúncios 20251030031724,1847431714944034,REACH,Alcance | Giftcard 
1848504289898594,2025-11-12 00:00:00,0.0,11709,17,2,1,1.83,21,0,0.0,0,0.18,0.0,0,38.42,3,3.28,Nacoes Shopping,NS,ALC - NATAL 25,1848504162177105,REACH,ALC - NATAL 25
1847431929893905,2025-11-09 00:00:00,0.0,3588,3,2,0,0.0,0,0,0.0,0,0.0,0.0,0,8.79,5,2.45,Nacoes Shopping,NS,Grupo de anúncios 20251030032048,1847431562326049,REACH,Alcance | Ritmi Mana Spolini
1847430345389154,2025-11-07 00:00:00,0.0,4552,17,5,0,0.0,0,0,0.0,0,0.0,0.0,3,17.44,45,3.83,Nacoes Shopping,NS,Grupo de anúncios 20251030025540,1847429807403074,ENGAGED_VIEW,Visualizações de vídeo | Natal 
1847432182991921,2025-11-03 00:00:00,0.0,5559,18,0,0,0.0,0,0,0.0,0,0.0,0.0,0,11.51,5,2.07,Nacoes Shopping,NS,Grupo de anúncios 20251030032456,1847432144410706,REACH,Alcance | Chillibeans Vini 
1848504289898594,2025-11-19 00:00:00,0.0,9969,9,1,0,2.23,16,0,0.0,0,0.16,0.0,0,35.73,6,3.58,Nacoes Shopping,NS,ALC - NATAL 25,1848504162177105,REACH,ALC - NATAL 25
1847431191132210,2025-11-07 00:00:00,0.0,2650,13,7,0,0.0,0,0,0.0,0,0.0,0.0,0,11.51,19,4.34,Nacoes Shopping,NS,Grupo de anúncios 20251030030847,1847431181554881,ENGAGED_VIEW,Visualizações de vídeo | Natal 02 
1847431929893905,2025-11-15 00:00:00,0.0,0,0,0,0,0.0,0,0,0.0,0,0.0,0.0,0,0.0,0,0.0,Nacoes Shopping,NS,Grupo de anúncios 20251030032048,1847431562326049,REACH,Alcance | Ritmi Mana Spolini
1847431779247170,2025-11-12 00:00:00,0.0,0,0,0,0,0.0,0,0,0.0,0,0.0,0.0,0,0.0,0,0.0,Nacoes Shopping,NS,Grupo de anúncios 20251030031724,1847431714944034,REACH,Alcance | Giftcard 
1847430345389154,2025-11-14 00:00:00,0.0,0,0,0,0,0.0,0,0,0.0,0,0.0,0.0,0,0.0,0,0.0,Nacoes Shopping,NS,Grupo de anúncios 20251030025540,1847429807403074,ENGAGED_VIEW,Visualizações de vídeo | Natal 
1848504752053361,2025-11-13 00:00:00,0.0,7338,1,0,0,0.04,1213,0,0.0,0,16.53,0.0,0,49.3,0,6.72,Nacoes Shopping,NS,TRAF - NATAL 25,1848504928619618,CLICK,TRAF - NATAL 25
1847432182991921,2025-11-10 00:00:00,0.0,3520,2,0,0,0.0,0,0,0.0,0,0.0,0.0,0,8.48,1,2.41,Nacoes Shopping,NS,Grupo de anúncios 20251030032456,1847432144410706,REACH,Alcance | Chillibeans Vini 
1847431779247170,2025-11-09 00:00:00,0.0,5128,4,0,0,2.44,5,0,0.0,0,0.1,0.0,0,12.18,4,2.38,Nacoes Shopping,NS,Grupo de anúncios 20251030031724,1847431714944034,REACH,Alcance | Giftcard 
1847431779247170,2025-11-29 00:00:00,0.0,0,0,0,0,0.0,0,0,0.0,0,0.0,0.0,0,0.0,0,0.0,Nacoes Shopping,NS,Grupo de anúncios 20251030031724,1847431714944034,REACH,Alcance | Giftcard 
1847432182991921,2025-11-11 00:00:00,0.0,902,0,0,0,0.0,0,0,0.0,0,0.0,0.0,0,2.46,0,2.73,Nacoes Shopping,NS,Grupo de anúncios 20251030032456,1847432144410706,REACH,Alcance | Chillibeans Vini 
1848504289898594,2025-11-21 00:00:00,0.0,9186,10,1,0,1.74,19,0,0.0,0,0.21,0.0,0,33.01,6,3.59,Nacoes Shopping,NS,ALC - NATAL 25,1848504162177105,REACH,ALC - NATAL 25
1847430345389154,2025-11-06 00:00:00,0.0,5560,14,6,0,0.0,0,0,0.0,0,0.0,0.0,2,20.41,40,3.67,Nacoes Shopping,NS,Grupo de anúncios 20251030025540,1847429807403074,ENGAGED_VIEW,Visualizações de vídeo | Natal 
1848504752053361,2025-11-14 00:00:00,0.0,6490,6,0,0,0.04,1319,0,0.0,0,20.32,0.0,0,52.44,0,8.08,Nacoes Shopping,NS,TRAF - NATAL 25,1848504928619618,CLICK,TRAF - NATAL 25
1847431929893905,2025-11-08 00:00:00,0.0,3832,4,1,0,0.0,0,0,0.0,0,0.0,0.0,0,9.17,4,2.39,Nacoes Shopping,NS,Grupo de anúncios 20251030032048,1847431562326049,REACH,Alcance | Ritmi Mana Spolini
1847431191132210,2025-11-10 00:00:00,0.0,2644,5,4,0,0.0,0,0,0.0,0,0.0,0.0,1,11.47,24,4.34,Nacoes Shopping,NS,Grupo de anúncios 20251030030847,1847431181554881,ENGAGED_VIEW,Visualizações de vídeo | Natal 02 
1848504752053361,2025-11-21 00:00:00,0.0,5820,1,0,0,0.04,810,0,0.0,0,13.92,0.0,0,32.76,0,5.63,Nacoes Shopping,NS,TRAF - NATAL 25,1848504928619618,CLICK,TRAF - NATAL 25
1849768891459762,2025-11-28 00:00:00,0.0,17930,13,2,2,0.0,0,0,0.0,0,0.0,0.0,0,61.37,9,3.42,Nacoes Shopping,NS,Grupo de anúncios 20251125102516,1849768886744178,REACH,ALC - BLACK FRIDAY - NS
1847431779247170,2025-11-16 00:00:00,0.0,0,0,0,0,0.0,0,0,0.0,0,0.0,0.0,0,0.0,0,0.0,Nacoes Shopping,NS,Grupo de anúncios 20251030031724,1847431714944034,REACH,Alcance | Giftcard 
1848504752053361,2025-11-27 00:00:00,0.0,4308,0,0,0,0.05,680,0,0.0,0,15.78,0.0,0,31.17,0,7.24,Nacoes Shopping,NS,TRAF - NATAL 25,1848504928619618,CLICK,TRAF - NATAL 25
1848504289898594,2025-11-28 00:00:00,0.0,0,0,0,0,0.0,0,0,0.0,0,0.0,0.0,0,0.0,0,0.0,Nacoes Shopping,NS,ALC - NATAL 25,1848504162177105,REACH,ALC - NATAL 25
1848504289898594,2025-11-15 00:00:00,0.0,9752,10,0,0,2.41,15,0,0.0,0,0.15,0.0,0,36.17,1,3.71,Nacoes Shopping,NS,ALC - NATAL 25,1848504162177105,REACH,ALC - NATAL 25
1847432182991921,2025-11-04 00:00:00,0.0,5320,15,0,0,0.0,0,0,0.0,0,0.0,0.0,0,12.02,4,2.26,Nacoes Shopping,NS,Grupo de anúncios 20251030032456,1847432144410706,REACH,Alcance | Chillibeans Vini 
1847431929893905,2025-11-21 00:00:00,0.0,0,0,0,0,0.0,0,0,0.0,0,0.0,0.0,0,0.0,0,0.0,Nacoes Shopping,NS,Grupo de anúncios 20251030032048,1847431562326049,REACH,Alcance | Ritmi Mana Spolini
1849887896210466,2025-11-28 00:00:00,0.0,8077,9,0,0,2.31,14,0,0.0,0,0.17,0.0,0,32.27,6,4.0,Nacoes Shopping,NS,Ad group 20251126055740,1849887841738834,REACH,ALC - NATAL 25 02
1847431929893905,2025-11-01 00:00:00,0.0,4792,10,0,0,0.0,0,0,0.0,0,0.0,0.0,0,9.95,1,2.08,Nacoes Shopping,NS,Grupo de anúncios 20251030032048,1847431562326049,REACH,Alcance | Ritmi Mana Spolini
1847431191132210,2025-11-03 00:00:00,0.0,3173,4,4,0,0.0,0,0,0.0,0,0.0,0.0,0,11.56,30,3.64,Nacoes Shopping,NS,Grupo de anúncios 20251030030847,1847431181554881,ENGAGED_VIEW,Visualizações de vídeo | Natal 02 
1847431779247170,2025-11-03 00:00:00,0.0,5747,6,0,0,1.71,7,0,0.0,0,0.12,0.0,0,12.0,1,2.09,Nacoes Shopping,NS,Grupo de anúncios 20251030031724,1847431714944034,REACH,Alcance | Giftcard 
1848504752053361,2025-11-15 00:00:00,0.0,7169,19,1,0,0.06,741,0,0.0,0,10.34,0.0,0,40.9,3,5.71,Nacoes Shopping,NS,TRAF - NATAL 25,1848504928619618,CLICK,TRAF - NATAL 25
1847431929893905,2025-11-27 00:00:00,0.0,0,0,0,0,0.0,0,0,0.0,0,0.0,0.0,0,0.0,0,0.0,Nacoes Shopping,NS,Grupo de anúncios 20251030032048,1847431562326049,REACH,Alcance | Ritmi Mana Spolini
1847431929893905,2025-11-07 00:00:00,0.0,3489,3,0,0,0.0,0,0,0.0,0,0.0,0.0,0,8.37,3,2.4,Nacoes Shopping,NS,Grupo de anúncios 20251030032048,1847431562326049,REACH,Alcance | Ritmi Mana Spolini
1847431191132210,2025-11-09 00:00:00,0.0,2464,6,5,0,0.0,0,0,0.0,0,0.0,0.0,0,10.36,12,4.2,Nacoes Shopping,NS,Grupo de anúncios 20251030030847,1847431181554881,ENGAGED_VIEW,Visualizações de vídeo | Natal 02 
1847431779247170,2025-11-10 00:00:00,0.0,4977,6,1,0,1.38,9,0,0.0,0,0.18,0.0,0,12.38,4,2.49,Nacoes Shopping,NS,Grupo de anúncios 20251030031724,1847431714944034,REACH,Alcance | Giftcard 
1847432182991921,2025-11-12 00:00:00,0.0,0,0,0,0,0.0,0,0,0.0,0,0.0,0.0,0,0.0,0,0.0,Nacoes Shopping,NS,Grupo de anúncios 20251030032456,1847432144410706,REACH,Alcance | Chillibeans Vini 
1847431929893905,2025-11-14 00:00:00,0.0,0,0,0,0,0.0,0,0,0.0,0,0.0,0.0,0,0.0,0,0.0,Nacoes Shopping,NS,Grupo de anúncios 20251030032048,1847431562326049,REACH,Alcance | Ritmi Mana Spolini
1848504289898594,2025-11-27 00:00:00,0.0,0,0,0,0,0.0,0,0,0.0,0,0.0,0.0,0,0.0,0,0.0,Nacoes Shopping,NS,ALC - NATAL 25,1848504162177105,REACH,ALC - NATAL 25
1847432182991921,2025-11-18 00:00:00,0.0,0,0,0,0,0.0,0,0,0.0,0,0.0,0.0,0,0.0,0,0.0,Nacoes Shopping,NS,Grupo de anúncios 20251030032456,1847432144410706,REACH,Alcance | Chillibeans Vini 
1848504289898594,2025-11-14 00:00:00,0.0,10467,9,0,0,2.53,15,0,0.0,0,0.14,0.0,0,37.95,2,3.63,Nacoes Shopping,NS,ALC - NATAL 25,1848504162177105,REACH,ALC - NATAL 25
1849887896210466,2025-11-27 00:00:00,0.0,10621,9,0,0,2.42,16,0,0.0,0,0.15,0.0,0,38.74,8,3.65,Nacoes Shopping,NS,Ad group 20251126055740,1849887841738834,REACH,ALC - NATAL 25 02
1847431191132210,2025-11-02 00:00:00,0.0,3063,8,7,0,0.0,0,0,0.0,0,0.0,0.0,0,12.04,21,3.93,Nacoes Shopping,NS,Grupo de anúncios 20251030030847,1847431181554881,ENGAGED_VIEW,Visualizações de vídeo | Natal 02 
1847431929893905,2025-11-20 00:00:00,0.0,0,0,0,0,0.0,0,0,0.0,0,0.0,0.0,0,0.0,0,0.0,Nacoes Shopping,NS,Grupo de anúncios 20251030032048,1847431562326049,REACH,Alcance | Ritmi Mana Spolini
1847431779247170,2025-11-17 00:00:00,0.0,0,0,0,0,0.0,0,0,0.0,0,0.0,0.0,0,0.0,0,0.0,Nacoes Shopping,NS,Grupo de anúncios 20251030031724,1847431714944034,REACH,Alcance | Giftcard 
1849768891459762,2025-11-29 00:00:00,0.0,17967,10,1,0,0.0,0,0,0.0,0,0.0,0.0,6,58.66,9,3.26,Nacoes Shopping,NS,Grupo de anúncios 20251125102516,1849768886744178,REACH,ALC - BLACK FRIDAY - NS
1848504752053361,2025-11-28 00:00:00,0.0,4420,0,0,0,0.05,702,0,0.0,0,15.88,0.0,0,32.24,0,7.29,Nacoes Shopping,NS,TRAF - NATAL 25,1848504928619618,CLICK,TRAF - NATAL 25
1847432182991921,2025-11-25 00:00:00,0.0,0,0,0,0,0.0,0,0,0.0,0,0.0,0.0,0,0.0,0,0.0,Nacoes Shopping,NS,Grupo de anúncios 20251030032456,1847432144410706,REACH,Alcance | Chillibeans Vini 
1847432182991921,2025-11-05 00:00:00,0.0,5280,8,0,0,0.0,0,0,0.0,0,0.0,0.0,0,11.89,8,2.25,Nacoes Shopping,NS,Grupo de anúncios 20251030032456,1847432144410706,REACH,Alcance | Chillibeans Vini 
1847431779247170,2025-11-14 00:00:00,0.0,0,0,0,0,0.0,0,0,0.0,0,0.0,0.0,0,0.0,0,0.0,Nacoes Shopping,NS,Grupo de anúncios 20251030031724,1847431714944034,REACH,Alcance | Giftcard 
1848504289898594,2025-11-16 00:00:00,0.0,9942,9,1,0,1.8,20,0,0.0,0,0.2,0.0,0,36.08,6,3.63,Nacoes Shopping,NS,ALC - NATAL 25,1848504162177105,REACH,ALC - NATAL 25
1847432182991921,2025-11-26 00:00:00,0.0,0,0,0,0,0.0,0,0,0.0,0,0.0,0.0,0,0.0,0,0.0,Nacoes Shopping,NS,Grupo de anúncios 20251030032456,1847432144410706,REACH,Alcance | Chillibeans Vini 
1847432182991921,2025-11-06 00:00:00,0.0,4834,6,0,0,0.0,0,0,0.0,0,0.0,0.0,0,10.73,3,2.22,Nacoes Shopping,NS,Grupo de anúncios 20251030032456,1847432144410706,REACH,Alcance | Chillibeans Vini 
1848504752053361,2025-11-29 00:00:00,0.0,5497,0,0,0,0.04,864,0,0.0,0,15.72,0.0,0,33.17,0,6.03,Nacoes Shopping,NS,TRAF - NATAL 25,1848504928619618,CLICK,TRAF - NATAL 25
1849768891459762,2025-11-27 00:00:00,0.0,19972,19,4,0,0.0,0,0,0.0,0,0.0,0.0,0,61.99,10,3.1,Nacoes Shopping,NS,Grupo de anúncios 20251125102516,1849768886744178,REACH,ALC - BLACK FRIDAY - NS
1847431929893905,2025-11-13 00:00:00,0.0,0,0,0,0,0.0,0,0,0.0,0,0.0,0.0,0,0.0,0,0.0,Nacoes Shopping,NS,Grupo de anúncios 20251030032048,1847431562326049,REACH,Alcance | Ritmi Mana Spolini
1849887896210466,2025-11-26 00:00:00,0.0,4780,3,0,0,2.55,5,0,0.0,0,0.1,0.0,0,12.75,0,2.67,Nacoes Shopping,NS,Ad group 20251126055740,1849887841738834,REACH,ALC - NATAL 25 02
1847431191132210,2025-11-05 00:00:00,0.0,3443,16,5,1,11.3,1,0,0.0,0,0.03,0.0,2,11.3,28,3.28,Nacoes Shopping,NS,Grupo de anúncios 20251030030847,1847431181554881,ENGAGED_VIEW,Visualizações de vídeo | Natal 02 
1848504752053361,2025-11-16 00:00:00,0.0,6903,10,0,0,0.04,1038,0,0.0,0,15.04,0.0,0,44.71,1,6.48,Nacoes Shopping,NS,TRAF - NATAL 25,1848504928619618,CLICK,TRAF - NATAL 25
1847431779247170,2025-11-21 00:00:00,0.0,0,0,0,0,0.0,0,0,0.0,0,0.0,0.0,0,0.0,0,0.0,Nacoes Shopping,NS,Grupo de anúncios 20251030031724,1847431714944034,REACH,Alcance | Giftcard 
1847431779247170,2025-11-01 00:00:00,0.0,6824,6,0,0,0.92,15,0,0.0,0,0.22,0.0,0,13.77,4,2.02,Nacoes Shopping,NS,Grupo de anúncios 20251030031724,1847431714944034,REACH,Alcance | Giftcard 
1847431191132210,2025-11-11 00:00:00,0.0,853,7,2,0,0.0,0,0,0.0,0,0.0,0.0,2,5.31,4,6.23,Nacoes Shopping,NS,Grupo de anúncios 20251030030847,1847431181554881,ENGAGED_VIEW,Visualizações de vídeo | Natal 02 
1848504752053361,2025-11-22 00:00:00,0.0,5712,0,0,0,0.04,830,0,0.0,0,14.53,0.0,0,31.86,0,5.58,Nacoes Shopping,NS,TRAF - NATAL 25,1848504928619618,CLICK,TRAF - NATAL 25
1848504289898594,2025-11-23 00:00:00,0.0,9241,6,1,1,1.79,18,0,0.0,0,0.19,0.0,0,32.26,6,3.49,Nacoes Shopping,NS,ALC - NATAL 25,1848504162177105,REACH,ALC - NATAL 25
1847432182991921,2025-11-19 00:00:00,0.0,0,0,0,0,0.0,0,0,0.0,0,0.0,0.0,0,0.0,0,0.0,Nacoes Shopping,NS,Grupo de anúncios 20251030032456,1847432144410706,REACH,Alcance | Chillibeans Vini 
1848504289898594,2025-11-30 00:00:00,0.0,0,0,0,0,0.0,0,0,0.0,0,0.0,0.0,0,0.0,0,0.0,Nacoes Shopping,NS,ALC - NATAL 25,1848504162177105,REACH,ALC - NATAL 25
1847431929893905,2025-11-06 00:00:00,0.0,3883,5,0,0,0.0,0,0,0.0,0,0.0,0.0,1,9.09,3,2.34,Nacoes Shopping,NS,Grupo de anúncios 20251030032048,1847431562326049,REACH,Alcance | Ritmi Mana Spolini
1847430345389154,2025-11-05 00:00:00,0.0,6468,17,6,1,0.0,0,0,0.0,0,0.0,0.0,2,21.43,80,3.31,Nacoes Shopping,NS,Grupo de anúncios 20251030025540,1847429807403074,ENGAGED_VIEW,Visualizações de vídeo | Natal 
1847431779247170,2025-11-08 00:00:00,0.0,5359,6,0,0,0.88,14,0,0.0,0,0.26,0.0,0,12.25,3,2.29,Nacoes Shopping,NS,Grupo de anúncios 20251030031724,1847431714944034,REACH,Alcance | Giftcard 
1847431191132210,2025-11-18 00:00:00,0.0,0,0,0,0,0.0,0,0,0.0,0,0.0,0.0,0,0.0,0,0.0,Nacoes Shopping,NS,Grupo de anúncios 20251030030847,1847431181554881,ENGAGED_VIEW,Visualizações de vídeo | Natal 02 
1848504752053361,2025-11-30 00:00:00,0.0,5644,0,0,0,0.03,997,0,0.0,0,17.66,0.0,0,31.57,0,5.59,Nacoes Shopping,NS,TRAF - NATAL 25,1848504928619618,CLICK,TRAF - NATAL 25
1847431929893905,2025-11-12 00:00:00,0.0,0,0,0,0,0.0,0,0,0.0,0,0.0,0.0,0,0.0,0,0.0,Nacoes Shopping,NS,Grupo de anúncios 20251030032048,1847431562326049,REACH,Alcance | Ritmi Mana Spolini
1847431191132210,2025-11-04 00:00:00,0.0,3810,18,8,0,0.0,0,0,0.0,0,0.0,0.0,2,11.71,42,3.07,Nacoes Shopping,NS,Grupo de anúncios 20251030030847,1847431181554881,ENGAGED_VIEW,Visualizações de vídeo | Natal 02 
1847432182991921,2025-11-27 00:00:00,0.0,0,0,0,0,0.0,0,0,0.0,0,0.0,0.0,0,0.0,0,0.0,Nacoes Shopping,NS,Grupo de anúncios 20251030032456,1847432144410706,REACH,Alcance | Chillibeans Vini 
1847431779247170,2025-11-15 00:00:00,0.0,0,0,0,0,0.0,0,0,0.0,0,0.0,0.0,0,0.0,0,0.0,Nacoes Shopping,NS,Grupo de anúncios 20251030031724,1847431714944034,REACH,Alcance | Giftcard 
1847432182991921,2025-11-07 00:00:00,0.0,4500,8,1,0,0.0,0,0,0.0,0,0.0,0.0,0,10.25,0,2.28,Nacoes Shopping,NS,Grupo de anúncios 20251030032456,1847432144410706,REACH,Alcance | Chillibeans Vini 
1847431929893905,2025-11-19 00:00:00,0.0,0,0,0,0,0.0,0,0,0.0,0,0.0,0.0,0,0.0,0,0.0,Nacoes Shopping,NS,Grupo de anúncios 20251030032048,1847431562326049,REACH,Alcance | Ritmi Mana Spolini
1848504289898594,2025-11-22 00:00:00,0.0,9006,9,1,0,2.5,13,0,0.0,0,0.14,0.0,0,32.54,4,3.61,Nacoes Shopping,NS,ALC - NATAL 25,1848504162177105,REACH,ALC - NATAL 25
1847432182991921,2025-11-13 00:00:00,0.0,0,0,0,0,0.0,0,0,0.0,0,0.0,0.0,0,0.0,0,0.0,Nacoes Shopping,NS,Grupo de anúncios 20251030032456,1847432144410706,REACH,Alcance | Chillibeans Vini 
1848504289898594,2025-11-29 00:00:00,0.0,0,0,0,0,0.0,0,0,0.0,0,0.0,0.0,0,0.0,0,0.0,Nacoes Shopping,NS,ALC - NATAL 25,1848504162177105,REACH,ALC - NATAL 25
1847431779247170,2025-11-02 00:00:00,0.0,6599,9,2,0,0.59,21,0,0.0,0,0.32,0.0,0,12.37,2,1.87,Nacoes Shopping,NS,Grupo de anúncios 20251030031724,1847431714944034,REACH,Alcance | Giftcard 
1847431929893905,2025-11-05 00:00:00,0.0,4223,7,1,0,0.0,0,0,0.0,0,0.0,0.0,0,9.93,5,2.35,Nacoes Shopping,NS,Grupo de anúncios 20251030032048,1847431562326049,REACH,Alcance | Ritmi Mana Spolini
1847431779247170,2025-11-22 00:00:00,0.0,0,0,0,0,0.0,0,0,0.0,0,0.0,0.0,0,0.0,0,0.0,Nacoes Shopping,NS,Grupo de anúncios 20251030031724,1847431714944034,REACH,Alcance | Giftcard 
1847430345389154,2025-11-04 00:00:00,0.0,7963,33,1,1,0.0,0,0,0.0,0,0.0,0.0,0,23.05,86,2.89,Nacoes Shopping,NS,Grupo de anúncios 20251030025540,1847429807403074,ENGAGED_VIEW,Visualizações de vídeo | Natal 
1848504752053361,2025-11-23 00:00:00,0.0,7148,0,0,0,0.04,882,0,0.0,0,12.34,0.0,0,33.32,0,4.66,Nacoes Shopping,NS,TRAF - NATAL 25,1848504928619618,CLICK,TRAF - NATAL 25
1847432182991921,2025-11-20 00:00:00,0.0,0,0,0,0,0.0,0,0,0.0,0,0.0,0.0,0,0.0,0,0.0,Nacoes Shopping,NS,Grupo de anúncios 20251030032456,1847432144410706,REACH,Alcance | Chillibeans Vini 
1847431779247170,2025-11-19 00:00:00,0.0,0,0,0,0,0.0,0,0,0.0,0,0.0,0.0,0,0.0,0,0.0,Nacoes Shopping,NS,Grupo de anúncios 20251030031724,1847431714944034,REACH,Alcance | Giftcard 
1848504289898594,2025-11-11 00:00:00,0.0,8013,11,0,0,2.72,10,0,0.0,0,0.12,0.0,0,27.19,3,3.39,Nacoes Shopping,NS,ALC - NATAL 25,1848504162177105,REACH,ALC - NATAL 25
1847432182991921,2025-11-21 00:00:00,0.0,0,0,0,0,0.0,0,0,0.0,0,0.0,0.0,0,0.0,0,0.0,Nacoes Shopping,NS,Grupo de anúncios 20251030032456,1847432144410706,REACH,Alcance | Chillibeans Vini 
1847432182991921,2025-11-01 00:00:00,0.0,6393,22,0,0,0.0,0,0,0.0,0,0.0,0.0,0,12.75,6,1.99,Nacoes Shopping,NS,Grupo de anúncios 20251030032456,1847432144410706,REACH,Alcance | Chillibeans Vini 
1848504752053361,2025-11-24 00:00:00,0.0,5039,0,0,0,0.04,834,0,0.0,0,16.55,0.0,0,33.22,0,6.59,Nacoes Shopping,NS,TRAF - NATAL 25,1848504928619618,CLICK,TRAF - NATAL 25
1847431929893905,2025-11-18 00:00:00,0.0,0,0,0,0,0.0,0,0,0.0,0,0.0,0.0,0,0.0,0,0.0,Nacoes Shopping,NS,Grupo de anúncios 20251030032048,1847431562326049,REACH,Alcance | Ritmi Mana Spolini
1848504752053361,2025-11-11 00:00:00,0.0,7978,5,0,0,0.05,864,0,0.0,0,10.83,0.0,0,45.26,1,5.67,Nacoes Shopping,NS,TRAF - NATAL 25,1848504928619618,CLICK,TRAF - NATAL 25
1847431779247170,2025-11-26 00:00:00,0.0,0,0,0,0,0.0,0,0,0.0,0,0.0,0.0,0,0.0,0,0.0,Nacoes Shopping,NS,Grupo de anúncios 20251030031724,1847431714944034,REACH,Alcance | Giftcard 
1847430345389154,2025-11-03 00:00:00,0.0,6921,24,9,0,0.0,0,0,0.0,0,0.0,0.0,1,23.01,60,3.32,Nacoes Shopping,NS,Grupo de anúncios 20251030025540,1847429807403074,ENGAGED_VIEW,Visualizações de vídeo | Natal 
1848504752053361,2025-11-17 00:00:00,0.0,6531,7,0,0,0.04,1017,0,0.0,0,15.57,0.0,0,41.72,1,6.39,Nacoes Shopping,NS,TRAF - NATAL 25,1848504928619618,CLICK,TRAF - NATAL 25
1847431191132210,2025-11-06 00:00:00,0.0,2893,12,5,0,0.0,0,0,0.0,0,0.0,0.0,1,12.02,26,4.15,Nacoes Shopping,NS,Grupo de anúncios 20251030030847,1847431181554881,ENGAGED_VIEW,Visualizações de vídeo | Natal 02 
1847431779247170,2025-11-06 00:00:00,0.0,5745,7,0,0,1.18,11,0,0.0,0,0.19,0.0,0,12.99,1,2.26,Nacoes Shopping,NS,Grupo de anúncios 20251030031724,1847431714944034,REACH,Alcance | Giftcard 
1848504289898594,2025-11-18 00:00:00,0.0,9113,12,0,0,2.52,13,0,0.0,0,0.14,0.0,0,32.79,6,3.6,Nacoes Shopping,NS,ALC - NATAL 25,1848504162177105,REACH,ALC - NATAL 25
1847432182991921,2025-11-14 00:00:00,0.0,0,0,0,0,0.0,0,0,0.0,0,0.0,0.0,0,0.0,0,0.0,Nacoes Shopping,NS,Grupo de anúncios 20251030032456,1847432144410706,REACH,Alcance | Chillibeans Vini 
1848504289898594,2025-11-25 00:00:00,0.0,7031,8,2,0,1.87,14,0,0.0,0,0.2,0.0,0,26.2,9,3.73,Nacoes Shopping,NS,ALC - NATAL 25,1848504162177105,REACH,ALC - NATAL 25
1847431929893905,2025-11-11 00:00:00,0.0,900,5,0,0,0.0,0,0,0.0,0,0.0,0.0,0,2.59,1,2.88,Nacoes Shopping,NS,Grupo de anúncios 20251030032048,1847431562326049,REACH,Alcance | Ritmi Mana Spolini
1849768891459762,2025-11-25 00:00:00,0.0,17149,11,1,0,0.0,0,0,0.0,0,0.0,0.0,0,46.17,9,2.69,Nacoes Shopping,NS,Grupo de anúncios 20251125102516,1849768886744178,REACH,ALC - BLACK FRIDAY - NS
1847430345389154,2025-11-10 00:00:00,0.0,0,0,0,0,0.0,0,0,0.0,0,0.0,0.0,0,0.0,0,0.0,Nacoes Shopping,NS,Grupo de anúncios 20251030025540,1847429807403074,ENGAGED_VIEW,Visualizações de vídeo | Natal 
1847431779247170,2025-11-13 00:00:00,0.0,0,0,0,0,0.0,0,0,0.0,0,0.0,0.0,0,0.0,0,0.0,Nacoes Shopping,NS,Grupo de anúncios 20251030031724,1847431714944034,REACH,Alcance | Giftcard 
1847431191132210,2025-11-13 00:00:00,0.0,0,0,0,0,0.0,0,0,0.0,0,0.0,0.0,0,0.0,0,0.0,Nacoes Shopping,NS,Grupo de anúncios 20251030030847,1847431181554881,ENGAGED_VIEW,Visualizações de vídeo | Natal 02 
1849887896210466,2025-11-30 00:00:00,0.0,10657,9,1,0,2.13,18,0,0.0,0,0.17,0.0,0,38.39,3,3.6,Nacoes Shopping,NS,Ad group 20251126055740,1849887841738834,REACH,ALC - NATAL 25 02
1848504752053361,2025-11-25 00:00:00,0.0,5095,0,0,0,0.04,776,0,0.0,0,15.23,0.0,0,32.63,0,6.4,Nacoes Shopping,NS,TRAF - NATAL 25,1848504928619618,CLICK,TRAF - NATAL 25
1847431929893905,2025-11-17 00:00:00,0.0,0,0,0,0,0.0,0,0,0.0,0,0.0,0.0,0,0.0,0,0.0,Nacoes Shopping,NS,Grupo de anúncios 20251030032048,1847431562326049,REACH,Alcance | Ritmi Mana Spolini
1849768891459762,2025-11-26 00:00:00,0.0,22632,22,1,0,0.0,0,0,0.0,0,0.0,0.0,0,62.08,4,2.74,Nacoes Shopping,NS,Grupo de anúncios 20251125102516,1849768886744178,REACH,ALC - BLACK FRIDAY - NS
1847432182991921,2025-11-22 00:00:00,0.0,0,0,0,0,0.0,0,0,0.0,0,0.0,0.0,0,0.0,0,0.0,Nacoes Shopping,NS,Grupo de anúncios 20251030032456,1847432144410706,REACH,Alcance | Chillibeans Vini 
1847431779247170,2025-11-20 00:00:00,0.0,0,0,0,0,0.0,0,0,0.0,0,0.0,0.0,0,0.0,0,0.0,Nacoes Shopping,NS,Grupo de anúncios 20251030031724,1847431714944034,REACH,Alcance | Giftcard 
1847432182991921,2025-11-02 00:00:00,0.0,6275,14,1,0,0.0,0,0,0.0,0,0.0,0.0,0,11.68,4,1.86,Nacoes Shopping,NS,Grupo de anúncios 20251030032456,1847432144410706,REACH,Alcance | Chillibeans Vini 
1848504289898594,2025-11-17 00:00:00,0.0,9540,7,0,0,1.78,20,0,0.0,0,0.21,0.0,0,35.51,4,3.72,Nacoes Shopping,NS,ALC - NATAL 25,1848504162177105,REACH,ALC - NATAL 25
1847431929893905,2025-11-04 00:00:00,0.0,4060,11,0,0,0.0,0,0,0.0,0,0.0,0.0,0,9.55,6,2.35,Nacoes Shopping,NS,Grupo de anúncios 20251030032048,1847431562326049,REACH,Alcance | Ritmi Mana Spolini
1847430345389154,2025-11-02 00:00:00,0.0,7222,20,1,2,0.0,0,0,0.0,0,0.0,0.0,1,23.77,62,3.29,Nacoes Shopping,NS,Grupo de anúncios 20251030025540,1847429807403074,ENGAGED_VIEW,Visualizações de vídeo | Natal 
1847432182991921,2025-11-08 00:00:00,0.0,4298,6,0,0,0.0,0,0,0.0,0,0.0,0.0,0,9.63,3,2.24,Nacoes Shopping,NS,Grupo de anúncios 20251030032456,1847432144410706,REACH,Alcance | Chillibeans Vini 
1848504289898594,2025-11-24 00:00:00,0.0,7915,8,0,0,1.82,16,0,0.0,0,0.2,0.0,0,29.1,1,3.68,Nacoes Shopping,NS,ALC - NATAL 25,1848504162177105,REACH,ALC - NATAL 25
1847431779247170,2025-11-07 00:00:00,0.0,5286,4,0,0,1.54,8,0,0.0,0,0.15,0.0,0,12.33,1,2.33,Nacoes Shopping,NS,Grupo de anúncios 20251030031724,1847431714944034,REACH,Alcance | Giftcard 
1847431191132210,2025-11-12 00:00:00,0.0,0,0,0,0,0.0,0,0,0.0,0,0.0,0.0,0,0.0,0,0.0,Nacoes Shopping,NS,Grupo de anúncios 20251030030847,1847431181554881,ENGAGED_VIEW,Visualizações de vídeo | Natal 02 
1847431929893905,2025-11-10 00:00:00,0.0,3539,14,1,0,0.0,0,0,0.0,0,0.0,0.0,0,9.15,4,2.59,Nacoes Shopping,NS,Grupo de anúncios 20251030032048,1847431562326049,REACH,Alcance | Ritmi Mana Spolini
1847431779247170,2025-11-27 00:00:00,0.0,0,0,0,0,0.0,0,0,0.0,0,0.0,0.0,0,0.0,0,0.0,Nacoes Shopping,NS,Grupo de anúncios 20251030031724,1847431714944034,REACH,Alcance | Giftcard 
1847430345389154,2025-11-09 00:00:00,0.0,0,0,0,0,0.0,0,0,0.0,0,0.0,0.0,0,0.0,0,0.0,Nacoes Shopping,NS,Grupo de anúncios 20251030025540,1847429807403074,ENGAGED_VIEW,Visualizações de vídeo | Natal 
1848504752053361,2025-11-18 00:00:00,0.0,5987,15,0,0,0.07,611,0,0.0,0,10.21,0.0,0,41.14,3,6.87,Nacoes Shopping,NS,TRAF - NATAL 25,1848504928619618,CLICK,TRAF - NATAL 25
1847432182991921,2025-11-15 00:00:00,0.0,0,0,0,0,0.0,0,0,0.0,0,0.0,0.0,0,0.0,0,0.0,Nacoes Shopping,NS,Grupo de anúncios 20251030032456,1847432144410706,REACH,Alcance | Chillibeans Vini 
1850600374703265,2025-12-25 00:00:00,0.0,6509,12,3,0,0.0,0,0,0.0,0,0.0,0.0,0,11.58,14,1.78,Nacoes Shopping,NS,Ad group 20251204024133,1850600369247313,REACH,ALC - LEGUEIROS
1850600374703265,2025-12-05 00:00:00,0.0,6668,16,5,0,0.0,0,0,0.0,0,0.0,0.0,0,15.03,21,2.25,Nacoes Shopping,NS,Ad group 20251204024133,1850600369247313,REACH,ALC - LEGUEIROS
1849887896210466,2025-12-26 00:00:00,0.0,15865,93,4,0,2.08,17,0,0.0,0,0.11,0.0,0,35.3,7,2.23,Nacoes Shopping,NS,Ad group 20251126055740,1849887841738834,REACH,ALC - NATAL 25 02
1848504752053361,2025-12-09 00:00:00,0.0,7554,36,0,0,0.04,1003,0,0.0,0,13.28,0.0,0,37.82,0,5.01,Nacoes Shopping,NS,TRAF - NATAL 25,1848504928619618,CLICK,TRAF - NATAL 25
1849887896210466,2025-12-19 00:00:00,0.0,12367,107,3,1,1.54,24,0,0.0,0,0.19,0.0,2,37.05,6,3.0,Nacoes Shopping,NS,Ad group 20251126055740,1849887841738834,REACH,ALC - NATAL 25 02
1849768891459762,2025-12-07 00:00:00,0.0,0,0,0,0,0.0,0,0,0.0,0,0.0,0.0,0,0.0,0,0.0,Nacoes Shopping,NS,Grupo de anúncios 20251125102516,1849768886744178,REACH,ALC - BLACK FRIDAY - NS
1849887896210466,2025-12-06 00:00:00,0.0,12795,100,1,0,19.9,2,0,0.0,0,0.02,0.0,1,39.8,6,3.11,Nacoes Shopping,NS,Ad group 20251126055740,1849887841738834,REACH,ALC - NATAL 25 02
1848504752053361,2025-12-16 00:00:00,0.0,8290,147,2,0,0.04,1005,0,0.0,0,12.12,0.0,0,35.35,4,4.26,Nacoes Shopping,NS,TRAF - NATAL 25,1848504928619618,CLICK,TRAF - NATAL 25
1847431779247170,2025-12-01 00:00:00,0.0,0,0,0,0,0.0,0,0,0.0,0,0.0,0.0,0,0.0,0,0.0,Nacoes Shopping,NS,Grupo de anúncios 20251030031724,1847431714944034,REACH,Alcance | Giftcard 
1850600374703265,2025-12-18 00:00:00,0.0,5807,11,2,0,0.0,0,0,0.0,0,0.0,0.0,0,13.91,9,2.4,Nacoes Shopping,NS,Ad group 20251204024133,1850600369247313,REACH,ALC - LEGUEIROS
1849887896210466,2025-12-13 00:00:00,0.0,15932,40,2,1,1.17,35,0,0.0,0,0.22,0.0,0,40.82,13,2.56,Nacoes Shopping,NS,Ad group 20251126055740,1849887841738834,REACH,ALC - NATAL 25 02
1849768891459762,2025-12-13 00:00:00,0.0,0,0,0,0,0.0,0,0,0.0,0,0.0,0.0,0,0.0,0,0.0,Nacoes Shopping,NS,Grupo de anúncios 20251125102516,1849768886744178,REACH,ALC - BLACK FRIDAY - NS
1848504752053361,2025-12-22 00:00:00,0.0,7224,33,1,0,0.03,970,0,0.0,0,13.43,0.0,0,32.3,0,4.47,Nacoes Shopping,NS,TRAF - NATAL 25,1848504928619618,CLICK,TRAF - NATAL 25
1848504752053361,2025-12-02 00:00:00,0.0,6007,0,0,0,0.03,1007,0,0.0,0,16.76,0.0,0,31.45,0,5.24,Nacoes Shopping,NS,TRAF - NATAL 25,1848504928619618,CLICK,TRAF - NATAL 25
1848504289898594,2025-12-03 00:00:00,0.0,0,0,0,0,0.0,0,0,0.0,0,0.0,0.0,0,0.0,0,0.0,Nacoes Shopping,NS,ALC - NATAL 25,1848504162177105,REACH,ALC - NATAL 25
1848504752053361,2025-12-29 00:00:00,0.0,12568,19,0,0,0.02,1571,0,0.0,0,12.5,0.0,0,35.72,0,2.84,Nacoes Shopping,NS,TRAF - NATAL 25,1848504928619618,CLICK,TRAF - NATAL 25
1849768891459762,2025-12-20 00:00:00,0.0,0,0,0,0,0.0,0,0,0.0,0,0.0,0.0,0,0.0,0,0.0,Nacoes Shopping,NS,Grupo de anúncios 20251125102516,1849768886744178,REACH,ALC - BLACK FRIDAY - NS
1848504289898594,2025-12-30 00:00:00,0.0,0,0,0,0,0.0,0,0,0.0,0,0.0,0.0,0,0.0,0,0.0,Nacoes Shopping,NS,ALC - NATAL 25,1848504162177105,REACH,ALC - NATAL 25
1848504289898594,2025-12-10 00:00:00,0.0,0,0,0,0,0.0,0,0,0.0,0,0.0,0.0,0,0.0,0,0.0,Nacoes Shopping,NS,ALC - NATAL 25,1848504162177105,REACH,ALC - NATAL 25
1850600374703265,2025-12-11 00:00:00,0.0,6752,20,1,0,0.0,0,0,0.0,0,0.0,0.0,0,16.4,17,2.43,Nacoes Shopping,NS,Ad group 20251204024133,1850600369247313,REACH,ALC - LEGUEIROS
1847431779247170,2025-12-08 00:00:00,0.0,0,0,0,0,0.0,0,0,0.0,0,0.0,0.0,0,0.0,0,0.0,Nacoes Shopping,NS,Grupo de anúncios 20251030031724,1847431714944034,REACH,Alcance | Giftcard 
1849887896210466,2025-12-05 00:00:00,0.0,13792,102,1,2,12.88,3,0,0.0,0,0.02,0.0,0,38.64,7,2.8,Nacoes Shopping,NS,Ad group 20251126055740,1849887841738834,REACH,ALC - NATAL 25 02
1848504752053361,2025-12-10 00:00:00,0.0,6566,118,1,0,0.05,708,0,0.0,0,10.78,0.0,0,34.39,7,5.24,Nacoes Shopping,NS,TRAF - NATAL 25,1848504928619618,CLICK,TRAF - NATAL 25
1848504752053361,2025-12-30 00:00:00,0.0,11785,24,0,0,0.02,1620,0,0.0,0,13.75,0.0,0,35.86,0,3.04,Nacoes Shopping,NS,TRAF - NATAL 25,1848504928619618,CLICK,TRAF - NATAL 25
1849768891459762,2025-12-01 00:00:00,0.0,0,0,0,0,0.0,0,0,0.0,0,0.0,0.0,0,0.0,0,0.0,Nacoes Shopping,NS,Grupo de anúncios 20251125102516,1849768886744178,REACH,ALC - BLACK FRIDAY - NS
1850600374703265,2025-12-19 00:00:00,0.0,5406,18,1,0,0.0,0,0,0.0,0,0.0,0.0,0,13.27,6,2.45,Nacoes Shopping,NS,Ad group 20251204024133,1850600369247313,REACH,ALC - LEGUEIROS
1847432182991921,2025-12-07 00:00:00,0.0,0,0,0,0,0.0,0,0,0.0,0,0.0,0.0,0,0.0,0,0.0,Nacoes Shopping,NS,Grupo de anúncios 20251030032456,1847432144410706,REACH,Alcance | Chillibeans Vini 
1848504289898594,2025-12-02 00:00:00,0.0,0,0,0,0,0.0,0,0,0.0,0,0.0,0.0,0,0.0,0,0.0,Nacoes Shopping,NS,ALC - NATAL 25,1848504162177105,REACH,ALC - NATAL 25
1847431779247170,2025-12-15 00:00:00,0.0,0,0,0,0,0.0,0,0,0.0,0,0.0,0.0,0,0.0,0,0.0,Nacoes Shopping,NS,Grupo de anúncios 20251030031724,1847431714944034,REACH,Alcance | Giftcard 
1849887896210466,2025-12-25 00:00:00,0.0,15980,110,4,0,2.11,17,0,0.0,0,0.11,0.0,0,35.84,9,2.24,Nacoes Shopping,NS,Ad group 20251126055740,1849887841738834,REACH,ALC - NATAL 25 02
1848504289898594,2025-12-09 00:00:00,0.0,0,0,0,0,0.0,0,0,0.0,0,0.0,0.0,0,0.0,0,0.0,Nacoes Shopping,NS,ALC - NATAL 25,1848504162177105,REACH,ALC - NATAL 25
1849768891459762,2025-12-14 00:00:00,0.0,0,0,0,0,0.0,0,0,0.0,0,0.0,0.0,0,0.0,0,0.0,Nacoes Shopping,NS,Grupo de anúncios 20251125102516,1849768886744178,REACH,ALC - BLACK FRIDAY - NS
1847431929893905,2025-12-05 00:00:00,0.0,0,0,0,0,0.0,0,0,0.0,0,0.0,0.0,0,0.0,0,0.0,Nacoes Shopping,NS,Grupo de anúncios 20251030032048,1847431562326049,REACH,Alcance | Ritmi Mana Spolini
1850600374703265,2025-12-12 00:00:00,0.0,6311,13,2,0,0.0,0,0,0.0,0,0.0,0.0,0,15.2,8,2.41,Nacoes Shopping,NS,Ad group 20251204024133,1850600369247313,REACH,ALC - LEGUEIROS
1847431779247170,2025-12-02 00:00:00,0.0,0,0,0,0,0.0,0,0,0.0,0,0.0,0.0,0,0.0,0,0.0,Nacoes Shopping,NS,Grupo de anúncios 20251030031724,1847431714944034,REACH,Alcance | Giftcard 
1849887896210466,2025-12-12 00:00:00,0.0,15393,40,2,0,1.22,34,0,0.0,0,0.22,0.0,0,41.64,13,2.71,Nacoes Shopping,NS,Ad group 20251126055740,1849887841738834,REACH,ALC - NATAL 25 02
1848504752053361,2025-12-23 00:00:00,0.0,5834,57,0,0,0.04,774,0,0.0,0,13.27,0.0,0,32.01,3,5.49,Nacoes Shopping,NS,TRAF - NATAL 25,1848504928619618,CLICK,TRAF - NATAL 25
1848504752053361,2025-12-03 00:00:00,0.0,6881,4,0,0,0.03,993,0,0.0,0,14.43,0.0,0,34.21,0,4.97,Nacoes Shopping,NS,TRAF - NATAL 25,1848504928619618,CLICK,TRAF - NATAL 25
1850600374703265,2025-12-20 00:00:00,0.0,5559,11,2,1,0.0,0,0,0.0,0,0.0,0.0,0,13.39,6,2.41,Nacoes Shopping,NS,Ad group 20251204024133,1850600369247313,REACH,ALC - LEGUEIROS
1847432182991921,2025-12-01 00:00:00,0.0,0,0,0,0,0.0,0,0,0.0,0,0.0,0.0,0,0.0,0,0.0,Nacoes Shopping,NS,Grupo de anúncios 20251030032456,1847432144410706,REACH,Alcance | Chillibeans Vini 
1849887896210466,2025-12-11 00:00:00,0.0,15888,35,1,0,0.98,42,0,0.0,0,0.26,0.0,0,41.16,4,2.59,Nacoes Shopping,NS,Ad group 20251126055740,1849887841738834,REACH,ALC - NATAL 25 02
1848504289898594,2025-12-11 00:00:00,0.0,0,0,0,0,0.0,0,0,0.0,0,0.0,0.0,0,0.0,0,0.0,Nacoes Shopping,NS,ALC - NATAL 25,1848504162177105,REACH,ALC - NATAL 25
1849887896210466,2025-12-04 00:00:00,0.0,15454,84,1,2,2.67,15,0,0.0,0,0.1,0.0,0,40.06,5,2.59,Nacoes Shopping,NS,Ad group 20251126055740,1849887841738834,REACH,ALC - NATAL 25 02
1848504752053361,2025-12-04 00:00:00,0.0,9297,60,0,0,0.04,1022,0,0.0,0,10.99,0.0,0,42.63,1,4.59,Nacoes Shopping,NS,TRAF - NATAL 25,1848504928619618,CLICK,TRAF - NATAL 25
1849887896210466,2025-12-24 00:00:00,0.0,15104,96,6,1,5.4,7,0,0.0,0,0.05,0.0,2,37.83,13,2.5,Nacoes Shopping,NS,Ad group 20251126055740,1849887841738834,REACH,ALC - NATAL 25 02
1848504289898594,2025-12-18 00:00:00,0.0,0,0,0,0,0.0,0,0,0.0,0,0.0,0.0,0,0.0,0,0.0,Nacoes Shopping,NS,ALC - NATAL 25,1848504162177105,REACH,ALC - NATAL 25
1848504752053361,2025-12-11 00:00:00,0.0,6175,100,2,0,0.05,725,0,0.0,0,11.74,0.0,0,36.93,4,5.98,Nacoes Shopping,NS,TRAF - NATAL 25,1848504928619618,CLICK,TRAF - NATAL 25
1850600374703265,2025-12-13 00:00:00,0.0,6806,13,1,1,0.0,0,0,0.0,0,0.0,0.0,0,15.41,7,2.26,Nacoes Shopping,NS,Ad group 20251204024133,1850600369247313,REACH,ALC - LEGUEIROS
1849768891459762,2025-12-12 00:00:00,0.0,0,0,0,0,0.0,0,0,0.0,0,0.0,0.0,0,0.0,0,0.0,Nacoes Shopping,NS,Grupo de anúncios 20251125102516,1849768886744178,REACH,ALC - BLACK FRIDAY - NS
1849887896210466,2025-12-18 00:00:00,0.0,12592,96,2,0,2.96,12,0,0.0,0,0.1,0.0,1,35.57,8,2.82,Nacoes Shopping,NS,Ad group 20251126055740,1849887841738834,REACH,ALC - NATAL 25 02
1849768891459762,2025-12-18 00:00:00,0.0,0,0,0,0,0.0,0,0,0.0,0,0.0,0.0,0,0.0,0,0.0,Nacoes Shopping,NS,Grupo de anúncios 20251125102516,1849768886744178,REACH,ALC - BLACK FRIDAY - NS
1848504752053361,2025-12-17 00:00:00,0.0,8635,118,0,0,0.04,832,0,0.0,0,9.64,0.0,0,31.67,5,3.67,Nacoes Shopping,NS,TRAF - NATAL 25,1848504928619618,CLICK,TRAF - NATAL 25
1848504752053361,2025-12-24 00:00:00,0.0,9801,71,0,0,0.04,859,0,0.0,0,8.76,0.0,0,30.34,2,3.1,Nacoes Shopping,NS,TRAF - NATAL 25,1848504928619618,CLICK,TRAF - NATAL 25
1848504289898594,2025-12-05 00:00:00,0.0,0,0,0,0,0.0,0,0,0.0,0,0.0,0.0,0,0.0,0,0.0,Nacoes Shopping,NS,ALC - NATAL 25,1848504162177105,REACH,ALC - NATAL 25
1849768891459762,2025-12-25 00:00:00,0.0,0,0,0,0,0.0,0,0,0.0,0,0.0,0.0,0,0.0,0,0.0,Nacoes Shopping,NS,Grupo de anúncios 20251125102516,1849768886744178,REACH,ALC - BLACK FRIDAY - NS
1850600374703265,2025-12-06 00:00:00,0.0,6124,27,11,0,0.0,0,0,0.0,0,0.0,0.0,2,15.76,17,2.57,Nacoes Shopping,NS,Ad group 20251204024133,1850600369247313,REACH,ALC - LEGUEIROS
1847431929893905,2025-12-11 00:00:00,0.0,0,0,0,0,0.0,0,0,0.0,0,0.0,0.0,0,0.0,0,0.0,Nacoes Shopping,NS,Grupo de anúncios 20251030032048,1847431562326049,REACH,Alcance | Ritmi Mana Spolini
1850600374703265,2025-12-26 00:00:00,0.0,6103,10,3,2,0.0,0,0,0.0,0,0.0,0.0,1,10.24,9,1.68,Nacoes Shopping,NS,Ad group 20251204024133,1850600369247313,REACH,ALC - LEGUEIROS
1849768891459762,2025-12-26 00:00:00,0.0,0,0,0,0,0.0,0,0,0.0,0,0.0,0.0,0,0.0,0,0.0,Nacoes Shopping,NS,Grupo de anúncios 20251125102516,1849768886744178,REACH,ALC - BLACK FRIDAY - NS
1848504752053361,2025-12-05 00:00:00,0.0,7348,52,0,0,0.04,902,0,0.0,0,12.28,0.0,0,37.77,2,5.14,Nacoes Shopping,NS,TRAF - NATAL 25,1848504928619618,CLICK,TRAF - NATAL 25
1848504752053361,2025-12-25 00:00:00,0.0,8111,26,0,0,0.03,1045,0,0.0,0,12.88,0.0,0,31.57,0,3.89,Nacoes Shopping,NS,TRAF - NATAL 25,1848504928619618,CLICK,TRAF - NATAL 25
1849768891459762,2025-12-06 00:00:00,0.0,0,0,0,0,0.0,0,0,0.0,0,0.0,0.0,0,0.0,0,0.0,Nacoes Shopping,NS,Grupo de anúncios 20251125102516,1849768886744178,REACH,ALC - BLACK FRIDAY - NS
1850600374703265,2025-12-14 00:00:00,0.0,6996,16,4,0,0.0,0,0,0.0,0,0.0,0.0,0,14.89,21,2.13,Nacoes Shopping,NS,Ad group 20251204024133,1850600369247313,REACH,ALC - LEGUEIROS
1847432182991921,2025-12-02 00:00:00,0.0,0,0,0,0,0.0,0,0,0.0,0,0.0,0.0,0,0.0,0,0.0,Nacoes Shopping,NS,Grupo de anúncios 20251030032456,1847432144410706,REACH,Alcance | Chillibeans Vini 
1849887896210466,2025-12-30 00:00:00,0.0,16194,105,8,2,2.52,14,0,0.0,0,0.09,0.0,1,35.29,17,2.18,Nacoes Shopping,NS,Ad group 20251126055740,1849887841738834,REACH,ALC - NATAL 25 02
1847431929893905,2025-12-04 00:00:00,0.0,0,0,0,0,0.0,0,0,0.0,0,0.0,0.0,0,0.0,0,0.0,Nacoes Shopping,NS,Grupo de anúncios 20251030032048,1847431562326049,REACH,Alcance | Ritmi Mana Spolini
1849887896210466,2025-12-10 00:00:00,0.0,17632,47,2,0,1.21,36,0,0.0,0,0.2,0.0,0,43.46,12,2.46,Nacoes Shopping,NS,Ad group 20251126055740,1849887841738834,REACH,ALC - NATAL 25 02
1811358948673586,2025-12-17 00:00:00,0.0,0,0,0,0,0.0,0,0,0.0,0,0.0,0.0,0,0.0,0,0.0,Nacoes Shopping,NS,Grupo de anúncios 20240927105321,1811358948673554,CLICK,Tráfego - App instal - NS
1847432182991921,2025-12-08 00:00:00,0.0,0,0,0,0,0.0,0,0,0.0,0,0.0,0.0,0,0.0,0,0.0,Nacoes Shopping,NS,Grupo de anúncios 20251030032456,1847432144410706,REACH,Alcance | Chillibeans Vini 
1849768891459762,2025-12-19 00:00:00,0.0,0,0,0,0,0.0,0,0,0.0,0,0.0,0.0,0,0.0,0,0.0,Nacoes Shopping,NS,Grupo de anúncios 20251125102516,1849768886744178,REACH,ALC - BLACK FRIDAY - NS
1850600374703265,2025-12-07 00:00:00,0.0,6569,17,4,0,0.0,0,0,0.0,0,0.0,0.0,0,16.61,25,2.53,Nacoes Shopping,NS,Ad group 20251204024133,1850600369247313,REACH,ALC - LEGUEIROS
1847431929893905,2025-12-10 00:00:00,0.0,0,0,0,0,0.0,0,0,0.0,0,0.0,0.0,0,0.0,0,0.0,Nacoes Shopping,NS,Grupo de anúncios 20251030032048,1847431562326049,REACH,Alcance | Ritmi Mana Spolini
1850600374703265,2025-12-27 00:00:00,0.0,5857,9,2,0,0.0,0,0,0.0,0,0.0,0.0,1,9.92,9,1.69,Nacoes Shopping,NS,Ad group 20251204024133,1850600369247313,REACH,ALC - LEGUEIROS
1847431779247170,2025-12-07 00:00:00,0.0,0,0,0,0,0.0,0,0,0.0,0,0.0,0.0,0,0.0,0,0.0,Nacoes Shopping,NS,Grupo de anúncios 20251030031724,1847431714944034,REACH,Alcance | Giftcard 
1849887896210466,2025-12-17 00:00:00,0.0,13991,107,0,2,5.48,7,0,0.0,0,0.05,0.0,0,38.36,9,2.74,Nacoes Shopping,NS,Ad group 20251126055740,1849887841738834,REACH,ALC - NATAL 25 02
1847432182991921,2025-12-15 00:00:00,0.0,0,0,0,0,0.0,0,0,0.0,0,0.0,0.0,0,0.0,0,0.0,Nacoes Shopping,NS,Grupo de anúncios 20251030032456,1847432144410706,REACH,Alcance | Chillibeans Vini 
1848504752053361,2025-12-18 00:00:00,0.0,6611,114,0,0,0.04,826,0,0.0,0,12.49,0.0,0,30.66,-1,4.64,Nacoes Shopping,NS,TRAF - NATAL 25,1848504928619618,CLICK,TRAF - NATAL 25
1847431779247170,2025-12-04 00:00:00,0.0,0,0,0,0,0.0,0,0,0.0,0,0.0,0.0,0,0.0,0,0.0,Nacoes Shopping,NS,Grupo de anúncios 20251030031724,1847431714944034,REACH,Alcance | Giftcard 
1850600374703265,2025-12-15 00:00:00,0.0,6906,13,2,0,0.0,0,0,0.0,0,0.0,0.0,0,14.58,15,2.11,Nacoes Shopping,NS,Ad group 20251204024133,1850600369247313,REACH,ALC - LEGUEIROS
1849887896210466,2025-12-16 00:00:00,0.0,14066,65,1,0,1.46,25,0,0.0,0,0.18,0.0,0,36.58,8,2.6,Nacoes Shopping,NS,Ad group 20251126055740,1849887841738834,REACH,ALC - NATAL 25 02
1847431929893905,2025-12-23 00:00:00,0.0,0,0,0,0,0.0,0,0,0.0,0,0.0,0.0,0,0.0,0,0.0,Nacoes Shopping,NS,Grupo de anúncios 20251030032048,1847431562326049,REACH,Alcance | Ritmi Mana Spolini
1847431929893905,2025-12-03 00:00:00,0.0,0,0,0,0,0.0,0,0,0.0,0,0.0,0.0,0,0.0,0,0.0,Nacoes Shopping,NS,Grupo de anúncios 20251030032048,1847431562326049,REACH,Alcance | Ritmi Mana Spolini
1849887896210466,2025-12-29 00:00:00,0.0,15837,79,0,0,4.43,8,0,0.0,0,0.05,0.0,0,35.41,8,2.24,Nacoes Shopping,NS,Ad group 20251126055740,1849887841738834,REACH,ALC - NATAL 25 02
1849887896210466,2025-12-09 00:00:00,0.0,16266,33,3,0,1.68,24,0,0.0,0,0.15,0.0,0,40.28,15,2.48,Nacoes Shopping,NS,Ad group 20251126055740,1849887841738834,REACH,ALC - NATAL 25 02
1848504289898594,2025-12-13 00:00:00,0.0,0,0,0,0,0.0,0,0,0.0,0,0.0,0.0,0,0.0,0,0.0,Nacoes Shopping,NS,ALC - NATAL 25,1848504162177105,REACH,ALC - NATAL 25
1848504752053361,2025-12-06 00:00:00,0.0,7114,59,0,0,0.04,1016,0,0.0,0,14.28,0.0,0,41.71,1,5.86,Nacoes Shopping,NS,TRAF - NATAL 25,1848504928619618,CLICK,TRAF - NATAL 25
1848504752053361,2025-12-26 00:00:00,0.0,8762,79,0,0,0.03,991,0,0.0,0,11.31,0.0,0,29.28,-1,3.34,Nacoes Shopping,NS,TRAF - NATAL 25,1848504928619618,CLICK,TRAF - NATAL 25
1849768891459762,2025-12-17 00:00:00,0.0,0,0,0,0,0.0,0,0,0.0,0,0.0,0.0,0,0.0,0,0.0,Nacoes Shopping,NS,Grupo de anúncios 20251125102516,1849768886744178,REACH,ALC - BLACK FRIDAY - NS
1850600374703265,2025-12-28 00:00:00,0.0,5769,12,4,0,0.0,0,0,0.0,0,0.0,0.0,1,9.24,16,1.6,Nacoes Shopping,NS,Ad group 20251204024133,1850600369247313,REACH,ALC - LEGUEIROS
1850600374703265,2025-12-08 00:00:00,0.0,6726,15,5,0,0.0,0,0,0.0,0,0.0,0.0,0,16.83,23,2.5,Nacoes Shopping,NS,Ad group 20251204024133,1850600369247313,REACH,ALC - LEGUEIROS
1849887896210466,2025-12-23 00:00:00,0.0,14250,132,3,0,7.47,5,0,0.0,0,0.04,0.0,0,37.33,9,2.62,Nacoes Shopping,NS,Ad group 20251126055740,1849887841738834,REACH,ALC - NATAL 25 02
1849768891459762,2025-12-03 00:00:00,0.0,0,0,0,0,0.0,0,0,0.0,0,0.0,0.0,0,0.0,0,0.0,Nacoes Shopping,NS,Grupo de anúncios 20251125102516,1849768886744178,REACH,ALC - BLACK FRIDAY - NS
1848504752053361,2025-12-12 00:00:00,0.0,7310,41,0,0,0.04,1224,0,0.0,0,16.74,0.0,0,44.89,0,6.14,Nacoes Shopping,NS,TRAF - NATAL 25,1848504928619618,CLICK,TRAF - NATAL 25
1847432182991921,2025-12-29 00:00:00,0.0,0,0,0,0,0.0,0,0,0.0,0,0.0,0.0,0,0.0,0,0.0,Nacoes Shopping,NS,Grupo de anúncios 20251030032456,1847432144410706,REACH,Alcance | Chillibeans Vini 
1848504752053361,2025-12-19 00:00:00,0.0,7958,75,0,0,0.03,972,0,0.0,0,12.21,0.0,0,32.71,5,4.11,Nacoes Shopping,NS,TRAF - NATAL 25,1848504928619618,CLICK,TRAF - NATAL 25
1849768891459762,2025-12-10 00:00:00,0.0,0,0,0,0,0.0,0,0,0.0,0,0.0,0.0,0,0.0,0,0.0,Nacoes Shopping,NS,Grupo de anúncios 20251125102516,1849768886744178,REACH,ALC - BLACK FRIDAY - NS
1848504289898594,2025-12-20 00:00:00,0.0,0,0,0,0,0.0,0,0,0.0,0,0.0,0.0,0,0.0,0,0.0,Nacoes Shopping,NS,ALC - NATAL 25,1848504162177105,REACH,ALC - NATAL 25
1850600374703265,2025-12-21 00:00:00,0.0,6195,11,3,0,0.0,0,0,0.0,0,0.0,0.0,0,13.48,10,2.18,Nacoes Shopping,NS,Ad group 20251204024133,1850600369247313,REACH,ALC - LEGUEIROS
1849887896210466,2025-12-03 00:00:00,0.0,16939,17,1,0,1.36,31,0,0.0,0,0.18,0.0,1,42.08,9,2.48,Nacoes Shopping,NS,Ad group 20251126055740,1849887841738834,REACH,ALC - NATAL 25 02
1847431779247170,2025-12-18 00:00:00,0.0,0,0,0,0,0.0,0,0,0.0,0,0.0,0.0,0,0.0,0,0.0,Nacoes Shopping,NS,Grupo de anúncios 20251030031724,1847431714944034,REACH,Alcance | Giftcard 
1849768891459762,2025-12-11 00:00:00,0.0,0,0,0,0,0.0,0,0,0.0,0,0.0,0.0,0,0.0,0,0.0,Nacoes Shopping,NS,Grupo de anúncios 20251125102516,1849768886744178,REACH,ALC - BLACK FRIDAY - NS
1848504752053361,2025-12-20 00:00:00,0.0,6894,46,1,0,0.04,854,0,0.0,0,12.39,0.0,0,32.62,1,4.73,Nacoes Shopping,NS,TRAF - NATAL 25,1848504928619618,CLICK,TRAF - NATAL 25
1850600374703265,2025-12-09 00:00:00,0.0,6852,14,7,0,0.0,0,0,0.0,0,0.0,0.0,1,16.08,23,2.35,Nacoes Shopping,NS,Ad group 20251204024133,1850600369247313,REACH,ALC - LEGUEIROS
1850600374703265,2025-12-29 00:00:00,0.0,5171,14,3,0,0.0,0,0,0.0,0,0.0,0.0,1,8.24,12,1.59,Nacoes Shopping,NS,Ad group 20251204024133,1850600369247313,REACH,ALC - LEGUEIROS
1847431779247170,2025-12-05 00:00:00,0.0,0,0,0,0,0.0,0,0,0.0,0,0.0,0.0,0,0.0,0,0.0,Nacoes Shopping,NS,Grupo de anúncios 20251030031724,1847431714944034,REACH,Alcance | Giftcard 
1849887896210466,2025-12-15 00:00:00,0.0,16599,42,0,0,0.9,44,0,0.0,0,0.27,0.0,0,39.76,8,2.4,Nacoes Shopping,NS,Ad group 20251126055740,1849887841738834,REACH,ALC - NATAL 25 02
1848504289898594,2025-12-12 00:00:00,0.0,0,0,0,0,0.0,0,0,0.0,0,0.0,0.0,0,0.0,0,0.0,Nacoes Shopping,NS,ALC - NATAL 25,1848504162177105,REACH,ALC - NATAL 25
1848504289898594,2025-12-19 00:00:00,0.0,0,0,0,0,0.0,0,0,0.0,0,0.0,0.0,0,0.0,0,0.0,Nacoes Shopping,NS,ALC - NATAL 25,1848504162177105,REACH,ALC - NATAL 25
1847432182991921,2025-12-03 00:00:00,0.0,0,0,0,0,0.0,0,0,0.0,0,0.0,0.0,0,0.0,0,0.0,Nacoes Shopping,NS,Grupo de anúncios 20251030032456,1847432144410706,REACH,Alcance | Chillibeans Vini 
1849887896210466,2025-12-02 00:00:00,0.0,13708,21,0,1,1.25,33,0,0.0,0,0.24,0.0,0,41.3,6,3.01,Nacoes Shopping,NS,Ad group 20251126055740,1849887841738834,REACH,ALC - NATAL 25 02
1849768891459762,2025-12-24 00:00:00,0.0,0,0,0,0,0.0,0,0,0.0,0,0.0,0.0,0,0.0,0,0.0,Nacoes Shopping,NS,Grupo de anúncios 20251125102516,1849768886744178,REACH,ALC - BLACK FRIDAY - NS
1850600374703265,2025-12-22 00:00:00,0.0,5864,7,5,2,0.0,0,0,0.0,0,0.0,0.0,0,12.48,12,2.13,Nacoes Shopping,NS,Ad group 20251204024133,1850600369247313,REACH,ALC - LEGUEIROS
1847431929893905,2025-12-15 00:00:00,0.0,0,0,0,0,0.0,0,0,0.0,0,0.0,0.0,0,0.0,0,0.0,Nacoes Shopping,NS,Grupo de anúncios 20251030032048,1847431562326049,REACH,Alcance | Ritmi Mana Spolini
1849887896210466,2025-12-22 00:00:00,0.0,13838,104,1,0,6.16,6,0,0.0,0,0.04,0.0,0,36.96,7,2.67,Nacoes Shopping,NS,Ad group 20251126055740,1849887841738834,REACH,ALC - NATAL 25 02
1849768891459762,2025-12-04 00:00:00,0.0,0,0,0,0,0.0,0,0,0.0,0,0.0,0.0,0,0.0,0,0.0,Nacoes Shopping,NS,Grupo de anúncios 20251125102516,1849768886744178,REACH,ALC - BLACK FRIDAY - NS
1848504752053361,2025-12-13 00:00:00,0.0,7241,78,0,0,0.04,902,0,0.0,0,12.46,0.0,0,36.31,2,5.01,Nacoes Shopping,NS,TRAF - NATAL 25,1848504928619618,CLICK,TRAF - NATAL 25
1850600374703265,2025-12-10 00:00:00,0.0,6417,26,7,2,0.0,0,0,0.0,0,0.0,0.0,2,15.6,36,2.43,Nacoes Shopping,NS,Ad group 20251204024133,1850600369247313,REACH,ALC - LEGUEIROS
1850600374703265,2025-12-30 00:00:00,0.0,1442,2,0,0,0.0,0,0,0.0,0,0.0,0.0,0,2.48,4,1.72,Nacoes Shopping,NS,Ad group 20251204024133,1850600369247313,REACH,ALC - LEGUEIROS
1848504289898594,2025-12-21 00:00:00,0.0,0,0,0,0,0.0,0,0,0.0,0,0.0,0.0,0,0.0,0,0.0,Nacoes Shopping,NS,ALC - NATAL 25,1848504162177105,REACH,ALC - NATAL 25
1849887896210466,2025-12-21 00:00:00,0.0,13809,102,2,0,4.64,8,0,0.0,0,0.06,0.0,0,37.12,14,2.69,Nacoes Shopping,NS,Ad group 20251126055740,1849887841738834,REACH,ALC - NATAL 25 02
1847431779247170,2025-12-29 00:00:00,0.0,0,0,0,0,0.0,0,0,0.0,0,0.0,0.0,0,0.0,0,0.0,Nacoes Shopping,NS,Grupo de anúncios 20251030031724,1847431714944034,REACH,Alcance | Giftcard 
1848504289898594,2025-12-01 00:00:00,0.0,0,0,0,0,0.0,0,0,0.0,0,0.0,0.0,0,0.0,0,0.0,Nacoes Shopping,NS,ALC - NATAL 25,1848504162177105,REACH,ALC - NATAL 25
1847431929893905,2025-12-08 00:00:00,0.0,0,0,0,0,0.0,0,0,0.0,0,0.0,0.0,0,0.0,0,0.0,Nacoes Shopping,NS,Grupo de anúncios 20251030032048,1847431562326049,REACH,Alcance | Ritmi Mana Spolini
1849887896210466,2025-12-14 00:00:00,0.0,16563,41,4,0,1.12,36,0,0.0,0,0.22,0.0,0,40.22,18,2.43,Nacoes Shopping,NS,Ad group 20251126055740,1849887841738834,REACH,ALC - NATAL 25 02
1849768891459762,2025-12-02 00:00:00,0.0,0,0,0,0,0.0,0,0,0.0,0,0.0,0.0,0,0.0,0,0.0,Nacoes Shopping,NS,Grupo de anúncios 20251125102516,1849768886744178,REACH,ALC - BLACK FRIDAY - NS
1849887896210466,2025-12-01 00:00:00,0.0,12487,10,0,0,1.79,22,0,0.0,0,0.18,0.0,0,39.48,2,3.16,Nacoes Shopping,NS,Ad group 20251126055740,1849887841738834,REACH,ALC - NATAL 25 02
1848504752053361,2025-12-21 00:00:00,0.0,7987,105,1,0,0.04,791,0,0.0,0,9.9,0.0,0,31.97,1,4.0,Nacoes Shopping,NS,TRAF - NATAL 25,1848504928619618,CLICK,TRAF - NATAL 25
1848504752053361,2025-12-01 00:00:00,0.0,7122,0,0,0,0.03,946,0,0.0,0,13.28,0.0,0,29.65,0,4.16,Nacoes Shopping,NS,TRAF - NATAL 25,1848504928619618,CLICK,TRAF - NATAL 25
1850600374703265,2025-12-23 00:00:00,0.0,5791,16,5,0,0.0,0,0,0.0,0,0.0,0.0,1,12.54,18,2.17,Nacoes Shopping,NS,Ad group 20251204024133,1850600369247313,REACH,ALC - LEGUEIROS
1849887896210466,2025-12-28 00:00:00,0.0,15360,87,4,0,1.78,20,0,0.0,0,0.13,0.0,0,35.68,10,2.32,Nacoes Shopping,NS,Ad group 20251126055740,1849887841738834,REACH,ALC - NATAL 25 02
1849768891459762,2025-12-08 00:00:00,0.0,0,0,0,0,0.0,0,0,0.0,0,0.0,0.0,0,0.0,0,0.0,Nacoes Shopping,NS,Grupo de anúncios 20251125102516,1849768886744178,REACH,ALC - BLACK FRIDAY - NS
1848504752053361,2025-12-27 00:00:00,0.0,11955,58,1,0,0.03,1413,0,0.0,0,11.82,0.0,0,39.19,0,3.28,Nacoes Shopping,NS,TRAF - NATAL 25,1848504928619618,CLICK,TRAF - NATAL 25
1848504752053361,2025-12-07 00:00:00,0.0,6626,64,0,0,0.04,845,0,0.0,0,12.75,0.0,0,37.65,0,5.68,Nacoes Shopping,NS,TRAF - NATAL 25,1848504928619618,CLICK,TRAF - NATAL 25
1848504289898594,2025-12-08 00:00:00,0.0,0,0,0,0,0.0,0,0,0.0,0,0.0,0.0,0,0.0,0,0.0,Nacoes Shopping,NS,ALC - NATAL 25,1848504162177105,REACH,ALC - NATAL 25
1848504752053361,2025-12-14 00:00:00,0.0,7024,63,0,0,0.03,1106,0,0.0,0,15.75,0.0,0,37.46,0,5.33,Nacoes Shopping,NS,TRAF - NATAL 25,1848504928619618,CLICK,TRAF - NATAL 25
1847431191132210,2025-12-23 00:00:00,0.0,0,0,0,0,0.0,0,0,0.0,0,0.0,0.0,0,0.0,0,0.0,Nacoes Shopping,NS,Grupo de anúncios 20251030030847,1847431181554881,ENGAGED_VIEW,Visualizações de vídeo | Natal 02 
1849768891459762,2025-12-15 00:00:00,0.0,0,0,0,0,0.0,0,0,0.0,0,0.0,0.0,0,0.0,0,0.0,Nacoes Shopping,NS,Grupo de anúncios 20251125102516,1849768886744178,REACH,ALC - BLACK FRIDAY - NS
1848504289898594,2025-12-15 00:00:00,0.0,0,0,0,0,0.0,0,0,0.0,0,0.0,0.0,0,0.0,0,0.0,Nacoes Shopping,NS,ALC - NATAL 25,1848504162177105,REACH,ALC - NATAL 25
1847431929893905,2025-12-01 00:00:00,0.0,0,0,0,0,0.0,0,0,0.0,0,0.0,0.0,0,0.0,0,0.0,Nacoes Shopping,NS,Grupo de anúncios 20251030032048,1847431562326049,REACH,Alcance | Ritmi Mana Spolini
1850600374703265,2025-12-16 00:00:00,0.0,6022,19,7,0,0.0,0,0,0.0,0,0.0,0.0,0,13.01,11,2.16,Nacoes Shopping,NS,Ad group 20251204024133,1850600369247313,REACH,ALC - LEGUEIROS
1849887896210466,2025-12-08 00:00:00,0.0,15027,74,2,0,1.4,30,0,0.0,0,0.2,0.0,0,41.95,7,2.79,Nacoes Shopping,NS,Ad group 20251126055740,1849887841738834,REACH,ALC - NATAL 25 02
1847431779247170,2025-12-03 00:00:00,0.0,0,0,0,0,0.0,0,0,0.0,0,0.0,0.0,0,0.0,0,0.0,Nacoes Shopping,NS,Grupo de anúncios 20251030031724,1847431714944034,REACH,Alcance | Giftcard 
1848504752053361,2025-12-15 00:00:00,0.0,6916,167,1,0,0.04,920,0,0.0,0,13.3,0.0,0,33.72,4,4.88,Nacoes Shopping,NS,TRAF - NATAL 25,1848504928619618,CLICK,TRAF - NATAL 25
1847431929893905,2025-12-07 00:00:00,0.0,0,0,0,0,0.0,0,0,0.0,0,0.0,0.0,0,0.0,0,0.0,Nacoes Shopping,NS,Grupo de anúncios 20251030032048,1847431562326049,REACH,Alcance | Ritmi Mana Spolini
1850600374703265,2025-12-24 00:00:00,0.0,5535,13,2,1,0.0,0,0,0.0,0,0.0,0.0,0,11.78,18,2.13,Nacoes Shopping,NS,Ad group 20251204024133,1850600369247313,REACH,ALC - LEGUEIROS
1850600374703265,2025-12-04 00:00:00,0.0,4457,15,8,0,0.0,0,0,0.0,0,0.0,0.0,0,8.45,15,1.9,Nacoes Shopping,NS,Ad group 20251204024133,1850600369247313,REACH,ALC - LEGUEIROS
1848504289898594,2025-12-07 00:00:00,0.0,0,0,0,0,0.0,0,0,0.0,0,0.0,0.0,0,0.0,0,0.0,Nacoes Shopping,NS,ALC - NATAL 25,1848504162177105,REACH,ALC - NATAL 25
1847431779247170,2025-12-10 00:00:00,0.0,0,0,0,0,0.0,0,0,0.0,0,0.0,0.0,0,0.0,0,0.0,Nacoes Shopping,NS,Grupo de anúncios 20251030031724,1847431714944034,REACH,Alcance | Giftcard 
1849887896210466,2025-12-20 00:00:00,0.0,12651,80,1,0,9.16,4,0,0.0,0,0.03,0.0,0,36.63,10,2.9,Nacoes Shopping,NS,Ad group 20251126055740,1849887841738834,REACH,ALC - NATAL 25 02
1848504289898594,2025-12-14 00:00:00,0.0,0,0,0,0,0.0,0,0,0.0,0,0.0,0.0,0,0.0,0,0.0,Nacoes Shopping,NS,ALC - NATAL 25,1848504162177105,REACH,ALC - NATAL 25
1847432182991921,2025-12-18 00:00:00,0.0,0,0,0,0,0.0,0,0,0.0,0,0.0,0.0,0,0.0,0,0.0,Nacoes Shopping,NS,Grupo de anúncios 20251030032456,1847432144410706,REACH,Alcance | Chillibeans Vini 
1849887896210466,2025-12-07 00:00:00,0.0,13120,99,0,0,13.36,3,0,0.0,0,0.02,0.0,0,40.07,11,3.05,Nacoes Shopping,NS,Ad group 20251126055740,1849887841738834,REACH,ALC - NATAL 25 02
1849768891459762,2025-12-29 00:00:00,0.0,0,0,0,0,0.0,0,0,0.0,0,0.0,0.0,0,0.0,0,0.0,Nacoes Shopping,NS,Grupo de anúncios 20251125102516,1849768886744178,REACH,ALC - BLACK FRIDAY - NS
1850600374703265,2025-12-17 00:00:00,0.0,5514,15,5,0,0.0,0,0,0.0,0,0.0,0.0,2,13.45,12,2.44,Nacoes Shopping,NS,Ad group 20251204024133,1850600369247313,REACH,ALC - LEGUEIROS
1849887896210466,2025-12-27 00:00:00,0.0,15761,80,2,0,2.02,18,0,0.0,0,0.11,0.0,1,36.41,15,2.31,Nacoes Shopping,NS,Ad group 20251126055740,1849887841738834,REACH,ALC - NATAL 25 02
1849768891459762,2025-12-09 00:00:00,0.0,0,0,0,0,0.0,0,0,0.0,0,0.0,0.0,0,0.0,0,0.0,Nacoes Shopping,NS,Grupo de anúncios 20251125102516,1849768886744178,REACH,ALC - BLACK FRIDAY - NS
1848504752053361,2025-12-28 00:00:00,0.0,10969,3,0,0,0.03,1507,0,0.0,0,13.74,0.0,0,38.17,0,3.48,Nacoes Shopping,NS,TRAF - NATAL 25,1848504928619618,CLICK,TRAF - NATAL 25
1848504752053361,2025-12-08 00:00:00,0.0,7636,45,0,0,0.04,1027,0,0.0,0,13.45,0.0,0,40.66,2,5.32,Nacoes Shopping,NS,TRAF - NATAL 25,1848504928619618,CLICK,TRAF - NATAL 25
1850600374703265,2026-01-14 00:00:00,0.0,0,0,0,0,0.0,0,0,0.0,0,0.0,0.0,0,0.0,0,0.0,Nacoes Shopping,NS,Ad group 20251204024133,1850600369247313,REACH,ALC - LEGUEIROS
1854324514674770,2026-01-26 00:00:00,0.0,8470,13,0,0,0.0,0,0,0.0,0,0.0,0.0,0,16.96,1,2.0,Nacoes Shopping,NS,Grupo de anúncios 20260114051509,1854324488425522,REACH,ALC - LIQUIDA
1854324205649953,2026-01-19 00:00:00,0.0,7301,13,1,0,0.0,0,0,0.0,0,0.0,0.0,0,12.53,7,1.72,Nacoes Shopping,NS,Grupo de anúncios 20260114051128,1854324205639697,REACH,ALC - FERIAS NACOES SHOPPING
1849887896210466,2026-01-15 00:00:00,0.0,0,0,0,0,0.0,0,0,0.0,0,0.0,0.0,0,0.0,0,0.0,Nacoes Shopping,NS,Ad group 20251126055740,1849887841738834,REACH,ALC - NATAL 25 02
1848504289898594,2026-01-05 00:00:00,0.0,0,0,0,0,0.0,0,0,0.0,0,0.0,0.0,0,0.0,0,0.0,Nacoes Shopping,NS,ALC - NATAL 25,1848504162177105,REACH,ALC - NATAL 25
1848504289898594,2026-01-12 00:00:00,0.0,0,0,0,0,0.0,0,0,0.0,0,0.0,0.0,0,0.0,0,0.0,Nacoes Shopping,NS,ALC - NATAL 25,1848504162177105,REACH,ALC - NATAL 25
1848504752053361,2026-01-05 00:00:00,0.0,1,0,0,0,0.0,1,0,0.0,0,100.0,0.0,0,0.0,0,0.0,Nacoes Shopping,NS,TRAF - NATAL 25,1848504928619618,CLICK,TRAF - NATAL 25
1849887896210466,2026-01-02 00:00:00,0.0,3,0,0,0,0.0,0,0,0.0,0,0.0,0.0,0,0.0,0,0.0,Nacoes Shopping,NS,Ad group 20251126055740,1849887841738834,REACH,ALC - NATAL 25 02
1848504752053361,2026-01-11 00:00:00,0.0,0,0,0,0,0.0,0,0,0.0,0,0.0,0.0,0,0.0,0,0.0,Nacoes Shopping,NS,TRAF - NATAL 25,1848504928619618,CLICK,TRAF - NATAL 25
1850600374703265,2025-12-31 00:00:00,0.0,0,0,0,0,0.0,0,0,0.0,0,0.0,0.0,0,0.0,0,0.0,Nacoes Shopping,NS,Ad group 20251204024133,1850600369247313,REACH,ALC - LEGUEIROS
1850600374703265,2026-01-20 00:00:00,0.0,0,0,0,0,0.0,0,0,0.0,0,0.0,0.0,0,0.0,0,0.0,Nacoes Shopping,NS,Ad group 20251204024133,1850600369247313,REACH,ALC - LEGUEIROS
1848504289898594,2026-01-19 00:00:00,0.0,0,0,0,0,0.0,0,0,0.0,0,0.0,0.0,0,0.0,0,0.0,Nacoes Shopping,NS,ALC - NATAL 25,1848504162177105,REACH,ALC - NATAL 25
1854324205649953,2026-01-25 00:00:00,0.0,7506,17,0,0,0.0,0,0,0.0,0,0.0,0.0,0,11.09,5,1.48,Nacoes Shopping,NS,Grupo de anúncios 20260114051128,1854324205639697,REACH,ALC - FERIAS NACOES SHOPPING
1848504752053361,2026-01-19 00:00:00,0.0,0,0,0,0,0.0,0,0,0.0,0,0.0,0.0,0,0.0,0,0.0,Nacoes Shopping,NS,TRAF - NATAL 25,1848504928619618,CLICK,TRAF - NATAL 25
1850600374703265,2026-01-08 00:00:00,0.0,0,0,0,0,0.0,0,0,0.0,0,0.0,0.0,0,0.0,0,0.0,Nacoes Shopping,NS,Ad group 20251204024133,1850600369247313,REACH,ALC - LEGUEIROS
1854324514674770,2026-01-25 00:00:00,0.0,10738,14,2,0,0.0,0,0,0.0,0,0.0,0.0,0,17.63,2,1.64,Nacoes Shopping,NS,Grupo de anúncios 20260114051509,1854324488425522,REACH,ALC - LIQUIDA
1855492647217250,2026-01-28 00:00:00,0.0,12463,23,2,1,0.0,0,0,0.0,0,0.0,0.0,0,19.0,23,1.52,Nacoes Shopping,NS,Ad group 20260127024258,1855492566896834,REACH,ALC - Smart Zoo
1849887896210466,2026-01-14 00:00:00,0.0,0,0,0,0,0.0,0,0,0.0,0,0.0,0.0,0,0.0,0,0.0,Nacoes Shopping,NS,Ad group 20251126055740,1849887841738834,REACH,ALC - NATAL 25 02
1854324514674770,2026-01-19 00:00:00,0.0,9999,16,0,0,0.0,0,0,0.0,0,0.0,0.0,0,18.94,2,1.89,Nacoes Shopping,NS,Grupo de anúncios 20260114051509,1854324488425522,REACH,ALC - LIQUIDA
1855686766687234,2026-01-29 00:00:00,0.0,7197,13,0,0,0.0,0,0,0.0,0,0.0,0.0,0,11.33,2,1.57,Nacoes Shopping,NS,Ad group 20260129060744,1855686756345922,REACH,ALC - Bloko Rosa
1811358948673586,2026-01-18 00:00:00,0.0,0,0,0,0,0.0,0,0,0.0,0,0.0,0.0,0,0.0,0,0.0,Nacoes Shopping,NS,Grupo de anúncios 20240927105321,1811358948673554,CLICK,Tráfego - App instal - NS
1854324205649953,2026-01-26 00:00:00,0.0,6218,14,0,0,0.0,0,0,0.0,0,0.0,0.0,1,11.5,8,1.85,Nacoes Shopping,NS,Grupo de anúncios 20260114051128,1854324205639697,REACH,ALC - FERIAS NACOES SHOPPING
1849887896210466,2026-01-21 00:00:00,0.0,0,0,0,0,0.0,0,0,0.0,0,0.0,0.0,0,0.0,0,0.0,Nacoes Shopping,NS,Ad group 20251126055740,1849887841738834,REACH,ALC - NATAL 25 02
1849887896210466,2026-01-01 00:00:00,0.0,40,1,0,0,0.0,0,0,0.0,0,0.0,0.0,0,0.0,0,0.0,Nacoes Shopping,NS,Ad group 20251126055740,1849887841738834,REACH,ALC - NATAL 25 02
1850600374703265,2026-01-09 00:00:00,0.0,0,0,0,0,0.0,0,0,0.0,0,0.0,0.0,0,0.0,0,0.0,Nacoes Shopping,NS,Ad group 20251204024133,1850600369247313,REACH,ALC - LEGUEIROS
1854324514674770,2026-01-21 00:00:00,0.0,10382,19,2,0,0.0,0,0,0.0,0,0.0,0.0,0,19.54,3,1.88,Nacoes Shopping,NS,Grupo de anúncios 20260114051509,1854324488425522,REACH,ALC - LIQUIDA
1849887896210466,2026-01-20 00:00:00,0.0,0,0,0,0,0.0,0,0,0.0,0,0.0,0.0,0,0.0,0,0.0,Nacoes Shopping,NS,Ad group 20251126055740,1849887841738834,REACH,ALC - NATAL 25 02
1848504289898594,2025-12-31 00:00:00,0.0,0,0,0,0,0.0,0,0,0.0,0,0.0,0.0,0,0.0,0,0.0,Nacoes Shopping,NS,ALC - NATAL 25,1848504162177105,REACH,ALC - NATAL 25
1854324205649953,2026-01-14 00:00:00,0.0,4068,11,0,0,0.0,0,0,0.0,0,0.0,0.0,0,4.88,1,1.2,Nacoes Shopping,NS,Grupo de anúncios 20260114051128,1854324205639697,REACH,ALC - FERIAS NACOES SHOPPING
1849887896210466,2025-12-31 00:00:00,0.0,14428,100,1,0,4.09,7,0,0.0,0,0.05,0.0,2,28.63,8,1.98,Nacoes Shopping,NS,Ad group 20251126055740,1849887841738834,REACH,ALC - NATAL 25 02
1854324514674770,2026-01-28 00:00:00,0.0,0,0,0,0,0.0,0,0,0.0,0,0.0,0.0,0,0.0,0,0.0,Nacoes Shopping,NS,Grupo de anúncios 20260114051509,1854324488425522,REACH,ALC - LIQUIDA
1848504289898594,2026-01-20 00:00:00,0.0,0,0,0,0,0.0,0,0,0.0,0,0.0,0.0,0,0.0,0,0.0,Nacoes Shopping,NS,ALC - NATAL 25,1848504162177105,REACH,ALC - NATAL 25
1848504289898594,2026-01-07 00:00:00,0.0,0,0,0,0,0.0,0,0,0.0,0,0.0,0.0,0,0.0,0,0.0,Nacoes Shopping,NS,ALC - NATAL 25,1848504162177105,REACH,ALC - NATAL 25
1848504752053361,2025-12-31 00:00:00,0.0,7226,23,0,0,0.02,1087,0,0.0,0,15.04,0.0,0,21.63,0,2.99,Nacoes Shopping,NS,TRAF - NATAL 25,1848504928619618,CLICK,TRAF - NATAL 25
1849768891459762,2026-01-01 00:00:00,0.0,0,0,0,0,0.0,0,0,0.0,0,0.0,0.0,0,0.0,0,0.0,Nacoes Shopping,NS,Grupo de anúncios 20251125102516,1849768886744178,REACH,ALC - BLACK FRIDAY - NS
1849887896210466,2026-01-07 00:00:00,0.0,0,0,0,0,0.0,0,0,0.0,0,0.0,0.0,0,0.0,0,0.0,Nacoes Shopping,NS,Ad group 20251126055740,1849887841738834,REACH,ALC - NATAL 25 02
1854324205649953,2026-01-27 00:00:00,0.0,4705,11,0,0,0.0,0,0,0.0,0,0.0,0.0,0,9.92,-1,2.11,Nacoes Shopping,NS,Grupo de anúncios 20260114051128,1854324205639697,REACH,ALC - FERIAS NACOES SHOPPING
1848504752053361,2026-01-06 00:00:00,0.0,0,0,0,0,0.0,0,0,0.0,0,0.0,0.0,0,0.0,0,0.0,Nacoes Shopping,NS,TRAF - NATAL 25,1848504928619618,CLICK,TRAF - NATAL 25
1855492647217250,2026-01-27 00:00:00,0.0,7196,18,2,0,0.0,0,0,0.0,0,0.0,0.0,0,9.87,12,1.37,Nacoes Shopping,NS,Ad group 20260127024258,1855492566896834,REACH,ALC - Smart Zoo
1850600374703265,2026-01-15 00:00:00,0.0,0,0,0,0,0.0,0,0,0.0,0,0.0,0.0,0,0.0,0,0.0,Nacoes Shopping,NS,Ad group 20251204024133,1850600369247313,REACH,ALC - LEGUEIROS
1854324205649953,2026-01-20 00:00:00,0.0,6785,17,0,0,0.0,0,0,0.0,0,0.0,0.0,0,12.2,3,1.8,Nacoes Shopping,NS,Grupo de anúncios 20260114051128,1854324205639697,REACH,ALC - FERIAS NACOES SHOPPING
1848504752053361,2026-01-14 00:00:00,0.0,0,0,0,0,0.0,0,0,0.0,0,0.0,0.0,0,0.0,0,0.0,Nacoes Shopping,NS,TRAF - NATAL 25,1848504928619618,CLICK,TRAF - NATAL 25
1854324514674770,2026-01-20 00:00:00,0.0,8355,13,0,0,0.0,0,0,0.0,0,0.0,0.0,0,18.39,3,2.2,Nacoes Shopping,NS,Grupo de anúncios 20260114051509,1854324488425522,REACH,ALC - LIQUIDA
1854324205649953,2026-01-28 00:00:00,0.0,7020,14,0,0,0.0,0,0,0.0,0,0.0,0.0,0,11.18,6,1.59,Nacoes Shopping,NS,Grupo de anúncios 20260114051128,1854324205639697,REACH,ALC - FERIAS NACOES SHOPPING
1849887896210466,2026-01-19 00:00:00,0.0,0,0,0,0,0.0,0,0,0.0,0,0.0,0.0,0,0.0,0,0.0,Nacoes Shopping,NS,Ad group 20251126055740,1849887841738834,REACH,ALC - NATAL 25 02
1848504289898594,2026-01-06 00:00:00,0.0,0,0,0,0,0.0,0,0,0.0,0,0.0,0.0,0,0.0,0,0.0,Nacoes Shopping,NS,ALC - NATAL 25,1848504162177105,REACH,ALC - NATAL 25
1854324514674770,2026-01-14 00:00:00,0.0,5345,6,0,0,0.0,0,0,0.0,0,0.0,0.0,0,7.1,0,1.33,Nacoes Shopping,NS,Grupo de anúncios 20260114051509,1854324488425522,REACH,ALC - LIQUIDA
1849768891459762,2026-01-08 00:00:00,0.0,0,0,0,0,0.0,0,0,0.0,0,0.0,0.0,0,0.0,0,0.0,Nacoes Shopping,NS,Grupo de anúncios 20251125102516,1849768886744178,REACH,ALC - BLACK FRIDAY - NS
1848504289898594,2026-01-13 00:00:00,0.0,0,0,0,0,0.0,0,0,0.0,0,0.0,0.0,0,0.0,0,0.0,Nacoes Shopping,NS,ALC - NATAL 25,1848504162177105,REACH,ALC - NATAL 25
1849887896210466,2026-01-13 00:00:00,0.0,0,0,0,0,0.0,0,0,0.0,0,0.0,0.0,0,0.0,0,0.0,Nacoes Shopping,NS,Ad group 20251126055740,1849887841738834,REACH,ALC - NATAL 25 02
1854324205649953,2026-01-21 00:00:00,0.0,8656,14,0,0,0.0,0,0,0.0,0,0.0,0.0,0,14.2,6,1.64,Nacoes Shopping,NS,Grupo de anúncios 20260114051128,1854324205639697,REACH,ALC - FERIAS NACOES SHOPPING
1849887896210466,2026-01-06 00:00:00,0.0,0,0,0,0,0.0,0,0,0.0,0,0.0,0.0,0,0.0,0,0.0,Nacoes Shopping,NS,Ad group 20251126055740,1849887841738834,REACH,ALC - NATAL 25 02
1854324514674770,2026-01-27 00:00:00,0.0,2968,5,0,1,0.0,0,0,0.0,0,0.0,0.0,0,6.62,3,2.23,Nacoes Shopping,NS,Grupo de anúncios 20260114051509,1854324488425522,REACH,ALC - LIQUIDA
1848504752053361,2026-01-07 00:00:00,0.0,2,0,0,0,0.0,0,0,0.0,0,0.0,0.0,0,0.0,0,0.0,Nacoes Shopping,NS,TRAF - NATAL 25,1848504928619618,CLICK,TRAF - NATAL 25
1850600374703265,2026-01-04 00:00:00,0.0,0,0,0,0,0.0,0,0,0.0,0,0.0,0.0,0,0.0,0,0.0,Nacoes Shopping,NS,Ad group 20251204024133,1850600369247313,REACH,ALC - LEGUEIROS
1854324514674770,2026-01-16 00:00:00,0.0,11746,14,0,0,0.0,0,0,0.0,0,0.0,0.0,0,20.02,3,1.7,Nacoes Shopping,NS,Grupo de anúncios 20260114051509,1854324488425522,REACH,ALC - LIQUIDA
1849887896210466,2026-01-05 00:00:00,0.0,7,0,0,0,0.0,0,0,0.0,0,0.0,0.0,0,0.0,0,0.0,Nacoes Shopping,NS,Ad group 20251126055740,1849887841738834,REACH,ALC - NATAL 25 02
1854324205649953,2026-01-29 00:00:00,0.0,5774,11,0,0,0.0,0,0,0.0,0,0.0,0.0,0,9.41,7,1.63,Nacoes Shopping,NS,Grupo de anúncios 20260114051128,1854324205639697,REACH,ALC - FERIAS NACOES SHOPPING
1847431779247170,2026-01-13 00:00:00,0.0,0,0,0,0,0.0,0,0,0.0,0,0.0,0.0,0,0.0,0,0.0,Nacoes Shopping,NS,Grupo de anúncios 20251030031724,1847431714944034,REACH,Alcance | Giftcard 
1848504289898594,2026-01-02 00:00:00,0.0,0,0,0,0,0.0,0,0,0.0,0,0.0,0.0,0,0.0,0,0.0,Nacoes Shopping,NS,ALC - NATAL 25,1848504162177105,REACH,ALC - NATAL 25
1848504752053361,2026-01-15 00:00:00,0.0,0,0,0,0,0.0,0,0,0.0,0,0.0,0.0,0,0.0,0,0.0,Nacoes Shopping,NS,TRAF - NATAL 25,1848504928619618,CLICK,TRAF - NATAL 25
1849768891459762,2026-01-06 00:00:00,0.0,0,0,0,0,0.0,0,0,0.0,0,0.0,0.0,0,0.0,0,0.0,Nacoes Shopping,NS,Grupo de anúncios 20251125102516,1849768886744178,REACH,ALC - BLACK FRIDAY - NS
1849887896210466,2026-01-12 00:00:00,0.0,0,0,0,0,0.0,0,0,0.0,0,0.0,0.0,0,0.0,0,0.0,Nacoes Shopping,NS,Ad group 20251126055740,1849887841738834,REACH,ALC - NATAL 25 02
1854324205649953,2026-01-22 00:00:00,0.0,8401,15,0,0,0.0,0,0,0.0,0,0.0,0.0,0,12.58,4,1.5,Nacoes Shopping,NS,Grupo de anúncios 20260114051128,1854324205639697,REACH,ALC - FERIAS NACOES SHOPPING
1849768891459762,2026-01-12 00:00:00,0.0,0,0,0,0,0.0,0,0,0.0,0,0.0,0.0,0,0.0,0,0.0,Nacoes Shopping,NS,Grupo de anúncios 20251125102516,1849768886744178,REACH,ALC - BLACK FRIDAY - NS
1848504752053361,2026-01-01 00:00:00,0.0,14,0,0,0,0.0,4,0,0.0,0,28.57,0.0,0,0.0,0,0.0,Nacoes Shopping,NS,TRAF - NATAL 25,1848504928619618,CLICK,TRAF - NATAL 25
1854324514674770,2026-01-23 00:00:00,0.0,10658,14,0,0,0.0,0,0,0.0,0,0.0,0.0,0,18.24,8,1.71,Nacoes Shopping,NS,Grupo de anúncios 20260114051509,1854324488425522,REACH,ALC - LIQUIDA
1848504752053361,2026-01-08 00:00:00,0.0,0,0,0,0,0.0,0,0,0.0,0,0.0,0.0,0,0.0,0,0.0,Nacoes Shopping,NS,TRAF - NATAL 25,1848504928619618,CLICK,TRAF - NATAL 25
1850600374703265,2026-01-10 00:00:00,0.0,0,0,0,0,0.0,0,0,0.0,0,0.0,0.0,0,0.0,0,0.0,Nacoes Shopping,NS,Ad group 20251204024133,1850600369247313,REACH,ALC - LEGUEIROS
1854324205649953,2026-01-15 00:00:00,0.0,8936,17,0,0,0.0,0,0,0.0,0,0.0,0.0,0,13.77,1,1.54,Nacoes Shopping,NS,Grupo de anúncios 20260114051128,1854324205639697,REACH,ALC - FERIAS NACOES SHOPPING
1854324514674770,2026-01-15 00:00:00,0.0,12558,19,1,0,0.0,0,0,0.0,0,0.0,0.0,0,20.88,2,1.66,Nacoes Shopping,NS,Grupo de anúncios 20260114051509,1854324488425522,REACH,ALC - LIQUIDA
1854324205649953,2026-01-23 00:00:00,0.0,7616,19,3,1,0.0,0,0,0.0,0,0.0,0.0,0,12.16,6,1.6,Nacoes Shopping,NS,Grupo de anúncios 20260114051128,1854324205639697,REACH,ALC - FERIAS NACOES SHOPPING
1850600374703265,2026-01-18 00:00:00,0.0,0,0,0,0,0.0,0,0,0.0,0,0.0,0.0,0,0.0,0,0.0,Nacoes Shopping,NS,Ad group 20251204024133,1850600369247313,REACH,ALC - LEGUEIROS
1854324514674770,2026-01-29 00:00:00,0.0,0,0,0,0,0.0,0,0,0.0,0,0.0,0.0,0,0.0,0,0.0,Nacoes Shopping,NS,Grupo de anúncios 20260114051509,1854324488425522,REACH,ALC - LIQUIDA
1849887896210466,2026-01-04 00:00:00,0.0,4,0,0,0,0.0,0,0,0.0,0,0.0,0.0,0,0.0,0,0.0,Nacoes Shopping,NS,Ad group 20251126055740,1849887841738834,REACH,ALC - NATAL 25 02
1848504289898594,2026-01-01 00:00:00,0.0,0,0,0,0,0.0,0,0,0.0,0,0.0,0.0,0,0.0,0,0.0,Nacoes Shopping,NS,ALC - NATAL 25,1848504162177105,REACH,ALC - NATAL 25
1848504752053361,2026-01-22 00:00:00,0.0,0,0,0,0,0.0,0,0,0.0,0,0.0,0.0,0,0.0,0,0.0,Nacoes Shopping,NS,TRAF - NATAL 25,1848504928619618,CLICK,TRAF - NATAL 25
1850600374703265,2026-01-11 00:00:00,0.0,0,0,0,0,0.0,0,0,0.0,0,0.0,0.0,0,0.0,0,0.0,Nacoes Shopping,NS,Ad group 20251204024133,1850600369247313,REACH,ALC - LEGUEIROS
1849887896210466,2026-01-18 00:00:00,0.0,0,0,0,0,0.0,0,0,0.0,0,0.0,0.0,0,0.0,0,0.0,Nacoes Shopping,NS,Ad group 20251126055740,1849887841738834,REACH,ALC - NATAL 25 02
1854324205649953,2026-01-16 00:00:00,0.0,8641,19,0,0,0.0,0,0,0.0,0,0.0,0.0,0,13.64,2,1.58,Nacoes Shopping,NS,Grupo de anúncios 20260114051128,1854324205639697,REACH,ALC - FERIAS NACOES SHOPPING
1849887896210466,2026-01-11 00:00:00,0.0,0,0,0,0,0.0,0,0,0.0,0,0.0,0.0,0,0.0,0,0.0,Nacoes Shopping,NS,Ad group 20251126055740,1849887841738834,REACH,ALC - NATAL 25 02
1854324514674770,2026-01-22 00:00:00,0.0,11192,16,1,0,0.0,0,0,0.0,0,0.0,0.0,0,18.91,3,1.69,Nacoes Shopping,NS,Grupo de anúncios 20260114051509,1854324488425522,REACH,ALC - LIQUIDA
1848504752053361,2026-01-02 00:00:00,0.0,2,0,0,0,0.0,2,0,0.0,0,100.0,0.0,0,0.0,0,0.0,Nacoes Shopping,NS,TRAF - NATAL 25,1848504928619618,CLICK,TRAF - NATAL 25
1854324205649953,2026-01-24 00:00:00,0.0,7360,15,1,0,0.0,0,0,0.0,0,0.0,0.0,0,12.24,5,1.66,Nacoes Shopping,NS,Grupo de anúncios 20260114051128,1854324205639697,REACH,ALC - FERIAS NACOES SHOPPING
1849887896210466,2026-01-10 00:00:00,0.0,0,0,0,0,0.0,0,0,0.0,0,0.0,0.0,0,0.0,0,0.0,Nacoes Shopping,NS,Ad group 20251126055740,1849887841738834,REACH,ALC - NATAL 25 02
1849887896210466,2026-01-03 00:00:00,0.0,2,0,0,0,0.0,0,0,0.0,0,0.0,0.0,0,0.0,0,0.0,Nacoes Shopping,NS,Ad group 20251126055740,1849887841738834,REACH,ALC - NATAL 25 02
1848504752053361,2026-01-10 00:00:00,0.0,0,0,0,0,0.0,0,0,0.0,0,0.0,0.0,0,0.0,0,0.0,Nacoes Shopping,NS,TRAF - NATAL 25,1848504928619618,CLICK,TRAF - NATAL 25
1849768891459762,2026-01-11 00:00:00,0.0,0,0,0,0,0.0,0,0,0.0,0,0.0,0.0,0,0.0,0,0.0,Nacoes Shopping,NS,Grupo de anúncios 20251125102516,1849768886744178,REACH,ALC - BLACK FRIDAY - NS
1855686968268833,2026-01-29 00:00:00,0.0,7672,18,0,0,0.0,0,0,0.0,0,0.0,0.0,0,12.25,4,1.6,Nacoes Shopping,NS,Ad group 20260129061030,1855686889040914,REACH,ALC - Carna PET
1854324205649953,2026-01-17 00:00:00,0.0,8707,19,2,0,0.0,0,0,0.0,0,0.0,0.0,0,13.71,9,1.57,Nacoes Shopping,NS,Grupo de anúncios 20260114051128,1854324205639697,REACH,ALC - FERIAS NACOES SHOPPING
1848504752053361,2026-01-16 00:00:00,0.0,0,0,0,0,0.0,0,0,0.0,0,0.0,0.0,0,0.0,0,0.0,Nacoes Shopping,NS,TRAF - NATAL 25,1848504928619618,CLICK,TRAF - NATAL 25
1854324514674770,2026-01-18 00:00:00,0.0,11710,22,0,0,0.0,0,0,0.0,0,0.0,0.0,0,20.05,1,1.71,Nacoes Shopping,NS,Grupo de anúncios 20260114051509,1854324488425522,REACH,ALC - LIQUIDA
1848504752053361,2026-01-03 00:00:00,0.0,1,0,0,0,0.0,0,0,0.0,0,0.0,0.0,0,0.0,0,0.0,Nacoes Shopping,NS,TRAF - NATAL 25,1848504928619618,CLICK,TRAF - NATAL 25
1849768891459762,2026-01-04 00:00:00,0.0,0,0,0,0,0.0,0,0,0.0,0,0.0,0.0,0,0.0,0,0.0,Nacoes Shopping,NS,Grupo de anúncios 20251125102516,1849768886744178,REACH,ALC - BLACK FRIDAY - NS
1850600374703265,2026-01-05 00:00:00,0.0,0,0,0,0,0.0,0,0,0.0,0,0.0,0.0,0,0.0,0,0.0,Nacoes Shopping,NS,Ad group 20251204024133,1850600369247313,REACH,ALC - LEGUEIROS
1815093378943026,2026-01-11 00:00:00,0.0,0,0,0,0,0.0,0,0,0.0,0,0.0,0.0,0,0.0,0,0.0,Nacoes Shopping,NS,Ad group 20241107042324,1815093378942994,CLICK,Traffic - Promo Natal
1848504752053361,2026-01-04 00:00:00,0.0,2,0,0,0,0.0,0,0,0.0,0,0.0,0.0,0,0.0,0,0.0,Nacoes Shopping,NS,TRAF - NATAL 25,1848504928619618,CLICK,TRAF - NATAL 25
1849768891459762,2026-01-05 00:00:00,0.0,0,0,0,0,0.0,0,0,0.0,0,0.0,0.0,0,0.0,0,0.0,Nacoes Shopping,NS,Grupo de anúncios 20251125102516,1849768886744178,REACH,ALC - BLACK FRIDAY - NS
1854324205649953,2026-01-18 00:00:00,0.0,8555,21,1,0,0.0,0,0,0.0,0,0.0,0.0,0,13.41,7,1.57,Nacoes Shopping,NS,Grupo de anúncios 20260114051128,1854324205639697,REACH,ALC - FERIAS NACOES SHOPPING
1849887896210466,2026-01-09 00:00:00,0.0,0,0,0,0,0.0,0,0,0.0,0,0.0,0.0,0,0.0,0,0.0,Nacoes Shopping,NS,Ad group 20251126055740,1849887841738834,REACH,ALC - NATAL 25 02
1854324514674770,2026-01-24 00:00:00,0.0,10371,13,0,0,0.0,0,0,0.0,0,0.0,0.0,0,18.54,3,1.79,Nacoes Shopping,NS,Grupo de anúncios 20260114051509,1854324488425522,REACH,ALC - LIQUIDA
1849768891459762,2026-01-18 00:00:00,0.0,0,0,0,0,0.0,0,0,0.0,0,0.0,0.0,0,0.0,0,0.0,Nacoes Shopping,NS,Grupo de anúncios 20251125102516,1849768886744178,REACH,ALC - BLACK FRIDAY - NS
1848504289898594,2026-01-03 00:00:00,0.0,0,0,0,0,0.0,0,0,0.0,0,0.0,0.0,0,0.0,0,0.0,Nacoes Shopping,NS,ALC - NATAL 25,1848504162177105,REACH,ALC - NATAL 25
1855492647217250,2026-01-29 00:00:00,0.0,10837,29,6,0,0.0,0,0,0.0,0,0.0,0.0,0,19.08,21,1.76,Nacoes Shopping,NS,Ad group 20260127024258,1855492566896834,REACH,ALC - Smart Zoo
1850600374703265,2026-01-06 00:00:00,0.0,0,0,0,0,0.0,0,0,0.0,0,0.0,0.0,0,0.0,0,0.0,Nacoes Shopping,NS,Ad group 20251204024133,1850600369247313,REACH,ALC - LEGUEIROS
1849887896210466,2026-01-16 00:00:00,0.0,0,0,0,0,0.0,0,0,0.0,0,0.0,0.0,0,0.0,0,0.0,Nacoes Shopping,NS,Ad group 20251126055740,1849887841738834,REACH,ALC - NATAL 25 02
1854324514674770,2026-01-17 00:00:00,0.0,11845,13,1,0,0.0,0,0,0.0,0,0.0,0.0,0,20.09,3,1.7,Nacoes Shopping,NS,Grupo de anúncios 20260114051509,1854324488425522,REACH,ALC - LIQUIDA
1848504752053361,2026-01-17 00:00:00,0.0,0,0,0,0,0.0,0,0,0.0,0,0.0,0.0,0,0.0,0,0.0,Nacoes Shopping,NS,TRAF - NATAL 25,1848504928619618,CLICK,TRAF - NATAL 25
1855686766687234,2026-02-06 00:00:00,0.0,15903,24,2,0,0.0,0,0,0.0,0,0.0,0.0,0,29.26,12,1.84,Nacoes Shopping,NS,Ad group 20260129060744,1855686756345922,REACH,ALC - Bloko Rosa
1855686968268833,2026-02-06 00:00:00,0.0,16818,29,0,0,0.0,0,0,0.0,0,0.0,0.0,0,31.27,11,1.86,Nacoes Shopping,NS,Ad group 20260129061030,1855686889040914,REACH,ALC - Carna PET
1855492647217250,2026-02-21 00:00:00,0.0,8479,19,4,0,0.0,0,0,0.0,0,0.0,0.0,0,14.61,11,1.72,Nacoes Shopping,NS,Ad group 20260127024258,1855492566896834,REACH,ALC - Smart Zoo
1855492647217250,2026-02-11 00:00:00,0.0,12188,29,2,1,0.0,0,0,0.0,0,0.0,0.0,0,18.44,9,1.51,Nacoes Shopping,NS,Ad group 20260127024258,1855492566896834,REACH,ALC - Smart Zoo
1855492647217250,2026-02-01 00:00:00,0.0,10767,37,5,1,0.0,0,0,0.0,0,0.0,0.0,1,18.57,20,1.72,Nacoes Shopping,NS,Ad group 20260127024258,1855492566896834,REACH,ALC - Smart Zoo
1854324514674770,2026-02-02 00:00:00,0.0,0,0,0,0,0.0,0,0,0.0,0,0.0,0.0,0,0.0,0,0.0,Nacoes Shopping,NS,Grupo de anúncios 20260114051509,1854324488425522,REACH,ALC - LIQUIDA
1855686766687234,2026-01-30 00:00:00,0.0,17457,36,0,0,0.0,0,0,0.0,0,0.0,0.0,0,33.31,14,1.91,Nacoes Shopping,NS,Ad group 20260129060744,1855686756345922,REACH,ALC - Bloko Rosa
1855686766687234,2026-02-09 00:00:00,0.0,0,0,0,0,0.0,0,0,0.0,0,0.0,0.0,0,0.0,0,0.0,Nacoes Shopping,NS,Ad group 20260129060744,1855686756345922,REACH,ALC - Bloko Rosa
1855686968268833,2026-02-03 00:00:00,0.0,15216,34,4,0,0.0,0,0,0.0,0,0.0,0.0,0,33.04,14,2.17,Nacoes Shopping,NS,Ad group 20260129061030,1855686889040914,REACH,ALC - Carna PET
1849887896210466,2026-02-01 00:00:00,0.0,0,0,0,0,0.0,0,0,0.0,0,0.0,0.0,0,0.0,0,0.0,Nacoes Shopping,NS,Ad group 20251126055740,1849887841738834,REACH,ALC - NATAL 25 02
1854324205649953,2026-02-01 00:00:00,0.0,0,0,0,0,0.0,0,0,0.0,0,0.0,0.0,0,0.0,0,0.0,Nacoes Shopping,NS,Grupo de anúncios 20260114051128,1854324205639697,REACH,ALC - FERIAS NACOES SHOPPING
1855686766687234,2026-02-02 00:00:00,0.0,17022,28,2,0,0.0,0,0,0.0,0,0.0,0.0,1,30.54,13,1.79,Nacoes Shopping,NS,Ad group 20260129060744,1855686756345922,REACH,ALC - Bloko Rosa
1855492647217250,2026-02-24 00:00:00,0.0,6869,10,0,2,0.0,0,0,0.0,0,0.0,0.0,0,11.38,3,1.66,Nacoes Shopping,NS,Ad group 20260127024258,1855492566896834,REACH,ALC - Smart Zoo
1855492647217250,2026-02-14 00:00:00,0.0,10271,19,4,1,0.0,0,0,0.0,0,0.0,0.0,2,18.04,13,1.76,Nacoes Shopping,NS,Ad group 20260127024258,1855492566896834,REACH,ALC - Smart Zoo
1848504752053361,2026-01-31 00:00:00,0.0,0,0,0,0,0.0,0,0,0.0,0,0.0,0.0,0,0.0,0,0.0,Nacoes Shopping,NS,TRAF - NATAL 25,1848504928619618,CLICK,TRAF - NATAL 25
1855492647217250,2026-02-04 00:00:00,0.0,12793,27,4,3,0.0,0,0,0.0,0,0.0,0.0,0,18.76,12,1.47,Nacoes Shopping,NS,Ad group 20260127024258,1855492566896834,REACH,ALC - Smart Zoo
1855686968268833,2026-01-31 00:00:00,0.0,18256,30,0,0,0.0,0,0,0.0,0,0.0,0.0,0,36.44,11,2.0,Nacoes Shopping,NS,Ad group 20260129061030,1855686889040914,REACH,ALC - Carna PET
1855492647217250,2026-02-20 00:00:00,0.0,8981,16,2,2,0.0,0,0,0.0,0,0.0,0.0,0,15.15,4,1.69,Nacoes Shopping,NS,Ad group 20260127024258,1855492566896834,REACH,ALC - Smart Zoo
1855492647217250,2026-02-10 00:00:00,0.0,11900,19,1,1,0.0,0,0,0.0,0,0.0,0.0,1,19.58,12,1.65,Nacoes Shopping,NS,Ad group 20260127024258,1855492566896834,REACH,ALC - Smart Zoo
1855492647217250,2026-01-31 00:00:00,0.0,10900,29,2,3,0.0,0,0,0.0,0,0.0,0.0,1,19.71,16,1.81,Nacoes Shopping,NS,Ad group 20260127024258,1855492566896834,REACH,ALC - Smart Zoo
1854324514674770,2026-02-21 00:00:00,0.0,0,0,0,0,0.0,0,0,0.0,0,0.0,0.0,0,0.0,0,0.0,Nacoes Shopping,NS,Grupo de anúncios 20260114051509,1854324488425522,REACH,ALC - LIQUIDA
1855686968268833,2026-02-27 00:00:00,0.0,0,0,0,0,0.0,0,0,0.0,0,0.0,0.0,0,0.0,0,0.0,Nacoes Shopping,NS,Ad group 20260129061030,1855686889040914,REACH,ALC - Carna PET
1855686766687234,2026-02-05 00:00:00,0.0,14650,26,2,0,0.0,0,0,0.0,0,0.0,0.0,0,31.03,10,2.12,Nacoes Shopping,NS,Ad group 20260129060744,1855686756345922,REACH,ALC - Bloko Rosa
1855686968268833,2026-02-07 00:00:00,0.0,7194,15,0,0,0.0,0,0,0.0,0,0.0,0.0,0,15.27,5,2.12,Nacoes Shopping,NS,Ad group 20260129061030,1855686889040914,REACH,ALC - Carna PET
1855492647217250,2026-02-27 00:00:00,0.0,0,0,0,0,0.0,0,0,0.0,0,0.0,0.0,0,0.0,0,0.0,Nacoes Shopping,NS,Ad group 20260127024258,1855492566896834,REACH,ALC - Smart Zoo
1854324205649953,2026-02-02 00:00:00,0.0,0,0,0,0,0.0,0,0,0.0,0,0.0,0.0,0,0.0,0,0.0,Nacoes Shopping,NS,Grupo de anúncios 20260114051128,1854324205639697,REACH,ALC - FERIAS NACOES SHOPPING
1855492647217250,2026-02-17 00:00:00,0.0,11534,17,3,0,0.0,0,0,0.0,0,0.0,0.0,0,17.24,9,1.49,Nacoes Shopping,NS,Ad group 20260127024258,1855492566896834,REACH,ALC - Smart Zoo
1855492647217250,2026-02-07 00:00:00,0.0,11077,25,5,0,0.0,0,0,0.0,0,0.0,0.0,1,20.2,19,1.82,Nacoes Shopping,NS,Ad group 20260127024258,1855492566896834,REACH,ALC - Smart Zoo
1855686766687234,2026-02-08 00:00:00,0.0,6973,11,1,0,0.0,0,0,0.0,0,0.0,0.0,0,12.45,5,1.79,Nacoes Shopping,NS,Ad group 20260129060744,1855686756345922,REACH,ALC - Bloko Rosa
1855492647217250,2026-02-23 00:00:00,0.0,5650,2,1,0,0.0,0,0,0.0,0,0.0,0.0,0,12.04,4,2.13,Nacoes Shopping,NS,Ad group 20260127024258,1855492566896834,REACH,ALC - Smart Zoo
1855492647217250,2026-02-13 00:00:00,0.0,10651,22,4,0,0.0,0,0,0.0,0,0.0,0.0,0,18.12,16,1.7,Nacoes Shopping,NS,Ad group 20260127024258,1855492566896834,REACH,ALC - Smart Zoo
1855686968268833,2026-02-04 00:00:00,0.0,13790,24,1,0,0.0,0,0,0.0,0,0.0,0.0,0,33.04,16,2.4,Nacoes Shopping,NS,Ad group 20260129061030,1855686889040914,REACH,ALC - Carna PET
1855492647217250,2026-02-03 00:00:00,0.0,11442,30,3,0,0.0,0,0,0.0,0,0.0,0.0,1,18.94,17,1.66,Nacoes Shopping,NS,Ad group 20260127024258,1855492566896834,REACH,ALC - Smart Zoo
1855686766687234,2026-02-11 00:00:00,0.0,0,0,0,0,0.0,0,0,0.0,0,0.0,0.0,0,0.0,0,0.0,Nacoes Shopping,NS,Ad group 20260129060744,1855686756345922,REACH,ALC - Bloko Rosa
1855686766687234,2026-02-01 00:00:00,0.0,18871,25,1,0,0.0,0,0,0.0,0,0.0,0.0,0,31.47,14,1.67,Nacoes Shopping,NS,Ad group 20260129060744,1855686756345922,REACH,ALC - Bloko Rosa
1855686968268833,2026-02-01 00:00:00,0.0,20557,31,1,0,0.0,0,0,0.0,0,0.0,0.0,0,34.76,16,1.69,Nacoes Shopping,NS,Ad group 20260129061030,1855686889040914,REACH,ALC - Carna PET
1854324205649953,2026-02-03 00:00:00,0.0,0,0,0,0,0.0,0,0,0.0,0,0.0,0.0,0,0.0,0,0.0,Nacoes Shopping,NS,Grupo de anúncios 20260114051128,1854324205639697,REACH,ALC - FERIAS NACOES SHOPPING
1855492647217250,2026-02-16 00:00:00,0.0,8598,23,4,1,0.0,0,0,0.0,0,0.0,0.0,1,16.27,7,1.89,Nacoes Shopping,NS,Ad group 20260127024258,1855492566896834,REACH,ALC - Smart Zoo
1855492647217250,2026-02-06 00:00:00,0.0,10962,26,8,0,0.0,0,0,0.0,0,0.0,0.0,0,18.79,25,1.71,Nacoes Shopping,NS,Ad group 20260127024258,1855492566896834,REACH,ALC - Smart Zoo
1855686968268833,2026-02-08 00:00:00,0.0,0,0,0,0,0.0,0,0,0.0,0,0.0,0.0,0,0.0,0,0.0,Nacoes Shopping,NS,Ad group 20260129061030,1855686889040914,REACH,ALC - Carna PET
1855686766687234,2026-02-04 00:00:00,0.0,12752,20,0,0,0.0,0,0,0.0,0,0.0,0.0,1,29.89,4,2.34,Nacoes Shopping,NS,Ad group 20260129060744,1855686756345922,REACH,ALC - Bloko Rosa
1854324205649953,2026-02-06 00:00:00,0.0,0,0,0,0,0.0,0,0,0.0,0,0.0,0.0,0,0.0,0,0.0,Nacoes Shopping,NS,Grupo de anúncios 20260114051128,1854324205639697,REACH,ALC - FERIAS NACOES SHOPPING
1848504752053361,2026-02-12 00:00:00,0.0,0,0,0,0,0.0,0,0,0.0,0,0.0,0.0,0,0.0,0,0.0,Nacoes Shopping,NS,TRAF - NATAL 25,1848504928619618,CLICK,TRAF - NATAL 25
1848504752053361,2026-02-15 00:00:00,0.0,0,0,0,0,0.0,0,0,0.0,0,0.0,0.0,0,0.0,0,0.0,Nacoes Shopping,NS,TRAF - NATAL 25,1848504928619618,CLICK,TRAF - NATAL 25
1855686766687234,2026-02-07 00:00:00,0.0,14657,17,0,0,0.0,0,0,0.0,0,0.0,0.0,0,28.1,6,1.92,Nacoes Shopping,NS,Ad group 20260129060744,1855686756345922,REACH,ALC - Bloko Rosa
1855492647217250,2026-02-19 00:00:00,0.0,10159,22,2,0,0.0,0,0,0.0,0,0.0,0.0,0,15.54,7,1.53,Nacoes Shopping,NS,Ad group 20260127024258,1855492566896834,REACH,ALC - Smart Zoo
1855686968268833,2026-02-05 00:00:00,0.0,15714,22,0,0,0.0,0,0,0.0,0,0.0,0.0,0,33.4,9,2.13,Nacoes Shopping,NS,Ad group 20260129061030,1855686889040914,REACH,ALC - Carna PET
1855686766687234,2026-02-27 00:00:00,0.0,0,0,0,0,0.0,0,0,0.0,0,0.0,0.0,0,0.0,0,0.0,Nacoes Shopping,NS,Ad group 20260129060744,1855686756345922,REACH,ALC - Bloko Rosa
1855492647217250,2026-02-09 00:00:00,0.0,9109,34,4,0,0.0,0,0,0.0,0,0.0,0.0,1,18.45,18,2.03,Nacoes Shopping,NS,Ad group 20260127024258,1855492566896834,REACH,ALC - Smart Zoo
1855492647217250,2026-01-30 00:00:00,0.0,10768,28,7,2,0.0,0,0,0.0,0,0.0,0.0,1,19.16,20,1.78,Nacoes Shopping,NS,Ad group 20260127024258,1855492566896834,REACH,ALC - Smart Zoo
1854324514674770,2026-01-31 00:00:00,0.0,0,0,0,0,0.0,0,0,0.0,0,0.0,0.0,0,0.0,0,0.0,Nacoes Shopping,NS,Grupo de anúncios 20260114051509,1854324488425522,REACH,ALC - LIQUIDA
1854324205649953,2026-01-30 00:00:00,0.0,5215,5,0,0,0.0,0,0,0.0,0,0.0,0.0,0,8.08,2,1.55,Nacoes Shopping,NS,Grupo de anúncios 20260114051128,1854324205639697,REACH,ALC - FERIAS NACOES SHOPPING
1855492647217250,2026-02-15 00:00:00,0.0,8968,19,6,0,0.0,0,0,0.0,0,0.0,0.0,0,16.9,7,1.88,Nacoes Shopping,NS,Ad group 20260127024258,1855492566896834,REACH,ALC - Smart Zoo
1855492647217250,2026-02-05 00:00:00,0.0,11720,22,2,0,0.0,0,0,0.0,0,0.0,0.0,2,18.61,14,1.59,Nacoes Shopping,NS,Ad group 20260127024258,1855492566896834,REACH,ALC - Smart Zoo
1855686766687234,2026-01-31 00:00:00,0.0,16449,19,0,2,0.0,0,0,0.0,0,0.0,0.0,0,32.39,7,1.97,Nacoes Shopping,NS,Ad group 20260129060744,1855686756345922,REACH,ALC - Bloko Rosa
1855686968268833,2026-02-02 00:00:00,0.0,18632,38,1,0,0.0,0,0,0.0,0,0.0,0.0,1,33.78,16,1.81,Nacoes Shopping,NS,Ad group 20260129061030,1855686889040914,REACH,ALC - Carna PET
1855492647217250,2026-02-22 00:00:00,0.0,7699,11,3,0,0.0,0,0,0.0,0,0.0,0.0,0,13.25,11,1.72,Nacoes Shopping,NS,Ad group 20260127024258,1855492566896834,REACH,ALC - Smart Zoo
1855492647217250,2026-02-12 00:00:00,0.0,11286,28,5,0,0.0,0,0,0.0,0,0.0,0.0,0,18.0,12,1.59,Nacoes Shopping,NS,Ad group 20260127024258,1855492566896834,REACH,ALC - Smart Zoo
1855492647217250,2026-02-02 00:00:00,0.0,9600,32,3,3,0.0,0,0,0.0,0,0.0,0.0,0,18.22,17,1.9,Nacoes Shopping,NS,Ad group 20260127024258,1855492566896834,REACH,ALC - Smart Zoo
1855686766687234,2026-02-03 00:00:00,0.0,13991,37,1,0,0.0,0,0,0.0,0,0.0,0.0,1,30.05,5,2.15,Nacoes Shopping,NS,Ad group 20260129060744,1855686756345922,REACH,ALC - Bloko Rosa
1855492647217250,2026-02-18 00:00:00,0.0,11417,15,1,0,0.0,0,0,0.0,0,0.0,0.0,0,15.84,5,1.39,Nacoes Shopping,NS,Ad group 20260127024258,1855492566896834,REACH,ALC - Smart Zoo
1855492647217250,2026-02-08 00:00:00,0.0,9969,26,2,1,0.0,0,0,0.0,0,0.0,0.0,0,18.98,15,1.9,Nacoes Shopping,NS,Ad group 20260127024258,1855492566896834,REACH,ALC - Smart Zoo
1855686968268833,2026-02-09 00:00:00,0.0,0,0,0,0,0.0,0,0,0.0,0,0.0,0.0,0,0.0,0,0.0,Nacoes Shopping,NS,Ad group 20260129061030,1855686889040914,REACH,ALC - Carna PET
1855686968268833,2026-01-30 00:00:00,0.0,18940,32,0,0,0.0,0,0,0.0,0,0.0,0.0,0,36.73,30,1.94,Nacoes Shopping,NS,Ad group 20260129061030,1855686889040914,REACH,ALC - Carna PET
1854324514674770,2026-01-30 00:00:00,0.0,0,0,0,0,0.0,0,0,0.0,0,0.0,0.0,0,0.0,0,0.0,Nacoes Shopping,NS,Grupo de anúncios 20260114051509,1854324488425522,REACH,ALC - LIQUIDA
1849887896210466,2026-02-22 00:00:00,0.0,0,0,0,0,0.0,0,0,0.0,0,0.0,0.0,0,0.0,0,0.0,Nacoes Shopping,NS,Ad group 20251126055740,1849887841738834,REACH,ALC - NATAL 25 02
1849887896210466,2026-02-02 00:00:00,0.0,0,0,0,0,0.0,0,0,0.0,0,0.0,0.0,0,0.0,0,0.0,Nacoes Shopping,NS,Ad group 20251126055740,1849887841738834,REACH,ALC - NATAL 25 02
1854324205649953,2026-01-31 00:00:00,0.0,2164,3,0,0,0.0,0,0,0.0,0,0.0,0.0,0,3.49,0,1.61,Nacoes Shopping,NS,Grupo de anúncios 20260114051128,1854324205639697,REACH,ALC - FERIAS NACOES SHOPPING
1855492647217250,2026-02-25 00:00:00,0.0,2044,5,1,0,0.0,0,0,0.0,0,0.0,0.0,1,3.25,3,1.59,Nacoes Shopping,NS,Ad group 20260127024258,1855492566896834,REACH,ALC - Smart Zoo
1848504752053361,2026-03-06 00:00:00,0.0,0,0,0,0,0.0,0,0,0.0,0,0.0,0.0,0,0.0,0,0.0,Nacoes Shopping,NS,TRAF - NATAL 25,1848504928619618,CLICK,TRAF - NATAL 25
1855686968268833,2026-03-09 00:00:00,0.0,0,0,0,0,0.0,0,0,0.0,0,0.0,0.0,0,0.0,0,0.0,Nacoes Shopping,NS,Ad group 20260129061030,1855686889040914,REACH,ALC - Carna PET
1855492647217250,2026-03-03 00:00:00,0.0,0,0,0,0,0.0,0,0,0.0,0,0.0,0.0,0,0.0,0,0.0,Nacoes Shopping,NS,Ad group 20260127024258,1855492566896834,REACH,ALC - Smart Zoo
1848504752053361,2026-03-12 00:00:00,0.0,0,0,0,0,0.0,0,0,0.0,0,0.0,0.0,0,0.0,0,0.0,Nacoes Shopping,NS,TRAF - NATAL 25,1848504928619618,CLICK,TRAF - NATAL 25
1848504752053361,2026-03-02 00:00:00,0.0,0,0,0,0,0.0,0,0,0.0,0,0.0,0.0,0,0.0,0,0.0,Nacoes Shopping,NS,TRAF - NATAL 25,1848504928619618,CLICK,TRAF - NATAL 25
1850600374703265,2026-03-03 00:00:00,0.0,0,0,0,0,0.0,0,0,0.0,0,0.0,0.0,0,0.0,0,0.0,Nacoes Shopping,NS,Ad group 20251204024133,1850600369247313,REACH,ALC - LEGUEIROS
1849768891459762,2026-03-04 00:00:00,0.0,0,0,0,0,0.0,0,0,0.0,0,0.0,0.0,0,0.0,0,0.0,Nacoes Shopping,NS,Grupo de anúncios 20251125102516,1849768886744178,REACH,ALC - BLACK FRIDAY - NS
1848504289898594,2026-03-04 00:00:00,0.0,0,0,0,0,0.0,0,0,0.0,0,0.0,0.0,0,0.0,0,0.0,Nacoes Shopping,NS,ALC - NATAL 25,1848504162177105,REACH,ALC - NATAL 25
1811358948673586,2026-03-05 00:00:00,0.0,0,0,0,0,0.0,0,0,0.0,0,0.0,0.0,0,0.0,0,0.0,Nacoes Shopping,NS,Grupo de anúncios 20240927105321,1811358948673554,CLICK,Tráfego - App instal - NS
1849887896210466,2026-03-22 00:00:00,0.0,0,0,0,0,0.0,0,0,0.0,0,0.0,0.0,0,0.0,0,0.0,Nacoes Shopping,NS,Ad group 20251126055740,1849887841738834,REACH,ALC - NATAL 25 02
1848504752053361,2026-03-28 00:00:00,0.0,0,0,0,0,0.0,0,0,0.0,0,0.0,0.0,0,0.0,0,0.0,Nacoes Shopping,NS,TRAF - NATAL 25,1848504928619618,CLICK,TRAF - NATAL 25
1849887896210466,2026-03-03 00:00:00,0.0,0,0,0,0,0.0,0,0,0.0,0,0.0,0.0,0,0.0,0,0.0,Nacoes Shopping,NS,Ad group 20251126055740,1849887841738834,REACH,ALC - NATAL 25 02
1855492647217250,2026-04-09 00:00:00,0.0,0,0,0,0,0.0,0,0,0.0,0,0.0,0.0,0,0.0,0,0.0,Nacoes Shopping,NS,Ad group 20260127024258,1855492566896834,REACH,ALC - Smart Zoo
1848504752053361,2026-04-02 00:00:00,0.0,0,0,0,0,0.0,0,0,0.0,0,0.0,0.0,0,0.0,0,0.0,Nacoes Shopping,NS,TRAF - NATAL 25,1848504928619618,CLICK,TRAF - NATAL 25
1848504752053361,2026-04-01 00:00:00,0.0,0,0,0,0,0.0,0,0,0.0,0,0.0,0.0,0,0.0,0,0.0,Nacoes Shopping,NS,TRAF - NATAL 25,1848504928619618,CLICK,TRAF - NATAL 25
1854324205649953,2026-05-06 00:00:00,0.0,0,0,0,0,0.0,0,0,0.0,0,0.0,0.0,0,0.0,0,0.0,Nacoes Shopping,NS,Grupo de anúncios 20260114051128,1854324205639697,REACH,ALC - FERIAS NACOES SHOPPING
1863928757554386,2026-05-07 00:00:00,0.0,27603,33,3,0,0.81,74,0,0.0,0,0.27,0.0,0,60.23,13,2.18,Nacoes Shopping,NS,Grupo de anúncios 20260430053015,1863928702907457,REACH,ALC - PROMO MAES
1863928978860449,2026-05-18 00:00:00,0.0,0,0,0,0,0.0,0,0,0.0,0,0.0,0.0,0,0.0,0,0.0,Nacoes Shopping,NS,Grupo de anúncios 20260430053411,1863928955315249,CLICK,TRAF - PROMO MAES
1863928978860449,2026-05-08 00:00:00,0.0,15087,0,0,0,0.03,2395,0,0.0,0,15.87,0.0,0,62.86,0,4.17,Nacoes Shopping,NS,Grupo de anúncios 20260430053411,1863928955315249,CLICK,TRAF - PROMO MAES
1863928757554386,2026-05-27 00:00:00,0.0,0,0,0,0,0.0,0,0,0.0,0,0.0,0.0,0,0.0,0,0.0,Nacoes Shopping,NS,Grupo de anúncios 20260430053015,1863928702907457,REACH,ALC - PROMO MAES
1863928757554386,2026-05-17 00:00:00,0.0,0,0,0,0,0.0,0,0,0.0,0,0.0,0.0,0,0.0,0,0.0,Nacoes Shopping,NS,Grupo de anúncios 20260430053015,1863928702907457,REACH,ALC - PROMO MAES
1863928978860449,2026-05-28 00:00:00,0.0,0,0,0,0,0.0,0,0,0.0,0,0.0,0.0,0,0.0,0,0.0,Nacoes Shopping,NS,Grupo de anúncios 20260430053411,1863928955315249,CLICK,TRAF - PROMO MAES
1863928757554386,2026-05-04 00:00:00,0.0,11122,11,0,0,1.39,17,0,0.0,0,0.15,0.0,0,23.55,5,2.12,Nacoes Shopping,NS,Grupo de anúncios 20260430053015,1863928702907457,REACH,ALC - PROMO MAES
1863928978860449,2026-05-25 00:00:00,0.0,0,0,0,0,0.0,0,0,0.0,0,0.0,0.0,0,0.0,0,0.0,Nacoes Shopping,NS,Grupo de anúncios 20260430053411,1863928955315249,CLICK,TRAF - PROMO MAES
1863928757554386,2026-05-14 00:00:00,0.0,0,0,0,0,0.0,0,0,0.0,0,0.0,0.0,0,0.0,0,0.0,Nacoes Shopping,NS,Grupo de anúncios 20260430053015,1863928702907457,REACH,ALC - PROMO MAES
1866451828244642,2026-05-28 00:00:00,0.0,4660,6,0,0,0.0,0,0,0.0,0,0.0,0.0,0,7.75,8,1.66,Nacoes Shopping,NS,Grupo de anúncios 20260528015546,1866451828239378,REACH,ALC - TROCA DE FIGURINHAS
1848504752053361,2026-05-05 00:00:00,0.0,0,0,0,0,0.0,0,0,0.0,0,0.0,0.0,0,0.0,0,0.0,Nacoes Shopping,NS,TRAF - NATAL 25,1848504928619618,CLICK,TRAF - NATAL 25
1863928757554386,2026-04-30 00:00:00,0.0,11495,13,1,0,1.43,14,0,0.0,0,0.12,0.0,0,20.04,2,1.74,Nacoes Shopping,NS,Grupo de anúncios 20260430053015,1863928702907457,REACH,ALC - PROMO MAES
1863928978860449,2026-05-05 00:00:00,0.0,121,0,0,0,0.03,22,0,0.0,0,18.18,0.0,0,0.67,0,5.54,Nacoes Shopping,NS,Grupo de anúncios 20260430053411,1863928955315249,CLICK,TRAF - PROMO MAES
1863928978860449,2026-05-15 00:00:00,0.0,0,0,0,0,0.0,0,0,0.0,0,0.0,0.0,0,0.0,0,0.0,Nacoes Shopping,NS,Grupo de anúncios 20260430053411,1863928955315249,CLICK,TRAF - PROMO MAES
1863928757554386,2026-05-20 00:00:00,0.0,0,0,0,0,0.0,0,0,0.0,0,0.0,0.0,0,0.0,0,0.0,Nacoes Shopping,NS,Grupo de anúncios 20260430053015,1863928702907457,REACH,ALC - PROMO MAES
1863928757554386,2026-05-10 00:00:00,0.0,22583,21,2,1,0.79,61,0,0.0,0,0.27,0.0,0,48.16,16,2.13,Nacoes Shopping,NS,Grupo de anúncios 20260430053015,1863928702907457,REACH,ALC - PROMO MAES
1863928978860449,2026-05-12 00:00:00,0.0,0,0,0,0,0.0,0,0,0.0,0,0.0,0.0,0,0.0,0,0.0,Nacoes Shopping,NS,Grupo de anúncios 20260430053411,1863928955315249,CLICK,TRAF - PROMO MAES
1863928978860449,2026-05-22 00:00:00,0.0,0,0,0,0,0.0,0,0,0.0,0,0.0,0.0,0,0.0,0,0.0,Nacoes Shopping,NS,Grupo de anúncios 20260430053411,1863928955315249,CLICK,TRAF - PROMO MAES
1863928978860449,2026-05-02 00:00:00,0.0,13454,0,0,0,0.03,2149,0,0.0,0,15.97,0.0,0,54.69,0,4.06,Nacoes Shopping,NS,Grupo de anúncios 20260430053411,1863928955315249,CLICK,TRAF - PROMO MAES
1863928757554386,2026-05-13 00:00:00,0.0,0,0,0,0,0.0,0,0,0.0,0,0.0,0.0,0,0.0,0,0.0,Nacoes Shopping,NS,Grupo de anúncios 20260430053015,1863928702907457,REACH,ALC - PROMO MAES
1863928757554386,2026-05-03 00:00:00,0.0,26086,38,1,0,0.86,56,0,0.0,0,0.21,0.0,0,48.01,11,1.84,Nacoes Shopping,NS,Grupo de anúncios 20260430053015,1863928702907457,REACH,ALC - PROMO MAES
1863928978860449,2026-05-24 00:00:00,0.0,0,0,0,0,0.0,0,0,0.0,0,0.0,0.0,0,0.0,0,0.0,Nacoes Shopping,NS,Grupo de anúncios 20260430053411,1863928955315249,CLICK,TRAF - PROMO MAES
1863928978860449,2026-05-14 00:00:00,0.0,0,0,0,0,0.0,0,0,0.0,0,0.0,0.0,0,0.0,0,0.0,Nacoes Shopping,NS,Grupo de anúncios 20260430053411,1863928955315249,CLICK,TRAF - PROMO MAES
1863928978860449,2026-05-04 00:00:00,0.0,5792,0,0,0,0.03,996,0,0.0,0,17.2,0.0,0,26.29,0,4.54,Nacoes Shopping,NS,Grupo de anúncios 20260430053411,1863928955315249,CLICK,TRAF - PROMO MAES
1863928978860449,2026-05-21 00:00:00,0.0,0,0,0,0,0.0,0,0,0.0,0,0.0,0.0,0,0.0,0,0.0,Nacoes Shopping,NS,Grupo de anúncios 20260430053411,1863928955315249,CLICK,TRAF - PROMO MAES
1863928978860449,2026-05-11 00:00:00,0.0,4535,0,0,0,0.03,692,0,0.0,0,15.26,0.0,0,18.34,0,4.04,Nacoes Shopping,NS,Grupo de anúncios 20260430053411,1863928955315249,CLICK,TRAF - PROMO MAES
1863928978860449,2026-05-01 00:00:00,0.0,14561,0,0,0,0.03,2197,0,0.0,0,15.09,0.0,0,55.92,0,3.84,Nacoes Shopping,NS,Grupo de anúncios 20260430053411,1863928955315249,CLICK,TRAF - PROMO MAES
1863928757554386,2026-05-16 00:00:00,0.0,0,0,0,0,0.0,0,0,0.0,0,0.0,0.0,0,0.0,0,0.0,Nacoes Shopping,NS,Grupo de anúncios 20260430053015,1863928702907457,REACH,ALC - PROMO MAES
1863928757554386,2026-05-26 00:00:00,0.0,0,0,0,0,0.0,0,0,0.0,0,0.0,0.0,0,0.0,0,0.0,Nacoes Shopping,NS,Grupo de anúncios 20260430053015,1863928702907457,REACH,ALC - PROMO MAES
1863928757554386,2026-05-06 00:00:00,0.0,27057,28,4,0,0.98,58,0,0.0,0,0.21,0.0,0,56.92,20,2.1,Nacoes Shopping,NS,Grupo de anúncios 20260430053015,1863928702907457,REACH,ALC - PROMO MAES
1863928757554386,2026-05-02 00:00:00,0.0,25997,41,3,1,0.76,63,0,0.0,0,0.24,0.0,0,47.88,10,1.84,Nacoes Shopping,NS,Grupo de anúncios 20260430053015,1863928702907457,REACH,ALC - PROMO MAES
1866442075014353,2026-05-28 00:00:00,0.0,10688,14,1,0,0.85,23,0,0.0,0,0.22,0.0,0,19.57,7,1.83,Nacoes Shopping,NS,Grupo de anúncios 20260528111721,1866441986593986,REACH,ALC - PROMO NAMORADOS 26
1863928978860449,2026-05-23 00:00:00,0.0,0,0,0,0,0.0,0,0,0.0,0,0.0,0.0,0,0.0,0,0.0,Nacoes Shopping,NS,Grupo de anúncios 20260430053411,1863928955315249,CLICK,TRAF - PROMO MAES
1863928978860449,2026-05-13 00:00:00,0.0,0,0,0,0,0.0,0,0,0.0,0,0.0,0.0,0,0.0,0,0.0,Nacoes Shopping,NS,Grupo de anúncios 20260430053411,1863928955315249,CLICK,TRAF - PROMO MAES
1863928757554386,2026-05-12 00:00:00,0.0,0,0,0,0,0.0,0,0,0.0,0,0.0,0.0,0,0.0,0,0.0,Nacoes Shopping,NS,Grupo de anúncios 20260430053015,1863928702907457,REACH,ALC - PROMO MAES
1863928978860449,2026-05-03 00:00:00,0.0,15215,0,0,0,0.02,2662,0,0.0,0,17.5,0.0,0,52.9,0,3.48,Nacoes Shopping,NS,Grupo de anúncios 20260430053411,1863928955315249,CLICK,TRAF - PROMO MAES
1863928757554386,2026-05-19 00:00:00,0.0,0,0,0,0,0.0,0,0,0.0,0,0.0,0.0,0,0.0,0,0.0,Nacoes Shopping,NS,Grupo de anúncios 20260430053015,1863928702907457,REACH,ALC - PROMO MAES
1863928757554386,2026-05-09 00:00:00,0.0,23102,24,2,0,0.94,54,0,0.0,0,0.23,0.0,0,50.74,13,2.2,Nacoes Shopping,NS,Grupo de anúncios 20260430053015,1863928702907457,REACH,ALC - PROMO MAES
1863928757554386,2026-05-05 00:00:00,0.0,11818,10,0,0,1.04,20,0,0.0,0,0.17,0.0,0,20.84,6,1.76,Nacoes Shopping,NS,Grupo de anúncios 20260430053015,1863928702907457,REACH,ALC - PROMO MAES
1866451747247361,2026-05-29 00:00:00,0.0,5693,0,0,0,0.03,1354,0,0.0,0,23.78,0.0,0,36.6,0,6.43,Nacoes Shopping,NS,Grupo de anúncios 20260528015310,1866451636143266,CLICK,TRAF - NAMORADOS
1863928978860449,2026-04-30 00:00:00,0.0,4483,0,0,0,0.03,617,0,0.0,0,13.76,0.0,0,19.46,0,4.34,Nacoes Shopping,NS,Grupo de anúncios 20260430053411,1863928955315249,CLICK,TRAF - PROMO MAES
1863928978860449,2026-05-20 00:00:00,0.0,0,0,0,0,0.0,0,0,0.0,0,0.0,0.0,0,0.0,0,0.0,Nacoes Shopping,NS,Grupo de anúncios 20260430053411,1863928955315249,CLICK,TRAF - PROMO MAES
1863928978860449,2026-05-10 00:00:00,0.0,13200,0,0,0,0.02,2091,0,0.0,0,15.84,0.0,0,49.2,0,3.73,Nacoes Shopping,NS,Grupo de anúncios 20260430053411,1863928955315249,CLICK,TRAF - PROMO MAES
1863928757554386,2026-05-15 00:00:00,0.0,0,0,0,0,0.0,0,0,0.0,0,0.0,0.0,0,0.0,0,0.0,Nacoes Shopping,NS,Grupo de anúncios 20260430053015,1863928702907457,REACH,ALC - PROMO MAES
1863928978860449,2026-05-27 00:00:00,0.0,0,0,0,0,0.0,0,0,0.0,0,0.0,0.0,0,0.0,0,0.0,Nacoes Shopping,NS,Grupo de anúncios 20260430053411,1863928955315249,CLICK,TRAF - PROMO MAES
1863928978860449,2026-05-17 00:00:00,0.0,0,0,0,0,0.0,0,0,0.0,0,0.0,0.0,0,0.0,0,0.0,Nacoes Shopping,NS,Grupo de anúncios 20260430053411,1863928955315249,CLICK,TRAF - PROMO MAES
1863928978860449,2026-05-07 00:00:00,0.0,15272,0,0,0,0.03,2304,0,0.0,0,15.09,0.0,0,68.58,0,4.49,Nacoes Shopping,NS,Grupo de anúncios 20260430053411,1863928955315249,CLICK,TRAF - PROMO MAES
1863928757554386,2026-05-18 00:00:00,0.0,0,0,0,0,0.0,0,0,0.0,0,0.0,0.0,0,0.0,0,0.0,Nacoes Shopping,NS,Grupo de anúncios 20260430053015,1863928702907457,REACH,ALC - PROMO MAES
1866451828244642,2026-05-29 00:00:00,0.0,6999,4,0,0,0.0,0,0,0.0,0,0.0,0.0,0,13.41,9,1.92,Nacoes Shopping,NS,Grupo de anúncios 20260528015546,1866451828239378,REACH,ALC - TROCA DE FIGURINHAS
1863928757554386,2026-05-08 00:00:00,0.0,24675,31,1,0,0.95,57,0,0.0,0,0.23,0.0,0,54.3,18,2.2,Nacoes Shopping,NS,Grupo de anúncios 20260430053015,1863928702907457,REACH,ALC - PROMO MAES
1863928978860449,2026-05-19 00:00:00,0.0,0,0,0,0,0.0,0,0,0.0,0,0.0,0.0,0,0.0,0,0.0,Nacoes Shopping,NS,Grupo de anúncios 20260430053411,1863928955315249,CLICK,TRAF - PROMO MAES
1863928978860449,2026-05-09 00:00:00,0.0,13735,0,0,0,0.02,2395,0,0.0,0,17.44,0.0,0,58.05,0,4.23,Nacoes Shopping,NS,Grupo de anúncios 20260430053411,1863928955315249,CLICK,TRAF - PROMO MAES
1863928978860449,2026-05-06 00:00:00,0.0,6440,0,0,0,0.03,1088,0,0.0,0,16.89,0.0,0,33.04,0,5.13,Nacoes Shopping,NS,Grupo de anúncios 20260430053411,1863928955315249,CLICK,TRAF - PROMO MAES
1863928978860449,2026-05-16 00:00:00,0.0,0,0,0,0,0.0,0,0,0.0,0,0.0,0.0,0,0.0,0,0.0,Nacoes Shopping,NS,Grupo de anúncios 20260430053411,1863928955315249,CLICK,TRAF - PROMO MAES
1866451747247361,2026-05-28 00:00:00,0.0,4250,0,0,0,0.03,906,0,0.0,0,21.32,0.0,0,24.52,0,5.77,Nacoes Shopping,NS,Grupo de anúncios 20260528015310,1866451636143266,CLICK,TRAF - NAMORADOS
1863928757554386,2026-05-11 00:00:00,0.0,9731,14,2,0,0.7,31,0,0.0,0,0.32,0.0,0,21.84,4,2.24,Nacoes Shopping,NS,Grupo de anúncios 20260430053015,1863928702907457,REACH,ALC - PROMO MAES
1866442075014353,2026-05-29 00:00:00,0.0,15846,18,0,0,1.21,28,0,0.0,0,0.18,0.0,0,33.81,4,2.13,Nacoes Shopping,NS,Grupo de anúncios 20260528111721,1866441986593986,REACH,ALC - PROMO NAMORADOS 26
1863928757554386,2026-05-21 00:00:00,0.0,0,0,0,0,0.0,0,0,0.0,0,0.0,0.0,0,0.0,0,0.0,Nacoes Shopping,NS,Grupo de anúncios 20260430053015,1863928702907457,REACH,ALC - PROMO MAES
1863928757554386,2026-05-01 00:00:00,0.0,28242,41,2,0,0.69,69,0,0.0,0,0.24,0.0,0,47.49,12,1.68,Nacoes Shopping,NS,Grupo de anúncios 20260430053015,1863928702907457,REACH,ALC - PROMO MAES
1866442075014353,2026-06-12 00:00:00,0.0,12169,13,2,0,1.18,20,0,0.0,0,0.16,0.0,0,23.63,8,1.94,Nacoes Shopping,NS,Grupo de anúncios 20260528111721,1866441986593986,REACH,ALC - PROMO NAMORADOS 26
1866442075014353,2026-06-02 00:00:00,0.0,15296,20,1,2,0.9,36,0,0.0,0,0.24,0.0,0,32.33,11,2.11,Nacoes Shopping,NS,Grupo de anúncios 20260528111721,1866441986593986,REACH,ALC - PROMO NAMORADOS 26
1866442075014353,2026-06-15 00:00:00,0.0,0,0,0,0,0.0,0,0,0.0,0,0.0,0.0,0,0.0,0,0.0,Nacoes Shopping,NS,Grupo de anúncios 20260528111721,1866441986593986,REACH,ALC - PROMO NAMORADOS 26
1866442075014353,2026-06-05 00:00:00,0.0,16830,22,1,1,0.8,39,0,0.0,0,0.23,0.0,0,31.17,6,1.85,Nacoes Shopping,NS,Grupo de anúncios 20260528111721,1866441986593986,REACH,ALC - PROMO NAMORADOS 26
1863928978860449,2026-06-14 00:00:00,0.0,0,0,0,0,0.0,0,0,0.0,0,0.0,0.0,0,0.0,0,0.0,Nacoes Shopping,NS,Grupo de anúncios 20260430053411,1863928955315249,CLICK,TRAF - PROMO MAES
1866451828244642,2026-06-17 00:00:00,0.0,5421,6,0,0,0.0,0,0,0.0,0,0.0,0.0,0,10.42,4,1.92,Nacoes Shopping,NS,Grupo de anúncios 20260528015546,1866451828239378,REACH,ALC - TROCA DE FIGURINHAS
1866451828244642,2026-06-27 00:00:00,0.0,3183,2,0,0,0.0,0,0,0.0,0,0.0,0.0,0,6.25,2,1.96,Nacoes Shopping,NS,Grupo de anúncios 20260528015546,1866451828239378,REACH,ALC - TROCA DE FIGURINHAS
1866451828244642,2026-06-07 00:00:00,0.0,7833,11,2,0,0.0,0,0,0.0,0,0.0,0.0,0,11.68,10,1.49,Nacoes Shopping,NS,Grupo de anúncios 20260528015546,1866451828239378,REACH,ALC - TROCA DE FIGURINHAS
1866451747247361,2026-06-10 00:00:00,0.0,5298,0,0,0,0.02,1269,0,0.0,0,23.95,0.0,0,26.12,0,4.93,Nacoes Shopping,NS,Grupo de anúncios 20260528015310,1866451636143266,CLICK,TRAF - NAMORADOS
1866451747247361,2026-05-31 00:00:00,0.0,7174,0,0,0,0.02,1755,0,0.0,0,24.46,0.0,0,37.47,0,5.22,Nacoes Shopping,NS,Grupo de anúncios 20260528015310,1866451636143266,CLICK,TRAF - NAMORADOS
1866451747247361,2026-06-13 00:00:00,0.0,3391,0,0,0,0.02,842,0,0.0,0,24.83,0.0,0,16.98,0,5.01,Nacoes Shopping,NS,Grupo de anúncios 20260528015310,1866451636143266,CLICK,TRAF - NAMORADOS
1866442075014353,2026-06-19 00:00:00,0.0,0,0,0,0,0.0,0,0,0.0,0,0.0,0.0,0,0.0,0,0.0,Nacoes Shopping,NS,Grupo de anúncios 20260528111721,1866441986593986,REACH,ALC - PROMO NAMORADOS 26
1866442075014353,2026-06-09 00:00:00,0.0,14551,24,2,0,0.94,30,0,0.0,0,0.21,0.0,0,28.17,6,1.94,Nacoes Shopping,NS,Grupo de anúncios 20260528111721,1866441986593986,REACH,ALC - PROMO NAMORADOS 26
1866451828244642,2026-06-10 00:00:00,0.0,6469,13,2,0,0.0,0,0,0.0,0,0.0,0.0,0,11.92,3,1.84,Nacoes Shopping,NS,Grupo de anúncios 20260528015546,1866451828239378,REACH,ALC - TROCA DE FIGURINHAS
1866451828244642,2026-05-31 00:00:00,0.0,7670,8,1,0,0.0,0,0,0.0,0,0.0,0.0,0,12.93,2,1.69,Nacoes Shopping,NS,Grupo de anúncios 20260528015546,1866451828239378,REACH,ALC - TROCA DE FIGURINHAS
1866451747247361,2026-06-03 00:00:00,0.0,6372,0,0,0,0.02,1864,0,0.0,0,29.25,0.0,0,33.28,0,5.22,Nacoes Shopping,NS,Grupo de anúncios 20260528015310,1866451636143266,CLICK,TRAF - NAMORADOS
1866442075014353,2026-05-30 00:00:00,0.0,16368,24,0,2,1.05,32,0,0.0,0,0.2,0.0,0,33.67,12,2.06,Nacoes Shopping,NS,Grupo de anúncios 20260528111721,1866441986593986,REACH,ALC - PROMO NAMORADOS 26
1866451828244642,2026-06-20 00:00:00,0.0,5640,7,0,0,0.0,0,0,0.0,0,0.0,0.0,0,10.09,3,1.79,Nacoes Shopping,NS,Grupo de anúncios 20260528015546,1866451828239378,REACH,ALC - TROCA DE FIGURINHAS
1866451828244642,2026-06-23 00:00:00,0.0,4799,5,1,0,0.0,0,0,0.0,0,0.0,0.0,0,9.06,3,1.89,Nacoes Shopping,NS,Grupo de anúncios 20260528015546,1866451828239378,REACH,ALC - TROCA DE FIGURINHAS
1866451828244642,2026-06-13 00:00:00,0.0,6741,12,0,0,0.0,0,0,0.0,0,0.0,0.0,0,12.16,6,1.8,Nacoes Shopping,NS,Grupo de anúncios 20260528015546,1866451828239378,REACH,ALC - TROCA DE FIGURINHAS
1866451828244642,2026-06-03 00:00:00,0.0,7015,8,0,0,0.0,0,0,0.0,0,0.0,0.0,1,13.25,2,1.89,Nacoes Shopping,NS,Grupo de anúncios 20260528015546,1866451828239378,REACH,ALC - TROCA DE FIGURINHAS
1866442075014353,2026-06-16 00:00:00,0.0,0,0,0,0,0.0,0,0,0.0,0,0.0,0.0,0,0.0,0,0.0,Nacoes Shopping,NS,Grupo de anúncios 20260528111721,1866441986593986,REACH,ALC - PROMO NAMORADOS 26
1866442075014353,2026-06-06 00:00:00,0.0,15679,15,2,0,1.25,24,0,0.0,0,0.15,0.0,0,29.94,5,1.91,Nacoes Shopping,NS,Grupo de anúncios 20260528111721,1866441986593986,REACH,ALC - PROMO NAMORADOS 26
1863928757554386,2026-06-12 00:00:00,0.0,0,0,0,0,0.0,0,0,0.0,0,0.0,0.0,0,0.0,0,0.0,Nacoes Shopping,NS,Grupo de anúncios 20260430053015,1863928702907457,REACH,ALC - PROMO MAES
1866451747247361,2026-06-06 00:00:00,0.0,5157,0,0,0,0.02,1652,0,0.0,0,32.03,0.0,0,28.59,0,5.54,Nacoes Shopping,NS,Grupo de anúncios 20260528015310,1866451636143266,CLICK,TRAF - NAMORADOS
1866451747247361,2026-06-16 00:00:00,0.0,0,0,0,0,0.0,0,0,0.0,0,0.0,0.0,0,0.0,0,0.0,Nacoes Shopping,NS,Grupo de anúncios 20260528015310,1866451636143266,CLICK,TRAF - NAMORADOS
1866451747247361,2026-06-09 00:00:00,0.0,5541,0,0,0,0.02,1388,0,0.0,0,25.05,0.0,0,26.54,0,4.79,Nacoes Shopping,NS,Grupo de anúncios 20260528015310,1866451636143266,CLICK,TRAF - NAMORADOS
1866451747247361,2026-05-30 00:00:00,0.0,5144,0,0,0,0.02,1451,0,0.0,0,28.21,0.0,0,34.94,0,6.79,Nacoes Shopping,NS,Grupo de anúncios 20260528015310,1866451636143266,CLICK,TRAF - NAMORADOS
1863928978860449,2026-05-31 00:00:00,0.0,0,0,0,0,0.0,0,0,0.0,0,0.0,0.0,0,0.0,0,0.0,Nacoes Shopping,NS,Grupo de anúncios 20260430053411,1863928955315249,CLICK,TRAF - PROMO MAES
1866451828244642,2026-06-16 00:00:00,0.0,6457,6,1,0,0.0,0,0,0.0,0,0.0,0.0,0,11.11,2,1.72,Nacoes Shopping,NS,Grupo de anúncios 20260528015546,1866451828239378,REACH,ALC - TROCA DE FIGURINHAS
1866451828244642,2026-06-06 00:00:00,0.0,7108,9,0,0,0.0,0,0,0.0,0,0.0,0.0,0,12.09,3,1.7,Nacoes Shopping,NS,Grupo de anúncios 20260528015546,1866451828239378,REACH,ALC - TROCA DE FIGURINHAS
1866451828244642,2026-06-26 00:00:00,0.0,3524,4,0,0,0.0,0,0,0.0,0,0.0,0.0,0,7.44,4,2.11,Nacoes Shopping,NS,Grupo de anúncios 20260528015546,1866451828239378,REACH,ALC - TROCA DE FIGURINHAS
1866451747247361,2026-06-19 00:00:00,0.0,0,0,0,0,0.0,0,0,0.0,0,0.0,0.0,0,0.0,0,0.0,Nacoes Shopping,NS,Grupo de anúncios 20260528015310,1866451636143266,CLICK,TRAF - NAMORADOS
1866451828244642,2026-05-30 00:00:00,0.0,7414,11,0,0,0.0,0,0,0.0,0,0.0,0.0,0,13.61,6,1.84,Nacoes Shopping,NS,Grupo de anúncios 20260528015546,1866451828239378,REACH,ALC - TROCA DE FIGURINHAS
1866451747247361,2026-06-12 00:00:00,0.0,5321,0,0,0,0.02,1181,0,0.0,0,22.2,0.0,0,22.5,0,4.23,Nacoes Shopping,NS,Grupo de anúncios 20260528015310,1866451636143266,CLICK,TRAF - NAMORADOS
1866451747247361,2026-06-02 00:00:00,0.0,5986,0,0,0,0.02,1706,0,0.0,0,28.5,0.0,0,33.38,0,5.58,Nacoes Shopping,NS,Grupo de anúncios 20260528015310,1866451636143266,CLICK,TRAF - NAMORADOS
1866451828244642,2026-06-19 00:00:00,0.0,5043,2,0,0,0.0,0,0,0.0,0,0.0,0.0,0,10.64,3,2.11,Nacoes Shopping,NS,Grupo de anúncios 20260528015546,1866451828239378,REACH,ALC - TROCA DE FIGURINHAS
1866451828244642,2026-06-09 00:00:00,0.0,6770,7,0,0,0.0,0,0,0.0,0,0.0,0.0,0,11.52,5,1.7,Nacoes Shopping,NS,Grupo de anúncios 20260528015546,1866451828239378,REACH,ALC - TROCA DE FIGURINHAS
1866442075014353,2026-06-13 00:00:00,0.0,10506,13,0,0,1.03,19,0,0.0,0,0.18,0.0,0,19.51,8,1.86,Nacoes Shopping,NS,Grupo de anúncios 20260528111721,1866441986593986,REACH,ALC - PROMO NAMORADOS 26
1866442075014353,2026-06-03 00:00:00,0.0,14820,20,1,0,0.85,39,0,0.0,0,0.26,0.0,0,33.03,6,2.23,Nacoes Shopping,NS,Grupo de anúncios 20260528111721,1866441986593986,REACH,ALC - PROMO NAMORADOS 26
1866442075014353,2026-06-17 00:00:00,0.0,0,0,0,0,0.0,0,0,0.0,0,0.0,0.0,0,0.0,0,0.0,Nacoes Shopping,NS,Grupo de anúncios 20260528111721,1866441986593986,REACH,ALC - PROMO NAMORADOS 26
1866442075014353,2026-06-27 00:00:00,0.0,0,0,0,0,0.0,0,0,0.0,0,0.0,0.0,0,0.0,0,0.0,Nacoes Shopping,NS,Grupo de anúncios 20260528111721,1866441986593986,REACH,ALC - PROMO NAMORADOS 26
1866442075014353,2026-06-07 00:00:00,0.0,16696,24,0,1,1.11,26,0,0.0,0,0.16,0.0,0,28.93,12,1.73,Nacoes Shopping,NS,Grupo de anúncios 20260528111721,1866441986593986,REACH,ALC - PROMO NAMORADOS 26
1866442075014353,2026-06-10 00:00:00,0.0,13023,19,0,0,1.95,14,0,0.0,0,0.11,0.0,0,27.32,4,2.1,Nacoes Shopping,NS,Grupo de anúncios 20260528111721,1866441986593986,REACH,ALC - PROMO NAMORADOS 26
1866442075014353,2026-05-31 00:00:00,0.0,17145,21,1,1,0.71,48,0,0.0,0,0.28,0.0,0,33.95,5,1.98,Nacoes Shopping,NS,Grupo de anúncios 20260528111721,1866441986593986,REACH,ALC - PROMO NAMORADOS 26
1863928978860449,2026-05-30 00:00:00,0.0,0,0,0,0,0.0,0,0,0.0,0,0.0,0.0,0,0.0,0,0.0,Nacoes Shopping,NS,Grupo de anúncios 20260430053411,1863928955315249,CLICK,TRAF - PROMO MAES
1866451828244642,2026-06-22 00:00:00,0.0,5118,2,0,0,0.0,0,0,0.0,0,0.0,0.0,0,8.85,4,1.73,Nacoes Shopping,NS,Grupo de anúncios 20260528015546,1866451828239378,REACH,ALC - TROCA DE FIGURINHAS
1866451828244642,2026-06-12 00:00:00,0.0,6298,8,0,0,0.0,0,0,0.0,0,0.0,0.0,0,11.71,3,1.86,Nacoes Shopping,NS,Grupo de anúncios 20260528015546,1866451828239378,REACH,ALC - TROCA DE FIGURINHAS
1866451828244642,2026-06-02 00:00:00,0.0,7069,6,0,0,0.0,0,0,0.0,0,0.0,0.0,0,12.85,6,1.82,Nacoes Shopping,NS,Grupo de anúncios 20260528015546,1866451828239378,REACH,ALC - TROCA DE FIGURINHAS
1866451747247361,2026-06-15 00:00:00,0.0,0,0,0,0,0.0,0,0,0.0,0,0.0,0.0,0,0.0,0,0.0,Nacoes Shopping,NS,Grupo de anúncios 20260528015310,1866451636143266,CLICK,TRAF - NAMORADOS
1866451747247361,2026-06-05 00:00:00,0.0,5425,0,0,0,0.02,1688,0,0.0,0,31.12,0.0,0,27.94,0,5.15,Nacoes Shopping,NS,Grupo de anúncios 20260528015310,1866451636143266,CLICK,TRAF - NAMORADOS
1866451747247361,2026-06-18 00:00:00,0.0,0,0,0,0,0.0,0,0,0.0,0,0.0,0.0,0,0.0,0,0.0,Nacoes Shopping,NS,Grupo de anúncios 20260528015310,1866451636143266,CLICK,TRAF - NAMORADOS
1866451747247361,2026-06-08 00:00:00,0.0,5279,0,0,0,0.02,1519,0,0.0,0,28.77,0.0,0,27.33,0,5.18,Nacoes Shopping,NS,Grupo de anúncios 20260528015310,1866451636143266,CLICK,TRAF - NAMORADOS
1866442075014353,2026-06-14 00:00:00,0.0,1265,0,0,0,2.33,1,0,0.0,0,0.08,0.0,0,2.33,1,1.84,Nacoes Shopping,NS,Grupo de anúncios 20260528111721,1866441986593986,REACH,ALC - PROMO NAMORADOS 26
1866451828244642,2026-06-15 00:00:00,0.0,7367,7,1,0,0.0,0,0,0.0,0,0.0,0.0,0,10.92,2,1.48,Nacoes Shopping,NS,Grupo de anúncios 20260528015546,1866451828239378,REACH,ALC - TROCA DE FIGURINHAS
1866451828244642,2026-06-05 00:00:00,0.0,7279,9,1,0,0.0,0,0,0.0,0,0.0,0.0,0,12.27,5,1.69,Nacoes Shopping,NS,Grupo de anúncios 20260528015546,1866451828239378,REACH,ALC - TROCA DE FIGURINHAS
1866442075014353,2026-06-04 00:00:00,0.0,16101,15,1,0,0.92,37,0,0.0,0,0.23,0.0,0,34.14,8,2.12,Nacoes Shopping,NS,Grupo de anúncios 20260528111721,1866441986593986,REACH,ALC - PROMO NAMORADOS 26
1866451828244642,2026-06-25 00:00:00,0.0,4231,3,0,0,0.0,0,0,0.0,0,0.0,0.0,0,8.64,1,2.04,Nacoes Shopping,NS,Grupo de anúncios 20260528015546,1866451828239378,REACH,ALC - TROCA DE FIGURINHAS
1863928978860449,2026-06-16 00:00:00,0.0,0,0,0,0,0.0,0,0,0.0,0,0.0,0.0,0,0.0,0,0.0,Nacoes Shopping,NS,Grupo de anúncios 20260430053411,1863928955315249,CLICK,TRAF - PROMO MAES
1866451828244642,2026-06-28 00:00:00,0.0,2967,2,0,0,0.0,0,0,0.0,0,0.0,0.0,0,4.78,4,1.61,Nacoes Shopping,NS,Grupo de anúncios 20260528015546,1866451828239378,REACH,ALC - TROCA DE FIGURINHAS
1866451828244642,2026-06-18 00:00:00,0.0,5976,5,0,0,0.0,0,0,0.0,0,0.0,0.0,0,11.38,5,1.9,Nacoes Shopping,NS,Grupo de anúncios 20260528015546,1866451828239378,REACH,ALC - TROCA DE FIGURINHAS
1866451828244642,2026-06-08 00:00:00,0.0,7350,10,1,0,0.0,0,0,0.0,0,0.0,0.0,0,11.9,4,1.62,Nacoes Shopping,NS,Grupo de anúncios 20260528015546,1866451828239378,REACH,ALC - TROCA DE FIGURINHAS
1866442075014353,2026-06-21 00:00:00,0.0,0,0,0,0,0.0,0,0,0.0,0,0.0,0.0,0,0.0,0,0.0,Nacoes Shopping,NS,Grupo de anúncios 20260528111721,1866441986593986,REACH,ALC - PROMO NAMORADOS 26
1866442075014353,2026-06-11 00:00:00,0.0,13406,12,1,0,1.46,18,0,0.0,0,0.13,0.0,0,26.34,6,1.96,Nacoes Shopping,NS,Grupo de anúncios 20260528111721,1866441986593986,REACH,ALC - PROMO NAMORADOS 26
1866442075014353,2026-06-01 00:00:00,0.0,18000,21,3,1,0.96,35,0,0.0,0,0.19,0.0,0,33.69,11,1.87,Nacoes Shopping,NS,Grupo de anúncios 20260528111721,1866441986593986,REACH,ALC - PROMO NAMORADOS 26
1866451747247361,2026-06-01 00:00:00,0.0,6281,0,0,0,0.02,1824,0,0.0,0,29.04,0.0,0,33.87,0,5.39,Nacoes Shopping,NS,Grupo de anúncios 20260528015310,1866451636143266,CLICK,TRAF - NAMORADOS
1866451747247361,2026-06-21 00:00:00,0.0,0,0,0,0,0.0,0,0,0.0,0,0.0,0.0,0,0.0,0,0.0,Nacoes Shopping,NS,Grupo de anúncios 20260528015310,1866451636143266,CLICK,TRAF - NAMORADOS
1866451747247361,2026-06-11 00:00:00,0.0,4993,0,0,0,0.02,1245,0,0.0,0,24.93,0.0,0,23.87,0,4.78,Nacoes Shopping,NS,Grupo de anúncios 20260528015310,1866451636143266,CLICK,TRAF - NAMORADOS
1866451747247361,2026-06-04 00:00:00,0.0,6654,0,0,0,0.02,2122,0,0.0,0,31.89,0.0,0,32.48,0,4.88,Nacoes Shopping,NS,Grupo de anúncios 20260528015310,1866451636143266,CLICK,TRAF - NAMORADOS
1863928978860449,2026-06-18 00:00:00,0.0,0,0,0,0,0.0,0,0,0.0,0,0.0,0.0,0,0.0,0,0.0,Nacoes Shopping,NS,Grupo de anúncios 20260430053411,1863928955315249,CLICK,TRAF - PROMO MAES
1866451828244642,2026-06-21 00:00:00,0.0,5663,4,1,0,0.0,0,0,0.0,0,0.0,0.0,0,9.31,1,1.64,Nacoes Shopping,NS,Grupo de anúncios 20260528015546,1866451828239378,REACH,ALC - TROCA DE FIGURINHAS
1866451828244642,2026-06-11 00:00:00,0.0,6397,6,1,0,0.0,0,0,0.0,0,0.0,0.0,0,11.71,1,1.83,Nacoes Shopping,NS,Grupo de anúncios 20260528015546,1866451828239378,REACH,ALC - TROCA DE FIGURINHAS
1866451828244642,2026-06-01 00:00:00,0.0,8189,13,1,0,0.0,0,0,0.0,0,0.0,0.0,0,13.04,3,1.59,Nacoes Shopping,NS,Grupo de anúncios 20260528015546,1866451828239378,REACH,ALC - TROCA DE FIGURINHAS
1848504752053361,2026-06-23 00:00:00,0.0,0,0,0,0,0.0,0,0,0.0,0,0.0,0.0,0,0.0,0,0.0,Nacoes Shopping,NS,TRAF - NATAL 25,1848504928619618,CLICK,TRAF - NATAL 25
1866451747247361,2026-06-14 00:00:00,0.0,694,0,0,0,0.02,185,0,0.0,0,26.66,0.0,0,3.6,0,5.19,Nacoes Shopping,NS,Grupo de anúncios 20260528015310,1866451636143266,CLICK,TRAF - NAMORADOS
1866451828244642,2026-06-04 00:00:00,0.0,7190,9,0,0,0.0,0,0,0.0,0,0.0,0.0,0,13.25,3,1.84,Nacoes Shopping,NS,Grupo de anúncios 20260528015546,1866451828239378,REACH,ALC - TROCA DE FIGURINHAS
1866451747247361,2026-06-17 00:00:00,0.0,0,0,0,0,0.0,0,0,0.0,0,0.0,0.0,0,0.0,0,0.0,Nacoes Shopping,NS,Grupo de anúncios 20260528015310,1866451636143266,CLICK,TRAF - NAMORADOS
1866451747247361,2026-06-07 00:00:00,0.0,6031,0,0,0,0.02,1878,0,0.0,0,31.14,0.0,0,29.99,0,4.97,Nacoes Shopping,NS,Grupo de anúncios 20260528015310,1866451636143266,CLICK,TRAF - NAMORADOS
1866451828244642,2026-06-24 00:00:00,0.0,3989,2,0,0,0.0,0,0,0.0,0,0.0,0.0,0,8.7,3,2.18,Nacoes Shopping,NS,Grupo de anúncios 20260528015546,1866451828239378,REACH,ALC - TROCA DE FIGURINHAS
1866451828244642,2026-06-14 00:00:00,0.0,7783,7,1,1,0.0,0,0,0.0,0,0.0,0.0,0,11.51,5,1.48,Nacoes Shopping,NS,Grupo de anúncios 20260528015546,1866451828239378,REACH,ALC - TROCA DE FIGURINHAS
1866442075014353,2026-06-18 00:00:00,0.0,0,0,0,0,0.0,0,0,0.0,0,0.0,0.0,0,0.0,0,0.0,Nacoes Shopping,NS,Grupo de anúncios 20260528111721,1866441986593986,REACH,ALC - PROMO NAMORADOS 26
1866442075014353,2026-06-08 00:00:00,0.0,15610,18,0,0,0.92,31,0,0.0,0,0.2,0.0,0,28.46,10,1.82,Nacoes Shopping,NS,Grupo de anúncios 20260528111721,1866441986593986,REACH,ALC - PROMO NAMORADOS 26
1869534282602850,2026-07-10 00:00:00,0.0,0,0,0,0,0.0,0,0,0.0,0,0.0,0.0,0,0.0,0,0.0,Nacoes Shopping,NS,Ad group 20260701022751,1869534270825826,REACH,ALC - SALE
1869534282602850,2026-07-05 00:00:00,0.0,15521,21,1,0,0.0,0,0,0.0,0,0.0,0.0,1,47.53,11,3.06,Nacoes Shopping,NS,Ad group 20260701022751,1869534270825826,REACH,ALC - SALE
1869534269968849,2026-07-12 00:00:00,0.0,0,0,0,0,0.0,0,0,0.0,0,0.0,0.0,0,0.0,0,0.0,Nacoes Shopping,NS,Ad group 20260701023153,1869534510406689,FOLLOWERS,Interações com a comunidade - NS
1869534269968849,2026-07-07 00:00:00,0.0,1361,4,3,0,0.0,0,0,0.0,0,0.0,0.0,0,16.31,14,11.98,Nacoes Shopping,NS,Ad group 20260701023153,1869534510406689,FOLLOWERS,Interações com a comunidade - NS
1869534269968849,2026-07-02 00:00:00,0.0,2135,4,32,0,0.0,0,0,0.0,0,0.0,0.0,2,42.54,64,19.93,Nacoes Shopping,NS,Ad group 20260701023153,1869534510406689,FOLLOWERS,Interações com a comunidade - NS
1869534269968849,2026-07-05 00:00:00,0.0,4047,19,35,0,0.0,0,0,0.0,0,0.0,0.0,1,34.65,93,8.56,Nacoes Shopping,NS,Ad group 20260701023153,1869534510406689,FOLLOWERS,Interações com a comunidade - NS
1866451747247361,2026-06-30 00:00:00,0.0,0,0,0,0,0.0,0,0,0.0,0,0.0,0.0,0,0.0,0,0.0,Nacoes Shopping,NS,Grupo de anúncios 20260528015310,1866451636143266,CLICK,TRAF - NAMORADOS
1866451828244642,2026-06-30 00:00:00,0.0,87,0,0,0,0.0,0,0,0.0,0,0.0,0.0,0,0.22,0,2.53,Nacoes Shopping,NS,Grupo de anúncios 20260528015546,1866451828239378,REACH,ALC - TROCA DE FIGURINHAS
1863928978860449,2026-07-01 00:00:00,0.0,0,0,0,0,0.0,0,0,0.0,0,0.0,0.0,0,0.0,0,0.0,Nacoes Shopping,NS,Grupo de anúncios 20260430053411,1863928955315249,CLICK,TRAF - PROMO MAES
1869534282602850,2026-07-07 00:00:00,0.0,0,0,0,0,0.0,0,0,0.0,0,0.0,0.0,0,0.0,0,0.0,Nacoes Shopping,NS,Ad group 20260701022751,1869534270825826,REACH,ALC - SALE
1869534282602850,2026-07-02 00:00:00,0.0,60377,125,5,0,0.0,0,0,0.0,0,0.0,0.0,1,131.54,67,2.18,Nacoes Shopping,NS,Ad group 20260701022751,1869534270825826,REACH,ALC - SALE
1869534269968849,2026-07-08 00:00:00,0.0,0,0,0,0,0.0,0,0,0.0,0,0.0,0.0,0,0.0,0,0.0,Nacoes Shopping,NS,Ad group 20260701023153,1869534510406689,FOLLOWERS,Interações com a comunidade - NS
1869534269968849,2026-07-03 00:00:00,0.0,3355,12,41,0,0.0,0,0,0.0,0,0.0,0.0,0,32.91,98,9.81,Nacoes Shopping,NS,Ad group 20260701023153,1869534510406689,FOLLOWERS,Interações com a comunidade - NS
1866451828244642,2026-07-13 00:00:00,0.0,0,0,0,0,0.0,0,0,0.0,0,0.0,0.0,0,0.0,0,0.0,Nacoes Shopping,NS,Grupo de anúncios 20260528015546,1866451828239378,REACH,ALC - TROCA DE FIGURINHAS
1866451828244642,2026-07-03 00:00:00,0.0,0,0,0,0,0.0,0,0,0.0,0,0.0,0.0,0,0.0,0,0.0,Nacoes Shopping,NS,Grupo de anúncios 20260528015546,1866451828239378,REACH,ALC - TROCA DE FIGURINHAS
1848504752053361,2026-07-25 00:00:00,0.0,0,0,0,0,0.0,0,0,0.0,0,0.0,0.0,0,0.0,0,0.0,Nacoes Shopping,NS,TRAF - NATAL 25,1848504928619618,CLICK,TRAF - NATAL 25
1869534269968849,2026-07-06 00:00:00,0.0,3467,19,36,0,0.0,0,0,0.0,0,0.0,0.0,0,32.38,65,9.34,Nacoes Shopping,NS,Ad group 20260701023153,1869534510406689,FOLLOWERS,Interações com a comunidade - NS
1869534269968849,2026-07-01 00:00:00,0.0,941,4,13,0,0.0,0,0,0.0,0,0.0,0.0,0,19.97,42,21.22,Nacoes Shopping,NS,Ad group 20260701023153,1869534510406689,FOLLOWERS,Interações com a comunidade - NS
1869534282602850,2026-07-06 00:00:00,0.0,0,0,0,0,0.0,0,0,0.0,0,0.0,0.0,0,0.0,0,0.0,Nacoes Shopping,NS,Ad group 20260701022751,1869534270825826,REACH,ALC - SALE
1869534282602850,2026-07-01 00:00:00,0.0,42592,52,3,1,0.0,0,0,0.0,0,0.0,0.0,0,59.49,39,1.4,Nacoes Shopping,NS,Ad group 20260701022751,1869534270825826,REACH,ALC - SALE
1869534282602850,2026-07-09 00:00:00,0.0,0,0,0,0,0.0,0,0,0.0,0,0.0,0.0,0,0.0,0,0.0,Nacoes Shopping,NS,Ad group 20260701022751,1869534270825826,REACH,ALC - SALE
1869534282602850,2026-07-04 00:00:00,0.0,45358,76,7,1,0.0,0,0,0.0,0,0.0,0.0,0,129.46,49,2.85,Nacoes Shopping,NS,Ad group 20260701022751,1869534270825826,REACH,ALC - SALE
1869534282602850,2026-07-19 00:00:00,0.0,0,0,0,0,0.0,0,0,0.0,0,0.0,0.0,0,0.0,0,0.0,Nacoes Shopping,NS,Ad group 20260701022751,1869534270825826,REACH,ALC - SALE
1869534269968849,2026-07-11 00:00:00,0.0,0,0,0,0,0.0,0,0,0.0,0,0.0,0.0,0,0.0,0,0.0,Nacoes Shopping,NS,Ad group 20260701023153,1869534510406689,FOLLOWERS,Interações com a comunidade - NS
1869534269968849,2026-07-04 00:00:00,0.0,3242,11,43,0,0.0,0,0,0.0,0,0.0,0.0,0,34.07,86,10.51,Nacoes Shopping,NS,Ad group 20260701023153,1869534510406689,FOLLOWERS,Interações com a comunidade - NS
1869534282602850,2026-07-08 00:00:00,0.0,0,0,0,0,0.0,0,0,0.0,0,0.0,0.0,0,0.0,0,0.0,Nacoes Shopping,NS,Ad group 20260701022751,1869534270825826,REACH,ALC - SALE
1866451747247361,2026-07-04 00:00:00,0.0,0,0,0,0,0.0,0,0,0.0,0,0.0,0.0,0,0.0,0,0.0,Nacoes Shopping,NS,Grupo de anúncios 20260528015310,1866451636143266,CLICK,TRAF - NAMORADOS
1848504752053361,2026-07-03 00:00:00,0.0,0,0,0,0,0.0,0,0,0.0,0,0.0,0.0,0,0.0,0,0.0,Nacoes Shopping,NS,TRAF - NATAL 25,1848504928619618,CLICK,TRAF - NATAL 25
1869534282602850,2026-07-03 00:00:00,0.0,50990,77,8,2,0.0,0,0,0.0,0,0.0,0.0,1,131.98,45,2.59,Nacoes Shopping,NS,Ad group 20260701022751,1869534270825826,REACH,ALC - SALE
1866451828244642,2026-07-01 00:00:00,0.0,0,0,0,0,0.0,0,0,0.0,0,0.0,0.0,0,0.0,0,0.0,Nacoes Shopping,NS,Grupo de anúncios 20260528015546,1866451828239378,REACH,ALC - TROCA DE FIGURINHAS
1866451828244642,2026-06-29 00:00:00,0.0,1776,1,0,0,0.0,0,0,0.0,0,0.0,0.0,0,3.62,0,2.04,Nacoes Shopping,NS,Grupo de anúncios 20260528015546,1866451828239378,REACH,ALC - TROCA DE FIGURINHAS
1866451828244642,2026-07-04 00:00:00,0.0,0,0,0,0,0.0,0,0,0.0,0,0.0,0.0,0,0.0,0,0.0,Nacoes Shopping,NS,Grupo de anúncios 20260528015546,1866451828239378,REACH,ALC - TROCA DE FIGURINHAS
1872627476600850,2026-08-11 00:00:00,0.0,20842,38,1,0,0.86,50,0,0.0,0,0.24,0.0,0,42.78,14,2.05,Nacoes Shopping,NS,Ad group 20260804055438,1872627476581490,REACH,ALC - PAIS 26 
1872627476600850,2026-08-06 00:00:00,0.0,24601,34,2,0,1.22,38,0,0.0,0,0.15,0.0,0,46.26,13,1.88,Nacoes Shopping,NS,Ad group 20260804055438,1872627476581490,REACH,ALC - PAIS 26 
1872627476600850,2026-08-26 00:00:00,0.0,0,0,0,0,0.0,0,0,0.0,0,0.0,0.0,0,0.0,0,0.0,Nacoes Shopping,NS,Ad group 20260804055438,1872627476581490,REACH,ALC - PAIS 26 
1872627476600850,2026-08-21 00:00:00,0.0,0,0,0,0,0.0,0,0,0.0,0,0.0,0.0,0,0.0,0,0.0,Nacoes Shopping,NS,Ad group 20260804055438,1872627476581490,REACH,ALC - PAIS 26 
1872627476600850,2026-08-16 00:00:00,0.0,10198,12,3,2,1.07,20,0,0.0,0,0.2,0.0,0,21.38,11,2.1,Nacoes Shopping,NS,Ad group 20260804055438,1872627476581490,REACH,ALC - PAIS 26 
1872627664136306,2026-08-16 00:00:00,0.0,722,1,1,0,4.78,5,0,0.0,0,0.69,0.0,0,23.88,1,33.07,Nacoes Shopping,NS,Ad group 20260804055727,1872627587449090,CLICK,TRAF - PAIS 26 
1872627664136306,2026-08-11 00:00:00,0.0,198,0,1,0,2.39,2,0,0.0,0,1.01,0.0,0,4.77,0,24.09,Nacoes Shopping,NS,Ad group 20260804055727,1872627587449090,CLICK,TRAF - PAIS 26 
1872627664136306,2026-08-06 00:00:00,0.0,181,0,0,0,0.0,0,0,0.0,0,0.0,0.0,0,0.0,0,0.0,Nacoes Shopping,NS,Ad group 20260804055727,1872627587449090,CLICK,TRAF - PAIS 26 
1872627664136306,2026-08-19 00:00:00,0.0,0,0,0,0,0.0,0,0,0.0,0,0.0,0.0,0,0.0,0,0.0,Nacoes Shopping,NS,Ad group 20260804055727,1872627587449090,CLICK,TRAF - PAIS 26 
1872627664136306,2026-08-14 00:00:00,0.0,390,0,0,0,11.82,1,0,0.0,0,0.26,0.0,0,11.82,0,30.31,Nacoes Shopping,NS,Ad group 20260804055727,1872627587449090,CLICK,TRAF - PAIS 26 
1872627664136306,2026-08-09 00:00:00,0.0,290,1,0,0,1.51,12,0,0.0,0,4.14,0.0,0,18.13,0,62.52,Nacoes Shopping,NS,Ad group 20260804055727,1872627587449090,CLICK,TRAF - PAIS 26 
1872627664136306,2026-08-18 00:00:00,0.0,251,0,0,0,3.99,6,0,0.0,0,2.39,0.0,0,23.95,1,95.42,Nacoes Shopping,NS,Ad group 20260804055727,1872627587449090,CLICK,TRAF - PAIS 26 
1872627664136306,2026-08-13 00:00:00,0.0,502,1,1,0,6.66,4,0,0.0,0,0.8,0.0,0,26.65,2,53.09,Nacoes Shopping,NS,Ad group 20260804055727,1872627587449090,CLICK,TRAF - PAIS 26 
1872627664136306,2026-08-08 00:00:00,0.0,414,2,0,0,3.16,6,0,0.0,0,1.45,0.0,0,18.95,1,45.77,Nacoes Shopping,NS,Ad group 20260804055727,1872627587449090,CLICK,TRAF - PAIS 26 
1872627476600850,2026-08-18 00:00:00,0.0,0,0,0,0,0.0,0,0,0.0,0,0.0,0.0,0,0.0,0,0.0,Nacoes Shopping,NS,Ad group 20260804055438,1872627476581490,REACH,ALC - PAIS 26 
1866451747247361,2026-08-12 00:00:00,0.0,0,0,0,0,0.0,0,0,0.0,0,0.0,0.0,0,0.0,0,0.0,Nacoes Shopping,NS,Grupo de anúncios 20260528015310,1866451636143266,CLICK,TRAF - NAMORADOS
1872627476600850,2026-08-23 00:00:00,0.0,0,0,0,0,0.0,0,0,0.0,0,0.0,0.0,0,0.0,0,0.0,Nacoes Shopping,NS,Ad group 20260804055438,1872627476581490,REACH,ALC - PAIS 26 
1872627476600850,2026-08-13 00:00:00,0.0,19750,27,2,1,0.99,40,0,0.0,0,0.2,0.0,0,39.53,12,2.0,Nacoes Shopping,NS,Ad group 20260804055438,1872627476581490,REACH,ALC - PAIS 26 
1872627476600850,2026-08-08 00:00:00,0.0,22355,42,3,0,0.9,51,0,0.0,0,0.23,0.0,0,45.92,17,2.05,Nacoes Shopping,NS,Ad group 20260804055438,1872627476581490,REACH,ALC - PAIS 26 
1872627664136306,2026-08-05 00:00:00,0.0,152,2,0,0,8.45,3,0,0.0,0,1.97,0.0,0,25.34,0,166.71,Nacoes Shopping,NS,Ad group 20260804055727,1872627587449090,CLICK,TRAF - PAIS 26 
1872627664136306,2026-08-10 00:00:00,0.0,214,0,0,0,5.26,4,0,0.0,0,1.87,0.0,0,21.02,0,98.22,Nacoes Shopping,NS,Ad group 20260804055727,1872627587449090,CLICK,TRAF - PAIS 26 
1872627664136306,2026-08-15 00:00:00,0.0,595,1,1,0,8.06,5,0,0.0,0,0.84,0.0,0,40.32,1,67.76,Nacoes Shopping,NS,Ad group 20260804055727,1872627587449090,CLICK,TRAF - PAIS 26 
1872627476600850,2026-08-27 00:00:00,0.0,0,0,0,0,0.0,0,0,0.0,0,0.0,0.0,0,0.0,0,0.0,Nacoes Shopping,NS,Ad group 20260804055438,1872627476581490,REACH,ALC - PAIS 26 
1872627476600850,2026-08-22 00:00:00,0.0,0,0,0,0,0.0,0,0,0.0,0,0.0,0.0,0,0.0,0,0.0,Nacoes Shopping,NS,Ad group 20260804055438,1872627476581490,REACH,ALC - PAIS 26 
1872627476600850,2026-08-17 00:00:00,0.0,0,0,0,0,0.0,0,0,0.0,0,0.0,0.0,0,0.0,0,0.0,Nacoes Shopping,NS,Ad group 20260804055438,1872627476581490,REACH,ALC - PAIS 26 
1872627476600850,2026-08-12 00:00:00,0.0,20032,32,0,0,0.67,60,0,0.0,0,0.3,0.0,0,40.14,14,2.0,Nacoes Shopping,NS,Ad group 20260804055438,1872627476581490,REACH,ALC - PAIS 26 
1872627476600850,2026-08-20 00:00:00,0.0,0,0,0,0,0.0,0,0,0.0,0,0.0,0.0,0,0.0,0,0.0,Nacoes Shopping,NS,Ad group 20260804055438,1872627476581490,REACH,ALC - PAIS 26 
1872627476600850,2026-08-15 00:00:00,0.0,21066,23,1,0,1.06,43,0,0.0,0,0.2,0.0,0,45.63,9,2.17,Nacoes Shopping,NS,Ad group 20260804055438,1872627476581490,REACH,ALC - PAIS 26 
1872627476600850,2026-08-10 00:00:00,0.0,21494,37,2,1,0.85,52,0,0.0,0,0.24,0.0,0,43.96,15,2.05,Nacoes Shopping,NS,Ad group 20260804055438,1872627476581490,REACH,ALC - PAIS 26 
1872627476600850,2026-08-05 00:00:00,0.0,27076,37,4,0,0.99,45,0,0.0,0,0.17,0.0,0,44.77,20,1.65,Nacoes Shopping,NS,Ad group 20260804055438,1872627476581490,REACH,ALC - PAIS 26 
1872627476600850,2026-08-04 00:00:00,0.0,264,0,0,0,0.0,0,0,0.0,0,0.0,0.0,0,0.24,0,0.91,Nacoes Shopping,NS,Ad group 20260804055438,1872627476581490,REACH,ALC - PAIS 26 
1872627476600850,2026-08-14 00:00:00,0.0,18862,35,0,2,0.75,51,0,0.0,0,0.27,0.0,0,38.29,16,2.03,Nacoes Shopping,NS,Ad group 20260804055438,1872627476581490,REACH,ALC - PAIS 26 
1872627476600850,2026-08-09 00:00:00,0.0,22987,37,4,0,0.88,51,0,0.0,0,0.22,0.0,0,44.91,11,1.95,Nacoes Shopping,NS,Ad group 20260804055438,1872627476581490,REACH,ALC - PAIS 26 
1872627476600850,2026-08-24 00:00:00,0.0,0,0,0,0,0.0,0,0,0.0,0,0.0,0.0,0,0.0,0,0.0,Nacoes Shopping,NS,Ad group 20260804055438,1872627476581490,REACH,ALC - PAIS 26 
1872627476600850,2026-08-19 00:00:00,0.0,0,0,0,0,0.0,0,0,0.0,0,0.0,0.0,0,0.0,0,0.0,Nacoes Shopping,NS,Ad group 20260804055438,1872627476581490,REACH,ALC - PAIS 26 
1872627476600850,2026-08-07 00:00:00,0.0,23311,33,0,2,1.18,39,0,0.0,0,0.17,0.0,0,46.19,19,1.98,Nacoes Shopping,NS,Ad group 20260804055438,1872627476581490,REACH,ALC - PAIS 26 
1872627664136306,2026-08-12 00:00:00,0.0,475,4,0,0,2.79,4,0,0.0,0,0.84,0.0,0,11.17,0,23.52,Nacoes Shopping,NS,Ad group 20260804055727,1872627587449090,CLICK,TRAF - PAIS 26 
1872627664136306,2026-08-07 00:00:00,0.0,135,3,0,0,2.75,2,0,0.0,0,1.48,0.0,0,5.5,0,40.74,Nacoes Shopping,NS,Ad group 20260804055727,1872627587449090,CLICK,TRAF - PAIS 26 
1872627664136306,2026-08-17 00:00:00,0.0,554,1,0,0,13.22,5,0,0.0,0,0.9,0.0,0,66.11,1,119.33,Nacoes Shopping,NS,Ad group 20260804055727,1872627587449090,CLICK,TRAF - PAIS 26 
1866451828244642,2026-08-29 00:00:00,0.0,0,0,0,0,0.0,0,0,0.0,0,0.0,0.0,0,0.0,0,0.0,Nacoes Shopping,NS,Grupo de anúncios 20260528015546,1866451828239378,REACH,ALC - TROCA DE FIGURINHAS
1863928978860449,2026-08-31 00:00:00,0.0,0,0,0,0,0.0,0,0,0.0,0,0.0,0.0,0,0.0,0,0.0,Nacoes Shopping,NS,Grupo de anúncios 20260430053411,1863928955315249,CLICK,TRAF - PROMO MAES
1872627476600850,2026-08-28 00:00:00,0.0,0,0,0,0,0.0,0,0,0.0,0,0.0,0.0,0,0.0,0,0.0,Nacoes Shopping,NS,Ad group 20260804055438,1872627476581490,REACH,ALC - PAIS 26 
