campaign_id,stat_time_day,ctr,conversion,impressions,cpm,follows,shares,clicks_on_music_disc,cpc,clicks,spend,likes,cost_per_conversion,profile_visits,comments,total_complete_payment_rate,conversion_rate,shopping,shopping_sigla,campaign_name,objective_type
1839172523773954,2025-08-26 00:00:00,0.0,0,4971,2.33,1,0,0,0.0,0,11.57,3,0.0,8,0,0.0,0.0,Nacoes Shopping,NS,ALC - Conteúdos  de Julho/Ago ,REACH
1839172523773954,2025-08-16 00:00:00,0.0,0,8732,2.08,0,0,0,0.0,0,18.16,7,0.0,23,0,0.0,0.0,Nacoes Shopping,NS,ALC - Conteúdos  de Julho/Ago ,REACH
1839171851594785,2025-08-27 00:00:00,0.0,0,5354,2.46,0,0,0,0.0,0,13.16,5,0.0,9,0,0.0,0.0,Nacoes Shopping,NS,Alcance - Copo Stitch ,REACH
1839172523773954,2025-08-06 00:00:00,0.0,0,8448,2.21,3,1,0,0.0,0,18.68,8,0.0,14,0,0.0,0.0,Nacoes Shopping,NS,ALC - Conteúdos  de Julho/Ago ,REACH
1839171851594785,2025-08-17 00:00:00,0.0,0,8164,2.01,4,2,0,0.0,0,16.4,15,0.0,28,0,0.0,0.0,Nacoes Shopping,NS,Alcance - Copo Stitch ,REACH
1839171851594785,2025-08-07 00:00:00,0.0,0,8992,2.09,5,0,0,0.0,0,18.76,12,0.0,29,1,0.0,0.0,Nacoes Shopping,NS,Alcance - Copo Stitch ,REACH
1841798413913185,2025-08-30 00:00:00,0.0,0,19748,2.26,14,1,0,0.0,0,44.6,61,0.0,53,4,0.0,0.0,Nacoes Shopping,NS,Alcance - Conteúdos Ago/Set ,REACH
1837823875988513,2025-08-03 00:00:00,0.0,0,0,0.0,0,0,0,0.0,0,0.0,0,0.0,0,0,0.0,0.0,Nacoes Shopping,NS,ALC -  tendência athleisure ,REACH
1839171851594785,2025-08-14 00:00:00,0.0,0,8978,1.95,2,1,0,0.0,0,17.48,7,0.0,25,0,0.0,0.0,Nacoes Shopping,NS,Alcance - Copo Stitch ,REACH
1839171851594785,2025-08-04 00:00:00,0.0,0,9470,1.94,4,0,0,0.0,0,18.38,24,0.0,38,6,0.0,0.0,Nacoes Shopping,NS,Alcance - Copo Stitch ,REACH
1839171851594785,2025-08-24 00:00:00,0.0,0,6338,2.1,2,0,0,0.0,0,13.29,8,0.0,15,3,0.0,0.0,Nacoes Shopping,NS,Alcance - Copo Stitch ,REACH
1806749763596289,2025-08-05 00:00:00,0.0,0,0,0.0,0,0,0,0.0,0,0.0,0,0.0,0,0,0.0,0.0,Nacoes Shopping,NS,NSpromopais24,TRAFFIC
1839172523773954,2025-08-23 00:00:00,0.0,0,6604,2.26,0,0,0,0.0,0,14.9,7,0.0,5,0,0.0,0.0,Nacoes Shopping,NS,ALC - Conteúdos  de Julho/Ago ,REACH
1839172523773954,2025-08-13 00:00:00,0.0,0,8482,2.08,4,0,0,0.0,0,17.68,13,0.0,11,1,0.0,0.0,Nacoes Shopping,NS,ALC - Conteúdos  de Julho/Ago ,REACH
1839172523773954,2025-08-03 00:00:00,0.0,0,10507,1.83,0,0,0,0.0,0,19.28,13,0.0,15,0,0.0,0.0,Nacoes Shopping,NS,ALC - Conteúdos  de Julho/Ago ,REACH
1839172523773954,2025-08-30 00:00:00,0.0,0,0,0.0,0,0,0,0.0,0,0.0,0,0.0,0,0,0.0,0.0,Nacoes Shopping,NS,ALC - Conteúdos  de Julho/Ago ,REACH
1839172523773954,2025-08-20 00:00:00,0.0,0,7046,2.34,1,0,0,0.0,0,16.46,6,0.0,10,0,0.0,0.0,Nacoes Shopping,NS,ALC - Conteúdos  de Julho/Ago ,REACH
1839172523773954,2025-08-10 00:00:00,0.0,0,9143,2.05,0,0,0,0.0,0,18.7,10,0.0,18,0,0.0,0.0,Nacoes Shopping,NS,ALC - Conteúdos  de Julho/Ago ,REACH
1837827299194945,2025-08-01 00:00:00,0.0,0,0,0.0,0,0,0,0.0,0,0.0,0,0.0,0,0,0.0,0.0,Nacoes Shopping,NS,ALC - Cafés ,REACH
1839171851594785,2025-08-11 00:00:00,0.0,0,8514,2.06,4,0,0,0.0,0,17.51,11,0.0,26,1,0.0,0.0,Nacoes Shopping,NS,Alcance - Copo Stitch ,REACH
1839171851594785,2025-08-01 00:00:00,0.0,0,10353,1.96,5,0,0,0.0,0,20.28,23,0.0,37,7,0.0,0.0,Nacoes Shopping,NS,Alcance - Copo Stitch ,REACH
1839171851594785,2025-08-21 00:00:00,0.0,0,6778,2.24,1,0,0,0.0,0,15.15,3,0.0,15,0,0.0,0.0,Nacoes Shopping,NS,Alcance - Copo Stitch ,REACH
1839171851594785,2025-08-03 00:00:00,0.0,0,10564,1.86,8,1,0,0.0,0,19.67,29,0.0,35,4,0.0,0.0,Nacoes Shopping,NS,Alcance - Copo Stitch ,REACH
1839171851594785,2025-08-23 00:00:00,0.0,0,6356,2.27,2,0,0,0.0,0,14.45,5,0.0,24,7,0.0,0.0,Nacoes Shopping,NS,Alcance - Copo Stitch ,REACH
1839171851594785,2025-08-13 00:00:00,0.0,0,8468,2.08,4,0,0,0.0,0,17.59,22,0.0,36,4,0.0,0.0,Nacoes Shopping,NS,Alcance - Copo Stitch ,REACH
1836365551154273,2025-08-03 00:00:00,0.0,0,0,0.0,0,0,0,0.0,0,0.0,0,0.0,0,0,0.0,0.0,Nacoes Shopping,NS,ALC - Villa - Vinicius Camilo ,REACH
1839172523773954,2025-08-22 00:00:00,0.0,0,6350,2.3,1,0,0,0.0,0,14.6,3,0.0,16,0,0.0,0.0,Nacoes Shopping,NS,ALC - Conteúdos  de Julho/Ago ,REACH
1839172523773954,2025-08-12 00:00:00,0.0,0,8349,2.11,0,0,0,0.0,0,17.65,12,0.0,10,0,0.0,0.0,Nacoes Shopping,NS,ALC - Conteúdos  de Julho/Ago ,REACH
1839172523773954,2025-08-02 00:00:00,0.0,0,10685,1.88,0,0,0,0.0,0,20.08,10,0.0,15,0,0.0,0.0,Nacoes Shopping,NS,ALC - Conteúdos  de Julho/Ago ,REACH
1841798413913185,2025-08-29 00:00:00,0.0,0,14069,2.2,4,1,0,0.0,0,30.99,29,0.0,36,0,0.0,0.0,Nacoes Shopping,NS,Alcance - Conteúdos Ago/Set ,REACH
1839172523773954,2025-08-29 00:00:00,0.0,0,1479,2.09,0,0,0,0.0,0,3.09,0,0.0,3,0,0.0,0.0,Nacoes Shopping,NS,ALC - Conteúdos  de Julho/Ago ,REACH
1839172523773954,2025-08-19 00:00:00,0.0,0,7296,2.26,0,1,0,0.0,0,16.51,4,0.0,8,0,0.0,0.0,Nacoes Shopping,NS,ALC - Conteúdos  de Julho/Ago ,REACH
1839171851594785,2025-08-30 00:00:00,0.0,0,3943,2.19,1,0,0,0.0,0,8.64,3,0.0,3,0,0.0,0.0,Nacoes Shopping,NS,Alcance - Copo Stitch ,REACH
1839171851594785,2025-08-20 00:00:00,0.0,0,6726,2.36,4,0,0,0.0,0,15.85,5,0.0,15,1,0.0,0.0,Nacoes Shopping,NS,Alcance - Copo Stitch ,REACH
1839171851594785,2025-08-10 00:00:00,0.0,0,8929,2.06,7,0,0,0.0,0,18.39,10,0.0,20,1,0.0,0.0,Nacoes Shopping,NS,Alcance - Copo Stitch ,REACH
1839172523773954,2025-08-09 00:00:00,0.0,0,8689,2.15,1,0,0,0.0,0,18.71,4,0.0,13,0,0.0,0.0,Nacoes Shopping,NS,ALC - Conteúdos  de Julho/Ago ,REACH
1837827299194945,2025-08-02 00:00:00,0.0,0,0,0.0,0,0,0,0.0,0,0.0,0,0.0,0,0,0.0,0.0,Nacoes Shopping,NS,ALC - Cafés ,REACH
1839172523773954,2025-08-21 00:00:00,0.0,0,7081,2.16,1,1,0,0.0,0,15.26,5,0.0,7,0,0.0,0.0,Nacoes Shopping,NS,ALC - Conteúdos  de Julho/Ago ,REACH
1839172523773954,2025-08-11 00:00:00,0.0,0,8426,2.03,1,0,0,0.0,0,17.08,4,0.0,8,0,0.0,0.0,Nacoes Shopping,NS,ALC - Conteúdos  de Julho/Ago ,REACH
1839172523773954,2025-08-01 00:00:00,0.0,0,10594,1.89,2,0,0,0.0,0,19.99,13,0.0,11,0,0.0,0.0,Nacoes Shopping,NS,ALC - Conteúdos  de Julho/Ago ,REACH
1839171851594785,2025-08-22 00:00:00,0.0,0,6155,2.33,0,0,0,0.0,0,14.36,7,0.0,11,0,0.0,0.0,Nacoes Shopping,NS,Alcance - Copo Stitch ,REACH
1839171851594785,2025-08-12 00:00:00,0.0,0,8337,2.12,1,0,0,0.0,0,17.67,14,0.0,26,5,0.0,0.0,Nacoes Shopping,NS,Alcance - Copo Stitch ,REACH
1839171851594785,2025-08-02 00:00:00,0.0,0,10520,1.92,1,0,0,0.0,0,20.18,24,0.0,29,5,0.0,0.0,Nacoes Shopping,NS,Alcance - Copo Stitch ,REACH
1837825011433617,2025-08-03 00:00:00,0.0,0,0,0.0,0,0,0,0.0,0,0.0,0,0.0,0,0,0.0,0.0,Nacoes Shopping,NS,Alcance - Copo smurf ,REACH
1836365112269874,2025-08-03 00:00:00,0.0,0,0,0.0,0,0,0,0.0,0,0.0,0,0.0,0,0,0.0,0.0,Nacoes Shopping,NS,ALC - planet games,REACH
1839171851594785,2025-08-19 00:00:00,0.0,0,7226,2.27,3,0,0,0.0,0,16.37,13,0.0,17,1,0.0,0.0,Nacoes Shopping,NS,Alcance - Copo Stitch ,REACH
1839171851594785,2025-08-09 00:00:00,0.0,0,8701,2.17,4,1,0,0.0,0,18.86,13,0.0,25,3,0.0,0.0,Nacoes Shopping,NS,Alcance - Copo Stitch ,REACH
1839171851594785,2025-08-29 00:00:00,0.0,0,5270,2.28,1,0,0,0.0,0,12.04,3,0.0,11,2,0.0,0.0,Nacoes Shopping,NS,Alcance - Copo Stitch ,REACH
1839172523773954,2025-08-28 00:00:00,0.0,0,5644,2.19,2,0,0,0.0,0,12.37,4,0.0,10,0,0.0,0.0,Nacoes Shopping,NS,ALC - Conteúdos  de Julho/Ago ,REACH
1839172523773954,2025-08-18 00:00:00,0.0,0,7502,2.14,1,1,0,0.0,0,16.05,2,0.0,10,0,0.0,0.0,Nacoes Shopping,NS,ALC - Conteúdos  de Julho/Ago ,REACH
1839172523773954,2025-08-08 00:00:00,0.0,0,8493,2.17,2,0,0,0.0,0,18.41,9,0.0,10,0,0.0,0.0,Nacoes Shopping,NS,ALC - Conteúdos  de Julho/Ago ,REACH
1837827299194945,2025-08-03 00:00:00,0.0,0,0,0.0,0,0,0,0.0,0,0.0,0,0.0,0,0,0.0,0.0,Nacoes Shopping,NS,ALC - Cafés ,REACH
1837823875988513,2025-08-01 00:00:00,0.0,0,0,0.0,0,0,0,0.0,0,0.0,0,0.0,0,0,0.0,0.0,Nacoes Shopping,NS,ALC -  tendência athleisure ,REACH
1836365551154273,2025-08-01 00:00:00,0.0,0,0,0.0,0,0,0,0.0,0,0.0,0,0.0,0,0,0.0,0.0,Nacoes Shopping,NS,ALC - Villa - Vinicius Camilo ,REACH
1839172523773954,2025-08-25 00:00:00,0.0,0,5000,2.3,1,0,0,0.0,0,11.5,5,0.0,3,0,0.0,0.0,Nacoes Shopping,NS,ALC - Conteúdos  de Julho/Ago ,REACH
1839172523773954,2025-08-15 00:00:00,0.0,0,8383,2.06,0,0,0,0.0,0,17.28,3,0.0,6,0,0.0,0.0,Nacoes Shopping,NS,ALC - Conteúdos  de Julho/Ago ,REACH
1839172523773954,2025-08-05 00:00:00,0.0,0,8915,2.03,2,0,0,0.0,0,18.13,8,0.0,6,0,0.0,0.0,Nacoes Shopping,NS,ALC - Conteúdos  de Julho/Ago ,REACH
1839171851594785,2025-08-16 00:00:00,0.0,0,8547,2.08,1,0,0,0.0,0,17.81,12,0.0,15,2,0.0,0.0,Nacoes Shopping,NS,Alcance - Copo Stitch ,REACH
1839171851594785,2025-08-06 00:00:00,0.0,0,8356,2.22,2,1,0,0.0,0,18.58,21,0.0,26,8,0.0,0.0,Nacoes Shopping,NS,Alcance - Copo Stitch ,REACH
1839171851594785,2025-08-26 00:00:00,0.0,0,4669,2.36,0,0,0,0.0,0,11.02,5,0.0,6,0,0.0,0.0,Nacoes Shopping,NS,Alcance - Copo Stitch ,REACH
1836365112269874,2025-08-02 00:00:00,0.0,0,0,0.0,0,0,0,0.0,0,0.0,0,0.0,0,0,0.0,0.0,Nacoes Shopping,NS,ALC - planet games,REACH
1839171851594785,2025-08-08 00:00:00,0.0,0,8616,2.19,1,0,0,0.0,0,18.86,10,0.0,11,1,0.0,0.0,Nacoes Shopping,NS,Alcance - Copo Stitch ,REACH
1839171851594785,2025-08-28 00:00:00,0.0,0,5674,2.3,1,0,0,0.0,0,13.05,2,0.0,8,0,0.0,0.0,Nacoes Shopping,NS,Alcance - Copo Stitch ,REACH
1839171851594785,2025-08-18 00:00:00,0.0,0,7493,2.14,2,1,0,0.0,0,16.04,10,0.0,21,5,0.0,0.0,Nacoes Shopping,NS,Alcance - Copo Stitch ,REACH
1839172523773954,2025-08-27 00:00:00,0.0,0,5185,2.4,0,1,0,0.0,0,12.43,4,0.0,4,0,0.0,0.0,Nacoes Shopping,NS,ALC - Conteúdos  de Julho/Ago ,REACH
1839172523773954,2025-08-17 00:00:00,0.0,0,8397,2.02,0,0,0,0.0,0,16.97,7,0.0,14,0,0.0,0.0,Nacoes Shopping,NS,ALC - Conteúdos  de Julho/Ago ,REACH
1839172523773954,2025-08-07 00:00:00,0.0,0,9205,2.03,1,0,0,0.0,0,18.68,8,0.0,6,0,0.0,0.0,Nacoes Shopping,NS,ALC - Conteúdos  de Julho/Ago ,REACH
1839172523773954,2025-08-24 00:00:00,0.0,0,6674,2.11,1,0,0,0.0,0,14.1,5,0.0,11,0,0.0,0.0,Nacoes Shopping,NS,ALC - Conteúdos  de Julho/Ago ,REACH
1839171851594785,2025-08-25 00:00:00,0.0,0,4838,2.33,0,0,0,0.0,0,11.29,2,0.0,7,0,0.0,0.0,Nacoes Shopping,NS,Alcance - Copo Stitch ,REACH
1839171851594785,2025-08-15 00:00:00,0.0,0,8408,2.08,0,1,0,0.0,0,17.47,10,0.0,17,8,0.0,0.0,Nacoes Shopping,NS,Alcance - Copo Stitch ,REACH
1839171851594785,2025-08-05 00:00:00,0.0,0,8690,2.05,1,1,0,0.0,0,17.85,15,0.0,28,6,0.0,0.0,Nacoes Shopping,NS,Alcance - Copo Stitch ,REACH
1839172523773954,2025-08-14 00:00:00,0.0,0,9156,1.9,2,0,0,0.0,0,17.41,6,0.0,12,0,0.0,0.0,Nacoes Shopping,NS,ALC - Conteúdos  de Julho/Ago ,REACH
1839172523773954,2025-08-04 00:00:00,0.0,0,10002,1.9,2,0,0,0.0,0,19.03,9,0.0,14,0,0.0,0.0,Nacoes Shopping,NS,ALC - Conteúdos  de Julho/Ago ,REACH
1841798413913185,2025-09-11 00:00:00,0.0,0,0,0.0,0,0,0,0.0,0,0.0,0,0.0,0,0,0.0,0.0,Nacoes Shopping,NS,Alcance - Conteúdos Ago/Set ,REACH
1841798413913185,2025-09-06 00:00:00,0.0,0,19322,2.17,10,2,0,0.0,0,41.96,43,0.0,46,5,0.0,0.0,Nacoes Shopping,NS,Alcance - Conteúdos Ago/Set ,REACH
1841798413913185,2025-09-01 00:00:00,0.0,0,21227,1.98,19,7,0,0.0,0,42.03,85,0.0,52,4,0.0,0.0,Nacoes Shopping,NS,Alcance - Conteúdos Ago/Set ,REACH
1839172523773954,2025-08-31 00:00:00,0.0,0,0,0.0,0,0,0,0.0,0,0.0,0,0.0,0,0,0.0,0.0,Nacoes Shopping,NS,ALC - Conteúdos  de Julho/Ago ,REACH
1844352110838818,2025-09-28 00:00:00,0.0,0,9460,2.34,0,1,0,0.0,0,22.09,5,0.0,8,1,0.0,0.0,Nacoes Shopping,NS,Alcance - Conteúdos Set ,REACH
1831563577497601,2025-09-01 00:00:00,0.0,0,0,0.0,0,0,0,0.0,0,0.0,0,0.0,0,0,0.0,0.0,Nacoes Shopping,NS,Alcance - Promo mães,REACH
1844350458030129,2025-09-28 00:00:00,0.0,0,8821,2.35,0,0,0,0.0,0,20.69,4,0.0,6,0,0.0,0.0,Nacoes Shopping,NS,Alcance - Giftcard ,REACH
1842808228610226,2025-09-10 00:00:00,0.0,0,30245,2.54,4,0,0,0.0,0,76.72,13,0.0,49,1,0.0,0.0,Nacoes Shopping,NS,ALC - Baby shark ,REACH
1839171851594785,2025-09-01 00:00:00,0.0,0,0,0.0,0,0,0,0.0,0,0.0,0,0.0,0,0,0.0,0.0,Nacoes Shopping,NS,Alcance - Copo Stitch ,REACH
1842808228610226,2025-09-17 00:00:00,0.0,0,0,0.0,0,0,0,0.0,0,0.0,0,0.0,0,0,0.0,0.0,Nacoes Shopping,NS,ALC - Baby shark ,REACH
1842808228610226,2025-09-12 00:00:00,0.0,0,27360,2.78,5,2,0,0.0,0,76.17,20,0.0,48,0,0.0,0.0,Nacoes Shopping,NS,ALC - Baby shark ,REACH
1841798413913185,2025-09-08 00:00:00,0.0,0,18198,2.25,13,1,0,0.0,0,40.89,33,0.0,40,2,0.0,0.0,Nacoes Shopping,NS,Alcance - Conteúdos Ago/Set ,REACH
1841798413913185,2025-09-03 00:00:00,0.0,0,18475,2.29,15,4,0,0.0,0,42.37,61,0.0,58,1,0.0,0.0,Nacoes Shopping,NS,Alcance - Conteúdos Ago/Set ,REACH
1839171851594785,2025-09-03 00:00:00,0.0,0,0,0.0,0,0,0,0.0,0,0.0,0,0.0,0,0,0.0,0.0,Nacoes Shopping,NS,Alcance - Copo Stitch ,REACH
1844350458030129,2025-09-26 00:00:00,0.0,0,4244,2.3,0,0,0,0.0,0,9.75,1,0.0,1,0,0.0,0.0,Nacoes Shopping,NS,Alcance - Giftcard ,REACH
1839172523773954,2025-09-02 00:00:00,0.0,0,0,0.0,0,0,0,0.0,0,0.0,0,0.0,0,0,0.0,0.0,Nacoes Shopping,NS,ALC - Conteúdos  de Julho/Ago ,REACH
1841798413913185,2025-09-10 00:00:00,0.0,0,0,0.0,0,0,0,0.0,0,0.0,0,0.0,0,0,0.0,0.0,Nacoes Shopping,NS,Alcance - Conteúdos Ago/Set ,REACH
1841798413913185,2025-09-05 00:00:00,0.0,0,20232,2.21,25,1,0,0.0,0,44.79,44,0.0,36,0,0.0,0.0,Nacoes Shopping,NS,Alcance - Conteúdos Ago/Set ,REACH
1839171851594785,2025-08-31 00:00:00,0.0,0,504,1.98,0,0,0,0.0,0,1.0,0,0.0,1,0,0.0,0.0,Nacoes Shopping,NS,Alcance - Copo Stitch ,REACH
1842808228610226,2025-09-14 00:00:00,0.0,0,0,0.0,0,0,0,0.0,0,0.0,0,0.0,0,0,0.0,0.0,Nacoes Shopping,NS,ALC - Baby shark ,REACH
1842808228610226,2025-09-09 00:00:00,0.0,0,17150,2.3,1,0,0,0.0,0,39.5,7,0.0,32,0,0.0,0.0,Nacoes Shopping,NS,ALC - Baby shark ,REACH
1844350458030129,2025-09-29 00:00:00,0.0,0,8311,2.48,1,0,0,0.0,0,20.62,6,0.0,4,0,0.0,0.0,Nacoes Shopping,NS,Alcance - Giftcard ,REACH
1842808228610226,2025-09-16 00:00:00,0.0,0,0,0.0,0,0,0,0.0,0,0.0,0,0.0,0,0,0.0,0.0,Nacoes Shopping,NS,ALC - Baby shark ,REACH
1842808228610226,2025-09-11 00:00:00,0.0,0,28863,2.68,1,0,0,0.0,0,77.44,16,0.0,51,0,0.0,0.0,Nacoes Shopping,NS,ALC - Baby shark ,REACH
1844352110838818,2025-09-29 00:00:00,0.0,0,8791,2.49,0,0,0,0.0,0,21.92,3,0.0,11,0,0.0,0.0,Nacoes Shopping,NS,Alcance - Conteúdos Set ,REACH
1841798413913185,2025-08-31 00:00:00,0.0,0,20248,2.2,11,1,0,0.0,0,44.57,50,0.0,52,3,0.0,0.0,Nacoes Shopping,NS,Alcance - Conteúdos Ago/Set ,REACH
1841798413913185,2025-09-12 00:00:00,0.0,0,0,0.0,0,0,0,0.0,0,0.0,0,0.0,0,0,0.0,0.0,Nacoes Shopping,NS,Alcance - Conteúdos Ago/Set ,REACH
1841798413913185,2025-09-07 00:00:00,0.0,0,18881,2.22,10,2,0,0.0,0,42.0,37,0.0,46,1,0.0,0.0,Nacoes Shopping,NS,Alcance - Conteúdos Ago/Set ,REACH
1841798413913185,2025-09-02 00:00:00,0.0,0,20001,2.1,17,2,0,0.0,0,41.98,58,0.0,47,2,0.0,0.0,Nacoes Shopping,NS,Alcance - Conteúdos Ago/Set ,REACH
1844352110838818,2025-09-27 00:00:00,0.0,0,8998,2.42,0,0,0,0.0,0,21.78,1,0.0,11,0,0.0,0.0,Nacoes Shopping,NS,Alcance - Conteúdos Set ,REACH
1811358948673554,2025-09-27 00:00:00,0.0,0,0,0.0,0,0,0,0.0,0,0.0,0,0.0,0,0,0.0,0.0,Nacoes Shopping,NS,Tráfego - App instal - NS,TRAFFIC
1839171851594785,2025-09-02 00:00:00,0.0,0,0,0.0,0,0,0,0.0,0,0.0,0,0.0,0,0,0.0,0.0,Nacoes Shopping,NS,Alcance - Copo Stitch ,REACH
1844350458030129,2025-09-27 00:00:00,0.0,0,8469,2.42,0,0,0,0.0,0,20.51,1,0.0,12,0,0.0,0.0,Nacoes Shopping,NS,Alcance - Giftcard ,REACH
1839172523773954,2025-09-01 00:00:00,0.0,0,0,0.0,0,0,0,0.0,0,0.0,0,0.0,0,0,0.0,0.0,Nacoes Shopping,NS,ALC - Conteúdos  de Julho/Ago ,REACH
1841798413913185,2025-09-09 00:00:00,0.0,0,7177,2.39,4,0,0,0.0,0,17.18,11,0.0,18,0,0.0,0.0,Nacoes Shopping,NS,Alcance - Conteúdos Ago/Set ,REACH
1841798413913185,2025-09-04 00:00:00,0.0,0,17421,2.48,21,5,0,0.0,0,43.13,58,0.0,35,1,0.0,0.0,Nacoes Shopping,NS,Alcance - Conteúdos Ago/Set ,REACH
1842808228610226,2025-09-13 00:00:00,0.0,0,10275,2.94,1,0,0,0.0,0,30.17,10,0.0,21,1,0.0,0.0,Nacoes Shopping,NS,ALC - Baby shark ,REACH
1844352110838818,2025-09-26 00:00:00,0.0,0,4555,2.28,0,0,0,0.0,0,10.4,5,0.0,2,0,0.0,0.0,Nacoes Shopping,NS,Alcance - Conteúdos Set ,REACH
1842808228610226,2025-09-15 00:00:00,0.0,0,0,0.0,0,0,0,0.0,0,0.0,0,0.0,0,0,0.0,0.0,Nacoes Shopping,NS,ALC - Baby shark ,REACH
1806749763596289,2025-09-18 00:00:00,0.0,0,0,0.0,0,0,0,0.0,0,0.0,0,0.0,0,0,0.0,0.0,Nacoes Shopping,NS,NSpromopais24,TRAFFIC
1844352110838818,2025-10-13 00:00:00,0.0,0,8328,2.1,0,0,0,0.0,0,17.47,5,0.0,6,1,0.0,0.0,Nacoes Shopping,NS,Alcance - Conteúdos Set ,REACH
1844352110838818,2025-10-03 00:00:00,0.0,0,9953,2.11,1,0,0,0.0,0,20.98,6,0.0,12,0,0.0,0.0,Nacoes Shopping,NS,Alcance - Conteúdos Set ,REACH
1844350458030129,2025-10-03 00:00:00,0.0,0,9387,2.11,0,0,0,0.0,0,19.85,9,0.0,8,0,0.0,0.0,Nacoes Shopping,NS,Alcance - Giftcard ,REACH
1844350458030129,2025-10-23 00:00:00,0.0,0,4788,2.54,0,0,0,0.0,0,12.17,5,0.0,7,0,0.0,0.0,Nacoes Shopping,NS,Alcance - Giftcard ,REACH
1844350458030129,2025-10-13 00:00:00,0.0,0,7846,2.1,0,0,0,0.0,0,16.51,8,0.0,14,0,0.0,0.0,Nacoes Shopping,NS,Alcance - Giftcard ,REACH
1844352110838818,2025-10-23 00:00:00,0.0,0,4207,2.56,0,0,0,0.0,0,10.78,5,0.0,6,0,0.0,0.0,Nacoes Shopping,NS,Alcance - Conteúdos Set ,REACH
1844350458030129,2025-10-16 00:00:00,0.0,0,6827,2.38,0,1,0,0.0,0,16.26,3,0.0,8,0,0.0,0.0,Nacoes Shopping,NS,Alcance - Giftcard ,REACH
1844350458030129,2025-10-26 00:00:00,0.0,0,825,1.98,0,0,0,0.0,0,1.63,0,0.0,2,0,0.0,0.0,Nacoes Shopping,NS,Alcance - Giftcard ,REACH
1844350458030129,2025-10-06 00:00:00,0.0,0,8788,2.09,1,0,0,0.0,0,18.37,4,0.0,9,0,0.0,0.0,Nacoes Shopping,NS,Alcance - Giftcard ,REACH
1844352110838818,2025-10-10 00:00:00,0.0,0,9093,2.13,3,0,0,0.0,0,19.38,10,0.0,15,0,0.0,0.0,Nacoes Shopping,NS,Alcance - Conteúdos Set ,REACH
1844352110838818,2025-09-30 00:00:00,0.0,0,8600,2.51,0,0,0,0.0,0,21.55,6,0.0,5,0,0.0,0.0,Nacoes Shopping,NS,Alcance - Conteúdos Set ,REACH
1844352110838818,2025-10-20 00:00:00,0.0,0,6262,2.23,0,0,0,0.0,0,13.99,3,0.0,10,0,0.0,0.0,Nacoes Shopping,NS,Alcance - Conteúdos Set ,REACH
1844350458030129,2025-10-14 00:00:00,0.0,0,7536,2.24,1,0,0,0.0,0,16.85,4,0.0,16,0,0.0,0.0,Nacoes Shopping,NS,Alcance - Giftcard ,REACH
1844350458030129,2025-10-04 00:00:00,0.0,0,9524,1.99,0,0,0,0.0,0,18.92,3,0.0,20,0,0.0,0.0,Nacoes Shopping,NS,Alcance - Giftcard ,REACH
1844352110838818,2025-10-24 00:00:00,0.0,0,1266,2.39,0,0,0,0.0,0,3.03,0,0.0,0,0,0.0,0.0,Nacoes Shopping,NS,Alcance - Conteúdos Set ,REACH
1844350458030129,2025-10-24 00:00:00,0.0,0,4644,2.35,0,0,0,0.0,0,10.9,5,0.0,3,0,0.0,0.0,Nacoes Shopping,NS,Alcance - Giftcard ,REACH
1844352110838818,2025-10-04 00:00:00,0.0,0,9818,1.99,0,0,0,0.0,0,19.55,3,0.0,16,0,0.0,0.0,Nacoes Shopping,NS,Alcance - Conteúdos Set ,REACH
1844352110838818,2025-10-14 00:00:00,0.0,0,7700,2.22,0,0,0,0.0,0,17.09,6,0.0,10,0,0.0,0.0,Nacoes Shopping,NS,Alcance - Conteúdos Set ,REACH
1810109298355250,2025-10-25 00:00:00,0.0,0,0,0.0,0,0,0,0.0,0,0.0,0,0.0,0,0,0.0,0.0,Nacoes Shopping,NS,Promo Natura 2024 - Tráfego,TRAFFIC
1844352110838818,2025-10-07 00:00:00,0.0,0,8826,2.23,0,0,0,0.0,0,19.67,3,0.0,8,0,0.0,0.0,Nacoes Shopping,NS,Alcance - Conteúdos Set ,REACH
1844352110838818,2025-10-17 00:00:00,0.0,0,7279,2.28,0,0,0,0.0,0,16.62,3,0.0,7,0,0.0,0.0,Nacoes Shopping,NS,Alcance - Conteúdos Set ,REACH
1844350458030129,2025-10-27 00:00:00,0.0,0,0,0.0,0,0,0,0.0,0,0.0,0,0.0,0,0,0.0,0.0,Nacoes Shopping,NS,Alcance - Giftcard ,REACH
1844350458030129,2025-10-17 00:00:00,0.0,0,7365,2.3,0,0,0,0.0,0,16.97,3,0.0,5,0,0.0,0.0,Nacoes Shopping,NS,Alcance - Giftcard ,REACH
1844350458030129,2025-10-07 00:00:00,0.0,0,8242,2.23,2,0,0,0.0,0,18.34,3,0.0,15,0,0.0,0.0,Nacoes Shopping,NS,Alcance - Giftcard ,REACH
1844352110838818,2025-10-11 00:00:00,0.0,0,8739,2.03,2,0,0,0.0,0,17.74,4,0.0,15,0,0.0,0.0,Nacoes Shopping,NS,Alcance - Conteúdos Set ,REACH
1844352110838818,2025-10-21 00:00:00,0.0,0,5492,2.45,0,0,0,0.0,0,13.47,4,0.0,6,0,0.0,0.0,Nacoes Shopping,NS,Alcance - Conteúdos Set ,REACH
1844352110838818,2025-10-01 00:00:00,0.0,0,9848,2.1,1,0,0,0.0,0,20.69,12,0.0,18,0,0.0,0.0,Nacoes Shopping,NS,Alcance - Conteúdos Set ,REACH
1844350458030129,2025-10-20 00:00:00,0.0,0,6475,2.25,1,0,0,0.0,0,14.55,4,0.0,8,0,0.0,0.0,Nacoes Shopping,NS,Alcance - Giftcard ,REACH
1844350458030129,2025-10-10 00:00:00,0.0,0,8473,2.15,0,0,0,0.0,0,18.2,6,0.0,14,0,0.0,0.0,Nacoes Shopping,NS,Alcance - Giftcard ,REACH
1844350458030129,2025-09-30 00:00:00,0.0,0,7984,2.51,0,0,0,0.0,0,20.01,3,0.0,3,0,0.0,0.0,Nacoes Shopping,NS,Alcance - Giftcard ,REACH
1844352110838818,2025-10-18 00:00:00,0.0,0,7316,2.12,2,0,0,0.0,0,15.53,2,0.0,7,0,0.0,0.0,Nacoes Shopping,NS,Alcance - Conteúdos Set ,REACH
1844352110838818,2025-10-08 00:00:00,0.0,0,8150,2.34,2,0,0,0.0,0,19.04,5,0.0,9,1,0.0,0.0,Nacoes Shopping,NS,Alcance - Conteúdos Set ,REACH
1844350458030129,2025-10-18 00:00:00,0.0,0,7200,2.14,1,0,0,0.0,0,15.41,7,0.0,10,0,0.0,0.0,Nacoes Shopping,NS,Alcance - Giftcard ,REACH
1844350458030129,2025-10-08 00:00:00,0.0,0,7845,2.33,1,0,0,0.0,0,18.25,3,0.0,16,0,0.0,0.0,Nacoes Shopping,NS,Alcance - Giftcard ,REACH
1844350458030129,2025-10-11 00:00:00,0.0,0,8362,2.03,0,0,0,0.0,0,16.98,2,0.0,16,0,0.0,0.0,Nacoes Shopping,NS,Alcance - Giftcard ,REACH
1844350458030129,2025-10-21 00:00:00,0.0,0,5547,2.47,1,0,0,0.0,0,13.71,3,0.0,6,0,0.0,0.0,Nacoes Shopping,NS,Alcance - Giftcard ,REACH
1844350458030129,2025-10-01 00:00:00,0.0,0,9273,2.1,1,0,0,0.0,0,19.5,5,0.0,13,1,0.0,0.0,Nacoes Shopping,NS,Alcance - Giftcard ,REACH
1844352110838818,2025-10-25 00:00:00,0.0,0,0,0.0,0,0,0,0.0,0,0.0,0,0.0,0,0,0.0,0.0,Nacoes Shopping,NS,Alcance - Conteúdos Set ,REACH
1844352110838818,2025-10-15 00:00:00,0.0,0,7137,2.35,0,0,0,0.0,0,16.75,5,0.0,7,0,0.0,0.0,Nacoes Shopping,NS,Alcance - Conteúdos Set ,REACH
1844352110838818,2025-10-05 00:00:00,0.0,0,9891,1.95,0,0,0,0.0,0,19.28,4,0.0,12,0,0.0,0.0,Nacoes Shopping,NS,Alcance - Conteúdos Set ,REACH
1844350458030129,2025-10-09 00:00:00,0.0,0,7737,2.3,1,0,0,0.0,0,17.83,1,0.0,17,0,0.0,0.0,Nacoes Shopping,NS,Alcance - Giftcard ,REACH
1844350458030129,2025-10-19 00:00:00,0.0,0,6808,2.13,1,0,0,0.0,0,14.5,3,0.0,5,0,0.0,0.0,Nacoes Shopping,NS,Alcance - Giftcard ,REACH
1844352110838818,2025-10-19 00:00:00,0.0,0,6989,2.12,1,0,0,0.0,0,14.85,7,0.0,11,0,0.0,0.0,Nacoes Shopping,NS,Alcance - Conteúdos Set ,REACH
1844352110838818,2025-10-09 00:00:00,0.0,0,8229,2.3,1,0,0,0.0,0,18.93,2,0.0,14,0,0.0,0.0,Nacoes Shopping,NS,Alcance - Conteúdos Set ,REACH
1844352110838818,2025-10-02 00:00:00,0.0,0,9651,2.18,0,0,0,0.0,0,21.02,10,0.0,16,1,0.0,0.0,Nacoes Shopping,NS,Alcance - Conteúdos Set ,REACH
1844352110838818,2025-10-12 00:00:00,0.0,0,8985,1.97,0,0,0,0.0,0,17.73,5,0.0,15,0,0.0,0.0,Nacoes Shopping,NS,Alcance - Conteúdos Set ,REACH
1844352110838818,2025-10-22 00:00:00,0.0,0,4832,2.61,0,0,0,0.0,0,12.6,0,0.0,6,0,0.0,0.0,Nacoes Shopping,NS,Alcance - Conteúdos Set ,REACH
1844350458030129,2025-10-22 00:00:00,0.0,0,4890,2.58,0,1,0,0.0,0,12.64,3,0.0,11,0,0.0,0.0,Nacoes Shopping,NS,Alcance - Giftcard ,REACH
1844350458030129,2025-10-12 00:00:00,0.0,0,8651,1.98,1,0,0,0.0,0,17.13,1,0.0,11,0,0.0,0.0,Nacoes Shopping,NS,Alcance - Giftcard ,REACH
1844350458030129,2025-10-02 00:00:00,0.0,0,9035,2.18,0,0,0,0.0,0,19.73,3,0.0,5,0,0.0,0.0,Nacoes Shopping,NS,Alcance - Giftcard ,REACH
1844352110838818,2025-10-16 00:00:00,0.0,0,7088,2.38,0,0,0,0.0,0,16.88,5,0.0,15,0,0.0,0.0,Nacoes Shopping,NS,Alcance - Conteúdos Set ,REACH
1844352110838818,2025-10-06 00:00:00,0.0,0,9138,2.08,0,0,0,0.0,0,19.02,8,0.0,8,0,0.0,0.0,Nacoes Shopping,NS,Alcance - Conteúdos Set ,REACH
1844352110838818,2025-10-26 00:00:00,0.0,0,0,0.0,0,0,0,0.0,0,0.0,0,0.0,0,0,0.0,0.0,Nacoes Shopping,NS,Alcance - Conteúdos Set ,REACH
1844350458030129,2025-10-15 00:00:00,0.0,0,6785,2.35,0,0,0,0.0,0,15.95,2,0.0,12,0,0.0,0.0,Nacoes Shopping,NS,Alcance - Giftcard ,REACH
1844350458030129,2025-10-05 00:00:00,0.0,0,9346,1.95,0,0,0,0.0,0,18.23,2,0.0,22,0,0.0,0.0,Nacoes Shopping,NS,Alcance - Giftcard ,REACH
1844350458030129,2025-10-25 00:00:00,0.0,0,4005,2.21,0,0,0,0.0,0,8.84,0,0.0,8,0,0.0,0.0,Nacoes Shopping,NS,Alcance - Giftcard ,REACH
1847431562326049,2025-11-11 00:00:00,0.0,0,900,2.88,0,0,0,0.0,0,2.59,1,0.0,5,0,0.0,0.0,Nacoes Shopping,NS,Alcance | Ritmi Mana Spolini,REACH
1848504162177105,2025-11-28 00:00:00,0.0,0,0,0.0,0,0,0,0.0,0,0.0,0,0.0,0,0,0.0,0.0,Nacoes Shopping,NS,ALC - NATAL 25,REACH
1847431714944034,2025-11-02 00:00:00,0.32,0,6599,1.87,2,0,0,0.59,21,12.37,2,0.0,9,0,0.0,0.0,Nacoes Shopping,NS,Alcance | Giftcard ,REACH
1847431714944034,2025-11-22 00:00:00,0.0,0,0,0.0,0,0,0,0.0,0,0.0,0,0.0,0,0,0.0,0.0,Nacoes Shopping,NS,Alcance | Giftcard ,REACH
1847432144410706,2025-11-13 00:00:00,0.0,0,0,0.0,0,0,0,0.0,0,0.0,0,0.0,0,0,0.0,0.0,Nacoes Shopping,NS,Alcance | Chillibeans Vini ,REACH
1847431181554881,2025-11-06 00:00:00,0.0,0,2893,4.15,5,0,0,0.0,0,12.02,26,0.0,12,1,0.0,0.0,Nacoes Shopping,NS,Visualizações de vídeo | Natal 02 ,VIDEO_VIEWS
1847429807403074,2025-11-14 00:00:00,0.0,0,0,0.0,0,0,0,0.0,0,0.0,0,0.0,0,0,0.0,0.0,Nacoes Shopping,NS,Visualizações de vídeo | Natal ,VIDEO_VIEWS
1848504928619618,2025-11-28 00:00:00,15.88,0,4420,7.29,0,0,0,0.05,702,32.24,0,0.0,0,0,0.0,0.0,Nacoes Shopping,NS,TRAF - NATAL 25,TRAFFIC
1847431562326049,2025-11-18 00:00:00,0.0,0,0,0.0,0,0,0,0.0,0,0.0,0,0.0,0,0,0.0,0.0,Nacoes Shopping,NS,Alcance | Ritmi Mana Spolini,REACH
1847431714944034,2025-11-09 00:00:00,0.1,0,5128,2.38,0,0,0,2.44,5,12.18,4,0.0,4,0,0.0,0.0,Nacoes Shopping,NS,Alcance | Giftcard ,REACH
1847432144410706,2025-11-19 00:00:00,0.0,0,0,0.0,0,0,0,0.0,0,0.0,0,0.0,0,0,0.0,0.0,Nacoes Shopping,NS,Alcance | Chillibeans Vini ,REACH
1847432144410706,2025-10-30 00:00:00,0.0,0,2895,2.18,0,0,0,0.0,0,6.31,2,0.0,2,0,0.0,0.0,Nacoes Shopping,NS,Alcance | Chillibeans Vini ,REACH
1848504928619618,2025-11-15 00:00:00,10.34,0,7169,5.71,1,0,0,0.06,741,40.9,3,0.0,19,0,0.0,0.0,Nacoes Shopping,NS,TRAF - NATAL 25,TRAFFIC
1847429807403074,2025-11-01 00:00:00,0.0,0,7986,3.28,2,1,0,0.0,0,26.17,87,0.0,20,1,0.0,0.0,Nacoes Shopping,NS,Visualizações de vídeo | Natal ,VIDEO_VIEWS
1847431181554881,2025-11-13 00:00:00,0.0,0,0,0.0,0,0,0,0.0,0,0.0,0,0.0,0,0,0.0,0.0,Nacoes Shopping,NS,Visualizações de vídeo | Natal 02 ,VIDEO_VIEWS
1847431562326049,2025-11-05 00:00:00,0.0,0,4223,2.35,1,0,0,0.0,0,9.93,5,0.0,7,0,0.0,0.0,Nacoes Shopping,NS,Alcance | Ritmi Mana Spolini,REACH
1847432144410706,2025-11-06 00:00:00,0.0,0,4834,2.22,0,0,0,0.0,0,10.73,3,0.0,6,0,0.0,0.0,Nacoes Shopping,NS,Alcance | Chillibeans Vini ,REACH
1847431714944034,2025-11-16 00:00:00,0.0,0,0,0.0,0,0,0,0.0,0,0.0,0,0.0,0,0,0.0,0.0,Nacoes Shopping,NS,Alcance | Giftcard ,REACH
1847432144410706,2025-11-26 00:00:00,0.0,0,0,0.0,0,0,0,0.0,0,0.0,0,0.0,0,0,0.0,0.0,Nacoes Shopping,NS,Alcance | Chillibeans Vini ,REACH
1848504162177105,2025-11-21 00:00:00,0.21,0,9186,3.59,1,0,0,1.74,19,33.01,6,0.0,10,0,0.0,0.0,Nacoes Shopping,NS,ALC - NATAL 25,REACH
1847429807403074,2025-11-08 00:00:00,0.07,0,1469,3.27,2,0,0,4.81,1,4.81,7,0.0,2,0,0.0,0.0,Nacoes Shopping,NS,Visualizações de vídeo | Natal ,VIDEO_VIEWS
1847431714944034,2025-11-01 00:00:00,0.22,0,6824,2.02,0,0,0,0.92,15,13.77,4,0.0,6,0,0.0,0.0,Nacoes Shopping,NS,Alcance | Giftcard ,REACH
1847431181554881,2025-11-05 00:00:00,0.03,0,3443,3.28,5,1,0,11.3,1,11.3,28,0.0,16,2,0.0,0.0,Nacoes Shopping,NS,Visualizações de vídeo | Natal 02 ,VIDEO_VIEWS
1848504928619618,2025-11-27 00:00:00,15.78,0,4308,7.24,0,0,0,0.05,680,31.17,0,0.0,0,0,0.0,0.0,Nacoes Shopping,NS,TRAF - NATAL 25,TRAFFIC
1847432144410706,2025-11-07 00:00:00,0.0,0,4500,2.28,1,0,0,0.0,0,10.25,0,0.0,8,0,0.0,0.0,Nacoes Shopping,NS,Alcance | Chillibeans Vini ,REACH
1847431562326049,2025-11-12 00:00:00,0.0,0,0,0.0,0,0,0,0.0,0,0.0,0,0.0,0,0,0.0,0.0,Nacoes Shopping,NS,Alcance | Ritmi Mana Spolini,REACH
1847432144410706,2025-11-27 00:00:00,0.0,0,0,0.0,0,0,0,0.0,0,0.0,0,0.0,0,0,0.0,0.0,Nacoes Shopping,NS,Alcance | Chillibeans Vini ,REACH
1848504162177105,2025-11-14 00:00:00,0.14,0,10467,3.63,0,0,0,2.53,15,37.95,2,0.0,9,0,0.0,0.0,Nacoes Shopping,NS,ALC - NATAL 25,REACH
1847431714944034,2025-11-08 00:00:00,0.26,0,5359,2.29,0,0,0,0.88,14,12.25,3,0.0,6,0,0.0,0.0,Nacoes Shopping,NS,Alcance | Giftcard ,REACH
1847431181554881,2025-11-12 00:00:00,0.0,0,0,0.0,0,0,0,0.0,0,0.0,0,0.0,0,0,0.0,0.0,Nacoes Shopping,NS,Visualizações de vídeo | Natal 02 ,VIDEO_VIEWS
1849768886744178,2025-11-27 00:00:00,0.0,0,19972,3.1,4,0,0,0.0,0,61.99,10,0.0,19,0,0.0,0.0,Nacoes Shopping,NS,ALC - BLACK FRIDAY - NS,REACH
1847431562326049,2025-11-19 00:00:00,0.0,0,0,0.0,0,0,0,0.0,0,0.0,0,0.0,0,0,0.0,0.0,Nacoes Shopping,NS,Alcance | Ritmi Mana Spolini,REACH
1847431562326049,2025-10-30 00:00:00,0.0,0,2422,2.22,0,0,0,0.0,0,5.38,0,0.0,7,0,0.0,0.0,Nacoes Shopping,NS,Alcance | Ritmi Mana Spolini,REACH
1848504162177105,2025-11-20 00:00:00,0.18,0,10174,3.5,0,0,0,1.98,18,35.65,4,0.0,14,0,0.0,0.0,Nacoes Shopping,NS,ALC - NATAL 25,REACH
1848504928619618,2025-11-14 00:00:00,20.32,0,6490,8.08,0,0,0,0.04,1319,52.44,0,0.0,6,0,0.0,0.0,Nacoes Shopping,NS,TRAF - NATAL 25,TRAFFIC
1848504928619618,2025-11-21 00:00:00,13.92,0,5820,5.63,0,0,0,0.04,810,32.76,0,0.0,1,0,0.0,0.0,Nacoes Shopping,NS,TRAF - NATAL 25,TRAFFIC
1848504162177105,2025-11-27 00:00:00,0.0,0,0,0.0,0,0,0,0.0,0,0.0,0,0.0,0,0,0.0,0.0,Nacoes Shopping,NS,ALC - NATAL 25,REACH
1847432144410706,2025-10-31 00:00:00,0.0,0,5863,2.34,0,0,0,0.0,0,13.7,3,0.0,14,1,0.0,0.0,Nacoes Shopping,NS,Alcance | Chillibeans Vini ,REACH
1847431714944034,2025-11-15 00:00:00,0.0,0,0,0.0,0,0,0,0.0,0,0.0,0,0.0,0,0,0.0,0.0,Nacoes Shopping,NS,Alcance | Giftcard ,REACH
1847432144410706,2025-11-20 00:00:00,0.0,0,0,0.0,0,0,0,0.0,0,0.0,0,0.0,0,0,0.0,0.0,Nacoes Shopping,NS,Alcance | Chillibeans Vini ,REACH
1847431181554881,2025-10-30 00:00:00,0.0,0,1601,3.76,3,0,0,0.0,0,6.02,13,0.0,8,0,0.0,0.0,Nacoes Shopping,NS,Visualizações de vídeo | Natal 02 ,VIDEO_VIEWS
1847429807403074,2025-11-02 00:00:00,0.0,0,7222,3.29,1,2,0,0.0,0,23.77,62,0.0,20,1,0.0,0.0,Nacoes Shopping,NS,Visualizações de vídeo | Natal ,VIDEO_VIEWS
1848504162177105,2025-11-13 00:00:00,0.13,0,11006,3.5,0,1,0,2.75,14,38.47,7,0.0,12,0,0.0,0.0,Nacoes Shopping,NS,ALC - NATAL 25,REACH
1847431562326049,2025-11-06 00:00:00,0.0,0,3883,2.34,0,0,0,0.0,0,9.09,3,0.0,5,1,0.0,0.0,Nacoes Shopping,NS,Alcance | Ritmi Mana Spolini,REACH
1847431714944034,2025-11-17 00:00:00,0.0,0,0,0.0,0,0,0,0.0,0,0.0,0,0.0,0,0,0.0,0.0,Nacoes Shopping,NS,Alcance | Giftcard ,REACH
1847432144410706,2025-11-18 00:00:00,0.0,0,0,0.0,0,0,0,0.0,0,0.0,0,0.0,0,0,0.0,0.0,Nacoes Shopping,NS,Alcance | Chillibeans Vini ,REACH
1847429807403074,2025-10-30 00:00:00,0.0,0,3181,4.5,5,0,0,0.0,0,14.32,23,0.0,6,0,0.0,0.0,Nacoes Shopping,NS,Visualizações de vídeo | Natal ,VIDEO_VIEWS
1847431181554881,2025-11-01 00:00:00,0.0,0,2988,3.9,4,0,0,0.0,0,11.64,32,0.0,14,1,0.0,0.0,Nacoes Shopping,NS,Visualizações de vídeo | Natal 02 ,VIDEO_VIEWS
1848504928619618,2025-11-23 00:00:00,12.34,0,7148,4.66,0,0,0,0.04,882,33.32,0,0.0,0,0,0.0,0.0,Nacoes Shopping,NS,TRAF - NATAL 25,TRAFFIC
1847431562326049,2025-11-13 00:00:00,0.0,0,0,0.0,0,0,0,0.0,0,0.0,0,0.0,0,0,0.0,0.0,Nacoes Shopping,NS,Alcance | Ritmi Mana Spolini,REACH
1847431714944034,2025-11-04 00:00:00,0.18,0,5704,2.28,1,0,0,1.3,10,12.98,4,0.0,8,0,0.0,0.0,Nacoes Shopping,NS,Alcance | Giftcard ,REACH
1847432144410706,2025-11-04 00:00:00,0.0,0,5320,2.26,0,0,0,0.0,0,12.02,4,0.0,15,0,0.0,0.0,Nacoes Shopping,NS,Alcance | Chillibeans Vini ,REACH
1847431714944034,2025-11-24 00:00:00,0.0,0,0,0.0,0,0,0,0.0,0,0.0,0,0.0,0,0,0.0,0.0,Nacoes Shopping,NS,Alcance | Giftcard ,REACH
1849768886744178,2025-11-28 00:00:00,0.0,0,17930,3.42,2,2,0,0.0,0,61.37,9,0.0,13,0,0.0,0.0,Nacoes Shopping,NS,ALC - BLACK FRIDAY - NS,REACH
1847429807403074,2025-11-06 00:00:00,0.0,0,5560,3.67,6,0,0,0.0,0,20.41,40,0.0,14,2,0.0,0.0,Nacoes Shopping,NS,Visualizações de vídeo | Natal ,VIDEO_VIEWS
1847431181554881,2025-11-08 00:00:00,0.0,0,2927,3.52,1,0,0,0.0,0,10.3,21,0.0,9,1,0.0,0.0,Nacoes Shopping,NS,Visualizações de vídeo | Natal 02 ,VIDEO_VIEWS
1847431562326049,2025-11-20 00:00:00,0.0,0,0,0.0,0,0,0,0.0,0,0.0,0,0.0,0,0,0.0,0.0,Nacoes Shopping,NS,Alcance | Ritmi Mana Spolini,REACH
1847431562326049,2025-10-31 00:00:00,0.0,0,4494,2.43,1,0,0,0.0,0,10.9,3,0.0,11,0,0.0,0.0,Nacoes Shopping,NS,Alcance | Ritmi Mana Spolini,REACH
1847432144410706,2025-11-11 00:00:00,0.0,0,902,2.73,0,0,0,0.0,0,2.46,0,0.0,0,0,0.0,0.0,Nacoes Shopping,NS,Alcance | Chillibeans Vini ,REACH
1847431714944034,2025-11-11 00:00:00,0.08,0,1216,2.77,1,0,0,3.37,1,3.37,0,0.0,0,0,0.0,0.0,Nacoes Shopping,NS,Alcance | Giftcard ,REACH
1848504162177105,2025-11-26 00:00:00,0.03,0,3427,3.71,0,0,0,12.73,1,12.73,2,0.0,1,0,0.0,0.0,Nacoes Shopping,NS,ALC - NATAL 25,REACH
1847431181554881,2025-10-31 00:00:00,0.0,0,2901,4.55,9,0,0,0.0,0,13.21,30,0.0,22,1,0.0,0.0,Nacoes Shopping,NS,Visualizações de vídeo | Natal 02 ,VIDEO_VIEWS
1847431562326049,2025-11-27 00:00:00,0.0,0,0,0.0,0,0,0,0.0,0,0.0,0,0.0,0,0,0.0,0.0,Nacoes Shopping,NS,Alcance | Ritmi Mana Spolini,REACH
1848504928619618,2025-11-22 00:00:00,14.53,0,5712,5.58,0,0,0,0.04,830,31.86,0,0.0,0,0,0.0,0.0,Nacoes Shopping,NS,TRAF - NATAL 25,TRAFFIC
1847432144410706,2025-11-12 00:00:00,0.0,0,0,0.0,0,0,0,0.0,0,0.0,0,0.0,0,0,0.0,0.0,Nacoes Shopping,NS,Alcance | Chillibeans Vini ,REACH
1847431562326049,2025-11-07 00:00:00,0.0,0,3489,2.4,0,0,0,0.0,0,8.37,3,0.0,3,0,0.0,0.0,Nacoes Shopping,NS,Alcance | Ritmi Mana Spolini,REACH
1848504162177105,2025-11-19 00:00:00,0.16,0,9969,3.58,1,0,0,2.23,16,35.73,6,0.0,9,0,0.0,0.0,Nacoes Shopping,NS,ALC - NATAL 25,REACH
1847431714944034,2025-11-03 00:00:00,0.12,0,5747,2.09,0,0,0,1.71,7,12.0,1,0.0,6,0,0.0,0.0,Nacoes Shopping,NS,Alcance | Giftcard ,REACH
1847431181554881,2025-11-07 00:00:00,0.0,0,2650,4.34,7,0,0,0.0,0,11.51,19,0.0,13,0,0.0,0.0,Nacoes Shopping,NS,Visualizações de vídeo | Natal 02 ,VIDEO_VIEWS
1847431562326049,2025-11-14 00:00:00,0.0,0,0,0.0,0,0,0,0.0,0,0.0,0,0.0,0,0,0.0,0.0,Nacoes Shopping,NS,Alcance | Ritmi Mana Spolini,REACH
1847429807403074,2025-10-31 00:00:00,0.0,0,6344,4.03,9,2,0,0.0,0,25.59,93,0.0,35,2,0.0,0.0,Nacoes Shopping,NS,Visualizações de vídeo | Natal ,VIDEO_VIEWS
1848504162177105,2025-11-25 00:00:00,0.2,0,7031,3.73,2,0,0,1.87,14,26.2,9,0.0,8,0,0.0,0.0,Nacoes Shopping,NS,ALC - NATAL 25,REACH
1848504928619618,2025-11-16 00:00:00,15.04,0,6903,6.48,0,0,0,0.04,1038,44.71,1,0.0,10,0,0.0,0.0,Nacoes Shopping,NS,TRAF - NATAL 25,TRAFFIC
1848504162177105,2025-11-12 00:00:00,0.18,0,11709,3.28,2,1,0,1.83,21,38.42,3,0.0,17,0,0.0,0.0,Nacoes Shopping,NS,ALC - NATAL 25,REACH
1847431714944034,2025-11-10 00:00:00,0.18,0,4977,2.49,1,0,0,1.38,9,12.38,4,0.0,6,0,0.0,0.0,Nacoes Shopping,NS,Alcance | Giftcard ,REACH
1847432144410706,2025-11-25 00:00:00,0.0,0,0,0.0,0,0,0,0.0,0,0.0,0,0.0,0,0,0.0,0.0,Nacoes Shopping,NS,Alcance | Chillibeans Vini ,REACH
1847432144410706,2025-11-05 00:00:00,0.0,0,5280,2.25,0,0,0,0.0,0,11.89,8,0.0,8,0,0.0,0.0,Nacoes Shopping,NS,Alcance | Chillibeans Vini ,REACH
1849887841738834,2025-11-26 00:00:00,0.1,0,4780,2.67,0,0,0,2.55,5,12.75,0,0.0,3,0,0.0,0.0,Nacoes Shopping,NS,ALC - NATAL 25 02,REACH
1847431181554881,2025-11-14 00:00:00,0.0,0,0,0.0,0,0,0,0.0,0,0.0,0,0.0,0,0,0.0,0.0,Nacoes Shopping,NS,Visualizações de vídeo | Natal 02 ,VIDEO_VIEWS
1847431562326049,2025-11-21 00:00:00,0.0,0,0,0.0,0,0,0,0.0,0,0.0,0,0.0,0,0,0.0,0.0,Nacoes Shopping,NS,Alcance | Ritmi Mana Spolini,REACH
1847429807403074,2025-11-07 00:00:00,0.0,0,4552,3.83,5,0,0,0.0,0,17.44,45,0.0,17,3,0.0,0.0,Nacoes Shopping,NS,Visualizações de vídeo | Natal ,VIDEO_VIEWS
1847431562326049,2025-11-01 00:00:00,0.0,0,4792,2.08,0,0,0,0.0,0,9.95,1,0.0,10,0,0.0,0.0,Nacoes Shopping,NS,Alcance | Ritmi Mana Spolini,REACH
1848504162177105,2025-11-18 00:00:00,0.14,0,9113,3.6,0,0,0,2.52,13,32.79,6,0.0,12,0,0.0,0.0,Nacoes Shopping,NS,ALC - NATAL 25,REACH
1847431714944034,2025-11-12 00:00:00,0.0,0,0,0.0,0,0,0,0.0,0,0.0,0,0.0,0,0,0.0,0.0,Nacoes Shopping,NS,Alcance | Giftcard ,REACH
1849887841738834,2025-11-27 00:00:00,0.15,0,10621,3.65,0,0,0,2.42,16,38.74,8,0.0,9,0,0.0,0.0,Nacoes Shopping,NS,ALC - NATAL 25 02,REACH
1847429807403074,2025-11-04 00:00:00,0.0,0,7963,2.89,1,1,0,0.0,0,23.05,86,0.0,33,0,0.0,0.0,Nacoes Shopping,NS,Visualizações de vídeo | Natal ,VIDEO_VIEWS
1847431562326049,2025-11-08 00:00:00,0.0,0,3832,2.39,1,0,0,0.0,0,9.17,4,0.0,4,0,0.0,0.0,Nacoes Shopping,NS,Alcance | Ritmi Mana Spolini,REACH
1848504928619618,2025-11-18 00:00:00,10.21,0,5987,6.87,0,0,0,0.07,611,41.14,3,0.0,15,0,0.0,0.0,Nacoes Shopping,NS,TRAF - NATAL 25,TRAFFIC
1847432144410706,2025-11-03 00:00:00,0.0,0,5559,2.07,0,0,0,0.0,0,11.51,5,0.0,18,0,0.0,0.0,Nacoes Shopping,NS,Alcance | Chillibeans Vini ,REACH
1847431714944034,2025-10-30 00:00:00,0.16,0,3156,2.2,0,0,0,1.39,5,6.95,2,0.0,2,0,0.0,0.0,Nacoes Shopping,NS,Alcance | Giftcard ,REACH
1847432144410706,2025-11-09 00:00:00,0.0,0,3891,2.28,0,0,0,0.0,0,8.86,0,0.0,8,0,0.0,0.0,Nacoes Shopping,NS,Alcance | Chillibeans Vini ,REACH
1847431714944034,2025-11-19 00:00:00,0.0,0,0,0.0,0,0,0,0.0,0,0.0,0,0.0,0,0,0.0,0.0,Nacoes Shopping,NS,Alcance | Giftcard ,REACH
1848504928619618,2025-11-25 00:00:00,15.23,0,5095,6.4,0,0,0,0.04,776,32.63,0,0.0,0,0,0.0,0.0,Nacoes Shopping,NS,TRAF - NATAL 25,TRAFFIC
1847431181554881,2025-11-03 00:00:00,0.0,0,3173,3.64,4,0,0,0.0,0,11.56,30,0.0,4,0,0.0,0.0,Nacoes Shopping,NS,Visualizações de vídeo | Natal 02 ,VIDEO_VIEWS
1847431562326049,2025-11-15 00:00:00,0.0,0,0,0.0,0,0,0,0.0,0,0.0,0,0.0,0,0,0.0,0.0,Nacoes Shopping,NS,Alcance | Ritmi Mana Spolini,REACH
1847431714944034,2025-11-26 00:00:00,0.0,0,0,0.0,0,0,0,0.0,0,0.0,0,0.0,0,0,0.0,0.0,Nacoes Shopping,NS,Alcance | Giftcard ,REACH
1847431714944034,2025-11-06 00:00:00,0.19,0,5745,2.26,0,0,0,1.18,11,12.99,1,0.0,7,0,0.0,0.0,Nacoes Shopping,NS,Alcance | Giftcard ,REACH
1847432144410706,2025-11-16 00:00:00,0.0,0,0,0.0,0,0,0,0.0,0,0.0,0,0.0,0,0,0.0,0.0,Nacoes Shopping,NS,Alcance | Chillibeans Vini ,REACH
1848504162177105,2025-11-11 00:00:00,0.12,0,8013,3.39,0,0,0,2.72,10,27.19,3,0.0,11,0,0.0,0.0,Nacoes Shopping,NS,ALC - NATAL 25,REACH
1849887841738834,2025-11-28 00:00:00,0.17,0,8077,4.0,0,0,0,2.31,14,32.27,6,0.0,9,0,0.0,0.0,Nacoes Shopping,NS,ALC - NATAL 25 02,REACH
1847431562326049,2025-11-22 00:00:00,0.0,0,0,0.0,0,0,0,0.0,0,0.0,0,0.0,0,0,0.0,0.0,Nacoes Shopping,NS,Alcance | Ritmi Mana Spolini,REACH
1848504928619618,2025-11-17 00:00:00,15.57,0,6531,6.39,0,0,0,0.04,1017,41.72,1,0.0,7,0,0.0,0.0,Nacoes Shopping,NS,TRAF - NATAL 25,TRAFFIC
1847432144410706,2025-11-17 00:00:00,0.0,0,0,0.0,0,0,0,0.0,0,0.0,0,0.0,0,0,0.0,0.0,Nacoes Shopping,NS,Alcance | Chillibeans Vini ,REACH
1847431562326049,2025-11-02 00:00:00,0.0,0,4602,1.94,2,0,0,0.0,0,8.95,8,0.0,7,0,0.0,0.0,Nacoes Shopping,NS,Alcance | Ritmi Mana Spolini,REACH
1847429807403074,2025-11-05 00:00:00,0.0,0,6468,3.31,6,1,0,0.0,0,21.43,80,0.0,17,2,0.0,0.0,Nacoes Shopping,NS,Visualizações de vídeo | Natal ,VIDEO_VIEWS
1848504162177105,2025-11-24 00:00:00,0.2,0,7915,3.68,0,0,0,1.82,16,29.1,1,0.0,8,0,0.0,0.0,Nacoes Shopping,NS,ALC - NATAL 25,REACH
1847431714944034,2025-11-18 00:00:00,0.0,0,0,0.0,0,0,0,0.0,0,0.0,0,0.0,0,0,0.0,0.0,Nacoes Shopping,NS,Alcance | Giftcard ,REACH
1847431181554881,2025-11-02 00:00:00,0.0,0,3063,3.93,7,0,0,0.0,0,12.04,21,0.0,8,0,0.0,0.0,Nacoes Shopping,NS,Visualizações de vídeo | Natal 02 ,VIDEO_VIEWS
1847431562326049,2025-11-09 00:00:00,0.0,0,3588,2.45,2,0,0,0.0,0,8.79,5,0.0,3,0,0.0,0.0,Nacoes Shopping,NS,Alcance | Ritmi Mana Spolini,REACH
1848504928619618,2025-11-24 00:00:00,16.55,0,5039,6.59,0,0,0,0.04,834,33.22,0,0.0,0,0,0.0,0.0,Nacoes Shopping,NS,TRAF - NATAL 25,TRAFFIC
1848504928619618,2025-11-11 00:00:00,10.83,0,7978,5.67,0,0,0,0.05,864,45.26,1,0.0,5,0,0.0,0.0,Nacoes Shopping,NS,TRAF - NATAL 25,TRAFFIC
1848504162177105,2025-11-17 00:00:00,0.21,0,9540,3.72,0,0,0,1.78,20,35.51,4,0.0,7,0,0.0,0.0,Nacoes Shopping,NS,ALC - NATAL 25,REACH
1847431714944034,2025-11-05 00:00:00,0.26,0,5821,2.28,0,0,0,0.89,15,13.28,4,0.0,8,0,0.0,0.0,Nacoes Shopping,NS,Alcance | Giftcard ,REACH
1847432144410706,2025-11-10 00:00:00,0.0,0,3520,2.41,0,0,0,0.0,0,8.48,1,0.0,2,0,0.0,0.0,Nacoes Shopping,NS,Alcance | Chillibeans Vini ,REACH
1847431714944034,2025-11-25 00:00:00,0.0,0,0,0.0,0,0,0,0.0,0,0.0,0,0.0,0,0,0.0,0.0,Nacoes Shopping,NS,Alcance | Giftcard ,REACH
1847431181554881,2025-11-09 00:00:00,0.0,0,2464,4.2,5,0,0,0.0,0,10.36,12,0.0,6,0,0.0,0.0,Nacoes Shopping,NS,Visualizações de vídeo | Natal 02 ,VIDEO_VIEWS
1847431562326049,2025-11-16 00:00:00,0.0,0,0,0.0,0,0,0,0.0,0,0.0,0,0.0,0,0,0.0,0.0,Nacoes Shopping,NS,Alcance | Ritmi Mana Spolini,REACH
1848504162177105,2025-11-23 00:00:00,0.19,0,9241,3.49,1,1,0,1.79,18,32.26,6,0.0,6,0,0.0,0.0,Nacoes Shopping,NS,ALC - NATAL 25,REACH
1847431714944034,2025-11-07 00:00:00,0.15,0,5286,2.33,0,0,0,1.54,8,12.33,1,0.0,4,0,0.0,0.0,Nacoes Shopping,NS,Alcance | Giftcard ,REACH
1847431714944034,2025-11-27 00:00:00,0.0,0,0,0.0,0,0,0,0.0,0,0.0,0,0.0,0,0,0.0,0.0,Nacoes Shopping,NS,Alcance | Giftcard ,REACH
1849768886744178,2025-11-25 00:00:00,0.0,0,17149,2.69,1,0,0,0.0,0,46.17,9,0.0,11,0,0.0,0.0,Nacoes Shopping,NS,ALC - BLACK FRIDAY - NS,REACH
1847431181554881,2025-11-11 00:00:00,0.0,0,853,6.23,2,0,0,0.0,0,5.31,4,0.0,7,2,0.0,0.0,Nacoes Shopping,NS,Visualizações de vídeo | Natal 02 ,VIDEO_VIEWS
1847429807403074,2025-11-09 00:00:00,0.0,0,0,0.0,0,0,0,0.0,0,0.0,0,0.0,0,0,0.0,0.0,Nacoes Shopping,NS,Visualizações de vídeo | Natal ,VIDEO_VIEWS
1847431562326049,2025-11-23 00:00:00,0.0,0,0,0.0,0,0,0,0.0,0,0.0,0,0.0,0,0,0.0,0.0,Nacoes Shopping,NS,Alcance | Ritmi Mana Spolini,REACH
1847431562326049,2025-11-03 00:00:00,0.0,0,4371,2.16,2,0,0,0.0,0,9.45,5,0.0,3,0,0.0,0.0,Nacoes Shopping,NS,Alcance | Ritmi Mana Spolini,REACH
1848504928619618,2025-11-13 00:00:00,16.53,0,7338,6.72,0,0,0,0.04,1213,49.3,0,0.0,1,0,0.0,0.0,Nacoes Shopping,NS,TRAF - NATAL 25,TRAFFIC
1847432144410706,2025-11-08 00:00:00,0.0,0,4298,2.24,0,0,0,0.0,0,9.63,3,0.0,6,0,0.0,0.0,Nacoes Shopping,NS,Alcance | Chillibeans Vini ,REACH
1847432144410706,2025-11-14 00:00:00,0.0,0,0,0.0,0,0,0,0.0,0,0.0,0,0.0,0,0,0.0,0.0,Nacoes Shopping,NS,Alcance | Chillibeans Vini ,REACH
1847431714944034,2025-11-14 00:00:00,0.0,0,0,0.0,0,0,0,0.0,0,0.0,0,0.0,0,0,0.0,0.0,Nacoes Shopping,NS,Alcance | Giftcard ,REACH
1848504928619618,2025-11-20 00:00:00,16.55,0,5147,7.55,0,0,0,0.05,852,38.84,0,0.0,10,0,0.0,0.0,Nacoes Shopping,NS,TRAF - NATAL 25,TRAFFIC
1847431181554881,2025-11-18 00:00:00,0.0,0,0,0.0,0,0,0,0.0,0,0.0,0,0.0,0,0,0.0,0.0,Nacoes Shopping,NS,Visualizações de vídeo | Natal 02 ,VIDEO_VIEWS
1847431562326049,2025-11-10 00:00:00,0.0,0,3539,2.59,1,0,0,0.0,0,9.15,4,0.0,14,0,0.0,0.0,Nacoes Shopping,NS,Alcance | Ritmi Mana Spolini,REACH
1847432144410706,2025-11-01 00:00:00,0.0,0,6393,1.99,0,0,0,0.0,0,12.75,6,0.0,22,0,0.0,0.0,Nacoes Shopping,NS,Alcance | Chillibeans Vini ,REACH
1847431714944034,2025-11-21 00:00:00,0.0,0,0,0.0,0,0,0,0.0,0,0.0,0,0.0,0,0,0.0,0.0,Nacoes Shopping,NS,Alcance | Giftcard ,REACH
1847432144410706,2025-11-21 00:00:00,0.0,0,0,0.0,0,0,0,0.0,0,0.0,0,0.0,0,0,0.0,0.0,Nacoes Shopping,NS,Alcance | Chillibeans Vini ,REACH
1848504162177105,2025-11-16 00:00:00,0.2,0,9942,3.63,1,0,0,1.8,20,36.08,6,0.0,9,0,0.0,0.0,Nacoes Shopping,NS,ALC - NATAL 25,REACH
1847429807403074,2025-11-03 00:00:00,0.0,0,6921,3.32,9,0,0,0.0,0,23.01,60,0.0,24,1,0.0,0.0,Nacoes Shopping,NS,Visualizações de vídeo | Natal ,VIDEO_VIEWS
1848504928619618,2025-11-12 00:00:00,12.92,0,7092,5.91,0,0,0,0.05,916,41.89,0,0.0,7,0,0.0,0.0,Nacoes Shopping,NS,TRAF - NATAL 25,TRAFFIC
1847431181554881,2025-11-10 00:00:00,0.0,0,2644,4.34,4,0,0,0.0,0,11.47,24,0.0,5,1,0.0,0.0,Nacoes Shopping,NS,Visualizações de vídeo | Natal 02 ,VIDEO_VIEWS
1847432144410706,2025-11-22 00:00:00,0.0,0,0,0.0,0,0,0,0.0,0,0.0,0,0.0,0,0,0.0,0.0,Nacoes Shopping,NS,Alcance | Chillibeans Vini ,REACH
1847432144410706,2025-11-02 00:00:00,0.0,0,6275,1.86,1,0,0,0.0,0,11.68,4,0.0,14,0,0.0,0.0,Nacoes Shopping,NS,Alcance | Chillibeans Vini ,REACH
1847431562326049,2025-11-17 00:00:00,0.0,0,0,0.0,0,0,0,0.0,0,0.0,0,0.0,0,0,0.0,0.0,Nacoes Shopping,NS,Alcance | Ritmi Mana Spolini,REACH
1849768886744178,2025-11-26 00:00:00,0.0,0,22632,2.74,1,0,0,0.0,0,62.08,4,0.0,22,0,0.0,0.0,Nacoes Shopping,NS,ALC - BLACK FRIDAY - NS,REACH
1847429807403074,2025-11-10 00:00:00,0.0,0,0,0.0,0,0,0,0.0,0,0.0,0,0.0,0,0,0.0,0.0,Nacoes Shopping,NS,Visualizações de vídeo | Natal ,VIDEO_VIEWS
1847431714944034,2025-11-13 00:00:00,0.0,0,0,0.0,0,0,0,0.0,0,0.0,0,0.0,0,0,0.0,0.0,Nacoes Shopping,NS,Alcance | Giftcard ,REACH
1847431562326049,2025-11-04 00:00:00,0.0,0,4060,2.35,0,0,0,0.0,0,9.55,6,0.0,11,0,0.0,0.0,Nacoes Shopping,NS,Alcance | Ritmi Mana Spolini,REACH
1848504162177105,2025-11-15 00:00:00,0.15,0,9752,3.71,0,0,0,2.41,15,36.17,1,0.0,10,0,0.0,0.0,Nacoes Shopping,NS,ALC - NATAL 25,REACH
1848504928619618,2025-11-19 00:00:00,19.21,0,4530,9.17,0,0,0,0.05,870,41.52,1,0.0,19,0,0.0,0.0,Nacoes Shopping,NS,TRAF - NATAL 25,TRAFFIC
1848504928619618,2025-11-26 00:00:00,16.39,0,4912,6.72,0,0,0,0.04,805,33.02,0,0.0,0,0,0.0,0.0,Nacoes Shopping,NS,TRAF - NATAL 25,TRAFFIC
1848504162177105,2025-11-22 00:00:00,0.14,0,9006,3.61,1,0,0,2.5,13,32.54,4,0.0,9,0,0.0,0.0,Nacoes Shopping,NS,ALC - NATAL 25,REACH
1847431714944034,2025-10-31 00:00:00,0.15,0,6016,2.37,1,0,0,1.58,9,14.24,3,0.0,5,0,0.0,0.0,Nacoes Shopping,NS,Alcance | Giftcard ,REACH
1847432144410706,2025-11-15 00:00:00,0.0,0,0,0.0,0,0,0,0.0,0,0.0,0,0.0,0,0,0.0,0.0,Nacoes Shopping,NS,Alcance | Chillibeans Vini ,REACH
1847431714944034,2025-11-20 00:00:00,0.0,0,0,0.0,0,0,0,0.0,0,0.0,0,0.0,0,0,0.0,0.0,Nacoes Shopping,NS,Alcance | Giftcard ,REACH
1847431181554881,2025-11-04 00:00:00,0.0,0,3810,3.07,8,0,0,0.0,0,11.71,42,0.0,18,2,0.0,0.0,Nacoes Shopping,NS,Visualizações de vídeo | Natal 02 ,VIDEO_VIEWS
1848504162177105,2025-12-18 00:00:00,0.0,0,0,0.0,0,0,0,0.0,0,0.0,0,0.0,0,0,0.0,0.0,Nacoes Shopping,NS,ALC - NATAL 25,REACH
1849887841738834,2025-12-14 00:00:00,0.22,0,16563,2.43,4,0,0,1.12,36,40.22,18,0.0,41,0,0.0,0.0,Nacoes Shopping,NS,ALC - NATAL 25 02,REACH
1849887841738834,2025-12-07 00:00:00,0.02,0,13120,3.05,0,0,0,13.36,3,40.07,11,0.0,99,0,0.0,0.0,Nacoes Shopping,NS,ALC - NATAL 25 02,REACH
1849768886744178,2025-12-10 00:00:00,0.0,0,0,0.0,0,0,0,0.0,0,0.0,0,0.0,0,0,0.0,0.0,Nacoes Shopping,NS,ALC - BLACK FRIDAY - NS,REACH
1849887841738834,2025-12-27 00:00:00,0.11,0,15761,2.31,2,0,0,2.02,18,36.41,15,0.0,80,1,0.0,0.0,Nacoes Shopping,NS,ALC - NATAL 25 02,REACH
1847432144410706,2025-12-03 00:00:00,0.0,0,0,0.0,0,0,0,0.0,0,0.0,0,0.0,0,0,0.0,0.0,Nacoes Shopping,NS,Alcance | Chillibeans Vini ,REACH
1850600369247313,2025-12-21 00:00:00,0.0,0,6195,2.18,3,0,0,0.0,0,13.48,10,0.0,11,0,0.0,0.0,Nacoes Shopping,NS,ALC - LEGUEIROS,REACH
1847431562326049,2025-12-08 00:00:00,0.0,0,0,0.0,0,0,0,0.0,0,0.0,0,0.0,0,0,0.0,0.0,Nacoes Shopping,NS,Alcance | Ritmi Mana Spolini,REACH
1848504928619618,2025-12-18 00:00:00,12.49,0,6611,4.64,0,0,0,0.04,826,30.66,-1,0.0,114,0,0.0,0.0,Nacoes Shopping,NS,TRAF - NATAL 25,TRAFFIC
1850600369247313,2025-12-15 00:00:00,0.0,0,6906,2.11,2,0,0,0.0,0,14.58,15,0.0,13,0,0.0,0.0,Nacoes Shopping,NS,ALC - LEGUEIROS,REACH
1847431714944034,2025-11-29 00:00:00,0.0,0,0,0.0,0,0,0,0.0,0,0.0,0,0.0,0,0,0.0,0.0,Nacoes Shopping,NS,Alcance | Giftcard ,REACH
1849887841738834,2025-11-30 00:00:00,0.17,0,10657,3.6,1,0,0,2.13,18,38.39,3,0.0,9,0,0.0,0.0,Nacoes Shopping,NS,ALC - NATAL 25 02,REACH
1848504928619618,2025-12-25 00:00:00,12.88,0,8111,3.89,0,0,0,0.03,1045,31.57,0,0.0,26,0,0.0,0.0,Nacoes Shopping,NS,TRAF - NATAL 25,TRAFFIC
1848504928619618,2025-12-05 00:00:00,12.28,0,7348,5.14,0,0,0,0.04,902,37.77,2,0.0,52,0,0.0,0.0,Nacoes Shopping,NS,TRAF - NATAL 25,TRAFFIC
1849768886744178,2025-12-03 00:00:00,0.0,0,0,0.0,0,0,0,0.0,0,0.0,0,0.0,0,0,0.0,0.0,Nacoes Shopping,NS,ALC - BLACK FRIDAY - NS,REACH
1847431181554881,2025-12-23 00:00:00,0.0,0,0,0.0,0,0,0,0.0,0,0.0,0,0.0,0,0,0.0,0.0,Nacoes Shopping,NS,Visualizações de vídeo | Natal 02 ,VIDEO_VIEWS
1847431562326049,2025-12-15 00:00:00,0.0,0,0,0.0,0,0,0,0.0,0,0.0,0,0.0,0,0,0.0,0.0,Nacoes Shopping,NS,Alcance | Ritmi Mana Spolini,REACH
1849887841738834,2025-12-20 00:00:00,0.03,0,12651,2.9,1,0,0,9.16,4,36.63,10,0.0,80,0,0.0,0.0,Nacoes Shopping,NS,ALC - NATAL 25 02,REACH
1850600369247313,2025-12-28 00:00:00,0.0,0,5769,1.6,4,0,0,0.0,0,9.24,16,0.0,12,1,0.0,0.0,Nacoes Shopping,NS,ALC - LEGUEIROS,REACH
1850600369247313,2025-12-08 00:00:00,0.0,0,6726,2.5,5,0,0,0.0,0,16.83,23,0.0,15,0,0.0,0.0,Nacoes Shopping,NS,ALC - LEGUEIROS,REACH
1848504162177105,2025-12-11 00:00:00,0.0,0,0,0.0,0,0,0,0.0,0,0.0,0,0.0,0,0,0.0,0.0,Nacoes Shopping,NS,ALC - NATAL 25,REACH
1849887841738834,2025-12-08 00:00:00,0.2,0,15027,2.79,2,0,0,1.4,30,41.95,7,0.0,74,0,0.0,0.0,Nacoes Shopping,NS,ALC - NATAL 25 02,REACH
1850600369247313,2025-12-22 00:00:00,0.0,0,5864,2.13,5,2,0,0.0,0,12.48,12,0.0,7,0,0.0,0.0,Nacoes Shopping,NS,ALC - LEGUEIROS,REACH
1848504928619618,2025-12-17 00:00:00,9.64,0,8635,3.67,0,0,0,0.04,832,31.67,5,0.0,118,0,0.0,0.0,Nacoes Shopping,NS,TRAF - NATAL 25,TRAFFIC
1848504928619618,2025-12-24 00:00:00,8.76,0,9801,3.1,0,0,0,0.04,859,30.34,2,0.0,71,0,0.0,0.0,Nacoes Shopping,NS,TRAF - NATAL 25,TRAFFIC
1848504928619618,2025-12-04 00:00:00,10.99,0,9297,4.59,0,0,0,0.04,1022,42.63,1,0.0,60,0,0.0,0.0,Nacoes Shopping,NS,TRAF - NATAL 25,TRAFFIC
1849887841738834,2025-12-28 00:00:00,0.13,0,15360,2.32,4,0,0,1.78,20,35.68,10,0.0,87,0,0.0,0.0,Nacoes Shopping,NS,ALC - NATAL 25 02,REACH
1849768886744178,2025-12-11 00:00:00,0.0,0,0,0.0,0,0,0,0.0,0,0.0,0,0.0,0,0,0.0,0.0,Nacoes Shopping,NS,ALC - BLACK FRIDAY - NS,REACH
1847431714944034,2025-12-18 00:00:00,0.0,0,0,0.0,0,0,0,0.0,0,0.0,0,0.0,0,0,0.0,0.0,Nacoes Shopping,NS,Alcance | Giftcard ,REACH
1849887841738834,2025-12-21 00:00:00,0.06,0,13809,2.69,2,0,0,4.64,8,37.12,14,0.0,102,0,0.0,0.0,Nacoes Shopping,NS,ALC - NATAL 25 02,REACH
1849768886744178,2025-12-17 00:00:00,0.0,0,0,0.0,0,0,0,0.0,0,0.0,0,0.0,0,0,0.0,0.0,Nacoes Shopping,NS,ALC - BLACK FRIDAY - NS,REACH
1850600369247313,2025-12-09 00:00:00,0.0,0,6852,2.35,7,0,0,0.0,0,16.08,23,0.0,14,1,0.0,0.0,Nacoes Shopping,NS,ALC - LEGUEIROS,REACH
1848504162177105,2025-12-10 00:00:00,0.0,0,0,0.0,0,0,0,0.0,0,0.0,0,0.0,0,0,0.0,0.0,Nacoes Shopping,NS,ALC - NATAL 25,REACH
1849768886744178,2025-12-24 00:00:00,0.0,0,0,0.0,0,0,0,0.0,0,0.0,0,0.0,0,0,0.0,0.0,Nacoes Shopping,NS,ALC - BLACK FRIDAY - NS,REACH
1848504928619618,2025-12-11 00:00:00,11.74,0,6175,5.98,2,0,0,0.05,725,36.93,4,0.0,100,0,0.0,0.0,Nacoes Shopping,NS,TRAF - NATAL 25,TRAFFIC
1847431714944034,2025-12-05 00:00:00,0.0,0,0,0.0,0,0,0,0.0,0,0.0,0,0.0,0,0,0.0,0.0,Nacoes Shopping,NS,Alcance | Giftcard ,REACH
1849887841738834,2025-12-01 00:00:00,0.18,0,12487,3.16,0,0,0,1.79,22,39.48,2,0.0,10,0,0.0,0.0,Nacoes Shopping,NS,ALC - NATAL 25 02,REACH
1849768886744178,2025-12-04 00:00:00,0.0,0,0,0.0,0,0,0,0.0,0,0.0,0,0.0,0,0,0.0,0.0,Nacoes Shopping,NS,ALC - BLACK FRIDAY - NS,REACH
1848504162177105,2025-12-03 00:00:00,0.0,0,0,0.0,0,0,0,0.0,0,0.0,0,0.0,0,0,0.0,0.0,Nacoes Shopping,NS,ALC - NATAL 25,REACH
1849887841738834,2025-12-09 00:00:00,0.15,0,16266,2.48,3,0,0,1.68,24,40.28,15,0.0,33,0,0.0,0.0,Nacoes Shopping,NS,ALC - NATAL 25 02,REACH
1849887841738834,2025-12-02 00:00:00,0.24,0,13708,3.01,0,1,0,1.25,33,41.3,6,0.0,21,0,0.0,0.0,Nacoes Shopping,NS,ALC - NATAL 25 02,REACH
1847431714944034,2025-12-07 00:00:00,0.0,0,0,0.0,0,0,0,0.0,0,0.0,0,0.0,0,0,0.0,0.0,Nacoes Shopping,NS,Alcance | Giftcard ,REACH
1849768886744178,2025-12-25 00:00:00,0.0,0,0,0.0,0,0,0,0.0,0,0.0,0,0.0,0,0,0.0,0.0,Nacoes Shopping,NS,ALC - BLACK FRIDAY - NS,REACH
1849887841738834,2025-12-22 00:00:00,0.04,0,13838,2.67,1,0,0,6.16,6,36.96,7,0.0,104,0,0.0,0.0,Nacoes Shopping,NS,ALC - NATAL 25 02,REACH
1850600369247313,2025-12-16 00:00:00,0.0,0,6022,2.16,7,0,0,0.0,0,13.01,11,0.0,19,0,0.0,0.0,Nacoes Shopping,NS,ALC - LEGUEIROS,REACH
1847432144410706,2025-12-08 00:00:00,0.0,0,0,0.0,0,0,0,0.0,0,0.0,0,0.0,0,0,0.0,0.0,Nacoes Shopping,NS,Alcance | Chillibeans Vini ,REACH
1847431562326049,2025-12-23 00:00:00,0.0,0,0,0.0,0,0,0,0.0,0,0.0,0,0.0,0,0,0.0,0.0,Nacoes Shopping,NS,Alcance | Ritmi Mana Spolini,REACH
1847431562326049,2025-12-03 00:00:00,0.0,0,0,0.0,0,0,0,0.0,0,0.0,0,0.0,0,0,0.0,0.0,Nacoes Shopping,NS,Alcance | Ritmi Mana Spolini,REACH
1848504928619618,2025-12-13 00:00:00,12.46,0,7241,5.01,0,0,0,0.04,902,36.31,2,0.0,78,0,0.0,0.0,Nacoes Shopping,NS,TRAF - NATAL 25,TRAFFIC
1850600369247313,2025-12-10 00:00:00,0.0,0,6417,2.43,7,2,0,0.0,0,15.6,36,0.0,26,2,0.0,0.0,Nacoes Shopping,NS,ALC - LEGUEIROS,REACH
1849768886744178,2025-12-18 00:00:00,0.0,0,0,0.0,0,0,0,0.0,0,0.0,0,0.0,0,0,0.0,0.0,Nacoes Shopping,NS,ALC - BLACK FRIDAY - NS,REACH
1848504928619618,2025-12-20 00:00:00,12.39,0,6894,4.73,1,0,0,0.04,854,32.62,1,0.0,46,0,0.0,0.0,Nacoes Shopping,NS,TRAF - NATAL 25,TRAFFIC
1848504928619618,2025-11-30 00:00:00,17.66,0,5644,5.59,0,0,0,0.03,997,31.57,0,0.0,0,0,0.0,0.0,Nacoes Shopping,NS,TRAF - NATAL 25,TRAFFIC
1847431562326049,2025-12-10 00:00:00,0.0,0,0,0.0,0,0,0,0.0,0,0.0,0,0.0,0,0,0.0,0.0,Nacoes Shopping,NS,Alcance | Ritmi Mana Spolini,REACH
1849887841738834,2025-12-15 00:00:00,0.27,0,16599,2.4,0,0,0,0.9,44,39.76,8,0.0,42,0,0.0,0.0,Nacoes Shopping,NS,ALC - NATAL 25 02,REACH
1850600369247313,2025-12-23 00:00:00,0.0,0,5791,2.17,5,0,0,0.0,0,12.54,18,0.0,16,1,0.0,0.0,Nacoes Shopping,NS,ALC - LEGUEIROS,REACH
1847432144410706,2025-12-01 00:00:00,0.0,0,0,0.0,0,0,0,0.0,0,0.0,0,0.0,0,0,0.0,0.0,Nacoes Shopping,NS,Alcance | Chillibeans Vini ,REACH
1847431714944034,2025-12-01 00:00:00,0.0,0,0,0.0,0,0,0,0.0,0,0.0,0,0.0,0,0,0.0,0.0,Nacoes Shopping,NS,Alcance | Giftcard ,REACH
1849887841738834,2025-12-03 00:00:00,0.18,0,16939,2.48,1,0,0,1.36,31,42.08,9,0.0,17,1,0.0,0.0,Nacoes Shopping,NS,ALC - NATAL 25 02,REACH
1850600369247313,2025-12-17 00:00:00,0.0,0,5514,2.44,5,0,0,0.0,0,13.45,12,0.0,15,2,0.0,0.0,Nacoes Shopping,NS,ALC - LEGUEIROS,REACH
1848504928619618,2025-12-12 00:00:00,16.74,0,7310,6.14,0,0,0,0.04,1224,44.89,0,0.0,41,0,0.0,0.0,Nacoes Shopping,NS,TRAF - NATAL 25,TRAFFIC
1847432144410706,2025-12-02 00:00:00,0.0,0,0,0.0,0,0,0,0.0,0,0.0,0,0.0,0,0,0.0,0.0,Nacoes Shopping,NS,Alcance | Chillibeans Vini ,REACH
1849768886744178,2025-12-06 00:00:00,0.0,0,0,0.0,0,0,0,0.0,0,0.0,0,0.0,0,0,0.0,0.0,Nacoes Shopping,NS,ALC - BLACK FRIDAY - NS,REACH
1848504928619618,2025-12-19 00:00:00,12.21,0,7958,4.11,0,0,0,0.03,972,32.71,5,0.0,75,0,0.0,0.0,Nacoes Shopping,NS,TRAF - NATAL 25,TRAFFIC
1848504162177105,2025-12-09 00:00:00,0.0,0,0,0.0,0,0,0,0.0,0,0.0,0,0.0,0,0,0.0,0.0,Nacoes Shopping,NS,ALC - NATAL 25,REACH
1849768886744178,2025-12-26 00:00:00,0.0,0,0,0.0,0,0,0,0.0,0,0.0,0,0.0,0,0,0.0,0.0,Nacoes Shopping,NS,ALC - BLACK FRIDAY - NS,REACH
1849887841738834,2025-12-23 00:00:00,0.04,0,14250,2.62,3,0,0,7.47,5,37.33,9,0.0,132,0,0.0,0.0,Nacoes Shopping,NS,ALC - NATAL 25 02,REACH
1849887841738834,2025-12-16 00:00:00,0.18,0,14066,2.6,1,0,0,1.46,25,36.58,8,0.0,65,0,0.0,0.0,Nacoes Shopping,NS,ALC - NATAL 25 02,REACH
1847431562326049,2025-12-04 00:00:00,0.0,0,0,0.0,0,0,0,0.0,0,0.0,0,0.0,0,0,0.0,0.0,Nacoes Shopping,NS,Alcance | Ritmi Mana Spolini,REACH
1847432144410706,2025-12-15 00:00:00,0.0,0,0,0.0,0,0,0,0.0,0,0.0,0,0.0,0,0,0.0,0.0,Nacoes Shopping,NS,Alcance | Chillibeans Vini ,REACH
1849768886744178,2025-12-12 00:00:00,0.0,0,0,0.0,0,0,0,0.0,0,0.0,0,0.0,0,0,0.0,0.0,Nacoes Shopping,NS,ALC - BLACK FRIDAY - NS,REACH
1848504928619618,2025-11-29 00:00:00,15.72,0,5497,6.03,0,0,0,0.04,864,33.17,0,0.0,0,0,0.0,0.0,Nacoes Shopping,NS,TRAF - NATAL 25,TRAFFIC
1848504162177105,2025-12-15 00:00:00,0.0,0,0,0.0,0,0,0,0.0,0,0.0,0,0.0,0,0,0.0,0.0,Nacoes Shopping,NS,ALC - NATAL 25,REACH
1850600369247313,2025-12-24 00:00:00,0.0,0,5535,2.13,2,1,0,0.0,0,11.78,18,0.0,13,0,0.0,0.0,Nacoes Shopping,NS,ALC - LEGUEIROS,REACH
1850600369247313,2025-12-04 00:00:00,0.0,0,4457,1.9,8,0,0,0.0,0,8.45,15,0.0,15,0,0.0,0.0,Nacoes Shopping,NS,ALC - LEGUEIROS,REACH
1848504162177105,2025-12-02 00:00:00,0.0,0,0,0.0,0,0,0,0.0,0,0.0,0,0.0,0,0,0.0,0.0,Nacoes Shopping,NS,ALC - NATAL 25,REACH
1849768886744178,2025-12-19 00:00:00,0.0,0,0,0.0,0,0,0,0.0,0,0.0,0,0.0,0,0,0.0,0.0,Nacoes Shopping,NS,ALC - BLACK FRIDAY - NS,REACH
1848504928619618,2025-12-06 00:00:00,14.28,0,7114,5.86,0,0,0,0.04,1016,41.71,1,0.0,59,0,0.0,0.0,Nacoes Shopping,NS,TRAF - NATAL 25,TRAFFIC
1848504928619618,2025-12-26 00:00:00,11.31,0,8762,3.34,0,0,0,0.03,991,29.28,-1,0.0,79,0,0.0,0.0,Nacoes Shopping,NS,TRAF - NATAL 25,TRAFFIC
1849768886744178,2025-11-29 00:00:00,0.0,0,17967,3.26,1,0,0,0.0,0,58.66,9,0.0,10,6,0.0,0.0,Nacoes Shopping,NS,ALC - BLACK FRIDAY - NS,REACH
1847431562326049,2025-12-11 00:00:00,0.0,0,0,0.0,0,0,0,0.0,0,0.0,0,0.0,0,0,0.0,0.0,Nacoes Shopping,NS,Alcance | Ritmi Mana Spolini,REACH
1848504162177105,2025-12-08 00:00:00,0.0,0,0,0.0,0,0,0,0.0,0,0.0,0,0.0,0,0,0.0,0.0,Nacoes Shopping,NS,ALC - NATAL 25,REACH
1849887841738834,2025-12-24 00:00:00,0.05,0,15104,2.5,6,1,0,5.4,7,37.83,13,0.0,96,2,0.0,0.0,Nacoes Shopping,NS,ALC - NATAL 25 02,REACH
1847431714944034,2025-12-02 00:00:00,0.0,0,0,0.0,0,0,0,0.0,0,0.0,0,0.0,0,0,0.0,0.0,Nacoes Shopping,NS,Alcance | Giftcard ,REACH
1849768886744178,2025-12-20 00:00:00,0.0,0,0,0.0,0,0,0,0.0,0,0.0,0,0.0,0,0,0.0,0.0,Nacoes Shopping,NS,ALC - BLACK FRIDAY - NS,REACH
1849768886744178,2025-11-30 00:00:00,0.0,0,3121,3.12,0,0,0,0.0,0,9.73,3,0.0,3,0,0.0,0.0,Nacoes Shopping,NS,ALC - BLACK FRIDAY - NS,REACH
1849887841738834,2025-12-17 00:00:00,0.05,0,13991,2.74,0,2,0,5.48,7,38.36,9,0.0,107,0,0.0,0.0,Nacoes Shopping,NS,ALC - NATAL 25 02,REACH
1850600369247313,2025-12-11 00:00:00,0.0,0,6752,2.43,1,0,0,0.0,0,16.4,17,0.0,20,0,0.0,0.0,Nacoes Shopping,NS,ALC - LEGUEIROS,REACH
1849887841738834,2025-12-04 00:00:00,0.1,0,15454,2.59,1,2,0,2.67,15,40.06,5,0.0,84,0,0.0,0.0,Nacoes Shopping,NS,ALC - NATAL 25 02,REACH
1848504928619618,2025-12-08 00:00:00,13.45,0,7636,5.32,0,0,0,0.04,1027,40.66,2,0.0,45,0,0.0,0.0,Nacoes Shopping,NS,TRAF - NATAL 25,TRAFFIC
1848504928619618,2025-12-28 00:00:00,13.74,0,10969,3.48,0,0,0,0.03,1507,38.17,0,0.0,3,0,0.0,0.0,Nacoes Shopping,NS,TRAF - NATAL 25,TRAFFIC
1811358948673554,2025-12-17 00:00:00,0.0,0,0,0.0,0,0,0,0.0,0,0.0,0,0.0,0,0,0.0,0.0,Nacoes Shopping,NS,Tráfego - App instal - NS,TRAFFIC
1850600369247313,2025-12-25 00:00:00,0.0,0,6509,1.78,3,0,0,0.0,0,11.58,14,0.0,12,0,0.0,0.0,Nacoes Shopping,NS,ALC - LEGUEIROS,REACH
1848504162177105,2025-12-21 00:00:00,0.0,0,0,0.0,0,0,0,0.0,0,0.0,0,0.0,0,0,0.0,0.0,Nacoes Shopping,NS,ALC - NATAL 25,REACH
1849768886744178,2025-12-13 00:00:00,0.0,0,0,0.0,0,0,0,0.0,0,0.0,0,0.0,0,0,0.0,0.0,Nacoes Shopping,NS,ALC - BLACK FRIDAY - NS,REACH
1847432144410706,2025-11-29 00:00:00,0.0,0,0,0.0,0,0,0,0.0,0,0.0,0,0.0,0,0,0.0,0.0,Nacoes Shopping,NS,Alcance | Chillibeans Vini ,REACH
1848504928619618,2025-12-15 00:00:00,13.3,0,6916,4.88,1,0,0,0.04,920,33.72,4,0.0,167,0,0.0,0.0,Nacoes Shopping,NS,TRAF - NATAL 25,TRAFFIC
1847431562326049,2025-12-05 00:00:00,0.0,0,0,0.0,0,0,0,0.0,0,0.0,0,0.0,0,0,0.0,0.0,Nacoes Shopping,NS,Alcance | Ritmi Mana Spolini,REACH
1849887841738834,2025-12-10 00:00:00,0.2,0,17632,2.46,2,0,0,1.21,36,43.46,12,0.0,47,0,0.0,0.0,Nacoes Shopping,NS,ALC - NATAL 25 02,REACH
1850600369247313,2025-12-18 00:00:00,0.0,0,5807,2.4,2,0,0,0.0,0,13.91,9,0.0,11,0,0.0,0.0,Nacoes Shopping,NS,ALC - LEGUEIROS,REACH
1848504162177105,2025-12-01 00:00:00,0.0,0,0,0.0,0,0,0,0.0,0,0.0,0,0.0,0,0,0.0,0.0,Nacoes Shopping,NS,ALC - NATAL 25,REACH
1850600369247313,2025-12-12 00:00:00,0.0,0,6311,2.41,2,0,0,0.0,0,15.2,8,0.0,13,0,0.0,0.0,Nacoes Shopping,NS,ALC - LEGUEIROS,REACH
1848504928619618,2025-12-27 00:00:00,11.82,0,11955,3.28,1,0,0,0.03,1413,39.19,0,0.0,58,0,0.0,0.0,Nacoes Shopping,NS,TRAF - NATAL 25,TRAFFIC
1848504928619618,2025-12-07 00:00:00,12.75,0,6626,5.68,0,0,0,0.04,845,37.65,0,0.0,64,0,0.0,0.0,Nacoes Shopping,NS,TRAF - NATAL 25,TRAFFIC
1847432144410706,2025-12-07 00:00:00,0.0,0,0,0.0,0,0,0,0.0,0,0.0,0,0.0,0,0,0.0,0.0,Nacoes Shopping,NS,Alcance | Chillibeans Vini ,REACH
1847431714944034,2025-12-08 00:00:00,0.0,0,0,0.0,0,0,0,0.0,0,0.0,0,0.0,0,0,0.0,0.0,Nacoes Shopping,NS,Alcance | Giftcard ,REACH
1849768886744178,2025-12-01 00:00:00,0.0,0,0,0.0,0,0,0,0.0,0,0.0,0,0.0,0,0,0.0,0.0,Nacoes Shopping,NS,ALC - BLACK FRIDAY - NS,REACH
1848504928619618,2025-12-14 00:00:00,15.75,0,7024,5.33,0,0,0,0.03,1106,37.46,0,0.0,63,0,0.0,0.0,Nacoes Shopping,NS,TRAF - NATAL 25,TRAFFIC
1848504162177105,2025-12-14 00:00:00,0.0,0,0,0.0,0,0,0,0.0,0,0.0,0,0.0,0,0,0.0,0.0,Nacoes Shopping,NS,ALC - NATAL 25,REACH
1850600369247313,2025-12-05 00:00:00,0.0,0,6668,2.25,5,0,0,0.0,0,15.03,21,0.0,16,0,0.0,0.0,Nacoes Shopping,NS,ALC - LEGUEIROS,REACH
1849887841738834,2025-12-18 00:00:00,0.1,0,12592,2.82,2,0,0,2.96,12,35.57,8,0.0,96,1,0.0,0.0,Nacoes Shopping,NS,ALC - NATAL 25 02,REACH
1849887841738834,2025-12-11 00:00:00,0.26,0,15888,2.59,1,0,0,0.98,42,41.16,4,0.0,35,0,0.0,0.0,Nacoes Shopping,NS,ALC - NATAL 25 02,REACH
1849768886744178,2025-12-07 00:00:00,0.0,0,0,0.0,0,0,0,0.0,0,0.0,0,0.0,0,0,0.0,0.0,Nacoes Shopping,NS,ALC - BLACK FRIDAY - NS,REACH
1847431714944034,2025-12-15 00:00:00,0.0,0,0,0.0,0,0,0,0.0,0,0.0,0,0.0,0,0,0.0,0.0,Nacoes Shopping,NS,Alcance | Giftcard ,REACH
1848504162177105,2025-11-30 00:00:00,0.0,0,0,0.0,0,0,0,0.0,0,0.0,0,0.0,0,0,0.0,0.0,Nacoes Shopping,NS,ALC - NATAL 25,REACH
1850600369247313,2025-12-19 00:00:00,0.0,0,5406,2.45,1,0,0,0.0,0,13.27,6,0.0,18,0,0.0,0.0,Nacoes Shopping,NS,ALC - LEGUEIROS,REACH
1848504162177105,2025-12-20 00:00:00,0.0,0,0,0.0,0,0,0,0.0,0,0.0,0,0.0,0,0,0.0,0.0,Nacoes Shopping,NS,ALC - NATAL 25,REACH
1848504162177105,2025-12-07 00:00:00,0.0,0,0,0.0,0,0,0,0.0,0,0.0,0,0.0,0,0,0.0,0.0,Nacoes Shopping,NS,ALC - NATAL 25,REACH
1849768886744178,2025-12-14 00:00:00,0.0,0,0,0.0,0,0,0,0.0,0,0.0,0,0.0,0,0,0.0,0.0,Nacoes Shopping,NS,ALC - BLACK FRIDAY - NS,REACH
1848504928619618,2025-12-01 00:00:00,13.28,0,7122,4.16,0,0,0,0.03,946,29.65,0,0.0,0,0,0.0,0.0,Nacoes Shopping,NS,TRAF - NATAL 25,TRAFFIC
1848504928619618,2025-12-21 00:00:00,9.9,0,7987,4.0,1,0,0,0.04,791,31.97,1,0.0,105,0,0.0,0.0,Nacoes Shopping,NS,TRAF - NATAL 25,TRAFFIC
1848504162177105,2025-12-13 00:00:00,0.0,0,0,0.0,0,0,0,0.0,0,0.0,0,0.0,0,0,0.0,0.0,Nacoes Shopping,NS,ALC - NATAL 25,REACH
1849887841738834,2025-12-19 00:00:00,0.19,0,12367,3.0,3,1,0,1.54,24,37.05,6,0.0,107,2,0.0,0.0,Nacoes Shopping,NS,ALC - NATAL 25 02,REACH
1849768886744178,2025-12-15 00:00:00,0.0,0,0,0.0,0,0,0,0.0,0,0.0,0,0.0,0,0,0.0,0.0,Nacoes Shopping,NS,ALC - BLACK FRIDAY - NS,REACH
1850600369247313,2025-12-06 00:00:00,0.0,0,6124,2.57,11,0,0,0.0,0,15.76,17,0.0,27,2,0.0,0.0,Nacoes Shopping,NS,ALC - LEGUEIROS,REACH
1849887841738834,2025-12-12 00:00:00,0.22,0,15393,2.71,2,0,0,1.22,34,41.64,13,0.0,40,0,0.0,0.0,Nacoes Shopping,NS,ALC - NATAL 25 02,REACH
1849887841738834,2025-11-29 00:00:00,0.21,0,9565,3.85,1,1,0,1.84,20,36.8,5,0.0,6,0,0.0,0.0,Nacoes Shopping,NS,ALC - NATAL 25 02,REACH
1850600369247313,2025-12-26 00:00:00,0.0,0,6103,1.68,3,2,0,0.0,0,10.24,9,0.0,10,1,0.0,0.0,Nacoes Shopping,NS,ALC - LEGUEIROS,REACH
1848504928619618,2025-12-03 00:00:00,14.43,0,6881,4.97,0,0,0,0.03,993,34.21,0,0.0,4,0,0.0,0.0,Nacoes Shopping,NS,TRAF - NATAL 25,TRAFFIC
1848504928619618,2025-12-23 00:00:00,13.27,0,5834,5.49,0,0,0,0.04,774,32.01,3,0.0,57,0,0.0,0.0,Nacoes Shopping,NS,TRAF - NATAL 25,TRAFFIC
1847432144410706,2025-12-18 00:00:00,0.0,0,0,0.0,0,0,0,0.0,0,0.0,0,0.0,0,0,0.0,0.0,Nacoes Shopping,NS,Alcance | Chillibeans Vini ,REACH
1850600369247313,2025-12-20 00:00:00,0.0,0,5559,2.41,2,1,0,0.0,0,13.39,6,0.0,11,0,0.0,0.0,Nacoes Shopping,NS,ALC - LEGUEIROS,REACH
1848504928619618,2025-12-10 00:00:00,10.78,0,6566,5.24,1,0,0,0.05,708,34.39,7,0.0,118,0,0.0,0.0,Nacoes Shopping,NS,TRAF - NATAL 25,TRAFFIC
1847431714944034,2025-12-04 00:00:00,0.0,0,0,0.0,0,0,0,0.0,0,0.0,0,0.0,0,0,0.0,0.0,Nacoes Shopping,NS,Alcance | Giftcard ,REACH
1849887841738834,2025-12-05 00:00:00,0.02,0,13792,2.8,1,2,0,12.88,3,38.64,7,0.0,102,0,0.0,0.0,Nacoes Shopping,NS,ALC - NATAL 25 02,REACH
1849768886744178,2025-12-08 00:00:00,0.0,0,0,0.0,0,0,0,0.0,0,0.0,0,0.0,0,0,0.0,0.0,Nacoes Shopping,NS,ALC - BLACK FRIDAY - NS,REACH
1849887841738834,2025-12-25 00:00:00,0.11,0,15980,2.24,4,0,0,2.11,17,35.84,9,0.0,110,0,0.0,0.0,Nacoes Shopping,NS,ALC - NATAL 25 02,REACH
1850600369247313,2025-12-13 00:00:00,0.0,0,6806,2.26,1,1,0,0.0,0,15.41,7,0.0,13,0,0.0,0.0,Nacoes Shopping,NS,ALC - LEGUEIROS,REACH
1850600369247313,2025-12-07 00:00:00,0.0,0,6569,2.53,4,0,0,0.0,0,16.61,25,0.0,17,0,0.0,0.0,Nacoes Shopping,NS,ALC - LEGUEIROS,REACH
1850600369247313,2025-12-27 00:00:00,0.0,0,5857,1.69,2,0,0,0.0,0,9.92,9,0.0,9,1,0.0,0.0,Nacoes Shopping,NS,ALC - LEGUEIROS,REACH
1848504928619618,2025-12-22 00:00:00,13.43,0,7224,4.47,1,0,0,0.03,970,32.3,0,0.0,33,0,0.0,0.0,Nacoes Shopping,NS,TRAF - NATAL 25,TRAFFIC
1847431562326049,2025-12-07 00:00:00,0.0,0,0,0.0,0,0,0,0.0,0,0.0,0,0.0,0,0,0.0,0.0,Nacoes Shopping,NS,Alcance | Ritmi Mana Spolini,REACH
1848504928619618,2025-12-02 00:00:00,16.76,0,6007,5.24,0,0,0,0.03,1007,31.45,0,0.0,0,0,0.0,0.0,Nacoes Shopping,NS,TRAF - NATAL 25,TRAFFIC
1847431714944034,2025-12-03 00:00:00,0.0,0,0,0.0,0,0,0,0.0,0,0.0,0,0.0,0,0,0.0,0.0,Nacoes Shopping,NS,Alcance | Giftcard ,REACH
1848504928619618,2025-12-09 00:00:00,13.28,0,7554,5.01,0,0,0,0.04,1003,37.82,0,0.0,36,0,0.0,0.0,Nacoes Shopping,NS,TRAF - NATAL 25,TRAFFIC
1848504162177105,2025-12-19 00:00:00,0.0,0,0,0.0,0,0,0,0.0,0,0.0,0,0.0,0,0,0.0,0.0,Nacoes Shopping,NS,ALC - NATAL 25,REACH
1848504162177105,2025-11-29 00:00:00,0.0,0,0,0.0,0,0,0,0.0,0,0.0,0,0.0,0,0,0.0,0.0,Nacoes Shopping,NS,ALC - NATAL 25,REACH
1849887841738834,2025-12-13 00:00:00,0.22,0,15932,2.56,2,1,0,1.17,35,40.82,13,0.0,40,0,0.0,0.0,Nacoes Shopping,NS,ALC - NATAL 25 02,REACH
1849887841738834,2025-12-26 00:00:00,0.11,0,15865,2.23,4,0,0,2.08,17,35.3,7,0.0,93,0,0.0,0.0,Nacoes Shopping,NS,ALC - NATAL 25 02,REACH
1849768886744178,2025-12-02 00:00:00,0.0,0,0,0.0,0,0,0,0.0,0,0.0,0,0.0,0,0,0.0,0.0,Nacoes Shopping,NS,ALC - BLACK FRIDAY - NS,REACH
1850600369247313,2025-12-14 00:00:00,0.0,0,6996,2.13,4,0,0,0.0,0,14.89,21,0.0,16,0,0.0,0.0,Nacoes Shopping,NS,ALC - LEGUEIROS,REACH
1848504162177105,2025-12-05 00:00:00,0.0,0,0,0.0,0,0,0,0.0,0,0.0,0,0.0,0,0,0.0,0.0,Nacoes Shopping,NS,ALC - NATAL 25,REACH
1849768886744178,2025-12-09 00:00:00,0.0,0,0,0.0,0,0,0,0.0,0,0.0,0,0.0,0,0,0.0,0.0,Nacoes Shopping,NS,ALC - BLACK FRIDAY - NS,REACH
1848504162177105,2025-12-12 00:00:00,0.0,0,0,0.0,0,0,0,0.0,0,0.0,0,0.0,0,0,0.0,0.0,Nacoes Shopping,NS,ALC - NATAL 25,REACH
1848504928619618,2025-12-16 00:00:00,12.12,0,8290,4.26,2,0,0,0.04,1005,35.35,4,0.0,147,0,0.0,0.0,Nacoes Shopping,NS,TRAF - NATAL 25,TRAFFIC
1847431714944034,2025-12-10 00:00:00,0.0,0,0,0.0,0,0,0,0.0,0,0.0,0,0.0,0,0,0.0,0.0,Nacoes Shopping,NS,Alcance | Giftcard ,REACH
1849887841738834,2025-12-06 00:00:00,0.02,0,12795,3.11,1,0,0,19.9,2,39.8,6,0.0,100,1,0.0,0.0,Nacoes Shopping,NS,ALC - NATAL 25 02,REACH
1847431562326049,2025-12-01 00:00:00,0.0,0,0,0.0,0,0,0,0.0,0,0.0,0,0.0,0,0,0.0,0.0,Nacoes Shopping,NS,Alcance | Ritmi Mana Spolini,REACH
1854324205639697,2026-01-18 00:00:00,0.0,0,8555,1.57,1,0,0,0.0,0,13.41,7,0.0,21,0,0.0,0.0,Nacoes Shopping,NS,ALC - FERIAS NACOES SHOPPING,REACH
1849887841738834,2026-01-03 00:00:00,0.0,0,2,0.0,0,0,0,0.0,0,0.0,0,0.0,0,0,0.0,0.0,Nacoes Shopping,NS,ALC - NATAL 25 02,REACH
1848504162177105,2026-01-07 00:00:00,0.0,0,0,0.0,0,0,0,0.0,0,0.0,0,0.0,0,0,0.0,0.0,Nacoes Shopping,NS,ALC - NATAL 25,REACH
1854324488425522,2026-01-21 00:00:00,0.0,0,10382,1.88,2,0,0,0.0,0,19.54,3,0.0,19,0,0.0,0.0,Nacoes Shopping,NS,ALC - LIQUIDA,REACH
1850600369247313,2026-01-10 00:00:00,0.0,0,0,0.0,0,0,0,0.0,0,0.0,0,0.0,0,0,0.0,0.0,Nacoes Shopping,NS,ALC - LEGUEIROS,REACH
1849768886744178,2026-01-06 00:00:00,0.0,0,0,0.0,0,0,0,0.0,0,0.0,0,0.0,0,0,0.0,0.0,Nacoes Shopping,NS,ALC - BLACK FRIDAY - NS,REACH
1848504928619618,2026-01-07 00:00:00,0.0,0,2,0.0,0,0,0,0.0,0,0.0,0,0.0,0,0,0.0,0.0,Nacoes Shopping,NS,TRAF - NATAL 25,TRAFFIC
1848504162177105,2025-12-31 00:00:00,0.0,0,0,0.0,0,0,0,0.0,0,0.0,0,0.0,0,0,0.0,0.0,Nacoes Shopping,NS,ALC - NATAL 25,REACH
1850600369247313,2026-01-04 00:00:00,0.0,0,0,0.0,0,0,0,0.0,0,0.0,0,0.0,0,0,0.0,0.0,Nacoes Shopping,NS,ALC - LEGUEIROS,REACH
1849768886744178,2026-01-12 00:00:00,0.0,0,0,0.0,0,0,0,0.0,0,0.0,0,0.0,0,0,0.0,0.0,Nacoes Shopping,NS,ALC - BLACK FRIDAY - NS,REACH
1848504162177105,2026-01-20 00:00:00,0.0,0,0,0.0,0,0,0,0.0,0,0.0,0,0.0,0,0,0.0,0.0,Nacoes Shopping,NS,ALC - NATAL 25,REACH
1848504928619618,2026-01-14 00:00:00,0.0,0,0,0.0,0,0,0,0.0,0,0.0,0,0.0,0,0,0.0,0.0,Nacoes Shopping,NS,TRAF - NATAL 25,TRAFFIC
1847432144410706,2025-12-29 00:00:00,0.0,0,0,0.0,0,0,0,0.0,0,0.0,0,0.0,0,0,0.0,0.0,Nacoes Shopping,NS,Alcance | Chillibeans Vini ,REACH
1849887841738834,2026-01-16 00:00:00,0.0,0,0,0.0,0,0,0,0.0,0,0.0,0,0.0,0,0,0.0,0.0,Nacoes Shopping,NS,ALC - NATAL 25 02,REACH
1854324205639697,2026-01-25 00:00:00,0.0,0,7506,1.48,0,0,0,0.0,0,11.09,5,0.0,17,0,0.0,0.0,Nacoes Shopping,NS,ALC - FERIAS NACOES SHOPPING,REACH
1849887841738834,2026-01-09 00:00:00,0.0,0,0,0.0,0,0,0,0.0,0,0.0,0,0.0,0,0,0.0,0.0,Nacoes Shopping,NS,ALC - NATAL 25 02,REACH
1850600369247313,2026-01-11 00:00:00,0.0,0,0,0.0,0,0,0,0.0,0,0.0,0,0.0,0,0,0.0,0.0,Nacoes Shopping,NS,ALC - LEGUEIROS,REACH
1848504928619618,2026-01-06 00:00:00,0.0,0,0,0.0,0,0,0,0.0,0,0.0,0,0.0,0,0,0.0,0.0,Nacoes Shopping,NS,TRAF - NATAL 25,TRAFFIC
1854324488425522,2026-01-15 00:00:00,0.0,0,12558,1.66,1,0,0,0.0,0,20.88,2,0.0,19,0,0.0,0.0,Nacoes Shopping,NS,ALC - LIQUIDA,REACH
1848504162177105,2026-01-13 00:00:00,0.0,0,0,0.0,0,0,0,0.0,0,0.0,0,0.0,0,0,0.0,0.0,Nacoes Shopping,NS,ALC - NATAL 25,REACH
1849887841738834,2026-01-10 00:00:00,0.0,0,0,0.0,0,0,0,0.0,0,0.0,0,0.0,0,0,0.0,0.0,Nacoes Shopping,NS,ALC - NATAL 25 02,REACH
1854324205639697,2026-01-26 00:00:00,0.0,0,6218,1.85,0,0,0,0.0,0,11.5,8,0.0,14,1,0.0,0.0,Nacoes Shopping,NS,ALC - FERIAS NACOES SHOPPING,REACH
1850600369247313,2025-12-29 00:00:00,0.0,0,5171,1.59,3,0,0,0.0,0,8.24,12,0.0,14,1,0.0,0.0,Nacoes Shopping,NS,ALC - LEGUEIROS,REACH
1848504162177105,2026-01-19 00:00:00,0.0,0,0,0.0,0,0,0,0.0,0,0.0,0,0.0,0,0,0.0,0.0,Nacoes Shopping,NS,ALC - NATAL 25,REACH
1848504162177105,2025-12-30 00:00:00,0.0,0,0,0.0,0,0,0,0.0,0,0.0,0,0.0,0,0,0.0,0.0,Nacoes Shopping,NS,ALC - NATAL 25,REACH
1850600369247313,2026-01-18 00:00:00,0.0,0,0,0.0,0,0,0,0.0,0,0.0,0,0.0,0,0,0.0,0.0,Nacoes Shopping,NS,ALC - LEGUEIROS,REACH
1848504162177105,2026-01-06 00:00:00,0.0,0,0,0.0,0,0,0,0.0,0,0.0,0,0.0,0,0,0.0,0.0,Nacoes Shopping,NS,ALC - NATAL 25,REACH
1848504928619618,2025-12-31 00:00:00,15.04,0,7226,2.99,0,0,0,0.02,1087,21.63,0,0.0,23,0,0.0,0.0,Nacoes Shopping,NS,TRAF - NATAL 25,TRAFFIC
1854324488425522,2026-01-22 00:00:00,0.0,0,11192,1.69,1,0,0,0.0,0,18.91,3,0.0,16,0,0.0,0.0,Nacoes Shopping,NS,ALC - LIQUIDA,REACH
1854324205639697,2026-01-19 00:00:00,0.0,0,7301,1.72,1,0,0,0.0,0,12.53,7,0.0,13,0,0.0,0.0,Nacoes Shopping,NS,ALC - FERIAS NACOES SHOPPING,REACH
1848504928619618,2026-01-22 00:00:00,0.0,0,0,0.0,0,0,0,0.0,0,0.0,0,0.0,0,0,0.0,0.0,Nacoes Shopping,NS,TRAF - NATAL 25,TRAFFIC
1849887841738834,2026-01-18 00:00:00,0.0,0,0,0.0,0,0,0,0.0,0,0.0,0,0.0,0,0,0.0,0.0,Nacoes Shopping,NS,ALC - NATAL 25 02,REACH
1849887841738834,2025-12-29 00:00:00,0.05,0,15837,2.24,0,0,0,4.43,8,35.41,8,0.0,79,0,0.0,0.0,Nacoes Shopping,NS,ALC - NATAL 25 02,REACH
1848504162177105,2026-01-12 00:00:00,0.0,0,0,0.0,0,0,0,0.0,0,0.0,0,0.0,0,0,0.0,0.0,Nacoes Shopping,NS,ALC - NATAL 25,REACH
1854324488425522,2026-01-16 00:00:00,0.0,0,11746,1.7,0,0,0,0.0,0,20.02,3,0.0,14,0,0.0,0.0,Nacoes Shopping,NS,ALC - LIQUIDA,REACH
1850600369247313,2026-01-05 00:00:00,0.0,0,0,0.0,0,0,0,0.0,0,0.0,0,0.0,0,0,0.0,0.0,Nacoes Shopping,NS,ALC - LEGUEIROS,REACH
1849768886744178,2026-01-01 00:00:00,0.0,0,0,0.0,0,0,0,0.0,0,0.0,0,0.0,0,0,0.0,0.0,Nacoes Shopping,NS,ALC - BLACK FRIDAY - NS,REACH
1848504928619618,2026-01-02 00:00:00,100.0,0,2,0.0,0,0,0,0.0,2,0.0,0,0.0,0,0,0.0,0.0,Nacoes Shopping,NS,TRAF - NATAL 25,TRAFFIC
1850600369247313,2025-12-30 00:00:00,0.0,0,1442,1.72,0,0,0,0.0,0,2.48,4,0.0,2,0,0.0,0.0,Nacoes Shopping,NS,ALC - LEGUEIROS,REACH
1848504162177105,2026-01-05 00:00:00,0.0,0,0,0.0,0,0,0,0.0,0,0.0,0,0.0,0,0,0.0,0.0,Nacoes Shopping,NS,ALC - NATAL 25,REACH
1849887841738834,2026-01-11 00:00:00,0.0,0,0,0.0,0,0,0,0.0,0,0.0,0,0.0,0,0,0.0,0.0,Nacoes Shopping,NS,ALC - NATAL 25 02,REACH
1854324488425522,2026-01-23 00:00:00,0.0,0,10658,1.71,0,0,0,0.0,0,18.24,8,0.0,14,0,0.0,0.0,Nacoes Shopping,NS,ALC - LIQUIDA,REACH
1854324205639697,2026-01-20 00:00:00,0.0,0,6785,1.8,0,0,0,0.0,0,12.2,3,0.0,17,0,0.0,0.0,Nacoes Shopping,NS,ALC - FERIAS NACOES SHOPPING,REACH
1849887841738834,2026-01-04 00:00:00,0.0,0,4,0.0,0,0,0,0.0,0,0.0,0,0.0,0,0,0.0,0.0,Nacoes Shopping,NS,ALC - NATAL 25 02,REACH
1850600369247313,2026-01-06 00:00:00,0.0,0,0,0.0,0,0,0,0.0,0,0.0,0,0.0,0,0,0.0,0.0,Nacoes Shopping,NS,ALC - LEGUEIROS,REACH
1848504928619618,2026-01-01 00:00:00,28.57,0,14,0.0,0,0,0,0.0,4,0.0,0,0.0,0,0,0.0,0.0,Nacoes Shopping,NS,TRAF - NATAL 25,TRAFFIC
1848504928619618,2026-01-08 00:00:00,0.0,0,0,0.0,0,0,0,0.0,0,0.0,0,0.0,0,0,0.0,0.0,Nacoes Shopping,NS,TRAF - NATAL 25,TRAFFIC
1855492566896834,2026-01-27 00:00:00,0.0,0,7196,1.37,2,0,0,0.0,0,9.87,12,0.0,18,0,0.0,0.0,Nacoes Shopping,NS,ALC - Smart Zoo,REACH
1854324205639697,2026-01-27 00:00:00,0.0,0,4705,2.11,0,0,0,0.0,0,9.92,-1,0.0,11,0,0.0,0.0,Nacoes Shopping,NS,ALC - FERIAS NACOES SHOPPING,REACH
1849887841738834,2026-01-12 00:00:00,0.0,0,0,0.0,0,0,0,0.0,0,0.0,0,0.0,0,0,0.0,0.0,Nacoes Shopping,NS,ALC - NATAL 25 02,REACH
1849887841738834,2026-01-05 00:00:00,0.0,0,7,0.0,0,0,0,0.0,0,0.0,0,0.0,0,0,0.0,0.0,Nacoes Shopping,NS,ALC - NATAL 25 02,REACH
1854324488425522,2026-01-24 00:00:00,0.0,0,10371,1.79,0,0,0,0.0,0,18.54,3,0.0,13,0,0.0,0.0,Nacoes Shopping,NS,ALC - LIQUIDA,REACH
1854324205639697,2026-01-21 00:00:00,0.0,0,8656,1.64,0,0,0,0.0,0,14.2,6,0.0,14,0,0.0,0.0,Nacoes Shopping,NS,ALC - FERIAS NACOES SHOPPING,REACH
1849768886744178,2026-01-08 00:00:00,0.0,0,0,0.0,0,0,0,0.0,0,0.0,0,0.0,0,0,0.0,0.0,Nacoes Shopping,NS,ALC - BLACK FRIDAY - NS,REACH
1848504928619618,2026-01-15 00:00:00,0.0,0,0,0.0,0,0,0,0.0,0,0.0,0,0.0,0,0,0.0,0.0,Nacoes Shopping,NS,TRAF - NATAL 25,TRAFFIC
1854324488425522,2026-01-17 00:00:00,0.0,0,11845,1.7,1,0,0,0.0,0,20.09,3,0.0,13,0,0.0,0.0,Nacoes Shopping,NS,ALC - LIQUIDA,REACH
1854324205639697,2026-01-14 00:00:00,0.0,0,4068,1.2,0,0,0,0.0,0,4.88,1,0.0,11,0,0.0,0.0,Nacoes Shopping,NS,ALC - FERIAS NACOES SHOPPING,REACH
1815093378942994,2026-01-11 00:00:00,0.0,0,0,0.0,0,0,0,0.0,0,0.0,0,0.0,0,0,0.0,0.0,Nacoes Shopping,NS,Traffic - Promo Natal,TRAFFIC
1848504928619618,2026-01-17 00:00:00,0.0,0,0,0.0,0,0,0,0.0,0,0.0,0,0.0,0,0,0.0,0.0,Nacoes Shopping,NS,TRAF - NATAL 25,TRAFFIC
1849887841738834,2026-01-13 00:00:00,0.0,0,0,0.0,0,0,0,0.0,0,0.0,0,0.0,0,0,0.0,0.0,Nacoes Shopping,NS,ALC - NATAL 25 02,REACH
1850600369247313,2025-12-31 00:00:00,0.0,0,0,0.0,0,0,0,0.0,0,0.0,0,0.0,0,0,0.0,0.0,Nacoes Shopping,NS,ALC - LEGUEIROS,REACH
1850600369247313,2026-01-20 00:00:00,0.0,0,0,0.0,0,0,0,0.0,0,0.0,0,0.0,0,0,0.0,0.0,Nacoes Shopping,NS,ALC - LEGUEIROS,REACH
1850600369247313,2026-01-14 00:00:00,0.0,0,0,0.0,0,0,0,0.0,0,0.0,0,0.0,0,0,0.0,0.0,Nacoes Shopping,NS,ALC - LEGUEIROS,REACH
1848504928619618,2026-01-04 00:00:00,0.0,0,2,0.0,0,0,0,0.0,0,0.0,0,0.0,0,0,0.0,0.0,Nacoes Shopping,NS,TRAF - NATAL 25,TRAFFIC
1847431714944034,2025-12-29 00:00:00,0.0,0,0,0.0,0,0,0,0.0,0,0.0,0,0.0,0,0,0.0,0.0,Nacoes Shopping,NS,Alcance | Giftcard ,REACH
1849887841738834,2026-01-06 00:00:00,0.0,0,0,0.0,0,0,0,0.0,0,0.0,0,0.0,0,0,0.0,0.0,Nacoes Shopping,NS,ALC - NATAL 25 02,REACH
1854324488425522,2026-01-18 00:00:00,0.0,0,11710,1.71,0,0,0,0.0,0,20.05,1,0.0,22,0,0.0,0.0,Nacoes Shopping,NS,ALC - LIQUIDA,REACH
1854324205639697,2026-01-15 00:00:00,0.0,0,8936,1.54,0,0,0,0.0,0,13.77,1,0.0,17,0,0.0,0.0,Nacoes Shopping,NS,ALC - FERIAS NACOES SHOPPING,REACH
1849887841738834,2026-01-19 00:00:00,0.0,0,0,0.0,0,0,0,0.0,0,0.0,0,0.0,0,0,0.0,0.0,Nacoes Shopping,NS,ALC - NATAL 25 02,REACH
1849887841738834,2025-12-30 00:00:00,0.09,0,16194,2.18,8,2,0,2.52,14,35.29,17,0.0,105,1,0.0,0.0,Nacoes Shopping,NS,ALC - NATAL 25 02,REACH
1848504928619618,2026-01-16 00:00:00,0.0,0,0,0.0,0,0,0,0.0,0,0.0,0,0.0,0,0,0.0,0.0,Nacoes Shopping,NS,TRAF - NATAL 25,TRAFFIC
1848504928619618,2026-01-03 00:00:00,0.0,0,1,0.0,0,0,0,0.0,0,0.0,0,0.0,0,0,0.0,0.0,Nacoes Shopping,NS,TRAF - NATAL 25,TRAFFIC
1854324205639697,2026-01-22 00:00:00,0.0,0,8401,1.5,0,0,0,0.0,0,12.58,4,0.0,15,0,0.0,0.0,Nacoes Shopping,NS,ALC - FERIAS NACOES SHOPPING,REACH
1854324488425522,2026-01-25 00:00:00,0.0,0,10738,1.64,2,0,0,0.0,0,17.63,2,0.0,14,0,0.0,0.0,Nacoes Shopping,NS,ALC - LIQUIDA,REACH
1848504162177105,2026-01-03 00:00:00,0.0,0,0,0.0,0,0,0,0.0,0,0.0,0,0.0,0,0,0.0,0.0,Nacoes Shopping,NS,ALC - NATAL 25,REACH
1849887841738834,2026-01-07 00:00:00,0.0,0,0,0.0,0,0,0,0.0,0,0.0,0,0.0,0,0,0.0,0.0,Nacoes Shopping,NS,ALC - NATAL 25 02,REACH
1854324205639697,2026-01-16 00:00:00,0.0,0,8641,1.58,0,0,0,0.0,0,13.64,2,0.0,19,0,0.0,0.0,Nacoes Shopping,NS,ALC - FERIAS NACOES SHOPPING,REACH
1849887841738834,2026-01-20 00:00:00,0.0,0,0,0.0,0,0,0,0.0,0,0.0,0,0.0,0,0,0.0,0.0,Nacoes Shopping,NS,ALC - NATAL 25 02,REACH
1849887841738834,2025-12-31 00:00:00,0.05,0,14428,1.98,1,0,0,4.09,7,28.63,8,0.0,100,2,0.0,0.0,Nacoes Shopping,NS,ALC - NATAL 25 02,REACH
1854324488425522,2026-01-19 00:00:00,0.0,0,9999,1.89,0,0,0,0.0,0,18.94,2,0.0,16,0,0.0,0.0,Nacoes Shopping,NS,ALC - LIQUIDA,REACH
1850600369247313,2026-01-08 00:00:00,0.0,0,0,0.0,0,0,0,0.0,0,0.0,0,0.0,0,0,0.0,0.0,Nacoes Shopping,NS,ALC - LEGUEIROS,REACH
1848504928619618,2026-01-10 00:00:00,0.0,0,0,0.0,0,0,0,0.0,0,0.0,0,0.0,0,0,0.0,0.0,Nacoes Shopping,NS,TRAF - NATAL 25,TRAFFIC
1854324205639697,2026-01-23 00:00:00,0.0,0,7616,1.6,3,1,0,0.0,0,12.16,6,0.0,19,0,0.0,0.0,Nacoes Shopping,NS,ALC - FERIAS NACOES SHOPPING,REACH
1848504162177105,2026-01-02 00:00:00,0.0,0,0,0.0,0,0,0,0.0,0,0.0,0,0.0,0,0,0.0,0.0,Nacoes Shopping,NS,ALC - NATAL 25,REACH
1854324488425522,2026-01-26 00:00:00,0.0,0,8470,2.0,0,0,0,0.0,0,16.96,1,0.0,13,0,0.0,0.0,Nacoes Shopping,NS,ALC - LIQUIDA,REACH
1849768886744178,2026-01-04 00:00:00,0.0,0,0,0.0,0,0,0,0.0,0,0.0,0,0.0,0,0,0.0,0.0,Nacoes Shopping,NS,ALC - BLACK FRIDAY - NS,REACH
1849887841738834,2026-01-01 00:00:00,0.0,0,40,0.0,0,0,0,0.0,0,0.0,0,0.0,1,0,0.0,0.0,Nacoes Shopping,NS,ALC - NATAL 25 02,REACH
1850600369247313,2026-01-15 00:00:00,0.0,0,0,0.0,0,0,0,0.0,0,0.0,0,0.0,0,0,0.0,0.0,Nacoes Shopping,NS,ALC - LEGUEIROS,REACH
1849768886744178,2026-01-11 00:00:00,0.0,0,0,0.0,0,0,0,0.0,0,0.0,0,0.0,0,0,0.0,0.0,Nacoes Shopping,NS,ALC - BLACK FRIDAY - NS,REACH
1850600369247313,2026-01-09 00:00:00,0.0,0,0,0.0,0,0,0,0.0,0,0.0,0,0.0,0,0,0.0,0.0,Nacoes Shopping,NS,ALC - LEGUEIROS,REACH
1848504928619618,2026-01-19 00:00:00,0.0,0,0,0.0,0,0,0,0.0,0,0.0,0,0.0,0,0,0.0,0.0,Nacoes Shopping,NS,TRAF - NATAL 25,TRAFFIC
1848504928619618,2025-12-30 00:00:00,13.75,0,11785,3.04,0,0,0,0.02,1620,35.86,0,0.0,24,0,0.0,0.0,Nacoes Shopping,NS,TRAF - NATAL 25,TRAFFIC
1847431714944034,2026-01-13 00:00:00,0.0,0,0,0.0,0,0,0,0.0,0,0.0,0,0.0,0,0,0.0,0.0,Nacoes Shopping,NS,Alcance | Giftcard ,REACH
1811358948673554,2026-01-18 00:00:00,0.0,0,0,0.0,0,0,0,0.0,0,0.0,0,0.0,0,0,0.0,0.0,Nacoes Shopping,NS,Tráfego - App instal - NS,TRAFFIC
1849887841738834,2026-01-21 00:00:00,0.0,0,0,0.0,0,0,0,0.0,0,0.0,0,0.0,0,0,0.0,0.0,Nacoes Shopping,NS,ALC - NATAL 25 02,REACH
1849887841738834,2026-01-14 00:00:00,0.0,0,0,0.0,0,0,0,0.0,0,0.0,0,0.0,0,0,0.0,0.0,Nacoes Shopping,NS,ALC - NATAL 25 02,REACH
1848504928619618,2026-01-11 00:00:00,0.0,0,0,0.0,0,0,0,0.0,0,0.0,0,0.0,0,0,0.0,0.0,Nacoes Shopping,NS,TRAF - NATAL 25,TRAFFIC
1848504928619618,2025-12-29 00:00:00,12.5,0,12568,2.84,0,0,0,0.02,1571,35.72,0,0.0,19,0,0.0,0.0,Nacoes Shopping,NS,TRAF - NATAL 25,TRAFFIC
1854324205639697,2026-01-17 00:00:00,0.0,0,8707,1.57,2,0,0,0.0,0,13.71,9,0.0,19,0,0.0,0.0,Nacoes Shopping,NS,ALC - FERIAS NACOES SHOPPING,REACH
1854324488425522,2026-01-20 00:00:00,0.0,0,8355,2.2,0,0,0,0.0,0,18.39,3,0.0,13,0,0.0,0.0,Nacoes Shopping,NS,ALC - LIQUIDA,REACH
1849768886744178,2026-01-05 00:00:00,0.0,0,0,0.0,0,0,0,0.0,0,0.0,0,0.0,0,0,0.0,0.0,Nacoes Shopping,NS,ALC - BLACK FRIDAY - NS,REACH
1849887841738834,2026-01-02 00:00:00,0.0,0,3,0.0,0,0,0,0.0,0,0.0,0,0.0,0,0,0.0,0.0,Nacoes Shopping,NS,ALC - NATAL 25 02,REACH
1849887841738834,2026-01-15 00:00:00,0.0,0,0,0.0,0,0,0,0.0,0,0.0,0,0.0,0,0,0.0,0.0,Nacoes Shopping,NS,ALC - NATAL 25 02,REACH
1854324488425522,2026-01-14 00:00:00,0.0,0,5345,1.33,0,0,0,0.0,0,7.1,0,0.0,6,0,0.0,0.0,Nacoes Shopping,NS,ALC - LIQUIDA,REACH
1849768886744178,2025-12-29 00:00:00,0.0,0,0,0.0,0,0,0,0.0,0,0.0,0,0.0,0,0,0.0,0.0,Nacoes Shopping,NS,ALC - BLACK FRIDAY - NS,REACH
1848504162177105,2026-01-01 00:00:00,0.0,0,0,0.0,0,0,0,0.0,0,0.0,0,0.0,0,0,0.0,0.0,Nacoes Shopping,NS,ALC - NATAL 25,REACH
1848504928619618,2026-01-05 00:00:00,100.0,0,1,0.0,0,0,0,0.0,1,0.0,0,0.0,0,0,0.0,0.0,Nacoes Shopping,NS,TRAF - NATAL 25,TRAFFIC
1854324205639697,2026-01-24 00:00:00,0.0,0,7360,1.66,1,0,0,0.0,0,12.24,5,0.0,15,0,0.0,0.0,Nacoes Shopping,NS,ALC - FERIAS NACOES SHOPPING,REACH
1854324488425522,2026-01-27 00:00:00,0.0,0,2968,2.23,0,1,0,0.0,0,6.62,3,0.0,5,0,0.0,0.0,Nacoes Shopping,NS,ALC - LIQUIDA,REACH
1849768886744178,2026-01-18 00:00:00,0.0,0,0,0.0,0,0,0,0.0,0,0.0,0,0.0,0,0,0.0,0.0,Nacoes Shopping,NS,ALC - BLACK FRIDAY - NS,REACH
1855686889040914,2026-01-30 00:00:00,0.0,0,18940,1.94,0,0,0,0.0,0,36.73,30,0.0,32,0,0.0,0.0,Nacoes Shopping,NS,ALC - Carna PET,REACH
1855686756345922,2026-02-04 00:00:00,0.0,0,12752,2.34,0,0,0,0.0,0,29.89,4,0.0,20,1,0.0,0.0,Nacoes Shopping,NS,ALC - Bloko Rosa,REACH
1855686889040914,2026-02-09 00:00:00,0.0,0,0,0.0,0,0,0,0.0,0,0.0,0,0.0,0,0,0.0,0.0,Nacoes Shopping,NS,ALC - Carna PET,REACH
1849887841738834,2026-02-02 00:00:00,0.0,0,0,0.0,0,0,0,0.0,0,0.0,0,0.0,0,0,0.0,0.0,Nacoes Shopping,NS,ALC - NATAL 25 02,REACH
1849887841738834,2026-02-22 00:00:00,0.0,0,0,0.0,0,0,0,0.0,0,0.0,0,0.0,0,0,0.0,0.0,Nacoes Shopping,NS,ALC - NATAL 25 02,REACH
1854324205639697,2026-01-28 00:00:00,0.0,0,7020,1.59,0,0,0,0.0,0,11.18,6,0.0,14,0,0.0,0.0,Nacoes Shopping,NS,ALC - FERIAS NACOES SHOPPING,REACH
1854324488425522,2026-01-28 00:00:00,0.0,0,0,0.0,0,0,0,0.0,0,0.0,0,0.0,0,0,0.0,0.0,Nacoes Shopping,NS,ALC - LIQUIDA,REACH
1855492566896834,2026-02-24 00:00:00,0.0,0,6869,1.66,0,2,0,0.0,0,11.38,3,0.0,10,0,0.0,0.0,Nacoes Shopping,NS,ALC - Smart Zoo,REACH
1855492566896834,2026-02-14 00:00:00,0.0,0,10271,1.76,4,1,0,0.0,0,18.04,13,0.0,19,2,0.0,0.0,Nacoes Shopping,NS,ALC - Smart Zoo,REACH
1855492566896834,2026-02-04 00:00:00,0.0,0,12793,1.47,4,3,0,0.0,0,18.76,12,0.0,27,0,0.0,0.0,Nacoes Shopping,NS,ALC - Smart Zoo,REACH
1855686889040914,2026-02-02 00:00:00,0.0,0,18632,1.81,1,0,0,0.0,0,33.78,16,0.0,38,1,0.0,0.0,Nacoes Shopping,NS,ALC - Carna PET,REACH
1855686756345922,2026-02-07 00:00:00,0.0,0,14657,1.92,0,0,0,0.0,0,28.1,6,0.0,17,0,0.0,0.0,Nacoes Shopping,NS,ALC - Bloko Rosa,REACH
1855686889040914,2026-02-06 00:00:00,0.0,0,16818,1.86,0,0,0,0.0,0,31.27,11,0.0,29,0,0.0,0.0,Nacoes Shopping,NS,ALC - Carna PET,REACH
1854324488425522,2026-01-31 00:00:00,0.0,0,0,0.0,0,0,0,0.0,0,0.0,0,0.0,0,0,0.0,0.0,Nacoes Shopping,NS,ALC - LIQUIDA,REACH
1855686756345922,2026-01-31 00:00:00,0.0,0,16449,1.97,0,2,0,0.0,0,32.39,7,0.0,19,0,0.0,0.0,Nacoes Shopping,NS,ALC - Bloko Rosa,REACH
1855492566896834,2026-02-17 00:00:00,0.0,0,11534,1.49,3,0,0,0.0,0,17.24,9,0.0,17,0,0.0,0.0,Nacoes Shopping,NS,ALC - Smart Zoo,REACH
1855492566896834,2026-02-07 00:00:00,0.0,0,11077,1.82,5,0,0,0.0,0,20.2,19,0.0,25,1,0.0,0.0,Nacoes Shopping,NS,ALC - Smart Zoo,REACH
1855492566896834,2026-01-28 00:00:00,0.0,0,12463,1.52,2,1,0,0.0,0,19.0,23,0.0,23,0,0.0,0.0,Nacoes Shopping,NS,ALC - Smart Zoo,REACH
1855492566896834,2026-02-18 00:00:00,0.0,0,11417,1.39,1,0,0,0.0,0,15.84,5,0.0,15,0,0.0,0.0,Nacoes Shopping,NS,ALC - Smart Zoo,REACH
1855492566896834,2026-02-08 00:00:00,0.0,0,9969,1.9,2,1,0,0.0,0,18.98,15,0.0,26,0,0.0,0.0,Nacoes Shopping,NS,ALC - Smart Zoo,REACH
1855492566896834,2026-01-29 00:00:00,0.0,0,10837,1.76,6,0,0,0.0,0,19.08,21,0.0,29,0,0.0,0.0,Nacoes Shopping,NS,ALC - Smart Zoo,REACH
1855686889040914,2026-02-03 00:00:00,0.0,0,15216,2.17,4,0,0,0.0,0,33.04,14,0.0,34,0,0.0,0.0,Nacoes Shopping,NS,ALC - Carna PET,REACH
1855686756345922,2026-02-03 00:00:00,0.0,0,13991,2.15,1,0,0,0.0,0,30.05,5,0.0,37,1,0.0,0.0,Nacoes Shopping,NS,ALC - Bloko Rosa,REACH
1848504928619618,2026-02-15 00:00:00,0.0,0,0,0.0,0,0,0,0.0,0,0.0,0,0.0,0,0,0.0,0.0,Nacoes Shopping,NS,TRAF - NATAL 25,TRAFFIC
1848504928619618,2026-02-12 00:00:00,0.0,0,0,0.0,0,0,0,0.0,0,0.0,0,0.0,0,0,0.0,0.0,Nacoes Shopping,NS,TRAF - NATAL 25,TRAFFIC
1854324488425522,2026-01-29 00:00:00,0.0,0,0,0.0,0,0,0,0.0,0,0.0,0,0.0,0,0,0.0,0.0,Nacoes Shopping,NS,ALC - LIQUIDA,REACH
1854324205639697,2026-02-01 00:00:00,0.0,0,0,0.0,0,0,0,0.0,0,0.0,0,0.0,0,0,0.0,0.0,Nacoes Shopping,NS,ALC - FERIAS NACOES SHOPPING,REACH
1855492566896834,2026-02-25 00:00:00,0.0,0,2044,1.59,1,0,0,0.0,0,3.25,3,0.0,5,1,0.0,0.0,Nacoes Shopping,NS,ALC - Smart Zoo,REACH
1855492566896834,2026-02-15 00:00:00,0.0,0,8968,1.88,6,0,0,0.0,0,16.9,7,0.0,19,0,0.0,0.0,Nacoes Shopping,NS,ALC - Smart Zoo,REACH
1855492566896834,2026-02-05 00:00:00,0.0,0,11720,1.59,2,0,0,0.0,0,18.61,14,0.0,22,2,0.0,0.0,Nacoes Shopping,NS,ALC - Smart Zoo,REACH
1855686756345922,2026-02-06 00:00:00,0.0,0,15903,1.84,2,0,0,0.0,0,29.26,12,0.0,24,0,0.0,0.0,Nacoes Shopping,NS,ALC - Bloko Rosa,REACH
1855492566896834,2026-02-21 00:00:00,0.0,0,8479,1.72,4,0,0,0.0,0,14.61,11,0.0,19,0,0.0,0.0,Nacoes Shopping,NS,ALC - Smart Zoo,REACH
1855492566896834,2026-02-11 00:00:00,0.0,0,12188,1.51,2,1,0,0.0,0,18.44,9,0.0,29,0,0.0,0.0,Nacoes Shopping,NS,ALC - Smart Zoo,REACH
1855492566896834,2026-02-01 00:00:00,0.0,0,10767,1.72,5,1,0,0.0,0,18.57,20,0.0,37,1,0.0,0.0,Nacoes Shopping,NS,ALC - Smart Zoo,REACH
1855686889040914,2026-01-31 00:00:00,0.0,0,18256,2.0,0,0,0,0.0,0,36.44,11,0.0,30,0,0.0,0.0,Nacoes Shopping,NS,ALC - Carna PET,REACH
1854324488425522,2026-02-21 00:00:00,0.0,0,0,0.0,0,0,0,0.0,0,0.0,0,0.0,0,0,0.0,0.0,Nacoes Shopping,NS,ALC - LIQUIDA,REACH
1854324205639697,2026-01-29 00:00:00,0.0,0,5774,1.63,0,0,0,0.0,0,9.41,7,0.0,11,0,0.0,0.0,Nacoes Shopping,NS,ALC - FERIAS NACOES SHOPPING,REACH
1855686756345922,2026-01-30 00:00:00,0.0,0,17457,1.91,0,0,0,0.0,0,33.31,14,0.0,36,0,0.0,0.0,Nacoes Shopping,NS,ALC - Bloko Rosa,REACH
1855686889040914,2026-02-04 00:00:00,0.0,0,13790,2.4,1,0,0,0.0,0,33.04,16,0.0,24,0,0.0,0.0,Nacoes Shopping,NS,ALC - Carna PET,REACH
1855686756345922,2026-02-09 00:00:00,0.0,0,0,0.0,0,0,0,0.0,0,0.0,0,0.0,0,0,0.0,0.0,Nacoes Shopping,NS,ALC - Bloko Rosa,REACH
1854324205639697,2026-02-02 00:00:00,0.0,0,0,0.0,0,0,0,0.0,0,0.0,0,0.0,0,0,0.0,0.0,Nacoes Shopping,NS,ALC - FERIAS NACOES SHOPPING,REACH
1854324488425522,2026-02-02 00:00:00,0.0,0,0,0.0,0,0,0,0.0,0,0.0,0,0.0,0,0,0.0,0.0,Nacoes Shopping,NS,ALC - LIQUIDA,REACH
1855492566896834,2026-02-19 00:00:00,0.0,0,10159,1.53,2,0,0,0.0,0,15.54,7,0.0,22,0,0.0,0.0,Nacoes Shopping,NS,ALC - Smart Zoo,REACH
1855492566896834,2026-02-09 00:00:00,0.0,0,9109,2.03,4,0,0,0.0,0,18.45,18,0.0,34,1,0.0,0.0,Nacoes Shopping,NS,ALC - Smart Zoo,REACH
1855492566896834,2026-01-30 00:00:00,0.0,0,10768,1.78,7,2,0,0.0,0,19.16,20,0.0,28,1,0.0,0.0,Nacoes Shopping,NS,ALC - Smart Zoo,REACH
1855686756345922,2026-02-02 00:00:00,0.0,0,17022,1.79,2,0,0,0.0,0,30.54,13,0.0,28,1,0.0,0.0,Nacoes Shopping,NS,ALC - Bloko Rosa,REACH
1855686889040914,2026-02-07 00:00:00,0.0,0,7194,2.12,0,0,0,0.0,0,15.27,5,0.0,15,0,0.0,0.0,Nacoes Shopping,NS,ALC - Carna PET,REACH
1855686889040914,2026-02-01 00:00:00,0.0,0,20557,1.69,1,0,0,0.0,0,34.76,16,0.0,31,0,0.0,0.0,Nacoes Shopping,NS,ALC - Carna PET,REACH
1854324205639697,2026-01-30 00:00:00,0.0,0,5215,1.55,0,0,0,0.0,0,8.08,2,0.0,5,0,0.0,0.0,Nacoes Shopping,NS,ALC - FERIAS NACOES SHOPPING,REACH
1855686756345922,2026-02-05 00:00:00,0.0,0,14650,2.12,2,0,0,0.0,0,31.03,10,0.0,26,0,0.0,0.0,Nacoes Shopping,NS,ALC - Bloko Rosa,REACH
1855492566896834,2026-02-22 00:00:00,0.0,0,7699,1.72,3,0,0,0.0,0,13.25,11,0.0,11,0,0.0,0.0,Nacoes Shopping,NS,ALC - Smart Zoo,REACH
1855492566896834,2026-02-12 00:00:00,0.0,0,11286,1.59,5,0,0,0.0,0,18.0,12,0.0,28,0,0.0,0.0,Nacoes Shopping,NS,ALC - Smart Zoo,REACH
1855492566896834,2026-02-02 00:00:00,0.0,0,9600,1.9,3,3,0,0.0,0,18.22,17,0.0,32,0,0.0,0.0,Nacoes Shopping,NS,ALC - Smart Zoo,REACH
1855492566896834,2026-02-23 00:00:00,0.0,0,5650,2.13,1,0,0,0.0,0,12.04,4,0.0,2,0,0.0,0.0,Nacoes Shopping,NS,ALC - Smart Zoo,REACH
1855492566896834,2026-02-13 00:00:00,0.0,0,10651,1.7,4,0,0,0.0,0,18.12,16,0.0,22,0,0.0,0.0,Nacoes Shopping,NS,ALC - Smart Zoo,REACH
1855492566896834,2026-02-03 00:00:00,0.0,0,11442,1.66,3,0,0,0.0,0,18.94,17,0.0,30,1,0.0,0.0,Nacoes Shopping,NS,ALC - Smart Zoo,REACH
1855686756345922,2026-01-29 00:00:00,0.0,0,7197,1.57,0,0,0,0.0,0,11.33,2,0.0,13,0,0.0,0.0,Nacoes Shopping,NS,ALC - Bloko Rosa,REACH
1855686889040914,2026-02-08 00:00:00,0.0,0,0,0.0,0,0,0,0.0,0,0.0,0,0.0,0,0,0.0,0.0,Nacoes Shopping,NS,ALC - Carna PET,REACH
1855686889040914,2026-01-29 00:00:00,0.0,0,7672,1.6,0,0,0,0.0,0,12.25,4,0.0,18,0,0.0,0.0,Nacoes Shopping,NS,ALC - Carna PET,REACH
1855686756345922,2026-02-08 00:00:00,0.0,0,6973,1.79,1,0,0,0.0,0,12.45,5,0.0,11,0,0.0,0.0,Nacoes Shopping,NS,ALC - Bloko Rosa,REACH
1848504928619618,2026-01-31 00:00:00,0.0,0,0,0.0,0,0,0,0.0,0,0.0,0,0.0,0,0,0.0,0.0,Nacoes Shopping,NS,TRAF - NATAL 25,TRAFFIC
1854324205639697,2026-02-06 00:00:00,0.0,0,0,0.0,0,0,0,0.0,0,0.0,0,0.0,0,0,0.0,0.0,Nacoes Shopping,NS,ALC - FERIAS NACOES SHOPPING,REACH
1849887841738834,2026-02-01 00:00:00,0.0,0,0,0.0,0,0,0,0.0,0,0.0,0,0.0,0,0,0.0,0.0,Nacoes Shopping,NS,ALC - NATAL 25 02,REACH
1855492566896834,2026-02-20 00:00:00,0.0,0,8981,1.69,2,2,0,0.0,0,15.15,4,0.0,16,0,0.0,0.0,Nacoes Shopping,NS,ALC - Smart Zoo,REACH
1855492566896834,2026-02-10 00:00:00,0.0,0,11900,1.65,1,1,0,0.0,0,19.58,12,0.0,19,1,0.0,0.0,Nacoes Shopping,NS,ALC - Smart Zoo,REACH
1855492566896834,2026-01-31 00:00:00,0.0,0,10900,1.81,2,3,0,0.0,0,19.71,16,0.0,29,1,0.0,0.0,Nacoes Shopping,NS,ALC - Smart Zoo,REACH
1854324205639697,2026-01-31 00:00:00,0.0,0,2164,1.61,0,0,0,0.0,0,3.49,0,0.0,3,0,0.0,0.0,Nacoes Shopping,NS,ALC - FERIAS NACOES SHOPPING,REACH
1855686756345922,2026-02-01 00:00:00,0.0,0,18871,1.67,1,0,0,0.0,0,31.47,14,0.0,25,0,0.0,0.0,Nacoes Shopping,NS,ALC - Bloko Rosa,REACH
1854324488425522,2026-01-30 00:00:00,0.0,0,0,0.0,0,0,0,0.0,0,0.0,0,0.0,0,0,0.0,0.0,Nacoes Shopping,NS,ALC - LIQUIDA,REACH
1855686756345922,2026-02-11 00:00:00,0.0,0,0,0.0,0,0,0,0.0,0,0.0,0,0.0,0,0,0.0,0.0,Nacoes Shopping,NS,ALC - Bloko Rosa,REACH
1855492566896834,2026-02-16 00:00:00,0.0,0,8598,1.89,4,1,0,0.0,0,16.27,7,0.0,23,1,0.0,0.0,Nacoes Shopping,NS,ALC - Smart Zoo,REACH
1855492566896834,2026-02-06 00:00:00,0.0,0,10962,1.71,8,0,0,0.0,0,18.79,25,0.0,26,0,0.0,0.0,Nacoes Shopping,NS,ALC - Smart Zoo,REACH
1855686889040914,2026-02-05 00:00:00,0.0,0,15714,2.13,0,0,0,0.0,0,33.4,9,0.0,22,0,0.0,0.0,Nacoes Shopping,NS,ALC - Carna PET,REACH
1854324205639697,2026-02-03 00:00:00,0.0,0,0,0.0,0,0,0,0.0,0,0.0,0,0.0,0,0,0.0,0.0,Nacoes Shopping,NS,ALC - FERIAS NACOES SHOPPING,REACH
1849887841738834,2026-03-03 00:00:00,0.0,0,0,0.0,0,0,0,0.0,0,0.0,0,0.0,0,0,0.0,0.0,Nacoes Shopping,NS,ALC - NATAL 25 02,REACH
1848504928619618,2026-03-28 00:00:00,0.0,0,0,0.0,0,0,0,0.0,0,0.0,0,0.0,0,0,0.0,0.0,Nacoes Shopping,NS,TRAF - NATAL 25,TRAFFIC
1855686889040914,2026-02-27 00:00:00,0.0,0,0,0.0,0,0,0,0.0,0,0.0,0,0.0,0,0,0.0,0.0,Nacoes Shopping,NS,ALC - Carna PET,REACH
1855686756345922,2026-02-27 00:00:00,0.0,0,0,0.0,0,0,0,0.0,0,0.0,0,0.0,0,0,0.0,0.0,Nacoes Shopping,NS,ALC - Bloko Rosa,REACH
1855686889040914,2026-03-09 00:00:00,0.0,0,0,0.0,0,0,0,0.0,0,0.0,0,0.0,0,0,0.0,0.0,Nacoes Shopping,NS,ALC - Carna PET,REACH
1848504162177105,2026-03-04 00:00:00,0.0,0,0,0.0,0,0,0,0.0,0,0.0,0,0.0,0,0,0.0,0.0,Nacoes Shopping,NS,ALC - NATAL 25,REACH
1855492566896834,2026-03-03 00:00:00,0.0,0,0,0.0,0,0,0,0.0,0,0.0,0,0.0,0,0,0.0,0.0,Nacoes Shopping,NS,ALC - Smart Zoo,REACH
1849887841738834,2026-03-22 00:00:00,0.0,0,0,0.0,0,0,0,0.0,0,0.0,0,0.0,0,0,0.0,0.0,Nacoes Shopping,NS,ALC - NATAL 25 02,REACH
1848504928619618,2026-03-12 00:00:00,0.0,0,0,0.0,0,0,0,0.0,0,0.0,0,0.0,0,0,0.0,0.0,Nacoes Shopping,NS,TRAF - NATAL 25,TRAFFIC
1848504928619618,2026-03-02 00:00:00,0.0,0,0,0.0,0,0,0,0.0,0,0.0,0,0.0,0,0,0.0,0.0,Nacoes Shopping,NS,TRAF - NATAL 25,TRAFFIC
1811358948673554,2026-03-05 00:00:00,0.0,0,0,0.0,0,0,0,0.0,0,0.0,0,0.0,0,0,0.0,0.0,Nacoes Shopping,NS,Tráfego - App instal - NS,TRAFFIC
1855492566896834,2026-02-27 00:00:00,0.0,0,0,0.0,0,0,0,0.0,0,0.0,0,0.0,0,0,0.0,0.0,Nacoes Shopping,NS,ALC - Smart Zoo,REACH
1850600369247313,2026-03-03 00:00:00,0.0,0,0,0.0,0,0,0,0.0,0,0.0,0,0.0,0,0,0.0,0.0,Nacoes Shopping,NS,ALC - LEGUEIROS,REACH
1849768886744178,2026-03-04 00:00:00,0.0,0,0,0.0,0,0,0,0.0,0,0.0,0,0.0,0,0,0.0,0.0,Nacoes Shopping,NS,ALC - BLACK FRIDAY - NS,REACH
1848504928619618,2026-03-06 00:00:00,0.0,0,0,0.0,0,0,0,0.0,0,0.0,0,0.0,0,0,0.0,0.0,Nacoes Shopping,NS,TRAF - NATAL 25,TRAFFIC
1848504928619618,2026-04-02 00:00:00,0.0,0,0,0.0,0,0,0,0.0,0,0.0,0,0.0,0,0,0.0,0.0,Nacoes Shopping,NS,TRAF - NATAL 25,TRAFFIC
1855492566896834,2026-04-09 00:00:00,0.0,0,0,0.0,0,0,0,0.0,0,0.0,0,0.0,0,0,0.0,0.0,Nacoes Shopping,NS,ALC - Smart Zoo,REACH
1848504928619618,2026-04-01 00:00:00,0.0,0,0,0.0,0,0,0,0.0,0,0.0,0,0.0,0,0,0.0,0.0,Nacoes Shopping,NS,TRAF - NATAL 25,TRAFFIC
1863928955315249,2026-05-05 00:00:00,18.18,0,121,5.54,0,0,0,0.03,22,0.67,0,0.0,0,0,0.0,0.0,Nacoes Shopping,NS,TRAF - PROMO MAES,TRAFFIC
1863928955315249,2026-05-25 00:00:00,0.0,0,0,0.0,0,0,0,0.0,0,0.0,0,0.0,0,0,0.0,0.0,Nacoes Shopping,NS,TRAF - PROMO MAES,TRAFFIC
1863928955315249,2026-05-15 00:00:00,0.0,0,0,0.0,0,0,0,0.0,0,0.0,0,0.0,0,0,0.0,0.0,Nacoes Shopping,NS,TRAF - PROMO MAES,TRAFFIC
1863928702907457,2026-05-11 00:00:00,0.32,0,9731,2.24,2,0,0,0.7,31,21.84,4,0.0,14,0,0.0,0.0,Nacoes Shopping,NS,ALC - PROMO MAES,REACH
1863928702907457,2026-05-21 00:00:00,0.0,0,0,0.0,0,0,0,0.0,0,0.0,0,0.0,0,0,0.0,0.0,Nacoes Shopping,NS,ALC - PROMO MAES,REACH
1863928702907457,2026-05-01 00:00:00,0.24,0,28242,1.68,2,0,0,0.69,69,47.49,12,0.0,41,0,0.0,0.0,Nacoes Shopping,NS,ALC - PROMO MAES,REACH
1863928955315249,2026-05-18 00:00:00,0.0,0,0,0.0,0,0,0,0.0,0,0.0,0,0.0,0,0,0.0,0.0,Nacoes Shopping,NS,TRAF - PROMO MAES,TRAFFIC
1863928955315249,2026-05-08 00:00:00,15.87,0,15087,4.17,0,0,0,0.03,2395,62.86,0,0.0,0,0,0.0,0.0,Nacoes Shopping,NS,TRAF - PROMO MAES,TRAFFIC
1863928702907457,2026-05-18 00:00:00,0.0,0,0,0.0,0,0,0,0.0,0,0.0,0,0.0,0,0,0.0,0.0,Nacoes Shopping,NS,ALC - PROMO MAES,REACH
1863928702907457,2026-05-08 00:00:00,0.23,0,24675,2.2,1,0,0,0.95,57,54.3,18,0.0,31,0,0.0,0.0,Nacoes Shopping,NS,ALC - PROMO MAES,REACH
1863928702907457,2026-05-15 00:00:00,0.0,0,0,0.0,0,0,0,0.0,0,0.0,0,0.0,0,0,0.0,0.0,Nacoes Shopping,NS,ALC - PROMO MAES,REACH
1863928702907457,2026-05-05 00:00:00,0.17,0,11818,1.76,0,0,0,1.04,20,20.84,6,0.0,10,0,0.0,0.0,Nacoes Shopping,NS,ALC - PROMO MAES,REACH
1854324205639697,2026-05-06 00:00:00,0.0,0,0,0.0,0,0,0,0.0,0,0.0,0,0.0,0,0,0.0,0.0,Nacoes Shopping,NS,ALC - FERIAS NACOES SHOPPING,REACH
1863928955315249,2026-05-01 00:00:00,15.09,0,14561,3.84,0,0,0,0.03,2197,55.92,0,0.0,0,0,0.0,0.0,Nacoes Shopping,NS,TRAF - PROMO MAES,TRAFFIC
1863928955315249,2026-05-21 00:00:00,0.0,0,0,0.0,0,0,0,0.0,0,0.0,0,0.0,0,0,0.0,0.0,Nacoes Shopping,NS,TRAF - PROMO MAES,TRAFFIC
1863928955315249,2026-05-11 00:00:00,15.26,0,4535,4.04,0,0,0,0.03,692,18.34,0,0.0,0,0,0.0,0.0,Nacoes Shopping,NS,TRAF - PROMO MAES,TRAFFIC
1863928702907457,2026-05-12 00:00:00,0.0,0,0,0.0,0,0,0,0.0,0,0.0,0,0.0,0,0,0.0,0.0,Nacoes Shopping,NS,ALC - PROMO MAES,REACH
1863928955315249,2026-05-27 00:00:00,0.0,0,0,0.0,0,0,0,0.0,0,0.0,0,0.0,0,0,0.0,0.0,Nacoes Shopping,NS,TRAF - PROMO MAES,TRAFFIC
1863928955315249,2026-05-17 00:00:00,0.0,0,0,0.0,0,0,0,0.0,0,0.0,0,0.0,0,0,0.0,0.0,Nacoes Shopping,NS,TRAF - PROMO MAES,TRAFFIC
1863928955315249,2026-05-07 00:00:00,15.09,0,15272,4.49,0,0,0,0.03,2304,68.58,0,0.0,0,0,0.0,0.0,Nacoes Shopping,NS,TRAF - PROMO MAES,TRAFFIC
1863928702907457,2026-05-02 00:00:00,0.24,0,25997,1.84,3,1,0,0.76,63,47.88,10,0.0,41,0,0.0,0.0,Nacoes Shopping,NS,ALC - PROMO MAES,REACH
1863928955315249,2026-05-24 00:00:00,0.0,0,0,0.0,0,0,0,0.0,0,0.0,0,0.0,0,0,0.0,0.0,Nacoes Shopping,NS,TRAF - PROMO MAES,TRAFFIC
1863928955315249,2026-05-14 00:00:00,0.0,0,0,0.0,0,0,0,0.0,0,0.0,0,0.0,0,0,0.0,0.0,Nacoes Shopping,NS,TRAF - PROMO MAES,TRAFFIC
1863928955315249,2026-05-04 00:00:00,17.2,0,5792,4.54,0,0,0,0.03,996,26.29,0,0.0,0,0,0.0,0.0,Nacoes Shopping,NS,TRAF - PROMO MAES,TRAFFIC
1863928702907457,2026-05-19 00:00:00,0.0,0,0,0.0,0,0,0,0.0,0,0.0,0,0.0,0,0,0.0,0.0,Nacoes Shopping,NS,ALC - PROMO MAES,REACH
1863928702907457,2026-05-09 00:00:00,0.23,0,23102,2.2,2,0,0,0.94,54,50.74,13,0.0,24,0,0.0,0.0,Nacoes Shopping,NS,ALC - PROMO MAES,REACH
1863928955315249,2026-04-30 00:00:00,13.76,0,4483,4.34,0,0,0,0.03,617,19.46,0,0.0,0,0,0.0,0.0,Nacoes Shopping,NS,TRAF - PROMO MAES,TRAFFIC
1863928955315249,2026-05-10 00:00:00,15.84,0,13200,3.73,0,0,0,0.02,2091,49.2,0,0.0,0,0,0.0,0.0,Nacoes Shopping,NS,TRAF - PROMO MAES,TRAFFIC
1863928955315249,2026-05-20 00:00:00,0.0,0,0,0.0,0,0,0,0.0,0,0.0,0,0.0,0,0,0.0,0.0,Nacoes Shopping,NS,TRAF - PROMO MAES,TRAFFIC
1863928702907457,2026-05-26 00:00:00,0.0,0,0,0.0,0,0,0,0.0,0,0.0,0,0.0,0,0,0.0,0.0,Nacoes Shopping,NS,ALC - PROMO MAES,REACH
1863928702907457,2026-05-16 00:00:00,0.0,0,0,0.0,0,0,0,0.0,0,0.0,0,0.0,0,0,0.0,0.0,Nacoes Shopping,NS,ALC - PROMO MAES,REACH
1863928702907457,2026-05-06 00:00:00,0.21,0,27057,2.1,4,0,0,0.98,58,56.92,20,0.0,28,0,0.0,0.0,Nacoes Shopping,NS,ALC - PROMO MAES,REACH
1863928955315249,2026-05-13 00:00:00,0.0,0,0,0.0,0,0,0,0.0,0,0.0,0,0.0,0,0,0.0,0.0,Nacoes Shopping,NS,TRAF - PROMO MAES,TRAFFIC
1863928702907457,2026-05-13 00:00:00,0.0,0,0,0.0,0,0,0,0.0,0,0.0,0,0.0,0,0,0.0,0.0,Nacoes Shopping,NS,ALC - PROMO MAES,REACH
1863928955315249,2026-05-23 00:00:00,0.0,0,0,0.0,0,0,0,0.0,0,0.0,0,0.0,0,0,0.0,0.0,Nacoes Shopping,NS,TRAF - PROMO MAES,TRAFFIC
1863928955315249,2026-05-03 00:00:00,17.5,0,15215,3.48,0,0,0,0.02,2662,52.9,0,0.0,0,0,0.0,0.0,Nacoes Shopping,NS,TRAF - PROMO MAES,TRAFFIC
1863928702907457,2026-05-03 00:00:00,0.21,0,26086,1.84,1,0,0,0.86,56,48.01,11,0.0,38,0,0.0,0.0,Nacoes Shopping,NS,ALC - PROMO MAES,REACH
1863928702907457,2026-05-20 00:00:00,0.0,0,0,0.0,0,0,0,0.0,0,0.0,0,0.0,0,0,0.0,0.0,Nacoes Shopping,NS,ALC - PROMO MAES,REACH
1863928702907457,2026-05-10 00:00:00,0.27,0,22583,2.13,2,1,0,0.79,61,48.16,16,0.0,21,0,0.0,0.0,Nacoes Shopping,NS,ALC - PROMO MAES,REACH
1863928702907457,2026-04-30 00:00:00,0.12,0,11495,1.74,1,0,0,1.43,14,20.04,2,0.0,13,0,0.0,0.0,Nacoes Shopping,NS,ALC - PROMO MAES,REACH
1863928955315249,2026-05-06 00:00:00,16.89,0,6440,5.13,0,0,0,0.03,1088,33.04,0,0.0,0,0,0.0,0.0,Nacoes Shopping,NS,TRAF - PROMO MAES,TRAFFIC
1863928955315249,2026-05-16 00:00:00,0.0,0,0,0.0,0,0,0,0.0,0,0.0,0,0.0,0,0,0.0,0.0,Nacoes Shopping,NS,TRAF - PROMO MAES,TRAFFIC
1863928702907457,2026-05-17 00:00:00,0.0,0,0,0.0,0,0,0,0.0,0,0.0,0,0.0,0,0,0.0,0.0,Nacoes Shopping,NS,ALC - PROMO MAES,REACH
1863928955315249,2026-05-22 00:00:00,0.0,0,0,0.0,0,0,0,0.0,0,0.0,0,0.0,0,0,0.0,0.0,Nacoes Shopping,NS,TRAF - PROMO MAES,TRAFFIC
1863928955315249,2026-05-12 00:00:00,0.0,0,0,0.0,0,0,0,0.0,0,0.0,0,0.0,0,0,0.0,0.0,Nacoes Shopping,NS,TRAF - PROMO MAES,TRAFFIC
1863928955315249,2026-05-02 00:00:00,15.97,0,13454,4.06,0,0,0,0.03,2149,54.69,0,0.0,0,0,0.0,0.0,Nacoes Shopping,NS,TRAF - PROMO MAES,TRAFFIC
1863928702907457,2026-05-27 00:00:00,0.0,0,0,0.0,0,0,0,0.0,0,0.0,0,0.0,0,0,0.0,0.0,Nacoes Shopping,NS,ALC - PROMO MAES,REACH
1863928702907457,2026-05-07 00:00:00,0.27,0,27603,2.18,3,0,0,0.81,74,60.23,13,0.0,33,0,0.0,0.0,Nacoes Shopping,NS,ALC - PROMO MAES,REACH
1863928955315249,2026-05-19 00:00:00,0.0,0,0,0.0,0,0,0,0.0,0,0.0,0,0.0,0,0,0.0,0.0,Nacoes Shopping,NS,TRAF - PROMO MAES,TRAFFIC
1863928955315249,2026-05-09 00:00:00,17.44,0,13735,4.23,0,0,0,0.02,2395,58.05,0,0.0,0,0,0.0,0.0,Nacoes Shopping,NS,TRAF - PROMO MAES,TRAFFIC
1863928702907457,2026-05-04 00:00:00,0.15,0,11122,2.12,0,0,0,1.39,17,23.55,5,0.0,11,0,0.0,0.0,Nacoes Shopping,NS,ALC - PROMO MAES,REACH
1863928702907457,2026-05-14 00:00:00,0.0,0,0,0.0,0,0,0,0.0,0,0.0,0,0.0,0,0,0.0,0.0,Nacoes Shopping,NS,ALC - PROMO MAES,REACH
1848504928619618,2026-05-05 00:00:00,0.0,0,0,0.0,0,0,0,0.0,0,0.0,0,0.0,0,0,0.0,0.0,Nacoes Shopping,NS,TRAF - NATAL 25,TRAFFIC
1866451828239378,2026-06-07 00:00:00,0.0,0,7833,1.49,2,0,0,0.0,0,11.68,10,0.0,11,0,0.0,0.0,Nacoes Shopping,NS,ALC - TROCA DE FIGURINHAS,REACH
1866451828239378,2026-05-28 00:00:00,0.0,0,4660,1.66,0,0,0,0.0,0,7.75,8,0.0,6,0,0.0,0.0,Nacoes Shopping,NS,ALC - TROCA DE FIGURINHAS,REACH
1866441986593986,2026-06-13 00:00:00,0.18,0,10506,1.86,0,0,0,1.03,19,19.51,8,0.0,13,0,0.0,0.0,Nacoes Shopping,NS,ALC - PROMO NAMORADOS 26,REACH
1866441986593986,2026-06-03 00:00:00,0.26,0,14820,2.23,1,0,0,0.85,39,33.03,6,0.0,20,0,0.0,0.0,Nacoes Shopping,NS,ALC - PROMO NAMORADOS 26,REACH
1866451828239378,2026-06-17 00:00:00,0.0,0,5421,1.92,0,0,0,0.0,0,10.42,4,0.0,6,0,0.0,0.0,Nacoes Shopping,NS,ALC - TROCA DE FIGURINHAS,REACH
1866451636143266,2026-06-13 00:00:00,24.83,0,3391,5.01,0,0,0,0.02,842,16.98,0,0.0,0,0,0.0,0.0,Nacoes Shopping,NS,TRAF - NAMORADOS,TRAFFIC
1866451636143266,2026-06-03 00:00:00,29.25,0,6372,5.22,0,0,0,0.02,1864,33.28,0,0.0,0,0,0.0,0.0,Nacoes Shopping,NS,TRAF - NAMORADOS,TRAFFIC
1863928955315249,2026-06-14 00:00:00,0.0,0,0,0.0,0,0,0,0.0,0,0.0,0,0.0,0,0,0.0,0.0,Nacoes Shopping,NS,TRAF - PROMO MAES,TRAFFIC
1848504928619618,2026-06-23 00:00:00,0.0,0,0,0.0,0,0,0,0.0,0,0.0,0,0.0,0,0,0.0,0.0,Nacoes Shopping,NS,TRAF - NATAL 25,TRAFFIC
1866451636143266,2026-06-16 00:00:00,0.0,0,0,0.0,0,0,0,0.0,0,0.0,0,0.0,0,0,0.0,0.0,Nacoes Shopping,NS,TRAF - NAMORADOS,TRAFFIC
1866451636143266,2026-06-06 00:00:00,32.03,0,5157,5.54,0,0,0,0.02,1652,28.59,0,0.0,0,0,0.0,0.0,Nacoes Shopping,NS,TRAF - NAMORADOS,TRAFFIC
1863928955315249,2026-05-28 00:00:00,0.0,0,0,0.0,0,0,0,0.0,0,0.0,0,0.0,0,0,0.0,0.0,Nacoes Shopping,NS,TRAF - PROMO MAES,TRAFFIC
1866441986593986,2026-06-16 00:00:00,0.0,0,0,0.0,0,0,0,0.0,0,0.0,0,0.0,0,0,0.0,0.0,Nacoes Shopping,NS,ALC - PROMO NAMORADOS 26,REACH
1866441986593986,2026-06-06 00:00:00,0.15,0,15679,1.91,2,0,0,1.25,24,29.94,5,0.0,15,0,0.0,0.0,Nacoes Shopping,NS,ALC - PROMO NAMORADOS 26,REACH
1866441986593986,2026-06-09 00:00:00,0.21,0,14551,1.94,2,0,0,0.94,30,28.17,6,0.0,24,0,0.0,0.0,Nacoes Shopping,NS,ALC - PROMO NAMORADOS 26,REACH
1866441986593986,2026-05-30 00:00:00,0.2,0,16368,2.06,0,2,0,1.05,32,33.67,12,0.0,24,0,0.0,0.0,Nacoes Shopping,NS,ALC - PROMO NAMORADOS 26,REACH
1866451828239378,2026-06-24 00:00:00,0.0,0,3989,2.18,0,0,0,0.0,0,8.7,3,0.0,2,0,0.0,0.0,Nacoes Shopping,NS,ALC - TROCA DE FIGURINHAS,REACH
1866451828239378,2026-06-14 00:00:00,0.0,0,7783,1.48,1,1,0,0.0,0,11.51,5,0.0,7,0,0.0,0.0,Nacoes Shopping,NS,ALC - TROCA DE FIGURINHAS,REACH
1866451828239378,2026-06-04 00:00:00,0.0,0,7190,1.84,0,0,0,0.0,0,13.25,3,0.0,9,0,0.0,0.0,Nacoes Shopping,NS,ALC - TROCA DE FIGURINHAS,REACH
1866451636143266,2026-06-19 00:00:00,0.0,0,0,0.0,0,0,0,0.0,0,0.0,0,0.0,0,0,0.0,0.0,Nacoes Shopping,NS,TRAF - NAMORADOS,TRAFFIC
1866451636143266,2026-06-09 00:00:00,25.05,0,5541,4.79,0,0,0,0.02,1388,26.54,0,0.0,0,0,0.0,0.0,Nacoes Shopping,NS,TRAF - NAMORADOS,TRAFFIC
1866451636143266,2026-05-30 00:00:00,28.21,0,5144,6.79,0,0,0,0.02,1451,34.94,0,0.0,0,0,0.0,0.0,Nacoes Shopping,NS,TRAF - NAMORADOS,TRAFFIC
1866451636143266,2026-06-02 00:00:00,28.5,0,5986,5.58,0,0,0,0.02,1706,33.38,0,0.0,0,0,0.0,0.0,Nacoes Shopping,NS,TRAF - NAMORADOS,TRAFFIC
1866451828239378,2026-06-18 00:00:00,0.0,0,5976,1.9,0,0,0,0.0,0,11.38,5,0.0,5,0,0.0,0.0,Nacoes Shopping,NS,ALC - TROCA DE FIGURINHAS,REACH
1866441986593986,2026-06-19 00:00:00,0.0,0,0,0.0,0,0,0,0.0,0,0.0,0,0.0,0,0,0.0,0.0,Nacoes Shopping,NS,ALC - PROMO NAMORADOS 26,REACH
1866451828239378,2026-06-21 00:00:00,0.0,0,5663,1.64,1,0,0,0.0,0,9.31,1,0.0,4,0,0.0,0.0,Nacoes Shopping,NS,ALC - TROCA DE FIGURINHAS,REACH
1866451828239378,2026-06-11 00:00:00,0.0,0,6397,1.83,1,0,0,0.0,0,11.71,1,0.0,6,0,0.0,0.0,Nacoes Shopping,NS,ALC - TROCA DE FIGURINHAS,REACH
1866451828239378,2026-06-01 00:00:00,0.0,0,8189,1.59,1,0,0,0.0,0,13.04,3,0.0,13,0,0.0,0.0,Nacoes Shopping,NS,ALC - TROCA DE FIGURINHAS,REACH
1866441986593986,2026-06-12 00:00:00,0.16,0,12169,1.94,2,0,0,1.18,20,23.63,8,0.0,13,0,0.0,0.0,Nacoes Shopping,NS,ALC - PROMO NAMORADOS 26,REACH
1866441986593986,2026-06-02 00:00:00,0.24,0,15296,2.11,1,2,0,0.9,36,32.33,11,0.0,20,0,0.0,0.0,Nacoes Shopping,NS,ALC - PROMO NAMORADOS 26,REACH
1863928955315249,2026-05-31 00:00:00,0.0,0,0,0.0,0,0,0,0.0,0,0.0,0,0.0,0,0,0.0,0.0,Nacoes Shopping,NS,TRAF - PROMO MAES,TRAFFIC
1866451636143266,2026-06-12 00:00:00,22.2,0,5321,4.23,0,0,0,0.02,1181,22.5,0,0.0,0,0,0.0,0.0,Nacoes Shopping,NS,TRAF - NAMORADOS,TRAFFIC
1866451636143266,2026-06-15 00:00:00,0.0,0,0,0.0,0,0,0,0.0,0,0.0,0,0.0,0,0,0.0,0.0,Nacoes Shopping,NS,TRAF - NAMORADOS,TRAFFIC
1866451636143266,2026-06-05 00:00:00,31.12,0,5425,5.15,0,0,0,0.02,1688,27.94,0,0.0,0,0,0.0,0.0,Nacoes Shopping,NS,TRAF - NAMORADOS,TRAFFIC
1866451828239378,2026-06-25 00:00:00,0.0,0,4231,2.04,0,0,0,0.0,0,8.64,1,0.0,3,0,0.0,0.0,Nacoes Shopping,NS,ALC - TROCA DE FIGURINHAS,REACH
1866451828239378,2026-06-15 00:00:00,0.0,0,7367,1.48,1,0,0,0.0,0,10.92,2,0.0,7,0,0.0,0.0,Nacoes Shopping,NS,ALC - TROCA DE FIGURINHAS,REACH
1866451828239378,2026-06-05 00:00:00,0.0,0,7279,1.69,1,0,0,0.0,0,12.27,5,0.0,9,0,0.0,0.0,Nacoes Shopping,NS,ALC - TROCA DE FIGURINHAS,REACH
1866451828239378,2026-06-08 00:00:00,0.0,0,7350,1.62,1,0,0,0.0,0,11.9,4,0.0,10,0,0.0,0.0,Nacoes Shopping,NS,ALC - TROCA DE FIGURINHAS,REACH
1866451828239378,2026-05-29 00:00:00,0.0,0,6999,1.92,0,0,0,0.0,0,13.41,9,0.0,4,0,0.0,0.0,Nacoes Shopping,NS,ALC - TROCA DE FIGURINHAS,REACH
1866441986593986,2026-06-15 00:00:00,0.0,0,0,0.0,0,0,0,0.0,0,0.0,0,0.0,0,0,0.0,0.0,Nacoes Shopping,NS,ALC - PROMO NAMORADOS 26,REACH
1866441986593986,2026-06-05 00:00:00,0.23,0,16830,1.85,1,1,0,0.8,39,31.17,6,0.0,22,0,0.0,0.0,Nacoes Shopping,NS,ALC - PROMO NAMORADOS 26,REACH
1866451828239378,2026-06-02 00:00:00,0.0,0,7069,1.82,0,0,0,0.0,0,12.85,6,0.0,6,0,0.0,0.0,Nacoes Shopping,NS,ALC - TROCA DE FIGURINHAS,REACH
1866441986593986,2026-06-18 00:00:00,0.0,0,0,0.0,0,0,0,0.0,0,0.0,0,0.0,0,0,0.0,0.0,Nacoes Shopping,NS,ALC - PROMO NAMORADOS 26,REACH
1866441986593986,2026-06-08 00:00:00,0.2,0,15610,1.82,0,0,0,0.92,31,28.46,10,0.0,18,0,0.0,0.0,Nacoes Shopping,NS,ALC - PROMO NAMORADOS 26,REACH
1866451828239378,2026-06-22 00:00:00,0.0,0,5118,1.73,0,0,0,0.0,0,8.85,4,0.0,2,0,0.0,0.0,Nacoes Shopping,NS,ALC - TROCA DE FIGURINHAS,REACH
1866451828239378,2026-06-12 00:00:00,0.0,0,6298,1.86,0,0,0,0.0,0,11.71,3,0.0,8,0,0.0,0.0,Nacoes Shopping,NS,ALC - TROCA DE FIGURINHAS,REACH
1866441986593986,2026-05-29 00:00:00,0.18,0,15846,2.13,0,0,0,1.21,28,33.81,4,0.0,18,0,0.0,0.0,Nacoes Shopping,NS,ALC - PROMO NAMORADOS 26,REACH
1866451636143266,2026-06-08 00:00:00,28.77,0,5279,5.18,0,0,0,0.02,1519,27.33,0,0.0,0,0,0.0,0.0,Nacoes Shopping,NS,TRAF - NAMORADOS,TRAFFIC
1866451636143266,2026-05-29 00:00:00,23.78,0,5693,6.43,0,0,0,0.03,1354,36.6,0,0.0,0,0,0.0,0.0,Nacoes Shopping,NS,TRAF - NAMORADOS,TRAFFIC
1863928955315249,2026-05-30 00:00:00,0.0,0,0,0.0,0,0,0,0.0,0,0.0,0,0.0,0,0,0.0,0.0,Nacoes Shopping,NS,TRAF - PROMO MAES,TRAFFIC
1866451636143266,2026-06-18 00:00:00,0.0,0,0,0.0,0,0,0,0.0,0,0.0,0,0.0,0,0,0.0,0.0,Nacoes Shopping,NS,TRAF - NAMORADOS,TRAFFIC
1866451636143266,2026-06-21 00:00:00,0.0,0,0,0.0,0,0,0,0.0,0,0.0,0,0.0,0,0,0.0,0.0,Nacoes Shopping,NS,TRAF - NAMORADOS,TRAFFIC
1863928955315249,2026-06-16 00:00:00,0.0,0,0,0.0,0,0,0,0.0,0,0.0,0,0.0,0,0,0.0,0.0,Nacoes Shopping,NS,TRAF - PROMO MAES,TRAFFIC
1866451636143266,2026-06-11 00:00:00,24.93,0,4993,4.78,0,0,0,0.02,1245,23.87,0,0.0,0,0,0.0,0.0,Nacoes Shopping,NS,TRAF - NAMORADOS,TRAFFIC
1866451636143266,2026-06-01 00:00:00,29.04,0,6281,5.39,0,0,0,0.02,1824,33.87,0,0.0,0,0,0.0,0.0,Nacoes Shopping,NS,TRAF - NAMORADOS,TRAFFIC
1863928702907457,2026-06-12 00:00:00,0.0,0,0,0.0,0,0,0,0.0,0,0.0,0,0.0,0,0,0.0,0.0,Nacoes Shopping,NS,ALC - PROMO MAES,REACH
1866441986593986,2026-06-01 00:00:00,0.19,0,18000,1.87,3,1,0,0.96,35,33.69,11,0.0,21,0,0.0,0.0,Nacoes Shopping,NS,ALC - PROMO NAMORADOS 26,REACH
1866441986593986,2026-06-21 00:00:00,0.0,0,0,0.0,0,0,0,0.0,0,0.0,0,0.0,0,0,0.0,0.0,Nacoes Shopping,NS,ALC - PROMO NAMORADOS 26,REACH
1866441986593986,2026-06-11 00:00:00,0.13,0,13406,1.96,1,0,0,1.46,18,26.34,6,0.0,12,0,0.0,0.0,Nacoes Shopping,NS,ALC - PROMO NAMORADOS 26,REACH
1866441986593986,2026-06-04 00:00:00,0.23,0,16101,2.12,1,0,0,0.92,37,34.14,8,0.0,15,0,0.0,0.0,Nacoes Shopping,NS,ALC - PROMO NAMORADOS 26,REACH
1866451828239378,2026-06-19 00:00:00,0.0,0,5043,2.11,0,0,0,0.0,0,10.64,3,0.0,2,0,0.0,0.0,Nacoes Shopping,NS,ALC - TROCA DE FIGURINHAS,REACH
1866451828239378,2026-06-09 00:00:00,0.0,0,6770,1.7,0,0,0,0.0,0,11.52,5,0.0,7,0,0.0,0.0,Nacoes Shopping,NS,ALC - TROCA DE FIGURINHAS,REACH
1866451828239378,2026-05-30 00:00:00,0.0,0,7414,1.84,0,0,0,0.0,0,13.61,6,0.0,11,0,0.0,0.0,Nacoes Shopping,NS,ALC - TROCA DE FIGURINHAS,REACH
1866451636143266,2026-06-14 00:00:00,26.66,0,694,5.19,0,0,0,0.02,185,3.6,0,0.0,0,0,0.0,0.0,Nacoes Shopping,NS,TRAF - NAMORADOS,TRAFFIC
1866451636143266,2026-06-04 00:00:00,31.89,0,6654,4.88,0,0,0,0.02,2122,32.48,0,0.0,0,0,0.0,0.0,Nacoes Shopping,NS,TRAF - NAMORADOS,TRAFFIC
1866451636143266,2026-05-28 00:00:00,21.32,0,4250,5.77,0,0,0,0.03,906,24.52,0,0.0,0,0,0.0,0.0,Nacoes Shopping,NS,TRAF - NAMORADOS,TRAFFIC
1866451828239378,2026-06-23 00:00:00,0.0,0,4799,1.89,1,0,0,0.0,0,9.06,3,0.0,5,0,0.0,0.0,Nacoes Shopping,NS,ALC - TROCA DE FIGURINHAS,REACH
1866441986593986,2026-06-14 00:00:00,0.08,0,1265,1.84,0,0,0,2.33,1,2.33,1,0.0,0,0,0.0,0.0,Nacoes Shopping,NS,ALC - PROMO NAMORADOS 26,REACH
1866451828239378,2026-06-26 00:00:00,0.0,0,3524,2.11,0,0,0,0.0,0,7.44,4,0.0,4,0,0.0,0.0,Nacoes Shopping,NS,ALC - TROCA DE FIGURINHAS,REACH
1866451828239378,2026-06-16 00:00:00,0.0,0,6457,1.72,1,0,0,0.0,0,11.11,2,0.0,6,0,0.0,0.0,Nacoes Shopping,NS,ALC - TROCA DE FIGURINHAS,REACH
1866451828239378,2026-06-06 00:00:00,0.0,0,7108,1.7,0,0,0,0.0,0,12.09,3,0.0,9,0,0.0,0.0,Nacoes Shopping,NS,ALC - TROCA DE FIGURINHAS,REACH
1866441986593986,2026-06-07 00:00:00,0.16,0,16696,1.73,0,1,0,1.11,26,28.93,12,0.0,24,0,0.0,0.0,Nacoes Shopping,NS,ALC - PROMO NAMORADOS 26,REACH
1866441986593986,2026-05-28 00:00:00,0.22,0,10688,1.83,1,0,0,0.85,23,19.57,7,0.0,14,0,0.0,0.0,Nacoes Shopping,NS,ALC - PROMO NAMORADOS 26,REACH
1866441986593986,2026-06-17 00:00:00,0.0,0,0,0.0,0,0,0,0.0,0,0.0,0,0.0,0,0,0.0,0.0,Nacoes Shopping,NS,ALC - PROMO NAMORADOS 26,REACH
1866451636143266,2026-06-17 00:00:00,0.0,0,0,0.0,0,0,0,0.0,0,0.0,0,0.0,0,0,0.0,0.0,Nacoes Shopping,NS,TRAF - NAMORADOS,TRAFFIC
1866451636143266,2026-06-07 00:00:00,31.14,0,6031,4.97,0,0,0,0.02,1878,29.99,0,0.0,0,0,0.0,0.0,Nacoes Shopping,NS,TRAF - NAMORADOS,TRAFFIC
1866451636143266,2026-06-10 00:00:00,23.95,0,5298,4.93,0,0,0,0.02,1269,26.12,0,0.0,0,0,0.0,0.0,Nacoes Shopping,NS,TRAF - NAMORADOS,TRAFFIC
1866451636143266,2026-05-31 00:00:00,24.46,0,7174,5.22,0,0,0,0.02,1755,37.47,0,0.0,0,0,0.0,0.0,Nacoes Shopping,NS,TRAF - NAMORADOS,TRAFFIC
1866451828239378,2026-06-20 00:00:00,0.0,0,5640,1.79,0,0,0,0.0,0,10.09,3,0.0,7,0,0.0,0.0,Nacoes Shopping,NS,ALC - TROCA DE FIGURINHAS,REACH
1866451828239378,2026-06-10 00:00:00,0.0,0,6469,1.84,2,0,0,0.0,0,11.92,3,0.0,13,0,0.0,0.0,Nacoes Shopping,NS,ALC - TROCA DE FIGURINHAS,REACH
1866451828239378,2026-05-31 00:00:00,0.0,0,7670,1.69,1,0,0,0.0,0,12.93,2,0.0,8,0,0.0,0.0,Nacoes Shopping,NS,ALC - TROCA DE FIGURINHAS,REACH
1863928955315249,2026-06-18 00:00:00,0.0,0,0,0.0,0,0,0,0.0,0,0.0,0,0.0,0,0,0.0,0.0,Nacoes Shopping,NS,TRAF - PROMO MAES,TRAFFIC
1866451828239378,2026-06-13 00:00:00,0.0,0,6741,1.8,0,0,0,0.0,0,12.16,6,0.0,12,0,0.0,0.0,Nacoes Shopping,NS,ALC - TROCA DE FIGURINHAS,REACH
1866451828239378,2026-06-03 00:00:00,0.0,0,7015,1.89,0,0,0,0.0,0,13.25,2,0.0,8,1,0.0,0.0,Nacoes Shopping,NS,ALC - TROCA DE FIGURINHAS,REACH
1866441986593986,2026-06-10 00:00:00,0.11,0,13023,2.1,0,0,0,1.95,14,27.32,4,0.0,19,0,0.0,0.0,Nacoes Shopping,NS,ALC - PROMO NAMORADOS 26,REACH
1866441986593986,2026-05-31 00:00:00,0.28,0,17145,1.98,1,1,0,0.71,48,33.95,5,0.0,21,0,0.0,0.0,Nacoes Shopping,NS,ALC - PROMO NAMORADOS 26,REACH
1866451828239378,2026-06-27 00:00:00,0.0,0,3183,1.96,0,0,0,0.0,0,6.25,2,0.0,2,0,0.0,0.0,Nacoes Shopping,NS,ALC - TROCA DE FIGURINHAS,REACH
1869534270825826,2026-07-08 00:00:00,0.0,0,0,0.0,0,0,0,0.0,0,0.0,0,0.0,0,0,0.0,0.0,Nacoes Shopping,NS,ALC - SALE,REACH
1869534270825826,2026-07-03 00:00:00,0.0,0,50990,2.59,8,2,0,0.0,0,131.98,45,0.0,77,1,0.0,0.0,Nacoes Shopping,NS,ALC - SALE,REACH
1869534510406689,2026-07-05 00:00:00,0.0,0,4047,8.56,35,0,0,0.0,0,34.65,93,0.0,19,1,0.0,0.0,Nacoes Shopping,NS,Interações com a comunidade - NS,ENGAGEMENT
1848504928619618,2026-07-03 00:00:00,0.0,0,0,0.0,0,0,0,0.0,0,0.0,0,0.0,0,0,0.0,0.0,Nacoes Shopping,NS,TRAF - NATAL 25,TRAFFIC
1863928955315249,2026-07-01 00:00:00,0.0,0,0,0.0,0,0,0,0.0,0,0.0,0,0.0,0,0,0.0,0.0,Nacoes Shopping,NS,TRAF - PROMO MAES,TRAFFIC
1869534510406689,2026-07-02 00:00:00,0.0,0,2135,19.93,32,0,0,0.0,0,42.54,64,0.0,4,2,0.0,0.0,Nacoes Shopping,NS,Interações com a comunidade - NS,ENGAGEMENT
1869534510406689,2026-07-12 00:00:00,0.0,0,0,0.0,0,0,0,0.0,0,0.0,0,0.0,0,0,0.0,0.0,Nacoes Shopping,NS,Interações com a comunidade - NS,ENGAGEMENT
1869534510406689,2026-07-07 00:00:00,0.0,0,1361,11.98,3,0,0,0.0,0,16.31,14,0.0,4,0,0.0,0.0,Nacoes Shopping,NS,Interações com a comunidade - NS,ENGAGEMENT
1848504928619618,2026-07-25 00:00:00,0.0,0,0,0.0,0,0,0,0.0,0,0.0,0,0.0,0,0,0.0,0.0,Nacoes Shopping,NS,TRAF - NATAL 25,TRAFFIC
1866451636143266,2026-07-04 00:00:00,0.0,0,0,0.0,0,0,0,0.0,0,0.0,0,0.0,0,0,0.0,0.0,Nacoes Shopping,NS,TRAF - NAMORADOS,TRAFFIC
1869534270825826,2026-07-10 00:00:00,0.0,0,0,0.0,0,0,0,0.0,0,0.0,0,0.0,0,0,0.0,0.0,Nacoes Shopping,NS,ALC - SALE,REACH
1869534270825826,2026-07-05 00:00:00,0.0,0,15521,3.06,1,0,0,0.0,0,47.53,11,0.0,21,1,0.0,0.0,Nacoes Shopping,NS,ALC - SALE,REACH
1866451828239378,2026-07-04 00:00:00,0.0,0,0,0.0,0,0,0,0.0,0,0.0,0,0.0,0,0,0.0,0.0,Nacoes Shopping,NS,ALC - TROCA DE FIGURINHAS,REACH
1866451828239378,2026-06-29 00:00:00,0.0,0,1776,2.04,0,0,0,0.0,0,3.62,0,0.0,1,0,0.0,0.0,Nacoes Shopping,NS,ALC - TROCA DE FIGURINHAS,REACH
1866451828239378,2026-07-03 00:00:00,0.0,0,0,0.0,0,0,0,0.0,0,0.0,0,0.0,0,0,0.0,0.0,Nacoes Shopping,NS,ALC - TROCA DE FIGURINHAS,REACH
1866451828239378,2026-06-28 00:00:00,0.0,0,2967,1.61,0,0,0,0.0,0,4.78,4,0.0,2,0,0.0,0.0,Nacoes Shopping,NS,ALC - TROCA DE FIGURINHAS,REACH
1869534270825826,2026-07-19 00:00:00,0.0,0,0,0.0,0,0,0,0.0,0,0.0,0,0.0,0,0,0.0,0.0,Nacoes Shopping,NS,ALC - SALE,REACH
1869534270825826,2026-07-09 00:00:00,0.0,0,0,0.0,0,0,0,0.0,0,0.0,0,0.0,0,0,0.0,0.0,Nacoes Shopping,NS,ALC - SALE,REACH
1869534270825826,2026-07-04 00:00:00,0.0,0,45358,2.85,7,1,0,0.0,0,129.46,49,0.0,76,0,0.0,0.0,Nacoes Shopping,NS,ALC - SALE,REACH
1866451828239378,2026-07-13 00:00:00,0.0,0,0,0.0,0,0,0,0.0,0,0.0,0,0.0,0,0,0.0,0.0,Nacoes Shopping,NS,ALC - TROCA DE FIGURINHAS,REACH
1866441986593986,2026-06-27 00:00:00,0.0,0,0,0.0,0,0,0,0.0,0,0.0,0,0.0,0,0,0.0,0.0,Nacoes Shopping,NS,ALC - PROMO NAMORADOS 26,REACH
1869534270825826,2026-07-07 00:00:00,0.0,0,0,0.0,0,0,0,0.0,0,0.0,0,0.0,0,0,0.0,0.0,Nacoes Shopping,NS,ALC - SALE,REACH
1869534270825826,2026-07-02 00:00:00,0.0,0,60377,2.18,5,0,0,0.0,0,131.54,67,0.0,125,1,0.0,0.0,Nacoes Shopping,NS,ALC - SALE,REACH
1866451828239378,2026-07-01 00:00:00,0.0,0,0,0.0,0,0,0,0.0,0,0.0,0,0.0,0,0,0.0,0.0,Nacoes Shopping,NS,ALC - TROCA DE FIGURINHAS,REACH
1869534510406689,2026-07-04 00:00:00,0.0,0,3242,10.51,43,0,0,0.0,0,34.07,86,0.0,11,0,0.0,0.0,Nacoes Shopping,NS,Interações com a comunidade - NS,ENGAGEMENT
1866451636143266,2026-06-30 00:00:00,0.0,0,0,0.0,0,0,0,0.0,0,0.0,0,0.0,0,0,0.0,0.0,Nacoes Shopping,NS,TRAF - NAMORADOS,TRAFFIC
1869534510406689,2026-07-08 00:00:00,0.0,0,0,0.0,0,0,0,0.0,0,0.0,0,0.0,0,0,0.0,0.0,Nacoes Shopping,NS,Interações com a comunidade - NS,ENGAGEMENT
1869534510406689,2026-07-03 00:00:00,0.0,0,3355,9.81,41,0,0,0.0,0,32.91,98,0.0,12,0,0.0,0.0,Nacoes Shopping,NS,Interações com a comunidade - NS,ENGAGEMENT
1869534270825826,2026-07-06 00:00:00,0.0,0,0,0.0,0,0,0,0.0,0,0.0,0,0.0,0,0,0.0,0.0,Nacoes Shopping,NS,ALC - SALE,REACH
1869534270825826,2026-07-01 00:00:00,0.0,0,42592,1.4,3,1,0,0.0,0,59.49,39,0.0,52,0,0.0,0.0,Nacoes Shopping,NS,ALC - SALE,REACH
1866451828239378,2026-06-30 00:00:00,0.0,0,87,2.53,0,0,0,0.0,0,0.22,0,0.0,0,0,0.0,0.0,Nacoes Shopping,NS,ALC - TROCA DE FIGURINHAS,REACH
1869534510406689,2026-07-11 00:00:00,0.0,0,0,0.0,0,0,0,0.0,0,0.0,0,0.0,0,0,0.0,0.0,Nacoes Shopping,NS,Interações com a comunidade - NS,ENGAGEMENT
1869534510406689,2026-07-06 00:00:00,0.0,0,3467,9.34,36,0,0,0.0,0,32.38,65,0.0,19,0,0.0,0.0,Nacoes Shopping,NS,Interações com a comunidade - NS,ENGAGEMENT
1869534510406689,2026-07-01 00:00:00,0.0,0,941,21.22,13,0,0,0.0,0,19.97,42,0.0,4,0,0.0,0.0,Nacoes Shopping,NS,Interações com a comunidade - NS,ENGAGEMENT
