stat_time_day,age,impressions,cpm,cost_per_conversion,clicks,cpc,spend,ctr,conversion_rate,conversion,shopping,shopping_sigla
2025-06-30 00:00:00,AGE_18_24,3752,2.42,0.0,0,0.0,9.08,0.0,0.0,0,Nacoes Shopping,NS
2025-06-30 00:00:00,AGE_25_34,1810,2.68,0.0,0,0.0,4.85,0.0,0.0,0,Nacoes Shopping,NS
2025-06-30 00:00:00,AGE_35_44,1338,2.38,0.0,0,0.0,3.18,0.0,0.0,0,Nacoes Shopping,NS
2025-06-30 00:00:00,AGE_45_54,1279,2.19,0.0,0,0.0,2.8,0.0,0.0,0,Nacoes Shopping,NS
2025-06-30 00:00:00,AGE_55_100,1746,1.94,0.0,0,0.0,3.39,0.0,0.0,0,Nacoes Shopping,NS
2025-07-01 00:00:00,AGE_18_24,6095,1.66,0.0,0,0.0,10.1,0.0,0.0,0,Nacoes Shopping,NS
2025-07-01 00:00:00,AGE_25_34,4084,1.86,0.0,0,0.0,7.6,0.0,0.0,0,Nacoes Shopping,NS
2025-07-01 00:00:00,AGE_35_44,2412,1.64,0.0,0,0.0,3.96,0.0,0.0,0,Nacoes Shopping,NS
2025-07-01 00:00:00,AGE_45_54,2072,1.57,0.0,0,0.0,3.26,0.0,0.0,0,Nacoes Shopping,NS
2025-07-01 00:00:00,AGE_55_100,2357,1.4,0.0,0,0.0,3.29,0.0,0.0,0,Nacoes Shopping,NS
2025-07-02 00:00:00,NONE,1,0.0,0.0,0,0.0,0.0,0.0,0.0,0,Nacoes Shopping,NS
2025-07-02 00:00:00,AGE_18_24,5269,1.93,0.0,0,0.0,10.18,0.0,0.0,0,Nacoes Shopping,NS
2025-07-02 00:00:00,AGE_25_34,3664,1.81,0.0,0,0.0,6.64,0.0,0.0,0,Nacoes Shopping,NS
2025-07-02 00:00:00,AGE_35_44,2187,1.88,0.0,0,0.0,4.12,0.0,0.0,0,Nacoes Shopping,NS
2025-07-02 00:00:00,AGE_45_54,1791,1.57,0.0,0,0.0,2.81,0.0,0.0,0,Nacoes Shopping,NS
2025-07-02 00:00:00,AGE_55_100,2090,1.46,0.0,0,0.0,3.05,0.0,0.0,0,Nacoes Shopping,NS
2025-07-03 00:00:00,NONE,0,0.0,0.0,0,0.0,0.01,0.0,0.0,0,Nacoes Shopping,NS
2025-07-03 00:00:00,AGE_18_24,8027,2.06,0.0,0,0.0,16.55,0.0,0.0,0,Nacoes Shopping,NS
2025-07-03 00:00:00,AGE_25_34,5976,2.14,0.0,0,0.0,12.81,0.0,0.0,0,Nacoes Shopping,NS
2025-07-03 00:00:00,AGE_35_44,3267,1.94,0.0,0,0.0,6.35,0.0,0.0,0,Nacoes Shopping,NS
2025-07-03 00:00:00,AGE_45_54,2441,1.92,0.0,0,0.0,4.68,0.0,0.0,0,Nacoes Shopping,NS
2025-07-03 00:00:00,AGE_55_100,2693,1.75,0.0,0,0.0,4.72,0.0,0.0,0,Nacoes Shopping,NS
2025-07-04 00:00:00,NONE,3,3.33,0.0,0,0.0,0.01,0.0,0.0,0,Nacoes Shopping,NS
2025-07-04 00:00:00,AGE_18_24,9216,2.08,0.0,0,0.0,19.15,0.0,0.0,0,Nacoes Shopping,NS
2025-07-04 00:00:00,AGE_25_34,6415,2.24,0.0,0,0.0,14.34,0.0,0.0,0,Nacoes Shopping,NS
2025-07-04 00:00:00,AGE_35_44,3420,2.02,0.0,0,0.0,6.92,0.0,0.0,0,Nacoes Shopping,NS
2025-07-04 00:00:00,AGE_45_54,2874,1.61,0.0,0,0.0,4.62,0.0,0.0,0,Nacoes Shopping,NS
2025-07-04 00:00:00,AGE_55_100,3147,1.78,0.0,0,0.0,5.59,0.0,0.0,0,Nacoes Shopping,NS
2025-07-05 00:00:00,NONE,3,6.67,0.0,0,0.0,0.02,0.0,0.0,0,Nacoes Shopping,NS
2025-07-05 00:00:00,AGE_18_24,10000,1.9,0.0,0,0.0,18.98,0.0,0.0,0,Nacoes Shopping,NS
2025-07-05 00:00:00,AGE_25_34,7104,2.07,0.0,0,0.0,14.7,0.0,0.0,0,Nacoes Shopping,NS
2025-07-05 00:00:00,AGE_35_44,3579,2.07,0.0,0,0.0,7.42,0.0,0.0,0,Nacoes Shopping,NS
2025-07-05 00:00:00,AGE_45_54,2763,1.53,0.0,0,0.0,4.24,0.0,0.0,0,Nacoes Shopping,NS
2025-07-05 00:00:00,AGE_55_100,3042,1.62,0.0,0,0.0,4.92,0.0,0.0,0,Nacoes Shopping,NS
2025-07-06 00:00:00,NONE,8,2.5,0.0,0,0.0,0.02,0.0,0.0,0,Nacoes Shopping,NS
2025-07-06 00:00:00,AGE_18_24,10467,1.82,0.0,0,0.0,19.01,0.0,0.0,0,Nacoes Shopping,NS
2025-07-06 00:00:00,AGE_25_34,7179,2.1,0.0,0,0.0,15.06,0.0,0.0,0,Nacoes Shopping,NS
2025-07-06 00:00:00,AGE_35_44,3635,2.0,0.0,0,0.0,7.26,0.0,0.0,0,Nacoes Shopping,NS
2025-07-06 00:00:00,AGE_45_54,2648,1.77,0.0,0,0.0,4.7,0.0,0.0,0,Nacoes Shopping,NS
2025-07-06 00:00:00,AGE_55_100,2746,1.63,0.0,0,0.0,4.47,0.0,0.0,0,Nacoes Shopping,NS
2025-07-07 00:00:00,NONE,8,7.5,0.0,0,0.0,0.06,0.0,0.0,0,Nacoes Shopping,NS
2025-07-07 00:00:00,AGE_18_24,10298,1.81,0.0,0,0.0,18.66,0.0,0.0,0,Nacoes Shopping,NS
2025-07-07 00:00:00,AGE_25_34,6614,2.09,0.0,0,0.0,13.84,0.0,0.0,0,Nacoes Shopping,NS
2025-07-07 00:00:00,AGE_35_44,3570,2.07,0.0,0,0.0,7.38,0.0,0.0,0,Nacoes Shopping,NS
2025-07-07 00:00:00,AGE_45_54,2703,1.87,0.0,0,0.0,5.05,0.0,0.0,0,Nacoes Shopping,NS
2025-07-07 00:00:00,AGE_55_100,2897,1.7,0.0,0,0.0,4.93,0.0,0.0,0,Nacoes Shopping,NS
2025-07-08 00:00:00,NONE,7,2.86,0.0,0,0.0,0.02,0.0,0.0,0,Nacoes Shopping,NS
2025-07-08 00:00:00,AGE_18_24,9719,1.98,0.0,0,0.0,19.29,0.0,0.0,0,Nacoes Shopping,NS
2025-07-08 00:00:00,AGE_25_34,5996,2.08,0.0,0,0.0,12.46,0.0,0.0,0,Nacoes Shopping,NS
2025-07-08 00:00:00,AGE_35_44,3468,2.0,0.0,0,0.0,6.92,0.0,0.0,0,Nacoes Shopping,NS
2025-07-08 00:00:00,AGE_45_54,2673,1.64,0.0,0,0.0,4.38,0.0,0.0,0,Nacoes Shopping,NS
2025-07-08 00:00:00,AGE_55_100,3011,1.69,0.0,0,0.0,5.1,0.0,0.0,0,Nacoes Shopping,NS
2025-07-09 00:00:00,NONE,4,0.0,0.0,0,0.0,0.0,0.0,0.0,0,Nacoes Shopping,NS
2025-07-09 00:00:00,AGE_18_24,8960,1.99,0.0,0,0.0,17.87,0.0,0.0,0,Nacoes Shopping,NS
2025-07-09 00:00:00,AGE_25_34,6110,2.23,0.0,0,0.0,13.63,0.0,0.0,0,Nacoes Shopping,NS
2025-07-09 00:00:00,AGE_35_44,3153,2.13,0.0,0,0.0,6.71,0.0,0.0,0,Nacoes Shopping,NS
2025-07-09 00:00:00,AGE_45_54,2354,2.03,0.0,0,0.0,4.77,0.0,0.0,0,Nacoes Shopping,NS
2025-07-09 00:00:00,AGE_55_100,2604,1.75,0.0,0,0.0,4.57,0.0,0.0,0,Nacoes Shopping,NS
2025-07-10 00:00:00,NONE,2,5.0,0.0,0,0.0,0.01,0.0,0.0,0,Nacoes Shopping,NS
2025-07-10 00:00:00,AGE_18_24,9249,2.07,0.0,0,0.0,19.17,0.0,0.0,0,Nacoes Shopping,NS
2025-07-10 00:00:00,AGE_25_34,6078,2.26,0.0,0,0.0,13.74,0.0,0.0,0,Nacoes Shopping,NS
2025-07-10 00:00:00,AGE_35_44,3179,2.08,0.0,0,0.0,6.62,0.0,0.0,0,Nacoes Shopping,NS
2025-07-10 00:00:00,AGE_45_54,2198,1.92,0.0,0,0.0,4.23,0.0,0.0,0,Nacoes Shopping,NS
2025-07-10 00:00:00,AGE_55_100,2402,1.76,0.0,0,0.0,4.23,0.0,0.0,0,Nacoes Shopping,NS
2025-07-11 00:00:00,NONE,4,5.0,0.0,0,0.0,0.02,0.0,0.0,0,Nacoes Shopping,NS
2025-07-11 00:00:00,AGE_18_24,9646,2.03,0.0,0,0.0,19.58,0.0,0.0,0,Nacoes Shopping,NS
2025-07-11 00:00:00,AGE_25_34,6352,2.26,0.0,0,0.0,14.35,0.0,0.0,0,Nacoes Shopping,NS
2025-07-11 00:00:00,AGE_35_44,3192,2.07,0.0,0,0.0,6.6,0.0,0.0,0,Nacoes Shopping,NS
2025-07-11 00:00:00,AGE_45_54,2286,1.78,0.0,0,0.0,4.08,0.0,0.0,0,Nacoes Shopping,NS
2025-07-11 00:00:00,AGE_55_100,2639,1.56,0.0,0,0.0,4.12,0.0,0.0,0,Nacoes Shopping,NS
2025-07-12 00:00:00,NONE,3,10.0,0.0,0,0.0,0.03,0.0,0.0,0,Nacoes Shopping,NS
2025-07-12 00:00:00,AGE_18_24,10120,1.94,0.0,0,0.0,19.65,0.0,0.0,0,Nacoes Shopping,NS
2025-07-12 00:00:00,AGE_25_34,6335,2.14,0.0,0,0.0,13.55,0.0,0.0,0,Nacoes Shopping,NS
2025-07-12 00:00:00,AGE_35_44,3329,1.96,0.0,0,0.0,6.53,0.0,0.0,0,Nacoes Shopping,NS
2025-07-12 00:00:00,AGE_45_54,2319,1.61,0.0,0,0.0,3.74,0.0,0.0,0,Nacoes Shopping,NS
2025-07-12 00:00:00,AGE_55_100,2580,1.45,0.0,0,0.0,3.75,0.0,0.0,0,Nacoes Shopping,NS
2025-07-13 00:00:00,NONE,4,7.5,0.0,0,0.0,0.03,0.0,0.0,0,Nacoes Shopping,NS
2025-07-13 00:00:00,AGE_18_24,9980,1.79,0.0,0,0.0,17.85,0.0,0.0,0,Nacoes Shopping,NS
2025-07-13 00:00:00,AGE_25_34,6599,2.08,0.0,0,0.0,13.75,0.0,0.0,0,Nacoes Shopping,NS
2025-07-13 00:00:00,AGE_35_44,3216,2.03,0.0,0,0.0,6.54,0.0,0.0,0,Nacoes Shopping,NS
2025-07-13 00:00:00,AGE_45_54,2322,1.91,0.0,0,0.0,4.44,0.0,0.0,0,Nacoes Shopping,NS
2025-07-13 00:00:00,AGE_55_100,2428,1.5,0.0,0,0.0,3.64,0.0,0.0,0,Nacoes Shopping,NS
2025-07-14 00:00:00,NONE,6,6.67,0.0,0,0.0,0.04,0.0,0.0,0,Nacoes Shopping,NS
2025-07-14 00:00:00,AGE_18_24,10932,1.77,0.0,0,0.0,19.38,0.0,0.0,0,Nacoes Shopping,NS
2025-07-14 00:00:00,AGE_25_34,6179,2.02,0.0,0,0.0,12.48,0.0,0.0,0,Nacoes Shopping,NS
2025-07-14 00:00:00,AGE_35_44,3430,1.97,0.0,0,0.0,6.74,0.0,0.0,0,Nacoes Shopping,NS
2025-07-14 00:00:00,AGE_45_54,2547,1.75,0.0,0,0.0,4.46,0.0,0.0,0,Nacoes Shopping,NS
2025-07-14 00:00:00,AGE_55_100,2690,1.86,0.0,0,0.0,5.0,0.0,0.0,0,Nacoes Shopping,NS
2025-07-15 00:00:00,NONE,6,3.33,0.0,0,0.0,0.02,0.0,0.0,0,Nacoes Shopping,NS
2025-07-15 00:00:00,AGE_18_24,9460,1.89,0.0,0,0.0,17.92,0.0,0.0,0,Nacoes Shopping,NS
2025-07-15 00:00:00,AGE_25_34,5273,2.22,0.0,0,0.0,11.73,0.0,0.0,0,Nacoes Shopping,NS
2025-07-15 00:00:00,AGE_35_44,3134,2.15,0.0,0,0.0,6.74,0.0,0.0,0,Nacoes Shopping,NS
2025-07-15 00:00:00,AGE_45_54,2501,1.96,0.0,0,0.0,4.89,0.0,0.0,0,Nacoes Shopping,NS
2025-07-15 00:00:00,AGE_55_100,2715,1.86,0.0,0,0.0,5.06,0.0,0.0,0,Nacoes Shopping,NS
2025-07-16 00:00:00,NONE,3,3.33,0.0,0,0.0,0.01,0.0,0.0,0,Nacoes Shopping,NS
2025-07-16 00:00:00,AGE_18_24,14003,2.03,0.0,0,0.0,28.39,0.0,0.0,0,Nacoes Shopping,NS
2025-07-16 00:00:00,AGE_25_34,7491,2.43,0.0,0,0.0,18.19,0.0,0.0,0,Nacoes Shopping,NS
2025-07-16 00:00:00,AGE_35_44,4026,2.48,0.0,0,0.0,9.99,0.0,0.0,0,Nacoes Shopping,NS
2025-07-16 00:00:00,AGE_45_54,3308,2.42,0.0,0,0.0,8.0,0.0,0.0,0,Nacoes Shopping,NS
2025-07-16 00:00:00,AGE_55_100,3893,2.13,0.0,0,0.0,8.29,0.0,0.0,0,Nacoes Shopping,NS
2025-07-17 00:00:00,NONE,0,0.0,0.0,0,0.0,0.0,0.0,0.0,0,Nacoes Shopping,NS
2025-07-17 00:00:00,AGE_18_24,18764,2.01,0.0,0,0.0,37.68,0.0,0.0,0,Nacoes Shopping,NS
2025-07-17 00:00:00,AGE_25_34,9754,2.53,0.0,0,0.0,24.63,0.0,0.0,0,Nacoes Shopping,NS
2025-07-17 00:00:00,AGE_35_44,5115,2.6,0.0,0,0.0,13.3,0.0,0.0,0,Nacoes Shopping,NS
2025-07-17 00:00:00,AGE_45_54,3904,2.25,0.0,0,0.0,8.79,0.0,0.0,0,Nacoes Shopping,NS
2025-07-17 00:00:00,AGE_55_100,4375,2.47,0.0,0,0.0,10.81,0.0,0.0,0,Nacoes Shopping,NS
2025-07-18 00:00:00,NONE,3,0.0,0.0,0,0.0,0.0,0.0,0.0,0,Nacoes Shopping,NS
2025-07-18 00:00:00,AGE_18_24,28460,2.11,0.0,0,0.0,59.98,0.0,0.0,0,Nacoes Shopping,NS
2025-07-18 00:00:00,AGE_25_34,17424,2.63,0.0,0,0.0,45.81,0.0,0.0,0,Nacoes Shopping,NS
2025-07-18 00:00:00,AGE_35_44,8393,2.59,0.0,0,0.0,21.71,0.0,0.0,0,Nacoes Shopping,NS
2025-07-18 00:00:00,AGE_45_54,5597,2.52,0.0,0,0.0,14.13,0.0,0.0,0,Nacoes Shopping,NS
2025-07-18 00:00:00,AGE_55_100,6033,2.32,0.0,0,0.0,13.97,0.0,0.0,0,Nacoes Shopping,NS
2025-07-19 00:00:00,AGE_18_24,30828,2.09,0.0,0,0.0,64.51,0.0,0.0,0,Nacoes Shopping,NS
2025-07-19 00:00:00,AGE_25_34,19597,2.77,0.0,0,0.0,54.2,0.0,0.0,0,Nacoes Shopping,NS
2025-07-19 00:00:00,AGE_35_44,9771,2.69,0.0,0,0.0,26.25,0.0,0.0,0,Nacoes Shopping,NS
2025-07-19 00:00:00,AGE_45_54,6524,2.47,0.0,0,0.0,16.1,0.0,0.0,0,Nacoes Shopping,NS
2025-07-19 00:00:00,AGE_55_100,6691,2.57,0.0,0,0.0,17.17,0.0,0.0,0,Nacoes Shopping,NS
2025-07-20 00:00:00,NONE,7,20.0,0.0,0,0.0,0.14,0.0,0.0,0,Nacoes Shopping,NS
2025-07-20 00:00:00,AGE_18_24,18793,2.02,0.0,0,0.0,37.97,0.0,0.0,0,Nacoes Shopping,NS
2025-07-20 00:00:00,AGE_25_34,13265,2.51,0.0,0,0.0,33.23,0.0,0.0,0,Nacoes Shopping,NS
2025-07-20 00:00:00,AGE_35_44,6892,2.59,0.0,0,0.0,17.83,0.0,0.0,0,Nacoes Shopping,NS
2025-07-20 00:00:00,AGE_45_54,4583,2.35,0.0,0,0.0,10.78,0.0,0.0,0,Nacoes Shopping,NS
2025-07-20 00:00:00,AGE_55_100,4397,2.59,0.0,0,0.0,11.39,0.0,0.0,0,Nacoes Shopping,NS
2025-07-21 00:00:00,NONE,11,3.64,0.0,0,0.0,0.04,0.0,0.0,0,Nacoes Shopping,NS
2025-07-21 00:00:00,AGE_18_24,16961,1.97,0.0,0,0.0,33.35,0.0,0.0,0,Nacoes Shopping,NS
2025-07-21 00:00:00,AGE_25_34,10404,2.37,0.0,0,0.0,24.63,0.0,0.0,0,Nacoes Shopping,NS
2025-07-21 00:00:00,AGE_35_44,5259,2.71,0.0,0,0.0,14.23,0.0,0.0,0,Nacoes Shopping,NS
2025-07-21 00:00:00,AGE_45_54,3798,2.31,0.0,0,0.0,8.76,0.0,0.0,0,Nacoes Shopping,NS
2025-07-21 00:00:00,AGE_55_100,3965,2.63,0.0,0,0.0,10.41,0.0,0.0,0,Nacoes Shopping,NS
2025-07-22 00:00:00,NONE,4,7.5,0.0,0,0.0,0.03,0.0,0.0,0,Nacoes Shopping,NS
2025-07-22 00:00:00,AGE_18_24,15905,2.03,0.0,0,0.0,32.3,0.0,0.0,0,Nacoes Shopping,NS
2025-07-22 00:00:00,AGE_25_34,9687,2.52,0.0,0,0.0,24.39,0.0,0.0,0,Nacoes Shopping,NS
2025-07-22 00:00:00,AGE_35_44,5086,2.47,0.0,0,0.0,12.57,0.0,0.0,0,Nacoes Shopping,NS
2025-07-22 00:00:00,AGE_45_54,3716,2.15,0.0,0,0.0,7.99,0.0,0.0,0,Nacoes Shopping,NS
2025-07-22 00:00:00,AGE_55_100,3708,2.34,0.0,0,0.0,8.69,0.0,0.0,0,Nacoes Shopping,NS
2025-07-23 00:00:00,NONE,4,2.5,0.0,0,0.0,0.01,0.0,0.0,0,Nacoes Shopping,NS
2025-07-23 00:00:00,AGE_18_24,16648,2.04,0.0,0,0.0,33.92,0.0,0.0,0,Nacoes Shopping,NS
2025-07-23 00:00:00,AGE_25_34,9409,2.53,0.0,0,0.0,23.84,0.0,0.0,0,Nacoes Shopping,NS
2025-07-23 00:00:00,AGE_35_44,4905,2.53,0.0,0,0.0,12.4,0.0,0.0,0,Nacoes Shopping,NS
2025-07-23 00:00:00,AGE_45_54,3818,2.04,0.0,0,0.0,7.79,0.0,0.0,0,Nacoes Shopping,NS
2025-07-23 00:00:00,AGE_55_100,4422,2.28,0.0,0,0.0,10.07,0.0,0.0,0,Nacoes Shopping,NS
2025-07-24 00:00:00,NONE,4,5.0,0.0,0,0.0,0.02,0.0,0.0,0,Nacoes Shopping,NS
2025-07-24 00:00:00,AGE_18_24,16061,1.99,0.0,0,0.0,32.0,0.0,0.0,0,Nacoes Shopping,NS
2025-07-24 00:00:00,AGE_25_34,8709,2.38,0.0,0,0.0,20.73,0.0,0.0,0,Nacoes Shopping,NS
2025-07-24 00:00:00,AGE_35_44,4596,2.44,0.0,0,0.0,11.22,0.0,0.0,0,Nacoes Shopping,NS
2025-07-24 00:00:00,AGE_45_54,3580,2.23,0.0,0,0.0,7.99,0.0,0.0,0,Nacoes Shopping,NS
2025-07-24 00:00:00,AGE_55_100,3863,2.15,0.0,0,0.0,8.3,0.0,0.0,0,Nacoes Shopping,NS
2025-07-25 00:00:00,NONE,4,5.0,0.0,0,0.0,0.02,0.0,0.0,0,Nacoes Shopping,NS
2025-07-25 00:00:00,AGE_18_24,15286,2.06,0.0,0,0.0,31.55,0.0,0.0,0,Nacoes Shopping,NS
2025-07-25 00:00:00,AGE_25_34,8182,2.55,0.0,0,0.0,20.87,0.0,0.0,0,Nacoes Shopping,NS
2025-07-25 00:00:00,AGE_35_44,4225,2.69,0.0,0,0.0,11.36,0.0,0.0,0,Nacoes Shopping,NS
2025-07-25 00:00:00,AGE_45_54,3259,2.46,0.0,0,0.0,8.03,0.0,0.0,0,Nacoes Shopping,NS
2025-07-25 00:00:00,AGE_55_100,3448,2.34,0.0,0,0.0,8.08,0.0,0.0,0,Nacoes Shopping,NS
2025-07-26 00:00:00,NONE,6,5.0,0.0,0,0.0,0.03,0.0,0.0,0,Nacoes Shopping,NS
2025-07-26 00:00:00,AGE_18_24,14647,2.11,0.0,0,0.0,30.89,0.0,0.0,0,Nacoes Shopping,NS
2025-07-26 00:00:00,AGE_25_34,7873,2.69,0.0,0,0.0,21.18,0.0,0.0,0,Nacoes Shopping,NS
2025-07-26 00:00:00,AGE_35_44,3941,2.91,0.0,0,0.0,11.45,0.0,0.0,0,Nacoes Shopping,NS
2025-07-26 00:00:00,AGE_45_54,2732,2.38,0.0,0,0.0,6.51,0.0,0.0,0,Nacoes Shopping,NS
2025-07-26 00:00:00,AGE_55_100,2986,2.47,0.0,0,0.0,7.37,0.0,0.0,0,Nacoes Shopping,NS
2025-07-27 00:00:00,NONE,4,15.0,0.0,0,0.0,0.06,0.0,0.0,0,Nacoes Shopping,NS
2025-07-27 00:00:00,AGE_18_24,13284,2.08,0.0,0,0.0,27.57,0.0,0.0,0,Nacoes Shopping,NS
2025-07-27 00:00:00,AGE_25_34,7812,2.5,0.0,0,0.0,19.55,0.0,0.0,0,Nacoes Shopping,NS
2025-07-27 00:00:00,AGE_35_44,4047,2.55,0.0,0,0.0,10.31,0.0,0.0,0,Nacoes Shopping,NS
2025-07-27 00:00:00,AGE_45_54,2856,2.41,0.0,0,0.0,6.88,0.0,0.0,0,Nacoes Shopping,NS
2025-07-27 00:00:00,AGE_55_100,2951,2.18,0.0,0,0.0,6.43,0.0,0.0,0,Nacoes Shopping,NS
2025-07-28 00:00:00,NONE,2,5.0,0.0,0,0.0,0.01,0.0,0.0,0,Nacoes Shopping,NS
2025-07-28 00:00:00,AGE_18_24,12658,1.98,0.0,0,0.0,25.06,0.0,0.0,0,Nacoes Shopping,NS
2025-07-28 00:00:00,AGE_25_34,6620,2.3,0.0,0,0.0,15.2,0.0,0.0,0,Nacoes Shopping,NS
2025-07-28 00:00:00,AGE_35_44,3377,2.62,0.0,0,0.0,8.84,0.0,0.0,0,Nacoes Shopping,NS
2025-07-28 00:00:00,AGE_45_54,2393,2.23,0.0,0,0.0,5.34,0.0,0.0,0,Nacoes Shopping,NS
2025-07-28 00:00:00,AGE_55_100,2844,1.8,0.0,0,0.0,5.13,0.0,0.0,0,Nacoes Shopping,NS
2025-07-29 00:00:00,NONE,3,3.33,0.0,0,0.0,0.01,0.0,0.0,0,Nacoes Shopping,NS
2025-07-29 00:00:00,AGE_18_24,11612,2.04,0.0,0,0.0,23.73,0.0,0.0,0,Nacoes Shopping,NS
2025-07-29 00:00:00,AGE_25_34,6255,2.43,0.0,0,0.0,15.19,0.0,0.0,0,Nacoes Shopping,NS
2025-07-29 00:00:00,AGE_35_44,2950,2.26,0.0,0,0.0,6.67,0.0,0.0,0,Nacoes Shopping,NS
2025-07-29 00:00:00,AGE_45_54,2328,1.79,0.0,0,0.0,4.17,0.0,0.0,0,Nacoes Shopping,NS
2025-07-29 00:00:00,AGE_55_100,2691,1.66,0.0,0,0.0,4.46,0.0,0.0,0,Nacoes Shopping,NS
2025-07-30 00:00:00,NONE,5,4.0,0.0,0,0.0,0.02,0.0,0.0,0,Nacoes Shopping,NS
2025-07-30 00:00:00,AGE_18_24,7751,2.18,0.0,0,0.0,16.89,0.0,0.0,0,Nacoes Shopping,NS
2025-07-30 00:00:00,AGE_25_34,4068,2.47,0.0,0,0.0,10.03,0.0,0.0,0,Nacoes Shopping,NS
2025-07-30 00:00:00,AGE_35_44,1936,2.2,0.0,0,0.0,4.25,0.0,0.0,0,Nacoes Shopping,NS
2025-07-30 00:00:00,AGE_45_54,1719,2.22,0.0,0,0.0,3.82,0.0,0.0,0,Nacoes Shopping,NS
2025-07-30 00:00:00,AGE_55_100,2131,1.69,0.0,0,0.0,3.61,0.0,0.0,0,Nacoes Shopping,NS
2025-07-31 00:00:00,NONE,0,0.0,0.0,0,0.0,0.0,0.0,0.0,0,Nacoes Shopping,NS
2025-07-31 00:00:00,AGE_18_24,6585,2.15,0.0,0,0.0,14.15,0.0,0.0,0,Nacoes Shopping,NS
2025-07-31 00:00:00,AGE_25_34,3215,2.52,0.0,0,0.0,8.1,0.0,0.0,0,Nacoes Shopping,NS
2025-07-31 00:00:00,AGE_35_44,1644,2.35,0.0,0,0.0,3.86,0.0,0.0,0,Nacoes Shopping,NS
2025-07-31 00:00:00,AGE_45_54,1571,1.95,0.0,0,0.0,3.06,0.0,0.0,0,Nacoes Shopping,NS
2025-07-31 00:00:00,AGE_55_100,2105,1.91,0.0,0,0.0,4.02,0.0,0.0,0,Nacoes Shopping,NS
2025-08-01 00:00:00,AGE_18_24,8782,1.94,0.0,0,0.0,17.07,0.0,0.0,0,Nacoes Shopping,NS
2025-08-01 00:00:00,AGE_25_34,5336,2.14,0.0,0,0.0,11.42,0.0,0.0,0,Nacoes Shopping,NS
2025-08-01 00:00:00,AGE_35_44,2456,2.0,0.0,0,0.0,4.92,0.0,0.0,0,Nacoes Shopping,NS
2025-08-01 00:00:00,AGE_45_54,2073,1.63,0.0,0,0.0,3.38,0.0,0.0,0,Nacoes Shopping,NS
2025-08-01 00:00:00,AGE_55_100,2300,1.51,0.0,0,0.0,3.48,0.0,0.0,0,Nacoes Shopping,NS
2025-08-02 00:00:00,NONE,0,0.0,0.0,0,0.0,0.0,0.0,0.0,0,Nacoes Shopping,NS
2025-08-02 00:00:00,AGE_18_24,8874,1.82,0.0,0,0.0,16.16,0.0,0.0,0,Nacoes Shopping,NS
2025-08-02 00:00:00,AGE_25_34,5734,2.13,0.0,0,0.0,12.2,0.0,0.0,0,Nacoes Shopping,NS
2025-08-02 00:00:00,AGE_35_44,2722,1.94,0.0,0,0.0,5.29,0.0,0.0,0,Nacoes Shopping,NS
2025-08-02 00:00:00,AGE_45_54,1900,1.95,0.0,0,0.0,3.7,0.0,0.0,0,Nacoes Shopping,NS
2025-08-02 00:00:00,AGE_55_100,1975,1.47,0.0,0,0.0,2.91,0.0,0.0,0,Nacoes Shopping,NS
2025-08-03 00:00:00,NONE,0,0.0,0.0,0,0.0,0.0,0.0,0.0,0,Nacoes Shopping,NS
2025-08-03 00:00:00,AGE_18_24,8514,1.68,0.0,0,0.0,14.34,0.0,0.0,0,Nacoes Shopping,NS
2025-08-03 00:00:00,AGE_25_34,5950,2.16,0.0,0,0.0,12.84,0.0,0.0,0,Nacoes Shopping,NS
2025-08-03 00:00:00,AGE_35_44,2765,1.97,0.0,0,0.0,5.44,0.0,0.0,0,Nacoes Shopping,NS
2025-08-03 00:00:00,AGE_45_54,1907,1.79,0.0,0,0.0,3.42,0.0,0.0,0,Nacoes Shopping,NS
2025-08-03 00:00:00,AGE_55_100,1935,1.5,0.0,0,0.0,2.91,0.0,0.0,0,Nacoes Shopping,NS
2025-08-04 00:00:00,AGE_18_24,7366,1.76,0.0,0,0.0,12.93,0.0,0.0,0,Nacoes Shopping,NS
2025-08-04 00:00:00,AGE_25_34,5210,2.21,0.0,0,0.0,11.49,0.0,0.0,0,Nacoes Shopping,NS
2025-08-04 00:00:00,AGE_35_44,2722,2.2,0.0,0,0.0,6.0,0.0,0.0,0,Nacoes Shopping,NS
2025-08-04 00:00:00,AGE_45_54,2070,1.79,0.0,0,0.0,3.71,0.0,0.0,0,Nacoes Shopping,NS
2025-08-04 00:00:00,AGE_55_100,2104,1.56,0.0,0,0.0,3.28,0.0,0.0,0,Nacoes Shopping,NS
2025-08-05 00:00:00,NONE,5,2.0,0.0,0,0.0,0.01,0.0,0.0,0,Nacoes Shopping,NS
2025-08-05 00:00:00,AGE_18_24,6785,1.97,0.0,0,0.0,13.38,0.0,0.0,0,Nacoes Shopping,NS
2025-08-05 00:00:00,AGE_25_34,5047,2.16,0.0,0,0.0,10.91,0.0,0.0,0,Nacoes Shopping,NS
2025-08-05 00:00:00,AGE_35_44,2317,2.07,0.0,0,0.0,4.79,0.0,0.0,0,Nacoes Shopping,NS
2025-08-05 00:00:00,AGE_45_54,1769,2.06,0.0,0,0.0,3.65,0.0,0.0,0,Nacoes Shopping,NS
2025-08-05 00:00:00,AGE_55_100,1682,1.93,0.0,0,0.0,3.24,0.0,0.0,0,Nacoes Shopping,NS
2025-08-06 00:00:00,AGE_18_24,6729,2.17,0.0,0,0.0,14.63,0.0,0.0,0,Nacoes Shopping,NS
2025-08-06 00:00:00,AGE_25_34,4385,2.38,0.0,0,0.0,10.42,0.0,0.0,0,Nacoes Shopping,NS
2025-08-06 00:00:00,AGE_35_44,2263,2.43,0.0,0,0.0,5.5,0.0,0.0,0,Nacoes Shopping,NS
2025-08-06 00:00:00,AGE_45_54,1595,2.15,0.0,0,0.0,3.43,0.0,0.0,0,Nacoes Shopping,NS
2025-08-06 00:00:00,AGE_55_100,1832,1.79,0.0,0,0.0,3.28,0.0,0.0,0,Nacoes Shopping,NS
2025-08-07 00:00:00,NONE,3,0.0,0.0,0,0.0,0.0,0.0,0.0,0,Nacoes Shopping,NS
2025-08-07 00:00:00,AGE_18_24,7730,1.99,0.0,0,0.0,15.36,0.0,0.0,0,Nacoes Shopping,NS
2025-08-07 00:00:00,AGE_25_34,4242,2.29,0.0,0,0.0,9.73,0.0,0.0,0,Nacoes Shopping,NS
2025-08-07 00:00:00,AGE_35_44,2075,2.24,0.0,0,0.0,4.65,0.0,0.0,0,Nacoes Shopping,NS
2025-08-07 00:00:00,AGE_45_54,1840,2.08,0.0,0,0.0,3.82,0.0,0.0,0,Nacoes Shopping,NS
2025-08-07 00:00:00,AGE_55_100,2307,1.68,0.0,0,0.0,3.88,0.0,0.0,0,Nacoes Shopping,NS
2025-08-08 00:00:00,AGE_18_24,7288,2.01,0.0,0,0.0,14.67,0.0,0.0,0,Nacoes Shopping,NS
2025-08-08 00:00:00,AGE_25_34,4041,2.45,0.0,0,0.0,9.91,0.0,0.0,0,Nacoes Shopping,NS
2025-08-08 00:00:00,AGE_35_44,2148,2.32,0.0,0,0.0,4.98,0.0,0.0,0,Nacoes Shopping,NS
2025-08-08 00:00:00,AGE_45_54,1656,2.28,0.0,0,0.0,3.78,0.0,0.0,0,Nacoes Shopping,NS
2025-08-08 00:00:00,AGE_55_100,1976,1.99,0.0,0,0.0,3.93,0.0,0.0,0,Nacoes Shopping,NS
2025-08-09 00:00:00,NONE,3,0.0,0.0,0,0.0,0.0,0.0,0.0,0,Nacoes Shopping,NS
2025-08-09 00:00:00,AGE_18_24,7738,2.03,0.0,0,0.0,15.71,0.0,0.0,0,Nacoes Shopping,NS
2025-08-09 00:00:00,AGE_25_34,4463,2.38,0.0,0,0.0,10.62,0.0,0.0,0,Nacoes Shopping,NS
2025-08-09 00:00:00,AGE_35_44,2160,2.23,0.0,0,0.0,4.82,0.0,0.0,0,Nacoes Shopping,NS
2025-08-09 00:00:00,AGE_45_54,1433,2.23,0.0,0,0.0,3.2,0.0,0.0,0,Nacoes Shopping,NS
2025-08-09 00:00:00,AGE_55_100,1593,2.02,0.0,0,0.0,3.22,0.0,0.0,0,Nacoes Shopping,NS
2025-08-10 00:00:00,NONE,2,5.0,0.0,0,0.0,0.01,0.0,0.0,0,Nacoes Shopping,NS
2025-08-10 00:00:00,AGE_18_24,7807,1.83,0.0,0,0.0,14.3,0.0,0.0,0,Nacoes Shopping,NS
2025-08-10 00:00:00,AGE_25_34,4818,2.3,0.0,0,0.0,11.06,0.0,0.0,0,Nacoes Shopping,NS
2025-08-10 00:00:00,AGE_35_44,2235,2.38,0.0,0,0.0,5.33,0.0,0.0,0,Nacoes Shopping,NS
2025-08-10 00:00:00,AGE_45_54,1630,2.1,0.0,0,0.0,3.42,0.0,0.0,0,Nacoes Shopping,NS
2025-08-10 00:00:00,AGE_55_100,1580,1.88,0.0,0,0.0,2.97,0.0,0.0,0,Nacoes Shopping,NS
2025-08-11 00:00:00,NONE,1,10.0,0.0,0,0.0,0.01,0.0,0.0,0,Nacoes Shopping,NS
2025-08-11 00:00:00,AGE_18_24,6894,1.89,0.0,0,0.0,13.04,0.0,0.0,0,Nacoes Shopping,NS
2025-08-11 00:00:00,AGE_25_34,4571,2.28,0.0,0,0.0,10.42,0.0,0.0,0,Nacoes Shopping,NS
2025-08-11 00:00:00,AGE_35_44,2120,2.31,0.0,0,0.0,4.89,0.0,0.0,0,Nacoes Shopping,NS
2025-08-11 00:00:00,AGE_45_54,1691,1.93,0.0,0,0.0,3.26,0.0,0.0,0,Nacoes Shopping,NS
2025-08-11 00:00:00,AGE_55_100,1663,1.79,0.0,0,0.0,2.97,0.0,0.0,0,Nacoes Shopping,NS
2025-08-12 00:00:00,NONE,2,5.0,0.0,0,0.0,0.01,0.0,0.0,0,Nacoes Shopping,NS
2025-08-12 00:00:00,AGE_18_24,6667,2.06,0.0,0,0.0,13.76,0.0,0.0,0,Nacoes Shopping,NS
2025-08-12 00:00:00,AGE_25_34,4480,2.28,0.0,0,0.0,10.22,0.0,0.0,0,Nacoes Shopping,NS
2025-08-12 00:00:00,AGE_35_44,2206,2.24,0.0,0,0.0,4.94,0.0,0.0,0,Nacoes Shopping,NS
2025-08-12 00:00:00,AGE_45_54,1657,1.94,0.0,0,0.0,3.21,0.0,0.0,0,Nacoes Shopping,NS
2025-08-12 00:00:00,AGE_55_100,1674,1.9,0.0,0,0.0,3.18,0.0,0.0,0,Nacoes Shopping,NS
2025-08-13 00:00:00,NONE,3,6.67,0.0,0,0.0,0.02,0.0,0.0,0,Nacoes Shopping,NS
2025-08-13 00:00:00,AGE_18_24,6489,2.02,0.0,0,0.0,13.09,0.0,0.0,0,Nacoes Shopping,NS
2025-08-13 00:00:00,AGE_25_34,4603,2.36,0.0,0,0.0,10.85,0.0,0.0,0,Nacoes Shopping,NS
2025-08-13 00:00:00,AGE_35_44,2344,2.22,0.0,0,0.0,5.2,0.0,0.0,0,Nacoes Shopping,NS
2025-08-13 00:00:00,AGE_45_54,1681,1.86,0.0,0,0.0,3.13,0.0,0.0,0,Nacoes Shopping,NS
2025-08-13 00:00:00,AGE_55_100,1830,1.63,0.0,0,0.0,2.98,0.0,0.0,0,Nacoes Shopping,NS
2025-08-14 00:00:00,NONE,1,10.0,0.0,0,0.0,0.01,0.0,0.0,0,Nacoes Shopping,NS
2025-08-14 00:00:00,AGE_18_24,7934,1.84,0.0,0,0.0,14.61,0.0,0.0,0,Nacoes Shopping,NS
2025-08-14 00:00:00,AGE_25_34,4216,2.16,0.0,0,0.0,9.12,0.0,0.0,0,Nacoes Shopping,NS
2025-08-14 00:00:00,AGE_35_44,2043,2.16,0.0,0,0.0,4.41,0.0,0.0,0,Nacoes Shopping,NS
2025-08-14 00:00:00,AGE_45_54,1806,1.81,0.0,0,0.0,3.27,0.0,0.0,0,Nacoes Shopping,NS
2025-08-14 00:00:00,AGE_55_100,2134,1.63,0.0,0,0.0,3.47,0.0,0.0,0,Nacoes Shopping,NS
2025-08-15 00:00:00,NONE,2,5.0,0.0,0,0.0,0.01,0.0,0.0,0,Nacoes Shopping,NS
2025-08-15 00:00:00,AGE_18_24,7165,1.93,0.0,0,0.0,13.8,0.0,0.0,0,Nacoes Shopping,NS
2025-08-15 00:00:00,AGE_25_34,3902,2.42,0.0,0,0.0,9.43,0.0,0.0,0,Nacoes Shopping,NS
2025-08-15 00:00:00,AGE_35_44,2003,2.29,0.0,0,0.0,4.58,0.0,0.0,0,Nacoes Shopping,NS
2025-08-15 00:00:00,AGE_45_54,1670,2.05,0.0,0,0.0,3.42,0.0,0.0,0,Nacoes Shopping,NS
2025-08-15 00:00:00,AGE_55_100,2049,1.71,0.0,0,0.0,3.51,0.0,0.0,0,Nacoes Shopping,NS
2025-08-16 00:00:00,NONE,4,10.0,0.0,0,0.0,0.04,0.0,0.0,0,Nacoes Shopping,NS
2025-08-16 00:00:00,AGE_18_24,7309,1.92,0.0,0,0.0,14.01,0.0,0.0,0,Nacoes Shopping,NS
2025-08-16 00:00:00,AGE_25_34,4327,2.37,0.0,0,0.0,10.27,0.0,0.0,0,Nacoes Shopping,NS
2025-08-16 00:00:00,AGE_35_44,2177,2.22,0.0,0,0.0,4.84,0.0,0.0,0,Nacoes Shopping,NS
2025-08-16 00:00:00,AGE_45_54,1662,2.09,0.0,0,0.0,3.48,0.0,0.0,0,Nacoes Shopping,NS
2025-08-16 00:00:00,AGE_55_100,1800,1.85,0.0,0,0.0,3.33,0.0,0.0,0,Nacoes Shopping,NS
2025-08-17 00:00:00,NONE,4,2.5,0.0,0,0.0,0.01,0.0,0.0,0,Nacoes Shopping,NS
2025-08-17 00:00:00,AGE_18_24,6748,1.84,0.0,0,0.0,12.45,0.0,0.0,0,Nacoes Shopping,NS
2025-08-17 00:00:00,AGE_25_34,4194,2.27,0.0,0,0.0,9.5,0.0,0.0,0,Nacoes Shopping,NS
2025-08-17 00:00:00,AGE_35_44,2248,2.13,0.0,0,0.0,4.79,0.0,0.0,0,Nacoes Shopping,NS
2025-08-17 00:00:00,AGE_45_54,1656,2.11,0.0,0,0.0,3.5,0.0,0.0,0,Nacoes Shopping,NS
2025-08-17 00:00:00,AGE_55_100,1711,1.82,0.0,0,0.0,3.12,0.0,0.0,0,Nacoes Shopping,NS
2025-08-18 00:00:00,NONE,2,0.0,0.0,0,0.0,0.0,0.0,0.0,0,Nacoes Shopping,NS
2025-08-18 00:00:00,AGE_18_24,6173,1.87,0.0,0,0.0,11.57,0.0,0.0,0,Nacoes Shopping,NS
2025-08-18 00:00:00,AGE_25_34,3769,2.47,0.0,0,0.0,9.3,0.0,0.0,0,Nacoes Shopping,NS
2025-08-18 00:00:00,AGE_35_44,1908,2.26,0.0,0,0.0,4.32,0.0,0.0,0,Nacoes Shopping,NS
2025-08-18 00:00:00,AGE_45_54,1531,2.28,0.0,0,0.0,3.49,0.0,0.0,0,Nacoes Shopping,NS
2025-08-18 00:00:00,AGE_55_100,1612,2.12,0.0,0,0.0,3.41,0.0,0.0,0,Nacoes Shopping,NS
2025-08-19 00:00:00,NONE,6,5.0,0.0,0,0.0,0.03,0.0,0.0,0,Nacoes Shopping,NS
2025-08-19 00:00:00,AGE_18_24,5210,2.1,0.0,0,0.0,10.95,0.0,0.0,0,Nacoes Shopping,NS
2025-08-19 00:00:00,AGE_25_34,3804,2.49,0.0,0,0.0,9.47,0.0,0.0,0,Nacoes Shopping,NS
2025-08-19 00:00:00,AGE_35_44,2082,2.25,0.0,0,0.0,4.69,0.0,0.0,0,Nacoes Shopping,NS
2025-08-19 00:00:00,AGE_45_54,1633,2.25,0.0,0,0.0,3.67,0.0,0.0,0,Nacoes Shopping,NS
2025-08-19 00:00:00,AGE_55_100,1787,2.28,0.0,0,0.0,4.07,0.0,0.0,0,Nacoes Shopping,NS
2025-08-20 00:00:00,NONE,7,0.0,0.0,0,0.0,0.0,0.0,0.0,0,Nacoes Shopping,NS
2025-08-20 00:00:00,AGE_18_24,4568,2.28,0.0,0,0.0,10.43,0.0,0.0,0,Nacoes Shopping,NS
2025-08-20 00:00:00,AGE_25_34,3822,2.57,0.0,0,0.0,9.81,0.0,0.0,0,Nacoes Shopping,NS
2025-08-20 00:00:00,AGE_35_44,2076,2.31,0.0,0,0.0,4.8,0.0,0.0,0,Nacoes Shopping,NS
2025-08-20 00:00:00,AGE_45_54,1523,2.21,0.0,0,0.0,3.37,0.0,0.0,0,Nacoes Shopping,NS
2025-08-20 00:00:00,AGE_55_100,1776,2.2,0.0,0,0.0,3.9,0.0,0.0,0,Nacoes Shopping,NS
2025-08-21 00:00:00,NONE,2,5.0,0.0,0,0.0,0.01,0.0,0.0,0,Nacoes Shopping,NS
2025-08-21 00:00:00,AGE_18_24,5532,2.13,0.0,0,0.0,11.81,0.0,0.0,0,Nacoes Shopping,NS
2025-08-21 00:00:00,AGE_25_34,3124,2.45,0.0,0,0.0,7.66,0.0,0.0,0,Nacoes Shopping,NS
2025-08-21 00:00:00,AGE_35_44,1783,2.23,0.0,0,0.0,3.98,0.0,0.0,0,Nacoes Shopping,NS
2025-08-21 00:00:00,AGE_45_54,1476,2.07,0.0,0,0.0,3.05,0.0,0.0,0,Nacoes Shopping,NS
2025-08-21 00:00:00,AGE_55_100,1942,2.01,0.0,0,0.0,3.9,0.0,0.0,0,Nacoes Shopping,NS
2025-08-22 00:00:00,NONE,4,0.0,0.0,0,0.0,0.0,0.0,0.0,0,Nacoes Shopping,NS
2025-08-22 00:00:00,AGE_18_24,4853,2.08,0.0,0,0.0,10.11,0.0,0.0,0,Nacoes Shopping,NS
2025-08-22 00:00:00,AGE_25_34,2784,2.46,0.0,0,0.0,6.84,0.0,0.0,0,Nacoes Shopping,NS
2025-08-22 00:00:00,AGE_35_44,1614,2.45,0.0,0,0.0,3.96,0.0,0.0,0,Nacoes Shopping,NS
2025-08-22 00:00:00,AGE_45_54,1386,2.27,0.0,0,0.0,3.14,0.0,0.0,0,Nacoes Shopping,NS
2025-08-22 00:00:00,AGE_55_100,1864,2.63,0.0,0,0.0,4.91,0.0,0.0,0,Nacoes Shopping,NS
2025-08-23 00:00:00,NONE,3,0.0,0.0,0,0.0,0.0,0.0,0.0,0,Nacoes Shopping,NS
2025-08-23 00:00:00,AGE_18_24,5253,2.06,0.0,0,0.0,10.8,0.0,0.0,0,Nacoes Shopping,NS
2025-08-23 00:00:00,AGE_25_34,2986,2.35,0.0,0,0.0,7.02,0.0,0.0,0,Nacoes Shopping,NS
2025-08-23 00:00:00,AGE_35_44,1686,2.49,0.0,0,0.0,4.2,0.0,0.0,0,Nacoes Shopping,NS
2025-08-23 00:00:00,AGE_45_54,1375,2.36,0.0,0,0.0,3.24,0.0,0.0,0,Nacoes Shopping,NS
2025-08-23 00:00:00,AGE_55_100,1657,2.47,0.0,0,0.0,4.09,0.0,0.0,0,Nacoes Shopping,NS
2025-08-24 00:00:00,NONE,4,2.5,0.0,0,0.0,0.01,0.0,0.0,0,Nacoes Shopping,NS
2025-08-24 00:00:00,AGE_18_24,5239,1.96,0.0,0,0.0,10.28,0.0,0.0,0,Nacoes Shopping,NS
2025-08-24 00:00:00,AGE_25_34,3203,2.35,0.0,0,0.0,7.54,0.0,0.0,0,Nacoes Shopping,NS
2025-08-24 00:00:00,AGE_35_44,1789,2.26,0.0,0,0.0,4.05,0.0,0.0,0,Nacoes Shopping,NS
2025-08-24 00:00:00,AGE_45_54,1350,1.98,0.0,0,0.0,2.67,0.0,0.0,0,Nacoes Shopping,NS
2025-08-24 00:00:00,AGE_55_100,1427,1.99,0.0,0,0.0,2.84,0.0,0.0,0,Nacoes Shopping,NS
2025-08-25 00:00:00,AGE_18_24,3494,1.94,0.0,0,0.0,6.78,0.0,0.0,0,Nacoes Shopping,NS
2025-08-25 00:00:00,AGE_25_34,2458,2.44,0.0,0,0.0,5.99,0.0,0.0,0,Nacoes Shopping,NS
2025-08-25 00:00:00,AGE_35_44,1435,2.4,0.0,0,0.0,3.45,0.0,0.0,0,Nacoes Shopping,NS
2025-08-25 00:00:00,AGE_45_54,1157,2.64,0.0,0,0.0,3.06,0.0,0.0,0,Nacoes Shopping,NS
2025-08-25 00:00:00,AGE_55_100,1294,2.71,0.0,0,0.0,3.51,0.0,0.0,0,Nacoes Shopping,NS
2025-08-26 00:00:00,NONE,1,0.0,0.0,0,0.0,0.0,0.0,0.0,0,Nacoes Shopping,NS
2025-08-26 00:00:00,AGE_18_24,3384,2.1,0.0,0,0.0,7.12,0.0,0.0,0,Nacoes Shopping,NS
2025-08-26 00:00:00,AGE_25_34,2485,2.55,0.0,0,0.0,6.33,0.0,0.0,0,Nacoes Shopping,NS
2025-08-26 00:00:00,AGE_35_44,1353,2.42,0.0,0,0.0,3.28,0.0,0.0,0,Nacoes Shopping,NS
2025-08-26 00:00:00,AGE_45_54,1104,2.19,0.0,0,0.0,2.42,0.0,0.0,0,Nacoes Shopping,NS
2025-08-26 00:00:00,AGE_55_100,1313,2.62,0.0,0,0.0,3.44,0.0,0.0,0,Nacoes Shopping,NS
2025-08-27 00:00:00,AGE_18_24,3791,2.31,0.0,0,0.0,8.75,0.0,0.0,0,Nacoes Shopping,NS
2025-08-27 00:00:00,AGE_25_34,2755,2.48,0.0,0,0.0,6.82,0.0,0.0,0,Nacoes Shopping,NS
2025-08-27 00:00:00,AGE_35_44,1503,2.38,0.0,0,0.0,3.58,0.0,0.0,0,Nacoes Shopping,NS
2025-08-27 00:00:00,AGE_45_54,1119,2.39,0.0,0,0.0,2.68,0.0,0.0,0,Nacoes Shopping,NS
2025-08-27 00:00:00,AGE_55_100,1371,2.74,0.0,0,0.0,3.76,0.0,0.0,0,Nacoes Shopping,NS
2025-08-28 00:00:00,NONE,1,0.0,0.0,0,0.0,0.0,0.0,0.0,0,Nacoes Shopping,NS
2025-08-28 00:00:00,AGE_18_24,4612,2.11,0.0,0,0.0,9.73,0.0,0.0,0,Nacoes Shopping,NS
2025-08-28 00:00:00,AGE_25_34,2427,2.38,0.0,0,0.0,5.77,0.0,0.0,0,Nacoes Shopping,NS
2025-08-28 00:00:00,AGE_35_44,1365,2.42,0.0,0,0.0,3.31,0.0,0.0,0,Nacoes Shopping,NS
2025-08-28 00:00:00,AGE_45_54,1279,2.35,0.0,0,0.0,3.01,0.0,0.0,0,Nacoes Shopping,NS
2025-08-28 00:00:00,AGE_55_100,1634,2.2,0.0,0,0.0,3.6,0.0,0.0,0,Nacoes Shopping,NS
2025-08-29 00:00:00,NONE,3,6.67,0.0,0,0.0,0.02,0.0,0.0,0,Nacoes Shopping,NS
2025-08-29 00:00:00,AGE_18_24,8914,2.15,0.0,0,0.0,19.13,0.0,0.0,0,Nacoes Shopping,NS
2025-08-29 00:00:00,AGE_25_34,4517,2.4,0.0,0,0.0,10.86,0.0,0.0,0,Nacoes Shopping,NS
2025-08-29 00:00:00,AGE_35_44,2589,2.29,0.0,0,0.0,5.92,0.0,0.0,0,Nacoes Shopping,NS
2025-08-29 00:00:00,AGE_45_54,2046,2.17,0.0,0,0.0,4.43,0.0,0.0,0,Nacoes Shopping,NS
2025-08-29 00:00:00,AGE_55_100,2749,2.1,0.0,0,0.0,5.76,0.0,0.0,0,Nacoes Shopping,NS
2025-08-30 00:00:00,NONE,1,0.0,0.0,0,0.0,0.0,0.0,0.0,0,Nacoes Shopping,NS
2025-08-30 00:00:00,AGE_18_24,9907,2.23,0.0,0,0.0,22.11,0.0,0.0,0,Nacoes Shopping,NS
2025-08-30 00:00:00,AGE_25_34,5978,2.38,0.0,0,0.0,14.25,0.0,0.0,0,Nacoes Shopping,NS
2025-08-30 00:00:00,AGE_35_44,2980,2.24,0.0,0,0.0,6.68,0.0,0.0,0,Nacoes Shopping,NS
2025-08-30 00:00:00,AGE_45_54,2183,2.25,0.0,0,0.0,4.91,0.0,0.0,0,Nacoes Shopping,NS
2025-08-30 00:00:00,AGE_55_100,2642,2.0,0.0,0,0.0,5.29,0.0,0.0,0,Nacoes Shopping,NS
2025-08-31 00:00:00,NONE,0,0.0,0.0,0,0.0,0.0,0.0,0.0,0,Nacoes Shopping,NS
2025-08-31 00:00:00,AGE_18_24,7383,2.11,0.0,0,0.0,15.6,0.0,0.0,0,Nacoes Shopping,NS
2025-08-31 00:00:00,AGE_25_34,6065,2.35,0.0,0,0.0,14.24,0.0,0.0,0,Nacoes Shopping,NS
2025-08-31 00:00:00,AGE_35_44,2940,2.2,0.0,0,0.0,6.46,0.0,0.0,0,Nacoes Shopping,NS
2025-08-31 00:00:00,AGE_45_54,2161,2.14,0.0,0,0.0,4.63,0.0,0.0,0,Nacoes Shopping,NS
2025-08-31 00:00:00,AGE_55_100,2203,2.11,0.0,0,0.0,4.64,0.0,0.0,0,Nacoes Shopping,NS
2025-09-01 00:00:00,NONE,0,0.0,0.0,0,0.0,0.0,0.0,0.0,0,Nacoes Shopping,NS
2025-09-01 00:00:00,AGE_18_24,7609,1.93,0.0,0,0.0,14.71,0.0,0.0,0,Nacoes Shopping,NS
2025-09-01 00:00:00,AGE_25_34,6892,2.14,0.0,0,0.0,14.74,0.0,0.0,0,Nacoes Shopping,NS
2025-09-01 00:00:00,AGE_35_44,2744,2.01,0.0,0,0.0,5.51,0.0,0.0,0,Nacoes Shopping,NS
2025-09-01 00:00:00,AGE_45_54,1964,1.86,0.0,0,0.0,3.65,0.0,0.0,0,Nacoes Shopping,NS
2025-09-01 00:00:00,AGE_55_100,2018,1.69,0.0,0,0.0,3.42,0.0,0.0,0,Nacoes Shopping,NS
2025-09-02 00:00:00,NONE,1,0.0,0.0,0,0.0,0.0,0.0,0.0,0,Nacoes Shopping,NS
2025-09-02 00:00:00,AGE_18_24,7189,1.97,0.0,0,0.0,14.17,0.0,0.0,0,Nacoes Shopping,NS
2025-09-02 00:00:00,AGE_25_34,6212,2.2,0.0,0,0.0,13.64,0.0,0.0,0,Nacoes Shopping,NS
2025-09-02 00:00:00,AGE_35_44,2698,2.25,0.0,0,0.0,6.07,0.0,0.0,0,Nacoes Shopping,NS
2025-09-02 00:00:00,AGE_45_54,1837,2.2,0.0,0,0.0,4.05,0.0,0.0,0,Nacoes Shopping,NS
2025-09-02 00:00:00,AGE_55_100,2064,1.96,0.0,0,0.0,4.05,0.0,0.0,0,Nacoes Shopping,NS
2025-09-03 00:00:00,NONE,7,2.86,0.0,0,0.0,0.02,0.0,0.0,0,Nacoes Shopping,NS
2025-09-03 00:00:00,AGE_18_24,6214,2.22,0.0,0,0.0,13.78,0.0,0.0,0,Nacoes Shopping,NS
2025-09-03 00:00:00,AGE_25_34,5802,2.44,0.0,0,0.0,14.16,0.0,0.0,0,Nacoes Shopping,NS
2025-09-03 00:00:00,AGE_35_44,2733,2.32,0.0,0,0.0,6.35,0.0,0.0,0,Nacoes Shopping,NS
2025-09-03 00:00:00,AGE_45_54,1855,2.32,0.0,0,0.0,4.31,0.0,0.0,0,Nacoes Shopping,NS
2025-09-03 00:00:00,AGE_55_100,1864,2.01,0.0,0,0.0,3.75,0.0,0.0,0,Nacoes Shopping,NS
2025-09-04 00:00:00,NONE,1,20.0,0.0,0,0.0,0.02,0.0,0.0,0,Nacoes Shopping,NS
2025-09-04 00:00:00,AGE_18_24,5957,2.45,0.0,0,0.0,14.59,0.0,0.0,0,Nacoes Shopping,NS
2025-09-04 00:00:00,AGE_25_34,5182,2.66,0.0,0,0.0,13.81,0.0,0.0,0,Nacoes Shopping,NS
2025-09-04 00:00:00,AGE_35_44,2590,2.63,0.0,0,0.0,6.81,0.0,0.0,0,Nacoes Shopping,NS
2025-09-04 00:00:00,AGE_45_54,1763,2.22,0.0,0,0.0,3.91,0.0,0.0,0,Nacoes Shopping,NS
2025-09-04 00:00:00,AGE_55_100,1928,2.07,0.0,0,0.0,3.99,0.0,0.0,0,Nacoes Shopping,NS
2025-09-05 00:00:00,NONE,3,0.0,0.0,0,0.0,0.0,0.0,0.0,0,Nacoes Shopping,NS
2025-09-05 00:00:00,AGE_18_24,7690,2.15,0.0,0,0.0,16.57,0.0,0.0,0,Nacoes Shopping,NS
2025-09-05 00:00:00,AGE_25_34,5244,2.42,0.0,0,0.0,12.69,0.0,0.0,0,Nacoes Shopping,NS
2025-09-05 00:00:00,AGE_35_44,2772,2.33,0.0,0,0.0,6.47,0.0,0.0,0,Nacoes Shopping,NS
2025-09-05 00:00:00,AGE_45_54,2121,2.15,0.0,0,0.0,4.56,0.0,0.0,0,Nacoes Shopping,NS
2025-09-05 00:00:00,AGE_55_100,2402,1.87,0.0,0,0.0,4.5,0.0,0.0,0,Nacoes Shopping,NS
2025-09-06 00:00:00,NONE,3,0.0,0.0,0,0.0,0.0,0.0,0.0,0,Nacoes Shopping,NS
2025-09-06 00:00:00,AGE_18_24,7499,2.09,0.0,0,0.0,15.67,0.0,0.0,0,Nacoes Shopping,NS
2025-09-06 00:00:00,AGE_25_34,5252,2.36,0.0,0,0.0,12.38,0.0,0.0,0,Nacoes Shopping,NS
2025-09-06 00:00:00,AGE_35_44,2586,2.15,0.0,0,0.0,5.55,0.0,0.0,0,Nacoes Shopping,NS
2025-09-06 00:00:00,AGE_45_54,1886,2.15,0.0,0,0.0,4.06,0.0,0.0,0,Nacoes Shopping,NS
2025-09-06 00:00:00,AGE_55_100,2096,2.05,0.0,0,0.0,4.3,0.0,0.0,0,Nacoes Shopping,NS
2025-09-07 00:00:00,NONE,5,6.0,0.0,0,0.0,0.03,0.0,0.0,0,Nacoes Shopping,NS
2025-09-07 00:00:00,AGE_18_24,6910,2.04,0.0,0,0.0,14.07,0.0,0.0,0,Nacoes Shopping,NS
2025-09-07 00:00:00,AGE_25_34,5149,2.34,0.0,0,0.0,12.04,0.0,0.0,0,Nacoes Shopping,NS
2025-09-07 00:00:00,AGE_35_44,2720,2.53,0.0,0,0.0,6.87,0.0,0.0,0,Nacoes Shopping,NS
2025-09-07 00:00:00,AGE_45_54,2005,2.36,0.0,0,0.0,4.73,0.0,0.0,0,Nacoes Shopping,NS
2025-09-07 00:00:00,AGE_55_100,2092,2.04,0.0,0,0.0,4.26,0.0,0.0,0,Nacoes Shopping,NS
2025-09-08 00:00:00,NONE,7,2.86,0.0,0,0.0,0.02,0.0,0.0,0,Nacoes Shopping,NS
2025-09-08 00:00:00,AGE_18_24,6782,2.18,0.0,0,0.0,14.77,0.0,0.0,0,Nacoes Shopping,NS
2025-09-08 00:00:00,AGE_25_34,5495,2.43,0.0,0,0.0,13.35,0.0,0.0,0,Nacoes Shopping,NS
2025-09-08 00:00:00,AGE_35_44,2523,2.26,0.0,0,0.0,5.7,0.0,0.0,0,Nacoes Shopping,NS
2025-09-08 00:00:00,AGE_45_54,1748,2.04,0.0,0,0.0,3.56,0.0,0.0,0,Nacoes Shopping,NS
2025-09-08 00:00:00,AGE_55_100,1643,2.12,0.0,0,0.0,3.49,0.0,0.0,0,Nacoes Shopping,NS
2025-09-09 00:00:00,NONE,3,3.33,0.0,0,0.0,0.01,0.0,0.0,0,Nacoes Shopping,NS
2025-09-09 00:00:00,AGE_18_24,10312,2.36,0.0,0,0.0,24.36,0.0,0.0,0,Nacoes Shopping,NS
2025-09-09 00:00:00,AGE_25_34,7455,2.51,0.0,0,0.0,18.71,0.0,0.0,0,Nacoes Shopping,NS
2025-09-09 00:00:00,AGE_35_44,3468,2.22,0.0,0,0.0,7.71,0.0,0.0,0,Nacoes Shopping,NS
2025-09-09 00:00:00,AGE_45_54,2383,1.88,0.0,0,0.0,4.47,0.0,0.0,0,Nacoes Shopping,NS
2025-09-09 00:00:00,AGE_55_100,706,2.01,0.0,0,0.0,1.42,0.0,0.0,0,Nacoes Shopping,NS
2025-09-10 00:00:00,NONE,0,0.0,0.0,0,0.0,0.0,0.0,0.0,0,Nacoes Shopping,NS
2025-09-10 00:00:00,AGE_18_24,13219,2.53,0.0,0,0.0,33.39,0.0,0.0,0,Nacoes Shopping,NS
2025-09-10 00:00:00,AGE_25_34,9727,2.79,0.0,0,0.0,27.1,0.0,0.0,0,Nacoes Shopping,NS
2025-09-10 00:00:00,AGE_35_44,4424,2.44,0.0,0,0.0,10.78,0.0,0.0,0,Nacoes Shopping,NS
2025-09-10 00:00:00,AGE_45_54,2875,1.9,0.0,0,0.0,5.45,0.0,0.0,0,Nacoes Shopping,NS
2025-09-10 00:00:00,AGE_55_100,0,0.0,0.0,0,0.0,0.0,0.0,0.0,0,Nacoes Shopping,NS
2025-09-11 00:00:00,NONE,0,0.0,0.0,0,0.0,0.0,0.0,0.0,0,Nacoes Shopping,NS
2025-09-11 00:00:00,AGE_18_24,12306,2.68,0.0,0,0.0,32.95,0.0,0.0,0,Nacoes Shopping,NS
2025-09-11 00:00:00,AGE_25_34,9465,2.91,0.0,0,0.0,27.54,0.0,0.0,0,Nacoes Shopping,NS
2025-09-11 00:00:00,AGE_35_44,4297,2.54,0.0,0,0.0,10.9,0.0,0.0,0,Nacoes Shopping,NS
2025-09-11 00:00:00,AGE_45_54,2795,2.16,0.0,0,0.0,6.05,0.0,0.0,0,Nacoes Shopping,NS
2025-09-12 00:00:00,NONE,1,0.0,0.0,0,0.0,0.0,0.0,0.0,0,Nacoes Shopping,NS
2025-09-12 00:00:00,AGE_18_24,11268,2.8,0.0,0,0.0,31.5,0.0,0.0,0,Nacoes Shopping,NS
2025-09-12 00:00:00,AGE_25_34,9198,3.01,0.0,0,0.0,27.72,0.0,0.0,0,Nacoes Shopping,NS
2025-09-12 00:00:00,AGE_35_44,4194,2.65,0.0,0,0.0,11.11,0.0,0.0,0,Nacoes Shopping,NS
2025-09-12 00:00:00,AGE_45_54,2699,2.16,0.0,0,0.0,5.84,0.0,0.0,0,Nacoes Shopping,NS
2025-09-13 00:00:00,NONE,1,0.0,0.0,0,0.0,0.0,0.0,0.0,0,Nacoes Shopping,NS
2025-09-13 00:00:00,AGE_18_24,4147,2.91,0.0,0,0.0,12.07,0.0,0.0,0,Nacoes Shopping,NS
2025-09-13 00:00:00,AGE_25_34,3609,3.02,0.0,0,0.0,10.91,0.0,0.0,0,Nacoes Shopping,NS
2025-09-13 00:00:00,AGE_35_44,1567,2.9,0.0,0,0.0,4.54,0.0,0.0,0,Nacoes Shopping,NS
2025-09-13 00:00:00,AGE_45_54,951,2.79,0.0,0,0.0,2.65,0.0,0.0,0,Nacoes Shopping,NS
2025-09-14 00:00:00,NONE,0,0.0,0.0,0,0.0,0.0,0.0,0.0,0,Nacoes Shopping,NS
2025-09-14 00:00:00,AGE_18_24,0,0.0,0.0,0,0.0,0.0,0.0,0.0,0,Nacoes Shopping,NS
2025-09-14 00:00:00,AGE_25_34,0,0.0,0.0,0,0.0,0.0,0.0,0.0,0,Nacoes Shopping,NS
2025-09-14 00:00:00,AGE_35_44,0,0.0,0.0,0,0.0,0.0,0.0,0.0,0,Nacoes Shopping,NS
2025-09-14 00:00:00,AGE_45_54,0,0.0,0.0,0,0.0,0.0,0.0,0.0,0,Nacoes Shopping,NS
2025-09-15 00:00:00,NONE,0,0.0,0.0,0,0.0,0.0,0.0,0.0,0,Nacoes Shopping,NS
2025-09-15 00:00:00,AGE_25_34,0,0.0,0.0,0,0.0,0.0,0.0,0.0,0,Nacoes Shopping,NS
2025-09-16 00:00:00,NONE,0,0.0,0.0,0,0.0,0.0,0.0,0.0,0,Nacoes Shopping,NS
2025-09-17 00:00:00,NONE,0,0.0,0.0,0,0.0,0.0,0.0,0.0,0,Nacoes Shopping,NS
2025-09-18 00:00:00,NONE,0,0.0,0.0,0,0.0,0.0,0.0,0.0,0,Nacoes Shopping,NS
2025-09-26 00:00:00,AGE_18_24,3799,2.19,0.0,0,0.0,8.32,0.0,0.0,0,Nacoes Shopping,NS
2025-09-26 00:00:00,AGE_25_34,1801,2.57,0.0,0,0.0,4.63,0.0,0.0,0,Nacoes Shopping,NS
2025-09-26 00:00:00,AGE_35_44,895,2.6,0.0,0,0.0,2.33,0.0,0.0,0,Nacoes Shopping,NS
2025-09-26 00:00:00,AGE_45_54,905,2.33,0.0,0,0.0,2.11,0.0,0.0,0,Nacoes Shopping,NS
2025-09-26 00:00:00,AGE_55_100,1399,1.97,0.0,0,0.0,2.76,0.0,0.0,0,Nacoes Shopping,NS
2025-09-27 00:00:00,NONE,0,0.0,0.0,0,0.0,0.0,0.0,0.0,0,Nacoes Shopping,NS
2025-09-27 00:00:00,AGE_18_24,7224,2.43,0.0,0,0.0,17.58,0.0,0.0,0,Nacoes Shopping,NS
2025-09-27 00:00:00,AGE_25_34,4257,2.61,0.0,0,0.0,11.11,0.0,0.0,0,Nacoes Shopping,NS
2025-09-27 00:00:00,AGE_35_44,2110,2.59,0.0,0,0.0,5.47,0.0,0.0,0,Nacoes Shopping,NS
2025-09-27 00:00:00,AGE_45_54,1730,2.14,0.0,0,0.0,3.71,0.0,0.0,0,Nacoes Shopping,NS
2025-09-27 00:00:00,AGE_55_100,2146,2.06,0.0,0,0.0,4.42,0.0,0.0,0,Nacoes Shopping,NS
2025-09-28 00:00:00,AGE_18_24,7142,2.33,0.0,0,0.0,16.63,0.0,0.0,0,Nacoes Shopping,NS
2025-09-28 00:00:00,AGE_25_34,5002,2.62,0.0,0,0.0,13.09,0.0,0.0,0,Nacoes Shopping,NS
2025-09-28 00:00:00,AGE_35_44,2341,2.36,0.0,0,0.0,5.53,0.0,0.0,0,Nacoes Shopping,NS
2025-09-28 00:00:00,AGE_45_54,1948,2.05,0.0,0,0.0,4.0,0.0,0.0,0,Nacoes Shopping,NS
2025-09-28 00:00:00,AGE_55_100,1848,1.91,0.0,0,0.0,3.53,0.0,0.0,0,Nacoes Shopping,NS
2025-09-29 00:00:00,AGE_18_24,6563,2.46,0.0,0,0.0,16.16,0.0,0.0,0,Nacoes Shopping,NS
2025-09-29 00:00:00,AGE_25_34,4493,2.68,0.0,0,0.0,12.05,0.0,0.0,0,Nacoes Shopping,NS
2025-09-29 00:00:00,AGE_35_44,2246,2.62,0.0,0,0.0,5.89,0.0,0.0,0,Nacoes Shopping,NS
2025-09-29 00:00:00,AGE_45_54,1812,2.43,0.0,0,0.0,4.41,0.0,0.0,0,Nacoes Shopping,NS
2025-09-29 00:00:00,AGE_55_100,1988,2.03,0.0,0,0.0,4.03,0.0,0.0,0,Nacoes Shopping,NS
2025-09-30 00:00:00,NONE,0,0.0,0.0,0,0.0,0.01,0.0,0.0,0,Nacoes Shopping,NS
2025-09-30 00:00:00,AGE_18_24,6458,2.46,0.0,0,0.0,15.91,0.0,0.0,0,Nacoes Shopping,NS
2025-09-30 00:00:00,AGE_25_34,4344,2.68,0.0,0,0.0,11.63,0.0,0.0,0,Nacoes Shopping,NS
2025-09-30 00:00:00,AGE_35_44,2074,2.56,0.0,0,0.0,5.31,0.0,0.0,0,Nacoes Shopping,NS
2025-09-30 00:00:00,AGE_45_54,1735,2.56,0.0,0,0.0,4.45,0.0,0.0,0,Nacoes Shopping,NS
2025-09-30 00:00:00,AGE_55_100,1973,2.15,0.0,0,0.0,4.25,0.0,0.0,0,Nacoes Shopping,NS
2025-10-01 00:00:00,NONE,1,10.0,0.0,0,0.0,0.01,0.0,0.0,0,Nacoes Shopping,NS
2025-10-01 00:00:00,AGE_18_24,7096,2.03,0.0,0,0.0,14.44,0.0,0.0,0,Nacoes Shopping,NS
2025-10-01 00:00:00,AGE_25_34,5860,2.3,0.0,0,0.0,13.46,0.0,0.0,0,Nacoes Shopping,NS
2025-10-01 00:00:00,AGE_35_44,2718,2.24,0.0,0,0.0,6.08,0.0,0.0,0,Nacoes Shopping,NS
2025-10-01 00:00:00,AGE_45_54,1807,1.91,0.0,0,0.0,3.45,0.0,0.0,0,Nacoes Shopping,NS
2025-10-01 00:00:00,AGE_55_100,1639,1.68,0.0,0,0.0,2.75,0.0,0.0,0,Nacoes Shopping,NS
2025-10-02 00:00:00,NONE,2,5.0,0.0,0,0.0,0.01,0.0,0.0,0,Nacoes Shopping,NS
2025-10-02 00:00:00,AGE_18_24,6490,2.16,0.0,0,0.0,13.99,0.0,0.0,0,Nacoes Shopping,NS
2025-10-02 00:00:00,AGE_25_34,5722,2.4,0.0,0,0.0,13.75,0.0,0.0,0,Nacoes Shopping,NS
2025-10-02 00:00:00,AGE_35_44,2674,2.25,0.0,0,0.0,6.01,0.0,0.0,0,Nacoes Shopping,NS
2025-10-02 00:00:00,AGE_45_54,1899,1.93,0.0,0,0.0,3.66,0.0,0.0,0,Nacoes Shopping,NS
2025-10-02 00:00:00,AGE_55_100,1899,1.75,0.0,0,0.0,3.33,0.0,0.0,0,Nacoes Shopping,NS
2025-10-03 00:00:00,NONE,5,0.0,0.0,0,0.0,0.0,0.0,0.0,0,Nacoes Shopping,NS
2025-10-03 00:00:00,AGE_18_24,7033,2.12,0.0,0,0.0,14.94,0.0,0.0,0,Nacoes Shopping,NS
2025-10-03 00:00:00,AGE_25_34,5388,2.18,0.0,0,0.0,11.74,0.0,0.0,0,Nacoes Shopping,NS
2025-10-03 00:00:00,AGE_35_44,2505,2.32,0.0,0,0.0,5.8,0.0,0.0,0,Nacoes Shopping,NS
2025-10-03 00:00:00,AGE_45_54,2086,1.95,0.0,0,0.0,4.06,0.0,0.0,0,Nacoes Shopping,NS
2025-10-03 00:00:00,AGE_55_100,2323,1.85,0.0,0,0.0,4.29,0.0,0.0,0,Nacoes Shopping,NS
2025-10-04 00:00:00,NONE,2,10.0,0.0,0,0.0,0.02,0.0,0.0,0,Nacoes Shopping,NS
2025-10-04 00:00:00,AGE_18_24,7351,1.92,0.0,0,0.0,14.1,0.0,0.0,0,Nacoes Shopping,NS
2025-10-04 00:00:00,AGE_25_34,5230,2.15,0.0,0,0.0,11.26,0.0,0.0,0,Nacoes Shopping,NS
2025-10-04 00:00:00,AGE_35_44,2452,2.08,0.0,0,0.0,5.11,0.0,0.0,0,Nacoes Shopping,NS
2025-10-04 00:00:00,AGE_45_54,2039,1.86,0.0,0,0.0,3.8,0.0,0.0,0,Nacoes Shopping,NS
2025-10-04 00:00:00,AGE_55_100,2268,1.84,0.0,0,0.0,4.18,0.0,0.0,0,Nacoes Shopping,NS
2025-10-05 00:00:00,NONE,5,2.0,0.0,0,0.0,0.01,0.0,0.0,0,Nacoes Shopping,NS
2025-10-05 00:00:00,AGE_18_24,7317,1.95,0.0,0,0.0,14.27,0.0,0.0,0,Nacoes Shopping,NS
2025-10-05 00:00:00,AGE_25_34,5452,2.08,0.0,0,0.0,11.33,0.0,0.0,0,Nacoes Shopping,NS
2025-10-05 00:00:00,AGE_35_44,2599,1.89,0.0,0,0.0,4.91,0.0,0.0,0,Nacoes Shopping,NS
2025-10-05 00:00:00,AGE_45_54,2022,1.83,0.0,0,0.0,3.7,0.0,0.0,0,Nacoes Shopping,NS
2025-10-05 00:00:00,AGE_55_100,1842,1.79,0.0,0,0.0,3.29,0.0,0.0,0,Nacoes Shopping,NS
2025-10-06 00:00:00,NONE,2,5.0,0.0,0,0.0,0.01,0.0,0.0,0,Nacoes Shopping,NS
2025-10-06 00:00:00,AGE_18_24,6614,2.16,0.0,0,0.0,14.31,0.0,0.0,0,Nacoes Shopping,NS
2025-10-06 00:00:00,AGE_25_34,5205,2.23,0.0,0,0.0,11.62,0.0,0.0,0,Nacoes Shopping,NS
2025-10-06 00:00:00,AGE_35_44,2436,2.0,0.0,0,0.0,4.88,0.0,0.0,0,Nacoes Shopping,NS
2025-10-06 00:00:00,AGE_45_54,1855,1.84,0.0,0,0.0,3.41,0.0,0.0,0,Nacoes Shopping,NS
2025-10-06 00:00:00,AGE_55_100,1814,1.74,0.0,0,0.0,3.16,0.0,0.0,0,Nacoes Shopping,NS
2025-10-07 00:00:00,NONE,2,10.0,0.0,0,0.0,0.02,0.0,0.0,0,Nacoes Shopping,NS
2025-10-07 00:00:00,AGE_18_24,6307,2.22,0.0,0,0.0,13.99,0.0,0.0,0,Nacoes Shopping,NS
2025-10-07 00:00:00,AGE_25_34,4883,2.48,0.0,0,0.0,12.13,0.0,0.0,0,Nacoes Shopping,NS
2025-10-07 00:00:00,AGE_35_44,2351,2.23,0.0,0,0.0,5.25,0.0,0.0,0,Nacoes Shopping,NS
2025-10-07 00:00:00,AGE_45_54,1744,1.73,0.0,0,0.0,3.02,0.0,0.0,0,Nacoes Shopping,NS
2025-10-07 00:00:00,AGE_55_100,1781,2.02,0.0,0,0.0,3.6,0.0,0.0,0,Nacoes Shopping,NS
2025-10-08 00:00:00,NONE,1,0.0,0.0,0,0.0,0.0,0.0,0.0,0,Nacoes Shopping,NS
2025-10-08 00:00:00,AGE_18_24,6038,2.37,0.0,0,0.0,14.31,0.0,0.0,0,Nacoes Shopping,NS
2025-10-08 00:00:00,AGE_25_34,4600,2.58,0.0,0,0.0,11.88,0.0,0.0,0,Nacoes Shopping,NS
2025-10-08 00:00:00,AGE_35_44,2081,2.23,0.0,0,0.0,4.64,0.0,0.0,0,Nacoes Shopping,NS
2025-10-08 00:00:00,AGE_45_54,1547,2.11,0.0,0,0.0,3.27,0.0,0.0,0,Nacoes Shopping,NS
2025-10-08 00:00:00,AGE_55_100,1728,1.85,0.0,0,0.0,3.19,0.0,0.0,0,Nacoes Shopping,NS
2025-10-09 00:00:00,NONE,0,0.0,0.0,0,0.0,0.01,0.0,0.0,0,Nacoes Shopping,NS
2025-10-09 00:00:00,AGE_18_24,6264,2.33,0.0,0,0.0,14.58,0.0,0.0,0,Nacoes Shopping,NS
2025-10-09 00:00:00,AGE_25_34,4280,2.57,0.0,0,0.0,11.02,0.0,0.0,0,Nacoes Shopping,NS
2025-10-09 00:00:00,AGE_35_44,2163,2.25,0.0,0,0.0,4.87,0.0,0.0,0,Nacoes Shopping,NS
2025-10-09 00:00:00,AGE_45_54,1534,2.13,0.0,0,0.0,3.27,0.0,0.0,0,Nacoes Shopping,NS
2025-10-09 00:00:00,AGE_55_100,1725,1.74,0.0,0,0.0,3.01,0.0,0.0,0,Nacoes Shopping,NS
2025-10-10 00:00:00,AGE_18_24,7290,2.18,0.0,0,0.0,15.88,0.0,0.0,0,Nacoes Shopping,NS
2025-10-10 00:00:00,AGE_25_34,4536,2.24,0.0,0,0.0,10.14,0.0,0.0,0,Nacoes Shopping,NS
2025-10-10 00:00:00,AGE_35_44,2285,2.3,0.0,0,0.0,5.26,0.0,0.0,0,Nacoes Shopping,NS
2025-10-10 00:00:00,AGE_45_54,1682,1.86,0.0,0,0.0,3.13,0.0,0.0,0,Nacoes Shopping,NS
2025-10-10 00:00:00,AGE_55_100,1773,1.79,0.0,0,0.0,3.17,0.0,0.0,0,Nacoes Shopping,NS
2025-10-11 00:00:00,NONE,3,10.0,0.0,0,0.0,0.03,0.0,0.0,0,Nacoes Shopping,NS
2025-10-11 00:00:00,AGE_18_24,7148,2.08,0.0,0,0.0,14.86,0.0,0.0,0,Nacoes Shopping,NS
2025-10-11 00:00:00,AGE_25_34,4209,2.15,0.0,0,0.0,9.03,0.0,0.0,0,Nacoes Shopping,NS
2025-10-11 00:00:00,AGE_35_44,2420,1.99,0.0,0,0.0,4.81,0.0,0.0,0,Nacoes Shopping,NS
2025-10-11 00:00:00,AGE_45_54,1686,1.81,0.0,0,0.0,3.06,0.0,0.0,0,Nacoes Shopping,NS
2025-10-11 00:00:00,AGE_55_100,1635,1.79,0.0,0,0.0,2.93,0.0,0.0,0,Nacoes Shopping,NS
2025-10-12 00:00:00,NONE,1,0.0,0.0,0,0.0,0.0,0.0,0.0,0,Nacoes Shopping,NS
2025-10-12 00:00:00,AGE_18_24,7272,1.95,0.0,0,0.0,14.16,0.0,0.0,0,Nacoes Shopping,NS
2025-10-12 00:00:00,AGE_25_34,4762,2.12,0.0,0,0.0,10.1,0.0,0.0,0,Nacoes Shopping,NS
2025-10-12 00:00:00,AGE_35_44,2518,1.94,0.0,0,0.0,4.89,0.0,0.0,0,Nacoes Shopping,NS
2025-10-12 00:00:00,AGE_45_54,1616,1.96,0.0,0,0.0,3.16,0.0,0.0,0,Nacoes Shopping,NS
2025-10-12 00:00:00,AGE_55_100,1467,1.74,0.0,0,0.0,2.55,0.0,0.0,0,Nacoes Shopping,NS
2025-10-13 00:00:00,NONE,1,10.0,0.0,0,0.0,0.01,0.0,0.0,0,Nacoes Shopping,NS
2025-10-13 00:00:00,AGE_18_24,6617,2.05,0.0,0,0.0,13.58,0.0,0.0,0,Nacoes Shopping,NS
2025-10-13 00:00:00,AGE_25_34,4500,2.27,0.0,0,0.0,10.23,0.0,0.0,0,Nacoes Shopping,NS
2025-10-13 00:00:00,AGE_35_44,2207,2.09,0.0,0,0.0,4.62,0.0,0.0,0,Nacoes Shopping,NS
2025-10-13 00:00:00,AGE_45_54,1470,1.86,0.0,0,0.0,2.73,0.0,0.0,0,Nacoes Shopping,NS
2025-10-13 00:00:00,AGE_55_100,1379,2.04,0.0,0,0.0,2.81,0.0,0.0,0,Nacoes Shopping,NS
2025-10-14 00:00:00,AGE_18_24,6136,2.2,0.0,0,0.0,13.47,0.0,0.0,0,Nacoes Shopping,NS
2025-10-14 00:00:00,AGE_25_34,4258,2.34,0.0,0,0.0,9.98,0.0,0.0,0,Nacoes Shopping,NS
2025-10-14 00:00:00,AGE_35_44,2060,2.25,0.0,0,0.0,4.64,0.0,0.0,0,Nacoes Shopping,NS
2025-10-14 00:00:00,AGE_45_54,1376,2.19,0.0,0,0.0,3.02,0.0,0.0,0,Nacoes Shopping,NS
2025-10-14 00:00:00,AGE_55_100,1406,2.01,0.0,0,0.0,2.83,0.0,0.0,0,Nacoes Shopping,NS
2025-10-15 00:00:00,AGE_18_24,5342,2.26,0.0,0,0.0,12.05,0.0,0.0,0,Nacoes Shopping,NS
2025-10-15 00:00:00,AGE_25_34,3876,2.62,0.0,0,0.0,10.16,0.0,0.0,0,Nacoes Shopping,NS
2025-10-15 00:00:00,AGE_35_44,1930,2.42,0.0,0,0.0,4.67,0.0,0.0,0,Nacoes Shopping,NS
2025-10-15 00:00:00,AGE_45_54,1337,2.12,0.0,0,0.0,2.84,0.0,0.0,0,Nacoes Shopping,NS
2025-10-15 00:00:00,AGE_55_100,1437,2.07,0.0,0,0.0,2.98,0.0,0.0,0,Nacoes Shopping,NS
2025-10-16 00:00:00,NONE,0,0.0,0.0,0,0.0,0.02,0.0,0.0,0,Nacoes Shopping,NS
2025-10-16 00:00:00,AGE_18_24,5312,2.3,0.0,0,0.0,12.2,0.0,0.0,0,Nacoes Shopping,NS
2025-10-16 00:00:00,AGE_25_34,3943,2.55,0.0,0,0.0,10.06,0.0,0.0,0,Nacoes Shopping,NS
2025-10-16 00:00:00,AGE_35_44,2006,2.56,0.0,0,0.0,5.13,0.0,0.0,0,Nacoes Shopping,NS
2025-10-16 00:00:00,AGE_45_54,1317,2.22,0.0,0,0.0,2.92,0.0,0.0,0,Nacoes Shopping,NS
2025-10-16 00:00:00,AGE_55_100,1337,2.1,0.0,0,0.0,2.81,0.0,0.0,0,Nacoes Shopping,NS
2025-10-17 00:00:00,AGE_18_24,6037,2.32,0.0,0,0.0,13.98,0.0,0.0,0,Nacoes Shopping,NS
2025-10-17 00:00:00,AGE_25_34,3549,2.37,0.0,0,0.0,8.4,0.0,0.0,0,Nacoes Shopping,NS
2025-10-17 00:00:00,AGE_35_44,1981,2.36,0.0,0,0.0,4.67,0.0,0.0,0,Nacoes Shopping,NS
2025-10-17 00:00:00,AGE_45_54,1448,2.14,0.0,0,0.0,3.1,0.0,0.0,0,Nacoes Shopping,NS
2025-10-17 00:00:00,AGE_55_100,1629,2.11,0.0,0,0.0,3.44,0.0,0.0,0,Nacoes Shopping,NS
2025-10-18 00:00:00,AGE_18_24,6130,2.1,0.0,0,0.0,12.85,0.0,0.0,0,Nacoes Shopping,NS
2025-10-18 00:00:00,AGE_25_34,3565,2.35,0.0,0,0.0,8.38,0.0,0.0,0,Nacoes Shopping,NS
2025-10-18 00:00:00,AGE_35_44,1904,2.04,0.0,0,0.0,3.89,0.0,0.0,0,Nacoes Shopping,NS
2025-10-18 00:00:00,AGE_45_54,1468,2.15,0.0,0,0.0,3.15,0.0,0.0,0,Nacoes Shopping,NS
2025-10-18 00:00:00,AGE_55_100,1449,1.84,0.0,0,0.0,2.67,0.0,0.0,0,Nacoes Shopping,NS
2025-10-19 00:00:00,AGE_18_24,5493,2.06,0.0,0,0.0,11.29,0.0,0.0,0,Nacoes Shopping,NS
2025-10-19 00:00:00,AGE_25_34,3719,2.26,0.0,0,0.0,8.42,0.0,0.0,0,Nacoes Shopping,NS
2025-10-19 00:00:00,AGE_35_44,2015,2.22,0.0,0,0.0,4.48,0.0,0.0,0,Nacoes Shopping,NS
2025-10-19 00:00:00,AGE_45_54,1389,2.1,0.0,0,0.0,2.92,0.0,0.0,0,Nacoes Shopping,NS
2025-10-19 00:00:00,AGE_55_100,1181,1.9,0.0,0,0.0,2.24,0.0,0.0,0,Nacoes Shopping,NS
2025-10-20 00:00:00,AGE_18_24,5008,2.23,0.0,0,0.0,11.19,0.0,0.0,0,Nacoes Shopping,NS
2025-10-20 00:00:00,AGE_25_34,3477,2.34,0.0,0,0.0,8.12,0.0,0.0,0,Nacoes Shopping,NS
2025-10-20 00:00:00,AGE_35_44,1791,2.22,0.0,0,0.0,3.97,0.0,0.0,0,Nacoes Shopping,NS
2025-10-20 00:00:00,AGE_45_54,1269,2.14,0.0,0,0.0,2.71,0.0,0.0,0,Nacoes Shopping,NS
2025-10-20 00:00:00,AGE_55_100,1192,2.14,0.0,0,0.0,2.55,0.0,0.0,0,Nacoes Shopping,NS
2025-10-21 00:00:00,NONE,0,0.0,0.0,0,0.0,0.01,0.0,0.0,0,Nacoes Shopping,NS
2025-10-21 00:00:00,AGE_18_24,4360,2.47,0.0,0,0.0,10.75,0.0,0.0,0,Nacoes Shopping,NS
2025-10-21 00:00:00,AGE_25_34,3082,2.55,0.0,0,0.0,7.87,0.0,0.0,0,Nacoes Shopping,NS
2025-10-21 00:00:00,AGE_35_44,1483,2.57,0.0,0,0.0,3.81,0.0,0.0,0,Nacoes Shopping,NS
2025-10-21 00:00:00,AGE_45_54,1029,2.22,0.0,0,0.0,2.28,0.0,0.0,0,Nacoes Shopping,NS
2025-10-21 00:00:00,AGE_55_100,1085,2.27,0.0,0,0.0,2.46,0.0,0.0,0,Nacoes Shopping,NS
2025-10-22 00:00:00,AGE_18_24,3594,2.55,0.0,0,0.0,9.15,0.0,0.0,0,Nacoes Shopping,NS
2025-10-22 00:00:00,AGE_25_34,2564,2.56,0.0,0,0.0,6.56,0.0,0.0,0,Nacoes Shopping,NS
2025-10-22 00:00:00,AGE_35_44,1453,2.92,0.0,0,0.0,4.24,0.0,0.0,0,Nacoes Shopping,NS
2025-10-22 00:00:00,AGE_45_54,1015,2.46,0.0,0,0.0,2.5,0.0,0.0,0,Nacoes Shopping,NS
2025-10-22 00:00:00,AGE_55_100,1096,2.55,0.0,0,0.0,2.79,0.0,0.0,0,Nacoes Shopping,NS
2025-10-23 00:00:00,NONE,0,0.0,0.0,0,0.0,0.01,0.0,0.0,0,Nacoes Shopping,NS
2025-10-23 00:00:00,AGE_18_24,3587,2.44,0.0,0,0.0,8.77,0.0,0.0,0,Nacoes Shopping,NS
2025-10-23 00:00:00,AGE_25_34,2165,2.77,0.0,0,0.0,5.99,0.0,0.0,0,Nacoes Shopping,NS
2025-10-23 00:00:00,AGE_35_44,1227,2.7,0.0,0,0.0,3.31,0.0,0.0,0,Nacoes Shopping,NS
2025-10-23 00:00:00,AGE_45_54,982,2.53,0.0,0,0.0,2.48,0.0,0.0,0,Nacoes Shopping,NS
2025-10-23 00:00:00,AGE_55_100,1034,2.31,0.0,0,0.0,2.39,0.0,0.0,0,Nacoes Shopping,NS
2025-10-24 00:00:00,AGE_18_24,2276,2.21,0.0,0,0.0,5.04,0.0,0.0,0,Nacoes Shopping,NS
2025-10-24 00:00:00,AGE_25_34,1405,2.19,0.0,0,0.0,3.08,0.0,0.0,0,Nacoes Shopping,NS
2025-10-24 00:00:00,AGE_35_44,821,2.35,0.0,0,0.0,1.93,0.0,0.0,0,Nacoes Shopping,NS
2025-10-24 00:00:00,AGE_45_54,662,2.66,0.0,0,0.0,1.76,0.0,0.0,0,Nacoes Shopping,NS
2025-10-24 00:00:00,AGE_55_100,746,2.84,0.0,0,0.0,2.12,0.0,0.0,0,Nacoes Shopping,NS
2025-10-25 00:00:00,NONE,0,0.0,0.0,0,0.0,0.0,0.0,0.0,0,Nacoes Shopping,NS
2025-10-25 00:00:00,AGE_18_24,1680,1.97,0.0,0,0.0,3.31,0.0,0.0,0,Nacoes Shopping,NS
2025-10-25 00:00:00,AGE_25_34,960,2.33,0.0,0,0.0,2.24,0.0,0.0,0,Nacoes Shopping,NS
2025-10-25 00:00:00,AGE_35_44,506,2.55,0.0,0,0.0,1.29,0.0,0.0,0,Nacoes Shopping,NS
2025-10-25 00:00:00,AGE_45_54,400,2.0,0.0,0,0.0,0.8,0.0,0.0,0,Nacoes Shopping,NS
2025-10-25 00:00:00,AGE_55_100,459,2.61,0.0,0,0.0,1.2,0.0,0.0,0,Nacoes Shopping,NS
2025-10-26 00:00:00,AGE_18_24,321,1.84,0.0,0,0.0,0.59,0.0,0.0,0,Nacoes Shopping,NS
2025-10-26 00:00:00,AGE_25_34,199,1.76,0.0,0,0.0,0.35,0.0,0.0,0,Nacoes Shopping,NS
2025-10-26 00:00:00,AGE_35_44,124,1.61,0.0,0,0.0,0.2,0.0,0.0,0,Nacoes Shopping,NS
2025-10-26 00:00:00,AGE_45_54,80,2.13,0.0,0,0.0,0.17,0.0,0.0,0,Nacoes Shopping,NS
2025-10-26 00:00:00,AGE_55_100,101,3.17,0.0,0,0.0,0.32,0.0,0.0,0,Nacoes Shopping,NS
2025-10-27 00:00:00,AGE_35_44,0,0.0,0.0,0,0.0,0.0,0.0,0.0,0,Nacoes Shopping,NS
2025-10-30 00:00:00,AGE_18_24,4543,2.41,0.0,2,5.48,10.95,0.04,0.0,0,Nacoes Shopping,NS
2025-10-30 00:00:00,AGE_25_34,2357,2.98,0.0,0,0.0,7.03,0.0,0.0,0,Nacoes Shopping,NS
2025-10-30 00:00:00,AGE_35_44,1845,3.24,0.0,0,0.0,5.97,0.0,0.0,0,Nacoes Shopping,NS
2025-10-30 00:00:00,AGE_45_54,1818,3.0,0.0,1,5.46,5.46,0.06,0.0,0,Nacoes Shopping,NS
2025-10-30 00:00:00,AGE_55_100,2692,3.55,0.0,2,4.79,9.57,0.07,0.0,0,Nacoes Shopping,NS
2025-10-31 00:00:00,AGE_18_24,10274,2.85,0.0,3,9.74,29.23,0.03,0.0,0,Nacoes Shopping,NS
2025-10-31 00:00:00,AGE_25_34,5905,3.44,0.0,3,6.77,20.32,0.05,0.0,0,Nacoes Shopping,NS
2025-10-31 00:00:00,AGE_35_44,3535,3.02,0.0,0,0.0,10.67,0.0,0.0,0,Nacoes Shopping,NS
2025-10-31 00:00:00,AGE_45_54,2803,2.89,0.0,2,4.05,8.1,0.07,0.0,0,Nacoes Shopping,NS
2025-10-31 00:00:00,AGE_55_100,3101,3.01,0.0,1,9.32,9.32,0.03,0.0,0,Nacoes Shopping,NS
2025-11-01 00:00:00,AGE_18_24,10958,2.39,0.0,4,6.54,26.14,0.04,0.0,0,Nacoes Shopping,NS
2025-11-01 00:00:00,AGE_25_34,7695,2.74,0.0,4,5.27,21.09,0.05,0.0,0,Nacoes Shopping,NS
2025-11-01 00:00:00,AGE_35_44,4329,2.57,0.0,3,3.71,11.13,0.07,0.0,0,Nacoes Shopping,NS
2025-11-01 00:00:00,AGE_45_54,2962,2.64,0.0,1,7.82,7.82,0.03,0.0,0,Nacoes Shopping,NS
2025-11-01 00:00:00,AGE_55_100,3039,2.67,0.0,3,2.7,8.1,0.1,0.0,0,Nacoes Shopping,NS
2025-11-02 00:00:00,AGE_18_24,9374,2.15,0.0,9,2.24,20.18,0.1,0.0,0,Nacoes Shopping,NS
2025-11-02 00:00:00,AGE_25_34,7313,2.45,0.0,6,2.99,17.95,0.08,0.0,0,Nacoes Shopping,NS
2025-11-02 00:00:00,AGE_35_44,4473,2.8,0.0,0,0.0,12.53,0.0,0.0,0,Nacoes Shopping,NS
2025-11-02 00:00:00,AGE_45_54,3210,2.58,0.0,4,2.07,8.28,0.12,0.0,0,Nacoes Shopping,NS
2025-11-02 00:00:00,AGE_55_100,3391,2.91,0.0,2,4.94,9.87,0.06,0.0,0,Nacoes Shopping,NS
2025-11-03 00:00:00,AGE_18_24,8135,2.38,0.0,4,4.84,19.34,0.05,0.0,0,Nacoes Shopping,NS
2025-11-03 00:00:00,AGE_25_34,7061,2.48,0.0,1,17.49,17.49,0.01,0.0,0,Nacoes Shopping,NS
2025-11-03 00:00:00,AGE_35_44,4376,3.16,0.0,1,13.83,13.83,0.02,0.0,0,Nacoes Shopping,NS
2025-11-03 00:00:00,AGE_45_54,3060,2.54,0.0,0,0.0,7.77,0.0,0.0,0,Nacoes Shopping,NS
2025-11-03 00:00:00,AGE_55_100,3139,2.9,0.0,1,9.1,9.1,0.03,0.0,0,Nacoes Shopping,NS
2025-11-04 00:00:00,NONE,0,0.0,0.0,0,0.0,0.01,0.0,0.0,0,Nacoes Shopping,NS
2025-11-04 00:00:00,AGE_18_24,9136,2.4,0.0,2,10.97,21.93,0.02,0.0,0,Nacoes Shopping,NS
2025-11-04 00:00:00,AGE_25_34,7625,2.55,0.0,4,4.87,19.47,0.05,0.0,0,Nacoes Shopping,NS
2025-11-04 00:00:00,AGE_35_44,4381,2.71,0.0,2,5.94,11.87,0.05,0.0,0,Nacoes Shopping,NS
2025-11-04 00:00:00,AGE_45_54,2774,2.6,0.0,0,0.0,7.21,0.0,0.0,0,Nacoes Shopping,NS
2025-11-04 00:00:00,AGE_55_100,2941,3.0,0.0,2,4.41,8.82,0.07,0.0,0,Nacoes Shopping,NS
2025-11-05 00:00:00,AGE_18_24,8626,2.55,0.0,4,5.5,21.99,0.05,0.0,0,Nacoes Shopping,NS
2025-11-05 00:00:00,AGE_25_34,7194,2.68,0.0,5,3.86,19.3,0.07,0.0,0,Nacoes Shopping,NS
2025-11-05 00:00:00,AGE_35_44,3807,2.78,0.0,5,2.12,10.58,0.13,0.0,0,Nacoes Shopping,NS
2025-11-05 00:00:00,AGE_45_54,2574,2.75,0.0,1,7.07,7.07,0.04,0.0,0,Nacoes Shopping,NS
2025-11-05 00:00:00,AGE_55_100,3034,2.93,0.0,1,8.89,8.89,0.03,0.0,0,Nacoes Shopping,NS
2025-11-06 00:00:00,NONE,0,0.0,0.0,0,0.0,0.01,0.0,0.0,0,Nacoes Shopping,NS
2025-11-06 00:00:00,AGE_18_24,8080,2.53,0.0,6,3.41,20.44,0.07,0.0,0,Nacoes Shopping,NS
2025-11-06 00:00:00,AGE_25_34,5915,2.99,0.0,1,17.69,17.69,0.02,0.0,0,Nacoes Shopping,NS
2025-11-06 00:00:00,AGE_35_44,3377,3.25,0.0,2,5.49,10.98,0.06,0.0,0,Nacoes Shopping,NS
2025-11-06 00:00:00,AGE_45_54,2566,2.93,0.0,1,7.52,7.52,0.04,0.0,0,Nacoes Shopping,NS
2025-11-06 00:00:00,AGE_55_100,2977,2.89,0.0,1,8.6,8.6,0.03,0.0,0,Nacoes Shopping,NS
2025-11-07 00:00:00,AGE_18_24,7508,2.75,0.0,3,6.89,20.68,0.04,0.0,0,Nacoes Shopping,NS
2025-11-07 00:00:00,AGE_25_34,5130,2.96,0.0,1,15.17,15.17,0.02,0.0,0,Nacoes Shopping,NS
2025-11-07 00:00:00,AGE_35_44,2984,3.3,0.0,2,4.92,9.84,0.07,0.0,0,Nacoes Shopping,NS
2025-11-07 00:00:00,AGE_45_54,2155,2.84,0.0,0,0.0,6.13,0.0,0.0,0,Nacoes Shopping,NS
2025-11-07 00:00:00,AGE_55_100,2700,2.99,0.0,2,4.04,8.08,0.07,0.0,0,Nacoes Shopping,NS
2025-11-08 00:00:00,AGE_18_24,6993,2.45,0.0,3,5.71,17.12,0.04,0.0,0,Nacoes Shopping,NS
2025-11-08 00:00:00,AGE_25_34,4750,2.91,0.0,5,2.77,13.84,0.11,0.0,0,Nacoes Shopping,NS
2025-11-08 00:00:00,AGE_35_44,2521,2.57,0.0,4,1.62,6.48,0.16,0.0,0,Nacoes Shopping,NS
2025-11-08 00:00:00,AGE_45_54,1757,2.23,0.0,2,1.96,3.91,0.11,0.0,0,Nacoes Shopping,NS
2025-11-08 00:00:00,AGE_55_100,1864,2.58,0.0,1,4.81,4.81,0.05,0.0,0,Nacoes Shopping,NS
2025-11-09 00:00:00,AGE_18_24,5858,2.55,0.0,3,4.97,14.91,0.05,0.0,0,Nacoes Shopping,NS
2025-11-09 00:00:00,AGE_25_34,4114,2.79,0.0,1,11.48,11.48,0.02,0.0,0,Nacoes Shopping,NS
2025-11-09 00:00:00,AGE_35_44,2178,3.03,0.0,1,6.61,6.61,0.05,0.0,0,Nacoes Shopping,NS
2025-11-09 00:00:00,AGE_45_54,1420,2.35,0.0,0,0.0,3.34,0.0,0.0,0,Nacoes Shopping,NS
2025-11-09 00:00:00,AGE_55_100,1501,2.56,0.0,0,0.0,3.85,0.0,0.0,0,Nacoes Shopping,NS
2025-11-10 00:00:00,AGE_18_24,5825,2.75,0.0,5,3.2,16.01,0.09,0.0,0,Nacoes Shopping,NS
2025-11-10 00:00:00,AGE_25_34,3937,2.81,0.0,3,3.68,11.05,0.08,0.0,0,Nacoes Shopping,NS
2025-11-10 00:00:00,AGE_35_44,2019,2.73,0.0,0,0.0,5.51,0.0,0.0,0,Nacoes Shopping,NS
2025-11-10 00:00:00,AGE_45_54,1412,2.71,0.0,1,3.83,3.83,0.07,0.0,0,Nacoes Shopping,NS
2025-11-10 00:00:00,AGE_55_100,1487,3.42,0.0,0,0.0,5.08,0.0,0.0,0,Nacoes Shopping,NS
2025-11-11 00:00:00,NONE,0,0.0,0.0,0,0.0,0.0,0.0,0.0,0,Nacoes Shopping,NS
2025-11-11 00:00:00,AGE_18_24,7308,4.46,0.0,351,0.09,32.58,4.8,0.0,0,Nacoes Shopping,NS
2025-11-11 00:00:00,AGE_25_34,4314,3.94,0.0,131,0.13,17.0,3.04,0.0,0,Nacoes Shopping,NS
2025-11-11 00:00:00,AGE_35_44,3480,4.8,0.0,179,0.09,16.7,5.14,0.0,0,Nacoes Shopping,NS
2025-11-11 00:00:00,AGE_45_54,2552,4.66,0.0,147,0.08,11.89,5.76,0.0,0,Nacoes Shopping,NS
2025-11-11 00:00:00,AGE_55_100,2208,3.63,0.0,67,0.12,8.01,3.03,0.0,0,Nacoes Shopping,NS
2025-11-12 00:00:00,NONE,1,0.0,0.0,0,0.0,0.0,0.0,0.0,0,Nacoes Shopping,NS
2025-11-12 00:00:00,AGE_18_24,7007,4.09,0.0,344,0.08,28.65,4.91,0.0,0,Nacoes Shopping,NS
2025-11-12 00:00:00,AGE_25_34,3793,3.98,0.0,136,0.11,15.11,3.59,0.0,0,Nacoes Shopping,NS
2025-11-12 00:00:00,AGE_35_44,3069,4.37,0.0,170,0.08,13.42,5.54,0.0,0,Nacoes Shopping,NS
2025-11-12 00:00:00,AGE_45_54,2317,6.25,0.0,180,0.08,14.48,7.77,0.0,0,Nacoes Shopping,NS
2025-11-12 00:00:00,AGE_55_100,2614,3.31,0.0,107,0.08,8.65,4.09,0.0,0,Nacoes Shopping,NS
2025-11-13 00:00:00,NONE,3,13.33,0.0,1,0.04,0.04,33.33,0.0,0,Nacoes Shopping,NS
2025-11-13 00:00:00,AGE_18_24,6508,5.04,0.0,490,0.07,32.79,7.53,0.0,0,Nacoes Shopping,NS
2025-11-13 00:00:00,AGE_25_34,3875,4.5,0.0,185,0.09,17.44,4.77,0.0,0,Nacoes Shopping,NS
2025-11-13 00:00:00,AGE_35_44,3236,4.9,0.0,230,0.07,15.86,7.11,0.0,0,Nacoes Shopping,NS
2025-11-13 00:00:00,AGE_45_54,2331,5.02,0.0,194,0.06,11.71,8.32,0.0,0,Nacoes Shopping,NS
2025-11-13 00:00:00,AGE_55_100,2391,4.15,0.0,127,0.08,9.93,5.31,0.0,0,Nacoes Shopping,NS
2025-11-14 00:00:00,NONE,2,5.0,0.0,0,0.0,0.01,0.0,0.0,0,Nacoes Shopping,NS
2025-11-14 00:00:00,AGE_18_24,6182,5.24,0.0,499,0.06,32.38,8.07,0.0,0,Nacoes Shopping,NS
2025-11-14 00:00:00,AGE_25_34,3791,4.64,0.0,191,0.09,17.59,5.04,0.0,0,Nacoes Shopping,NS
2025-11-14 00:00:00,AGE_35_44,2758,6.57,0.0,236,0.08,18.13,8.56,0.0,0,Nacoes Shopping,NS
2025-11-14 00:00:00,AGE_45_54,2175,6.23,0.0,272,0.05,13.54,12.51,0.0,0,Nacoes Shopping,NS
2025-11-14 00:00:00,AGE_55_100,2049,4.27,0.0,136,0.06,8.74,6.64,0.0,0,Nacoes Shopping,NS
2025-11-15 00:00:00,NONE,11,7.27,0.0,2,0.04,0.08,18.18,0.0,0,Nacoes Shopping,NS
2025-11-15 00:00:00,AGE_18_24,6128,4.63,0.0,296,0.1,28.38,4.83,0.0,0,Nacoes Shopping,NS
2025-11-15 00:00:00,AGE_25_34,3826,3.78,0.0,85,0.17,14.48,2.22,0.0,0,Nacoes Shopping,NS
2025-11-15 00:00:00,AGE_35_44,2911,5.32,0.0,144,0.11,15.49,4.95,0.0,0,Nacoes Shopping,NS
2025-11-15 00:00:00,AGE_45_54,1924,4.12,0.0,115,0.07,7.92,5.98,0.0,0,Nacoes Shopping,NS
2025-11-15 00:00:00,AGE_55_100,2121,5.05,0.0,114,0.09,10.72,5.37,0.0,0,Nacoes Shopping,NS
2025-11-16 00:00:00,NONE,0,0.0,0.0,0,0.0,0.0,0.0,0.0,0,Nacoes Shopping,NS
2025-11-16 00:00:00,AGE_18_24,6353,4.65,0.0,394,0.08,29.55,6.2,0.0,0,Nacoes Shopping,NS
2025-11-16 00:00:00,AGE_25_34,3781,4.02,0.0,145,0.1,15.21,3.83,0.0,0,Nacoes Shopping,NS
2025-11-16 00:00:00,AGE_35_44,2974,4.96,0.0,156,0.09,14.74,5.25,0.0,0,Nacoes Shopping,NS
2025-11-16 00:00:00,AGE_45_54,1923,6.28,0.0,239,0.05,12.07,12.43,0.0,0,Nacoes Shopping,NS
2025-11-16 00:00:00,AGE_55_100,1814,5.08,0.0,124,0.07,9.22,6.84,0.0,0,Nacoes Shopping,NS
2025-11-17 00:00:00,NONE,0,0.0,0.0,0,0.0,0.01,0.0,0.0,0,Nacoes Shopping,NS
2025-11-17 00:00:00,AGE_18_24,5734,4.58,0.0,336,0.08,26.29,5.86,0.0,0,Nacoes Shopping,NS
2025-11-17 00:00:00,AGE_25_34,3612,4.39,0.0,140,0.11,15.87,3.88,0.0,0,Nacoes Shopping,NS
2025-11-17 00:00:00,AGE_35_44,2648,4.61,0.0,153,0.08,12.21,5.78,0.0,0,Nacoes Shopping,NS
2025-11-17 00:00:00,AGE_45_54,2159,5.76,0.0,256,0.05,12.43,11.86,0.0,0,Nacoes Shopping,NS
2025-11-17 00:00:00,AGE_55_100,1918,5.43,0.0,152,0.07,10.42,7.92,0.0,0,Nacoes Shopping,NS
2025-11-18 00:00:00,NONE,0,0.0,0.0,0,0.0,0.0,0.0,0.0,0,Nacoes Shopping,NS
2025-11-18 00:00:00,AGE_18_24,5324,4.91,0.0,201,0.13,26.15,3.78,0.0,0,Nacoes Shopping,NS
2025-11-18 00:00:00,AGE_25_34,3519,4.12,0.0,74,0.2,14.51,2.1,0.0,0,Nacoes Shopping,NS
2025-11-18 00:00:00,AGE_35_44,2341,4.48,0.0,94,0.11,10.48,4.02,0.0,0,Nacoes Shopping,NS
2025-11-18 00:00:00,AGE_45_54,1595,5.97,0.0,113,0.08,9.53,7.08,0.0,0,Nacoes Shopping,NS
2025-11-18 00:00:00,AGE_55_100,2321,5.71,0.0,142,0.09,13.26,6.12,0.0,0,Nacoes Shopping,NS
2025-11-19 00:00:00,NONE,1,0.0,0.0,0,0.0,0.0,0.0,0.0,0,Nacoes Shopping,NS
2025-11-19 00:00:00,AGE_18_24,5637,5.17,0.0,333,0.09,29.14,5.91,0.0,0,Nacoes Shopping,NS
2025-11-19 00:00:00,AGE_25_34,3107,5.41,0.0,143,0.12,16.81,4.6,0.0,0,Nacoes Shopping,NS
2025-11-19 00:00:00,AGE_35_44,2095,5.08,0.0,109,0.1,10.65,5.2,0.0,0,Nacoes Shopping,NS
2025-11-19 00:00:00,AGE_45_54,1903,6.33,0.0,196,0.06,12.05,10.3,0.0,0,Nacoes Shopping,NS
2025-11-19 00:00:00,AGE_55_100,1756,4.9,0.0,105,0.08,8.6,5.98,0.0,0,Nacoes Shopping,NS
2025-11-20 00:00:00,NONE,0,0.0,0.0,0,0.0,0.0,0.0,0.0,0,Nacoes Shopping,NS
2025-11-20 00:00:00,AGE_18_24,5798,4.57,0.0,293,0.09,26.5,5.05,0.0,0,Nacoes Shopping,NS
2025-11-20 00:00:00,AGE_25_34,3412,4.3,0.0,132,0.11,14.66,3.87,0.0,0,Nacoes Shopping,NS
2025-11-20 00:00:00,AGE_35_44,2190,5.22,0.0,135,0.08,11.44,6.16,0.0,0,Nacoes Shopping,NS
2025-11-20 00:00:00,AGE_45_54,2195,5.64,0.0,229,0.05,12.38,10.43,0.0,0,Nacoes Shopping,NS
2025-11-20 00:00:00,AGE_55_100,1726,5.51,0.0,81,0.12,9.51,4.69,0.0,0,Nacoes Shopping,NS
2025-11-21 00:00:00,NONE,0,0.0,0.0,0,0.0,0.0,0.0,0.0,0,Nacoes Shopping,NS
2025-11-21 00:00:00,AGE_18_24,5801,4.32,0.0,322,0.08,25.08,5.55,0.0,0,Nacoes Shopping,NS
2025-11-21 00:00:00,AGE_25_34,3338,4.04,0.0,110,0.12,13.49,3.3,0.0,0,Nacoes Shopping,NS
2025-11-21 00:00:00,AGE_35_44,2381,4.51,0.0,155,0.07,10.73,6.51,0.0,0,Nacoes Shopping,NS
2025-11-21 00:00:00,AGE_45_54,1857,5.47,0.0,174,0.06,10.15,9.37,0.0,0,Nacoes Shopping,NS
2025-11-21 00:00:00,AGE_55_100,1629,3.88,0.0,68,0.09,6.32,4.17,0.0,0,Nacoes Shopping,NS
2025-11-22 00:00:00,NONE,1,10.0,0.0,0,0.0,0.01,0.0,0.0,0,Nacoes Shopping,NS
2025-11-22 00:00:00,AGE_18_24,5329,4.4,0.0,291,0.08,23.44,5.46,0.0,0,Nacoes Shopping,NS
2025-11-22 00:00:00,AGE_25_34,3522,3.91,0.0,141,0.1,13.77,4.0,0.0,0,Nacoes Shopping,NS
2025-11-22 00:00:00,AGE_35_44,2214,4.93,0.0,150,0.07,10.91,6.78,0.0,0,Nacoes Shopping,NS
2025-11-22 00:00:00,AGE_45_54,2033,5.31,0.0,215,0.05,10.8,10.58,0.0,0,Nacoes Shopping,NS
2025-11-22 00:00:00,AGE_55_100,1619,3.38,0.0,46,0.12,5.47,2.84,0.0,0,Nacoes Shopping,NS
2025-11-23 00:00:00,NONE,2,0.0,0.0,0,0.0,0.0,0.0,0.0,0,Nacoes Shopping,NS
2025-11-23 00:00:00,AGE_18_24,5956,4.02,0.0,332,0.07,23.97,5.57,0.0,0,Nacoes Shopping,NS
2025-11-23 00:00:00,AGE_25_34,3776,3.77,0.0,160,0.09,14.23,4.24,0.0,0,Nacoes Shopping,NS
2025-11-23 00:00:00,AGE_35_44,2750,3.62,0.0,129,0.08,9.96,4.69,0.0,0,Nacoes Shopping,NS
2025-11-23 00:00:00,AGE_45_54,2155,5.31,0.0,213,0.05,11.45,9.88,0.0,0,Nacoes Shopping,NS
2025-11-23 00:00:00,AGE_55_100,1750,3.41,0.0,66,0.09,5.97,3.77,0.0,0,Nacoes Shopping,NS
2025-11-24 00:00:00,NONE,1,0.0,0.0,0,0.0,0.0,0.0,0.0,0,Nacoes Shopping,NS
2025-11-24 00:00:00,AGE_18_24,4547,4.82,0.0,289,0.08,21.9,6.36,0.0,0,Nacoes Shopping,NS
2025-11-24 00:00:00,AGE_25_34,2905,4.61,0.0,150,0.09,13.4,5.16,0.0,0,Nacoes Shopping,NS
2025-11-24 00:00:00,AGE_35_44,2125,4.56,0.0,134,0.07,9.69,6.31,0.0,0,Nacoes Shopping,NS
2025-11-24 00:00:00,AGE_45_54,1685,6.44,0.0,199,0.05,10.85,11.81,0.0,0,Nacoes Shopping,NS
2025-11-24 00:00:00,AGE_55_100,1691,3.83,0.0,78,0.08,6.48,4.61,0.0,0,Nacoes Shopping,NS
2025-11-25 00:00:00,NONE,0,0.0,0.0,0,0.0,0.0,0.0,0.0,0,Nacoes Shopping,NS
2025-11-25 00:00:00,AGE_18_24,11251,3.35,0.0,272,0.14,37.74,2.42,0.0,0,Nacoes Shopping,NS
2025-11-25 00:00:00,AGE_25_34,6867,3.65,0.0,127,0.2,25.09,1.85,0.0,0,Nacoes Shopping,NS
2025-11-25 00:00:00,AGE_35_44,4211,3.83,0.0,117,0.14,16.13,2.78,0.0,0,Nacoes Shopping,NS
2025-11-25 00:00:00,AGE_45_54,3526,4.23,0.0,182,0.08,14.9,5.16,0.0,0,Nacoes Shopping,NS
2025-11-25 00:00:00,AGE_55_100,3420,3.26,0.0,92,0.12,11.14,2.69,0.0,0,Nacoes Shopping,NS
2025-11-26 00:00:00,NONE,1,0.0,0.0,0,0.0,0.0,0.0,0.0,0,Nacoes Shopping,NS
2025-11-26 00:00:00,AGE_18_24,13391,3.14,0.0,271,0.16,42.04,2.02,0.0,0,Nacoes Shopping,NS
2025-11-26 00:00:00,AGE_25_34,9399,3.42,0.0,153,0.21,32.13,1.63,0.0,0,Nacoes Shopping,NS
2025-11-26 00:00:00,AGE_35_44,4755,3.99,0.0,174,0.11,18.96,3.66,0.0,0,Nacoes Shopping,NS
2025-11-26 00:00:00,AGE_45_54,4088,3.92,0.0,155,0.1,16.01,3.79,0.0,0,Nacoes Shopping,NS
2025-11-26 00:00:00,AGE_55_100,4117,2.78,0.0,58,0.2,11.44,1.41,0.0,0,Nacoes Shopping,NS
2025-11-27 00:00:00,NONE,1,0.0,0.0,0,0.0,0.0,0.0,0.0,0,Nacoes Shopping,NS
2025-11-27 00:00:00,AGE_18_24,12371,3.72,0.0,223,0.21,46.06,1.8,0.0,0,Nacoes Shopping,NS
2025-11-27 00:00:00,AGE_25_34,9734,3.78,0.0,110,0.33,36.77,1.13,0.0,0,Nacoes Shopping,NS
2025-11-27 00:00:00,AGE_35_44,4573,4.03,0.0,127,0.14,18.41,2.78,0.0,0,Nacoes Shopping,NS
2025-11-27 00:00:00,AGE_45_54,4005,4.32,0.0,169,0.1,17.29,4.22,0.0,0,Nacoes Shopping,NS
2025-11-27 00:00:00,AGE_55_100,4217,3.17,0.0,67,0.2,13.37,1.59,0.0,0,Nacoes Shopping,NS
2025-11-28 00:00:00,NONE,2,25.0,0.0,1,0.05,0.05,50.0,0.0,0,Nacoes Shopping,NS
2025-11-28 00:00:00,AGE_18_24,11234,3.96,0.0,252,0.18,44.53,2.24,0.0,0,Nacoes Shopping,NS
2025-11-28 00:00:00,AGE_25_34,7871,4.2,0.0,131,0.25,33.03,1.66,0.0,0,Nacoes Shopping,NS
2025-11-28 00:00:00,AGE_35_44,4492,4.14,0.0,98,0.19,18.61,2.18,0.0,0,Nacoes Shopping,NS
2025-11-28 00:00:00,AGE_45_54,3419,4.78,0.0,155,0.11,16.33,4.53,0.0,0,Nacoes Shopping,NS
2025-11-28 00:00:00,AGE_55_100,3409,3.91,0.0,79,0.17,13.33,2.32,0.0,0,Nacoes Shopping,NS
2025-11-29 00:00:00,NONE,2,0.0,0.0,0,0.0,0.0,0.0,0.0,0,Nacoes Shopping,NS
2025-11-29 00:00:00,AGE_18_24,12406,3.63,0.0,291,0.15,45.02,2.35,0.0,0,Nacoes Shopping,NS
2025-11-29 00:00:00,AGE_25_34,8087,4.14,0.0,150,0.22,33.45,1.85,0.0,0,Nacoes Shopping,NS
2025-11-29 00:00:00,AGE_35_44,5273,3.69,0.0,95,0.2,19.47,1.8,0.0,0,Nacoes Shopping,NS
2025-11-29 00:00:00,AGE_45_54,3217,3.79,0.0,102,0.12,12.2,3.17,0.0,0,Nacoes Shopping,NS
2025-11-29 00:00:00,AGE_55_100,4044,4.57,0.0,246,0.08,18.49,6.08,0.0,0,Nacoes Shopping,NS
2025-11-30 00:00:00,NONE,0,0.0,0.0,0,0.0,0.0,0.0,0.0,0,Nacoes Shopping,NS
2025-11-30 00:00:00,AGE_18_24,7234,3.72,0.0,272,0.1,26.88,3.76,0.0,0,Nacoes Shopping,NS
2025-11-30 00:00:00,AGE_25_34,4321,3.77,0.0,131,0.12,16.28,3.03,0.0,0,Nacoes Shopping,NS
2025-11-30 00:00:00,AGE_35_44,2674,4.42,0.0,95,0.12,11.83,3.55,0.0,0,Nacoes Shopping,NS
2025-11-30 00:00:00,AGE_45_54,2759,5.67,0.0,399,0.04,15.63,14.46,0.0,0,Nacoes Shopping,NS
2025-11-30 00:00:00,AGE_55_100,2434,3.73,0.0,118,0.08,9.07,4.85,0.0,0,Nacoes Shopping,NS
2025-12-01 00:00:00,NONE,1,20.0,0.0,0,0.0,0.02,0.0,0.0,0,Nacoes Shopping,NS
2025-12-01 00:00:00,AGE_18_24,6191,3.28,0.0,215,0.09,20.3,3.47,0.0,0,Nacoes Shopping,NS
2025-12-01 00:00:00,AGE_25_34,3813,3.75,0.0,124,0.12,14.3,3.25,0.0,0,Nacoes Shopping,NS
2025-12-01 00:00:00,AGE_35_44,3430,3.41,0.0,126,0.09,11.69,3.67,0.0,0,Nacoes Shopping,NS
2025-12-01 00:00:00,AGE_45_54,2420,4.38,0.0,215,0.05,10.6,8.88,0.0,0,Nacoes Shopping,NS
2025-12-01 00:00:00,AGE_55_100,3754,3.26,0.0,288,0.04,12.22,7.67,0.0,0,Nacoes Shopping,NS
2025-12-02 00:00:00,NONE,1,0.0,0.0,0,0.0,0.0,0.0,0.0,0,Nacoes Shopping,NS
2025-12-02 00:00:00,AGE_18_24,6379,3.18,0.0,193,0.1,20.26,3.03,0.0,0,Nacoes Shopping,NS
2025-12-02 00:00:00,AGE_25_34,4340,3.31,0.0,91,0.16,14.38,2.1,0.0,0,Nacoes Shopping,NS
2025-12-02 00:00:00,AGE_35_44,3463,4.08,0.0,205,0.07,14.12,5.92,0.0,0,Nacoes Shopping,NS
2025-12-02 00:00:00,AGE_45_54,2453,4.96,0.0,260,0.05,12.17,10.6,0.0,0,Nacoes Shopping,NS
2025-12-02 00:00:00,AGE_55_100,3079,3.84,0.0,291,0.04,11.82,9.45,0.0,0,Nacoes Shopping,NS
2025-12-03 00:00:00,NONE,0,0.0,0.0,0,0.0,0.0,0.0,0.0,0,Nacoes Shopping,NS
2025-12-03 00:00:00,AGE_18_24,8061,2.9,0.0,208,0.11,23.37,2.58,0.0,0,Nacoes Shopping,NS
2025-12-03 00:00:00,AGE_25_34,5511,3.0,0.0,132,0.13,16.56,2.4,0.0,0,Nacoes Shopping,NS
2025-12-03 00:00:00,AGE_35_44,3554,2.93,0.0,102,0.1,10.4,2.87,0.0,0,Nacoes Shopping,NS
2025-12-03 00:00:00,AGE_45_54,3288,4.4,0.0,312,0.05,14.46,9.49,0.0,0,Nacoes Shopping,NS
2025-12-03 00:00:00,AGE_55_100,3406,3.38,0.0,270,0.04,11.5,7.93,0.0,0,Nacoes Shopping,NS
2025-12-04 00:00:00,NONE,0,0.0,0.0,0,0.0,0.0,0.0,0.0,0,Nacoes Shopping,NS
2025-12-04 00:00:00,AGE_18_24,11007,2.9,0.0,303,0.11,31.9,2.75,0.0,0,Nacoes Shopping,NS
2025-12-04 00:00:00,AGE_25_34,6066,3.36,0.0,160,0.13,20.41,2.64,0.0,0,Nacoes Shopping,NS
2025-12-04 00:00:00,AGE_35_44,5188,2.95,0.0,168,0.09,15.31,3.24,0.0,0,Nacoes Shopping,NS
2025-12-04 00:00:00,AGE_45_54,3397,3.61,0.0,213,0.06,12.26,6.27,0.0,0,Nacoes Shopping,NS
2025-12-04 00:00:00,AGE_55_100,3550,3.17,0.0,193,0.06,11.26,5.44,0.0,0,Nacoes Shopping,NS
2025-12-05 00:00:00,NONE,0,0.0,0.0,0,0.0,0.02,0.0,0.0,0,Nacoes Shopping,NS
2025-12-05 00:00:00,AGE_18_24,10999,3.17,0.0,306,0.11,34.86,2.78,0.0,0,Nacoes Shopping,NS
2025-12-05 00:00:00,AGE_25_34,5849,3.33,0.0,105,0.19,19.48,1.8,0.0,0,Nacoes Shopping,NS
2025-12-05 00:00:00,AGE_35_44,4411,3.13,0.0,116,0.12,13.81,2.63,0.0,0,Nacoes Shopping,NS
2025-12-05 00:00:00,AGE_45_54,3029,3.65,0.0,174,0.06,11.05,5.74,0.0,0,Nacoes Shopping,NS
2025-12-05 00:00:00,AGE_55_100,3520,3.47,0.0,204,0.06,12.22,5.8,0.0,0,Nacoes Shopping,NS
2025-12-06 00:00:00,NONE,2,10.0,0.0,0,0.0,0.02,0.0,0.0,0,Nacoes Shopping,NS
2025-12-06 00:00:00,AGE_18_24,10497,3.57,0.0,350,0.11,37.52,3.33,0.0,0,Nacoes Shopping,NS
2025-12-06 00:00:00,AGE_25_34,5549,3.61,0.0,129,0.16,20.02,2.32,0.0,0,Nacoes Shopping,NS
2025-12-06 00:00:00,AGE_35_44,4056,3.61,0.0,109,0.13,14.66,2.69,0.0,0,Nacoes Shopping,NS
2025-12-06 00:00:00,AGE_45_54,2703,4.36,0.0,193,0.06,11.79,7.14,0.0,0,Nacoes Shopping,NS
2025-12-06 00:00:00,AGE_55_100,3226,4.11,0.0,237,0.06,13.26,7.35,0.0,0,Nacoes Shopping,NS
2025-12-07 00:00:00,NONE,0,0.0,0.0,0,0.0,0.0,0.0,0.0,0,Nacoes Shopping,NS
2025-12-07 00:00:00,AGE_18_24,10398,3.43,0.0,250,0.14,35.62,2.4,0.0,0,Nacoes Shopping,NS
2025-12-07 00:00:00,AGE_25_34,5658,3.78,0.0,110,0.19,21.41,1.94,0.0,0,Nacoes Shopping,NS
2025-12-07 00:00:00,AGE_35_44,4007,3.38,0.0,103,0.13,13.56,2.57,0.0,0,Nacoes Shopping,NS
2025-12-07 00:00:00,AGE_45_54,3037,3.8,0.0,205,0.06,11.54,6.75,0.0,0,Nacoes Shopping,NS
2025-12-07 00:00:00,AGE_55_100,3215,3.79,0.0,180,0.07,12.2,5.6,0.0,0,Nacoes Shopping,NS
2025-12-08 00:00:00,NONE,3,0.0,0.0,0,0.0,0.0,0.0,0.0,0,Nacoes Shopping,NS
2025-12-08 00:00:00,AGE_18_24,11785,3.33,0.0,364,0.11,39.27,3.09,0.0,0,Nacoes Shopping,NS
2025-12-08 00:00:00,AGE_25_34,6255,3.31,0.0,128,0.16,20.73,2.05,0.0,0,Nacoes Shopping,NS
2025-12-08 00:00:00,AGE_35_44,4422,3.36,0.0,137,0.11,14.85,3.1,0.0,0,Nacoes Shopping,NS
2025-12-08 00:00:00,AGE_45_54,3486,3.49,0.0,207,0.06,12.17,5.94,0.0,0,Nacoes Shopping,NS
2025-12-08 00:00:00,AGE_55_100,3438,3.61,0.0,221,0.06,12.42,6.43,0.0,0,Nacoes Shopping,NS
2025-12-09 00:00:00,NONE,3,0.0,0.0,0,0.0,0.0,0.0,0.0,0,Nacoes Shopping,NS
2025-12-09 00:00:00,AGE_18_24,11618,2.85,0.0,332,0.1,33.11,2.86,0.0,0,Nacoes Shopping,NS
2025-12-09 00:00:00,AGE_25_34,7072,2.85,0.0,127,0.16,20.13,1.8,0.0,0,Nacoes Shopping,NS
2025-12-09 00:00:00,AGE_35_44,4871,3.17,0.0,127,0.12,15.45,2.61,0.0,0,Nacoes Shopping,NS
2025-12-09 00:00:00,AGE_45_54,3458,3.13,0.0,156,0.07,10.82,4.51,0.0,0,Nacoes Shopping,NS
2025-12-09 00:00:00,AGE_55_100,3650,4.02,0.0,285,0.05,14.67,7.81,0.0,0,Nacoes Shopping,NS
2025-12-10 00:00:00,NONE,1,0.0,0.0,0,0.0,0.0,0.0,0.0,0,Nacoes Shopping,NS
2025-12-10 00:00:00,AGE_18_24,12028,2.86,0.0,212,0.16,34.4,1.76,0.0,0,Nacoes Shopping,NS
2025-12-10 00:00:00,AGE_25_34,7238,3.23,0.0,102,0.23,23.4,1.41,0.0,0,Nacoes Shopping,NS
2025-12-10 00:00:00,AGE_35_44,4722,2.79,0.0,76,0.17,13.19,1.61,0.0,0,Nacoes Shopping,NS
2025-12-10 00:00:00,AGE_45_54,3304,3.51,0.0,175,0.07,11.59,5.3,0.0,0,Nacoes Shopping,NS
2025-12-10 00:00:00,AGE_55_100,3322,3.27,0.0,179,0.06,10.87,5.39,0.0,0,Nacoes Shopping,NS
2025-12-11 00:00:00,NONE,8,5.0,0.0,0,0.0,0.04,0.0,0.0,0,Nacoes Shopping,NS
2025-12-11 00:00:00,AGE_18_24,11359,3.19,0.0,231,0.16,36.23,2.03,0.0,0,Nacoes Shopping,NS
2025-12-11 00:00:00,AGE_25_34,6364,3.32,0.0,113,0.19,21.1,1.78,0.0,0,Nacoes Shopping,NS
2025-12-11 00:00:00,AGE_35_44,4586,3.22,0.0,103,0.14,14.76,2.25,0.0,0,Nacoes Shopping,NS
2025-12-11 00:00:00,AGE_45_54,3080,3.0,0.0,108,0.09,9.23,3.51,0.0,0,Nacoes Shopping,NS
2025-12-11 00:00:00,AGE_55_100,3418,3.84,0.0,212,0.06,13.13,6.2,0.0,0,Nacoes Shopping,NS
2025-12-12 00:00:00,NONE,9,5.56,0.0,0,0.0,0.05,0.0,0.0,0,Nacoes Shopping,NS
2025-12-12 00:00:00,AGE_18_24,11247,3.05,0.0,320,0.11,34.27,2.85,0.0,0,Nacoes Shopping,NS
2025-12-12 00:00:00,AGE_25_34,6032,3.39,0.0,137,0.15,20.46,2.27,0.0,0,Nacoes Shopping,NS
2025-12-12 00:00:00,AGE_35_44,4580,3.89,0.0,209,0.09,17.8,4.56,0.0,0,Nacoes Shopping,NS
2025-12-12 00:00:00,AGE_45_54,2647,3.85,0.0,156,0.07,10.18,5.89,0.0,0,Nacoes Shopping,NS
2025-12-12 00:00:00,AGE_55_100,4499,4.22,0.0,436,0.04,18.97,9.69,0.0,0,Nacoes Shopping,NS
2025-12-13 00:00:00,NONE,10,4.0,0.0,0,0.0,0.04,0.0,0.0,0,Nacoes Shopping,NS
2025-12-13 00:00:00,AGE_18_24,11519,2.78,0.0,258,0.12,32.04,2.24,0.0,0,Nacoes Shopping,NS
2025-12-13 00:00:00,AGE_25_34,6448,3.26,0.0,119,0.18,21.02,1.85,0.0,0,Nacoes Shopping,NS
2025-12-13 00:00:00,AGE_35_44,5141,3.01,0.0,163,0.09,15.45,3.17,0.0,0,Nacoes Shopping,NS
2025-12-13 00:00:00,AGE_45_54,3177,3.63,0.0,181,0.06,11.54,5.7,0.0,0,Nacoes Shopping,NS
2025-12-13 00:00:00,AGE_55_100,3684,3.38,0.0,216,0.06,12.45,5.86,0.0,0,Nacoes Shopping,NS
2025-12-14 00:00:00,NONE,5,2.0,0.0,0,0.0,0.01,0.0,0.0,0,Nacoes Shopping,NS
2025-12-14 00:00:00,AGE_18_24,11534,2.88,0.0,318,0.1,33.21,2.76,0.0,0,Nacoes Shopping,NS
2025-12-14 00:00:00,AGE_25_34,6989,2.93,0.0,156,0.13,20.5,2.23,0.0,0,Nacoes Shopping,NS
2025-12-14 00:00:00,AGE_35_44,4719,2.95,0.0,137,0.1,13.94,2.9,0.0,0,Nacoes Shopping,NS
2025-12-14 00:00:00,AGE_45_54,3136,3.27,0.0,175,0.06,10.24,5.58,0.0,0,Nacoes Shopping,NS
2025-12-14 00:00:00,AGE_55_100,4200,3.49,0.0,356,0.04,14.67,8.48,0.0,0,Nacoes Shopping,NS
2025-12-15 00:00:00,NONE,14,4.29,0.0,0,0.0,0.06,0.0,0.0,0,Nacoes Shopping,NS
2025-12-15 00:00:00,AGE_18_24,12354,2.82,0.0,342,0.1,34.9,2.77,0.0,0,Nacoes Shopping,NS
2025-12-15 00:00:00,AGE_25_34,7324,2.84,0.0,119,0.17,20.77,1.62,0.0,0,Nacoes Shopping,NS
2025-12-15 00:00:00,AGE_35_44,4572,2.66,0.0,109,0.11,12.16,2.38,0.0,0,Nacoes Shopping,NS
2025-12-15 00:00:00,AGE_45_54,3057,3.14,0.0,183,0.05,9.61,5.99,0.0,0,Nacoes Shopping,NS
2025-12-15 00:00:00,AGE_55_100,3100,3.41,0.0,211,0.05,10.56,6.81,0.0,0,Nacoes Shopping,NS
2025-12-16 00:00:00,NONE,4,10.0,0.0,0,0.0,0.04,0.0,0.0,0,Nacoes Shopping,NS
2025-12-16 00:00:00,AGE_18_24,11165,3.0,0.0,369,0.09,33.53,3.3,0.0,0,Nacoes Shopping,NS
2025-12-16 00:00:00,AGE_25_34,6596,2.94,0.0,98,0.2,19.36,1.49,0.0,0,Nacoes Shopping,NS
2025-12-16 00:00:00,AGE_35_44,4362,3.02,0.0,145,0.09,13.17,3.32,0.0,0,Nacoes Shopping,NS
2025-12-16 00:00:00,AGE_45_54,2357,3.33,0.0,110,0.07,7.86,4.67,0.0,0,Nacoes Shopping,NS
2025-12-16 00:00:00,AGE_55_100,3894,2.82,0.0,308,0.04,10.98,7.91,0.0,0,Nacoes Shopping,NS
2025-12-17 00:00:00,NONE,10,8.0,0.0,1,0.08,0.08,10.0,0.0,0,Nacoes Shopping,NS
2025-12-17 00:00:00,AGE_18_24,10975,2.92,0.0,278,0.12,32.02,2.53,0.0,0,Nacoes Shopping,NS
2025-12-17 00:00:00,AGE_25_34,6976,3.1,0.0,125,0.17,21.65,1.79,0.0,0,Nacoes Shopping,NS
2025-12-17 00:00:00,AGE_35_44,4813,2.87,0.0,164,0.08,13.81,3.41,0.0,0,Nacoes Shopping,NS
2025-12-17 00:00:00,AGE_45_54,2712,2.75,0.0,127,0.06,7.47,4.68,0.0,0,Nacoes Shopping,NS
2025-12-17 00:00:00,AGE_55_100,2654,3.18,0.0,144,0.06,8.45,5.43,0.0,0,Nacoes Shopping,NS
2025-12-18 00:00:00,NONE,13,4.62,0.0,0,0.0,0.06,0.0,0.0,0,Nacoes Shopping,NS
2025-12-18 00:00:00,AGE_18_24,9556,3.1,0.0,282,0.1,29.59,2.95,0.0,0,Nacoes Shopping,NS
2025-12-18 00:00:00,AGE_25_34,5800,3.5,0.0,159,0.13,20.32,2.74,0.0,0,Nacoes Shopping,NS
2025-12-18 00:00:00,AGE_35_44,4240,3.15,0.0,125,0.11,13.35,2.95,0.0,0,Nacoes Shopping,NS
2025-12-18 00:00:00,AGE_45_54,2395,3.65,0.0,147,0.06,8.74,6.14,0.0,0,Nacoes Shopping,NS
2025-12-18 00:00:00,AGE_55_100,3006,2.69,0.0,125,0.06,8.08,4.16,0.0,0,Nacoes Shopping,NS
2025-12-19 00:00:00,NONE,5,16.0,0.0,1,0.08,0.08,20.0,0.0,0,Nacoes Shopping,NS
2025-12-19 00:00:00,AGE_18_24,9759,3.21,0.0,344,0.09,31.32,3.52,0.0,0,Nacoes Shopping,NS
2025-12-19 00:00:00,AGE_25_34,5459,3.14,0.0,131,0.13,17.13,2.4,0.0,0,Nacoes Shopping,NS
2025-12-19 00:00:00,AGE_35_44,4077,3.41,0.0,134,0.1,13.92,3.29,0.0,0,Nacoes Shopping,NS
2025-12-19 00:00:00,AGE_45_54,3434,3.25,0.0,229,0.05,11.16,6.67,0.0,0,Nacoes Shopping,NS
2025-12-19 00:00:00,AGE_55_100,2997,3.14,0.0,157,0.06,9.42,5.24,0.0,0,Nacoes Shopping,NS
2025-12-20 00:00:00,NONE,10,4.0,0.0,1,0.04,0.04,10.0,0.0,0,Nacoes Shopping,NS
2025-12-20 00:00:00,AGE_18_24,9115,3.2,0.0,288,0.1,29.18,3.16,0.0,0,Nacoes Shopping,NS
2025-12-20 00:00:00,AGE_25_34,5493,3.24,0.0,115,0.15,17.78,2.09,0.0,0,Nacoes Shopping,NS
2025-12-20 00:00:00,AGE_35_44,3982,3.22,0.0,104,0.12,12.83,2.61,0.0,0,Nacoes Shopping,NS
2025-12-20 00:00:00,AGE_45_54,2548,4.41,0.0,174,0.06,11.24,6.83,0.0,0,Nacoes Shopping,NS
2025-12-20 00:00:00,AGE_55_100,3956,2.92,0.0,176,0.07,11.57,4.45,0.0,0,Nacoes Shopping,NS
2025-12-21 00:00:00,NONE,6,5.0,0.0,0,0.0,0.03,0.0,0.0,0,Nacoes Shopping,NS
2025-12-21 00:00:00,AGE_18_24,10660,2.91,0.0,306,0.1,31.03,2.87,0.0,0,Nacoes Shopping,NS
2025-12-21 00:00:00,AGE_25_34,6156,3.01,0.0,118,0.16,18.53,1.92,0.0,0,Nacoes Shopping,NS
2025-12-21 00:00:00,AGE_35_44,4933,2.82,0.0,133,0.1,13.91,2.7,0.0,0,Nacoes Shopping,NS
2025-12-21 00:00:00,AGE_45_54,2916,2.98,0.0,100,0.09,8.69,3.43,0.0,0,Nacoes Shopping,NS
2025-12-21 00:00:00,AGE_55_100,3320,3.13,0.0,142,0.07,10.38,4.28,0.0,0,Nacoes Shopping,NS
2025-12-22 00:00:00,NONE,6,5.0,0.0,0,0.0,0.03,0.0,0.0,0,Nacoes Shopping,NS
2025-12-22 00:00:00,AGE_18_24,10285,2.9,0.0,296,0.1,29.87,2.88,0.0,0,Nacoes Shopping,NS
2025-12-22 00:00:00,AGE_25_34,6228,2.58,0.0,87,0.18,16.05,1.4,0.0,0,Nacoes Shopping,NS
2025-12-22 00:00:00,AGE_35_44,3997,3.01,0.0,107,0.11,12.02,2.68,0.0,0,Nacoes Shopping,NS
2025-12-22 00:00:00,AGE_45_54,2599,4.09,0.0,197,0.05,10.63,7.58,0.0,0,Nacoes Shopping,NS
2025-12-22 00:00:00,AGE_55_100,3811,3.45,0.0,289,0.05,13.14,7.58,0.0,0,Nacoes Shopping,NS
2025-12-23 00:00:00,NONE,10,5.0,0.0,1,0.05,0.05,10.0,0.0,0,Nacoes Shopping,NS
2025-12-23 00:00:00,AGE_18_24,10258,2.88,0.0,213,0.14,29.54,2.08,0.0,0,Nacoes Shopping,NS
2025-12-23 00:00:00,AGE_25_34,5805,3.07,0.0,83,0.21,17.82,1.43,0.0,0,Nacoes Shopping,NS
2025-12-23 00:00:00,AGE_35_44,3885,2.98,0.0,80,0.14,11.58,2.06,0.0,0,Nacoes Shopping,NS
2025-12-23 00:00:00,AGE_45_54,2625,3.58,0.0,143,0.07,9.4,5.45,0.0,0,Nacoes Shopping,NS
2025-12-23 00:00:00,AGE_55_100,3292,4.1,0.0,259,0.05,13.49,7.87,0.0,0,Nacoes Shopping,NS
2025-12-24 00:00:00,NONE,5,2.0,0.0,0,0.0,0.01,0.0,0.0,0,Nacoes Shopping,NS
2025-12-24 00:00:00,AGE_18_24,11174,2.66,0.0,321,0.09,29.74,2.87,0.0,0,Nacoes Shopping,NS
2025-12-24 00:00:00,AGE_25_34,8241,2.44,0.0,120,0.17,20.11,1.46,0.0,0,Nacoes Shopping,NS
2025-12-24 00:00:00,AGE_35_44,4059,2.73,0.0,131,0.08,11.09,3.23,0.0,0,Nacoes Shopping,NS
2025-12-24 00:00:00,AGE_45_54,3345,2.92,0.0,171,0.06,9.77,5.11,0.0,0,Nacoes Shopping,NS
2025-12-24 00:00:00,AGE_55_100,3616,2.55,0.0,123,0.08,9.23,3.4,0.0,0,Nacoes Shopping,NS
2025-12-25 00:00:00,NONE,3,13.33,0.0,0,0.0,0.04,0.0,0.0,0,Nacoes Shopping,NS
2025-12-25 00:00:00,AGE_18_24,10431,2.48,0.0,350,0.07,25.85,3.36,0.0,0,Nacoes Shopping,NS
2025-12-25 00:00:00,AGE_25_34,8056,2.23,0.0,124,0.14,17.96,1.54,0.0,0,Nacoes Shopping,NS
2025-12-25 00:00:00,AGE_35_44,4379,2.55,0.0,126,0.09,11.15,2.88,0.0,0,Nacoes Shopping,NS
2025-12-25 00:00:00,AGE_45_54,3733,3.23,0.0,243,0.05,12.07,6.51,0.0,0,Nacoes Shopping,NS
2025-12-25 00:00:00,AGE_55_100,3998,2.98,0.0,219,0.05,11.92,5.48,0.0,0,Nacoes Shopping,NS
2025-12-26 00:00:00,NONE,9,5.56,0.0,1,0.05,0.05,11.11,0.0,0,Nacoes Shopping,NS
2025-12-26 00:00:00,AGE_18_24,11295,2.4,0.0,377,0.07,27.09,3.34,0.0,0,Nacoes Shopping,NS
2025-12-26 00:00:00,AGE_25_34,7979,2.32,0.0,118,0.16,18.54,1.48,0.0,0,Nacoes Shopping,NS
2025-12-26 00:00:00,AGE_35_44,4145,2.43,0.0,154,0.07,10.07,3.72,0.0,0,Nacoes Shopping,NS
2025-12-26 00:00:00,AGE_45_54,3771,2.98,0.0,249,0.05,11.23,6.6,0.0,0,Nacoes Shopping,NS
2025-12-26 00:00:00,AGE_55_100,3531,2.22,0.0,109,0.07,7.84,3.09,0.0,0,Nacoes Shopping,NS
2025-12-27 00:00:00,NONE,7,8.57,0.0,0,0.0,0.06,0.0,0.0,0,Nacoes Shopping,NS
2025-12-27 00:00:00,AGE_18_24,12413,2.52,0.0,558,0.06,31.34,4.5,0.0,0,Nacoes Shopping,NS
2025-12-27 00:00:00,AGE_25_34,8225,2.4,0.0,184,0.11,19.76,2.24,0.0,0,Nacoes Shopping,NS
2025-12-27 00:00:00,AGE_35_44,4855,2.47,0.0,215,0.06,12.0,4.43,0.0,0,Nacoes Shopping,NS
2025-12-27 00:00:00,AGE_45_54,4578,3.11,0.0,356,0.04,14.23,7.78,0.0,0,Nacoes Shopping,NS
2025-12-27 00:00:00,AGE_55_100,3495,2.33,0.0,118,0.07,8.13,3.38,0.0,0,Nacoes Shopping,NS
2025-12-28 00:00:00,NONE,17,5.88,0.0,0,0.0,0.1,0.0,0.0,0,Nacoes Shopping,NS
2025-12-28 00:00:00,AGE_18_24,11550,2.58,0.0,611,0.05,29.79,5.29,0.0,0,Nacoes Shopping,NS
2025-12-28 00:00:00,AGE_25_34,8124,2.3,0.0,185,0.1,18.69,2.28,0.0,0,Nacoes Shopping,NS
2025-12-28 00:00:00,AGE_35_44,4633,2.4,0.0,195,0.06,11.14,4.21,0.0,0,Nacoes Shopping,NS
2025-12-28 00:00:00,AGE_45_54,4145,2.87,0.0,301,0.04,11.88,7.26,0.0,0,Nacoes Shopping,NS
2025-12-28 00:00:00,AGE_55_100,3629,3.17,0.0,235,0.05,11.49,6.48,0.0,0,Nacoes Shopping,NS
2025-12-29 00:00:00,NONE,11,5.45,0.0,1,0.06,0.06,9.09,0.0,0,Nacoes Shopping,NS
2025-12-29 00:00:00,AGE_18_24,12186,2.44,0.0,640,0.05,29.69,5.25,0.0,0,Nacoes Shopping,NS
2025-12-29 00:00:00,AGE_25_34,8521,2.11,0.0,179,0.1,17.95,2.1,0.0,0,Nacoes Shopping,NS
2025-12-29 00:00:00,AGE_35_44,5357,2.14,0.0,236,0.05,11.47,4.41,0.0,0,Nacoes Shopping,NS
2025-12-29 00:00:00,AGE_45_54,4164,2.96,0.0,382,0.03,12.32,9.17,0.0,0,Nacoes Shopping,NS
2025-12-29 00:00:00,AGE_55_100,3337,2.36,0.0,141,0.06,7.88,4.23,0.0,0,Nacoes Shopping,NS
2025-12-30 00:00:00,NONE,8,1.25,0.0,0,0.0,0.01,0.0,0.0,0,Nacoes Shopping,NS
2025-12-30 00:00:00,AGE_18_24,10492,2.33,0.0,560,0.04,24.42,5.34,0.0,0,Nacoes Shopping,NS
2025-12-30 00:00:00,AGE_25_34,7623,2.35,0.0,216,0.08,17.92,2.83,0.0,0,Nacoes Shopping,NS
2025-12-30 00:00:00,AGE_35_44,4657,2.23,0.0,241,0.04,10.37,5.18,0.0,0,Nacoes Shopping,NS
2025-12-30 00:00:00,AGE_45_54,3684,3.18,0.0,373,0.03,11.7,10.12,0.0,0,Nacoes Shopping,NS
2025-12-30 00:00:00,AGE_55_100,2957,3.11,0.0,244,0.04,9.21,8.25,0.0,0,Nacoes Shopping,NS
2025-12-31 00:00:00,NONE,6,3.33,0.0,0,0.0,0.02,0.0,0.0,0,Nacoes Shopping,NS
2025-12-31 00:00:00,AGE_18_24,7520,2.16,0.0,328,0.05,16.27,4.36,0.0,0,Nacoes Shopping,NS
2025-12-31 00:00:00,AGE_25_34,6599,2.09,0.0,185,0.07,13.82,2.8,0.0,0,Nacoes Shopping,NS
2025-12-31 00:00:00,AGE_35_44,2969,2.24,0.0,130,0.05,6.65,4.38,0.0,0,Nacoes Shopping,NS
2025-12-31 00:00:00,AGE_45_54,2278,3.54,0.0,306,0.03,8.06,13.43,0.0,0,Nacoes Shopping,NS
2025-12-31 00:00:00,AGE_55_100,2282,2.38,0.0,145,0.04,5.44,6.35,0.0,0,Nacoes Shopping,NS
2026-01-01 00:00:00,NONE,7,0.0,0.0,0,0.0,0.0,0.0,0.0,0,Nacoes Shopping,NS
2026-01-01 00:00:00,AGE_18_24,12,0.0,0.0,2,0.0,0.0,16.67,0.0,0,Nacoes Shopping,NS
2026-01-01 00:00:00,AGE_25_34,13,0.0,0.0,1,0.0,0.0,7.69,0.0,0,Nacoes Shopping,NS
2026-01-01 00:00:00,AGE_35_44,7,0.0,0.0,0,0.0,0.0,0.0,0.0,0,Nacoes Shopping,NS
2026-01-01 00:00:00,AGE_45_54,9,0.0,0.0,1,0.0,0.0,11.11,0.0,0,Nacoes Shopping,NS
2026-01-01 00:00:00,AGE_55_100,6,0.0,0.0,0,0.0,0.0,0.0,0.0,0,Nacoes Shopping,NS
2026-01-02 00:00:00,NONE,3,0.0,0.0,0,0.0,0.0,0.0,0.0,0,Nacoes Shopping,NS
2026-01-02 00:00:00,AGE_25_34,1,0.0,0.0,1,0.0,0.0,100.0,0.0,0,Nacoes Shopping,NS
2026-01-02 00:00:00,AGE_45_54,1,0.0,0.0,1,0.0,0.0,100.0,0.0,0,Nacoes Shopping,NS
2026-01-02 00:00:00,AGE_55_100,0,0.0,0.0,0,0.0,0.0,0.0,0.0,0,Nacoes Shopping,NS
2026-01-03 00:00:00,NONE,2,0.0,0.0,0,0.0,0.0,0.0,0.0,0,Nacoes Shopping,NS
2026-01-03 00:00:00,AGE_25_34,0,0.0,0.0,0,0.0,0.0,0.0,0.0,0,Nacoes Shopping,NS
2026-01-03 00:00:00,AGE_35_44,0,0.0,0.0,0,0.0,0.0,0.0,0.0,0,Nacoes Shopping,NS
2026-01-03 00:00:00,AGE_45_54,1,0.0,0.0,0,0.0,0.0,0.0,0.0,0,Nacoes Shopping,NS
2026-01-04 00:00:00,NONE,4,0.0,0.0,0,0.0,0.0,0.0,0.0,0,Nacoes Shopping,NS
2026-01-04 00:00:00,AGE_18_24,0,0.0,0.0,0,0.0,0.0,0.0,0.0,0,Nacoes Shopping,NS
2026-01-04 00:00:00,AGE_25_34,2,0.0,0.0,0,0.0,0.0,0.0,0.0,0,Nacoes Shopping,NS
2026-01-04 00:00:00,AGE_35_44,0,0.0,0.0,0,0.0,0.0,0.0,0.0,0,Nacoes Shopping,NS
2026-01-05 00:00:00,NONE,7,0.0,0.0,0,0.0,0.0,0.0,0.0,0,Nacoes Shopping,NS
2026-01-05 00:00:00,AGE_18_24,0,0.0,0.0,0,0.0,0.0,0.0,0.0,0,Nacoes Shopping,NS
2026-01-05 00:00:00,AGE_25_34,1,0.0,0.0,1,0.0,0.0,100.0,0.0,0,Nacoes Shopping,NS
2026-01-05 00:00:00,AGE_35_44,0,0.0,0.0,0,0.0,0.0,0.0,0.0,0,Nacoes Shopping,NS
2026-01-06 00:00:00,NONE,0,0.0,0.0,0,0.0,0.0,0.0,0.0,0,Nacoes Shopping,NS
2026-01-06 00:00:00,AGE_18_24,0,0.0,0.0,0,0.0,0.0,0.0,0.0,0,Nacoes Shopping,NS
2026-01-06 00:00:00,AGE_25_34,0,0.0,0.0,0,0.0,0.0,0.0,0.0,0,Nacoes Shopping,NS
2026-01-06 00:00:00,AGE_45_54,0,0.0,0.0,0,0.0,0.0,0.0,0.0,0,Nacoes Shopping,NS
2026-01-07 00:00:00,NONE,0,0.0,0.0,0,0.0,0.0,0.0,0.0,0,Nacoes Shopping,NS
2026-01-07 00:00:00,AGE_18_24,2,0.0,0.0,0,0.0,0.0,0.0,0.0,0,Nacoes Shopping,NS
2026-01-07 00:00:00,AGE_35_44,0,0.0,0.0,0,0.0,0.0,0.0,0.0,0,Nacoes Shopping,NS
2026-01-07 00:00:00,AGE_45_54,0,0.0,0.0,0,0.0,0.0,0.0,0.0,0,Nacoes Shopping,NS
2026-01-07 00:00:00,AGE_55_100,0,0.0,0.0,0,0.0,0.0,0.0,0.0,0,Nacoes Shopping,NS
2026-01-08 00:00:00,NONE,0,0.0,0.0,0,0.0,0.0,0.0,0.0,0,Nacoes Shopping,NS
2026-01-08 00:00:00,AGE_25_34,0,0.0,0.0,0,0.0,0.0,0.0,0.0,0,Nacoes Shopping,NS
2026-01-08 00:00:00,AGE_55_100,0,0.0,0.0,0,0.0,0.0,0.0,0.0,0,Nacoes Shopping,NS
2026-01-09 00:00:00,NONE,0,0.0,0.0,0,0.0,0.0,0.0,0.0,0,Nacoes Shopping,NS
2026-01-10 00:00:00,NONE,0,0.0,0.0,0,0.0,0.0,0.0,0.0,0,Nacoes Shopping,NS
2026-01-10 00:00:00,AGE_55_100,0,0.0,0.0,0,0.0,0.0,0.0,0.0,0,Nacoes Shopping,NS
2026-01-11 00:00:00,NONE,0,0.0,0.0,0,0.0,0.0,0.0,0.0,0,Nacoes Shopping,NS
2026-01-11 00:00:00,AGE_18_24,0,0.0,0.0,0,0.0,0.0,0.0,0.0,0,Nacoes Shopping,NS
2026-01-11 00:00:00,AGE_35_44,0,0.0,0.0,0,0.0,0.0,0.0,0.0,0,Nacoes Shopping,NS
2026-01-11 00:00:00,AGE_45_54,0,0.0,0.0,0,0.0,0.0,0.0,0.0,0,Nacoes Shopping,NS
2026-01-12 00:00:00,AGE_18_24,0,0.0,0.0,0,0.0,0.0,0.0,0.0,0,Nacoes Shopping,NS
2026-01-12 00:00:00,AGE_55_100,0,0.0,0.0,0,0.0,0.0,0.0,0.0,0,Nacoes Shopping,NS
2026-01-13 00:00:00,NONE,0,0.0,0.0,0,0.0,0.0,0.0,0.0,0,Nacoes Shopping,NS
2026-01-13 00:00:00,AGE_18_24,0,0.0,0.0,0,0.0,0.0,0.0,0.0,0,Nacoes Shopping,NS
2026-01-13 00:00:00,AGE_55_100,0,0.0,0.0,0,0.0,0.0,0.0,0.0,0,Nacoes Shopping,NS
2026-01-14 00:00:00,NONE,0,0.0,0.0,0,0.0,0.0,0.0,0.0,0,Nacoes Shopping,NS
2026-01-14 00:00:00,AGE_18_24,3885,1.17,0.0,0,0.0,4.56,0.0,0.0,0,Nacoes Shopping,NS
2026-01-14 00:00:00,AGE_25_34,2534,1.43,0.0,0,0.0,3.62,0.0,0.0,0,Nacoes Shopping,NS
2026-01-14 00:00:00,AGE_35_44,1092,1.47,0.0,0,0.0,1.61,0.0,0.0,0,Nacoes Shopping,NS
2026-01-14 00:00:00,AGE_45_54,878,1.25,0.0,0,0.0,1.1,0.0,0.0,0,Nacoes Shopping,NS
2026-01-14 00:00:00,AGE_55_100,1024,1.06,0.0,0,0.0,1.09,0.0,0.0,0,Nacoes Shopping,NS
2026-01-15 00:00:00,NONE,2,0.0,0.0,0,0.0,0.0,0.0,0.0,0,Nacoes Shopping,NS
2026-01-15 00:00:00,AGE_18_24,8184,1.68,0.0,0,0.0,13.79,0.0,0.0,0,Nacoes Shopping,NS
2026-01-15 00:00:00,AGE_25_34,6206,1.65,0.0,0,0.0,10.21,0.0,0.0,0,Nacoes Shopping,NS
2026-01-15 00:00:00,AGE_35_44,2604,1.74,0.0,0,0.0,4.52,0.0,0.0,0,Nacoes Shopping,NS
2026-01-15 00:00:00,AGE_45_54,2113,1.33,0.0,0,0.0,2.8,0.0,0.0,0,Nacoes Shopping,NS
2026-01-15 00:00:00,AGE_55_100,2385,1.4,0.0,0,0.0,3.33,0.0,0.0,0,Nacoes Shopping,NS
2026-01-16 00:00:00,NONE,4,0.0,0.0,0,0.0,0.0,0.0,0.0,0,Nacoes Shopping,NS
2026-01-16 00:00:00,AGE_18_24,7824,1.57,0.0,0,0.0,12.31,0.0,0.0,0,Nacoes Shopping,NS
2026-01-16 00:00:00,AGE_25_34,5897,1.74,0.0,0,0.0,10.27,0.0,0.0,0,Nacoes Shopping,NS
2026-01-16 00:00:00,AGE_35_44,2485,1.81,0.0,0,0.0,4.51,0.0,0.0,0,Nacoes Shopping,NS
2026-01-16 00:00:00,AGE_45_54,1932,1.61,0.0,0,0.0,3.12,0.0,0.0,0,Nacoes Shopping,NS
2026-01-16 00:00:00,AGE_55_100,2245,1.54,0.0,0,0.0,3.45,0.0,0.0,0,Nacoes Shopping,NS
2026-01-17 00:00:00,NONE,11,1.82,0.0,0,0.0,0.02,0.0,0.0,0,Nacoes Shopping,NS
2026-01-17 00:00:00,AGE_18_24,7910,1.52,0.0,0,0.0,11.99,0.0,0.0,0,Nacoes Shopping,NS
2026-01-17 00:00:00,AGE_25_34,6134,1.67,0.0,0,0.0,10.26,0.0,0.0,0,Nacoes Shopping,NS
2026-01-17 00:00:00,AGE_35_44,2529,1.76,0.0,0,0.0,4.46,0.0,0.0,0,Nacoes Shopping,NS
2026-01-17 00:00:00,AGE_45_54,1859,1.88,0.0,0,0.0,3.49,0.0,0.0,0,Nacoes Shopping,NS
2026-01-17 00:00:00,AGE_55_100,2109,1.7,0.0,0,0.0,3.58,0.0,0.0,0,Nacoes Shopping,NS
2026-01-18 00:00:00,NONE,2,10.0,0.0,0,0.0,0.02,0.0,0.0,0,Nacoes Shopping,NS
2026-01-18 00:00:00,AGE_18_24,7791,1.58,0.0,0,0.0,12.28,0.0,0.0,0,Nacoes Shopping,NS
2026-01-18 00:00:00,AGE_25_34,6302,1.8,0.0,0,0.0,11.33,0.0,0.0,0,Nacoes Shopping,NS
2026-01-18 00:00:00,AGE_35_44,2660,1.71,0.0,0,0.0,4.55,0.0,0.0,0,Nacoes Shopping,NS
2026-01-18 00:00:00,AGE_45_54,1781,1.41,0.0,0,0.0,2.52,0.0,0.0,0,Nacoes Shopping,NS
2026-01-18 00:00:00,AGE_55_100,1729,1.6,0.0,0,0.0,2.76,0.0,0.0,0,Nacoes Shopping,NS
2026-01-19 00:00:00,NONE,2,0.0,0.0,0,0.0,0.0,0.0,0.0,0,Nacoes Shopping,NS
2026-01-19 00:00:00,AGE_18_24,6813,1.76,0.0,0,0.0,11.97,0.0,0.0,0,Nacoes Shopping,NS
2026-01-19 00:00:00,AGE_25_34,5611,1.9,0.0,0,0.0,10.65,0.0,0.0,0,Nacoes Shopping,NS
2026-01-19 00:00:00,AGE_35_44,2037,1.94,0.0,0,0.0,3.96,0.0,0.0,0,Nacoes Shopping,NS
2026-01-19 00:00:00,AGE_45_54,1388,1.78,0.0,0,0.0,2.47,0.0,0.0,0,Nacoes Shopping,NS
2026-01-19 00:00:00,AGE_55_100,1449,1.67,0.0,0,0.0,2.42,0.0,0.0,0,Nacoes Shopping,NS
2026-01-20 00:00:00,NONE,1,0.0,0.0,0,0.0,0.0,0.0,0.0,0,Nacoes Shopping,NS
2026-01-20 00:00:00,AGE_18_24,6036,1.98,0.0,0,0.0,11.93,0.0,0.0,0,Nacoes Shopping,NS
2026-01-20 00:00:00,AGE_25_34,4831,2.18,0.0,0,0.0,10.54,0.0,0.0,0,Nacoes Shopping,NS
2026-01-20 00:00:00,AGE_35_44,1728,1.98,0.0,0,0.0,3.42,0.0,0.0,0,Nacoes Shopping,NS
2026-01-20 00:00:00,AGE_45_54,1229,1.8,0.0,0,0.0,2.21,0.0,0.0,0,Nacoes Shopping,NS
2026-01-20 00:00:00,AGE_55_100,1315,1.89,0.0,0,0.0,2.49,0.0,0.0,0,Nacoes Shopping,NS
2026-01-21 00:00:00,NONE,1,0.0,0.0,0,0.0,0.0,0.0,0.0,0,Nacoes Shopping,NS
2026-01-21 00:00:00,AGE_18_24,7715,1.66,0.0,0,0.0,12.77,0.0,0.0,0,Nacoes Shopping,NS
2026-01-21 00:00:00,AGE_25_34,5677,1.9,0.0,0,0.0,10.8,0.0,0.0,0,Nacoes Shopping,NS
2026-01-21 00:00:00,AGE_35_44,2151,1.95,0.0,0,0.0,4.19,0.0,0.0,0,Nacoes Shopping,NS
2026-01-21 00:00:00,AGE_45_54,1668,1.77,0.0,0,0.0,2.96,0.0,0.0,0,Nacoes Shopping,NS
2026-01-21 00:00:00,AGE_55_100,1826,1.65,0.0,0,0.0,3.02,0.0,0.0,0,Nacoes Shopping,NS
2026-01-22 00:00:00,NONE,4,7.5,0.0,0,0.0,0.03,0.0,0.0,0,Nacoes Shopping,NS
2026-01-22 00:00:00,AGE_18_24,7744,1.61,0.0,0,0.0,12.46,0.0,0.0,0,Nacoes Shopping,NS
2026-01-22 00:00:00,AGE_25_34,5656,1.67,0.0,0,0.0,9.46,0.0,0.0,0,Nacoes Shopping,NS
2026-01-22 00:00:00,AGE_35_44,2296,1.62,0.0,0,0.0,3.72,0.0,0.0,0,Nacoes Shopping,NS
2026-01-22 00:00:00,AGE_45_54,1829,1.61,0.0,0,0.0,2.95,0.0,0.0,0,Nacoes Shopping,NS
2026-01-22 00:00:00,AGE_55_100,2064,1.39,0.0,0,0.0,2.87,0.0,0.0,0,Nacoes Shopping,NS
2026-01-23 00:00:00,NONE,12,3.33,0.0,0,0.0,0.04,0.0,0.0,0,Nacoes Shopping,NS
2026-01-23 00:00:00,AGE_18_24,7324,1.62,0.0,0,0.0,11.86,0.0,0.0,0,Nacoes Shopping,NS
2026-01-23 00:00:00,AGE_25_34,5205,1.86,0.0,0,0.0,9.7,0.0,0.0,0,Nacoes Shopping,NS
2026-01-23 00:00:00,AGE_35_44,2178,1.59,0.0,0,0.0,3.47,0.0,0.0,0,Nacoes Shopping,NS
2026-01-23 00:00:00,AGE_45_54,1575,1.54,0.0,0,0.0,2.43,0.0,0.0,0,Nacoes Shopping,NS
2026-01-23 00:00:00,AGE_55_100,1980,1.46,0.0,0,0.0,2.9,0.0,0.0,0,Nacoes Shopping,NS
2026-01-24 00:00:00,NONE,18,2.22,0.0,0,0.0,0.04,0.0,0.0,0,Nacoes Shopping,NS
2026-01-24 00:00:00,AGE_18_24,6887,1.66,0.0,0,0.0,11.44,0.0,0.0,0,Nacoes Shopping,NS
2026-01-24 00:00:00,AGE_25_34,5163,1.81,0.0,0,0.0,9.32,0.0,0.0,0,Nacoes Shopping,NS
2026-01-24 00:00:00,AGE_35_44,2243,1.73,0.0,0,0.0,3.89,0.0,0.0,0,Nacoes Shopping,NS
2026-01-24 00:00:00,AGE_45_54,1623,1.83,0.0,0,0.0,2.97,0.0,0.0,0,Nacoes Shopping,NS
2026-01-24 00:00:00,AGE_55_100,1797,1.74,0.0,0,0.0,3.12,0.0,0.0,0,Nacoes Shopping,NS
2026-01-25 00:00:00,NONE,18,1.67,0.0,0,0.0,0.03,0.0,0.0,0,Nacoes Shopping,NS
2026-01-25 00:00:00,AGE_18_24,6865,1.44,0.0,0,0.0,9.88,0.0,0.0,0,Nacoes Shopping,NS
2026-01-25 00:00:00,AGE_25_34,5572,1.69,0.0,0,0.0,9.39,0.0,0.0,0,Nacoes Shopping,NS
2026-01-25 00:00:00,AGE_35_44,2465,1.62,0.0,0,0.0,4.0,0.0,0.0,0,Nacoes Shopping,NS
2026-01-25 00:00:00,AGE_45_54,1690,1.75,0.0,0,0.0,2.95,0.0,0.0,0,Nacoes Shopping,NS
2026-01-25 00:00:00,AGE_55_100,1634,1.51,0.0,0,0.0,2.47,0.0,0.0,0,Nacoes Shopping,NS
2026-01-26 00:00:00,NONE,9,1.11,0.0,0,0.0,0.01,0.0,0.0,0,Nacoes Shopping,NS
2026-01-26 00:00:00,AGE_18_24,5594,1.84,0.0,0,0.0,10.32,0.0,0.0,0,Nacoes Shopping,NS
2026-01-26 00:00:00,AGE_25_34,4673,1.96,0.0,0,0.0,9.17,0.0,0.0,0,Nacoes Shopping,NS
2026-01-26 00:00:00,AGE_35_44,1867,2.19,0.0,0,0.0,4.09,0.0,0.0,0,Nacoes Shopping,NS
2026-01-26 00:00:00,AGE_45_54,1261,1.91,0.0,0,0.0,2.41,0.0,0.0,0,Nacoes Shopping,NS
2026-01-26 00:00:00,AGE_55_100,1284,1.92,0.0,0,0.0,2.46,0.0,0.0,0,Nacoes Shopping,NS
2026-01-27 00:00:00,NONE,22,0.91,0.0,0,0.0,0.02,0.0,0.0,0,Nacoes Shopping,NS
2026-01-27 00:00:00,AGE_18_24,6128,1.71,0.0,0,0.0,10.49,0.0,0.0,0,Nacoes Shopping,NS
2026-01-27 00:00:00,AGE_25_34,4309,1.92,0.0,0,0.0,8.26,0.0,0.0,0,Nacoes Shopping,NS
2026-01-27 00:00:00,AGE_35_44,1693,1.96,0.0,0,0.0,3.31,0.0,0.0,0,Nacoes Shopping,NS
2026-01-27 00:00:00,AGE_45_54,1206,1.9,0.0,0,0.0,2.29,0.0,0.0,0,Nacoes Shopping,NS
2026-01-27 00:00:00,AGE_55_100,1511,1.35,0.0,0,0.0,2.04,0.0,0.0,0,Nacoes Shopping,NS
2026-01-28 00:00:00,NONE,17,2.35,0.0,0,0.0,0.04,0.0,0.0,0,Nacoes Shopping,NS
2026-01-28 00:00:00,AGE_18_24,8047,1.53,0.0,0,0.0,12.29,0.0,0.0,0,Nacoes Shopping,NS
2026-01-28 00:00:00,AGE_25_34,5698,1.57,0.0,0,0.0,8.96,0.0,0.0,0,Nacoes Shopping,NS
2026-01-28 00:00:00,AGE_35_44,2310,1.52,0.0,0,0.0,3.51,0.0,0.0,0,Nacoes Shopping,NS
2026-01-28 00:00:00,AGE_45_54,1567,1.6,0.0,0,0.0,2.51,0.0,0.0,0,Nacoes Shopping,NS
2026-01-28 00:00:00,AGE_55_100,1844,1.56,0.0,0,0.0,2.87,0.0,0.0,0,Nacoes Shopping,NS
2026-01-29 00:00:00,NONE,23,3.04,0.0,0,0.0,0.07,0.0,0.0,0,Nacoes Shopping,NS
2026-01-29 00:00:00,AGE_18_24,12464,1.63,0.0,0,0.0,20.3,0.0,0.0,0,Nacoes Shopping,NS
2026-01-29 00:00:00,AGE_25_34,9522,1.72,0.0,0,0.0,16.34,0.0,0.0,0,Nacoes Shopping,NS
2026-01-29 00:00:00,AGE_35_44,3619,1.66,0.0,0,0.0,5.99,0.0,0.0,0,Nacoes Shopping,NS
2026-01-29 00:00:00,AGE_45_54,2732,1.68,0.0,0,0.0,4.58,0.0,0.0,0,Nacoes Shopping,NS
2026-01-29 00:00:00,AGE_55_100,3120,1.54,0.0,0,0.0,4.79,0.0,0.0,0,Nacoes Shopping,NS
2026-01-30 00:00:00,NONE,31,1.29,0.0,0,0.0,0.04,0.0,0.0,0,Nacoes Shopping,NS
2026-01-30 00:00:00,AGE_18_24,19532,1.82,0.0,0,0.0,35.6,0.0,0.0,0,Nacoes Shopping,NS
2026-01-30 00:00:00,AGE_25_34,16364,1.98,0.0,0,0.0,32.48,0.0,0.0,0,Nacoes Shopping,NS
2026-01-30 00:00:00,AGE_35_44,6598,1.8,0.0,0,0.0,11.88,0.0,0.0,0,Nacoes Shopping,NS
2026-01-30 00:00:00,AGE_45_54,4680,1.81,0.0,0,0.0,8.46,0.0,0.0,0,Nacoes Shopping,NS
2026-01-30 00:00:00,AGE_55_100,5175,1.7,0.0,0,0.0,8.82,0.0,0.0,0,Nacoes Shopping,NS
2026-01-31 00:00:00,NONE,53,1.89,0.0,0,0.0,0.1,0.0,0.0,0,Nacoes Shopping,NS
2026-01-31 00:00:00,AGE_18_24,17867,1.94,0.0,0,0.0,34.63,0.0,0.0,0,Nacoes Shopping,NS
2026-01-31 00:00:00,AGE_25_34,14801,2.0,0.0,0,0.0,29.6,0.0,0.0,0,Nacoes Shopping,NS
2026-01-31 00:00:00,AGE_35_44,6140,1.92,0.0,0,0.0,11.77,0.0,0.0,0,Nacoes Shopping,NS
2026-01-31 00:00:00,AGE_45_54,4228,1.9,0.0,0,0.0,8.04,0.0,0.0,0,Nacoes Shopping,NS
2026-01-31 00:00:00,AGE_55_100,4680,1.69,0.0,0,0.0,7.89,0.0,0.0,0,Nacoes Shopping,NS
2026-02-01 00:00:00,NONE,51,2.75,0.0,0,0.0,0.14,0.0,0.0,0,Nacoes Shopping,NS
2026-02-01 00:00:00,AGE_18_24,18103,1.7,0.0,0,0.0,30.86,0.0,0.0,0,Nacoes Shopping,NS
2026-02-01 00:00:00,AGE_25_34,16472,1.71,0.0,0,0.0,28.2,0.0,0.0,0,Nacoes Shopping,NS
2026-02-01 00:00:00,AGE_35_44,6701,1.79,0.0,0,0.0,11.99,0.0,0.0,0,Nacoes Shopping,NS
2026-02-01 00:00:00,AGE_45_54,4368,1.58,0.0,0,0.0,6.91,0.0,0.0,0,Nacoes Shopping,NS
2026-02-01 00:00:00,AGE_55_100,4500,1.49,0.0,0,0.0,6.7,0.0,0.0,0,Nacoes Shopping,NS
2026-02-02 00:00:00,NONE,43,1.86,0.0,0,0.0,0.08,0.0,0.0,0,Nacoes Shopping,NS
2026-02-02 00:00:00,AGE_18_24,17388,1.84,0.0,0,0.0,31.92,0.0,0.0,0,Nacoes Shopping,NS
2026-02-02 00:00:00,AGE_25_34,15113,1.91,0.0,0,0.0,28.83,0.0,0.0,0,Nacoes Shopping,NS
2026-02-02 00:00:00,AGE_35_44,5537,1.88,0.0,0,0.0,10.39,0.0,0.0,0,Nacoes Shopping,NS
2026-02-02 00:00:00,AGE_45_54,3466,1.65,0.0,0,0.0,5.73,0.0,0.0,0,Nacoes Shopping,NS
2026-02-02 00:00:00,AGE_55_100,3707,1.51,0.0,0,0.0,5.59,0.0,0.0,0,Nacoes Shopping,NS
2026-02-03 00:00:00,NONE,52,1.35,0.0,0,0.0,0.07,0.0,0.0,0,Nacoes Shopping,NS
2026-02-03 00:00:00,AGE_18_24,16347,1.98,0.0,0,0.0,32.34,0.0,0.0,0,Nacoes Shopping,NS
2026-02-03 00:00:00,AGE_25_34,12975,2.14,0.0,0,0.0,27.78,0.0,0.0,0,Nacoes Shopping,NS
2026-02-03 00:00:00,AGE_35_44,4705,2.13,0.0,0,0.0,10.01,0.0,0.0,0,Nacoes Shopping,NS
2026-02-03 00:00:00,AGE_45_54,3027,1.96,0.0,0,0.0,5.92,0.0,0.0,0,Nacoes Shopping,NS
2026-02-03 00:00:00,AGE_55_100,3543,1.67,0.0,0,0.0,5.91,0.0,0.0,0,Nacoes Shopping,NS
2026-02-04 00:00:00,NONE,43,3.02,0.0,0,0.0,0.13,0.0,0.0,0,Nacoes Shopping,NS
2026-02-04 00:00:00,AGE_18_24,14476,1.98,0.0,0,0.0,28.63,0.0,0.0,0,Nacoes Shopping,NS
2026-02-04 00:00:00,AGE_25_34,12368,2.33,0.0,0,0.0,28.78,0.0,0.0,0,Nacoes Shopping,NS
2026-02-04 00:00:00,AGE_35_44,5055,2.14,0.0,0,0.0,10.83,0.0,0.0,0,Nacoes Shopping,NS
2026-02-04 00:00:00,AGE_45_54,3522,1.96,0.0,0,0.0,6.89,0.0,0.0,0,Nacoes Shopping,NS
2026-02-04 00:00:00,AGE_55_100,3871,1.66,0.0,0,0.0,6.43,0.0,0.0,0,Nacoes Shopping,NS
2026-02-05 00:00:00,NONE,38,2.37,0.0,0,0.0,0.09,0.0,0.0,0,Nacoes Shopping,NS
2026-02-05 00:00:00,AGE_18_24,17067,1.86,0.0,0,0.0,31.67,0.0,0.0,0,Nacoes Shopping,NS
2026-02-05 00:00:00,AGE_25_34,12772,2.21,0.0,0,0.0,28.26,0.0,0.0,0,Nacoes Shopping,NS
2026-02-05 00:00:00,AGE_35_44,4824,2.07,0.0,0,0.0,9.97,0.0,0.0,0,Nacoes Shopping,NS
2026-02-05 00:00:00,AGE_45_54,3450,1.85,0.0,0,0.0,6.38,0.0,0.0,0,Nacoes Shopping,NS
2026-02-05 00:00:00,AGE_55_100,3933,1.7,0.0,0,0.0,6.67,0.0,0.0,0,Nacoes Shopping,NS
2026-02-06 00:00:00,NONE,51,1.96,0.0,0,0.0,0.1,0.0,0.0,0,Nacoes Shopping,NS
2026-02-06 00:00:00,AGE_18_24,17142,1.65,0.0,0,0.0,28.33,0.0,0.0,0,Nacoes Shopping,NS
2026-02-06 00:00:00,AGE_25_34,13365,2.03,0.0,0,0.0,27.12,0.0,0.0,0,Nacoes Shopping,NS
2026-02-06 00:00:00,AGE_35_44,5294,1.95,0.0,0,0.0,10.34,0.0,0.0,0,Nacoes Shopping,NS
2026-02-06 00:00:00,AGE_45_54,3638,1.77,0.0,0,0.0,6.45,0.0,0.0,0,Nacoes Shopping,NS
2026-02-06 00:00:00,AGE_55_100,4193,1.66,0.0,0,0.0,6.98,0.0,0.0,0,Nacoes Shopping,NS
2026-02-07 00:00:00,NONE,31,2.26,0.0,0,0.0,0.07,0.0,0.0,0,Nacoes Shopping,NS
2026-02-07 00:00:00,AGE_18_24,12846,1.93,0.0,0,0.0,24.83,0.0,0.0,0,Nacoes Shopping,NS
2026-02-07 00:00:00,AGE_25_34,9577,2.0,0.0,0,0.0,19.18,0.0,0.0,0,Nacoes Shopping,NS
2026-02-07 00:00:00,AGE_35_44,4111,1.86,0.0,0,0.0,7.64,0.0,0.0,0,Nacoes Shopping,NS
2026-02-07 00:00:00,AGE_45_54,2938,1.79,0.0,0,0.0,5.27,0.0,0.0,0,Nacoes Shopping,NS
2026-02-07 00:00:00,AGE_55_100,3425,1.92,0.0,0,0.0,6.58,0.0,0.0,0,Nacoes Shopping,NS
2026-02-08 00:00:00,NONE,13,0.0,0.0,0,0.0,0.0,0.0,0.0,0,Nacoes Shopping,NS
2026-02-08 00:00:00,AGE_18_24,6114,1.84,0.0,0,0.0,11.23,0.0,0.0,0,Nacoes Shopping,NS
2026-02-08 00:00:00,AGE_25_34,5223,1.82,0.0,0,0.0,9.53,0.0,0.0,0,Nacoes Shopping,NS
2026-02-08 00:00:00,AGE_35_44,2282,1.92,0.0,0,0.0,4.38,0.0,0.0,0,Nacoes Shopping,NS
2026-02-08 00:00:00,AGE_45_54,1617,1.84,0.0,0,0.0,2.98,0.0,0.0,0,Nacoes Shopping,NS
2026-02-08 00:00:00,AGE_55_100,1693,1.96,0.0,0,0.0,3.31,0.0,0.0,0,Nacoes Shopping,NS
2026-02-09 00:00:00,NONE,11,3.64,0.0,0,0.0,0.04,0.0,0.0,0,Nacoes Shopping,NS
2026-02-09 00:00:00,AGE_18_24,3445,1.97,0.0,0,0.0,6.77,0.0,0.0,0,Nacoes Shopping,NS
2026-02-09 00:00:00,AGE_25_34,2750,2.13,0.0,0,0.0,5.85,0.0,0.0,0,Nacoes Shopping,NS
2026-02-09 00:00:00,AGE_35_44,1181,2.02,0.0,0,0.0,2.38,0.0,0.0,0,Nacoes Shopping,NS
2026-02-09 00:00:00,AGE_45_54,786,2.11,0.0,0,0.0,1.66,0.0,0.0,0,Nacoes Shopping,NS
2026-02-09 00:00:00,AGE_55_100,936,1.87,0.0,0,0.0,1.75,0.0,0.0,0,Nacoes Shopping,NS
2026-02-10 00:00:00,NONE,11,1.82,0.0,0,0.0,0.02,0.0,0.0,0,Nacoes Shopping,NS
2026-02-10 00:00:00,AGE_18_24,4802,1.67,0.0,0,0.0,8.04,0.0,0.0,0,Nacoes Shopping,NS
2026-02-10 00:00:00,AGE_25_34,3120,1.63,0.0,0,0.0,5.1,0.0,0.0,0,Nacoes Shopping,NS
2026-02-10 00:00:00,AGE_35_44,1478,1.68,0.0,0,0.0,2.49,0.0,0.0,0,Nacoes Shopping,NS
2026-02-10 00:00:00,AGE_45_54,1086,1.49,0.0,0,0.0,1.62,0.0,0.0,0,Nacoes Shopping,NS
2026-02-10 00:00:00,AGE_55_100,1403,1.65,0.0,0,0.0,2.31,0.0,0.0,0,Nacoes Shopping,NS
2026-02-11 00:00:00,NONE,11,2.73,0.0,0,0.0,0.03,0.0,0.0,0,Nacoes Shopping,NS
2026-02-11 00:00:00,AGE_18_24,5066,1.49,0.0,0,0.0,7.57,0.0,0.0,0,Nacoes Shopping,NS
2026-02-11 00:00:00,AGE_25_34,3147,1.63,0.0,0,0.0,5.12,0.0,0.0,0,Nacoes Shopping,NS
2026-02-11 00:00:00,AGE_35_44,1446,1.53,0.0,0,0.0,2.21,0.0,0.0,0,Nacoes Shopping,NS
2026-02-11 00:00:00,AGE_45_54,1108,1.56,0.0,0,0.0,1.73,0.0,0.0,0,Nacoes Shopping,NS
2026-02-11 00:00:00,AGE_55_100,1410,1.26,0.0,0,0.0,1.78,0.0,0.0,0,Nacoes Shopping,NS
2026-02-12 00:00:00,NONE,7,2.86,0.0,0,0.0,0.02,0.0,0.0,0,Nacoes Shopping,NS
2026-02-12 00:00:00,AGE_18_24,4547,1.58,0.0,0,0.0,7.2,0.0,0.0,0,Nacoes Shopping,NS
2026-02-12 00:00:00,AGE_25_34,3289,1.78,0.0,0,0.0,5.86,0.0,0.0,0,Nacoes Shopping,NS
2026-02-12 00:00:00,AGE_35_44,1324,1.56,0.0,0,0.0,2.07,0.0,0.0,0,Nacoes Shopping,NS
2026-02-12 00:00:00,AGE_45_54,990,1.41,0.0,0,0.0,1.4,0.0,0.0,0,Nacoes Shopping,NS
2026-02-12 00:00:00,AGE_55_100,1129,1.28,0.0,0,0.0,1.45,0.0,0.0,0,Nacoes Shopping,NS
2026-02-13 00:00:00,NONE,12,1.67,0.0,0,0.0,0.02,0.0,0.0,0,Nacoes Shopping,NS
2026-02-13 00:00:00,AGE_18_24,3958,1.71,0.0,0,0.0,6.76,0.0,0.0,0,Nacoes Shopping,NS
2026-02-13 00:00:00,AGE_25_34,3260,1.78,0.0,0,0.0,5.81,0.0,0.0,0,Nacoes Shopping,NS
2026-02-13 00:00:00,AGE_35_44,1417,1.61,0.0,0,0.0,2.28,0.0,0.0,0,Nacoes Shopping,NS
2026-02-13 00:00:00,AGE_45_54,985,1.8,0.0,0,0.0,1.77,0.0,0.0,0,Nacoes Shopping,NS
2026-02-13 00:00:00,AGE_55_100,1019,1.45,0.0,0,0.0,1.48,0.0,0.0,0,Nacoes Shopping,NS
2026-02-14 00:00:00,NONE,6,1.67,0.0,0,0.0,0.01,0.0,0.0,0,Nacoes Shopping,NS
2026-02-14 00:00:00,AGE_18_24,3630,1.8,0.0,0,0.0,6.54,0.0,0.0,0,Nacoes Shopping,NS
2026-02-14 00:00:00,AGE_25_34,3065,1.91,0.0,0,0.0,5.86,0.0,0.0,0,Nacoes Shopping,NS
2026-02-14 00:00:00,AGE_35_44,1501,1.59,0.0,0,0.0,2.39,0.0,0.0,0,Nacoes Shopping,NS
2026-02-14 00:00:00,AGE_45_54,992,1.61,0.0,0,0.0,1.6,0.0,0.0,0,Nacoes Shopping,NS
2026-02-14 00:00:00,AGE_55_100,1077,1.52,0.0,0,0.0,1.64,0.0,0.0,0,Nacoes Shopping,NS
2026-02-15 00:00:00,NONE,7,1.43,0.0,0,0.0,0.01,0.0,0.0,0,Nacoes Shopping,NS
2026-02-15 00:00:00,AGE_18_24,3137,1.81,0.0,0,0.0,5.69,0.0,0.0,0,Nacoes Shopping,NS
2026-02-15 00:00:00,AGE_25_34,2806,2.07,0.0,0,0.0,5.8,0.0,0.0,0,Nacoes Shopping,NS
2026-02-15 00:00:00,AGE_35_44,1292,1.63,0.0,0,0.0,2.11,0.0,0.0,0,Nacoes Shopping,NS
2026-02-15 00:00:00,AGE_45_54,799,1.79,0.0,0,0.0,1.43,0.0,0.0,0,Nacoes Shopping,NS
2026-02-15 00:00:00,AGE_55_100,927,2.01,0.0,0,0.0,1.86,0.0,0.0,0,Nacoes Shopping,NS
2026-02-16 00:00:00,NONE,8,2.5,0.0,0,0.0,0.02,0.0,0.0,0,Nacoes Shopping,NS
2026-02-16 00:00:00,AGE_18_24,3324,1.85,0.0,0,0.0,6.14,0.0,0.0,0,Nacoes Shopping,NS
2026-02-16 00:00:00,AGE_25_34,2496,2.0,0.0,0,0.0,5.0,0.0,0.0,0,Nacoes Shopping,NS
2026-02-16 00:00:00,AGE_35_44,1129,1.92,0.0,0,0.0,2.17,0.0,0.0,0,Nacoes Shopping,NS
2026-02-16 00:00:00,AGE_45_54,756,1.92,0.0,0,0.0,1.45,0.0,0.0,0,Nacoes Shopping,NS
2026-02-16 00:00:00,AGE_55_100,885,1.68,0.0,0,0.0,1.49,0.0,0.0,0,Nacoes Shopping,NS
2026-02-17 00:00:00,NONE,12,2.5,0.0,0,0.0,0.03,0.0,0.0,0,Nacoes Shopping,NS
2026-02-17 00:00:00,AGE_18_24,4493,1.42,0.0,0,0.0,6.4,0.0,0.0,0,Nacoes Shopping,NS
2026-02-17 00:00:00,AGE_25_34,3010,1.62,0.0,0,0.0,4.89,0.0,0.0,0,Nacoes Shopping,NS
2026-02-17 00:00:00,AGE_35_44,1516,1.44,0.0,0,0.0,2.18,0.0,0.0,0,Nacoes Shopping,NS
2026-02-17 00:00:00,AGE_45_54,1135,1.58,0.0,0,0.0,1.79,0.0,0.0,0,Nacoes Shopping,NS
2026-02-17 00:00:00,AGE_55_100,1368,1.43,0.0,0,0.0,1.95,0.0,0.0,0,Nacoes Shopping,NS
2026-02-18 00:00:00,NONE,7,1.43,0.0,0,0.0,0.01,0.0,0.0,0,Nacoes Shopping,NS
2026-02-18 00:00:00,AGE_18_24,4478,1.46,0.0,0,0.0,6.54,0.0,0.0,0,Nacoes Shopping,NS
2026-02-18 00:00:00,AGE_25_34,3008,1.53,0.0,0,0.0,4.6,0.0,0.0,0,Nacoes Shopping,NS
2026-02-18 00:00:00,AGE_35_44,1480,1.34,0.0,0,0.0,1.99,0.0,0.0,0,Nacoes Shopping,NS
2026-02-18 00:00:00,AGE_45_54,1139,1.12,0.0,0,0.0,1.27,0.0,0.0,0,Nacoes Shopping,NS
2026-02-18 00:00:00,AGE_55_100,1305,1.1,0.0,0,0.0,1.43,0.0,0.0,0,Nacoes Shopping,NS
2026-02-19 00:00:00,NONE,10,0.0,0.0,0,0.0,0.0,0.0,0.0,0,Nacoes Shopping,NS
2026-02-19 00:00:00,AGE_18_24,3867,1.59,0.0,0,0.0,6.14,0.0,0.0,0,Nacoes Shopping,NS
2026-02-19 00:00:00,AGE_25_34,2746,1.68,0.0,0,0.0,4.6,0.0,0.0,0,Nacoes Shopping,NS
2026-02-19 00:00:00,AGE_35_44,1368,1.35,0.0,0,0.0,1.84,0.0,0.0,0,Nacoes Shopping,NS
2026-02-19 00:00:00,AGE_45_54,1037,1.4,0.0,0,0.0,1.45,0.0,0.0,0,Nacoes Shopping,NS
2026-02-19 00:00:00,AGE_55_100,1131,1.34,0.0,0,0.0,1.51,0.0,0.0,0,Nacoes Shopping,NS
2026-02-20 00:00:00,NONE,6,1.67,0.0,0,0.0,0.01,0.0,0.0,0,Nacoes Shopping,NS
2026-02-20 00:00:00,AGE_18_24,3210,1.79,0.0,0,0.0,5.74,0.0,0.0,0,Nacoes Shopping,NS
2026-02-20 00:00:00,AGE_25_34,2558,1.82,0.0,0,0.0,4.66,0.0,0.0,0,Nacoes Shopping,NS
2026-02-20 00:00:00,AGE_35_44,1275,1.63,0.0,0,0.0,2.08,0.0,0.0,0,Nacoes Shopping,NS
2026-02-20 00:00:00,AGE_45_54,908,1.34,0.0,0,0.0,1.22,0.0,0.0,0,Nacoes Shopping,NS
2026-02-20 00:00:00,AGE_55_100,1024,1.41,0.0,0,0.0,1.44,0.0,0.0,0,Nacoes Shopping,NS
2026-02-21 00:00:00,NONE,6,1.67,0.0,0,0.0,0.01,0.0,0.0,0,Nacoes Shopping,NS
2026-02-21 00:00:00,AGE_18_24,2971,1.9,0.0,0,0.0,5.64,0.0,0.0,0,Nacoes Shopping,NS
2026-02-21 00:00:00,AGE_25_34,2663,1.78,0.0,0,0.0,4.74,0.0,0.0,0,Nacoes Shopping,NS
2026-02-21 00:00:00,AGE_35_44,1223,1.63,0.0,0,0.0,1.99,0.0,0.0,0,Nacoes Shopping,NS
2026-02-21 00:00:00,AGE_45_54,817,1.46,0.0,0,0.0,1.19,0.0,0.0,0,Nacoes Shopping,NS
2026-02-21 00:00:00,AGE_55_100,799,1.3,0.0,0,0.0,1.04,0.0,0.0,0,Nacoes Shopping,NS
2026-02-22 00:00:00,NONE,8,1.25,0.0,0,0.0,0.01,0.0,0.0,0,Nacoes Shopping,NS
2026-02-22 00:00:00,AGE_18_24,2637,1.76,0.0,0,0.0,4.63,0.0,0.0,0,Nacoes Shopping,NS
2026-02-22 00:00:00,AGE_25_34,2445,1.85,0.0,0,0.0,4.52,0.0,0.0,0,Nacoes Shopping,NS
2026-02-22 00:00:00,AGE_35_44,995,1.56,0.0,0,0.0,1.55,0.0,0.0,0,Nacoes Shopping,NS
2026-02-22 00:00:00,AGE_45_54,815,1.55,0.0,0,0.0,1.26,0.0,0.0,0,Nacoes Shopping,NS
2026-02-22 00:00:00,AGE_55_100,799,1.6,0.0,0,0.0,1.28,0.0,0.0,0,Nacoes Shopping,NS
2026-02-23 00:00:00,NONE,4,2.5,0.0,0,0.0,0.01,0.0,0.0,0,Nacoes Shopping,NS
2026-02-23 00:00:00,AGE_18_24,2072,2.42,0.0,0,0.0,5.02,0.0,0.0,0,Nacoes Shopping,NS
2026-02-23 00:00:00,AGE_25_34,1723,2.04,0.0,0,0.0,3.51,0.0,0.0,0,Nacoes Shopping,NS
2026-02-23 00:00:00,AGE_35_44,763,2.14,0.0,0,0.0,1.63,0.0,0.0,0,Nacoes Shopping,NS
2026-02-23 00:00:00,AGE_45_54,541,1.63,0.0,0,0.0,0.88,0.0,0.0,0,Nacoes Shopping,NS
2026-02-23 00:00:00,AGE_55_100,547,1.81,0.0,0,0.0,0.99,0.0,0.0,0,Nacoes Shopping,NS
2026-02-24 00:00:00,NONE,7,2.86,0.0,0,0.0,0.02,0.0,0.0,0,Nacoes Shopping,NS
2026-02-24 00:00:00,AGE_18_24,2561,1.7,0.0,0,0.0,4.35,0.0,0.0,0,Nacoes Shopping,NS
2026-02-24 00:00:00,AGE_25_34,1718,1.51,0.0,0,0.0,2.6,0.0,0.0,0,Nacoes Shopping,NS
2026-02-24 00:00:00,AGE_35_44,816,1.75,0.0,0,0.0,1.43,0.0,0.0,0,Nacoes Shopping,NS
2026-02-24 00:00:00,AGE_45_54,746,1.7,0.0,0,0.0,1.27,0.0,0.0,0,Nacoes Shopping,NS
2026-02-24 00:00:00,AGE_55_100,1021,1.67,0.0,0,0.0,1.71,0.0,0.0,0,Nacoes Shopping,NS
2026-02-25 00:00:00,NONE,0,0.0,0.0,0,0.0,0.0,0.0,0.0,0,Nacoes Shopping,NS
2026-02-25 00:00:00,AGE_18_24,740,1.54,0.0,0,0.0,1.14,0.0,0.0,0,Nacoes Shopping,NS
2026-02-25 00:00:00,AGE_25_34,480,1.69,0.0,0,0.0,0.81,0.0,0.0,0,Nacoes Shopping,NS
2026-02-25 00:00:00,AGE_35_44,228,1.71,0.0,0,0.0,0.39,0.0,0.0,0,Nacoes Shopping,NS
2026-02-25 00:00:00,AGE_45_54,184,1.63,0.0,0,0.0,0.3,0.0,0.0,0,Nacoes Shopping,NS
2026-02-25 00:00:00,AGE_55_100,412,1.48,0.0,0,0.0,0.61,0.0,0.0,0,Nacoes Shopping,NS
2026-02-27 00:00:00,NONE,0,0.0,0.0,0,0.0,0.0,0.0,0.0,0,Nacoes Shopping,NS
2026-02-27 00:00:00,AGE_25_34,0,0.0,0.0,0,0.0,0.0,0.0,0.0,0,Nacoes Shopping,NS
2026-03-02 00:00:00,NONE,0,0.0,0.0,0,0.0,0.0,0.0,0.0,0,Nacoes Shopping,NS
2026-03-03 00:00:00,NONE,0,0.0,0.0,0,0.0,0.0,0.0,0.0,0,Nacoes Shopping,NS
2026-03-04 00:00:00,AGE_55_100,0,0.0,0.0,0,0.0,0.0,0.0,0.0,0,Nacoes Shopping,NS
2026-03-05 00:00:00,AGE_18_24,0,0.0,0.0,0,0.0,0.0,0.0,0.0,0,Nacoes Shopping,NS
2026-03-06 00:00:00,NONE,0,0.0,0.0,0,0.0,0.0,0.0,0.0,0,Nacoes Shopping,NS
2026-03-06 00:00:00,AGE_35_44,0,0.0,0.0,0,0.0,0.0,0.0,0.0,0,Nacoes Shopping,NS
2026-03-09 00:00:00,NONE,0,0.0,0.0,0,0.0,0.0,0.0,0.0,0,Nacoes Shopping,NS
2026-03-12 00:00:00,NONE,0,0.0,0.0,0,0.0,0.0,0.0,0.0,0,Nacoes Shopping,NS
2026-03-22 00:00:00,NONE,0,0.0,0.0,0,0.0,0.0,0.0,0.0,0,Nacoes Shopping,NS
2026-03-28 00:00:00,NONE,0,0.0,0.0,0,0.0,0.0,0.0,0.0,0,Nacoes Shopping,NS
2026-04-01 00:00:00,NONE,0,0.0,0.0,0,0.0,0.0,0.0,0.0,0,Nacoes Shopping,NS
2026-04-02 00:00:00,NONE,0,0.0,0.0,0,0.0,0.0,0.0,0.0,0,Nacoes Shopping,NS
2026-04-09 00:00:00,AGE_18_24,0,0.0,0.0,0,0.0,0.0,0.0,0.0,0,Nacoes Shopping,NS
2026-04-30 00:00:00,NONE,8,1.25,0.0,0,0.0,0.01,0.0,0.0,0,Nacoes Shopping,NS
2026-04-30 00:00:00,AGE_18_24,5990,2.59,0.0,230,0.07,15.51,3.84,0.0,0,Nacoes Shopping,NS
2026-04-30 00:00:00,AGE_25_34,3424,2.25,0.0,87,0.09,7.71,2.54,0.0,0,Nacoes Shopping,NS
2026-04-30 00:00:00,AGE_35_44,2295,2.32,0.0,93,0.06,5.33,4.05,0.0,0,Nacoes Shopping,NS
2026-04-30 00:00:00,AGE_45_54,1944,2.97,0.0,124,0.05,5.78,6.38,0.0,0,Nacoes Shopping,NS
2026-04-30 00:00:00,AGE_55_100,2317,2.23,0.0,97,0.05,5.16,4.19,0.0,0,Nacoes Shopping,NS
2026-05-01 00:00:00,NONE,20,2.0,0.0,1,0.04,0.04,5.0,0.0,0,Nacoes Shopping,NS
2026-05-01 00:00:00,AGE_18_24,14797,2.31,0.0,688,0.05,34.19,4.65,0.0,0,Nacoes Shopping,NS
2026-05-01 00:00:00,AGE_25_34,10301,2.32,0.0,361,0.07,23.9,3.5,0.0,0,Nacoes Shopping,NS
2026-05-01 00:00:00,AGE_35_44,6452,2.78,0.0,469,0.04,17.94,7.27,0.0,0,Nacoes Shopping,NS
2026-05-01 00:00:00,AGE_45_54,5297,2.54,0.0,356,0.04,13.45,6.72,0.0,0,Nacoes Shopping,NS
2026-05-01 00:00:00,AGE_55_100,5936,2.34,0.0,391,0.04,13.89,6.59,0.0,0,Nacoes Shopping,NS
2026-05-02 00:00:00,NONE,25,2.8,0.0,1,0.07,0.07,4.0,0.0,0,Nacoes Shopping,NS
2026-05-02 00:00:00,AGE_18_24,13710,2.55,0.0,705,0.05,34.95,5.14,0.0,0,Nacoes Shopping,NS
2026-05-02 00:00:00,AGE_25_34,9887,2.54,0.0,439,0.06,25.13,4.44,0.0,0,Nacoes Shopping,NS
2026-05-02 00:00:00,AGE_35_44,5951,2.64,0.0,320,0.05,15.69,5.38,0.0,0,Nacoes Shopping,NS
2026-05-02 00:00:00,AGE_45_54,4823,2.56,0.0,312,0.04,12.35,6.47,0.0,0,Nacoes Shopping,NS
2026-05-02 00:00:00,AGE_55_100,5055,2.84,0.0,435,0.03,14.38,8.61,0.0,0,Nacoes Shopping,NS
2026-05-03 00:00:00,NONE,18,1.67,0.0,1,0.03,0.03,5.56,0.0,0,Nacoes Shopping,NS
2026-05-03 00:00:00,AGE_18_24,14250,2.42,0.0,885,0.04,34.51,6.21,0.0,0,Nacoes Shopping,NS
2026-05-03 00:00:00,AGE_25_34,10799,2.64,0.0,652,0.04,28.47,6.04,0.0,0,Nacoes Shopping,NS
2026-05-03 00:00:00,AGE_35_44,6680,2.32,0.0,391,0.04,15.49,5.85,0.0,0,Nacoes Shopping,NS
2026-05-03 00:00:00,AGE_45_54,4593,2.42,0.0,338,0.03,11.1,7.36,0.0,0,Nacoes Shopping,NS
2026-05-03 00:00:00,AGE_55_100,4961,2.28,0.0,451,0.03,11.31,9.09,0.0,0,Nacoes Shopping,NS
2026-05-04 00:00:00,NONE,22,1.36,0.0,0,0.0,0.03,0.0,0.0,0,Nacoes Shopping,NS
2026-05-04 00:00:00,AGE_18_24,5794,2.69,0.0,292,0.05,15.61,5.04,0.0,0,Nacoes Shopping,NS
2026-05-04 00:00:00,AGE_25_34,4409,3.2,0.0,219,0.06,14.1,4.97,0.0,0,Nacoes Shopping,NS
2026-05-04 00:00:00,AGE_35_44,2401,3.29,0.0,155,0.05,7.89,6.46,0.0,0,Nacoes Shopping,NS
2026-05-04 00:00:00,AGE_45_54,1810,2.85,0.0,132,0.04,5.15,7.29,0.0,0,Nacoes Shopping,NS
2026-05-04 00:00:00,AGE_55_100,2478,2.85,0.0,215,0.03,7.06,8.68,0.0,0,Nacoes Shopping,NS
2026-05-05 00:00:00,NONE,16,0.63,0.0,0,0.0,0.01,0.0,0.0,0,Nacoes Shopping,NS
2026-05-05 00:00:00,AGE_18_24,3575,1.95,0.0,15,0.46,6.97,0.42,0.0,0,Nacoes Shopping,NS
2026-05-05 00:00:00,AGE_25_34,3314,1.78,0.0,8,0.74,5.91,0.24,0.0,0,Nacoes Shopping,NS
2026-05-05 00:00:00,AGE_35_44,1974,1.77,0.0,9,0.39,3.49,0.46,0.0,0,Nacoes Shopping,NS
2026-05-05 00:00:00,AGE_45_54,1491,1.76,0.0,4,0.66,2.62,0.27,0.0,0,Nacoes Shopping,NS
2026-05-05 00:00:00,AGE_55_100,1569,1.6,0.0,6,0.42,2.51,0.38,0.0,0,Nacoes Shopping,NS
2026-05-06 00:00:00,NONE,30,2.0,0.0,0,0.0,0.06,0.0,0.0,0,Nacoes Shopping,NS
2026-05-06 00:00:00,AGE_18_24,10742,2.7,0.0,340,0.09,29.04,3.17,0.0,0,Nacoes Shopping,NS
2026-05-06 00:00:00,AGE_25_34,8698,2.8,0.0,254,0.1,24.33,2.92,0.0,0,Nacoes Shopping,NS
2026-05-06 00:00:00,AGE_35_44,4953,2.49,0.0,133,0.09,12.34,2.69,0.0,0,Nacoes Shopping,NS
2026-05-06 00:00:00,AGE_45_54,4148,2.85,0.0,209,0.06,11.82,5.04,0.0,0,Nacoes Shopping,NS
2026-05-06 00:00:00,AGE_55_100,4926,2.51,0.0,210,0.06,12.37,4.26,0.0,0,Nacoes Shopping,NS
2026-05-07 00:00:00,NONE,43,1.86,0.0,0,0.0,0.08,0.0,0.0,0,Nacoes Shopping,NS
2026-05-07 00:00:00,AGE_18_24,15170,3.04,0.0,867,0.05,46.17,5.72,0.0,0,Nacoes Shopping,NS
2026-05-07 00:00:00,AGE_25_34,9774,3.0,0.0,393,0.07,29.35,4.02,0.0,0,Nacoes Shopping,NS
2026-05-07 00:00:00,AGE_35_44,5981,3.07,0.0,343,0.05,18.36,5.73,0.0,0,Nacoes Shopping,NS
2026-05-07 00:00:00,AGE_45_54,5597,2.91,0.0,343,0.05,16.26,6.13,0.0,0,Nacoes Shopping,NS
2026-05-07 00:00:00,AGE_55_100,6310,2.95,0.0,432,0.04,18.59,6.85,0.0,0,Nacoes Shopping,NS
2026-05-08 00:00:00,NONE,45,3.78,0.0,1,0.17,0.17,2.22,0.0,0,Nacoes Shopping,NS
2026-05-08 00:00:00,AGE_18_24,14143,2.86,0.0,795,0.05,40.44,5.62,0.0,0,Nacoes Shopping,NS
2026-05-08 00:00:00,AGE_25_34,9422,2.74,0.0,374,0.07,25.78,3.97,0.0,0,Nacoes Shopping,NS
2026-05-08 00:00:00,AGE_35_44,5540,3.03,0.0,336,0.05,16.81,6.06,0.0,0,Nacoes Shopping,NS
2026-05-08 00:00:00,AGE_45_54,5125,3.28,0.0,428,0.04,16.83,8.35,0.0,0,Nacoes Shopping,NS
2026-05-08 00:00:00,AGE_55_100,5487,3.12,0.0,518,0.03,17.13,9.44,0.0,0,Nacoes Shopping,NS
2026-05-09 00:00:00,NONE,39,2.05,0.0,0,0.0,0.08,0.0,0.0,0,Nacoes Shopping,NS
2026-05-09 00:00:00,AGE_18_24,12755,2.95,0.0,859,0.04,37.65,6.73,0.0,0,Nacoes Shopping,NS
2026-05-09 00:00:00,AGE_25_34,8538,2.85,0.0,361,0.07,24.37,4.23,0.0,0,Nacoes Shopping,NS
2026-05-09 00:00:00,AGE_35_44,5335,2.86,0.0,339,0.05,15.28,6.35,0.0,0,Nacoes Shopping,NS
2026-05-09 00:00:00,AGE_45_54,4684,3.07,0.0,372,0.04,14.38,7.94,0.0,0,Nacoes Shopping,NS
2026-05-09 00:00:00,AGE_55_100,5486,3.1,0.0,518,0.03,17.03,9.44,0.0,0,Nacoes Shopping,NS
2026-05-10 00:00:00,NONE,53,3.02,0.0,0,0.0,0.16,0.0,0.0,0,Nacoes Shopping,NS
2026-05-10 00:00:00,AGE_18_24,11624,2.74,0.0,715,0.04,31.86,6.15,0.0,0,Nacoes Shopping,NS
2026-05-10 00:00:00,AGE_25_34,8820,2.67,0.0,386,0.06,23.52,4.38,0.0,0,Nacoes Shopping,NS
2026-05-10 00:00:00,AGE_35_44,5293,2.88,0.0,299,0.05,15.25,5.65,0.0,0,Nacoes Shopping,NS
2026-05-10 00:00:00,AGE_45_54,4972,3.0,0.0,428,0.03,14.9,8.61,0.0,0,Nacoes Shopping,NS
2026-05-10 00:00:00,AGE_55_100,5021,2.32,0.0,324,0.04,11.67,6.45,0.0,0,Nacoes Shopping,NS
2026-05-11 00:00:00,NONE,18,2.22,0.0,0,0.0,0.04,0.0,0.0,0,Nacoes Shopping,NS
2026-05-11 00:00:00,AGE_18_24,4581,2.66,0.0,223,0.05,12.18,4.87,0.0,0,Nacoes Shopping,NS
2026-05-11 00:00:00,AGE_25_34,3560,2.8,0.0,114,0.09,9.98,3.2,0.0,0,Nacoes Shopping,NS
2026-05-11 00:00:00,AGE_35_44,2116,2.84,0.0,78,0.08,6.01,3.69,0.0,0,Nacoes Shopping,NS
2026-05-11 00:00:00,AGE_45_54,1942,3.12,0.0,153,0.04,6.06,7.88,0.0,0,Nacoes Shopping,NS
2026-05-11 00:00:00,AGE_55_100,2049,2.88,0.0,155,0.04,5.91,7.56,0.0,0,Nacoes Shopping,NS
2026-05-12 00:00:00,NONE,0,0.0,0.0,0,0.0,0.0,0.0,0.0,0,Nacoes Shopping,NS
2026-05-12 00:00:00,AGE_18_24,0,0.0,0.0,0,0.0,0.0,0.0,0.0,0,Nacoes Shopping,NS
2026-05-12 00:00:00,AGE_25_34,0,0.0,0.0,0,0.0,0.0,0.0,0.0,0,Nacoes Shopping,NS
2026-05-12 00:00:00,AGE_35_44,0,0.0,0.0,0,0.0,0.0,0.0,0.0,0,Nacoes Shopping,NS
2026-05-12 00:00:00,AGE_45_54,0,0.0,0.0,0,0.0,0.0,0.0,0.0,0,Nacoes Shopping,NS
2026-05-12 00:00:00,AGE_55_100,0,0.0,0.0,0,0.0,0.0,0.0,0.0,0,Nacoes Shopping,NS
2026-05-13 00:00:00,NONE,0,0.0,0.0,0,0.0,0.0,0.0,0.0,0,Nacoes Shopping,NS
2026-05-13 00:00:00,AGE_18_24,0,0.0,0.0,0,0.0,0.0,0.0,0.0,0,Nacoes Shopping,NS
2026-05-13 00:00:00,AGE_25_34,0,0.0,0.0,0,0.0,0.0,0.0,0.0,0,Nacoes Shopping,NS
2026-05-13 00:00:00,AGE_35_44,0,0.0,0.0,0,0.0,0.0,0.0,0.0,0,Nacoes Shopping,NS
2026-05-14 00:00:00,NONE,0,0.0,0.0,0,0.0,0.0,0.0,0.0,0,Nacoes Shopping,NS
2026-05-14 00:00:00,AGE_18_24,0,0.0,0.0,0,0.0,0.0,0.0,0.0,0,Nacoes Shopping,NS
2026-05-14 00:00:00,AGE_25_34,0,0.0,0.0,0,0.0,0.0,0.0,0.0,0,Nacoes Shopping,NS
2026-05-14 00:00:00,AGE_35_44,0,0.0,0.0,0,0.0,0.0,0.0,0.0,0,Nacoes Shopping,NS
2026-05-15 00:00:00,NONE,0,0.0,0.0,0,0.0,0.0,0.0,0.0,0,Nacoes Shopping,NS
2026-05-15 00:00:00,AGE_18_24,0,0.0,0.0,0,0.0,0.0,0.0,0.0,0,Nacoes Shopping,NS
2026-05-15 00:00:00,AGE_25_34,0,0.0,0.0,0,0.0,0.0,0.0,0.0,0,Nacoes Shopping,NS
2026-05-15 00:00:00,AGE_45_54,0,0.0,0.0,0,0.0,0.0,0.0,0.0,0,Nacoes Shopping,NS
2026-05-16 00:00:00,NONE,0,0.0,0.0,0,0.0,0.0,0.0,0.0,0,Nacoes Shopping,NS
2026-05-16 00:00:00,AGE_25_34,0,0.0,0.0,0,0.0,0.0,0.0,0.0,0,Nacoes Shopping,NS
2026-05-17 00:00:00,NONE,0,0.0,0.0,0,0.0,0.0,0.0,0.0,0,Nacoes Shopping,NS
2026-05-17 00:00:00,AGE_35_44,0,0.0,0.0,0,0.0,0.0,0.0,0.0,0,Nacoes Shopping,NS
2026-05-18 00:00:00,NONE,0,0.0,0.0,0,0.0,0.0,0.0,0.0,0,Nacoes Shopping,NS
2026-05-18 00:00:00,AGE_35_44,0,0.0,0.0,0,0.0,0.0,0.0,0.0,0,Nacoes Shopping,NS
2026-05-19 00:00:00,AGE_25_34,0,0.0,0.0,0,0.0,0.0,0.0,0.0,0,Nacoes Shopping,NS
2026-05-19 00:00:00,AGE_35_44,0,0.0,0.0,0,0.0,0.0,0.0,0.0,0,Nacoes Shopping,NS
2026-05-20 00:00:00,NONE,0,0.0,0.0,0,0.0,0.0,0.0,0.0,0,Nacoes Shopping,NS
2026-05-20 00:00:00,AGE_18_24,0,0.0,0.0,0,0.0,0.0,0.0,0.0,0,Nacoes Shopping,NS
2026-05-21 00:00:00,NONE,0,0.0,0.0,0,0.0,0.0,0.0,0.0,0,Nacoes Shopping,NS
2026-05-22 00:00:00,NONE,0,0.0,0.0,0,0.0,0.0,0.0,0.0,0,Nacoes Shopping,NS
2026-05-23 00:00:00,NONE,0,0.0,0.0,0,0.0,0.0,0.0,0.0,0,Nacoes Shopping,NS
2026-05-24 00:00:00,NONE,0,0.0,0.0,0,0.0,0.0,0.0,0.0,0,Nacoes Shopping,NS
2026-05-25 00:00:00,NONE,0,0.0,0.0,0,0.0,0.0,0.0,0.0,0,Nacoes Shopping,NS
2026-05-25 00:00:00,AGE_55_100,0,0.0,0.0,0,0.0,0.0,0.0,0.0,0,Nacoes Shopping,NS
2026-05-26 00:00:00,NONE,0,0.0,0.0,0,0.0,0.0,0.0,0.0,0,Nacoes Shopping,NS
2026-05-27 00:00:00,NONE,0,0.0,0.0,0,0.0,0.0,0.0,0.0,0,Nacoes Shopping,NS
2026-05-27 00:00:00,AGE_18_24,0,0.0,0.0,0,0.0,0.0,0.0,0.0,0,Nacoes Shopping,NS
2026-05-28 00:00:00,NONE,7,4.29,0.0,1,0.03,0.03,14.29,0.0,0,Nacoes Shopping,NS
2026-05-28 00:00:00,AGE_18_24,5871,2.37,0.0,204,0.07,13.93,3.47,0.0,0,Nacoes Shopping,NS
2026-05-28 00:00:00,AGE_25_34,4333,2.5,0.0,138,0.08,10.83,3.18,0.0,0,Nacoes Shopping,NS
2026-05-28 00:00:00,AGE_35_44,2458,2.79,0.0,114,0.06,6.85,4.64,0.0,0,Nacoes Shopping,NS
2026-05-28 00:00:00,AGE_45_54,3097,3.06,0.0,222,0.04,9.47,7.17,0.0,0,Nacoes Shopping,NS
2026-05-28 00:00:00,AGE_55_100,3832,2.8,0.0,250,0.04,10.73,6.52,0.0,0,Nacoes Shopping,NS
2026-05-29 00:00:00,NONE,8,3.75,0.0,0,0.0,0.03,0.0,0.0,0,Nacoes Shopping,NS
2026-05-29 00:00:00,AGE_18_24,8702,3.0,0.0,421,0.06,26.09,4.84,0.0,0,Nacoes Shopping,NS
2026-05-29 00:00:00,AGE_25_34,6868,2.75,0.0,204,0.09,18.89,2.97,0.0,0,Nacoes Shopping,NS
2026-05-29 00:00:00,AGE_35_44,3787,3.06,0.0,190,0.06,11.57,5.02,0.0,0,Nacoes Shopping,NS
2026-05-29 00:00:00,AGE_45_54,3815,3.04,0.0,242,0.05,11.61,6.34,0.0,0,Nacoes Shopping,NS
2026-05-29 00:00:00,AGE_55_100,5358,2.92,0.0,325,0.05,15.63,6.07,0.0,0,Nacoes Shopping,NS
2026-05-30 00:00:00,NONE,19,1.58,0.0,0,0.0,0.03,0.0,0.0,0,Nacoes Shopping,NS
2026-05-30 00:00:00,AGE_18_24,8707,2.67,0.0,364,0.06,23.21,4.18,0.0,0,Nacoes Shopping,NS
2026-05-30 00:00:00,AGE_25_34,7537,2.56,0.0,224,0.09,19.32,2.97,0.0,0,Nacoes Shopping,NS
2026-05-30 00:00:00,AGE_35_44,4062,2.98,0.0,215,0.06,12.09,5.29,0.0,0,Nacoes Shopping,NS
2026-05-30 00:00:00,AGE_45_54,3879,3.36,0.0,311,0.04,13.04,8.02,0.0,0,Nacoes Shopping,NS
2026-05-30 00:00:00,AGE_55_100,4722,3.08,0.0,369,0.04,14.53,7.81,0.0,0,Nacoes Shopping,NS
2026-05-31 00:00:00,NONE,29,3.1,0.0,0,0.0,0.09,0.0,0.0,0,Nacoes Shopping,NS
2026-05-31 00:00:00,AGE_18_24,9556,2.57,0.0,493,0.05,24.6,5.16,0.0,0,Nacoes Shopping,NS
2026-05-31 00:00:00,AGE_25_34,8229,2.47,0.0,309,0.07,20.34,3.76,0.0,0,Nacoes Shopping,NS
2026-05-31 00:00:00,AGE_35_44,4448,2.72,0.0,228,0.05,12.08,5.13,0.0,0,Nacoes Shopping,NS
2026-05-31 00:00:00,AGE_45_54,4357,3.0,0.0,350,0.04,13.06,8.03,0.0,0,Nacoes Shopping,NS
2026-05-31 00:00:00,AGE_55_100,5370,2.64,0.0,423,0.03,14.18,7.88,0.0,0,Nacoes Shopping,NS
2026-06-01 00:00:00,NONE,29,4.14,0.0,0,0.0,0.12,0.0,0.0,0,Nacoes Shopping,NS
2026-06-01 00:00:00,AGE_18_24,9192,2.36,0.0,382,0.06,21.72,4.16,0.0,0,Nacoes Shopping,NS
2026-06-01 00:00:00,AGE_25_34,8916,2.25,0.0,286,0.07,20.07,3.21,0.0,0,Nacoes Shopping,NS
2026-06-01 00:00:00,AGE_35_44,4851,2.63,0.0,360,0.04,12.77,7.42,0.0,0,Nacoes Shopping,NS
2026-06-01 00:00:00,AGE_45_54,3973,2.42,0.0,238,0.04,9.63,5.99,0.0,0,Nacoes Shopping,NS
2026-06-01 00:00:00,AGE_55_100,5509,2.96,0.0,593,0.03,16.29,10.76,0.0,0,Nacoes Shopping,NS
2026-06-02 00:00:00,NONE,51,1.37,0.0,0,0.0,0.07,0.0,0.0,0,Nacoes Shopping,NS
2026-06-02 00:00:00,AGE_18_24,8112,2.66,0.0,394,0.05,21.61,4.86,0.0,0,Nacoes Shopping,NS
2026-06-02 00:00:00,AGE_25_34,7582,2.5,0.0,189,0.1,18.93,2.49,0.0,0,Nacoes Shopping,NS
2026-06-02 00:00:00,AGE_35_44,4351,2.77,0.0,244,0.05,12.06,5.61,0.0,0,Nacoes Shopping,NS
2026-06-02 00:00:00,AGE_45_54,3451,2.85,0.0,287,0.03,9.84,8.32,0.0,0,Nacoes Shopping,NS
2026-06-02 00:00:00,AGE_55_100,4804,3.34,0.0,628,0.03,16.05,13.07,0.0,0,Nacoes Shopping,NS
2026-06-03 00:00:00,NONE,41,1.95,0.0,0,0.0,0.08,0.0,0.0,0,Nacoes Shopping,NS
2026-06-03 00:00:00,AGE_18_24,7673,2.9,0.0,427,0.05,22.27,5.56,0.0,0,Nacoes Shopping,NS
2026-06-03 00:00:00,AGE_25_34,8135,2.62,0.0,292,0.07,21.34,3.59,0.0,0,Nacoes Shopping,NS
2026-06-03 00:00:00,AGE_35_44,3964,2.67,0.0,221,0.05,10.57,5.58,0.0,0,Nacoes Shopping,NS
2026-06-03 00:00:00,AGE_45_54,3663,2.93,0.0,360,0.03,10.72,9.83,0.0,0,Nacoes Shopping,NS
2026-06-03 00:00:00,AGE_55_100,4731,3.08,0.0,603,0.02,14.58,12.75,0.0,0,Nacoes Shopping,NS
2026-06-04 00:00:00,NONE,44,2.27,0.0,1,0.1,0.1,2.27,0.0,0,Nacoes Shopping,NS
2026-06-04 00:00:00,AGE_18_24,8894,2.56,0.0,445,0.05,22.73,5.0,0.0,0,Nacoes Shopping,NS
2026-06-04 00:00:00,AGE_25_34,8063,2.53,0.0,327,0.06,20.41,4.06,0.0,0,Nacoes Shopping,NS
2026-06-04 00:00:00,AGE_35_44,4205,2.8,0.0,377,0.03,11.76,8.97,0.0,0,Nacoes Shopping,NS
2026-06-04 00:00:00,AGE_45_54,3934,2.83,0.0,413,0.03,11.15,10.5,0.0,0,Nacoes Shopping,NS
2026-06-04 00:00:00,AGE_55_100,4805,2.86,0.0,596,0.02,13.72,12.4,0.0,0,Nacoes Shopping,NS
2026-06-05 00:00:00,NONE,24,4.17,0.0,0,0.0,0.1,0.0,0.0,0,Nacoes Shopping,NS
2026-06-05 00:00:00,AGE_18_24,8871,2.46,0.0,519,0.04,21.78,5.85,0.0,0,Nacoes Shopping,NS
2026-06-05 00:00:00,AGE_25_34,7410,2.14,0.0,196,0.08,15.86,2.65,0.0,0,Nacoes Shopping,NS
2026-06-05 00:00:00,AGE_35_44,4038,2.44,0.0,257,0.04,9.87,6.36,0.0,0,Nacoes Shopping,NS
2026-06-05 00:00:00,AGE_45_54,4010,2.6,0.0,310,0.03,10.43,7.73,0.0,0,Nacoes Shopping,NS
2026-06-05 00:00:00,AGE_55_100,5181,2.57,0.0,445,0.03,13.34,8.59,0.0,0,Nacoes Shopping,NS
2026-06-06 00:00:00,NONE,32,2.5,0.0,0,0.0,0.08,0.0,0.0,0,Nacoes Shopping,NS
2026-06-06 00:00:00,AGE_18_24,8369,2.5,0.0,475,0.04,20.95,5.68,0.0,0,Nacoes Shopping,NS
2026-06-06 00:00:00,AGE_25_34,7448,2.32,0.0,276,0.06,17.26,3.71,0.0,0,Nacoes Shopping,NS
2026-06-06 00:00:00,AGE_35_44,3814,2.43,0.0,202,0.05,9.25,5.3,0.0,0,Nacoes Shopping,NS
2026-06-06 00:00:00,AGE_45_54,3633,2.82,0.0,291,0.04,10.26,8.01,0.0,0,Nacoes Shopping,NS
2026-06-06 00:00:00,AGE_55_100,4648,2.76,0.0,432,0.03,12.82,9.29,0.0,0,Nacoes Shopping,NS
2026-06-07 00:00:00,NONE,35,2.86,0.0,0,0.0,0.1,0.0,0.0,0,Nacoes Shopping,NS
2026-06-07 00:00:00,AGE_18_24,9072,2.29,0.0,567,0.04,20.76,6.25,0.0,0,Nacoes Shopping,NS
2026-06-07 00:00:00,AGE_25_34,7893,2.0,0.0,239,0.07,15.82,3.03,0.0,0,Nacoes Shopping,NS
2026-06-07 00:00:00,AGE_35_44,4244,2.45,0.0,267,0.04,10.41,6.29,0.0,0,Nacoes Shopping,NS
2026-06-07 00:00:00,AGE_45_54,4320,2.72,0.0,411,0.03,11.76,9.51,0.0,0,Nacoes Shopping,NS
2026-06-07 00:00:00,AGE_55_100,4996,2.35,0.0,420,0.03,11.75,8.41,0.0,0,Nacoes Shopping,NS
2026-06-08 00:00:00,NONE,29,3.45,0.0,1,0.1,0.1,3.45,0.0,0,Nacoes Shopping,NS
2026-06-08 00:00:00,AGE_18_24,8407,2.48,0.0,475,0.04,20.81,5.65,0.0,0,Nacoes Shopping,NS
2026-06-08 00:00:00,AGE_25_34,7559,2.28,0.0,263,0.07,17.27,3.48,0.0,0,Nacoes Shopping,NS
2026-06-08 00:00:00,AGE_35_44,4106,2.49,0.0,228,0.04,10.24,5.55,0.0,0,Nacoes Shopping,NS
2026-06-08 00:00:00,AGE_45_54,3817,2.56,0.0,295,0.03,9.78,7.73,0.0,0,Nacoes Shopping,NS
2026-06-08 00:00:00,AGE_55_100,4321,2.2,0.0,288,0.03,9.49,6.67,0.0,0,Nacoes Shopping,NS
2026-06-09 00:00:00,NONE,28,0.71,0.0,0,0.0,0.02,0.0,0.0,0,Nacoes Shopping,NS
2026-06-09 00:00:00,AGE_18_24,8080,2.62,0.0,444,0.05,21.14,5.5,0.0,0,Nacoes Shopping,NS
2026-06-09 00:00:00,AGE_25_34,7369,2.18,0.0,182,0.09,16.07,2.47,0.0,0,Nacoes Shopping,NS
2026-06-09 00:00:00,AGE_35_44,3686,2.49,0.0,174,0.05,9.19,4.72,0.0,0,Nacoes Shopping,NS
2026-06-09 00:00:00,AGE_45_54,3362,2.72,0.0,264,0.03,9.14,7.85,0.0,0,Nacoes Shopping,NS
2026-06-09 00:00:00,AGE_55_100,4337,2.46,0.0,354,0.03,10.67,8.16,0.0,0,Nacoes Shopping,NS
2026-06-10 00:00:00,NONE,30,1.0,0.0,0,0.0,0.03,0.0,0.0,0,Nacoes Shopping,NS
2026-06-10 00:00:00,AGE_18_24,7244,2.66,0.0,333,0.06,19.27,4.6,0.0,0,Nacoes Shopping,NS
2026-06-10 00:00:00,AGE_25_34,6943,2.5,0.0,188,0.09,17.34,2.71,0.0,0,Nacoes Shopping,NS
2026-06-10 00:00:00,AGE_35_44,3456,2.65,0.0,180,0.05,9.17,5.21,0.0,0,Nacoes Shopping,NS
2026-06-10 00:00:00,AGE_45_54,3320,2.84,0.0,262,0.04,9.43,7.89,0.0,0,Nacoes Shopping,NS
2026-06-10 00:00:00,AGE_55_100,3797,2.67,0.0,320,0.03,10.12,8.43,0.0,0,Nacoes Shopping,NS
2026-06-11 00:00:00,NONE,26,2.69,0.0,0,0.0,0.07,0.0,0.0,0,Nacoes Shopping,NS
2026-06-11 00:00:00,AGE_18_24,7156,2.43,0.0,271,0.06,17.4,3.79,0.0,0,Nacoes Shopping,NS
2026-06-11 00:00:00,AGE_25_34,6289,2.35,0.0,169,0.09,14.75,2.69,0.0,0,Nacoes Shopping,NS
2026-06-11 00:00:00,AGE_35_44,3322,2.53,0.0,155,0.05,8.41,4.67,0.0,0,Nacoes Shopping,NS
2026-06-11 00:00:00,AGE_45_54,3448,2.81,0.0,263,0.04,9.68,7.63,0.0,0,Nacoes Shopping,NS
2026-06-11 00:00:00,AGE_55_100,4555,2.55,0.0,405,0.03,11.61,8.89,0.0,0,Nacoes Shopping,NS
2026-06-12 00:00:00,NONE,32,3.75,0.0,0,0.0,0.12,0.0,0.0,0,Nacoes Shopping,NS
2026-06-12 00:00:00,AGE_18_24,6946,2.61,0.0,301,0.06,18.12,4.33,0.0,0,Nacoes Shopping,NS
2026-06-12 00:00:00,AGE_25_34,5353,2.35,0.0,117,0.11,12.59,2.19,0.0,0,Nacoes Shopping,NS
2026-06-12 00:00:00,AGE_35_44,2762,2.5,0.0,97,0.07,6.91,3.51,0.0,0,Nacoes Shopping,NS
2026-06-12 00:00:00,AGE_45_54,3272,2.42,0.0,217,0.04,7.93,6.63,0.0,0,Nacoes Shopping,NS
2026-06-12 00:00:00,AGE_55_100,5423,2.24,0.0,469,0.03,12.17,8.65,0.0,0,Nacoes Shopping,NS
2026-06-13 00:00:00,NONE,25,2.8,0.0,0,0.0,0.07,0.0,0.0,0,Nacoes Shopping,NS
2026-06-13 00:00:00,AGE_18_24,6524,2.42,0.0,250,0.06,15.8,3.83,0.0,0,Nacoes Shopping,NS
2026-06-13 00:00:00,AGE_25_34,5481,2.08,0.0,110,0.1,11.4,2.01,0.0,0,Nacoes Shopping,NS
2026-06-13 00:00:00,AGE_35_44,2634,2.51,0.0,107,0.06,6.62,4.06,0.0,0,Nacoes Shopping,NS
2026-06-13 00:00:00,AGE_45_54,2551,2.58,0.0,160,0.04,6.59,6.27,0.0,0,Nacoes Shopping,NS
2026-06-13 00:00:00,AGE_55_100,3423,2.39,0.0,234,0.03,8.17,6.84,0.0,0,Nacoes Shopping,NS
2026-06-14 00:00:00,NONE,14,3.57,0.0,0,0.0,0.05,0.0,0.0,0,Nacoes Shopping,NS
2026-06-14 00:00:00,AGE_18_24,2957,1.93,0.0,90,0.06,5.7,3.04,0.0,0,Nacoes Shopping,NS
2026-06-14 00:00:00,AGE_25_34,2591,1.8,0.0,20,0.23,4.66,0.77,0.0,0,Nacoes Shopping,NS
2026-06-14 00:00:00,AGE_35_44,1458,1.74,0.0,26,0.1,2.54,1.78,0.0,0,Nacoes Shopping,NS
2026-06-14 00:00:00,AGE_45_54,1208,1.58,0.0,15,0.13,1.91,1.24,0.0,0,Nacoes Shopping,NS
2026-06-14 00:00:00,AGE_55_100,1514,1.7,0.0,35,0.07,2.58,2.31,0.0,0,Nacoes Shopping,NS
2026-06-15 00:00:00,NONE,6,1.67,0.0,0,0.0,0.01,0.0,0.0,0,Nacoes Shopping,NS
2026-06-15 00:00:00,AGE_18_24,2236,1.52,0.0,0,0.0,3.39,0.0,0.0,0,Nacoes Shopping,NS
2026-06-15 00:00:00,AGE_25_34,2018,1.65,0.0,0,0.0,3.33,0.0,0.0,0,Nacoes Shopping,NS
2026-06-15 00:00:00,AGE_35_44,1044,1.52,0.0,0,0.0,1.59,0.0,0.0,0,Nacoes Shopping,NS
2026-06-15 00:00:00,AGE_45_54,968,1.5,0.0,0,0.0,1.45,0.0,0.0,0,Nacoes Shopping,NS
2026-06-15 00:00:00,AGE_55_100,1095,1.05,0.0,0,0.0,1.15,0.0,0.0,0,Nacoes Shopping,NS
2026-06-16 00:00:00,NONE,7,5.71,0.0,0,0.0,0.04,0.0,0.0,0,Nacoes Shopping,NS
2026-06-16 00:00:00,AGE_18_24,2024,1.72,0.0,0,0.0,3.48,0.0,0.0,0,Nacoes Shopping,NS
2026-06-16 00:00:00,AGE_25_34,1822,1.73,0.0,0,0.0,3.15,0.0,0.0,0,Nacoes Shopping,NS
2026-06-16 00:00:00,AGE_35_44,876,1.86,0.0,0,0.0,1.63,0.0,0.0,0,Nacoes Shopping,NS
2026-06-16 00:00:00,AGE_45_54,809,1.62,0.0,0,0.0,1.31,0.0,0.0,0,Nacoes Shopping,NS
2026-06-16 00:00:00,AGE_55_100,919,1.63,0.0,0,0.0,1.5,0.0,0.0,0,Nacoes Shopping,NS
2026-06-17 00:00:00,NONE,6,1.67,0.0,0,0.0,0.01,0.0,0.0,0,Nacoes Shopping,NS
2026-06-17 00:00:00,AGE_18_24,1716,1.95,0.0,0,0.0,3.35,0.0,0.0,0,Nacoes Shopping,NS
2026-06-17 00:00:00,AGE_25_34,1418,2.04,0.0,0,0.0,2.89,0.0,0.0,0,Nacoes Shopping,NS
2026-06-17 00:00:00,AGE_35_44,845,2.07,0.0,0,0.0,1.75,0.0,0.0,0,Nacoes Shopping,NS
2026-06-17 00:00:00,AGE_45_54,680,1.68,0.0,0,0.0,1.14,0.0,0.0,0,Nacoes Shopping,NS
2026-06-17 00:00:00,AGE_55_100,756,1.69,0.0,0,0.0,1.28,0.0,0.0,0,Nacoes Shopping,NS
2026-06-18 00:00:00,NONE,7,2.86,0.0,0,0.0,0.02,0.0,0.0,0,Nacoes Shopping,NS
2026-06-18 00:00:00,AGE_18_24,1913,1.92,0.0,0,0.0,3.68,0.0,0.0,0,Nacoes Shopping,NS
2026-06-18 00:00:00,AGE_25_34,1346,2.18,0.0,0,0.0,2.93,0.0,0.0,0,Nacoes Shopping,NS
2026-06-18 00:00:00,AGE_35_44,980,2.08,0.0,0,0.0,2.04,0.0,0.0,0,Nacoes Shopping,NS
2026-06-18 00:00:00,AGE_45_54,868,1.6,0.0,0,0.0,1.39,0.0,0.0,0,Nacoes Shopping,NS
2026-06-18 00:00:00,AGE_55_100,862,1.53,0.0,0,0.0,1.32,0.0,0.0,0,Nacoes Shopping,NS
2026-06-19 00:00:00,NONE,3,6.67,0.0,0,0.0,0.02,0.0,0.0,0,Nacoes Shopping,NS
2026-06-19 00:00:00,AGE_18_24,1736,2.13,0.0,0,0.0,3.69,0.0,0.0,0,Nacoes Shopping,NS
2026-06-19 00:00:00,AGE_25_34,990,2.25,0.0,0,0.0,2.23,0.0,0.0,0,Nacoes Shopping,NS
2026-06-19 00:00:00,AGE_35_44,819,2.15,0.0,0,0.0,1.76,0.0,0.0,0,Nacoes Shopping,NS
2026-06-19 00:00:00,AGE_45_54,791,1.95,0.0,0,0.0,1.54,0.0,0.0,0,Nacoes Shopping,NS
2026-06-19 00:00:00,AGE_55_100,704,1.99,0.0,0,0.0,1.4,0.0,0.0,0,Nacoes Shopping,NS
2026-06-20 00:00:00,NONE,8,3.75,0.0,0,0.0,0.03,0.0,0.0,0,Nacoes Shopping,NS
2026-06-20 00:00:00,AGE_18_24,2154,1.73,0.0,0,0.0,3.73,0.0,0.0,0,Nacoes Shopping,NS
2026-06-20 00:00:00,AGE_25_34,1124,2.04,0.0,0,0.0,2.29,0.0,0.0,0,Nacoes Shopping,NS
2026-06-20 00:00:00,AGE_35_44,892,1.87,0.0,0,0.0,1.67,0.0,0.0,0,Nacoes Shopping,NS
2026-06-20 00:00:00,AGE_45_54,857,1.65,0.0,0,0.0,1.41,0.0,0.0,0,Nacoes Shopping,NS
2026-06-20 00:00:00,AGE_55_100,605,1.59,0.0,0,0.0,0.96,0.0,0.0,0,Nacoes Shopping,NS
2026-06-21 00:00:00,NONE,2,5.0,0.0,0,0.0,0.01,0.0,0.0,0,Nacoes Shopping,NS
2026-06-21 00:00:00,AGE_18_24,2057,1.51,0.0,0,0.0,3.11,0.0,0.0,0,Nacoes Shopping,NS
2026-06-21 00:00:00,AGE_25_34,1186,1.71,0.0,0,0.0,2.03,0.0,0.0,0,Nacoes Shopping,NS
2026-06-21 00:00:00,AGE_35_44,903,1.82,0.0,0,0.0,1.64,0.0,0.0,0,Nacoes Shopping,NS
2026-06-21 00:00:00,AGE_45_54,891,1.81,0.0,0,0.0,1.61,0.0,0.0,0,Nacoes Shopping,NS
2026-06-21 00:00:00,AGE_55_100,624,1.46,0.0,0,0.0,0.91,0.0,0.0,0,Nacoes Shopping,NS
2026-06-22 00:00:00,NONE,4,0.0,0.0,0,0.0,0.0,0.0,0.0,0,Nacoes Shopping,NS
2026-06-22 00:00:00,AGE_18_24,1868,1.66,0.0,0,0.0,3.11,0.0,0.0,0,Nacoes Shopping,NS
2026-06-22 00:00:00,AGE_25_34,1057,1.98,0.0,0,0.0,2.09,0.0,0.0,0,Nacoes Shopping,NS
2026-06-22 00:00:00,AGE_35_44,838,1.9,0.0,0,0.0,1.59,0.0,0.0,0,Nacoes Shopping,NS
2026-06-22 00:00:00,AGE_45_54,765,1.54,0.0,0,0.0,1.18,0.0,0.0,0,Nacoes Shopping,NS
2026-06-22 00:00:00,AGE_55_100,586,1.5,0.0,0,0.0,0.88,0.0,0.0,0,Nacoes Shopping,NS
2026-06-23 00:00:00,NONE,5,0.0,0.0,0,0.0,0.0,0.0,0.0,0,Nacoes Shopping,NS
2026-06-23 00:00:00,AGE_18_24,1602,1.79,0.0,0,0.0,2.86,0.0,0.0,0,Nacoes Shopping,NS
2026-06-23 00:00:00,AGE_25_34,1071,2.14,0.0,0,0.0,2.29,0.0,0.0,0,Nacoes Shopping,NS
2026-06-23 00:00:00,AGE_35_44,811,1.92,0.0,0,0.0,1.56,0.0,0.0,0,Nacoes Shopping,NS
2026-06-23 00:00:00,AGE_45_54,741,1.86,0.0,0,0.0,1.38,0.0,0.0,0,Nacoes Shopping,NS
2026-06-23 00:00:00,AGE_55_100,569,1.7,0.0,0,0.0,0.97,0.0,0.0,0,Nacoes Shopping,NS
2026-06-24 00:00:00,NONE,2,5.0,0.0,0,0.0,0.01,0.0,0.0,0,Nacoes Shopping,NS
2026-06-24 00:00:00,AGE_18_24,1283,2.05,0.0,0,0.0,2.63,0.0,0.0,0,Nacoes Shopping,NS
2026-06-24 00:00:00,AGE_25_34,876,2.49,0.0,0,0.0,2.18,0.0,0.0,0,Nacoes Shopping,NS
2026-06-24 00:00:00,AGE_35_44,658,2.14,0.0,0,0.0,1.41,0.0,0.0,0,Nacoes Shopping,NS
2026-06-24 00:00:00,AGE_45_54,662,2.22,0.0,0,0.0,1.47,0.0,0.0,0,Nacoes Shopping,NS
2026-06-24 00:00:00,AGE_55_100,508,1.97,0.0,0,0.0,1.0,0.0,0.0,0,Nacoes Shopping,NS
2026-06-25 00:00:00,NONE,3,3.33,0.0,0,0.0,0.01,0.0,0.0,0,Nacoes Shopping,NS
2026-06-25 00:00:00,AGE_18_24,1314,1.89,0.0,0,0.0,2.48,0.0,0.0,0,Nacoes Shopping,NS
2026-06-25 00:00:00,AGE_25_34,872,2.21,0.0,0,0.0,1.93,0.0,0.0,0,Nacoes Shopping,NS
2026-06-25 00:00:00,AGE_35_44,664,2.29,0.0,0,0.0,1.52,0.0,0.0,0,Nacoes Shopping,NS
2026-06-25 00:00:00,AGE_45_54,738,1.94,0.0,0,0.0,1.43,0.0,0.0,0,Nacoes Shopping,NS
2026-06-25 00:00:00,AGE_55_100,640,1.98,0.0,0,0.0,1.27,0.0,0.0,0,Nacoes Shopping,NS
2026-06-26 00:00:00,AGE_18_24,1121,2.18,0.0,0,0.0,2.44,0.0,0.0,0,Nacoes Shopping,NS
2026-06-26 00:00:00,AGE_25_34,725,2.32,0.0,0,0.0,1.68,0.0,0.0,0,Nacoes Shopping,NS
2026-06-26 00:00:00,AGE_35_44,608,2.29,0.0,0,0.0,1.39,0.0,0.0,0,Nacoes Shopping,NS
2026-06-26 00:00:00,AGE_45_54,632,1.8,0.0,0,0.0,1.14,0.0,0.0,0,Nacoes Shopping,NS
2026-06-26 00:00:00,AGE_55_100,438,1.8,0.0,0,0.0,0.79,0.0,0.0,0,Nacoes Shopping,NS
2026-06-27 00:00:00,NONE,2,0.0,0.0,0,0.0,0.0,0.0,0.0,0,Nacoes Shopping,NS
2026-06-27 00:00:00,AGE_18_24,1101,2.05,0.0,0,0.0,2.26,0.0,0.0,0,Nacoes Shopping,NS
2026-06-27 00:00:00,AGE_25_34,626,1.87,0.0,0,0.0,1.17,0.0,0.0,0,Nacoes Shopping,NS
2026-06-27 00:00:00,AGE_35_44,556,1.85,0.0,0,0.0,1.03,0.0,0.0,0,Nacoes Shopping,NS
2026-06-27 00:00:00,AGE_45_54,533,2.01,0.0,0,0.0,1.07,0.0,0.0,0,Nacoes Shopping,NS
2026-06-27 00:00:00,AGE_55_100,365,1.97,0.0,0,0.0,0.72,0.0,0.0,0,Nacoes Shopping,NS
2026-06-28 00:00:00,NONE,2,0.0,0.0,0,0.0,0.0,0.0,0.0,0,Nacoes Shopping,NS
2026-06-28 00:00:00,AGE_18_24,1009,1.29,0.0,0,0.0,1.3,0.0,0.0,0,Nacoes Shopping,NS
2026-06-28 00:00:00,AGE_25_34,569,1.97,0.0,0,0.0,1.12,0.0,0.0,0,Nacoes Shopping,NS
2026-06-28 00:00:00,AGE_35_44,493,1.56,0.0,0,0.0,0.77,0.0,0.0,0,Nacoes Shopping,NS
2026-06-28 00:00:00,AGE_45_54,528,1.89,0.0,0,0.0,1.0,0.0,0.0,0,Nacoes Shopping,NS
2026-06-28 00:00:00,AGE_55_100,366,1.61,0.0,0,0.0,0.59,0.0,0.0,0,Nacoes Shopping,NS
2026-06-29 00:00:00,AGE_18_24,507,2.33,0.0,0,0.0,1.18,0.0,0.0,0,Nacoes Shopping,NS
2026-06-29 00:00:00,AGE_25_34,318,2.26,0.0,0,0.0,0.72,0.0,0.0,0,Nacoes Shopping,NS
2026-06-29 00:00:00,AGE_35_44,263,1.67,0.0,0,0.0,0.44,0.0,0.0,0,Nacoes Shopping,NS
2026-06-29 00:00:00,AGE_45_54,303,1.55,0.0,0,0.0,0.47,0.0,0.0,0,Nacoes Shopping,NS
2026-06-29 00:00:00,AGE_55_100,203,2.56,0.0,0,0.0,0.52,0.0,0.0,0,Nacoes Shopping,NS
