campaign_id,stat_time_day,conversion,video_watched_6s,video_views_p25,cpc,video_play_actions,video_views_p75,ctr,average_video_play_per_user,cpm,conversion_rate,average_video_play,total_complete_payment_rate,video_views_p100,engaged_view_15s,clicks,spend,video_watched_2s,cost_per_conversion,video_views_p50,engaged_view,impressions,shopping,shopping_sigla,campaign_name,objective_type
1839172523773954,2025-08-26 00:00:00,0,62,26,0.0,4942,9,0.0,1.63,2.33,0.0,1.23,0.0,6,19,0,11.57,333,0.0,13,63,4971,Nacoes Shopping,NS,ALC - Conteúdos  de Julho/Ago ,REACH
1839172523773954,2025-08-16 00:00:00,0,108,53,0.0,8668,12,0.0,1.75,2.08,0.0,1.3,0.0,4,36,0,18.16,537,0.0,23,104,8732,Nacoes Shopping,NS,ALC - Conteúdos  de Julho/Ago ,REACH
1839171851594785,2025-08-27 00:00:00,0,206,140,0.0,5325,38,0.0,1.71,2.46,0.0,1.68,0.0,21,52,0,13.16,812,0.0,49,203,5354,Nacoes Shopping,NS,Alcance - Copo Stitch ,REACH
1839172523773954,2025-08-06 00:00:00,0,108,54,0.0,8386,15,0.0,1.55,2.21,0.0,1.12,0.0,6,31,0,18.68,577,0.0,20,104,8448,Nacoes Shopping,NS,ALC - Conteúdos  de Julho/Ago ,REACH
1839171851594785,2025-08-17 00:00:00,0,304,239,0.0,8114,64,0.0,1.69,2.01,0.0,1.64,0.0,36,112,0,16.4,1122,0.0,96,304,8164,Nacoes Shopping,NS,Alcance - Copo Stitch ,REACH
1839171851594785,2025-08-07 00:00:00,0,316,238,0.0,8946,66,0.0,1.62,2.09,0.0,1.6,0.0,35,111,0,18.76,1348,0.0,101,320,8992,Nacoes Shopping,NS,Alcance - Copo Stitch ,REACH
1841798413913185,2025-08-30 00:00:00,0,636,328,0.0,19654,57,0.0,2.79,2.26,0.0,1.79,0.0,30,250,0,44.6,2435,0.0,112,646,19748,Nacoes Shopping,NS,Alcance - Conteúdos Ago/Set ,REACH
1841798413913185,2025-09-03 00:00:00,0,775,435,0.0,18283,81,0.0,2.29,2.29,0.0,1.74,0.0,36,327,0,42.37,2906,0.0,165,786,18475,Nacoes Shopping,NS,Alcance - Conteúdos Ago/Set ,REACH
1839171851594785,2025-08-14 00:00:00,0,272,201,0.0,8923,43,0.0,1.63,1.95,0.0,1.6,0.0,26,79,0,17.48,1177,0.0,74,273,8978,Nacoes Shopping,NS,Alcance - Copo Stitch ,REACH
1806749763596289,2025-08-05 00:00:00,0,0,0,0.0,0,0,0.0,0.0,0.0,0.0,0.0,0.0,0,0,0,0.0,0,0.0,0,0,0,Nacoes Shopping,NS,NSpromopais24,TRAFFIC
1839171851594785,2025-08-24 00:00:00,0,145,111,0.0,6307,32,0.0,1.5,2.1,0.0,1.47,0.0,17,51,0,13.29,764,0.0,47,143,6338,Nacoes Shopping,NS,Alcance - Copo Stitch ,REACH
1839171851594785,2025-09-03 00:00:00,0,0,0,0.0,0,0,0.0,0.0,0.0,0.0,0.0,0.0,0,0,0,0.0,0,0.0,0,0,0,Nacoes Shopping,NS,Alcance - Copo Stitch ,REACH
1839172523773954,2025-09-02 00:00:00,0,0,0,0.0,0,0,0.0,0.0,0.0,0.0,0.0,0.0,0,0,0,0.0,0,0.0,0,0,0,Nacoes Shopping,NS,ALC - Conteúdos  de Julho/Ago ,REACH
1839172523773954,2025-08-23 00:00:00,0,72,32,0.0,6568,7,0.0,1.45,2.26,0.0,1.08,0.0,3,26,0,14.9,431,0.0,14,75,6604,Nacoes Shopping,NS,ALC - Conteúdos  de Julho/Ago ,REACH
1839172523773954,2025-08-13 00:00:00,0,107,55,0.0,8414,14,0.0,1.48,2.08,0.0,1.12,0.0,9,44,0,17.68,553,0.0,23,110,8482,Nacoes Shopping,NS,ALC - Conteúdos  de Julho/Ago ,REACH
1839172523773954,2025-08-30 00:00:00,0,0,0,0.0,0,0,0.0,0.0,0.0,0.0,0.0,0.0,0,0,0,0.0,0,0.0,0,0,0,Nacoes Shopping,NS,ALC - Conteúdos  de Julho/Ago ,REACH
1839172523773954,2025-08-20 00:00:00,0,95,48,0.0,7005,13,0.0,1.54,2.34,0.0,1.15,0.0,8,33,0,16.46,507,0.0,19,95,7046,Nacoes Shopping,NS,ALC - Conteúdos  de Julho/Ago ,REACH
1839172523773954,2025-08-10 00:00:00,0,108,46,0.0,9094,12,0.0,1.44,2.05,0.0,1.08,0.0,6,34,0,18.7,566,0.0,17,104,9143,Nacoes Shopping,NS,ALC - Conteúdos  de Julho/Ago ,REACH
1839171851594785,2025-08-11 00:00:00,0,402,298,0.0,8464,61,0.0,1.75,2.06,0.0,1.73,0.0,30,122,0,17.51,1391,0.0,110,397,8514,Nacoes Shopping,NS,Alcance - Copo Stitch ,REACH
1839171851594785,2025-08-31 00:00:00,0,16,12,0.0,504,5,0.0,1.49,1.98,0.0,1.49,0.0,2,6,0,1.0,49,0.0,6,16,504,Nacoes Shopping,NS,Alcance - Copo Stitch ,REACH
1839171851594785,2025-08-21 00:00:00,0,198,149,0.0,6734,30,0.0,1.44,2.24,0.0,1.43,0.0,15,50,0,15.15,790,0.0,47,197,6778,Nacoes Shopping,NS,Alcance - Copo Stitch ,REACH
1839171851594785,2025-08-23 00:00:00,0,222,158,0.0,6320,41,0.0,1.88,2.27,0.0,1.86,0.0,20,75,0,14.45,788,0.0,64,221,6356,Nacoes Shopping,NS,Alcance - Copo Stitch ,REACH
1839171851594785,2025-08-13 00:00:00,0,433,316,0.0,8406,77,0.0,1.84,2.08,0.0,1.82,0.0,43,140,0,17.59,1547,0.0,123,436,8468,Nacoes Shopping,NS,Alcance - Copo Stitch ,REACH
1839171851594785,2025-09-02 00:00:00,0,0,0,0.0,0,0,0.0,0.0,0.0,0.0,0.0,0.0,0,0,0,0.0,0,0.0,0,0,0,Nacoes Shopping,NS,Alcance - Copo Stitch ,REACH
1839172523773954,2025-08-22 00:00:00,0,79,32,0.0,6323,7,0.0,1.48,2.3,0.0,1.12,0.0,5,26,0,14.6,402,0.0,10,81,6350,Nacoes Shopping,NS,ALC - Conteúdos  de Julho/Ago ,REACH
1839172523773954,2025-09-01 00:00:00,0,0,0,0.0,0,0,0.0,0.0,0.0,0.0,0.0,0.0,0,0,0,0.0,0,0.0,0,0,0,Nacoes Shopping,NS,ALC - Conteúdos  de Julho/Ago ,REACH
1839172523773954,2025-08-12 00:00:00,0,117,61,0.0,8287,14,0.0,1.52,2.11,0.0,1.14,0.0,8,42,0,17.65,550,0.0,22,122,8349,Nacoes Shopping,NS,ALC - Conteúdos  de Julho/Ago ,REACH
1841798413913185,2025-08-29 00:00:00,0,333,174,0.0,13986,39,0.0,2.31,2.2,0.0,1.31,0.0,22,130,0,30.99,1436,0.0,69,327,14069,Nacoes Shopping,NS,Alcance - Conteúdos Ago/Set ,REACH
1839172523773954,2025-08-29 00:00:00,0,13,5,0.0,1467,0,0.0,1.23,2.09,0.0,1.0,0.0,0,2,0,3.09,80,0.0,0,13,1479,Nacoes Shopping,NS,ALC - Conteúdos  de Julho/Ago ,REACH
1839172523773954,2025-08-19 00:00:00,0,99,49,0.0,7261,14,0.0,1.53,2.26,0.0,1.16,0.0,8,34,0,16.51,515,0.0,25,97,7296,Nacoes Shopping,NS,ALC - Conteúdos  de Julho/Ago ,REACH
1839171851594785,2025-08-30 00:00:00,0,78,55,0.0,3924,18,0.0,1.33,2.19,0.0,1.3,0.0,8,25,0,8.64,348,0.0,25,74,3943,Nacoes Shopping,NS,Alcance - Copo Stitch ,REACH
1839171851594785,2025-08-20 00:00:00,0,303,210,0.0,6689,43,0.0,1.77,2.36,0.0,1.77,0.0,26,75,0,15.85,1140,0.0,73,299,6726,Nacoes Shopping,NS,Alcance - Copo Stitch ,REACH
1839171851594785,2025-08-10 00:00:00,0,362,254,0.0,8874,68,0.0,1.66,2.06,0.0,1.64,0.0,38,111,0,18.39,1320,0.0,101,356,8929,Nacoes Shopping,NS,Alcance - Copo Stitch ,REACH
1839172523773954,2025-08-09 00:00:00,0,114,44,0.0,8643,14,0.0,1.41,2.15,0.0,1.07,0.0,6,28,0,18.71,525,0.0,23,111,8689,Nacoes Shopping,NS,ALC - Conteúdos  de Julho/Ago ,REACH
1839172523773954,2025-08-31 00:00:00,0,0,0,0.0,0,0,0.0,0.0,0.0,0.0,0.0,0.0,0,0,0,0.0,0,0.0,0,0,0,Nacoes Shopping,NS,ALC - Conteúdos  de Julho/Ago ,REACH
1841798413913185,2025-09-01 00:00:00,0,834,437,0.0,21061,88,0.0,2.47,1.98,0.0,1.73,0.0,47,340,0,42.03,3089,0.0,167,841,21227,Nacoes Shopping,NS,Alcance - Conteúdos Ago/Set ,REACH
1839172523773954,2025-08-21 00:00:00,0,73,31,0.0,7038,7,0.0,1.6,2.16,0.0,1.22,0.0,5,24,0,15.26,431,0.0,9,72,7081,Nacoes Shopping,NS,ALC - Conteúdos  de Julho/Ago ,REACH
1839172523773954,2025-08-11 00:00:00,0,105,46,0.0,8383,11,0.0,1.46,2.03,0.0,1.12,0.0,6,33,0,17.08,552,0.0,17,102,8426,Nacoes Shopping,NS,ALC - Conteúdos  de Julho/Ago ,REACH
1831563577497601,2025-09-01 00:00:00,0,0,0,0.0,0,0,0.0,0.0,0.0,0.0,0.0,0.0,0,0,0,0.0,0,0.0,0,0,0,Nacoes Shopping,NS,Alcance - Promo mães,REACH
1839171851594785,2025-09-01 00:00:00,0,0,0,0.0,0,0,0.0,0.0,0.0,0.0,0.0,0.0,0,0,0,0.0,0,0.0,0,0,0,Nacoes Shopping,NS,Alcance - Copo Stitch ,REACH
1839171851594785,2025-08-22 00:00:00,0,179,141,0.0,6124,37,0.0,1.51,2.33,0.0,1.49,0.0,23,66,0,14.36,715,0.0,60,181,6155,Nacoes Shopping,NS,Alcance - Copo Stitch ,REACH
1839171851594785,2025-08-12 00:00:00,0,409,296,0.0,8293,80,0.0,1.82,2.12,0.0,1.8,0.0,46,127,0,17.67,1441,0.0,115,405,8337,Nacoes Shopping,NS,Alcance - Copo Stitch ,REACH
1839171851594785,2025-08-19 00:00:00,0,312,217,0.0,7175,56,0.0,1.77,2.27,0.0,1.74,0.0,31,100,0,16.37,1176,0.0,91,318,7226,Nacoes Shopping,NS,Alcance - Copo Stitch ,REACH
1839171851594785,2025-08-09 00:00:00,0,375,284,0.0,8655,55,0.0,1.65,2.17,0.0,1.63,0.0,32,117,0,18.86,1312,0.0,101,378,8701,Nacoes Shopping,NS,Alcance - Copo Stitch ,REACH
1839171851594785,2025-08-29 00:00:00,0,90,65,0.0,5246,18,0.0,1.38,2.28,0.0,1.34,0.0,12,26,0,12.04,467,0.0,24,90,5270,Nacoes Shopping,NS,Alcance - Copo Stitch ,REACH
1839172523773954,2025-08-28 00:00:00,0,67,42,0.0,5600,8,0.0,1.47,2.19,0.0,1.11,0.0,6,24,0,12.37,362,0.0,11,65,5644,Nacoes Shopping,NS,ALC - Conteúdos  de Julho/Ago ,REACH
1839172523773954,2025-08-18 00:00:00,0,79,36,0.0,7444,13,0.0,1.47,2.14,0.0,1.14,0.0,11,28,0,16.05,473,0.0,17,79,7502,Nacoes Shopping,NS,ALC - Conteúdos  de Julho/Ago ,REACH
1839172523773954,2025-08-08 00:00:00,0,96,46,0.0,8440,10,0.0,1.34,2.17,0.0,1.05,0.0,5,32,0,18.41,507,0.0,17,99,8493,Nacoes Shopping,NS,ALC - Conteúdos  de Julho/Ago ,REACH
1839172523773954,2025-08-25 00:00:00,0,65,22,0.0,4965,5,0.0,1.5,2.3,0.0,1.15,0.0,4,21,0,11.5,352,0.0,12,65,5000,Nacoes Shopping,NS,ALC - Conteúdos  de Julho/Ago ,REACH
1839172523773954,2025-08-15 00:00:00,0,96,38,0.0,8331,14,0.0,1.43,2.06,0.0,1.09,0.0,7,30,0,17.28,493,0.0,18,94,8383,Nacoes Shopping,NS,ALC - Conteúdos  de Julho/Ago ,REACH
1839172523773954,2025-08-05 00:00:00,0,107,50,0.0,8858,15,0.0,1.6,2.03,0.0,1.12,0.0,10,34,0,18.13,593,0.0,21,103,8915,Nacoes Shopping,NS,ALC - Conteúdos  de Julho/Ago ,REACH
1839171851594785,2025-08-16 00:00:00,0,309,242,0.0,8504,52,0.0,1.75,2.08,0.0,1.7,0.0,29,101,0,17.81,1105,0.0,95,306,8547,Nacoes Shopping,NS,Alcance - Copo Stitch ,REACH
1839171851594785,2025-08-06 00:00:00,0,607,449,0.0,8304,122,0.0,2.16,2.22,0.0,2.14,0.0,57,198,0,18.58,1859,0.0,183,598,8356,Nacoes Shopping,NS,Alcance - Copo Stitch ,REACH
1839171851594785,2025-08-26 00:00:00,0,132,95,0.0,4645,14,0.0,1.5,2.36,0.0,1.48,0.0,9,31,0,11.02,625,0.0,27,134,4669,Nacoes Shopping,NS,Alcance - Copo Stitch ,REACH
1841798413913185,2025-08-31 00:00:00,0,604,314,0.0,20142,63,0.0,2.23,2.2,0.0,1.5,0.0,42,248,0,44.57,2539,0.0,136,605,20248,Nacoes Shopping,NS,Alcance - Conteúdos Ago/Set ,REACH
1841798413913185,2025-09-02 00:00:00,0,823,396,0.0,19819,84,0.0,2.27,2.1,0.0,1.73,0.0,45,348,0,41.98,3041,0.0,159,839,20001,Nacoes Shopping,NS,Alcance - Conteúdos Ago/Set ,REACH
1839171851594785,2025-08-08 00:00:00,0,315,219,0.0,8558,56,0.0,1.61,2.19,0.0,1.58,0.0,27,94,0,18.86,1251,0.0,85,318,8616,Nacoes Shopping,NS,Alcance - Copo Stitch ,REACH
1839171851594785,2025-08-28 00:00:00,0,133,94,0.0,5649,22,0.0,1.39,2.3,0.0,1.37,0.0,14,36,0,13.05,617,0.0,35,133,5674,Nacoes Shopping,NS,Alcance - Copo Stitch ,REACH
1839171851594785,2025-08-18 00:00:00,0,283,207,0.0,7446,54,0.0,1.63,2.14,0.0,1.62,0.0,25,100,0,16.04,1088,0.0,87,285,7493,Nacoes Shopping,NS,Alcance - Copo Stitch ,REACH
1839172523773954,2025-08-27 00:00:00,0,71,30,0.0,5159,9,0.0,1.53,2.4,0.0,1.15,0.0,6,24,0,12.43,350,0.0,11,73,5185,Nacoes Shopping,NS,ALC - Conteúdos  de Julho/Ago ,REACH
1839172523773954,2025-08-17 00:00:00,0,118,61,0.0,8360,13,0.0,1.54,2.02,0.0,1.16,0.0,7,42,0,16.97,570,0.0,24,118,8397,Nacoes Shopping,NS,ALC - Conteúdos  de Julho/Ago ,REACH
1839172523773954,2025-08-07 00:00:00,0,123,55,0.0,9151,16,0.0,1.43,2.03,0.0,1.12,0.0,11,42,0,18.68,524,0.0,25,125,9205,Nacoes Shopping,NS,ALC - Conteúdos  de Julho/Ago ,REACH
1839172523773954,2025-08-24 00:00:00,0,80,40,0.0,6636,9,0.0,1.53,2.11,0.0,1.11,0.0,4,27,0,14.1,413,0.0,19,80,6674,Nacoes Shopping,NS,ALC - Conteúdos  de Julho/Ago ,REACH
1839171851594785,2025-08-25 00:00:00,0,151,103,0.0,4812,29,0.0,1.56,2.33,0.0,1.56,0.0,14,45,0,11.29,662,0.0,41,151,4838,Nacoes Shopping,NS,Alcance - Copo Stitch ,REACH
1839171851594785,2025-08-15 00:00:00,0,254,187,0.0,8351,43,0.0,1.59,2.08,0.0,1.56,0.0,27,82,0,17.47,1055,0.0,72,252,8408,Nacoes Shopping,NS,Alcance - Copo Stitch ,REACH
1839171851594785,2025-08-05 00:00:00,0,633,481,0.0,8646,119,0.0,2.21,2.05,0.0,2.17,0.0,67,199,0,17.85,1956,0.0,186,629,8690,Nacoes Shopping,NS,Alcance - Copo Stitch ,REACH
1839172523773954,2025-08-14 00:00:00,0,103,37,0.0,9108,5,0.0,1.34,1.9,0.0,1.03,0.0,4,30,0,17.41,549,0.0,15,106,9156,Nacoes Shopping,NS,ALC - Conteúdos  de Julho/Ago ,REACH
1841798413913185,2025-09-11 00:00:00,0,0,0,0.0,0,0,0.0,0.0,0.0,0.0,0.0,0.0,0,0,0,0.0,0,0.0,0,0,0,Nacoes Shopping,NS,Alcance - Conteúdos Ago/Set ,REACH
1841798413913185,2025-09-06 00:00:00,0,608,324,0.0,19198,59,0.0,2.08,2.17,0.0,1.61,0.0,28,233,0,41.96,2332,0.0,122,610,19322,Nacoes Shopping,NS,Alcance - Conteúdos Ago/Set ,REACH
1844352110838818,2025-10-03 00:00:00,0,164,58,0.0,9852,14,0.0,1.58,2.11,0.0,1.25,0.0,6,51,0,20.98,777,0.0,31,156,9953,Nacoes Shopping,NS,Alcance - Conteúdos Set ,REACH
1844352110838818,2025-09-28 00:00:00,0,105,37,0.0,9402,12,0.0,1.9,2.34,0.0,1.21,0.0,6,39,0,22.09,621,0.0,19,106,9460,Nacoes Shopping,NS,Alcance - Conteúdos Set ,REACH
1844350458030129,2025-10-03 00:00:00,0,100,107,0.0,9325,19,0.0,1.43,2.11,0.0,1.19,0.0,10,28,0,19.85,750,0.0,29,104,9387,Nacoes Shopping,NS,Alcance - Giftcard ,REACH
1844350458030129,2025-09-28 00:00:00,0,86,83,0.0,8772,17,0.0,1.65,2.35,0.0,1.13,0.0,11,26,0,20.69,538,0.0,23,84,8821,Nacoes Shopping,NS,Alcance - Giftcard ,REACH
1842808228610226,2025-09-10 00:00:00,0,435,565,0.0,29982,128,0.0,1.25,2.54,0.0,1.18,0.0,86,133,0,76.72,1987,0.0,239,434,30245,Nacoes Shopping,NS,ALC - Baby shark ,REACH
1842808228610226,2025-09-17 00:00:00,0,0,0,0.0,0,0,0.0,0.0,0.0,0.0,0.0,0.0,0,0,0,0.0,0,0.0,0,0,0,Nacoes Shopping,NS,ALC - Baby shark ,REACH
1842808228610226,2025-09-12 00:00:00,0,381,521,0.0,27105,116,0.0,1.22,2.78,0.0,1.19,0.0,70,119,0,76.17,1901,0.0,200,380,27360,Nacoes Shopping,NS,ALC - Baby shark ,REACH
1841798413913185,2025-09-08 00:00:00,0,541,301,0.0,18061,61,0.0,1.93,2.25,0.0,1.49,0.0,31,201,0,40.89,2218,0.0,116,538,18198,Nacoes Shopping,NS,Alcance - Conteúdos Ago/Set ,REACH
1844350458030129,2025-10-01 00:00:00,0,132,131,0.0,9197,24,0.0,1.69,2.1,0.0,1.28,0.0,17,52,0,19.5,849,0.0,49,128,9273,Nacoes Shopping,NS,Alcance - Giftcard ,REACH
1844350458030129,2025-09-26 00:00:00,0,44,33,0.0,4229,10,0.0,1.76,2.3,0.0,1.06,0.0,5,9,0,9.75,229,0.0,14,44,4244,Nacoes Shopping,NS,Alcance - Giftcard ,REACH
1841798413913185,2025-09-10 00:00:00,0,0,0,0.0,0,0,0.0,0.0,0.0,0.0,0.0,0.0,0,0,0,0.0,0,0.0,0,0,0,Nacoes Shopping,NS,Alcance - Conteúdos Ago/Set ,REACH
1841798413913185,2025-09-05 00:00:00,0,578,330,0.0,20082,65,0.0,1.84,2.21,0.0,1.46,0.0,32,225,0,44.79,2486,0.0,131,582,20232,Nacoes Shopping,NS,Alcance - Conteúdos Ago/Set ,REACH
1844352110838818,2025-09-30 00:00:00,0,122,40,0.0,8531,6,0.0,1.69,2.51,0.0,1.19,0.0,3,37,0,21.55,604,0.0,15,118,8600,Nacoes Shopping,NS,Alcance - Conteúdos Set ,REACH
1842808228610226,2025-09-14 00:00:00,0,0,0,0.0,0,0,0.0,0.0,0.0,0.0,0.0,0.0,0,0,0,0.0,0,0.0,0,0,0,Nacoes Shopping,NS,ALC - Baby shark ,REACH
1842808228610226,2025-09-09 00:00:00,0,191,266,0.0,17046,57,0.0,1.16,2.3,0.0,1.15,0.0,34,57,0,39.5,948,0.0,102,185,17150,Nacoes Shopping,NS,ALC - Baby shark ,REACH
1842808228610226,2025-09-16 00:00:00,0,0,0,0.0,0,0,0.0,0.0,0.0,0.0,0.0,0.0,0,0,0,0.0,0,0.0,0,0,0,Nacoes Shopping,NS,ALC - Baby shark ,REACH
1844350458030129,2025-09-29 00:00:00,0,93,87,0.0,8262,14,0.0,1.59,2.48,0.0,1.17,0.0,9,28,0,20.62,633,0.0,33,93,8311,Nacoes Shopping,NS,Alcance - Giftcard ,REACH
1842808228610226,2025-09-11 00:00:00,0,369,519,0.0,28628,127,0.0,1.43,2.68,0.0,1.38,0.0,77,126,0,77.44,1814,0.0,204,365,28863,Nacoes Shopping,NS,ALC - Baby shark ,REACH
1844352110838818,2025-09-29 00:00:00,0,106,43,0.0,8724,16,0.0,1.79,2.49,0.0,1.22,0.0,6,43,0,21.92,570,0.0,26,102,8791,Nacoes Shopping,NS,Alcance - Conteúdos Set ,REACH
1841798413913185,2025-09-12 00:00:00,0,0,0,0.0,0,0,0.0,0.0,0.0,0.0,0.0,0.0,0,0,0,0.0,0,0.0,0,0,0,Nacoes Shopping,NS,Alcance - Conteúdos Ago/Set ,REACH
1841798413913185,2025-09-07 00:00:00,0,517,293,0.0,18768,64,0.0,2.37,2.22,0.0,1.79,0.0,39,210,0,42.0,2205,0.0,133,526,18881,Nacoes Shopping,NS,Alcance - Conteúdos Ago/Set ,REACH
1811358948673554,2025-09-27 00:00:00,0,0,0,0.0,0,0,0.0,0.0,0.0,0.0,0.0,0.0,0,0,0,0.0,0,0.0,0,0,0,Nacoes Shopping,NS,Tráfego - App instal - NS,TRAFFIC
1844352110838818,2025-10-02 00:00:00,0,153,56,0.0,9553,13,0.0,1.86,2.18,0.0,1.34,0.0,6,52,0,21.02,834,0.0,28,154,9651,Nacoes Shopping,NS,Alcance - Conteúdos Set ,REACH
1844352110838818,2025-09-27 00:00:00,0,100,39,0.0,8946,8,0.0,1.93,2.42,0.0,1.16,0.0,5,31,0,21.78,534,0.0,17,96,8998,Nacoes Shopping,NS,Alcance - Conteúdos Set ,REACH
1844350458030129,2025-10-02 00:00:00,0,131,143,0.0,8962,34,0.0,1.7,2.18,0.0,1.33,0.0,23,44,0,19.73,778,0.0,59,130,9035,Nacoes Shopping,NS,Alcance - Giftcard ,REACH
1844350458030129,2025-09-27 00:00:00,0,96,86,0.0,8427,18,0.0,1.73,2.42,0.0,1.11,0.0,8,21,0,20.51,539,0.0,34,95,8469,Nacoes Shopping,NS,Alcance - Giftcard ,REACH
1841798413913185,2025-09-09 00:00:00,0,212,113,0.0,7098,23,0.0,1.87,2.39,0.0,1.51,0.0,8,84,0,17.18,922,0.0,57,212,7177,Nacoes Shopping,NS,Alcance - Conteúdos Ago/Set ,REACH
1841798413913185,2025-09-04 00:00:00,0,654,353,0.0,17251,68,0.0,2.22,2.48,0.0,1.69,0.0,36,270,0,43.13,2545,0.0,156,662,17421,Nacoes Shopping,NS,Alcance - Conteúdos Ago/Set ,REACH
1842808228610226,2025-09-13 00:00:00,0,140,193,0.0,10184,57,0.0,1.23,2.94,0.0,1.23,0.0,37,55,0,30.17,704,0.0,77,133,10275,Nacoes Shopping,NS,ALC - Baby shark ,REACH
1844352110838818,2025-10-01 00:00:00,0,166,61,0.0,9733,13,0.0,1.84,2.1,0.0,1.29,0.0,5,60,0,20.69,797,0.0,29,161,9848,Nacoes Shopping,NS,Alcance - Conteúdos Set ,REACH
1844352110838818,2025-09-26 00:00:00,0,47,18,0.0,4527,5,0.0,2.04,2.28,0.0,1.14,0.0,3,16,0,10.4,276,0.0,9,47,4555,Nacoes Shopping,NS,Alcance - Conteúdos Set ,REACH
1842808228610226,2025-09-15 00:00:00,0,0,0,0.0,0,0,0.0,0.0,0.0,0.0,0.0,0.0,0,0,0,0.0,0,0.0,0,0,0,Nacoes Shopping,NS,ALC - Baby shark ,REACH
1806749763596289,2025-09-18 00:00:00,0,0,0,0.0,0,0,0.0,0.0,0.0,0.0,0.0,0.0,0,0,0,0.0,0,0.0,0,0,0,Nacoes Shopping,NS,NSpromopais24,TRAFFIC
1844350458030129,2025-09-30 00:00:00,0,107,99,0.0,7925,19,0.0,1.62,2.51,0.0,1.23,0.0,10,22,0,20.01,636,0.0,45,104,7984,Nacoes Shopping,NS,Alcance - Giftcard ,REACH
1847431562326049,2025-11-01 00:00:00,0,116,36,0.0,4760,10,0.0,1.26,2.08,0.0,1.24,0.0,3,37,0,9.95,315,0.0,24,116,4792,Nacoes Shopping,NS,Alcance | Ritmi Mana Spolini,REACH
1844352110838818,2025-10-13 00:00:00,0,113,44,0.0,8266,7,0.0,1.56,2.1,0.0,1.17,0.0,5,42,0,17.47,562,0.0,16,107,8328,Nacoes Shopping,NS,Alcance - Conteúdos Set ,REACH
1847431714944034,2025-11-02 00:00:00,0,70,47,0.59,6557,13,0.32,1.2,1.87,0.0,1.18,0.0,10,28,21,12.37,683,0.0,25,78,6599,Nacoes Shopping,NS,Alcance | Giftcard ,REACH
1844350458030129,2025-10-23 00:00:00,0,51,68,0.0,4748,8,0.0,1.38,2.54,0.0,1.17,0.0,7,16,0,12.17,323,0.0,18,52,4788,Nacoes Shopping,NS,Alcance - Giftcard ,REACH
1844350458030129,2025-10-13 00:00:00,0,108,95,0.0,7804,25,0.0,1.55,2.1,0.0,1.22,0.0,16,35,0,16.51,567,0.0,33,107,7846,Nacoes Shopping,NS,Alcance - Giftcard ,REACH
1844352110838818,2025-10-23 00:00:00,0,55,18,0.0,4178,5,0.0,1.4,2.56,0.0,1.11,0.0,1,21,0,10.78,248,0.0,6,57,4207,Nacoes Shopping,NS,Alcance - Conteúdos Set ,REACH
1847431714944034,2025-10-30 00:00:00,0,37,24,1.39,3134,9,0.16,1.14,2.2,0.0,1.14,0.0,2,12,5,6.95,341,0.0,10,38,3156,Nacoes Shopping,NS,Alcance | Giftcard ,REACH
1847432144410706,2025-10-30 00:00:00,0,57,40,0.0,2878,10,0.0,1.14,2.18,0.0,1.15,0.0,1,22,0,6.31,237,0.0,19,55,2895,Nacoes Shopping,NS,Alcance | Chillibeans Vini ,REACH
1844350458030129,2025-10-16 00:00:00,0,86,83,0.0,6786,15,0.0,1.5,2.38,0.0,1.21,0.0,10,29,0,16.26,530,0.0,27,86,6827,Nacoes Shopping,NS,Alcance - Giftcard ,REACH
1847429807403074,2025-11-01 00:00:00,0,2486,2494,0.0,7956,583,0.0,5.3,3.28,0.0,4.91,0.0,274,592,0,26.17,4590,0.0,969,2268,7986,Nacoes Shopping,NS,Visualizações de vídeo | Natal ,VIDEO_VIEWS
1844350458030129,2025-10-26 00:00:00,0,6,6,0.0,824,1,0.0,1.1,1.98,0.0,0.98,0.0,1,1,0,1.63,45,0.0,3,6,825,Nacoes Shopping,NS,Alcance - Giftcard ,REACH
1844350458030129,2025-10-06 00:00:00,0,94,93,0.0,8732,18,0.0,2.23,2.09,0.0,1.82,0.0,13,25,0,18.37,665,0.0,35,93,8788,Nacoes Shopping,NS,Alcance - Giftcard ,REACH
1844352110838818,2025-10-10 00:00:00,0,149,56,0.0,9017,19,0.0,1.63,2.13,0.0,1.26,0.0,8,52,0,19.38,631,0.0,27,148,9093,Nacoes Shopping,NS,Alcance - Conteúdos Set ,REACH
1844352110838818,2025-10-20 00:00:00,0,75,25,0.0,6217,4,0.0,1.44,2.23,0.0,1.1,0.0,1,20,0,13.99,399,0.0,11,73,6262,Nacoes Shopping,NS,Alcance - Conteúdos Set ,REACH
1844350458030129,2025-10-14 00:00:00,0,89,83,0.0,7475,26,0.0,1.51,2.24,0.0,1.2,0.0,20,33,0,16.85,557,0.0,37,89,7536,Nacoes Shopping,NS,Alcance - Giftcard ,REACH
1844350458030129,2025-10-04 00:00:00,0,108,100,0.0,9466,23,0.0,1.48,1.99,0.0,1.17,0.0,16,28,0,18.92,668,0.0,45,110,9524,Nacoes Shopping,NS,Alcance - Giftcard ,REACH
1844352110838818,2025-10-24 00:00:00,0,17,4,0.0,1250,0,0.0,1.27,2.39,0.0,1.08,0.0,0,3,0,3.03,86,0.0,0,17,1266,Nacoes Shopping,NS,Alcance - Conteúdos Set ,REACH
1844350458030129,2025-10-24 00:00:00,0,47,64,0.0,4618,14,0.0,1.34,2.35,0.0,1.12,0.0,9,18,0,10.9,316,0.0,28,51,4644,Nacoes Shopping,NS,Alcance - Giftcard ,REACH
1847431714944034,2025-11-01 00:00:00,0,63,47,0.92,6758,12,0.22,1.17,2.02,0.0,1.15,0.0,9,28,15,13.77,707,0.0,19,70,6824,Nacoes Shopping,NS,Alcance | Giftcard ,REACH
1844352110838818,2025-10-04 00:00:00,0,144,49,0.0,9742,10,0.0,1.58,1.99,0.0,1.2,0.0,3,50,0,19.55,721,0.0,18,141,9818,Nacoes Shopping,NS,Alcance - Conteúdos Set ,REACH
1810109298355250,2025-10-25 00:00:00,0,0,0,0.0,0,0,0.0,0.0,0.0,0.0,0.0,0.0,0,0,0,0.0,0,0.0,0,0,0,Nacoes Shopping,NS,Promo Natura 2024 - Tráfego,TRAFFIC
1844352110838818,2025-10-14 00:00:00,0,125,46,0.0,7644,9,0.0,1.63,2.22,0.0,1.22,0.0,3,43,0,17.09,550,0.0,16,123,7700,Nacoes Shopping,NS,Alcance - Conteúdos Set ,REACH
1847431562326049,2025-11-02 00:00:00,0,162,55,0.0,4571,10,0.0,1.38,1.94,0.0,1.36,0.0,3,61,0,8.95,421,0.0,19,164,4602,Nacoes Shopping,NS,Alcance | Ritmi Mana Spolini,REACH
1844352110838818,2025-10-07 00:00:00,0,117,41,0.0,8738,9,0.0,1.61,2.23,0.0,1.23,0.0,2,43,0,19.67,686,0.0,22,117,8826,Nacoes Shopping,NS,Alcance - Conteúdos Set ,REACH
1844352110838818,2025-10-17 00:00:00,0,85,34,0.0,7229,8,0.0,1.47,2.28,0.0,1.17,0.0,4,29,0,16.62,426,0.0,17,85,7279,Nacoes Shopping,NS,Alcance - Conteúdos Set ,REACH
1844350458030129,2025-10-27 00:00:00,0,0,0,0.0,0,0,0.0,0.0,0.0,0.0,0.0,0.0,0,0,0,0.0,0,0.0,0,0,0,Nacoes Shopping,NS,Alcance - Giftcard ,REACH
1844350458030129,2025-10-17 00:00:00,0,93,92,0.0,7313,14,0.0,1.47,2.3,0.0,1.2,0.0,11,31,0,16.97,538,0.0,31,94,7365,Nacoes Shopping,NS,Alcance - Giftcard ,REACH
1844350458030129,2025-10-07 00:00:00,0,107,101,0.0,8188,19,0.0,1.58,2.23,0.0,1.29,0.0,13,26,0,18.34,713,0.0,34,105,8242,Nacoes Shopping,NS,Alcance - Giftcard ,REACH
1844352110838818,2025-10-11 00:00:00,0,118,43,0.0,8669,6,0.0,1.56,2.03,0.0,1.15,0.0,2,38,0,17.74,581,0.0,19,119,8739,Nacoes Shopping,NS,Alcance - Conteúdos Set ,REACH
1847431181554881,2025-11-02 00:00:00,0,365,335,0.0,3047,120,0.0,3.64,3.93,0.0,3.48,0.0,78,140,0,12.04,1408,0.0,173,330,3063,Nacoes Shopping,NS,Visualizações de vídeo | Natal 02 ,VIDEO_VIEWS
1847431562326049,2025-10-30 00:00:00,0,59,23,0.0,2409,4,0.0,1.2,2.22,0.0,1.2,0.0,0,23,0,5.38,175,0.0,10,57,2422,Nacoes Shopping,NS,Alcance | Ritmi Mana Spolini,REACH
1844352110838818,2025-10-21 00:00:00,0,59,18,0.0,5454,3,0.0,1.39,2.45,0.0,1.08,0.0,2,16,0,13.47,380,0.0,8,58,5492,Nacoes Shopping,NS,Alcance - Conteúdos Set ,REACH
1847432144410706,2025-10-31 00:00:00,0,100,72,0.0,5822,24,0.0,1.2,2.34,0.0,1.16,0.0,9,43,0,13.7,455,0.0,35,99,5863,Nacoes Shopping,NS,Alcance | Chillibeans Vini ,REACH
1844350458030129,2025-10-20 00:00:00,0,70,70,0.0,6430,16,0.0,1.41,2.25,0.0,1.11,0.0,10,28,0,14.55,417,0.0,28,70,6475,Nacoes Shopping,NS,Alcance - Giftcard ,REACH
1844350458030129,2025-10-10 00:00:00,0,83,99,0.0,8424,15,0.0,1.36,2.15,0.0,1.11,0.0,11,21,0,18.2,570,0.0,30,85,8473,Nacoes Shopping,NS,Alcance - Giftcard ,REACH
1847431181554881,2025-10-30 00:00:00,0,184,173,0.0,1592,65,0.0,4.72,3.76,0.0,4.28,0.0,42,68,0,6.02,821,0.0,90,168,1601,Nacoes Shopping,NS,Visualizações de vídeo | Natal 02 ,VIDEO_VIEWS
1847429807403074,2025-11-02 00:00:00,0,2266,2498,0.0,7185,632,0.0,5.25,3.29,0.0,5.06,0.0,301,588,0,23.77,4392,0.0,1027,2054,7222,Nacoes Shopping,NS,Visualizações de vídeo | Natal ,VIDEO_VIEWS
1844352110838818,2025-10-18 00:00:00,0,93,33,0.0,7274,9,0.0,1.54,2.12,0.0,1.14,0.0,7,33,0,15.53,394,0.0,21,89,7316,Nacoes Shopping,NS,Alcance - Conteúdos Set ,REACH
1844352110838818,2025-10-08 00:00:00,0,114,32,0.0,8053,7,0.0,1.56,2.34,0.0,1.21,0.0,1,34,0,19.04,658,0.0,11,117,8150,Nacoes Shopping,NS,Alcance - Conteúdos Set ,REACH
1844350458030129,2025-10-18 00:00:00,0,66,72,0.0,7156,12,0.0,2.84,2.14,0.0,2.17,0.0,8,16,0,15.41,405,0.0,20,65,7200,Nacoes Shopping,NS,Alcance - Giftcard ,REACH
1844350458030129,2025-10-08 00:00:00,0,101,105,0.0,7771,24,0.0,1.55,2.33,0.0,1.24,0.0,18,35,0,18.25,623,0.0,45,98,7845,Nacoes Shopping,NS,Alcance - Giftcard ,REACH
1847429807403074,2025-10-30 00:00:00,0,1157,1285,0.0,3170,356,0.0,5.99,4.5,0.0,5.56,0.0,176,312,0,14.32,2011,0.0,560,1053,3181,Nacoes Shopping,NS,Visualizações de vídeo | Natal ,VIDEO_VIEWS
1847431181554881,2025-11-01 00:00:00,0,411,360,0.0,2971,135,0.0,3.85,3.9,0.0,3.78,0.0,89,167,0,11.64,1286,0.0,188,387,2988,Nacoes Shopping,NS,Visualizações de vídeo | Natal 02 ,VIDEO_VIEWS
1844350458030129,2025-10-11 00:00:00,0,83,90,0.0,8308,21,0.0,1.48,2.03,0.0,1.13,0.0,15,25,0,16.98,537,0.0,37,83,8362,Nacoes Shopping,NS,Alcance - Giftcard ,REACH
1844350458030129,2025-10-21 00:00:00,0,51,67,0.0,5512,11,0.0,1.32,2.47,0.0,1.09,0.0,8,15,0,13.71,386,0.0,19,53,5547,Nacoes Shopping,NS,Alcance - Giftcard ,REACH
1844352110838818,2025-10-25 00:00:00,0,0,0,0.0,0,0,0.0,0.0,0.0,0.0,0.0,0.0,0,0,0,0.0,0,0.0,0,0,0,Nacoes Shopping,NS,Alcance - Conteúdos Set ,REACH
1847431562326049,2025-10-31 00:00:00,0,113,41,0.0,4454,6,0.0,1.19,2.43,0.0,1.16,0.0,0,42,0,10.9,300,0.0,14,112,4494,Nacoes Shopping,NS,Alcance | Ritmi Mana Spolini,REACH
1847432144410706,2025-11-01 00:00:00,0,100,70,0.0,6336,18,0.0,1.11,1.99,0.0,1.09,0.0,4,32,0,12.75,443,0.0,27,95,6393,Nacoes Shopping,NS,Alcance | Chillibeans Vini ,REACH
1844352110838818,2025-10-15 00:00:00,0,104,37,0.0,7077,10,0.0,1.6,2.35,0.0,1.2,0.0,1,34,0,16.75,529,0.0,21,99,7137,Nacoes Shopping,NS,Alcance - Conteúdos Set ,REACH
1844352110838818,2025-10-05 00:00:00,0,132,43,0.0,9817,13,0.0,1.61,1.95,0.0,1.21,0.0,7,39,0,19.28,712,0.0,22,127,9891,Nacoes Shopping,NS,Alcance - Conteúdos Set ,REACH
1844350458030129,2025-10-09 00:00:00,0,118,120,0.0,7670,30,0.0,1.52,2.3,0.0,1.23,0.0,12,36,0,17.83,599,0.0,48,115,7737,Nacoes Shopping,NS,Alcance - Giftcard ,REACH
1844350458030129,2025-10-19 00:00:00,0,70,79,0.0,6769,15,0.0,1.38,2.13,0.0,1.08,0.0,10,25,0,14.5,424,0.0,24,70,6808,Nacoes Shopping,NS,Alcance - Giftcard ,REACH
1847431181554881,2025-10-31 00:00:00,0,352,319,0.0,2885,125,0.0,3.79,4.55,0.0,3.63,0.0,84,135,0,13.21,1351,0.0,180,316,2901,Nacoes Shopping,NS,Visualizações de vídeo | Natal 02 ,VIDEO_VIEWS
1844352110838818,2025-10-19 00:00:00,0,99,40,0.0,6938,11,0.0,1.61,2.12,0.0,1.21,0.0,4,37,0,14.85,451,0.0,22,100,6989,Nacoes Shopping,NS,Alcance - Conteúdos Set ,REACH
1844352110838818,2025-10-09 00:00:00,0,135,47,0.0,8162,11,0.0,1.96,2.3,0.0,1.49,0.0,8,50,0,18.93,655,0.0,22,135,8229,Nacoes Shopping,NS,Alcance - Conteúdos Set ,REACH
1847432144410706,2025-11-02 00:00:00,0,116,81,0.0,6243,19,0.0,1.23,1.86,0.0,1.21,0.0,12,34,0,11.68,554,0.0,30,107,6275,Nacoes Shopping,NS,Alcance | Chillibeans Vini ,REACH
1844352110838818,2025-10-12 00:00:00,0,120,38,0.0,8930,8,0.0,1.57,1.97,0.0,1.16,0.0,4,31,0,17.73,601,0.0,16,119,8985,Nacoes Shopping,NS,Alcance - Conteúdos Set ,REACH
1844352110838818,2025-10-22 00:00:00,0,64,26,0.0,4786,7,0.0,1.47,2.61,0.0,1.16,0.0,2,25,0,12.6,325,0.0,14,61,4832,Nacoes Shopping,NS,Alcance - Conteúdos Set ,REACH
1844350458030129,2025-10-22 00:00:00,0,41,55,0.0,4849,11,0.0,1.33,2.58,0.0,1.12,0.0,10,13,0,12.64,292,0.0,22,41,4890,Nacoes Shopping,NS,Alcance - Giftcard ,REACH
1844350458030129,2025-10-12 00:00:00,0,84,90,0.0,8603,24,0.0,1.47,1.98,0.0,1.13,0.0,12,23,0,17.13,571,0.0,31,82,8651,Nacoes Shopping,NS,Alcance - Giftcard ,REACH
1844352110838818,2025-10-16 00:00:00,0,103,40,0.0,7030,9,0.0,1.6,2.38,0.0,1.22,0.0,5,34,0,16.88,494,0.0,14,101,7088,Nacoes Shopping,NS,Alcance - Conteúdos Set ,REACH
1844352110838818,2025-10-06 00:00:00,0,145,50,0.0,9074,14,0.0,1.72,2.08,0.0,1.32,0.0,10,46,0,19.02,719,0.0,25,138,9138,Nacoes Shopping,NS,Alcance - Conteúdos Set ,REACH
1847429807403074,2025-10-31 00:00:00,0,2125,2125,0.0,6316,528,0.0,5.71,4.03,0.0,5.33,0.0,233,535,0,25.59,3695,0.0,832,1936,6344,Nacoes Shopping,NS,Visualizações de vídeo | Natal ,VIDEO_VIEWS
1844352110838818,2025-10-26 00:00:00,0,0,0,0.0,0,0,0.0,0.0,0.0,0.0,0.0,0.0,0,0,0,0.0,0,0.0,0,0,0,Nacoes Shopping,NS,Alcance - Conteúdos Set ,REACH
1847431714944034,2025-10-31 00:00:00,0,58,41,1.58,5968,7,0.15,1.15,2.37,0.0,1.11,0.0,4,19,9,14.24,631,0.0,18,58,6016,Nacoes Shopping,NS,Alcance | Giftcard ,REACH
1844350458030129,2025-10-15 00:00:00,0,97,79,0.0,6734,21,0.0,1.58,2.35,0.0,1.26,0.0,12,26,0,15.95,514,0.0,39,95,6785,Nacoes Shopping,NS,Alcance - Giftcard ,REACH
1844350458030129,2025-10-05 00:00:00,0,102,116,0.0,9298,21,0.0,1.47,1.95,0.0,1.17,0.0,14,28,0,18.23,653,0.0,39,100,9346,Nacoes Shopping,NS,Alcance - Giftcard ,REACH
1844350458030129,2025-10-25 00:00:00,0,32,38,0.0,3989,3,0.0,1.25,2.21,0.0,1.01,0.0,2,5,0,8.84,250,0.0,14,31,4005,Nacoes Shopping,NS,Alcance - Giftcard ,REACH
1847431562326049,2025-11-11 00:00:00,0,26,10,0.0,894,3,0.0,1.48,2.88,0.0,1.47,0.0,2,11,0,2.59,86,0.0,7,26,900,Nacoes Shopping,NS,Alcance | Ritmi Mana Spolini,REACH
1848504162177105,2025-11-28 00:00:00,0,0,0,0.0,0,0,0.0,0.0,0.0,0.0,0.0,0.0,0,0,0,0.0,0,0.0,0,0,0,Nacoes Shopping,NS,ALC - NATAL 25,REACH
1847431714944034,2025-11-22 00:00:00,0,0,0,0.0,0,0,0.0,0.0,0.0,0.0,0.0,0.0,0,0,0,0.0,0,0.0,0,0,0,Nacoes Shopping,NS,Alcance | Giftcard ,REACH
1847432144410706,2025-11-13 00:00:00,0,0,0,0.0,0,0,0.0,0.0,0.0,0.0,0.0,0.0,0,0,0,0.0,0,0.0,0,0,0,Nacoes Shopping,NS,Alcance | Chillibeans Vini ,REACH
1847429807403074,2025-11-14 00:00:00,0,0,0,0.0,0,0,0.0,0.0,0.0,0.0,0.0,0.0,0,0,0,0.0,0,0.0,0,0,0,Nacoes Shopping,NS,Visualizações de vídeo | Natal ,VIDEO_VIEWS
1847431181554881,2025-11-06 00:00:00,0,308,266,0.0,2855,96,0.0,3.45,4.15,0.0,3.37,0.0,66,111,0,12.02,1110,0.0,139,278,2893,Nacoes Shopping,NS,Visualizações de vídeo | Natal 02 ,VIDEO_VIEWS
1847431562326049,2025-11-18 00:00:00,0,0,0,0.0,0,0,0.0,0.0,0.0,0.0,0.0,0.0,0,0,0,0.0,0,0.0,0,0,0,Nacoes Shopping,NS,Alcance | Ritmi Mana Spolini,REACH
1848504928619618,2025-11-28 00:00:00,0,1159,1113,0.05,3241,293,15.88,16.57,7.29,0.0,5.2,0.0,238,806,702,32.24,1285,0.0,473,1568,4420,Nacoes Shopping,NS,TRAF - NATAL 25,TRAFFIC
1847431714944034,2025-11-09 00:00:00,0,56,43,2.44,5101,10,0.1,1.29,2.38,0.0,1.28,0.0,8,22,5,12.18,520,0.0,18,57,5128,Nacoes Shopping,NS,Alcance | Giftcard ,REACH
1847432144410706,2025-11-19 00:00:00,0,0,0,0.0,0,0,0.0,0.0,0.0,0.0,0.0,0.0,0,0,0,0.0,0,0.0,0,0,0,Nacoes Shopping,NS,Alcance | Chillibeans Vini ,REACH
1847431714944034,2025-11-29 00:00:00,0,0,0,0.0,0,0,0.0,0.0,0.0,0.0,0.0,0.0,0,0,0,0.0,0,0.0,0,0,0,Nacoes Shopping,NS,Alcance | Giftcard ,REACH
1848504928619618,2025-11-15 00:00:00,0,1691,2162,0.06,5234,1616,10.34,8.4,5.71,0.0,5.61,0.0,1284,1735,741,40.9,2179,0.0,1748,2219,7169,Nacoes Shopping,NS,TRAF - NATAL 25,TRAFFIC
1849887841738834,2025-11-30 00:00:00,0,99,179,2.13,10745,34,0.17,1.4,3.6,0.0,0.96,0.0,25,35,18,38.39,494,0.0,65,100,10657,Nacoes Shopping,NS,ALC - NATAL 25 02,REACH
1847431181554881,2025-11-13 00:00:00,0,0,0,0.0,0,0,0.0,0.0,0.0,0.0,0.0,0.0,0,0,0,0.0,0,0.0,0,0,0,Nacoes Shopping,NS,Visualizações de vídeo | Natal 02 ,VIDEO_VIEWS
1847431562326049,2025-11-05 00:00:00,0,138,48,0.0,4173,5,0.0,1.31,2.35,0.0,1.3,0.0,0,52,0,9.93,370,0.0,14,139,4223,Nacoes Shopping,NS,Alcance | Ritmi Mana Spolini,REACH
1847431714944034,2025-11-16 00:00:00,0,0,0,0.0,0,0,0.0,0.0,0.0,0.0,0.0,0.0,0,0,0,0.0,0,0.0,0,0,0,Nacoes Shopping,NS,Alcance | Giftcard ,REACH
1847432144410706,2025-11-06 00:00:00,0,60,41,0.0,4800,9,0.0,1.09,2.22,0.0,1.09,0.0,5,26,0,10.73,333,0.0,17,60,4834,Nacoes Shopping,NS,Alcance | Chillibeans Vini ,REACH
1847432144410706,2025-11-26 00:00:00,0,0,0,0.0,0,0,0.0,0.0,0.0,0.0,0.0,0.0,0,0,0,0.0,0,0.0,0,0,0,Nacoes Shopping,NS,Alcance | Chillibeans Vini ,REACH
1848504162177105,2025-11-21 00:00:00,0,103,339,1.74,9112,76,0.21,1.12,3.59,0.0,1.03,0.0,51,58,19,33.01,458,0.0,131,108,9186,Nacoes Shopping,NS,ALC - NATAL 25,REACH
1847429807403074,2025-11-08 00:00:00,0,380,411,4.81,1451,104,0.07,4.48,3.27,0.0,4.41,0.0,42,104,1,4.81,817,0.0,171,323,1469,Nacoes Shopping,NS,Visualizações de vídeo | Natal ,VIDEO_VIEWS
1847431181554881,2025-11-05 00:00:00,0,360,320,11.3,3416,113,0.03,3.29,3.28,0.0,3.23,0.0,73,139,1,11.3,1395,0.0,169,326,3443,Nacoes Shopping,NS,Visualizações de vídeo | Natal 02 ,VIDEO_VIEWS
1847431562326049,2025-11-12 00:00:00,0,0,0,0.0,0,0,0.0,0.0,0.0,0.0,0.0,0.0,0,0,0,0.0,0,0.0,0,0,0,Nacoes Shopping,NS,Alcance | Ritmi Mana Spolini,REACH
1848504928619618,2025-11-27 00:00:00,0,1386,1423,0.05,3154,523,15.78,18.57,7.24,0.0,7.06,0.0,430,1049,680,31.17,1621,0.0,722,1816,4308,Nacoes Shopping,NS,TRAF - NATAL 25,TRAFFIC
1847432144410706,2025-11-07 00:00:00,0,55,38,0.0,4466,8,0.0,1.12,2.28,0.0,1.08,0.0,3,18,0,10.25,298,0.0,13,52,4500,Nacoes Shopping,NS,Alcance | Chillibeans Vini ,REACH
1847432144410706,2025-11-27 00:00:00,0,0,0,0.0,0,0,0.0,0.0,0.0,0.0,0.0,0.0,0,0,0,0.0,0,0.0,0,0,0,Nacoes Shopping,NS,Alcance | Chillibeans Vini ,REACH
1848504162177105,2025-11-14 00:00:00,0,118,379,2.53,10360,86,0.14,1.09,3.63,0.0,1.01,0.0,48,52,15,37.95,569,0.0,158,118,10467,Nacoes Shopping,NS,ALC - NATAL 25,REACH
1847431714944034,2025-11-08 00:00:00,0,61,42,0.88,5324,6,0.26,1.15,2.29,0.0,1.13,0.0,4,19,14,12.25,537,0.0,13,67,5359,Nacoes Shopping,NS,Alcance | Giftcard ,REACH
1847431181554881,2025-11-12 00:00:00,0,0,0,0.0,0,0,0.0,0.0,0.0,0.0,0.0,0.0,0,0,0,0.0,0,0.0,0,0,0,Nacoes Shopping,NS,Visualizações de vídeo | Natal 02 ,VIDEO_VIEWS
1847431562326049,2025-11-19 00:00:00,0,0,0,0.0,0,0,0.0,0.0,0.0,0.0,0.0,0.0,0,0,0,0.0,0,0.0,0,0,0,Nacoes Shopping,NS,Alcance | Ritmi Mana Spolini,REACH
1849768886744178,2025-11-27 00:00:00,0,255,139,0.0,19751,25,0.0,1.61,3.1,0.0,1.12,0.0,20,79,0,61.99,1229,0.0,47,255,19972,Nacoes Shopping,NS,ALC - BLACK FRIDAY - NS,REACH
1848504162177105,2025-11-20 00:00:00,0,113,337,1.98,10095,83,0.18,1.07,3.5,0.0,0.97,0.0,57,67,18,35.65,469,0.0,137,119,10174,Nacoes Shopping,NS,ALC - NATAL 25,REACH
1848504928619618,2025-11-14 00:00:00,0,2248,2790,0.04,4596,2051,20.32,17.06,8.08,0.0,8.43,0.0,1797,2567,1319,52.44,2809,0.0,2251,3088,6490,Nacoes Shopping,NS,TRAF - NATAL 25,TRAFFIC
1848504928619618,2025-11-21 00:00:00,0,1720,2158,0.04,3573,1426,13.92,13.5,5.63,0.0,7.1,0.0,1130,1614,810,32.76,2176,0.0,1747,2245,5820,Nacoes Shopping,NS,TRAF - NATAL 25,TRAFFIC
1848504162177105,2025-11-27 00:00:00,0,0,0,0.0,0,0,0.0,0.0,0.0,0.0,0.0,0.0,0,0,0,0.0,0,0.0,0,0,0,Nacoes Shopping,NS,ALC - NATAL 25,REACH
1847431714944034,2025-11-15 00:00:00,0,0,0,0.0,0,0,0.0,0.0,0.0,0.0,0.0,0.0,0,0,0,0.0,0,0.0,0,0,0,Nacoes Shopping,NS,Alcance | Giftcard ,REACH
1847432144410706,2025-11-20 00:00:00,0,0,0,0.0,0,0,0.0,0.0,0.0,0.0,0.0,0.0,0,0,0,0.0,0,0.0,0,0,0,Nacoes Shopping,NS,Alcance | Chillibeans Vini ,REACH
1849887841738834,2025-12-01 00:00:00,0,103,240,1.79,12426,41,0.18,1.4,3.16,0.0,0.97,0.0,25,42,22,39.48,555,0.0,79,110,12487,Nacoes Shopping,NS,ALC - NATAL 25 02,REACH
1848504162177105,2025-11-13 00:00:00,0,123,405,2.75,10907,87,0.13,1.1,3.5,0.0,0.99,0.0,61,68,14,38.47,568,0.0,156,129,11006,Nacoes Shopping,NS,ALC - NATAL 25,REACH
1847431562326049,2025-11-06 00:00:00,0,107,32,0.0,3858,13,0.0,1.36,2.34,0.0,1.35,0.0,3,33,0,9.09,299,0.0,14,108,3883,Nacoes Shopping,NS,Alcance | Ritmi Mana Spolini,REACH
1847431714944034,2025-11-17 00:00:00,0,0,0,0.0,0,0,0.0,0.0,0.0,0.0,0.0,0.0,0,0,0,0.0,0,0.0,0,0,0,Nacoes Shopping,NS,Alcance | Giftcard ,REACH
1849887841738834,2025-12-02 00:00:00,0,158,349,1.25,13437,68,0.24,1.21,3.01,0.0,1.04,0.0,43,67,33,41.3,708,0.0,142,168,13708,Nacoes Shopping,NS,ALC - NATAL 25 02,REACH
1847432144410706,2025-11-18 00:00:00,0,0,0,0.0,0,0,0.0,0.0,0.0,0.0,0.0,0.0,0,0,0,0.0,0,0.0,0,0,0,Nacoes Shopping,NS,Alcance | Chillibeans Vini ,REACH
1847431562326049,2025-11-13 00:00:00,0,0,0,0.0,0,0,0.0,0.0,0.0,0.0,0.0,0.0,0,0,0,0.0,0,0.0,0,0,0,Nacoes Shopping,NS,Alcance | Ritmi Mana Spolini,REACH
1848504928619618,2025-11-23 00:00:00,0,2477,2954,0.04,4217,2069,12.34,16.72,4.66,0.0,7.95,0.0,1502,2034,882,33.32,2973,0.0,2521,3051,7148,Nacoes Shopping,NS,TRAF - NATAL 25,TRAFFIC
1847431714944034,2025-11-04 00:00:00,0,78,52,1.3,5643,9,0.18,1.19,2.28,0.0,1.18,0.0,6,22,10,12.98,653,0.0,16,86,5704,Nacoes Shopping,NS,Alcance | Giftcard ,REACH
1847431714944034,2025-11-24 00:00:00,0,0,0,0.0,0,0,0.0,0.0,0.0,0.0,0.0,0.0,0,0,0,0.0,0,0.0,0,0,0,Nacoes Shopping,NS,Alcance | Giftcard ,REACH
1847432144410706,2025-11-04 00:00:00,0,109,75,0.0,5281,29,0.0,2.11,2.26,0.0,2.09,0.0,13,44,0,12.02,465,0.0,40,104,5320,Nacoes Shopping,NS,Alcance | Chillibeans Vini ,REACH
1848504928619618,2025-11-30 00:00:00,0,838,791,0.03,4744,224,17.66,14.31,5.59,0.0,2.84,0.0,182,913,997,31.57,956,0.0,331,1458,5644,Nacoes Shopping,NS,TRAF - NATAL 25,TRAFFIC
1849768886744178,2025-11-28 00:00:00,0,230,136,0.0,17797,21,0.0,1.61,3.42,0.0,1.19,0.0,15,77,0,61.37,1156,0.0,52,226,17930,Nacoes Shopping,NS,ALC - BLACK FRIDAY - NS,REACH
1847429807403074,2025-11-06 00:00:00,0,1520,1673,0.0,5517,429,0.0,4.93,3.67,0.0,4.7,0.0,198,404,0,20.41,3045,0.0,662,1356,5560,Nacoes Shopping,NS,Visualizações de vídeo | Natal ,VIDEO_VIEWS
1847431181554881,2025-11-08 00:00:00,0,281,240,0.0,2885,92,0.0,3.91,3.52,0.0,3.83,0.0,62,104,0,10.3,1195,0.0,123,257,2927,Nacoes Shopping,NS,Visualizações de vídeo | Natal 02 ,VIDEO_VIEWS
1847431562326049,2025-11-20 00:00:00,0,0,0,0.0,0,0,0.0,0.0,0.0,0.0,0.0,0.0,0,0,0,0.0,0,0.0,0,0,0,Nacoes Shopping,NS,Alcance | Ritmi Mana Spolini,REACH
1847432144410706,2025-11-11 00:00:00,0,16,12,0.0,895,4,0.0,1.24,2.73,0.0,1.24,0.0,1,7,0,2.46,74,0.0,8,13,902,Nacoes Shopping,NS,Alcance | Chillibeans Vini ,REACH
1847431714944034,2025-11-11 00:00:00,0,9,6,3.37,1203,0,0.08,1.09,2.77,0.0,1.09,0.0,0,0,1,3.37,130,0.0,0,8,1216,Nacoes Shopping,NS,Alcance | Giftcard ,REACH
1847432144410706,2025-12-01 00:00:00,0,0,0,0.0,0,0,0.0,0.0,0.0,0.0,0.0,0.0,0,0,0,0.0,0,0.0,0,0,0,Nacoes Shopping,NS,Alcance | Chillibeans Vini ,REACH
1847431714944034,2025-12-01 00:00:00,0,0,0,0.0,0,0,0.0,0.0,0.0,0.0,0.0,0.0,0,0,0,0.0,0,0.0,0,0,0,Nacoes Shopping,NS,Alcance | Giftcard ,REACH
1848504162177105,2025-11-26 00:00:00,0,55,138,12.73,3400,42,0.03,1.2,3.71,0.0,1.14,0.0,31,32,1,12.73,185,0.0,68,54,3427,Nacoes Shopping,NS,ALC - NATAL 25,REACH
1847431562326049,2025-11-27 00:00:00,0,0,0,0.0,0,0,0.0,0.0,0.0,0.0,0.0,0.0,0,0,0,0.0,0,0.0,0,0,0,Nacoes Shopping,NS,Alcance | Ritmi Mana Spolini,REACH
1847432144410706,2025-11-12 00:00:00,0,0,0,0.0,0,0,0.0,0.0,0.0,0.0,0.0,0.0,0,0,0,0.0,0,0.0,0,0,0,Nacoes Shopping,NS,Alcance | Chillibeans Vini ,REACH
1848504928619618,2025-11-22 00:00:00,0,1602,2034,0.04,3317,1358,14.53,14.52,5.58,0.0,7.07,0.0,1099,1587,830,31.86,2053,0.0,1652,2122,5712,Nacoes Shopping,NS,TRAF - NATAL 25,TRAFFIC
1847431562326049,2025-11-07 00:00:00,0,77,22,0.0,3462,2,0.0,1.16,2.4,0.0,1.12,0.0,0,25,0,8.37,239,0.0,8,78,3489,Nacoes Shopping,NS,Alcance | Ritmi Mana Spolini,REACH
1847432144410706,2025-12-02 00:00:00,0,0,0,0.0,0,0,0.0,0.0,0.0,0.0,0.0,0.0,0,0,0,0.0,0,0.0,0,0,0,Nacoes Shopping,NS,Alcance | Chillibeans Vini ,REACH
1848504162177105,2025-11-19 00:00:00,0,100,357,2.23,9898,81,0.16,1.15,3.58,0.0,1.01,0.0,50,56,16,35.73,492,0.0,135,101,9969,Nacoes Shopping,NS,ALC - NATAL 25,REACH
1847431714944034,2025-11-03 00:00:00,0,68,44,1.71,5706,10,0.12,1.21,2.09,0.0,1.2,0.0,8,21,7,12.0,653,0.0,16,70,5747,Nacoes Shopping,NS,Alcance | Giftcard ,REACH
1847431181554881,2025-11-07 00:00:00,0,289,253,0.0,2628,92,0.0,3.52,4.34,0.0,3.45,0.0,65,103,0,11.51,1078,0.0,138,255,2650,Nacoes Shopping,NS,Visualizações de vídeo | Natal 02 ,VIDEO_VIEWS
1847431562326049,2025-11-14 00:00:00,0,0,0,0.0,0,0,0.0,0.0,0.0,0.0,0.0,0.0,0,0,0,0.0,0,0.0,0,0,0,Nacoes Shopping,NS,Alcance | Ritmi Mana Spolini,REACH
1848504162177105,2025-11-25 00:00:00,0,65,218,1.87,6961,53,0.2,1.0,3.73,0.0,0.95,0.0,29,40,14,26.2,311,0.0,82,74,7031,Nacoes Shopping,NS,ALC - NATAL 25,REACH
1848504928619618,2025-11-29 00:00:00,0,838,745,0.04,3894,175,15.72,12.53,6.03,0.0,3.19,0.0,143,681,864,33.17,983,0.0,298,1279,5497,Nacoes Shopping,NS,TRAF - NATAL 25,TRAFFIC
1848504162177105,2025-12-02 00:00:00,0,0,0,0.0,0,0,0.0,0.0,0.0,0.0,0.0,0.0,0,0,0,0.0,0,0.0,0,0,0,Nacoes Shopping,NS,ALC - NATAL 25,REACH
1848504928619618,2025-11-16 00:00:00,0,1900,2399,0.04,4404,1790,15.04,13.74,6.48,0.0,7.59,0.0,1501,2173,1038,44.71,2370,0.0,1917,2664,6903,Nacoes Shopping,NS,TRAF - NATAL 25,TRAFFIC
1848504162177105,2025-11-12 00:00:00,0,130,431,1.83,11575,96,0.18,1.17,3.28,0.0,0.99,0.0,67,72,21,38.42,557,0.0,154,132,11709,Nacoes Shopping,NS,ALC - NATAL 25,REACH
1847431714944034,2025-11-10 00:00:00,0,47,41,1.38,4932,12,0.18,1.54,2.49,0.0,1.52,0.0,8,23,9,12.38,514,0.0,19,49,4977,Nacoes Shopping,NS,Alcance | Giftcard ,REACH
1847432144410706,2025-11-25 00:00:00,0,0,0,0.0,0,0,0.0,0.0,0.0,0.0,0.0,0.0,0,0,0,0.0,0,0.0,0,0,0,Nacoes Shopping,NS,Alcance | Chillibeans Vini ,REACH
1847432144410706,2025-11-05 00:00:00,0,107,77,0.0,5244,21,0.0,1.26,2.25,0.0,1.24,0.0,9,46,0,11.89,448,0.0,30,107,5280,Nacoes Shopping,NS,Alcance | Chillibeans Vini ,REACH
1849887841738834,2025-11-26 00:00:00,0,52,58,2.55,4738,11,0.1,1.62,2.67,0.0,0.98,0.0,6,19,5,12.75,219,0.0,21,54,4780,Nacoes Shopping,NS,ALC - NATAL 25 02,REACH
1847431181554881,2025-11-14 00:00:00,0,0,0,0.0,0,0,0.0,0.0,0.0,0.0,0.0,0.0,0,0,0,0.0,0,0.0,0,0,0,Nacoes Shopping,NS,Visualizações de vídeo | Natal 02 ,VIDEO_VIEWS
1849768886744178,2025-11-29 00:00:00,0,230,142,0.0,17797,31,0.0,2.02,3.26,0.0,1.4,0.0,15,77,0,58.66,1112,0.0,57,218,17967,Nacoes Shopping,NS,ALC - BLACK FRIDAY - NS,REACH
1847431562326049,2025-11-21 00:00:00,0,0,0,0.0,0,0,0.0,0.0,0.0,0.0,0.0,0.0,0,0,0,0.0,0,0.0,0,0,0,Nacoes Shopping,NS,Alcance | Ritmi Mana Spolini,REACH
1847429807403074,2025-11-07 00:00:00,0,1177,1224,0.0,4514,306,0.0,5.15,3.83,0.0,4.94,0.0,128,312,0,17.44,2408,0.0,478,1048,4552,Nacoes Shopping,NS,Visualizações de vídeo | Natal ,VIDEO_VIEWS
1848504162177105,2025-11-18 00:00:00,0,106,343,2.52,9039,86,0.14,1.09,3.6,0.0,1.03,0.0,56,65,13,32.79,476,0.0,132,115,9113,Nacoes Shopping,NS,ALC - NATAL 25,REACH
1847431714944034,2025-11-12 00:00:00,0,0,0,0.0,0,0,0.0,0.0,0.0,0.0,0.0,0.0,0,0,0,0.0,0,0.0,0,0,0,Nacoes Shopping,NS,Alcance | Giftcard ,REACH
1847431714944034,2025-12-02 00:00:00,0,0,0,0.0,0,0,0.0,0.0,0.0,0.0,0.0,0.0,0,0,0,0.0,0,0.0,0,0,0,Nacoes Shopping,NS,Alcance | Giftcard ,REACH
1849887841738834,2025-11-27 00:00:00,0,114,132,2.42,10509,25,0.15,1.6,3.65,0.0,0.99,0.0,13,40,16,38.74,515,0.0,41,125,10621,Nacoes Shopping,NS,ALC - NATAL 25 02,REACH
1849768886744178,2025-11-30 00:00:00,0,34,20,0.0,3086,5,0.0,1.47,3.12,0.0,1.14,0.0,2,12,0,9.73,208,0.0,6,33,3121,Nacoes Shopping,NS,ALC - BLACK FRIDAY - NS,REACH
1847429807403074,2025-11-04 00:00:00,0,2249,2381,0.0,7870,573,0.0,4.97,2.89,0.0,4.72,0.0,250,557,0,23.05,4447,0.0,886,1995,7963,Nacoes Shopping,NS,Visualizações de vídeo | Natal ,VIDEO_VIEWS
1847431562326049,2025-11-08 00:00:00,0,102,35,0.0,3804,10,0.0,1.59,2.39,0.0,1.56,0.0,2,35,0,9.17,283,0.0,19,102,3832,Nacoes Shopping,NS,Alcance | Ritmi Mana Spolini,REACH
1848504928619618,2025-11-18 00:00:00,0,1334,1606,0.07,5082,1252,10.21,7.95,6.87,0.0,5.13,0.0,1111,1469,611,41.14,1635,0.0,1336,1734,5987,Nacoes Shopping,NS,TRAF - NATAL 25,TRAFFIC
1847432144410706,2025-11-03 00:00:00,0,104,78,0.0,5499,16,0.0,1.29,2.07,0.0,1.28,0.0,7,46,0,11.51,507,0.0,35,101,5559,Nacoes Shopping,NS,Alcance | Chillibeans Vini ,REACH
1847431714944034,2025-11-19 00:00:00,0,0,0,0.0,0,0,0.0,0.0,0.0,0.0,0.0,0.0,0,0,0,0.0,0,0.0,0,0,0,Nacoes Shopping,NS,Alcance | Giftcard ,REACH
1847432144410706,2025-11-09 00:00:00,0,56,37,0.0,3861,10,0.0,1.18,2.28,0.0,1.16,0.0,6,20,0,8.86,260,0.0,19,55,3891,Nacoes Shopping,NS,Alcance | Chillibeans Vini ,REACH
1847432144410706,2025-11-29 00:00:00,0,0,0,0.0,0,0,0.0,0.0,0.0,0.0,0.0,0.0,0,0,0,0.0,0,0.0,0,0,0,Nacoes Shopping,NS,Alcance | Chillibeans Vini ,REACH
1848504928619618,2025-11-25 00:00:00,0,1899,2285,0.04,3695,1568,15.23,19.05,6.4,0.0,8.01,0.0,1409,1880,776,32.63,2192,0.0,1950,2506,5095,Nacoes Shopping,NS,TRAF - NATAL 25,TRAFFIC
1847431181554881,2025-11-03 00:00:00,0,369,349,0.0,3118,125,0.0,3.83,3.64,0.0,3.64,0.0,83,148,0,11.56,1443,0.0,174,348,3173,Nacoes Shopping,NS,Visualizações de vídeo | Natal 02 ,VIDEO_VIEWS
1847431562326049,2025-11-15 00:00:00,0,0,0,0.0,0,0,0.0,0.0,0.0,0.0,0.0,0.0,0,0,0,0.0,0,0.0,0,0,0,Nacoes Shopping,NS,Alcance | Ritmi Mana Spolini,REACH
1847431714944034,2025-11-26 00:00:00,0,0,0,0.0,0,0,0.0,0.0,0.0,0.0,0.0,0.0,0,0,0,0.0,0,0.0,0,0,0,Nacoes Shopping,NS,Alcance | Giftcard ,REACH
1847431714944034,2025-11-06 00:00:00,0,79,53,1.18,5690,6,0.19,1.29,2.26,0.0,1.28,0.0,3,24,11,12.99,589,0.0,22,81,5745,Nacoes Shopping,NS,Alcance | Giftcard ,REACH
1847432144410706,2025-11-16 00:00:00,0,0,0,0.0,0,0,0.0,0.0,0.0,0.0,0.0,0.0,0,0,0,0.0,0,0.0,0,0,0,Nacoes Shopping,NS,Alcance | Chillibeans Vini ,REACH
1848504162177105,2025-12-01 00:00:00,0,0,0,0.0,0,0,0.0,0.0,0.0,0.0,0.0,0.0,0,0,0,0.0,0,0.0,0,0,0,Nacoes Shopping,NS,ALC - NATAL 25,REACH
1848504162177105,2025-11-11 00:00:00,0,87,264,2.72,7958,55,0.12,0.94,3.39,0.0,0.94,0.0,35,38,10,27.19,376,0.0,108,88,8013,Nacoes Shopping,NS,ALC - NATAL 25,REACH
1849887841738834,2025-11-28 00:00:00,0,73,89,2.31,7998,19,0.17,1.47,4.0,0.0,1.0,0.0,12,32,14,32.27,390,0.0,26,77,8077,Nacoes Shopping,NS,ALC - NATAL 25 02,REACH
1847431562326049,2025-11-22 00:00:00,0,0,0,0.0,0,0,0.0,0.0,0.0,0.0,0.0,0.0,0,0,0,0.0,0,0.0,0,0,0,Nacoes Shopping,NS,Alcance | Ritmi Mana Spolini,REACH
1847432144410706,2025-11-17 00:00:00,0,0,0,0.0,0,0,0.0,0.0,0.0,0.0,0.0,0.0,0,0,0,0.0,0,0.0,0,0,0,Nacoes Shopping,NS,Alcance | Chillibeans Vini ,REACH
1848504928619618,2025-11-17 00:00:00,0,2312,2702,0.04,4632,2140,15.57,18.1,6.39,0.0,8.63,0.0,1828,2464,1017,41.72,2686,0.0,2277,3025,6531,Nacoes Shopping,NS,TRAF - NATAL 25,TRAFFIC
1849768886744178,2025-12-01 00:00:00,0,0,0,0.0,0,0,0.0,0.0,0.0,0.0,0.0,0.0,0,0,0,0.0,0,0.0,0,0,0,Nacoes Shopping,NS,ALC - BLACK FRIDAY - NS,REACH
1847429807403074,2025-11-05 00:00:00,0,1845,1980,0.0,6399,477,0.0,4.86,3.31,0.0,4.7,0.0,207,454,0,21.43,3522,0.0,761,1658,6468,Nacoes Shopping,NS,Visualizações de vídeo | Natal ,VIDEO_VIEWS
1848504162177105,2025-11-24 00:00:00,0,83,277,1.82,7854,59,0.2,1.05,3.68,0.0,0.98,0.0,47,52,16,29.1,385,0.0,105,85,7915,Nacoes Shopping,NS,ALC - NATAL 25,REACH
1847431714944034,2025-11-18 00:00:00,0,0,0,0.0,0,0,0.0,0.0,0.0,0.0,0.0,0.0,0,0,0,0.0,0,0.0,0,0,0,Nacoes Shopping,NS,Alcance | Giftcard ,REACH
1847431562326049,2025-11-09 00:00:00,0,93,27,0.0,3565,4,0.0,1.23,2.45,0.0,1.22,0.0,1,29,0,8.79,264,0.0,10,95,3588,Nacoes Shopping,NS,Alcance | Ritmi Mana Spolini,REACH
1848504162177105,2025-11-30 00:00:00,0,0,0,0.0,0,0,0.0,0.0,0.0,0.0,0.0,0.0,0,0,0,0.0,0,0.0,0,0,0,Nacoes Shopping,NS,ALC - NATAL 25,REACH
1848504928619618,2025-11-24 00:00:00,0,1773,2099,0.04,3423,1525,16.55,17.48,6.59,0.0,7.84,0.0,1327,1857,834,33.22,2096,0.0,1761,2346,5039,Nacoes Shopping,NS,TRAF - NATAL 25,TRAFFIC
1848504928619618,2025-11-11 00:00:00,0,2314,2811,0.05,4350,2133,10.83,14.91,5.67,0.0,7.7,0.0,1759,2237,864,45.26,2826,0.0,2327,2836,7978,Nacoes Shopping,NS,TRAF - NATAL 25,TRAFFIC
1848504928619618,2025-12-01 00:00:00,0,1802,1593,0.03,5143,365,13.28,16.23,4.16,0.0,5.08,0.0,278,1126,946,29.65,2016,0.0,626,2388,7122,Nacoes Shopping,NS,TRAF - NATAL 25,TRAFFIC
1848504162177105,2025-11-17 00:00:00,0,96,365,1.78,9466,65,0.21,1.08,3.72,0.0,1.0,0.0,46,54,20,35.51,498,0.0,124,101,9540,Nacoes Shopping,NS,ALC - NATAL 25,REACH
1847431714944034,2025-11-05 00:00:00,0,52,43,0.89,5762,9,0.26,1.19,2.28,0.0,1.18,0.0,7,25,15,13.28,675,0.0,20,57,5821,Nacoes Shopping,NS,Alcance | Giftcard ,REACH
1847431714944034,2025-11-25 00:00:00,0,0,0,0.0,0,0,0.0,0.0,0.0,0.0,0.0,0.0,0,0,0,0.0,0,0.0,0,0,0,Nacoes Shopping,NS,Alcance | Giftcard ,REACH
1847432144410706,2025-11-10 00:00:00,0,51,30,0.0,3493,8,0.0,1.15,2.41,0.0,1.13,0.0,2,18,0,8.48,269,0.0,14,48,3520,Nacoes Shopping,NS,Alcance | Chillibeans Vini ,REACH
1847431181554881,2025-11-09 00:00:00,0,243,212,0.0,2449,82,0.0,3.48,4.2,0.0,3.39,0.0,53,98,0,10.36,1022,0.0,111,222,2464,Nacoes Shopping,NS,Visualizações de vídeo | Natal 02 ,VIDEO_VIEWS
1847431562326049,2025-11-16 00:00:00,0,0,0,0.0,0,0,0.0,0.0,0.0,0.0,0.0,0.0,0,0,0,0.0,0,0.0,0,0,0,Nacoes Shopping,NS,Alcance | Ritmi Mana Spolini,REACH
1848504162177105,2025-11-23 00:00:00,0,85,310,1.79,9174,57,0.19,1.07,3.49,0.0,0.97,0.0,41,48,18,32.26,436,0.0,116,91,9241,Nacoes Shopping,NS,ALC - NATAL 25,REACH
1847431714944034,2025-11-07 00:00:00,0,59,44,1.54,5237,12,0.15,1.18,2.33,0.0,1.15,0.0,6,23,8,12.33,547,0.0,19,63,5286,Nacoes Shopping,NS,Alcance | Giftcard ,REACH
1847431714944034,2025-11-27 00:00:00,0,0,0,0.0,0,0,0.0,0.0,0.0,0.0,0.0,0.0,0,0,0,0.0,0,0.0,0,0,0,Nacoes Shopping,NS,Alcance | Giftcard ,REACH
1849768886744178,2025-11-25 00:00:00,0,166,311,0.0,17050,51,0.0,1.42,2.69,0.0,1.12,0.0,35,43,0,46.17,796,0.0,114,157,17149,Nacoes Shopping,NS,ALC - BLACK FRIDAY - NS,REACH
1849887841738834,2025-11-29 00:00:00,0,93,138,1.84,9500,28,0.21,1.45,3.85,0.0,1.02,0.0,21,48,20,36.8,483,0.0,56,101,9565,Nacoes Shopping,NS,ALC - NATAL 25 02,REACH
1847429807403074,2025-11-09 00:00:00,0,0,0,0.0,0,0,0.0,0.0,0.0,0.0,0.0,0.0,0,0,0,0.0,0,0.0,0,0,0,Nacoes Shopping,NS,Visualizações de vídeo | Natal ,VIDEO_VIEWS
1847431181554881,2025-11-11 00:00:00,0,99,84,0.0,839,39,0.0,3.8,6.23,0.0,3.76,0.0,24,44,0,5.31,358,0.0,50,85,853,Nacoes Shopping,NS,Visualizações de vídeo | Natal 02 ,VIDEO_VIEWS
1847431562326049,2025-11-23 00:00:00,0,0,0,0.0,0,0,0.0,0.0,0.0,0.0,0.0,0.0,0,0,0,0.0,0,0.0,0,0,0,Nacoes Shopping,NS,Alcance | Ritmi Mana Spolini,REACH
1847431562326049,2025-11-03 00:00:00,0,158,46,0.0,4337,10,0.0,1.46,2.16,0.0,1.45,0.0,5,48,0,9.45,431,0.0,25,159,4371,Nacoes Shopping,NS,Alcance | Ritmi Mana Spolini,REACH
1848504928619618,2025-11-13 00:00:00,0,3055,3590,0.04,5591,2779,16.53,19.5,6.72,0.0,8.53,0.0,2306,3074,1213,49.3,3553,0.0,2974,3919,7338,Nacoes Shopping,NS,TRAF - NATAL 25,TRAFFIC
1847432144410706,2025-11-08 00:00:00,0,55,41,0.0,4273,8,0.0,1.14,2.24,0.0,1.12,0.0,5,22,0,9.63,299,0.0,18,54,4298,Nacoes Shopping,NS,Alcance | Chillibeans Vini ,REACH
1847432144410706,2025-11-14 00:00:00,0,0,0,0.0,0,0,0.0,0.0,0.0,0.0,0.0,0.0,0,0,0,0.0,0,0.0,0,0,0,Nacoes Shopping,NS,Alcance | Chillibeans Vini ,REACH
1847431714944034,2025-11-14 00:00:00,0,0,0,0.0,0,0,0.0,0.0,0.0,0.0,0.0,0.0,0,0,0,0.0,0,0.0,0,0,0,Nacoes Shopping,NS,Alcance | Giftcard ,REACH
1848504928619618,2025-11-20 00:00:00,0,2024,2479,0.05,4050,1702,16.55,17.57,7.55,0.0,8.33,0.0,1504,2050,852,38.84,2439,0.0,2006,2661,5147,Nacoes Shopping,NS,TRAF - NATAL 25,TRAFFIC
1847431181554881,2025-11-18 00:00:00,0,0,0,0.0,0,0,0.0,0.0,0.0,0.0,0.0,0.0,0,0,0,0.0,0,0.0,0,0,0,Nacoes Shopping,NS,Visualizações de vídeo | Natal 02 ,VIDEO_VIEWS
1847431562326049,2025-11-10 00:00:00,0,107,35,0.0,3506,6,0.0,1.4,2.59,0.0,1.39,0.0,5,36,0,9.15,297,0.0,17,107,3539,Nacoes Shopping,NS,Alcance | Ritmi Mana Spolini,REACH
1847431714944034,2025-11-21 00:00:00,0,0,0,0.0,0,0,0.0,0.0,0.0,0.0,0.0,0.0,0,0,0,0.0,0,0.0,0,0,0,Nacoes Shopping,NS,Alcance | Giftcard ,REACH
1847432144410706,2025-11-21 00:00:00,0,0,0,0.0,0,0,0.0,0.0,0.0,0.0,0.0,0.0,0,0,0,0.0,0,0.0,0,0,0,Nacoes Shopping,NS,Alcance | Chillibeans Vini ,REACH
1848504162177105,2025-11-16 00:00:00,0,109,374,1.8,9884,85,0.2,1.11,3.63,0.0,1.0,0.0,56,61,20,36.08,507,0.0,139,112,9942,Nacoes Shopping,NS,ALC - NATAL 25,REACH
1847429807403074,2025-11-03 00:00:00,0,2105,2307,0.0,6880,583,0.0,5.76,3.32,0.0,5.48,0.0,260,568,0,23.01,3997,0.0,934,1905,6921,Nacoes Shopping,NS,Visualizações de vídeo | Natal ,VIDEO_VIEWS
1848504928619618,2025-11-12 00:00:00,0,2120,2548,0.05,4706,1927,12.92,14.1,5.91,0.0,7.09,0.0,1699,2287,916,41.89,2545,0.0,2056,2773,7092,Nacoes Shopping,NS,TRAF - NATAL 25,TRAFFIC
1847431181554881,2025-11-10 00:00:00,0,267,252,0.0,2592,95,0.0,3.53,4.34,0.0,3.38,0.0,65,118,0,11.47,1002,0.0,144,259,2644,Nacoes Shopping,NS,Visualizações de vídeo | Natal 02 ,VIDEO_VIEWS
1847432144410706,2025-11-22 00:00:00,0,0,0,0.0,0,0,0.0,0.0,0.0,0.0,0.0,0.0,0,0,0,0.0,0,0.0,0,0,0,Nacoes Shopping,NS,Alcance | Chillibeans Vini ,REACH
1847431562326049,2025-11-17 00:00:00,0,0,0,0.0,0,0,0.0,0.0,0.0,0.0,0.0,0.0,0,0,0,0.0,0,0.0,0,0,0,Nacoes Shopping,NS,Alcance | Ritmi Mana Spolini,REACH
1848504928619618,2025-12-02 00:00:00,0,1588,1499,0.03,3891,514,16.76,19.33,5.24,0.0,6.63,0.0,394,1275,1007,31.45,1683,0.0,747,2200,6007,Nacoes Shopping,NS,TRAF - NATAL 25,TRAFFIC
1849768886744178,2025-11-26 00:00:00,0,222,282,0.0,22462,50,0.0,1.48,2.74,0.0,1.12,0.0,31,64,0,62.08,1124,0.0,105,211,22632,Nacoes Shopping,NS,ALC - BLACK FRIDAY - NS,REACH
1847429807403074,2025-11-10 00:00:00,0,0,0,0.0,0,0,0.0,0.0,0.0,0.0,0.0,0.0,0,0,0,0.0,0,0.0,0,0,0,Nacoes Shopping,NS,Visualizações de vídeo | Natal ,VIDEO_VIEWS
1848504162177105,2025-11-29 00:00:00,0,0,0,0.0,0,0,0.0,0.0,0.0,0.0,0.0,0.0,0,0,0,0.0,0,0.0,0,0,0,Nacoes Shopping,NS,ALC - NATAL 25,REACH
1847431714944034,2025-11-13 00:00:00,0,0,0,0.0,0,0,0.0,0.0,0.0,0.0,0.0,0.0,0,0,0,0.0,0,0.0,0,0,0,Nacoes Shopping,NS,Alcance | Giftcard ,REACH
1849768886744178,2025-12-02 00:00:00,0,0,0,0.0,0,0,0.0,0.0,0.0,0.0,0.0,0.0,0,0,0,0.0,0,0.0,0,0,0,Nacoes Shopping,NS,ALC - BLACK FRIDAY - NS,REACH
1847431562326049,2025-11-04 00:00:00,0,171,50,0.0,4007,5,0.0,1.42,2.35,0.0,1.4,0.0,0,48,0,9.55,450,0.0,14,164,4060,Nacoes Shopping,NS,Alcance | Ritmi Mana Spolini,REACH
1848504162177105,2025-11-15 00:00:00,0,110,347,2.41,9665,83,0.15,1.14,3.71,0.0,1.02,0.0,56,64,15,36.17,467,0.0,132,117,9752,Nacoes Shopping,NS,ALC - NATAL 25,REACH
1848504928619618,2025-11-19 00:00:00,0,1884,2266,0.05,3831,1717,19.21,17.15,9.17,0.0,8.82,0.0,1572,2142,870,41.52,2228,0.0,1808,2548,4530,Nacoes Shopping,NS,TRAF - NATAL 25,TRAFFIC
1848504928619618,2025-11-26 00:00:00,0,1394,1696,0.04,3588,881,16.39,19.14,6.72,0.0,5.67,0.0,751,1246,805,33.02,1771,0.0,1207,1911,4912,Nacoes Shopping,NS,TRAF - NATAL 25,TRAFFIC
1848504162177105,2025-11-22 00:00:00,0,103,342,2.5,8944,77,0.14,1.28,3.61,0.0,1.17,0.0,47,51,13,32.54,471,0.0,134,105,9006,Nacoes Shopping,NS,ALC - NATAL 25,REACH
1847432144410706,2025-11-15 00:00:00,0,0,0,0.0,0,0,0.0,0.0,0.0,0.0,0.0,0.0,0,0,0,0.0,0,0.0,0,0,0,Nacoes Shopping,NS,Alcance | Chillibeans Vini ,REACH
1847431714944034,2025-11-20 00:00:00,0,0,0,0.0,0,0,0.0,0.0,0.0,0.0,0.0,0.0,0,0,0,0.0,0,0.0,0,0,0,Nacoes Shopping,NS,Alcance | Giftcard ,REACH
1847431181554881,2025-11-04 00:00:00,0,433,375,0.0,3744,123,0.0,3.74,3.07,0.0,3.6,0.0,81,168,0,11.71,1627,0.0,203,400,3810,Nacoes Shopping,NS,Visualizações de vídeo | Natal 02 ,VIDEO_VIEWS
1847431562326049,2025-12-01 00:00:00,0,0,0,0.0,0,0,0.0,0.0,0.0,0.0,0.0,0.0,0,0,0,0.0,0,0.0,0,0,0,Nacoes Shopping,NS,Alcance | Ritmi Mana Spolini,REACH
1848504162177105,2025-12-18 00:00:00,0,0,0,0.0,0,0,0.0,0.0,0.0,0.0,0.0,0.0,0,0,0,0.0,0,0.0,0,0,0,Nacoes Shopping,NS,ALC - NATAL 25,REACH
1849887841738834,2025-12-14 00:00:00,0,249,278,1.12,14810,56,0.22,1.54,2.43,0.0,1.19,0.0,34,100,36,40.22,1253,0.0,101,268,16563,Nacoes Shopping,NS,ALC - NATAL 25 02,REACH
1849887841738834,2025-12-07 00:00:00,0,31,31,13.36,1617,5,0.02,0.2,3.05,0.0,1.14,0.0,3,19,3,40.07,145,0.0,9,39,13120,Nacoes Shopping,NS,ALC - NATAL 25 02,REACH
1849768886744178,2025-12-10 00:00:00,0,0,0,0.0,0,0,0.0,0.0,0.0,0.0,0.0,0.0,0,0,0,0.0,0,0.0,0,0,0,Nacoes Shopping,NS,ALC - BLACK FRIDAY - NS,REACH
1847432144410706,2025-12-03 00:00:00,0,0,0,0.0,0,0,0.0,0.0,0.0,0.0,0.0,0.0,0,0,0,0.0,0,0.0,0,0,0,Nacoes Shopping,NS,Alcance | Chillibeans Vini ,REACH
1849887841738834,2025-12-27 00:00:00,0,86,113,2.02,3835,27,0.11,0.48,2.31,0.0,1.42,0.0,21,50,18,36.41,435,0.0,41,103,15761,Nacoes Shopping,NS,ALC - NATAL 25 02,REACH
1850600369247313,2025-12-21 00:00:00,0,252,132,0.0,6145,42,0.0,1.68,2.18,0.0,1.66,0.0,23,89,0,13.48,895,0.0,60,249,6195,Nacoes Shopping,NS,ALC - LEGUEIROS,REACH
1847431562326049,2025-12-08 00:00:00,0,0,0,0.0,0,0,0.0,0.0,0.0,0.0,0.0,0.0,0,0,0,0.0,0,0.0,0,0,0,Nacoes Shopping,NS,Alcance | Ritmi Mana Spolini,REACH
1848504928619618,2025-12-18 00:00:00,0,1304,1215,0.04,3056,229,12.49,8.15,4.64,0.0,6.69,0.0,167,957,826,30.66,1417,0.0,399,1862,6611,Nacoes Shopping,NS,TRAF - NATAL 25,TRAFFIC
1848504162177105,2025-12-31 00:00:00,0,0,0,0.0,0,0,0.0,0.0,0.0,0.0,0.0,0.0,0,0,0,0.0,0,0.0,0,0,0,Nacoes Shopping,NS,ALC - NATAL 25,REACH
1850600369247313,2025-12-15 00:00:00,0,395,199,0.0,6846,59,0.0,1.95,2.11,0.0,1.92,0.0,26,145,0,14.58,1122,0.0,98,386,6906,Nacoes Shopping,NS,ALC - LEGUEIROS,REACH
1848504928619618,2025-12-25 00:00:00,0,1904,1656,0.03,4982,438,12.88,15.61,3.89,0.0,6.18,0.0,347,1320,1045,31.57,2186,0.0,722,2540,8111,Nacoes Shopping,NS,TRAF - NATAL 25,TRAFFIC
1848504928619618,2025-12-05 00:00:00,0,1840,1635,0.04,3706,439,12.28,9.44,5.14,0.0,7.85,0.0,339,1204,902,37.77,1996,0.0,671,2389,7348,Nacoes Shopping,NS,TRAF - NATAL 25,TRAFFIC
1849768886744178,2025-12-03 00:00:00,0,0,0,0.0,0,0,0.0,0.0,0.0,0.0,0.0,0.0,0,0,0,0.0,0,0.0,0,0,0,Nacoes Shopping,NS,ALC - BLACK FRIDAY - NS,REACH
1847432144410706,2025-12-29 00:00:00,0,0,0,0.0,0,0,0.0,0.0,0.0,0.0,0.0,0.0,0,0,0,0.0,0,0.0,0,0,0,Nacoes Shopping,NS,Alcance | Chillibeans Vini ,REACH
1847431181554881,2025-12-23 00:00:00,0,0,0,0.0,0,0,0.0,0.0,0.0,0.0,0.0,0.0,0,0,0,0.0,0,0.0,0,0,0,Nacoes Shopping,NS,Visualizações de vídeo | Natal 02 ,VIDEO_VIEWS
1847431562326049,2025-12-15 00:00:00,0,0,0,0.0,0,0,0.0,0.0,0.0,0.0,0.0,0.0,0,0,0,0.0,0,0.0,0,0,0,Nacoes Shopping,NS,Alcance | Ritmi Mana Spolini,REACH
1849887841738834,2025-12-20 00:00:00,0,55,48,9.16,2446,13,0.03,0.36,2.9,0.0,1.31,0.0,6,25,4,36.63,225,0.0,17,59,12651,Nacoes Shopping,NS,ALC - NATAL 25 02,REACH
1850600369247313,2025-12-28 00:00:00,0,219,95,0.0,5716,27,0.0,1.6,1.6,0.0,1.56,0.0,16,72,0,9.24,818,0.0,39,221,5769,Nacoes Shopping,NS,ALC - LEGUEIROS,REACH
1850600369247313,2025-12-08 00:00:00,0,502,284,0.0,6660,88,0.0,2.39,2.5,0.0,2.35,0.0,42,203,0,16.83,1338,0.0,132,497,6726,Nacoes Shopping,NS,ALC - LEGUEIROS,REACH
1848504162177105,2025-12-11 00:00:00,0,0,0,0.0,0,0,0.0,0.0,0.0,0.0,0.0,0.0,0,0,0,0.0,0,0.0,0,0,0,Nacoes Shopping,NS,ALC - NATAL 25,REACH
1849887841738834,2025-12-08 00:00:00,0,133,169,1.4,7504,35,0.2,0.85,2.79,0.0,1.16,0.0,18,53,30,41.95,630,0.0,56,150,15027,Nacoes Shopping,NS,ALC - NATAL 25 02,REACH
1850600369247313,2025-12-22 00:00:00,0,305,175,0.0,5822,53,0.0,1.87,2.13,0.0,1.83,0.0,26,124,0,12.48,929,0.0,89,303,5864,Nacoes Shopping,NS,ALC - LEGUEIROS,REACH
1848504928619618,2025-12-17 00:00:00,0,1638,1356,0.04,3573,326,9.64,10.4,3.67,0.0,7.11,0.0,223,1062,832,31.67,1829,0.0,571,2124,8635,Nacoes Shopping,NS,TRAF - NATAL 25,TRAFFIC
1848504928619618,2025-12-24 00:00:00,0,2311,2067,0.04,4284,489,8.76,11.78,3.1,0.0,8.23,0.0,387,1316,859,30.34,2619,0.0,853,2880,9801,Nacoes Shopping,NS,TRAF - NATAL 25,TRAFFIC
1848504928619618,2025-12-04 00:00:00,0,2053,1878,0.04,4506,513,10.99,9.96,4.59,0.0,7.22,0.0,405,1316,1022,42.63,2258,0.0,740,2668,9297,Nacoes Shopping,NS,TRAF - NATAL 25,TRAFFIC
1849768886744178,2025-12-11 00:00:00,0,0,0,0.0,0,0,0.0,0.0,0.0,0.0,0.0,0.0,0,0,0,0.0,0,0.0,0,0,0,Nacoes Shopping,NS,ALC - BLACK FRIDAY - NS,REACH
1849887841738834,2025-12-28 00:00:00,0,128,120,1.78,5196,29,0.13,0.66,2.32,0.0,1.42,0.0,12,65,20,35.68,521,0.0,46,145,15360,Nacoes Shopping,NS,ALC - NATAL 25 02,REACH
1847431714944034,2025-12-18 00:00:00,0,0,0,0.0,0,0,0.0,0.0,0.0,0.0,0.0,0.0,0,0,0,0.0,0,0.0,0,0,0,Nacoes Shopping,NS,Alcance | Giftcard ,REACH
1849887841738834,2025-12-21 00:00:00,0,56,56,4.64,2433,11,0.06,0.32,2.69,0.0,1.3,0.0,7,28,8,37.12,272,0.0,18,65,13809,Nacoes Shopping,NS,ALC - NATAL 25 02,REACH
1849768886744178,2025-12-17 00:00:00,0,0,0,0.0,0,0,0.0,0.0,0.0,0.0,0.0,0.0,0,0,0,0.0,0,0.0,0,0,0,Nacoes Shopping,NS,ALC - BLACK FRIDAY - NS,REACH
1848504162177105,2025-12-10 00:00:00,0,0,0,0.0,0,0,0.0,0.0,0.0,0.0,0.0,0.0,0,0,0,0.0,0,0.0,0,0,0,Nacoes Shopping,NS,ALC - NATAL 25,REACH
1850600369247313,2025-12-09 00:00:00,0,584,336,0.0,6765,93,0.0,2.4,2.35,0.0,2.36,0.0,33,238,0,16.08,1497,0.0,154,581,6852,Nacoes Shopping,NS,ALC - LEGUEIROS,REACH
1848504162177105,2025-12-30 00:00:00,0,0,0,0.0,0,0,0.0,0.0,0.0,0.0,0.0,0.0,0,0,0,0.0,0,0.0,0,0,0,Nacoes Shopping,NS,ALC - NATAL 25,REACH
1850600369247313,2025-12-29 00:00:00,0,230,127,0.0,5113,33,0.0,1.75,1.59,0.0,1.73,0.0,15,92,0,8.24,759,0.0,56,230,5171,Nacoes Shopping,NS,ALC - LEGUEIROS,REACH
1849768886744178,2025-12-24 00:00:00,0,0,0,0.0,0,0,0.0,0.0,0.0,0.0,0.0,0.0,0,0,0,0.0,0,0.0,0,0,0,Nacoes Shopping,NS,ALC - BLACK FRIDAY - NS,REACH
1848504928619618,2025-12-11 00:00:00,0,1258,1174,0.05,2709,313,11.74,8.05,5.98,0.0,7.66,0.0,246,952,725,36.93,1365,0.0,514,1731,6175,Nacoes Shopping,NS,TRAF - NATAL 25,TRAFFIC
1847431714944034,2025-12-05 00:00:00,0,0,0,0.0,0,0,0.0,0.0,0.0,0.0,0.0,0.0,0,0,0,0.0,0,0.0,0,0,0,Nacoes Shopping,NS,Alcance | Giftcard ,REACH
1848504928619618,2025-12-31 00:00:00,0,1291,1232,0.02,3748,258,15.04,14.66,2.99,0.0,5.62,0.0,174,1116,1087,21.63,1501,0.0,451,1978,7226,Nacoes Shopping,NS,TRAF - NATAL 25,TRAFFIC
1849768886744178,2025-12-04 00:00:00,0,0,0,0.0,0,0,0.0,0.0,0.0,0.0,0.0,0.0,0,0,0,0.0,0,0.0,0,0,0,Nacoes Shopping,NS,ALC - BLACK FRIDAY - NS,REACH
1848504162177105,2025-12-03 00:00:00,0,0,0,0.0,0,0,0.0,0.0,0.0,0.0,0.0,0.0,0,0,0,0.0,0,0.0,0,0,0,Nacoes Shopping,NS,ALC - NATAL 25,REACH
1849887841738834,2025-12-29 00:00:00,0,96,82,4.43,4263,14,0.05,0.49,2.24,0.0,1.32,0.0,8,38,8,35.41,438,0.0,25,100,15837,Nacoes Shopping,NS,ALC - NATAL 25 02,REACH
1849887841738834,2025-12-09 00:00:00,0,248,305,1.68,13329,63,0.15,1.48,2.48,0.0,1.25,0.0,34,97,24,40.28,1127,0.0,106,257,16266,Nacoes Shopping,NS,ALC - NATAL 25 02,REACH
1847431714944034,2025-12-07 00:00:00,0,0,0,0.0,0,0,0.0,0.0,0.0,0.0,0.0,0.0,0,0,0,0.0,0,0.0,0,0,0,Nacoes Shopping,NS,Alcance | Giftcard ,REACH
1849768886744178,2025-12-25 00:00:00,0,0,0,0.0,0,0,0.0,0.0,0.0,0.0,0.0,0.0,0,0,0,0.0,0,0.0,0,0,0,Nacoes Shopping,NS,ALC - BLACK FRIDAY - NS,REACH
1849887841738834,2025-12-22 00:00:00,0,52,52,6.16,2681,10,0.04,0.33,2.67,0.0,1.22,0.0,4,26,6,36.96,226,0.0,19,59,13838,Nacoes Shopping,NS,ALC - NATAL 25 02,REACH
1847432144410706,2025-12-08 00:00:00,0,0,0,0.0,0,0,0.0,0.0,0.0,0.0,0.0,0.0,0,0,0,0.0,0,0.0,0,0,0,Nacoes Shopping,NS,Alcance | Chillibeans Vini ,REACH
1850600369247313,2025-12-16 00:00:00,0,344,193,0.0,5958,58,0.0,1.98,2.16,0.0,1.95,0.0,22,137,0,13.01,1011,0.0,87,341,6022,Nacoes Shopping,NS,ALC - LEGUEIROS,REACH
1847431562326049,2025-12-23 00:00:00,0,0,0,0.0,0,0,0.0,0.0,0.0,0.0,0.0,0.0,0,0,0,0.0,0,0.0,0,0,0,Nacoes Shopping,NS,Alcance | Ritmi Mana Spolini,REACH
1849768886744178,2026-01-01 00:00:00,0,0,0,0.0,0,0,0.0,0.0,0.0,0.0,0.0,0.0,0,0,0,0.0,0,0.0,0,0,0,Nacoes Shopping,NS,ALC - BLACK FRIDAY - NS,REACH
1847431562326049,2025-12-03 00:00:00,0,0,0,0.0,0,0,0.0,0.0,0.0,0.0,0.0,0.0,0,0,0,0.0,0,0.0,0,0,0,Nacoes Shopping,NS,Alcance | Ritmi Mana Spolini,REACH
1848504928619618,2025-12-13 00:00:00,0,1557,1397,0.04,3952,379,12.46,10.8,5.01,0.0,6.66,0.0,301,1213,902,36.31,1713,0.0,597,2174,7241,Nacoes Shopping,NS,TRAF - NATAL 25,TRAFFIC
1850600369247313,2025-12-30 00:00:00,0,66,30,0.0,1423,2,0.0,1.65,1.72,0.0,1.64,0.0,1,22,0,2.48,205,0.0,10,65,1442,Nacoes Shopping,NS,ALC - LEGUEIROS,REACH
1850600369247313,2025-12-10 00:00:00,0,526,313,0.0,6325,87,0.0,2.43,2.43,0.0,2.38,0.0,40,229,0,15.6,1380,0.0,144,530,6417,Nacoes Shopping,NS,ALC - LEGUEIROS,REACH
1849768886744178,2025-12-18 00:00:00,0,0,0,0.0,0,0,0.0,0.0,0.0,0.0,0.0,0.0,0,0,0,0.0,0,0.0,0,0,0,Nacoes Shopping,NS,ALC - BLACK FRIDAY - NS,REACH
1848504928619618,2025-12-20 00:00:00,0,1824,1712,0.04,3783,314,12.39,14.12,4.73,0.0,7.6,0.0,239,1196,854,32.62,1953,0.0,581,2449,6894,Nacoes Shopping,NS,TRAF - NATAL 25,TRAFFIC
1847431562326049,2025-12-10 00:00:00,0,0,0,0.0,0,0,0.0,0.0,0.0,0.0,0.0,0.0,0,0,0,0.0,0,0.0,0,0,0,Nacoes Shopping,NS,Alcance | Ritmi Mana Spolini,REACH
1849887841738834,2025-12-15 00:00:00,0,239,282,0.9,14842,53,0.27,1.64,2.4,0.0,1.28,0.0,28,104,44,39.76,1231,0.0,98,251,16599,Nacoes Shopping,NS,ALC - NATAL 25 02,REACH
1850600369247313,2025-12-23 00:00:00,0,287,151,0.0,5734,45,0.0,1.86,2.17,0.0,1.82,0.0,22,104,0,12.54,895,0.0,67,288,5791,Nacoes Shopping,NS,ALC - LEGUEIROS,REACH
1849887841738834,2025-12-03 00:00:00,0,195,524,1.36,16599,129,0.18,1.05,2.48,0.0,1.0,0.0,83,103,31,42.08,767,0.0,213,204,16939,Nacoes Shopping,NS,ALC - NATAL 25 02,REACH
1850600369247313,2025-12-17 00:00:00,0,338,168,0.0,5456,57,0.0,2.17,2.44,0.0,2.11,0.0,28,126,0,13.45,949,0.0,81,332,5514,Nacoes Shopping,NS,ALC - LEGUEIROS,REACH
1848504928619618,2025-12-12 00:00:00,0,1358,1267,0.04,4812,384,16.74,13.03,6.14,0.0,4.95,0.0,313,1234,1224,44.89,1555,0.0,595,2049,7310,Nacoes Shopping,NS,TRAF - NATAL 25,TRAFFIC
1848504928619618,2026-01-01 00:00:00,0,4,7,0.0,15,2,28.57,8.3,0.0,0.0,7.19,0.0,2,2,4,0.0,9,0.0,4,4,14,Nacoes Shopping,NS,TRAF - NATAL 25,TRAFFIC
1849768886744178,2025-12-06 00:00:00,0,0,0,0.0,0,0,0.0,0.0,0.0,0.0,0.0,0.0,0,0,0,0.0,0,0.0,0,0,0,Nacoes Shopping,NS,ALC - BLACK FRIDAY - NS,REACH
1848504928619618,2025-12-19 00:00:00,0,1677,1550,0.03,3789,280,12.21,10.17,4.11,0.0,6.79,0.0,189,1177,972,32.71,1784,0.0,552,2311,7958,Nacoes Shopping,NS,TRAF - NATAL 25,TRAFFIC
1848504162177105,2025-12-09 00:00:00,0,0,0,0.0,0,0,0.0,0.0,0.0,0.0,0.0,0.0,0,0,0,0.0,0,0.0,0,0,0,Nacoes Shopping,NS,ALC - NATAL 25,REACH
1849768886744178,2025-12-26 00:00:00,0,0,0,0.0,0,0,0.0,0.0,0.0,0.0,0.0,0.0,0,0,0,0.0,0,0.0,0,0,0,Nacoes Shopping,NS,ALC - BLACK FRIDAY - NS,REACH
1849887841738834,2025-12-23 00:00:00,0,33,32,7.47,1664,8,0.04,0.21,2.62,0.0,1.3,0.0,6,28,5,37.33,155,0.0,16,43,14250,Nacoes Shopping,NS,ALC - NATAL 25 02,REACH
1847431562326049,2025-12-04 00:00:00,0,0,0,0.0,0,0,0.0,0.0,0.0,0.0,0.0,0.0,0,0,0,0.0,0,0.0,0,0,0,Nacoes Shopping,NS,Alcance | Ritmi Mana Spolini,REACH
1849887841738834,2025-12-16 00:00:00,0,149,162,1.46,8619,30,0.18,0.98,2.6,0.0,1.18,0.0,22,54,25,36.58,725,0.0,63,155,14066,Nacoes Shopping,NS,ALC - NATAL 25 02,REACH
1847432144410706,2025-12-15 00:00:00,0,0,0,0.0,0,0,0.0,0.0,0.0,0.0,0.0,0.0,0,0,0,0.0,0,0.0,0,0,0,Nacoes Shopping,NS,Alcance | Chillibeans Vini ,REACH
1849768886744178,2025-12-12 00:00:00,0,0,0,0.0,0,0,0.0,0.0,0.0,0.0,0.0,0.0,0,0,0,0.0,0,0.0,0,0,0,Nacoes Shopping,NS,ALC - BLACK FRIDAY - NS,REACH
1848504162177105,2025-12-15 00:00:00,0,0,0,0.0,0,0,0.0,0.0,0.0,0.0,0.0,0.0,0,0,0,0.0,0,0.0,0,0,0,Nacoes Shopping,NS,ALC - NATAL 25,REACH
1850600369247313,2025-12-24 00:00:00,0,329,193,0.0,5497,50,0.0,2.02,2.13,0.0,2.0,0.0,20,145,0,11.78,1037,0.0,90,331,5535,Nacoes Shopping,NS,ALC - LEGUEIROS,REACH
1850600369247313,2025-12-04 00:00:00,0,408,244,0.0,4418,65,0.0,2.33,1.9,0.0,2.34,0.0,28,169,0,8.45,904,0.0,105,406,4457,Nacoes Shopping,NS,ALC - LEGUEIROS,REACH
1849768886744178,2025-12-19 00:00:00,0,0,0,0.0,0,0,0.0,0.0,0.0,0.0,0.0,0.0,0,0,0,0.0,0,0.0,0,0,0,Nacoes Shopping,NS,ALC - BLACK FRIDAY - NS,REACH
1848504928619618,2025-12-06 00:00:00,0,1680,1535,0.04,3349,488,14.28,9.23,5.86,0.0,7.99,0.0,381,1205,1016,41.71,1854,0.0,694,2273,7114,Nacoes Shopping,NS,TRAF - NATAL 25,TRAFFIC
1848504928619618,2025-12-26 00:00:00,0,1751,1643,0.03,3760,452,11.31,10.86,3.34,0.0,7.97,0.0,362,1378,991,29.28,2009,0.0,705,2458,8762,Nacoes Shopping,NS,TRAF - NATAL 25,TRAFFIC
1847431562326049,2025-12-11 00:00:00,0,0,0,0.0,0,0,0.0,0.0,0.0,0.0,0.0,0.0,0,0,0,0.0,0,0.0,0,0,0,Nacoes Shopping,NS,Alcance | Ritmi Mana Spolini,REACH
1848504162177105,2025-12-08 00:00:00,0,0,0,0.0,0,0,0.0,0.0,0.0,0.0,0.0,0.0,0,0,0,0.0,0,0.0,0,0,0,Nacoes Shopping,NS,ALC - NATAL 25,REACH
1849887841738834,2025-12-24 00:00:00,0,71,70,5.4,2513,17,0.05,0.33,2.5,0.0,1.43,0.0,13,41,7,37.83,293,0.0,30,86,15104,Nacoes Shopping,NS,ALC - NATAL 25 02,REACH
1849768886744178,2025-12-20 00:00:00,0,0,0,0.0,0,0,0.0,0.0,0.0,0.0,0.0,0.0,0,0,0,0.0,0,0.0,0,0,0,Nacoes Shopping,NS,ALC - BLACK FRIDAY - NS,REACH
1849887841738834,2025-12-17 00:00:00,0,33,31,5.48,1854,8,0.05,0.22,2.74,0.0,1.21,0.0,4,16,7,38.36,177,0.0,11,39,13991,Nacoes Shopping,NS,ALC - NATAL 25 02,REACH
1850600369247313,2025-12-11 00:00:00,0,375,220,0.0,6684,56,0.0,2.38,2.43,0.0,2.3,0.0,22,155,0,16.4,1127,0.0,105,373,6752,Nacoes Shopping,NS,ALC - LEGUEIROS,REACH
1850600369247313,2025-12-31 00:00:00,0,0,0,0.0,0,0,0.0,0.0,0.0,0.0,0.0,0.0,0,0,0,0.0,0,0.0,0,0,0,Nacoes Shopping,NS,ALC - LEGUEIROS,REACH
1849887841738834,2025-12-04 00:00:00,0,106,231,2.67,8299,44,0.1,0.76,2.59,0.0,1.05,0.0,27,55,15,40.06,517,0.0,73,115,15454,Nacoes Shopping,NS,ALC - NATAL 25 02,REACH
1848504928619618,2025-12-08 00:00:00,0,2649,2413,0.04,4655,603,13.45,15.02,5.32,0.0,8.82,0.0,473,1627,1027,40.66,2809,0.0,943,3355,7636,Nacoes Shopping,NS,TRAF - NATAL 25,TRAFFIC
1848504928619618,2025-12-28 00:00:00,0,2509,2362,0.03,4879,609,13.74,16.19,3.48,0.0,8.58,0.0,497,1908,1507,38.17,2930,0.0,956,3490,10969,Nacoes Shopping,NS,TRAF - NATAL 25,TRAFFIC
1811358948673554,2025-12-17 00:00:00,0,0,0,0.0,0,0,0.0,0.0,0.0,0.0,0.0,0.0,0,0,0,0.0,0,0.0,0,0,0,Nacoes Shopping,NS,Tráfego - App instal - NS,TRAFFIC
1848504162177105,2025-12-21 00:00:00,0,0,0,0.0,0,0,0.0,0.0,0.0,0.0,0.0,0.0,0,0,0,0.0,0,0.0,0,0,0,Nacoes Shopping,NS,ALC - NATAL 25,REACH
1850600369247313,2025-12-25 00:00:00,0,230,127,0.0,6443,27,0.0,1.58,1.78,0.0,1.57,0.0,17,90,0,11.58,913,0.0,49,233,6509,Nacoes Shopping,NS,ALC - LEGUEIROS,REACH
1849768886744178,2025-12-13 00:00:00,0,0,0,0.0,0,0,0.0,0.0,0.0,0.0,0.0,0.0,0,0,0,0.0,0,0.0,0,0,0,Nacoes Shopping,NS,ALC - BLACK FRIDAY - NS,REACH
1848504928619618,2025-12-15 00:00:00,0,1288,1203,0.04,2955,244,13.3,7.17,4.88,0.0,6.78,0.0,183,974,920,33.72,1353,0.0,418,1860,6916,Nacoes Shopping,NS,TRAF - NATAL 25,TRAFFIC
1847431714944034,2025-12-29 00:00:00,0,0,0,0.0,0,0,0.0,0.0,0.0,0.0,0.0,0.0,0,0,0,0.0,0,0.0,0,0,0,Nacoes Shopping,NS,Alcance | Giftcard ,REACH
1847431562326049,2025-12-05 00:00:00,0,0,0,0.0,0,0,0.0,0.0,0.0,0.0,0.0,0.0,0,0,0,0.0,0,0.0,0,0,0,Nacoes Shopping,NS,Alcance | Ritmi Mana Spolini,REACH
1849887841738834,2025-12-30 00:00:00,0,89,76,2.52,3023,24,0.09,0.38,2.18,0.0,1.45,0.0,14,54,14,35.29,340,0.0,31,107,16194,Nacoes Shopping,NS,ALC - NATAL 25 02,REACH
1849887841738834,2025-12-10 00:00:00,0,260,281,1.21,15124,53,0.2,1.46,2.46,0.0,1.23,0.0,29,107,36,43.46,1222,0.0,91,273,17632,Nacoes Shopping,NS,ALC - NATAL 25 02,REACH
1850600369247313,2025-12-18 00:00:00,0,224,121,0.0,5762,28,0.0,1.58,2.4,0.0,1.55,0.0,7,89,0,13.91,799,0.0,55,221,5807,Nacoes Shopping,NS,ALC - LEGUEIROS,REACH
1850600369247313,2025-12-12 00:00:00,0,282,151,0.0,6257,45,0.0,1.68,2.41,0.0,1.62,0.0,12,102,0,15.2,920,0.0,73,277,6311,Nacoes Shopping,NS,ALC - LEGUEIROS,REACH
1848504928619618,2025-12-27 00:00:00,0,2859,2635,0.03,4918,648,11.82,15.01,3.28,0.0,9.56,0.0,513,1964,1413,39.19,3241,0.0,1056,3789,11955,Nacoes Shopping,NS,TRAF - NATAL 25,TRAFFIC
1848504928619618,2025-12-07 00:00:00,0,1709,1631,0.04,3202,399,12.75,9.16,5.68,0.0,8.42,0.0,282,1118,845,37.65,1875,0.0,656,2229,6626,Nacoes Shopping,NS,TRAF - NATAL 25,TRAFFIC
1847432144410706,2025-12-07 00:00:00,0,0,0,0.0,0,0,0.0,0.0,0.0,0.0,0.0,0.0,0,0,0,0.0,0,0.0,0,0,0,Nacoes Shopping,NS,Alcance | Chillibeans Vini ,REACH
1847431714944034,2025-12-08 00:00:00,0,0,0,0.0,0,0,0.0,0.0,0.0,0.0,0.0,0.0,0,0,0,0.0,0,0.0,0,0,0,Nacoes Shopping,NS,Alcance | Giftcard ,REACH
1848504928619618,2025-12-14 00:00:00,0,1879,1735,0.03,4416,375,15.75,14.71,5.33,0.0,6.76,0.0,283,1376,1106,37.46,2051,0.0,651,2619,7024,Nacoes Shopping,NS,TRAF - NATAL 25,TRAFFIC
1848504162177105,2025-12-14 00:00:00,0,0,0,0.0,0,0,0.0,0.0,0.0,0.0,0.0,0.0,0,0,0,0.0,0,0.0,0,0,0,Nacoes Shopping,NS,ALC - NATAL 25,REACH
1850600369247313,2025-12-05 00:00:00,0,430,233,0.0,6622,68,0.0,2.06,2.25,0.0,1.98,0.0,31,163,0,15.03,1190,0.0,107,430,6668,Nacoes Shopping,NS,ALC - LEGUEIROS,REACH
1849887841738834,2025-12-18 00:00:00,0,39,41,2.96,2402,6,0.1,0.31,2.82,0.0,1.19,0.0,2,16,12,35.57,209,0.0,9,45,12592,Nacoes Shopping,NS,ALC - NATAL 25 02,REACH
1849887841738834,2025-12-31 00:00:00,0,61,54,4.09,2315,11,0.05,0.37,1.98,0.0,1.68,0.0,7,39,7,28.63,258,0.0,19,71,14428,Nacoes Shopping,NS,ALC - NATAL 25 02,REACH
1849887841738834,2025-12-11 00:00:00,0,235,271,0.98,13851,47,0.26,1.52,2.59,0.0,1.24,0.0,31,83,42,41.16,1201,0.0,91,243,15888,Nacoes Shopping,NS,ALC - NATAL 25 02,REACH
1849768886744178,2025-12-07 00:00:00,0,0,0,0.0,0,0,0.0,0.0,0.0,0.0,0.0,0.0,0,0,0,0.0,0,0.0,0,0,0,Nacoes Shopping,NS,ALC - BLACK FRIDAY - NS,REACH
1847431714944034,2025-12-15 00:00:00,0,0,0,0.0,0,0,0.0,0.0,0.0,0.0,0.0,0.0,0,0,0,0.0,0,0.0,0,0,0,Nacoes Shopping,NS,Alcance | Giftcard ,REACH
1848504162177105,2025-12-20 00:00:00,0,0,0,0.0,0,0,0.0,0.0,0.0,0.0,0.0,0.0,0,0,0,0.0,0,0.0,0,0,0,Nacoes Shopping,NS,ALC - NATAL 25,REACH
1850600369247313,2025-12-19 00:00:00,0,194,100,0.0,5360,21,0.0,1.56,2.45,0.0,1.52,0.0,9,64,0,13.27,729,0.0,37,194,5406,Nacoes Shopping,NS,ALC - LEGUEIROS,REACH
1848504162177105,2025-12-07 00:00:00,0,0,0,0.0,0,0,0.0,0.0,0.0,0.0,0.0,0.0,0,0,0,0.0,0,0.0,0,0,0,Nacoes Shopping,NS,ALC - NATAL 25,REACH
1849768886744178,2025-12-14 00:00:00,0,0,0,0.0,0,0,0.0,0.0,0.0,0.0,0.0,0.0,0,0,0,0.0,0,0.0,0,0,0,Nacoes Shopping,NS,ALC - BLACK FRIDAY - NS,REACH
1848504928619618,2025-12-21 00:00:00,0,1776,1604,0.04,3657,311,9.9,9.91,4.0,0.0,7.39,0.0,224,1029,791,31.97,1964,0.0,569,2261,7987,Nacoes Shopping,NS,TRAF - NATAL 25,TRAFFIC
1848504162177105,2025-12-13 00:00:00,0,0,0,0.0,0,0,0.0,0.0,0.0,0.0,0.0,0.0,0,0,0,0.0,0,0.0,0,0,0,Nacoes Shopping,NS,ALC - NATAL 25,REACH
1849887841738834,2025-12-19 00:00:00,0,65,48,1.54,2409,8,0.19,0.36,3.0,0.0,1.31,0.0,6,31,24,37.05,248,0.0,13,74,12367,Nacoes Shopping,NS,ALC - NATAL 25 02,REACH
1849768886744178,2025-12-15 00:00:00,0,0,0,0.0,0,0,0.0,0.0,0.0,0.0,0.0,0.0,0,0,0,0.0,0,0.0,0,0,0,Nacoes Shopping,NS,ALC - BLACK FRIDAY - NS,REACH
1850600369247313,2025-12-06 00:00:00,0,510,271,0.0,6075,71,0.0,2.32,2.57,0.0,2.26,0.0,30,192,0,15.76,1251,0.0,118,508,6124,Nacoes Shopping,NS,ALC - LEGUEIROS,REACH
1849887841738834,2026-01-01 00:00:00,0,0,0,0.0,6,0,0.0,0.24,0.0,0.0,1.34,0.0,0,0,0,0.0,1,0.0,0,0,40,Nacoes Shopping,NS,ALC - NATAL 25 02,REACH
1849887841738834,2025-12-12 00:00:00,0,197,246,1.22,13356,43,0.22,1.44,2.71,0.0,1.16,0.0,24,78,34,41.64,1088,0.0,80,215,15393,Nacoes Shopping,NS,ALC - NATAL 25 02,REACH
1850600369247313,2025-12-26 00:00:00,0,211,109,0.0,6031,29,0.0,1.5,1.68,0.0,1.48,0.0,8,73,0,10.24,790,0.0,48,208,6103,Nacoes Shopping,NS,ALC - LEGUEIROS,REACH
1848504928619618,2025-12-03 00:00:00,0,1587,1384,0.03,4665,385,14.43,15.73,4.97,0.0,5.53,0.0,299,1156,993,34.21,1707,0.0,574,2177,6881,Nacoes Shopping,NS,TRAF - NATAL 25,TRAFFIC
1847432144410706,2025-12-18 00:00:00,0,0,0,0.0,0,0,0.0,0.0,0.0,0.0,0.0,0.0,0,0,0,0.0,0,0.0,0,0,0,Nacoes Shopping,NS,Alcance | Chillibeans Vini ,REACH
1848504928619618,2025-12-23 00:00:00,0,1464,1358,0.04,2858,333,13.27,11.75,5.49,0.0,8.39,0.0,241,1064,774,32.01,1631,0.0,553,1985,5834,Nacoes Shopping,NS,TRAF - NATAL 25,TRAFFIC
1850600369247313,2025-12-20 00:00:00,0,211,115,0.0,5519,29,0.0,1.62,2.41,0.0,1.6,0.0,13,72,0,13.39,766,0.0,49,211,5559,Nacoes Shopping,NS,ALC - LEGUEIROS,REACH
1848504928619618,2025-12-10 00:00:00,0,1433,1349,0.05,2657,337,10.78,7.9,5.24,0.0,8.66,0.0,260,982,708,34.39,1523,0.0,545,1909,6566,Nacoes Shopping,NS,TRAF - NATAL 25,TRAFFIC
1847431714944034,2025-12-04 00:00:00,0,0,0,0.0,0,0,0.0,0.0,0.0,0.0,0.0,0.0,0,0,0,0.0,0,0.0,0,0,0,Nacoes Shopping,NS,Alcance | Giftcard ,REACH
1849887841738834,2025-12-05 00:00:00,0,31,33,12.88,1648,9,0.02,0.21,2.8,0.0,1.24,0.0,4,18,3,38.64,142,0.0,14,37,13792,Nacoes Shopping,NS,ALC - NATAL 25 02,REACH
1848504928619618,2025-12-30 00:00:00,0,2223,2078,0.02,5182,399,13.75,14.59,3.04,0.0,7.04,0.0,303,1800,1620,35.86,2669,0.0,738,3291,11785,Nacoes Shopping,NS,TRAF - NATAL 25,TRAFFIC
1849768886744178,2025-12-08 00:00:00,0,0,0,0.0,0,0,0.0,0.0,0.0,0.0,0.0,0.0,0,0,0,0.0,0,0.0,0,0,0,Nacoes Shopping,NS,ALC - BLACK FRIDAY - NS,REACH
1849887841738834,2025-12-25 00:00:00,0,68,62,2.11,2701,13,0.11,0.31,2.24,0.0,1.31,0.0,6,33,17,35.84,268,0.0,27,73,15980,Nacoes Shopping,NS,ALC - NATAL 25 02,REACH
1850600369247313,2025-12-13 00:00:00,0,330,178,0.0,6747,48,0.0,1.8,2.26,0.0,1.75,0.0,20,116,0,15.41,1073,0.0,77,329,6806,Nacoes Shopping,NS,ALC - LEGUEIROS,REACH
1850600369247313,2025-12-07 00:00:00,0,522,316,0.0,6519,84,0.0,2.28,2.53,0.0,2.22,0.0,30,226,0,16.61,1415,0.0,141,519,6569,Nacoes Shopping,NS,ALC - LEGUEIROS,REACH
1850600369247313,2025-12-27 00:00:00,0,237,130,0.0,5815,28,0.0,1.64,1.69,0.0,1.58,0.0,15,97,0,9.92,811,0.0,56,239,5857,Nacoes Shopping,NS,ALC - LEGUEIROS,REACH
1848504928619618,2025-12-22 00:00:00,0,1903,1730,0.03,4277,481,13.43,13.97,4.47,0.0,7.14,0.0,380,1361,970,32.3,2158,0.0,744,2578,7224,Nacoes Shopping,NS,TRAF - NATAL 25,TRAFFIC
1847431562326049,2025-12-07 00:00:00,0,0,0,0.0,0,0,0.0,0.0,0.0,0.0,0.0,0.0,0,0,0,0.0,0,0.0,0,0,0,Nacoes Shopping,NS,Alcance | Ritmi Mana Spolini,REACH
1847431714944034,2025-12-03 00:00:00,0,0,0,0.0,0,0,0.0,0.0,0.0,0.0,0.0,0.0,0,0,0,0.0,0,0.0,0,0,0,Nacoes Shopping,NS,Alcance | Giftcard ,REACH
1848504928619618,2025-12-29 00:00:00,0,2175,2047,0.02,5541,556,12.5,14.73,2.84,0.0,6.79,0.0,407,1787,1571,35.72,2576,0.0,869,3127,12568,Nacoes Shopping,NS,TRAF - NATAL 25,TRAFFIC
1848504928619618,2025-12-09 00:00:00,0,2029,1765,0.04,4680,483,13.28,12.88,5.01,0.0,6.82,0.0,354,1280,1003,37.82,2287,0.0,765,2615,7554,Nacoes Shopping,NS,TRAF - NATAL 25,TRAFFIC
1848504162177105,2025-12-19 00:00:00,0,0,0,0.0,0,0,0.0,0.0,0.0,0.0,0.0,0.0,0,0,0,0.0,0,0.0,0,0,0,Nacoes Shopping,NS,ALC - NATAL 25,REACH
1849887841738834,2025-12-13 00:00:00,0,256,306,1.17,14109,55,0.22,1.57,2.56,0.0,1.21,0.0,29,99,35,40.82,1141,0.0,111,267,15932,Nacoes Shopping,NS,ALC - NATAL 25 02,REACH
1849887841738834,2025-12-26 00:00:00,0,81,87,2.08,3436,19,0.11,0.38,2.23,0.0,1.27,0.0,6,33,17,35.3,352,0.0,28,92,15865,Nacoes Shopping,NS,ALC - NATAL 25 02,REACH
1850600369247313,2025-12-14 00:00:00,0,359,203,0.0,6940,66,0.0,2.05,2.13,0.0,1.98,0.0,26,145,0,14.89,1095,0.0,98,358,6996,Nacoes Shopping,NS,ALC - LEGUEIROS,REACH
1848504162177105,2025-12-05 00:00:00,0,0,0,0.0,0,0,0.0,0.0,0.0,0.0,0.0,0.0,0,0,0,0.0,0,0.0,0,0,0,Nacoes Shopping,NS,ALC - NATAL 25,REACH
1849768886744178,2025-12-29 00:00:00,0,0,0,0.0,0,0,0.0,0.0,0.0,0.0,0.0,0.0,0,0,0,0.0,0,0.0,0,0,0,Nacoes Shopping,NS,ALC - BLACK FRIDAY - NS,REACH
1849768886744178,2025-12-09 00:00:00,0,0,0,0.0,0,0,0.0,0.0,0.0,0.0,0.0,0.0,0,0,0,0.0,0,0.0,0,0,0,Nacoes Shopping,NS,ALC - BLACK FRIDAY - NS,REACH
1848504162177105,2025-12-12 00:00:00,0,0,0,0.0,0,0,0.0,0.0,0.0,0.0,0.0,0.0,0,0,0,0.0,0,0.0,0,0,0,Nacoes Shopping,NS,ALC - NATAL 25,REACH
1848504162177105,2026-01-01 00:00:00,0,0,0,0.0,0,0,0.0,0.0,0.0,0.0,0.0,0.0,0,0,0,0.0,0,0.0,0,0,0,Nacoes Shopping,NS,ALC - NATAL 25,REACH
1848504928619618,2025-12-16 00:00:00,0,1037,964,0.04,4349,189,12.12,5.93,4.26,0.0,3.64,0.0,139,895,1005,35.35,1112,0.0,334,1610,8290,Nacoes Shopping,NS,TRAF - NATAL 25,TRAFFIC
1847431714944034,2025-12-10 00:00:00,0,0,0,0.0,0,0,0.0,0.0,0.0,0.0,0.0,0.0,0,0,0,0.0,0,0.0,0,0,0,Nacoes Shopping,NS,Alcance | Giftcard ,REACH
1849887841738834,2025-12-06 00:00:00,0,34,27,19.9,1582,4,0.02,0.22,3.11,0.0,1.19,0.0,2,13,2,39.8,131,0.0,11,38,12795,Nacoes Shopping,NS,ALC - NATAL 25 02,REACH
1848504162177105,2026-01-07 00:00:00,0,0,0,0.0,0,0,0.0,0.0,0.0,0.0,0.0,0.0,0,0,0,0.0,0,0.0,0,0,0,Nacoes Shopping,NS,ALC - NATAL 25,REACH
1854324205639697,2026-01-18 00:00:00,0,183,132,0.0,8486,33,0.0,1.87,1.57,0.0,1.24,0.0,15,62,0,13.41,845,0.0,67,179,8555,Nacoes Shopping,NS,ALC - FERIAS NACOES SHOPPING,REACH
1849887841738834,2026-01-03 00:00:00,0,0,0,0.0,2,0,0.0,3.21,0.0,0.0,3.21,0.0,0,0,0,0.0,2,0.0,0,0,2,Nacoes Shopping,NS,ALC - NATAL 25 02,REACH
1854324488425522,2026-01-28 00:00:00,0,0,0,0.0,0,0,0.0,0.0,0.0,0.0,0.0,0.0,0,0,0,0.0,0,0.0,0,0,0,Nacoes Shopping,NS,ALC - LIQUIDA,REACH
1854324488425522,2026-01-21 00:00:00,0,86,183,0.0,10301,60,0.0,1.03,1.88,0.0,0.98,0.0,45,27,0,19.54,413,0.0,90,85,10382,Nacoes Shopping,NS,ALC - LIQUIDA,REACH
1850600369247313,2026-01-10 00:00:00,0,0,0,0.0,0,0,0.0,0.0,0.0,0.0,0.0,0.0,0,0,0,0.0,0,0.0,0,0,0,Nacoes Shopping,NS,ALC - LEGUEIROS,REACH
1849768886744178,2026-01-06 00:00:00,0,0,0,0.0,0,0,0.0,0.0,0.0,0.0,0.0,0.0,0,0,0,0.0,0,0.0,0,0,0,Nacoes Shopping,NS,ALC - BLACK FRIDAY - NS,REACH
1848504928619618,2026-01-07 00:00:00,0,0,0,0.0,2,0,0.0,1.37,0.0,0.0,0.69,0.0,0,0,0,0.0,0,0.0,0,0,2,Nacoes Shopping,NS,TRAF - NATAL 25,TRAFFIC
1850600369247313,2026-01-04 00:00:00,0,0,0,0.0,0,0,0.0,0.0,0.0,0.0,0.0,0.0,0,0,0,0.0,0,0.0,0,0,0,Nacoes Shopping,NS,ALC - LEGUEIROS,REACH
1849768886744178,2026-01-12 00:00:00,0,0,0,0.0,0,0,0.0,0.0,0.0,0.0,0.0,0.0,0,0,0,0.0,0,0.0,0,0,0,Nacoes Shopping,NS,ALC - BLACK FRIDAY - NS,REACH
1848504162177105,2026-01-20 00:00:00,0,0,0,0.0,0,0,0.0,0.0,0.0,0.0,0.0,0.0,0,0,0,0.0,0,0.0,0,0,0,Nacoes Shopping,NS,ALC - NATAL 25,REACH
1848504928619618,2026-01-14 00:00:00,0,0,0,0.0,0,0,0.0,0.0,0.0,0.0,0.0,0.0,0,0,0,0.0,0,0.0,0,0,0,Nacoes Shopping,NS,TRAF - NATAL 25,TRAFFIC
1849887841738834,2026-01-16 00:00:00,0,0,0,0.0,0,0,0.0,0.0,0.0,0.0,0.0,0.0,0,0,0,0.0,0,0.0,0,0,0,Nacoes Shopping,NS,ALC - NATAL 25 02,REACH
1854324205639697,2026-01-25 00:00:00,0,119,98,0.0,7471,23,0.0,1.71,1.48,0.0,1.19,0.0,16,45,0,11.09,615,0.0,42,119,7506,Nacoes Shopping,NS,ALC - FERIAS NACOES SHOPPING,REACH
1849887841738834,2026-01-09 00:00:00,0,0,0,0.0,0,0,0.0,0.0,0.0,0.0,0.0,0.0,0,0,0,0.0,0,0.0,0,0,0,Nacoes Shopping,NS,ALC - NATAL 25 02,REACH
1855686756345922,2026-01-31 00:00:00,0,332,132,0.0,16334,24,0.0,1.32,1.97,0.0,1.29,0.0,16,92,0,32.39,1415,0.0,52,327,16449,Nacoes Shopping,NS,ALC - Bloko Rosa,REACH
1850600369247313,2026-01-11 00:00:00,0,0,0,0.0,0,0,0.0,0.0,0.0,0.0,0.0,0.0,0,0,0,0.0,0,0.0,0,0,0,Nacoes Shopping,NS,ALC - LEGUEIROS,REACH
1848504928619618,2026-01-06 00:00:00,0,0,0,0.0,1,0,0.0,0.0,0.0,0.0,0.0,0.0,0,0,0,0.0,0,0.0,0,0,0,Nacoes Shopping,NS,TRAF - NATAL 25,TRAFFIC
1854324488425522,2026-01-29 00:00:00,0,0,0,0.0,0,0,0.0,0.0,0.0,0.0,0.0,0.0,0,0,0,0.0,0,0.0,0,0,0,Nacoes Shopping,NS,ALC - LIQUIDA,REACH
1854324488425522,2026-01-15 00:00:00,0,97,244,0.0,12478,62,0.0,1.07,1.66,0.0,0.95,0.0,51,26,0,20.88,556,0.0,105,98,12558,Nacoes Shopping,NS,ALC - LIQUIDA,REACH
1848504162177105,2026-01-13 00:00:00,0,0,0,0.0,0,0,0.0,0.0,0.0,0.0,0.0,0.0,0,0,0,0.0,0,0.0,0,0,0,Nacoes Shopping,NS,ALC - NATAL 25,REACH
1849887841738834,2026-01-10 00:00:00,0,0,0,0.0,0,0,0.0,0.0,0.0,0.0,0.0,0.0,0,0,0,0.0,0,0.0,0,0,0,Nacoes Shopping,NS,ALC - NATAL 25 02,REACH
1854324205639697,2026-01-26 00:00:00,0,100,82,0.0,6173,16,0.0,1.58,1.85,0.0,1.17,0.0,10,40,0,11.5,490,0.0,31,98,6218,Nacoes Shopping,NS,ALC - FERIAS NACOES SHOPPING,REACH
1848504162177105,2026-01-19 00:00:00,0,0,0,0.0,0,0,0.0,0.0,0.0,0.0,0.0,0.0,0,0,0,0.0,0,0.0,0,0,0,Nacoes Shopping,NS,ALC - NATAL 25,REACH
1850600369247313,2026-01-18 00:00:00,0,0,0,0.0,0,0,0.0,0.0,0.0,0.0,0.0,0.0,0,0,0,0.0,0,0.0,0,0,0,Nacoes Shopping,NS,ALC - LEGUEIROS,REACH
1848504162177105,2026-01-06 00:00:00,0,0,0,0.0,0,0,0.0,0.0,0.0,0.0,0.0,0.0,0,0,0,0.0,0,0.0,0,0,0,Nacoes Shopping,NS,ALC - NATAL 25,REACH
1854324488425522,2026-01-22 00:00:00,0,83,184,0.0,11124,55,0.0,0.95,1.69,0.0,0.89,0.0,37,19,0,18.91,438,0.0,82,80,11192,Nacoes Shopping,NS,ALC - LIQUIDA,REACH
1854324205639697,2026-01-19 00:00:00,0,130,112,0.0,7255,27,0.0,1.85,1.72,0.0,1.26,0.0,20,51,0,12.53,735,0.0,51,127,7301,Nacoes Shopping,NS,ALC - FERIAS NACOES SHOPPING,REACH
1855686756345922,2026-01-30 00:00:00,0,322,128,0.0,17310,19,0.0,1.29,1.91,0.0,1.26,0.0,6,96,0,33.31,1561,0.0,49,320,17457,Nacoes Shopping,NS,ALC - Bloko Rosa,REACH
1848504928619618,2026-01-22 00:00:00,0,0,0,0.0,0,0,0.0,0.0,0.0,0.0,0.0,0.0,0,0,0,0.0,0,0.0,0,0,0,Nacoes Shopping,NS,TRAF - NATAL 25,TRAFFIC
1849887841738834,2026-01-18 00:00:00,0,0,0,0.0,0,0,0.0,0.0,0.0,0.0,0.0,0.0,0,0,0,0.0,0,0.0,0,0,0,Nacoes Shopping,NS,ALC - NATAL 25 02,REACH
1848504162177105,2026-01-12 00:00:00,0,0,0,0.0,0,0,0.0,0.0,0.0,0.0,0.0,0.0,0,0,0,0.0,0,0.0,0,0,0,Nacoes Shopping,NS,ALC - NATAL 25,REACH
1854324488425522,2026-01-16 00:00:00,0,79,200,0.0,11669,56,0.0,0.98,1.7,0.0,0.93,0.0,42,24,0,20.02,495,0.0,90,82,11746,Nacoes Shopping,NS,ALC - LIQUIDA,REACH
1850600369247313,2026-01-05 00:00:00,0,0,0,0.0,0,0,0.0,0.0,0.0,0.0,0.0,0.0,0,0,0,0.0,0,0.0,0,0,0,Nacoes Shopping,NS,ALC - LEGUEIROS,REACH
1848504928619618,2026-01-02 00:00:00,0,1,1,0.0,5,1,100.0,7.32,0.0,0.0,2.93,0.0,1,3,2,0.0,2,0.0,1,3,2,Nacoes Shopping,NS,TRAF - NATAL 25,TRAFFIC
1848504162177105,2026-01-05 00:00:00,0,0,0,0.0,0,0,0.0,0.0,0.0,0.0,0.0,0.0,0,0,0,0.0,0,0.0,0,0,0,Nacoes Shopping,NS,ALC - NATAL 25,REACH
1849887841738834,2026-01-11 00:00:00,0,0,0,0.0,0,0,0.0,0.0,0.0,0.0,0.0,0.0,0,0,0,0.0,0,0.0,0,0,0,Nacoes Shopping,NS,ALC - NATAL 25 02,REACH
1854324488425522,2026-01-23 00:00:00,0,89,195,0.0,10575,47,0.0,0.93,1.71,0.0,0.91,0.0,40,28,0,18.24,414,0.0,78,94,10658,Nacoes Shopping,NS,ALC - LIQUIDA,REACH
1854324205639697,2026-01-20 00:00:00,0,125,109,0.0,6745,30,0.0,1.58,1.8,0.0,1.24,0.0,22,44,0,12.2,611,0.0,46,121,6785,Nacoes Shopping,NS,ALC - FERIAS NACOES SHOPPING,REACH
1849887841738834,2026-01-04 00:00:00,0,0,0,0.0,1,0,0.0,0.39,0.0,0.0,1.17,0.0,0,0,0,0.0,0,0.0,0,0,4,Nacoes Shopping,NS,ALC - NATAL 25 02,REACH
1850600369247313,2026-01-06 00:00:00,0,0,0,0.0,0,0,0.0,0.0,0.0,0.0,0.0,0.0,0,0,0,0.0,0,0.0,0,0,0,Nacoes Shopping,NS,ALC - LEGUEIROS,REACH
1855686756345922,2026-01-29 00:00:00,0,135,42,0.0,7149,2,0.0,1.2,1.57,0.0,1.2,0.0,2,32,0,11.33,582,0.0,8,136,7197,Nacoes Shopping,NS,ALC - Bloko Rosa,REACH
1848504928619618,2026-01-08 00:00:00,0,0,0,0.0,0,0,0.0,0.0,0.0,0.0,0.0,0.0,0,0,0,0.0,0,0.0,0,0,0,Nacoes Shopping,NS,TRAF - NATAL 25,TRAFFIC
1855492566896834,2026-01-27 00:00:00,0,145,171,0.0,7159,36,0.0,2.43,1.37,0.0,1.34,0.0,27,48,0,9.87,807,0.0,65,151,7196,Nacoes Shopping,NS,ALC - Smart Zoo,REACH
1854324205639697,2026-01-27 00:00:00,0,89,80,0.0,4660,25,0.0,1.54,2.11,0.0,1.3,0.0,16,40,0,9.92,416,0.0,40,88,4705,Nacoes Shopping,NS,ALC - FERIAS NACOES SHOPPING,REACH
1849887841738834,2026-01-12 00:00:00,0,0,0,0.0,0,0,0.0,0.0,0.0,0.0,0.0,0.0,0,0,0,0.0,0,0.0,0,0,0,Nacoes Shopping,NS,ALC - NATAL 25 02,REACH
1849887841738834,2026-01-05 00:00:00,0,0,0,0.0,3,0,0.0,2.12,0.0,0.0,1.41,0.0,0,0,0,0.0,1,0.0,0,0,7,Nacoes Shopping,NS,ALC - NATAL 25 02,REACH
1854324488425522,2026-01-30 00:00:00,0,0,0,0.0,0,0,0.0,0.0,0.0,0.0,0.0,0.0,0,0,0,0.0,0,0.0,0,0,0,Nacoes Shopping,NS,ALC - LIQUIDA,REACH
1854324488425522,2026-01-24 00:00:00,0,65,158,0.0,10307,37,0.0,0.93,1.79,0.0,0.9,0.0,25,19,0,18.54,412,0.0,59,65,10371,Nacoes Shopping,NS,ALC - LIQUIDA,REACH
1854324205639697,2026-01-21 00:00:00,0,117,97,0.0,8609,22,0.0,1.73,1.64,0.0,1.15,0.0,15,40,0,14.2,702,0.0,45,120,8656,Nacoes Shopping,NS,ALC - FERIAS NACOES SHOPPING,REACH
1849768886744178,2026-01-08 00:00:00,0,0,0,0.0,0,0,0.0,0.0,0.0,0.0,0.0,0.0,0,0,0,0.0,0,0.0,0,0,0,Nacoes Shopping,NS,ALC - BLACK FRIDAY - NS,REACH
1848504928619618,2026-01-15 00:00:00,0,0,0,0.0,0,0,0.0,0.0,0.0,0.0,0.0,0.0,0,0,0,0.0,0,0.0,0,0,0,Nacoes Shopping,NS,TRAF - NATAL 25,TRAFFIC
1854324488425522,2026-01-17 00:00:00,0,89,239,0.0,11748,52,0.0,0.99,1.7,0.0,0.95,0.0,42,29,0,20.09,520,0.0,82,91,11845,Nacoes Shopping,NS,ALC - LIQUIDA,REACH
1854324205639697,2026-01-14 00:00:00,0,45,34,0.0,4048,6,0.0,1.93,1.2,0.0,1.03,0.0,3,13,0,4.88,246,0.0,12,46,4068,Nacoes Shopping,NS,ALC - FERIAS NACOES SHOPPING,REACH
1815093378942994,2026-01-11 00:00:00,0,0,0,0.0,0,0,0.0,0.0,0.0,0.0,0.0,0.0,0,0,0,0.0,0,0.0,0,0,0,Nacoes Shopping,NS,Traffic - Promo Natal,TRAFFIC
1855686889040914,2026-01-30 00:00:00,0,293,253,0.0,18772,49,0.0,1.29,1.94,0.0,1.26,0.0,37,86,0,36.73,1636,0.0,86,296,18940,Nacoes Shopping,NS,ALC - Carna PET,REACH
1848504928619618,2026-01-17 00:00:00,0,0,0,0.0,0,0,0.0,0.0,0.0,0.0,0.0,0.0,0,0,0,0.0,0,0.0,0,0,0,Nacoes Shopping,NS,TRAF - NATAL 25,TRAFFIC
1849887841738834,2026-01-13 00:00:00,0,0,0,0.0,0,0,0.0,0.0,0.0,0.0,0.0,0.0,0,0,0,0.0,0,0.0,0,0,0,Nacoes Shopping,NS,ALC - NATAL 25 02,REACH
1854324205639697,2026-01-28 00:00:00,0,71,56,0.0,6964,17,0.0,1.54,1.59,0.0,1.05,0.0,10,29,0,11.18,442,0.0,30,73,7020,Nacoes Shopping,NS,ALC - FERIAS NACOES SHOPPING,REACH
1850600369247313,2026-01-20 00:00:00,0,0,0,0.0,0,0,0.0,0.0,0.0,0.0,0.0,0.0,0,0,0,0.0,0,0.0,0,0,0,Nacoes Shopping,NS,ALC - LEGUEIROS,REACH
1850600369247313,2026-01-14 00:00:00,0,0,0,0.0,0,0,0.0,0.0,0.0,0.0,0.0,0.0,0,0,0,0.0,0,0.0,0,0,0,Nacoes Shopping,NS,ALC - LEGUEIROS,REACH
1848504928619618,2026-01-04 00:00:00,0,1,1,0.0,4,1,0.0,22.63,0.0,0.0,5.66,0.0,1,1,0,0.0,1,0.0,1,1,2,Nacoes Shopping,NS,TRAF - NATAL 25,TRAFFIC
1849887841738834,2026-01-06 00:00:00,0,0,0,0.0,0,0,0.0,0.0,0.0,0.0,0.0,0.0,0,0,0,0.0,0,0.0,0,0,0,Nacoes Shopping,NS,ALC - NATAL 25 02,REACH
1854324488425522,2026-01-31 00:00:00,0,0,0,0.0,0,0,0.0,0.0,0.0,0.0,0.0,0.0,0,0,0,0.0,0,0.0,0,0,0,Nacoes Shopping,NS,ALC - LIQUIDA,REACH
1854324488425522,2026-01-18 00:00:00,0,89,207,0.0,11627,62,0.0,1.05,1.71,0.0,1.01,0.0,49,32,0,20.05,463,0.0,98,85,11710,Nacoes Shopping,NS,ALC - LIQUIDA,REACH
1854324205639697,2026-01-15 00:00:00,0,147,121,0.0,8870,27,0.0,1.99,1.54,0.0,1.16,0.0,17,52,0,13.77,676,0.0,54,141,8936,Nacoes Shopping,NS,ALC - FERIAS NACOES SHOPPING,REACH
1849887841738834,2026-01-19 00:00:00,0,0,0,0.0,0,0,0.0,0.0,0.0,0.0,0.0,0.0,0,0,0,0.0,0,0.0,0,0,0,Nacoes Shopping,NS,ALC - NATAL 25 02,REACH
1855492566896834,2026-01-28 00:00:00,0,292,349,0.0,12420,76,0.0,2.24,1.52,0.0,1.4,0.0,57,82,0,19.0,1579,0.0,135,305,12463,Nacoes Shopping,NS,ALC - Smart Zoo,REACH
1855492566896834,2026-01-29 00:00:00,0,287,345,0.0,10765,79,0.0,2.12,1.76,0.0,1.5,0.0,56,87,0,19.08,1505,0.0,135,294,10837,Nacoes Shopping,NS,ALC - Smart Zoo,REACH
1848504928619618,2026-01-16 00:00:00,0,0,0,0.0,0,0,0.0,0.0,0.0,0.0,0.0,0.0,0,0,0,0.0,0,0.0,0,0,0,Nacoes Shopping,NS,TRAF - NATAL 25,TRAFFIC
1848504928619618,2026-01-03 00:00:00,0,1,1,0.0,2,0,0.0,13.14,0.0,0.0,6.57,0.0,0,0,0,0.0,1,0.0,0,1,1,Nacoes Shopping,NS,TRAF - NATAL 25,TRAFFIC
1854324205639697,2026-01-22 00:00:00,0,85,67,0.0,8347,15,0.0,1.63,1.5,0.0,1.05,0.0,10,23,0,12.58,554,0.0,28,83,8401,Nacoes Shopping,NS,ALC - FERIAS NACOES SHOPPING,REACH
1854324488425522,2026-01-25 00:00:00,0,97,210,0.0,10646,63,0.0,0.98,1.64,0.0,0.95,0.0,44,33,0,17.63,458,0.0,96,94,10738,Nacoes Shopping,NS,ALC - LIQUIDA,REACH
1848504162177105,2026-01-03 00:00:00,0,0,0,0.0,0,0,0.0,0.0,0.0,0.0,0.0,0.0,0,0,0,0.0,0,0.0,0,0,0,Nacoes Shopping,NS,ALC - NATAL 25,REACH
1849887841738834,2026-01-07 00:00:00,0,0,0,0.0,0,0,0.0,0.0,0.0,0.0,0.0,0.0,0,0,0,0.0,0,0.0,0,0,0,Nacoes Shopping,NS,ALC - NATAL 25 02,REACH
1849887841738834,2026-01-20 00:00:00,0,0,0,0.0,0,0,0.0,0.0,0.0,0.0,0.0,0.0,0,0,0,0.0,0,0.0,0,0,0,Nacoes Shopping,NS,ALC - NATAL 25 02,REACH
1854324205639697,2026-01-16 00:00:00,0,130,103,0.0,8584,25,0.0,1.83,1.58,0.0,1.19,0.0,13,49,0,13.64,735,0.0,52,127,8641,Nacoes Shopping,NS,ALC - FERIAS NACOES SHOPPING,REACH
1854324488425522,2026-01-19 00:00:00,0,81,169,0.0,9921,46,0.0,1.04,1.89,0.0,0.98,0.0,35,25,0,18.94,421,0.0,76,81,9999,Nacoes Shopping,NS,ALC - LIQUIDA,REACH
1850600369247313,2026-01-08 00:00:00,0,0,0,0.0,0,0,0.0,0.0,0.0,0.0,0.0,0.0,0,0,0,0.0,0,0.0,0,0,0,Nacoes Shopping,NS,ALC - LEGUEIROS,REACH
1855686889040914,2026-01-31 00:00:00,0,276,241,0.0,18109,44,0.0,1.26,2.0,0.0,1.23,0.0,25,79,0,36.44,1506,0.0,82,275,18256,Nacoes Shopping,NS,ALC - Carna PET,REACH
1848504928619618,2026-01-10 00:00:00,0,0,0,0.0,0,0,0.0,0.0,0.0,0.0,0.0,0.0,0,0,0,0.0,0,0.0,0,0,0,Nacoes Shopping,NS,TRAF - NATAL 25,TRAFFIC
1854324205639697,2026-01-29 00:00:00,0,67,48,0.0,5734,9,0.0,1.64,1.63,0.0,1.05,0.0,6,22,0,9.41,363,0.0,16,67,5774,Nacoes Shopping,NS,ALC - FERIAS NACOES SHOPPING,REACH
1848504162177105,2026-01-02 00:00:00,0,0,0,0.0,0,0,0.0,0.0,0.0,0.0,0.0,0.0,0,0,0,0.0,0,0.0,0,0,0,Nacoes Shopping,NS,ALC - NATAL 25,REACH
1854324205639697,2026-01-23 00:00:00,0,100,65,0.0,7568,18,0.0,1.62,1.6,0.0,1.13,0.0,7,33,0,12.16,541,0.0,29,101,7616,Nacoes Shopping,NS,ALC - FERIAS NACOES SHOPPING,REACH
1849768886744178,2026-01-04 00:00:00,0,0,0,0.0,0,0,0.0,0.0,0.0,0.0,0.0,0.0,0,0,0,0.0,0,0.0,0,0,0,Nacoes Shopping,NS,ALC - BLACK FRIDAY - NS,REACH
1854324488425522,2026-01-26 00:00:00,0,64,142,0.0,8418,44,0.0,0.94,2.0,0.0,0.91,0.0,30,16,0,16.96,338,0.0,69,59,8470,Nacoes Shopping,NS,ALC - LIQUIDA,REACH
1855492566896834,2026-01-30 00:00:00,0,266,306,0.0,10702,80,0.0,2.1,1.78,0.0,1.45,0.0,53,81,0,19.16,1453,0.0,130,269,10768,Nacoes Shopping,NS,ALC - Smart Zoo,REACH
1850600369247313,2026-01-15 00:00:00,0,0,0,0.0,0,0,0.0,0.0,0.0,0.0,0.0,0.0,0,0,0,0.0,0,0.0,0,0,0,Nacoes Shopping,NS,ALC - LEGUEIROS,REACH
1849768886744178,2026-01-11 00:00:00,0,0,0,0.0,0,0,0.0,0.0,0.0,0.0,0.0,0.0,0,0,0,0.0,0,0.0,0,0,0,Nacoes Shopping,NS,ALC - BLACK FRIDAY - NS,REACH
1850600369247313,2026-01-09 00:00:00,0,0,0,0.0,0,0,0.0,0.0,0.0,0.0,0.0,0.0,0,0,0,0.0,0,0.0,0,0,0,Nacoes Shopping,NS,ALC - LEGUEIROS,REACH
1848504928619618,2026-01-19 00:00:00,0,0,0,0.0,0,0,0.0,0.0,0.0,0.0,0.0,0.0,0,0,0,0.0,0,0.0,0,0,0,Nacoes Shopping,NS,TRAF - NATAL 25,TRAFFIC
1847431714944034,2026-01-13 00:00:00,0,0,0,0.0,0,0,0.0,0.0,0.0,0.0,0.0,0.0,0,0,0,0.0,0,0.0,0,0,0,Nacoes Shopping,NS,Alcance | Giftcard ,REACH
1811358948673554,2026-01-18 00:00:00,0,0,0,0.0,0,0,0.0,0.0,0.0,0.0,0.0,0.0,0,0,0,0.0,0,0.0,0,0,0,Nacoes Shopping,NS,Tráfego - App instal - NS,TRAFFIC
1849887841738834,2026-01-21 00:00:00,0,0,0,0.0,0,0,0.0,0.0,0.0,0.0,0.0,0.0,0,0,0,0.0,0,0.0,0,0,0,Nacoes Shopping,NS,ALC - NATAL 25 02,REACH
1854324205639697,2026-01-30 00:00:00,0,53,41,0.0,5183,6,0.0,1.41,1.55,0.0,0.99,0.0,2,15,0,8.08,294,0.0,14,51,5215,Nacoes Shopping,NS,ALC - FERIAS NACOES SHOPPING,REACH
1849887841738834,2026-01-14 00:00:00,0,0,0,0.0,0,0,0.0,0.0,0.0,0.0,0.0,0.0,0,0,0,0.0,0,0.0,0,0,0,Nacoes Shopping,NS,ALC - NATAL 25 02,REACH
1848504928619618,2026-01-31 00:00:00,0,0,0,0.0,0,0,0.0,0.0,0.0,0.0,0.0,0.0,0,0,0,0.0,0,0.0,0,0,0,Nacoes Shopping,NS,TRAF - NATAL 25,TRAFFIC
1848504928619618,2026-01-11 00:00:00,0,0,0,0.0,0,0,0.0,0.0,0.0,0.0,0.0,0.0,0,0,0,0.0,0,0.0,0,0,0,Nacoes Shopping,NS,TRAF - NATAL 25,TRAFFIC
1855686889040914,2026-01-29 00:00:00,0,91,74,0.0,7636,15,0.0,1.14,1.6,0.0,1.14,0.0,7,22,0,12.25,536,0.0,23,91,7672,Nacoes Shopping,NS,ALC - Carna PET,REACH
1854324205639697,2026-01-17 00:00:00,0,154,132,0.0,8646,33,0.0,1.96,1.57,0.0,1.26,0.0,23,55,0,13.71,803,0.0,59,155,8707,Nacoes Shopping,NS,ALC - FERIAS NACOES SHOPPING,REACH
1854324488425522,2026-01-20 00:00:00,0,82,171,0.0,8273,57,0.0,1.03,2.2,0.0,0.99,0.0,43,32,0,18.39,436,0.0,80,82,8355,Nacoes Shopping,NS,ALC - LIQUIDA,REACH
1849768886744178,2026-01-05 00:00:00,0,0,0,0.0,0,0,0.0,0.0,0.0,0.0,0.0,0.0,0,0,0,0.0,0,0.0,0,0,0,Nacoes Shopping,NS,ALC - BLACK FRIDAY - NS,REACH
1855492566896834,2026-01-31 00:00:00,0,342,357,0.0,10817,94,0.0,2.26,1.81,0.0,1.58,0.0,71,111,0,19.71,1692,0.0,159,345,10900,Nacoes Shopping,NS,ALC - Smart Zoo,REACH
1849887841738834,2026-01-02 00:00:00,0,0,0,0.0,3,0,0.0,2.75,0.0,0.0,0.92,0.0,0,0,0,0.0,0,0.0,0,0,3,Nacoes Shopping,NS,ALC - NATAL 25 02,REACH
1849887841738834,2026-01-15 00:00:00,0,0,0,0.0,0,0,0.0,0.0,0.0,0.0,0.0,0.0,0,0,0,0.0,0,0.0,0,0,0,Nacoes Shopping,NS,ALC - NATAL 25 02,REACH
1854324488425522,2026-01-14 00:00:00,0,44,96,0.0,5299,19,0.0,0.92,1.33,0.0,0.9,0.0,17,13,0,7.1,193,0.0,40,43,5345,Nacoes Shopping,NS,ALC - LIQUIDA,REACH
1854324205639697,2026-01-31 00:00:00,0,28,22,0.0,2147,2,0.0,1.4,1.61,0.0,1.02,0.0,0,10,0,3.49,147,0.0,7,27,2164,Nacoes Shopping,NS,ALC - FERIAS NACOES SHOPPING,REACH
1848504928619618,2026-01-05 00:00:00,0,3,2,0.0,1,1,100.0,54.18,0.0,0.0,54.18,0.0,1,3,1,0.0,3,0.0,2,4,1,Nacoes Shopping,NS,TRAF - NATAL 25,TRAFFIC
1854324205639697,2026-01-24 00:00:00,0,105,84,0.0,7316,22,0.0,1.69,1.66,0.0,1.19,0.0,13,34,0,12.24,600,0.0,33,102,7360,Nacoes Shopping,NS,ALC - FERIAS NACOES SHOPPING,REACH
1849768886744178,2026-01-18 00:00:00,0,0,0,0.0,0,0,0.0,0.0,0.0,0.0,0.0,0.0,0,0,0,0.0,0,0.0,0,0,0,Nacoes Shopping,NS,ALC - BLACK FRIDAY - NS,REACH
1854324488425522,2026-01-27 00:00:00,0,30,63,0.0,2941,12,0.0,1.01,2.23,0.0,1.0,0.0,8,8,0,6.62,133,0.0,26,33,2968,Nacoes Shopping,NS,ALC - LIQUIDA,REACH
1855686756345922,2026-02-04 00:00:00,0,273,105,0.0,12596,21,0.0,1.53,2.34,0.0,1.51,0.0,13,77,0,29.89,1157,0.0,47,274,12752,Nacoes Shopping,NS,ALC - Bloko Rosa,REACH
1855686889040914,2026-02-09 00:00:00,0,0,0,0.0,0,0,0.0,0.0,0.0,0.0,0.0,0.0,0,0,0,0.0,0,0.0,0,0,0,Nacoes Shopping,NS,ALC - Carna PET,REACH
1849887841738834,2026-02-02 00:00:00,0,0,0,0.0,0,0,0.0,0.0,0.0,0.0,0.0,0.0,0,0,0,0.0,0,0.0,0,0,0,Nacoes Shopping,NS,ALC - NATAL 25 02,REACH
1849887841738834,2026-02-22 00:00:00,0,0,0,0.0,0,0,0.0,0.0,0.0,0.0,0.0,0.0,0,0,0,0.0,0,0.0,0,0,0,Nacoes Shopping,NS,ALC - NATAL 25 02,REACH
1855492566896834,2026-02-24 00:00:00,0,103,117,0.0,6825,26,0.0,1.76,1.66,0.0,1.23,0.0,18,30,0,11.38,622,0.0,42,105,6869,Nacoes Shopping,NS,ALC - Smart Zoo,REACH
1855492566896834,2026-02-14 00:00:00,0,268,296,0.0,10200,73,0.0,2.09,1.76,0.0,1.51,0.0,52,93,0,18.04,1321,0.0,129,281,10271,Nacoes Shopping,NS,ALC - Smart Zoo,REACH
1855492566896834,2026-02-04 00:00:00,0,240,316,0.0,12700,93,0.0,2.05,1.47,0.0,1.33,0.0,72,69,0,18.76,1343,0.0,135,243,12793,Nacoes Shopping,NS,ALC - Smart Zoo,REACH
1855686889040914,2026-02-02 00:00:00,0,270,233,0.0,18365,43,0.0,1.26,1.81,0.0,1.25,0.0,27,80,0,33.78,1459,0.0,90,269,18632,Nacoes Shopping,NS,ALC - Carna PET,REACH
1855686756345922,2026-02-07 00:00:00,0,189,73,0.0,14498,18,0.0,1.58,1.92,0.0,1.56,0.0,13,50,0,28.1,923,0.0,31,187,14657,Nacoes Shopping,NS,ALC - Bloko Rosa,REACH
1855686756345922,2026-02-27 00:00:00,0,0,0,0.0,0,0,0.0,0.0,0.0,0.0,0.0,0.0,0,0,0,0.0,0,0.0,0,0,0,Nacoes Shopping,NS,ALC - Bloko Rosa,REACH
1855686889040914,2026-02-06 00:00:00,0,214,178,0.0,16676,33,0.0,1.18,1.86,0.0,1.15,0.0,23,54,0,31.27,1167,0.0,61,215,16818,Nacoes Shopping,NS,ALC - Carna PET,REACH
1848504928619618,2026-03-02 00:00:00,0,0,0,0.0,0,0,0.0,0.0,0.0,0.0,0.0,0.0,0,0,0,0.0,0,0.0,0,0,0,Nacoes Shopping,NS,TRAF - NATAL 25,TRAFFIC
1855492566896834,2026-02-27 00:00:00,0,0,0,0.0,0,0,0.0,0.0,0.0,0.0,0.0,0.0,0,0,0,0.0,0,0.0,0,0,0,Nacoes Shopping,NS,ALC - Smart Zoo,REACH
1855492566896834,2026-02-17 00:00:00,0,219,215,0.0,11440,51,0.0,2.02,1.49,0.0,1.37,0.0,34,72,0,17.24,1084,0.0,88,223,11534,Nacoes Shopping,NS,ALC - Smart Zoo,REACH
1855492566896834,2026-02-07 00:00:00,0,331,405,0.0,10953,96,0.0,2.1,1.82,0.0,1.53,0.0,64,105,0,20.2,1618,0.0,154,336,11077,Nacoes Shopping,NS,ALC - Smart Zoo,REACH
1855492566896834,2026-02-18 00:00:00,0,151,145,0.0,11338,35,0.0,1.73,1.39,0.0,1.18,0.0,22,43,0,15.84,879,0.0,59,154,11417,Nacoes Shopping,NS,ALC - Smart Zoo,REACH
1855492566896834,2026-02-08 00:00:00,0,285,333,0.0,9850,79,0.0,2.03,1.9,0.0,1.57,0.0,65,102,0,18.98,1479,0.0,145,291,9969,Nacoes Shopping,NS,ALC - Smart Zoo,REACH
1848504928619618,2026-02-15 00:00:00,0,0,0,0.0,0,0,0.0,0.0,0.0,0.0,0.0,0.0,0,0,0,0.0,0,0.0,0,0,0,Nacoes Shopping,NS,TRAF - NATAL 25,TRAFFIC
1855686889040914,2026-02-03 00:00:00,0,223,195,0.0,14964,36,0.0,1.27,2.17,0.0,1.22,0.0,22,56,0,33.04,1203,0.0,63,224,15216,Nacoes Shopping,NS,ALC - Carna PET,REACH
1855686756345922,2026-02-03 00:00:00,0,280,119,0.0,13791,28,0.0,1.35,2.15,0.0,1.31,0.0,14,82,0,30.05,1158,0.0,45,268,13991,Nacoes Shopping,NS,ALC - Bloko Rosa,REACH
1848504928619618,2026-02-12 00:00:00,0,0,0,0.0,0,0,0.0,0.0,0.0,0.0,0.0,0.0,0,0,0,0.0,0,0.0,0,0,0,Nacoes Shopping,NS,TRAF - NATAL 25,TRAFFIC
1854324205639697,2026-02-01 00:00:00,0,0,0,0.0,0,0,0.0,0.0,0.0,0.0,0.0,0.0,0,0,0,0.0,0,0.0,0,0,0,Nacoes Shopping,NS,ALC - FERIAS NACOES SHOPPING,REACH
1855492566896834,2026-02-25 00:00:00,0,43,39,0.0,2040,8,0.0,1.8,1.59,0.0,1.36,0.0,6,15,0,3.25,211,0.0,16,44,2044,Nacoes Shopping,NS,ALC - Smart Zoo,REACH
1855492566896834,2026-02-15 00:00:00,0,264,280,0.0,8869,67,0.0,1.96,1.88,0.0,1.5,0.0,40,92,0,16.9,1206,0.0,115,266,8968,Nacoes Shopping,NS,ALC - Smart Zoo,REACH
1855492566896834,2026-02-05 00:00:00,0,242,319,0.0,11585,79,0.0,1.92,1.59,0.0,1.39,0.0,60,74,0,18.61,1349,0.0,122,244,11720,Nacoes Shopping,NS,ALC - Smart Zoo,REACH
1855686756345922,2026-02-06 00:00:00,0,244,89,0.0,15749,14,0.0,1.21,1.84,0.0,1.18,0.0,11,62,0,29.26,1050,0.0,29,242,15903,Nacoes Shopping,NS,ALC - Bloko Rosa,REACH
1855492566896834,2026-02-21 00:00:00,0,178,189,0.0,8444,36,0.0,1.82,1.72,0.0,1.36,0.0,24,53,0,14.61,916,0.0,71,185,8479,Nacoes Shopping,NS,ALC - Smart Zoo,REACH
1855492566896834,2026-02-11 00:00:00,0,210,243,0.0,12087,46,0.0,1.9,1.51,0.0,1.27,0.0,31,55,0,18.44,1091,0.0,84,210,12188,Nacoes Shopping,NS,ALC - Smart Zoo,REACH
1855492566896834,2026-02-01 00:00:00,0,350,423,0.0,10652,86,0.0,2.11,1.72,0.0,1.56,0.0,62,93,0,18.57,1670,0.0,164,357,10767,Nacoes Shopping,NS,ALC - Smart Zoo,REACH
1854324488425522,2026-02-21 00:00:00,0,0,0,0.0,0,0,0.0,0.0,0.0,0.0,0.0,0.0,0,0,0,0.0,0,0.0,0,0,0,Nacoes Shopping,NS,ALC - LIQUIDA,REACH
1855686756345922,2026-02-09 00:00:00,0,0,0,0.0,0,0,0.0,0.0,0.0,0.0,0.0,0.0,0,0,0,0.0,0,0.0,0,0,0,Nacoes Shopping,NS,ALC - Bloko Rosa,REACH
1855686889040914,2026-02-04 00:00:00,0,243,205,0.0,13603,42,0.0,1.96,2.4,0.0,1.94,0.0,24,74,0,33.04,1229,0.0,77,243,13790,Nacoes Shopping,NS,ALC - Carna PET,REACH
1854324205639697,2026-02-02 00:00:00,0,0,0,0.0,0,0,0.0,0.0,0.0,0.0,0.0,0.0,0,0,0,0.0,0,0.0,0,0,0,Nacoes Shopping,NS,ALC - FERIAS NACOES SHOPPING,REACH
1854324488425522,2026-02-02 00:00:00,0,0,0,0.0,0,0,0.0,0.0,0.0,0.0,0.0,0.0,0,0,0,0.0,0,0.0,0,0,0,Nacoes Shopping,NS,ALC - LIQUIDA,REACH
1855492566896834,2026-02-19 00:00:00,0,169,178,0.0,10070,48,0.0,1.71,1.53,0.0,1.28,0.0,33,52,0,15.54,878,0.0,76,169,10159,Nacoes Shopping,NS,ALC - Smart Zoo,REACH
1855492566896834,2026-02-09 00:00:00,0,253,299,0.0,9019,84,0.0,1.9,2.03,0.0,1.58,0.0,55,82,0,18.45,1256,0.0,123,251,9109,Nacoes Shopping,NS,ALC - Smart Zoo,REACH
1855686756345922,2026-02-02 00:00:00,0,321,138,0.0,16782,19,0.0,1.3,1.79,0.0,1.28,0.0,10,94,0,30.54,1486,0.0,41,320,17022,Nacoes Shopping,NS,ALC - Bloko Rosa,REACH
1855686889040914,2026-02-27 00:00:00,0,0,0,0.0,0,0,0.0,0.0,0.0,0.0,0.0,0.0,0,0,0,0.0,0,0.0,0,0,0,Nacoes Shopping,NS,ALC - Carna PET,REACH
1855686889040914,2026-02-07 00:00:00,0,84,71,0.0,7131,13,0.0,1.14,2.12,0.0,1.13,0.0,8,22,0,15.27,451,0.0,25,85,7194,Nacoes Shopping,NS,ALC - Carna PET,REACH
1855686889040914,2026-02-01 00:00:00,0,324,280,0.0,20316,55,0.0,1.28,1.69,0.0,1.25,0.0,40,96,0,34.76,1651,0.0,94,318,20557,Nacoes Shopping,NS,ALC - Carna PET,REACH
1855686756345922,2026-02-05 00:00:00,0,229,84,0.0,14485,12,0.0,1.3,2.12,0.0,1.3,0.0,6,56,0,31.03,1084,0.0,27,226,14650,Nacoes Shopping,NS,ALC - Bloko Rosa,REACH
1855492566896834,2026-02-22 00:00:00,0,164,181,0.0,7620,40,0.0,1.74,1.72,0.0,1.36,0.0,25,63,0,13.25,828,0.0,72,172,7699,Nacoes Shopping,NS,ALC - Smart Zoo,REACH
1855492566896834,2026-02-12 00:00:00,0,213,242,0.0,11152,58,0.0,1.73,1.59,0.0,1.27,0.0,37,64,0,18.0,1025,0.0,107,217,11286,Nacoes Shopping,NS,ALC - Smart Zoo,REACH
1855492566896834,2026-02-02 00:00:00,0,250,335,0.0,9487,92,0.0,1.84,1.9,0.0,1.51,0.0,61,78,0,18.22,1272,0.0,141,256,9600,Nacoes Shopping,NS,ALC - Smart Zoo,REACH
1855492566896834,2026-02-23 00:00:00,0,100,107,0.0,5594,18,0.0,1.52,2.13,0.0,1.26,0.0,9,23,0,12.04,574,0.0,35,105,5650,Nacoes Shopping,NS,ALC - Smart Zoo,REACH
1855492566896834,2026-02-13 00:00:00,0,216,240,0.0,10548,52,0.0,1.87,1.7,0.0,1.36,0.0,40,70,0,18.12,1103,0.0,90,222,10651,Nacoes Shopping,NS,ALC - Smart Zoo,REACH
1855492566896834,2026-02-03 00:00:00,0,206,276,0.0,11330,79,0.0,2.06,1.66,0.0,1.35,0.0,66,72,0,18.94,1174,0.0,123,213,11442,Nacoes Shopping,NS,ALC - Smart Zoo,REACH
1855686889040914,2026-02-08 00:00:00,0,0,0,0.0,0,0,0.0,0.0,0.0,0.0,0.0,0.0,0,0,0,0.0,0,0.0,0,0,0,Nacoes Shopping,NS,ALC - Carna PET,REACH
1855686756345922,2026-02-08 00:00:00,0,99,35,0.0,6906,8,0.0,1.17,1.79,0.0,1.16,0.0,3,24,0,12.45,489,0.0,14,98,6973,Nacoes Shopping,NS,ALC - Bloko Rosa,REACH
1854324205639697,2026-02-06 00:00:00,0,0,0,0.0,0,0,0.0,0.0,0.0,0.0,0.0,0.0,0,0,0,0.0,0,0.0,0,0,0,Nacoes Shopping,NS,ALC - FERIAS NACOES SHOPPING,REACH
1849887841738834,2026-02-01 00:00:00,0,0,0,0.0,0,0,0.0,0.0,0.0,0.0,0.0,0.0,0,0,0,0.0,0,0.0,0,0,0,Nacoes Shopping,NS,ALC - NATAL 25 02,REACH
1855492566896834,2026-02-20 00:00:00,0,165,182,0.0,8912,45,0.0,1.69,1.69,0.0,1.29,0.0,31,44,0,15.15,901,0.0,73,170,8981,Nacoes Shopping,NS,ALC - Smart Zoo,REACH
1855492566896834,2026-02-10 00:00:00,0,260,264,0.0,11811,67,0.0,2.21,1.65,0.0,1.47,0.0,45,74,0,19.58,1222,0.0,104,259,11900,Nacoes Shopping,NS,ALC - Smart Zoo,REACH
1855686756345922,2026-02-01 00:00:00,0,335,119,0.0,18667,20,0.0,1.26,1.67,0.0,1.24,0.0,11,79,0,31.47,1575,0.0,44,328,18871,Nacoes Shopping,NS,ALC - Bloko Rosa,REACH
1855686756345922,2026-02-11 00:00:00,0,0,0,0.0,0,0,0.0,0.0,0.0,0.0,0.0,0.0,0,0,0,0.0,0,0.0,0,0,0,Nacoes Shopping,NS,ALC - Bloko Rosa,REACH
1855492566896834,2026-02-16 00:00:00,0,200,215,0.0,8489,43,0.0,1.77,1.89,0.0,1.44,0.0,34,59,0,16.27,1010,0.0,72,202,8598,Nacoes Shopping,NS,ALC - Smart Zoo,REACH
1855492566896834,2026-02-06 00:00:00,0,268,300,0.0,10829,71,0.0,2.04,1.71,0.0,1.46,0.0,53,92,0,18.79,1349,0.0,113,273,10962,Nacoes Shopping,NS,ALC - Smart Zoo,REACH
1855686889040914,2026-02-05 00:00:00,0,200,183,0.0,15533,27,0.0,1.19,2.13,0.0,1.17,0.0,16,56,0,33.4,1113,0.0,67,203,15714,Nacoes Shopping,NS,ALC - Carna PET,REACH
1854324205639697,2026-02-03 00:00:00,0,0,0,0.0,0,0,0.0,0.0,0.0,0.0,0.0,0.0,0,0,0,0.0,0,0.0,0,0,0,Nacoes Shopping,NS,ALC - FERIAS NACOES SHOPPING,REACH
1849887841738834,2026-03-03 00:00:00,0,0,0,0.0,0,0,0.0,0.0,0.0,0.0,0.0,0.0,0,0,0,0.0,0,0.0,0,0,0,Nacoes Shopping,NS,ALC - NATAL 25 02,REACH
1848504928619618,2026-03-28 00:00:00,0,0,0,0.0,0,0,0.0,0.0,0.0,0.0,0.0,0.0,0,0,0,0.0,0,0.0,0,0,0,Nacoes Shopping,NS,TRAF - NATAL 25,TRAFFIC
1855686889040914,2026-03-09 00:00:00,0,0,0,0.0,0,0,0.0,0.0,0.0,0.0,0.0,0.0,0,0,0,0.0,0,0.0,0,0,0,Nacoes Shopping,NS,ALC - Carna PET,REACH
1848504162177105,2026-03-04 00:00:00,0,0,0,0.0,0,0,0.0,0.0,0.0,0.0,0.0,0.0,0,0,0,0.0,0,0.0,0,0,0,Nacoes Shopping,NS,ALC - NATAL 25,REACH
1855492566896834,2026-03-03 00:00:00,0,0,0,0.0,0,0,0.0,0.0,0.0,0.0,0.0,0.0,0,0,0,0.0,0,0.0,0,0,0,Nacoes Shopping,NS,ALC - Smart Zoo,REACH
1849887841738834,2026-03-22 00:00:00,0,0,0,0.0,0,0,0.0,0.0,0.0,0.0,0.0,0.0,0,0,0,0.0,0,0.0,0,0,0,Nacoes Shopping,NS,ALC - NATAL 25 02,REACH
1848504928619618,2026-04-01 00:00:00,0,0,0,0.0,0,0,0.0,0.0,0.0,0.0,0.0,0.0,0,0,0,0.0,0,0.0,0,0,0,Nacoes Shopping,NS,TRAF - NATAL 25,TRAFFIC
1848504928619618,2026-03-12 00:00:00,0,0,0,0.0,0,0,0.0,0.0,0.0,0.0,0.0,0.0,0,0,0,0.0,0,0.0,0,0,0,Nacoes Shopping,NS,TRAF - NATAL 25,TRAFFIC
1811358948673554,2026-03-05 00:00:00,0,0,0,0.0,0,0,0.0,0.0,0.0,0.0,0.0,0.0,0,0,0,0.0,0,0.0,0,0,0,Nacoes Shopping,NS,Tráfego - App instal - NS,TRAFFIC
1850600369247313,2026-03-03 00:00:00,0,0,0,0.0,0,0,0.0,0.0,0.0,0.0,0.0,0.0,0,0,0,0.0,0,0.0,0,0,0,Nacoes Shopping,NS,ALC - LEGUEIROS,REACH
1849768886744178,2026-03-04 00:00:00,0,0,0,0.0,0,0,0.0,0.0,0.0,0.0,0.0,0.0,0,0,0,0.0,0,0.0,0,0,0,Nacoes Shopping,NS,ALC - BLACK FRIDAY - NS,REACH
1848504928619618,2026-03-06 00:00:00,0,0,0,0.0,0,0,0.0,0.0,0.0,0.0,0.0,0.0,0,0,0,0.0,0,0.0,0,0,0,Nacoes Shopping,NS,TRAF - NATAL 25,TRAFFIC
1863928955315249,2026-04-30 00:00:00,0,1475,1332,0.03,2954,313,13.76,18.35,4.34,0.0,8.72,0.0,244,991,617,19.46,1803,0.0,547,1900,4483,Nacoes Shopping,NS,TRAF - PROMO MAES,TRAFFIC
1863928702907457,2026-04-30 00:00:00,0,84,65,1.43,11436,10,0.12,1.0,1.74,0.0,1.0,0.0,6,24,14,20.04,532,0.0,16,84,11495,Nacoes Shopping,NS,ALC - PROMO MAES,REACH
1848504928619618,2026-04-02 00:00:00,0,0,0,0.0,0,0,0.0,0.0,0.0,0.0,0.0,0.0,0,0,0,0.0,0,0.0,0,0,0,Nacoes Shopping,NS,TRAF - NATAL 25,TRAFFIC
1855492566896834,2026-04-09 00:00:00,0,0,0,0.0,0,0,0.0,0.0,0.0,0.0,0.0,0.0,0,0,0,0.0,0,0.0,0,0,0,Nacoes Shopping,NS,ALC - Smart Zoo,REACH
1863928955315249,2026-05-01 00:00:00,0,4145,3744,0.03,9486,992,15.09,19.7,3.84,0.0,7.67,0.0,782,3122,2197,55.92,5002,0.0,1572,5607,14561,Nacoes Shopping,NS,TRAF - PROMO MAES,TRAFFIC
1863928702907457,2026-05-01 00:00:00,0,273,204,0.69,28030,45,0.24,1.11,1.68,0.0,1.09,0.0,32,111,69,47.49,1665,0.0,76,290,28242,Nacoes Shopping,NS,ALC - PROMO MAES,REACH
1866451828239378,2026-05-28 00:00:00,0,84,146,0.0,4637,26,0.0,1.12,1.66,0.0,1.12,0.0,12,19,0,7.75,381,0.0,59,85,4660,Nacoes Shopping,NS,ALC - TROCA DE FIGURINHAS,REACH
1863928955315249,2026-05-05 00:00:00,0,11,9,0.03,121,3,18.18,2.71,5.54,0.0,2.49,0.0,3,21,22,0.67,36,0.0,3,27,121,Nacoes Shopping,NS,TRAF - PROMO MAES,TRAFFIC
1863928955315249,2026-05-25 00:00:00,0,0,0,0.0,0,0,0.0,0.0,0.0,0.0,0.0,0.0,0,0,0,0.0,0,0.0,0,0,0,Nacoes Shopping,NS,TRAF - PROMO MAES,TRAFFIC
1863928955315249,2026-05-15 00:00:00,0,0,0,0.0,0,0,0.0,0.0,0.0,0.0,0.0,0.0,0,0,0,0.0,0,0.0,0,0,0,Nacoes Shopping,NS,TRAF - PROMO MAES,TRAFFIC
1863928702907457,2026-05-11 00:00:00,0,168,90,0.7,9646,12,0.32,1.33,2.24,0.0,1.16,0.0,7,58,31,21.84,794,0.0,25,184,9731,Nacoes Shopping,NS,ALC - PROMO MAES,REACH
1863928702907457,2026-05-21 00:00:00,0,0,0,0.0,0,0,0.0,0.0,0.0,0.0,0.0,0.0,0,0,0,0.0,0,0.0,0,0,0,Nacoes Shopping,NS,ALC - PROMO MAES,REACH
1863928955315249,2026-05-18 00:00:00,0,0,0,0.0,0,0,0.0,0.0,0.0,0.0,0.0,0.0,0,0,0,0.0,0,0.0,0,0,0,Nacoes Shopping,NS,TRAF - PROMO MAES,TRAFFIC
1863928702907457,2026-05-18 00:00:00,0,0,0,0.0,0,0,0.0,0.0,0.0,0.0,0.0,0.0,0,0,0,0.0,0,0.0,0,0,0,Nacoes Shopping,NS,ALC - PROMO MAES,REACH
1863928955315249,2026-05-08 00:00:00,0,4314,3229,0.03,11074,858,15.87,25.42,4.17,0.0,8.16,0.0,603,3777,2395,62.86,5132,0.0,1562,6093,15087,Nacoes Shopping,NS,TRAF - PROMO MAES,TRAFFIC
1863928955315249,2026-05-28 00:00:00,0,0,0,0.0,0,0,0.0,0.0,0.0,0.0,0.0,0.0,0,0,0,0.0,0,0.0,0,0,0,Nacoes Shopping,NS,TRAF - PROMO MAES,TRAFFIC
1866441986593986,2026-05-30 00:00:00,0,160,121,1.05,16329,31,0.2,1.12,2.06,0.0,1.11,0.0,20,69,32,33.67,1017,0.0,51,176,16368,Nacoes Shopping,NS,ALC - PROMO NAMORADOS 26,REACH
1863928702907457,2026-05-08 00:00:00,0,387,211,0.95,24484,57,0.23,1.35,2.2,0.0,1.14,0.0,35,141,57,54.3,1777,0.0,90,401,24675,Nacoes Shopping,NS,ALC - PROMO MAES,REACH
1866451636143266,2026-05-30 00:00:00,0,2740,2521,0.02,4599,451,28.21,29.48,6.79,0.0,9.19,0.0,289,2122,1451,34.94,2850,0.0,925,3929,5144,Nacoes Shopping,NS,TRAF - NAMORADOS,TRAFFIC
1863928702907457,2026-05-15 00:00:00,0,0,0,0.0,0,0,0.0,0.0,0.0,0.0,0.0,0.0,0,0,0,0.0,0,0.0,0,0,0,Nacoes Shopping,NS,ALC - PROMO MAES,REACH
1863928702907457,2026-05-05 00:00:00,0,217,144,1.04,11723,30,0.17,1.47,1.76,0.0,1.21,0.0,21,79,20,20.84,967,0.0,51,224,11818,Nacoes Shopping,NS,ALC - PROMO MAES,REACH
1854324205639697,2026-05-06 00:00:00,0,0,0,0.0,0,0,0.0,0.0,0.0,0.0,0.0,0.0,0,0,0,0.0,0,0.0,0,0,0,Nacoes Shopping,NS,ALC - FERIAS NACOES SHOPPING,REACH
1863928955315249,2026-05-31 00:00:00,0,0,0,0.0,0,0,0.0,0.0,0.0,0.0,0.0,0.0,0,0,0,0.0,0,0.0,0,0,0,Nacoes Shopping,NS,TRAF - PROMO MAES,TRAFFIC
1863928955315249,2026-05-21 00:00:00,0,0,0,0.0,0,0,0.0,0.0,0.0,0.0,0.0,0.0,0,0,0,0.0,0,0.0,0,0,0,Nacoes Shopping,NS,TRAF - PROMO MAES,TRAFFIC
1863928955315249,2026-05-11 00:00:00,0,1289,955,0.03,3744,250,15.26,20.99,4.04,0.0,7.36,0.0,176,1116,692,18.34,1475,0.0,457,1822,4535,Nacoes Shopping,NS,TRAF - PROMO MAES,TRAFFIC
1863928702907457,2026-05-12 00:00:00,0,0,0,0.0,0,0,0.0,0.0,0.0,0.0,0.0,0.0,0,0,0,0.0,0,0.0,0,0,0,Nacoes Shopping,NS,ALC - PROMO MAES,REACH
1863928955315249,2026-05-27 00:00:00,0,0,0,0.0,0,0,0.0,0.0,0.0,0.0,0.0,0.0,0,0,0,0.0,0,0.0,0,0,0,Nacoes Shopping,NS,TRAF - PROMO MAES,TRAFFIC
1863928955315249,2026-05-17 00:00:00,0,0,0,0.0,0,0,0.0,0.0,0.0,0.0,0.0,0.0,0,0,0,0.0,0,0.0,0,0,0,Nacoes Shopping,NS,TRAF - PROMO MAES,TRAFFIC
1863928955315249,2026-05-07 00:00:00,0,4799,3464,0.03,10969,937,15.09,26.08,4.49,0.0,8.74,0.0,691,3663,2304,68.58,5670,0.0,1490,6439,15272,Nacoes Shopping,NS,TRAF - PROMO MAES,TRAFFIC
1863928702907457,2026-05-02 00:00:00,0,284,199,0.76,25801,57,0.24,1.11,1.84,0.0,1.11,0.0,34,117,63,47.88,1557,0.0,88,291,25997,Nacoes Shopping,NS,ALC - PROMO MAES,REACH
1863928955315249,2026-05-24 00:00:00,0,0,0,0.0,0,0,0.0,0.0,0.0,0.0,0.0,0.0,0,0,0,0.0,0,0.0,0,0,0,Nacoes Shopping,NS,TRAF - PROMO MAES,TRAFFIC
1863928955315249,2026-05-14 00:00:00,0,0,0,0.0,0,0,0.0,0.0,0.0,0.0,0.0,0.0,0,0,0,0.0,0,0.0,0,0,0,Nacoes Shopping,NS,TRAF - PROMO MAES,TRAFFIC
1866451828239378,2026-05-29 00:00:00,0,106,204,0.0,6989,33,0.0,1.13,1.92,0.0,1.11,0.0,22,32,0,13.41,522,0.0,78,112,6999,Nacoes Shopping,NS,ALC - TROCA DE FIGURINHAS,REACH
1863928955315249,2026-05-04 00:00:00,0,1675,1572,0.03,4755,391,17.2,15.93,4.54,0.0,6.18,0.0,303,1319,996,26.29,2071,0.0,606,2356,5792,Nacoes Shopping,NS,TRAF - PROMO MAES,TRAFFIC
1863928702907457,2026-05-19 00:00:00,0,0,0,0.0,0,0,0.0,0.0,0.0,0.0,0.0,0.0,0,0,0,0.0,0,0.0,0,0,0,Nacoes Shopping,NS,ALC - PROMO MAES,REACH
1863928702907457,2026-05-09 00:00:00,0,351,209,0.94,22986,59,0.23,1.6,2.2,0.0,1.33,0.0,34,148,54,50.74,1692,0.0,89,373,23102,Nacoes Shopping,NS,ALC - PROMO MAES,REACH
1863928955315249,2026-05-10 00:00:00,0,2946,2102,0.02,9350,538,15.84,16.4,3.73,0.0,6.5,0.0,402,2815,2091,49.2,3745,0.0,918,4526,13200,Nacoes Shopping,NS,TRAF - PROMO MAES,TRAFFIC
1866441986593986,2026-05-29 00:00:00,0,143,101,1.21,15761,20,0.18,1.22,2.13,0.0,1.21,0.0,15,47,28,33.81,985,0.0,31,153,15846,Nacoes Shopping,NS,ALC - PROMO NAMORADOS 26,REACH
1866451636143266,2026-05-29 00:00:00,0,2849,2597,0.03,5173,429,23.78,25.34,6.43,0.0,8.32,0.0,301,1988,1354,36.6,2965,0.0,876,3955,5693,Nacoes Shopping,NS,TRAF - NAMORADOS,TRAFFIC
1863928955315249,2026-05-30 00:00:00,0,0,0,0.0,0,0,0.0,0.0,0.0,0.0,0.0,0.0,0,0,0,0.0,0,0.0,0,0,0,Nacoes Shopping,NS,TRAF - PROMO MAES,TRAFFIC
1863928955315249,2026-05-20 00:00:00,0,0,0,0.0,0,0,0.0,0.0,0.0,0.0,0.0,0.0,0,0,0,0.0,0,0.0,0,0,0,Nacoes Shopping,NS,TRAF - PROMO MAES,TRAFFIC
1863928702907457,2026-05-26 00:00:00,0,0,0,0.0,0,0,0.0,0.0,0.0,0.0,0.0,0.0,0,0,0,0.0,0,0.0,0,0,0,Nacoes Shopping,NS,ALC - PROMO MAES,REACH
1863928702907457,2026-05-16 00:00:00,0,0,0,0.0,0,0,0.0,0.0,0.0,0.0,0.0,0.0,0,0,0,0.0,0,0.0,0,0,0,Nacoes Shopping,NS,ALC - PROMO MAES,REACH
1863928702907457,2026-05-06 00:00:00,0,507,318,0.98,26703,99,0.21,1.6,2.1,0.0,1.29,0.0,69,215,58,56.92,2284,0.0,152,522,27057,Nacoes Shopping,NS,ALC - PROMO MAES,REACH
1863928955315249,2026-05-13 00:00:00,0,0,0,0.0,0,0,0.0,0.0,0.0,0.0,0.0,0.0,0,0,0,0.0,0,0.0,0,0,0,Nacoes Shopping,NS,TRAF - PROMO MAES,TRAFFIC
1863928702907457,2026-05-13 00:00:00,0,0,0,0.0,0,0,0.0,0.0,0.0,0.0,0.0,0.0,0,0,0,0.0,0,0.0,0,0,0,Nacoes Shopping,NS,ALC - PROMO MAES,REACH
1863928955315249,2026-05-23 00:00:00,0,0,0,0.0,0,0,0.0,0.0,0.0,0.0,0.0,0.0,0,0,0,0.0,0,0.0,0,0,0,Nacoes Shopping,NS,TRAF - PROMO MAES,TRAFFIC
1863928955315249,2026-05-03 00:00:00,0,3694,3363,0.02,11481,766,17.5,19.38,3.48,0.0,5.49,0.0,579,2971,2662,52.9,4510,0.0,1229,5362,15215,Nacoes Shopping,NS,TRAF - PROMO MAES,TRAFFIC
1863928702907457,2026-05-03 00:00:00,0,288,192,0.86,25905,40,0.21,1.19,1.84,0.0,1.18,0.0,31,100,56,48.01,1476,0.0,69,305,26086,Nacoes Shopping,NS,ALC - PROMO MAES,REACH
1866451828239378,2026-05-30 00:00:00,0,96,205,0.0,7421,30,0.0,1.1,1.84,0.0,1.1,0.0,19,24,0,13.61,549,0.0,64,100,7414,Nacoes Shopping,NS,ALC - TROCA DE FIGURINHAS,REACH
1863928702907457,2026-05-20 00:00:00,0,0,0,0.0,0,0,0.0,0.0,0.0,0.0,0.0,0.0,0,0,0,0.0,0,0.0,0,0,0,Nacoes Shopping,NS,ALC - PROMO MAES,REACH
1863928702907457,2026-05-10 00:00:00,0,352,233,0.79,22467,60,0.27,1.43,2.13,0.0,1.19,0.0,45,150,61,48.16,1703,0.0,89,376,22583,Nacoes Shopping,NS,ALC - PROMO MAES,REACH
1866451636143266,2026-05-28 00:00:00,0,1483,1355,0.03,3526,265,21.32,18.66,5.77,0.0,6.74,0.0,194,1207,906,24.52,1622,0.0,482,2197,4250,Nacoes Shopping,NS,TRAF - NAMORADOS,TRAFFIC
1866441986593986,2026-05-28 00:00:00,0,110,83,0.85,10632,11,0.22,1.06,1.83,0.0,1.06,0.0,7,38,23,19.57,558,0.0,26,117,10688,Nacoes Shopping,NS,ALC - PROMO NAMORADOS 26,REACH
1863928955315249,2026-05-06 00:00:00,0,2487,2000,0.03,4852,720,16.89,27.76,5.13,0.0,11.55,0.0,467,2090,1088,33.04,2855,0.0,1126,3265,6440,Nacoes Shopping,NS,TRAF - PROMO MAES,TRAFFIC
1863928955315249,2026-05-16 00:00:00,0,0,0,0.0,0,0,0.0,0.0,0.0,0.0,0.0,0.0,0,0,0,0.0,0,0.0,0,0,0,Nacoes Shopping,NS,TRAF - PROMO MAES,TRAFFIC
1866451636143266,2026-05-31 00:00:00,0,3305,2992,0.02,6360,509,24.46,32.04,5.22,0.0,7.81,0.0,347,2360,1755,37.47,3469,0.0,1005,4650,7174,Nacoes Shopping,NS,TRAF - NAMORADOS,TRAFFIC
1863928702907457,2026-05-17 00:00:00,0,0,0,0.0,0,0,0.0,0.0,0.0,0.0,0.0,0.0,0,0,0,0.0,0,0.0,0,0,0,Nacoes Shopping,NS,ALC - PROMO MAES,REACH
1863928955315249,2026-05-22 00:00:00,0,0,0,0.0,0,0,0.0,0.0,0.0,0.0,0.0,0.0,0,0,0,0.0,0,0.0,0,0,0,Nacoes Shopping,NS,TRAF - PROMO MAES,TRAFFIC
1863928955315249,2026-05-12 00:00:00,0,0,0,0.0,0,0,0.0,0.0,0.0,0.0,0.0,0.0,0,0,0,0.0,0,0.0,0,0,0,Nacoes Shopping,NS,TRAF - PROMO MAES,TRAFFIC
1863928702907457,2026-05-27 00:00:00,0,0,0,0.0,0,0,0.0,0.0,0.0,0.0,0.0,0.0,0,0,0,0.0,0,0.0,0,0,0,Nacoes Shopping,NS,ALC - PROMO MAES,REACH
1863928955315249,2026-05-02 00:00:00,0,3656,3310,0.03,9685,921,15.97,16.87,4.06,0.0,6.77,0.0,730,2924,2149,54.69,4517,0.0,1398,5088,13454,Nacoes Shopping,NS,TRAF - PROMO MAES,TRAFFIC
1863928702907457,2026-05-07 00:00:00,0,478,292,0.81,27322,70,0.27,1.47,2.18,0.0,1.25,0.0,45,185,74,60.23,2177,0.0,116,498,27603,Nacoes Shopping,NS,ALC - PROMO MAES,REACH
1866451828239378,2026-05-31 00:00:00,0,107,202,0.0,7639,36,0.0,2.85,1.69,0.0,2.84,0.0,22,28,0,12.93,522,0.0,78,108,7670,Nacoes Shopping,NS,ALC - TROCA DE FIGURINHAS,REACH
1863928955315249,2026-05-19 00:00:00,0,0,0,0.0,0,0,0.0,0.0,0.0,0.0,0.0,0.0,0,0,0,0.0,0,0.0,0,0,0,Nacoes Shopping,NS,TRAF - PROMO MAES,TRAFFIC
1863928955315249,2026-05-09 00:00:00,0,3950,2841,0.02,10225,774,17.44,24.12,4.23,0.0,8.07,0.0,539,3598,2395,58.05,4747,0.0,1335,5823,13735,Nacoes Shopping,NS,TRAF - PROMO MAES,TRAFFIC
1863928702907457,2026-05-04 00:00:00,0,127,94,1.39,10998,25,0.15,1.32,2.12,0.0,1.3,0.0,15,42,17,23.55,698,0.0,37,126,11122,Nacoes Shopping,NS,ALC - PROMO MAES,REACH
1863928702907457,2026-05-14 00:00:00,0,0,0,0.0,0,0,0.0,0.0,0.0,0.0,0.0,0.0,0,0,0,0.0,0,0.0,0,0,0,Nacoes Shopping,NS,ALC - PROMO MAES,REACH
1848504928619618,2026-05-05 00:00:00,0,0,0,0.0,0,0,0.0,0.0,0.0,0.0,0.0,0.0,0,0,0,0.0,0,0.0,0,0,0,Nacoes Shopping,NS,TRAF - NATAL 25,TRAFFIC
1866441986593986,2026-05-31 00:00:00,0,178,126,0.71,17055,34,0.28,1.1,1.98,0.0,1.09,0.0,24,78,48,33.95,1016,0.0,48,192,17145,Nacoes Shopping,NS,ALC - PROMO NAMORADOS 26,REACH
1866451828239378,2026-06-07 00:00:00,0,92,195,0.0,7784,35,0.0,1.09,1.49,0.0,1.09,0.0,23,30,0,11.68,520,0.0,65,96,7833,Nacoes Shopping,NS,ALC - TROCA DE FIGURINHAS,REACH
1866441986593986,2026-06-13 00:00:00,0,105,42,1.03,10450,7,0.18,1.41,1.86,0.0,1.14,0.0,4,37,19,19.51,686,0.0,16,114,10506,Nacoes Shopping,NS,ALC - PROMO NAMORADOS 26,REACH
1866441986593986,2026-06-03 00:00:00,0,178,131,0.85,14698,33,0.26,1.15,2.23,0.0,1.14,0.0,22,84,39,33.03,1062,0.0,55,200,14820,Nacoes Shopping,NS,ALC - PROMO NAMORADOS 26,REACH
1866451828239378,2026-06-27 00:00:00,0,36,63,0.0,3167,8,0.0,0.96,1.96,0.0,0.96,0.0,5,7,0,6.25,173,0.0,25,37,3183,Nacoes Shopping,NS,ALC - TROCA DE FIGURINHAS,REACH
1866451828239378,2026-06-17 00:00:00,0,61,118,0.0,5388,20,0.0,1.07,1.92,0.0,1.06,0.0,13,16,0,10.42,339,0.0,45,63,5421,Nacoes Shopping,NS,ALC - TROCA DE FIGURINHAS,REACH
1866451636143266,2026-06-13 00:00:00,0,1445,1231,0.02,3112,217,24.83,22.97,5.01,0.0,7.09,0.0,149,1133,842,16.98,1537,0.0,442,2124,3391,Nacoes Shopping,NS,TRAF - NAMORADOS,TRAFFIC
1866451636143266,2026-06-03 00:00:00,0,2440,2201,0.02,5732,393,29.25,31.58,5.22,0.0,6.55,0.0,268,2168,1864,33.28,2577,0.0,769,3811,6372,Nacoes Shopping,NS,TRAF - NAMORADOS,TRAFFIC
1863928955315249,2026-06-14 00:00:00,0,0,0,0.0,0,0,0.0,0.0,0.0,0.0,0.0,0.0,0,0,0,0.0,0,0.0,0,0,0,Nacoes Shopping,NS,TRAF - PROMO MAES,TRAFFIC
1848504928619618,2026-06-23 00:00:00,0,0,0,0.0,0,0,0.0,0.0,0.0,0.0,0.0,0.0,0,0,0,0.0,0,0.0,0,0,0,Nacoes Shopping,NS,TRAF - NATAL 25,TRAFFIC
1866451636143266,2026-06-16 00:00:00,0,0,0,0.0,0,0,0.0,0.0,0.0,0.0,0.0,0.0,0,0,0,0.0,0,0.0,0,0,0,Nacoes Shopping,NS,TRAF - NAMORADOS,TRAFFIC
1866451636143266,2026-06-06 00:00:00,0,2464,2188,0.02,4844,489,32.03,27.19,5.54,0.0,8.77,0.0,363,2275,1652,28.59,2749,0.0,890,3808,5157,Nacoes Shopping,NS,TRAF - NAMORADOS,TRAFFIC
1866441986593986,2026-06-16 00:00:00,0,0,0,0.0,0,0,0.0,0.0,0.0,0.0,0.0,0.0,0,0,0,0.0,0,0.0,0,0,0,Nacoes Shopping,NS,ALC - PROMO NAMORADOS 26,REACH
1866441986593986,2026-06-06 00:00:00,0,164,61,1.25,15565,10,0.15,1.43,1.91,0.0,1.18,0.0,7,56,24,29.94,1203,0.0,22,172,15679,Nacoes Shopping,NS,ALC - PROMO NAMORADOS 26,REACH
1866441986593986,2026-06-09 00:00:00,0,167,70,0.94,14420,18,0.21,1.53,1.94,0.0,1.24,0.0,15,62,30,28.17,1149,0.0,30,170,14551,Nacoes Shopping,NS,ALC - PROMO NAMORADOS 26,REACH
1866451828239378,2026-06-24 00:00:00,0,34,72,0.0,3969,15,0.0,1.0,2.18,0.0,1.0,0.0,14,15,0,8.7,212,0.0,26,34,3989,Nacoes Shopping,NS,ALC - TROCA DE FIGURINHAS,REACH
1866451828239378,2026-06-14 00:00:00,0,83,178,0.0,7738,30,0.0,1.03,1.48,0.0,1.03,0.0,16,22,0,11.51,502,0.0,59,88,7783,Nacoes Shopping,NS,ALC - TROCA DE FIGURINHAS,REACH
1866451828239378,2026-06-04 00:00:00,0,83,159,0.0,7181,30,0.0,1.04,1.84,0.0,1.03,0.0,17,18,0,13.25,445,0.0,55,79,7190,Nacoes Shopping,NS,ALC - TROCA DE FIGURINHAS,REACH
1866451636143266,2026-06-19 00:00:00,0,0,0,0.0,0,0,0.0,0.0,0.0,0.0,0.0,0.0,0,0,0,0.0,0,0.0,0,0,0,Nacoes Shopping,NS,TRAF - NAMORADOS,TRAFFIC
1866451636143266,2026-06-09 00:00:00,0,2190,1924,0.02,4920,319,25.05,29.19,4.79,0.0,6.72,0.0,217,1745,1388,26.54,2311,0.0,644,3261,5541,Nacoes Shopping,NS,TRAF - NAMORADOS,TRAFFIC
1866451636143266,2026-06-02 00:00:00,0,2829,2552,0.02,5588,488,28.5,35.13,5.58,0.0,7.89,0.0,343,2304,1706,33.38,2997,0.0,919,4189,5986,Nacoes Shopping,NS,TRAF - NAMORADOS,TRAFFIC
1866451828239378,2026-06-28 00:00:00,0,21,44,0.0,2950,13,0.0,0.95,1.61,0.0,0.95,0.0,8,12,0,4.78,127,0.0,18,22,2967,Nacoes Shopping,NS,ALC - TROCA DE FIGURINHAS,REACH
1866451828239378,2026-06-18 00:00:00,0,61,120,0.0,5937,11,0.0,1.02,1.9,0.0,1.02,0.0,8,10,0,11.38,333,0.0,36,61,5976,Nacoes Shopping,NS,ALC - TROCA DE FIGURINHAS,REACH
1866441986593986,2026-06-19 00:00:00,0,0,0,0.0,0,0,0.0,0.0,0.0,0.0,0.0,0.0,0,0,0,0.0,0,0.0,0,0,0,Nacoes Shopping,NS,ALC - PROMO NAMORADOS 26,REACH
1866451828239378,2026-06-21 00:00:00,0,46,105,0.0,5649,18,0.0,0.98,1.64,0.0,0.97,0.0,10,11,0,9.31,302,0.0,32,47,5663,Nacoes Shopping,NS,ALC - TROCA DE FIGURINHAS,REACH
1866451828239378,2026-06-11 00:00:00,0,73,148,0.0,6364,24,0.0,1.08,1.83,0.0,1.07,0.0,12,15,0,11.71,393,0.0,54,75,6397,Nacoes Shopping,NS,ALC - TROCA DE FIGURINHAS,REACH
1866451828239378,2026-06-01 00:00:00,0,115,238,0.0,8177,49,0.0,1.18,1.59,0.0,1.17,0.0,36,40,0,13.04,644,0.0,83,112,8189,Nacoes Shopping,NS,ALC - TROCA DE FIGURINHAS,REACH
1866441986593986,2026-06-12 00:00:00,0,140,48,1.18,12087,9,0.16,1.36,1.94,0.0,1.12,0.0,4,44,20,23.63,827,0.0,20,152,12169,Nacoes Shopping,NS,ALC - PROMO NAMORADOS 26,REACH
1866441986593986,2026-06-02 00:00:00,0,174,128,0.9,15165,28,0.24,1.22,2.11,0.0,1.21,0.0,20,67,36,32.33,985,0.0,45,188,15296,Nacoes Shopping,NS,ALC - PROMO NAMORADOS 26,REACH
1866451636143266,2026-06-12 00:00:00,0,2113,1836,0.02,4698,340,22.2,25.06,4.23,0.0,6.91,0.0,245,1598,1181,22.5,2242,0.0,645,3050,5321,Nacoes Shopping,NS,TRAF - NAMORADOS,TRAFFIC
1866451636143266,2026-06-15 00:00:00,0,0,0,0.0,0,0,0.0,0.0,0.0,0.0,0.0,0.0,0,0,0,0.0,0,0.0,0,0,0,Nacoes Shopping,NS,TRAF - NAMORADOS,TRAFFIC
1866451636143266,2026-06-05 00:00:00,0,2926,2685,0.02,5043,525,31.12,33.6,5.15,0.0,9.22,0.0,375,2412,1688,27.94,3095,0.0,1013,4303,5425,Nacoes Shopping,NS,TRAF - NAMORADOS,TRAFFIC
1866451828239378,2026-06-25 00:00:00,0,31,64,0.0,4209,15,0.0,0.98,2.04,0.0,0.97,0.0,10,12,0,8.64,226,0.0,24,31,4231,Nacoes Shopping,NS,ALC - TROCA DE FIGURINHAS,REACH
1866451828239378,2026-06-15 00:00:00,0,68,146,0.0,7343,23,0.0,1.06,1.48,0.0,1.05,0.0,18,21,0,10.92,473,0.0,46,70,7367,Nacoes Shopping,NS,ALC - TROCA DE FIGURINHAS,REACH
1866451828239378,2026-06-05 00:00:00,0,102,196,0.0,7243,38,0.0,1.11,1.69,0.0,1.1,0.0,28,31,0,12.27,506,0.0,73,104,7279,Nacoes Shopping,NS,ALC - TROCA DE FIGURINHAS,REACH
1866451828239378,2026-06-08 00:00:00,0,76,158,0.0,7296,29,0.0,1.09,1.62,0.0,1.09,0.0,20,25,0,11.9,494,0.0,55,80,7350,Nacoes Shopping,NS,ALC - TROCA DE FIGURINHAS,REACH
1866441986593986,2026-06-15 00:00:00,0,0,0,0.0,0,0,0.0,0.0,0.0,0.0,0.0,0.0,0,0,0,0.0,0,0.0,0,0,0,Nacoes Shopping,NS,ALC - PROMO NAMORADOS 26,REACH
1866441986593986,2026-06-05 00:00:00,0,181,99,0.8,16739,25,0.23,1.35,1.85,0.0,1.16,0.0,15,69,39,31.17,1215,0.0,41,192,16830,Nacoes Shopping,NS,ALC - PROMO NAMORADOS 26,REACH
1866441986593986,2026-06-18 00:00:00,0,0,0,0.0,0,0,0.0,0.0,0.0,0.0,0.0,0.0,0,0,0,0.0,0,0.0,0,0,0,Nacoes Shopping,NS,ALC - PROMO NAMORADOS 26,REACH
1866451828239378,2026-06-02 00:00:00,0,91,169,0.0,7017,43,0.0,1.09,1.82,0.0,1.09,0.0,24,30,0,12.85,460,0.0,69,94,7069,Nacoes Shopping,NS,ALC - TROCA DE FIGURINHAS,REACH
1866441986593986,2026-06-08 00:00:00,0,197,61,0.92,15486,10,0.2,1.48,1.82,0.0,1.19,0.0,7,60,31,28.46,1289,0.0,21,210,15610,Nacoes Shopping,NS,ALC - PROMO NAMORADOS 26,REACH
1866451828239378,2026-06-22 00:00:00,0,41,91,0.0,5107,19,0.0,1.03,1.73,0.0,1.03,0.0,13,18,0,8.85,262,0.0,30,46,5118,Nacoes Shopping,NS,ALC - TROCA DE FIGURINHAS,REACH
1866451828239378,2026-06-12 00:00:00,0,69,154,0.0,6267,26,0.0,1.17,1.86,0.0,1.16,0.0,16,20,0,11.71,382,0.0,52,73,6298,Nacoes Shopping,NS,ALC - TROCA DE FIGURINHAS,REACH
1866451636143266,2026-06-08 00:00:00,0,2562,2193,0.02,4799,330,28.77,30.05,5.18,0.0,7.82,0.0,224,1884,1519,27.33,2721,0.0,679,3737,5279,Nacoes Shopping,NS,TRAF - NAMORADOS,TRAFFIC
1866451636143266,2026-06-18 00:00:00,0,0,0,0.0,0,0,0.0,0.0,0.0,0.0,0.0,0.0,0,0,0,0.0,0,0.0,0,0,0,Nacoes Shopping,NS,TRAF - NAMORADOS,TRAFFIC
1866451636143266,2026-06-21 00:00:00,0,0,0,0.0,0,0,0.0,0.0,0.0,0.0,0.0,0.0,0,0,0,0.0,0,0.0,0,0,0,Nacoes Shopping,NS,TRAF - NAMORADOS,TRAFFIC
1863928955315249,2026-06-16 00:00:00,0,0,0,0.0,0,0,0.0,0.0,0.0,0.0,0.0,0.0,0,0,0,0.0,0,0.0,0,0,0,Nacoes Shopping,NS,TRAF - PROMO MAES,TRAFFIC
1866451636143266,2026-06-11 00:00:00,0,1859,1691,0.02,4454,290,24.93,28.13,4.78,0.0,6.43,0.0,213,1607,1245,23.87,1979,0.0,599,2861,4993,Nacoes Shopping,NS,TRAF - NAMORADOS,TRAFFIC
1866451636143266,2026-06-01 00:00:00,0,2853,2598,0.02,5597,457,29.04,35.12,5.39,0.0,7.82,0.0,326,2283,1824,33.87,3014,0.0,901,4218,6281,Nacoes Shopping,NS,TRAF - NAMORADOS,TRAFFIC
1863928702907457,2026-06-12 00:00:00,0,0,0,0.0,0,0,0.0,0.0,0.0,0.0,0.0,0.0,0,0,0,0.0,0,0.0,0,0,0,Nacoes Shopping,NS,ALC - PROMO MAES,REACH
1866441986593986,2026-06-01 00:00:00,0,198,153,0.96,17870,40,0.19,1.15,1.87,0.0,1.15,0.0,29,82,35,33.69,1221,0.0,61,215,18000,Nacoes Shopping,NS,ALC - PROMO NAMORADOS 26,REACH
1866441986593986,2026-06-21 00:00:00,0,0,0,0.0,0,0,0.0,0.0,0.0,0.0,0.0,0.0,0,0,0,0.0,0,0.0,0,0,0,Nacoes Shopping,NS,ALC - PROMO NAMORADOS 26,REACH
1866441986593986,2026-06-11 00:00:00,0,137,46,1.46,13310,13,0.13,1.34,1.96,0.0,1.15,0.0,10,38,18,26.34,950,0.0,19,145,13406,Nacoes Shopping,NS,ALC - PROMO NAMORADOS 26,REACH
1866441986593986,2026-06-04 00:00:00,0,180,129,0.92,16021,24,0.23,1.11,2.12,0.0,1.1,0.0,17,68,37,34.14,948,0.0,44,195,16101,Nacoes Shopping,NS,ALC - PROMO NAMORADOS 26,REACH
1866451828239378,2026-06-19 00:00:00,0,62,118,0.0,5038,26,0.0,1.01,2.11,0.0,1.0,0.0,12,16,0,10.64,312,0.0,47,62,5043,Nacoes Shopping,NS,ALC - TROCA DE FIGURINHAS,REACH
1866451828239378,2026-06-09 00:00:00,0,88,167,0.0,6728,41,0.0,1.14,1.7,0.0,1.14,0.0,30,37,0,11.52,472,0.0,69,90,6770,Nacoes Shopping,NS,ALC - TROCA DE FIGURINHAS,REACH
1866451828239378,2026-06-29 00:00:00,0,17,28,0.0,1780,8,0.0,0.98,2.04,0.0,0.97,0.0,7,7,0,3.62,92,0.0,13,17,1776,Nacoes Shopping,NS,ALC - TROCA DE FIGURINHAS,REACH
1866451636143266,2026-06-14 00:00:00,0,240,199,0.02,672,32,26.66,15.33,5.19,0.0,5.09,0.0,26,205,185,3.6,254,0.0,61,382,694,Nacoes Shopping,NS,TRAF - NAMORADOS,TRAFFIC
1866451636143266,2026-06-04 00:00:00,0,2956,2705,0.02,6103,561,31.89,36.2,4.88,0.0,7.76,0.0,382,2652,2122,32.48,3152,0.0,1039,4549,6654,Nacoes Shopping,NS,TRAF - NAMORADOS,TRAFFIC
1866451828239378,2026-06-23 00:00:00,0,37,82,0.0,4775,18,0.0,1.98,1.89,0.0,1.99,0.0,12,13,0,9.06,233,0.0,33,38,4799,Nacoes Shopping,NS,ALC - TROCA DE FIGURINHAS,REACH
1866441986593986,2026-06-14 00:00:00,0,12,4,2.33,1259,1,0.08,1.22,1.84,0.0,1.1,0.0,0,3,1,2.33,82,0.0,1,13,1265,Nacoes Shopping,NS,ALC - PROMO NAMORADOS 26,REACH
1866441986593986,2026-06-27 00:00:00,0,0,0,0.0,0,0,0.0,0.0,0.0,0.0,0.0,0.0,0,0,0,0.0,0,0.0,0,0,0,Nacoes Shopping,NS,ALC - PROMO NAMORADOS 26,REACH
1866451828239378,2026-06-26 00:00:00,0,33,63,0.0,3509,15,0.0,2.96,2.11,0.0,2.92,0.0,10,13,0,7.44,171,0.0,29,33,3524,Nacoes Shopping,NS,ALC - TROCA DE FIGURINHAS,REACH
1866451828239378,2026-06-16 00:00:00,0,83,150,0.0,6432,29,0.0,1.14,1.72,0.0,1.12,0.0,19,22,0,11.11,409,0.0,63,83,6457,Nacoes Shopping,NS,ALC - TROCA DE FIGURINHAS,REACH
1866451828239378,2026-06-06 00:00:00,0,87,173,0.0,7072,36,0.0,1.07,1.7,0.0,1.06,0.0,17,21,0,12.09,492,0.0,62,88,7108,Nacoes Shopping,NS,ALC - TROCA DE FIGURINHAS,REACH
1866441986593986,2026-06-07 00:00:00,0,182,63,1.11,16590,13,0.16,1.46,1.73,0.0,1.2,0.0,7,68,26,28.93,1305,0.0,20,194,16696,Nacoes Shopping,NS,ALC - PROMO NAMORADOS 26,REACH
1866441986593986,2026-06-17 00:00:00,0,0,0,0.0,0,0,0.0,0.0,0.0,0.0,0.0,0.0,0,0,0,0.0,0,0.0,0,0,0,Nacoes Shopping,NS,ALC - PROMO NAMORADOS 26,REACH
1866451636143266,2026-06-17 00:00:00,0,0,0,0.0,0,0,0.0,0.0,0.0,0.0,0.0,0.0,0,0,0,0.0,0,0.0,0,0,0,Nacoes Shopping,NS,TRAF - NAMORADOS,TRAFFIC
1866451636143266,2026-06-07 00:00:00,0,3033,2632,0.02,5580,503,31.14,33.76,4.97,0.0,8.52,0.0,359,2437,1878,29.99,3269,0.0,933,4504,6031,Nacoes Shopping,NS,TRAF - NAMORADOS,TRAFFIC
1866451636143266,2026-06-10 00:00:00,0,2113,1871,0.02,4439,276,23.95,27.46,4.93,0.0,7.08,0.0,187,1566,1269,26.12,2256,0.0,564,3095,5298,Nacoes Shopping,NS,TRAF - NAMORADOS,TRAFFIC
1866451636143266,2026-06-30 00:00:00,0,0,0,0.0,0,0,0.0,0.0,0.0,0.0,0.0,0.0,0,0,0,0.0,0,0.0,0,0,0,Nacoes Shopping,NS,TRAF - NAMORADOS,TRAFFIC
1866451828239378,2026-06-20 00:00:00,0,55,105,0.0,5623,24,0.0,1.02,1.79,0.0,1.0,0.0,18,23,0,10.09,293,0.0,38,57,5640,Nacoes Shopping,NS,ALC - TROCA DE FIGURINHAS,REACH
1866451828239378,2026-06-30 00:00:00,0,1,2,0.0,88,0,0.0,0.94,2.53,0.0,0.93,0.0,0,0,0,0.22,4,0.0,1,1,87,Nacoes Shopping,NS,ALC - TROCA DE FIGURINHAS,REACH
1866451828239378,2026-06-10 00:00:00,0,96,166,0.0,6429,38,0.0,1.32,1.84,0.0,1.31,0.0,25,27,0,11.92,415,0.0,80,94,6469,Nacoes Shopping,NS,ALC - TROCA DE FIGURINHAS,REACH
1863928955315249,2026-06-18 00:00:00,0,0,0,0.0,0,0,0.0,0.0,0.0,0.0,0.0,0.0,0,0,0,0.0,0,0.0,0,0,0,Nacoes Shopping,NS,TRAF - PROMO MAES,TRAFFIC
1866451828239378,2026-06-13 00:00:00,0,75,162,0.0,6710,31,0.0,1.06,1.8,0.0,1.05,0.0,20,23,0,12.16,448,0.0,59,73,6741,Nacoes Shopping,NS,ALC - TROCA DE FIGURINHAS,REACH
1866451828239378,2026-06-03 00:00:00,0,84,188,0.0,6992,25,0.0,1.08,1.89,0.0,1.07,0.0,15,21,0,13.25,502,0.0,67,89,7015,Nacoes Shopping,NS,ALC - TROCA DE FIGURINHAS,REACH
1866441986593986,2026-06-10 00:00:00,0,164,64,1.95,12905,21,0.11,1.64,2.1,0.0,1.33,0.0,13,50,14,27.32,970,0.0,30,165,13023,Nacoes Shopping,NS,ALC - PROMO NAMORADOS 26,REACH
1869534270825826,2026-07-08 00:00:00,0,0,0,0.0,0,0,0.0,0.0,0.0,0.0,0.0,0.0,0,0,0,0.0,0,0.0,0,0,0,Nacoes Shopping,NS,ALC - SALE,REACH
1869534270825826,2026-07-03 00:00:00,0,928,922,0.0,50417,231,0.0,1.57,2.59,0.0,1.21,0.0,122,303,0,131.98,4108,0.0,398,933,50990,Nacoes Shopping,NS,ALC - SALE,REACH
1848504928619618,2026-07-03 00:00:00,0,0,0,0.0,0,0,0.0,0.0,0.0,0.0,0.0,0.0,0,0,0,0.0,0,0.0,0,0,0,Nacoes Shopping,NS,TRAF - NATAL 25,TRAFFIC
1869534510406689,2026-07-05 00:00:00,0,786,494,0.0,4012,84,0.0,4.35,8.56,0.0,3.97,0.0,38,243,0,34.65,2004,0.0,158,808,4047,Nacoes Shopping,NS,Interações com a comunidade - NS,ENGAGEMENT
1863928955315249,2026-07-01 00:00:00,0,0,0,0.0,0,0,0.0,0.0,0.0,0.0,0.0,0.0,0,0,0,0.0,0,0.0,0,0,0,Nacoes Shopping,NS,TRAF - PROMO MAES,TRAFFIC
1869534510406689,2026-07-02 00:00:00,0,251,184,0.0,2101,58,0.0,4.98,19.93,0.0,3.59,0.0,28,125,0,42.54,712,0.0,86,271,2135,Nacoes Shopping,NS,Interações com a comunidade - NS,ENGAGEMENT
1869534510406689,2026-07-12 00:00:00,0,0,0,0.0,0,0,0.0,0.0,0.0,0.0,0.0,0.0,0,0,0,0.0,0,0.0,0,0,0,Nacoes Shopping,NS,Interações com a comunidade - NS,ENGAGEMENT
1848504928619618,2026-07-25 00:00:00,0,0,0,0.0,0,0,0.0,0.0,0.0,0.0,0.0,0.0,0,0,0,0.0,0,0.0,0,0,0,Nacoes Shopping,NS,TRAF - NATAL 25,TRAFFIC
1869534510406689,2026-07-07 00:00:00,0,187,123,0.0,1344,28,0.0,3.97,11.98,0.0,3.48,0.0,11,59,0,16.31,537,0.0,43,188,1361,Nacoes Shopping,NS,Interações com a comunidade - NS,ENGAGEMENT
1866451636143266,2026-07-04 00:00:00,0,0,0,0.0,0,0,0.0,0.0,0.0,0.0,0.0,0.0,0,0,0,0.0,0,0.0,0,0,0,Nacoes Shopping,NS,TRAF - NAMORADOS,TRAFFIC
1869534270825826,2026-07-10 00:00:00,0,0,0,0.0,0,0,0.0,0.0,0.0,0.0,0.0,0.0,0,0,0,0.0,0,0.0,0,0,0,Nacoes Shopping,NS,ALC - SALE,REACH
1869534270825826,2026-07-05 00:00:00,0,285,289,0.0,15317,69,0.0,3.0,3.06,0.0,2.52,0.0,39,93,0,47.53,1366,0.0,116,285,15521,Nacoes Shopping,NS,ALC - SALE,REACH
1866451828239378,2026-07-04 00:00:00,0,0,0,0.0,0,0,0.0,0.0,0.0,0.0,0.0,0.0,0,0,0,0.0,0,0.0,0,0,0,Nacoes Shopping,NS,ALC - TROCA DE FIGURINHAS,REACH
1866451828239378,2026-07-03 00:00:00,0,0,0,0.0,0,0,0.0,0.0,0.0,0.0,0.0,0.0,0,0,0,0.0,0,0.0,0,0,0,Nacoes Shopping,NS,ALC - TROCA DE FIGURINHAS,REACH
1869534270825826,2026-07-19 00:00:00,0,0,0,0.0,0,0,0.0,0.0,0.0,0.0,0.0,0.0,0,0,0,0.0,0,0.0,0,0,0,Nacoes Shopping,NS,ALC - SALE,REACH
1869534270825826,2026-07-09 00:00:00,0,0,0,0.0,0,0,0.0,0.0,0.0,0.0,0.0,0.0,0,0,0,0.0,0,0.0,0,0,0,Nacoes Shopping,NS,ALC - SALE,REACH
1866451828239378,2026-07-13 00:00:00,0,0,0,0.0,0,0,0.0,0.0,0.0,0.0,0.0,0.0,0,0,0,0.0,0,0.0,0,0,0,Nacoes Shopping,NS,ALC - TROCA DE FIGURINHAS,REACH
1869534270825826,2026-07-04 00:00:00,0,884,885,0.0,44786,229,0.0,1.63,2.85,0.0,1.26,0.0,119,304,0,129.46,3864,0.0,393,878,45358,Nacoes Shopping,NS,ALC - SALE,REACH
1869534270825826,2026-07-07 00:00:00,0,0,0,0.0,0,0,0.0,0.0,0.0,0.0,0.0,0.0,0,0,0,0.0,0,0.0,0,0,0,Nacoes Shopping,NS,ALC - SALE,REACH
1866451828239378,2026-07-01 00:00:00,0,0,0,0.0,0,0,0.0,0.0,0.0,0.0,0.0,0.0,0,0,0,0.0,0,0.0,0,0,0,Nacoes Shopping,NS,ALC - TROCA DE FIGURINHAS,REACH
1869534270825826,2026-07-02 00:00:00,0,954,1011,0.0,59699,219,0.0,1.76,2.18,0.0,1.21,0.0,116,308,0,131.54,4532,0.0,403,976,60377,Nacoes Shopping,NS,ALC - SALE,REACH
1869534510406689,2026-07-04 00:00:00,0,493,310,0.0,3217,64,0.0,4.48,10.51,0.0,3.98,0.0,33,193,0,34.07,1489,0.0,108,512,3242,Nacoes Shopping,NS,Interações com a comunidade - NS,ENGAGEMENT
1869534510406689,2026-07-08 00:00:00,0,0,0,0.0,0,0,0.0,0.0,0.0,0.0,0.0,0.0,0,0,0,0.0,0,0.0,0,0,0,Nacoes Shopping,NS,Interações com a comunidade - NS,ENGAGEMENT
1869534510406689,2026-07-03 00:00:00,0,413,263,0.0,3320,45,0.0,4.04,9.81,0.0,3.11,0.0,19,159,0,32.91,1306,0.0,79,439,3355,Nacoes Shopping,NS,Interações com a comunidade - NS,ENGAGEMENT
1869534270825826,2026-07-06 00:00:00,0,0,0,0.0,0,0,0.0,0.0,0.0,0.0,0.0,0.0,0,0,0,0.0,0,0.0,0,0,0,Nacoes Shopping,NS,ALC - SALE,REACH
1869534270825826,2026-07-01 00:00:00,0,596,632,0.0,42274,133,0.0,1.77,1.4,0.0,1.08,0.0,67,177,0,59.49,2756,0.0,249,596,42592,Nacoes Shopping,NS,ALC - SALE,REACH
1869534510406689,2026-07-11 00:00:00,0,0,0,0.0,0,0,0.0,0.0,0.0,0.0,0.0,0.0,0,0,0,0.0,0,0.0,0,0,0,Nacoes Shopping,NS,Interações com a comunidade - NS,ENGAGEMENT
1869534510406689,2026-07-06 00:00:00,0,622,385,0.0,3425,70,0.0,4.45,9.34,0.0,3.93,0.0,37,208,0,32.38,1599,0.0,134,645,3467,Nacoes Shopping,NS,Interações com a comunidade - NS,ENGAGEMENT
1869534510406689,2026-07-01 00:00:00,0,88,71,0.0,928,26,0.0,4.3,21.22,0.0,2.94,0.0,12,63,0,19.97,270,0.0,36,107,941,Nacoes Shopping,NS,Interações com a comunidade - NS,ENGAGEMENT
1872627476581490,2026-08-04 00:00:00,0,0,0,0.0,263,0,0.0,0.77,0.91,0.0,0.77,0.0,0,0,0,0.24,5,0.0,0,0,264,Nacoes Shopping,NS,ALC - PAIS 26 ,REACH
